run,label,median,metric,bucket_lo_ns,bucket_hi_ns,count
1,rigtorp_65536_cross-core_paced_itch,0,total,210,213.333,1
1,rigtorp_65536_cross-core_paced_itch,0,total,220,226.667,1
1,rigtorp_65536_cross-core_paced_itch,0,total,226.667,233.333,1
1,rigtorp_65536_cross-core_paced_itch,0,total,240,246.667,1
1,rigtorp_65536_cross-core_paced_itch,0,total,246.667,253.333,4
1,rigtorp_65536_cross-core_paced_itch,0,total,253.333,260,7
1,rigtorp_65536_cross-core_paced_itch,0,total,260,266.667,3
1,rigtorp_65536_cross-core_paced_itch,0,total,266.667,273.333,6
1,rigtorp_65536_cross-core_paced_itch,0,total,273.333,280,10
1,rigtorp_65536_cross-core_paced_itch,0,total,280,286.667,18
1,rigtorp_65536_cross-core_paced_itch,0,total,286.667,293.333,7
1,rigtorp_65536_cross-core_paced_itch,0,total,293.333,300,17
1,rigtorp_65536_cross-core_paced_itch,0,total,300,306.667,24
1,rigtorp_65536_cross-core_paced_itch,0,total,306.667,313.333,28
1,rigtorp_65536_cross-core_paced_itch,0,total,313.333,320,46
1,rigtorp_65536_cross-core_paced_itch,0,total,320,326.667,35
1,rigtorp_65536_cross-core_paced_itch,0,total,326.667,333.333,63
1,rigtorp_65536_cross-core_paced_itch,0,total,333.333,340,77
1,rigtorp_65536_cross-core_paced_itch,0,total,340,346.667,81
1,rigtorp_65536_cross-core_paced_itch,0,total,346.667,353.333,102
1,rigtorp_65536_cross-core_paced_itch,0,total,353.333,360,123
1,rigtorp_65536_cross-core_paced_itch,0,total,360,366.666,122
1,rigtorp_65536_cross-core_paced_itch,0,total,366.666,373.333,158
1,rigtorp_65536_cross-core_paced_itch,0,total,373.333,380,179
1,rigtorp_65536_cross-core_paced_itch,0,total,380,386.666,205
1,rigtorp_65536_cross-core_paced_itch,0,total,386.666,393.333,304
1,rigtorp_65536_cross-core_paced_itch,0,total,393.333,400,388
1,rigtorp_65536_cross-core_paced_itch,0,total,400,406.666,501
1,rigtorp_65536_cross-core_paced_itch,0,total,406.666,413.333,718
1,rigtorp_65536_cross-core_paced_itch,0,total,413.333,420,989
1,rigtorp_65536_cross-core_paced_itch,0,total,420,426.666,1372
1,rigtorp_65536_cross-core_paced_itch,0,total,426.666,440,4006
1,rigtorp_65536_cross-core_paced_itch,0,total,440,453.333,5875
1,rigtorp_65536_cross-core_paced_itch,0,total,453.333,466.666,7325
1,rigtorp_65536_cross-core_paced_itch,0,total,466.666,480,8170
1,rigtorp_65536_cross-core_paced_itch,0,total,480,493.333,8339
1,rigtorp_65536_cross-core_paced_itch,0,total,493.333,506.666,8441
1,rigtorp_65536_cross-core_paced_itch,0,total,506.666,520,9160
1,rigtorp_65536_cross-core_paced_itch,0,total,520,533.333,10253
1,rigtorp_65536_cross-core_paced_itch,0,total,533.333,546.666,10730
1,rigtorp_65536_cross-core_paced_itch,0,total,546.666,560,11293
1,rigtorp_65536_cross-core_paced_itch,0,total,560,573.333,10685
1,rigtorp_65536_cross-core_paced_itch,0,total,573.333,586.666,9804
1,rigtorp_65536_cross-core_paced_itch,0,total,586.666,600,8428
1,rigtorp_65536_cross-core_paced_itch,0,total,600,613.333,7691
1,rigtorp_65536_cross-core_paced_itch,0,total,613.333,626.666,7103
1,rigtorp_65536_cross-core_paced_itch,0,total,626.666,640,6100
1,rigtorp_65536_cross-core_paced_itch,0,total,640,653.333,5386
1,rigtorp_65536_cross-core_paced_itch,0,total,653.333,666.666,4941
1,rigtorp_65536_cross-core_paced_itch,0,total,666.666,680,4579
1,rigtorp_65536_cross-core_paced_itch,0,total,680,693.333,4170
1,rigtorp_65536_cross-core_paced_itch,0,total,693.333,706.666,3735
1,rigtorp_65536_cross-core_paced_itch,0,total,706.666,720,3094
1,rigtorp_65536_cross-core_paced_itch,0,total,720,733.333,2791
1,rigtorp_65536_cross-core_paced_itch,0,total,733.333,746.666,2423
1,rigtorp_65536_cross-core_paced_itch,0,total,746.666,760,2050
1,rigtorp_65536_cross-core_paced_itch,0,total,760,773.333,1918
1,rigtorp_65536_cross-core_paced_itch,0,total,773.333,786.666,1769
1,rigtorp_65536_cross-core_paced_itch,0,total,786.666,800,1548
1,rigtorp_65536_cross-core_paced_itch,0,total,800,813.333,1476
1,rigtorp_65536_cross-core_paced_itch,0,total,813.333,826.666,1335
1,rigtorp_65536_cross-core_paced_itch,0,total,826.666,840,1187
1,rigtorp_65536_cross-core_paced_itch,0,total,840,853.333,1088
1,rigtorp_65536_cross-core_paced_itch,0,total,853.333,880,1972
1,rigtorp_65536_cross-core_paced_itch,0,total,880,906.666,1686
1,rigtorp_65536_cross-core_paced_itch,0,total,906.666,933.333,1506
1,rigtorp_65536_cross-core_paced_itch,0,total,933.333,960,1354
1,rigtorp_65536_cross-core_paced_itch,0,total,960,986.666,1197
1,rigtorp_65536_cross-core_paced_itch,0,total,986.666,1013.33,1195
1,rigtorp_65536_cross-core_paced_itch,0,total,1013.33,1040,1033
1,rigtorp_65536_cross-core_paced_itch,0,total,1040,1066.67,989
1,rigtorp_65536_cross-core_paced_itch,0,total,1066.67,1093.33,1019
1,rigtorp_65536_cross-core_paced_itch,0,total,1093.33,1120,936
1,rigtorp_65536_cross-core_paced_itch,0,total,1120,1146.67,989
1,rigtorp_65536_cross-core_paced_itch,0,total,1146.67,1173.33,930
1,rigtorp_65536_cross-core_paced_itch,0,total,1173.33,1200,969
1,rigtorp_65536_cross-core_paced_itch,0,total,1200,1226.67,913
1,rigtorp_65536_cross-core_paced_itch,0,total,1226.67,1253.33,929
1,rigtorp_65536_cross-core_paced_itch,0,total,1253.33,1280,894
1,rigtorp_65536_cross-core_paced_itch,0,total,1280,1306.67,839
1,rigtorp_65536_cross-core_paced_itch,0,total,1306.67,1333.33,800
1,rigtorp_65536_cross-core_paced_itch,0,total,1333.33,1360,833
1,rigtorp_65536_cross-core_paced_itch,0,total,1360,1386.67,745
1,rigtorp_65536_cross-core_paced_itch,0,total,1386.67,1413.33,809
1,rigtorp_65536_cross-core_paced_itch,0,total,1413.33,1440,718
1,rigtorp_65536_cross-core_paced_itch,0,total,1440,1466.67,724
1,rigtorp_65536_cross-core_paced_itch,0,total,1466.67,1493.33,730
1,rigtorp_65536_cross-core_paced_itch,0,total,1493.33,1520,671
1,rigtorp_65536_cross-core_paced_itch,0,total,1520,1546.67,701
1,rigtorp_65536_cross-core_paced_itch,0,total,1546.67,1573.33,606
1,rigtorp_65536_cross-core_paced_itch,0,total,1573.33,1600,680
1,rigtorp_65536_cross-core_paced_itch,0,total,1600,1626.67,645
1,rigtorp_65536_cross-core_paced_itch,0,total,1626.67,1653.33,659
1,rigtorp_65536_cross-core_paced_itch,0,total,1653.33,1680,628
1,rigtorp_65536_cross-core_paced_itch,0,total,1680,1706.67,644
1,rigtorp_65536_cross-core_paced_itch,0,total,1706.67,1760,1259
1,rigtorp_65536_cross-core_paced_itch,0,total,1760,1813.33,1245
1,rigtorp_65536_cross-core_paced_itch,0,total,1813.33,1866.67,1173
1,rigtorp_65536_cross-core_paced_itch,0,total,1866.67,1920,1215
1,rigtorp_65536_cross-core_paced_itch,0,total,1920,1973.33,1190
1,rigtorp_65536_cross-core_paced_itch,0,total,1973.33,2026.67,1139
1,rigtorp_65536_cross-core_paced_itch,0,total,2026.67,2080,1109
1,rigtorp_65536_cross-core_paced_itch,0,total,2080,2133.33,1019
1,rigtorp_65536_cross-core_paced_itch,0,total,2133.33,2186.67,1077
1,rigtorp_65536_cross-core_paced_itch,0,total,2186.67,2240,1084
1,rigtorp_65536_cross-core_paced_itch,0,total,2240,2293.33,1005
1,rigtorp_65536_cross-core_paced_itch,0,total,2293.33,2346.67,978
1,rigtorp_65536_cross-core_paced_itch,0,total,2346.67,2400,1011
1,rigtorp_65536_cross-core_paced_itch,0,total,2400,2453.33,954
1,rigtorp_65536_cross-core_paced_itch,0,total,2453.33,2506.67,958
1,rigtorp_65536_cross-core_paced_itch,0,total,2506.67,2560,898
1,rigtorp_65536_cross-core_paced_itch,0,total,2560,2613.33,815
1,rigtorp_65536_cross-core_paced_itch,0,total,2613.33,2666.67,814
1,rigtorp_65536_cross-core_paced_itch,0,total,2666.67,2720,827
1,rigtorp_65536_cross-core_paced_itch,0,total,2720,2773.33,796
1,rigtorp_65536_cross-core_paced_itch,0,total,2773.33,2826.67,775
1,rigtorp_65536_cross-core_paced_itch,0,total,2826.67,2880,723
1,rigtorp_65536_cross-core_paced_itch,0,total,2880,2933.33,668
1,rigtorp_65536_cross-core_paced_itch,0,total,2933.33,2986.67,679
1,rigtorp_65536_cross-core_paced_itch,0,total,2986.67,3040,663
1,rigtorp_65536_cross-core_paced_itch,0,total,3040,3093.33,645
1,rigtorp_65536_cross-core_paced_itch,0,total,3093.33,3146.67,630
1,rigtorp_65536_cross-core_paced_itch,0,total,3146.67,3200,638
1,rigtorp_65536_cross-core_paced_itch,0,total,3200,3253.33,585
1,rigtorp_65536_cross-core_paced_itch,0,total,3253.33,3306.67,568
1,rigtorp_65536_cross-core_paced_itch,0,total,3306.67,3360,624
1,rigtorp_65536_cross-core_paced_itch,0,total,3360,3413.33,566
1,rigtorp_65536_cross-core_paced_itch,0,total,3413.33,3520,1086
1,rigtorp_65536_cross-core_paced_itch,0,total,3520,3626.66,993
1,rigtorp_65536_cross-core_paced_itch,0,total,3626.66,3733.33,902
1,rigtorp_65536_cross-core_paced_itch,0,total,3733.33,3840,885
1,rigtorp_65536_cross-core_paced_itch,0,total,3840,3946.66,816
1,rigtorp_65536_cross-core_paced_itch,0,total,3946.66,4053.33,755
1,rigtorp_65536_cross-core_paced_itch,0,total,4053.33,4160,723
1,rigtorp_65536_cross-core_paced_itch,0,total,4160,4266.66,645
1,rigtorp_65536_cross-core_paced_itch,0,total,4266.66,4373.33,677
1,rigtorp_65536_cross-core_paced_itch,0,total,4373.33,4480,639
1,rigtorp_65536_cross-core_paced_itch,0,total,4480,4586.66,537
1,rigtorp_65536_cross-core_paced_itch,0,total,4586.66,4693.33,541
1,rigtorp_65536_cross-core_paced_itch,0,total,4693.33,4800,507
1,rigtorp_65536_cross-core_paced_itch,0,total,4800,4906.66,499
1,rigtorp_65536_cross-core_paced_itch,0,total,4906.66,5013.33,443
1,rigtorp_65536_cross-core_paced_itch,0,total,5013.33,5120,398
1,rigtorp_65536_cross-core_paced_itch,0,total,5120,5226.66,417
1,rigtorp_65536_cross-core_paced_itch,0,total,5226.66,5333.33,343
1,rigtorp_65536_cross-core_paced_itch,0,total,5333.33,5440,348
1,rigtorp_65536_cross-core_paced_itch,0,total,5440,5546.66,307
1,rigtorp_65536_cross-core_paced_itch,0,total,5546.66,5653.33,339
1,rigtorp_65536_cross-core_paced_itch,0,total,5653.33,5760,319
1,rigtorp_65536_cross-core_paced_itch,0,total,5760,5866.66,299
1,rigtorp_65536_cross-core_paced_itch,0,total,5866.66,5973.33,277
1,rigtorp_65536_cross-core_paced_itch,0,total,5973.33,6080,244
1,rigtorp_65536_cross-core_paced_itch,0,total,6080,6186.66,250
1,rigtorp_65536_cross-core_paced_itch,0,total,6186.66,6293.33,268
1,rigtorp_65536_cross-core_paced_itch,0,total,6293.33,6400,274
1,rigtorp_65536_cross-core_paced_itch,0,total,6400,6506.66,232
1,rigtorp_65536_cross-core_paced_itch,0,total,6506.66,6613.33,253
1,rigtorp_65536_cross-core_paced_itch,0,total,6613.33,6720,202
1,rigtorp_65536_cross-core_paced_itch,0,total,6720,6826.66,223
1,rigtorp_65536_cross-core_paced_itch,0,total,6826.66,7040,393
1,rigtorp_65536_cross-core_paced_itch,0,total,7040,7253.33,409
1,rigtorp_65536_cross-core_paced_itch,0,total,7253.33,7466.66,364
1,rigtorp_65536_cross-core_paced_itch,0,total,7466.66,7680,339
1,rigtorp_65536_cross-core_paced_itch,0,total,7680,7893.33,286
1,rigtorp_65536_cross-core_paced_itch,0,total,7893.33,8106.66,289
1,rigtorp_65536_cross-core_paced_itch,0,total,8106.66,8320,280
1,rigtorp_65536_cross-core_paced_itch,0,total,8320,8533.33,233
1,rigtorp_65536_cross-core_paced_itch,0,total,8533.33,8746.66,176
1,rigtorp_65536_cross-core_paced_itch,0,total,8746.66,8960,141
1,rigtorp_65536_cross-core_paced_itch,0,total,8960,9173.33,97
1,rigtorp_65536_cross-core_paced_itch,0,total,9173.33,9386.66,83
1,rigtorp_65536_cross-core_paced_itch,0,total,9386.66,9600,54
1,rigtorp_65536_cross-core_paced_itch,0,total,9600,9813.33,63
1,rigtorp_65536_cross-core_paced_itch,0,total,9813.33,10026.7,39
1,rigtorp_65536_cross-core_paced_itch,0,total,10026.7,10240,20
1,rigtorp_65536_cross-core_paced_itch,0,total,10240,10453.3,12
1,rigtorp_65536_cross-core_paced_itch,0,total,10453.3,10666.7,14
1,rigtorp_65536_cross-core_paced_itch,0,total,10666.7,10880,12
1,rigtorp_65536_cross-core_paced_itch,0,total,10880,11093.3,11
1,rigtorp_65536_cross-core_paced_itch,0,total,11093.3,11306.7,7
1,rigtorp_65536_cross-core_paced_itch,0,total,11306.7,11520,4
1,rigtorp_65536_cross-core_paced_itch,0,total,11520,11733.3,5
1,rigtorp_65536_cross-core_paced_itch,0,total,11733.3,11946.7,4
1,rigtorp_65536_cross-core_paced_itch,0,total,11946.7,12160,5
1,rigtorp_65536_cross-core_paced_itch,0,total,12160,12373.3,6
1,rigtorp_65536_cross-core_paced_itch,0,total,12373.3,12586.7,7
1,rigtorp_65536_cross-core_paced_itch,0,total,12586.7,12800,5
1,rigtorp_65536_cross-core_paced_itch,0,total,12800,13013.3,6
1,rigtorp_65536_cross-core_paced_itch,0,total,13013.3,13226.7,9
1,rigtorp_65536_cross-core_paced_itch,0,total,13226.7,13440,8
1,rigtorp_65536_cross-core_paced_itch,0,total,13440,13653.3,9
1,rigtorp_65536_cross-core_paced_itch,0,total,13653.3,14080,13
1,rigtorp_65536_cross-core_paced_itch,0,total,14080,14506.7,9
1,rigtorp_65536_cross-core_paced_itch,0,total,14506.7,14933.3,11
1,rigtorp_65536_cross-core_paced_itch,0,total,14933.3,15360,8
1,rigtorp_65536_cross-core_paced_itch,0,total,15360,15786.7,9
1,rigtorp_65536_cross-core_paced_itch,0,total,15786.7,16213.3,13
1,rigtorp_65536_cross-core_paced_itch,0,total,16213.3,16640,11
1,rigtorp_65536_cross-core_paced_itch,0,total,16640,17066.7,11
1,rigtorp_65536_cross-core_paced_itch,0,total,17066.7,17493.3,11
1,rigtorp_65536_cross-core_paced_itch,0,total,17493.3,17920,10
1,rigtorp_65536_cross-core_paced_itch,0,total,17920,18346.7,11
1,rigtorp_65536_cross-core_paced_itch,0,total,18346.7,18773.3,9
1,rigtorp_65536_cross-core_paced_itch,0,total,18773.3,19200,10
1,rigtorp_65536_cross-core_paced_itch,0,total,19200,19626.7,11
1,rigtorp_65536_cross-core_paced_itch,0,total,19626.7,20053.3,11
1,rigtorp_65536_cross-core_paced_itch,0,total,20053.3,20480,7
1,rigtorp_65536_cross-core_paced_itch,0,total,20480,20906.7,7
1,rigtorp_65536_cross-core_paced_itch,0,total,20906.7,21333.3,5
1,rigtorp_65536_cross-core_paced_itch,0,total,21333.3,21760,3
1,rigtorp_65536_cross-core_paced_itch,0,total,21760,22186.7,5
1,rigtorp_65536_cross-core_paced_itch,0,total,22186.7,22613.3,4
1,rigtorp_65536_cross-core_paced_itch,0,total,22613.3,23040,9
1,rigtorp_65536_cross-core_paced_itch,0,total,23040,23466.7,9
1,rigtorp_65536_cross-core_paced_itch,0,total,23466.7,23893.3,5
1,rigtorp_65536_cross-core_paced_itch,0,total,23893.3,24320,10
1,rigtorp_65536_cross-core_paced_itch,0,total,24320,24746.7,7
1,rigtorp_65536_cross-core_paced_itch,0,total,24746.7,25173.3,9
1,rigtorp_65536_cross-core_paced_itch,0,total,25173.3,25600,6
1,rigtorp_65536_cross-core_paced_itch,0,total,25600,26026.7,4
1,rigtorp_65536_cross-core_paced_itch,0,total,26026.7,26453.3,10
1,rigtorp_65536_cross-core_paced_itch,0,total,26453.3,26880,10
1,rigtorp_65536_cross-core_paced_itch,0,total,26880,27306.7,4
1,rigtorp_65536_cross-core_paced_itch,0,total,27306.7,28160,15
1,rigtorp_65536_cross-core_paced_itch,0,total,28160,29013.3,4
1,rigtorp_65536_cross-core_paced_itch,0,total,29013.3,29866.7,12
1,rigtorp_65536_cross-core_paced_itch,0,total,29866.7,30720,7
1,rigtorp_65536_cross-core_paced_itch,0,total,30720,31573.3,8
1,rigtorp_65536_cross-core_paced_itch,0,total,31573.3,32426.7,7
1,rigtorp_65536_cross-core_paced_itch,0,total,32426.7,33280,9
1,rigtorp_65536_cross-core_paced_itch,0,total,33280,34133.3,8
1,rigtorp_65536_cross-core_paced_itch,0,total,34133.3,34986.7,24
1,rigtorp_65536_cross-core_paced_itch,0,total,34986.7,35840,12
1,rigtorp_65536_cross-core_paced_itch,0,total,35840,36693.3,20
1,rigtorp_65536_cross-core_paced_itch,0,total,36693.3,37546.6,25
1,rigtorp_65536_cross-core_paced_itch,0,total,37546.6,38400,17
1,rigtorp_65536_cross-core_paced_itch,0,total,38400,39253.3,11
1,rigtorp_65536_cross-core_paced_itch,0,total,39253.3,40106.6,11
1,rigtorp_65536_cross-core_paced_itch,0,total,40106.6,40960,9
1,rigtorp_65536_cross-core_paced_itch,0,total,40960,41813.3,10
1,rigtorp_65536_cross-core_paced_itch,0,total,41813.3,42666.6,8
1,rigtorp_65536_cross-core_paced_itch,0,total,42666.6,43520,24
1,rigtorp_65536_cross-core_paced_itch,0,total,43520,44373.3,18
1,rigtorp_65536_cross-core_paced_itch,0,total,44373.3,45226.6,11
1,rigtorp_65536_cross-core_paced_itch,0,total,45226.6,46080,6
1,rigtorp_65536_cross-core_paced_itch,0,total,46080,46933.3,6
1,rigtorp_65536_cross-core_paced_itch,0,total,46933.3,47786.6,14
1,rigtorp_65536_cross-core_paced_itch,0,total,47786.6,48640,16
1,rigtorp_65536_cross-core_paced_itch,0,total,48640,49493.3,19
1,rigtorp_65536_cross-core_paced_itch,0,total,49493.3,50346.6,23
1,rigtorp_65536_cross-core_paced_itch,0,total,50346.6,51200,20
1,rigtorp_65536_cross-core_paced_itch,0,total,51200,52053.3,9
1,rigtorp_65536_cross-core_paced_itch,0,total,52053.3,52906.6,21
1,rigtorp_65536_cross-core_paced_itch,0,total,52906.6,53760,14
1,rigtorp_65536_cross-core_paced_itch,0,total,53760,54613.3,8
1,rigtorp_65536_cross-core_paced_itch,0,total,54613.3,56320,35
1,rigtorp_65536_cross-core_paced_itch,0,total,56320,58026.6,20
1,rigtorp_65536_cross-core_paced_itch,0,total,58026.6,59733.3,52
1,rigtorp_65536_cross-core_paced_itch,0,total,59733.3,61440,42
1,rigtorp_65536_cross-core_paced_itch,0,total,61440,63146.6,34
1,rigtorp_65536_cross-core_paced_itch,0,total,63146.6,64853.3,21
1,rigtorp_65536_cross-core_paced_itch,0,total,64853.3,66560,14
1,rigtorp_65536_cross-core_paced_itch,0,total,66560,68266.6,23
1,rigtorp_65536_cross-core_paced_itch,0,total,68266.6,69973.3,50
1,rigtorp_65536_cross-core_paced_itch,0,total,69973.3,71680,10
1,rigtorp_65536_cross-core_paced_itch,0,total,71680,73386.6,21
1,rigtorp_65536_cross-core_paced_itch,0,total,73386.6,75093.3,9
1,rigtorp_65536_cross-core_paced_itch,0,total,75093.3,76800,16
1,rigtorp_65536_cross-core_paced_itch,0,total,76800,78506.6,13
1,rigtorp_65536_cross-core_paced_itch,0,total,78506.6,80213.3,6
1,rigtorp_65536_cross-core_paced_itch,0,total,80213.3,81920,13
1,rigtorp_65536_cross-core_paced_itch,0,total,81920,83626.6,1
1,rigtorp_65536_cross-core_paced_itch,0,total,83626.6,85333.3,1
1,rigtorp_65536_cross-core_paced_itch,0,total,85333.3,87040,2
1,rigtorp_65536_cross-core_paced_itch,0,total,87040,88746.6,2
1,rigtorp_65536_cross-core_paced_itch,0,total,88746.6,90453.3,1
1,rigtorp_65536_cross-core_paced_itch,0,total,93866.6,95573.3,3
1,rigtorp_65536_cross-core_paced_itch,0,total,95573.3,97280,4
1,rigtorp_65536_cross-core_paced_itch,0,total,97280,98986.6,3
1,rigtorp_65536_cross-core_paced_itch,0,total,98986.6,100693,3
1,rigtorp_65536_cross-core_paced_itch,0,total,104107,105813,2
1,rigtorp_65536_cross-core_paced_itch,0,total,105813,107520,3
1,rigtorp_65536_cross-core_paced_itch,0,total,107520,109227,1
1,rigtorp_65536_cross-core_paced_itch,0,total,109227,112640,4
1,rigtorp_65536_cross-core_paced_itch,0,total,112640,116053,2
1,rigtorp_65536_cross-core_paced_itch,0,total,116053,119467,2
1,rigtorp_65536_cross-core_paced_itch,0,total,119467,122880,5
1,rigtorp_65536_cross-core_paced_itch,0,total,122880,126293,2
1,rigtorp_65536_cross-core_paced_itch,0,total,126293,129707,3
1,rigtorp_65536_cross-core_paced_itch,0,total,129707,133120,6
1,rigtorp_65536_cross-core_paced_itch,0,total,133120,136533,3
1,rigtorp_65536_cross-core_paced_itch,0,total,136533,139947,4
1,rigtorp_65536_cross-core_paced_itch,0,total,139947,143360,1
1,rigtorp_65536_cross-core_paced_itch,0,total,143360,146773,2
1,rigtorp_65536_cross-core_paced_itch,0,total,146773,150187,1
1,rigtorp_65536_cross-core_paced_itch,0,total,150187,153600,2
1,rigtorp_65536_cross-core_paced_itch,0,total,153600,157013,2
1,rigtorp_65536_cross-core_paced_itch,0,total,157013,160427,6
1,rigtorp_65536_cross-core_paced_itch,0,total,160427,163840,2
1,rigtorp_65536_cross-core_paced_itch,0,total,163840,167253,3
1,rigtorp_65536_cross-core_paced_itch,0,total,167253,170667,2
1,rigtorp_65536_cross-core_paced_itch,0,total,170667,174080,2
1,rigtorp_65536_cross-core_paced_itch,0,total,174080,177493,6
1,rigtorp_65536_cross-core_paced_itch,0,total,177493,180907,5
1,rigtorp_65536_cross-core_paced_itch,0,total,180907,184320,3
1,rigtorp_65536_cross-core_paced_itch,0,total,184320,187733,5
1,rigtorp_65536_cross-core_paced_itch,0,total,187733,191147,3
1,rigtorp_65536_cross-core_paced_itch,0,total,191147,194560,5
1,rigtorp_65536_cross-core_paced_itch,0,total,194560,197973,4
1,rigtorp_65536_cross-core_paced_itch,0,total,197973,201387,4
1,rigtorp_65536_cross-core_paced_itch,0,total,201387,204800,4
1,rigtorp_65536_cross-core_paced_itch,0,total,204800,208213,1
1,rigtorp_65536_cross-core_paced_itch,0,total,208213,211627,4
1,rigtorp_65536_cross-core_paced_itch,0,total,215040,218453,3
1,rigtorp_65536_cross-core_paced_itch,0,total,218453,225280,3
1,rigtorp_65536_cross-core_paced_itch,0,total,225280,232107,8
1,rigtorp_65536_cross-core_paced_itch,0,total,232107,238933,9
1,rigtorp_65536_cross-core_paced_itch,0,total,238933,245760,4
1,rigtorp_65536_cross-core_paced_itch,0,total,245760,252587,6
1,rigtorp_65536_cross-core_paced_itch,0,total,252587,259413,7
1,rigtorp_65536_cross-core_paced_itch,0,total,259413,266240,11
1,rigtorp_65536_cross-core_paced_itch,0,total,279893,286720,1
1,rigtorp_65536_cross-core_paced_itch,0,total,293547,300373,1
1,rigtorp_65536_cross-core_paced_itch,0,total,300373,307200,3
1,rigtorp_65536_cross-core_paced_itch,0,total,320853,327680,1
1,rigtorp_65536_cross-core_paced_itch,0,total,334507,341333,2
1,rigtorp_65536_cross-core_paced_itch,0,total,348160,354986,1
1,rigtorp_65536_cross-core_paced_itch,0,total,368640,375466,2
1,rigtorp_65536_cross-core_paced_itch,0,total,375466,382293,1
1,rigtorp_65536_cross-core_paced_itch,0,total,402773,409600,1
1,rigtorp_65536_cross-core_paced_itch,0,total,423253,430080,2
1,rigtorp_65536_cross-core_paced_itch,0,total,464213,477866,1
1,rigtorp_65536_cross-core_paced_itch,0,queue,116.667,120,1
1,rigtorp_65536_cross-core_paced_itch,0,queue,146.667,150,1
1,rigtorp_65536_cross-core_paced_itch,0,queue,150,153.333,1
1,rigtorp_65536_cross-core_paced_itch,0,queue,153.333,156.667,1
1,rigtorp_65536_cross-core_paced_itch,0,queue,160,163.333,1
1,rigtorp_65536_cross-core_paced_itch,0,queue,163.333,166.667,1
1,rigtorp_65536_cross-core_paced_itch,0,queue,173.333,176.667,1
1,rigtorp_65536_cross-core_paced_itch,0,queue,176.667,180,2
1,rigtorp_65536_cross-core_paced_itch,0,queue,180,183.333,3
1,rigtorp_65536_cross-core_paced_itch,0,queue,183.333,186.667,2
1,rigtorp_65536_cross-core_paced_itch,0,queue,186.667,190,3
1,rigtorp_65536_cross-core_paced_itch,0,queue,190,193.333,3
1,rigtorp_65536_cross-core_paced_itch,0,queue,193.333,196.667,3
1,rigtorp_65536_cross-core_paced_itch,0,queue,196.667,200,1
1,rigtorp_65536_cross-core_paced_itch,0,queue,200,203.333,5
1,rigtorp_65536_cross-core_paced_itch,0,queue,203.333,206.667,3
1,rigtorp_65536_cross-core_paced_itch,0,queue,206.667,210,3
1,rigtorp_65536_cross-core_paced_itch,0,queue,210,213.333,9
1,rigtorp_65536_cross-core_paced_itch,0,queue,213.333,220,17
1,rigtorp_65536_cross-core_paced_itch,0,queue,220,226.667,15
1,rigtorp_65536_cross-core_paced_itch,0,queue,226.667,233.333,24
1,rigtorp_65536_cross-core_paced_itch,0,queue,233.333,240,30
1,rigtorp_65536_cross-core_paced_itch,0,queue,240,246.667,31
1,rigtorp_65536_cross-core_paced_itch,0,queue,246.667,253.333,45
1,rigtorp_65536_cross-core_paced_itch,0,queue,253.333,260,49
1,rigtorp_65536_cross-core_paced_itch,0,queue,260,266.667,79
1,rigtorp_65536_cross-core_paced_itch,0,queue,266.667,273.333,108
1,rigtorp_65536_cross-core_paced_itch,0,queue,273.333,280,132
1,rigtorp_65536_cross-core_paced_itch,0,queue,280,286.667,138
1,rigtorp_65536_cross-core_paced_itch,0,queue,286.667,293.333,162
1,rigtorp_65536_cross-core_paced_itch,0,queue,293.333,300,208
1,rigtorp_65536_cross-core_paced_itch,0,queue,300,306.667,253
1,rigtorp_65536_cross-core_paced_itch,0,queue,306.667,313.333,291
1,rigtorp_65536_cross-core_paced_itch,0,queue,313.333,320,315
1,rigtorp_65536_cross-core_paced_itch,0,queue,320,326.667,353
1,rigtorp_65536_cross-core_paced_itch,0,queue,326.667,333.333,410
1,rigtorp_65536_cross-core_paced_itch,0,queue,333.333,340,433
1,rigtorp_65536_cross-core_paced_itch,0,queue,340,346.667,407
1,rigtorp_65536_cross-core_paced_itch,0,queue,346.667,353.333,481
1,rigtorp_65536_cross-core_paced_itch,0,queue,353.333,360,502
1,rigtorp_65536_cross-core_paced_itch,0,queue,360,366.666,481
1,rigtorp_65536_cross-core_paced_itch,0,queue,366.666,373.333,987
1,rigtorp_65536_cross-core_paced_itch,0,queue,373.333,380,3458
1,rigtorp_65536_cross-core_paced_itch,0,queue,380,386.666,6673
1,rigtorp_65536_cross-core_paced_itch,0,queue,386.666,393.333,7357
1,rigtorp_65536_cross-core_paced_itch,0,queue,393.333,400,6731
1,rigtorp_65536_cross-core_paced_itch,0,queue,400,406.666,9278
1,rigtorp_65536_cross-core_paced_itch,0,queue,406.666,413.333,13178
1,rigtorp_65536_cross-core_paced_itch,0,queue,413.333,420,12764
1,rigtorp_65536_cross-core_paced_itch,0,queue,420,426.666,10815
1,rigtorp_65536_cross-core_paced_itch,0,queue,426.666,440,22542
1,rigtorp_65536_cross-core_paced_itch,0,queue,440,453.333,17270
1,rigtorp_65536_cross-core_paced_itch,0,queue,453.333,466.666,5614
1,rigtorp_65536_cross-core_paced_itch,0,queue,466.666,480,6743
1,rigtorp_65536_cross-core_paced_itch,0,queue,480,493.333,9638
1,rigtorp_65536_cross-core_paced_itch,0,queue,493.333,506.666,7644
1,rigtorp_65536_cross-core_paced_itch,0,queue,506.666,520,4812
1,rigtorp_65536_cross-core_paced_itch,0,queue,520,533.333,3197
1,rigtorp_65536_cross-core_paced_itch,0,queue,533.333,546.666,6598
1,rigtorp_65536_cross-core_paced_itch,0,queue,546.666,560,6903
1,rigtorp_65536_cross-core_paced_itch,0,queue,560,573.333,3548
1,rigtorp_65536_cross-core_paced_itch,0,queue,573.333,586.666,2236
1,rigtorp_65536_cross-core_paced_itch,0,queue,586.666,600,1958
1,rigtorp_65536_cross-core_paced_itch,0,queue,600,613.333,1488
1,rigtorp_65536_cross-core_paced_itch,0,queue,613.333,626.666,1323
1,rigtorp_65536_cross-core_paced_itch,0,queue,626.666,640,1156
1,rigtorp_65536_cross-core_paced_itch,0,queue,640,653.333,1089
1,rigtorp_65536_cross-core_paced_itch,0,queue,653.333,666.666,1005
1,rigtorp_65536_cross-core_paced_itch,0,queue,666.666,680,952
1,rigtorp_65536_cross-core_paced_itch,0,queue,680,693.333,922
1,rigtorp_65536_cross-core_paced_itch,0,queue,693.333,706.666,798
1,rigtorp_65536_cross-core_paced_itch,0,queue,706.666,720,834
1,rigtorp_65536_cross-core_paced_itch,0,queue,720,733.333,721
1,rigtorp_65536_cross-core_paced_itch,0,queue,733.333,746.666,713
1,rigtorp_65536_cross-core_paced_itch,0,queue,746.666,760,722
1,rigtorp_65536_cross-core_paced_itch,0,queue,760,773.333,643
1,rigtorp_65536_cross-core_paced_itch,0,queue,773.333,786.666,665
1,rigtorp_65536_cross-core_paced_itch,0,queue,786.666,800,608
1,rigtorp_65536_cross-core_paced_itch,0,queue,800,813.333,573
1,rigtorp_65536_cross-core_paced_itch,0,queue,813.333,826.666,541
1,rigtorp_65536_cross-core_paced_itch,0,queue,826.666,840,549
1,rigtorp_65536_cross-core_paced_itch,0,queue,840,853.333,559
1,rigtorp_65536_cross-core_paced_itch,0,queue,853.333,880,1027
1,rigtorp_65536_cross-core_paced_itch,0,queue,880,906.666,966
1,rigtorp_65536_cross-core_paced_itch,0,queue,906.666,933.333,967
1,rigtorp_65536_cross-core_paced_itch,0,queue,933.333,960,939
1,rigtorp_65536_cross-core_paced_itch,0,queue,960,986.666,914
1,rigtorp_65536_cross-core_paced_itch,0,queue,986.666,1013.33,851
1,rigtorp_65536_cross-core_paced_itch,0,queue,1013.33,1040,880
1,rigtorp_65536_cross-core_paced_itch,0,queue,1040,1066.67,886
1,rigtorp_65536_cross-core_paced_itch,0,queue,1066.67,1093.33,873
1,rigtorp_65536_cross-core_paced_itch,0,queue,1093.33,1120,801
1,rigtorp_65536_cross-core_paced_itch,0,queue,1120,1146.67,822
1,rigtorp_65536_cross-core_paced_itch,0,queue,1146.67,1173.33,854
1,rigtorp_65536_cross-core_paced_itch,0,queue,1173.33,1200,788
1,rigtorp_65536_cross-core_paced_itch,0,queue,1200,1226.67,795
1,rigtorp_65536_cross-core_paced_itch,0,queue,1226.67,1253.33,755
1,rigtorp_65536_cross-core_paced_itch,0,queue,1253.33,1280,766
1,rigtorp_65536_cross-core_paced_itch,0,queue,1280,1306.67,733
1,rigtorp_65536_cross-core_paced_itch,0,queue,1306.67,1333.33,734
1,rigtorp_65536_cross-core_paced_itch,0,queue,1333.33,1360,726
1,rigtorp_65536_cross-core_paced_itch,0,queue,1360,1386.67,716
1,rigtorp_65536_cross-core_paced_itch,0,queue,1386.67,1413.33,671
1,rigtorp_65536_cross-core_paced_itch,0,queue,1413.33,1440,672
1,rigtorp_65536_cross-core_paced_itch,0,queue,1440,1466.67,665
1,rigtorp_65536_cross-core_paced_itch,0,queue,1466.67,1493.33,642
1,rigtorp_65536_cross-core_paced_itch,0,queue,1493.33,1520,679
1,rigtorp_65536_cross-core_paced_itch,0,queue,1520,1546.67,599
1,rigtorp_65536_cross-core_paced_itch,0,queue,1546.67,1573.33,637
1,rigtorp_65536_cross-core_paced_itch,0,queue,1573.33,1600,665
1,rigtorp_65536_cross-core_paced_itch,0,queue,1600,1626.67,644
1,rigtorp_65536_cross-core_paced_itch,0,queue,1626.67,1653.33,601
1,rigtorp_65536_cross-core_paced_itch,0,queue,1653.33,1680,614
1,rigtorp_65536_cross-core_paced_itch,0,queue,1680,1706.67,586
1,rigtorp_65536_cross-core_paced_itch,0,queue,1706.67,1760,1221
1,rigtorp_65536_cross-core_paced_itch,0,queue,1760,1813.33,1185
1,rigtorp_65536_cross-core_paced_itch,0,queue,1813.33,1866.67,1155
1,rigtorp_65536_cross-core_paced_itch,0,queue,1866.67,1920,1102
1,rigtorp_65536_cross-core_paced_itch,0,queue,1920,1973.33,1076
1,rigtorp_65536_cross-core_paced_itch,0,queue,1973.33,2026.67,1100
1,rigtorp_65536_cross-core_paced_itch,0,queue,2026.67,2080,1022
1,rigtorp_65536_cross-core_paced_itch,0,queue,2080,2133.33,1106
1,rigtorp_65536_cross-core_paced_itch,0,queue,2133.33,2186.67,982
1,rigtorp_65536_cross-core_paced_itch,0,queue,2186.67,2240,1005
1,rigtorp_65536_cross-core_paced_itch,0,queue,2240,2293.33,923
1,rigtorp_65536_cross-core_paced_itch,0,queue,2293.33,2346.67,976
1,rigtorp_65536_cross-core_paced_itch,0,queue,2346.67,2400,934
1,rigtorp_65536_cross-core_paced_itch,0,queue,2400,2453.33,887
1,rigtorp_65536_cross-core_paced_itch,0,queue,2453.33,2506.67,858
1,rigtorp_65536_cross-core_paced_itch,0,queue,2506.67,2560,814
1,rigtorp_65536_cross-core_paced_itch,0,queue,2560,2613.33,811
1,rigtorp_65536_cross-core_paced_itch,0,queue,2613.33,2666.67,820
1,rigtorp_65536_cross-core_paced_itch,0,queue,2666.67,2720,723
1,rigtorp_65536_cross-core_paced_itch,0,queue,2720,2773.33,723
1,rigtorp_65536_cross-core_paced_itch,0,queue,2773.33,2826.67,695
1,rigtorp_65536_cross-core_paced_itch,0,queue,2826.67,2880,643
1,rigtorp_65536_cross-core_paced_itch,0,queue,2880,2933.33,629
1,rigtorp_65536_cross-core_paced_itch,0,queue,2933.33,2986.67,646
1,rigtorp_65536_cross-core_paced_itch,0,queue,2986.67,3040,665
1,rigtorp_65536_cross-core_paced_itch,0,queue,3040,3093.33,615
1,rigtorp_65536_cross-core_paced_itch,0,queue,3093.33,3146.67,598
1,rigtorp_65536_cross-core_paced_itch,0,queue,3146.67,3200,590
1,rigtorp_65536_cross-core_paced_itch,0,queue,3200,3253.33,567
1,rigtorp_65536_cross-core_paced_itch,0,queue,3253.33,3306.67,558
1,rigtorp_65536_cross-core_paced_itch,0,queue,3306.67,3360,548
1,rigtorp_65536_cross-core_paced_itch,0,queue,3360,3413.33,517
1,rigtorp_65536_cross-core_paced_itch,0,queue,3413.33,3520,941
1,rigtorp_65536_cross-core_paced_itch,0,queue,3520,3626.66,905
1,rigtorp_65536_cross-core_paced_itch,0,queue,3626.66,3733.33,874
1,rigtorp_65536_cross-core_paced_itch,0,queue,3733.33,3840,809
1,rigtorp_65536_cross-core_paced_itch,0,queue,3840,3946.66,770
1,rigtorp_65536_cross-core_paced_itch,0,queue,3946.66,4053.33,706
1,rigtorp_65536_cross-core_paced_itch,0,queue,4053.33,4160,660
1,rigtorp_65536_cross-core_paced_itch,0,queue,4160,4266.66,667
1,rigtorp_65536_cross-core_paced_itch,0,queue,4266.66,4373.33,571
1,rigtorp_65536_cross-core_paced_itch,0,queue,4373.33,4480,580
1,rigtorp_65536_cross-core_paced_itch,0,queue,4480,4586.66,481
1,rigtorp_65536_cross-core_paced_itch,0,queue,4586.66,4693.33,518
1,rigtorp_65536_cross-core_paced_itch,0,queue,4693.33,4800,498
1,rigtorp_65536_cross-core_paced_itch,0,queue,4800,4906.66,454
1,rigtorp_65536_cross-core_paced_itch,0,queue,4906.66,5013.33,397
1,rigtorp_65536_cross-core_paced_itch,0,queue,5013.33,5120,376
1,rigtorp_65536_cross-core_paced_itch,0,queue,5120,5226.66,346
1,rigtorp_65536_cross-core_paced_itch,0,queue,5226.66,5333.33,348
1,rigtorp_65536_cross-core_paced_itch,0,queue,5333.33,5440,319
1,rigtorp_65536_cross-core_paced_itch,0,queue,5440,5546.66,327
1,rigtorp_65536_cross-core_paced_itch,0,queue,5546.66,5653.33,330
1,rigtorp_65536_cross-core_paced_itch,0,queue,5653.33,5760,293
1,rigtorp_65536_cross-core_paced_itch,0,queue,5760,5866.66,258
1,rigtorp_65536_cross-core_paced_itch,0,queue,5866.66,5973.33,260
1,rigtorp_65536_cross-core_paced_itch,0,queue,5973.33,6080,246
1,rigtorp_65536_cross-core_paced_itch,0,queue,6080,6186.66,258
1,rigtorp_65536_cross-core_paced_itch,0,queue,6186.66,6293.33,251
1,rigtorp_65536_cross-core_paced_itch,0,queue,6293.33,6400,260
1,rigtorp_65536_cross-core_paced_itch,0,queue,6400,6506.66,237
1,rigtorp_65536_cross-core_paced_itch,0,queue,6506.66,6613.33,216
1,rigtorp_65536_cross-core_paced_itch,0,queue,6613.33,6720,208
1,rigtorp_65536_cross-core_paced_itch,0,queue,6720,6826.66,208
1,rigtorp_65536_cross-core_paced_itch,0,queue,6826.66,7040,405
1,rigtorp_65536_cross-core_paced_itch,0,queue,7040,7253.33,373
1,rigtorp_65536_cross-core_paced_itch,0,queue,7253.33,7466.66,358
1,rigtorp_65536_cross-core_paced_itch,0,queue,7466.66,7680,315
1,rigtorp_65536_cross-core_paced_itch,0,queue,7680,7893.33,297
1,rigtorp_65536_cross-core_paced_itch,0,queue,7893.33,8106.66,299
1,rigtorp_65536_cross-core_paced_itch,0,queue,8106.66,8320,238
1,rigtorp_65536_cross-core_paced_itch,0,queue,8320,8533.33,223
1,rigtorp_65536_cross-core_paced_itch,0,queue,8533.33,8746.66,157
1,rigtorp_65536_cross-core_paced_itch,0,queue,8746.66,8960,141
1,rigtorp_65536_cross-core_paced_itch,0,queue,8960,9173.33,84
1,rigtorp_65536_cross-core_paced_itch,0,queue,9173.33,9386.66,81
1,rigtorp_65536_cross-core_paced_itch,0,queue,9386.66,9600,48
1,rigtorp_65536_cross-core_paced_itch,0,queue,9600,9813.33,57
1,rigtorp_65536_cross-core_paced_itch,0,queue,9813.33,10026.7,34
1,rigtorp_65536_cross-core_paced_itch,0,queue,10026.7,10240,13
1,rigtorp_65536_cross-core_paced_itch,0,queue,10240,10453.3,16
1,rigtorp_65536_cross-core_paced_itch,0,queue,10453.3,10666.7,12
1,rigtorp_65536_cross-core_paced_itch,0,queue,10666.7,10880,14
1,rigtorp_65536_cross-core_paced_itch,0,queue,10880,11093.3,7
1,rigtorp_65536_cross-core_paced_itch,0,queue,11093.3,11306.7,5
1,rigtorp_65536_cross-core_paced_itch,0,queue,11306.7,11520,3
1,rigtorp_65536_cross-core_paced_itch,0,queue,11520,11733.3,7
1,rigtorp_65536_cross-core_paced_itch,0,queue,11733.3,11946.7,2
1,rigtorp_65536_cross-core_paced_itch,0,queue,11946.7,12160,5
1,rigtorp_65536_cross-core_paced_itch,0,queue,12160,12373.3,7
1,rigtorp_65536_cross-core_paced_itch,0,queue,12373.3,12586.7,5
1,rigtorp_65536_cross-core_paced_itch,0,queue,12586.7,12800,7
1,rigtorp_65536_cross-core_paced_itch,0,queue,12800,13013.3,9
1,rigtorp_65536_cross-core_paced_itch,0,queue,13013.3,13226.7,7
1,rigtorp_65536_cross-core_paced_itch,0,queue,13226.7,13440,8
1,rigtorp_65536_cross-core_paced_itch,0,queue,13440,13653.3,6
1,rigtorp_65536_cross-core_paced_itch,0,queue,13653.3,14080,15
1,rigtorp_65536_cross-core_paced_itch,0,queue,14080,14506.7,10
1,rigtorp_65536_cross-core_paced_itch,0,queue,14506.7,14933.3,12
1,rigtorp_65536_cross-core_paced_itch,0,queue,14933.3,15360,4
1,rigtorp_65536_cross-core_paced_itch,0,queue,15360,15786.7,11
1,rigtorp_65536_cross-core_paced_itch,0,queue,15786.7,16213.3,15
1,rigtorp_65536_cross-core_paced_itch,0,queue,16213.3,16640,10
1,rigtorp_65536_cross-core_paced_itch,0,queue,16640,17066.7,10
1,rigtorp_65536_cross-core_paced_itch,0,queue,17066.7,17493.3,12
1,rigtorp_65536_cross-core_paced_itch,0,queue,17493.3,17920,7
1,rigtorp_65536_cross-core_paced_itch,0,queue,17920,18346.7,12
1,rigtorp_65536_cross-core_paced_itch,0,queue,18346.7,18773.3,9
1,rigtorp_65536_cross-core_paced_itch,0,queue,18773.3,19200,10
1,rigtorp_65536_cross-core_paced_itch,0,queue,19200,19626.7,11
1,rigtorp_65536_cross-core_paced_itch,0,queue,19626.7,20053.3,9
1,rigtorp_65536_cross-core_paced_itch,0,queue,20053.3,20480,9
1,rigtorp_65536_cross-core_paced_itch,0,queue,20480,20906.7,7
1,rigtorp_65536_cross-core_paced_itch,0,queue,20906.7,21333.3,5
1,rigtorp_65536_cross-core_paced_itch,0,queue,21333.3,21760,1
1,rigtorp_65536_cross-core_paced_itch,0,queue,21760,22186.7,5
1,rigtorp_65536_cross-core_paced_itch,0,queue,22186.7,22613.3,6
1,rigtorp_65536_cross-core_paced_itch,0,queue,22613.3,23040,11
1,rigtorp_65536_cross-core_paced_itch,0,queue,23040,23466.7,5
1,rigtorp_65536_cross-core_paced_itch,0,queue,23466.7,23893.3,5
1,rigtorp_65536_cross-core_paced_itch,0,queue,23893.3,24320,14
1,rigtorp_65536_cross-core_paced_itch,0,queue,24320,24746.7,4
1,rigtorp_65536_cross-core_paced_itch,0,queue,24746.7,25173.3,9
1,rigtorp_65536_cross-core_paced_itch,0,queue,25173.3,25600,5
1,rigtorp_65536_cross-core_paced_itch,0,queue,25600,26026.7,6
1,rigtorp_65536_cross-core_paced_itch,0,queue,26026.7,26453.3,9
1,rigtorp_65536_cross-core_paced_itch,0,queue,26453.3,26880,10
1,rigtorp_65536_cross-core_paced_itch,0,queue,26880,27306.7,3
1,rigtorp_65536_cross-core_paced_itch,0,queue,27306.7,28160,14
1,rigtorp_65536_cross-core_paced_itch,0,queue,28160,29013.3,8
1,rigtorp_65536_cross-core_paced_itch,0,queue,29013.3,29866.7,9
1,rigtorp_65536_cross-core_paced_itch,0,queue,29866.7,30720,7
1,rigtorp_65536_cross-core_paced_itch,0,queue,30720,31573.3,9
1,rigtorp_65536_cross-core_paced_itch,0,queue,31573.3,32426.7,6
1,rigtorp_65536_cross-core_paced_itch,0,queue,32426.7,33280,8
1,rigtorp_65536_cross-core_paced_itch,0,queue,33280,34133.3,9
1,rigtorp_65536_cross-core_paced_itch,0,queue,34133.3,34986.7,24
1,rigtorp_65536_cross-core_paced_itch,0,queue,34986.7,35840,15
1,rigtorp_65536_cross-core_paced_itch,0,queue,35840,36693.3,22
1,rigtorp_65536_cross-core_paced_itch,0,queue,36693.3,37546.6,22
1,rigtorp_65536_cross-core_paced_itch,0,queue,37546.6,38400,15
1,rigtorp_65536_cross-core_paced_itch,0,queue,38400,39253.3,10
1,rigtorp_65536_cross-core_paced_itch,0,queue,39253.3,40106.6,12
1,rigtorp_65536_cross-core_paced_itch,0,queue,40106.6,40960,12
1,rigtorp_65536_cross-core_paced_itch,0,queue,40960,41813.3,9
1,rigtorp_65536_cross-core_paced_itch,0,queue,41813.3,42666.6,9
1,rigtorp_65536_cross-core_paced_itch,0,queue,42666.6,43520,23
1,rigtorp_65536_cross-core_paced_itch,0,queue,43520,44373.3,17
1,rigtorp_65536_cross-core_paced_itch,0,queue,44373.3,45226.6,11
1,rigtorp_65536_cross-core_paced_itch,0,queue,45226.6,46080,4
1,rigtorp_65536_cross-core_paced_itch,0,queue,46080,46933.3,7
1,rigtorp_65536_cross-core_paced_itch,0,queue,46933.3,47786.6,16
1,rigtorp_65536_cross-core_paced_itch,0,queue,47786.6,48640,17
1,rigtorp_65536_cross-core_paced_itch,0,queue,48640,49493.3,19
1,rigtorp_65536_cross-core_paced_itch,0,queue,49493.3,50346.6,23
1,rigtorp_65536_cross-core_paced_itch,0,queue,50346.6,51200,17
1,rigtorp_65536_cross-core_paced_itch,0,queue,51200,52053.3,10
1,rigtorp_65536_cross-core_paced_itch,0,queue,52053.3,52906.6,23
1,rigtorp_65536_cross-core_paced_itch,0,queue,52906.6,53760,11
1,rigtorp_65536_cross-core_paced_itch,0,queue,53760,54613.3,8
1,rigtorp_65536_cross-core_paced_itch,0,queue,54613.3,56320,35
1,rigtorp_65536_cross-core_paced_itch,0,queue,56320,58026.6,22
1,rigtorp_65536_cross-core_paced_itch,0,queue,58026.6,59733.3,52
1,rigtorp_65536_cross-core_paced_itch,0,queue,59733.3,61440,43
1,rigtorp_65536_cross-core_paced_itch,0,queue,61440,63146.6,34
1,rigtorp_65536_cross-core_paced_itch,0,queue,63146.6,64853.3,17
1,rigtorp_65536_cross-core_paced_itch,0,queue,64853.3,66560,15
1,rigtorp_65536_cross-core_paced_itch,0,queue,66560,68266.6,27
1,rigtorp_65536_cross-core_paced_itch,0,queue,68266.6,69973.3,46
1,rigtorp_65536_cross-core_paced_itch,0,queue,69973.3,71680,10
1,rigtorp_65536_cross-core_paced_itch,0,queue,71680,73386.6,22
1,rigtorp_65536_cross-core_paced_itch,0,queue,73386.6,75093.3,8
1,rigtorp_65536_cross-core_paced_itch,0,queue,75093.3,76800,16
1,rigtorp_65536_cross-core_paced_itch,0,queue,76800,78506.6,12
1,rigtorp_65536_cross-core_paced_itch,0,queue,78506.6,80213.3,7
1,rigtorp_65536_cross-core_paced_itch,0,queue,80213.3,81920,12
1,rigtorp_65536_cross-core_paced_itch,0,queue,81920,83626.6,1
1,rigtorp_65536_cross-core_paced_itch,0,queue,83626.6,85333.3,2
1,rigtorp_65536_cross-core_paced_itch,0,queue,85333.3,87040,1
1,rigtorp_65536_cross-core_paced_itch,0,queue,87040,88746.6,2
1,rigtorp_65536_cross-core_paced_itch,0,queue,88746.6,90453.3,1
1,rigtorp_65536_cross-core_paced_itch,0,queue,93866.6,95573.3,3
1,rigtorp_65536_cross-core_paced_itch,0,queue,95573.3,97280,4
1,rigtorp_65536_cross-core_paced_itch,0,queue,97280,98986.6,3
1,rigtorp_65536_cross-core_paced_itch,0,queue,98986.6,100693,3
1,rigtorp_65536_cross-core_paced_itch,0,queue,104107,105813,2
1,rigtorp_65536_cross-core_paced_itch,0,queue,105813,107520,3
1,rigtorp_65536_cross-core_paced_itch,0,queue,107520,109227,1
1,rigtorp_65536_cross-core_paced_itch,0,queue,109227,112640,4
1,rigtorp_65536_cross-core_paced_itch,0,queue,112640,116053,2
1,rigtorp_65536_cross-core_paced_itch,0,queue,116053,119467,2
1,rigtorp_65536_cross-core_paced_itch,0,queue,119467,122880,5
1,rigtorp_65536_cross-core_paced_itch,0,queue,122880,126293,3
1,rigtorp_65536_cross-core_paced_itch,0,queue,126293,129707,3
1,rigtorp_65536_cross-core_paced_itch,0,queue,129707,133120,6
1,rigtorp_65536_cross-core_paced_itch,0,queue,133120,136533,2
1,rigtorp_65536_cross-core_paced_itch,0,queue,136533,139947,5
1,rigtorp_65536_cross-core_paced_itch,0,queue,139947,143360,1
1,rigtorp_65536_cross-core_paced_itch,0,queue,143360,146773,1
1,rigtorp_65536_cross-core_paced_itch,0,queue,146773,150187,1
1,rigtorp_65536_cross-core_paced_itch,0,queue,150187,153600,2
1,rigtorp_65536_cross-core_paced_itch,0,queue,153600,157013,3
1,rigtorp_65536_cross-core_paced_itch,0,queue,157013,160427,6
1,rigtorp_65536_cross-core_paced_itch,0,queue,160427,163840,1
1,rigtorp_65536_cross-core_paced_itch,0,queue,163840,167253,3
1,rigtorp_65536_cross-core_paced_itch,0,queue,167253,170667,2
1,rigtorp_65536_cross-core_paced_itch,0,queue,170667,174080,2
1,rigtorp_65536_cross-core_paced_itch,0,queue,174080,177493,6
1,rigtorp_65536_cross-core_paced_itch,0,queue,177493,180907,5
1,rigtorp_65536_cross-core_paced_itch,0,queue,180907,184320,3
1,rigtorp_65536_cross-core_paced_itch,0,queue,184320,187733,5
1,rigtorp_65536_cross-core_paced_itch,0,queue,187733,191147,3
1,rigtorp_65536_cross-core_paced_itch,0,queue,191147,194560,5
1,rigtorp_65536_cross-core_paced_itch,0,queue,194560,197973,4
1,rigtorp_65536_cross-core_paced_itch,0,queue,197973,201387,4
1,rigtorp_65536_cross-core_paced_itch,0,queue,201387,204800,4
1,rigtorp_65536_cross-core_paced_itch,0,queue,204800,208213,1
1,rigtorp_65536_cross-core_paced_itch,0,queue,208213,211627,4
1,rigtorp_65536_cross-core_paced_itch,0,queue,211627,215040,1
1,rigtorp_65536_cross-core_paced_itch,0,queue,215040,218453,2
1,rigtorp_65536_cross-core_paced_itch,0,queue,218453,225280,3
1,rigtorp_65536_cross-core_paced_itch,0,queue,225280,232107,9
1,rigtorp_65536_cross-core_paced_itch,0,queue,232107,238933,8
1,rigtorp_65536_cross-core_paced_itch,0,queue,238933,245760,4
1,rigtorp_65536_cross-core_paced_itch,0,queue,245760,252587,6
1,rigtorp_65536_cross-core_paced_itch,0,queue,252587,259413,7
1,rigtorp_65536_cross-core_paced_itch,0,queue,259413,266240,11
1,rigtorp_65536_cross-core_paced_itch,0,queue,279893,286720,1
1,rigtorp_65536_cross-core_paced_itch,0,queue,286720,293547,1
1,rigtorp_65536_cross-core_paced_itch,0,queue,300373,307200,3
1,rigtorp_65536_cross-core_paced_itch,0,queue,320853,327680,1
1,rigtorp_65536_cross-core_paced_itch,0,queue,334507,341333,2
1,rigtorp_65536_cross-core_paced_itch,0,queue,348160,354986,1
1,rigtorp_65536_cross-core_paced_itch,0,queue,368640,375466,3
1,rigtorp_65536_cross-core_paced_itch,0,queue,402773,409600,1
1,rigtorp_65536_cross-core_paced_itch,0,queue,423253,430080,2
1,rigtorp_65536_cross-core_paced_itch,0,queue,464213,477866,1
1,rigtorp_65536_cross-core_paced_itch,0,book,5.83333,6.25,1
1,rigtorp_65536_cross-core_paced_itch,0,book,6.66666,7.08333,19
1,rigtorp_65536_cross-core_paced_itch,0,book,7.5,7.91666,274
1,rigtorp_65536_cross-core_paced_itch,0,book,8.33333,8.75,376
1,rigtorp_65536_cross-core_paced_itch,0,book,9.16666,9.58333,358
1,rigtorp_65536_cross-core_paced_itch,0,book,10,10.4167,1227
1,rigtorp_65536_cross-core_paced_itch,0,book,10.8333,11.25,378
1,rigtorp_65536_cross-core_paced_itch,0,book,11.6667,12.0833,273
1,rigtorp_65536_cross-core_paced_itch,0,book,12.5,12.9167,612
1,rigtorp_65536_cross-core_paced_itch,0,book,13.3333,13.75,834
1,rigtorp_65536_cross-core_paced_itch,0,book,14.1667,14.5833,1315
1,rigtorp_65536_cross-core_paced_itch,0,book,15,15.4167,1543
1,rigtorp_65536_cross-core_paced_itch,0,book,15.8333,16.25,1651
1,rigtorp_65536_cross-core_paced_itch,0,book,16.6667,17.0833,877
1,rigtorp_65536_cross-core_paced_itch,0,book,17.5,17.9167,501
1,rigtorp_65536_cross-core_paced_itch,0,book,18.3333,18.75,543
1,rigtorp_65536_cross-core_paced_itch,0,book,19.1667,19.5833,608
1,rigtorp_65536_cross-core_paced_itch,0,book,20,20.4167,1028
1,rigtorp_65536_cross-core_paced_itch,0,book,20.8333,21.25,1028
1,rigtorp_65536_cross-core_paced_itch,0,book,21.6667,22.0833,850
1,rigtorp_65536_cross-core_paced_itch,0,book,22.5,22.9167,643
1,rigtorp_65536_cross-core_paced_itch,0,book,23.3333,23.75,451
1,rigtorp_65536_cross-core_paced_itch,0,book,24.1667,24.5833,457
1,rigtorp_65536_cross-core_paced_itch,0,book,25,25.4167,451
1,rigtorp_65536_cross-core_paced_itch,0,book,25.8333,26.25,482
1,rigtorp_65536_cross-core_paced_itch,0,book,26.6667,27.5,504
1,rigtorp_65536_cross-core_paced_itch,0,book,27.5,28.3333,549
1,rigtorp_65536_cross-core_paced_itch,0,book,28.3333,29.1667,707
1,rigtorp_65536_cross-core_paced_itch,0,book,29.1667,30,708
1,rigtorp_65536_cross-core_paced_itch,0,book,30,30.8333,786
1,rigtorp_65536_cross-core_paced_itch,0,book,30.8333,31.6667,723
1,rigtorp_65536_cross-core_paced_itch,0,book,31.6667,32.5,813
1,rigtorp_65536_cross-core_paced_itch,0,book,32.5,33.3333,924
1,rigtorp_65536_cross-core_paced_itch,0,book,33.3333,34.1667,989
1,rigtorp_65536_cross-core_paced_itch,0,book,34.1667,35,1107
1,rigtorp_65536_cross-core_paced_itch,0,book,35,35.8333,1078
1,rigtorp_65536_cross-core_paced_itch,0,book,35.8333,36.6666,1289
1,rigtorp_65536_cross-core_paced_itch,0,book,36.6666,37.5,1280
1,rigtorp_65536_cross-core_paced_itch,0,book,37.5,38.3333,1356
1,rigtorp_65536_cross-core_paced_itch,0,book,38.3333,39.1666,1417
1,rigtorp_65536_cross-core_paced_itch,0,book,39.1666,40,1307
1,rigtorp_65536_cross-core_paced_itch,0,book,40,40.8333,1425
1,rigtorp_65536_cross-core_paced_itch,0,book,40.8333,41.6666,1425
1,rigtorp_65536_cross-core_paced_itch,0,book,41.6666,42.5,1444
1,rigtorp_65536_cross-core_paced_itch,0,book,42.5,43.3333,1415
1,rigtorp_65536_cross-core_paced_itch,0,book,43.3333,44.1666,1350
1,rigtorp_65536_cross-core_paced_itch,0,book,44.1666,45,1529
1,rigtorp_65536_cross-core_paced_itch,0,book,45,45.8333,1439
1,rigtorp_65536_cross-core_paced_itch,0,book,45.8333,46.6666,1641
1,rigtorp_65536_cross-core_paced_itch,0,book,46.6666,47.5,1602
1,rigtorp_65536_cross-core_paced_itch,0,book,47.5,48.3333,1659
1,rigtorp_65536_cross-core_paced_itch,0,book,48.3333,49.1666,1884
1,rigtorp_65536_cross-core_paced_itch,0,book,49.1666,50,1810
1,rigtorp_65536_cross-core_paced_itch,0,book,50,50.8333,1964
1,rigtorp_65536_cross-core_paced_itch,0,book,50.8333,51.6666,1763
1,rigtorp_65536_cross-core_paced_itch,0,book,51.6666,52.5,1806
1,rigtorp_65536_cross-core_paced_itch,0,book,52.5,53.3333,1764
1,rigtorp_65536_cross-core_paced_itch,0,book,53.3333,55,3440
1,rigtorp_65536_cross-core_paced_itch,0,book,55,56.6666,3115
1,rigtorp_65536_cross-core_paced_itch,0,book,56.6666,58.3333,2901
1,rigtorp_65536_cross-core_paced_itch,0,book,58.3333,60,2795
1,rigtorp_65536_cross-core_paced_itch,0,book,60,61.6666,2900
1,rigtorp_65536_cross-core_paced_itch,0,book,61.6666,63.3333,2898
1,rigtorp_65536_cross-core_paced_itch,0,book,63.3333,65,2906
1,rigtorp_65536_cross-core_paced_itch,0,book,65,66.6666,2544
1,rigtorp_65536_cross-core_paced_itch,0,book,66.6666,68.3333,2327
1,rigtorp_65536_cross-core_paced_itch,0,book,68.3333,70,1996
1,rigtorp_65536_cross-core_paced_itch,0,book,70,71.6666,1994
1,rigtorp_65536_cross-core_paced_itch,0,book,71.6666,73.3333,1827
1,rigtorp_65536_cross-core_paced_itch,0,book,73.3333,75,1801
1,rigtorp_65536_cross-core_paced_itch,0,book,75,76.6666,1648
1,rigtorp_65536_cross-core_paced_itch,0,book,76.6666,78.3333,1578
1,rigtorp_65536_cross-core_paced_itch,0,book,78.3333,80,1577
1,rigtorp_65536_cross-core_paced_itch,0,book,80,81.6666,1627
1,rigtorp_65536_cross-core_paced_itch,0,book,81.6666,83.3333,1585
1,rigtorp_65536_cross-core_paced_itch,0,book,83.3333,85,1476
1,rigtorp_65536_cross-core_paced_itch,0,book,85,86.6666,1446
1,rigtorp_65536_cross-core_paced_itch,0,book,86.6666,88.3333,1323
1,rigtorp_65536_cross-core_paced_itch,0,book,88.3333,90,1317
1,rigtorp_65536_cross-core_paced_itch,0,book,90,91.6666,1412
1,rigtorp_65536_cross-core_paced_itch,0,book,91.6666,93.3333,1309
1,rigtorp_65536_cross-core_paced_itch,0,book,93.3333,95,1359
1,rigtorp_65536_cross-core_paced_itch,0,book,95,96.6666,1270
1,rigtorp_65536_cross-core_paced_itch,0,book,96.6666,98.3333,1228
1,rigtorp_65536_cross-core_paced_itch,0,book,98.3333,100,1186
1,rigtorp_65536_cross-core_paced_itch,0,book,100,101.667,1232
1,rigtorp_65536_cross-core_paced_itch,0,book,101.667,103.333,1166
1,rigtorp_65536_cross-core_paced_itch,0,book,103.333,105,1117
1,rigtorp_65536_cross-core_paced_itch,0,book,105,106.667,1127
1,rigtorp_65536_cross-core_paced_itch,0,book,106.667,110,2302
1,rigtorp_65536_cross-core_paced_itch,0,book,110,113.333,2961
1,rigtorp_65536_cross-core_paced_itch,0,book,113.333,116.667,4819
1,rigtorp_65536_cross-core_paced_itch,0,book,116.667,120,5992
1,rigtorp_65536_cross-core_paced_itch,0,book,120,123.333,5302
1,rigtorp_65536_cross-core_paced_itch,0,book,123.333,126.667,6167
1,rigtorp_65536_cross-core_paced_itch,0,book,126.667,130,9014
1,rigtorp_65536_cross-core_paced_itch,0,book,130,133.333,10300
1,rigtorp_65536_cross-core_paced_itch,0,book,133.333,136.667,8013
1,rigtorp_65536_cross-core_paced_itch,0,book,136.667,140,6664
1,rigtorp_65536_cross-core_paced_itch,0,book,140,143.333,7631
1,rigtorp_65536_cross-core_paced_itch,0,book,143.333,146.667,6895
1,rigtorp_65536_cross-core_paced_itch,0,book,146.667,150,4964
1,rigtorp_65536_cross-core_paced_itch,0,book,150,153.333,4327
1,rigtorp_65536_cross-core_paced_itch,0,book,153.333,156.667,3313
1,rigtorp_65536_cross-core_paced_itch,0,book,156.667,160,2607
1,rigtorp_65536_cross-core_paced_itch,0,book,160,163.333,2367
1,rigtorp_65536_cross-core_paced_itch,0,book,163.333,166.667,2342
1,rigtorp_65536_cross-core_paced_itch,0,book,166.667,170,2178
1,rigtorp_65536_cross-core_paced_itch,0,book,170,173.333,2092
1,rigtorp_65536_cross-core_paced_itch,0,book,173.333,176.667,1834
1,rigtorp_65536_cross-core_paced_itch,0,book,176.667,180,1682
1,rigtorp_65536_cross-core_paced_itch,0,book,180,183.333,1599
1,rigtorp_65536_cross-core_paced_itch,0,book,183.333,186.667,1570
1,rigtorp_65536_cross-core_paced_itch,0,book,186.667,190,1403
1,rigtorp_65536_cross-core_paced_itch,0,book,190,193.333,1377
1,rigtorp_65536_cross-core_paced_itch,0,book,193.333,196.667,1330
1,rigtorp_65536_cross-core_paced_itch,0,book,196.667,200,1290
1,rigtorp_65536_cross-core_paced_itch,0,book,200,203.333,1234
1,rigtorp_65536_cross-core_paced_itch,0,book,203.333,206.667,1138
1,rigtorp_65536_cross-core_paced_itch,0,book,206.667,210,1100
1,rigtorp_65536_cross-core_paced_itch,0,book,210,213.333,1095
1,rigtorp_65536_cross-core_paced_itch,0,book,213.333,220,1992
1,rigtorp_65536_cross-core_paced_itch,0,book,220,226.667,1808
1,rigtorp_65536_cross-core_paced_itch,0,book,226.667,233.333,1621
1,rigtorp_65536_cross-core_paced_itch,0,book,233.333,240,1550
1,rigtorp_65536_cross-core_paced_itch,0,book,240,246.667,1314
1,rigtorp_65536_cross-core_paced_itch,0,book,246.667,253.333,1191
1,rigtorp_65536_cross-core_paced_itch,0,book,253.333,260,1217
1,rigtorp_65536_cross-core_paced_itch,0,book,260,266.667,1033
1,rigtorp_65536_cross-core_paced_itch,0,book,266.667,273.333,937
1,rigtorp_65536_cross-core_paced_itch,0,book,273.333,280,893
1,rigtorp_65536_cross-core_paced_itch,0,book,280,286.667,875
1,rigtorp_65536_cross-core_paced_itch,0,book,286.667,293.333,784
1,rigtorp_65536_cross-core_paced_itch,0,book,293.333,300,766
1,rigtorp_65536_cross-core_paced_itch,0,book,300,306.667,738
1,rigtorp_65536_cross-core_paced_itch,0,book,306.667,313.333,724
1,rigtorp_65536_cross-core_paced_itch,0,book,313.333,320,643
1,rigtorp_65536_cross-core_paced_itch,0,book,320,326.667,625
1,rigtorp_65536_cross-core_paced_itch,0,book,326.667,333.333,564
1,rigtorp_65536_cross-core_paced_itch,0,book,333.333,340,572
1,rigtorp_65536_cross-core_paced_itch,0,book,340,346.667,505
1,rigtorp_65536_cross-core_paced_itch,0,book,346.667,353.333,508
1,rigtorp_65536_cross-core_paced_itch,0,book,353.333,360,442
1,rigtorp_65536_cross-core_paced_itch,0,book,360,366.666,425
1,rigtorp_65536_cross-core_paced_itch,0,book,366.666,373.333,431
1,rigtorp_65536_cross-core_paced_itch,0,book,373.333,380,375
1,rigtorp_65536_cross-core_paced_itch,0,book,380,386.666,298
1,rigtorp_65536_cross-core_paced_itch,0,book,386.666,393.333,302
1,rigtorp_65536_cross-core_paced_itch,0,book,393.333,400,260
1,rigtorp_65536_cross-core_paced_itch,0,book,400,406.666,266
1,rigtorp_65536_cross-core_paced_itch,0,book,406.666,413.333,296
1,rigtorp_65536_cross-core_paced_itch,0,book,413.333,420,227
1,rigtorp_65536_cross-core_paced_itch,0,book,420,426.666,213
1,rigtorp_65536_cross-core_paced_itch,0,book,426.666,440,277
1,rigtorp_65536_cross-core_paced_itch,0,book,440,453.333,189
1,rigtorp_65536_cross-core_paced_itch,0,book,453.333,466.666,142
1,rigtorp_65536_cross-core_paced_itch,0,book,466.666,480,112
1,rigtorp_65536_cross-core_paced_itch,0,book,480,493.333,110
1,rigtorp_65536_cross-core_paced_itch,0,book,493.333,506.666,76
1,rigtorp_65536_cross-core_paced_itch,0,book,506.666,520,66
1,rigtorp_65536_cross-core_paced_itch,0,book,520,533.333,59
1,rigtorp_65536_cross-core_paced_itch,0,book,533.333,546.666,38
1,rigtorp_65536_cross-core_paced_itch,0,book,546.666,560,30
1,rigtorp_65536_cross-core_paced_itch,0,book,560,573.333,23
1,rigtorp_65536_cross-core_paced_itch,0,book,573.333,586.666,24
1,rigtorp_65536_cross-core_paced_itch,0,book,586.666,600,18
1,rigtorp_65536_cross-core_paced_itch,0,book,600,613.333,17
1,rigtorp_65536_cross-core_paced_itch,0,book,613.333,626.666,22
1,rigtorp_65536_cross-core_paced_itch,0,book,626.666,640,15
1,rigtorp_65536_cross-core_paced_itch,0,book,640,653.333,25
1,rigtorp_65536_cross-core_paced_itch,0,book,653.333,666.666,26
1,rigtorp_65536_cross-core_paced_itch,0,book,666.666,680,24
1,rigtorp_65536_cross-core_paced_itch,0,book,680,693.333,34
1,rigtorp_65536_cross-core_paced_itch,0,book,693.333,706.666,18
1,rigtorp_65536_cross-core_paced_itch,0,book,706.666,720,29
1,rigtorp_65536_cross-core_paced_itch,0,book,720,733.333,40
1,rigtorp_65536_cross-core_paced_itch,0,book,733.333,746.666,53
1,rigtorp_65536_cross-core_paced_itch,0,book,746.666,760,43
1,rigtorp_65536_cross-core_paced_itch,0,book,760,773.333,41
1,rigtorp_65536_cross-core_paced_itch,0,book,773.333,786.666,41
1,rigtorp_65536_cross-core_paced_itch,0,book,786.666,800,20
1,rigtorp_65536_cross-core_paced_itch,0,book,800,813.333,36
1,rigtorp_65536_cross-core_paced_itch,0,book,813.333,826.666,20
1,rigtorp_65536_cross-core_paced_itch,0,book,826.666,840,25
1,rigtorp_65536_cross-core_paced_itch,0,book,840,853.333,28
1,rigtorp_65536_cross-core_paced_itch,0,book,853.333,880,35
1,rigtorp_65536_cross-core_paced_itch,0,book,880,906.666,21
1,rigtorp_65536_cross-core_paced_itch,0,book,906.666,933.333,24
1,rigtorp_65536_cross-core_paced_itch,0,book,933.333,960,12
1,rigtorp_65536_cross-core_paced_itch,0,book,960,986.666,12
1,rigtorp_65536_cross-core_paced_itch,0,book,986.666,1013.33,12
1,rigtorp_65536_cross-core_paced_itch,0,book,1013.33,1040,9
1,rigtorp_65536_cross-core_paced_itch,0,book,1040,1066.67,2
1,rigtorp_65536_cross-core_paced_itch,0,book,1066.67,1093.33,4
1,rigtorp_65536_cross-core_paced_itch,0,book,1093.33,1120,2
1,rigtorp_65536_cross-core_paced_itch,0,book,1120,1146.67,3
1,rigtorp_65536_cross-core_paced_itch,0,book,1146.67,1173.33,3
1,rigtorp_65536_cross-core_paced_itch,0,book,1173.33,1200,1
1,rigtorp_65536_cross-core_paced_itch,0,book,1200,1226.67,2
1,rigtorp_65536_cross-core_paced_itch,0,book,1226.67,1253.33,2
1,rigtorp_65536_cross-core_paced_itch,0,book,1253.33,1280,3
1,rigtorp_65536_cross-core_paced_itch,0,book,1306.67,1333.33,4
1,rigtorp_65536_cross-core_paced_itch,0,book,1333.33,1360,5
1,rigtorp_65536_cross-core_paced_itch,0,book,1360,1386.67,1
1,rigtorp_65536_cross-core_paced_itch,0,book,1386.67,1413.33,3
1,rigtorp_65536_cross-core_paced_itch,0,book,1413.33,1440,3
1,rigtorp_65536_cross-core_paced_itch,0,book,1440,1466.67,4
1,rigtorp_65536_cross-core_paced_itch,0,book,1466.67,1493.33,3
1,rigtorp_65536_cross-core_paced_itch,0,book,1493.33,1520,5
1,rigtorp_65536_cross-core_paced_itch,0,book,1520,1546.67,2
1,rigtorp_65536_cross-core_paced_itch,0,book,1546.67,1573.33,4
1,rigtorp_65536_cross-core_paced_itch,0,book,1573.33,1600,2
1,rigtorp_65536_cross-core_paced_itch,0,book,1600,1626.67,3
1,rigtorp_65536_cross-core_paced_itch,0,book,1626.67,1653.33,1
1,rigtorp_65536_cross-core_paced_itch,0,book,1653.33,1680,1
1,rigtorp_65536_cross-core_paced_itch,0,book,1680,1706.67,1
1,rigtorp_65536_cross-core_paced_itch,0,book,1706.67,1760,2
1,rigtorp_65536_cross-core_paced_itch,0,book,1760,1813.33,3
1,rigtorp_65536_cross-core_paced_itch,0,book,1813.33,1866.67,3
1,rigtorp_65536_cross-core_paced_itch,0,book,1866.67,1920,3
1,rigtorp_65536_cross-core_paced_itch,0,book,1920,1973.33,4
1,rigtorp_65536_cross-core_paced_itch,0,book,1973.33,2026.67,15
1,rigtorp_65536_cross-core_paced_itch,0,book,2026.67,2080,16
1,rigtorp_65536_cross-core_paced_itch,0,book,2080,2133.33,12
1,rigtorp_65536_cross-core_paced_itch,0,book,2133.33,2186.67,22
1,rigtorp_65536_cross-core_paced_itch,0,book,2186.67,2240,15
1,rigtorp_65536_cross-core_paced_itch,0,book,2240,2293.33,18
1,rigtorp_65536_cross-core_paced_itch,0,book,2293.33,2346.67,17
1,rigtorp_65536_cross-core_paced_itch,0,book,2346.67,2400,11
1,rigtorp_65536_cross-core_paced_itch,0,book,2400,2453.33,8
1,rigtorp_65536_cross-core_paced_itch,0,book,2453.33,2506.67,3
1,rigtorp_65536_cross-core_paced_itch,0,book,2506.67,2560,2
1,rigtorp_65536_cross-core_paced_itch,0,book,2560,2613.33,4
1,rigtorp_65536_cross-core_paced_itch,0,book,2666.67,2720,1
1,rigtorp_65536_cross-core_paced_itch,0,book,3413.33,3520,3
1,rigtorp_65536_cross-core_paced_itch,0,book,3520,3626.66,2
1,rigtorp_65536_cross-core_paced_itch,0,book,3626.66,3733.33,2
1,rigtorp_65536_cross-core_paced_itch,0,book,3733.33,3840,4
1,rigtorp_65536_cross-core_paced_itch,0,book,4053.33,4160,1
1,rigtorp_65536_cross-core_paced_itch,0,book,4160,4266.66,2
1,rigtorp_65536_cross-core_paced_itch,0,book,4373.33,4480,1
1,rigtorp_65536_cross-core_paced_itch,0,book,4800,4906.66,1
1,rigtorp_65536_cross-core_paced_itch,0,book,5226.66,5333.33,1
1,rigtorp_65536_cross-core_paced_itch,0,book,5333.33,5440,2
1,rigtorp_65536_cross-core_paced_itch,0,book,5440,5546.66,1
1,rigtorp_65536_cross-core_paced_itch,0,book,5546.66,5653.33,1
1,rigtorp_65536_cross-core_paced_itch,0,book,5760,5866.66,1
1,rigtorp_65536_cross-core_paced_itch,0,book,6080,6186.66,1
1,rigtorp_65536_cross-core_paced_itch,0,book,6186.66,6293.33,1
1,rigtorp_65536_cross-core_paced_itch,0,book,7253.33,7466.66,1
1,rigtorp_65536_cross-core_paced_itch,0,book,7893.33,8106.66,1
2,rigtorp_65536_cross-core_paced_itch,0,total,200,203.333,1
2,rigtorp_65536_cross-core_paced_itch,0,total,206.667,210,1
2,rigtorp_65536_cross-core_paced_itch,0,total,213.333,220,1
2,rigtorp_65536_cross-core_paced_itch,0,total,220,226.667,1
2,rigtorp_65536_cross-core_paced_itch,0,total,226.667,233.333,4
2,rigtorp_65536_cross-core_paced_itch,0,total,233.333,240,2
2,rigtorp_65536_cross-core_paced_itch,0,total,240,246.667,2
2,rigtorp_65536_cross-core_paced_itch,0,total,246.667,253.333,3
2,rigtorp_65536_cross-core_paced_itch,0,total,253.333,260,5
2,rigtorp_65536_cross-core_paced_itch,0,total,260,266.667,6
2,rigtorp_65536_cross-core_paced_itch,0,total,266.667,273.333,7
2,rigtorp_65536_cross-core_paced_itch,0,total,273.333,280,12
2,rigtorp_65536_cross-core_paced_itch,0,total,280,286.667,13
2,rigtorp_65536_cross-core_paced_itch,0,total,286.667,293.333,21
2,rigtorp_65536_cross-core_paced_itch,0,total,293.333,300,27
2,rigtorp_65536_cross-core_paced_itch,0,total,300,306.667,27
2,rigtorp_65536_cross-core_paced_itch,0,total,306.667,313.333,20
2,rigtorp_65536_cross-core_paced_itch,0,total,313.333,320,40
2,rigtorp_65536_cross-core_paced_itch,0,total,320,326.667,49
2,rigtorp_65536_cross-core_paced_itch,0,total,326.667,333.333,65
2,rigtorp_65536_cross-core_paced_itch,0,total,333.333,340,76
2,rigtorp_65536_cross-core_paced_itch,0,total,340,346.667,92
2,rigtorp_65536_cross-core_paced_itch,0,total,346.667,353.333,81
2,rigtorp_65536_cross-core_paced_itch,0,total,353.333,360,115
2,rigtorp_65536_cross-core_paced_itch,0,total,360,366.666,128
2,rigtorp_65536_cross-core_paced_itch,0,total,366.666,373.333,138
2,rigtorp_65536_cross-core_paced_itch,0,total,373.333,380,174
2,rigtorp_65536_cross-core_paced_itch,0,total,380,386.666,173
2,rigtorp_65536_cross-core_paced_itch,0,total,386.666,393.333,284
2,rigtorp_65536_cross-core_paced_itch,0,total,393.333,400,407
2,rigtorp_65536_cross-core_paced_itch,0,total,400,406.666,481
2,rigtorp_65536_cross-core_paced_itch,0,total,406.666,413.333,746
2,rigtorp_65536_cross-core_paced_itch,0,total,413.333,420,987
2,rigtorp_65536_cross-core_paced_itch,0,total,420,426.666,1398
2,rigtorp_65536_cross-core_paced_itch,0,total,426.666,440,3970
2,rigtorp_65536_cross-core_paced_itch,0,total,440,453.333,5948
2,rigtorp_65536_cross-core_paced_itch,0,total,453.333,466.666,7311
2,rigtorp_65536_cross-core_paced_itch,0,total,466.666,480,8228
2,rigtorp_65536_cross-core_paced_itch,0,total,480,493.333,8497
2,rigtorp_65536_cross-core_paced_itch,0,total,493.333,506.666,8450
2,rigtorp_65536_cross-core_paced_itch,0,total,506.666,520,8939
2,rigtorp_65536_cross-core_paced_itch,0,total,520,533.333,10232
2,rigtorp_65536_cross-core_paced_itch,0,total,533.333,546.666,10861
2,rigtorp_65536_cross-core_paced_itch,0,total,546.666,560,11228
2,rigtorp_65536_cross-core_paced_itch,0,total,560,573.333,10951
2,rigtorp_65536_cross-core_paced_itch,0,total,573.333,586.666,9699
2,rigtorp_65536_cross-core_paced_itch,0,total,586.666,600,8189
2,rigtorp_65536_cross-core_paced_itch,0,total,600,613.333,7562
2,rigtorp_65536_cross-core_paced_itch,0,total,613.333,626.666,7108
2,rigtorp_65536_cross-core_paced_itch,0,total,626.666,640,6225
2,rigtorp_65536_cross-core_paced_itch,0,total,640,653.333,5461
2,rigtorp_65536_cross-core_paced_itch,0,total,653.333,666.666,4913
2,rigtorp_65536_cross-core_paced_itch,0,total,666.666,680,4481
2,rigtorp_65536_cross-core_paced_itch,0,total,680,693.333,4230
2,rigtorp_65536_cross-core_paced_itch,0,total,693.333,706.666,3668
2,rigtorp_65536_cross-core_paced_itch,0,total,706.666,720,3118
2,rigtorp_65536_cross-core_paced_itch,0,total,720,733.333,2749
2,rigtorp_65536_cross-core_paced_itch,0,total,733.333,746.666,2354
2,rigtorp_65536_cross-core_paced_itch,0,total,746.666,760,2207
2,rigtorp_65536_cross-core_paced_itch,0,total,760,773.333,1977
2,rigtorp_65536_cross-core_paced_itch,0,total,773.333,786.666,1757
2,rigtorp_65536_cross-core_paced_itch,0,total,786.666,800,1644
2,rigtorp_65536_cross-core_paced_itch,0,total,800,813.333,1455
2,rigtorp_65536_cross-core_paced_itch,0,total,813.333,826.666,1300
2,rigtorp_65536_cross-core_paced_itch,0,total,826.666,840,1268
2,rigtorp_65536_cross-core_paced_itch,0,total,840,853.333,1151
2,rigtorp_65536_cross-core_paced_itch,0,total,853.333,880,2022
2,rigtorp_65536_cross-core_paced_itch,0,total,880,906.666,1697
2,rigtorp_65536_cross-core_paced_itch,0,total,906.666,933.333,1465
2,rigtorp_65536_cross-core_paced_itch,0,total,933.333,960,1393
2,rigtorp_65536_cross-core_paced_itch,0,total,960,986.666,1202
2,rigtorp_65536_cross-core_paced_itch,0,total,986.666,1013.33,1152
2,rigtorp_65536_cross-core_paced_itch,0,total,1013.33,1040,1120
2,rigtorp_65536_cross-core_paced_itch,0,total,1040,1066.67,1044
2,rigtorp_65536_cross-core_paced_itch,0,total,1066.67,1093.33,1010
2,rigtorp_65536_cross-core_paced_itch,0,total,1093.33,1120,989
2,rigtorp_65536_cross-core_paced_itch,0,total,1120,1146.67,961
2,rigtorp_65536_cross-core_paced_itch,0,total,1146.67,1173.33,1042
2,rigtorp_65536_cross-core_paced_itch,0,total,1173.33,1200,872
2,rigtorp_65536_cross-core_paced_itch,0,total,1200,1226.67,861
2,rigtorp_65536_cross-core_paced_itch,0,total,1226.67,1253.33,837
2,rigtorp_65536_cross-core_paced_itch,0,total,1253.33,1280,868
2,rigtorp_65536_cross-core_paced_itch,0,total,1280,1306.67,825
2,rigtorp_65536_cross-core_paced_itch,0,total,1306.67,1333.33,825
2,rigtorp_65536_cross-core_paced_itch,0,total,1333.33,1360,824
2,rigtorp_65536_cross-core_paced_itch,0,total,1360,1386.67,756
2,rigtorp_65536_cross-core_paced_itch,0,total,1386.67,1413.33,825
2,rigtorp_65536_cross-core_paced_itch,0,total,1413.33,1440,692
2,rigtorp_65536_cross-core_paced_itch,0,total,1440,1466.67,752
2,rigtorp_65536_cross-core_paced_itch,0,total,1466.67,1493.33,713
2,rigtorp_65536_cross-core_paced_itch,0,total,1493.33,1520,680
2,rigtorp_65536_cross-core_paced_itch,0,total,1520,1546.67,683
2,rigtorp_65536_cross-core_paced_itch,0,total,1546.67,1573.33,694
2,rigtorp_65536_cross-core_paced_itch,0,total,1573.33,1600,667
2,rigtorp_65536_cross-core_paced_itch,0,total,1600,1626.67,679
2,rigtorp_65536_cross-core_paced_itch,0,total,1626.67,1653.33,616
2,rigtorp_65536_cross-core_paced_itch,0,total,1653.33,1680,649
2,rigtorp_65536_cross-core_paced_itch,0,total,1680,1706.67,643
2,rigtorp_65536_cross-core_paced_itch,0,total,1706.67,1760,1262
2,rigtorp_65536_cross-core_paced_itch,0,total,1760,1813.33,1258
2,rigtorp_65536_cross-core_paced_itch,0,total,1813.33,1866.67,1170
2,rigtorp_65536_cross-core_paced_itch,0,total,1866.67,1920,1184
2,rigtorp_65536_cross-core_paced_itch,0,total,1920,1973.33,1197
2,rigtorp_65536_cross-core_paced_itch,0,total,1973.33,2026.67,1147
2,rigtorp_65536_cross-core_paced_itch,0,total,2026.67,2080,1096
2,rigtorp_65536_cross-core_paced_itch,0,total,2080,2133.33,1088
2,rigtorp_65536_cross-core_paced_itch,0,total,2133.33,2186.67,1056
2,rigtorp_65536_cross-core_paced_itch,0,total,2186.67,2240,1040
2,rigtorp_65536_cross-core_paced_itch,0,total,2240,2293.33,1069
2,rigtorp_65536_cross-core_paced_itch,0,total,2293.33,2346.67,1011
2,rigtorp_65536_cross-core_paced_itch,0,total,2346.67,2400,964
2,rigtorp_65536_cross-core_paced_itch,0,total,2400,2453.33,959
2,rigtorp_65536_cross-core_paced_itch,0,total,2453.33,2506.67,910
2,rigtorp_65536_cross-core_paced_itch,0,total,2506.67,2560,946
2,rigtorp_65536_cross-core_paced_itch,0,total,2560,2613.33,885
2,rigtorp_65536_cross-core_paced_itch,0,total,2613.33,2666.67,880
2,rigtorp_65536_cross-core_paced_itch,0,total,2666.67,2720,842
2,rigtorp_65536_cross-core_paced_itch,0,total,2720,2773.33,817
2,rigtorp_65536_cross-core_paced_itch,0,total,2773.33,2826.67,782
2,rigtorp_65536_cross-core_paced_itch,0,total,2826.67,2880,745
2,rigtorp_65536_cross-core_paced_itch,0,total,2880,2933.33,758
2,rigtorp_65536_cross-core_paced_itch,0,total,2933.33,2986.67,746
2,rigtorp_65536_cross-core_paced_itch,0,total,2986.67,3040,680
2,rigtorp_65536_cross-core_paced_itch,0,total,3040,3093.33,673
2,rigtorp_65536_cross-core_paced_itch,0,total,3093.33,3146.67,657
2,rigtorp_65536_cross-core_paced_itch,0,total,3146.67,3200,645
2,rigtorp_65536_cross-core_paced_itch,0,total,3200,3253.33,676
2,rigtorp_65536_cross-core_paced_itch,0,total,3253.33,3306.67,585
2,rigtorp_65536_cross-core_paced_itch,0,total,3306.67,3360,544
2,rigtorp_65536_cross-core_paced_itch,0,total,3360,3413.33,562
2,rigtorp_65536_cross-core_paced_itch,0,total,3413.33,3520,1068
2,rigtorp_65536_cross-core_paced_itch,0,total,3520,3626.66,1026
2,rigtorp_65536_cross-core_paced_itch,0,total,3626.66,3733.33,940
2,rigtorp_65536_cross-core_paced_itch,0,total,3733.33,3840,855
2,rigtorp_65536_cross-core_paced_itch,0,total,3840,3946.66,778
2,rigtorp_65536_cross-core_paced_itch,0,total,3946.66,4053.33,773
2,rigtorp_65536_cross-core_paced_itch,0,total,4053.33,4160,719
2,rigtorp_65536_cross-core_paced_itch,0,total,4160,4266.66,653
2,rigtorp_65536_cross-core_paced_itch,0,total,4266.66,4373.33,581
2,rigtorp_65536_cross-core_paced_itch,0,total,4373.33,4480,583
2,rigtorp_65536_cross-core_paced_itch,0,total,4480,4586.66,527
2,rigtorp_65536_cross-core_paced_itch,0,total,4586.66,4693.33,528
2,rigtorp_65536_cross-core_paced_itch,0,total,4693.33,4800,476
2,rigtorp_65536_cross-core_paced_itch,0,total,4800,4906.66,488
2,rigtorp_65536_cross-core_paced_itch,0,total,4906.66,5013.33,422
2,rigtorp_65536_cross-core_paced_itch,0,total,5013.33,5120,422
2,rigtorp_65536_cross-core_paced_itch,0,total,5120,5226.66,372
2,rigtorp_65536_cross-core_paced_itch,0,total,5226.66,5333.33,339
2,rigtorp_65536_cross-core_paced_itch,0,total,5333.33,5440,331
2,rigtorp_65536_cross-core_paced_itch,0,total,5440,5546.66,306
2,rigtorp_65536_cross-core_paced_itch,0,total,5546.66,5653.33,310
2,rigtorp_65536_cross-core_paced_itch,0,total,5653.33,5760,314
2,rigtorp_65536_cross-core_paced_itch,0,total,5760,5866.66,281
2,rigtorp_65536_cross-core_paced_itch,0,total,5866.66,5973.33,275
2,rigtorp_65536_cross-core_paced_itch,0,total,5973.33,6080,246
2,rigtorp_65536_cross-core_paced_itch,0,total,6080,6186.66,262
2,rigtorp_65536_cross-core_paced_itch,0,total,6186.66,6293.33,269
2,rigtorp_65536_cross-core_paced_itch,0,total,6293.33,6400,219
2,rigtorp_65536_cross-core_paced_itch,0,total,6400,6506.66,253
2,rigtorp_65536_cross-core_paced_itch,0,total,6506.66,6613.33,229
2,rigtorp_65536_cross-core_paced_itch,0,total,6613.33,6720,208
2,rigtorp_65536_cross-core_paced_itch,0,total,6720,6826.66,214
2,rigtorp_65536_cross-core_paced_itch,0,total,6826.66,7040,396
2,rigtorp_65536_cross-core_paced_itch,0,total,7040,7253.33,370
2,rigtorp_65536_cross-core_paced_itch,0,total,7253.33,7466.66,345
2,rigtorp_65536_cross-core_paced_itch,0,total,7466.66,7680,344
2,rigtorp_65536_cross-core_paced_itch,0,total,7680,7893.33,314
2,rigtorp_65536_cross-core_paced_itch,0,total,7893.33,8106.66,280
2,rigtorp_65536_cross-core_paced_itch,0,total,8106.66,8320,249
2,rigtorp_65536_cross-core_paced_itch,0,total,8320,8533.33,197
2,rigtorp_65536_cross-core_paced_itch,0,total,8533.33,8746.66,155
2,rigtorp_65536_cross-core_paced_itch,0,total,8746.66,8960,143
2,rigtorp_65536_cross-core_paced_itch,0,total,8960,9173.33,109
2,rigtorp_65536_cross-core_paced_itch,0,total,9173.33,9386.66,80
2,rigtorp_65536_cross-core_paced_itch,0,total,9386.66,9600,60
2,rigtorp_65536_cross-core_paced_itch,0,total,9600,9813.33,60
2,rigtorp_65536_cross-core_paced_itch,0,total,9813.33,10026.7,30
2,rigtorp_65536_cross-core_paced_itch,0,total,10026.7,10240,31
2,rigtorp_65536_cross-core_paced_itch,0,total,10240,10453.3,23
2,rigtorp_65536_cross-core_paced_itch,0,total,10453.3,10666.7,19
2,rigtorp_65536_cross-core_paced_itch,0,total,10666.7,10880,17
2,rigtorp_65536_cross-core_paced_itch,0,total,10880,11093.3,9
2,rigtorp_65536_cross-core_paced_itch,0,total,11093.3,11306.7,14
2,rigtorp_65536_cross-core_paced_itch,0,total,11306.7,11520,15
2,rigtorp_65536_cross-core_paced_itch,0,total,11520,11733.3,7
2,rigtorp_65536_cross-core_paced_itch,0,total,11733.3,11946.7,8
2,rigtorp_65536_cross-core_paced_itch,0,total,11946.7,12160,7
2,rigtorp_65536_cross-core_paced_itch,0,total,12160,12373.3,9
2,rigtorp_65536_cross-core_paced_itch,0,total,12373.3,12586.7,12
2,rigtorp_65536_cross-core_paced_itch,0,total,12586.7,12800,17
2,rigtorp_65536_cross-core_paced_itch,0,total,12800,13013.3,9
2,rigtorp_65536_cross-core_paced_itch,0,total,13013.3,13226.7,9
2,rigtorp_65536_cross-core_paced_itch,0,total,13226.7,13440,12
2,rigtorp_65536_cross-core_paced_itch,0,total,13440,13653.3,8
2,rigtorp_65536_cross-core_paced_itch,0,total,13653.3,14080,24
2,rigtorp_65536_cross-core_paced_itch,0,total,14080,14506.7,33
2,rigtorp_65536_cross-core_paced_itch,0,total,14506.7,14933.3,12
2,rigtorp_65536_cross-core_paced_itch,0,total,14933.3,15360,19
2,rigtorp_65536_cross-core_paced_itch,0,total,15360,15786.7,16
2,rigtorp_65536_cross-core_paced_itch,0,total,15786.7,16213.3,11
2,rigtorp_65536_cross-core_paced_itch,0,total,16213.3,16640,3
2,rigtorp_65536_cross-core_paced_itch,0,total,16640,17066.7,3
2,rigtorp_65536_cross-core_paced_itch,0,total,17066.7,17493.3,5
2,rigtorp_65536_cross-core_paced_itch,0,total,17493.3,17920,8
2,rigtorp_65536_cross-core_paced_itch,0,total,17920,18346.7,8
2,rigtorp_65536_cross-core_paced_itch,0,total,18346.7,18773.3,6
2,rigtorp_65536_cross-core_paced_itch,0,total,18773.3,19200,5
2,rigtorp_65536_cross-core_paced_itch,0,total,19200,19626.7,10
2,rigtorp_65536_cross-core_paced_itch,0,total,19626.7,20053.3,11
2,rigtorp_65536_cross-core_paced_itch,0,total,20053.3,20480,11
2,rigtorp_65536_cross-core_paced_itch,0,total,20480,20906.7,5
2,rigtorp_65536_cross-core_paced_itch,0,total,20906.7,21333.3,3
2,rigtorp_65536_cross-core_paced_itch,0,total,21333.3,21760,1
2,rigtorp_65536_cross-core_paced_itch,0,total,21760,22186.7,8
2,rigtorp_65536_cross-core_paced_itch,0,total,22186.7,22613.3,6
2,rigtorp_65536_cross-core_paced_itch,0,total,22613.3,23040,4
2,rigtorp_65536_cross-core_paced_itch,0,total,23040,23466.7,3
2,rigtorp_65536_cross-core_paced_itch,0,total,23466.7,23893.3,5
2,rigtorp_65536_cross-core_paced_itch,0,total,23893.3,24320,5
2,rigtorp_65536_cross-core_paced_itch,0,total,24320,24746.7,5
2,rigtorp_65536_cross-core_paced_itch,0,total,24746.7,25173.3,4
2,rigtorp_65536_cross-core_paced_itch,0,total,25173.3,25600,6
2,rigtorp_65536_cross-core_paced_itch,0,total,25600,26026.7,3
2,rigtorp_65536_cross-core_paced_itch,0,total,26026.7,26453.3,6
2,rigtorp_65536_cross-core_paced_itch,0,total,26453.3,26880,1
2,rigtorp_65536_cross-core_paced_itch,0,total,26880,27306.7,3
2,rigtorp_65536_cross-core_paced_itch,0,total,27306.7,28160,8
2,rigtorp_65536_cross-core_paced_itch,0,total,28160,29013.3,1
2,rigtorp_65536_cross-core_paced_itch,0,total,29013.3,29866.7,6
2,rigtorp_65536_cross-core_paced_itch,0,total,29866.7,30720,7
2,rigtorp_65536_cross-core_paced_itch,0,total,30720,31573.3,2
2,rigtorp_65536_cross-core_paced_itch,0,total,31573.3,32426.7,5
2,rigtorp_65536_cross-core_paced_itch,0,total,32426.7,33280,8
2,rigtorp_65536_cross-core_paced_itch,0,total,33280,34133.3,8
2,rigtorp_65536_cross-core_paced_itch,0,total,34133.3,34986.7,5
2,rigtorp_65536_cross-core_paced_itch,0,total,34986.7,35840,9
2,rigtorp_65536_cross-core_paced_itch,0,total,35840,36693.3,11
2,rigtorp_65536_cross-core_paced_itch,0,total,36693.3,37546.6,17
2,rigtorp_65536_cross-core_paced_itch,0,total,37546.6,38400,10
2,rigtorp_65536_cross-core_paced_itch,0,total,38400,39253.3,6
2,rigtorp_65536_cross-core_paced_itch,0,total,39253.3,40106.6,3
2,rigtorp_65536_cross-core_paced_itch,0,total,40106.6,40960,3
2,rigtorp_65536_cross-core_paced_itch,0,total,40960,41813.3,5
2,rigtorp_65536_cross-core_paced_itch,0,total,41813.3,42666.6,3
2,rigtorp_65536_cross-core_paced_itch,0,total,42666.6,43520,1
2,rigtorp_65536_cross-core_paced_itch,0,total,43520,44373.3,4
2,rigtorp_65536_cross-core_paced_itch,0,total,44373.3,45226.6,4
2,rigtorp_65536_cross-core_paced_itch,0,total,45226.6,46080,8
2,rigtorp_65536_cross-core_paced_itch,0,total,46080,46933.3,6
2,rigtorp_65536_cross-core_paced_itch,0,total,46933.3,47786.6,6
2,rigtorp_65536_cross-core_paced_itch,0,total,47786.6,48640,9
2,rigtorp_65536_cross-core_paced_itch,0,total,48640,49493.3,10
2,rigtorp_65536_cross-core_paced_itch,0,total,49493.3,50346.6,9
2,rigtorp_65536_cross-core_paced_itch,0,total,50346.6,51200,6
2,rigtorp_65536_cross-core_paced_itch,0,total,51200,52053.3,7
2,rigtorp_65536_cross-core_paced_itch,0,total,52053.3,52906.6,6
2,rigtorp_65536_cross-core_paced_itch,0,total,52906.6,53760,8
2,rigtorp_65536_cross-core_paced_itch,0,total,53760,54613.3,3
2,rigtorp_65536_cross-core_paced_itch,0,total,54613.3,56320,5
2,rigtorp_65536_cross-core_paced_itch,0,total,56320,58026.6,20
2,rigtorp_65536_cross-core_paced_itch,0,total,58026.6,59733.3,31
2,rigtorp_65536_cross-core_paced_itch,0,total,59733.3,61440,22
2,rigtorp_65536_cross-core_paced_itch,0,total,61440,63146.6,14
2,rigtorp_65536_cross-core_paced_itch,0,total,63146.6,64853.3,36
2,rigtorp_65536_cross-core_paced_itch,0,total,64853.3,66560,16
2,rigtorp_65536_cross-core_paced_itch,0,total,66560,68266.6,23
2,rigtorp_65536_cross-core_paced_itch,0,total,68266.6,69973.3,22
2,rigtorp_65536_cross-core_paced_itch,0,total,69973.3,71680,34
2,rigtorp_65536_cross-core_paced_itch,0,total,71680,73386.6,27
2,rigtorp_65536_cross-core_paced_itch,0,total,73386.6,75093.3,14
2,rigtorp_65536_cross-core_paced_itch,0,total,75093.3,76800,20
2,rigtorp_65536_cross-core_paced_itch,0,total,76800,78506.6,9
2,rigtorp_65536_cross-core_paced_itch,0,total,78506.6,80213.3,2
2,rigtorp_65536_cross-core_paced_itch,0,total,80213.3,81920,7
2,rigtorp_65536_cross-core_paced_itch,0,total,81920,83626.6,6
2,rigtorp_65536_cross-core_paced_itch,0,total,83626.6,85333.3,7
2,rigtorp_65536_cross-core_paced_itch,0,total,85333.3,87040,6
2,rigtorp_65536_cross-core_paced_itch,0,total,95573.3,97280,1
2,rigtorp_65536_cross-core_paced_itch,0,total,97280,98986.6,1
2,rigtorp_65536_cross-core_paced_itch,0,total,109227,112640,1
2,rigtorp_65536_cross-core_paced_itch,0,total,139947,143360,1
2,rigtorp_65536_cross-core_paced_itch,0,total,160427,163840,1
2,rigtorp_65536_cross-core_paced_itch,0,total,184320,187733,1
2,rigtorp_65536_cross-core_paced_itch,0,total,204800,208213,1
2,rigtorp_65536_cross-core_paced_itch,0,total,208213,211627,1
2,rigtorp_65536_cross-core_paced_itch,0,total,211627,215040,1
2,rigtorp_65536_cross-core_paced_itch,0,total,215040,218453,1
2,rigtorp_65536_cross-core_paced_itch,0,total,232107,238933,1
2,rigtorp_65536_cross-core_paced_itch,0,total,252587,259413,1
2,rigtorp_65536_cross-core_paced_itch,0,total,259413,266240,1
2,rigtorp_65536_cross-core_paced_itch,0,total,273067,279893,1
2,rigtorp_65536_cross-core_paced_itch,0,total,286720,293547,1
2,rigtorp_65536_cross-core_paced_itch,0,total,300373,307200,2
2,rigtorp_65536_cross-core_paced_itch,0,total,314027,320853,1
2,rigtorp_65536_cross-core_paced_itch,0,total,320853,327680,1
2,rigtorp_65536_cross-core_paced_itch,0,total,334507,341333,1
2,rigtorp_65536_cross-core_paced_itch,0,total,361813,368640,1
2,rigtorp_65536_cross-core_paced_itch,0,total,368640,375466,1
2,rigtorp_65536_cross-core_paced_itch,0,total,375466,382293,3
2,rigtorp_65536_cross-core_paced_itch,0,total,382293,389120,1
2,rigtorp_65536_cross-core_paced_itch,0,total,389120,395946,3
2,rigtorp_65536_cross-core_paced_itch,0,total,395946,402773,1
2,rigtorp_65536_cross-core_paced_itch,0,total,402773,409600,2
2,rigtorp_65536_cross-core_paced_itch,0,total,436906,450560,1
2,rigtorp_65536_cross-core_paced_itch,0,total,464213,477866,3
2,rigtorp_65536_cross-core_paced_itch,0,total,477866,491520,1
2,rigtorp_65536_cross-core_paced_itch,0,total,491520,505173,5
2,rigtorp_65536_cross-core_paced_itch,0,total,505173,518826,1
2,rigtorp_65536_cross-core_paced_itch,0,queue,120,123.333,1
2,rigtorp_65536_cross-core_paced_itch,0,queue,140,143.333,1
2,rigtorp_65536_cross-core_paced_itch,0,queue,143.333,146.667,1
2,rigtorp_65536_cross-core_paced_itch,0,queue,150,153.333,1
2,rigtorp_65536_cross-core_paced_itch,0,queue,156.667,160,2
2,rigtorp_65536_cross-core_paced_itch,0,queue,166.667,170,1
2,rigtorp_65536_cross-core_paced_itch,0,queue,173.333,176.667,1
2,rigtorp_65536_cross-core_paced_itch,0,queue,180,183.333,4
2,rigtorp_65536_cross-core_paced_itch,0,queue,183.333,186.667,4
2,rigtorp_65536_cross-core_paced_itch,0,queue,186.667,190,1
2,rigtorp_65536_cross-core_paced_itch,0,queue,190,193.333,5
2,rigtorp_65536_cross-core_paced_itch,0,queue,196.667,200,1
2,rigtorp_65536_cross-core_paced_itch,0,queue,200,203.333,3
2,rigtorp_65536_cross-core_paced_itch,0,queue,203.333,206.667,4
2,rigtorp_65536_cross-core_paced_itch,0,queue,206.667,210,1
2,rigtorp_65536_cross-core_paced_itch,0,queue,210,213.333,2
2,rigtorp_65536_cross-core_paced_itch,0,queue,213.333,220,17
2,rigtorp_65536_cross-core_paced_itch,0,queue,220,226.667,18
2,rigtorp_65536_cross-core_paced_itch,0,queue,226.667,233.333,29
2,rigtorp_65536_cross-core_paced_itch,0,queue,233.333,240,42
2,rigtorp_65536_cross-core_paced_itch,0,queue,240,246.667,38
2,rigtorp_65536_cross-core_paced_itch,0,queue,246.667,253.333,45
2,rigtorp_65536_cross-core_paced_itch,0,queue,253.333,260,46
2,rigtorp_65536_cross-core_paced_itch,0,queue,260,266.667,69
2,rigtorp_65536_cross-core_paced_itch,0,queue,266.667,273.333,123
2,rigtorp_65536_cross-core_paced_itch,0,queue,273.333,280,146
2,rigtorp_65536_cross-core_paced_itch,0,queue,280,286.667,144
2,rigtorp_65536_cross-core_paced_itch,0,queue,286.667,293.333,178
2,rigtorp_65536_cross-core_paced_itch,0,queue,293.333,300,236
2,rigtorp_65536_cross-core_paced_itch,0,queue,300,306.667,285
2,rigtorp_65536_cross-core_paced_itch,0,queue,306.667,313.333,294
2,rigtorp_65536_cross-core_paced_itch,0,queue,313.333,320,323
2,rigtorp_65536_cross-core_paced_itch,0,queue,320,326.667,382
2,rigtorp_65536_cross-core_paced_itch,0,queue,326.667,333.333,418
2,rigtorp_65536_cross-core_paced_itch,0,queue,333.333,340,471
2,rigtorp_65536_cross-core_paced_itch,0,queue,340,346.667,418
2,rigtorp_65536_cross-core_paced_itch,0,queue,346.667,353.333,447
2,rigtorp_65536_cross-core_paced_itch,0,queue,353.333,360,478
2,rigtorp_65536_cross-core_paced_itch,0,queue,360,366.666,535
2,rigtorp_65536_cross-core_paced_itch,0,queue,366.666,373.333,922
2,rigtorp_65536_cross-core_paced_itch,0,queue,373.333,380,3351
2,rigtorp_65536_cross-core_paced_itch,0,queue,380,386.666,6645
2,rigtorp_65536_cross-core_paced_itch,0,queue,386.666,393.333,7535
2,rigtorp_65536_cross-core_paced_itch,0,queue,393.333,400,6810
2,rigtorp_65536_cross-core_paced_itch,0,queue,400,406.666,8978
2,rigtorp_65536_cross-core_paced_itch,0,queue,406.666,413.333,12867
2,rigtorp_65536_cross-core_paced_itch,0,queue,413.333,420,12995
2,rigtorp_65536_cross-core_paced_itch,0,queue,420,426.666,10619
2,rigtorp_65536_cross-core_paced_itch,0,queue,426.666,440,22331
2,rigtorp_65536_cross-core_paced_itch,0,queue,440,453.333,17900
2,rigtorp_65536_cross-core_paced_itch,0,queue,453.333,466.666,5708
2,rigtorp_65536_cross-core_paced_itch,0,queue,466.666,480,6728
2,rigtorp_65536_cross-core_paced_itch,0,queue,480,493.333,9657
2,rigtorp_65536_cross-core_paced_itch,0,queue,493.333,506.666,7786
2,rigtorp_65536_cross-core_paced_itch,0,queue,506.666,520,4850
2,rigtorp_65536_cross-core_paced_itch,0,queue,520,533.333,3251
2,rigtorp_65536_cross-core_paced_itch,0,queue,533.333,546.666,6307
2,rigtorp_65536_cross-core_paced_itch,0,queue,546.666,560,7027
2,rigtorp_65536_cross-core_paced_itch,0,queue,560,573.333,3642
2,rigtorp_65536_cross-core_paced_itch,0,queue,573.333,586.666,2094
2,rigtorp_65536_cross-core_paced_itch,0,queue,586.666,600,1957
2,rigtorp_65536_cross-core_paced_itch,0,queue,600,613.333,1593
2,rigtorp_65536_cross-core_paced_itch,0,queue,613.333,626.666,1302
2,rigtorp_65536_cross-core_paced_itch,0,queue,626.666,640,1114
2,rigtorp_65536_cross-core_paced_itch,0,queue,640,653.333,1046
2,rigtorp_65536_cross-core_paced_itch,0,queue,653.333,666.666,991
2,rigtorp_65536_cross-core_paced_itch,0,queue,666.666,680,940
2,rigtorp_65536_cross-core_paced_itch,0,queue,680,693.333,922
2,rigtorp_65536_cross-core_paced_itch,0,queue,693.333,706.666,913
2,rigtorp_65536_cross-core_paced_itch,0,queue,706.666,720,852
2,rigtorp_65536_cross-core_paced_itch,0,queue,720,733.333,759
2,rigtorp_65536_cross-core_paced_itch,0,queue,733.333,746.666,754
2,rigtorp_65536_cross-core_paced_itch,0,queue,746.666,760,689
2,rigtorp_65536_cross-core_paced_itch,0,queue,760,773.333,659
2,rigtorp_65536_cross-core_paced_itch,0,queue,773.333,786.666,609
2,rigtorp_65536_cross-core_paced_itch,0,queue,786.666,800,597
2,rigtorp_65536_cross-core_paced_itch,0,queue,800,813.333,553
2,rigtorp_65536_cross-core_paced_itch,0,queue,813.333,826.666,612
2,rigtorp_65536_cross-core_paced_itch,0,queue,826.666,840,541
2,rigtorp_65536_cross-core_paced_itch,0,queue,840,853.333,527
2,rigtorp_65536_cross-core_paced_itch,0,queue,853.333,880,1096
2,rigtorp_65536_cross-core_paced_itch,0,queue,880,906.666,1046
2,rigtorp_65536_cross-core_paced_itch,0,queue,906.666,933.333,952
2,rigtorp_65536_cross-core_paced_itch,0,queue,933.333,960,951
2,rigtorp_65536_cross-core_paced_itch,0,queue,960,986.666,899
2,rigtorp_65536_cross-core_paced_itch,0,queue,986.666,1013.33,892
2,rigtorp_65536_cross-core_paced_itch,0,queue,1013.33,1040,858
2,rigtorp_65536_cross-core_paced_itch,0,queue,1040,1066.67,836
2,rigtorp_65536_cross-core_paced_itch,0,queue,1066.67,1093.33,856
2,rigtorp_65536_cross-core_paced_itch,0,queue,1093.33,1120,804
2,rigtorp_65536_cross-core_paced_itch,0,queue,1120,1146.67,807
2,rigtorp_65536_cross-core_paced_itch,0,queue,1146.67,1173.33,831
2,rigtorp_65536_cross-core_paced_itch,0,queue,1173.33,1200,787
2,rigtorp_65536_cross-core_paced_itch,0,queue,1200,1226.67,829
2,rigtorp_65536_cross-core_paced_itch,0,queue,1226.67,1253.33,760
2,rigtorp_65536_cross-core_paced_itch,0,queue,1253.33,1280,756
2,rigtorp_65536_cross-core_paced_itch,0,queue,1280,1306.67,698
2,rigtorp_65536_cross-core_paced_itch,0,queue,1306.67,1333.33,760
2,rigtorp_65536_cross-core_paced_itch,0,queue,1333.33,1360,726
2,rigtorp_65536_cross-core_paced_itch,0,queue,1360,1386.67,664
2,rigtorp_65536_cross-core_paced_itch,0,queue,1386.67,1413.33,659
2,rigtorp_65536_cross-core_paced_itch,0,queue,1413.33,1440,665
2,rigtorp_65536_cross-core_paced_itch,0,queue,1440,1466.67,661
2,rigtorp_65536_cross-core_paced_itch,0,queue,1466.67,1493.33,663
2,rigtorp_65536_cross-core_paced_itch,0,queue,1493.33,1520,634
2,rigtorp_65536_cross-core_paced_itch,0,queue,1520,1546.67,657
2,rigtorp_65536_cross-core_paced_itch,0,queue,1546.67,1573.33,658
2,rigtorp_65536_cross-core_paced_itch,0,queue,1573.33,1600,612
2,rigtorp_65536_cross-core_paced_itch,0,queue,1600,1626.67,640
2,rigtorp_65536_cross-core_paced_itch,0,queue,1626.67,1653.33,592
2,rigtorp_65536_cross-core_paced_itch,0,queue,1653.33,1680,622
2,rigtorp_65536_cross-core_paced_itch,0,queue,1680,1706.67,631
2,rigtorp_65536_cross-core_paced_itch,0,queue,1706.67,1760,1186
2,rigtorp_65536_cross-core_paced_itch,0,queue,1760,1813.33,1209
2,rigtorp_65536_cross-core_paced_itch,0,queue,1813.33,1866.67,1129
2,rigtorp_65536_cross-core_paced_itch,0,queue,1866.67,1920,1144
2,rigtorp_65536_cross-core_paced_itch,0,queue,1920,1973.33,1084
2,rigtorp_65536_cross-core_paced_itch,0,queue,1973.33,2026.67,1106
2,rigtorp_65536_cross-core_paced_itch,0,queue,2026.67,2080,1016
2,rigtorp_65536_cross-core_paced_itch,0,queue,2080,2133.33,1050
2,rigtorp_65536_cross-core_paced_itch,0,queue,2133.33,2186.67,1002
2,rigtorp_65536_cross-core_paced_itch,0,queue,2186.67,2240,1022
2,rigtorp_65536_cross-core_paced_itch,0,queue,2240,2293.33,944
2,rigtorp_65536_cross-core_paced_itch,0,queue,2293.33,2346.67,1023
2,rigtorp_65536_cross-core_paced_itch,0,queue,2346.67,2400,891
2,rigtorp_65536_cross-core_paced_itch,0,queue,2400,2453.33,942
2,rigtorp_65536_cross-core_paced_itch,0,queue,2453.33,2506.67,866
2,rigtorp_65536_cross-core_paced_itch,0,queue,2506.67,2560,875
2,rigtorp_65536_cross-core_paced_itch,0,queue,2560,2613.33,802
2,rigtorp_65536_cross-core_paced_itch,0,queue,2613.33,2666.67,826
2,rigtorp_65536_cross-core_paced_itch,0,queue,2666.67,2720,799
2,rigtorp_65536_cross-core_paced_itch,0,queue,2720,2773.33,721
2,rigtorp_65536_cross-core_paced_itch,0,queue,2773.33,2826.67,753
2,rigtorp_65536_cross-core_paced_itch,0,queue,2826.67,2880,708
2,rigtorp_65536_cross-core_paced_itch,0,queue,2880,2933.33,698
2,rigtorp_65536_cross-core_paced_itch,0,queue,2933.33,2986.67,696
2,rigtorp_65536_cross-core_paced_itch,0,queue,2986.67,3040,602
2,rigtorp_65536_cross-core_paced_itch,0,queue,3040,3093.33,651
2,rigtorp_65536_cross-core_paced_itch,0,queue,3093.33,3146.67,634
2,rigtorp_65536_cross-core_paced_itch,0,queue,3146.67,3200,580
2,rigtorp_65536_cross-core_paced_itch,0,queue,3200,3253.33,593
2,rigtorp_65536_cross-core_paced_itch,0,queue,3253.33,3306.67,563
2,rigtorp_65536_cross-core_paced_itch,0,queue,3306.67,3360,540
2,rigtorp_65536_cross-core_paced_itch,0,queue,3360,3413.33,526
2,rigtorp_65536_cross-core_paced_itch,0,queue,3413.33,3520,946
2,rigtorp_65536_cross-core_paced_itch,0,queue,3520,3626.66,931
2,rigtorp_65536_cross-core_paced_itch,0,queue,3626.66,3733.33,864
2,rigtorp_65536_cross-core_paced_itch,0,queue,3733.33,3840,802
2,rigtorp_65536_cross-core_paced_itch,0,queue,3840,3946.66,733
2,rigtorp_65536_cross-core_paced_itch,0,queue,3946.66,4053.33,707
2,rigtorp_65536_cross-core_paced_itch,0,queue,4053.33,4160,596
2,rigtorp_65536_cross-core_paced_itch,0,queue,4160,4266.66,604
2,rigtorp_65536_cross-core_paced_itch,0,queue,4266.66,4373.33,561
2,rigtorp_65536_cross-core_paced_itch,0,queue,4373.33,4480,539
2,rigtorp_65536_cross-core_paced_itch,0,queue,4480,4586.66,510
2,rigtorp_65536_cross-core_paced_itch,0,queue,4586.66,4693.33,495
2,rigtorp_65536_cross-core_paced_itch,0,queue,4693.33,4800,459
2,rigtorp_65536_cross-core_paced_itch,0,queue,4800,4906.66,443
2,rigtorp_65536_cross-core_paced_itch,0,queue,4906.66,5013.33,386
2,rigtorp_65536_cross-core_paced_itch,0,queue,5013.33,5120,383
2,rigtorp_65536_cross-core_paced_itch,0,queue,5120,5226.66,353
2,rigtorp_65536_cross-core_paced_itch,0,queue,5226.66,5333.33,324
2,rigtorp_65536_cross-core_paced_itch,0,queue,5333.33,5440,325
2,rigtorp_65536_cross-core_paced_itch,0,queue,5440,5546.66,302
2,rigtorp_65536_cross-core_paced_itch,0,queue,5546.66,5653.33,291
2,rigtorp_65536_cross-core_paced_itch,0,queue,5653.33,5760,276
2,rigtorp_65536_cross-core_paced_itch,0,queue,5760,5866.66,279
2,rigtorp_65536_cross-core_paced_itch,0,queue,5866.66,5973.33,230
2,rigtorp_65536_cross-core_paced_itch,0,queue,5973.33,6080,273
2,rigtorp_65536_cross-core_paced_itch,0,queue,6080,6186.66,264
2,rigtorp_65536_cross-core_paced_itch,0,queue,6186.66,6293.33,240
2,rigtorp_65536_cross-core_paced_itch,0,queue,6293.33,6400,208
2,rigtorp_65536_cross-core_paced_itch,0,queue,6400,6506.66,246
2,rigtorp_65536_cross-core_paced_itch,0,queue,6506.66,6613.33,216
2,rigtorp_65536_cross-core_paced_itch,0,queue,6613.33,6720,207
2,rigtorp_65536_cross-core_paced_itch,0,queue,6720,6826.66,202
2,rigtorp_65536_cross-core_paced_itch,0,queue,6826.66,7040,398
2,rigtorp_65536_cross-core_paced_itch,0,queue,7040,7253.33,347
2,rigtorp_65536_cross-core_paced_itch,0,queue,7253.33,7466.66,317
2,rigtorp_65536_cross-core_paced_itch,0,queue,7466.66,7680,342
2,rigtorp_65536_cross-core_paced_itch,0,queue,7680,7893.33,306
2,rigtorp_65536_cross-core_paced_itch,0,queue,7893.33,8106.66,266
2,rigtorp_65536_cross-core_paced_itch,0,queue,8106.66,8320,237
2,rigtorp_65536_cross-core_paced_itch,0,queue,8320,8533.33,194
2,rigtorp_65536_cross-core_paced_itch,0,queue,8533.33,8746.66,144
2,rigtorp_65536_cross-core_paced_itch,0,queue,8746.66,8960,136
2,rigtorp_65536_cross-core_paced_itch,0,queue,8960,9173.33,102
2,rigtorp_65536_cross-core_paced_itch,0,queue,9173.33,9386.66,76
2,rigtorp_65536_cross-core_paced_itch,0,queue,9386.66,9600,49
2,rigtorp_65536_cross-core_paced_itch,0,queue,9600,9813.33,57
2,rigtorp_65536_cross-core_paced_itch,0,queue,9813.33,10026.7,24
2,rigtorp_65536_cross-core_paced_itch,0,queue,10026.7,10240,30
2,rigtorp_65536_cross-core_paced_itch,0,queue,10240,10453.3,23
2,rigtorp_65536_cross-core_paced_itch,0,queue,10453.3,10666.7,18
2,rigtorp_65536_cross-core_paced_itch,0,queue,10666.7,10880,12
2,rigtorp_65536_cross-core_paced_itch,0,queue,10880,11093.3,13
2,rigtorp_65536_cross-core_paced_itch,0,queue,11093.3,11306.7,15
2,rigtorp_65536_cross-core_paced_itch,0,queue,11306.7,11520,12
2,rigtorp_65536_cross-core_paced_itch,0,queue,11520,11733.3,6
2,rigtorp_65536_cross-core_paced_itch,0,queue,11733.3,11946.7,9
2,rigtorp_65536_cross-core_paced_itch,0,queue,11946.7,12160,8
2,rigtorp_65536_cross-core_paced_itch,0,queue,12160,12373.3,6
2,rigtorp_65536_cross-core_paced_itch,0,queue,12373.3,12586.7,16
2,rigtorp_65536_cross-core_paced_itch,0,queue,12586.7,12800,14
2,rigtorp_65536_cross-core_paced_itch,0,queue,12800,13013.3,8
2,rigtorp_65536_cross-core_paced_itch,0,queue,13013.3,13226.7,12
2,rigtorp_65536_cross-core_paced_itch,0,queue,13226.7,13440,8
2,rigtorp_65536_cross-core_paced_itch,0,queue,13440,13653.3,14
2,rigtorp_65536_cross-core_paced_itch,0,queue,13653.3,14080,26
2,rigtorp_65536_cross-core_paced_itch,0,queue,14080,14506.7,27
2,rigtorp_65536_cross-core_paced_itch,0,queue,14506.7,14933.3,13
2,rigtorp_65536_cross-core_paced_itch,0,queue,14933.3,15360,16
2,rigtorp_65536_cross-core_paced_itch,0,queue,15360,15786.7,16
2,rigtorp_65536_cross-core_paced_itch,0,queue,15786.7,16213.3,8
2,rigtorp_65536_cross-core_paced_itch,0,queue,16213.3,16640,3
2,rigtorp_65536_cross-core_paced_itch,0,queue,16640,17066.7,4
2,rigtorp_65536_cross-core_paced_itch,0,queue,17066.7,17493.3,4
2,rigtorp_65536_cross-core_paced_itch,0,queue,17493.3,17920,12
2,rigtorp_65536_cross-core_paced_itch,0,queue,17920,18346.7,5
2,rigtorp_65536_cross-core_paced_itch,0,queue,18346.7,18773.3,6
2,rigtorp_65536_cross-core_paced_itch,0,queue,18773.3,19200,7
2,rigtorp_65536_cross-core_paced_itch,0,queue,19200,19626.7,8
2,rigtorp_65536_cross-core_paced_itch,0,queue,19626.7,20053.3,12
2,rigtorp_65536_cross-core_paced_itch,0,queue,20053.3,20480,12
2,rigtorp_65536_cross-core_paced_itch,0,queue,20480,20906.7,3
2,rigtorp_65536_cross-core_paced_itch,0,queue,20906.7,21333.3,1
2,rigtorp_65536_cross-core_paced_itch,0,queue,21333.3,21760,3
2,rigtorp_65536_cross-core_paced_itch,0,queue,21760,22186.7,7
2,rigtorp_65536_cross-core_paced_itch,0,queue,22186.7,22613.3,5
2,rigtorp_65536_cross-core_paced_itch,0,queue,22613.3,23040,4
2,rigtorp_65536_cross-core_paced_itch,0,queue,23040,23466.7,6
2,rigtorp_65536_cross-core_paced_itch,0,queue,23466.7,23893.3,4
2,rigtorp_65536_cross-core_paced_itch,0,queue,23893.3,24320,4
2,rigtorp_65536_cross-core_paced_itch,0,queue,24320,24746.7,5
2,rigtorp_65536_cross-core_paced_itch,0,queue,24746.7,25173.3,5
2,rigtorp_65536_cross-core_paced_itch,0,queue,25173.3,25600,7
2,rigtorp_65536_cross-core_paced_itch,0,queue,25600,26026.7,3
2,rigtorp_65536_cross-core_paced_itch,0,queue,26026.7,26453.3,3
2,rigtorp_65536_cross-core_paced_itch,0,queue,26453.3,26880,2
2,rigtorp_65536_cross-core_paced_itch,0,queue,26880,27306.7,5
2,rigtorp_65536_cross-core_paced_itch,0,queue,27306.7,28160,6
2,rigtorp_65536_cross-core_paced_itch,0,queue,28160,29013.3,2
2,rigtorp_65536_cross-core_paced_itch,0,queue,29013.3,29866.7,5
2,rigtorp_65536_cross-core_paced_itch,0,queue,29866.7,30720,8
2,rigtorp_65536_cross-core_paced_itch,0,queue,31573.3,32426.7,6
2,rigtorp_65536_cross-core_paced_itch,0,queue,32426.7,33280,8
2,rigtorp_65536_cross-core_paced_itch,0,queue,33280,34133.3,9
2,rigtorp_65536_cross-core_paced_itch,0,queue,34133.3,34986.7,3
2,rigtorp_65536_cross-core_paced_itch,0,queue,34986.7,35840,10
2,rigtorp_65536_cross-core_paced_itch,0,queue,35840,36693.3,13
2,rigtorp_65536_cross-core_paced_itch,0,queue,36693.3,37546.6,18
2,rigtorp_65536_cross-core_paced_itch,0,queue,37546.6,38400,7
2,rigtorp_65536_cross-core_paced_itch,0,queue,38400,39253.3,6
2,rigtorp_65536_cross-core_paced_itch,0,queue,39253.3,40106.6,2
2,rigtorp_65536_cross-core_paced_itch,0,queue,40106.6,40960,3
2,rigtorp_65536_cross-core_paced_itch,0,queue,40960,41813.3,6
2,rigtorp_65536_cross-core_paced_itch,0,queue,41813.3,42666.6,2
2,rigtorp_65536_cross-core_paced_itch,0,queue,42666.6,43520,1
2,rigtorp_65536_cross-core_paced_itch,0,queue,43520,44373.3,4
2,rigtorp_65536_cross-core_paced_itch,0,queue,44373.3,45226.6,7
2,rigtorp_65536_cross-core_paced_itch,0,queue,45226.6,46080,7
2,rigtorp_65536_cross-core_paced_itch,0,queue,46080,46933.3,6
2,rigtorp_65536_cross-core_paced_itch,0,queue,46933.3,47786.6,4
2,rigtorp_65536_cross-core_paced_itch,0,queue,47786.6,48640,11
2,rigtorp_65536_cross-core_paced_itch,0,queue,48640,49493.3,8
2,rigtorp_65536_cross-core_paced_itch,0,queue,49493.3,50346.6,10
2,rigtorp_65536_cross-core_paced_itch,0,queue,50346.6,51200,5
2,rigtorp_65536_cross-core_paced_itch,0,queue,51200,52053.3,8
2,rigtorp_65536_cross-core_paced_itch,0,queue,52053.3,52906.6,6
2,rigtorp_65536_cross-core_paced_itch,0,queue,52906.6,53760,7
2,rigtorp_65536_cross-core_paced_itch,0,queue,53760,54613.3,3
2,rigtorp_65536_cross-core_paced_itch,0,queue,54613.3,56320,7
2,rigtorp_65536_cross-core_paced_itch,0,queue,56320,58026.6,21
2,rigtorp_65536_cross-core_paced_itch,0,queue,58026.6,59733.3,29
2,rigtorp_65536_cross-core_paced_itch,0,queue,59733.3,61440,24
2,rigtorp_65536_cross-core_paced_itch,0,queue,61440,63146.6,13
2,rigtorp_65536_cross-core_paced_itch,0,queue,63146.6,64853.3,37
2,rigtorp_65536_cross-core_paced_itch,0,queue,64853.3,66560,15
2,rigtorp_65536_cross-core_paced_itch,0,queue,66560,68266.6,23
2,rigtorp_65536_cross-core_paced_itch,0,queue,68266.6,69973.3,22
2,rigtorp_65536_cross-core_paced_itch,0,queue,69973.3,71680,32
2,rigtorp_65536_cross-core_paced_itch,0,queue,71680,73386.6,27
2,rigtorp_65536_cross-core_paced_itch,0,queue,73386.6,75093.3,15
2,rigtorp_65536_cross-core_paced_itch,0,queue,75093.3,76800,23
2,rigtorp_65536_cross-core_paced_itch,0,queue,76800,78506.6,5
2,rigtorp_65536_cross-core_paced_itch,0,queue,78506.6,80213.3,2
2,rigtorp_65536_cross-core_paced_itch,0,queue,80213.3,81920,7
2,rigtorp_65536_cross-core_paced_itch,0,queue,81920,83626.6,6
2,rigtorp_65536_cross-core_paced_itch,0,queue,83626.6,85333.3,10
2,rigtorp_65536_cross-core_paced_itch,0,queue,85333.3,87040,3
2,rigtorp_65536_cross-core_paced_itch,0,queue,95573.3,97280,2
2,rigtorp_65536_cross-core_paced_itch,0,queue,109227,112640,1
2,rigtorp_65536_cross-core_paced_itch,0,queue,139947,143360,1
2,rigtorp_65536_cross-core_paced_itch,0,queue,160427,163840,1
2,rigtorp_65536_cross-core_paced_itch,0,queue,184320,187733,1
2,rigtorp_65536_cross-core_paced_itch,0,queue,204800,208213,1
2,rigtorp_65536_cross-core_paced_itch,0,queue,208213,211627,1
2,rigtorp_65536_cross-core_paced_itch,0,queue,211627,215040,1
2,rigtorp_65536_cross-core_paced_itch,0,queue,215040,218453,1
2,rigtorp_65536_cross-core_paced_itch,0,queue,232107,238933,1
2,rigtorp_65536_cross-core_paced_itch,0,queue,252587,259413,1
2,rigtorp_65536_cross-core_paced_itch,0,queue,259413,266240,1
2,rigtorp_65536_cross-core_paced_itch,0,queue,273067,279893,1
2,rigtorp_65536_cross-core_paced_itch,0,queue,286720,293547,1
2,rigtorp_65536_cross-core_paced_itch,0,queue,300373,307200,2
2,rigtorp_65536_cross-core_paced_itch,0,queue,314027,320853,1
2,rigtorp_65536_cross-core_paced_itch,0,queue,320853,327680,1
2,rigtorp_65536_cross-core_paced_itch,0,queue,334507,341333,1
2,rigtorp_65536_cross-core_paced_itch,0,queue,361813,368640,1
2,rigtorp_65536_cross-core_paced_itch,0,queue,368640,375466,1
2,rigtorp_65536_cross-core_paced_itch,0,queue,375466,382293,4
2,rigtorp_65536_cross-core_paced_itch,0,queue,382293,389120,1
2,rigtorp_65536_cross-core_paced_itch,0,queue,389120,395946,2
2,rigtorp_65536_cross-core_paced_itch,0,queue,395946,402773,1
2,rigtorp_65536_cross-core_paced_itch,0,queue,402773,409600,2
2,rigtorp_65536_cross-core_paced_itch,0,queue,436906,450560,1
2,rigtorp_65536_cross-core_paced_itch,0,queue,464213,477866,3
2,rigtorp_65536_cross-core_paced_itch,0,queue,477866,491520,1
2,rigtorp_65536_cross-core_paced_itch,0,queue,491520,505173,6
2,rigtorp_65536_cross-core_paced_itch,0,book,5.83333,6.25,1
2,rigtorp_65536_cross-core_paced_itch,0,book,6.66666,7.08333,24
2,rigtorp_65536_cross-core_paced_itch,0,book,7.5,7.91666,208
2,rigtorp_65536_cross-core_paced_itch,0,book,8.33333,8.75,347
2,rigtorp_65536_cross-core_paced_itch,0,book,9.16666,9.58333,447
2,rigtorp_65536_cross-core_paced_itch,0,book,10,10.4167,1175
2,rigtorp_65536_cross-core_paced_itch,0,book,10.8333,11.25,334
2,rigtorp_65536_cross-core_paced_itch,0,book,11.6667,12.0833,235
2,rigtorp_65536_cross-core_paced_itch,0,book,12.5,12.9167,603
2,rigtorp_65536_cross-core_paced_itch,0,book,13.3333,13.75,816
2,rigtorp_65536_cross-core_paced_itch,0,book,14.1667,14.5833,1361
2,rigtorp_65536_cross-core_paced_itch,0,book,15,15.4167,1545
2,rigtorp_65536_cross-core_paced_itch,0,book,15.8333,16.25,1679
2,rigtorp_65536_cross-core_paced_itch,0,book,16.6667,17.0833,866
2,rigtorp_65536_cross-core_paced_itch,0,book,17.5,17.9167,487
2,rigtorp_65536_cross-core_paced_itch,0,book,18.3333,18.75,548
2,rigtorp_65536_cross-core_paced_itch,0,book,19.1667,19.5833,647
2,rigtorp_65536_cross-core_paced_itch,0,book,20,20.4167,1088
2,rigtorp_65536_cross-core_paced_itch,0,book,20.8333,21.25,976
2,rigtorp_65536_cross-core_paced_itch,0,book,21.6667,22.0833,851
2,rigtorp_65536_cross-core_paced_itch,0,book,22.5,22.9167,594
2,rigtorp_65536_cross-core_paced_itch,0,book,23.3333,23.75,474
2,rigtorp_65536_cross-core_paced_itch,0,book,24.1667,24.5833,536
2,rigtorp_65536_cross-core_paced_itch,0,book,25,25.4167,460
2,rigtorp_65536_cross-core_paced_itch,0,book,25.8333,26.25,535
2,rigtorp_65536_cross-core_paced_itch,0,book,26.6667,27.5,534
2,rigtorp_65536_cross-core_paced_itch,0,book,27.5,28.3333,556
2,rigtorp_65536_cross-core_paced_itch,0,book,28.3333,29.1667,667
2,rigtorp_65536_cross-core_paced_itch,0,book,29.1667,30,619
2,rigtorp_65536_cross-core_paced_itch,0,book,30,30.8333,822
2,rigtorp_65536_cross-core_paced_itch,0,book,30.8333,31.6667,661
2,rigtorp_65536_cross-core_paced_itch,0,book,31.6667,32.5,791
2,rigtorp_65536_cross-core_paced_itch,0,book,32.5,33.3333,928
2,rigtorp_65536_cross-core_paced_itch,0,book,33.3333,34.1667,1013
2,rigtorp_65536_cross-core_paced_itch,0,book,34.1667,35,1151
2,rigtorp_65536_cross-core_paced_itch,0,book,35,35.8333,1062
2,rigtorp_65536_cross-core_paced_itch,0,book,35.8333,36.6666,1247
2,rigtorp_65536_cross-core_paced_itch,0,book,36.6666,37.5,1326
2,rigtorp_65536_cross-core_paced_itch,0,book,37.5,38.3333,1368
2,rigtorp_65536_cross-core_paced_itch,0,book,38.3333,39.1666,1461
2,rigtorp_65536_cross-core_paced_itch,0,book,39.1666,40,1355
2,rigtorp_65536_cross-core_paced_itch,0,book,40,40.8333,1540
2,rigtorp_65536_cross-core_paced_itch,0,book,40.8333,41.6666,1372
2,rigtorp_65536_cross-core_paced_itch,0,book,41.6666,42.5,1396
2,rigtorp_65536_cross-core_paced_itch,0,book,42.5,43.3333,1402
2,rigtorp_65536_cross-core_paced_itch,0,book,43.3333,44.1666,1371
2,rigtorp_65536_cross-core_paced_itch,0,book,44.1666,45,1534
2,rigtorp_65536_cross-core_paced_itch,0,book,45,45.8333,1402
2,rigtorp_65536_cross-core_paced_itch,0,book,45.8333,46.6666,1623
2,rigtorp_65536_cross-core_paced_itch,0,book,46.6666,47.5,1617
2,rigtorp_65536_cross-core_paced_itch,0,book,47.5,48.3333,1644
2,rigtorp_65536_cross-core_paced_itch,0,book,48.3333,49.1666,1770
2,rigtorp_65536_cross-core_paced_itch,0,book,49.1666,50,1781
2,rigtorp_65536_cross-core_paced_itch,0,book,50,50.8333,2026
2,rigtorp_65536_cross-core_paced_itch,0,book,50.8333,51.6666,1783
2,rigtorp_65536_cross-core_paced_itch,0,book,51.6666,52.5,1864
2,rigtorp_65536_cross-core_paced_itch,0,book,52.5,53.3333,1806
2,rigtorp_65536_cross-core_paced_itch,0,book,53.3333,55,3456
2,rigtorp_65536_cross-core_paced_itch,0,book,55,56.6666,3144
2,rigtorp_65536_cross-core_paced_itch,0,book,56.6666,58.3333,2871
2,rigtorp_65536_cross-core_paced_itch,0,book,58.3333,60,2804
2,rigtorp_65536_cross-core_paced_itch,0,book,60,61.6666,2976
2,rigtorp_65536_cross-core_paced_itch,0,book,61.6666,63.3333,2907
2,rigtorp_65536_cross-core_paced_itch,0,book,63.3333,65,2798
2,rigtorp_65536_cross-core_paced_itch,0,book,65,66.6666,2550
2,rigtorp_65536_cross-core_paced_itch,0,book,66.6666,68.3333,2199
2,rigtorp_65536_cross-core_paced_itch,0,book,68.3333,70,2150
2,rigtorp_65536_cross-core_paced_itch,0,book,70,71.6666,2006
2,rigtorp_65536_cross-core_paced_itch,0,book,71.6666,73.3333,1828
2,rigtorp_65536_cross-core_paced_itch,0,book,73.3333,75,1818
2,rigtorp_65536_cross-core_paced_itch,0,book,75,76.6666,1634
2,rigtorp_65536_cross-core_paced_itch,0,book,76.6666,78.3333,1606
2,rigtorp_65536_cross-core_paced_itch,0,book,78.3333,80,1548
2,rigtorp_65536_cross-core_paced_itch,0,book,80,81.6666,1538
2,rigtorp_65536_cross-core_paced_itch,0,book,81.6666,83.3333,1478
2,rigtorp_65536_cross-core_paced_itch,0,book,83.3333,85,1524
2,rigtorp_65536_cross-core_paced_itch,0,book,85,86.6666,1445
2,rigtorp_65536_cross-core_paced_itch,0,book,86.6666,88.3333,1421
2,rigtorp_65536_cross-core_paced_itch,0,book,88.3333,90,1375
2,rigtorp_65536_cross-core_paced_itch,0,book,90,91.6666,1381
2,rigtorp_65536_cross-core_paced_itch,0,book,91.6666,93.3333,1306
2,rigtorp_65536_cross-core_paced_itch,0,book,93.3333,95,1310
2,rigtorp_65536_cross-core_paced_itch,0,book,95,96.6666,1376
2,rigtorp_65536_cross-core_paced_itch,0,book,96.6666,98.3333,1307
2,rigtorp_65536_cross-core_paced_itch,0,book,98.3333,100,1286
2,rigtorp_65536_cross-core_paced_itch,0,book,100,101.667,1185
2,rigtorp_65536_cross-core_paced_itch,0,book,101.667,103.333,1200
2,rigtorp_65536_cross-core_paced_itch,0,book,103.333,105,1100
2,rigtorp_65536_cross-core_paced_itch,0,book,105,106.667,1085
2,rigtorp_65536_cross-core_paced_itch,0,book,106.667,110,2276
2,rigtorp_65536_cross-core_paced_itch,0,book,110,113.333,2873
2,rigtorp_65536_cross-core_paced_itch,0,book,113.333,116.667,4556
2,rigtorp_65536_cross-core_paced_itch,0,book,116.667,120,5970
2,rigtorp_65536_cross-core_paced_itch,0,book,120,123.333,5391
2,rigtorp_65536_cross-core_paced_itch,0,book,123.333,126.667,6112
2,rigtorp_65536_cross-core_paced_itch,0,book,126.667,130,9000
2,rigtorp_65536_cross-core_paced_itch,0,book,130,133.333,10280
2,rigtorp_65536_cross-core_paced_itch,0,book,133.333,136.667,7985
2,rigtorp_65536_cross-core_paced_itch,0,book,136.667,140,6865
2,rigtorp_65536_cross-core_paced_itch,0,book,140,143.333,7528
2,rigtorp_65536_cross-core_paced_itch,0,book,143.333,146.667,6837
2,rigtorp_65536_cross-core_paced_itch,0,book,146.667,150,4941
2,rigtorp_65536_cross-core_paced_itch,0,book,150,153.333,4325
2,rigtorp_65536_cross-core_paced_itch,0,book,153.333,156.667,3255
2,rigtorp_65536_cross-core_paced_itch,0,book,156.667,160,2623
2,rigtorp_65536_cross-core_paced_itch,0,book,160,163.333,2408
2,rigtorp_65536_cross-core_paced_itch,0,book,163.333,166.667,2299
2,rigtorp_65536_cross-core_paced_itch,0,book,166.667,170,2182
2,rigtorp_65536_cross-core_paced_itch,0,book,170,173.333,2058
2,rigtorp_65536_cross-core_paced_itch,0,book,173.333,176.667,1858
2,rigtorp_65536_cross-core_paced_itch,0,book,176.667,180,1803
2,rigtorp_65536_cross-core_paced_itch,0,book,180,183.333,1651
2,rigtorp_65536_cross-core_paced_itch,0,book,183.333,186.667,1524
2,rigtorp_65536_cross-core_paced_itch,0,book,186.667,190,1423
2,rigtorp_65536_cross-core_paced_itch,0,book,190,193.333,1324
2,rigtorp_65536_cross-core_paced_itch,0,book,193.333,196.667,1290
2,rigtorp_65536_cross-core_paced_itch,0,book,196.667,200,1193
2,rigtorp_65536_cross-core_paced_itch,0,book,200,203.333,1193
2,rigtorp_65536_cross-core_paced_itch,0,book,203.333,206.667,1137
2,rigtorp_65536_cross-core_paced_itch,0,book,206.667,210,1098
2,rigtorp_65536_cross-core_paced_itch,0,book,210,213.333,1069
2,rigtorp_65536_cross-core_paced_itch,0,book,213.333,220,1932
2,rigtorp_65536_cross-core_paced_itch,0,book,220,226.667,1849
2,rigtorp_65536_cross-core_paced_itch,0,book,226.667,233.333,1663
2,rigtorp_65536_cross-core_paced_itch,0,book,233.333,240,1488
2,rigtorp_65536_cross-core_paced_itch,0,book,240,246.667,1401
2,rigtorp_65536_cross-core_paced_itch,0,book,246.667,253.333,1263
2,rigtorp_65536_cross-core_paced_itch,0,book,253.333,260,1114
2,rigtorp_65536_cross-core_paced_itch,0,book,260,266.667,1037
2,rigtorp_65536_cross-core_paced_itch,0,book,266.667,273.333,959
2,rigtorp_65536_cross-core_paced_itch,0,book,273.333,280,837
2,rigtorp_65536_cross-core_paced_itch,0,book,280,286.667,851
2,rigtorp_65536_cross-core_paced_itch,0,book,286.667,293.333,776
2,rigtorp_65536_cross-core_paced_itch,0,book,293.333,300,747
2,rigtorp_65536_cross-core_paced_itch,0,book,300,306.667,758
2,rigtorp_65536_cross-core_paced_itch,0,book,306.667,313.333,676
2,rigtorp_65536_cross-core_paced_itch,0,book,313.333,320,663
2,rigtorp_65536_cross-core_paced_itch,0,book,320,326.667,600
2,rigtorp_65536_cross-core_paced_itch,0,book,326.667,333.333,617
2,rigtorp_65536_cross-core_paced_itch,0,book,333.333,340,600
2,rigtorp_65536_cross-core_paced_itch,0,book,340,346.667,510
2,rigtorp_65536_cross-core_paced_itch,0,book,346.667,353.333,455
2,rigtorp_65536_cross-core_paced_itch,0,book,353.333,360,485
2,rigtorp_65536_cross-core_paced_itch,0,book,360,366.666,439
2,rigtorp_65536_cross-core_paced_itch,0,book,366.666,373.333,433
2,rigtorp_65536_cross-core_paced_itch,0,book,373.333,380,404
2,rigtorp_65536_cross-core_paced_itch,0,book,380,386.666,352
2,rigtorp_65536_cross-core_paced_itch,0,book,386.666,393.333,266
2,rigtorp_65536_cross-core_paced_itch,0,book,393.333,400,262
2,rigtorp_65536_cross-core_paced_itch,0,book,400,406.666,240
2,rigtorp_65536_cross-core_paced_itch,0,book,406.666,413.333,268
2,rigtorp_65536_cross-core_paced_itch,0,book,413.333,420,230
2,rigtorp_65536_cross-core_paced_itch,0,book,420,426.666,212
2,rigtorp_65536_cross-core_paced_itch,0,book,426.666,440,280
2,rigtorp_65536_cross-core_paced_itch,0,book,440,453.333,219
2,rigtorp_65536_cross-core_paced_itch,0,book,453.333,466.666,136
2,rigtorp_65536_cross-core_paced_itch,0,book,466.666,480,139
2,rigtorp_65536_cross-core_paced_itch,0,book,480,493.333,94
2,rigtorp_65536_cross-core_paced_itch,0,book,493.333,506.666,83
2,rigtorp_65536_cross-core_paced_itch,0,book,506.666,520,63
2,rigtorp_65536_cross-core_paced_itch,0,book,520,533.333,59
2,rigtorp_65536_cross-core_paced_itch,0,book,533.333,546.666,49
2,rigtorp_65536_cross-core_paced_itch,0,book,546.666,560,28
2,rigtorp_65536_cross-core_paced_itch,0,book,560,573.333,39
2,rigtorp_65536_cross-core_paced_itch,0,book,573.333,586.666,31
2,rigtorp_65536_cross-core_paced_itch,0,book,586.666,600,30
2,rigtorp_65536_cross-core_paced_itch,0,book,600,613.333,22
2,rigtorp_65536_cross-core_paced_itch,0,book,613.333,626.666,30
2,rigtorp_65536_cross-core_paced_itch,0,book,626.666,640,26
2,rigtorp_65536_cross-core_paced_itch,0,book,640,653.333,32
2,rigtorp_65536_cross-core_paced_itch,0,book,653.333,666.666,32
2,rigtorp_65536_cross-core_paced_itch,0,book,666.666,680,34
2,rigtorp_65536_cross-core_paced_itch,0,book,680,693.333,34
2,rigtorp_65536_cross-core_paced_itch,0,book,693.333,706.666,61
2,rigtorp_65536_cross-core_paced_itch,0,book,706.666,720,32
2,rigtorp_65536_cross-core_paced_itch,0,book,720,733.333,58
2,rigtorp_65536_cross-core_paced_itch,0,book,733.333,746.666,40
2,rigtorp_65536_cross-core_paced_itch,0,book,746.666,760,50
2,rigtorp_65536_cross-core_paced_itch,0,book,760,773.333,49
2,rigtorp_65536_cross-core_paced_itch,0,book,773.333,786.666,38
2,rigtorp_65536_cross-core_paced_itch,0,book,786.666,800,37
2,rigtorp_65536_cross-core_paced_itch,0,book,800,813.333,46
2,rigtorp_65536_cross-core_paced_itch,0,book,813.333,826.666,30
2,rigtorp_65536_cross-core_paced_itch,0,book,826.666,840,33
2,rigtorp_65536_cross-core_paced_itch,0,book,840,853.333,26
2,rigtorp_65536_cross-core_paced_itch,0,book,853.333,880,34
2,rigtorp_65536_cross-core_paced_itch,0,book,880,906.666,28
2,rigtorp_65536_cross-core_paced_itch,0,book,906.666,933.333,33
2,rigtorp_65536_cross-core_paced_itch,0,book,933.333,960,25
2,rigtorp_65536_cross-core_paced_itch,0,book,960,986.666,16
2,rigtorp_65536_cross-core_paced_itch,0,book,986.666,1013.33,15
2,rigtorp_65536_cross-core_paced_itch,0,book,1013.33,1040,18
2,rigtorp_65536_cross-core_paced_itch,0,book,1040,1066.67,17
2,rigtorp_65536_cross-core_paced_itch,0,book,1066.67,1093.33,16
2,rigtorp_65536_cross-core_paced_itch,0,book,1093.33,1120,13
2,rigtorp_65536_cross-core_paced_itch,0,book,1120,1146.67,7
2,rigtorp_65536_cross-core_paced_itch,0,book,1146.67,1173.33,3
2,rigtorp_65536_cross-core_paced_itch,0,book,1173.33,1200,6
2,rigtorp_65536_cross-core_paced_itch,0,book,1200,1226.67,11
2,rigtorp_65536_cross-core_paced_itch,0,book,1226.67,1253.33,8
2,rigtorp_65536_cross-core_paced_itch,0,book,1253.33,1280,5
2,rigtorp_65536_cross-core_paced_itch,0,book,1280,1306.67,7
2,rigtorp_65536_cross-core_paced_itch,0,book,1306.67,1333.33,8
2,rigtorp_65536_cross-core_paced_itch,0,book,1333.33,1360,9
2,rigtorp_65536_cross-core_paced_itch,0,book,1360,1386.67,9
2,rigtorp_65536_cross-core_paced_itch,0,book,1386.67,1413.33,10
2,rigtorp_65536_cross-core_paced_itch,0,book,1413.33,1440,5
2,rigtorp_65536_cross-core_paced_itch,0,book,1440,1466.67,7
2,rigtorp_65536_cross-core_paced_itch,0,book,1466.67,1493.33,11
2,rigtorp_65536_cross-core_paced_itch,0,book,1493.33,1520,2
2,rigtorp_65536_cross-core_paced_itch,0,book,1520,1546.67,6
2,rigtorp_65536_cross-core_paced_itch,0,book,1546.67,1573.33,10
2,rigtorp_65536_cross-core_paced_itch,0,book,1573.33,1600,10
2,rigtorp_65536_cross-core_paced_itch,0,book,1600,1626.67,5
2,rigtorp_65536_cross-core_paced_itch,0,book,1626.67,1653.33,8
2,rigtorp_65536_cross-core_paced_itch,0,book,1653.33,1680,4
2,rigtorp_65536_cross-core_paced_itch,0,book,1680,1706.67,5
2,rigtorp_65536_cross-core_paced_itch,0,book,1706.67,1760,8
2,rigtorp_65536_cross-core_paced_itch,0,book,1760,1813.33,7
2,rigtorp_65536_cross-core_paced_itch,0,book,1813.33,1866.67,4
2,rigtorp_65536_cross-core_paced_itch,0,book,1866.67,1920,3
2,rigtorp_65536_cross-core_paced_itch,0,book,1920,1973.33,5
2,rigtorp_65536_cross-core_paced_itch,0,book,1973.33,2026.67,2
2,rigtorp_65536_cross-core_paced_itch,0,book,2080,2133.33,1
2,rigtorp_65536_cross-core_paced_itch,0,book,2133.33,2186.67,2
2,rigtorp_65536_cross-core_paced_itch,0,book,2186.67,2240,1
2,rigtorp_65536_cross-core_paced_itch,0,book,2240,2293.33,1
2,rigtorp_65536_cross-core_paced_itch,0,book,2293.33,2346.67,2
2,rigtorp_65536_cross-core_paced_itch,0,book,2346.67,2400,1
2,rigtorp_65536_cross-core_paced_itch,0,book,2400,2453.33,1
2,rigtorp_65536_cross-core_paced_itch,0,book,2506.67,2560,1
2,rigtorp_65536_cross-core_paced_itch,0,book,2560,2613.33,1
2,rigtorp_65536_cross-core_paced_itch,0,book,2773.33,2826.67,1
2,rigtorp_65536_cross-core_paced_itch,0,book,2826.67,2880,1
2,rigtorp_65536_cross-core_paced_itch,0,book,2880,2933.33,1
2,rigtorp_65536_cross-core_paced_itch,0,book,2986.67,3040,1
2,rigtorp_65536_cross-core_paced_itch,0,book,3093.33,3146.67,1
2,rigtorp_65536_cross-core_paced_itch,0,book,3200,3253.33,1
2,rigtorp_65536_cross-core_paced_itch,0,book,3253.33,3306.67,2
2,rigtorp_65536_cross-core_paced_itch,0,book,3360,3413.33,1
2,rigtorp_65536_cross-core_paced_itch,0,book,3413.33,3520,2
2,rigtorp_65536_cross-core_paced_itch,0,book,3626.66,3733.33,3
2,rigtorp_65536_cross-core_paced_itch,0,book,3733.33,3840,2
2,rigtorp_65536_cross-core_paced_itch,0,book,3840,3946.66,2
2,rigtorp_65536_cross-core_paced_itch,0,book,3946.66,4053.33,1
2,rigtorp_65536_cross-core_paced_itch,0,book,4693.33,4800,2
2,rigtorp_65536_cross-core_paced_itch,0,book,4906.66,5013.33,1
2,rigtorp_65536_cross-core_paced_itch,0,book,5013.33,5120,1
2,rigtorp_65536_cross-core_paced_itch,0,book,5120,5226.66,1
2,rigtorp_65536_cross-core_paced_itch,0,book,5440,5546.66,1
2,rigtorp_65536_cross-core_paced_itch,0,book,5546.66,5653.33,1
2,rigtorp_65536_cross-core_paced_itch,0,book,5973.33,6080,1
2,rigtorp_65536_cross-core_paced_itch,0,book,6613.33,6720,1
2,rigtorp_65536_cross-core_paced_itch,0,book,7040,7253.33,1
2,rigtorp_65536_cross-core_paced_itch,0,book,8533.33,8746.66,1
3,rigtorp_65536_cross-core_paced_itch,1,total,203.333,206.667,1
3,rigtorp_65536_cross-core_paced_itch,1,total,220,226.667,2
3,rigtorp_65536_cross-core_paced_itch,1,total,226.667,233.333,3
3,rigtorp_65536_cross-core_paced_itch,1,total,233.333,240,3
3,rigtorp_65536_cross-core_paced_itch,1,total,240,246.667,7
3,rigtorp_65536_cross-core_paced_itch,1,total,246.667,253.333,4
3,rigtorp_65536_cross-core_paced_itch,1,total,253.333,260,12
3,rigtorp_65536_cross-core_paced_itch,1,total,260,266.667,8
3,rigtorp_65536_cross-core_paced_itch,1,total,266.667,273.333,13
3,rigtorp_65536_cross-core_paced_itch,1,total,273.333,280,9
3,rigtorp_65536_cross-core_paced_itch,1,total,280,286.667,10
3,rigtorp_65536_cross-core_paced_itch,1,total,286.667,293.333,20
3,rigtorp_65536_cross-core_paced_itch,1,total,293.333,300,22
3,rigtorp_65536_cross-core_paced_itch,1,total,300,306.667,32
3,rigtorp_65536_cross-core_paced_itch,1,total,306.667,313.333,39
3,rigtorp_65536_cross-core_paced_itch,1,total,313.333,320,29
3,rigtorp_65536_cross-core_paced_itch,1,total,320,326.667,42
3,rigtorp_65536_cross-core_paced_itch,1,total,326.667,333.333,63
3,rigtorp_65536_cross-core_paced_itch,1,total,333.333,340,68
3,rigtorp_65536_cross-core_paced_itch,1,total,340,346.667,91
3,rigtorp_65536_cross-core_paced_itch,1,total,346.667,353.333,106
3,rigtorp_65536_cross-core_paced_itch,1,total,353.333,360,114
3,rigtorp_65536_cross-core_paced_itch,1,total,360,366.666,123
3,rigtorp_65536_cross-core_paced_itch,1,total,366.666,373.333,184
3,rigtorp_65536_cross-core_paced_itch,1,total,373.333,380,192
3,rigtorp_65536_cross-core_paced_itch,1,total,380,386.666,201
3,rigtorp_65536_cross-core_paced_itch,1,total,386.666,393.333,282
3,rigtorp_65536_cross-core_paced_itch,1,total,393.333,400,364
3,rigtorp_65536_cross-core_paced_itch,1,total,400,406.666,496
3,rigtorp_65536_cross-core_paced_itch,1,total,406.666,413.333,729
3,rigtorp_65536_cross-core_paced_itch,1,total,413.333,420,1017
3,rigtorp_65536_cross-core_paced_itch,1,total,420,426.666,1391
3,rigtorp_65536_cross-core_paced_itch,1,total,426.666,440,4042
3,rigtorp_65536_cross-core_paced_itch,1,total,440,453.333,5921
3,rigtorp_65536_cross-core_paced_itch,1,total,453.333,466.666,7434
3,rigtorp_65536_cross-core_paced_itch,1,total,466.666,480,8170
3,rigtorp_65536_cross-core_paced_itch,1,total,480,493.333,8502
3,rigtorp_65536_cross-core_paced_itch,1,total,493.333,506.666,8571
3,rigtorp_65536_cross-core_paced_itch,1,total,506.666,520,9039
3,rigtorp_65536_cross-core_paced_itch,1,total,520,533.333,9844
3,rigtorp_65536_cross-core_paced_itch,1,total,533.333,546.666,11104
3,rigtorp_65536_cross-core_paced_itch,1,total,546.666,560,11095
3,rigtorp_65536_cross-core_paced_itch,1,total,560,573.333,10797
3,rigtorp_65536_cross-core_paced_itch,1,total,573.333,586.666,9755
3,rigtorp_65536_cross-core_paced_itch,1,total,586.666,600,8459
3,rigtorp_65536_cross-core_paced_itch,1,total,600,613.333,7660
3,rigtorp_65536_cross-core_paced_itch,1,total,613.333,626.666,7109
3,rigtorp_65536_cross-core_paced_itch,1,total,626.666,640,6202
3,rigtorp_65536_cross-core_paced_itch,1,total,640,653.333,5265
3,rigtorp_65536_cross-core_paced_itch,1,total,653.333,666.666,4869
3,rigtorp_65536_cross-core_paced_itch,1,total,666.666,680,4564
3,rigtorp_65536_cross-core_paced_itch,1,total,680,693.333,4142
3,rigtorp_65536_cross-core_paced_itch,1,total,693.333,706.666,3765
3,rigtorp_65536_cross-core_paced_itch,1,total,706.666,720,3222
3,rigtorp_65536_cross-core_paced_itch,1,total,720,733.333,2719
3,rigtorp_65536_cross-core_paced_itch,1,total,733.333,746.666,2471
3,rigtorp_65536_cross-core_paced_itch,1,total,746.666,760,2188
3,rigtorp_65536_cross-core_paced_itch,1,total,760,773.333,2007
3,rigtorp_65536_cross-core_paced_itch,1,total,773.333,786.666,1729
3,rigtorp_65536_cross-core_paced_itch,1,total,786.666,800,1589
3,rigtorp_65536_cross-core_paced_itch,1,total,800,813.333,1424
3,rigtorp_65536_cross-core_paced_itch,1,total,813.333,826.666,1343
3,rigtorp_65536_cross-core_paced_itch,1,total,826.666,840,1229
3,rigtorp_65536_cross-core_paced_itch,1,total,840,853.333,1226
3,rigtorp_65536_cross-core_paced_itch,1,total,853.333,880,2059
3,rigtorp_65536_cross-core_paced_itch,1,total,880,906.666,1744
3,rigtorp_65536_cross-core_paced_itch,1,total,906.666,933.333,1525
3,rigtorp_65536_cross-core_paced_itch,1,total,933.333,960,1326
3,rigtorp_65536_cross-core_paced_itch,1,total,960,986.666,1319
3,rigtorp_65536_cross-core_paced_itch,1,total,986.666,1013.33,1168
3,rigtorp_65536_cross-core_paced_itch,1,total,1013.33,1040,1127
3,rigtorp_65536_cross-core_paced_itch,1,total,1040,1066.67,997
3,rigtorp_65536_cross-core_paced_itch,1,total,1066.67,1093.33,1045
3,rigtorp_65536_cross-core_paced_itch,1,total,1093.33,1120,993
3,rigtorp_65536_cross-core_paced_itch,1,total,1120,1146.67,922
3,rigtorp_65536_cross-core_paced_itch,1,total,1146.67,1173.33,943
3,rigtorp_65536_cross-core_paced_itch,1,total,1173.33,1200,889
3,rigtorp_65536_cross-core_paced_itch,1,total,1200,1226.67,897
3,rigtorp_65536_cross-core_paced_itch,1,total,1226.67,1253.33,872
3,rigtorp_65536_cross-core_paced_itch,1,total,1253.33,1280,785
3,rigtorp_65536_cross-core_paced_itch,1,total,1280,1306.67,841
3,rigtorp_65536_cross-core_paced_itch,1,total,1306.67,1333.33,815
3,rigtorp_65536_cross-core_paced_itch,1,total,1333.33,1360,803
3,rigtorp_65536_cross-core_paced_itch,1,total,1360,1386.67,732
3,rigtorp_65536_cross-core_paced_itch,1,total,1386.67,1413.33,792
3,rigtorp_65536_cross-core_paced_itch,1,total,1413.33,1440,742
3,rigtorp_65536_cross-core_paced_itch,1,total,1440,1466.67,732
3,rigtorp_65536_cross-core_paced_itch,1,total,1466.67,1493.33,740
3,rigtorp_65536_cross-core_paced_itch,1,total,1493.33,1520,759
3,rigtorp_65536_cross-core_paced_itch,1,total,1520,1546.67,672
3,rigtorp_65536_cross-core_paced_itch,1,total,1546.67,1573.33,708
3,rigtorp_65536_cross-core_paced_itch,1,total,1573.33,1600,646
3,rigtorp_65536_cross-core_paced_itch,1,total,1600,1626.67,669
3,rigtorp_65536_cross-core_paced_itch,1,total,1626.67,1653.33,618
3,rigtorp_65536_cross-core_paced_itch,1,total,1653.33,1680,672
3,rigtorp_65536_cross-core_paced_itch,1,total,1680,1706.67,647
3,rigtorp_65536_cross-core_paced_itch,1,total,1706.67,1760,1262
3,rigtorp_65536_cross-core_paced_itch,1,total,1760,1813.33,1272
3,rigtorp_65536_cross-core_paced_itch,1,total,1813.33,1866.67,1288
3,rigtorp_65536_cross-core_paced_itch,1,total,1866.67,1920,1228
3,rigtorp_65536_cross-core_paced_itch,1,total,1920,1973.33,1133
3,rigtorp_65536_cross-core_paced_itch,1,total,1973.33,2026.67,1162
3,rigtorp_65536_cross-core_paced_itch,1,total,2026.67,2080,1093
3,rigtorp_65536_cross-core_paced_itch,1,total,2080,2133.33,1111
3,rigtorp_65536_cross-core_paced_itch,1,total,2133.33,2186.67,1066
3,rigtorp_65536_cross-core_paced_itch,1,total,2186.67,2240,1029
3,rigtorp_65536_cross-core_paced_itch,1,total,2240,2293.33,1049
3,rigtorp_65536_cross-core_paced_itch,1,total,2293.33,2346.67,996
3,rigtorp_65536_cross-core_paced_itch,1,total,2346.67,2400,986
3,rigtorp_65536_cross-core_paced_itch,1,total,2400,2453.33,959
3,rigtorp_65536_cross-core_paced_itch,1,total,2453.33,2506.67,943
3,rigtorp_65536_cross-core_paced_itch,1,total,2506.67,2560,957
3,rigtorp_65536_cross-core_paced_itch,1,total,2560,2613.33,859
3,rigtorp_65536_cross-core_paced_itch,1,total,2613.33,2666.67,894
3,rigtorp_65536_cross-core_paced_itch,1,total,2666.67,2720,854
3,rigtorp_65536_cross-core_paced_itch,1,total,2720,2773.33,807
3,rigtorp_65536_cross-core_paced_itch,1,total,2773.33,2826.67,768
3,rigtorp_65536_cross-core_paced_itch,1,total,2826.67,2880,776
3,rigtorp_65536_cross-core_paced_itch,1,total,2880,2933.33,682
3,rigtorp_65536_cross-core_paced_itch,1,total,2933.33,2986.67,700
3,rigtorp_65536_cross-core_paced_itch,1,total,2986.67,3040,669
3,rigtorp_65536_cross-core_paced_itch,1,total,3040,3093.33,659
3,rigtorp_65536_cross-core_paced_itch,1,total,3093.33,3146.67,636
3,rigtorp_65536_cross-core_paced_itch,1,total,3146.67,3200,583
3,rigtorp_65536_cross-core_paced_itch,1,total,3200,3253.33,558
3,rigtorp_65536_cross-core_paced_itch,1,total,3253.33,3306.67,594
3,rigtorp_65536_cross-core_paced_itch,1,total,3306.67,3360,551
3,rigtorp_65536_cross-core_paced_itch,1,total,3360,3413.33,533
3,rigtorp_65536_cross-core_paced_itch,1,total,3413.33,3520,1060
3,rigtorp_65536_cross-core_paced_itch,1,total,3520,3626.66,974
3,rigtorp_65536_cross-core_paced_itch,1,total,3626.66,3733.33,877
3,rigtorp_65536_cross-core_paced_itch,1,total,3733.33,3840,896
3,rigtorp_65536_cross-core_paced_itch,1,total,3840,3946.66,770
3,rigtorp_65536_cross-core_paced_itch,1,total,3946.66,4053.33,730
3,rigtorp_65536_cross-core_paced_itch,1,total,4053.33,4160,694
3,rigtorp_65536_cross-core_paced_itch,1,total,4160,4266.66,687
3,rigtorp_65536_cross-core_paced_itch,1,total,4266.66,4373.33,616
3,rigtorp_65536_cross-core_paced_itch,1,total,4373.33,4480,569
3,rigtorp_65536_cross-core_paced_itch,1,total,4480,4586.66,530
3,rigtorp_65536_cross-core_paced_itch,1,total,4586.66,4693.33,492
3,rigtorp_65536_cross-core_paced_itch,1,total,4693.33,4800,473
3,rigtorp_65536_cross-core_paced_itch,1,total,4800,4906.66,436
3,rigtorp_65536_cross-core_paced_itch,1,total,4906.66,5013.33,407
3,rigtorp_65536_cross-core_paced_itch,1,total,5013.33,5120,380
3,rigtorp_65536_cross-core_paced_itch,1,total,5120,5226.66,361
3,rigtorp_65536_cross-core_paced_itch,1,total,5226.66,5333.33,353
3,rigtorp_65536_cross-core_paced_itch,1,total,5333.33,5440,349
3,rigtorp_65536_cross-core_paced_itch,1,total,5440,5546.66,307
3,rigtorp_65536_cross-core_paced_itch,1,total,5546.66,5653.33,301
3,rigtorp_65536_cross-core_paced_itch,1,total,5653.33,5760,302
3,rigtorp_65536_cross-core_paced_itch,1,total,5760,5866.66,279
3,rigtorp_65536_cross-core_paced_itch,1,total,5866.66,5973.33,270
3,rigtorp_65536_cross-core_paced_itch,1,total,5973.33,6080,291
3,rigtorp_65536_cross-core_paced_itch,1,total,6080,6186.66,230
3,rigtorp_65536_cross-core_paced_itch,1,total,6186.66,6293.33,233
3,rigtorp_65536_cross-core_paced_itch,1,total,6293.33,6400,210
3,rigtorp_65536_cross-core_paced_itch,1,total,6400,6506.66,206
3,rigtorp_65536_cross-core_paced_itch,1,total,6506.66,6613.33,238
3,rigtorp_65536_cross-core_paced_itch,1,total,6613.33,6720,206
3,rigtorp_65536_cross-core_paced_itch,1,total,6720,6826.66,197
3,rigtorp_65536_cross-core_paced_itch,1,total,6826.66,7040,387
3,rigtorp_65536_cross-core_paced_itch,1,total,7040,7253.33,365
3,rigtorp_65536_cross-core_paced_itch,1,total,7253.33,7466.66,339
3,rigtorp_65536_cross-core_paced_itch,1,total,7466.66,7680,310
3,rigtorp_65536_cross-core_paced_itch,1,total,7680,7893.33,272
3,rigtorp_65536_cross-core_paced_itch,1,total,7893.33,8106.66,286
3,rigtorp_65536_cross-core_paced_itch,1,total,8106.66,8320,252
3,rigtorp_65536_cross-core_paced_itch,1,total,8320,8533.33,200
3,rigtorp_65536_cross-core_paced_itch,1,total,8533.33,8746.66,207
3,rigtorp_65536_cross-core_paced_itch,1,total,8746.66,8960,146
3,rigtorp_65536_cross-core_paced_itch,1,total,8960,9173.33,112
3,rigtorp_65536_cross-core_paced_itch,1,total,9173.33,9386.66,75
3,rigtorp_65536_cross-core_paced_itch,1,total,9386.66,9600,72
3,rigtorp_65536_cross-core_paced_itch,1,total,9600,9813.33,76
3,rigtorp_65536_cross-core_paced_itch,1,total,9813.33,10026.7,41
3,rigtorp_65536_cross-core_paced_itch,1,total,10026.7,10240,18
3,rigtorp_65536_cross-core_paced_itch,1,total,10240,10453.3,26
3,rigtorp_65536_cross-core_paced_itch,1,total,10453.3,10666.7,14
3,rigtorp_65536_cross-core_paced_itch,1,total,10666.7,10880,22
3,rigtorp_65536_cross-core_paced_itch,1,total,10880,11093.3,19
3,rigtorp_65536_cross-core_paced_itch,1,total,11093.3,11306.7,12
3,rigtorp_65536_cross-core_paced_itch,1,total,11306.7,11520,10
3,rigtorp_65536_cross-core_paced_itch,1,total,11520,11733.3,14
3,rigtorp_65536_cross-core_paced_itch,1,total,11733.3,11946.7,21
3,rigtorp_65536_cross-core_paced_itch,1,total,11946.7,12160,19
3,rigtorp_65536_cross-core_paced_itch,1,total,12160,12373.3,13
3,rigtorp_65536_cross-core_paced_itch,1,total,12373.3,12586.7,14
3,rigtorp_65536_cross-core_paced_itch,1,total,12586.7,12800,4
3,rigtorp_65536_cross-core_paced_itch,1,total,12800,13013.3,7
3,rigtorp_65536_cross-core_paced_itch,1,total,13013.3,13226.7,13
3,rigtorp_65536_cross-core_paced_itch,1,total,13226.7,13440,7
3,rigtorp_65536_cross-core_paced_itch,1,total,13440,13653.3,17
3,rigtorp_65536_cross-core_paced_itch,1,total,13653.3,14080,16
3,rigtorp_65536_cross-core_paced_itch,1,total,14080,14506.7,15
3,rigtorp_65536_cross-core_paced_itch,1,total,14506.7,14933.3,15
3,rigtorp_65536_cross-core_paced_itch,1,total,14933.3,15360,11
3,rigtorp_65536_cross-core_paced_itch,1,total,15360,15786.7,13
3,rigtorp_65536_cross-core_paced_itch,1,total,15786.7,16213.3,5
3,rigtorp_65536_cross-core_paced_itch,1,total,16213.3,16640,1
3,rigtorp_65536_cross-core_paced_itch,1,total,16640,17066.7,9
3,rigtorp_65536_cross-core_paced_itch,1,total,17066.7,17493.3,3
3,rigtorp_65536_cross-core_paced_itch,1,total,17493.3,17920,7
3,rigtorp_65536_cross-core_paced_itch,1,total,17920,18346.7,8
3,rigtorp_65536_cross-core_paced_itch,1,total,18346.7,18773.3,1
3,rigtorp_65536_cross-core_paced_itch,1,total,18773.3,19200,10
3,rigtorp_65536_cross-core_paced_itch,1,total,19200,19626.7,4
3,rigtorp_65536_cross-core_paced_itch,1,total,19626.7,20053.3,1
3,rigtorp_65536_cross-core_paced_itch,1,total,20053.3,20480,4
3,rigtorp_65536_cross-core_paced_itch,1,total,20480,20906.7,3
3,rigtorp_65536_cross-core_paced_itch,1,total,20906.7,21333.3,3
3,rigtorp_65536_cross-core_paced_itch,1,total,21333.3,21760,3
3,rigtorp_65536_cross-core_paced_itch,1,total,21760,22186.7,6
3,rigtorp_65536_cross-core_paced_itch,1,total,22186.7,22613.3,4
3,rigtorp_65536_cross-core_paced_itch,1,total,22613.3,23040,7
3,rigtorp_65536_cross-core_paced_itch,1,total,23040,23466.7,4
3,rigtorp_65536_cross-core_paced_itch,1,total,23466.7,23893.3,2
3,rigtorp_65536_cross-core_paced_itch,1,total,23893.3,24320,1
3,rigtorp_65536_cross-core_paced_itch,1,total,24320,24746.7,3
3,rigtorp_65536_cross-core_paced_itch,1,total,24746.7,25173.3,6
3,rigtorp_65536_cross-core_paced_itch,1,total,25173.3,25600,6
3,rigtorp_65536_cross-core_paced_itch,1,total,25600,26026.7,8
3,rigtorp_65536_cross-core_paced_itch,1,total,26026.7,26453.3,2
3,rigtorp_65536_cross-core_paced_itch,1,total,26453.3,26880,3
3,rigtorp_65536_cross-core_paced_itch,1,total,26880,27306.7,6
3,rigtorp_65536_cross-core_paced_itch,1,total,27306.7,28160,4
3,rigtorp_65536_cross-core_paced_itch,1,total,28160,29013.3,4
3,rigtorp_65536_cross-core_paced_itch,1,total,29013.3,29866.7,5
3,rigtorp_65536_cross-core_paced_itch,1,total,29866.7,30720,1
3,rigtorp_65536_cross-core_paced_itch,1,total,30720,31573.3,2
3,rigtorp_65536_cross-core_paced_itch,1,total,31573.3,32426.7,4
3,rigtorp_65536_cross-core_paced_itch,1,total,32426.7,33280,4
3,rigtorp_65536_cross-core_paced_itch,1,total,33280,34133.3,4
3,rigtorp_65536_cross-core_paced_itch,1,total,34133.3,34986.7,6
3,rigtorp_65536_cross-core_paced_itch,1,total,34986.7,35840,6
3,rigtorp_65536_cross-core_paced_itch,1,total,35840,36693.3,18
3,rigtorp_65536_cross-core_paced_itch,1,total,36693.3,37546.6,3
3,rigtorp_65536_cross-core_paced_itch,1,total,37546.6,38400,8
3,rigtorp_65536_cross-core_paced_itch,1,total,38400,39253.3,10
3,rigtorp_65536_cross-core_paced_itch,1,total,39253.3,40106.6,13
3,rigtorp_65536_cross-core_paced_itch,1,total,40106.6,40960,17
3,rigtorp_65536_cross-core_paced_itch,1,total,40960,41813.3,13
3,rigtorp_65536_cross-core_paced_itch,1,total,41813.3,42666.6,5
3,rigtorp_65536_cross-core_paced_itch,1,total,42666.6,43520,4
3,rigtorp_65536_cross-core_paced_itch,1,total,43520,44373.3,2
3,rigtorp_65536_cross-core_paced_itch,1,total,44373.3,45226.6,1
3,rigtorp_65536_cross-core_paced_itch,1,total,46080,46933.3,3
3,rigtorp_65536_cross-core_paced_itch,1,total,46933.3,47786.6,4
3,rigtorp_65536_cross-core_paced_itch,1,total,47786.6,48640,9
3,rigtorp_65536_cross-core_paced_itch,1,total,48640,49493.3,2
3,rigtorp_65536_cross-core_paced_itch,1,total,49493.3,50346.6,3
3,rigtorp_65536_cross-core_paced_itch,1,total,50346.6,51200,7
3,rigtorp_65536_cross-core_paced_itch,1,total,51200,52053.3,12
3,rigtorp_65536_cross-core_paced_itch,1,total,52053.3,52906.6,16
3,rigtorp_65536_cross-core_paced_itch,1,total,52906.6,53760,22
3,rigtorp_65536_cross-core_paced_itch,1,total,53760,54613.3,6
3,rigtorp_65536_cross-core_paced_itch,1,total,54613.3,56320,27
3,rigtorp_65536_cross-core_paced_itch,1,total,56320,58026.6,32
3,rigtorp_65536_cross-core_paced_itch,1,total,58026.6,59733.3,37
3,rigtorp_65536_cross-core_paced_itch,1,total,59733.3,61440,36
3,rigtorp_65536_cross-core_paced_itch,1,total,61440,63146.6,37
3,rigtorp_65536_cross-core_paced_itch,1,total,63146.6,64853.3,5
3,rigtorp_65536_cross-core_paced_itch,1,total,64853.3,66560,11
3,rigtorp_65536_cross-core_paced_itch,1,total,66560,68266.6,17
3,rigtorp_65536_cross-core_paced_itch,1,total,68266.6,69973.3,14
3,rigtorp_65536_cross-core_paced_itch,1,total,69973.3,71680,14
3,rigtorp_65536_cross-core_paced_itch,1,total,71680,73386.6,10
3,rigtorp_65536_cross-core_paced_itch,1,total,73386.6,75093.3,19
3,rigtorp_65536_cross-core_paced_itch,1,total,75093.3,76800,13
3,rigtorp_65536_cross-core_paced_itch,1,total,76800,78506.6,3
3,rigtorp_65536_cross-core_paced_itch,1,total,78506.6,80213.3,7
3,rigtorp_65536_cross-core_paced_itch,1,total,80213.3,81920,5
3,rigtorp_65536_cross-core_paced_itch,1,total,81920,83626.6,10
3,rigtorp_65536_cross-core_paced_itch,1,total,83626.6,85333.3,4
3,rigtorp_65536_cross-core_paced_itch,1,total,97280,98986.6,1
3,rigtorp_65536_cross-core_paced_itch,1,total,98986.6,100693,3
3,rigtorp_65536_cross-core_paced_itch,1,total,102400,104107,1
3,rigtorp_65536_cross-core_paced_itch,1,total,116053,119467,1
3,rigtorp_65536_cross-core_paced_itch,1,total,126293,129707,1
3,rigtorp_65536_cross-core_paced_itch,1,total,129707,133120,1
3,rigtorp_65536_cross-core_paced_itch,1,total,133120,136533,1
3,rigtorp_65536_cross-core_paced_itch,1,total,139947,143360,1
3,rigtorp_65536_cross-core_paced_itch,1,total,146773,150187,1
3,rigtorp_65536_cross-core_paced_itch,1,total,150187,153600,1
3,rigtorp_65536_cross-core_paced_itch,1,total,163840,167253,1
3,rigtorp_65536_cross-core_paced_itch,1,total,174080,177493,1
3,rigtorp_65536_cross-core_paced_itch,1,total,191147,194560,1
3,rigtorp_65536_cross-core_paced_itch,1,total,194560,197973,1
3,rigtorp_65536_cross-core_paced_itch,1,total,197973,201387,1
3,rigtorp_65536_cross-core_paced_itch,1,total,204800,208213,1
3,rigtorp_65536_cross-core_paced_itch,1,total,225280,232107,1
3,rigtorp_65536_cross-core_paced_itch,1,total,279893,286720,2
3,rigtorp_65536_cross-core_paced_itch,1,total,286720,293547,4
3,rigtorp_65536_cross-core_paced_itch,1,total,293547,300373,3
3,rigtorp_65536_cross-core_paced_itch,1,total,300373,307200,1
3,rigtorp_65536_cross-core_paced_itch,1,total,341333,348160,1
3,rigtorp_65536_cross-core_paced_itch,1,total,361813,368640,3
3,rigtorp_65536_cross-core_paced_itch,1,total,368640,375466,2
3,rigtorp_65536_cross-core_paced_itch,1,total,395946,402773,1
3,rigtorp_65536_cross-core_paced_itch,1,total,423253,430080,1
3,rigtorp_65536_cross-core_paced_itch,1,total,430080,436906,5
3,rigtorp_65536_cross-core_paced_itch,1,total,436906,450560,1
3,rigtorp_65536_cross-core_paced_itch,1,total,518826,532480,1
3,rigtorp_65536_cross-core_paced_itch,1,queue,110,113.333,1
3,rigtorp_65536_cross-core_paced_itch,1,queue,123.333,126.667,1
3,rigtorp_65536_cross-core_paced_itch,1,queue,140,143.333,1
3,rigtorp_65536_cross-core_paced_itch,1,queue,153.333,156.667,1
3,rigtorp_65536_cross-core_paced_itch,1,queue,160,163.333,1
3,rigtorp_65536_cross-core_paced_itch,1,queue,163.333,166.667,1
3,rigtorp_65536_cross-core_paced_itch,1,queue,166.667,170,1
3,rigtorp_65536_cross-core_paced_itch,1,queue,173.333,176.667,2
3,rigtorp_65536_cross-core_paced_itch,1,queue,176.667,180,2
3,rigtorp_65536_cross-core_paced_itch,1,queue,180,183.333,2
3,rigtorp_65536_cross-core_paced_itch,1,queue,186.667,190,3
3,rigtorp_65536_cross-core_paced_itch,1,queue,190,193.333,2
3,rigtorp_65536_cross-core_paced_itch,1,queue,193.333,196.667,5
3,rigtorp_65536_cross-core_paced_itch,1,queue,196.667,200,2
3,rigtorp_65536_cross-core_paced_itch,1,queue,200,203.333,6
3,rigtorp_65536_cross-core_paced_itch,1,queue,203.333,206.667,5
3,rigtorp_65536_cross-core_paced_itch,1,queue,206.667,210,10
3,rigtorp_65536_cross-core_paced_itch,1,queue,210,213.333,7
3,rigtorp_65536_cross-core_paced_itch,1,queue,213.333,220,18
3,rigtorp_65536_cross-core_paced_itch,1,queue,220,226.667,19
3,rigtorp_65536_cross-core_paced_itch,1,queue,226.667,233.333,22
3,rigtorp_65536_cross-core_paced_itch,1,queue,233.333,240,34
3,rigtorp_65536_cross-core_paced_itch,1,queue,240,246.667,37
3,rigtorp_65536_cross-core_paced_itch,1,queue,246.667,253.333,49
3,rigtorp_65536_cross-core_paced_itch,1,queue,253.333,260,53
3,rigtorp_65536_cross-core_paced_itch,1,queue,260,266.667,83
3,rigtorp_65536_cross-core_paced_itch,1,queue,266.667,273.333,130
3,rigtorp_65536_cross-core_paced_itch,1,queue,273.333,280,131
3,rigtorp_65536_cross-core_paced_itch,1,queue,280,286.667,151
3,rigtorp_65536_cross-core_paced_itch,1,queue,286.667,293.333,164
3,rigtorp_65536_cross-core_paced_itch,1,queue,293.333,300,246
3,rigtorp_65536_cross-core_paced_itch,1,queue,300,306.667,251
3,rigtorp_65536_cross-core_paced_itch,1,queue,306.667,313.333,280
3,rigtorp_65536_cross-core_paced_itch,1,queue,313.333,320,317
3,rigtorp_65536_cross-core_paced_itch,1,queue,320,326.667,364
3,rigtorp_65536_cross-core_paced_itch,1,queue,326.667,333.333,391
3,rigtorp_65536_cross-core_paced_itch,1,queue,333.333,340,470
3,rigtorp_65536_cross-core_paced_itch,1,queue,340,346.667,471
3,rigtorp_65536_cross-core_paced_itch,1,queue,346.667,353.333,488
3,rigtorp_65536_cross-core_paced_itch,1,queue,353.333,360,471
3,rigtorp_65536_cross-core_paced_itch,1,queue,360,366.666,524
3,rigtorp_65536_cross-core_paced_itch,1,queue,366.666,373.333,928
3,rigtorp_65536_cross-core_paced_itch,1,queue,373.333,380,3246
3,rigtorp_65536_cross-core_paced_itch,1,queue,380,386.666,6662
3,rigtorp_65536_cross-core_paced_itch,1,queue,386.666,393.333,7331
3,rigtorp_65536_cross-core_paced_itch,1,queue,393.333,400,6833
3,rigtorp_65536_cross-core_paced_itch,1,queue,400,406.666,9183
3,rigtorp_65536_cross-core_paced_itch,1,queue,406.666,413.333,13089
3,rigtorp_65536_cross-core_paced_itch,1,queue,413.333,420,13248
3,rigtorp_65536_cross-core_paced_itch,1,queue,420,426.666,10994
3,rigtorp_65536_cross-core_paced_itch,1,queue,426.666,440,22239
3,rigtorp_65536_cross-core_paced_itch,1,queue,440,453.333,17821
3,rigtorp_65536_cross-core_paced_itch,1,queue,453.333,466.666,5607
3,rigtorp_65536_cross-core_paced_itch,1,queue,466.666,480,6431
3,rigtorp_65536_cross-core_paced_itch,1,queue,480,493.333,9643
3,rigtorp_65536_cross-core_paced_itch,1,queue,493.333,506.666,7708
3,rigtorp_65536_cross-core_paced_itch,1,queue,506.666,520,4877
3,rigtorp_65536_cross-core_paced_itch,1,queue,520,533.333,3293
3,rigtorp_65536_cross-core_paced_itch,1,queue,533.333,546.666,6383
3,rigtorp_65536_cross-core_paced_itch,1,queue,546.666,560,7069
3,rigtorp_65536_cross-core_paced_itch,1,queue,560,573.333,3600
3,rigtorp_65536_cross-core_paced_itch,1,queue,573.333,586.666,2160
3,rigtorp_65536_cross-core_paced_itch,1,queue,586.666,600,1951
3,rigtorp_65536_cross-core_paced_itch,1,queue,600,613.333,1605
3,rigtorp_65536_cross-core_paced_itch,1,queue,613.333,626.666,1298
3,rigtorp_65536_cross-core_paced_itch,1,queue,626.666,640,1129
3,rigtorp_65536_cross-core_paced_itch,1,queue,640,653.333,1035
3,rigtorp_65536_cross-core_paced_itch,1,queue,653.333,666.666,1067
3,rigtorp_65536_cross-core_paced_itch,1,queue,666.666,680,952
3,rigtorp_65536_cross-core_paced_itch,1,queue,680,693.333,921
3,rigtorp_65536_cross-core_paced_itch,1,queue,693.333,706.666,884
3,rigtorp_65536_cross-core_paced_itch,1,queue,706.666,720,832
3,rigtorp_65536_cross-core_paced_itch,1,queue,720,733.333,760
3,rigtorp_65536_cross-core_paced_itch,1,queue,733.333,746.666,736
3,rigtorp_65536_cross-core_paced_itch,1,queue,746.666,760,705
3,rigtorp_65536_cross-core_paced_itch,1,queue,760,773.333,649
3,rigtorp_65536_cross-core_paced_itch,1,queue,773.333,786.666,634
3,rigtorp_65536_cross-core_paced_itch,1,queue,786.666,800,602
3,rigtorp_65536_cross-core_paced_itch,1,queue,800,813.333,549
3,rigtorp_65536_cross-core_paced_itch,1,queue,813.333,826.666,545
3,rigtorp_65536_cross-core_paced_itch,1,queue,826.666,840,549
3,rigtorp_65536_cross-core_paced_itch,1,queue,840,853.333,581
3,rigtorp_65536_cross-core_paced_itch,1,queue,853.333,880,1068
3,rigtorp_65536_cross-core_paced_itch,1,queue,880,906.666,1032
3,rigtorp_65536_cross-core_paced_itch,1,queue,906.666,933.333,1014
3,rigtorp_65536_cross-core_paced_itch,1,queue,933.333,960,956
3,rigtorp_65536_cross-core_paced_itch,1,queue,960,986.666,927
3,rigtorp_65536_cross-core_paced_itch,1,queue,986.666,1013.33,867
3,rigtorp_65536_cross-core_paced_itch,1,queue,1013.33,1040,908
3,rigtorp_65536_cross-core_paced_itch,1,queue,1040,1066.67,858
3,rigtorp_65536_cross-core_paced_itch,1,queue,1066.67,1093.33,833
3,rigtorp_65536_cross-core_paced_itch,1,queue,1093.33,1120,867
3,rigtorp_65536_cross-core_paced_itch,1,queue,1120,1146.67,786
3,rigtorp_65536_cross-core_paced_itch,1,queue,1146.67,1173.33,767
3,rigtorp_65536_cross-core_paced_itch,1,queue,1173.33,1200,762
3,rigtorp_65536_cross-core_paced_itch,1,queue,1200,1226.67,750
3,rigtorp_65536_cross-core_paced_itch,1,queue,1226.67,1253.33,744
3,rigtorp_65536_cross-core_paced_itch,1,queue,1253.33,1280,738
3,rigtorp_65536_cross-core_paced_itch,1,queue,1280,1306.67,749
3,rigtorp_65536_cross-core_paced_itch,1,queue,1306.67,1333.33,744
3,rigtorp_65536_cross-core_paced_itch,1,queue,1333.33,1360,749
3,rigtorp_65536_cross-core_paced_itch,1,queue,1360,1386.67,682
3,rigtorp_65536_cross-core_paced_itch,1,queue,1386.67,1413.33,728
3,rigtorp_65536_cross-core_paced_itch,1,queue,1413.33,1440,687
3,rigtorp_65536_cross-core_paced_itch,1,queue,1440,1466.67,702
3,rigtorp_65536_cross-core_paced_itch,1,queue,1466.67,1493.33,663
3,rigtorp_65536_cross-core_paced_itch,1,queue,1493.33,1520,619
3,rigtorp_65536_cross-core_paced_itch,1,queue,1520,1546.67,644
3,rigtorp_65536_cross-core_paced_itch,1,queue,1546.67,1573.33,645
3,rigtorp_65536_cross-core_paced_itch,1,queue,1573.33,1600,621
3,rigtorp_65536_cross-core_paced_itch,1,queue,1600,1626.67,640
3,rigtorp_65536_cross-core_paced_itch,1,queue,1626.67,1653.33,609
3,rigtorp_65536_cross-core_paced_itch,1,queue,1653.33,1680,659
3,rigtorp_65536_cross-core_paced_itch,1,queue,1680,1706.67,660
3,rigtorp_65536_cross-core_paced_itch,1,queue,1706.67,1760,1248
3,rigtorp_65536_cross-core_paced_itch,1,queue,1760,1813.33,1197
3,rigtorp_65536_cross-core_paced_itch,1,queue,1813.33,1866.67,1143
3,rigtorp_65536_cross-core_paced_itch,1,queue,1866.67,1920,1151
3,rigtorp_65536_cross-core_paced_itch,1,queue,1920,1973.33,1127
3,rigtorp_65536_cross-core_paced_itch,1,queue,1973.33,2026.67,1063
3,rigtorp_65536_cross-core_paced_itch,1,queue,2026.67,2080,1093
3,rigtorp_65536_cross-core_paced_itch,1,queue,2080,2133.33,1002
3,rigtorp_65536_cross-core_paced_itch,1,queue,2133.33,2186.67,1032
3,rigtorp_65536_cross-core_paced_itch,1,queue,2186.67,2240,1020
3,rigtorp_65536_cross-core_paced_itch,1,queue,2240,2293.33,972
3,rigtorp_65536_cross-core_paced_itch,1,queue,2293.33,2346.67,947
3,rigtorp_65536_cross-core_paced_itch,1,queue,2346.67,2400,944
3,rigtorp_65536_cross-core_paced_itch,1,queue,2400,2453.33,896
3,rigtorp_65536_cross-core_paced_itch,1,queue,2453.33,2506.67,875
3,rigtorp_65536_cross-core_paced_itch,1,queue,2506.67,2560,866
3,rigtorp_65536_cross-core_paced_itch,1,queue,2560,2613.33,844
3,rigtorp_65536_cross-core_paced_itch,1,queue,2613.33,2666.67,814
3,rigtorp_65536_cross-core_paced_itch,1,queue,2666.67,2720,790
3,rigtorp_65536_cross-core_paced_itch,1,queue,2720,2773.33,740
3,rigtorp_65536_cross-core_paced_itch,1,queue,2773.33,2826.67,707
3,rigtorp_65536_cross-core_paced_itch,1,queue,2826.67,2880,703
3,rigtorp_65536_cross-core_paced_itch,1,queue,2880,2933.33,678
3,rigtorp_65536_cross-core_paced_itch,1,queue,2933.33,2986.67,636
3,rigtorp_65536_cross-core_paced_itch,1,queue,2986.67,3040,609
3,rigtorp_65536_cross-core_paced_itch,1,queue,3040,3093.33,584
3,rigtorp_65536_cross-core_paced_itch,1,queue,3093.33,3146.67,588
3,rigtorp_65536_cross-core_paced_itch,1,queue,3146.67,3200,558
3,rigtorp_65536_cross-core_paced_itch,1,queue,3200,3253.33,524
3,rigtorp_65536_cross-core_paced_itch,1,queue,3253.33,3306.67,543
3,rigtorp_65536_cross-core_paced_itch,1,queue,3306.67,3360,505
3,rigtorp_65536_cross-core_paced_itch,1,queue,3360,3413.33,513
3,rigtorp_65536_cross-core_paced_itch,1,queue,3413.33,3520,952
3,rigtorp_65536_cross-core_paced_itch,1,queue,3520,3626.66,886
3,rigtorp_65536_cross-core_paced_itch,1,queue,3626.66,3733.33,856
3,rigtorp_65536_cross-core_paced_itch,1,queue,3733.33,3840,779
3,rigtorp_65536_cross-core_paced_itch,1,queue,3840,3946.66,731
3,rigtorp_65536_cross-core_paced_itch,1,queue,3946.66,4053.33,714
3,rigtorp_65536_cross-core_paced_itch,1,queue,4053.33,4160,630
3,rigtorp_65536_cross-core_paced_itch,1,queue,4160,4266.66,620
3,rigtorp_65536_cross-core_paced_itch,1,queue,4266.66,4373.33,560
3,rigtorp_65536_cross-core_paced_itch,1,queue,4373.33,4480,515
3,rigtorp_65536_cross-core_paced_itch,1,queue,4480,4586.66,508
3,rigtorp_65536_cross-core_paced_itch,1,queue,4586.66,4693.33,454
3,rigtorp_65536_cross-core_paced_itch,1,queue,4693.33,4800,411
3,rigtorp_65536_cross-core_paced_itch,1,queue,4800,4906.66,440
3,rigtorp_65536_cross-core_paced_itch,1,queue,4906.66,5013.33,382
3,rigtorp_65536_cross-core_paced_itch,1,queue,5013.33,5120,372
3,rigtorp_65536_cross-core_paced_itch,1,queue,5120,5226.66,324
3,rigtorp_65536_cross-core_paced_itch,1,queue,5226.66,5333.33,336
3,rigtorp_65536_cross-core_paced_itch,1,queue,5333.33,5440,314
3,rigtorp_65536_cross-core_paced_itch,1,queue,5440,5546.66,296
3,rigtorp_65536_cross-core_paced_itch,1,queue,5546.66,5653.33,295
3,rigtorp_65536_cross-core_paced_itch,1,queue,5653.33,5760,286
3,rigtorp_65536_cross-core_paced_itch,1,queue,5760,5866.66,253
3,rigtorp_65536_cross-core_paced_itch,1,queue,5866.66,5973.33,279
3,rigtorp_65536_cross-core_paced_itch,1,queue,5973.33,6080,242
3,rigtorp_65536_cross-core_paced_itch,1,queue,6080,6186.66,231
3,rigtorp_65536_cross-core_paced_itch,1,queue,6186.66,6293.33,223
3,rigtorp_65536_cross-core_paced_itch,1,queue,6293.33,6400,215
3,rigtorp_65536_cross-core_paced_itch,1,queue,6400,6506.66,205
3,rigtorp_65536_cross-core_paced_itch,1,queue,6506.66,6613.33,217
3,rigtorp_65536_cross-core_paced_itch,1,queue,6613.33,6720,185
3,rigtorp_65536_cross-core_paced_itch,1,queue,6720,6826.66,207
3,rigtorp_65536_cross-core_paced_itch,1,queue,6826.66,7040,371
3,rigtorp_65536_cross-core_paced_itch,1,queue,7040,7253.33,364
3,rigtorp_65536_cross-core_paced_itch,1,queue,7253.33,7466.66,323
3,rigtorp_65536_cross-core_paced_itch,1,queue,7466.66,7680,303
3,rigtorp_65536_cross-core_paced_itch,1,queue,7680,7893.33,279
3,rigtorp_65536_cross-core_paced_itch,1,queue,7893.33,8106.66,269
3,rigtorp_65536_cross-core_paced_itch,1,queue,8106.66,8320,236
3,rigtorp_65536_cross-core_paced_itch,1,queue,8320,8533.33,195
3,rigtorp_65536_cross-core_paced_itch,1,queue,8533.33,8746.66,194
3,rigtorp_65536_cross-core_paced_itch,1,queue,8746.66,8960,141
3,rigtorp_65536_cross-core_paced_itch,1,queue,8960,9173.33,91
3,rigtorp_65536_cross-core_paced_itch,1,queue,9173.33,9386.66,79
3,rigtorp_65536_cross-core_paced_itch,1,queue,9386.66,9600,74
3,rigtorp_65536_cross-core_paced_itch,1,queue,9600,9813.33,64
3,rigtorp_65536_cross-core_paced_itch,1,queue,9813.33,10026.7,28
3,rigtorp_65536_cross-core_paced_itch,1,queue,10026.7,10240,19
3,rigtorp_65536_cross-core_paced_itch,1,queue,10240,10453.3,22
3,rigtorp_65536_cross-core_paced_itch,1,queue,10453.3,10666.7,24
3,rigtorp_65536_cross-core_paced_itch,1,queue,10666.7,10880,17
3,rigtorp_65536_cross-core_paced_itch,1,queue,10880,11093.3,17
3,rigtorp_65536_cross-core_paced_itch,1,queue,11093.3,11306.7,9
3,rigtorp_65536_cross-core_paced_itch,1,queue,11306.7,11520,5
3,rigtorp_65536_cross-core_paced_itch,1,queue,11520,11733.3,25
3,rigtorp_65536_cross-core_paced_itch,1,queue,11733.3,11946.7,18
3,rigtorp_65536_cross-core_paced_itch,1,queue,11946.7,12160,17
3,rigtorp_65536_cross-core_paced_itch,1,queue,12160,12373.3,10
3,rigtorp_65536_cross-core_paced_itch,1,queue,12373.3,12586.7,11
3,rigtorp_65536_cross-core_paced_itch,1,queue,12586.7,12800,3
3,rigtorp_65536_cross-core_paced_itch,1,queue,12800,13013.3,8
3,rigtorp_65536_cross-core_paced_itch,1,queue,13013.3,13226.7,13
3,rigtorp_65536_cross-core_paced_itch,1,queue,13226.7,13440,9
3,rigtorp_65536_cross-core_paced_itch,1,queue,13440,13653.3,17
3,rigtorp_65536_cross-core_paced_itch,1,queue,13653.3,14080,15
3,rigtorp_65536_cross-core_paced_itch,1,queue,14080,14506.7,16
3,rigtorp_65536_cross-core_paced_itch,1,queue,14506.7,14933.3,15
3,rigtorp_65536_cross-core_paced_itch,1,queue,14933.3,15360,11
3,rigtorp_65536_cross-core_paced_itch,1,queue,15360,15786.7,11
3,rigtorp_65536_cross-core_paced_itch,1,queue,15786.7,16213.3,2
3,rigtorp_65536_cross-core_paced_itch,1,queue,16213.3,16640,5
3,rigtorp_65536_cross-core_paced_itch,1,queue,16640,17066.7,7
3,rigtorp_65536_cross-core_paced_itch,1,queue,17066.7,17493.3,5
3,rigtorp_65536_cross-core_paced_itch,1,queue,17493.3,17920,6
3,rigtorp_65536_cross-core_paced_itch,1,queue,17920,18346.7,7
3,rigtorp_65536_cross-core_paced_itch,1,queue,18346.7,18773.3,5
3,rigtorp_65536_cross-core_paced_itch,1,queue,18773.3,19200,5
3,rigtorp_65536_cross-core_paced_itch,1,queue,19200,19626.7,3
3,rigtorp_65536_cross-core_paced_itch,1,queue,19626.7,20053.3,2
3,rigtorp_65536_cross-core_paced_itch,1,queue,20053.3,20480,4
3,rigtorp_65536_cross-core_paced_itch,1,queue,20480,20906.7,3
3,rigtorp_65536_cross-core_paced_itch,1,queue,20906.7,21333.3,3
3,rigtorp_65536_cross-core_paced_itch,1,queue,21333.3,21760,2
3,rigtorp_65536_cross-core_paced_itch,1,queue,21760,22186.7,8
3,rigtorp_65536_cross-core_paced_itch,1,queue,22186.7,22613.3,4
3,rigtorp_65536_cross-core_paced_itch,1,queue,22613.3,23040,9
3,rigtorp_65536_cross-core_paced_itch,1,queue,23040,23466.7,2
3,rigtorp_65536_cross-core_paced_itch,1,queue,23893.3,24320,2
3,rigtorp_65536_cross-core_paced_itch,1,queue,24320,24746.7,5
3,rigtorp_65536_cross-core_paced_itch,1,queue,24746.7,25173.3,5
3,rigtorp_65536_cross-core_paced_itch,1,queue,25173.3,25600,8
3,rigtorp_65536_cross-core_paced_itch,1,queue,25600,26026.7,6
3,rigtorp_65536_cross-core_paced_itch,1,queue,26026.7,26453.3,1
3,rigtorp_65536_cross-core_paced_itch,1,queue,26453.3,26880,3
3,rigtorp_65536_cross-core_paced_itch,1,queue,26880,27306.7,6
3,rigtorp_65536_cross-core_paced_itch,1,queue,27306.7,28160,3
3,rigtorp_65536_cross-core_paced_itch,1,queue,28160,29013.3,4
3,rigtorp_65536_cross-core_paced_itch,1,queue,29013.3,29866.7,5
3,rigtorp_65536_cross-core_paced_itch,1,queue,29866.7,30720,1
3,rigtorp_65536_cross-core_paced_itch,1,queue,30720,31573.3,3
3,rigtorp_65536_cross-core_paced_itch,1,queue,31573.3,32426.7,3
3,rigtorp_65536_cross-core_paced_itch,1,queue,32426.7,33280,4
3,rigtorp_65536_cross-core_paced_itch,1,queue,33280,34133.3,5
3,rigtorp_65536_cross-core_paced_itch,1,queue,34133.3,34986.7,6
3,rigtorp_65536_cross-core_paced_itch,1,queue,34986.7,35840,7
3,rigtorp_65536_cross-core_paced_itch,1,queue,35840,36693.3,17
3,rigtorp_65536_cross-core_paced_itch,1,queue,36693.3,37546.6,2
3,rigtorp_65536_cross-core_paced_itch,1,queue,37546.6,38400,9
3,rigtorp_65536_cross-core_paced_itch,1,queue,38400,39253.3,10
3,rigtorp_65536_cross-core_paced_itch,1,queue,39253.3,40106.6,13
3,rigtorp_65536_cross-core_paced_itch,1,queue,40106.6,40960,20
3,rigtorp_65536_cross-core_paced_itch,1,queue,40960,41813.3,11
3,rigtorp_65536_cross-core_paced_itch,1,queue,41813.3,42666.6,5
3,rigtorp_65536_cross-core_paced_itch,1,queue,42666.6,43520,2
3,rigtorp_65536_cross-core_paced_itch,1,queue,43520,44373.3,2
3,rigtorp_65536_cross-core_paced_itch,1,queue,44373.3,45226.6,1
3,rigtorp_65536_cross-core_paced_itch,1,queue,46080,46933.3,4
3,rigtorp_65536_cross-core_paced_itch,1,queue,46933.3,47786.6,8
3,rigtorp_65536_cross-core_paced_itch,1,queue,47786.6,48640,5
3,rigtorp_65536_cross-core_paced_itch,1,queue,48640,49493.3,2
3,rigtorp_65536_cross-core_paced_itch,1,queue,49493.3,50346.6,2
3,rigtorp_65536_cross-core_paced_itch,1,queue,50346.6,51200,10
3,rigtorp_65536_cross-core_paced_itch,1,queue,51200,52053.3,12
3,rigtorp_65536_cross-core_paced_itch,1,queue,52053.3,52906.6,15
3,rigtorp_65536_cross-core_paced_itch,1,queue,52906.6,53760,22
3,rigtorp_65536_cross-core_paced_itch,1,queue,53760,54613.3,7
3,rigtorp_65536_cross-core_paced_itch,1,queue,54613.3,56320,28
3,rigtorp_65536_cross-core_paced_itch,1,queue,56320,58026.6,28
3,rigtorp_65536_cross-core_paced_itch,1,queue,58026.6,59733.3,41
3,rigtorp_65536_cross-core_paced_itch,1,queue,59733.3,61440,34
3,rigtorp_65536_cross-core_paced_itch,1,queue,61440,63146.6,35
3,rigtorp_65536_cross-core_paced_itch,1,queue,63146.6,64853.3,5
3,rigtorp_65536_cross-core_paced_itch,1,queue,64853.3,66560,12
3,rigtorp_65536_cross-core_paced_itch,1,queue,66560,68266.6,17
3,rigtorp_65536_cross-core_paced_itch,1,queue,68266.6,69973.3,13
3,rigtorp_65536_cross-core_paced_itch,1,queue,69973.3,71680,15
3,rigtorp_65536_cross-core_paced_itch,1,queue,71680,73386.6,8
3,rigtorp_65536_cross-core_paced_itch,1,queue,73386.6,75093.3,19
3,rigtorp_65536_cross-core_paced_itch,1,queue,75093.3,76800,13
3,rigtorp_65536_cross-core_paced_itch,1,queue,76800,78506.6,3
3,rigtorp_65536_cross-core_paced_itch,1,queue,78506.6,80213.3,7
3,rigtorp_65536_cross-core_paced_itch,1,queue,80213.3,81920,7
3,rigtorp_65536_cross-core_paced_itch,1,queue,81920,83626.6,11
3,rigtorp_65536_cross-core_paced_itch,1,queue,83626.6,85333.3,1
3,rigtorp_65536_cross-core_paced_itch,1,queue,97280,98986.6,1
3,rigtorp_65536_cross-core_paced_itch,1,queue,98986.6,100693,3
3,rigtorp_65536_cross-core_paced_itch,1,queue,102400,104107,1
3,rigtorp_65536_cross-core_paced_itch,1,queue,116053,119467,1
3,rigtorp_65536_cross-core_paced_itch,1,queue,122880,126293,1
3,rigtorp_65536_cross-core_paced_itch,1,queue,129707,133120,1
3,rigtorp_65536_cross-core_paced_itch,1,queue,133120,136533,1
3,rigtorp_65536_cross-core_paced_itch,1,queue,139947,143360,1
3,rigtorp_65536_cross-core_paced_itch,1,queue,146773,150187,1
3,rigtorp_65536_cross-core_paced_itch,1,queue,150187,153600,1
3,rigtorp_65536_cross-core_paced_itch,1,queue,160427,163840,1
3,rigtorp_65536_cross-core_paced_itch,1,queue,174080,177493,1
3,rigtorp_65536_cross-core_paced_itch,1,queue,191147,194560,1
3,rigtorp_65536_cross-core_paced_itch,1,queue,194560,197973,1
3,rigtorp_65536_cross-core_paced_itch,1,queue,197973,201387,1
3,rigtorp_65536_cross-core_paced_itch,1,queue,204800,208213,1
3,rigtorp_65536_cross-core_paced_itch,1,queue,225280,232107,1
3,rigtorp_65536_cross-core_paced_itch,1,queue,279893,286720,2
3,rigtorp_65536_cross-core_paced_itch,1,queue,286720,293547,4
3,rigtorp_65536_cross-core_paced_itch,1,queue,293547,300373,3
3,rigtorp_65536_cross-core_paced_itch,1,queue,300373,307200,1
3,rigtorp_65536_cross-core_paced_itch,1,queue,341333,348160,1
3,rigtorp_65536_cross-core_paced_itch,1,queue,354986,361813,1
3,rigtorp_65536_cross-core_paced_itch,1,queue,361813,368640,2
3,rigtorp_65536_cross-core_paced_itch,1,queue,368640,375466,2
3,rigtorp_65536_cross-core_paced_itch,1,queue,395946,402773,1
3,rigtorp_65536_cross-core_paced_itch,1,queue,423253,430080,1
3,rigtorp_65536_cross-core_paced_itch,1,queue,430080,436906,5
3,rigtorp_65536_cross-core_paced_itch,1,queue,436906,450560,1
3,rigtorp_65536_cross-core_paced_itch,1,queue,518826,532480,1
3,rigtorp_65536_cross-core_paced_itch,1,book,6.66666,7.08333,30
3,rigtorp_65536_cross-core_paced_itch,1,book,7.5,7.91666,281
3,rigtorp_65536_cross-core_paced_itch,1,book,8.33333,8.75,349
3,rigtorp_65536_cross-core_paced_itch,1,book,9.16666,9.58333,404
3,rigtorp_65536_cross-core_paced_itch,1,book,10,10.4167,1144
3,rigtorp_65536_cross-core_paced_itch,1,book,10.8333,11.25,381
3,rigtorp_65536_cross-core_paced_itch,1,book,11.6667,12.0833,255
3,rigtorp_65536_cross-core_paced_itch,1,book,12.5,12.9167,690
3,rigtorp_65536_cross-core_paced_itch,1,book,13.3333,13.75,795
3,rigtorp_65536_cross-core_paced_itch,1,book,14.1667,14.5833,1332
3,rigtorp_65536_cross-core_paced_itch,1,book,15,15.4167,1503
3,rigtorp_65536_cross-core_paced_itch,1,book,15.8333,16.25,1615
3,rigtorp_65536_cross-core_paced_itch,1,book,16.6667,17.0833,813
3,rigtorp_65536_cross-core_paced_itch,1,book,17.5,17.9167,506
3,rigtorp_65536_cross-core_paced_itch,1,book,18.3333,18.75,550
3,rigtorp_65536_cross-core_paced_itch,1,book,19.1667,19.5833,648
3,rigtorp_65536_cross-core_paced_itch,1,book,20,20.4167,1075
3,rigtorp_65536_cross-core_paced_itch,1,book,20.8333,21.25,971
3,rigtorp_65536_cross-core_paced_itch,1,book,21.6667,22.0833,835
3,rigtorp_65536_cross-core_paced_itch,1,book,22.5,22.9167,609
3,rigtorp_65536_cross-core_paced_itch,1,book,23.3333,23.75,478
3,rigtorp_65536_cross-core_paced_itch,1,book,24.1667,24.5833,528
3,rigtorp_65536_cross-core_paced_itch,1,book,25,25.4167,453
3,rigtorp_65536_cross-core_paced_itch,1,book,25.8333,26.25,475
3,rigtorp_65536_cross-core_paced_itch,1,book,26.6667,27.5,482
3,rigtorp_65536_cross-core_paced_itch,1,book,27.5,28.3333,558
3,rigtorp_65536_cross-core_paced_itch,1,book,28.3333,29.1667,684
3,rigtorp_65536_cross-core_paced_itch,1,book,29.1667,30,675
3,rigtorp_65536_cross-core_paced_itch,1,book,30,30.8333,815
3,rigtorp_65536_cross-core_paced_itch,1,book,30.8333,31.6667,688
3,rigtorp_65536_cross-core_paced_itch,1,book,31.6667,32.5,762
3,rigtorp_65536_cross-core_paced_itch,1,book,32.5,33.3333,964
3,rigtorp_65536_cross-core_paced_itch,1,book,33.3333,34.1667,1001
3,rigtorp_65536_cross-core_paced_itch,1,book,34.1667,35,1118
3,rigtorp_65536_cross-core_paced_itch,1,book,35,35.8333,1141
3,rigtorp_65536_cross-core_paced_itch,1,book,35.8333,36.6666,1280
3,rigtorp_65536_cross-core_paced_itch,1,book,36.6666,37.5,1326
3,rigtorp_65536_cross-core_paced_itch,1,book,37.5,38.3333,1383
3,rigtorp_65536_cross-core_paced_itch,1,book,38.3333,39.1666,1432
3,rigtorp_65536_cross-core_paced_itch,1,book,39.1666,40,1318
3,rigtorp_65536_cross-core_paced_itch,1,book,40,40.8333,1512
3,rigtorp_65536_cross-core_paced_itch,1,book,40.8333,41.6666,1374
3,rigtorp_65536_cross-core_paced_itch,1,book,41.6666,42.5,1448
3,rigtorp_65536_cross-core_paced_itch,1,book,42.5,43.3333,1446
3,rigtorp_65536_cross-core_paced_itch,1,book,43.3333,44.1666,1397
3,rigtorp_65536_cross-core_paced_itch,1,book,44.1666,45,1531
3,rigtorp_65536_cross-core_paced_itch,1,book,45,45.8333,1463
3,rigtorp_65536_cross-core_paced_itch,1,book,45.8333,46.6666,1624
3,rigtorp_65536_cross-core_paced_itch,1,book,46.6666,47.5,1543
3,rigtorp_65536_cross-core_paced_itch,1,book,47.5,48.3333,1720
3,rigtorp_65536_cross-core_paced_itch,1,book,48.3333,49.1666,1783
3,rigtorp_65536_cross-core_paced_itch,1,book,49.1666,50,1719
3,rigtorp_65536_cross-core_paced_itch,1,book,50,50.8333,1984
3,rigtorp_65536_cross-core_paced_itch,1,book,50.8333,51.6666,1704
3,rigtorp_65536_cross-core_paced_itch,1,book,51.6666,52.5,1864
3,rigtorp_65536_cross-core_paced_itch,1,book,52.5,53.3333,1818
3,rigtorp_65536_cross-core_paced_itch,1,book,53.3333,55,3527
3,rigtorp_65536_cross-core_paced_itch,1,book,55,56.6666,3062
3,rigtorp_65536_cross-core_paced_itch,1,book,56.6666,58.3333,2964
3,rigtorp_65536_cross-core_paced_itch,1,book,58.3333,60,2746
3,rigtorp_65536_cross-core_paced_itch,1,book,60,61.6666,2980
3,rigtorp_65536_cross-core_paced_itch,1,book,61.6666,63.3333,2888
3,rigtorp_65536_cross-core_paced_itch,1,book,63.3333,65,2889
3,rigtorp_65536_cross-core_paced_itch,1,book,65,66.6666,2534
3,rigtorp_65536_cross-core_paced_itch,1,book,66.6666,68.3333,2277
3,rigtorp_65536_cross-core_paced_itch,1,book,68.3333,70,2150
3,rigtorp_65536_cross-core_paced_itch,1,book,70,71.6666,1952
3,rigtorp_65536_cross-core_paced_itch,1,book,71.6666,73.3333,1790
3,rigtorp_65536_cross-core_paced_itch,1,book,73.3333,75,1824
3,rigtorp_65536_cross-core_paced_itch,1,book,75,76.6666,1632
3,rigtorp_65536_cross-core_paced_itch,1,book,76.6666,78.3333,1582
3,rigtorp_65536_cross-core_paced_itch,1,book,78.3333,80,1622
3,rigtorp_65536_cross-core_paced_itch,1,book,80,81.6666,1571
3,rigtorp_65536_cross-core_paced_itch,1,book,81.6666,83.3333,1471
3,rigtorp_65536_cross-core_paced_itch,1,book,83.3333,85,1491
3,rigtorp_65536_cross-core_paced_itch,1,book,85,86.6666,1381
3,rigtorp_65536_cross-core_paced_itch,1,book,86.6666,88.3333,1354
3,rigtorp_65536_cross-core_paced_itch,1,book,88.3333,90,1357
3,rigtorp_65536_cross-core_paced_itch,1,book,90,91.6666,1351
3,rigtorp_65536_cross-core_paced_itch,1,book,91.6666,93.3333,1392
3,rigtorp_65536_cross-core_paced_itch,1,book,93.3333,95,1295
3,rigtorp_65536_cross-core_paced_itch,1,book,95,96.6666,1356
3,rigtorp_65536_cross-core_paced_itch,1,book,96.6666,98.3333,1300
3,rigtorp_65536_cross-core_paced_itch,1,book,98.3333,100,1231
3,rigtorp_65536_cross-core_paced_itch,1,book,100,101.667,1219
3,rigtorp_65536_cross-core_paced_itch,1,book,101.667,103.333,1164
3,rigtorp_65536_cross-core_paced_itch,1,book,103.333,105,1171
3,rigtorp_65536_cross-core_paced_itch,1,book,105,106.667,1156
3,rigtorp_65536_cross-core_paced_itch,1,book,106.667,110,2271
3,rigtorp_65536_cross-core_paced_itch,1,book,110,113.333,2915
3,rigtorp_65536_cross-core_paced_itch,1,book,113.333,116.667,4651
3,rigtorp_65536_cross-core_paced_itch,1,book,116.667,120,5923
3,rigtorp_65536_cross-core_paced_itch,1,book,120,123.333,5560
3,rigtorp_65536_cross-core_paced_itch,1,book,123.333,126.667,6162
3,rigtorp_65536_cross-core_paced_itch,1,book,126.667,130,8900
3,rigtorp_65536_cross-core_paced_itch,1,book,130,133.333,10030
3,rigtorp_65536_cross-core_paced_itch,1,book,133.333,136.667,7966
3,rigtorp_65536_cross-core_paced_itch,1,book,136.667,140,6791
3,rigtorp_65536_cross-core_paced_itch,1,book,140,143.333,7533
3,rigtorp_65536_cross-core_paced_itch,1,book,143.333,146.667,6930
3,rigtorp_65536_cross-core_paced_itch,1,book,146.667,150,5019
3,rigtorp_65536_cross-core_paced_itch,1,book,150,153.333,4241
3,rigtorp_65536_cross-core_paced_itch,1,book,153.333,156.667,3308
3,rigtorp_65536_cross-core_paced_itch,1,book,156.667,160,2599
3,rigtorp_65536_cross-core_paced_itch,1,book,160,163.333,2307
3,rigtorp_65536_cross-core_paced_itch,1,book,163.333,166.667,2371
3,rigtorp_65536_cross-core_paced_itch,1,book,166.667,170,2158
3,rigtorp_65536_cross-core_paced_itch,1,book,170,173.333,2036
3,rigtorp_65536_cross-core_paced_itch,1,book,173.333,176.667,1904
3,rigtorp_65536_cross-core_paced_itch,1,book,176.667,180,1700
3,rigtorp_65536_cross-core_paced_itch,1,book,180,183.333,1665
3,rigtorp_65536_cross-core_paced_itch,1,book,183.333,186.667,1475
3,rigtorp_65536_cross-core_paced_itch,1,book,186.667,190,1375
3,rigtorp_65536_cross-core_paced_itch,1,book,190,193.333,1370
3,rigtorp_65536_cross-core_paced_itch,1,book,193.333,196.667,1281
3,rigtorp_65536_cross-core_paced_itch,1,book,196.667,200,1253
3,rigtorp_65536_cross-core_paced_itch,1,book,200,203.333,1215
3,rigtorp_65536_cross-core_paced_itch,1,book,203.333,206.667,1126
3,rigtorp_65536_cross-core_paced_itch,1,book,206.667,210,1122
3,rigtorp_65536_cross-core_paced_itch,1,book,210,213.333,1061
3,rigtorp_65536_cross-core_paced_itch,1,book,213.333,220,1959
3,rigtorp_65536_cross-core_paced_itch,1,book,220,226.667,1805
3,rigtorp_65536_cross-core_paced_itch,1,book,226.667,233.333,1584
3,rigtorp_65536_cross-core_paced_itch,1,book,233.333,240,1504
3,rigtorp_65536_cross-core_paced_itch,1,book,240,246.667,1348
3,rigtorp_65536_cross-core_paced_itch,1,book,246.667,253.333,1288
3,rigtorp_65536_cross-core_paced_itch,1,book,253.333,260,1139
3,rigtorp_65536_cross-core_paced_itch,1,book,260,266.667,1065
3,rigtorp_65536_cross-core_paced_itch,1,book,266.667,273.333,987
3,rigtorp_65536_cross-core_paced_itch,1,book,273.333,280,898
3,rigtorp_65536_cross-core_paced_itch,1,book,280,286.667,876
3,rigtorp_65536_cross-core_paced_itch,1,book,286.667,293.333,792
3,rigtorp_65536_cross-core_paced_itch,1,book,293.333,300,752
3,rigtorp_65536_cross-core_paced_itch,1,book,300,306.667,752
3,rigtorp_65536_cross-core_paced_itch,1,book,306.667,313.333,670
3,rigtorp_65536_cross-core_paced_itch,1,book,313.333,320,688
3,rigtorp_65536_cross-core_paced_itch,1,book,320,326.667,673
3,rigtorp_65536_cross-core_paced_itch,1,book,326.667,333.333,612
3,rigtorp_65536_cross-core_paced_itch,1,book,333.333,340,580
3,rigtorp_65536_cross-core_paced_itch,1,book,340,346.667,545
3,rigtorp_65536_cross-core_paced_itch,1,book,346.667,353.333,511
3,rigtorp_65536_cross-core_paced_itch,1,book,353.333,360,486
3,rigtorp_65536_cross-core_paced_itch,1,book,360,366.666,434
3,rigtorp_65536_cross-core_paced_itch,1,book,366.666,373.333,451
3,rigtorp_65536_cross-core_paced_itch,1,book,373.333,380,400
3,rigtorp_65536_cross-core_paced_itch,1,book,380,386.666,346
3,rigtorp_65536_cross-core_paced_itch,1,book,386.666,393.333,283
3,rigtorp_65536_cross-core_paced_itch,1,book,393.333,400,254
3,rigtorp_65536_cross-core_paced_itch,1,book,400,406.666,230
3,rigtorp_65536_cross-core_paced_itch,1,book,406.666,413.333,287
3,rigtorp_65536_cross-core_paced_itch,1,book,413.333,420,221
3,rigtorp_65536_cross-core_paced_itch,1,book,420,426.666,216
3,rigtorp_65536_cross-core_paced_itch,1,book,426.666,440,301
3,rigtorp_65536_cross-core_paced_itch,1,book,440,453.333,212
3,rigtorp_65536_cross-core_paced_itch,1,book,453.333,466.666,170
3,rigtorp_65536_cross-core_paced_itch,1,book,466.666,480,127
3,rigtorp_65536_cross-core_paced_itch,1,book,480,493.333,117
3,rigtorp_65536_cross-core_paced_itch,1,book,493.333,506.666,90
3,rigtorp_65536_cross-core_paced_itch,1,book,506.666,520,80
3,rigtorp_65536_cross-core_paced_itch,1,book,520,533.333,83
3,rigtorp_65536_cross-core_paced_itch,1,book,533.333,546.666,43
3,rigtorp_65536_cross-core_paced_itch,1,book,546.666,560,58
3,rigtorp_65536_cross-core_paced_itch,1,book,560,573.333,34
3,rigtorp_65536_cross-core_paced_itch,1,book,573.333,586.666,31
3,rigtorp_65536_cross-core_paced_itch,1,book,586.666,600,28
3,rigtorp_65536_cross-core_paced_itch,1,book,600,613.333,26
3,rigtorp_65536_cross-core_paced_itch,1,book,613.333,626.666,29
3,rigtorp_65536_cross-core_paced_itch,1,book,626.666,640,24
3,rigtorp_65536_cross-core_paced_itch,1,book,640,653.333,32
3,rigtorp_65536_cross-core_paced_itch,1,book,653.333,666.666,22
3,rigtorp_65536_cross-core_paced_itch,1,book,666.666,680,33
3,rigtorp_65536_cross-core_paced_itch,1,book,680,693.333,27
3,rigtorp_65536_cross-core_paced_itch,1,book,693.333,706.666,40
3,rigtorp_65536_cross-core_paced_itch,1,book,706.666,720,34
3,rigtorp_65536_cross-core_paced_itch,1,book,720,733.333,30
3,rigtorp_65536_cross-core_paced_itch,1,book,733.333,746.666,36
3,rigtorp_65536_cross-core_paced_itch,1,book,746.666,760,27
3,rigtorp_65536_cross-core_paced_itch,1,book,760,773.333,36
3,rigtorp_65536_cross-core_paced_itch,1,book,773.333,786.666,27
3,rigtorp_65536_cross-core_paced_itch,1,book,786.666,800,22
3,rigtorp_65536_cross-core_paced_itch,1,book,800,813.333,31
3,rigtorp_65536_cross-core_paced_itch,1,book,813.333,826.666,27
3,rigtorp_65536_cross-core_paced_itch,1,book,826.666,840,24
3,rigtorp_65536_cross-core_paced_itch,1,book,840,853.333,22
3,rigtorp_65536_cross-core_paced_itch,1,book,853.333,880,36
3,rigtorp_65536_cross-core_paced_itch,1,book,880,906.666,23
3,rigtorp_65536_cross-core_paced_itch,1,book,906.666,933.333,34
3,rigtorp_65536_cross-core_paced_itch,1,book,933.333,960,19
3,rigtorp_65536_cross-core_paced_itch,1,book,960,986.666,14
3,rigtorp_65536_cross-core_paced_itch,1,book,986.666,1013.33,11
3,rigtorp_65536_cross-core_paced_itch,1,book,1013.33,1040,10
3,rigtorp_65536_cross-core_paced_itch,1,book,1040,1066.67,3
3,rigtorp_65536_cross-core_paced_itch,1,book,1066.67,1093.33,4
3,rigtorp_65536_cross-core_paced_itch,1,book,1093.33,1120,7
3,rigtorp_65536_cross-core_paced_itch,1,book,1120,1146.67,1
3,rigtorp_65536_cross-core_paced_itch,1,book,1146.67,1173.33,2
3,rigtorp_65536_cross-core_paced_itch,1,book,1173.33,1200,2
3,rigtorp_65536_cross-core_paced_itch,1,book,1200,1226.67,1
3,rigtorp_65536_cross-core_paced_itch,1,book,1226.67,1253.33,2
3,rigtorp_65536_cross-core_paced_itch,1,book,1253.33,1280,1
3,rigtorp_65536_cross-core_paced_itch,1,book,1280,1306.67,2
3,rigtorp_65536_cross-core_paced_itch,1,book,1306.67,1333.33,4
3,rigtorp_65536_cross-core_paced_itch,1,book,1333.33,1360,5
3,rigtorp_65536_cross-core_paced_itch,1,book,1360,1386.67,4
3,rigtorp_65536_cross-core_paced_itch,1,book,1386.67,1413.33,5
3,rigtorp_65536_cross-core_paced_itch,1,book,1413.33,1440,7
3,rigtorp_65536_cross-core_paced_itch,1,book,1440,1466.67,6
3,rigtorp_65536_cross-core_paced_itch,1,book,1466.67,1493.33,4
3,rigtorp_65536_cross-core_paced_itch,1,book,1493.33,1520,6
3,rigtorp_65536_cross-core_paced_itch,1,book,1520,1546.67,5
3,rigtorp_65536_cross-core_paced_itch,1,book,1546.67,1573.33,10
3,rigtorp_65536_cross-core_paced_itch,1,book,1573.33,1600,8
3,rigtorp_65536_cross-core_paced_itch,1,book,1600,1626.67,6
3,rigtorp_65536_cross-core_paced_itch,1,book,1626.67,1653.33,4
3,rigtorp_65536_cross-core_paced_itch,1,book,1653.33,1680,4
3,rigtorp_65536_cross-core_paced_itch,1,book,1680,1706.67,4
3,rigtorp_65536_cross-core_paced_itch,1,book,1706.67,1760,9
3,rigtorp_65536_cross-core_paced_itch,1,book,1760,1813.33,4
3,rigtorp_65536_cross-core_paced_itch,1,book,1813.33,1866.67,4
3,rigtorp_65536_cross-core_paced_itch,1,book,1866.67,1920,3
3,rigtorp_65536_cross-core_paced_itch,1,book,1920,1973.33,1
3,rigtorp_65536_cross-core_paced_itch,1,book,1973.33,2026.67,2
3,rigtorp_65536_cross-core_paced_itch,1,book,2026.67,2080,2
3,rigtorp_65536_cross-core_paced_itch,1,book,2080,2133.33,2
3,rigtorp_65536_cross-core_paced_itch,1,book,2133.33,2186.67,1
3,rigtorp_65536_cross-core_paced_itch,1,book,2186.67,2240,2
3,rigtorp_65536_cross-core_paced_itch,1,book,2293.33,2346.67,1
3,rigtorp_65536_cross-core_paced_itch,1,book,2400,2453.33,4
3,rigtorp_65536_cross-core_paced_itch,1,book,2506.67,2560,1
3,rigtorp_65536_cross-core_paced_itch,1,book,2666.67,2720,1
3,rigtorp_65536_cross-core_paced_itch,1,book,2773.33,2826.67,1
3,rigtorp_65536_cross-core_paced_itch,1,book,2880,2933.33,2
3,rigtorp_65536_cross-core_paced_itch,1,book,2933.33,2986.67,2
3,rigtorp_65536_cross-core_paced_itch,1,book,2986.67,3040,1
3,rigtorp_65536_cross-core_paced_itch,1,book,3040,3093.33,1
3,rigtorp_65536_cross-core_paced_itch,1,book,3093.33,3146.67,1
3,rigtorp_65536_cross-core_paced_itch,1,book,3253.33,3306.67,2
3,rigtorp_65536_cross-core_paced_itch,1,book,3306.67,3360,3
3,rigtorp_65536_cross-core_paced_itch,1,book,3360,3413.33,1
3,rigtorp_65536_cross-core_paced_itch,1,book,3520,3626.66,2
3,rigtorp_65536_cross-core_paced_itch,1,book,3733.33,3840,1
3,rigtorp_65536_cross-core_paced_itch,1,book,3840,3946.66,1
3,rigtorp_65536_cross-core_paced_itch,1,book,4266.66,4373.33,1
3,rigtorp_65536_cross-core_paced_itch,1,book,4373.33,4480,2
3,rigtorp_65536_cross-core_paced_itch,1,book,4480,4586.66,1
3,rigtorp_65536_cross-core_paced_itch,1,book,4586.66,4693.33,1
3,rigtorp_65536_cross-core_paced_itch,1,book,4800,4906.66,1
3,rigtorp_65536_cross-core_paced_itch,1,book,4906.66,5013.33,3
3,rigtorp_65536_cross-core_paced_itch,1,book,5013.33,5120,1
3,rigtorp_65536_cross-core_paced_itch,1,book,5120,5226.66,1
3,rigtorp_65536_cross-core_paced_itch,1,book,6613.33,6720,1
3,rigtorp_65536_cross-core_paced_itch,1,book,8533.33,8746.66,1
3,rigtorp_65536_cross-core_paced_itch,1,book,66560,68266.6,1
