run,label,median,metric,bucket_lo_ns,bucket_hi_ns,count
1,spsc_unaligned_65536_same-core_unpaced,0,total,61.667,63.3336,1
1,spsc_unaligned_65536_same-core_unpaced,0,total,63.3336,65.0003,1
1,spsc_unaligned_65536_same-core_unpaced,0,total,65.0003,66.667,2
1,spsc_unaligned_65536_same-core_unpaced,0,total,66.667,68.3337,4
1,spsc_unaligned_65536_same-core_unpaced,0,total,68.3337,70.0003,1
1,spsc_unaligned_65536_same-core_unpaced,0,total,70.0003,71.667,5
1,spsc_unaligned_65536_same-core_unpaced,0,total,71.667,73.3337,2
1,spsc_unaligned_65536_same-core_unpaced,0,total,75.0004,76.667,1
1,spsc_unaligned_65536_same-core_unpaced,0,total,76.667,78.3337,1
1,spsc_unaligned_65536_same-core_unpaced,0,total,78.3337,80.0004,3
1,spsc_unaligned_65536_same-core_unpaced,0,total,80.0004,81.6671,10
1,spsc_unaligned_65536_same-core_unpaced,0,total,81.6671,83.3337,2
1,spsc_unaligned_65536_same-core_unpaced,0,total,83.3337,85.0004,6
1,spsc_unaligned_65536_same-core_unpaced,0,total,85.0004,86.6671,7
1,spsc_unaligned_65536_same-core_unpaced,0,total,86.6671,88.3338,3
1,spsc_unaligned_65536_same-core_unpaced,0,total,88.3338,90.0004,3
1,spsc_unaligned_65536_same-core_unpaced,0,total,90.0004,91.6671,5
1,spsc_unaligned_65536_same-core_unpaced,0,total,91.6671,93.3338,6
1,spsc_unaligned_65536_same-core_unpaced,0,total,93.3338,95.0005,9
1,spsc_unaligned_65536_same-core_unpaced,0,total,95.0005,96.6671,5
1,spsc_unaligned_65536_same-core_unpaced,0,total,96.6671,98.3338,5
1,spsc_unaligned_65536_same-core_unpaced,0,total,98.3338,100,8
1,spsc_unaligned_65536_same-core_unpaced,0,total,100,101.667,6
1,spsc_unaligned_65536_same-core_unpaced,0,total,101.667,103.334,8
1,spsc_unaligned_65536_same-core_unpaced,0,total,103.334,105.001,8
1,spsc_unaligned_65536_same-core_unpaced,0,total,105.001,106.667,15
1,spsc_unaligned_65536_same-core_unpaced,0,total,106.667,110.001,15
1,spsc_unaligned_65536_same-core_unpaced,0,total,110.001,113.334,11
1,spsc_unaligned_65536_same-core_unpaced,0,total,113.334,116.667,11
1,spsc_unaligned_65536_same-core_unpaced,0,total,116.667,120.001,12
1,spsc_unaligned_65536_same-core_unpaced,0,total,120.001,123.334,15
1,spsc_unaligned_65536_same-core_unpaced,0,total,123.334,126.667,8
1,spsc_unaligned_65536_same-core_unpaced,0,total,126.667,130.001,18
1,spsc_unaligned_65536_same-core_unpaced,0,total,130.001,133.334,12
1,spsc_unaligned_65536_same-core_unpaced,0,total,133.334,136.667,5
1,spsc_unaligned_65536_same-core_unpaced,0,total,136.667,140.001,16
1,spsc_unaligned_65536_same-core_unpaced,0,total,140.001,143.334,10
1,spsc_unaligned_65536_same-core_unpaced,0,total,143.334,146.667,14
1,spsc_unaligned_65536_same-core_unpaced,0,total,146.667,150.001,9
1,spsc_unaligned_65536_same-core_unpaced,0,total,150.001,153.334,11
1,spsc_unaligned_65536_same-core_unpaced,0,total,153.334,156.667,13
1,spsc_unaligned_65536_same-core_unpaced,0,total,156.667,160.001,7
1,spsc_unaligned_65536_same-core_unpaced,0,total,160.001,163.334,6
1,spsc_unaligned_65536_same-core_unpaced,0,total,163.334,166.667,9
1,spsc_unaligned_65536_same-core_unpaced,0,total,166.667,170.001,5
1,spsc_unaligned_65536_same-core_unpaced,0,total,170.001,173.334,5
1,spsc_unaligned_65536_same-core_unpaced,0,total,173.334,176.668,7
1,spsc_unaligned_65536_same-core_unpaced,0,total,176.668,180.001,10
1,spsc_unaligned_65536_same-core_unpaced,0,total,180.001,183.334,6
1,spsc_unaligned_65536_same-core_unpaced,0,total,183.334,186.668,4
1,spsc_unaligned_65536_same-core_unpaced,0,total,186.668,190.001,3
1,spsc_unaligned_65536_same-core_unpaced,0,total,190.001,193.334,6
1,spsc_unaligned_65536_same-core_unpaced,0,total,193.334,196.668,1
1,spsc_unaligned_65536_same-core_unpaced,0,total,196.668,200.001,7
1,spsc_unaligned_65536_same-core_unpaced,0,total,200.001,203.334,7
1,spsc_unaligned_65536_same-core_unpaced,0,total,203.334,206.668,4
1,spsc_unaligned_65536_same-core_unpaced,0,total,206.668,210.001,6
1,spsc_unaligned_65536_same-core_unpaced,0,total,210.001,213.334,4
1,spsc_unaligned_65536_same-core_unpaced,0,total,213.334,220.001,9
1,spsc_unaligned_65536_same-core_unpaced,0,total,220.001,226.668,7
1,spsc_unaligned_65536_same-core_unpaced,0,total,226.668,233.334,5
1,spsc_unaligned_65536_same-core_unpaced,0,total,233.334,240.001,6
1,spsc_unaligned_65536_same-core_unpaced,0,total,240.001,246.668,10
1,spsc_unaligned_65536_same-core_unpaced,0,total,246.668,253.335,9
1,spsc_unaligned_65536_same-core_unpaced,0,total,253.335,260.001,6
1,spsc_unaligned_65536_same-core_unpaced,0,total,260.001,266.668,5
1,spsc_unaligned_65536_same-core_unpaced,0,total,266.668,273.335,9
1,spsc_unaligned_65536_same-core_unpaced,0,total,273.335,280.001,3
1,spsc_unaligned_65536_same-core_unpaced,0,total,280.001,286.668,3
1,spsc_unaligned_65536_same-core_unpaced,0,total,286.668,293.335,5
1,spsc_unaligned_65536_same-core_unpaced,0,total,293.335,300.001,5
1,spsc_unaligned_65536_same-core_unpaced,0,total,300.001,306.668,2
1,spsc_unaligned_65536_same-core_unpaced,0,total,306.668,313.335,4
1,spsc_unaligned_65536_same-core_unpaced,0,total,313.335,320.002,1
1,spsc_unaligned_65536_same-core_unpaced,0,total,320.002,326.668,1
1,spsc_unaligned_65536_same-core_unpaced,0,total,326.668,333.335,1
1,spsc_unaligned_65536_same-core_unpaced,0,total,333.335,340.002,3
1,spsc_unaligned_65536_same-core_unpaced,0,total,340.002,346.668,1
1,spsc_unaligned_65536_same-core_unpaced,0,total,346.668,353.335,2
1,spsc_unaligned_65536_same-core_unpaced,0,total,353.335,360.002,2
1,spsc_unaligned_65536_same-core_unpaced,0,total,360.002,366.668,2
1,spsc_unaligned_65536_same-core_unpaced,0,total,386.669,393.335,2
1,spsc_unaligned_65536_same-core_unpaced,0,total,393.335,400.002,1
1,spsc_unaligned_65536_same-core_unpaced,0,total,406.669,413.335,1
1,spsc_unaligned_65536_same-core_unpaced,0,total,440.002,453.336,1
1,spsc_unaligned_65536_same-core_unpaced,0,total,506.669,520.003,2
1,spsc_unaligned_65536_same-core_unpaced,0,total,613.336,626.67,2
1,spsc_unaligned_65536_same-core_unpaced,0,total,706.67,720.004,1
1,spsc_unaligned_65536_same-core_unpaced,0,total,746.67,760.004,1
1,spsc_unaligned_65536_same-core_unpaced,0,total,760.004,773.337,1
1,spsc_unaligned_65536_same-core_unpaced,0,total,880.004,906.671,2
1,spsc_unaligned_65536_same-core_unpaced,0,total,986.672,1013.34,1
1,spsc_unaligned_65536_same-core_unpaced,0,total,1360.01,1386.67,1
1,spsc_unaligned_65536_same-core_unpaced,0,total,1413.34,1440.01,1
1,spsc_unaligned_65536_same-core_unpaced,0,total,1440.01,1466.67,1
1,spsc_unaligned_65536_same-core_unpaced,0,total,1680.01,1706.68,1
1,spsc_unaligned_65536_same-core_unpaced,0,total,17066.8,17493.4,1
1,spsc_unaligned_65536_same-core_unpaced,0,total,18773.4,19200.1,1
1,spsc_unaligned_65536_same-core_unpaced,0,total,20053.4,20480.1,1
1,spsc_unaligned_65536_same-core_unpaced,0,total,22186.8,22613.4,1
1,spsc_unaligned_65536_same-core_unpaced,0,total,23040.1,23466.8,2
1,spsc_unaligned_65536_same-core_unpaced,0,total,23893.5,24320.1,1
1,spsc_unaligned_65536_same-core_unpaced,0,total,25173.5,25600.1,1
1,spsc_unaligned_65536_same-core_unpaced,0,total,27306.8,28160.1,1
1,spsc_unaligned_65536_same-core_unpaced,0,total,28160.1,29013.5,1
1,spsc_unaligned_65536_same-core_unpaced,0,total,29866.8,30720.2,1
1,spsc_unaligned_65536_same-core_unpaced,0,total,40960.2,41813.5,2
1,spsc_unaligned_65536_same-core_unpaced,0,total,47786.9,48640.2,1
1,spsc_unaligned_65536_same-core_unpaced,0,total,53760.3,54613.6,3
1,spsc_unaligned_65536_same-core_unpaced,0,total,54613.6,56320.3,1
1,spsc_unaligned_65536_same-core_unpaced,0,total,59733.6,61440.3,1
1,spsc_unaligned_65536_same-core_unpaced,0,total,61440.3,63147,1
1,spsc_unaligned_65536_same-core_unpaced,0,total,63147,64853.7,2
1,spsc_unaligned_65536_same-core_unpaced,0,total,64853.7,66560.3,2
1,spsc_unaligned_65536_same-core_unpaced,0,total,66560.3,68267,1
1,spsc_unaligned_65536_same-core_unpaced,0,total,73387,75093.7,1
1,spsc_unaligned_65536_same-core_unpaced,0,total,76800.4,78507.1,1
1,spsc_unaligned_65536_same-core_unpaced,0,total,80213.7,81920.4,1
1,spsc_unaligned_65536_same-core_unpaced,0,total,81920.4,83627.1,1
1,spsc_unaligned_65536_same-core_unpaced,0,total,85333.8,87040.4,1
1,spsc_unaligned_65536_same-core_unpaced,0,total,87040.4,88747.1,2
1,spsc_unaligned_65536_same-core_unpaced,0,total,88747.1,90453.8,1
1,spsc_unaligned_65536_same-core_unpaced,0,total,92160.5,93867.1,1
1,spsc_unaligned_65536_same-core_unpaced,0,total,93867.1,95573.8,1
1,spsc_unaligned_65536_same-core_unpaced,0,total,95573.8,97280.5,1
1,spsc_unaligned_65536_same-core_unpaced,0,total,97280.5,98987.2,1
1,spsc_unaligned_65536_same-core_unpaced,0,total,102401,104107,1
1,spsc_unaligned_65536_same-core_unpaced,0,total,104107,105814,1
1,spsc_unaligned_65536_same-core_unpaced,0,total,107521,109227,2
1,spsc_unaligned_65536_same-core_unpaced,0,total,109227,112641,2
1,spsc_unaligned_65536_same-core_unpaced,0,total,112641,116054,3
1,spsc_unaligned_65536_same-core_unpaced,0,total,116054,119467,2
1,spsc_unaligned_65536_same-core_unpaced,0,total,119467,122881,2
1,spsc_unaligned_65536_same-core_unpaced,0,total,122881,126294,1
1,spsc_unaligned_65536_same-core_unpaced,0,total,126294,129707,2
1,spsc_unaligned_65536_same-core_unpaced,0,total,129707,133121,2
1,spsc_unaligned_65536_same-core_unpaced,0,total,133121,136534,1
1,spsc_unaligned_65536_same-core_unpaced,0,total,136534,139947,2
1,spsc_unaligned_65536_same-core_unpaced,0,total,139947,143361,2
1,spsc_unaligned_65536_same-core_unpaced,0,total,143361,146774,2
1,spsc_unaligned_65536_same-core_unpaced,0,total,146774,150187,1
1,spsc_unaligned_65536_same-core_unpaced,0,total,150187,153601,1
1,spsc_unaligned_65536_same-core_unpaced,0,total,153601,157014,3
1,spsc_unaligned_65536_same-core_unpaced,0,total,157014,160427,4
1,spsc_unaligned_65536_same-core_unpaced,0,total,160427,163841,2
1,spsc_unaligned_65536_same-core_unpaced,0,total,163841,167254,2
1,spsc_unaligned_65536_same-core_unpaced,0,total,167254,170668,4
1,spsc_unaligned_65536_same-core_unpaced,0,total,170668,174081,1
1,spsc_unaligned_65536_same-core_unpaced,0,total,177494,180908,4
1,spsc_unaligned_65536_same-core_unpaced,0,total,180908,184321,1
1,spsc_unaligned_65536_same-core_unpaced,0,total,187734,191148,3
1,spsc_unaligned_65536_same-core_unpaced,0,total,194561,197974,1
1,spsc_unaligned_65536_same-core_unpaced,0,total,197974,201388,2
1,spsc_unaligned_65536_same-core_unpaced,0,total,201388,204801,1
1,spsc_unaligned_65536_same-core_unpaced,0,total,204801,208214,3
1,spsc_unaligned_65536_same-core_unpaced,0,total,215041,218454,3
1,spsc_unaligned_65536_same-core_unpaced,0,total,218454,225281,2
1,spsc_unaligned_65536_same-core_unpaced,0,total,225281,232108,8
1,spsc_unaligned_65536_same-core_unpaced,0,total,232108,238935,5
1,spsc_unaligned_65536_same-core_unpaced,0,total,238935,245761,6
1,spsc_unaligned_65536_same-core_unpaced,0,total,245761,252588,4
1,spsc_unaligned_65536_same-core_unpaced,0,total,252588,259415,3
1,spsc_unaligned_65536_same-core_unpaced,0,total,259415,266241,3
1,spsc_unaligned_65536_same-core_unpaced,0,total,266241,273068,4
1,spsc_unaligned_65536_same-core_unpaced,0,total,273068,279895,4
1,spsc_unaligned_65536_same-core_unpaced,0,total,279895,286721,9
1,spsc_unaligned_65536_same-core_unpaced,0,total,286721,293548,5
1,spsc_unaligned_65536_same-core_unpaced,0,total,293548,300375,3
1,spsc_unaligned_65536_same-core_unpaced,0,total,300375,307202,5
1,spsc_unaligned_65536_same-core_unpaced,0,total,307202,314028,3
1,spsc_unaligned_65536_same-core_unpaced,0,total,314028,320855,5
1,spsc_unaligned_65536_same-core_unpaced,0,total,320855,327682,7
1,spsc_unaligned_65536_same-core_unpaced,0,total,327682,334508,4
1,spsc_unaligned_65536_same-core_unpaced,0,total,334508,341335,10
1,spsc_unaligned_65536_same-core_unpaced,0,total,341335,348162,14
1,spsc_unaligned_65536_same-core_unpaced,0,total,348162,354988,6
1,spsc_unaligned_65536_same-core_unpaced,0,total,354988,361815,5
1,spsc_unaligned_65536_same-core_unpaced,0,total,361815,368642,9
1,spsc_unaligned_65536_same-core_unpaced,0,total,368642,375469,3
1,spsc_unaligned_65536_same-core_unpaced,0,total,375469,382295,6
1,spsc_unaligned_65536_same-core_unpaced,0,total,382295,389122,7
1,spsc_unaligned_65536_same-core_unpaced,0,total,389122,395949,5
1,spsc_unaligned_65536_same-core_unpaced,0,total,395949,402775,6
1,spsc_unaligned_65536_same-core_unpaced,0,total,402775,409602,6
1,spsc_unaligned_65536_same-core_unpaced,0,total,423255,430082,8
1,spsc_unaligned_65536_same-core_unpaced,0,total,430082,436909,6
1,spsc_unaligned_65536_same-core_unpaced,0,total,436909,450562,11
1,spsc_unaligned_65536_same-core_unpaced,0,total,450562,464216,8
1,spsc_unaligned_65536_same-core_unpaced,0,total,464216,477869,13
1,spsc_unaligned_65536_same-core_unpaced,0,total,477869,491522,14
1,spsc_unaligned_65536_same-core_unpaced,0,total,491522,505176,14
1,spsc_unaligned_65536_same-core_unpaced,0,total,505176,518829,7
1,spsc_unaligned_65536_same-core_unpaced,0,total,518829,532483,14
1,spsc_unaligned_65536_same-core_unpaced,0,total,532483,546136,7
1,spsc_unaligned_65536_same-core_unpaced,0,total,546136,559789,11
1,spsc_unaligned_65536_same-core_unpaced,0,total,559789,573443,9
1,spsc_unaligned_65536_same-core_unpaced,0,total,573443,587096,11
1,spsc_unaligned_65536_same-core_unpaced,0,total,587096,600750,12
1,spsc_unaligned_65536_same-core_unpaced,0,total,600750,614403,6
1,spsc_unaligned_65536_same-core_unpaced,0,total,614403,628056,11
1,spsc_unaligned_65536_same-core_unpaced,0,total,628056,641710,14
1,spsc_unaligned_65536_same-core_unpaced,0,total,641710,655363,12
1,spsc_unaligned_65536_same-core_unpaced,0,total,655363,669017,11
1,spsc_unaligned_65536_same-core_unpaced,0,total,669017,682670,21
1,spsc_unaligned_65536_same-core_unpaced,0,total,682670,696323,16
1,spsc_unaligned_65536_same-core_unpaced,0,total,696323,709977,16
1,spsc_unaligned_65536_same-core_unpaced,0,total,709977,723630,12
1,spsc_unaligned_65536_same-core_unpaced,0,total,723630,737284,15
1,spsc_unaligned_65536_same-core_unpaced,0,total,737284,750937,8
1,spsc_unaligned_65536_same-core_unpaced,0,total,750937,764590,16
1,spsc_unaligned_65536_same-core_unpaced,0,total,764590,778244,18
1,spsc_unaligned_65536_same-core_unpaced,0,total,778244,791897,11
1,spsc_unaligned_65536_same-core_unpaced,0,total,791897,805551,13
1,spsc_unaligned_65536_same-core_unpaced,0,total,805551,819204,13
1,spsc_unaligned_65536_same-core_unpaced,0,total,819204,832857,14
1,spsc_unaligned_65536_same-core_unpaced,0,total,832857,846511,12
1,spsc_unaligned_65536_same-core_unpaced,0,total,846511,860164,8
1,spsc_unaligned_65536_same-core_unpaced,0,total,860164,873818,14
1,spsc_unaligned_65536_same-core_unpaced,0,total,873818,901124,25
1,spsc_unaligned_65536_same-core_unpaced,0,total,901124,928431,28
1,spsc_unaligned_65536_same-core_unpaced,0,total,928431,955738,45
1,spsc_unaligned_65536_same-core_unpaced,0,total,955738,983045,28
1,spsc_unaligned_65536_same-core_unpaced,0,total,983045,1.01035e+06,44
1,spsc_unaligned_65536_same-core_unpaced,0,total,1.01035e+06,1.03766e+06,11
1,spsc_unaligned_65536_same-core_unpaced,0,total,1.03766e+06,1.06497e+06,42
1,spsc_unaligned_65536_same-core_unpaced,0,total,1.06497e+06,1.09227e+06,25
1,spsc_unaligned_65536_same-core_unpaced,0,total,1.09227e+06,1.11958e+06,30
1,spsc_unaligned_65536_same-core_unpaced,0,total,1.11958e+06,1.14689e+06,28
1,spsc_unaligned_65536_same-core_unpaced,0,total,1.14689e+06,1.17419e+06,21
1,spsc_unaligned_65536_same-core_unpaced,0,total,1.17419e+06,1.2015e+06,28
1,spsc_unaligned_65536_same-core_unpaced,0,total,1.2015e+06,1.22881e+06,31
1,spsc_unaligned_65536_same-core_unpaced,0,total,1.22881e+06,1.25611e+06,25
1,spsc_unaligned_65536_same-core_unpaced,0,total,1.25611e+06,1.28342e+06,43
1,spsc_unaligned_65536_same-core_unpaced,0,total,1.28342e+06,1.31073e+06,26
1,spsc_unaligned_65536_same-core_unpaced,0,total,1.31073e+06,1.33803e+06,34
1,spsc_unaligned_65536_same-core_unpaced,0,total,1.33803e+06,1.36534e+06,29
1,spsc_unaligned_65536_same-core_unpaced,0,total,1.36534e+06,1.39265e+06,33
1,spsc_unaligned_65536_same-core_unpaced,0,total,1.39265e+06,1.41995e+06,45
1,spsc_unaligned_65536_same-core_unpaced,0,total,1.41995e+06,1.44726e+06,29
1,spsc_unaligned_65536_same-core_unpaced,0,total,1.44726e+06,1.47457e+06,29
1,spsc_unaligned_65536_same-core_unpaced,0,total,1.47457e+06,1.50187e+06,34
1,spsc_unaligned_65536_same-core_unpaced,0,total,1.50187e+06,1.52918e+06,36
1,spsc_unaligned_65536_same-core_unpaced,0,total,1.52918e+06,1.55649e+06,31
1,spsc_unaligned_65536_same-core_unpaced,0,total,1.55649e+06,1.58379e+06,23
1,spsc_unaligned_65536_same-core_unpaced,0,total,1.58379e+06,1.6111e+06,8
1,spsc_unaligned_65536_same-core_unpaced,0,total,1.6111e+06,1.63841e+06,24
1,spsc_unaligned_65536_same-core_unpaced,0,total,1.63841e+06,1.66571e+06,21
1,spsc_unaligned_65536_same-core_unpaced,0,total,1.66571e+06,1.69302e+06,31
1,spsc_unaligned_65536_same-core_unpaced,0,total,1.69302e+06,1.72033e+06,26
1,spsc_unaligned_65536_same-core_unpaced,0,total,1.72033e+06,1.74764e+06,29
1,spsc_unaligned_65536_same-core_unpaced,0,total,1.74764e+06,1.80225e+06,73
1,spsc_unaligned_65536_same-core_unpaced,0,total,1.80225e+06,1.85686e+06,62
1,spsc_unaligned_65536_same-core_unpaced,0,total,1.85686e+06,1.91148e+06,63
1,spsc_unaligned_65536_same-core_unpaced,0,total,1.91148e+06,1.96609e+06,44
1,spsc_unaligned_65536_same-core_unpaced,0,total,1.96609e+06,2.0207e+06,58
1,spsc_unaligned_65536_same-core_unpaced,0,total,2.0207e+06,2.07532e+06,45
1,spsc_unaligned_65536_same-core_unpaced,0,total,2.07532e+06,2.12993e+06,52
1,spsc_unaligned_65536_same-core_unpaced,0,total,2.12993e+06,2.18454e+06,54
1,spsc_unaligned_65536_same-core_unpaced,0,total,2.18454e+06,2.23916e+06,38
1,spsc_unaligned_65536_same-core_unpaced,0,total,2.23916e+06,2.29377e+06,47
1,spsc_unaligned_65536_same-core_unpaced,0,total,2.29377e+06,2.34839e+06,61
1,spsc_unaligned_65536_same-core_unpaced,0,total,2.34839e+06,2.403e+06,65
1,spsc_unaligned_65536_same-core_unpaced,0,total,2.403e+06,2.45761e+06,65
1,spsc_unaligned_65536_same-core_unpaced,0,total,2.45761e+06,2.51223e+06,49
1,spsc_unaligned_65536_same-core_unpaced,0,total,2.51223e+06,2.56684e+06,43
1,spsc_unaligned_65536_same-core_unpaced,0,total,2.56684e+06,2.62145e+06,59
1,spsc_unaligned_65536_same-core_unpaced,0,total,2.62145e+06,2.67607e+06,55
1,spsc_unaligned_65536_same-core_unpaced,0,total,2.67607e+06,2.73068e+06,43
1,spsc_unaligned_65536_same-core_unpaced,0,total,2.73068e+06,2.78529e+06,36
1,spsc_unaligned_65536_same-core_unpaced,0,total,2.78529e+06,2.83991e+06,65
1,spsc_unaligned_65536_same-core_unpaced,0,total,2.83991e+06,2.89452e+06,57
1,spsc_unaligned_65536_same-core_unpaced,0,total,2.89452e+06,2.94913e+06,63
1,spsc_unaligned_65536_same-core_unpaced,0,total,2.94913e+06,3.00375e+06,104
1,spsc_unaligned_65536_same-core_unpaced,0,total,3.00375e+06,3.05836e+06,44
1,spsc_unaligned_65536_same-core_unpaced,0,total,3.05836e+06,3.11298e+06,54
1,spsc_unaligned_65536_same-core_unpaced,0,total,3.11298e+06,3.16759e+06,58
1,spsc_unaligned_65536_same-core_unpaced,0,total,3.16759e+06,3.2222e+06,47
1,spsc_unaligned_65536_same-core_unpaced,0,total,3.2222e+06,3.27682e+06,59
1,spsc_unaligned_65536_same-core_unpaced,0,total,3.27682e+06,3.33143e+06,45
1,spsc_unaligned_65536_same-core_unpaced,0,total,3.33143e+06,3.38604e+06,76
1,spsc_unaligned_65536_same-core_unpaced,0,total,3.38604e+06,3.44066e+06,54
1,spsc_unaligned_65536_same-core_unpaced,0,total,3.44066e+06,3.49527e+06,54
1,spsc_unaligned_65536_same-core_unpaced,0,total,3.49527e+06,3.6045e+06,126
1,spsc_unaligned_65536_same-core_unpaced,0,total,3.6045e+06,3.71373e+06,103
1,spsc_unaligned_65536_same-core_unpaced,0,total,3.71373e+06,3.82295e+06,91
1,spsc_unaligned_65536_same-core_unpaced,0,total,3.82295e+06,3.93218e+06,112
1,spsc_unaligned_65536_same-core_unpaced,0,total,3.93218e+06,4.04141e+06,64
1,spsc_unaligned_65536_same-core_unpaced,0,total,4.04141e+06,4.15063e+06,89
1,spsc_unaligned_65536_same-core_unpaced,0,total,4.15063e+06,4.25986e+06,80
1,spsc_unaligned_65536_same-core_unpaced,0,total,4.25986e+06,4.36909e+06,93
1,spsc_unaligned_65536_same-core_unpaced,0,total,4.36909e+06,4.47832e+06,99
1,spsc_unaligned_65536_same-core_unpaced,0,total,4.47832e+06,4.58754e+06,80
1,spsc_unaligned_65536_same-core_unpaced,0,total,4.58754e+06,4.69677e+06,75
1,spsc_unaligned_65536_same-core_unpaced,0,total,4.69677e+06,4.806e+06,75
1,spsc_unaligned_65536_same-core_unpaced,0,total,4.806e+06,4.91522e+06,101
1,spsc_unaligned_65536_same-core_unpaced,0,total,4.91522e+06,5.02445e+06,89
1,spsc_unaligned_65536_same-core_unpaced,0,total,5.02445e+06,5.13368e+06,87
1,spsc_unaligned_65536_same-core_unpaced,0,total,5.13368e+06,5.24291e+06,109
1,spsc_unaligned_65536_same-core_unpaced,0,total,5.24291e+06,5.35213e+06,96
1,spsc_unaligned_65536_same-core_unpaced,0,total,5.35213e+06,5.46136e+06,85
1,spsc_unaligned_65536_same-core_unpaced,0,total,5.46136e+06,5.57059e+06,70
1,spsc_unaligned_65536_same-core_unpaced,0,total,5.57059e+06,5.67981e+06,92
1,spsc_unaligned_65536_same-core_unpaced,0,total,5.67981e+06,5.78904e+06,87
1,spsc_unaligned_65536_same-core_unpaced,0,total,5.78904e+06,5.89827e+06,89
1,spsc_unaligned_65536_same-core_unpaced,0,total,5.89827e+06,6.0075e+06,86
1,spsc_unaligned_65536_same-core_unpaced,0,total,6.0075e+06,6.11672e+06,81
1,spsc_unaligned_65536_same-core_unpaced,0,total,6.11672e+06,6.22595e+06,79
1,spsc_unaligned_65536_same-core_unpaced,0,total,6.22595e+06,6.33518e+06,69
1,spsc_unaligned_65536_same-core_unpaced,0,total,6.33518e+06,6.44441e+06,96
1,spsc_unaligned_65536_same-core_unpaced,0,total,6.44441e+06,6.55363e+06,101
1,spsc_unaligned_65536_same-core_unpaced,0,total,6.55363e+06,6.66286e+06,91
1,spsc_unaligned_65536_same-core_unpaced,0,total,6.66286e+06,6.77209e+06,92
1,spsc_unaligned_65536_same-core_unpaced,0,total,6.77209e+06,6.88131e+06,9049
1,spsc_unaligned_65536_same-core_unpaced,0,total,6.88131e+06,6.99054e+06,71091
1,spsc_unaligned_65536_same-core_unpaced,0,total,6.99054e+06,7.209e+06,101733
1,spsc_unaligned_65536_same-core_unpaced,0,total,7.209e+06,7.42745e+06,41184
1,spsc_unaligned_65536_same-core_unpaced,0,total,7.42745e+06,7.6459e+06,16452
1,spsc_unaligned_65536_same-core_unpaced,0,total,7.6459e+06,7.86436e+06,8136
1,spsc_unaligned_65536_same-core_unpaced,0,total,7.86436e+06,8.08281e+06,8331
1,spsc_unaligned_65536_same-core_unpaced,0,total,8.08281e+06,8.30127e+06,5720
1,spsc_unaligned_65536_same-core_unpaced,0,total,8.30127e+06,8.51972e+06,8331
1,spsc_unaligned_65536_same-core_unpaced,0,total,8.51972e+06,8.73818e+06,12037
1,spsc_unaligned_65536_same-core_unpaced,0,total,8.73818e+06,8.95663e+06,8486
1,spsc_unaligned_65536_same-core_unpaced,0,total,8.95663e+06,9.17509e+06,6392
1,spsc_unaligned_65536_same-core_unpaced,0,total,9.17509e+06,9.39354e+06,3818
1,spsc_unaligned_65536_same-core_unpaced,0,total,9.39354e+06,9.61199e+06,3627
1,spsc_unaligned_65536_same-core_unpaced,0,total,9.61199e+06,9.83045e+06,5213
1,spsc_unaligned_65536_same-core_unpaced,0,total,9.83045e+06,1.00489e+07,11067
1,spsc_unaligned_65536_same-core_unpaced,0,total,1.00489e+07,1.02674e+07,30875
1,spsc_unaligned_65536_same-core_unpaced,0,total,1.02674e+07,1.04858e+07,67701
1,spsc_unaligned_65536_same-core_unpaced,0,total,1.04858e+07,1.07043e+07,163114
1,spsc_unaligned_65536_same-core_unpaced,0,total,1.07043e+07,1.09227e+07,317671
1,spsc_unaligned_65536_same-core_unpaced,0,total,1.09227e+07,1.11412e+07,375982
1,spsc_unaligned_65536_same-core_unpaced,0,total,1.11412e+07,1.13596e+07,415621
1,spsc_unaligned_65536_same-core_unpaced,0,total,1.13596e+07,1.15781e+07,298794
1,spsc_unaligned_65536_same-core_unpaced,0,total,1.15781e+07,1.17965e+07,184877
1,spsc_unaligned_65536_same-core_unpaced,0,total,1.17965e+07,1.2015e+07,74285
1,spsc_unaligned_65536_same-core_unpaced,0,total,1.2015e+07,1.22334e+07,33887
1,spsc_unaligned_65536_same-core_unpaced,0,total,1.22334e+07,1.24519e+07,22763
1,spsc_unaligned_65536_same-core_unpaced,0,total,1.24519e+07,1.26704e+07,19229
1,spsc_unaligned_65536_same-core_unpaced,0,total,1.26704e+07,1.28888e+07,7346
1,spsc_unaligned_65536_same-core_unpaced,0,total,1.28888e+07,1.31073e+07,4016
1,spsc_unaligned_65536_same-core_unpaced,0,total,1.31073e+07,1.33257e+07,2957
1,spsc_unaligned_65536_same-core_unpaced,0,total,1.33257e+07,1.35442e+07,2936
1,spsc_unaligned_65536_same-core_unpaced,0,total,1.35442e+07,1.37626e+07,2231
1,spsc_unaligned_65536_same-core_unpaced,0,total,1.37626e+07,1.39811e+07,1952
1,spsc_unaligned_65536_same-core_unpaced,0,total,1.39811e+07,1.4418e+07,1551
1,spsc_unaligned_65536_same-core_unpaced,0,total,1.4418e+07,1.48549e+07,1937
1,spsc_unaligned_65536_same-core_unpaced,0,total,1.48549e+07,1.52918e+07,3004
1,spsc_unaligned_65536_same-core_unpaced,0,total,1.52918e+07,1.57287e+07,2976
1,spsc_unaligned_65536_same-core_unpaced,0,total,1.57287e+07,1.61656e+07,2149
1,spsc_unaligned_65536_same-core_unpaced,0,total,1.61656e+07,1.66025e+07,3242
1,spsc_unaligned_65536_same-core_unpaced,0,total,1.66025e+07,1.70394e+07,1710
1,spsc_unaligned_65536_same-core_unpaced,0,total,1.70394e+07,1.74764e+07,3527
1,spsc_unaligned_65536_same-core_unpaced,0,total,1.74764e+07,1.79133e+07,3020
1,spsc_unaligned_65536_same-core_unpaced,0,total,1.79133e+07,1.83502e+07,462
1,spsc_unaligned_65536_same-core_unpaced,0,total,1.83502e+07,1.87871e+07,444
1,spsc_unaligned_65536_same-core_unpaced,0,total,1.87871e+07,1.9224e+07,439
1,spsc_unaligned_65536_same-core_unpaced,0,total,1.9224e+07,1.96609e+07,642
1,spsc_unaligned_65536_same-core_unpaced,0,total,1.96609e+07,2.00978e+07,2129
1,spsc_unaligned_65536_same-core_unpaced,0,total,2.00978e+07,2.05347e+07,996
1,spsc_unaligned_65536_same-core_unpaced,0,queue,39.1669,40.0002,1
1,spsc_unaligned_65536_same-core_unpaced,0,queue,41.6669,42.5002,1
1,spsc_unaligned_65536_same-core_unpaced,0,queue,44.1669,45.0002,2
1,spsc_unaligned_65536_same-core_unpaced,0,queue,45.0002,45.8336,3
1,spsc_unaligned_65536_same-core_unpaced,0,queue,45.8336,46.6669,1
1,spsc_unaligned_65536_same-core_unpaced,0,queue,46.6669,47.5002,1
1,spsc_unaligned_65536_same-core_unpaced,0,queue,47.5002,48.3336,1
1,spsc_unaligned_65536_same-core_unpaced,0,queue,48.3336,49.1669,3
1,spsc_unaligned_65536_same-core_unpaced,0,queue,49.1669,50.0002,1
1,spsc_unaligned_65536_same-core_unpaced,0,queue,50.0002,50.8336,2
1,spsc_unaligned_65536_same-core_unpaced,0,queue,52.5003,53.3336,1
1,spsc_unaligned_65536_same-core_unpaced,0,queue,53.3336,55.0003,1
1,spsc_unaligned_65536_same-core_unpaced,0,queue,55.0003,56.6669,1
1,spsc_unaligned_65536_same-core_unpaced,0,queue,56.6669,58.3336,5
1,spsc_unaligned_65536_same-core_unpaced,0,queue,58.3336,60.0003,6
1,spsc_unaligned_65536_same-core_unpaced,0,queue,60.0003,61.667,4
1,spsc_unaligned_65536_same-core_unpaced,0,queue,61.667,63.3336,6
1,spsc_unaligned_65536_same-core_unpaced,0,queue,63.3336,65.0003,5
1,spsc_unaligned_65536_same-core_unpaced,0,queue,65.0003,66.667,4
1,spsc_unaligned_65536_same-core_unpaced,0,queue,66.667,68.3337,6
1,spsc_unaligned_65536_same-core_unpaced,0,queue,68.3337,70.0003,5
1,spsc_unaligned_65536_same-core_unpaced,0,queue,70.0003,71.667,3
1,spsc_unaligned_65536_same-core_unpaced,0,queue,71.667,73.3337,5
1,spsc_unaligned_65536_same-core_unpaced,0,queue,73.3337,75.0004,10
1,spsc_unaligned_65536_same-core_unpaced,0,queue,75.0004,76.667,4
1,spsc_unaligned_65536_same-core_unpaced,0,queue,76.667,78.3337,10
1,spsc_unaligned_65536_same-core_unpaced,0,queue,78.3337,80.0004,5
1,spsc_unaligned_65536_same-core_unpaced,0,queue,80.0004,81.6671,8
1,spsc_unaligned_65536_same-core_unpaced,0,queue,81.6671,83.3337,9
1,spsc_unaligned_65536_same-core_unpaced,0,queue,83.3337,85.0004,11
1,spsc_unaligned_65536_same-core_unpaced,0,queue,85.0004,86.6671,5
1,spsc_unaligned_65536_same-core_unpaced,0,queue,86.6671,88.3338,7
1,spsc_unaligned_65536_same-core_unpaced,0,queue,88.3338,90.0004,7
1,spsc_unaligned_65536_same-core_unpaced,0,queue,90.0004,91.6671,6
1,spsc_unaligned_65536_same-core_unpaced,0,queue,91.6671,93.3338,7
1,spsc_unaligned_65536_same-core_unpaced,0,queue,93.3338,95.0005,6
1,spsc_unaligned_65536_same-core_unpaced,0,queue,95.0005,96.6671,8
1,spsc_unaligned_65536_same-core_unpaced,0,queue,96.6671,98.3338,4
1,spsc_unaligned_65536_same-core_unpaced,0,queue,98.3338,100,7
1,spsc_unaligned_65536_same-core_unpaced,0,queue,100,101.667,8
1,spsc_unaligned_65536_same-core_unpaced,0,queue,101.667,103.334,7
1,spsc_unaligned_65536_same-core_unpaced,0,queue,103.334,105.001,6
1,spsc_unaligned_65536_same-core_unpaced,0,queue,105.001,106.667,10
1,spsc_unaligned_65536_same-core_unpaced,0,queue,106.667,110.001,12
1,spsc_unaligned_65536_same-core_unpaced,0,queue,110.001,113.334,6
1,spsc_unaligned_65536_same-core_unpaced,0,queue,113.334,116.667,10
1,spsc_unaligned_65536_same-core_unpaced,0,queue,116.667,120.001,16
1,spsc_unaligned_65536_same-core_unpaced,0,queue,120.001,123.334,15
1,spsc_unaligned_65536_same-core_unpaced,0,queue,123.334,126.667,6
1,spsc_unaligned_65536_same-core_unpaced,0,queue,126.667,130.001,11
1,spsc_unaligned_65536_same-core_unpaced,0,queue,130.001,133.334,15
1,spsc_unaligned_65536_same-core_unpaced,0,queue,133.334,136.667,7
1,spsc_unaligned_65536_same-core_unpaced,0,queue,136.667,140.001,5
1,spsc_unaligned_65536_same-core_unpaced,0,queue,140.001,143.334,7
1,spsc_unaligned_65536_same-core_unpaced,0,queue,143.334,146.667,8
1,spsc_unaligned_65536_same-core_unpaced,0,queue,146.667,150.001,6
1,spsc_unaligned_65536_same-core_unpaced,0,queue,150.001,153.334,8
1,spsc_unaligned_65536_same-core_unpaced,0,queue,153.334,156.667,9
1,spsc_unaligned_65536_same-core_unpaced,0,queue,156.667,160.001,5
1,spsc_unaligned_65536_same-core_unpaced,0,queue,160.001,163.334,6
1,spsc_unaligned_65536_same-core_unpaced,0,queue,163.334,166.667,3
1,spsc_unaligned_65536_same-core_unpaced,0,queue,166.667,170.001,2
1,spsc_unaligned_65536_same-core_unpaced,0,queue,170.001,173.334,6
1,spsc_unaligned_65536_same-core_unpaced,0,queue,173.334,176.668,3
1,spsc_unaligned_65536_same-core_unpaced,0,queue,176.668,180.001,7
1,spsc_unaligned_65536_same-core_unpaced,0,queue,180.001,183.334,8
1,spsc_unaligned_65536_same-core_unpaced,0,queue,183.334,186.668,5
1,spsc_unaligned_65536_same-core_unpaced,0,queue,186.668,190.001,1
1,spsc_unaligned_65536_same-core_unpaced,0,queue,190.001,193.334,7
1,spsc_unaligned_65536_same-core_unpaced,0,queue,193.334,196.668,4
1,spsc_unaligned_65536_same-core_unpaced,0,queue,196.668,200.001,1
1,spsc_unaligned_65536_same-core_unpaced,0,queue,200.001,203.334,6
1,spsc_unaligned_65536_same-core_unpaced,0,queue,203.334,206.668,2
1,spsc_unaligned_65536_same-core_unpaced,0,queue,206.668,210.001,4
1,spsc_unaligned_65536_same-core_unpaced,0,queue,210.001,213.334,3
1,spsc_unaligned_65536_same-core_unpaced,0,queue,213.334,220.001,6
1,spsc_unaligned_65536_same-core_unpaced,0,queue,220.001,226.668,10
1,spsc_unaligned_65536_same-core_unpaced,0,queue,226.668,233.334,9
1,spsc_unaligned_65536_same-core_unpaced,0,queue,233.334,240.001,4
1,spsc_unaligned_65536_same-core_unpaced,0,queue,240.001,246.668,7
1,spsc_unaligned_65536_same-core_unpaced,0,queue,246.668,253.335,7
1,spsc_unaligned_65536_same-core_unpaced,0,queue,253.335,260.001,3
1,spsc_unaligned_65536_same-core_unpaced,0,queue,260.001,266.668,3
1,spsc_unaligned_65536_same-core_unpaced,0,queue,266.668,273.335,7
1,spsc_unaligned_65536_same-core_unpaced,0,queue,273.335,280.001,3
1,spsc_unaligned_65536_same-core_unpaced,0,queue,280.001,286.668,3
1,spsc_unaligned_65536_same-core_unpaced,0,queue,286.668,293.335,4
1,spsc_unaligned_65536_same-core_unpaced,0,queue,300.001,306.668,1
1,spsc_unaligned_65536_same-core_unpaced,0,queue,306.668,313.335,1
1,spsc_unaligned_65536_same-core_unpaced,0,queue,313.335,320.002,3
1,spsc_unaligned_65536_same-core_unpaced,0,queue,320.002,326.668,2
1,spsc_unaligned_65536_same-core_unpaced,0,queue,326.668,333.335,1
1,spsc_unaligned_65536_same-core_unpaced,0,queue,333.335,340.002,1
1,spsc_unaligned_65536_same-core_unpaced,0,queue,340.002,346.668,3
1,spsc_unaligned_65536_same-core_unpaced,0,queue,360.002,366.668,2
1,spsc_unaligned_65536_same-core_unpaced,0,queue,366.668,373.335,1
1,spsc_unaligned_65536_same-core_unpaced,0,queue,373.335,380.002,1
1,spsc_unaligned_65536_same-core_unpaced,0,queue,386.669,393.335,1
1,spsc_unaligned_65536_same-core_unpaced,0,queue,426.669,440.002,1
1,spsc_unaligned_65536_same-core_unpaced,0,queue,480.002,493.336,1
1,spsc_unaligned_65536_same-core_unpaced,0,queue,493.336,506.669,1
1,spsc_unaligned_65536_same-core_unpaced,0,queue,586.67,600.003,1
1,spsc_unaligned_65536_same-core_unpaced,0,queue,600.003,613.336,1
1,spsc_unaligned_65536_same-core_unpaced,0,queue,680.003,693.337,1
1,spsc_unaligned_65536_same-core_unpaced,0,queue,720.004,733.337,1
1,spsc_unaligned_65536_same-core_unpaced,0,queue,746.67,760.004,1
1,spsc_unaligned_65536_same-core_unpaced,0,queue,853.338,880.004,2
1,spsc_unaligned_65536_same-core_unpaced,0,queue,960.005,986.672,1
1,spsc_unaligned_65536_same-core_unpaced,0,queue,1333.34,1360.01,1
1,spsc_unaligned_65536_same-core_unpaced,0,queue,1413.34,1440.01,2
1,spsc_unaligned_65536_same-core_unpaced,0,queue,1653.34,1680.01,1
1,spsc_unaligned_65536_same-core_unpaced,0,queue,18773.4,19200.1,1
1,spsc_unaligned_65536_same-core_unpaced,0,queue,19200.1,19626.8,1
1,spsc_unaligned_65536_same-core_unpaced,0,queue,22186.8,22613.4,1
1,spsc_unaligned_65536_same-core_unpaced,0,queue,22613.4,23040.1,1
1,spsc_unaligned_65536_same-core_unpaced,0,queue,23040.1,23466.8,1
1,spsc_unaligned_65536_same-core_unpaced,0,queue,23466.8,23893.5,1
1,spsc_unaligned_65536_same-core_unpaced,0,queue,24746.8,25173.5,1
1,spsc_unaligned_65536_same-core_unpaced,0,queue,27306.8,28160.1,1
1,spsc_unaligned_65536_same-core_unpaced,0,queue,28160.1,29013.5,1
1,spsc_unaligned_65536_same-core_unpaced,0,queue,29866.8,30720.2,1
1,spsc_unaligned_65536_same-core_unpaced,0,queue,40106.9,40960.2,1
1,spsc_unaligned_65536_same-core_unpaced,0,queue,40960.2,41813.5,1
1,spsc_unaligned_65536_same-core_unpaced,0,queue,46933.6,47786.9,1
1,spsc_unaligned_65536_same-core_unpaced,0,queue,52906.9,53760.3,1
1,spsc_unaligned_65536_same-core_unpaced,0,queue,53760.3,54613.6,2
1,spsc_unaligned_65536_same-core_unpaced,0,queue,54613.6,56320.3,1
1,spsc_unaligned_65536_same-core_unpaced,0,queue,58027,59733.6,1
1,spsc_unaligned_65536_same-core_unpaced,0,queue,59733.6,61440.3,1
1,spsc_unaligned_65536_same-core_unpaced,0,queue,61440.3,63147,1
1,spsc_unaligned_65536_same-core_unpaced,0,queue,63147,64853.7,1
1,spsc_unaligned_65536_same-core_unpaced,0,queue,64853.7,66560.3,2
1,spsc_unaligned_65536_same-core_unpaced,0,queue,66560.3,68267,1
1,spsc_unaligned_65536_same-core_unpaced,0,queue,73387,75093.7,1
1,spsc_unaligned_65536_same-core_unpaced,0,queue,75093.7,76800.4,1
1,spsc_unaligned_65536_same-core_unpaced,0,queue,80213.7,81920.4,1
1,spsc_unaligned_65536_same-core_unpaced,0,queue,81920.4,83627.1,1
1,spsc_unaligned_65536_same-core_unpaced,0,queue,85333.8,87040.4,1
1,spsc_unaligned_65536_same-core_unpaced,0,queue,87040.4,88747.1,2
1,spsc_unaligned_65536_same-core_unpaced,0,queue,88747.1,90453.8,1
1,spsc_unaligned_65536_same-core_unpaced,0,queue,92160.5,93867.1,1
1,spsc_unaligned_65536_same-core_unpaced,0,queue,93867.1,95573.8,1
1,spsc_unaligned_65536_same-core_unpaced,0,queue,95573.8,97280.5,2
1,spsc_unaligned_65536_same-core_unpaced,0,queue,100694,102401,1
1,spsc_unaligned_65536_same-core_unpaced,0,queue,102401,104107,1
1,spsc_unaligned_65536_same-core_unpaced,0,queue,107521,109227,2
1,spsc_unaligned_65536_same-core_unpaced,0,queue,109227,112641,2
1,spsc_unaligned_65536_same-core_unpaced,0,queue,112641,116054,4
1,spsc_unaligned_65536_same-core_unpaced,0,queue,116054,119467,1
1,spsc_unaligned_65536_same-core_unpaced,0,queue,119467,122881,2
1,spsc_unaligned_65536_same-core_unpaced,0,queue,122881,126294,1
1,spsc_unaligned_65536_same-core_unpaced,0,queue,126294,129707,2
1,spsc_unaligned_65536_same-core_unpaced,0,queue,129707,133121,2
1,spsc_unaligned_65536_same-core_unpaced,0,queue,133121,136534,1
1,spsc_unaligned_65536_same-core_unpaced,0,queue,136534,139947,2
1,spsc_unaligned_65536_same-core_unpaced,0,queue,139947,143361,2
1,spsc_unaligned_65536_same-core_unpaced,0,queue,143361,146774,2
1,spsc_unaligned_65536_same-core_unpaced,0,queue,146774,150187,1
1,spsc_unaligned_65536_same-core_unpaced,0,queue,150187,153601,1
1,spsc_unaligned_65536_same-core_unpaced,0,queue,153601,157014,3
1,spsc_unaligned_65536_same-core_unpaced,0,queue,157014,160427,4
1,spsc_unaligned_65536_same-core_unpaced,0,queue,160427,163841,2
1,spsc_unaligned_65536_same-core_unpaced,0,queue,163841,167254,3
1,spsc_unaligned_65536_same-core_unpaced,0,queue,167254,170668,3
1,spsc_unaligned_65536_same-core_unpaced,0,queue,170668,174081,1
1,spsc_unaligned_65536_same-core_unpaced,0,queue,174081,177494,1
1,spsc_unaligned_65536_same-core_unpaced,0,queue,177494,180908,3
1,spsc_unaligned_65536_same-core_unpaced,0,queue,180908,184321,1
1,spsc_unaligned_65536_same-core_unpaced,0,queue,187734,191148,3
1,spsc_unaligned_65536_same-core_unpaced,0,queue,191148,194561,1
1,spsc_unaligned_65536_same-core_unpaced,0,queue,194561,197974,1
1,spsc_unaligned_65536_same-core_unpaced,0,queue,197974,201388,1
1,spsc_unaligned_65536_same-core_unpaced,0,queue,201388,204801,1
1,spsc_unaligned_65536_same-core_unpaced,0,queue,204801,208214,3
1,spsc_unaligned_65536_same-core_unpaced,0,queue,215041,218454,3
1,spsc_unaligned_65536_same-core_unpaced,0,queue,218454,225281,2
1,spsc_unaligned_65536_same-core_unpaced,0,queue,225281,232108,8
1,spsc_unaligned_65536_same-core_unpaced,0,queue,232108,238935,5
1,spsc_unaligned_65536_same-core_unpaced,0,queue,238935,245761,6
1,spsc_unaligned_65536_same-core_unpaced,0,queue,245761,252588,4
1,spsc_unaligned_65536_same-core_unpaced,0,queue,252588,259415,3
1,spsc_unaligned_65536_same-core_unpaced,0,queue,259415,266241,3
1,spsc_unaligned_65536_same-core_unpaced,0,queue,266241,273068,4
1,spsc_unaligned_65536_same-core_unpaced,0,queue,273068,279895,4
1,spsc_unaligned_65536_same-core_unpaced,0,queue,279895,286721,10
1,spsc_unaligned_65536_same-core_unpaced,0,queue,286721,293548,4
1,spsc_unaligned_65536_same-core_unpaced,0,queue,293548,300375,3
1,spsc_unaligned_65536_same-core_unpaced,0,queue,300375,307202,5
1,spsc_unaligned_65536_same-core_unpaced,0,queue,307202,314028,3
1,spsc_unaligned_65536_same-core_unpaced,0,queue,314028,320855,6
1,spsc_unaligned_65536_same-core_unpaced,0,queue,320855,327682,6
1,spsc_unaligned_65536_same-core_unpaced,0,queue,327682,334508,4
1,spsc_unaligned_65536_same-core_unpaced,0,queue,334508,341335,10
1,spsc_unaligned_65536_same-core_unpaced,0,queue,341335,348162,15
1,spsc_unaligned_65536_same-core_unpaced,0,queue,348162,354988,5
1,spsc_unaligned_65536_same-core_unpaced,0,queue,354988,361815,6
1,spsc_unaligned_65536_same-core_unpaced,0,queue,361815,368642,8
1,spsc_unaligned_65536_same-core_unpaced,0,queue,368642,375469,3
1,spsc_unaligned_65536_same-core_unpaced,0,queue,375469,382295,6
1,spsc_unaligned_65536_same-core_unpaced,0,queue,382295,389122,7
1,spsc_unaligned_65536_same-core_unpaced,0,queue,389122,395949,5
1,spsc_unaligned_65536_same-core_unpaced,0,queue,395949,402775,7
1,spsc_unaligned_65536_same-core_unpaced,0,queue,402775,409602,5
1,spsc_unaligned_65536_same-core_unpaced,0,queue,423255,430082,8
1,spsc_unaligned_65536_same-core_unpaced,0,queue,430082,436909,6
1,spsc_unaligned_65536_same-core_unpaced,0,queue,436909,450562,11
1,spsc_unaligned_65536_same-core_unpaced,0,queue,450562,464216,8
1,spsc_unaligned_65536_same-core_unpaced,0,queue,464216,477869,13
1,spsc_unaligned_65536_same-core_unpaced,0,queue,477869,491522,14
1,spsc_unaligned_65536_same-core_unpaced,0,queue,491522,505176,14
1,spsc_unaligned_65536_same-core_unpaced,0,queue,505176,518829,7
1,spsc_unaligned_65536_same-core_unpaced,0,queue,518829,532483,14
1,spsc_unaligned_65536_same-core_unpaced,0,queue,532483,546136,7
1,spsc_unaligned_65536_same-core_unpaced,0,queue,546136,559789,11
1,spsc_unaligned_65536_same-core_unpaced,0,queue,559789,573443,9
1,spsc_unaligned_65536_same-core_unpaced,0,queue,573443,587096,11
1,spsc_unaligned_65536_same-core_unpaced,0,queue,587096,600750,12
1,spsc_unaligned_65536_same-core_unpaced,0,queue,600750,614403,6
1,spsc_unaligned_65536_same-core_unpaced,0,queue,614403,628056,11
1,spsc_unaligned_65536_same-core_unpaced,0,queue,628056,641710,14
1,spsc_unaligned_65536_same-core_unpaced,0,queue,641710,655363,12
1,spsc_unaligned_65536_same-core_unpaced,0,queue,655363,669017,11
1,spsc_unaligned_65536_same-core_unpaced,0,queue,669017,682670,21
1,spsc_unaligned_65536_same-core_unpaced,0,queue,682670,696323,16
1,spsc_unaligned_65536_same-core_unpaced,0,queue,696323,709977,16
1,spsc_unaligned_65536_same-core_unpaced,0,queue,709977,723630,12
1,spsc_unaligned_65536_same-core_unpaced,0,queue,723630,737284,16
1,spsc_unaligned_65536_same-core_unpaced,0,queue,737284,750937,7
1,spsc_unaligned_65536_same-core_unpaced,0,queue,750937,764590,16
1,spsc_unaligned_65536_same-core_unpaced,0,queue,764590,778244,18
1,spsc_unaligned_65536_same-core_unpaced,0,queue,778244,791897,11
1,spsc_unaligned_65536_same-core_unpaced,0,queue,791897,805551,13
1,spsc_unaligned_65536_same-core_unpaced,0,queue,805551,819204,13
1,spsc_unaligned_65536_same-core_unpaced,0,queue,819204,832857,14
1,spsc_unaligned_65536_same-core_unpaced,0,queue,832857,846511,13
1,spsc_unaligned_65536_same-core_unpaced,0,queue,846511,860164,7
1,spsc_unaligned_65536_same-core_unpaced,0,queue,860164,873818,14
1,spsc_unaligned_65536_same-core_unpaced,0,queue,873818,901124,25
1,spsc_unaligned_65536_same-core_unpaced,0,queue,901124,928431,28
1,spsc_unaligned_65536_same-core_unpaced,0,queue,928431,955738,45
1,spsc_unaligned_65536_same-core_unpaced,0,queue,955738,983045,28
1,spsc_unaligned_65536_same-core_unpaced,0,queue,983045,1.01035e+06,44
1,spsc_unaligned_65536_same-core_unpaced,0,queue,1.01035e+06,1.03766e+06,11
1,spsc_unaligned_65536_same-core_unpaced,0,queue,1.03766e+06,1.06497e+06,43
1,spsc_unaligned_65536_same-core_unpaced,0,queue,1.06497e+06,1.09227e+06,24
1,spsc_unaligned_65536_same-core_unpaced,0,queue,1.09227e+06,1.11958e+06,30
1,spsc_unaligned_65536_same-core_unpaced,0,queue,1.11958e+06,1.14689e+06,28
1,spsc_unaligned_65536_same-core_unpaced,0,queue,1.14689e+06,1.17419e+06,21
1,spsc_unaligned_65536_same-core_unpaced,0,queue,1.17419e+06,1.2015e+06,28
1,spsc_unaligned_65536_same-core_unpaced,0,queue,1.2015e+06,1.22881e+06,31
1,spsc_unaligned_65536_same-core_unpaced,0,queue,1.22881e+06,1.25611e+06,26
1,spsc_unaligned_65536_same-core_unpaced,0,queue,1.25611e+06,1.28342e+06,42
1,spsc_unaligned_65536_same-core_unpaced,0,queue,1.28342e+06,1.31073e+06,26
1,spsc_unaligned_65536_same-core_unpaced,0,queue,1.31073e+06,1.33803e+06,35
1,spsc_unaligned_65536_same-core_unpaced,0,queue,1.33803e+06,1.36534e+06,28
1,spsc_unaligned_65536_same-core_unpaced,0,queue,1.36534e+06,1.39265e+06,33
1,spsc_unaligned_65536_same-core_unpaced,0,queue,1.39265e+06,1.41995e+06,45
1,spsc_unaligned_65536_same-core_unpaced,0,queue,1.41995e+06,1.44726e+06,30
1,spsc_unaligned_65536_same-core_unpaced,0,queue,1.44726e+06,1.47457e+06,28
1,spsc_unaligned_65536_same-core_unpaced,0,queue,1.47457e+06,1.50187e+06,35
1,spsc_unaligned_65536_same-core_unpaced,0,queue,1.50187e+06,1.52918e+06,35
1,spsc_unaligned_65536_same-core_unpaced,0,queue,1.52918e+06,1.55649e+06,31
1,spsc_unaligned_65536_same-core_unpaced,0,queue,1.55649e+06,1.58379e+06,23
1,spsc_unaligned_65536_same-core_unpaced,0,queue,1.58379e+06,1.6111e+06,9
1,spsc_unaligned_65536_same-core_unpaced,0,queue,1.6111e+06,1.63841e+06,23
1,spsc_unaligned_65536_same-core_unpaced,0,queue,1.63841e+06,1.66571e+06,22
1,spsc_unaligned_65536_same-core_unpaced,0,queue,1.66571e+06,1.69302e+06,30
1,spsc_unaligned_65536_same-core_unpaced,0,queue,1.69302e+06,1.72033e+06,26
1,spsc_unaligned_65536_same-core_unpaced,0,queue,1.72033e+06,1.74764e+06,29
1,spsc_unaligned_65536_same-core_unpaced,0,queue,1.74764e+06,1.80225e+06,73
1,spsc_unaligned_65536_same-core_unpaced,0,queue,1.80225e+06,1.85686e+06,62
1,spsc_unaligned_65536_same-core_unpaced,0,queue,1.85686e+06,1.91148e+06,63
1,spsc_unaligned_65536_same-core_unpaced,0,queue,1.91148e+06,1.96609e+06,44
1,spsc_unaligned_65536_same-core_unpaced,0,queue,1.96609e+06,2.0207e+06,58
1,spsc_unaligned_65536_same-core_unpaced,0,queue,2.0207e+06,2.07532e+06,45
1,spsc_unaligned_65536_same-core_unpaced,0,queue,2.07532e+06,2.12993e+06,52
1,spsc_unaligned_65536_same-core_unpaced,0,queue,2.12993e+06,2.18454e+06,55
1,spsc_unaligned_65536_same-core_unpaced,0,queue,2.18454e+06,2.23916e+06,37
1,spsc_unaligned_65536_same-core_unpaced,0,queue,2.23916e+06,2.29377e+06,47
1,spsc_unaligned_65536_same-core_unpaced,0,queue,2.29377e+06,2.34839e+06,61
1,spsc_unaligned_65536_same-core_unpaced,0,queue,2.34839e+06,2.403e+06,65
1,spsc_unaligned_65536_same-core_unpaced,0,queue,2.403e+06,2.45761e+06,65
1,spsc_unaligned_65536_same-core_unpaced,0,queue,2.45761e+06,2.51223e+06,49
1,spsc_unaligned_65536_same-core_unpaced,0,queue,2.51223e+06,2.56684e+06,43
1,spsc_unaligned_65536_same-core_unpaced,0,queue,2.56684e+06,2.62145e+06,59
1,spsc_unaligned_65536_same-core_unpaced,0,queue,2.62145e+06,2.67607e+06,55
1,spsc_unaligned_65536_same-core_unpaced,0,queue,2.67607e+06,2.73068e+06,43
1,spsc_unaligned_65536_same-core_unpaced,0,queue,2.73068e+06,2.78529e+06,36
1,spsc_unaligned_65536_same-core_unpaced,0,queue,2.78529e+06,2.83991e+06,65
1,spsc_unaligned_65536_same-core_unpaced,0,queue,2.83991e+06,2.89452e+06,57
1,spsc_unaligned_65536_same-core_unpaced,0,queue,2.89452e+06,2.94913e+06,64
1,spsc_unaligned_65536_same-core_unpaced,0,queue,2.94913e+06,3.00375e+06,103
1,spsc_unaligned_65536_same-core_unpaced,0,queue,3.00375e+06,3.05836e+06,45
1,spsc_unaligned_65536_same-core_unpaced,0,queue,3.05836e+06,3.11298e+06,53
1,spsc_unaligned_65536_same-core_unpaced,0,queue,3.11298e+06,3.16759e+06,58
1,spsc_unaligned_65536_same-core_unpaced,0,queue,3.16759e+06,3.2222e+06,47
1,spsc_unaligned_65536_same-core_unpaced,0,queue,3.2222e+06,3.27682e+06,59
1,spsc_unaligned_65536_same-core_unpaced,0,queue,3.27682e+06,3.33143e+06,45
1,spsc_unaligned_65536_same-core_unpaced,0,queue,3.33143e+06,3.38604e+06,76
1,spsc_unaligned_65536_same-core_unpaced,0,queue,3.38604e+06,3.44066e+06,55
1,spsc_unaligned_65536_same-core_unpaced,0,queue,3.44066e+06,3.49527e+06,53
1,spsc_unaligned_65536_same-core_unpaced,0,queue,3.49527e+06,3.6045e+06,126
1,spsc_unaligned_65536_same-core_unpaced,0,queue,3.6045e+06,3.71373e+06,103
1,spsc_unaligned_65536_same-core_unpaced,0,queue,3.71373e+06,3.82295e+06,91
1,spsc_unaligned_65536_same-core_unpaced,0,queue,3.82295e+06,3.93218e+06,112
1,spsc_unaligned_65536_same-core_unpaced,0,queue,3.93218e+06,4.04141e+06,64
1,spsc_unaligned_65536_same-core_unpaced,0,queue,4.04141e+06,4.15063e+06,89
1,spsc_unaligned_65536_same-core_unpaced,0,queue,4.15063e+06,4.25986e+06,80
1,spsc_unaligned_65536_same-core_unpaced,0,queue,4.25986e+06,4.36909e+06,93
1,spsc_unaligned_65536_same-core_unpaced,0,queue,4.36909e+06,4.47832e+06,99
1,spsc_unaligned_65536_same-core_unpaced,0,queue,4.47832e+06,4.58754e+06,80
1,spsc_unaligned_65536_same-core_unpaced,0,queue,4.58754e+06,4.69677e+06,75
1,spsc_unaligned_65536_same-core_unpaced,0,queue,4.69677e+06,4.806e+06,76
1,spsc_unaligned_65536_same-core_unpaced,0,queue,4.806e+06,4.91522e+06,100
1,spsc_unaligned_65536_same-core_unpaced,0,queue,4.91522e+06,5.02445e+06,89
1,spsc_unaligned_65536_same-core_unpaced,0,queue,5.02445e+06,5.13368e+06,87
1,spsc_unaligned_65536_same-core_unpaced,0,queue,5.13368e+06,5.24291e+06,109
1,spsc_unaligned_65536_same-core_unpaced,0,queue,5.24291e+06,5.35213e+06,96
1,spsc_unaligned_65536_same-core_unpaced,0,queue,5.35213e+06,5.46136e+06,85
1,spsc_unaligned_65536_same-core_unpaced,0,queue,5.46136e+06,5.57059e+06,70
1,spsc_unaligned_65536_same-core_unpaced,0,queue,5.57059e+06,5.67981e+06,92
1,spsc_unaligned_65536_same-core_unpaced,0,queue,5.67981e+06,5.78904e+06,87
1,spsc_unaligned_65536_same-core_unpaced,0,queue,5.78904e+06,5.89827e+06,89
1,spsc_unaligned_65536_same-core_unpaced,0,queue,5.89827e+06,6.0075e+06,86
1,spsc_unaligned_65536_same-core_unpaced,0,queue,6.0075e+06,6.11672e+06,81
1,spsc_unaligned_65536_same-core_unpaced,0,queue,6.11672e+06,6.22595e+06,79
1,spsc_unaligned_65536_same-core_unpaced,0,queue,6.22595e+06,6.33518e+06,69
1,spsc_unaligned_65536_same-core_unpaced,0,queue,6.33518e+06,6.44441e+06,96
1,spsc_unaligned_65536_same-core_unpaced,0,queue,6.44441e+06,6.55363e+06,102
1,spsc_unaligned_65536_same-core_unpaced,0,queue,6.55363e+06,6.66286e+06,90
1,spsc_unaligned_65536_same-core_unpaced,0,queue,6.66286e+06,6.77209e+06,92
1,spsc_unaligned_65536_same-core_unpaced,0,queue,6.77209e+06,6.88131e+06,9079
1,spsc_unaligned_65536_same-core_unpaced,0,queue,6.88131e+06,6.99054e+06,71157
1,spsc_unaligned_65536_same-core_unpaced,0,queue,6.99054e+06,7.209e+06,101696
1,spsc_unaligned_65536_same-core_unpaced,0,queue,7.209e+06,7.42745e+06,41143
1,spsc_unaligned_65536_same-core_unpaced,0,queue,7.42745e+06,7.6459e+06,16450
1,spsc_unaligned_65536_same-core_unpaced,0,queue,7.6459e+06,7.86436e+06,8129
1,spsc_unaligned_65536_same-core_unpaced,0,queue,7.86436e+06,8.08281e+06,8328
1,spsc_unaligned_65536_same-core_unpaced,0,queue,8.08281e+06,8.30127e+06,5717
1,spsc_unaligned_65536_same-core_unpaced,0,queue,8.30127e+06,8.51972e+06,8335
1,spsc_unaligned_65536_same-core_unpaced,0,queue,8.51972e+06,8.73818e+06,12036
1,spsc_unaligned_65536_same-core_unpaced,0,queue,8.73818e+06,8.95663e+06,8485
1,spsc_unaligned_65536_same-core_unpaced,0,queue,8.95663e+06,9.17509e+06,6388
1,spsc_unaligned_65536_same-core_unpaced,0,queue,9.17509e+06,9.39354e+06,3817
1,spsc_unaligned_65536_same-core_unpaced,0,queue,9.39354e+06,9.61199e+06,3628
1,spsc_unaligned_65536_same-core_unpaced,0,queue,9.61199e+06,9.83045e+06,5215
1,spsc_unaligned_65536_same-core_unpaced,0,queue,9.83045e+06,1.00489e+07,11106
1,spsc_unaligned_65536_same-core_unpaced,0,queue,1.00489e+07,1.02674e+07,30865
1,spsc_unaligned_65536_same-core_unpaced,0,queue,1.02674e+07,1.04858e+07,67760
1,spsc_unaligned_65536_same-core_unpaced,0,queue,1.04858e+07,1.07043e+07,163272
1,spsc_unaligned_65536_same-core_unpaced,0,queue,1.07043e+07,1.09227e+07,317647
1,spsc_unaligned_65536_same-core_unpaced,0,queue,1.09227e+07,1.11412e+07,376093
1,spsc_unaligned_65536_same-core_unpaced,0,queue,1.11412e+07,1.13596e+07,415675
1,spsc_unaligned_65536_same-core_unpaced,0,queue,1.13596e+07,1.15781e+07,298615
1,spsc_unaligned_65536_same-core_unpaced,0,queue,1.15781e+07,1.17965e+07,184817
1,spsc_unaligned_65536_same-core_unpaced,0,queue,1.17965e+07,1.2015e+07,74216
1,spsc_unaligned_65536_same-core_unpaced,0,queue,1.2015e+07,1.22334e+07,33826
1,spsc_unaligned_65536_same-core_unpaced,0,queue,1.22334e+07,1.24519e+07,22755
1,spsc_unaligned_65536_same-core_unpaced,0,queue,1.24519e+07,1.26704e+07,19228
1,spsc_unaligned_65536_same-core_unpaced,0,queue,1.26704e+07,1.28888e+07,7340
1,spsc_unaligned_65536_same-core_unpaced,0,queue,1.28888e+07,1.31073e+07,4012
1,spsc_unaligned_65536_same-core_unpaced,0,queue,1.31073e+07,1.33257e+07,2958
1,spsc_unaligned_65536_same-core_unpaced,0,queue,1.33257e+07,1.35442e+07,2934
1,spsc_unaligned_65536_same-core_unpaced,0,queue,1.35442e+07,1.37626e+07,2232
1,spsc_unaligned_65536_same-core_unpaced,0,queue,1.37626e+07,1.39811e+07,1951
1,spsc_unaligned_65536_same-core_unpaced,0,queue,1.39811e+07,1.4418e+07,1551
1,spsc_unaligned_65536_same-core_unpaced,0,queue,1.4418e+07,1.48549e+07,1939
1,spsc_unaligned_65536_same-core_unpaced,0,queue,1.48549e+07,1.52918e+07,3001
1,spsc_unaligned_65536_same-core_unpaced,0,queue,1.52918e+07,1.57287e+07,2978
1,spsc_unaligned_65536_same-core_unpaced,0,queue,1.57287e+07,1.61656e+07,2147
1,spsc_unaligned_65536_same-core_unpaced,0,queue,1.61656e+07,1.66025e+07,3244
1,spsc_unaligned_65536_same-core_unpaced,0,queue,1.66025e+07,1.70394e+07,1709
1,spsc_unaligned_65536_same-core_unpaced,0,queue,1.70394e+07,1.74764e+07,3526
1,spsc_unaligned_65536_same-core_unpaced,0,queue,1.74764e+07,1.79133e+07,3020
1,spsc_unaligned_65536_same-core_unpaced,0,queue,1.79133e+07,1.83502e+07,463
1,spsc_unaligned_65536_same-core_unpaced,0,queue,1.83502e+07,1.87871e+07,444
1,spsc_unaligned_65536_same-core_unpaced,0,queue,1.87871e+07,1.9224e+07,440
1,spsc_unaligned_65536_same-core_unpaced,0,queue,1.9224e+07,1.96609e+07,640
1,spsc_unaligned_65536_same-core_unpaced,0,queue,1.96609e+07,2.00978e+07,2131
1,spsc_unaligned_65536_same-core_unpaced,0,queue,2.00978e+07,2.05347e+07,994
1,spsc_unaligned_65536_same-core_unpaced,0,book,15.8334,16.2501,5
1,spsc_unaligned_65536_same-core_unpaced,0,book,16.6667,17.0834,8
1,spsc_unaligned_65536_same-core_unpaced,0,book,17.5001,17.9168,8
1,spsc_unaligned_65536_same-core_unpaced,0,book,18.3334,18.7501,8
1,spsc_unaligned_65536_same-core_unpaced,0,book,19.1668,19.5834,11
1,spsc_unaligned_65536_same-core_unpaced,0,book,20.0001,20.4168,55
1,spsc_unaligned_65536_same-core_unpaced,0,book,20.8334,21.2501,189
1,spsc_unaligned_65536_same-core_unpaced,0,book,21.6668,22.0834,302
1,spsc_unaligned_65536_same-core_unpaced,0,book,22.5001,22.9168,240
1,spsc_unaligned_65536_same-core_unpaced,0,book,23.3334,23.7501,139
1,spsc_unaligned_65536_same-core_unpaced,0,book,24.1668,24.5835,231
1,spsc_unaligned_65536_same-core_unpaced,0,book,25.0001,25.4168,410
1,spsc_unaligned_65536_same-core_unpaced,0,book,25.8335,26.2501,520
1,spsc_unaligned_65536_same-core_unpaced,0,book,26.6668,27.5001,904
1,spsc_unaligned_65536_same-core_unpaced,0,book,27.5001,28.3335,1422
1,spsc_unaligned_65536_same-core_unpaced,0,book,28.3335,29.1668,2120
1,spsc_unaligned_65536_same-core_unpaced,0,book,29.1668,30.0001,3183
1,spsc_unaligned_65536_same-core_unpaced,0,book,30.0001,30.8335,4435
1,spsc_unaligned_65536_same-core_unpaced,0,book,30.8335,31.6668,7582
1,spsc_unaligned_65536_same-core_unpaced,0,book,31.6668,32.5002,8685
1,spsc_unaligned_65536_same-core_unpaced,0,book,32.5002,33.3335,8484
1,spsc_unaligned_65536_same-core_unpaced,0,book,33.3335,34.1668,8383
1,spsc_unaligned_65536_same-core_unpaced,0,book,34.1668,35.0002,6174
1,spsc_unaligned_65536_same-core_unpaced,0,book,35.0002,35.8335,5443
1,spsc_unaligned_65536_same-core_unpaced,0,book,35.8335,36.6668,4415
1,spsc_unaligned_65536_same-core_unpaced,0,book,36.6668,37.5002,3355
1,spsc_unaligned_65536_same-core_unpaced,0,book,37.5002,38.3335,3519
1,spsc_unaligned_65536_same-core_unpaced,0,book,38.3335,39.1669,3741
1,spsc_unaligned_65536_same-core_unpaced,0,book,39.1669,40.0002,4534
1,spsc_unaligned_65536_same-core_unpaced,0,book,40.0002,40.8335,7254
1,spsc_unaligned_65536_same-core_unpaced,0,book,40.8335,41.6669,7926
1,spsc_unaligned_65536_same-core_unpaced,0,book,41.6669,42.5002,10135
1,spsc_unaligned_65536_same-core_unpaced,0,book,42.5002,43.3335,12151
1,spsc_unaligned_65536_same-core_unpaced,0,book,43.3335,44.1669,11353
1,spsc_unaligned_65536_same-core_unpaced,0,book,44.1669,45.0002,11808
1,spsc_unaligned_65536_same-core_unpaced,0,book,45.0002,45.8336,10852
1,spsc_unaligned_65536_same-core_unpaced,0,book,45.8336,46.6669,9064
1,spsc_unaligned_65536_same-core_unpaced,0,book,46.6669,47.5002,8980
1,spsc_unaligned_65536_same-core_unpaced,0,book,47.5002,48.3336,7321
1,spsc_unaligned_65536_same-core_unpaced,0,book,48.3336,49.1669,6395
1,spsc_unaligned_65536_same-core_unpaced,0,book,49.1669,50.0002,6258
1,spsc_unaligned_65536_same-core_unpaced,0,book,50.0002,50.8336,5764
1,spsc_unaligned_65536_same-core_unpaced,0,book,50.8336,51.6669,6251
1,spsc_unaligned_65536_same-core_unpaced,0,book,51.6669,52.5003,6292
1,spsc_unaligned_65536_same-core_unpaced,0,book,52.5003,53.3336,6765
1,spsc_unaligned_65536_same-core_unpaced,0,book,53.3336,55.0003,15715
1,spsc_unaligned_65536_same-core_unpaced,0,book,55.0003,56.6669,17941
1,spsc_unaligned_65536_same-core_unpaced,0,book,56.6669,58.3336,18970
1,spsc_unaligned_65536_same-core_unpaced,0,book,58.3336,60.0003,19092
1,spsc_unaligned_65536_same-core_unpaced,0,book,60.0003,61.667,20661
1,spsc_unaligned_65536_same-core_unpaced,0,book,61.667,63.3336,21026
1,spsc_unaligned_65536_same-core_unpaced,0,book,63.3336,65.0003,21183
1,spsc_unaligned_65536_same-core_unpaced,0,book,65.0003,66.667,20936
1,spsc_unaligned_65536_same-core_unpaced,0,book,66.667,68.3337,21505
1,spsc_unaligned_65536_same-core_unpaced,0,book,68.3337,70.0003,20952
1,spsc_unaligned_65536_same-core_unpaced,0,book,70.0003,71.667,20464
1,spsc_unaligned_65536_same-core_unpaced,0,book,71.667,73.3337,19426
1,spsc_unaligned_65536_same-core_unpaced,0,book,73.3337,75.0004,19678
1,spsc_unaligned_65536_same-core_unpaced,0,book,75.0004,76.667,19012
1,spsc_unaligned_65536_same-core_unpaced,0,book,76.667,78.3337,17377
1,spsc_unaligned_65536_same-core_unpaced,0,book,78.3337,80.0004,15093
1,spsc_unaligned_65536_same-core_unpaced,0,book,80.0004,81.6671,15048
1,spsc_unaligned_65536_same-core_unpaced,0,book,81.6671,83.3337,14002
1,spsc_unaligned_65536_same-core_unpaced,0,book,83.3337,85.0004,12466
1,spsc_unaligned_65536_same-core_unpaced,0,book,85.0004,86.6671,11427
1,spsc_unaligned_65536_same-core_unpaced,0,book,86.6671,88.3338,11296
1,spsc_unaligned_65536_same-core_unpaced,0,book,88.3338,90.0004,10239
1,spsc_unaligned_65536_same-core_unpaced,0,book,90.0004,91.6671,9491
1,spsc_unaligned_65536_same-core_unpaced,0,book,91.6671,93.3338,8690
1,spsc_unaligned_65536_same-core_unpaced,0,book,93.3338,95.0005,8189
1,spsc_unaligned_65536_same-core_unpaced,0,book,95.0005,96.6671,7745
1,spsc_unaligned_65536_same-core_unpaced,0,book,96.6671,98.3338,7217
1,spsc_unaligned_65536_same-core_unpaced,0,book,98.3338,100,6617
1,spsc_unaligned_65536_same-core_unpaced,0,book,100,101.667,6609
1,spsc_unaligned_65536_same-core_unpaced,0,book,101.667,103.334,6311
1,spsc_unaligned_65536_same-core_unpaced,0,book,103.334,105.001,5741
1,spsc_unaligned_65536_same-core_unpaced,0,book,105.001,106.667,5503
1,spsc_unaligned_65536_same-core_unpaced,0,book,106.667,110.001,10649
1,spsc_unaligned_65536_same-core_unpaced,0,book,110.001,113.334,9499
1,spsc_unaligned_65536_same-core_unpaced,0,book,113.334,116.667,8633
1,spsc_unaligned_65536_same-core_unpaced,0,book,116.667,120.001,7799
1,spsc_unaligned_65536_same-core_unpaced,0,book,120.001,123.334,7367
1,spsc_unaligned_65536_same-core_unpaced,0,book,123.334,126.667,6277
1,spsc_unaligned_65536_same-core_unpaced,0,book,126.667,130.001,6511
1,spsc_unaligned_65536_same-core_unpaced,0,book,130.001,133.334,8278
1,spsc_unaligned_65536_same-core_unpaced,0,book,133.334,136.667,14554
1,spsc_unaligned_65536_same-core_unpaced,0,book,136.667,140.001,21883
1,spsc_unaligned_65536_same-core_unpaced,0,book,140.001,143.334,27108
1,spsc_unaligned_65536_same-core_unpaced,0,book,143.334,146.667,32029
1,spsc_unaligned_65536_same-core_unpaced,0,book,146.667,150.001,45689
1,spsc_unaligned_65536_same-core_unpaced,0,book,150.001,153.334,55250
1,spsc_unaligned_65536_same-core_unpaced,0,book,153.334,156.667,60885
1,spsc_unaligned_65536_same-core_unpaced,0,book,156.667,160.001,61699
1,spsc_unaligned_65536_same-core_unpaced,0,book,160.001,163.334,66638
1,spsc_unaligned_65536_same-core_unpaced,0,book,163.334,166.667,70706
1,spsc_unaligned_65536_same-core_unpaced,0,book,166.667,170.001,73122
1,spsc_unaligned_65536_same-core_unpaced,0,book,170.001,173.334,62034
1,spsc_unaligned_65536_same-core_unpaced,0,book,173.334,176.668,59085
1,spsc_unaligned_65536_same-core_unpaced,0,book,176.668,180.001,56653
1,spsc_unaligned_65536_same-core_unpaced,0,book,180.001,183.334,51144
1,spsc_unaligned_65536_same-core_unpaced,0,book,183.334,186.668,42200
1,spsc_unaligned_65536_same-core_unpaced,0,book,186.668,190.001,39062
1,spsc_unaligned_65536_same-core_unpaced,0,book,190.001,193.334,34772
1,spsc_unaligned_65536_same-core_unpaced,0,book,193.334,196.668,32582
1,spsc_unaligned_65536_same-core_unpaced,0,book,196.668,200.001,29200
1,spsc_unaligned_65536_same-core_unpaced,0,book,200.001,203.334,28712
1,spsc_unaligned_65536_same-core_unpaced,0,book,203.334,206.668,25326
1,spsc_unaligned_65536_same-core_unpaced,0,book,206.668,210.001,23974
1,spsc_unaligned_65536_same-core_unpaced,0,book,210.001,213.334,21381
1,spsc_unaligned_65536_same-core_unpaced,0,book,213.334,220.001,38564
1,spsc_unaligned_65536_same-core_unpaced,0,book,220.001,226.668,33276
1,spsc_unaligned_65536_same-core_unpaced,0,book,226.668,233.334,29403
1,spsc_unaligned_65536_same-core_unpaced,0,book,233.334,240.001,25841
1,spsc_unaligned_65536_same-core_unpaced,0,book,240.001,246.668,23956
1,spsc_unaligned_65536_same-core_unpaced,0,book,246.668,253.335,22206
1,spsc_unaligned_65536_same-core_unpaced,0,book,253.335,260.001,20516
1,spsc_unaligned_65536_same-core_unpaced,0,book,260.001,266.668,19044
1,spsc_unaligned_65536_same-core_unpaced,0,book,266.668,273.335,18216
1,spsc_unaligned_65536_same-core_unpaced,0,book,273.335,280.001,17087
1,spsc_unaligned_65536_same-core_unpaced,0,book,280.001,286.668,16672
1,spsc_unaligned_65536_same-core_unpaced,0,book,286.668,293.335,16344
1,spsc_unaligned_65536_same-core_unpaced,0,book,293.335,300.001,15501
1,spsc_unaligned_65536_same-core_unpaced,0,book,300.001,306.668,15060
1,spsc_unaligned_65536_same-core_unpaced,0,book,306.668,313.335,14847
1,spsc_unaligned_65536_same-core_unpaced,0,book,313.335,320.002,14710
1,spsc_unaligned_65536_same-core_unpaced,0,book,320.002,326.668,14171
1,spsc_unaligned_65536_same-core_unpaced,0,book,326.668,333.335,13830
1,spsc_unaligned_65536_same-core_unpaced,0,book,333.335,340.002,13362
1,spsc_unaligned_65536_same-core_unpaced,0,book,340.002,346.668,13024
1,spsc_unaligned_65536_same-core_unpaced,0,book,346.668,353.335,12607
1,spsc_unaligned_65536_same-core_unpaced,0,book,353.335,360.002,11938
1,spsc_unaligned_65536_same-core_unpaced,0,book,360.002,366.668,11723
1,spsc_unaligned_65536_same-core_unpaced,0,book,366.668,373.335,11109
1,spsc_unaligned_65536_same-core_unpaced,0,book,373.335,380.002,10517
1,spsc_unaligned_65536_same-core_unpaced,0,book,380.002,386.669,9939
1,spsc_unaligned_65536_same-core_unpaced,0,book,386.669,393.335,9363
1,spsc_unaligned_65536_same-core_unpaced,0,book,393.335,400.002,8892
1,spsc_unaligned_65536_same-core_unpaced,0,book,400.002,406.669,8387
1,spsc_unaligned_65536_same-core_unpaced,0,book,406.669,413.335,7826
1,spsc_unaligned_65536_same-core_unpaced,0,book,413.335,420.002,7299
1,spsc_unaligned_65536_same-core_unpaced,0,book,420.002,426.669,6870
1,spsc_unaligned_65536_same-core_unpaced,0,book,426.669,440.002,12678
1,spsc_unaligned_65536_same-core_unpaced,0,book,440.002,453.336,11576
1,spsc_unaligned_65536_same-core_unpaced,0,book,453.336,466.669,9657
1,spsc_unaligned_65536_same-core_unpaced,0,book,466.669,480.002,7889
1,spsc_unaligned_65536_same-core_unpaced,0,book,480.002,493.336,6645
1,spsc_unaligned_65536_same-core_unpaced,0,book,493.336,506.669,5701
1,spsc_unaligned_65536_same-core_unpaced,0,book,506.669,520.003,5036
1,spsc_unaligned_65536_same-core_unpaced,0,book,520.003,533.336,4593
1,spsc_unaligned_65536_same-core_unpaced,0,book,533.336,546.669,3952
1,spsc_unaligned_65536_same-core_unpaced,0,book,546.669,560.003,3546
1,spsc_unaligned_65536_same-core_unpaced,0,book,560.003,573.336,3091
1,spsc_unaligned_65536_same-core_unpaced,0,book,573.336,586.67,2930
1,spsc_unaligned_65536_same-core_unpaced,0,book,586.67,600.003,2520
1,spsc_unaligned_65536_same-core_unpaced,0,book,600.003,613.336,2246
1,spsc_unaligned_65536_same-core_unpaced,0,book,613.336,626.67,1965
1,spsc_unaligned_65536_same-core_unpaced,0,book,626.67,640.003,1833
1,spsc_unaligned_65536_same-core_unpaced,0,book,640.003,653.337,1463
1,spsc_unaligned_65536_same-core_unpaced,0,book,653.337,666.67,1359
1,spsc_unaligned_65536_same-core_unpaced,0,book,666.67,680.003,1147
1,spsc_unaligned_65536_same-core_unpaced,0,book,680.003,693.337,1078
1,spsc_unaligned_65536_same-core_unpaced,0,book,693.337,706.67,951
1,spsc_unaligned_65536_same-core_unpaced,0,book,706.67,720.004,805
1,spsc_unaligned_65536_same-core_unpaced,0,book,720.004,733.337,753
1,spsc_unaligned_65536_same-core_unpaced,0,book,733.337,746.67,667
1,spsc_unaligned_65536_same-core_unpaced,0,book,746.67,760.004,569
1,spsc_unaligned_65536_same-core_unpaced,0,book,760.004,773.337,511
1,spsc_unaligned_65536_same-core_unpaced,0,book,773.337,786.671,448
1,spsc_unaligned_65536_same-core_unpaced,0,book,786.671,800.004,399
1,spsc_unaligned_65536_same-core_unpaced,0,book,800.004,813.337,380
1,spsc_unaligned_65536_same-core_unpaced,0,book,813.337,826.671,291
1,spsc_unaligned_65536_same-core_unpaced,0,book,826.671,840.004,272
1,spsc_unaligned_65536_same-core_unpaced,0,book,840.004,853.338,227
1,spsc_unaligned_65536_same-core_unpaced,0,book,853.338,880.004,383
1,spsc_unaligned_65536_same-core_unpaced,0,book,880.004,906.671,337
1,spsc_unaligned_65536_same-core_unpaced,0,book,906.671,933.338,253
1,spsc_unaligned_65536_same-core_unpaced,0,book,933.338,960.005,217
1,spsc_unaligned_65536_same-core_unpaced,0,book,960.005,986.672,129
1,spsc_unaligned_65536_same-core_unpaced,0,book,986.672,1013.34,130
1,spsc_unaligned_65536_same-core_unpaced,0,book,1013.34,1040.01,99
1,spsc_unaligned_65536_same-core_unpaced,0,book,1040.01,1066.67,86
1,spsc_unaligned_65536_same-core_unpaced,0,book,1066.67,1093.34,62
1,spsc_unaligned_65536_same-core_unpaced,0,book,1093.34,1120.01,62
1,spsc_unaligned_65536_same-core_unpaced,0,book,1120.01,1146.67,57
1,spsc_unaligned_65536_same-core_unpaced,0,book,1146.67,1173.34,44
1,spsc_unaligned_65536_same-core_unpaced,0,book,1173.34,1200.01,30
1,spsc_unaligned_65536_same-core_unpaced,0,book,1200.01,1226.67,24
1,spsc_unaligned_65536_same-core_unpaced,0,book,1226.67,1253.34,22
1,spsc_unaligned_65536_same-core_unpaced,0,book,1253.34,1280.01,24
1,spsc_unaligned_65536_same-core_unpaced,0,book,1280.01,1306.67,16
1,spsc_unaligned_65536_same-core_unpaced,0,book,1306.67,1333.34,14
1,spsc_unaligned_65536_same-core_unpaced,0,book,1333.34,1360.01,10
1,spsc_unaligned_65536_same-core_unpaced,0,book,1360.01,1386.67,14
1,spsc_unaligned_65536_same-core_unpaced,0,book,1386.67,1413.34,8
1,spsc_unaligned_65536_same-core_unpaced,0,book,1413.34,1440.01,11
1,spsc_unaligned_65536_same-core_unpaced,0,book,1440.01,1466.67,10
1,spsc_unaligned_65536_same-core_unpaced,0,book,1466.67,1493.34,11
1,spsc_unaligned_65536_same-core_unpaced,0,book,1493.34,1520.01,8
1,spsc_unaligned_65536_same-core_unpaced,0,book,1520.01,1546.67,7
1,spsc_unaligned_65536_same-core_unpaced,0,book,1546.67,1573.34,3
1,spsc_unaligned_65536_same-core_unpaced,0,book,1573.34,1600.01,11
1,spsc_unaligned_65536_same-core_unpaced,0,book,1600.01,1626.67,7
1,spsc_unaligned_65536_same-core_unpaced,0,book,1626.67,1653.34,6
1,spsc_unaligned_65536_same-core_unpaced,0,book,1653.34,1680.01,4
1,spsc_unaligned_65536_same-core_unpaced,0,book,1680.01,1706.68,3
1,spsc_unaligned_65536_same-core_unpaced,0,book,1706.68,1760.01,11
1,spsc_unaligned_65536_same-core_unpaced,0,book,1760.01,1813.34,12
1,spsc_unaligned_65536_same-core_unpaced,0,book,1813.34,1866.68,17
1,spsc_unaligned_65536_same-core_unpaced,0,book,1866.68,1920.01,8
1,spsc_unaligned_65536_same-core_unpaced,0,book,1920.01,1973.34,9
1,spsc_unaligned_65536_same-core_unpaced,0,book,1973.34,2026.68,12
1,spsc_unaligned_65536_same-core_unpaced,0,book,2026.68,2080.01,6
1,spsc_unaligned_65536_same-core_unpaced,0,book,2080.01,2133.34,12
1,spsc_unaligned_65536_same-core_unpaced,0,book,2133.34,2186.68,6
1,spsc_unaligned_65536_same-core_unpaced,0,book,2186.68,2240.01,6
1,spsc_unaligned_65536_same-core_unpaced,0,book,2240.01,2293.34,7
1,spsc_unaligned_65536_same-core_unpaced,0,book,2293.34,2346.68,4
1,spsc_unaligned_65536_same-core_unpaced,0,book,2346.68,2400.01,4
1,spsc_unaligned_65536_same-core_unpaced,0,book,2400.01,2453.35,6
1,spsc_unaligned_65536_same-core_unpaced,0,book,2506.68,2560.01,1
1,spsc_unaligned_65536_same-core_unpaced,0,book,2560.01,2613.35,2
1,spsc_unaligned_65536_same-core_unpaced,0,book,2666.68,2720.01,5
1,spsc_unaligned_65536_same-core_unpaced,0,book,2720.01,2773.35,1
1,spsc_unaligned_65536_same-core_unpaced,0,book,2773.35,2826.68,1
1,spsc_unaligned_65536_same-core_unpaced,0,book,2880.01,2933.35,1
1,spsc_unaligned_65536_same-core_unpaced,0,book,2933.35,2986.68,1
1,spsc_unaligned_65536_same-core_unpaced,0,book,3040.02,3093.35,1
1,spsc_unaligned_65536_same-core_unpaced,0,book,3253.35,3306.68,2
1,spsc_unaligned_65536_same-core_unpaced,0,book,3306.68,3360.02,1
1,spsc_unaligned_65536_same-core_unpaced,0,book,3360.02,3413.35,1
1,spsc_unaligned_65536_same-core_unpaced,0,book,3413.35,3520.02,2
1,spsc_unaligned_65536_same-core_unpaced,0,book,3520.02,3626.68,3
1,spsc_unaligned_65536_same-core_unpaced,0,book,3626.68,3733.35,2
1,spsc_unaligned_65536_same-core_unpaced,0,book,3733.35,3840.02,2
1,spsc_unaligned_65536_same-core_unpaced,0,book,3840.02,3946.69,1
1,spsc_unaligned_65536_same-core_unpaced,0,book,3946.69,4053.35,2
1,spsc_unaligned_65536_same-core_unpaced,0,book,4160.02,4266.69,1
1,spsc_unaligned_65536_same-core_unpaced,0,book,4266.69,4373.36,2
1,spsc_unaligned_65536_same-core_unpaced,0,book,4373.36,4480.02,2
1,spsc_unaligned_65536_same-core_unpaced,0,book,4480.02,4586.69,3
1,spsc_unaligned_65536_same-core_unpaced,0,book,4586.69,4693.36,6
1,spsc_unaligned_65536_same-core_unpaced,0,book,4693.36,4800.02,7
1,spsc_unaligned_65536_same-core_unpaced,0,book,4800.02,4906.69,8
1,spsc_unaligned_65536_same-core_unpaced,0,book,4906.69,5013.36,11
1,spsc_unaligned_65536_same-core_unpaced,0,book,5013.36,5120.03,19
1,spsc_unaligned_65536_same-core_unpaced,0,book,5120.03,5226.69,10
1,spsc_unaligned_65536_same-core_unpaced,0,book,5226.69,5333.36,14
1,spsc_unaligned_65536_same-core_unpaced,0,book,5333.36,5440.03,16
1,spsc_unaligned_65536_same-core_unpaced,0,book,5440.03,5546.69,6
1,spsc_unaligned_65536_same-core_unpaced,0,book,5546.69,5653.36,8
1,spsc_unaligned_65536_same-core_unpaced,0,book,5653.36,5760.03,3
1,spsc_unaligned_65536_same-core_unpaced,0,book,5760.03,5866.7,2
1,spsc_unaligned_65536_same-core_unpaced,0,book,5866.7,5973.36,1
1,spsc_unaligned_65536_same-core_unpaced,0,book,5973.36,6080.03,2
1,spsc_unaligned_65536_same-core_unpaced,0,book,7253.37,7466.7,1
1,spsc_unaligned_65536_same-core_unpaced,0,book,7466.7,7680.04,16
1,spsc_unaligned_65536_same-core_unpaced,0,book,7680.04,7893.37,41
1,spsc_unaligned_65536_same-core_unpaced,0,book,7893.37,8106.71,34
1,spsc_unaligned_65536_same-core_unpaced,0,book,8106.71,8320.04,16
1,spsc_unaligned_65536_same-core_unpaced,0,book,8320.04,8533.38,7
1,spsc_unaligned_65536_same-core_unpaced,0,book,8533.38,8746.71,3
1,spsc_unaligned_65536_same-core_unpaced,0,book,8746.71,8960.04,1
1,spsc_unaligned_65536_same-core_unpaced,0,book,8960.04,9173.38,1
1,spsc_unaligned_65536_same-core_unpaced,0,book,9173.38,9386.71,3
1,spsc_unaligned_65536_same-core_unpaced,0,book,9386.71,9600.05,1
1,spsc_unaligned_65536_same-core_unpaced,0,book,9813.38,10026.7,1
1,spsc_unaligned_65536_same-core_unpaced,0,book,10026.7,10240.1,1
1,spsc_unaligned_65536_same-core_unpaced,0,book,10240.1,10453.4,1
1,spsc_unaligned_65536_same-core_unpaced,0,book,10453.4,10666.7,1
1,spsc_unaligned_65536_same-core_unpaced,0,book,10666.7,10880.1,1
1,spsc_unaligned_65536_same-core_unpaced,0,book,11093.4,11306.7,3
1,spsc_unaligned_65536_same-core_unpaced,0,book,11306.7,11520.1,6
1,spsc_unaligned_65536_same-core_unpaced,0,book,11520.1,11733.4,7
1,spsc_unaligned_65536_same-core_unpaced,0,book,11733.4,11946.7,8
1,spsc_unaligned_65536_same-core_unpaced,0,book,11946.7,12160.1,15
1,spsc_unaligned_65536_same-core_unpaced,0,book,12160.1,12373.4,9
1,spsc_unaligned_65536_same-core_unpaced,0,book,12373.4,12586.7,4
1,spsc_unaligned_65536_same-core_unpaced,0,book,12586.7,12800.1,4
1,spsc_unaligned_65536_same-core_unpaced,0,book,12800.1,13013.4,7
1,spsc_unaligned_65536_same-core_unpaced,0,book,13013.4,13226.7,6
1,spsc_unaligned_65536_same-core_unpaced,0,book,13226.7,13440.1,3
1,spsc_unaligned_65536_same-core_unpaced,0,book,13440.1,13653.4,13
1,spsc_unaligned_65536_same-core_unpaced,0,book,13653.4,14080.1,71
1,spsc_unaligned_65536_same-core_unpaced,0,book,14080.1,14506.7,157
1,spsc_unaligned_65536_same-core_unpaced,0,book,14506.7,14933.4,165
1,spsc_unaligned_65536_same-core_unpaced,0,book,14933.4,15360.1,40
1,spsc_unaligned_65536_same-core_unpaced,0,book,15360.1,15786.7,12
1,spsc_unaligned_65536_same-core_unpaced,0,book,15786.7,16213.4,15
1,spsc_unaligned_65536_same-core_unpaced,0,book,16213.4,16640.1,6
1,spsc_unaligned_65536_same-core_unpaced,0,book,16640.1,17066.8,6
1,spsc_unaligned_65536_same-core_unpaced,0,book,17066.8,17493.4,1
1,spsc_unaligned_65536_same-core_unpaced,0,book,17920.1,18346.8,1
1,spsc_unaligned_65536_same-core_unpaced,0,book,18773.4,19200.1,1
1,spsc_unaligned_65536_same-core_unpaced,0,book,22186.8,22613.4,1
1,spsc_unaligned_65536_same-core_unpaced,0,book,27306.8,28160.1,1
2,spsc_unaligned_65536_same-core_unpaced,1,total,66.667,68.3337,1
2,spsc_unaligned_65536_same-core_unpaced,1,total,68.3337,70.0003,4
2,spsc_unaligned_65536_same-core_unpaced,1,total,70.0003,71.667,2
2,spsc_unaligned_65536_same-core_unpaced,1,total,71.667,73.3337,2
2,spsc_unaligned_65536_same-core_unpaced,1,total,73.3337,75.0004,3
2,spsc_unaligned_65536_same-core_unpaced,1,total,75.0004,76.667,3
2,spsc_unaligned_65536_same-core_unpaced,1,total,78.3337,80.0004,1
2,spsc_unaligned_65536_same-core_unpaced,1,total,80.0004,81.6671,2
2,spsc_unaligned_65536_same-core_unpaced,1,total,81.6671,83.3337,2
2,spsc_unaligned_65536_same-core_unpaced,1,total,83.3337,85.0004,3
2,spsc_unaligned_65536_same-core_unpaced,1,total,85.0004,86.6671,1
2,spsc_unaligned_65536_same-core_unpaced,1,total,86.6671,88.3338,1
2,spsc_unaligned_65536_same-core_unpaced,1,total,88.3338,90.0004,2
2,spsc_unaligned_65536_same-core_unpaced,1,total,90.0004,91.6671,2
2,spsc_unaligned_65536_same-core_unpaced,1,total,91.6671,93.3338,3
2,spsc_unaligned_65536_same-core_unpaced,1,total,93.3338,95.0005,3
2,spsc_unaligned_65536_same-core_unpaced,1,total,95.0005,96.6671,4
2,spsc_unaligned_65536_same-core_unpaced,1,total,96.6671,98.3338,7
2,spsc_unaligned_65536_same-core_unpaced,1,total,98.3338,100,3
2,spsc_unaligned_65536_same-core_unpaced,1,total,100,101.667,7
2,spsc_unaligned_65536_same-core_unpaced,1,total,101.667,103.334,3
2,spsc_unaligned_65536_same-core_unpaced,1,total,103.334,105.001,8
2,spsc_unaligned_65536_same-core_unpaced,1,total,105.001,106.667,10
2,spsc_unaligned_65536_same-core_unpaced,1,total,106.667,110.001,4
2,spsc_unaligned_65536_same-core_unpaced,1,total,110.001,113.334,6
2,spsc_unaligned_65536_same-core_unpaced,1,total,113.334,116.667,13
2,spsc_unaligned_65536_same-core_unpaced,1,total,116.667,120.001,10
2,spsc_unaligned_65536_same-core_unpaced,1,total,120.001,123.334,7
2,spsc_unaligned_65536_same-core_unpaced,1,total,123.334,126.667,9
2,spsc_unaligned_65536_same-core_unpaced,1,total,126.667,130.001,7
2,spsc_unaligned_65536_same-core_unpaced,1,total,130.001,133.334,9
2,spsc_unaligned_65536_same-core_unpaced,1,total,133.334,136.667,7
2,spsc_unaligned_65536_same-core_unpaced,1,total,136.667,140.001,12
2,spsc_unaligned_65536_same-core_unpaced,1,total,140.001,143.334,8
2,spsc_unaligned_65536_same-core_unpaced,1,total,143.334,146.667,9
2,spsc_unaligned_65536_same-core_unpaced,1,total,146.667,150.001,15
2,spsc_unaligned_65536_same-core_unpaced,1,total,150.001,153.334,10
2,spsc_unaligned_65536_same-core_unpaced,1,total,153.334,156.667,8
2,spsc_unaligned_65536_same-core_unpaced,1,total,156.667,160.001,5
2,spsc_unaligned_65536_same-core_unpaced,1,total,160.001,163.334,8
2,spsc_unaligned_65536_same-core_unpaced,1,total,163.334,166.667,10
2,spsc_unaligned_65536_same-core_unpaced,1,total,166.667,170.001,6
2,spsc_unaligned_65536_same-core_unpaced,1,total,170.001,173.334,14
2,spsc_unaligned_65536_same-core_unpaced,1,total,173.334,176.668,10
2,spsc_unaligned_65536_same-core_unpaced,1,total,176.668,180.001,7
2,spsc_unaligned_65536_same-core_unpaced,1,total,180.001,183.334,4
2,spsc_unaligned_65536_same-core_unpaced,1,total,183.334,186.668,6
2,spsc_unaligned_65536_same-core_unpaced,1,total,186.668,190.001,6
2,spsc_unaligned_65536_same-core_unpaced,1,total,190.001,193.334,5
2,spsc_unaligned_65536_same-core_unpaced,1,total,193.334,196.668,8
2,spsc_unaligned_65536_same-core_unpaced,1,total,196.668,200.001,3
2,spsc_unaligned_65536_same-core_unpaced,1,total,200.001,203.334,4
2,spsc_unaligned_65536_same-core_unpaced,1,total,203.334,206.668,4
2,spsc_unaligned_65536_same-core_unpaced,1,total,206.668,210.001,4
2,spsc_unaligned_65536_same-core_unpaced,1,total,210.001,213.334,7
2,spsc_unaligned_65536_same-core_unpaced,1,total,213.334,220.001,9
2,spsc_unaligned_65536_same-core_unpaced,1,total,220.001,226.668,13
2,spsc_unaligned_65536_same-core_unpaced,1,total,226.668,233.334,11
2,spsc_unaligned_65536_same-core_unpaced,1,total,233.334,240.001,7
2,spsc_unaligned_65536_same-core_unpaced,1,total,240.001,246.668,9
2,spsc_unaligned_65536_same-core_unpaced,1,total,246.668,253.335,7
2,spsc_unaligned_65536_same-core_unpaced,1,total,253.335,260.001,2
2,spsc_unaligned_65536_same-core_unpaced,1,total,260.001,266.668,7
2,spsc_unaligned_65536_same-core_unpaced,1,total,266.668,273.335,9
2,spsc_unaligned_65536_same-core_unpaced,1,total,273.335,280.001,5
2,spsc_unaligned_65536_same-core_unpaced,1,total,280.001,286.668,6
2,spsc_unaligned_65536_same-core_unpaced,1,total,286.668,293.335,4
2,spsc_unaligned_65536_same-core_unpaced,1,total,293.335,300.001,3
2,spsc_unaligned_65536_same-core_unpaced,1,total,300.001,306.668,5
2,spsc_unaligned_65536_same-core_unpaced,1,total,306.668,313.335,5
2,spsc_unaligned_65536_same-core_unpaced,1,total,313.335,320.002,3
2,spsc_unaligned_65536_same-core_unpaced,1,total,326.668,333.335,6
2,spsc_unaligned_65536_same-core_unpaced,1,total,333.335,340.002,2
2,spsc_unaligned_65536_same-core_unpaced,1,total,340.002,346.668,4
2,spsc_unaligned_65536_same-core_unpaced,1,total,346.668,353.335,1
2,spsc_unaligned_65536_same-core_unpaced,1,total,353.335,360.002,4
2,spsc_unaligned_65536_same-core_unpaced,1,total,360.002,366.668,2
2,spsc_unaligned_65536_same-core_unpaced,1,total,366.668,373.335,4
2,spsc_unaligned_65536_same-core_unpaced,1,total,373.335,380.002,1
2,spsc_unaligned_65536_same-core_unpaced,1,total,380.002,386.669,5
2,spsc_unaligned_65536_same-core_unpaced,1,total,386.669,393.335,5
2,spsc_unaligned_65536_same-core_unpaced,1,total,393.335,400.002,1
2,spsc_unaligned_65536_same-core_unpaced,1,total,400.002,406.669,1
2,spsc_unaligned_65536_same-core_unpaced,1,total,413.335,420.002,1
2,spsc_unaligned_65536_same-core_unpaced,1,total,420.002,426.669,4
2,spsc_unaligned_65536_same-core_unpaced,1,total,426.669,440.002,1
2,spsc_unaligned_65536_same-core_unpaced,1,total,440.002,453.336,6
2,spsc_unaligned_65536_same-core_unpaced,1,total,453.336,466.669,3
2,spsc_unaligned_65536_same-core_unpaced,1,total,466.669,480.002,4
2,spsc_unaligned_65536_same-core_unpaced,1,total,480.002,493.336,7
2,spsc_unaligned_65536_same-core_unpaced,1,total,493.336,506.669,5
2,spsc_unaligned_65536_same-core_unpaced,1,total,506.669,520.003,4
2,spsc_unaligned_65536_same-core_unpaced,1,total,520.003,533.336,2
2,spsc_unaligned_65536_same-core_unpaced,1,total,533.336,546.669,2
2,spsc_unaligned_65536_same-core_unpaced,1,total,546.669,560.003,2
2,spsc_unaligned_65536_same-core_unpaced,1,total,573.336,586.67,2
2,spsc_unaligned_65536_same-core_unpaced,1,total,586.67,600.003,2
2,spsc_unaligned_65536_same-core_unpaced,1,total,600.003,613.336,1
2,spsc_unaligned_65536_same-core_unpaced,1,total,640.003,653.337,1
2,spsc_unaligned_65536_same-core_unpaced,1,total,653.337,666.67,1
2,spsc_unaligned_65536_same-core_unpaced,1,total,666.67,680.003,2
2,spsc_unaligned_65536_same-core_unpaced,1,total,853.338,880.004,1
2,spsc_unaligned_65536_same-core_unpaced,1,total,986.672,1013.34,1
2,spsc_unaligned_65536_same-core_unpaced,1,total,1066.67,1093.34,1
2,spsc_unaligned_65536_same-core_unpaced,1,total,1093.34,1120.01,1
2,spsc_unaligned_65536_same-core_unpaced,1,total,1146.67,1173.34,1
2,spsc_unaligned_65536_same-core_unpaced,1,total,1226.67,1253.34,1
2,spsc_unaligned_65536_same-core_unpaced,1,total,1280.01,1306.67,1
2,spsc_unaligned_65536_same-core_unpaced,1,total,1306.67,1333.34,1
2,spsc_unaligned_65536_same-core_unpaced,1,total,1493.34,1520.01,1
2,spsc_unaligned_65536_same-core_unpaced,1,total,1573.34,1600.01,1
2,spsc_unaligned_65536_same-core_unpaced,1,total,1600.01,1626.67,2
2,spsc_unaligned_65536_same-core_unpaced,1,total,1653.34,1680.01,1
2,spsc_unaligned_65536_same-core_unpaced,1,total,17066.8,17493.4,1
2,spsc_unaligned_65536_same-core_unpaced,1,total,19200.1,19626.8,1
2,spsc_unaligned_65536_same-core_unpaced,1,total,19626.8,20053.4,1
2,spsc_unaligned_65536_same-core_unpaced,1,total,23040.1,23466.8,1
2,spsc_unaligned_65536_same-core_unpaced,1,total,24320.1,24746.8,1
2,spsc_unaligned_65536_same-core_unpaced,1,total,28160.1,29013.5,1
2,spsc_unaligned_65536_same-core_unpaced,1,total,29866.8,30720.2,1
2,spsc_unaligned_65536_same-core_unpaced,1,total,30720.2,31573.5,1
2,spsc_unaligned_65536_same-core_unpaced,1,total,35840.2,36693.5,1
2,spsc_unaligned_65536_same-core_unpaced,1,total,48640.2,49493.6,1
2,spsc_unaligned_65536_same-core_unpaced,1,total,49493.6,50346.9,1
2,spsc_unaligned_65536_same-core_unpaced,1,total,54613.6,56320.3,1
2,spsc_unaligned_65536_same-core_unpaced,1,total,61440.3,63147,3
2,spsc_unaligned_65536_same-core_unpaced,1,total,64853.7,66560.3,1
2,spsc_unaligned_65536_same-core_unpaced,1,total,68267,69973.7,1
2,spsc_unaligned_65536_same-core_unpaced,1,total,69973.7,71680.4,1
2,spsc_unaligned_65536_same-core_unpaced,1,total,71680.4,73387,1
2,spsc_unaligned_65536_same-core_unpaced,1,total,73387,75093.7,2
2,spsc_unaligned_65536_same-core_unpaced,1,total,75093.7,76800.4,1
2,spsc_unaligned_65536_same-core_unpaced,1,total,76800.4,78507.1,1
2,spsc_unaligned_65536_same-core_unpaced,1,total,85333.8,87040.4,1
2,spsc_unaligned_65536_same-core_unpaced,1,total,88747.1,90453.8,1
2,spsc_unaligned_65536_same-core_unpaced,1,total,93867.1,95573.8,1
2,spsc_unaligned_65536_same-core_unpaced,1,total,95573.8,97280.5,1
2,spsc_unaligned_65536_same-core_unpaced,1,total,98987.2,100694,2
2,spsc_unaligned_65536_same-core_unpaced,1,total,100694,102401,1
2,spsc_unaligned_65536_same-core_unpaced,1,total,102401,104107,1
2,spsc_unaligned_65536_same-core_unpaced,1,total,104107,105814,1
2,spsc_unaligned_65536_same-core_unpaced,1,total,105814,107521,1
2,spsc_unaligned_65536_same-core_unpaced,1,total,107521,109227,1
2,spsc_unaligned_65536_same-core_unpaced,1,total,109227,112641,1
2,spsc_unaligned_65536_same-core_unpaced,1,total,112641,116054,1
2,spsc_unaligned_65536_same-core_unpaced,1,total,116054,119467,1
2,spsc_unaligned_65536_same-core_unpaced,1,total,119467,122881,2
2,spsc_unaligned_65536_same-core_unpaced,1,total,122881,126294,2
2,spsc_unaligned_65536_same-core_unpaced,1,total,126294,129707,3
2,spsc_unaligned_65536_same-core_unpaced,1,total,129707,133121,2
2,spsc_unaligned_65536_same-core_unpaced,1,total,133121,136534,2
2,spsc_unaligned_65536_same-core_unpaced,1,total,139947,143361,2
2,spsc_unaligned_65536_same-core_unpaced,1,total,143361,146774,2
2,spsc_unaligned_65536_same-core_unpaced,1,total,146774,150187,1
2,spsc_unaligned_65536_same-core_unpaced,1,total,150187,153601,1
2,spsc_unaligned_65536_same-core_unpaced,1,total,153601,157014,2
2,spsc_unaligned_65536_same-core_unpaced,1,total,157014,160427,2
2,spsc_unaligned_65536_same-core_unpaced,1,total,160427,163841,2
2,spsc_unaligned_65536_same-core_unpaced,1,total,167254,170668,1
2,spsc_unaligned_65536_same-core_unpaced,1,total,170668,174081,1
2,spsc_unaligned_65536_same-core_unpaced,1,total,174081,177494,2
2,spsc_unaligned_65536_same-core_unpaced,1,total,177494,180908,4
2,spsc_unaligned_65536_same-core_unpaced,1,total,180908,184321,2
2,spsc_unaligned_65536_same-core_unpaced,1,total,184321,187734,2
2,spsc_unaligned_65536_same-core_unpaced,1,total,187734,191148,2
2,spsc_unaligned_65536_same-core_unpaced,1,total,191148,194561,3
2,spsc_unaligned_65536_same-core_unpaced,1,total,211628,215041,1
2,spsc_unaligned_65536_same-core_unpaced,1,total,215041,218454,1
2,spsc_unaligned_65536_same-core_unpaced,1,total,218454,225281,4
2,spsc_unaligned_65536_same-core_unpaced,1,total,225281,232108,2
2,spsc_unaligned_65536_same-core_unpaced,1,total,232108,238935,2
2,spsc_unaligned_65536_same-core_unpaced,1,total,238935,245761,2
2,spsc_unaligned_65536_same-core_unpaced,1,total,245761,252588,4
2,spsc_unaligned_65536_same-core_unpaced,1,total,259415,266241,3
2,spsc_unaligned_65536_same-core_unpaced,1,total,266241,273068,2
2,spsc_unaligned_65536_same-core_unpaced,1,total,273068,279895,8
2,spsc_unaligned_65536_same-core_unpaced,1,total,279895,286721,3
2,spsc_unaligned_65536_same-core_unpaced,1,total,286721,293548,7
2,spsc_unaligned_65536_same-core_unpaced,1,total,293548,300375,1
2,spsc_unaligned_65536_same-core_unpaced,1,total,300375,307202,4
2,spsc_unaligned_65536_same-core_unpaced,1,total,307202,314028,3
2,spsc_unaligned_65536_same-core_unpaced,1,total,314028,320855,2
2,spsc_unaligned_65536_same-core_unpaced,1,total,320855,327682,3
2,spsc_unaligned_65536_same-core_unpaced,1,total,327682,334508,3
2,spsc_unaligned_65536_same-core_unpaced,1,total,334508,341335,2
2,spsc_unaligned_65536_same-core_unpaced,1,total,341335,348162,5
2,spsc_unaligned_65536_same-core_unpaced,1,total,348162,354988,6
2,spsc_unaligned_65536_same-core_unpaced,1,total,354988,361815,4
2,spsc_unaligned_65536_same-core_unpaced,1,total,361815,368642,3
2,spsc_unaligned_65536_same-core_unpaced,1,total,368642,375469,2
2,spsc_unaligned_65536_same-core_unpaced,1,total,375469,382295,3
2,spsc_unaligned_65536_same-core_unpaced,1,total,382295,389122,3
2,spsc_unaligned_65536_same-core_unpaced,1,total,389122,395949,5
2,spsc_unaligned_65536_same-core_unpaced,1,total,395949,402775,4
2,spsc_unaligned_65536_same-core_unpaced,1,total,402775,409602,3
2,spsc_unaligned_65536_same-core_unpaced,1,total,409602,416429,6
2,spsc_unaligned_65536_same-core_unpaced,1,total,416429,423255,7
2,spsc_unaligned_65536_same-core_unpaced,1,total,423255,430082,11
2,spsc_unaligned_65536_same-core_unpaced,1,total,430082,436909,8
2,spsc_unaligned_65536_same-core_unpaced,1,total,436909,450562,5
2,spsc_unaligned_65536_same-core_unpaced,1,total,450562,464216,11
2,spsc_unaligned_65536_same-core_unpaced,1,total,464216,477869,5
2,spsc_unaligned_65536_same-core_unpaced,1,total,477869,491522,6
2,spsc_unaligned_65536_same-core_unpaced,1,total,491522,505176,9
2,spsc_unaligned_65536_same-core_unpaced,1,total,505176,518829,9
2,spsc_unaligned_65536_same-core_unpaced,1,total,518829,532483,9
2,spsc_unaligned_65536_same-core_unpaced,1,total,532483,546136,11
2,spsc_unaligned_65536_same-core_unpaced,1,total,546136,559789,8
2,spsc_unaligned_65536_same-core_unpaced,1,total,559789,573443,8
2,spsc_unaligned_65536_same-core_unpaced,1,total,573443,587096,4
2,spsc_unaligned_65536_same-core_unpaced,1,total,587096,600750,9
2,spsc_unaligned_65536_same-core_unpaced,1,total,600750,614403,6
2,spsc_unaligned_65536_same-core_unpaced,1,total,614403,628056,10
2,spsc_unaligned_65536_same-core_unpaced,1,total,628056,641710,11
2,spsc_unaligned_65536_same-core_unpaced,1,total,641710,655363,5
2,spsc_unaligned_65536_same-core_unpaced,1,total,655363,669017,8
2,spsc_unaligned_65536_same-core_unpaced,1,total,669017,682670,10
2,spsc_unaligned_65536_same-core_unpaced,1,total,682670,696323,7
2,spsc_unaligned_65536_same-core_unpaced,1,total,696323,709977,8
2,spsc_unaligned_65536_same-core_unpaced,1,total,709977,723630,7
2,spsc_unaligned_65536_same-core_unpaced,1,total,723630,737284,7
2,spsc_unaligned_65536_same-core_unpaced,1,total,737284,750937,8
2,spsc_unaligned_65536_same-core_unpaced,1,total,750937,764590,10
2,spsc_unaligned_65536_same-core_unpaced,1,total,764590,778244,6
2,spsc_unaligned_65536_same-core_unpaced,1,total,778244,791897,4
2,spsc_unaligned_65536_same-core_unpaced,1,total,791897,805551,7
2,spsc_unaligned_65536_same-core_unpaced,1,total,805551,819204,6
2,spsc_unaligned_65536_same-core_unpaced,1,total,819204,832857,13
2,spsc_unaligned_65536_same-core_unpaced,1,total,832857,846511,9
2,spsc_unaligned_65536_same-core_unpaced,1,total,846511,860164,7
2,spsc_unaligned_65536_same-core_unpaced,1,total,860164,873818,8
2,spsc_unaligned_65536_same-core_unpaced,1,total,873818,901124,26
2,spsc_unaligned_65536_same-core_unpaced,1,total,901124,928431,23
2,spsc_unaligned_65536_same-core_unpaced,1,total,928431,955738,13
2,spsc_unaligned_65536_same-core_unpaced,1,total,955738,983045,26
2,spsc_unaligned_65536_same-core_unpaced,1,total,983045,1.01035e+06,25
2,spsc_unaligned_65536_same-core_unpaced,1,total,1.01035e+06,1.03766e+06,8
2,spsc_unaligned_65536_same-core_unpaced,1,total,1.03766e+06,1.06497e+06,21
2,spsc_unaligned_65536_same-core_unpaced,1,total,1.06497e+06,1.09227e+06,17
2,spsc_unaligned_65536_same-core_unpaced,1,total,1.09227e+06,1.11958e+06,28
2,spsc_unaligned_65536_same-core_unpaced,1,total,1.11958e+06,1.14689e+06,18
2,spsc_unaligned_65536_same-core_unpaced,1,total,1.14689e+06,1.17419e+06,15
2,spsc_unaligned_65536_same-core_unpaced,1,total,1.17419e+06,1.2015e+06,23
2,spsc_unaligned_65536_same-core_unpaced,1,total,1.2015e+06,1.22881e+06,24
2,spsc_unaligned_65536_same-core_unpaced,1,total,1.22881e+06,1.25611e+06,26
2,spsc_unaligned_65536_same-core_unpaced,1,total,1.25611e+06,1.28342e+06,20
2,spsc_unaligned_65536_same-core_unpaced,1,total,1.28342e+06,1.31073e+06,18
2,spsc_unaligned_65536_same-core_unpaced,1,total,1.31073e+06,1.33803e+06,28
2,spsc_unaligned_65536_same-core_unpaced,1,total,1.33803e+06,1.36534e+06,22
2,spsc_unaligned_65536_same-core_unpaced,1,total,1.36534e+06,1.39265e+06,17
2,spsc_unaligned_65536_same-core_unpaced,1,total,1.39265e+06,1.41995e+06,26
2,spsc_unaligned_65536_same-core_unpaced,1,total,1.41995e+06,1.44726e+06,10
2,spsc_unaligned_65536_same-core_unpaced,1,total,1.44726e+06,1.47457e+06,18
2,spsc_unaligned_65536_same-core_unpaced,1,total,1.47457e+06,1.50187e+06,20
2,spsc_unaligned_65536_same-core_unpaced,1,total,1.50187e+06,1.52918e+06,22
2,spsc_unaligned_65536_same-core_unpaced,1,total,1.52918e+06,1.55649e+06,20
2,spsc_unaligned_65536_same-core_unpaced,1,total,1.55649e+06,1.58379e+06,18
2,spsc_unaligned_65536_same-core_unpaced,1,total,1.58379e+06,1.6111e+06,15
2,spsc_unaligned_65536_same-core_unpaced,1,total,1.6111e+06,1.63841e+06,23
2,spsc_unaligned_65536_same-core_unpaced,1,total,1.63841e+06,1.66571e+06,22
2,spsc_unaligned_65536_same-core_unpaced,1,total,1.66571e+06,1.69302e+06,14
2,spsc_unaligned_65536_same-core_unpaced,1,total,1.69302e+06,1.72033e+06,25
2,spsc_unaligned_65536_same-core_unpaced,1,total,1.72033e+06,1.74764e+06,28
2,spsc_unaligned_65536_same-core_unpaced,1,total,1.74764e+06,1.80225e+06,42
2,spsc_unaligned_65536_same-core_unpaced,1,total,1.80225e+06,1.85686e+06,33
2,spsc_unaligned_65536_same-core_unpaced,1,total,1.85686e+06,1.91148e+06,51
2,spsc_unaligned_65536_same-core_unpaced,1,total,1.91148e+06,1.96609e+06,59
2,spsc_unaligned_65536_same-core_unpaced,1,total,1.96609e+06,2.0207e+06,43
2,spsc_unaligned_65536_same-core_unpaced,1,total,2.0207e+06,2.07532e+06,51
2,spsc_unaligned_65536_same-core_unpaced,1,total,2.07532e+06,2.12993e+06,51
2,spsc_unaligned_65536_same-core_unpaced,1,total,2.12993e+06,2.18454e+06,42
2,spsc_unaligned_65536_same-core_unpaced,1,total,2.18454e+06,2.23916e+06,32
2,spsc_unaligned_65536_same-core_unpaced,1,total,2.23916e+06,2.29377e+06,48
2,spsc_unaligned_65536_same-core_unpaced,1,total,2.29377e+06,2.34839e+06,47
2,spsc_unaligned_65536_same-core_unpaced,1,total,2.34839e+06,2.403e+06,48
2,spsc_unaligned_65536_same-core_unpaced,1,total,2.403e+06,2.45761e+06,49
2,spsc_unaligned_65536_same-core_unpaced,1,total,2.45761e+06,2.51223e+06,54
2,spsc_unaligned_65536_same-core_unpaced,1,total,2.51223e+06,2.56684e+06,51
2,spsc_unaligned_65536_same-core_unpaced,1,total,2.56684e+06,2.62145e+06,26
2,spsc_unaligned_65536_same-core_unpaced,1,total,2.62145e+06,2.67607e+06,40
2,spsc_unaligned_65536_same-core_unpaced,1,total,2.67607e+06,2.73068e+06,37
2,spsc_unaligned_65536_same-core_unpaced,1,total,2.73068e+06,2.78529e+06,46
2,spsc_unaligned_65536_same-core_unpaced,1,total,2.78529e+06,2.83991e+06,42
2,spsc_unaligned_65536_same-core_unpaced,1,total,2.83991e+06,2.89452e+06,48
2,spsc_unaligned_65536_same-core_unpaced,1,total,2.89452e+06,2.94913e+06,36
2,spsc_unaligned_65536_same-core_unpaced,1,total,2.94913e+06,3.00375e+06,37
2,spsc_unaligned_65536_same-core_unpaced,1,total,3.00375e+06,3.05836e+06,34
2,spsc_unaligned_65536_same-core_unpaced,1,total,3.05836e+06,3.11298e+06,34
2,spsc_unaligned_65536_same-core_unpaced,1,total,3.11298e+06,3.16759e+06,39
2,spsc_unaligned_65536_same-core_unpaced,1,total,3.16759e+06,3.2222e+06,52
2,spsc_unaligned_65536_same-core_unpaced,1,total,3.2222e+06,3.27682e+06,46
2,spsc_unaligned_65536_same-core_unpaced,1,total,3.27682e+06,3.33143e+06,35
2,spsc_unaligned_65536_same-core_unpaced,1,total,3.33143e+06,3.38604e+06,30
2,spsc_unaligned_65536_same-core_unpaced,1,total,3.38604e+06,3.44066e+06,30
2,spsc_unaligned_65536_same-core_unpaced,1,total,3.44066e+06,3.49527e+06,53
2,spsc_unaligned_65536_same-core_unpaced,1,total,3.49527e+06,3.6045e+06,80
2,spsc_unaligned_65536_same-core_unpaced,1,total,3.6045e+06,3.71373e+06,83
2,spsc_unaligned_65536_same-core_unpaced,1,total,3.71373e+06,3.82295e+06,86
2,spsc_unaligned_65536_same-core_unpaced,1,total,3.82295e+06,3.93218e+06,96
2,spsc_unaligned_65536_same-core_unpaced,1,total,3.93218e+06,4.04141e+06,95
2,spsc_unaligned_65536_same-core_unpaced,1,total,4.04141e+06,4.15063e+06,78
2,spsc_unaligned_65536_same-core_unpaced,1,total,4.15063e+06,4.25986e+06,91
2,spsc_unaligned_65536_same-core_unpaced,1,total,4.25986e+06,4.36909e+06,100
2,spsc_unaligned_65536_same-core_unpaced,1,total,4.36909e+06,4.47832e+06,123
2,spsc_unaligned_65536_same-core_unpaced,1,total,4.47832e+06,4.58754e+06,71
2,spsc_unaligned_65536_same-core_unpaced,1,total,4.58754e+06,4.69677e+06,82
2,spsc_unaligned_65536_same-core_unpaced,1,total,4.69677e+06,4.806e+06,108
2,spsc_unaligned_65536_same-core_unpaced,1,total,4.806e+06,4.91522e+06,84
2,spsc_unaligned_65536_same-core_unpaced,1,total,4.91522e+06,5.02445e+06,87
2,spsc_unaligned_65536_same-core_unpaced,1,total,5.02445e+06,5.13368e+06,99
2,spsc_unaligned_65536_same-core_unpaced,1,total,5.13368e+06,5.24291e+06,79
2,spsc_unaligned_65536_same-core_unpaced,1,total,5.24291e+06,5.35213e+06,86
2,spsc_unaligned_65536_same-core_unpaced,1,total,5.35213e+06,5.46136e+06,90
2,spsc_unaligned_65536_same-core_unpaced,1,total,5.46136e+06,5.57059e+06,98
2,spsc_unaligned_65536_same-core_unpaced,1,total,5.57059e+06,5.67981e+06,77
2,spsc_unaligned_65536_same-core_unpaced,1,total,5.67981e+06,5.78904e+06,75
2,spsc_unaligned_65536_same-core_unpaced,1,total,5.78904e+06,5.89827e+06,90
2,spsc_unaligned_65536_same-core_unpaced,1,total,5.89827e+06,6.0075e+06,81
2,spsc_unaligned_65536_same-core_unpaced,1,total,6.0075e+06,6.11672e+06,95
2,spsc_unaligned_65536_same-core_unpaced,1,total,6.11672e+06,6.22595e+06,82
2,spsc_unaligned_65536_same-core_unpaced,1,total,6.22595e+06,6.33518e+06,83
2,spsc_unaligned_65536_same-core_unpaced,1,total,6.33518e+06,6.44441e+06,99
2,spsc_unaligned_65536_same-core_unpaced,1,total,6.44441e+06,6.55363e+06,92
2,spsc_unaligned_65536_same-core_unpaced,1,total,6.55363e+06,6.66286e+06,85
2,spsc_unaligned_65536_same-core_unpaced,1,total,6.66286e+06,6.77209e+06,83
2,spsc_unaligned_65536_same-core_unpaced,1,total,6.77209e+06,6.88131e+06,6232
2,spsc_unaligned_65536_same-core_unpaced,1,total,6.88131e+06,6.99054e+06,71879
2,spsc_unaligned_65536_same-core_unpaced,1,total,6.99054e+06,7.209e+06,109818
2,spsc_unaligned_65536_same-core_unpaced,1,total,7.209e+06,7.42745e+06,37179
2,spsc_unaligned_65536_same-core_unpaced,1,total,7.42745e+06,7.6459e+06,11804
2,spsc_unaligned_65536_same-core_unpaced,1,total,7.6459e+06,7.86436e+06,11305
2,spsc_unaligned_65536_same-core_unpaced,1,total,7.86436e+06,8.08281e+06,6911
2,spsc_unaligned_65536_same-core_unpaced,1,total,8.08281e+06,8.30127e+06,8110
2,spsc_unaligned_65536_same-core_unpaced,1,total,8.30127e+06,8.51972e+06,7160
2,spsc_unaligned_65536_same-core_unpaced,1,total,8.51972e+06,8.73818e+06,7702
2,spsc_unaligned_65536_same-core_unpaced,1,total,8.73818e+06,8.95663e+06,11219
2,spsc_unaligned_65536_same-core_unpaced,1,total,8.95663e+06,9.17509e+06,7183
2,spsc_unaligned_65536_same-core_unpaced,1,total,9.17509e+06,9.39354e+06,5451
2,spsc_unaligned_65536_same-core_unpaced,1,total,9.39354e+06,9.61199e+06,3384
2,spsc_unaligned_65536_same-core_unpaced,1,total,9.61199e+06,9.83045e+06,5846
2,spsc_unaligned_65536_same-core_unpaced,1,total,9.83045e+06,1.00489e+07,5575
2,spsc_unaligned_65536_same-core_unpaced,1,total,1.00489e+07,1.02674e+07,10077
2,spsc_unaligned_65536_same-core_unpaced,1,total,1.02674e+07,1.04858e+07,66310
2,spsc_unaligned_65536_same-core_unpaced,1,total,1.04858e+07,1.07043e+07,233659
2,spsc_unaligned_65536_same-core_unpaced,1,total,1.07043e+07,1.09227e+07,340169
2,spsc_unaligned_65536_same-core_unpaced,1,total,1.09227e+07,1.11412e+07,382215
2,spsc_unaligned_65536_same-core_unpaced,1,total,1.11412e+07,1.13596e+07,338151
2,spsc_unaligned_65536_same-core_unpaced,1,total,1.13596e+07,1.15781e+07,260698
2,spsc_unaligned_65536_same-core_unpaced,1,total,1.15781e+07,1.17965e+07,154834
2,spsc_unaligned_65536_same-core_unpaced,1,total,1.17965e+07,1.2015e+07,96675
2,spsc_unaligned_65536_same-core_unpaced,1,total,1.2015e+07,1.22334e+07,53640
2,spsc_unaligned_65536_same-core_unpaced,1,total,1.22334e+07,1.24519e+07,36715
2,spsc_unaligned_65536_same-core_unpaced,1,total,1.24519e+07,1.26704e+07,30060
2,spsc_unaligned_65536_same-core_unpaced,1,total,1.26704e+07,1.28888e+07,10615
2,spsc_unaligned_65536_same-core_unpaced,1,total,1.28888e+07,1.31073e+07,8205
2,spsc_unaligned_65536_same-core_unpaced,1,total,1.31073e+07,1.33257e+07,6264
2,spsc_unaligned_65536_same-core_unpaced,1,total,1.33257e+07,1.35442e+07,4215
2,spsc_unaligned_65536_same-core_unpaced,1,total,1.35442e+07,1.37626e+07,4837
2,spsc_unaligned_65536_same-core_unpaced,1,total,1.37626e+07,1.39811e+07,3803
2,spsc_unaligned_65536_same-core_unpaced,1,total,1.39811e+07,1.4418e+07,4207
2,spsc_unaligned_65536_same-core_unpaced,1,total,1.4418e+07,1.48549e+07,2550
2,spsc_unaligned_65536_same-core_unpaced,1,total,1.48549e+07,1.52918e+07,1459
2,spsc_unaligned_65536_same-core_unpaced,1,total,1.52918e+07,1.57287e+07,728
2,spsc_unaligned_65536_same-core_unpaced,1,total,1.57287e+07,1.61656e+07,797
2,spsc_unaligned_65536_same-core_unpaced,1,total,1.61656e+07,1.66025e+07,1015
2,spsc_unaligned_65536_same-core_unpaced,1,total,1.66025e+07,1.70394e+07,1281
2,spsc_unaligned_65536_same-core_unpaced,1,total,1.70394e+07,1.74764e+07,726
2,spsc_unaligned_65536_same-core_unpaced,1,total,1.74764e+07,1.79133e+07,487
2,spsc_unaligned_65536_same-core_unpaced,1,total,1.79133e+07,1.83502e+07,471
2,spsc_unaligned_65536_same-core_unpaced,1,total,1.83502e+07,1.87871e+07,457
2,spsc_unaligned_65536_same-core_unpaced,1,total,1.87871e+07,1.9224e+07,420
2,spsc_unaligned_65536_same-core_unpaced,1,total,1.9224e+07,1.96609e+07,858
2,spsc_unaligned_65536_same-core_unpaced,1,total,1.96609e+07,2.00978e+07,2701
2,spsc_unaligned_65536_same-core_unpaced,1,total,2.00978e+07,2.05347e+07,17
2,spsc_unaligned_65536_same-core_unpaced,1,queue,45.8336,46.6669,2
2,spsc_unaligned_65536_same-core_unpaced,1,queue,47.5002,48.3336,1
2,spsc_unaligned_65536_same-core_unpaced,1,queue,48.3336,49.1669,3
2,spsc_unaligned_65536_same-core_unpaced,1,queue,49.1669,50.0002,1
2,spsc_unaligned_65536_same-core_unpaced,1,queue,50.0002,50.8336,2
2,spsc_unaligned_65536_same-core_unpaced,1,queue,50.8336,51.6669,1
2,spsc_unaligned_65536_same-core_unpaced,1,queue,51.6669,52.5003,2
2,spsc_unaligned_65536_same-core_unpaced,1,queue,52.5003,53.3336,1
2,spsc_unaligned_65536_same-core_unpaced,1,queue,53.3336,55.0003,2
2,spsc_unaligned_65536_same-core_unpaced,1,queue,55.0003,56.6669,1
2,spsc_unaligned_65536_same-core_unpaced,1,queue,58.3336,60.0003,3
2,spsc_unaligned_65536_same-core_unpaced,1,queue,60.0003,61.667,2
2,spsc_unaligned_65536_same-core_unpaced,1,queue,61.667,63.3336,2
2,spsc_unaligned_65536_same-core_unpaced,1,queue,63.3336,65.0003,1
2,spsc_unaligned_65536_same-core_unpaced,1,queue,65.0003,66.667,2
2,spsc_unaligned_65536_same-core_unpaced,1,queue,66.667,68.3337,2
2,spsc_unaligned_65536_same-core_unpaced,1,queue,68.3337,70.0003,2
2,spsc_unaligned_65536_same-core_unpaced,1,queue,70.0003,71.667,3
2,spsc_unaligned_65536_same-core_unpaced,1,queue,71.667,73.3337,4
2,spsc_unaligned_65536_same-core_unpaced,1,queue,73.3337,75.0004,3
2,spsc_unaligned_65536_same-core_unpaced,1,queue,75.0004,76.667,6
2,spsc_unaligned_65536_same-core_unpaced,1,queue,76.667,78.3337,7
2,spsc_unaligned_65536_same-core_unpaced,1,queue,78.3337,80.0004,4
2,spsc_unaligned_65536_same-core_unpaced,1,queue,80.0004,81.6671,6
2,spsc_unaligned_65536_same-core_unpaced,1,queue,81.6671,83.3337,6
2,spsc_unaligned_65536_same-core_unpaced,1,queue,83.3337,85.0004,5
2,spsc_unaligned_65536_same-core_unpaced,1,queue,85.0004,86.6671,4
2,spsc_unaligned_65536_same-core_unpaced,1,queue,86.6671,88.3338,5
2,spsc_unaligned_65536_same-core_unpaced,1,queue,88.3338,90.0004,1
2,spsc_unaligned_65536_same-core_unpaced,1,queue,90.0004,91.6671,4
2,spsc_unaligned_65536_same-core_unpaced,1,queue,91.6671,93.3338,4
2,spsc_unaligned_65536_same-core_unpaced,1,queue,93.3338,95.0005,8
2,spsc_unaligned_65536_same-core_unpaced,1,queue,95.0005,96.6671,6
2,spsc_unaligned_65536_same-core_unpaced,1,queue,96.6671,98.3338,3
2,spsc_unaligned_65536_same-core_unpaced,1,queue,98.3338,100,6
2,spsc_unaligned_65536_same-core_unpaced,1,queue,100,101.667,2
2,spsc_unaligned_65536_same-core_unpaced,1,queue,101.667,103.334,5
2,spsc_unaligned_65536_same-core_unpaced,1,queue,103.334,105.001,2
2,spsc_unaligned_65536_same-core_unpaced,1,queue,105.001,106.667,6
2,spsc_unaligned_65536_same-core_unpaced,1,queue,106.667,110.001,8
2,spsc_unaligned_65536_same-core_unpaced,1,queue,110.001,113.334,8
2,spsc_unaligned_65536_same-core_unpaced,1,queue,113.334,116.667,8
2,spsc_unaligned_65536_same-core_unpaced,1,queue,116.667,120.001,13
2,spsc_unaligned_65536_same-core_unpaced,1,queue,120.001,123.334,5
2,spsc_unaligned_65536_same-core_unpaced,1,queue,123.334,126.667,15
2,spsc_unaligned_65536_same-core_unpaced,1,queue,126.667,130.001,12
2,spsc_unaligned_65536_same-core_unpaced,1,queue,130.001,133.334,6
2,spsc_unaligned_65536_same-core_unpaced,1,queue,133.334,136.667,9
2,spsc_unaligned_65536_same-core_unpaced,1,queue,136.667,140.001,8
2,spsc_unaligned_65536_same-core_unpaced,1,queue,140.001,143.334,6
2,spsc_unaligned_65536_same-core_unpaced,1,queue,143.334,146.667,9
2,spsc_unaligned_65536_same-core_unpaced,1,queue,146.667,150.001,11
2,spsc_unaligned_65536_same-core_unpaced,1,queue,150.001,153.334,12
2,spsc_unaligned_65536_same-core_unpaced,1,queue,153.334,156.667,7
2,spsc_unaligned_65536_same-core_unpaced,1,queue,156.667,160.001,4
2,spsc_unaligned_65536_same-core_unpaced,1,queue,160.001,163.334,7
2,spsc_unaligned_65536_same-core_unpaced,1,queue,163.334,166.667,7
2,spsc_unaligned_65536_same-core_unpaced,1,queue,166.667,170.001,3
2,spsc_unaligned_65536_same-core_unpaced,1,queue,170.001,173.334,7
2,spsc_unaligned_65536_same-core_unpaced,1,queue,173.334,176.668,6
2,spsc_unaligned_65536_same-core_unpaced,1,queue,176.668,180.001,4
2,spsc_unaligned_65536_same-core_unpaced,1,queue,180.001,183.334,5
2,spsc_unaligned_65536_same-core_unpaced,1,queue,183.334,186.668,2
2,spsc_unaligned_65536_same-core_unpaced,1,queue,186.668,190.001,6
2,spsc_unaligned_65536_same-core_unpaced,1,queue,190.001,193.334,8
2,spsc_unaligned_65536_same-core_unpaced,1,queue,193.334,196.668,2
2,spsc_unaligned_65536_same-core_unpaced,1,queue,196.668,200.001,8
2,spsc_unaligned_65536_same-core_unpaced,1,queue,200.001,203.334,3
2,spsc_unaligned_65536_same-core_unpaced,1,queue,203.334,206.668,6
2,spsc_unaligned_65536_same-core_unpaced,1,queue,206.668,210.001,9
2,spsc_unaligned_65536_same-core_unpaced,1,queue,210.001,213.334,1
2,spsc_unaligned_65536_same-core_unpaced,1,queue,213.334,220.001,11
2,spsc_unaligned_65536_same-core_unpaced,1,queue,220.001,226.668,9
2,spsc_unaligned_65536_same-core_unpaced,1,queue,226.668,233.334,5
2,spsc_unaligned_65536_same-core_unpaced,1,queue,233.334,240.001,2
2,spsc_unaligned_65536_same-core_unpaced,1,queue,240.001,246.668,8
2,spsc_unaligned_65536_same-core_unpaced,1,queue,246.668,253.335,7
2,spsc_unaligned_65536_same-core_unpaced,1,queue,253.335,260.001,7
2,spsc_unaligned_65536_same-core_unpaced,1,queue,260.001,266.668,3
2,spsc_unaligned_65536_same-core_unpaced,1,queue,266.668,273.335,7
2,spsc_unaligned_65536_same-core_unpaced,1,queue,273.335,280.001,3
2,spsc_unaligned_65536_same-core_unpaced,1,queue,280.001,286.668,3
2,spsc_unaligned_65536_same-core_unpaced,1,queue,286.668,293.335,6
2,spsc_unaligned_65536_same-core_unpaced,1,queue,293.335,300.001,2
2,spsc_unaligned_65536_same-core_unpaced,1,queue,300.001,306.668,1
2,spsc_unaligned_65536_same-core_unpaced,1,queue,306.668,313.335,7
2,spsc_unaligned_65536_same-core_unpaced,1,queue,313.335,320.002,1
2,spsc_unaligned_65536_same-core_unpaced,1,queue,320.002,326.668,4
2,spsc_unaligned_65536_same-core_unpaced,1,queue,326.668,333.335,2
2,spsc_unaligned_65536_same-core_unpaced,1,queue,333.335,340.002,3
2,spsc_unaligned_65536_same-core_unpaced,1,queue,340.002,346.668,2
2,spsc_unaligned_65536_same-core_unpaced,1,queue,346.668,353.335,3
2,spsc_unaligned_65536_same-core_unpaced,1,queue,353.335,360.002,3
2,spsc_unaligned_65536_same-core_unpaced,1,queue,360.002,366.668,4
2,spsc_unaligned_65536_same-core_unpaced,1,queue,366.668,373.335,4
2,spsc_unaligned_65536_same-core_unpaced,1,queue,373.335,380.002,1
2,spsc_unaligned_65536_same-core_unpaced,1,queue,380.002,386.669,1
2,spsc_unaligned_65536_same-core_unpaced,1,queue,393.335,400.002,2
2,spsc_unaligned_65536_same-core_unpaced,1,queue,400.002,406.669,4
2,spsc_unaligned_65536_same-core_unpaced,1,queue,413.335,420.002,2
2,spsc_unaligned_65536_same-core_unpaced,1,queue,420.002,426.669,2
2,spsc_unaligned_65536_same-core_unpaced,1,queue,426.669,440.002,3
2,spsc_unaligned_65536_same-core_unpaced,1,queue,440.002,453.336,4
2,spsc_unaligned_65536_same-core_unpaced,1,queue,453.336,466.669,6
2,spsc_unaligned_65536_same-core_unpaced,1,queue,466.669,480.002,7
2,spsc_unaligned_65536_same-core_unpaced,1,queue,480.002,493.336,4
2,spsc_unaligned_65536_same-core_unpaced,1,queue,493.336,506.669,2
2,spsc_unaligned_65536_same-core_unpaced,1,queue,506.669,520.003,2
2,spsc_unaligned_65536_same-core_unpaced,1,queue,520.003,533.336,2
2,spsc_unaligned_65536_same-core_unpaced,1,queue,533.336,546.669,1
2,spsc_unaligned_65536_same-core_unpaced,1,queue,546.669,560.003,2
2,spsc_unaligned_65536_same-core_unpaced,1,queue,560.003,573.336,1
2,spsc_unaligned_65536_same-core_unpaced,1,queue,573.336,586.67,2
2,spsc_unaligned_65536_same-core_unpaced,1,queue,626.67,640.003,2
2,spsc_unaligned_65536_same-core_unpaced,1,queue,640.003,653.337,1
2,spsc_unaligned_65536_same-core_unpaced,1,queue,653.337,666.67,1
2,spsc_unaligned_65536_same-core_unpaced,1,queue,840.004,853.338,1
2,spsc_unaligned_65536_same-core_unpaced,1,queue,960.005,986.672,1
2,spsc_unaligned_65536_same-core_unpaced,1,queue,1040.01,1066.67,1
2,spsc_unaligned_65536_same-core_unpaced,1,queue,1066.67,1093.34,1
2,spsc_unaligned_65536_same-core_unpaced,1,queue,1120.01,1146.67,1
2,spsc_unaligned_65536_same-core_unpaced,1,queue,1226.67,1253.34,1
2,spsc_unaligned_65536_same-core_unpaced,1,queue,1253.34,1280.01,1
2,spsc_unaligned_65536_same-core_unpaced,1,queue,1280.01,1306.67,1
2,spsc_unaligned_65536_same-core_unpaced,1,queue,1466.67,1493.34,1
2,spsc_unaligned_65536_same-core_unpaced,1,queue,1546.67,1573.34,1
2,spsc_unaligned_65536_same-core_unpaced,1,queue,1573.34,1600.01,1
2,spsc_unaligned_65536_same-core_unpaced,1,queue,1600.01,1626.67,1
2,spsc_unaligned_65536_same-core_unpaced,1,queue,1626.67,1653.34,1
2,spsc_unaligned_65536_same-core_unpaced,1,queue,18773.4,19200.1,1
2,spsc_unaligned_65536_same-core_unpaced,1,queue,19200.1,19626.8,1
2,spsc_unaligned_65536_same-core_unpaced,1,queue,22613.4,23040.1,1
2,spsc_unaligned_65536_same-core_unpaced,1,queue,23466.8,23893.5,1
2,spsc_unaligned_65536_same-core_unpaced,1,queue,28160.1,29013.5,1
2,spsc_unaligned_65536_same-core_unpaced,1,queue,29013.5,29866.8,1
2,spsc_unaligned_65536_same-core_unpaced,1,queue,30720.2,31573.5,1
2,spsc_unaligned_65536_same-core_unpaced,1,queue,35840.2,36693.5,1
2,spsc_unaligned_65536_same-core_unpaced,1,queue,48640.2,49493.6,1
2,spsc_unaligned_65536_same-core_unpaced,1,queue,49493.6,50346.9,1
2,spsc_unaligned_65536_same-core_unpaced,1,queue,54613.6,56320.3,1
2,spsc_unaligned_65536_same-core_unpaced,1,queue,59733.6,61440.3,1
2,spsc_unaligned_65536_same-core_unpaced,1,queue,61440.3,63147,2
2,spsc_unaligned_65536_same-core_unpaced,1,queue,63147,64853.7,1
2,spsc_unaligned_65536_same-core_unpaced,1,queue,68267,69973.7,1
2,spsc_unaligned_65536_same-core_unpaced,1,queue,69973.7,71680.4,1
2,spsc_unaligned_65536_same-core_unpaced,1,queue,71680.4,73387,1
2,spsc_unaligned_65536_same-core_unpaced,1,queue,73387,75093.7,2
2,spsc_unaligned_65536_same-core_unpaced,1,queue,75093.7,76800.4,1
2,spsc_unaligned_65536_same-core_unpaced,1,queue,76800.4,78507.1,1
2,spsc_unaligned_65536_same-core_unpaced,1,queue,85333.8,87040.4,1
2,spsc_unaligned_65536_same-core_unpaced,1,queue,87040.4,88747.1,1
2,spsc_unaligned_65536_same-core_unpaced,1,queue,93867.1,95573.8,1
2,spsc_unaligned_65536_same-core_unpaced,1,queue,95573.8,97280.5,1
2,spsc_unaligned_65536_same-core_unpaced,1,queue,98987.2,100694,2
2,spsc_unaligned_65536_same-core_unpaced,1,queue,100694,102401,1
2,spsc_unaligned_65536_same-core_unpaced,1,queue,102401,104107,1
2,spsc_unaligned_65536_same-core_unpaced,1,queue,104107,105814,2
2,spsc_unaligned_65536_same-core_unpaced,1,queue,107521,109227,1
2,spsc_unaligned_65536_same-core_unpaced,1,queue,109227,112641,1
2,spsc_unaligned_65536_same-core_unpaced,1,queue,112641,116054,1
2,spsc_unaligned_65536_same-core_unpaced,1,queue,116054,119467,1
2,spsc_unaligned_65536_same-core_unpaced,1,queue,119467,122881,2
2,spsc_unaligned_65536_same-core_unpaced,1,queue,122881,126294,2
2,spsc_unaligned_65536_same-core_unpaced,1,queue,126294,129707,3
2,spsc_unaligned_65536_same-core_unpaced,1,queue,129707,133121,2
2,spsc_unaligned_65536_same-core_unpaced,1,queue,133121,136534,2
2,spsc_unaligned_65536_same-core_unpaced,1,queue,139947,143361,2
2,spsc_unaligned_65536_same-core_unpaced,1,queue,143361,146774,2
2,spsc_unaligned_65536_same-core_unpaced,1,queue,146774,150187,1
2,spsc_unaligned_65536_same-core_unpaced,1,queue,150187,153601,1
2,spsc_unaligned_65536_same-core_unpaced,1,queue,153601,157014,2
2,spsc_unaligned_65536_same-core_unpaced,1,queue,157014,160427,2
2,spsc_unaligned_65536_same-core_unpaced,1,queue,160427,163841,2
2,spsc_unaligned_65536_same-core_unpaced,1,queue,167254,170668,1
2,spsc_unaligned_65536_same-core_unpaced,1,queue,170668,174081,1
2,spsc_unaligned_65536_same-core_unpaced,1,queue,174081,177494,2
2,spsc_unaligned_65536_same-core_unpaced,1,queue,177494,180908,4
2,spsc_unaligned_65536_same-core_unpaced,1,queue,180908,184321,2
2,spsc_unaligned_65536_same-core_unpaced,1,queue,184321,187734,2
2,spsc_unaligned_65536_same-core_unpaced,1,queue,187734,191148,2
2,spsc_unaligned_65536_same-core_unpaced,1,queue,191148,194561,3
2,spsc_unaligned_65536_same-core_unpaced,1,queue,211628,215041,1
2,spsc_unaligned_65536_same-core_unpaced,1,queue,215041,218454,2
2,spsc_unaligned_65536_same-core_unpaced,1,queue,218454,225281,3
2,spsc_unaligned_65536_same-core_unpaced,1,queue,225281,232108,2
2,spsc_unaligned_65536_same-core_unpaced,1,queue,232108,238935,2
2,spsc_unaligned_65536_same-core_unpaced,1,queue,238935,245761,2
2,spsc_unaligned_65536_same-core_unpaced,1,queue,245761,252588,4
2,spsc_unaligned_65536_same-core_unpaced,1,queue,259415,266241,3
2,spsc_unaligned_65536_same-core_unpaced,1,queue,266241,273068,2
2,spsc_unaligned_65536_same-core_unpaced,1,queue,273068,279895,8
2,spsc_unaligned_65536_same-core_unpaced,1,queue,279895,286721,3
2,spsc_unaligned_65536_same-core_unpaced,1,queue,286721,293548,7
2,spsc_unaligned_65536_same-core_unpaced,1,queue,293548,300375,1
2,spsc_unaligned_65536_same-core_unpaced,1,queue,300375,307202,4
2,spsc_unaligned_65536_same-core_unpaced,1,queue,307202,314028,3
2,spsc_unaligned_65536_same-core_unpaced,1,queue,314028,320855,2
2,spsc_unaligned_65536_same-core_unpaced,1,queue,320855,327682,3
2,spsc_unaligned_65536_same-core_unpaced,1,queue,327682,334508,3
2,spsc_unaligned_65536_same-core_unpaced,1,queue,334508,341335,2
2,spsc_unaligned_65536_same-core_unpaced,1,queue,341335,348162,6
2,spsc_unaligned_65536_same-core_unpaced,1,queue,348162,354988,5
2,spsc_unaligned_65536_same-core_unpaced,1,queue,354988,361815,4
2,spsc_unaligned_65536_same-core_unpaced,1,queue,361815,368642,3
2,spsc_unaligned_65536_same-core_unpaced,1,queue,368642,375469,2
2,spsc_unaligned_65536_same-core_unpaced,1,queue,375469,382295,4
2,spsc_unaligned_65536_same-core_unpaced,1,queue,382295,389122,2
2,spsc_unaligned_65536_same-core_unpaced,1,queue,389122,395949,5
2,spsc_unaligned_65536_same-core_unpaced,1,queue,395949,402775,5
2,spsc_unaligned_65536_same-core_unpaced,1,queue,402775,409602,2
2,spsc_unaligned_65536_same-core_unpaced,1,queue,409602,416429,6
2,spsc_unaligned_65536_same-core_unpaced,1,queue,416429,423255,7
2,spsc_unaligned_65536_same-core_unpaced,1,queue,423255,430082,11
2,spsc_unaligned_65536_same-core_unpaced,1,queue,430082,436909,8
2,spsc_unaligned_65536_same-core_unpaced,1,queue,436909,450562,5
2,spsc_unaligned_65536_same-core_unpaced,1,queue,450562,464216,11
2,spsc_unaligned_65536_same-core_unpaced,1,queue,464216,477869,5
2,spsc_unaligned_65536_same-core_unpaced,1,queue,477869,491522,6
2,spsc_unaligned_65536_same-core_unpaced,1,queue,491522,505176,9
2,spsc_unaligned_65536_same-core_unpaced,1,queue,505176,518829,9
2,spsc_unaligned_65536_same-core_unpaced,1,queue,518829,532483,9
2,spsc_unaligned_65536_same-core_unpaced,1,queue,532483,546136,11
2,spsc_unaligned_65536_same-core_unpaced,1,queue,546136,559789,8
2,spsc_unaligned_65536_same-core_unpaced,1,queue,559789,573443,8
2,spsc_unaligned_65536_same-core_unpaced,1,queue,573443,587096,4
2,spsc_unaligned_65536_same-core_unpaced,1,queue,587096,600750,9
2,spsc_unaligned_65536_same-core_unpaced,1,queue,600750,614403,6
2,spsc_unaligned_65536_same-core_unpaced,1,queue,614403,628056,10
2,spsc_unaligned_65536_same-core_unpaced,1,queue,628056,641710,11
2,spsc_unaligned_65536_same-core_unpaced,1,queue,641710,655363,5
2,spsc_unaligned_65536_same-core_unpaced,1,queue,655363,669017,8
2,spsc_unaligned_65536_same-core_unpaced,1,queue,669017,682670,10
2,spsc_unaligned_65536_same-core_unpaced,1,queue,682670,696323,7
2,spsc_unaligned_65536_same-core_unpaced,1,queue,696323,709977,9
2,spsc_unaligned_65536_same-core_unpaced,1,queue,709977,723630,6
2,spsc_unaligned_65536_same-core_unpaced,1,queue,723630,737284,7
2,spsc_unaligned_65536_same-core_unpaced,1,queue,737284,750937,8
2,spsc_unaligned_65536_same-core_unpaced,1,queue,750937,764590,10
2,spsc_unaligned_65536_same-core_unpaced,1,queue,764590,778244,6
2,spsc_unaligned_65536_same-core_unpaced,1,queue,778244,791897,4
2,spsc_unaligned_65536_same-core_unpaced,1,queue,791897,805551,7
2,spsc_unaligned_65536_same-core_unpaced,1,queue,805551,819204,6
2,spsc_unaligned_65536_same-core_unpaced,1,queue,819204,832857,13
2,spsc_unaligned_65536_same-core_unpaced,1,queue,832857,846511,9
2,spsc_unaligned_65536_same-core_unpaced,1,queue,846511,860164,7
2,spsc_unaligned_65536_same-core_unpaced,1,queue,860164,873818,8
2,spsc_unaligned_65536_same-core_unpaced,1,queue,873818,901124,26
2,spsc_unaligned_65536_same-core_unpaced,1,queue,901124,928431,23
2,spsc_unaligned_65536_same-core_unpaced,1,queue,928431,955738,13
2,spsc_unaligned_65536_same-core_unpaced,1,queue,955738,983045,26
2,spsc_unaligned_65536_same-core_unpaced,1,queue,983045,1.01035e+06,25
2,spsc_unaligned_65536_same-core_unpaced,1,queue,1.01035e+06,1.03766e+06,8
2,spsc_unaligned_65536_same-core_unpaced,1,queue,1.03766e+06,1.06497e+06,21
2,spsc_unaligned_65536_same-core_unpaced,1,queue,1.06497e+06,1.09227e+06,17
2,spsc_unaligned_65536_same-core_unpaced,1,queue,1.09227e+06,1.11958e+06,28
2,spsc_unaligned_65536_same-core_unpaced,1,queue,1.11958e+06,1.14689e+06,19
2,spsc_unaligned_65536_same-core_unpaced,1,queue,1.14689e+06,1.17419e+06,14
2,spsc_unaligned_65536_same-core_unpaced,1,queue,1.17419e+06,1.2015e+06,24
2,spsc_unaligned_65536_same-core_unpaced,1,queue,1.2015e+06,1.22881e+06,23
2,spsc_unaligned_65536_same-core_unpaced,1,queue,1.22881e+06,1.25611e+06,26
2,spsc_unaligned_65536_same-core_unpaced,1,queue,1.25611e+06,1.28342e+06,20
2,spsc_unaligned_65536_same-core_unpaced,1,queue,1.28342e+06,1.31073e+06,18
2,spsc_unaligned_65536_same-core_unpaced,1,queue,1.31073e+06,1.33803e+06,28
2,spsc_unaligned_65536_same-core_unpaced,1,queue,1.33803e+06,1.36534e+06,22
2,spsc_unaligned_65536_same-core_unpaced,1,queue,1.36534e+06,1.39265e+06,17
2,spsc_unaligned_65536_same-core_unpaced,1,queue,1.39265e+06,1.41995e+06,26
2,spsc_unaligned_65536_same-core_unpaced,1,queue,1.41995e+06,1.44726e+06,10
2,spsc_unaligned_65536_same-core_unpaced,1,queue,1.44726e+06,1.47457e+06,18
2,spsc_unaligned_65536_same-core_unpaced,1,queue,1.47457e+06,1.50187e+06,20
2,spsc_unaligned_65536_same-core_unpaced,1,queue,1.50187e+06,1.52918e+06,23
2,spsc_unaligned_65536_same-core_unpaced,1,queue,1.52918e+06,1.55649e+06,19
2,spsc_unaligned_65536_same-core_unpaced,1,queue,1.55649e+06,1.58379e+06,18
2,spsc_unaligned_65536_same-core_unpaced,1,queue,1.58379e+06,1.6111e+06,15
2,spsc_unaligned_65536_same-core_unpaced,1,queue,1.6111e+06,1.63841e+06,23
2,spsc_unaligned_65536_same-core_unpaced,1,queue,1.63841e+06,1.66571e+06,22
2,spsc_unaligned_65536_same-core_unpaced,1,queue,1.66571e+06,1.69302e+06,14
2,spsc_unaligned_65536_same-core_unpaced,1,queue,1.69302e+06,1.72033e+06,25
2,spsc_unaligned_65536_same-core_unpaced,1,queue,1.72033e+06,1.74764e+06,28
2,spsc_unaligned_65536_same-core_unpaced,1,queue,1.74764e+06,1.80225e+06,42
2,spsc_unaligned_65536_same-core_unpaced,1,queue,1.80225e+06,1.85686e+06,33
2,spsc_unaligned_65536_same-core_unpaced,1,queue,1.85686e+06,1.91148e+06,52
2,spsc_unaligned_65536_same-core_unpaced,1,queue,1.91148e+06,1.96609e+06,58
2,spsc_unaligned_65536_same-core_unpaced,1,queue,1.96609e+06,2.0207e+06,43
2,spsc_unaligned_65536_same-core_unpaced,1,queue,2.0207e+06,2.07532e+06,51
2,spsc_unaligned_65536_same-core_unpaced,1,queue,2.07532e+06,2.12993e+06,51
2,spsc_unaligned_65536_same-core_unpaced,1,queue,2.12993e+06,2.18454e+06,42
2,spsc_unaligned_65536_same-core_unpaced,1,queue,2.18454e+06,2.23916e+06,32
2,spsc_unaligned_65536_same-core_unpaced,1,queue,2.23916e+06,2.29377e+06,48
2,spsc_unaligned_65536_same-core_unpaced,1,queue,2.29377e+06,2.34839e+06,47
2,spsc_unaligned_65536_same-core_unpaced,1,queue,2.34839e+06,2.403e+06,48
2,spsc_unaligned_65536_same-core_unpaced,1,queue,2.403e+06,2.45761e+06,49
2,spsc_unaligned_65536_same-core_unpaced,1,queue,2.45761e+06,2.51223e+06,55
2,spsc_unaligned_65536_same-core_unpaced,1,queue,2.51223e+06,2.56684e+06,50
2,spsc_unaligned_65536_same-core_unpaced,1,queue,2.56684e+06,2.62145e+06,26
2,spsc_unaligned_65536_same-core_unpaced,1,queue,2.62145e+06,2.67607e+06,40
2,spsc_unaligned_65536_same-core_unpaced,1,queue,2.67607e+06,2.73068e+06,37
2,spsc_unaligned_65536_same-core_unpaced,1,queue,2.73068e+06,2.78529e+06,46
2,spsc_unaligned_65536_same-core_unpaced,1,queue,2.78529e+06,2.83991e+06,42
2,spsc_unaligned_65536_same-core_unpaced,1,queue,2.83991e+06,2.89452e+06,48
2,spsc_unaligned_65536_same-core_unpaced,1,queue,2.89452e+06,2.94913e+06,36
2,spsc_unaligned_65536_same-core_unpaced,1,queue,2.94913e+06,3.00375e+06,37
2,spsc_unaligned_65536_same-core_unpaced,1,queue,3.00375e+06,3.05836e+06,34
2,spsc_unaligned_65536_same-core_unpaced,1,queue,3.05836e+06,3.11298e+06,34
2,spsc_unaligned_65536_same-core_unpaced,1,queue,3.11298e+06,3.16759e+06,40
2,spsc_unaligned_65536_same-core_unpaced,1,queue,3.16759e+06,3.2222e+06,52
2,spsc_unaligned_65536_same-core_unpaced,1,queue,3.2222e+06,3.27682e+06,45
2,spsc_unaligned_65536_same-core_unpaced,1,queue,3.27682e+06,3.33143e+06,35
2,spsc_unaligned_65536_same-core_unpaced,1,queue,3.33143e+06,3.38604e+06,30
2,spsc_unaligned_65536_same-core_unpaced,1,queue,3.38604e+06,3.44066e+06,30
2,spsc_unaligned_65536_same-core_unpaced,1,queue,3.44066e+06,3.49527e+06,53
2,spsc_unaligned_65536_same-core_unpaced,1,queue,3.49527e+06,3.6045e+06,80
2,spsc_unaligned_65536_same-core_unpaced,1,queue,3.6045e+06,3.71373e+06,83
2,spsc_unaligned_65536_same-core_unpaced,1,queue,3.71373e+06,3.82295e+06,87
2,spsc_unaligned_65536_same-core_unpaced,1,queue,3.82295e+06,3.93218e+06,95
2,spsc_unaligned_65536_same-core_unpaced,1,queue,3.93218e+06,4.04141e+06,95
2,spsc_unaligned_65536_same-core_unpaced,1,queue,4.04141e+06,4.15063e+06,78
2,spsc_unaligned_65536_same-core_unpaced,1,queue,4.15063e+06,4.25986e+06,91
2,spsc_unaligned_65536_same-core_unpaced,1,queue,4.25986e+06,4.36909e+06,100
2,spsc_unaligned_65536_same-core_unpaced,1,queue,4.36909e+06,4.47832e+06,123
2,spsc_unaligned_65536_same-core_unpaced,1,queue,4.47832e+06,4.58754e+06,71
2,spsc_unaligned_65536_same-core_unpaced,1,queue,4.58754e+06,4.69677e+06,82
2,spsc_unaligned_65536_same-core_unpaced,1,queue,4.69677e+06,4.806e+06,108
2,spsc_unaligned_65536_same-core_unpaced,1,queue,4.806e+06,4.91522e+06,84
2,spsc_unaligned_65536_same-core_unpaced,1,queue,4.91522e+06,5.02445e+06,87
2,spsc_unaligned_65536_same-core_unpaced,1,queue,5.02445e+06,5.13368e+06,99
2,spsc_unaligned_65536_same-core_unpaced,1,queue,5.13368e+06,5.24291e+06,80
2,spsc_unaligned_65536_same-core_unpaced,1,queue,5.24291e+06,5.35213e+06,85
2,spsc_unaligned_65536_same-core_unpaced,1,queue,5.35213e+06,5.46136e+06,90
2,spsc_unaligned_65536_same-core_unpaced,1,queue,5.46136e+06,5.57059e+06,98
2,spsc_unaligned_65536_same-core_unpaced,1,queue,5.57059e+06,5.67981e+06,78
2,spsc_unaligned_65536_same-core_unpaced,1,queue,5.67981e+06,5.78904e+06,75
2,spsc_unaligned_65536_same-core_unpaced,1,queue,5.78904e+06,5.89827e+06,89
2,spsc_unaligned_65536_same-core_unpaced,1,queue,5.89827e+06,6.0075e+06,81
2,spsc_unaligned_65536_same-core_unpaced,1,queue,6.0075e+06,6.11672e+06,95
2,spsc_unaligned_65536_same-core_unpaced,1,queue,6.11672e+06,6.22595e+06,82
2,spsc_unaligned_65536_same-core_unpaced,1,queue,6.22595e+06,6.33518e+06,83
2,spsc_unaligned_65536_same-core_unpaced,1,queue,6.33518e+06,6.44441e+06,99
2,spsc_unaligned_65536_same-core_unpaced,1,queue,6.44441e+06,6.55363e+06,92
2,spsc_unaligned_65536_same-core_unpaced,1,queue,6.55363e+06,6.66286e+06,85
2,spsc_unaligned_65536_same-core_unpaced,1,queue,6.66286e+06,6.77209e+06,83
2,spsc_unaligned_65536_same-core_unpaced,1,queue,6.77209e+06,6.88131e+06,6265
2,spsc_unaligned_65536_same-core_unpaced,1,queue,6.88131e+06,6.99054e+06,71905
2,spsc_unaligned_65536_same-core_unpaced,1,queue,6.99054e+06,7.209e+06,109787
2,spsc_unaligned_65536_same-core_unpaced,1,queue,7.209e+06,7.42745e+06,37159
2,spsc_unaligned_65536_same-core_unpaced,1,queue,7.42745e+06,7.6459e+06,11804
2,spsc_unaligned_65536_same-core_unpaced,1,queue,7.6459e+06,7.86436e+06,11301
2,spsc_unaligned_65536_same-core_unpaced,1,queue,7.86436e+06,8.08281e+06,6921
2,spsc_unaligned_65536_same-core_unpaced,1,queue,8.08281e+06,8.30127e+06,8100
2,spsc_unaligned_65536_same-core_unpaced,1,queue,8.30127e+06,8.51972e+06,7165
2,spsc_unaligned_65536_same-core_unpaced,1,queue,8.51972e+06,8.73818e+06,7696
2,spsc_unaligned_65536_same-core_unpaced,1,queue,8.73818e+06,8.95663e+06,11219
2,spsc_unaligned_65536_same-core_unpaced,1,queue,8.95663e+06,9.17509e+06,7184
2,spsc_unaligned_65536_same-core_unpaced,1,queue,9.17509e+06,9.39354e+06,5450
2,spsc_unaligned_65536_same-core_unpaced,1,queue,9.39354e+06,9.61199e+06,3389
2,spsc_unaligned_65536_same-core_unpaced,1,queue,9.61199e+06,9.83045e+06,5839
2,spsc_unaligned_65536_same-core_unpaced,1,queue,9.83045e+06,1.00489e+07,5578
2,spsc_unaligned_65536_same-core_unpaced,1,queue,1.00489e+07,1.02674e+07,10117
2,spsc_unaligned_65536_same-core_unpaced,1,queue,1.02674e+07,1.04858e+07,66362
2,spsc_unaligned_65536_same-core_unpaced,1,queue,1.04858e+07,1.07043e+07,233870
2,spsc_unaligned_65536_same-core_unpaced,1,queue,1.07043e+07,1.09227e+07,340200
2,spsc_unaligned_65536_same-core_unpaced,1,queue,1.09227e+07,1.11412e+07,382204
2,spsc_unaligned_65536_same-core_unpaced,1,queue,1.11412e+07,1.13596e+07,338077
2,spsc_unaligned_65536_same-core_unpaced,1,queue,1.13596e+07,1.15781e+07,260634
2,spsc_unaligned_65536_same-core_unpaced,1,queue,1.15781e+07,1.17965e+07,154755
2,spsc_unaligned_65536_same-core_unpaced,1,queue,1.17965e+07,1.2015e+07,96622
2,spsc_unaligned_65536_same-core_unpaced,1,queue,1.2015e+07,1.22334e+07,53631
2,spsc_unaligned_65536_same-core_unpaced,1,queue,1.22334e+07,1.24519e+07,36689
2,spsc_unaligned_65536_same-core_unpaced,1,queue,1.24519e+07,1.26704e+07,30058
2,spsc_unaligned_65536_same-core_unpaced,1,queue,1.26704e+07,1.28888e+07,10602
2,spsc_unaligned_65536_same-core_unpaced,1,queue,1.28888e+07,1.31073e+07,8204
2,spsc_unaligned_65536_same-core_unpaced,1,queue,1.31073e+07,1.33257e+07,6263
2,spsc_unaligned_65536_same-core_unpaced,1,queue,1.33257e+07,1.35442e+07,4213
2,spsc_unaligned_65536_same-core_unpaced,1,queue,1.35442e+07,1.37626e+07,4840
2,spsc_unaligned_65536_same-core_unpaced,1,queue,1.37626e+07,1.39811e+07,3798
2,spsc_unaligned_65536_same-core_unpaced,1,queue,1.39811e+07,1.4418e+07,4207
2,spsc_unaligned_65536_same-core_unpaced,1,queue,1.4418e+07,1.48549e+07,2552
2,spsc_unaligned_65536_same-core_unpaced,1,queue,1.48549e+07,1.52918e+07,1458
2,spsc_unaligned_65536_same-core_unpaced,1,queue,1.52918e+07,1.57287e+07,726
2,spsc_unaligned_65536_same-core_unpaced,1,queue,1.57287e+07,1.61656e+07,798
2,spsc_unaligned_65536_same-core_unpaced,1,queue,1.61656e+07,1.66025e+07,1014
2,spsc_unaligned_65536_same-core_unpaced,1,queue,1.66025e+07,1.70394e+07,1283
2,spsc_unaligned_65536_same-core_unpaced,1,queue,1.70394e+07,1.74764e+07,724
2,spsc_unaligned_65536_same-core_unpaced,1,queue,1.74764e+07,1.79133e+07,487
2,spsc_unaligned_65536_same-core_unpaced,1,queue,1.79133e+07,1.83502e+07,471
2,spsc_unaligned_65536_same-core_unpaced,1,queue,1.83502e+07,1.87871e+07,457
2,spsc_unaligned_65536_same-core_unpaced,1,queue,1.87871e+07,1.9224e+07,420
2,spsc_unaligned_65536_same-core_unpaced,1,queue,1.9224e+07,1.96609e+07,858
2,spsc_unaligned_65536_same-core_unpaced,1,queue,1.96609e+07,2.00978e+07,2703
2,spsc_unaligned_65536_same-core_unpaced,1,queue,2.00978e+07,2.05347e+07,15
2,spsc_unaligned_65536_same-core_unpaced,1,book,15.0001,15.4167,2
2,spsc_unaligned_65536_same-core_unpaced,1,book,15.8334,16.2501,9
2,spsc_unaligned_65536_same-core_unpaced,1,book,16.6667,17.0834,1
2,spsc_unaligned_65536_same-core_unpaced,1,book,17.5001,17.9168,1
2,spsc_unaligned_65536_same-core_unpaced,1,book,18.3334,18.7501,3
2,spsc_unaligned_65536_same-core_unpaced,1,book,19.1668,19.5834,7
2,spsc_unaligned_65536_same-core_unpaced,1,book,20.0001,20.4168,40
2,spsc_unaligned_65536_same-core_unpaced,1,book,20.8334,21.2501,188
2,spsc_unaligned_65536_same-core_unpaced,1,book,21.6668,22.0834,350
2,spsc_unaligned_65536_same-core_unpaced,1,book,22.5001,22.9168,259
2,spsc_unaligned_65536_same-core_unpaced,1,book,23.3334,23.7501,179
2,spsc_unaligned_65536_same-core_unpaced,1,book,24.1668,24.5835,228
2,spsc_unaligned_65536_same-core_unpaced,1,book,25.0001,25.4168,378
2,spsc_unaligned_65536_same-core_unpaced,1,book,25.8335,26.2501,535
2,spsc_unaligned_65536_same-core_unpaced,1,book,26.6668,27.5001,965
2,spsc_unaligned_65536_same-core_unpaced,1,book,27.5001,28.3335,1401
2,spsc_unaligned_65536_same-core_unpaced,1,book,28.3335,29.1668,2027
2,spsc_unaligned_65536_same-core_unpaced,1,book,29.1668,30.0001,3196
2,spsc_unaligned_65536_same-core_unpaced,1,book,30.0001,30.8335,4744
2,spsc_unaligned_65536_same-core_unpaced,1,book,30.8335,31.6668,7559
2,spsc_unaligned_65536_same-core_unpaced,1,book,31.6668,32.5002,8874
2,spsc_unaligned_65536_same-core_unpaced,1,book,32.5002,33.3335,8614
2,spsc_unaligned_65536_same-core_unpaced,1,book,33.3335,34.1668,8400
2,spsc_unaligned_65536_same-core_unpaced,1,book,34.1668,35.0002,6268
2,spsc_unaligned_65536_same-core_unpaced,1,book,35.0002,35.8335,5485
2,spsc_unaligned_65536_same-core_unpaced,1,book,35.8335,36.6668,4345
2,spsc_unaligned_65536_same-core_unpaced,1,book,36.6668,37.5002,3364
2,spsc_unaligned_65536_same-core_unpaced,1,book,37.5002,38.3335,3494
2,spsc_unaligned_65536_same-core_unpaced,1,book,38.3335,39.1669,3767
2,spsc_unaligned_65536_same-core_unpaced,1,book,39.1669,40.0002,4576
2,spsc_unaligned_65536_same-core_unpaced,1,book,40.0002,40.8335,7290
2,spsc_unaligned_65536_same-core_unpaced,1,book,40.8335,41.6669,7895
2,spsc_unaligned_65536_same-core_unpaced,1,book,41.6669,42.5002,10091
2,spsc_unaligned_65536_same-core_unpaced,1,book,42.5002,43.3335,12543
2,spsc_unaligned_65536_same-core_unpaced,1,book,43.3335,44.1669,11372
2,spsc_unaligned_65536_same-core_unpaced,1,book,44.1669,45.0002,11952
2,spsc_unaligned_65536_same-core_unpaced,1,book,45.0002,45.8336,10817
2,spsc_unaligned_65536_same-core_unpaced,1,book,45.8336,46.6669,9137
2,spsc_unaligned_65536_same-core_unpaced,1,book,46.6669,47.5002,8863
2,spsc_unaligned_65536_same-core_unpaced,1,book,47.5002,48.3336,7162
2,spsc_unaligned_65536_same-core_unpaced,1,book,48.3336,49.1669,6491
2,spsc_unaligned_65536_same-core_unpaced,1,book,49.1669,50.0002,6228
2,spsc_unaligned_65536_same-core_unpaced,1,book,50.0002,50.8336,5755
2,spsc_unaligned_65536_same-core_unpaced,1,book,50.8336,51.6669,6258
2,spsc_unaligned_65536_same-core_unpaced,1,book,51.6669,52.5003,6347
2,spsc_unaligned_65536_same-core_unpaced,1,book,52.5003,53.3336,6592
2,spsc_unaligned_65536_same-core_unpaced,1,book,53.3336,55.0003,15576
2,spsc_unaligned_65536_same-core_unpaced,1,book,55.0003,56.6669,18205
2,spsc_unaligned_65536_same-core_unpaced,1,book,56.6669,58.3336,19034
2,spsc_unaligned_65536_same-core_unpaced,1,book,58.3336,60.0003,19174
2,spsc_unaligned_65536_same-core_unpaced,1,book,60.0003,61.667,20676
2,spsc_unaligned_65536_same-core_unpaced,1,book,61.667,63.3336,21445
2,spsc_unaligned_65536_same-core_unpaced,1,book,63.3336,65.0003,21174
2,spsc_unaligned_65536_same-core_unpaced,1,book,65.0003,66.667,21089
2,spsc_unaligned_65536_same-core_unpaced,1,book,66.667,68.3337,21587
2,spsc_unaligned_65536_same-core_unpaced,1,book,68.3337,70.0003,20876
2,spsc_unaligned_65536_same-core_unpaced,1,book,70.0003,71.667,20330
2,spsc_unaligned_65536_same-core_unpaced,1,book,71.667,73.3337,19543
2,spsc_unaligned_65536_same-core_unpaced,1,book,73.3337,75.0004,19884
2,spsc_unaligned_65536_same-core_unpaced,1,book,75.0004,76.667,18770
2,spsc_unaligned_65536_same-core_unpaced,1,book,76.667,78.3337,17300
2,spsc_unaligned_65536_same-core_unpaced,1,book,78.3337,80.0004,15347
2,spsc_unaligned_65536_same-core_unpaced,1,book,80.0004,81.6671,14896
2,spsc_unaligned_65536_same-core_unpaced,1,book,81.6671,83.3337,13767
2,spsc_unaligned_65536_same-core_unpaced,1,book,83.3337,85.0004,12308
2,spsc_unaligned_65536_same-core_unpaced,1,book,85.0004,86.6671,11787
2,spsc_unaligned_65536_same-core_unpaced,1,book,86.6671,88.3338,11334
2,spsc_unaligned_65536_same-core_unpaced,1,book,88.3338,90.0004,10354
2,spsc_unaligned_65536_same-core_unpaced,1,book,90.0004,91.6671,9389
2,spsc_unaligned_65536_same-core_unpaced,1,book,91.6671,93.3338,8663
2,spsc_unaligned_65536_same-core_unpaced,1,book,93.3338,95.0005,8135
2,spsc_unaligned_65536_same-core_unpaced,1,book,95.0005,96.6671,7909
2,spsc_unaligned_65536_same-core_unpaced,1,book,96.6671,98.3338,7202
2,spsc_unaligned_65536_same-core_unpaced,1,book,98.3338,100,6682
2,spsc_unaligned_65536_same-core_unpaced,1,book,100,101.667,6842
2,spsc_unaligned_65536_same-core_unpaced,1,book,101.667,103.334,6355
2,spsc_unaligned_65536_same-core_unpaced,1,book,103.334,105.001,5815
2,spsc_unaligned_65536_same-core_unpaced,1,book,105.001,106.667,5496
2,spsc_unaligned_65536_same-core_unpaced,1,book,106.667,110.001,10722
2,spsc_unaligned_65536_same-core_unpaced,1,book,110.001,113.334,9485
2,spsc_unaligned_65536_same-core_unpaced,1,book,113.334,116.667,8805
2,spsc_unaligned_65536_same-core_unpaced,1,book,116.667,120.001,7725
2,spsc_unaligned_65536_same-core_unpaced,1,book,120.001,123.334,7331
2,spsc_unaligned_65536_same-core_unpaced,1,book,123.334,126.667,6378
2,spsc_unaligned_65536_same-core_unpaced,1,book,126.667,130.001,6461
2,spsc_unaligned_65536_same-core_unpaced,1,book,130.001,133.334,8278
2,spsc_unaligned_65536_same-core_unpaced,1,book,133.334,136.667,14522
2,spsc_unaligned_65536_same-core_unpaced,1,book,136.667,140.001,21794
2,spsc_unaligned_65536_same-core_unpaced,1,book,140.001,143.334,27200
2,spsc_unaligned_65536_same-core_unpaced,1,book,143.334,146.667,31290
2,spsc_unaligned_65536_same-core_unpaced,1,book,146.667,150.001,45535
2,spsc_unaligned_65536_same-core_unpaced,1,book,150.001,153.334,55025
2,spsc_unaligned_65536_same-core_unpaced,1,book,153.334,156.667,60065
2,spsc_unaligned_65536_same-core_unpaced,1,book,156.667,160.001,60970
2,spsc_unaligned_65536_same-core_unpaced,1,book,160.001,163.334,65997
2,spsc_unaligned_65536_same-core_unpaced,1,book,163.334,166.667,71030
2,spsc_unaligned_65536_same-core_unpaced,1,book,166.667,170.001,73744
2,spsc_unaligned_65536_same-core_unpaced,1,book,170.001,173.334,61838
2,spsc_unaligned_65536_same-core_unpaced,1,book,173.334,176.668,59375
2,spsc_unaligned_65536_same-core_unpaced,1,book,176.668,180.001,56615
2,spsc_unaligned_65536_same-core_unpaced,1,book,180.001,183.334,51113
2,spsc_unaligned_65536_same-core_unpaced,1,book,183.334,186.668,42501
2,spsc_unaligned_65536_same-core_unpaced,1,book,186.668,190.001,38799
2,spsc_unaligned_65536_same-core_unpaced,1,book,190.001,193.334,34912
2,spsc_unaligned_65536_same-core_unpaced,1,book,193.334,196.668,32747
2,spsc_unaligned_65536_same-core_unpaced,1,book,196.668,200.001,29586
2,spsc_unaligned_65536_same-core_unpaced,1,book,200.001,203.334,28611
2,spsc_unaligned_65536_same-core_unpaced,1,book,203.334,206.668,25613
2,spsc_unaligned_65536_same-core_unpaced,1,book,206.668,210.001,23933
2,spsc_unaligned_65536_same-core_unpaced,1,book,210.001,213.334,21596
2,spsc_unaligned_65536_same-core_unpaced,1,book,213.334,220.001,38572
2,spsc_unaligned_65536_same-core_unpaced,1,book,220.001,226.668,33271
2,spsc_unaligned_65536_same-core_unpaced,1,book,226.668,233.334,29799
2,spsc_unaligned_65536_same-core_unpaced,1,book,233.334,240.001,26130
2,spsc_unaligned_65536_same-core_unpaced,1,book,240.001,246.668,23938
2,spsc_unaligned_65536_same-core_unpaced,1,book,246.668,253.335,22360
2,spsc_unaligned_65536_same-core_unpaced,1,book,253.335,260.001,20212
2,spsc_unaligned_65536_same-core_unpaced,1,book,260.001,266.668,19124
2,spsc_unaligned_65536_same-core_unpaced,1,book,266.668,273.335,18003
2,spsc_unaligned_65536_same-core_unpaced,1,book,273.335,280.001,17247
2,spsc_unaligned_65536_same-core_unpaced,1,book,280.001,286.668,16702
2,spsc_unaligned_65536_same-core_unpaced,1,book,286.668,293.335,16177
2,spsc_unaligned_65536_same-core_unpaced,1,book,293.335,300.001,15365
2,spsc_unaligned_65536_same-core_unpaced,1,book,300.001,306.668,15041
2,spsc_unaligned_65536_same-core_unpaced,1,book,306.668,313.335,14646
2,spsc_unaligned_65536_same-core_unpaced,1,book,313.335,320.002,14752
2,spsc_unaligned_65536_same-core_unpaced,1,book,320.002,326.668,14100
2,spsc_unaligned_65536_same-core_unpaced,1,book,326.668,333.335,13793
2,spsc_unaligned_65536_same-core_unpaced,1,book,333.335,340.002,13063
2,spsc_unaligned_65536_same-core_unpaced,1,book,340.002,346.668,12820
2,spsc_unaligned_65536_same-core_unpaced,1,book,346.668,353.335,12550
2,spsc_unaligned_65536_same-core_unpaced,1,book,353.335,360.002,11881
2,spsc_unaligned_65536_same-core_unpaced,1,book,360.002,366.668,11536
2,spsc_unaligned_65536_same-core_unpaced,1,book,366.668,373.335,10859
2,spsc_unaligned_65536_same-core_unpaced,1,book,373.335,380.002,10369
2,spsc_unaligned_65536_same-core_unpaced,1,book,380.002,386.669,9948
2,spsc_unaligned_65536_same-core_unpaced,1,book,386.669,393.335,9366
2,spsc_unaligned_65536_same-core_unpaced,1,book,393.335,400.002,8868
2,spsc_unaligned_65536_same-core_unpaced,1,book,400.002,406.669,8390
2,spsc_unaligned_65536_same-core_unpaced,1,book,406.669,413.335,7701
2,spsc_unaligned_65536_same-core_unpaced,1,book,413.335,420.002,7366
2,spsc_unaligned_65536_same-core_unpaced,1,book,420.002,426.669,6947
2,spsc_unaligned_65536_same-core_unpaced,1,book,426.669,440.002,12854
2,spsc_unaligned_65536_same-core_unpaced,1,book,440.002,453.336,11467
2,spsc_unaligned_65536_same-core_unpaced,1,book,453.336,466.669,9691
2,spsc_unaligned_65536_same-core_unpaced,1,book,466.669,480.002,7892
2,spsc_unaligned_65536_same-core_unpaced,1,book,480.002,493.336,6728
2,spsc_unaligned_65536_same-core_unpaced,1,book,493.336,506.669,5718
2,spsc_unaligned_65536_same-core_unpaced,1,book,506.669,520.003,5028
2,spsc_unaligned_65536_same-core_unpaced,1,book,520.003,533.336,4423
2,spsc_unaligned_65536_same-core_unpaced,1,book,533.336,546.669,3940
2,spsc_unaligned_65536_same-core_unpaced,1,book,546.669,560.003,3708
2,spsc_unaligned_65536_same-core_unpaced,1,book,560.003,573.336,3230
2,spsc_unaligned_65536_same-core_unpaced,1,book,573.336,586.67,2962
2,spsc_unaligned_65536_same-core_unpaced,1,book,586.67,600.003,2548
2,spsc_unaligned_65536_same-core_unpaced,1,book,600.003,613.336,2243
2,spsc_unaligned_65536_same-core_unpaced,1,book,613.336,626.67,2011
2,spsc_unaligned_65536_same-core_unpaced,1,book,626.67,640.003,1716
2,spsc_unaligned_65536_same-core_unpaced,1,book,640.003,653.337,1505
2,spsc_unaligned_65536_same-core_unpaced,1,book,653.337,666.67,1305
2,spsc_unaligned_65536_same-core_unpaced,1,book,666.67,680.003,1199
2,spsc_unaligned_65536_same-core_unpaced,1,book,680.003,693.337,1098
2,spsc_unaligned_65536_same-core_unpaced,1,book,693.337,706.67,952
2,spsc_unaligned_65536_same-core_unpaced,1,book,706.67,720.004,809
2,spsc_unaligned_65536_same-core_unpaced,1,book,720.004,733.337,719
2,spsc_unaligned_65536_same-core_unpaced,1,book,733.337,746.67,639
2,spsc_unaligned_65536_same-core_unpaced,1,book,746.67,760.004,539
2,spsc_unaligned_65536_same-core_unpaced,1,book,760.004,773.337,494
2,spsc_unaligned_65536_same-core_unpaced,1,book,773.337,786.671,433
2,spsc_unaligned_65536_same-core_unpaced,1,book,786.671,800.004,369
2,spsc_unaligned_65536_same-core_unpaced,1,book,800.004,813.337,344
2,spsc_unaligned_65536_same-core_unpaced,1,book,813.337,826.671,281
2,spsc_unaligned_65536_same-core_unpaced,1,book,826.671,840.004,282
2,spsc_unaligned_65536_same-core_unpaced,1,book,840.004,853.338,223
2,spsc_unaligned_65536_same-core_unpaced,1,book,853.338,880.004,386
2,spsc_unaligned_65536_same-core_unpaced,1,book,880.004,906.671,288
2,spsc_unaligned_65536_same-core_unpaced,1,book,906.671,933.338,237
2,spsc_unaligned_65536_same-core_unpaced,1,book,933.338,960.005,193
2,spsc_unaligned_65536_same-core_unpaced,1,book,960.005,986.672,163
2,spsc_unaligned_65536_same-core_unpaced,1,book,986.672,1013.34,121
2,spsc_unaligned_65536_same-core_unpaced,1,book,1013.34,1040.01,92
2,spsc_unaligned_65536_same-core_unpaced,1,book,1040.01,1066.67,62
2,spsc_unaligned_65536_same-core_unpaced,1,book,1066.67,1093.34,65
2,spsc_unaligned_65536_same-core_unpaced,1,book,1093.34,1120.01,57
2,spsc_unaligned_65536_same-core_unpaced,1,book,1120.01,1146.67,34
2,spsc_unaligned_65536_same-core_unpaced,1,book,1146.67,1173.34,27
2,spsc_unaligned_65536_same-core_unpaced,1,book,1173.34,1200.01,30
2,spsc_unaligned_65536_same-core_unpaced,1,book,1200.01,1226.67,29
2,spsc_unaligned_65536_same-core_unpaced,1,book,1226.67,1253.34,16
2,spsc_unaligned_65536_same-core_unpaced,1,book,1253.34,1280.01,15
2,spsc_unaligned_65536_same-core_unpaced,1,book,1280.01,1306.67,17
2,spsc_unaligned_65536_same-core_unpaced,1,book,1306.67,1333.34,10
2,spsc_unaligned_65536_same-core_unpaced,1,book,1333.34,1360.01,14
2,spsc_unaligned_65536_same-core_unpaced,1,book,1360.01,1386.67,11
2,spsc_unaligned_65536_same-core_unpaced,1,book,1386.67,1413.34,7
2,spsc_unaligned_65536_same-core_unpaced,1,book,1413.34,1440.01,8
2,spsc_unaligned_65536_same-core_unpaced,1,book,1440.01,1466.67,6
2,spsc_unaligned_65536_same-core_unpaced,1,book,1466.67,1493.34,8
2,spsc_unaligned_65536_same-core_unpaced,1,book,1493.34,1520.01,5
2,spsc_unaligned_65536_same-core_unpaced,1,book,1520.01,1546.67,10
2,spsc_unaligned_65536_same-core_unpaced,1,book,1546.67,1573.34,4
2,spsc_unaligned_65536_same-core_unpaced,1,book,1573.34,1600.01,9
2,spsc_unaligned_65536_same-core_unpaced,1,book,1600.01,1626.67,5
2,spsc_unaligned_65536_same-core_unpaced,1,book,1626.67,1653.34,1
2,spsc_unaligned_65536_same-core_unpaced,1,book,1653.34,1680.01,2
2,spsc_unaligned_65536_same-core_unpaced,1,book,1680.01,1706.68,6
2,spsc_unaligned_65536_same-core_unpaced,1,book,1706.68,1760.01,6
2,spsc_unaligned_65536_same-core_unpaced,1,book,1760.01,1813.34,11
2,spsc_unaligned_65536_same-core_unpaced,1,book,1813.34,1866.68,9
2,spsc_unaligned_65536_same-core_unpaced,1,book,1866.68,1920.01,13
2,spsc_unaligned_65536_same-core_unpaced,1,book,1920.01,1973.34,11
2,spsc_unaligned_65536_same-core_unpaced,1,book,1973.34,2026.68,9
2,spsc_unaligned_65536_same-core_unpaced,1,book,2026.68,2080.01,14
2,spsc_unaligned_65536_same-core_unpaced,1,book,2080.01,2133.34,6
2,spsc_unaligned_65536_same-core_unpaced,1,book,2133.34,2186.68,9
2,spsc_unaligned_65536_same-core_unpaced,1,book,2186.68,2240.01,5
2,spsc_unaligned_65536_same-core_unpaced,1,book,2240.01,2293.34,6
2,spsc_unaligned_65536_same-core_unpaced,1,book,2293.34,2346.68,6
2,spsc_unaligned_65536_same-core_unpaced,1,book,2346.68,2400.01,3
2,spsc_unaligned_65536_same-core_unpaced,1,book,2400.01,2453.35,4
2,spsc_unaligned_65536_same-core_unpaced,1,book,2453.35,2506.68,1
2,spsc_unaligned_65536_same-core_unpaced,1,book,2506.68,2560.01,1
2,spsc_unaligned_65536_same-core_unpaced,1,book,2613.35,2666.68,1
2,spsc_unaligned_65536_same-core_unpaced,1,book,2666.68,2720.01,1
2,spsc_unaligned_65536_same-core_unpaced,1,book,2773.35,2826.68,2
2,spsc_unaligned_65536_same-core_unpaced,1,book,2933.35,2986.68,1
2,spsc_unaligned_65536_same-core_unpaced,1,book,2986.68,3040.02,3
2,spsc_unaligned_65536_same-core_unpaced,1,book,3040.02,3093.35,2
2,spsc_unaligned_65536_same-core_unpaced,1,book,3146.68,3200.02,1
2,spsc_unaligned_65536_same-core_unpaced,1,book,3200.02,3253.35,2
2,spsc_unaligned_65536_same-core_unpaced,1,book,3253.35,3306.68,1
2,spsc_unaligned_65536_same-core_unpaced,1,book,3360.02,3413.35,1
2,spsc_unaligned_65536_same-core_unpaced,1,book,3413.35,3520.02,1
2,spsc_unaligned_65536_same-core_unpaced,1,book,3520.02,3626.68,3
2,spsc_unaligned_65536_same-core_unpaced,1,book,3626.68,3733.35,6
2,spsc_unaligned_65536_same-core_unpaced,1,book,3733.35,3840.02,1
2,spsc_unaligned_65536_same-core_unpaced,1,book,3840.02,3946.69,1
2,spsc_unaligned_65536_same-core_unpaced,1,book,3946.69,4053.35,1
2,spsc_unaligned_65536_same-core_unpaced,1,book,4160.02,4266.69,1
2,spsc_unaligned_65536_same-core_unpaced,1,book,4266.69,4373.36,2
2,spsc_unaligned_65536_same-core_unpaced,1,book,4373.36,4480.02,1
2,spsc_unaligned_65536_same-core_unpaced,1,book,4480.02,4586.69,2
2,spsc_unaligned_65536_same-core_unpaced,1,book,4586.69,4693.36,3
2,spsc_unaligned_65536_same-core_unpaced,1,book,4693.36,4800.02,12
2,spsc_unaligned_65536_same-core_unpaced,1,book,4800.02,4906.69,14
2,spsc_unaligned_65536_same-core_unpaced,1,book,4906.69,5013.36,19
2,spsc_unaligned_65536_same-core_unpaced,1,book,5013.36,5120.03,11
2,spsc_unaligned_65536_same-core_unpaced,1,book,5120.03,5226.69,17
2,spsc_unaligned_65536_same-core_unpaced,1,book,5226.69,5333.36,9
2,spsc_unaligned_65536_same-core_unpaced,1,book,5333.36,5440.03,8
2,spsc_unaligned_65536_same-core_unpaced,1,book,5440.03,5546.69,19
2,spsc_unaligned_65536_same-core_unpaced,1,book,5546.69,5653.36,3
2,spsc_unaligned_65536_same-core_unpaced,1,book,5653.36,5760.03,2
2,spsc_unaligned_65536_same-core_unpaced,1,book,5760.03,5866.7,2
2,spsc_unaligned_65536_same-core_unpaced,1,book,6186.7,6293.36,1
2,spsc_unaligned_65536_same-core_unpaced,1,book,6293.36,6400.03,1
2,spsc_unaligned_65536_same-core_unpaced,1,book,6400.03,6506.7,1
2,spsc_unaligned_65536_same-core_unpaced,1,book,6506.7,6613.37,2
2,spsc_unaligned_65536_same-core_unpaced,1,book,6613.37,6720.03,1
2,spsc_unaligned_65536_same-core_unpaced,1,book,6826.7,7040.04,2
2,spsc_unaligned_65536_same-core_unpaced,1,book,7253.37,7466.7,2
2,spsc_unaligned_65536_same-core_unpaced,1,book,7466.7,7680.04,21
2,spsc_unaligned_65536_same-core_unpaced,1,book,7680.04,7893.37,34
2,spsc_unaligned_65536_same-core_unpaced,1,book,7893.37,8106.71,38
2,spsc_unaligned_65536_same-core_unpaced,1,book,8106.71,8320.04,14
2,spsc_unaligned_65536_same-core_unpaced,1,book,8320.04,8533.38,6
2,spsc_unaligned_65536_same-core_unpaced,1,book,8533.38,8746.71,4
2,spsc_unaligned_65536_same-core_unpaced,1,book,8746.71,8960.04,3
2,spsc_unaligned_65536_same-core_unpaced,1,book,8960.04,9173.38,1
2,spsc_unaligned_65536_same-core_unpaced,1,book,9173.38,9386.71,4
2,spsc_unaligned_65536_same-core_unpaced,1,book,9813.38,10026.7,2
2,spsc_unaligned_65536_same-core_unpaced,1,book,10026.7,10240.1,1
2,spsc_unaligned_65536_same-core_unpaced,1,book,10453.4,10666.7,1
2,spsc_unaligned_65536_same-core_unpaced,1,book,10880.1,11093.4,1
2,spsc_unaligned_65536_same-core_unpaced,1,book,11093.4,11306.7,2
2,spsc_unaligned_65536_same-core_unpaced,1,book,11306.7,11520.1,2
2,spsc_unaligned_65536_same-core_unpaced,1,book,11520.1,11733.4,7
2,spsc_unaligned_65536_same-core_unpaced,1,book,11733.4,11946.7,9
2,spsc_unaligned_65536_same-core_unpaced,1,book,11946.7,12160.1,8
2,spsc_unaligned_65536_same-core_unpaced,1,book,12160.1,12373.4,6
2,spsc_unaligned_65536_same-core_unpaced,1,book,12373.4,12586.7,8
2,spsc_unaligned_65536_same-core_unpaced,1,book,12586.7,12800.1,5
2,spsc_unaligned_65536_same-core_unpaced,1,book,12800.1,13013.4,2
2,spsc_unaligned_65536_same-core_unpaced,1,book,13013.4,13226.7,3
2,spsc_unaligned_65536_same-core_unpaced,1,book,13226.7,13440.1,10
2,spsc_unaligned_65536_same-core_unpaced,1,book,13440.1,13653.4,22
2,spsc_unaligned_65536_same-core_unpaced,1,book,13653.4,14080.1,91
2,spsc_unaligned_65536_same-core_unpaced,1,book,14080.1,14506.7,159
2,spsc_unaligned_65536_same-core_unpaced,1,book,14506.7,14933.4,124
2,spsc_unaligned_65536_same-core_unpaced,1,book,14933.4,15360.1,54
2,spsc_unaligned_65536_same-core_unpaced,1,book,15360.1,15786.7,16
2,spsc_unaligned_65536_same-core_unpaced,1,book,15786.7,16213.4,11
2,spsc_unaligned_65536_same-core_unpaced,1,book,16213.4,16640.1,3
2,spsc_unaligned_65536_same-core_unpaced,1,book,16640.1,17066.8,6
2,spsc_unaligned_65536_same-core_unpaced,1,book,17066.8,17493.4,1
2,spsc_unaligned_65536_same-core_unpaced,1,book,17920.1,18346.8,1
2,spsc_unaligned_65536_same-core_unpaced,1,book,20480.1,20906.8,1
2,spsc_unaligned_65536_same-core_unpaced,1,book,21760.1,22186.8,2
2,spsc_unaligned_65536_same-core_unpaced,1,book,24320.1,24746.8,1
2,spsc_unaligned_65536_same-core_unpaced,1,book,25173.5,25600.1,1
3,spsc_unaligned_65536_same-core_unpaced,0,total,63.3336,65.0003,1
3,spsc_unaligned_65536_same-core_unpaced,0,total,66.667,68.3337,1
3,spsc_unaligned_65536_same-core_unpaced,0,total,68.3337,70.0003,1
3,spsc_unaligned_65536_same-core_unpaced,0,total,70.0003,71.667,1
3,spsc_unaligned_65536_same-core_unpaced,0,total,71.667,73.3337,1
3,spsc_unaligned_65536_same-core_unpaced,0,total,73.3337,75.0004,2
3,spsc_unaligned_65536_same-core_unpaced,0,total,75.0004,76.667,5
3,spsc_unaligned_65536_same-core_unpaced,0,total,76.667,78.3337,2
3,spsc_unaligned_65536_same-core_unpaced,0,total,80.0004,81.6671,2
3,spsc_unaligned_65536_same-core_unpaced,0,total,81.6671,83.3337,2
3,spsc_unaligned_65536_same-core_unpaced,0,total,83.3337,85.0004,6
3,spsc_unaligned_65536_same-core_unpaced,0,total,85.0004,86.6671,6
3,spsc_unaligned_65536_same-core_unpaced,0,total,86.6671,88.3338,7
3,spsc_unaligned_65536_same-core_unpaced,0,total,88.3338,90.0004,9
3,spsc_unaligned_65536_same-core_unpaced,0,total,90.0004,91.6671,6
3,spsc_unaligned_65536_same-core_unpaced,0,total,91.6671,93.3338,4
3,spsc_unaligned_65536_same-core_unpaced,0,total,93.3338,95.0005,3
3,spsc_unaligned_65536_same-core_unpaced,0,total,96.6671,98.3338,6
3,spsc_unaligned_65536_same-core_unpaced,0,total,98.3338,100,3
3,spsc_unaligned_65536_same-core_unpaced,0,total,100,101.667,5
3,spsc_unaligned_65536_same-core_unpaced,0,total,101.667,103.334,8
3,spsc_unaligned_65536_same-core_unpaced,0,total,103.334,105.001,4
3,spsc_unaligned_65536_same-core_unpaced,0,total,105.001,106.667,4
3,spsc_unaligned_65536_same-core_unpaced,0,total,106.667,110.001,8
3,spsc_unaligned_65536_same-core_unpaced,0,total,110.001,113.334,15
3,spsc_unaligned_65536_same-core_unpaced,0,total,113.334,116.667,12
3,spsc_unaligned_65536_same-core_unpaced,0,total,116.667,120.001,5
3,spsc_unaligned_65536_same-core_unpaced,0,total,120.001,123.334,12
3,spsc_unaligned_65536_same-core_unpaced,0,total,123.334,126.667,10
3,spsc_unaligned_65536_same-core_unpaced,0,total,126.667,130.001,17
3,spsc_unaligned_65536_same-core_unpaced,0,total,130.001,133.334,10
3,spsc_unaligned_65536_same-core_unpaced,0,total,133.334,136.667,7
3,spsc_unaligned_65536_same-core_unpaced,0,total,136.667,140.001,9
3,spsc_unaligned_65536_same-core_unpaced,0,total,140.001,143.334,15
3,spsc_unaligned_65536_same-core_unpaced,0,total,143.334,146.667,5
3,spsc_unaligned_65536_same-core_unpaced,0,total,146.667,150.001,15
3,spsc_unaligned_65536_same-core_unpaced,0,total,150.001,153.334,7
3,spsc_unaligned_65536_same-core_unpaced,0,total,153.334,156.667,6
3,spsc_unaligned_65536_same-core_unpaced,0,total,156.667,160.001,5
3,spsc_unaligned_65536_same-core_unpaced,0,total,160.001,163.334,10
3,spsc_unaligned_65536_same-core_unpaced,0,total,163.334,166.667,5
3,spsc_unaligned_65536_same-core_unpaced,0,total,166.667,170.001,7
3,spsc_unaligned_65536_same-core_unpaced,0,total,170.001,173.334,5
3,spsc_unaligned_65536_same-core_unpaced,0,total,173.334,176.668,4
3,spsc_unaligned_65536_same-core_unpaced,0,total,176.668,180.001,8
3,spsc_unaligned_65536_same-core_unpaced,0,total,180.001,183.334,3
3,spsc_unaligned_65536_same-core_unpaced,0,total,183.334,186.668,5
3,spsc_unaligned_65536_same-core_unpaced,0,total,186.668,190.001,8
3,spsc_unaligned_65536_same-core_unpaced,0,total,190.001,193.334,9
3,spsc_unaligned_65536_same-core_unpaced,0,total,193.334,196.668,7
3,spsc_unaligned_65536_same-core_unpaced,0,total,196.668,200.001,5
3,spsc_unaligned_65536_same-core_unpaced,0,total,200.001,203.334,2
3,spsc_unaligned_65536_same-core_unpaced,0,total,203.334,206.668,3
3,spsc_unaligned_65536_same-core_unpaced,0,total,206.668,210.001,2
3,spsc_unaligned_65536_same-core_unpaced,0,total,210.001,213.334,3
3,spsc_unaligned_65536_same-core_unpaced,0,total,213.334,220.001,16
3,spsc_unaligned_65536_same-core_unpaced,0,total,220.001,226.668,13
3,spsc_unaligned_65536_same-core_unpaced,0,total,226.668,233.334,5
3,spsc_unaligned_65536_same-core_unpaced,0,total,233.334,240.001,12
3,spsc_unaligned_65536_same-core_unpaced,0,total,240.001,246.668,4
3,spsc_unaligned_65536_same-core_unpaced,0,total,246.668,253.335,10
3,spsc_unaligned_65536_same-core_unpaced,0,total,253.335,260.001,6
3,spsc_unaligned_65536_same-core_unpaced,0,total,260.001,266.668,4
3,spsc_unaligned_65536_same-core_unpaced,0,total,266.668,273.335,6
3,spsc_unaligned_65536_same-core_unpaced,0,total,273.335,280.001,3
3,spsc_unaligned_65536_same-core_unpaced,0,total,280.001,286.668,5
3,spsc_unaligned_65536_same-core_unpaced,0,total,286.668,293.335,3
3,spsc_unaligned_65536_same-core_unpaced,0,total,293.335,300.001,5
3,spsc_unaligned_65536_same-core_unpaced,0,total,300.001,306.668,5
3,spsc_unaligned_65536_same-core_unpaced,0,total,306.668,313.335,6
3,spsc_unaligned_65536_same-core_unpaced,0,total,313.335,320.002,3
3,spsc_unaligned_65536_same-core_unpaced,0,total,320.002,326.668,7
3,spsc_unaligned_65536_same-core_unpaced,0,total,333.335,340.002,3
3,spsc_unaligned_65536_same-core_unpaced,0,total,340.002,346.668,5
3,spsc_unaligned_65536_same-core_unpaced,0,total,346.668,353.335,4
3,spsc_unaligned_65536_same-core_unpaced,0,total,353.335,360.002,3
3,spsc_unaligned_65536_same-core_unpaced,0,total,360.002,366.668,4
3,spsc_unaligned_65536_same-core_unpaced,0,total,366.668,373.335,2
3,spsc_unaligned_65536_same-core_unpaced,0,total,380.002,386.669,6
3,spsc_unaligned_65536_same-core_unpaced,0,total,393.335,400.002,4
3,spsc_unaligned_65536_same-core_unpaced,0,total,400.002,406.669,1
3,spsc_unaligned_65536_same-core_unpaced,0,total,406.669,413.335,2
3,spsc_unaligned_65536_same-core_unpaced,0,total,413.335,420.002,1
3,spsc_unaligned_65536_same-core_unpaced,0,total,420.002,426.669,2
3,spsc_unaligned_65536_same-core_unpaced,0,total,426.669,440.002,2
3,spsc_unaligned_65536_same-core_unpaced,0,total,440.002,453.336,3
3,spsc_unaligned_65536_same-core_unpaced,0,total,453.336,466.669,3
3,spsc_unaligned_65536_same-core_unpaced,0,total,466.669,480.002,2
3,spsc_unaligned_65536_same-core_unpaced,0,total,480.002,493.336,1
3,spsc_unaligned_65536_same-core_unpaced,0,total,493.336,506.669,1
3,spsc_unaligned_65536_same-core_unpaced,0,total,560.003,573.336,1
3,spsc_unaligned_65536_same-core_unpaced,0,total,600.003,613.336,2
3,spsc_unaligned_65536_same-core_unpaced,0,total,626.67,640.003,1
3,spsc_unaligned_65536_same-core_unpaced,0,total,693.337,706.67,2
3,spsc_unaligned_65536_same-core_unpaced,0,total,760.004,773.337,1
3,spsc_unaligned_65536_same-core_unpaced,0,total,773.337,786.671,1
3,spsc_unaligned_65536_same-core_unpaced,0,total,786.671,800.004,2
3,spsc_unaligned_65536_same-core_unpaced,0,total,800.004,813.337,1
3,spsc_unaligned_65536_same-core_unpaced,0,total,840.004,853.338,2
3,spsc_unaligned_65536_same-core_unpaced,0,total,853.338,880.004,1
3,spsc_unaligned_65536_same-core_unpaced,0,total,880.004,906.671,1
3,spsc_unaligned_65536_same-core_unpaced,0,total,960.005,986.672,1
3,spsc_unaligned_65536_same-core_unpaced,0,total,986.672,1013.34,1
3,spsc_unaligned_65536_same-core_unpaced,0,total,1040.01,1066.67,1
3,spsc_unaligned_65536_same-core_unpaced,0,total,1120.01,1146.67,1
3,spsc_unaligned_65536_same-core_unpaced,0,total,1146.67,1173.34,2
3,spsc_unaligned_65536_same-core_unpaced,0,total,1200.01,1226.67,1
3,spsc_unaligned_65536_same-core_unpaced,0,total,1226.67,1253.34,1
3,spsc_unaligned_65536_same-core_unpaced,0,total,1306.67,1333.34,1
3,spsc_unaligned_65536_same-core_unpaced,0,total,1360.01,1386.67,1
3,spsc_unaligned_65536_same-core_unpaced,0,total,1440.01,1466.67,1
3,spsc_unaligned_65536_same-core_unpaced,0,total,1493.34,1520.01,1
3,spsc_unaligned_65536_same-core_unpaced,0,total,1626.67,1653.34,1
3,spsc_unaligned_65536_same-core_unpaced,0,total,1706.68,1760.01,2
3,spsc_unaligned_65536_same-core_unpaced,0,total,1813.34,1866.68,1
3,spsc_unaligned_65536_same-core_unpaced,0,total,18346.8,18773.4,1
3,spsc_unaligned_65536_same-core_unpaced,0,total,20480.1,20906.8,1
3,spsc_unaligned_65536_same-core_unpaced,0,total,20906.8,21333.4,1
3,spsc_unaligned_65536_same-core_unpaced,0,total,24320.1,24746.8,1
3,spsc_unaligned_65536_same-core_unpaced,0,total,25173.5,25600.1,1
3,spsc_unaligned_65536_same-core_unpaced,0,total,29013.5,29866.8,1
3,spsc_unaligned_65536_same-core_unpaced,0,total,29866.8,30720.2,1
3,spsc_unaligned_65536_same-core_unpaced,0,total,31573.5,32426.8,1
3,spsc_unaligned_65536_same-core_unpaced,0,total,36693.5,37546.9,1
3,spsc_unaligned_65536_same-core_unpaced,0,total,50346.9,51200.3,1
3,spsc_unaligned_65536_same-core_unpaced,0,total,51200.3,52053.6,1
3,spsc_unaligned_65536_same-core_unpaced,0,total,56320.3,58027,1
3,spsc_unaligned_65536_same-core_unpaced,0,total,63147,64853.7,2
3,spsc_unaligned_65536_same-core_unpaced,0,total,64853.7,66560.3,1
3,spsc_unaligned_65536_same-core_unpaced,0,total,66560.3,68267,1
3,spsc_unaligned_65536_same-core_unpaced,0,total,69973.7,71680.4,1
3,spsc_unaligned_65536_same-core_unpaced,0,total,71680.4,73387,1
3,spsc_unaligned_65536_same-core_unpaced,0,total,73387,75093.7,1
3,spsc_unaligned_65536_same-core_unpaced,0,total,75093.7,76800.4,2
3,spsc_unaligned_65536_same-core_unpaced,0,total,76800.4,78507.1,1
3,spsc_unaligned_65536_same-core_unpaced,0,total,78507.1,80213.7,1
3,spsc_unaligned_65536_same-core_unpaced,0,total,87040.4,88747.1,1
3,spsc_unaligned_65536_same-core_unpaced,0,total,88747.1,90453.8,1
3,spsc_unaligned_65536_same-core_unpaced,0,total,95573.8,97280.5,2
3,spsc_unaligned_65536_same-core_unpaced,0,total,98987.2,100694,1
3,spsc_unaligned_65536_same-core_unpaced,0,total,100694,102401,2
3,spsc_unaligned_65536_same-core_unpaced,0,total,102401,104107,1
3,spsc_unaligned_65536_same-core_unpaced,0,total,104107,105814,1
3,spsc_unaligned_65536_same-core_unpaced,0,total,105814,107521,1
3,spsc_unaligned_65536_same-core_unpaced,0,total,107521,109227,1
3,spsc_unaligned_65536_same-core_unpaced,0,total,109227,112641,1
3,spsc_unaligned_65536_same-core_unpaced,0,total,112641,116054,1
3,spsc_unaligned_65536_same-core_unpaced,0,total,116054,119467,1
3,spsc_unaligned_65536_same-core_unpaced,0,total,119467,122881,2
3,spsc_unaligned_65536_same-core_unpaced,0,total,122881,126294,2
3,spsc_unaligned_65536_same-core_unpaced,0,total,126294,129707,3
3,spsc_unaligned_65536_same-core_unpaced,0,total,129707,133121,2
3,spsc_unaligned_65536_same-core_unpaced,0,total,133121,136534,2
3,spsc_unaligned_65536_same-core_unpaced,0,total,139947,143361,3
3,spsc_unaligned_65536_same-core_unpaced,0,total,143361,146774,1
3,spsc_unaligned_65536_same-core_unpaced,0,total,146774,150187,1
3,spsc_unaligned_65536_same-core_unpaced,0,total,150187,153601,1
3,spsc_unaligned_65536_same-core_unpaced,0,total,153601,157014,2
3,spsc_unaligned_65536_same-core_unpaced,0,total,157014,160427,2
3,spsc_unaligned_65536_same-core_unpaced,0,total,160427,163841,2
3,spsc_unaligned_65536_same-core_unpaced,0,total,163841,167254,1
3,spsc_unaligned_65536_same-core_unpaced,0,total,170668,174081,1
3,spsc_unaligned_65536_same-core_unpaced,0,total,174081,177494,2
3,spsc_unaligned_65536_same-core_unpaced,0,total,177494,180908,4
3,spsc_unaligned_65536_same-core_unpaced,0,total,180908,184321,2
3,spsc_unaligned_65536_same-core_unpaced,0,total,184321,187734,2
3,spsc_unaligned_65536_same-core_unpaced,0,total,187734,191148,2
3,spsc_unaligned_65536_same-core_unpaced,0,total,191148,194561,2
3,spsc_unaligned_65536_same-core_unpaced,0,total,194561,197974,2
3,spsc_unaligned_65536_same-core_unpaced,0,total,201388,204801,3
3,spsc_unaligned_65536_same-core_unpaced,0,total,204801,208214,1
3,spsc_unaligned_65536_same-core_unpaced,0,total,208214,211628,1
3,spsc_unaligned_65536_same-core_unpaced,0,total,211628,215041,2
3,spsc_unaligned_65536_same-core_unpaced,0,total,215041,218454,1
3,spsc_unaligned_65536_same-core_unpaced,0,total,218454,225281,1
3,spsc_unaligned_65536_same-core_unpaced,0,total,225281,232108,3
3,spsc_unaligned_65536_same-core_unpaced,0,total,232108,238935,3
3,spsc_unaligned_65536_same-core_unpaced,0,total,245761,252588,3
3,spsc_unaligned_65536_same-core_unpaced,0,total,252588,259415,2
3,spsc_unaligned_65536_same-core_unpaced,0,total,259415,266241,8
3,spsc_unaligned_65536_same-core_unpaced,0,total,266241,273068,4
3,spsc_unaligned_65536_same-core_unpaced,0,total,273068,279895,6
3,spsc_unaligned_65536_same-core_unpaced,0,total,279895,286721,1
3,spsc_unaligned_65536_same-core_unpaced,0,total,286721,293548,5
3,spsc_unaligned_65536_same-core_unpaced,0,total,293548,300375,2
3,spsc_unaligned_65536_same-core_unpaced,0,total,300375,307202,2
3,spsc_unaligned_65536_same-core_unpaced,0,total,307202,314028,2
3,spsc_unaligned_65536_same-core_unpaced,0,total,314028,320855,4
3,spsc_unaligned_65536_same-core_unpaced,0,total,320855,327682,3
3,spsc_unaligned_65536_same-core_unpaced,0,total,327682,334508,5
3,spsc_unaligned_65536_same-core_unpaced,0,total,334508,341335,7
3,spsc_unaligned_65536_same-core_unpaced,0,total,341335,348162,2
3,spsc_unaligned_65536_same-core_unpaced,0,total,348162,354988,3
3,spsc_unaligned_65536_same-core_unpaced,0,total,354988,361815,2
3,spsc_unaligned_65536_same-core_unpaced,0,total,361815,368642,3
3,spsc_unaligned_65536_same-core_unpaced,0,total,368642,375469,3
3,spsc_unaligned_65536_same-core_unpaced,0,total,375469,382295,4
3,spsc_unaligned_65536_same-core_unpaced,0,total,382295,389122,5
3,spsc_unaligned_65536_same-core_unpaced,0,total,389122,395949,4
3,spsc_unaligned_65536_same-core_unpaced,0,total,395949,402775,6
3,spsc_unaligned_65536_same-core_unpaced,0,total,402775,409602,6
3,spsc_unaligned_65536_same-core_unpaced,0,total,409602,416429,12
3,spsc_unaligned_65536_same-core_unpaced,0,total,416429,423255,7
3,spsc_unaligned_65536_same-core_unpaced,0,total,423255,430082,2
3,spsc_unaligned_65536_same-core_unpaced,0,total,430082,436909,4
3,spsc_unaligned_65536_same-core_unpaced,0,total,436909,450562,11
3,spsc_unaligned_65536_same-core_unpaced,0,total,450562,464216,5
3,spsc_unaligned_65536_same-core_unpaced,0,total,464216,477869,8
3,spsc_unaligned_65536_same-core_unpaced,0,total,477869,491522,7
3,spsc_unaligned_65536_same-core_unpaced,0,total,491522,505176,9
3,spsc_unaligned_65536_same-core_unpaced,0,total,505176,518829,11
3,spsc_unaligned_65536_same-core_unpaced,0,total,518829,532483,8
3,spsc_unaligned_65536_same-core_unpaced,0,total,532483,546136,8
3,spsc_unaligned_65536_same-core_unpaced,0,total,546136,559789,8
3,spsc_unaligned_65536_same-core_unpaced,0,total,559789,573443,4
3,spsc_unaligned_65536_same-core_unpaced,0,total,573443,587096,9
3,spsc_unaligned_65536_same-core_unpaced,0,total,587096,600750,6
3,spsc_unaligned_65536_same-core_unpaced,0,total,600750,614403,10
3,spsc_unaligned_65536_same-core_unpaced,0,total,614403,628056,11
3,spsc_unaligned_65536_same-core_unpaced,0,total,628056,641710,6
3,spsc_unaligned_65536_same-core_unpaced,0,total,641710,655363,8
3,spsc_unaligned_65536_same-core_unpaced,0,total,655363,669017,11
3,spsc_unaligned_65536_same-core_unpaced,0,total,669017,682670,5
3,spsc_unaligned_65536_same-core_unpaced,0,total,682670,696323,8
3,spsc_unaligned_65536_same-core_unpaced,0,total,696323,709977,7
3,spsc_unaligned_65536_same-core_unpaced,0,total,709977,723630,6
3,spsc_unaligned_65536_same-core_unpaced,0,total,723630,737284,8
3,spsc_unaligned_65536_same-core_unpaced,0,total,737284,750937,10
3,spsc_unaligned_65536_same-core_unpaced,0,total,750937,764590,4
3,spsc_unaligned_65536_same-core_unpaced,0,total,764590,778244,2
3,spsc_unaligned_65536_same-core_unpaced,0,total,778244,791897,4
3,spsc_unaligned_65536_same-core_unpaced,0,total,791897,805551,5
3,spsc_unaligned_65536_same-core_unpaced,0,total,805551,819204,9
3,spsc_unaligned_65536_same-core_unpaced,0,total,819204,832857,11
3,spsc_unaligned_65536_same-core_unpaced,0,total,832857,846511,8
3,spsc_unaligned_65536_same-core_unpaced,0,total,846511,860164,9
3,spsc_unaligned_65536_same-core_unpaced,0,total,860164,873818,7
3,spsc_unaligned_65536_same-core_unpaced,0,total,873818,901124,22
3,spsc_unaligned_65536_same-core_unpaced,0,total,901124,928431,25
3,spsc_unaligned_65536_same-core_unpaced,0,total,928431,955738,12
3,spsc_unaligned_65536_same-core_unpaced,0,total,955738,983045,27
3,spsc_unaligned_65536_same-core_unpaced,0,total,983045,1.01035e+06,19
3,spsc_unaligned_65536_same-core_unpaced,0,total,1.01035e+06,1.03766e+06,20
3,spsc_unaligned_65536_same-core_unpaced,0,total,1.03766e+06,1.06497e+06,21
3,spsc_unaligned_65536_same-core_unpaced,0,total,1.06497e+06,1.09227e+06,20
3,spsc_unaligned_65536_same-core_unpaced,0,total,1.09227e+06,1.11958e+06,19
3,spsc_unaligned_65536_same-core_unpaced,0,total,1.11958e+06,1.14689e+06,15
3,spsc_unaligned_65536_same-core_unpaced,0,total,1.14689e+06,1.17419e+06,19
3,spsc_unaligned_65536_same-core_unpaced,0,total,1.17419e+06,1.2015e+06,7
3,spsc_unaligned_65536_same-core_unpaced,0,total,1.2015e+06,1.22881e+06,26
3,spsc_unaligned_65536_same-core_unpaced,0,total,1.22881e+06,1.25611e+06,23
3,spsc_unaligned_65536_same-core_unpaced,0,total,1.25611e+06,1.28342e+06,25
3,spsc_unaligned_65536_same-core_unpaced,0,total,1.28342e+06,1.31073e+06,21
3,spsc_unaligned_65536_same-core_unpaced,0,total,1.31073e+06,1.33803e+06,13
3,spsc_unaligned_65536_same-core_unpaced,0,total,1.33803e+06,1.36534e+06,28
3,spsc_unaligned_65536_same-core_unpaced,0,total,1.36534e+06,1.39265e+06,21
3,spsc_unaligned_65536_same-core_unpaced,0,total,1.39265e+06,1.41995e+06,15
3,spsc_unaligned_65536_same-core_unpaced,0,total,1.41995e+06,1.44726e+06,24
3,spsc_unaligned_65536_same-core_unpaced,0,total,1.44726e+06,1.47457e+06,14
3,spsc_unaligned_65536_same-core_unpaced,0,total,1.47457e+06,1.50187e+06,18
3,spsc_unaligned_65536_same-core_unpaced,0,total,1.50187e+06,1.52918e+06,20
3,spsc_unaligned_65536_same-core_unpaced,0,total,1.52918e+06,1.55649e+06,24
3,spsc_unaligned_65536_same-core_unpaced,0,total,1.55649e+06,1.58379e+06,9
3,spsc_unaligned_65536_same-core_unpaced,0,total,1.58379e+06,1.6111e+06,21
3,spsc_unaligned_65536_same-core_unpaced,0,total,1.6111e+06,1.63841e+06,10
3,spsc_unaligned_65536_same-core_unpaced,0,total,1.63841e+06,1.66571e+06,19
3,spsc_unaligned_65536_same-core_unpaced,0,total,1.66571e+06,1.69302e+06,26
3,spsc_unaligned_65536_same-core_unpaced,0,total,1.69302e+06,1.72033e+06,17
3,spsc_unaligned_65536_same-core_unpaced,0,total,1.72033e+06,1.74764e+06,20
3,spsc_unaligned_65536_same-core_unpaced,0,total,1.74764e+06,1.80225e+06,46
3,spsc_unaligned_65536_same-core_unpaced,0,total,1.80225e+06,1.85686e+06,44
3,spsc_unaligned_65536_same-core_unpaced,0,total,1.85686e+06,1.91148e+06,46
3,spsc_unaligned_65536_same-core_unpaced,0,total,1.91148e+06,1.96609e+06,62
3,spsc_unaligned_65536_same-core_unpaced,0,total,1.96609e+06,2.0207e+06,48
3,spsc_unaligned_65536_same-core_unpaced,0,total,2.0207e+06,2.07532e+06,45
3,spsc_unaligned_65536_same-core_unpaced,0,total,2.07532e+06,2.12993e+06,51
3,spsc_unaligned_65536_same-core_unpaced,0,total,2.12993e+06,2.18454e+06,45
3,spsc_unaligned_65536_same-core_unpaced,0,total,2.18454e+06,2.23916e+06,39
3,spsc_unaligned_65536_same-core_unpaced,0,total,2.23916e+06,2.29377e+06,45
3,spsc_unaligned_65536_same-core_unpaced,0,total,2.29377e+06,2.34839e+06,40
3,spsc_unaligned_65536_same-core_unpaced,0,total,2.34839e+06,2.403e+06,43
3,spsc_unaligned_65536_same-core_unpaced,0,total,2.403e+06,2.45761e+06,52
3,spsc_unaligned_65536_same-core_unpaced,0,total,2.45761e+06,2.51223e+06,48
3,spsc_unaligned_65536_same-core_unpaced,0,total,2.51223e+06,2.56684e+06,55
3,spsc_unaligned_65536_same-core_unpaced,0,total,2.56684e+06,2.62145e+06,43
3,spsc_unaligned_65536_same-core_unpaced,0,total,2.62145e+06,2.67607e+06,33
3,spsc_unaligned_65536_same-core_unpaced,0,total,2.67607e+06,2.73068e+06,43
3,spsc_unaligned_65536_same-core_unpaced,0,total,2.73068e+06,2.78529e+06,43
3,spsc_unaligned_65536_same-core_unpaced,0,total,2.78529e+06,2.83991e+06,45
3,spsc_unaligned_65536_same-core_unpaced,0,total,2.83991e+06,2.89452e+06,43
3,spsc_unaligned_65536_same-core_unpaced,0,total,2.89452e+06,2.94913e+06,36
3,spsc_unaligned_65536_same-core_unpaced,0,total,2.94913e+06,3.00375e+06,43
3,spsc_unaligned_65536_same-core_unpaced,0,total,3.00375e+06,3.05836e+06,37
3,spsc_unaligned_65536_same-core_unpaced,0,total,3.05836e+06,3.11298e+06,33
3,spsc_unaligned_65536_same-core_unpaced,0,total,3.11298e+06,3.16759e+06,33
3,spsc_unaligned_65536_same-core_unpaced,0,total,3.16759e+06,3.2222e+06,45
3,spsc_unaligned_65536_same-core_unpaced,0,total,3.2222e+06,3.27682e+06,45
3,spsc_unaligned_65536_same-core_unpaced,0,total,3.27682e+06,3.33143e+06,40
3,spsc_unaligned_65536_same-core_unpaced,0,total,3.33143e+06,3.38604e+06,35
3,spsc_unaligned_65536_same-core_unpaced,0,total,3.38604e+06,3.44066e+06,36
3,spsc_unaligned_65536_same-core_unpaced,0,total,3.44066e+06,3.49527e+06,58
3,spsc_unaligned_65536_same-core_unpaced,0,total,3.49527e+06,3.6045e+06,87
3,spsc_unaligned_65536_same-core_unpaced,0,total,3.6045e+06,3.71373e+06,84
3,spsc_unaligned_65536_same-core_unpaced,0,total,3.71373e+06,3.82295e+06,92
3,spsc_unaligned_65536_same-core_unpaced,0,total,3.82295e+06,3.93218e+06,84
3,spsc_unaligned_65536_same-core_unpaced,0,total,3.93218e+06,4.04141e+06,97
3,spsc_unaligned_65536_same-core_unpaced,0,total,4.04141e+06,4.15063e+06,81
3,spsc_unaligned_65536_same-core_unpaced,0,total,4.15063e+06,4.25986e+06,87
3,spsc_unaligned_65536_same-core_unpaced,0,total,4.25986e+06,4.36909e+06,85
3,spsc_unaligned_65536_same-core_unpaced,0,total,4.36909e+06,4.47832e+06,102
3,spsc_unaligned_65536_same-core_unpaced,0,total,4.47832e+06,4.58754e+06,84
3,spsc_unaligned_65536_same-core_unpaced,0,total,4.58754e+06,4.69677e+06,81
3,spsc_unaligned_65536_same-core_unpaced,0,total,4.69677e+06,4.806e+06,125
3,spsc_unaligned_65536_same-core_unpaced,0,total,4.806e+06,4.91522e+06,106
3,spsc_unaligned_65536_same-core_unpaced,0,total,4.91522e+06,5.02445e+06,105
3,spsc_unaligned_65536_same-core_unpaced,0,total,5.02445e+06,5.13368e+06,95
3,spsc_unaligned_65536_same-core_unpaced,0,total,5.13368e+06,5.24291e+06,78
3,spsc_unaligned_65536_same-core_unpaced,0,total,5.24291e+06,5.35213e+06,78
3,spsc_unaligned_65536_same-core_unpaced,0,total,5.35213e+06,5.46136e+06,95
3,spsc_unaligned_65536_same-core_unpaced,0,total,5.46136e+06,5.57059e+06,87
3,spsc_unaligned_65536_same-core_unpaced,0,total,5.57059e+06,5.67981e+06,83
3,spsc_unaligned_65536_same-core_unpaced,0,total,5.67981e+06,5.78904e+06,77
3,spsc_unaligned_65536_same-core_unpaced,0,total,5.78904e+06,5.89827e+06,83
3,spsc_unaligned_65536_same-core_unpaced,0,total,5.89827e+06,6.0075e+06,91
3,spsc_unaligned_65536_same-core_unpaced,0,total,6.0075e+06,6.11672e+06,81
3,spsc_unaligned_65536_same-core_unpaced,0,total,6.11672e+06,6.22595e+06,87
3,spsc_unaligned_65536_same-core_unpaced,0,total,6.22595e+06,6.33518e+06,93
3,spsc_unaligned_65536_same-core_unpaced,0,total,6.33518e+06,6.44441e+06,118
3,spsc_unaligned_65536_same-core_unpaced,0,total,6.44441e+06,6.55363e+06,87
3,spsc_unaligned_65536_same-core_unpaced,0,total,6.55363e+06,6.66286e+06,84
3,spsc_unaligned_65536_same-core_unpaced,0,total,6.66286e+06,6.77209e+06,74
3,spsc_unaligned_65536_same-core_unpaced,0,total,6.77209e+06,6.88131e+06,5624
3,spsc_unaligned_65536_same-core_unpaced,0,total,6.88131e+06,6.99054e+06,53450
3,spsc_unaligned_65536_same-core_unpaced,0,total,6.99054e+06,7.209e+06,120335
3,spsc_unaligned_65536_same-core_unpaced,0,total,7.209e+06,7.42745e+06,40358
3,spsc_unaligned_65536_same-core_unpaced,0,total,7.42745e+06,7.6459e+06,17996
3,spsc_unaligned_65536_same-core_unpaced,0,total,7.6459e+06,7.86436e+06,10373
3,spsc_unaligned_65536_same-core_unpaced,0,total,7.86436e+06,8.08281e+06,7260
3,spsc_unaligned_65536_same-core_unpaced,0,total,8.08281e+06,8.30127e+06,6917
3,spsc_unaligned_65536_same-core_unpaced,0,total,8.30127e+06,8.51972e+06,4929
3,spsc_unaligned_65536_same-core_unpaced,0,total,8.51972e+06,8.73818e+06,12048
3,spsc_unaligned_65536_same-core_unpaced,0,total,8.73818e+06,8.95663e+06,7258
3,spsc_unaligned_65536_same-core_unpaced,0,total,8.95663e+06,9.17509e+06,8254
3,spsc_unaligned_65536_same-core_unpaced,0,total,9.17509e+06,9.39354e+06,6298
3,spsc_unaligned_65536_same-core_unpaced,0,total,9.39354e+06,9.61199e+06,2886
3,spsc_unaligned_65536_same-core_unpaced,0,total,9.61199e+06,9.83045e+06,5177
3,spsc_unaligned_65536_same-core_unpaced,0,total,9.83045e+06,1.00489e+07,7465
3,spsc_unaligned_65536_same-core_unpaced,0,total,1.00489e+07,1.02674e+07,30682
3,spsc_unaligned_65536_same-core_unpaced,0,total,1.02674e+07,1.04858e+07,90171
3,spsc_unaligned_65536_same-core_unpaced,0,total,1.04858e+07,1.07043e+07,170796
3,spsc_unaligned_65536_same-core_unpaced,0,total,1.07043e+07,1.09227e+07,355725
3,spsc_unaligned_65536_same-core_unpaced,0,total,1.09227e+07,1.11412e+07,449318
3,spsc_unaligned_65536_same-core_unpaced,0,total,1.11412e+07,1.13596e+07,398975
3,spsc_unaligned_65536_same-core_unpaced,0,total,1.13596e+07,1.15781e+07,240916
3,spsc_unaligned_65536_same-core_unpaced,0,total,1.15781e+07,1.17965e+07,109361
3,spsc_unaligned_65536_same-core_unpaced,0,total,1.17965e+07,1.2015e+07,78924
3,spsc_unaligned_65536_same-core_unpaced,0,total,1.2015e+07,1.22334e+07,38975
3,spsc_unaligned_65536_same-core_unpaced,0,total,1.22334e+07,1.24519e+07,21275
3,spsc_unaligned_65536_same-core_unpaced,0,total,1.24519e+07,1.26704e+07,25968
3,spsc_unaligned_65536_same-core_unpaced,0,total,1.26704e+07,1.28888e+07,7289
3,spsc_unaligned_65536_same-core_unpaced,0,total,1.28888e+07,1.31073e+07,4555
3,spsc_unaligned_65536_same-core_unpaced,0,total,1.31073e+07,1.33257e+07,7320
3,spsc_unaligned_65536_same-core_unpaced,0,total,1.33257e+07,1.35442e+07,3835
3,spsc_unaligned_65536_same-core_unpaced,0,total,1.35442e+07,1.37626e+07,4666
3,spsc_unaligned_65536_same-core_unpaced,0,total,1.37626e+07,1.39811e+07,1294
3,spsc_unaligned_65536_same-core_unpaced,0,total,1.39811e+07,1.4418e+07,1935
3,spsc_unaligned_65536_same-core_unpaced,0,total,1.4418e+07,1.48549e+07,2411
3,spsc_unaligned_65536_same-core_unpaced,0,total,1.48549e+07,1.52918e+07,3920
3,spsc_unaligned_65536_same-core_unpaced,0,total,1.52918e+07,1.57287e+07,1168
3,spsc_unaligned_65536_same-core_unpaced,0,total,1.57287e+07,1.61656e+07,735
3,spsc_unaligned_65536_same-core_unpaced,0,total,1.61656e+07,1.66025e+07,961
3,spsc_unaligned_65536_same-core_unpaced,0,total,1.66025e+07,1.70394e+07,1277
3,spsc_unaligned_65536_same-core_unpaced,0,total,1.70394e+07,1.74764e+07,974
3,spsc_unaligned_65536_same-core_unpaced,0,total,1.74764e+07,1.79133e+07,438
3,spsc_unaligned_65536_same-core_unpaced,0,total,1.79133e+07,1.83502e+07,520
3,spsc_unaligned_65536_same-core_unpaced,0,total,1.83502e+07,1.87871e+07,470
3,spsc_unaligned_65536_same-core_unpaced,0,total,1.87871e+07,1.9224e+07,458
3,spsc_unaligned_65536_same-core_unpaced,0,total,1.9224e+07,1.96609e+07,492
3,spsc_unaligned_65536_same-core_unpaced,0,total,1.96609e+07,2.00978e+07,509
3,spsc_unaligned_65536_same-core_unpaced,0,total,2.00978e+07,2.05347e+07,2622
3,spsc_unaligned_65536_same-core_unpaced,0,total,2.05347e+07,2.09716e+07,485
3,spsc_unaligned_65536_same-core_unpaced,0,queue,39.1669,40.0002,1
3,spsc_unaligned_65536_same-core_unpaced,0,queue,45.0002,45.8336,1
3,spsc_unaligned_65536_same-core_unpaced,0,queue,47.5002,48.3336,1
3,spsc_unaligned_65536_same-core_unpaced,0,queue,49.1669,50.0002,2
3,spsc_unaligned_65536_same-core_unpaced,0,queue,50.0002,50.8336,1
3,spsc_unaligned_65536_same-core_unpaced,0,queue,50.8336,51.6669,1
3,spsc_unaligned_65536_same-core_unpaced,0,queue,51.6669,52.5003,1
3,spsc_unaligned_65536_same-core_unpaced,0,queue,52.5003,53.3336,1
3,spsc_unaligned_65536_same-core_unpaced,0,queue,53.3336,55.0003,2
3,spsc_unaligned_65536_same-core_unpaced,0,queue,55.0003,56.6669,1
3,spsc_unaligned_65536_same-core_unpaced,0,queue,56.6669,58.3336,2
3,spsc_unaligned_65536_same-core_unpaced,0,queue,58.3336,60.0003,1
3,spsc_unaligned_65536_same-core_unpaced,0,queue,60.0003,61.667,4
3,spsc_unaligned_65536_same-core_unpaced,0,queue,61.667,63.3336,4
3,spsc_unaligned_65536_same-core_unpaced,0,queue,63.3336,65.0003,6
3,spsc_unaligned_65536_same-core_unpaced,0,queue,65.0003,66.667,8
3,spsc_unaligned_65536_same-core_unpaced,0,queue,66.667,68.3337,9
3,spsc_unaligned_65536_same-core_unpaced,0,queue,68.3337,70.0003,7
3,spsc_unaligned_65536_same-core_unpaced,0,queue,70.0003,71.667,2
3,spsc_unaligned_65536_same-core_unpaced,0,queue,71.667,73.3337,2
3,spsc_unaligned_65536_same-core_unpaced,0,queue,73.3337,75.0004,3
3,spsc_unaligned_65536_same-core_unpaced,0,queue,75.0004,76.667,7
3,spsc_unaligned_65536_same-core_unpaced,0,queue,76.667,78.3337,3
3,spsc_unaligned_65536_same-core_unpaced,0,queue,78.3337,80.0004,4
3,spsc_unaligned_65536_same-core_unpaced,0,queue,80.0004,81.6671,8
3,spsc_unaligned_65536_same-core_unpaced,0,queue,81.6671,83.3337,2
3,spsc_unaligned_65536_same-core_unpaced,0,queue,83.3337,85.0004,5
3,spsc_unaligned_65536_same-core_unpaced,0,queue,85.0004,86.6671,2
3,spsc_unaligned_65536_same-core_unpaced,0,queue,86.6671,88.3338,6
3,spsc_unaligned_65536_same-core_unpaced,0,queue,88.3338,90.0004,9
3,spsc_unaligned_65536_same-core_unpaced,0,queue,90.0004,91.6671,6
3,spsc_unaligned_65536_same-core_unpaced,0,queue,91.6671,93.3338,5
3,spsc_unaligned_65536_same-core_unpaced,0,queue,93.3338,95.0005,8
3,spsc_unaligned_65536_same-core_unpaced,0,queue,95.0005,96.6671,3
3,spsc_unaligned_65536_same-core_unpaced,0,queue,96.6671,98.3338,3
3,spsc_unaligned_65536_same-core_unpaced,0,queue,98.3338,100,2
3,spsc_unaligned_65536_same-core_unpaced,0,queue,100,101.667,10
3,spsc_unaligned_65536_same-core_unpaced,0,queue,101.667,103.334,3
3,spsc_unaligned_65536_same-core_unpaced,0,queue,103.334,105.001,7
3,spsc_unaligned_65536_same-core_unpaced,0,queue,105.001,106.667,9
3,spsc_unaligned_65536_same-core_unpaced,0,queue,106.667,110.001,11
3,spsc_unaligned_65536_same-core_unpaced,0,queue,110.001,113.334,9
3,spsc_unaligned_65536_same-core_unpaced,0,queue,113.334,116.667,8
3,spsc_unaligned_65536_same-core_unpaced,0,queue,116.667,120.001,17
3,spsc_unaligned_65536_same-core_unpaced,0,queue,120.001,123.334,5
3,spsc_unaligned_65536_same-core_unpaced,0,queue,123.334,126.667,7
3,spsc_unaligned_65536_same-core_unpaced,0,queue,126.667,130.001,14
3,spsc_unaligned_65536_same-core_unpaced,0,queue,130.001,133.334,6
3,spsc_unaligned_65536_same-core_unpaced,0,queue,133.334,136.667,6
3,spsc_unaligned_65536_same-core_unpaced,0,queue,136.667,140.001,10
3,spsc_unaligned_65536_same-core_unpaced,0,queue,140.001,143.334,5
3,spsc_unaligned_65536_same-core_unpaced,0,queue,143.334,146.667,8
3,spsc_unaligned_65536_same-core_unpaced,0,queue,146.667,150.001,5
3,spsc_unaligned_65536_same-core_unpaced,0,queue,150.001,153.334,3
3,spsc_unaligned_65536_same-core_unpaced,0,queue,153.334,156.667,5
3,spsc_unaligned_65536_same-core_unpaced,0,queue,156.667,160.001,6
3,spsc_unaligned_65536_same-core_unpaced,0,queue,160.001,163.334,7
3,spsc_unaligned_65536_same-core_unpaced,0,queue,163.334,166.667,7
3,spsc_unaligned_65536_same-core_unpaced,0,queue,166.667,170.001,6
3,spsc_unaligned_65536_same-core_unpaced,0,queue,170.001,173.334,6
3,spsc_unaligned_65536_same-core_unpaced,0,queue,173.334,176.668,6
3,spsc_unaligned_65536_same-core_unpaced,0,queue,176.668,180.001,5
3,spsc_unaligned_65536_same-core_unpaced,0,queue,180.001,183.334,2
3,spsc_unaligned_65536_same-core_unpaced,0,queue,183.334,186.668,2
3,spsc_unaligned_65536_same-core_unpaced,0,queue,186.668,190.001,3
3,spsc_unaligned_65536_same-core_unpaced,0,queue,190.001,193.334,8
3,spsc_unaligned_65536_same-core_unpaced,0,queue,193.334,196.668,9
3,spsc_unaligned_65536_same-core_unpaced,0,queue,196.668,200.001,4
3,spsc_unaligned_65536_same-core_unpaced,0,queue,200.001,203.334,6
3,spsc_unaligned_65536_same-core_unpaced,0,queue,203.334,206.668,4
3,spsc_unaligned_65536_same-core_unpaced,0,queue,206.668,210.001,4
3,spsc_unaligned_65536_same-core_unpaced,0,queue,210.001,213.334,3
3,spsc_unaligned_65536_same-core_unpaced,0,queue,213.334,220.001,10
3,spsc_unaligned_65536_same-core_unpaced,0,queue,220.001,226.668,10
3,spsc_unaligned_65536_same-core_unpaced,0,queue,226.668,233.334,5
3,spsc_unaligned_65536_same-core_unpaced,0,queue,233.334,240.001,7
3,spsc_unaligned_65536_same-core_unpaced,0,queue,240.001,246.668,3
3,spsc_unaligned_65536_same-core_unpaced,0,queue,246.668,253.335,7
3,spsc_unaligned_65536_same-core_unpaced,0,queue,253.335,260.001,3
3,spsc_unaligned_65536_same-core_unpaced,0,queue,260.001,266.668,5
3,spsc_unaligned_65536_same-core_unpaced,0,queue,266.668,273.335,2
3,spsc_unaligned_65536_same-core_unpaced,0,queue,273.335,280.001,5
3,spsc_unaligned_65536_same-core_unpaced,0,queue,280.001,286.668,6
3,spsc_unaligned_65536_same-core_unpaced,0,queue,286.668,293.335,7
3,spsc_unaligned_65536_same-core_unpaced,0,queue,293.335,300.001,1
3,spsc_unaligned_65536_same-core_unpaced,0,queue,300.001,306.668,6
3,spsc_unaligned_65536_same-core_unpaced,0,queue,306.668,313.335,2
3,spsc_unaligned_65536_same-core_unpaced,0,queue,313.335,320.002,3
3,spsc_unaligned_65536_same-core_unpaced,0,queue,320.002,326.668,5
3,spsc_unaligned_65536_same-core_unpaced,0,queue,326.668,333.335,5
3,spsc_unaligned_65536_same-core_unpaced,0,queue,333.335,340.002,2
3,spsc_unaligned_65536_same-core_unpaced,0,queue,340.002,346.668,3
3,spsc_unaligned_65536_same-core_unpaced,0,queue,346.668,353.335,2
3,spsc_unaligned_65536_same-core_unpaced,0,queue,353.335,360.002,3
3,spsc_unaligned_65536_same-core_unpaced,0,queue,360.002,366.668,2
3,spsc_unaligned_65536_same-core_unpaced,0,queue,366.668,373.335,1
3,spsc_unaligned_65536_same-core_unpaced,0,queue,373.335,380.002,5
3,spsc_unaligned_65536_same-core_unpaced,0,queue,386.669,393.335,3
3,spsc_unaligned_65536_same-core_unpaced,0,queue,400.002,406.669,2
3,spsc_unaligned_65536_same-core_unpaced,0,queue,406.669,413.335,1
3,spsc_unaligned_65536_same-core_unpaced,0,queue,413.335,420.002,1
3,spsc_unaligned_65536_same-core_unpaced,0,queue,420.002,426.669,2
3,spsc_unaligned_65536_same-core_unpaced,0,queue,426.669,440.002,1
3,spsc_unaligned_65536_same-core_unpaced,0,queue,440.002,453.336,3
3,spsc_unaligned_65536_same-core_unpaced,0,queue,453.336,466.669,3
3,spsc_unaligned_65536_same-core_unpaced,0,queue,466.669,480.002,1
3,spsc_unaligned_65536_same-core_unpaced,0,queue,546.669,560.003,1
3,spsc_unaligned_65536_same-core_unpaced,0,queue,573.336,586.67,1
3,spsc_unaligned_65536_same-core_unpaced,0,queue,586.67,600.003,1
3,spsc_unaligned_65536_same-core_unpaced,0,queue,600.003,613.336,1
3,spsc_unaligned_65536_same-core_unpaced,0,queue,666.67,680.003,1
3,spsc_unaligned_65536_same-core_unpaced,0,queue,680.003,693.337,1
3,spsc_unaligned_65536_same-core_unpaced,0,queue,733.337,746.67,1
3,spsc_unaligned_65536_same-core_unpaced,0,queue,746.67,760.004,1
3,spsc_unaligned_65536_same-core_unpaced,0,queue,760.004,773.337,1
3,spsc_unaligned_65536_same-core_unpaced,0,queue,773.337,786.671,1
3,spsc_unaligned_65536_same-core_unpaced,0,queue,786.671,800.004,1
3,spsc_unaligned_65536_same-core_unpaced,0,queue,813.337,826.671,2
3,spsc_unaligned_65536_same-core_unpaced,0,queue,840.004,853.338,1
3,spsc_unaligned_65536_same-core_unpaced,0,queue,853.338,880.004,1
3,spsc_unaligned_65536_same-core_unpaced,0,queue,933.338,960.005,1
3,spsc_unaligned_65536_same-core_unpaced,0,queue,960.005,986.672,1
3,spsc_unaligned_65536_same-core_unpaced,0,queue,1013.34,1040.01,1
3,spsc_unaligned_65536_same-core_unpaced,0,queue,1093.34,1120.01,1
3,spsc_unaligned_65536_same-core_unpaced,0,queue,1120.01,1146.67,2
3,spsc_unaligned_65536_same-core_unpaced,0,queue,1173.34,1200.01,1
3,spsc_unaligned_65536_same-core_unpaced,0,queue,1200.01,1226.67,1
3,spsc_unaligned_65536_same-core_unpaced,0,queue,1280.01,1306.67,1
3,spsc_unaligned_65536_same-core_unpaced,0,queue,1333.34,1360.01,1
3,spsc_unaligned_65536_same-core_unpaced,0,queue,1440.01,1466.67,1
3,spsc_unaligned_65536_same-core_unpaced,0,queue,1466.67,1493.34,1
3,spsc_unaligned_65536_same-core_unpaced,0,queue,1626.67,1653.34,1
3,spsc_unaligned_65536_same-core_unpaced,0,queue,1706.68,1760.01,2
3,spsc_unaligned_65536_same-core_unpaced,0,queue,1760.01,1813.34,1
3,spsc_unaligned_65536_same-core_unpaced,0,queue,20053.4,20480.1,1
3,spsc_unaligned_65536_same-core_unpaced,0,queue,20480.1,20906.8,1
3,spsc_unaligned_65536_same-core_unpaced,0,queue,24320.1,24746.8,1
3,spsc_unaligned_65536_same-core_unpaced,0,queue,24746.8,25173.5,1
3,spsc_unaligned_65536_same-core_unpaced,0,queue,29013.5,29866.8,1
3,spsc_unaligned_65536_same-core_unpaced,0,queue,29866.8,30720.2,1
3,spsc_unaligned_65536_same-core_unpaced,0,queue,30720.2,31573.5,1
3,spsc_unaligned_65536_same-core_unpaced,0,queue,36693.5,37546.9,1
3,spsc_unaligned_65536_same-core_unpaced,0,queue,50346.9,51200.3,2
3,spsc_unaligned_65536_same-core_unpaced,0,queue,56320.3,58027,1
3,spsc_unaligned_65536_same-core_unpaced,0,queue,63147,64853.7,2
3,spsc_unaligned_65536_same-core_unpaced,0,queue,64853.7,66560.3,1
3,spsc_unaligned_65536_same-core_unpaced,0,queue,66560.3,68267,1
3,spsc_unaligned_65536_same-core_unpaced,0,queue,69973.7,71680.4,1
3,spsc_unaligned_65536_same-core_unpaced,0,queue,71680.4,73387,1
3,spsc_unaligned_65536_same-core_unpaced,0,queue,73387,75093.7,1
3,spsc_unaligned_65536_same-core_unpaced,0,queue,75093.7,76800.4,2
3,spsc_unaligned_65536_same-core_unpaced,0,queue,76800.4,78507.1,1
3,spsc_unaligned_65536_same-core_unpaced,0,queue,78507.1,80213.7,1
3,spsc_unaligned_65536_same-core_unpaced,0,queue,85333.8,87040.4,1
3,spsc_unaligned_65536_same-core_unpaced,0,queue,88747.1,90453.8,1
3,spsc_unaligned_65536_same-core_unpaced,0,queue,95573.8,97280.5,2
3,spsc_unaligned_65536_same-core_unpaced,0,queue,98987.2,100694,1
3,spsc_unaligned_65536_same-core_unpaced,0,queue,100694,102401,2
3,spsc_unaligned_65536_same-core_unpaced,0,queue,102401,104107,1
3,spsc_unaligned_65536_same-core_unpaced,0,queue,104107,105814,1
3,spsc_unaligned_65536_same-core_unpaced,0,queue,105814,107521,1
3,spsc_unaligned_65536_same-core_unpaced,0,queue,107521,109227,1
3,spsc_unaligned_65536_same-core_unpaced,0,queue,109227,112641,1
3,spsc_unaligned_65536_same-core_unpaced,0,queue,112641,116054,1
3,spsc_unaligned_65536_same-core_unpaced,0,queue,116054,119467,1
3,spsc_unaligned_65536_same-core_unpaced,0,queue,119467,122881,2
3,spsc_unaligned_65536_same-core_unpaced,0,queue,122881,126294,2
3,spsc_unaligned_65536_same-core_unpaced,0,queue,126294,129707,3
3,spsc_unaligned_65536_same-core_unpaced,0,queue,129707,133121,2
3,spsc_unaligned_65536_same-core_unpaced,0,queue,133121,136534,2
3,spsc_unaligned_65536_same-core_unpaced,0,queue,139947,143361,3
3,spsc_unaligned_65536_same-core_unpaced,0,queue,143361,146774,1
3,spsc_unaligned_65536_same-core_unpaced,0,queue,146774,150187,1
3,spsc_unaligned_65536_same-core_unpaced,0,queue,150187,153601,1
3,spsc_unaligned_65536_same-core_unpaced,0,queue,153601,157014,2
3,spsc_unaligned_65536_same-core_unpaced,0,queue,157014,160427,2
3,spsc_unaligned_65536_same-core_unpaced,0,queue,160427,163841,2
3,spsc_unaligned_65536_same-core_unpaced,0,queue,163841,167254,1
3,spsc_unaligned_65536_same-core_unpaced,0,queue,170668,174081,1
3,spsc_unaligned_65536_same-core_unpaced,0,queue,174081,177494,2
3,spsc_unaligned_65536_same-core_unpaced,0,queue,177494,180908,4
3,spsc_unaligned_65536_same-core_unpaced,0,queue,180908,184321,2
3,spsc_unaligned_65536_same-core_unpaced,0,queue,184321,187734,2
3,spsc_unaligned_65536_same-core_unpaced,0,queue,187734,191148,2
3,spsc_unaligned_65536_same-core_unpaced,0,queue,191148,194561,2
3,spsc_unaligned_65536_same-core_unpaced,0,queue,194561,197974,2
3,spsc_unaligned_65536_same-core_unpaced,0,queue,201388,204801,3
3,spsc_unaligned_65536_same-core_unpaced,0,queue,204801,208214,2
3,spsc_unaligned_65536_same-core_unpaced,0,queue,211628,215041,2
3,spsc_unaligned_65536_same-core_unpaced,0,queue,215041,218454,1
3,spsc_unaligned_65536_same-core_unpaced,0,queue,218454,225281,1
3,spsc_unaligned_65536_same-core_unpaced,0,queue,225281,232108,3
3,spsc_unaligned_65536_same-core_unpaced,0,queue,232108,238935,3
3,spsc_unaligned_65536_same-core_unpaced,0,queue,245761,252588,3
3,spsc_unaligned_65536_same-core_unpaced,0,queue,252588,259415,2
3,spsc_unaligned_65536_same-core_unpaced,0,queue,259415,266241,8
3,spsc_unaligned_65536_same-core_unpaced,0,queue,266241,273068,4
3,spsc_unaligned_65536_same-core_unpaced,0,queue,273068,279895,6
3,spsc_unaligned_65536_same-core_unpaced,0,queue,279895,286721,1
3,spsc_unaligned_65536_same-core_unpaced,0,queue,286721,293548,5
3,spsc_unaligned_65536_same-core_unpaced,0,queue,293548,300375,2
3,spsc_unaligned_65536_same-core_unpaced,0,queue,300375,307202,2
3,spsc_unaligned_65536_same-core_unpaced,0,queue,307202,314028,2
3,spsc_unaligned_65536_same-core_unpaced,0,queue,314028,320855,4
3,spsc_unaligned_65536_same-core_unpaced,0,queue,320855,327682,4
3,spsc_unaligned_65536_same-core_unpaced,0,queue,327682,334508,4
3,spsc_unaligned_65536_same-core_unpaced,0,queue,334508,341335,7
3,spsc_unaligned_65536_same-core_unpaced,0,queue,341335,348162,2
3,spsc_unaligned_65536_same-core_unpaced,0,queue,348162,354988,3
3,spsc_unaligned_65536_same-core_unpaced,0,queue,354988,361815,2
3,spsc_unaligned_65536_same-core_unpaced,0,queue,361815,368642,3
3,spsc_unaligned_65536_same-core_unpaced,0,queue,368642,375469,3
3,spsc_unaligned_65536_same-core_unpaced,0,queue,375469,382295,5
3,spsc_unaligned_65536_same-core_unpaced,0,queue,382295,389122,4
3,spsc_unaligned_65536_same-core_unpaced,0,queue,389122,395949,4
3,spsc_unaligned_65536_same-core_unpaced,0,queue,395949,402775,6
3,spsc_unaligned_65536_same-core_unpaced,0,queue,402775,409602,6
3,spsc_unaligned_65536_same-core_unpaced,0,queue,409602,416429,12
3,spsc_unaligned_65536_same-core_unpaced,0,queue,416429,423255,7
3,spsc_unaligned_65536_same-core_unpaced,0,queue,423255,430082,2
3,spsc_unaligned_65536_same-core_unpaced,0,queue,430082,436909,5
3,spsc_unaligned_65536_same-core_unpaced,0,queue,436909,450562,10
3,spsc_unaligned_65536_same-core_unpaced,0,queue,450562,464216,6
3,spsc_unaligned_65536_same-core_unpaced,0,queue,464216,477869,7
3,spsc_unaligned_65536_same-core_unpaced,0,queue,477869,491522,7
3,spsc_unaligned_65536_same-core_unpaced,0,queue,491522,505176,9
3,spsc_unaligned_65536_same-core_unpaced,0,queue,505176,518829,11
3,spsc_unaligned_65536_same-core_unpaced,0,queue,518829,532483,8
3,spsc_unaligned_65536_same-core_unpaced,0,queue,532483,546136,8
3,spsc_unaligned_65536_same-core_unpaced,0,queue,546136,559789,8
3,spsc_unaligned_65536_same-core_unpaced,0,queue,559789,573443,4
3,spsc_unaligned_65536_same-core_unpaced,0,queue,573443,587096,9
3,spsc_unaligned_65536_same-core_unpaced,0,queue,587096,600750,6
3,spsc_unaligned_65536_same-core_unpaced,0,queue,600750,614403,10
3,spsc_unaligned_65536_same-core_unpaced,0,queue,614403,628056,11
3,spsc_unaligned_65536_same-core_unpaced,0,queue,628056,641710,6
3,spsc_unaligned_65536_same-core_unpaced,0,queue,641710,655363,8
3,spsc_unaligned_65536_same-core_unpaced,0,queue,655363,669017,11
3,spsc_unaligned_65536_same-core_unpaced,0,queue,669017,682670,6
3,spsc_unaligned_65536_same-core_unpaced,0,queue,682670,696323,8
3,spsc_unaligned_65536_same-core_unpaced,0,queue,696323,709977,6
3,spsc_unaligned_65536_same-core_unpaced,0,queue,709977,723630,6
3,spsc_unaligned_65536_same-core_unpaced,0,queue,723630,737284,8
3,spsc_unaligned_65536_same-core_unpaced,0,queue,737284,750937,10
3,spsc_unaligned_65536_same-core_unpaced,0,queue,750937,764590,4
3,spsc_unaligned_65536_same-core_unpaced,0,queue,764590,778244,2
3,spsc_unaligned_65536_same-core_unpaced,0,queue,778244,791897,5
3,spsc_unaligned_65536_same-core_unpaced,0,queue,791897,805551,4
3,spsc_unaligned_65536_same-core_unpaced,0,queue,805551,819204,9
3,spsc_unaligned_65536_same-core_unpaced,0,queue,819204,832857,11
3,spsc_unaligned_65536_same-core_unpaced,0,queue,832857,846511,8
3,spsc_unaligned_65536_same-core_unpaced,0,queue,846511,860164,9
3,spsc_unaligned_65536_same-core_unpaced,0,queue,860164,873818,7
3,spsc_unaligned_65536_same-core_unpaced,0,queue,873818,901124,22
3,spsc_unaligned_65536_same-core_unpaced,0,queue,901124,928431,25
3,spsc_unaligned_65536_same-core_unpaced,0,queue,928431,955738,12
3,spsc_unaligned_65536_same-core_unpaced,0,queue,955738,983045,27
3,spsc_unaligned_65536_same-core_unpaced,0,queue,983045,1.01035e+06,19
3,spsc_unaligned_65536_same-core_unpaced,0,queue,1.01035e+06,1.03766e+06,20
3,spsc_unaligned_65536_same-core_unpaced,0,queue,1.03766e+06,1.06497e+06,21
3,spsc_unaligned_65536_same-core_unpaced,0,queue,1.06497e+06,1.09227e+06,20
3,spsc_unaligned_65536_same-core_unpaced,0,queue,1.09227e+06,1.11958e+06,20
3,spsc_unaligned_65536_same-core_unpaced,0,queue,1.11958e+06,1.14689e+06,14
3,spsc_unaligned_65536_same-core_unpaced,0,queue,1.14689e+06,1.17419e+06,19
3,spsc_unaligned_65536_same-core_unpaced,0,queue,1.17419e+06,1.2015e+06,7
3,spsc_unaligned_65536_same-core_unpaced,0,queue,1.2015e+06,1.22881e+06,26
3,spsc_unaligned_65536_same-core_unpaced,0,queue,1.22881e+06,1.25611e+06,23
3,spsc_unaligned_65536_same-core_unpaced,0,queue,1.25611e+06,1.28342e+06,26
3,spsc_unaligned_65536_same-core_unpaced,0,queue,1.28342e+06,1.31073e+06,20
3,spsc_unaligned_65536_same-core_unpaced,0,queue,1.31073e+06,1.33803e+06,13
3,spsc_unaligned_65536_same-core_unpaced,0,queue,1.33803e+06,1.36534e+06,28
3,spsc_unaligned_65536_same-core_unpaced,0,queue,1.36534e+06,1.39265e+06,21
3,spsc_unaligned_65536_same-core_unpaced,0,queue,1.39265e+06,1.41995e+06,15
3,spsc_unaligned_65536_same-core_unpaced,0,queue,1.41995e+06,1.44726e+06,24
3,spsc_unaligned_65536_same-core_unpaced,0,queue,1.44726e+06,1.47457e+06,14
3,spsc_unaligned_65536_same-core_unpaced,0,queue,1.47457e+06,1.50187e+06,18
3,spsc_unaligned_65536_same-core_unpaced,0,queue,1.50187e+06,1.52918e+06,20
3,spsc_unaligned_65536_same-core_unpaced,0,queue,1.52918e+06,1.55649e+06,24
3,spsc_unaligned_65536_same-core_unpaced,0,queue,1.55649e+06,1.58379e+06,9
3,spsc_unaligned_65536_same-core_unpaced,0,queue,1.58379e+06,1.6111e+06,21
3,spsc_unaligned_65536_same-core_unpaced,0,queue,1.6111e+06,1.63841e+06,10
3,spsc_unaligned_65536_same-core_unpaced,0,queue,1.63841e+06,1.66571e+06,19
3,spsc_unaligned_65536_same-core_unpaced,0,queue,1.66571e+06,1.69302e+06,26
3,spsc_unaligned_65536_same-core_unpaced,0,queue,1.69302e+06,1.72033e+06,17
3,spsc_unaligned_65536_same-core_unpaced,0,queue,1.72033e+06,1.74764e+06,20
3,spsc_unaligned_65536_same-core_unpaced,0,queue,1.74764e+06,1.80225e+06,46
3,spsc_unaligned_65536_same-core_unpaced,0,queue,1.80225e+06,1.85686e+06,44
3,spsc_unaligned_65536_same-core_unpaced,0,queue,1.85686e+06,1.91148e+06,46
3,spsc_unaligned_65536_same-core_unpaced,0,queue,1.91148e+06,1.96609e+06,62
3,spsc_unaligned_65536_same-core_unpaced,0,queue,1.96609e+06,2.0207e+06,49
3,spsc_unaligned_65536_same-core_unpaced,0,queue,2.0207e+06,2.07532e+06,44
3,spsc_unaligned_65536_same-core_unpaced,0,queue,2.07532e+06,2.12993e+06,51
3,spsc_unaligned_65536_same-core_unpaced,0,queue,2.12993e+06,2.18454e+06,45
3,spsc_unaligned_65536_same-core_unpaced,0,queue,2.18454e+06,2.23916e+06,40
3,spsc_unaligned_65536_same-core_unpaced,0,queue,2.23916e+06,2.29377e+06,44
3,spsc_unaligned_65536_same-core_unpaced,0,queue,2.29377e+06,2.34839e+06,41
3,spsc_unaligned_65536_same-core_unpaced,0,queue,2.34839e+06,2.403e+06,42
3,spsc_unaligned_65536_same-core_unpaced,0,queue,2.403e+06,2.45761e+06,52
3,spsc_unaligned_65536_same-core_unpaced,0,queue,2.45761e+06,2.51223e+06,48
3,spsc_unaligned_65536_same-core_unpaced,0,queue,2.51223e+06,2.56684e+06,55
3,spsc_unaligned_65536_same-core_unpaced,0,queue,2.56684e+06,2.62145e+06,43
3,spsc_unaligned_65536_same-core_unpaced,0,queue,2.62145e+06,2.67607e+06,33
3,spsc_unaligned_65536_same-core_unpaced,0,queue,2.67607e+06,2.73068e+06,43
3,spsc_unaligned_65536_same-core_unpaced,0,queue,2.73068e+06,2.78529e+06,43
3,spsc_unaligned_65536_same-core_unpaced,0,queue,2.78529e+06,2.83991e+06,45
3,spsc_unaligned_65536_same-core_unpaced,0,queue,2.83991e+06,2.89452e+06,43
3,spsc_unaligned_65536_same-core_unpaced,0,queue,2.89452e+06,2.94913e+06,36
3,spsc_unaligned_65536_same-core_unpaced,0,queue,2.94913e+06,3.00375e+06,44
3,spsc_unaligned_65536_same-core_unpaced,0,queue,3.00375e+06,3.05836e+06,36
3,spsc_unaligned_65536_same-core_unpaced,0,queue,3.05836e+06,3.11298e+06,33
3,spsc_unaligned_65536_same-core_unpaced,0,queue,3.11298e+06,3.16759e+06,33
3,spsc_unaligned_65536_same-core_unpaced,0,queue,3.16759e+06,3.2222e+06,45
3,spsc_unaligned_65536_same-core_unpaced,0,queue,3.2222e+06,3.27682e+06,45
3,spsc_unaligned_65536_same-core_unpaced,0,queue,3.27682e+06,3.33143e+06,40
3,spsc_unaligned_65536_same-core_unpaced,0,queue,3.33143e+06,3.38604e+06,35
3,spsc_unaligned_65536_same-core_unpaced,0,queue,3.38604e+06,3.44066e+06,36
3,spsc_unaligned_65536_same-core_unpaced,0,queue,3.44066e+06,3.49527e+06,58
3,spsc_unaligned_65536_same-core_unpaced,0,queue,3.49527e+06,3.6045e+06,87
3,spsc_unaligned_65536_same-core_unpaced,0,queue,3.6045e+06,3.71373e+06,85
3,spsc_unaligned_65536_same-core_unpaced,0,queue,3.71373e+06,3.82295e+06,91
3,spsc_unaligned_65536_same-core_unpaced,0,queue,3.82295e+06,3.93218e+06,85
3,spsc_unaligned_65536_same-core_unpaced,0,queue,3.93218e+06,4.04141e+06,96
3,spsc_unaligned_65536_same-core_unpaced,0,queue,4.04141e+06,4.15063e+06,81
3,spsc_unaligned_65536_same-core_unpaced,0,queue,4.15063e+06,4.25986e+06,87
3,spsc_unaligned_65536_same-core_unpaced,0,queue,4.25986e+06,4.36909e+06,85
3,spsc_unaligned_65536_same-core_unpaced,0,queue,4.36909e+06,4.47832e+06,102
3,spsc_unaligned_65536_same-core_unpaced,0,queue,4.47832e+06,4.58754e+06,85
3,spsc_unaligned_65536_same-core_unpaced,0,queue,4.58754e+06,4.69677e+06,80
3,spsc_unaligned_65536_same-core_unpaced,0,queue,4.69677e+06,4.806e+06,125
3,spsc_unaligned_65536_same-core_unpaced,0,queue,4.806e+06,4.91522e+06,106
3,spsc_unaligned_65536_same-core_unpaced,0,queue,4.91522e+06,5.02445e+06,105
3,spsc_unaligned_65536_same-core_unpaced,0,queue,5.02445e+06,5.13368e+06,95
3,spsc_unaligned_65536_same-core_unpaced,0,queue,5.13368e+06,5.24291e+06,78
3,spsc_unaligned_65536_same-core_unpaced,0,queue,5.24291e+06,5.35213e+06,78
3,spsc_unaligned_65536_same-core_unpaced,0,queue,5.35213e+06,5.46136e+06,95
3,spsc_unaligned_65536_same-core_unpaced,0,queue,5.46136e+06,5.57059e+06,87
3,spsc_unaligned_65536_same-core_unpaced,0,queue,5.57059e+06,5.67981e+06,83
3,spsc_unaligned_65536_same-core_unpaced,0,queue,5.67981e+06,5.78904e+06,77
3,spsc_unaligned_65536_same-core_unpaced,0,queue,5.78904e+06,5.89827e+06,83
3,spsc_unaligned_65536_same-core_unpaced,0,queue,5.89827e+06,6.0075e+06,91
3,spsc_unaligned_65536_same-core_unpaced,0,queue,6.0075e+06,6.11672e+06,81
3,spsc_unaligned_65536_same-core_unpaced,0,queue,6.11672e+06,6.22595e+06,87
3,spsc_unaligned_65536_same-core_unpaced,0,queue,6.22595e+06,6.33518e+06,93
3,spsc_unaligned_65536_same-core_unpaced,0,queue,6.33518e+06,6.44441e+06,118
3,spsc_unaligned_65536_same-core_unpaced,0,queue,6.44441e+06,6.55363e+06,87
3,spsc_unaligned_65536_same-core_unpaced,0,queue,6.55363e+06,6.66286e+06,84
3,spsc_unaligned_65536_same-core_unpaced,0,queue,6.66286e+06,6.77209e+06,75
3,spsc_unaligned_65536_same-core_unpaced,0,queue,6.77209e+06,6.88131e+06,5632
3,spsc_unaligned_65536_same-core_unpaced,0,queue,6.88131e+06,6.99054e+06,53557
3,spsc_unaligned_65536_same-core_unpaced,0,queue,6.99054e+06,7.209e+06,120253
3,spsc_unaligned_65536_same-core_unpaced,0,queue,7.209e+06,7.42745e+06,40327
3,spsc_unaligned_65536_same-core_unpaced,0,queue,7.42745e+06,7.6459e+06,17999
3,spsc_unaligned_65536_same-core_unpaced,0,queue,7.6459e+06,7.86436e+06,10371
3,spsc_unaligned_65536_same-core_unpaced,0,queue,7.86436e+06,8.08281e+06,7262
3,spsc_unaligned_65536_same-core_unpaced,0,queue,8.08281e+06,8.30127e+06,6912
3,spsc_unaligned_65536_same-core_unpaced,0,queue,8.30127e+06,8.51972e+06,4930
3,spsc_unaligned_65536_same-core_unpaced,0,queue,8.51972e+06,8.73818e+06,12061
3,spsc_unaligned_65536_same-core_unpaced,0,queue,8.73818e+06,8.95663e+06,7249
3,spsc_unaligned_65536_same-core_unpaced,0,queue,8.95663e+06,9.17509e+06,8254
3,spsc_unaligned_65536_same-core_unpaced,0,queue,9.17509e+06,9.39354e+06,6292
3,spsc_unaligned_65536_same-core_unpaced,0,queue,9.39354e+06,9.61199e+06,2892
3,spsc_unaligned_65536_same-core_unpaced,0,queue,9.61199e+06,9.83045e+06,5175
3,spsc_unaligned_65536_same-core_unpaced,0,queue,9.83045e+06,1.00489e+07,7472
3,spsc_unaligned_65536_same-core_unpaced,0,queue,1.00489e+07,1.02674e+07,30725
3,spsc_unaligned_65536_same-core_unpaced,0,queue,1.02674e+07,1.04858e+07,90224
3,spsc_unaligned_65536_same-core_unpaced,0,queue,1.04858e+07,1.07043e+07,170875
3,spsc_unaligned_65536_same-core_unpaced,0,queue,1.07043e+07,1.09227e+07,355882
3,spsc_unaligned_65536_same-core_unpaced,0,queue,1.09227e+07,1.11412e+07,449335
3,spsc_unaligned_65536_same-core_unpaced,0,queue,1.11412e+07,1.13596e+07,398908
3,spsc_unaligned_65536_same-core_unpaced,0,queue,1.13596e+07,1.15781e+07,240742
3,spsc_unaligned_65536_same-core_unpaced,0,queue,1.15781e+07,1.17965e+07,109331
3,spsc_unaligned_65536_same-core_unpaced,0,queue,1.17965e+07,1.2015e+07,78890
3,spsc_unaligned_65536_same-core_unpaced,0,queue,1.2015e+07,1.22334e+07,38928
3,spsc_unaligned_65536_same-core_unpaced,0,queue,1.22334e+07,1.24519e+07,21290
3,spsc_unaligned_65536_same-core_unpaced,0,queue,1.24519e+07,1.26704e+07,25970
3,spsc_unaligned_65536_same-core_unpaced,0,queue,1.26704e+07,1.28888e+07,7269
3,spsc_unaligned_65536_same-core_unpaced,0,queue,1.28888e+07,1.31073e+07,4557
3,spsc_unaligned_65536_same-core_unpaced,0,queue,1.31073e+07,1.33257e+07,7315
3,spsc_unaligned_65536_same-core_unpaced,0,queue,1.33257e+07,1.35442e+07,3835
3,spsc_unaligned_65536_same-core_unpaced,0,queue,1.35442e+07,1.37626e+07,4667
3,spsc_unaligned_65536_same-core_unpaced,0,queue,1.37626e+07,1.39811e+07,1292
3,spsc_unaligned_65536_same-core_unpaced,0,queue,1.39811e+07,1.4418e+07,1936
3,spsc_unaligned_65536_same-core_unpaced,0,queue,1.4418e+07,1.48549e+07,2413
3,spsc_unaligned_65536_same-core_unpaced,0,queue,1.48549e+07,1.52918e+07,3916
3,spsc_unaligned_65536_same-core_unpaced,0,queue,1.52918e+07,1.57287e+07,1168
3,spsc_unaligned_65536_same-core_unpaced,0,queue,1.57287e+07,1.61656e+07,735
3,spsc_unaligned_65536_same-core_unpaced,0,queue,1.61656e+07,1.66025e+07,962
3,spsc_unaligned_65536_same-core_unpaced,0,queue,1.66025e+07,1.70394e+07,1276
3,spsc_unaligned_65536_same-core_unpaced,0,queue,1.70394e+07,1.74764e+07,974
3,spsc_unaligned_65536_same-core_unpaced,0,queue,1.74764e+07,1.79133e+07,438
3,spsc_unaligned_65536_same-core_unpaced,0,queue,1.79133e+07,1.83502e+07,520
3,spsc_unaligned_65536_same-core_unpaced,0,queue,1.83502e+07,1.87871e+07,470
3,spsc_unaligned_65536_same-core_unpaced,0,queue,1.87871e+07,1.9224e+07,458
3,spsc_unaligned_65536_same-core_unpaced,0,queue,1.9224e+07,1.96609e+07,492
3,spsc_unaligned_65536_same-core_unpaced,0,queue,1.96609e+07,2.00978e+07,509
3,spsc_unaligned_65536_same-core_unpaced,0,queue,2.00978e+07,2.05347e+07,2623
3,spsc_unaligned_65536_same-core_unpaced,0,queue,2.05347e+07,2.09716e+07,484
3,spsc_unaligned_65536_same-core_unpaced,0,book,15.0001,15.4167,1
3,spsc_unaligned_65536_same-core_unpaced,0,book,15.8334,16.2501,8
3,spsc_unaligned_65536_same-core_unpaced,0,book,16.6667,17.0834,5
3,spsc_unaligned_65536_same-core_unpaced,0,book,17.5001,17.9168,1
3,spsc_unaligned_65536_same-core_unpaced,0,book,18.3334,18.7501,4
3,spsc_unaligned_65536_same-core_unpaced,0,book,19.1668,19.5834,5
3,spsc_unaligned_65536_same-core_unpaced,0,book,20.0001,20.4168,36
3,spsc_unaligned_65536_same-core_unpaced,0,book,20.8334,21.2501,189
3,spsc_unaligned_65536_same-core_unpaced,0,book,21.6668,22.0834,351
3,spsc_unaligned_65536_same-core_unpaced,0,book,22.5001,22.9168,231
3,spsc_unaligned_65536_same-core_unpaced,0,book,23.3334,23.7501,167
3,spsc_unaligned_65536_same-core_unpaced,0,book,24.1668,24.5835,252
3,spsc_unaligned_65536_same-core_unpaced,0,book,25.0001,25.4168,354
3,spsc_unaligned_65536_same-core_unpaced,0,book,25.8335,26.2501,519
3,spsc_unaligned_65536_same-core_unpaced,0,book,26.6668,27.5001,950
3,spsc_unaligned_65536_same-core_unpaced,0,book,27.5001,28.3335,1399
3,spsc_unaligned_65536_same-core_unpaced,0,book,28.3335,29.1668,2018
3,spsc_unaligned_65536_same-core_unpaced,0,book,29.1668,30.0001,3092
3,spsc_unaligned_65536_same-core_unpaced,0,book,30.0001,30.8335,4699
3,spsc_unaligned_65536_same-core_unpaced,0,book,30.8335,31.6668,7580
3,spsc_unaligned_65536_same-core_unpaced,0,book,31.6668,32.5002,8802
3,spsc_unaligned_65536_same-core_unpaced,0,book,32.5002,33.3335,8842
3,spsc_unaligned_65536_same-core_unpaced,0,book,33.3335,34.1668,8295
3,spsc_unaligned_65536_same-core_unpaced,0,book,34.1668,35.0002,6265
3,spsc_unaligned_65536_same-core_unpaced,0,book,35.0002,35.8335,5608
3,spsc_unaligned_65536_same-core_unpaced,0,book,35.8335,36.6668,4320
3,spsc_unaligned_65536_same-core_unpaced,0,book,36.6668,37.5002,3298
3,spsc_unaligned_65536_same-core_unpaced,0,book,37.5002,38.3335,3555
3,spsc_unaligned_65536_same-core_unpaced,0,book,38.3335,39.1669,3730
3,spsc_unaligned_65536_same-core_unpaced,0,book,39.1669,40.0002,4528
3,spsc_unaligned_65536_same-core_unpaced,0,book,40.0002,40.8335,7014
3,spsc_unaligned_65536_same-core_unpaced,0,book,40.8335,41.6669,7909
3,spsc_unaligned_65536_same-core_unpaced,0,book,41.6669,42.5002,9924
3,spsc_unaligned_65536_same-core_unpaced,0,book,42.5002,43.3335,12385
3,spsc_unaligned_65536_same-core_unpaced,0,book,43.3335,44.1669,11301
3,spsc_unaligned_65536_same-core_unpaced,0,book,44.1669,45.0002,12027
3,spsc_unaligned_65536_same-core_unpaced,0,book,45.0002,45.8336,10764
3,spsc_unaligned_65536_same-core_unpaced,0,book,45.8336,46.6669,9068
3,spsc_unaligned_65536_same-core_unpaced,0,book,46.6669,47.5002,9056
3,spsc_unaligned_65536_same-core_unpaced,0,book,47.5002,48.3336,7166
3,spsc_unaligned_65536_same-core_unpaced,0,book,48.3336,49.1669,6570
3,spsc_unaligned_65536_same-core_unpaced,0,book,49.1669,50.0002,6384
3,spsc_unaligned_65536_same-core_unpaced,0,book,50.0002,50.8336,5894
3,spsc_unaligned_65536_same-core_unpaced,0,book,50.8336,51.6669,6298
3,spsc_unaligned_65536_same-core_unpaced,0,book,51.6669,52.5003,6371
3,spsc_unaligned_65536_same-core_unpaced,0,book,52.5003,53.3336,6733
3,spsc_unaligned_65536_same-core_unpaced,0,book,53.3336,55.0003,15755
3,spsc_unaligned_65536_same-core_unpaced,0,book,55.0003,56.6669,17860
3,spsc_unaligned_65536_same-core_unpaced,0,book,56.6669,58.3336,19004
3,spsc_unaligned_65536_same-core_unpaced,0,book,58.3336,60.0003,18903
3,spsc_unaligned_65536_same-core_unpaced,0,book,60.0003,61.667,20575
3,spsc_unaligned_65536_same-core_unpaced,0,book,61.667,63.3336,21271
3,spsc_unaligned_65536_same-core_unpaced,0,book,63.3336,65.0003,20914
3,spsc_unaligned_65536_same-core_unpaced,0,book,65.0003,66.667,21124
3,spsc_unaligned_65536_same-core_unpaced,0,book,66.667,68.3337,21464
3,spsc_unaligned_65536_same-core_unpaced,0,book,68.3337,70.0003,20751
3,spsc_unaligned_65536_same-core_unpaced,0,book,70.0003,71.667,20285
3,spsc_unaligned_65536_same-core_unpaced,0,book,71.667,73.3337,19781
3,spsc_unaligned_65536_same-core_unpaced,0,book,73.3337,75.0004,19540
3,spsc_unaligned_65536_same-core_unpaced,0,book,75.0004,76.667,18974
3,spsc_unaligned_65536_same-core_unpaced,0,book,76.667,78.3337,17424
3,spsc_unaligned_65536_same-core_unpaced,0,book,78.3337,80.0004,15398
3,spsc_unaligned_65536_same-core_unpaced,0,book,80.0004,81.6671,15014
3,spsc_unaligned_65536_same-core_unpaced,0,book,81.6671,83.3337,14054
3,spsc_unaligned_65536_same-core_unpaced,0,book,83.3337,85.0004,12498
3,spsc_unaligned_65536_same-core_unpaced,0,book,85.0004,86.6671,11850
3,spsc_unaligned_65536_same-core_unpaced,0,book,86.6671,88.3338,11383
3,spsc_unaligned_65536_same-core_unpaced,0,book,88.3338,90.0004,10424
3,spsc_unaligned_65536_same-core_unpaced,0,book,90.0004,91.6671,9608
3,spsc_unaligned_65536_same-core_unpaced,0,book,91.6671,93.3338,8622
3,spsc_unaligned_65536_same-core_unpaced,0,book,93.3338,95.0005,8249
3,spsc_unaligned_65536_same-core_unpaced,0,book,95.0005,96.6671,7935
3,spsc_unaligned_65536_same-core_unpaced,0,book,96.6671,98.3338,7428
3,spsc_unaligned_65536_same-core_unpaced,0,book,98.3338,100,6716
3,spsc_unaligned_65536_same-core_unpaced,0,book,100,101.667,6658
3,spsc_unaligned_65536_same-core_unpaced,0,book,101.667,103.334,6506
3,spsc_unaligned_65536_same-core_unpaced,0,book,103.334,105.001,5996
3,spsc_unaligned_65536_same-core_unpaced,0,book,105.001,106.667,5831
3,spsc_unaligned_65536_same-core_unpaced,0,book,106.667,110.001,10852
3,spsc_unaligned_65536_same-core_unpaced,0,book,110.001,113.334,9497
3,spsc_unaligned_65536_same-core_unpaced,0,book,113.334,116.667,8997
3,spsc_unaligned_65536_same-core_unpaced,0,book,116.667,120.001,7924
3,spsc_unaligned_65536_same-core_unpaced,0,book,120.001,123.334,7499
3,spsc_unaligned_65536_same-core_unpaced,0,book,123.334,126.667,6575
3,spsc_unaligned_65536_same-core_unpaced,0,book,126.667,130.001,6467
3,spsc_unaligned_65536_same-core_unpaced,0,book,130.001,133.334,8420
3,spsc_unaligned_65536_same-core_unpaced,0,book,133.334,136.667,14652
3,spsc_unaligned_65536_same-core_unpaced,0,book,136.667,140.001,21887
3,spsc_unaligned_65536_same-core_unpaced,0,book,140.001,143.334,27251
3,spsc_unaligned_65536_same-core_unpaced,0,book,143.334,146.667,31643
3,spsc_unaligned_65536_same-core_unpaced,0,book,146.667,150.001,45909
3,spsc_unaligned_65536_same-core_unpaced,0,book,150.001,153.334,55088
3,spsc_unaligned_65536_same-core_unpaced,0,book,153.334,156.667,60734
3,spsc_unaligned_65536_same-core_unpaced,0,book,156.667,160.001,60964
3,spsc_unaligned_65536_same-core_unpaced,0,book,160.001,163.334,66213
3,spsc_unaligned_65536_same-core_unpaced,0,book,163.334,166.667,70908
3,spsc_unaligned_65536_same-core_unpaced,0,book,166.667,170.001,74204
3,spsc_unaligned_65536_same-core_unpaced,0,book,170.001,173.334,62371
3,spsc_unaligned_65536_same-core_unpaced,0,book,173.334,176.668,59411
3,spsc_unaligned_65536_same-core_unpaced,0,book,176.668,180.001,56915
3,spsc_unaligned_65536_same-core_unpaced,0,book,180.001,183.334,51485
3,spsc_unaligned_65536_same-core_unpaced,0,book,183.334,186.668,42359
3,spsc_unaligned_65536_same-core_unpaced,0,book,186.668,190.001,38643
3,spsc_unaligned_65536_same-core_unpaced,0,book,190.001,193.334,34673
3,spsc_unaligned_65536_same-core_unpaced,0,book,193.334,196.668,32306
3,spsc_unaligned_65536_same-core_unpaced,0,book,196.668,200.001,29600
3,spsc_unaligned_65536_same-core_unpaced,0,book,200.001,203.334,28343
3,spsc_unaligned_65536_same-core_unpaced,0,book,203.334,206.668,25127
3,spsc_unaligned_65536_same-core_unpaced,0,book,206.668,210.001,23920
3,spsc_unaligned_65536_same-core_unpaced,0,book,210.001,213.334,21366
3,spsc_unaligned_65536_same-core_unpaced,0,book,213.334,220.001,38446
3,spsc_unaligned_65536_same-core_unpaced,0,book,220.001,226.668,33340
3,spsc_unaligned_65536_same-core_unpaced,0,book,226.668,233.334,29203
3,spsc_unaligned_65536_same-core_unpaced,0,book,233.334,240.001,25892
3,spsc_unaligned_65536_same-core_unpaced,0,book,240.001,246.668,23976
3,spsc_unaligned_65536_same-core_unpaced,0,book,246.668,253.335,21914
3,spsc_unaligned_65536_same-core_unpaced,0,book,253.335,260.001,20309
3,spsc_unaligned_65536_same-core_unpaced,0,book,260.001,266.668,19151
3,spsc_unaligned_65536_same-core_unpaced,0,book,266.668,273.335,18062
3,spsc_unaligned_65536_same-core_unpaced,0,book,273.335,280.001,17140
3,spsc_unaligned_65536_same-core_unpaced,0,book,280.001,286.668,16640
3,spsc_unaligned_65536_same-core_unpaced,0,book,286.668,293.335,16150
3,spsc_unaligned_65536_same-core_unpaced,0,book,293.335,300.001,15453
3,spsc_unaligned_65536_same-core_unpaced,0,book,300.001,306.668,14917
3,spsc_unaligned_65536_same-core_unpaced,0,book,306.668,313.335,14888
3,spsc_unaligned_65536_same-core_unpaced,0,book,313.335,320.002,14605
3,spsc_unaligned_65536_same-core_unpaced,0,book,320.002,326.668,14010
3,spsc_unaligned_65536_same-core_unpaced,0,book,326.668,333.335,13778
3,spsc_unaligned_65536_same-core_unpaced,0,book,333.335,340.002,13311
3,spsc_unaligned_65536_same-core_unpaced,0,book,340.002,346.668,12909
3,spsc_unaligned_65536_same-core_unpaced,0,book,346.668,353.335,12605
3,spsc_unaligned_65536_same-core_unpaced,0,book,353.335,360.002,11959
3,spsc_unaligned_65536_same-core_unpaced,0,book,360.002,366.668,11506
3,spsc_unaligned_65536_same-core_unpaced,0,book,366.668,373.335,10907
3,spsc_unaligned_65536_same-core_unpaced,0,book,373.335,380.002,10139
3,spsc_unaligned_65536_same-core_unpaced,0,book,380.002,386.669,9722
3,spsc_unaligned_65536_same-core_unpaced,0,book,386.669,393.335,9396
3,spsc_unaligned_65536_same-core_unpaced,0,book,393.335,400.002,8872
3,spsc_unaligned_65536_same-core_unpaced,0,book,400.002,406.669,8488
3,spsc_unaligned_65536_same-core_unpaced,0,book,406.669,413.335,7793
3,spsc_unaligned_65536_same-core_unpaced,0,book,413.335,420.002,7195
3,spsc_unaligned_65536_same-core_unpaced,0,book,420.002,426.669,6858
3,spsc_unaligned_65536_same-core_unpaced,0,book,426.669,440.002,12638
3,spsc_unaligned_65536_same-core_unpaced,0,book,440.002,453.336,11561
3,spsc_unaligned_65536_same-core_unpaced,0,book,453.336,466.669,9477
3,spsc_unaligned_65536_same-core_unpaced,0,book,466.669,480.002,7773
3,spsc_unaligned_65536_same-core_unpaced,0,book,480.002,493.336,6468
3,spsc_unaligned_65536_same-core_unpaced,0,book,493.336,506.669,5732
3,spsc_unaligned_65536_same-core_unpaced,0,book,506.669,520.003,4915
3,spsc_unaligned_65536_same-core_unpaced,0,book,520.003,533.336,4337
3,spsc_unaligned_65536_same-core_unpaced,0,book,533.336,546.669,3913
3,spsc_unaligned_65536_same-core_unpaced,0,book,546.669,560.003,3398
3,spsc_unaligned_65536_same-core_unpaced,0,book,560.003,573.336,3190
3,spsc_unaligned_65536_same-core_unpaced,0,book,573.336,586.67,2728
3,spsc_unaligned_65536_same-core_unpaced,0,book,586.67,600.003,2537
3,spsc_unaligned_65536_same-core_unpaced,0,book,600.003,613.336,2233
3,spsc_unaligned_65536_same-core_unpaced,0,book,613.336,626.67,1982
3,spsc_unaligned_65536_same-core_unpaced,0,book,626.67,640.003,1686
3,spsc_unaligned_65536_same-core_unpaced,0,book,640.003,653.337,1533
3,spsc_unaligned_65536_same-core_unpaced,0,book,653.337,666.67,1254
3,spsc_unaligned_65536_same-core_unpaced,0,book,666.67,680.003,1151
3,spsc_unaligned_65536_same-core_unpaced,0,book,680.003,693.337,1036
3,spsc_unaligned_65536_same-core_unpaced,0,book,693.337,706.67,870
3,spsc_unaligned_65536_same-core_unpaced,0,book,706.67,720.004,766
3,spsc_unaligned_65536_same-core_unpaced,0,book,720.004,733.337,682
3,spsc_unaligned_65536_same-core_unpaced,0,book,733.337,746.67,626
3,spsc_unaligned_65536_same-core_unpaced,0,book,746.67,760.004,548
3,spsc_unaligned_65536_same-core_unpaced,0,book,760.004,773.337,480
3,spsc_unaligned_65536_same-core_unpaced,0,book,773.337,786.671,445
3,spsc_unaligned_65536_same-core_unpaced,0,book,786.671,800.004,381
3,spsc_unaligned_65536_same-core_unpaced,0,book,800.004,813.337,332
3,spsc_unaligned_65536_same-core_unpaced,0,book,813.337,826.671,248
3,spsc_unaligned_65536_same-core_unpaced,0,book,826.671,840.004,277
3,spsc_unaligned_65536_same-core_unpaced,0,book,840.004,853.338,234
3,spsc_unaligned_65536_same-core_unpaced,0,book,853.338,880.004,373
3,spsc_unaligned_65536_same-core_unpaced,0,book,880.004,906.671,307
3,spsc_unaligned_65536_same-core_unpaced,0,book,906.671,933.338,211
3,spsc_unaligned_65536_same-core_unpaced,0,book,933.338,960.005,190
3,spsc_unaligned_65536_same-core_unpaced,0,book,960.005,986.672,150
3,spsc_unaligned_65536_same-core_unpaced,0,book,986.672,1013.34,98
3,spsc_unaligned_65536_same-core_unpaced,0,book,1013.34,1040.01,88
3,spsc_unaligned_65536_same-core_unpaced,0,book,1040.01,1066.67,70
3,spsc_unaligned_65536_same-core_unpaced,0,book,1066.67,1093.34,62
3,spsc_unaligned_65536_same-core_unpaced,0,book,1093.34,1120.01,59
3,spsc_unaligned_65536_same-core_unpaced,0,book,1120.01,1146.67,47
3,spsc_unaligned_65536_same-core_unpaced,0,book,1146.67,1173.34,35
3,spsc_unaligned_65536_same-core_unpaced,0,book,1173.34,1200.01,22
3,spsc_unaligned_65536_same-core_unpaced,0,book,1200.01,1226.67,24
3,spsc_unaligned_65536_same-core_unpaced,0,book,1226.67,1253.34,23
3,spsc_unaligned_65536_same-core_unpaced,0,book,1253.34,1280.01,17
3,spsc_unaligned_65536_same-core_unpaced,0,book,1280.01,1306.67,13
3,spsc_unaligned_65536_same-core_unpaced,0,book,1306.67,1333.34,13
3,spsc_unaligned_65536_same-core_unpaced,0,book,1333.34,1360.01,13
3,spsc_unaligned_65536_same-core_unpaced,0,book,1360.01,1386.67,11
3,spsc_unaligned_65536_same-core_unpaced,0,book,1386.67,1413.34,5
3,spsc_unaligned_65536_same-core_unpaced,0,book,1413.34,1440.01,15
3,spsc_unaligned_65536_same-core_unpaced,0,book,1440.01,1466.67,11
3,spsc_unaligned_65536_same-core_unpaced,0,book,1466.67,1493.34,15
3,spsc_unaligned_65536_same-core_unpaced,0,book,1493.34,1520.01,3
3,spsc_unaligned_65536_same-core_unpaced,0,book,1520.01,1546.67,4
3,spsc_unaligned_65536_same-core_unpaced,0,book,1546.67,1573.34,7
3,spsc_unaligned_65536_same-core_unpaced,0,book,1573.34,1600.01,2
3,spsc_unaligned_65536_same-core_unpaced,0,book,1600.01,1626.67,1
3,spsc_unaligned_65536_same-core_unpaced,0,book,1626.67,1653.34,4
3,spsc_unaligned_65536_same-core_unpaced,0,book,1653.34,1680.01,5
3,spsc_unaligned_65536_same-core_unpaced,0,book,1680.01,1706.68,1
3,spsc_unaligned_65536_same-core_unpaced,0,book,1706.68,1760.01,8
3,spsc_unaligned_65536_same-core_unpaced,0,book,1760.01,1813.34,7
3,spsc_unaligned_65536_same-core_unpaced,0,book,1813.34,1866.68,17
3,spsc_unaligned_65536_same-core_unpaced,0,book,1866.68,1920.01,8
3,spsc_unaligned_65536_same-core_unpaced,0,book,1920.01,1973.34,12
3,spsc_unaligned_65536_same-core_unpaced,0,book,1973.34,2026.68,6
3,spsc_unaligned_65536_same-core_unpaced,0,book,2026.68,2080.01,12
3,spsc_unaligned_65536_same-core_unpaced,0,book,2080.01,2133.34,10
3,spsc_unaligned_65536_same-core_unpaced,0,book,2133.34,2186.68,4
3,spsc_unaligned_65536_same-core_unpaced,0,book,2186.68,2240.01,5
3,spsc_unaligned_65536_same-core_unpaced,0,book,2240.01,2293.34,4
3,spsc_unaligned_65536_same-core_unpaced,0,book,2293.34,2346.68,4
3,spsc_unaligned_65536_same-core_unpaced,0,book,2346.68,2400.01,4
3,spsc_unaligned_65536_same-core_unpaced,0,book,2400.01,2453.35,3
3,spsc_unaligned_65536_same-core_unpaced,0,book,2453.35,2506.68,3
3,spsc_unaligned_65536_same-core_unpaced,0,book,2506.68,2560.01,1
3,spsc_unaligned_65536_same-core_unpaced,0,book,2560.01,2613.35,1
3,spsc_unaligned_65536_same-core_unpaced,0,book,2613.35,2666.68,2
3,spsc_unaligned_65536_same-core_unpaced,0,book,2666.68,2720.01,1
3,spsc_unaligned_65536_same-core_unpaced,0,book,2773.35,2826.68,1
3,spsc_unaligned_65536_same-core_unpaced,0,book,2826.68,2880.01,2
3,spsc_unaligned_65536_same-core_unpaced,0,book,2933.35,2986.68,1
3,spsc_unaligned_65536_same-core_unpaced,0,book,3093.35,3146.68,1
3,spsc_unaligned_65536_same-core_unpaced,0,book,3146.68,3200.02,3
3,spsc_unaligned_65536_same-core_unpaced,0,book,3360.02,3413.35,2
3,spsc_unaligned_65536_same-core_unpaced,0,book,3413.35,3520.02,3
3,spsc_unaligned_65536_same-core_unpaced,0,book,3520.02,3626.68,3
3,spsc_unaligned_65536_same-core_unpaced,0,book,3626.68,3733.35,1
3,spsc_unaligned_65536_same-core_unpaced,0,book,3946.69,4053.35,2
3,spsc_unaligned_65536_same-core_unpaced,0,book,4053.35,4160.02,1
3,spsc_unaligned_65536_same-core_unpaced,0,book,4266.69,4373.36,1
3,spsc_unaligned_65536_same-core_unpaced,0,book,4373.36,4480.02,1
3,spsc_unaligned_65536_same-core_unpaced,0,book,4480.02,4586.69,3
3,spsc_unaligned_65536_same-core_unpaced,0,book,4586.69,4693.36,12
3,spsc_unaligned_65536_same-core_unpaced,0,book,4693.36,4800.02,14
3,spsc_unaligned_65536_same-core_unpaced,0,book,4800.02,4906.69,9
3,spsc_unaligned_65536_same-core_unpaced,0,book,4906.69,5013.36,12
3,spsc_unaligned_65536_same-core_unpaced,0,book,5013.36,5120.03,9
3,spsc_unaligned_65536_same-core_unpaced,0,book,5120.03,5226.69,11
3,spsc_unaligned_65536_same-core_unpaced,0,book,5226.69,5333.36,10
3,spsc_unaligned_65536_same-core_unpaced,0,book,5333.36,5440.03,13
3,spsc_unaligned_65536_same-core_unpaced,0,book,5440.03,5546.69,11
3,spsc_unaligned_65536_same-core_unpaced,0,book,5546.69,5653.36,4
3,spsc_unaligned_65536_same-core_unpaced,0,book,5653.36,5760.03,4
3,spsc_unaligned_65536_same-core_unpaced,0,book,5760.03,5866.7,1
3,spsc_unaligned_65536_same-core_unpaced,0,book,5866.7,5973.36,4
3,spsc_unaligned_65536_same-core_unpaced,0,book,6400.03,6506.7,2
3,spsc_unaligned_65536_same-core_unpaced,0,book,7040.04,7253.37,3
3,spsc_unaligned_65536_same-core_unpaced,0,book,7253.37,7466.7,1
3,spsc_unaligned_65536_same-core_unpaced,0,book,7466.7,7680.04,23
3,spsc_unaligned_65536_same-core_unpaced,0,book,7680.04,7893.37,37
3,spsc_unaligned_65536_same-core_unpaced,0,book,7893.37,8106.71,33
3,spsc_unaligned_65536_same-core_unpaced,0,book,8106.71,8320.04,13
3,spsc_unaligned_65536_same-core_unpaced,0,book,8320.04,8533.38,6
3,spsc_unaligned_65536_same-core_unpaced,0,book,8533.38,8746.71,1
3,spsc_unaligned_65536_same-core_unpaced,0,book,8746.71,8960.04,3
3,spsc_unaligned_65536_same-core_unpaced,0,book,8960.04,9173.38,1
3,spsc_unaligned_65536_same-core_unpaced,0,book,9386.71,9600.05,1
3,spsc_unaligned_65536_same-core_unpaced,0,book,10026.7,10240.1,3
3,spsc_unaligned_65536_same-core_unpaced,0,book,10240.1,10453.4,1
3,spsc_unaligned_65536_same-core_unpaced,0,book,10666.7,10880.1,1
3,spsc_unaligned_65536_same-core_unpaced,0,book,10880.1,11093.4,1
3,spsc_unaligned_65536_same-core_unpaced,0,book,11093.4,11306.7,1
3,spsc_unaligned_65536_same-core_unpaced,0,book,11306.7,11520.1,3
3,spsc_unaligned_65536_same-core_unpaced,0,book,11520.1,11733.4,5
3,spsc_unaligned_65536_same-core_unpaced,0,book,11733.4,11946.7,5
3,spsc_unaligned_65536_same-core_unpaced,0,book,11946.7,12160.1,7
3,spsc_unaligned_65536_same-core_unpaced,0,book,12160.1,12373.4,7
3,spsc_unaligned_65536_same-core_unpaced,0,book,12373.4,12586.7,7
3,spsc_unaligned_65536_same-core_unpaced,0,book,12586.7,12800.1,1
3,spsc_unaligned_65536_same-core_unpaced,0,book,12800.1,13013.4,4
3,spsc_unaligned_65536_same-core_unpaced,0,book,13013.4,13226.7,9
3,spsc_unaligned_65536_same-core_unpaced,0,book,13226.7,13440.1,8
3,spsc_unaligned_65536_same-core_unpaced,0,book,13440.1,13653.4,13
3,spsc_unaligned_65536_same-core_unpaced,0,book,13653.4,14080.1,117
3,spsc_unaligned_65536_same-core_unpaced,0,book,14080.1,14506.7,199
3,spsc_unaligned_65536_same-core_unpaced,0,book,14506.7,14933.4,83
3,spsc_unaligned_65536_same-core_unpaced,0,book,14933.4,15360.1,31
3,spsc_unaligned_65536_same-core_unpaced,0,book,15360.1,15786.7,6
3,spsc_unaligned_65536_same-core_unpaced,0,book,15786.7,16213.4,7
3,spsc_unaligned_65536_same-core_unpaced,0,book,16213.4,16640.1,4
3,spsc_unaligned_65536_same-core_unpaced,0,book,16640.1,17066.8,2
3,spsc_unaligned_65536_same-core_unpaced,0,book,17066.8,17493.4,3
3,spsc_unaligned_65536_same-core_unpaced,0,book,17920.1,18346.8,2
3,spsc_unaligned_65536_same-core_unpaced,0,book,18346.8,18773.4,1
3,spsc_unaligned_65536_same-core_unpaced,0,book,19626.8,20053.4,1
3,spsc_unaligned_65536_same-core_unpaced,0,book,36693.5,37546.9,1
