run,label,median,metric,bucket_lo_ns,bucket_hi_ns,count
1,boost_1024_cross-core_unpaced,0,total,186.668,190.001,1
1,boost_1024_cross-core_unpaced,0,total,203.335,206.668,2
1,boost_1024_cross-core_unpaced,0,total,213.335,220.001,2
1,boost_1024_cross-core_unpaced,0,total,220.001,226.668,1
1,boost_1024_cross-core_unpaced,0,total,240.001,246.668,3
1,boost_1024_cross-core_unpaced,0,total,246.668,253.335,5
1,boost_1024_cross-core_unpaced,0,total,253.335,260.001,7
1,boost_1024_cross-core_unpaced,0,total,260.001,266.668,2
1,boost_1024_cross-core_unpaced,0,total,266.668,273.335,1
1,boost_1024_cross-core_unpaced,0,total,273.335,280.002,5
1,boost_1024_cross-core_unpaced,0,total,280.002,286.668,8
1,boost_1024_cross-core_unpaced,0,total,286.668,293.335,5
1,boost_1024_cross-core_unpaced,0,total,293.335,300.002,4
1,boost_1024_cross-core_unpaced,0,total,300.002,306.668,6
1,boost_1024_cross-core_unpaced,0,total,306.668,313.335,6
1,boost_1024_cross-core_unpaced,0,total,313.335,320.002,8
1,boost_1024_cross-core_unpaced,0,total,320.002,326.669,8
1,boost_1024_cross-core_unpaced,0,total,326.669,333.335,12
1,boost_1024_cross-core_unpaced,0,total,333.335,340.002,10
1,boost_1024_cross-core_unpaced,0,total,340.002,346.669,11
1,boost_1024_cross-core_unpaced,0,total,346.669,353.335,11
1,boost_1024_cross-core_unpaced,0,total,353.335,360.002,11
1,boost_1024_cross-core_unpaced,0,total,360.002,366.669,10
1,boost_1024_cross-core_unpaced,0,total,366.669,373.335,8
1,boost_1024_cross-core_unpaced,0,total,373.335,380.002,7
1,boost_1024_cross-core_unpaced,0,total,380.002,386.669,14
1,boost_1024_cross-core_unpaced,0,total,386.669,393.336,6
1,boost_1024_cross-core_unpaced,0,total,393.336,400.002,16
1,boost_1024_cross-core_unpaced,0,total,400.002,406.669,14
1,boost_1024_cross-core_unpaced,0,total,406.669,413.336,19
1,boost_1024_cross-core_unpaced,0,total,413.336,420.002,14
1,boost_1024_cross-core_unpaced,0,total,420.002,426.669,18
1,boost_1024_cross-core_unpaced,0,total,426.669,440.003,24
1,boost_1024_cross-core_unpaced,0,total,440.003,453.336,18
1,boost_1024_cross-core_unpaced,0,total,453.336,466.669,17
1,boost_1024_cross-core_unpaced,0,total,466.669,480.003,12
1,boost_1024_cross-core_unpaced,0,total,480.003,493.336,22
1,boost_1024_cross-core_unpaced,0,total,493.336,506.67,16
1,boost_1024_cross-core_unpaced,0,total,506.67,520.003,14
1,boost_1024_cross-core_unpaced,0,total,520.003,533.336,15
1,boost_1024_cross-core_unpaced,0,total,533.336,546.67,13
1,boost_1024_cross-core_unpaced,0,total,546.67,560.003,12
1,boost_1024_cross-core_unpaced,0,total,560.003,573.337,20
1,boost_1024_cross-core_unpaced,0,total,573.337,586.67,5
1,boost_1024_cross-core_unpaced,0,total,586.67,600.003,10
1,boost_1024_cross-core_unpaced,0,total,600.003,613.337,3
1,boost_1024_cross-core_unpaced,0,total,613.337,626.67,8
1,boost_1024_cross-core_unpaced,0,total,626.67,640.004,11
1,boost_1024_cross-core_unpaced,0,total,640.004,653.337,8
1,boost_1024_cross-core_unpaced,0,total,653.337,666.67,10
1,boost_1024_cross-core_unpaced,0,total,666.67,680.004,4
1,boost_1024_cross-core_unpaced,0,total,680.004,693.337,5
1,boost_1024_cross-core_unpaced,0,total,693.337,706.671,2
1,boost_1024_cross-core_unpaced,0,total,706.671,720.004,6
1,boost_1024_cross-core_unpaced,0,total,720.004,733.338,3
1,boost_1024_cross-core_unpaced,0,total,733.338,746.671,2
1,boost_1024_cross-core_unpaced,0,total,746.671,760.004,2
1,boost_1024_cross-core_unpaced,0,total,760.004,773.338,4
1,boost_1024_cross-core_unpaced,0,total,773.338,786.671,1
1,boost_1024_cross-core_unpaced,0,total,813.338,826.671,1
1,boost_1024_cross-core_unpaced,0,total,826.671,840.005,1
1,boost_1024_cross-core_unpaced,0,total,840.005,853.338,2
1,boost_1024_cross-core_unpaced,0,total,853.338,880.005,4
1,boost_1024_cross-core_unpaced,0,total,880.005,906.672,2
1,boost_1024_cross-core_unpaced,0,total,906.672,933.339,2
1,boost_1024_cross-core_unpaced,0,total,933.339,960.006,4
1,boost_1024_cross-core_unpaced,0,total,960.006,986.672,1
1,boost_1024_cross-core_unpaced,0,total,986.672,1013.34,1
1,boost_1024_cross-core_unpaced,0,total,1013.34,1040.01,1
1,boost_1024_cross-core_unpaced,0,total,1040.01,1066.67,1
1,boost_1024_cross-core_unpaced,0,total,1066.67,1093.34,2
1,boost_1024_cross-core_unpaced,0,total,1226.67,1253.34,1
1,boost_1024_cross-core_unpaced,0,total,1306.67,1333.34,1
1,boost_1024_cross-core_unpaced,0,total,1333.34,1360.01,1
1,boost_1024_cross-core_unpaced,0,total,1386.67,1413.34,2
1,boost_1024_cross-core_unpaced,0,total,1440.01,1466.68,1
1,boost_1024_cross-core_unpaced,0,total,1493.34,1520.01,2
1,boost_1024_cross-core_unpaced,0,total,1653.34,1680.01,2
1,boost_1024_cross-core_unpaced,0,total,1706.68,1760.01,1
1,boost_1024_cross-core_unpaced,0,total,1760.01,1813.34,2
1,boost_1024_cross-core_unpaced,0,total,1813.34,1866.68,1
1,boost_1024_cross-core_unpaced,0,total,1920.01,1973.34,1
1,boost_1024_cross-core_unpaced,0,total,2186.68,2240.01,1
1,boost_1024_cross-core_unpaced,0,total,2506.68,2560.01,1
1,boost_1024_cross-core_unpaced,0,total,2560.01,2613.35,1
1,boost_1024_cross-core_unpaced,0,total,2720.02,2773.35,3
1,boost_1024_cross-core_unpaced,0,total,2826.68,2880.02,2
1,boost_1024_cross-core_unpaced,0,total,2933.35,2986.68,1
1,boost_1024_cross-core_unpaced,0,total,3200.02,3253.35,1
1,boost_1024_cross-core_unpaced,0,total,3253.35,3306.69,1
1,boost_1024_cross-core_unpaced,0,total,3306.69,3360.02,1
1,boost_1024_cross-core_unpaced,0,total,3413.35,3520.02,1
1,boost_1024_cross-core_unpaced,0,total,3520.02,3626.69,1
1,boost_1024_cross-core_unpaced,0,total,3733.35,3840.02,1
1,boost_1024_cross-core_unpaced,0,total,3840.02,3946.69,2
1,boost_1024_cross-core_unpaced,0,total,4160.02,4266.69,1
1,boost_1024_cross-core_unpaced,0,total,4266.69,4373.36,1
1,boost_1024_cross-core_unpaced,0,total,4480.03,4586.69,2
1,boost_1024_cross-core_unpaced,0,total,4693.36,4800.03,1
1,boost_1024_cross-core_unpaced,0,total,4800.03,4906.69,1
1,boost_1024_cross-core_unpaced,0,total,4906.69,5013.36,1
1,boost_1024_cross-core_unpaced,0,total,5013.36,5120.03,1
1,boost_1024_cross-core_unpaced,0,total,5120.03,5226.7,1
1,boost_1024_cross-core_unpaced,0,total,5226.7,5333.36,1
1,boost_1024_cross-core_unpaced,0,total,5333.36,5440.03,3
1,boost_1024_cross-core_unpaced,0,total,5440.03,5546.7,1
1,boost_1024_cross-core_unpaced,0,total,5653.37,5760.03,1
1,boost_1024_cross-core_unpaced,0,total,5760.03,5866.7,3
1,boost_1024_cross-core_unpaced,0,total,5973.37,6080.03,2
1,boost_1024_cross-core_unpaced,0,total,6080.03,6186.7,1
1,boost_1024_cross-core_unpaced,0,total,6400.04,6506.7,2
1,boost_1024_cross-core_unpaced,0,total,6506.7,6613.37,2
1,boost_1024_cross-core_unpaced,0,total,6613.37,6720.04,1
1,boost_1024_cross-core_unpaced,0,total,6720.04,6826.71,1
1,boost_1024_cross-core_unpaced,0,total,6826.71,7040.04,1
1,boost_1024_cross-core_unpaced,0,total,7040.04,7253.38,5
1,boost_1024_cross-core_unpaced,0,total,7253.38,7466.71,2
1,boost_1024_cross-core_unpaced,0,total,7466.71,7680.04,6
1,boost_1024_cross-core_unpaced,0,total,7893.38,8106.71,4
1,boost_1024_cross-core_unpaced,0,total,8106.71,8320.05,2
1,boost_1024_cross-core_unpaced,0,total,8533.38,8746.72,2
1,boost_1024_cross-core_unpaced,0,total,8746.72,8960.05,1
1,boost_1024_cross-core_unpaced,0,total,9173.39,9386.72,1
1,boost_1024_cross-core_unpaced,0,total,9386.72,9600.06,1
1,boost_1024_cross-core_unpaced,0,total,9600.06,9813.39,3
1,boost_1024_cross-core_unpaced,0,total,9813.39,10026.7,1
1,boost_1024_cross-core_unpaced,0,total,10026.7,10240.1,2
1,boost_1024_cross-core_unpaced,0,total,10240.1,10453.4,2
1,boost_1024_cross-core_unpaced,0,total,10453.4,10666.7,4
1,boost_1024_cross-core_unpaced,0,total,10666.7,10880.1,4
1,boost_1024_cross-core_unpaced,0,total,10880.1,11093.4,5
1,boost_1024_cross-core_unpaced,0,total,11093.4,11306.7,3
1,boost_1024_cross-core_unpaced,0,total,11306.7,11520.1,4
1,boost_1024_cross-core_unpaced,0,total,11520.1,11733.4,1
1,boost_1024_cross-core_unpaced,0,total,11733.4,11946.7,4
1,boost_1024_cross-core_unpaced,0,total,11946.7,12160.1,3
1,boost_1024_cross-core_unpaced,0,total,12160.1,12373.4,2
1,boost_1024_cross-core_unpaced,0,total,12373.4,12586.7,4
1,boost_1024_cross-core_unpaced,0,total,12586.7,12800.1,4
1,boost_1024_cross-core_unpaced,0,total,13013.4,13226.7,3
1,boost_1024_cross-core_unpaced,0,total,13226.7,13440.1,2
1,boost_1024_cross-core_unpaced,0,total,13440.1,13653.4,3
1,boost_1024_cross-core_unpaced,0,total,13653.4,14080.1,8
1,boost_1024_cross-core_unpaced,0,total,14080.1,14506.8,8
1,boost_1024_cross-core_unpaced,0,total,14506.8,14933.4,5
1,boost_1024_cross-core_unpaced,0,total,14933.4,15360.1,5
1,boost_1024_cross-core_unpaced,0,total,15360.1,15786.8,5
1,boost_1024_cross-core_unpaced,0,total,15786.8,16213.4,2
1,boost_1024_cross-core_unpaced,0,total,16213.4,16640.1,9
1,boost_1024_cross-core_unpaced,0,total,16640.1,17066.8,9
1,boost_1024_cross-core_unpaced,0,total,17066.8,17493.4,5
1,boost_1024_cross-core_unpaced,0,total,17493.4,17920.1,6
1,boost_1024_cross-core_unpaced,0,total,17920.1,18346.8,10
1,boost_1024_cross-core_unpaced,0,total,18346.8,18773.4,8
1,boost_1024_cross-core_unpaced,0,total,18773.4,19200.1,10
1,boost_1024_cross-core_unpaced,0,total,19200.1,19626.8,6
1,boost_1024_cross-core_unpaced,0,total,19626.8,20053.4,5
1,boost_1024_cross-core_unpaced,0,total,20053.4,20480.1,11
1,boost_1024_cross-core_unpaced,0,total,20480.1,20906.8,7
1,boost_1024_cross-core_unpaced,0,total,20906.8,21333.5,5
1,boost_1024_cross-core_unpaced,0,total,21333.5,21760.1,9
1,boost_1024_cross-core_unpaced,0,total,21760.1,22186.8,12
1,boost_1024_cross-core_unpaced,0,total,22186.8,22613.5,5
1,boost_1024_cross-core_unpaced,0,total,22613.5,23040.1,4
1,boost_1024_cross-core_unpaced,0,total,23040.1,23466.8,8
1,boost_1024_cross-core_unpaced,0,total,23466.8,23893.5,9
1,boost_1024_cross-core_unpaced,0,total,23893.5,24320.1,6
1,boost_1024_cross-core_unpaced,0,total,24320.1,24746.8,4
1,boost_1024_cross-core_unpaced,0,total,24746.8,25173.5,8
1,boost_1024_cross-core_unpaced,0,total,25173.5,25600.1,8
1,boost_1024_cross-core_unpaced,0,total,25600.1,26026.8,7
1,boost_1024_cross-core_unpaced,0,total,26026.8,26453.5,6
1,boost_1024_cross-core_unpaced,0,total,26453.5,26880.2,12
1,boost_1024_cross-core_unpaced,0,total,26880.2,27306.8,12
1,boost_1024_cross-core_unpaced,0,total,27306.8,28160.2,24
1,boost_1024_cross-core_unpaced,0,total,28160.2,29013.5,28
1,boost_1024_cross-core_unpaced,0,total,29013.5,29866.8,28
1,boost_1024_cross-core_unpaced,0,total,29866.8,30720.2,22
1,boost_1024_cross-core_unpaced,0,total,30720.2,31573.5,24
1,boost_1024_cross-core_unpaced,0,total,31573.5,32426.9,24
1,boost_1024_cross-core_unpaced,0,total,32426.9,33280.2,25
1,boost_1024_cross-core_unpaced,0,total,33280.2,34133.5,28
1,boost_1024_cross-core_unpaced,0,total,34133.5,34986.9,23
1,boost_1024_cross-core_unpaced,0,total,34986.9,35840.2,23
1,boost_1024_cross-core_unpaced,0,total,35840.2,36693.5,26
1,boost_1024_cross-core_unpaced,0,total,36693.5,37546.9,20
1,boost_1024_cross-core_unpaced,0,total,37546.9,38400.2,22
1,boost_1024_cross-core_unpaced,0,total,38400.2,39253.6,28
1,boost_1024_cross-core_unpaced,0,total,39253.6,40106.9,20
1,boost_1024_cross-core_unpaced,0,total,40106.9,40960.2,29
1,boost_1024_cross-core_unpaced,0,total,40960.2,41813.6,26
1,boost_1024_cross-core_unpaced,0,total,41813.6,42666.9,28
1,boost_1024_cross-core_unpaced,0,total,42666.9,43520.3,27
1,boost_1024_cross-core_unpaced,0,total,43520.3,44373.6,24
1,boost_1024_cross-core_unpaced,0,total,44373.6,45226.9,27
1,boost_1024_cross-core_unpaced,0,total,45226.9,46080.3,20
1,boost_1024_cross-core_unpaced,0,total,46080.3,46933.6,36
1,boost_1024_cross-core_unpaced,0,total,46933.6,47786.9,28
1,boost_1024_cross-core_unpaced,0,total,47786.9,48640.3,28
1,boost_1024_cross-core_unpaced,0,total,48640.3,49493.6,23
1,boost_1024_cross-core_unpaced,0,total,49493.6,50347,34
1,boost_1024_cross-core_unpaced,0,total,50347,51200.3,33
1,boost_1024_cross-core_unpaced,0,total,51200.3,52053.6,24
1,boost_1024_cross-core_unpaced,0,total,52053.6,52907,39
1,boost_1024_cross-core_unpaced,0,total,52907,53760.3,43
1,boost_1024_cross-core_unpaced,0,total,53760.3,54613.6,36
1,boost_1024_cross-core_unpaced,0,total,54613.6,56320.3,68
1,boost_1024_cross-core_unpaced,0,total,56320.3,58027,81
1,boost_1024_cross-core_unpaced,0,total,58027,59733.7,73
1,boost_1024_cross-core_unpaced,0,total,59733.7,61440.4,96
1,boost_1024_cross-core_unpaced,0,total,61440.4,63147,82
1,boost_1024_cross-core_unpaced,0,total,63147,64853.7,84
1,boost_1024_cross-core_unpaced,0,total,64853.7,66560.4,94
1,boost_1024_cross-core_unpaced,0,total,66560.4,68267.1,89
1,boost_1024_cross-core_unpaced,0,total,68267.1,69973.7,113
1,boost_1024_cross-core_unpaced,0,total,69973.7,71680.4,94
1,boost_1024_cross-core_unpaced,0,total,71680.4,73387.1,119
1,boost_1024_cross-core_unpaced,0,total,73387.1,75093.8,113
1,boost_1024_cross-core_unpaced,0,total,75093.8,76800.4,101
1,boost_1024_cross-core_unpaced,0,total,76800.4,78507.1,85
1,boost_1024_cross-core_unpaced,0,total,78507.1,80213.8,120
1,boost_1024_cross-core_unpaced,0,total,80213.8,81920.5,91
1,boost_1024_cross-core_unpaced,0,total,81920.5,83627.1,84
1,boost_1024_cross-core_unpaced,0,total,83627.1,85333.8,103
1,boost_1024_cross-core_unpaced,0,total,85333.8,87040.5,104
1,boost_1024_cross-core_unpaced,0,total,87040.5,88747.2,79
1,boost_1024_cross-core_unpaced,0,total,88747.2,90453.9,129
1,boost_1024_cross-core_unpaced,0,total,90453.9,92160.5,102
1,boost_1024_cross-core_unpaced,0,total,92160.5,93867.2,113
1,boost_1024_cross-core_unpaced,0,total,93867.2,95573.9,101
1,boost_1024_cross-core_unpaced,0,total,95573.9,97280.6,118
1,boost_1024_cross-core_unpaced,0,total,97280.6,98987.2,108
1,boost_1024_cross-core_unpaced,0,total,98987.2,100694,176
1,boost_1024_cross-core_unpaced,0,total,100694,102401,340
1,boost_1024_cross-core_unpaced,0,total,102401,104107,899
1,boost_1024_cross-core_unpaced,0,total,104107,105814,2903
1,boost_1024_cross-core_unpaced,0,total,105814,107521,7933
1,boost_1024_cross-core_unpaced,0,total,107521,109227,16607
1,boost_1024_cross-core_unpaced,0,total,109227,112641,65433
1,boost_1024_cross-core_unpaced,0,total,112641,116054,75084
1,boost_1024_cross-core_unpaced,0,total,116054,119467,48092
1,boost_1024_cross-core_unpaced,0,total,119467,122881,29622
1,boost_1024_cross-core_unpaced,0,total,122881,126294,20699
1,boost_1024_cross-core_unpaced,0,total,126294,129707,12839
1,boost_1024_cross-core_unpaced,0,total,129707,133121,8953
1,boost_1024_cross-core_unpaced,0,total,133121,136534,10536
1,boost_1024_cross-core_unpaced,0,total,136534,139947,16352
1,boost_1024_cross-core_unpaced,0,total,139947,143361,28190
1,boost_1024_cross-core_unpaced,0,total,143361,146774,47898
1,boost_1024_cross-core_unpaced,0,total,146774,150188,75060
1,boost_1024_cross-core_unpaced,0,total,150188,153601,106462
1,boost_1024_cross-core_unpaced,0,total,153601,157014,153800
1,boost_1024_cross-core_unpaced,0,total,157014,160428,190585
1,boost_1024_cross-core_unpaced,0,total,160428,163841,218756
1,boost_1024_cross-core_unpaced,0,total,163841,167254,229638
1,boost_1024_cross-core_unpaced,0,total,167254,170668,224547
1,boost_1024_cross-core_unpaced,0,total,170668,174081,200894
1,boost_1024_cross-core_unpaced,0,total,174081,177494,165218
1,boost_1024_cross-core_unpaced,0,total,177494,180908,125740
1,boost_1024_cross-core_unpaced,0,total,180908,184321,90003
1,boost_1024_cross-core_unpaced,0,total,184321,187734,62393
1,boost_1024_cross-core_unpaced,0,total,187734,191148,40937
1,boost_1024_cross-core_unpaced,0,total,191148,194561,27454
1,boost_1024_cross-core_unpaced,0,total,194561,197974,18334
1,boost_1024_cross-core_unpaced,0,total,197974,201388,12233
1,boost_1024_cross-core_unpaced,0,total,201388,204801,8408
1,boost_1024_cross-core_unpaced,0,total,204801,208215,6342
1,boost_1024_cross-core_unpaced,0,total,208215,211628,4324
1,boost_1024_cross-core_unpaced,0,total,211628,215041,3176
1,boost_1024_cross-core_unpaced,0,total,215041,218455,2448
1,boost_1024_cross-core_unpaced,0,total,218455,225281,3236
1,boost_1024_cross-core_unpaced,0,total,225281,232108,2326
1,boost_1024_cross-core_unpaced,0,total,232108,238935,1452
1,boost_1024_cross-core_unpaced,0,total,238935,245761,944
1,boost_1024_cross-core_unpaced,0,total,245761,252588,633
1,boost_1024_cross-core_unpaced,0,total,252588,259415,731
1,boost_1024_cross-core_unpaced,0,total,259415,266242,934
1,boost_1024_cross-core_unpaced,0,total,266242,273068,1391
1,boost_1024_cross-core_unpaced,0,total,273068,279895,1960
1,boost_1024_cross-core_unpaced,0,total,279895,286722,1891
1,boost_1024_cross-core_unpaced,0,total,286722,293548,959
1,boost_1024_cross-core_unpaced,0,total,293548,300375,439
1,boost_1024_cross-core_unpaced,0,total,300375,307202,120
1,boost_1024_cross-core_unpaced,0,total,307202,314028,151
1,boost_1024_cross-core_unpaced,0,total,314028,320855,138
1,boost_1024_cross-core_unpaced,0,total,320855,327682,65
1,boost_1024_cross-core_unpaced,0,total,327682,334509,43
1,boost_1024_cross-core_unpaced,0,total,334509,341335,37
1,boost_1024_cross-core_unpaced,0,total,341335,348162,25
1,boost_1024_cross-core_unpaced,0,total,348162,354989,18
1,boost_1024_cross-core_unpaced,0,total,354989,361815,13
1,boost_1024_cross-core_unpaced,0,total,361815,368642,54
1,boost_1024_cross-core_unpaced,0,total,368642,375469,50
1,boost_1024_cross-core_unpaced,0,total,375469,382296,13
1,boost_1024_cross-core_unpaced,0,total,382296,389122,13
1,boost_1024_cross-core_unpaced,0,total,389122,395949,6
1,boost_1024_cross-core_unpaced,0,total,395949,402776,9
1,boost_1024_cross-core_unpaced,0,total,402776,409602,17
1,boost_1024_cross-core_unpaced,0,total,409602,416429,12
1,boost_1024_cross-core_unpaced,0,total,416429,423256,17
1,boost_1024_cross-core_unpaced,0,total,423256,430082,9
1,boost_1024_cross-core_unpaced,0,total,430082,436909,14
1,boost_1024_cross-core_unpaced,0,total,436909,450563,63
1,boost_1024_cross-core_unpaced,0,total,450563,464216,39
1,boost_1024_cross-core_unpaced,0,total,464216,477869,32
1,boost_1024_cross-core_unpaced,0,total,477869,491523,27
1,boost_1024_cross-core_unpaced,0,total,491523,505176,35
1,boost_1024_cross-core_unpaced,0,total,505176,518830,73
1,boost_1024_cross-core_unpaced,0,total,518830,532483,7
1,boost_1024_cross-core_unpaced,0,total,532483,546136,6
1,boost_1024_cross-core_unpaced,0,total,546136,559790,11
1,boost_1024_cross-core_unpaced,0,total,559790,573443,4
1,boost_1024_cross-core_unpaced,0,total,573443,587097,5
1,boost_1024_cross-core_unpaced,0,total,587097,600750,7
1,boost_1024_cross-core_unpaced,0,total,600750,614404,9
1,boost_1024_cross-core_unpaced,0,total,614404,628057,1
1,boost_1024_cross-core_unpaced,0,total,669017,682671,4
1,boost_1024_cross-core_unpaced,0,total,682671,696324,1
1,boost_1024_cross-core_unpaced,0,total,696324,709977,4
1,boost_1024_cross-core_unpaced,0,total,737284,750938,3
1,boost_1024_cross-core_unpaced,0,total,764591,778244,1
1,boost_1024_cross-core_unpaced,0,total,778244,791898,1
1,boost_1024_cross-core_unpaced,0,total,791898,805551,4
1,boost_1024_cross-core_unpaced,0,total,805551,819205,4
1,boost_1024_cross-core_unpaced,0,total,819205,832858,1
1,boost_1024_cross-core_unpaced,0,total,832858,846512,1
1,boost_1024_cross-core_unpaced,0,total,846512,860165,2
1,boost_1024_cross-core_unpaced,0,total,860165,873818,1
1,boost_1024_cross-core_unpaced,0,total,873818,901125,12
1,boost_1024_cross-core_unpaced,0,total,901125,928432,2
1,boost_1024_cross-core_unpaced,0,total,928432,955739,2
1,boost_1024_cross-core_unpaced,0,total,955739,983046,1
1,boost_1024_cross-core_unpaced,0,total,983046,1.01035e+06,8
1,boost_1024_cross-core_unpaced,0,total,1.01035e+06,1.03766e+06,3
1,boost_1024_cross-core_unpaced,0,total,1.03766e+06,1.06497e+06,1
1,boost_1024_cross-core_unpaced,0,total,1.06497e+06,1.09227e+06,5
1,boost_1024_cross-core_unpaced,0,queue,170.001,173.334,1
1,boost_1024_cross-core_unpaced,0,queue,186.668,190.001,2
1,boost_1024_cross-core_unpaced,0,queue,200.001,203.335,2
1,boost_1024_cross-core_unpaced,0,queue,206.668,210.001,1
1,boost_1024_cross-core_unpaced,0,queue,220.001,226.668,1
1,boost_1024_cross-core_unpaced,0,queue,226.668,233.335,4
1,boost_1024_cross-core_unpaced,0,queue,233.335,240.001,6
1,boost_1024_cross-core_unpaced,0,queue,240.001,246.668,5
1,boost_1024_cross-core_unpaced,0,queue,246.668,253.335,3
1,boost_1024_cross-core_unpaced,0,queue,253.335,260.001,5
1,boost_1024_cross-core_unpaced,0,queue,260.001,266.668,6
1,boost_1024_cross-core_unpaced,0,queue,266.668,273.335,6
1,boost_1024_cross-core_unpaced,0,queue,273.335,280.002,6
1,boost_1024_cross-core_unpaced,0,queue,280.002,286.668,3
1,boost_1024_cross-core_unpaced,0,queue,286.668,293.335,8
1,boost_1024_cross-core_unpaced,0,queue,293.335,300.002,9
1,boost_1024_cross-core_unpaced,0,queue,300.002,306.668,7
1,boost_1024_cross-core_unpaced,0,queue,306.668,313.335,11
1,boost_1024_cross-core_unpaced,0,queue,313.335,320.002,12
1,boost_1024_cross-core_unpaced,0,queue,320.002,326.669,8
1,boost_1024_cross-core_unpaced,0,queue,326.669,333.335,15
1,boost_1024_cross-core_unpaced,0,queue,333.335,340.002,12
1,boost_1024_cross-core_unpaced,0,queue,340.002,346.669,5
1,boost_1024_cross-core_unpaced,0,queue,346.669,353.335,13
1,boost_1024_cross-core_unpaced,0,queue,353.335,360.002,8
1,boost_1024_cross-core_unpaced,0,queue,360.002,366.669,7
1,boost_1024_cross-core_unpaced,0,queue,366.669,373.335,10
1,boost_1024_cross-core_unpaced,0,queue,373.335,380.002,11
1,boost_1024_cross-core_unpaced,0,queue,380.002,386.669,14
1,boost_1024_cross-core_unpaced,0,queue,386.669,393.336,21
1,boost_1024_cross-core_unpaced,0,queue,393.336,400.002,14
1,boost_1024_cross-core_unpaced,0,queue,400.002,406.669,19
1,boost_1024_cross-core_unpaced,0,queue,406.669,413.336,14
1,boost_1024_cross-core_unpaced,0,queue,413.336,420.002,7
1,boost_1024_cross-core_unpaced,0,queue,420.002,426.669,12
1,boost_1024_cross-core_unpaced,0,queue,426.669,440.003,18
1,boost_1024_cross-core_unpaced,0,queue,440.003,453.336,21
1,boost_1024_cross-core_unpaced,0,queue,453.336,466.669,10
1,boost_1024_cross-core_unpaced,0,queue,466.669,480.003,23
1,boost_1024_cross-core_unpaced,0,queue,480.003,493.336,16
1,boost_1024_cross-core_unpaced,0,queue,493.336,506.67,18
1,boost_1024_cross-core_unpaced,0,queue,506.67,520.003,14
1,boost_1024_cross-core_unpaced,0,queue,520.003,533.336,12
1,boost_1024_cross-core_unpaced,0,queue,533.336,546.67,13
1,boost_1024_cross-core_unpaced,0,queue,546.67,560.003,15
1,boost_1024_cross-core_unpaced,0,queue,560.003,573.337,8
1,boost_1024_cross-core_unpaced,0,queue,573.337,586.67,5
1,boost_1024_cross-core_unpaced,0,queue,586.67,600.003,6
1,boost_1024_cross-core_unpaced,0,queue,600.003,613.337,8
1,boost_1024_cross-core_unpaced,0,queue,613.337,626.67,10
1,boost_1024_cross-core_unpaced,0,queue,626.67,640.004,7
1,boost_1024_cross-core_unpaced,0,queue,640.004,653.337,11
1,boost_1024_cross-core_unpaced,0,queue,653.337,666.67,2
1,boost_1024_cross-core_unpaced,0,queue,666.67,680.004,5
1,boost_1024_cross-core_unpaced,0,queue,680.004,693.337,2
1,boost_1024_cross-core_unpaced,0,queue,693.337,706.671,4
1,boost_1024_cross-core_unpaced,0,queue,706.671,720.004,2
1,boost_1024_cross-core_unpaced,0,queue,720.004,733.338,1
1,boost_1024_cross-core_unpaced,0,queue,733.338,746.671,2
1,boost_1024_cross-core_unpaced,0,queue,746.671,760.004,2
1,boost_1024_cross-core_unpaced,0,queue,760.004,773.338,2
1,boost_1024_cross-core_unpaced,0,queue,773.338,786.671,3
1,boost_1024_cross-core_unpaced,0,queue,800.005,813.338,2
1,boost_1024_cross-core_unpaced,0,queue,813.338,826.671,2
1,boost_1024_cross-core_unpaced,0,queue,826.671,840.005,2
1,boost_1024_cross-core_unpaced,0,queue,840.005,853.338,3
1,boost_1024_cross-core_unpaced,0,queue,853.338,880.005,2
1,boost_1024_cross-core_unpaced,0,queue,880.005,906.672,1
1,boost_1024_cross-core_unpaced,0,queue,906.672,933.339,1
1,boost_1024_cross-core_unpaced,0,queue,960.006,986.672,2
1,boost_1024_cross-core_unpaced,0,queue,1013.34,1040.01,2
1,boost_1024_cross-core_unpaced,0,queue,1040.01,1066.67,1
1,boost_1024_cross-core_unpaced,0,queue,1173.34,1200.01,1
1,boost_1024_cross-core_unpaced,0,queue,1200.01,1226.67,1
1,boost_1024_cross-core_unpaced,0,queue,1253.34,1280.01,1
1,boost_1024_cross-core_unpaced,0,queue,1280.01,1306.67,1
1,boost_1024_cross-core_unpaced,0,queue,1386.67,1413.34,1
1,boost_1024_cross-core_unpaced,0,queue,1440.01,1466.68,1
1,boost_1024_cross-core_unpaced,0,queue,1466.68,1493.34,1
1,boost_1024_cross-core_unpaced,0,queue,1573.34,1600.01,1
1,boost_1024_cross-core_unpaced,0,queue,1600.01,1626.68,1
1,boost_1024_cross-core_unpaced,0,queue,1626.68,1653.34,1
1,boost_1024_cross-core_unpaced,0,queue,1680.01,1706.68,3
1,boost_1024_cross-core_unpaced,0,queue,1760.01,1813.34,1
1,boost_1024_cross-core_unpaced,0,queue,2026.68,2080.01,1
1,boost_1024_cross-core_unpaced,0,queue,2346.68,2400.01,1
1,boost_1024_cross-core_unpaced,0,queue,2400.01,2453.35,1
1,boost_1024_cross-core_unpaced,0,queue,2453.35,2506.68,1
1,boost_1024_cross-core_unpaced,0,queue,2506.68,2560.01,1
1,boost_1024_cross-core_unpaced,0,queue,2666.68,2720.02,1
1,boost_1024_cross-core_unpaced,0,queue,2773.35,2826.68,1
1,boost_1024_cross-core_unpaced,0,queue,2826.68,2880.02,1
1,boost_1024_cross-core_unpaced,0,queue,2880.02,2933.35,1
1,boost_1024_cross-core_unpaced,0,queue,3040.02,3093.35,1
1,boost_1024_cross-core_unpaced,0,queue,3200.02,3253.35,2
1,boost_1024_cross-core_unpaced,0,queue,3306.69,3360.02,1
1,boost_1024_cross-core_unpaced,0,queue,3413.35,3520.02,1
1,boost_1024_cross-core_unpaced,0,queue,3520.02,3626.69,1
1,boost_1024_cross-core_unpaced,0,queue,3626.69,3733.35,1
1,boost_1024_cross-core_unpaced,0,queue,3733.35,3840.02,1
1,boost_1024_cross-core_unpaced,0,queue,3946.69,4053.36,1
1,boost_1024_cross-core_unpaced,0,queue,4160.02,4266.69,1
1,boost_1024_cross-core_unpaced,0,queue,4266.69,4373.36,2
1,boost_1024_cross-core_unpaced,0,queue,4586.69,4693.36,2
1,boost_1024_cross-core_unpaced,0,queue,4800.03,4906.69,2
1,boost_1024_cross-core_unpaced,0,queue,4906.69,5013.36,1
1,boost_1024_cross-core_unpaced,0,queue,5120.03,5226.7,1
1,boost_1024_cross-core_unpaced,0,queue,5226.7,5333.36,2
1,boost_1024_cross-core_unpaced,0,queue,5333.36,5440.03,2
1,boost_1024_cross-core_unpaced,0,queue,5440.03,5546.7,1
1,boost_1024_cross-core_unpaced,0,queue,5653.37,5760.03,2
1,boost_1024_cross-core_unpaced,0,queue,5760.03,5866.7,2
1,boost_1024_cross-core_unpaced,0,queue,5866.7,5973.37,2
1,boost_1024_cross-core_unpaced,0,queue,6186.7,6293.37,1
1,boost_1024_cross-core_unpaced,0,queue,6293.37,6400.04,2
1,boost_1024_cross-core_unpaced,0,queue,6400.04,6506.7,1
1,boost_1024_cross-core_unpaced,0,queue,6613.37,6720.04,2
1,boost_1024_cross-core_unpaced,0,queue,6720.04,6826.71,2
1,boost_1024_cross-core_unpaced,0,queue,6826.71,7040.04,2
1,boost_1024_cross-core_unpaced,0,queue,7040.04,7253.38,3
1,boost_1024_cross-core_unpaced,0,queue,7253.38,7466.71,6
1,boost_1024_cross-core_unpaced,0,queue,7466.71,7680.04,1
1,boost_1024_cross-core_unpaced,0,queue,7680.04,7893.38,2
1,boost_1024_cross-core_unpaced,0,queue,7893.38,8106.71,4
1,boost_1024_cross-core_unpaced,0,queue,8320.05,8533.38,1
1,boost_1024_cross-core_unpaced,0,queue,8533.38,8746.72,2
1,boost_1024_cross-core_unpaced,0,queue,9173.39,9386.72,1
1,boost_1024_cross-core_unpaced,0,queue,9386.72,9600.06,2
1,boost_1024_cross-core_unpaced,0,queue,9600.06,9813.39,3
1,boost_1024_cross-core_unpaced,0,queue,9813.39,10026.7,2
1,boost_1024_cross-core_unpaced,0,queue,10026.7,10240.1,5
1,boost_1024_cross-core_unpaced,0,queue,10453.4,10666.7,4
1,boost_1024_cross-core_unpaced,0,queue,10666.7,10880.1,4
1,boost_1024_cross-core_unpaced,0,queue,10880.1,11093.4,3
1,boost_1024_cross-core_unpaced,0,queue,11093.4,11306.7,5
1,boost_1024_cross-core_unpaced,0,queue,11306.7,11520.1,2
1,boost_1024_cross-core_unpaced,0,queue,11520.1,11733.4,2
1,boost_1024_cross-core_unpaced,0,queue,11733.4,11946.7,4
1,boost_1024_cross-core_unpaced,0,queue,11946.7,12160.1,2
1,boost_1024_cross-core_unpaced,0,queue,12160.1,12373.4,4
1,boost_1024_cross-core_unpaced,0,queue,12373.4,12586.7,3
1,boost_1024_cross-core_unpaced,0,queue,12586.7,12800.1,2
1,boost_1024_cross-core_unpaced,0,queue,12800.1,13013.4,2
1,boost_1024_cross-core_unpaced,0,queue,13013.4,13226.7,2
1,boost_1024_cross-core_unpaced,0,queue,13226.7,13440.1,4
1,boost_1024_cross-core_unpaced,0,queue,13440.1,13653.4,3
1,boost_1024_cross-core_unpaced,0,queue,13653.4,14080.1,6
1,boost_1024_cross-core_unpaced,0,queue,14080.1,14506.8,7
1,boost_1024_cross-core_unpaced,0,queue,14506.8,14933.4,7
1,boost_1024_cross-core_unpaced,0,queue,14933.4,15360.1,5
1,boost_1024_cross-core_unpaced,0,queue,15360.1,15786.8,3
1,boost_1024_cross-core_unpaced,0,queue,15786.8,16213.4,4
1,boost_1024_cross-core_unpaced,0,queue,16213.4,16640.1,10
1,boost_1024_cross-core_unpaced,0,queue,16640.1,17066.8,10
1,boost_1024_cross-core_unpaced,0,queue,17066.8,17493.4,3
1,boost_1024_cross-core_unpaced,0,queue,17493.4,17920.1,7
1,boost_1024_cross-core_unpaced,0,queue,17920.1,18346.8,10
1,boost_1024_cross-core_unpaced,0,queue,18346.8,18773.4,10
1,boost_1024_cross-core_unpaced,0,queue,18773.4,19200.1,7
1,boost_1024_cross-core_unpaced,0,queue,19200.1,19626.8,4
1,boost_1024_cross-core_unpaced,0,queue,19626.8,20053.4,9
1,boost_1024_cross-core_unpaced,0,queue,20053.4,20480.1,9
1,boost_1024_cross-core_unpaced,0,queue,20480.1,20906.8,7
1,boost_1024_cross-core_unpaced,0,queue,20906.8,21333.5,8
1,boost_1024_cross-core_unpaced,0,queue,21333.5,21760.1,6
1,boost_1024_cross-core_unpaced,0,queue,21760.1,22186.8,14
1,boost_1024_cross-core_unpaced,0,queue,22186.8,22613.5,2
1,boost_1024_cross-core_unpaced,0,queue,22613.5,23040.1,6
1,boost_1024_cross-core_unpaced,0,queue,23040.1,23466.8,9
1,boost_1024_cross-core_unpaced,0,queue,23466.8,23893.5,8
1,boost_1024_cross-core_unpaced,0,queue,23893.5,24320.1,5
1,boost_1024_cross-core_unpaced,0,queue,24320.1,24746.8,5
1,boost_1024_cross-core_unpaced,0,queue,24746.8,25173.5,8
1,boost_1024_cross-core_unpaced,0,queue,25173.5,25600.1,8
1,boost_1024_cross-core_unpaced,0,queue,25600.1,26026.8,7
1,boost_1024_cross-core_unpaced,0,queue,26026.8,26453.5,6
1,boost_1024_cross-core_unpaced,0,queue,26453.5,26880.2,14
1,boost_1024_cross-core_unpaced,0,queue,26880.2,27306.8,11
1,boost_1024_cross-core_unpaced,0,queue,27306.8,28160.2,23
1,boost_1024_cross-core_unpaced,0,queue,28160.2,29013.5,26
1,boost_1024_cross-core_unpaced,0,queue,29013.5,29866.8,31
1,boost_1024_cross-core_unpaced,0,queue,29866.8,30720.2,22
1,boost_1024_cross-core_unpaced,0,queue,30720.2,31573.5,26
1,boost_1024_cross-core_unpaced,0,queue,31573.5,32426.9,19
1,boost_1024_cross-core_unpaced,0,queue,32426.9,33280.2,25
1,boost_1024_cross-core_unpaced,0,queue,33280.2,34133.5,27
1,boost_1024_cross-core_unpaced,0,queue,34133.5,34986.9,25
1,boost_1024_cross-core_unpaced,0,queue,34986.9,35840.2,22
1,boost_1024_cross-core_unpaced,0,queue,35840.2,36693.5,28
1,boost_1024_cross-core_unpaced,0,queue,36693.5,37546.9,18
1,boost_1024_cross-core_unpaced,0,queue,37546.9,38400.2,26
1,boost_1024_cross-core_unpaced,0,queue,38400.2,39253.6,24
1,boost_1024_cross-core_unpaced,0,queue,39253.6,40106.9,22
1,boost_1024_cross-core_unpaced,0,queue,40106.9,40960.2,30
1,boost_1024_cross-core_unpaced,0,queue,40960.2,41813.6,26
1,boost_1024_cross-core_unpaced,0,queue,41813.6,42666.9,33
1,boost_1024_cross-core_unpaced,0,queue,42666.9,43520.3,26
1,boost_1024_cross-core_unpaced,0,queue,43520.3,44373.6,17
1,boost_1024_cross-core_unpaced,0,queue,44373.6,45226.9,29
1,boost_1024_cross-core_unpaced,0,queue,45226.9,46080.3,22
1,boost_1024_cross-core_unpaced,0,queue,46080.3,46933.6,34
1,boost_1024_cross-core_unpaced,0,queue,46933.6,47786.9,31
1,boost_1024_cross-core_unpaced,0,queue,47786.9,48640.3,25
1,boost_1024_cross-core_unpaced,0,queue,48640.3,49493.6,27
1,boost_1024_cross-core_unpaced,0,queue,49493.6,50347,33
1,boost_1024_cross-core_unpaced,0,queue,50347,51200.3,29
1,boost_1024_cross-core_unpaced,0,queue,51200.3,52053.6,33
1,boost_1024_cross-core_unpaced,0,queue,52053.6,52907,32
1,boost_1024_cross-core_unpaced,0,queue,52907,53760.3,48
1,boost_1024_cross-core_unpaced,0,queue,53760.3,54613.6,31
1,boost_1024_cross-core_unpaced,0,queue,54613.6,56320.3,71
1,boost_1024_cross-core_unpaced,0,queue,56320.3,58027,81
1,boost_1024_cross-core_unpaced,0,queue,58027,59733.7,72
1,boost_1024_cross-core_unpaced,0,queue,59733.7,61440.4,101
1,boost_1024_cross-core_unpaced,0,queue,61440.4,63147,72
1,boost_1024_cross-core_unpaced,0,queue,63147,64853.7,91
1,boost_1024_cross-core_unpaced,0,queue,64853.7,66560.4,94
1,boost_1024_cross-core_unpaced,0,queue,66560.4,68267.1,94
1,boost_1024_cross-core_unpaced,0,queue,68267.1,69973.7,107
1,boost_1024_cross-core_unpaced,0,queue,69973.7,71680.4,100
1,boost_1024_cross-core_unpaced,0,queue,71680.4,73387.1,119
1,boost_1024_cross-core_unpaced,0,queue,73387.1,75093.8,108
1,boost_1024_cross-core_unpaced,0,queue,75093.8,76800.4,103
1,boost_1024_cross-core_unpaced,0,queue,76800.4,78507.1,85
1,boost_1024_cross-core_unpaced,0,queue,78507.1,80213.8,116
1,boost_1024_cross-core_unpaced,0,queue,80213.8,81920.5,90
1,boost_1024_cross-core_unpaced,0,queue,81920.5,83627.1,81
1,boost_1024_cross-core_unpaced,0,queue,83627.1,85333.8,110
1,boost_1024_cross-core_unpaced,0,queue,85333.8,87040.5,102
1,boost_1024_cross-core_unpaced,0,queue,87040.5,88747.2,86
1,boost_1024_cross-core_unpaced,0,queue,88747.2,90453.9,124
1,boost_1024_cross-core_unpaced,0,queue,90453.9,92160.5,103
1,boost_1024_cross-core_unpaced,0,queue,92160.5,93867.2,110
1,boost_1024_cross-core_unpaced,0,queue,93867.2,95573.9,102
1,boost_1024_cross-core_unpaced,0,queue,95573.9,97280.6,118
1,boost_1024_cross-core_unpaced,0,queue,97280.6,98987.2,116
1,boost_1024_cross-core_unpaced,0,queue,98987.2,100694,179
1,boost_1024_cross-core_unpaced,0,queue,100694,102401,364
1,boost_1024_cross-core_unpaced,0,queue,102401,104107,988
1,boost_1024_cross-core_unpaced,0,queue,104107,105814,3179
1,boost_1024_cross-core_unpaced,0,queue,105814,107521,8363
1,boost_1024_cross-core_unpaced,0,queue,107521,109227,17537
1,boost_1024_cross-core_unpaced,0,queue,109227,112641,66852
1,boost_1024_cross-core_unpaced,0,queue,112641,116054,74398
1,boost_1024_cross-core_unpaced,0,queue,116054,119467,47079
1,boost_1024_cross-core_unpaced,0,queue,119467,122881,29135
1,boost_1024_cross-core_unpaced,0,queue,122881,126294,20433
1,boost_1024_cross-core_unpaced,0,queue,126294,129707,12572
1,boost_1024_cross-core_unpaced,0,queue,129707,133121,8884
1,boost_1024_cross-core_unpaced,0,queue,133121,136534,10733
1,boost_1024_cross-core_unpaced,0,queue,136534,139947,16745
1,boost_1024_cross-core_unpaced,0,queue,139947,143361,29022
1,boost_1024_cross-core_unpaced,0,queue,143361,146774,49274
1,boost_1024_cross-core_unpaced,0,queue,146774,150188,76573
1,boost_1024_cross-core_unpaced,0,queue,150188,153601,108494
1,boost_1024_cross-core_unpaced,0,queue,153601,157014,156304
1,boost_1024_cross-core_unpaced,0,queue,157014,160428,192351
1,boost_1024_cross-core_unpaced,0,queue,160428,163841,220096
1,boost_1024_cross-core_unpaced,0,queue,163841,167254,229955
1,boost_1024_cross-core_unpaced,0,queue,167254,170668,224014
1,boost_1024_cross-core_unpaced,0,queue,170668,174081,199194
1,boost_1024_cross-core_unpaced,0,queue,174081,177494,162891
1,boost_1024_cross-core_unpaced,0,queue,177494,180908,123722
1,boost_1024_cross-core_unpaced,0,queue,180908,184321,88244
1,boost_1024_cross-core_unpaced,0,queue,184321,187734,61028
1,boost_1024_cross-core_unpaced,0,queue,187734,191148,39953
1,boost_1024_cross-core_unpaced,0,queue,191148,194561,26828
1,boost_1024_cross-core_unpaced,0,queue,194561,197974,17904
1,boost_1024_cross-core_unpaced,0,queue,197974,201388,11913
1,boost_1024_cross-core_unpaced,0,queue,201388,204801,8260
1,boost_1024_cross-core_unpaced,0,queue,204801,208215,6242
1,boost_1024_cross-core_unpaced,0,queue,208215,211628,4229
1,boost_1024_cross-core_unpaced,0,queue,211628,215041,3095
1,boost_1024_cross-core_unpaced,0,queue,215041,218455,2407
1,boost_1024_cross-core_unpaced,0,queue,218455,225281,3180
1,boost_1024_cross-core_unpaced,0,queue,225281,232108,2300
1,boost_1024_cross-core_unpaced,0,queue,232108,238935,1423
1,boost_1024_cross-core_unpaced,0,queue,238935,245761,942
1,boost_1024_cross-core_unpaced,0,queue,245761,252588,620
1,boost_1024_cross-core_unpaced,0,queue,252588,259415,735
1,boost_1024_cross-core_unpaced,0,queue,259415,266242,963
1,boost_1024_cross-core_unpaced,0,queue,266242,273068,1406
1,boost_1024_cross-core_unpaced,0,queue,273068,279895,1977
1,boost_1024_cross-core_unpaced,0,queue,279895,286722,1865
1,boost_1024_cross-core_unpaced,0,queue,286722,293548,927
1,boost_1024_cross-core_unpaced,0,queue,293548,300375,423
1,boost_1024_cross-core_unpaced,0,queue,300375,307202,119
1,boost_1024_cross-core_unpaced,0,queue,307202,314028,149
1,boost_1024_cross-core_unpaced,0,queue,314028,320855,142
1,boost_1024_cross-core_unpaced,0,queue,320855,327682,56
1,boost_1024_cross-core_unpaced,0,queue,327682,334509,44
1,boost_1024_cross-core_unpaced,0,queue,334509,341335,37
1,boost_1024_cross-core_unpaced,0,queue,341335,348162,26
1,boost_1024_cross-core_unpaced,0,queue,348162,354989,16
1,boost_1024_cross-core_unpaced,0,queue,354989,361815,13
1,boost_1024_cross-core_unpaced,0,queue,361815,368642,56
1,boost_1024_cross-core_unpaced,0,queue,368642,375469,49
1,boost_1024_cross-core_unpaced,0,queue,375469,382296,12
1,boost_1024_cross-core_unpaced,0,queue,382296,389122,13
1,boost_1024_cross-core_unpaced,0,queue,389122,395949,6
1,boost_1024_cross-core_unpaced,0,queue,395949,402776,10
1,boost_1024_cross-core_unpaced,0,queue,402776,409602,17
1,boost_1024_cross-core_unpaced,0,queue,409602,416429,11
1,boost_1024_cross-core_unpaced,0,queue,416429,423256,18
1,boost_1024_cross-core_unpaced,0,queue,423256,430082,8
1,boost_1024_cross-core_unpaced,0,queue,430082,436909,17
1,boost_1024_cross-core_unpaced,0,queue,436909,450563,61
1,boost_1024_cross-core_unpaced,0,queue,450563,464216,38
1,boost_1024_cross-core_unpaced,0,queue,464216,477869,32
1,boost_1024_cross-core_unpaced,0,queue,477869,491523,27
1,boost_1024_cross-core_unpaced,0,queue,491523,505176,40
1,boost_1024_cross-core_unpaced,0,queue,505176,518830,68
1,boost_1024_cross-core_unpaced,0,queue,518830,532483,7
1,boost_1024_cross-core_unpaced,0,queue,532483,546136,8
1,boost_1024_cross-core_unpaced,0,queue,546136,559790,9
1,boost_1024_cross-core_unpaced,0,queue,559790,573443,4
1,boost_1024_cross-core_unpaced,0,queue,573443,587097,5
1,boost_1024_cross-core_unpaced,0,queue,587097,600750,8
1,boost_1024_cross-core_unpaced,0,queue,600750,614404,8
1,boost_1024_cross-core_unpaced,0,queue,614404,628057,1
1,boost_1024_cross-core_unpaced,0,queue,669017,682671,4
1,boost_1024_cross-core_unpaced,0,queue,682671,696324,1
1,boost_1024_cross-core_unpaced,0,queue,696324,709977,4
1,boost_1024_cross-core_unpaced,0,queue,723631,737284,1
1,boost_1024_cross-core_unpaced,0,queue,737284,750938,2
1,boost_1024_cross-core_unpaced,0,queue,764591,778244,1
1,boost_1024_cross-core_unpaced,0,queue,778244,791898,1
1,boost_1024_cross-core_unpaced,0,queue,791898,805551,4
1,boost_1024_cross-core_unpaced,0,queue,805551,819205,4
1,boost_1024_cross-core_unpaced,0,queue,819205,832858,1
1,boost_1024_cross-core_unpaced,0,queue,832858,846512,2
1,boost_1024_cross-core_unpaced,0,queue,846512,860165,1
1,boost_1024_cross-core_unpaced,0,queue,860165,873818,1
1,boost_1024_cross-core_unpaced,0,queue,873818,901125,12
1,boost_1024_cross-core_unpaced,0,queue,901125,928432,2
1,boost_1024_cross-core_unpaced,0,queue,928432,955739,2
1,boost_1024_cross-core_unpaced,0,queue,955739,983046,1
1,boost_1024_cross-core_unpaced,0,queue,983046,1.01035e+06,9
1,boost_1024_cross-core_unpaced,0,queue,1.01035e+06,1.03766e+06,2
1,boost_1024_cross-core_unpaced,0,queue,1.03766e+06,1.06497e+06,1
1,boost_1024_cross-core_unpaced,0,queue,1.06497e+06,1.09227e+06,5
1,boost_1024_cross-core_unpaced,0,book,15.8334,16.2501,11
1,boost_1024_cross-core_unpaced,0,book,16.6668,17.0834,316
1,boost_1024_cross-core_unpaced,0,book,17.5001,17.9168,172
1,boost_1024_cross-core_unpaced,0,book,18.3334,18.7501,48
1,boost_1024_cross-core_unpaced,0,book,19.1668,19.5834,264
1,boost_1024_cross-core_unpaced,0,book,20.0001,20.4168,3326
1,boost_1024_cross-core_unpaced,0,book,20.8335,21.2501,14096
1,boost_1024_cross-core_unpaced,0,book,21.6668,22.0835,15223
1,boost_1024_cross-core_unpaced,0,book,22.5001,22.9168,4713
1,boost_1024_cross-core_unpaced,0,book,23.3335,23.7501,925
1,boost_1024_cross-core_unpaced,0,book,24.1668,24.5835,418
1,boost_1024_cross-core_unpaced,0,book,25.0001,25.4168,446
1,boost_1024_cross-core_unpaced,0,book,25.8335,26.2502,547
1,boost_1024_cross-core_unpaced,0,book,26.6668,27.5002,862
1,boost_1024_cross-core_unpaced,0,book,27.5002,28.3335,752
1,boost_1024_cross-core_unpaced,0,book,28.3335,29.1668,1298
1,boost_1024_cross-core_unpaced,0,book,29.1668,30.0002,3836
1,boost_1024_cross-core_unpaced,0,book,30.0002,30.8335,3110
1,boost_1024_cross-core_unpaced,0,book,30.8335,31.6668,1314
1,boost_1024_cross-core_unpaced,0,book,31.6668,32.5002,692
1,boost_1024_cross-core_unpaced,0,book,32.5002,33.3335,1620
1,boost_1024_cross-core_unpaced,0,book,33.3335,34.1669,7076
1,boost_1024_cross-core_unpaced,0,book,34.1669,35.0002,11316
1,boost_1024_cross-core_unpaced,0,book,35.0002,35.8335,13450
1,boost_1024_cross-core_unpaced,0,book,35.8335,36.6669,9419
1,boost_1024_cross-core_unpaced,0,book,36.6669,37.5002,5014
1,boost_1024_cross-core_unpaced,0,book,37.5002,38.3336,3368
1,boost_1024_cross-core_unpaced,0,book,38.3336,39.1669,3030
1,boost_1024_cross-core_unpaced,0,book,39.1669,40.0002,3002
1,boost_1024_cross-core_unpaced,0,book,40.0002,40.8336,3176
1,boost_1024_cross-core_unpaced,0,book,40.8336,41.6669,2901
1,boost_1024_cross-core_unpaced,0,book,41.6669,42.5002,3929
1,boost_1024_cross-core_unpaced,0,book,42.5002,43.3336,5617
1,boost_1024_cross-core_unpaced,0,book,43.3336,44.1669,5511
1,boost_1024_cross-core_unpaced,0,book,44.1669,45.0003,6138
1,boost_1024_cross-core_unpaced,0,book,45.0003,45.8336,5851
1,boost_1024_cross-core_unpaced,0,book,45.8336,46.6669,4753
1,boost_1024_cross-core_unpaced,0,book,46.6669,47.5003,4961
1,boost_1024_cross-core_unpaced,0,book,47.5003,48.3336,5438
1,boost_1024_cross-core_unpaced,0,book,48.3336,49.1669,6435
1,boost_1024_cross-core_unpaced,0,book,49.1669,50.0003,7109
1,boost_1024_cross-core_unpaced,0,book,50.0003,50.8336,6623
1,boost_1024_cross-core_unpaced,0,book,50.8336,51.667,7087
1,boost_1024_cross-core_unpaced,0,book,51.667,52.5003,7667
1,boost_1024_cross-core_unpaced,0,book,52.5003,53.3336,8171
1,boost_1024_cross-core_unpaced,0,book,53.3336,55.0003,16012
1,boost_1024_cross-core_unpaced,0,book,55.0003,56.667,15286
1,boost_1024_cross-core_unpaced,0,book,56.667,58.3337,15310
1,boost_1024_cross-core_unpaced,0,book,58.3337,60.0003,15562
1,boost_1024_cross-core_unpaced,0,book,60.0003,61.667,16321
1,boost_1024_cross-core_unpaced,0,book,61.667,63.3337,16405
1,boost_1024_cross-core_unpaced,0,book,63.3337,65.0004,15203
1,boost_1024_cross-core_unpaced,0,book,65.0004,66.667,14712
1,boost_1024_cross-core_unpaced,0,book,66.667,68.3337,15450
1,boost_1024_cross-core_unpaced,0,book,68.3337,70.0004,15819
1,boost_1024_cross-core_unpaced,0,book,70.0004,71.6671,15929
1,boost_1024_cross-core_unpaced,0,book,71.6671,73.3338,14984
1,boost_1024_cross-core_unpaced,0,book,73.3338,75.0004,13702
1,boost_1024_cross-core_unpaced,0,book,75.0004,76.6671,13229
1,boost_1024_cross-core_unpaced,0,book,76.6671,78.3338,12347
1,boost_1024_cross-core_unpaced,0,book,78.3338,80.0005,11850
1,boost_1024_cross-core_unpaced,0,book,80.0005,81.6671,12384
1,boost_1024_cross-core_unpaced,0,book,81.6671,83.3338,12352
1,boost_1024_cross-core_unpaced,0,book,83.3338,85.0005,12070
1,boost_1024_cross-core_unpaced,0,book,85.0005,86.6672,11447
1,boost_1024_cross-core_unpaced,0,book,86.6672,88.3338,11122
1,boost_1024_cross-core_unpaced,0,book,88.3338,90.0005,10112
1,boost_1024_cross-core_unpaced,0,book,90.0005,91.6672,9928
1,boost_1024_cross-core_unpaced,0,book,91.6672,93.3339,9546
1,boost_1024_cross-core_unpaced,0,book,93.3339,95.0005,9775
1,boost_1024_cross-core_unpaced,0,book,95.0005,96.6672,10103
1,boost_1024_cross-core_unpaced,0,book,96.6672,98.3339,9771
1,boost_1024_cross-core_unpaced,0,book,98.3339,100.001,9578
1,boost_1024_cross-core_unpaced,0,book,100.001,101.667,10195
1,boost_1024_cross-core_unpaced,0,book,101.667,103.334,10193
1,boost_1024_cross-core_unpaced,0,book,103.334,105.001,9448
1,boost_1024_cross-core_unpaced,0,book,105.001,106.667,9455
1,boost_1024_cross-core_unpaced,0,book,106.667,110.001,19195
1,boost_1024_cross-core_unpaced,0,book,110.001,113.334,18276
1,boost_1024_cross-core_unpaced,0,book,113.334,116.667,17575
1,boost_1024_cross-core_unpaced,0,book,116.667,120.001,15511
1,boost_1024_cross-core_unpaced,0,book,120.001,123.334,14942
1,boost_1024_cross-core_unpaced,0,book,123.334,126.667,15591
1,boost_1024_cross-core_unpaced,0,book,126.667,130.001,24843
1,boost_1024_cross-core_unpaced,0,book,130.001,133.334,28972
1,boost_1024_cross-core_unpaced,0,book,133.334,136.667,25177
1,boost_1024_cross-core_unpaced,0,book,136.667,140.001,34728
1,boost_1024_cross-core_unpaced,0,book,140.001,143.334,58163
1,boost_1024_cross-core_unpaced,0,book,143.334,146.668,53865
1,boost_1024_cross-core_unpaced,0,book,146.668,150.001,45958
1,boost_1024_cross-core_unpaced,0,book,150.001,153.334,56974
1,boost_1024_cross-core_unpaced,0,book,153.334,156.668,66961
1,boost_1024_cross-core_unpaced,0,book,156.668,160.001,51869
1,boost_1024_cross-core_unpaced,0,book,160.001,163.334,46937
1,boost_1024_cross-core_unpaced,0,book,163.334,166.668,47076
1,boost_1024_cross-core_unpaced,0,book,166.668,170.001,42990
1,boost_1024_cross-core_unpaced,0,book,170.001,173.334,36202
1,boost_1024_cross-core_unpaced,0,book,173.334,176.668,36364
1,boost_1024_cross-core_unpaced,0,book,176.668,180.001,33752
1,boost_1024_cross-core_unpaced,0,book,180.001,183.334,34297
1,boost_1024_cross-core_unpaced,0,book,183.334,186.668,32782
1,boost_1024_cross-core_unpaced,0,book,186.668,190.001,34786
1,boost_1024_cross-core_unpaced,0,book,190.001,193.334,35374
1,boost_1024_cross-core_unpaced,0,book,193.334,196.668,34871
1,boost_1024_cross-core_unpaced,0,book,196.668,200.001,32891
1,boost_1024_cross-core_unpaced,0,book,200.001,203.335,34512
1,boost_1024_cross-core_unpaced,0,book,203.335,206.668,32256
1,boost_1024_cross-core_unpaced,0,book,206.668,210.001,30816
1,boost_1024_cross-core_unpaced,0,book,210.001,213.335,27829
1,boost_1024_cross-core_unpaced,0,book,213.335,220.001,51500
1,boost_1024_cross-core_unpaced,0,book,220.001,226.668,43556
1,boost_1024_cross-core_unpaced,0,book,226.668,233.335,37409
1,boost_1024_cross-core_unpaced,0,book,233.335,240.001,32722
1,boost_1024_cross-core_unpaced,0,book,240.001,246.668,29474
1,boost_1024_cross-core_unpaced,0,book,246.668,253.335,26269
1,boost_1024_cross-core_unpaced,0,book,253.335,260.001,23592
1,boost_1024_cross-core_unpaced,0,book,260.001,266.668,22033
1,boost_1024_cross-core_unpaced,0,book,266.668,273.335,20429
1,boost_1024_cross-core_unpaced,0,book,273.335,280.002,19174
1,boost_1024_cross-core_unpaced,0,book,280.002,286.668,17993
1,boost_1024_cross-core_unpaced,0,book,286.668,293.335,17399
1,boost_1024_cross-core_unpaced,0,book,293.335,300.002,16313
1,boost_1024_cross-core_unpaced,0,book,300.002,306.668,15722
1,boost_1024_cross-core_unpaced,0,book,306.668,313.335,15066
1,boost_1024_cross-core_unpaced,0,book,313.335,320.002,14233
1,boost_1024_cross-core_unpaced,0,book,320.002,326.669,13944
1,boost_1024_cross-core_unpaced,0,book,326.669,333.335,13341
1,boost_1024_cross-core_unpaced,0,book,333.335,340.002,12833
1,boost_1024_cross-core_unpaced,0,book,340.002,346.669,12239
1,boost_1024_cross-core_unpaced,0,book,346.669,353.335,11537
1,boost_1024_cross-core_unpaced,0,book,353.335,360.002,11090
1,boost_1024_cross-core_unpaced,0,book,360.002,366.669,10776
1,boost_1024_cross-core_unpaced,0,book,366.669,373.335,10228
1,boost_1024_cross-core_unpaced,0,book,373.335,380.002,9647
1,boost_1024_cross-core_unpaced,0,book,380.002,386.669,9298
1,boost_1024_cross-core_unpaced,0,book,386.669,393.336,8981
1,boost_1024_cross-core_unpaced,0,book,393.336,400.002,8092
1,boost_1024_cross-core_unpaced,0,book,400.002,406.669,7815
1,boost_1024_cross-core_unpaced,0,book,406.669,413.336,7316
1,boost_1024_cross-core_unpaced,0,book,413.336,420.002,6873
1,boost_1024_cross-core_unpaced,0,book,420.002,426.669,6842
1,boost_1024_cross-core_unpaced,0,book,426.669,440.003,12175
1,boost_1024_cross-core_unpaced,0,book,440.003,453.336,10474
1,boost_1024_cross-core_unpaced,0,book,453.336,466.669,8894
1,boost_1024_cross-core_unpaced,0,book,466.669,480.003,7471
1,boost_1024_cross-core_unpaced,0,book,480.003,493.336,6564
1,boost_1024_cross-core_unpaced,0,book,493.336,506.67,5616
1,boost_1024_cross-core_unpaced,0,book,506.67,520.003,4524
1,boost_1024_cross-core_unpaced,0,book,520.003,533.336,4069
1,boost_1024_cross-core_unpaced,0,book,533.336,546.67,3523
1,boost_1024_cross-core_unpaced,0,book,546.67,560.003,3037
1,boost_1024_cross-core_unpaced,0,book,560.003,573.337,2795
1,boost_1024_cross-core_unpaced,0,book,573.337,586.67,2417
1,boost_1024_cross-core_unpaced,0,book,586.67,600.003,2027
1,boost_1024_cross-core_unpaced,0,book,600.003,613.337,1910
1,boost_1024_cross-core_unpaced,0,book,613.337,626.67,1567
1,boost_1024_cross-core_unpaced,0,book,626.67,640.004,1357
1,boost_1024_cross-core_unpaced,0,book,640.004,653.337,1219
1,boost_1024_cross-core_unpaced,0,book,653.337,666.67,1015
1,boost_1024_cross-core_unpaced,0,book,666.67,680.004,921
1,boost_1024_cross-core_unpaced,0,book,680.004,693.337,803
1,boost_1024_cross-core_unpaced,0,book,693.337,706.671,741
1,boost_1024_cross-core_unpaced,0,book,706.671,720.004,603
1,boost_1024_cross-core_unpaced,0,book,720.004,733.338,563
1,boost_1024_cross-core_unpaced,0,book,733.338,746.671,447
1,boost_1024_cross-core_unpaced,0,book,746.671,760.004,372
1,boost_1024_cross-core_unpaced,0,book,760.004,773.338,376
1,boost_1024_cross-core_unpaced,0,book,773.338,786.671,331
1,boost_1024_cross-core_unpaced,0,book,786.671,800.005,276
1,boost_1024_cross-core_unpaced,0,book,800.005,813.338,266
1,boost_1024_cross-core_unpaced,0,book,813.338,826.671,209
1,boost_1024_cross-core_unpaced,0,book,826.671,840.005,201
1,boost_1024_cross-core_unpaced,0,book,840.005,853.338,153
1,boost_1024_cross-core_unpaced,0,book,853.338,880.005,283
1,boost_1024_cross-core_unpaced,0,book,880.005,906.672,191
1,boost_1024_cross-core_unpaced,0,book,906.672,933.339,172
1,boost_1024_cross-core_unpaced,0,book,933.339,960.006,126
1,boost_1024_cross-core_unpaced,0,book,960.006,986.672,92
1,boost_1024_cross-core_unpaced,0,book,986.672,1013.34,85
1,boost_1024_cross-core_unpaced,0,book,1013.34,1040.01,71
1,boost_1024_cross-core_unpaced,0,book,1040.01,1066.67,53
1,boost_1024_cross-core_unpaced,0,book,1066.67,1093.34,32
1,boost_1024_cross-core_unpaced,0,book,1093.34,1120.01,30
1,boost_1024_cross-core_unpaced,0,book,1120.01,1146.67,29
1,boost_1024_cross-core_unpaced,0,book,1146.67,1173.34,31
1,boost_1024_cross-core_unpaced,0,book,1173.34,1200.01,17
1,boost_1024_cross-core_unpaced,0,book,1200.01,1226.67,11
1,boost_1024_cross-core_unpaced,0,book,1226.67,1253.34,10
1,boost_1024_cross-core_unpaced,0,book,1253.34,1280.01,9
1,boost_1024_cross-core_unpaced,0,book,1280.01,1306.67,5
1,boost_1024_cross-core_unpaced,0,book,1306.67,1333.34,8
1,boost_1024_cross-core_unpaced,0,book,1333.34,1360.01,5
1,boost_1024_cross-core_unpaced,0,book,1360.01,1386.67,10
1,boost_1024_cross-core_unpaced,0,book,1386.67,1413.34,9
1,boost_1024_cross-core_unpaced,0,book,1413.34,1440.01,4
1,boost_1024_cross-core_unpaced,0,book,1440.01,1466.68,4
1,boost_1024_cross-core_unpaced,0,book,1466.68,1493.34,6
1,boost_1024_cross-core_unpaced,0,book,1493.34,1520.01,6
1,boost_1024_cross-core_unpaced,0,book,1520.01,1546.68,5
1,boost_1024_cross-core_unpaced,0,book,1546.68,1573.34,5
1,boost_1024_cross-core_unpaced,0,book,1573.34,1600.01,2
1,boost_1024_cross-core_unpaced,0,book,1600.01,1626.68,7
1,boost_1024_cross-core_unpaced,0,book,1626.68,1653.34,5
1,boost_1024_cross-core_unpaced,0,book,1653.34,1680.01,8
1,boost_1024_cross-core_unpaced,0,book,1680.01,1706.68,11
1,boost_1024_cross-core_unpaced,0,book,1706.68,1760.01,11
1,boost_1024_cross-core_unpaced,0,book,1760.01,1813.34,12
1,boost_1024_cross-core_unpaced,0,book,1813.34,1866.68,12
1,boost_1024_cross-core_unpaced,0,book,1866.68,1920.01,11
1,boost_1024_cross-core_unpaced,0,book,1920.01,1973.34,9
1,boost_1024_cross-core_unpaced,0,book,1973.34,2026.68,6
1,boost_1024_cross-core_unpaced,0,book,2026.68,2080.01,6
1,boost_1024_cross-core_unpaced,0,book,2080.01,2133.35,4
1,boost_1024_cross-core_unpaced,0,book,2133.35,2186.68,3
1,boost_1024_cross-core_unpaced,0,book,2186.68,2240.01,4
1,boost_1024_cross-core_unpaced,0,book,2240.01,2293.35,1
1,boost_1024_cross-core_unpaced,0,book,2293.35,2346.68,3
1,boost_1024_cross-core_unpaced,0,book,2346.68,2400.01,1
1,boost_1024_cross-core_unpaced,0,book,2400.01,2453.35,2
1,boost_1024_cross-core_unpaced,0,book,2453.35,2506.68,1
1,boost_1024_cross-core_unpaced,0,book,2506.68,2560.01,1
1,boost_1024_cross-core_unpaced,0,book,2666.68,2720.02,2
1,boost_1024_cross-core_unpaced,0,book,2720.02,2773.35,1
1,boost_1024_cross-core_unpaced,0,book,2773.35,2826.68,2
1,boost_1024_cross-core_unpaced,0,book,2826.68,2880.02,1
1,boost_1024_cross-core_unpaced,0,book,2986.68,3040.02,1
1,boost_1024_cross-core_unpaced,0,book,3040.02,3093.35,2
1,boost_1024_cross-core_unpaced,0,book,3093.35,3146.68,1
1,boost_1024_cross-core_unpaced,0,book,3146.68,3200.02,1
1,boost_1024_cross-core_unpaced,0,book,3253.35,3306.69,4
1,boost_1024_cross-core_unpaced,0,book,3520.02,3626.69,2
1,boost_1024_cross-core_unpaced,0,book,3626.69,3733.35,4
1,boost_1024_cross-core_unpaced,0,book,3840.02,3946.69,2
1,boost_1024_cross-core_unpaced,0,book,3946.69,4053.36,2
1,boost_1024_cross-core_unpaced,0,book,4053.36,4160.02,1
1,boost_1024_cross-core_unpaced,0,book,4160.02,4266.69,2
1,boost_1024_cross-core_unpaced,0,book,4266.69,4373.36,4
1,boost_1024_cross-core_unpaced,0,book,4373.36,4480.03,4
1,boost_1024_cross-core_unpaced,0,book,4480.03,4586.69,5
1,boost_1024_cross-core_unpaced,0,book,4586.69,4693.36,15
1,boost_1024_cross-core_unpaced,0,book,4693.36,4800.03,14
1,boost_1024_cross-core_unpaced,0,book,4800.03,4906.69,17
1,boost_1024_cross-core_unpaced,0,book,4906.69,5013.36,15
1,boost_1024_cross-core_unpaced,0,book,5013.36,5120.03,7
1,boost_1024_cross-core_unpaced,0,book,5120.03,5226.7,2
1,boost_1024_cross-core_unpaced,0,book,5226.7,5333.36,8
1,boost_1024_cross-core_unpaced,0,book,5333.36,5440.03,21
1,boost_1024_cross-core_unpaced,0,book,5440.03,5546.7,19
1,boost_1024_cross-core_unpaced,0,book,5546.7,5653.37,27
1,boost_1024_cross-core_unpaced,0,book,5653.37,5760.03,10
1,boost_1024_cross-core_unpaced,0,book,5760.03,5866.7,11
1,boost_1024_cross-core_unpaced,0,book,5866.7,5973.37,14
1,boost_1024_cross-core_unpaced,0,book,5973.37,6080.03,6
1,boost_1024_cross-core_unpaced,0,book,6186.7,6293.37,2
1,boost_1024_cross-core_unpaced,0,book,6293.37,6400.04,2
1,boost_1024_cross-core_unpaced,0,book,6400.04,6506.7,1
1,boost_1024_cross-core_unpaced,0,book,6613.37,6720.04,2
1,boost_1024_cross-core_unpaced,0,book,7040.04,7253.38,4
1,boost_1024_cross-core_unpaced,0,book,7253.38,7466.71,4
1,boost_1024_cross-core_unpaced,0,book,7466.71,7680.04,1
1,boost_1024_cross-core_unpaced,0,book,7680.04,7893.38,1
1,boost_1024_cross-core_unpaced,0,book,8106.71,8320.05,4
1,boost_1024_cross-core_unpaced,0,book,8320.05,8533.38,2
1,boost_1024_cross-core_unpaced,0,book,8533.38,8746.72,2
1,boost_1024_cross-core_unpaced,0,book,8746.72,8960.05,4
1,boost_1024_cross-core_unpaced,0,book,8960.05,9173.39,7
1,boost_1024_cross-core_unpaced,0,book,9173.39,9386.72,6
1,boost_1024_cross-core_unpaced,0,book,9386.72,9600.06,8
1,boost_1024_cross-core_unpaced,0,book,9600.06,9813.39,5
1,boost_1024_cross-core_unpaced,0,book,9813.39,10026.7,4
1,boost_1024_cross-core_unpaced,0,book,10026.7,10240.1,4
1,boost_1024_cross-core_unpaced,0,book,10240.1,10453.4,7
1,boost_1024_cross-core_unpaced,0,book,10453.4,10666.7,12
1,boost_1024_cross-core_unpaced,0,book,10666.7,10880.1,36
1,boost_1024_cross-core_unpaced,0,book,10880.1,11093.4,63
1,boost_1024_cross-core_unpaced,0,book,11093.4,11306.7,83
1,boost_1024_cross-core_unpaced,0,book,11306.7,11520.1,81
1,boost_1024_cross-core_unpaced,0,book,11520.1,11733.4,49
1,boost_1024_cross-core_unpaced,0,book,11733.4,11946.7,30
1,boost_1024_cross-core_unpaced,0,book,11946.7,12160.1,9
1,boost_1024_cross-core_unpaced,0,book,12160.1,12373.4,10
1,boost_1024_cross-core_unpaced,0,book,12373.4,12586.7,5
1,boost_1024_cross-core_unpaced,0,book,12586.7,12800.1,4
1,boost_1024_cross-core_unpaced,0,book,12800.1,13013.4,2
1,boost_1024_cross-core_unpaced,0,book,13013.4,13226.7,3
1,boost_1024_cross-core_unpaced,0,book,13226.7,13440.1,1
1,boost_1024_cross-core_unpaced,0,book,14933.4,15360.1,1
1,boost_1024_cross-core_unpaced,0,book,15360.1,15786.8,1
1,boost_1024_cross-core_unpaced,0,book,17066.8,17493.4,1
1,boost_1024_cross-core_unpaced,0,book,26880.2,27306.8,1
1,boost_1024_cross-core_unpaced,0,book,27306.8,28160.2,1
1,boost_1024_cross-core_unpaced,0,book,31573.5,32426.9,1
2,boost_1024_cross-core_unpaced,1,total,126.667,130.001,1
2,boost_1024_cross-core_unpaced,1,total,136.667,140.001,2
2,boost_1024_cross-core_unpaced,1,total,140.001,143.334,1
2,boost_1024_cross-core_unpaced,1,total,150.001,153.334,1
2,boost_1024_cross-core_unpaced,1,total,153.334,156.668,1
2,boost_1024_cross-core_unpaced,1,total,160.001,163.334,1
2,boost_1024_cross-core_unpaced,1,total,166.668,170.001,2
2,boost_1024_cross-core_unpaced,1,total,173.334,176.668,1
2,boost_1024_cross-core_unpaced,1,total,180.001,183.334,2
2,boost_1024_cross-core_unpaced,1,total,193.334,196.668,1
2,boost_1024_cross-core_unpaced,1,total,196.668,200.001,1
2,boost_1024_cross-core_unpaced,1,total,200.001,203.335,1
2,boost_1024_cross-core_unpaced,1,total,203.335,206.668,4
2,boost_1024_cross-core_unpaced,1,total,210.001,213.335,1
2,boost_1024_cross-core_unpaced,1,total,213.335,220.001,1
2,boost_1024_cross-core_unpaced,1,total,226.668,233.335,1
2,boost_1024_cross-core_unpaced,1,total,233.335,240.001,3
2,boost_1024_cross-core_unpaced,1,total,240.001,246.668,2
2,boost_1024_cross-core_unpaced,1,total,246.668,253.335,2
2,boost_1024_cross-core_unpaced,1,total,260.001,266.668,4
2,boost_1024_cross-core_unpaced,1,total,266.668,273.335,3
2,boost_1024_cross-core_unpaced,1,total,273.335,280.002,1
2,boost_1024_cross-core_unpaced,1,total,280.002,286.668,5
2,boost_1024_cross-core_unpaced,1,total,286.668,293.335,3
2,boost_1024_cross-core_unpaced,1,total,293.335,300.002,5
2,boost_1024_cross-core_unpaced,1,total,300.002,306.668,4
2,boost_1024_cross-core_unpaced,1,total,306.668,313.335,6
2,boost_1024_cross-core_unpaced,1,total,313.335,320.002,5
2,boost_1024_cross-core_unpaced,1,total,320.002,326.669,5
2,boost_1024_cross-core_unpaced,1,total,326.669,333.335,3
2,boost_1024_cross-core_unpaced,1,total,333.335,340.002,4
2,boost_1024_cross-core_unpaced,1,total,340.002,346.669,16
2,boost_1024_cross-core_unpaced,1,total,346.669,353.335,7
2,boost_1024_cross-core_unpaced,1,total,353.335,360.002,12
2,boost_1024_cross-core_unpaced,1,total,360.002,366.669,8
2,boost_1024_cross-core_unpaced,1,total,366.669,373.335,10
2,boost_1024_cross-core_unpaced,1,total,373.335,380.002,13
2,boost_1024_cross-core_unpaced,1,total,380.002,386.669,11
2,boost_1024_cross-core_unpaced,1,total,386.669,393.336,8
2,boost_1024_cross-core_unpaced,1,total,393.336,400.002,6
2,boost_1024_cross-core_unpaced,1,total,400.002,406.669,8
2,boost_1024_cross-core_unpaced,1,total,406.669,413.336,8
2,boost_1024_cross-core_unpaced,1,total,413.336,420.002,12
2,boost_1024_cross-core_unpaced,1,total,420.002,426.669,9
2,boost_1024_cross-core_unpaced,1,total,426.669,440.003,14
2,boost_1024_cross-core_unpaced,1,total,440.003,453.336,12
2,boost_1024_cross-core_unpaced,1,total,453.336,466.669,10
2,boost_1024_cross-core_unpaced,1,total,466.669,480.003,16
2,boost_1024_cross-core_unpaced,1,total,480.003,493.336,13
2,boost_1024_cross-core_unpaced,1,total,493.336,506.67,11
2,boost_1024_cross-core_unpaced,1,total,506.67,520.003,18
2,boost_1024_cross-core_unpaced,1,total,520.003,533.336,15
2,boost_1024_cross-core_unpaced,1,total,533.336,546.67,14
2,boost_1024_cross-core_unpaced,1,total,546.67,560.003,18
2,boost_1024_cross-core_unpaced,1,total,560.003,573.337,23
2,boost_1024_cross-core_unpaced,1,total,573.337,586.67,17
2,boost_1024_cross-core_unpaced,1,total,586.67,600.003,13
2,boost_1024_cross-core_unpaced,1,total,600.003,613.337,11
2,boost_1024_cross-core_unpaced,1,total,613.337,626.67,13
2,boost_1024_cross-core_unpaced,1,total,626.67,640.004,8
2,boost_1024_cross-core_unpaced,1,total,640.004,653.337,7
2,boost_1024_cross-core_unpaced,1,total,653.337,666.67,12
2,boost_1024_cross-core_unpaced,1,total,666.67,680.004,8
2,boost_1024_cross-core_unpaced,1,total,680.004,693.337,8
2,boost_1024_cross-core_unpaced,1,total,693.337,706.671,6
2,boost_1024_cross-core_unpaced,1,total,706.671,720.004,3
2,boost_1024_cross-core_unpaced,1,total,720.004,733.338,6
2,boost_1024_cross-core_unpaced,1,total,733.338,746.671,5
2,boost_1024_cross-core_unpaced,1,total,746.671,760.004,5
2,boost_1024_cross-core_unpaced,1,total,760.004,773.338,4
2,boost_1024_cross-core_unpaced,1,total,773.338,786.671,4
2,boost_1024_cross-core_unpaced,1,total,786.671,800.005,3
2,boost_1024_cross-core_unpaced,1,total,800.005,813.338,1
2,boost_1024_cross-core_unpaced,1,total,813.338,826.671,4
2,boost_1024_cross-core_unpaced,1,total,826.671,840.005,2
2,boost_1024_cross-core_unpaced,1,total,840.005,853.338,3
2,boost_1024_cross-core_unpaced,1,total,853.338,880.005,4
2,boost_1024_cross-core_unpaced,1,total,880.005,906.672,3
2,boost_1024_cross-core_unpaced,1,total,906.672,933.339,1
2,boost_1024_cross-core_unpaced,1,total,933.339,960.006,2
2,boost_1024_cross-core_unpaced,1,total,960.006,986.672,2
2,boost_1024_cross-core_unpaced,1,total,986.672,1013.34,1
2,boost_1024_cross-core_unpaced,1,total,1013.34,1040.01,2
2,boost_1024_cross-core_unpaced,1,total,1120.01,1146.67,1
2,boost_1024_cross-core_unpaced,1,total,1200.01,1226.67,1
2,boost_1024_cross-core_unpaced,1,total,1226.67,1253.34,1
2,boost_1024_cross-core_unpaced,1,total,1280.01,1306.67,1
2,boost_1024_cross-core_unpaced,1,total,1333.34,1360.01,1
2,boost_1024_cross-core_unpaced,1,total,1360.01,1386.67,1
2,boost_1024_cross-core_unpaced,1,total,1386.67,1413.34,1
2,boost_1024_cross-core_unpaced,1,total,1413.34,1440.01,1
2,boost_1024_cross-core_unpaced,1,total,1466.68,1493.34,1
2,boost_1024_cross-core_unpaced,1,total,1546.68,1573.34,1
2,boost_1024_cross-core_unpaced,1,total,1600.01,1626.68,1
2,boost_1024_cross-core_unpaced,1,total,1626.68,1653.34,1
2,boost_1024_cross-core_unpaced,1,total,1706.68,1760.01,1
2,boost_1024_cross-core_unpaced,1,total,1760.01,1813.34,1
2,boost_1024_cross-core_unpaced,1,total,1866.68,1920.01,2
2,boost_1024_cross-core_unpaced,1,total,1920.01,1973.34,1
2,boost_1024_cross-core_unpaced,1,total,1973.34,2026.68,1
2,boost_1024_cross-core_unpaced,1,total,2026.68,2080.01,3
2,boost_1024_cross-core_unpaced,1,total,2133.35,2186.68,2
2,boost_1024_cross-core_unpaced,1,total,2186.68,2240.01,1
2,boost_1024_cross-core_unpaced,1,total,2400.01,2453.35,1
2,boost_1024_cross-core_unpaced,1,total,2560.01,2613.35,1
2,boost_1024_cross-core_unpaced,1,total,2613.35,2666.68,1
2,boost_1024_cross-core_unpaced,1,total,2666.68,2720.02,1
2,boost_1024_cross-core_unpaced,1,total,2773.35,2826.68,3
2,boost_1024_cross-core_unpaced,1,total,2826.68,2880.02,2
2,boost_1024_cross-core_unpaced,1,total,3200.02,3253.35,1
2,boost_1024_cross-core_unpaced,1,total,3306.69,3360.02,3
2,boost_1024_cross-core_unpaced,1,total,3413.35,3520.02,2
2,boost_1024_cross-core_unpaced,1,total,3520.02,3626.69,2
2,boost_1024_cross-core_unpaced,1,total,3626.69,3733.35,2
2,boost_1024_cross-core_unpaced,1,total,3733.35,3840.02,3
2,boost_1024_cross-core_unpaced,1,total,3840.02,3946.69,2
2,boost_1024_cross-core_unpaced,1,total,3946.69,4053.36,1
2,boost_1024_cross-core_unpaced,1,total,4160.02,4266.69,2
2,boost_1024_cross-core_unpaced,1,total,4266.69,4373.36,3
2,boost_1024_cross-core_unpaced,1,total,4480.03,4586.69,1
2,boost_1024_cross-core_unpaced,1,total,4800.03,4906.69,1
2,boost_1024_cross-core_unpaced,1,total,4906.69,5013.36,1
2,boost_1024_cross-core_unpaced,1,total,5120.03,5226.7,1
2,boost_1024_cross-core_unpaced,1,total,5226.7,5333.36,1
2,boost_1024_cross-core_unpaced,1,total,5440.03,5546.7,1
2,boost_1024_cross-core_unpaced,1,total,5546.7,5653.37,1
2,boost_1024_cross-core_unpaced,1,total,5653.37,5760.03,1
2,boost_1024_cross-core_unpaced,1,total,5760.03,5866.7,2
2,boost_1024_cross-core_unpaced,1,total,5866.7,5973.37,1
2,boost_1024_cross-core_unpaced,1,total,5973.37,6080.03,2
2,boost_1024_cross-core_unpaced,1,total,6080.03,6186.7,3
2,boost_1024_cross-core_unpaced,1,total,6293.37,6400.04,2
2,boost_1024_cross-core_unpaced,1,total,6400.04,6506.7,1
2,boost_1024_cross-core_unpaced,1,total,6506.7,6613.37,2
2,boost_1024_cross-core_unpaced,1,total,6613.37,6720.04,1
2,boost_1024_cross-core_unpaced,1,total,6720.04,6826.71,2
2,boost_1024_cross-core_unpaced,1,total,6826.71,7040.04,2
2,boost_1024_cross-core_unpaced,1,total,7040.04,7253.38,1
2,boost_1024_cross-core_unpaced,1,total,7253.38,7466.71,2
2,boost_1024_cross-core_unpaced,1,total,7466.71,7680.04,3
2,boost_1024_cross-core_unpaced,1,total,7680.04,7893.38,2
2,boost_1024_cross-core_unpaced,1,total,8106.71,8320.05,2
2,boost_1024_cross-core_unpaced,1,total,8320.05,8533.38,1
2,boost_1024_cross-core_unpaced,1,total,8533.38,8746.72,5
2,boost_1024_cross-core_unpaced,1,total,8746.72,8960.05,1
2,boost_1024_cross-core_unpaced,1,total,8960.05,9173.39,2
2,boost_1024_cross-core_unpaced,1,total,9173.39,9386.72,3
2,boost_1024_cross-core_unpaced,1,total,9386.72,9600.06,5
2,boost_1024_cross-core_unpaced,1,total,9600.06,9813.39,3
2,boost_1024_cross-core_unpaced,1,total,9813.39,10026.7,2
2,boost_1024_cross-core_unpaced,1,total,10026.7,10240.1,3
2,boost_1024_cross-core_unpaced,1,total,10240.1,10453.4,2
2,boost_1024_cross-core_unpaced,1,total,10453.4,10666.7,2
2,boost_1024_cross-core_unpaced,1,total,10666.7,10880.1,1
2,boost_1024_cross-core_unpaced,1,total,10880.1,11093.4,1
2,boost_1024_cross-core_unpaced,1,total,11093.4,11306.7,3
2,boost_1024_cross-core_unpaced,1,total,11306.7,11520.1,2
2,boost_1024_cross-core_unpaced,1,total,11520.1,11733.4,2
2,boost_1024_cross-core_unpaced,1,total,11733.4,11946.7,2
2,boost_1024_cross-core_unpaced,1,total,11946.7,12160.1,2
2,boost_1024_cross-core_unpaced,1,total,12160.1,12373.4,1
2,boost_1024_cross-core_unpaced,1,total,12373.4,12586.7,4
2,boost_1024_cross-core_unpaced,1,total,12586.7,12800.1,4
2,boost_1024_cross-core_unpaced,1,total,12800.1,13013.4,5
2,boost_1024_cross-core_unpaced,1,total,13013.4,13226.7,4
2,boost_1024_cross-core_unpaced,1,total,13226.7,13440.1,2
2,boost_1024_cross-core_unpaced,1,total,13440.1,13653.4,5
2,boost_1024_cross-core_unpaced,1,total,13653.4,14080.1,3
2,boost_1024_cross-core_unpaced,1,total,14080.1,14506.8,4
2,boost_1024_cross-core_unpaced,1,total,14506.8,14933.4,4
2,boost_1024_cross-core_unpaced,1,total,14933.4,15360.1,10
2,boost_1024_cross-core_unpaced,1,total,15360.1,15786.8,2
2,boost_1024_cross-core_unpaced,1,total,15786.8,16213.4,1
2,boost_1024_cross-core_unpaced,1,total,16213.4,16640.1,6
2,boost_1024_cross-core_unpaced,1,total,16640.1,17066.8,6
2,boost_1024_cross-core_unpaced,1,total,17066.8,17493.4,7
2,boost_1024_cross-core_unpaced,1,total,17493.4,17920.1,3
2,boost_1024_cross-core_unpaced,1,total,17920.1,18346.8,6
2,boost_1024_cross-core_unpaced,1,total,18346.8,18773.4,6
2,boost_1024_cross-core_unpaced,1,total,18773.4,19200.1,6
2,boost_1024_cross-core_unpaced,1,total,19200.1,19626.8,5
2,boost_1024_cross-core_unpaced,1,total,19626.8,20053.4,7
2,boost_1024_cross-core_unpaced,1,total,20053.4,20480.1,3
2,boost_1024_cross-core_unpaced,1,total,20480.1,20906.8,9
2,boost_1024_cross-core_unpaced,1,total,20906.8,21333.5,6
2,boost_1024_cross-core_unpaced,1,total,21333.5,21760.1,13
2,boost_1024_cross-core_unpaced,1,total,21760.1,22186.8,5
2,boost_1024_cross-core_unpaced,1,total,22186.8,22613.5,9
2,boost_1024_cross-core_unpaced,1,total,22613.5,23040.1,6
2,boost_1024_cross-core_unpaced,1,total,23040.1,23466.8,6
2,boost_1024_cross-core_unpaced,1,total,23466.8,23893.5,11
2,boost_1024_cross-core_unpaced,1,total,23893.5,24320.1,2
2,boost_1024_cross-core_unpaced,1,total,24320.1,24746.8,5
2,boost_1024_cross-core_unpaced,1,total,24746.8,25173.5,7
2,boost_1024_cross-core_unpaced,1,total,25173.5,25600.1,10
2,boost_1024_cross-core_unpaced,1,total,25600.1,26026.8,7
2,boost_1024_cross-core_unpaced,1,total,26026.8,26453.5,13
2,boost_1024_cross-core_unpaced,1,total,26453.5,26880.2,3
2,boost_1024_cross-core_unpaced,1,total,26880.2,27306.8,2
2,boost_1024_cross-core_unpaced,1,total,27306.8,28160.2,12
2,boost_1024_cross-core_unpaced,1,total,28160.2,29013.5,14
2,boost_1024_cross-core_unpaced,1,total,29013.5,29866.8,26
2,boost_1024_cross-core_unpaced,1,total,29866.8,30720.2,17
2,boost_1024_cross-core_unpaced,1,total,30720.2,31573.5,16
2,boost_1024_cross-core_unpaced,1,total,31573.5,32426.9,16
2,boost_1024_cross-core_unpaced,1,total,32426.9,33280.2,25
2,boost_1024_cross-core_unpaced,1,total,33280.2,34133.5,15
2,boost_1024_cross-core_unpaced,1,total,34133.5,34986.9,20
2,boost_1024_cross-core_unpaced,1,total,34986.9,35840.2,20
2,boost_1024_cross-core_unpaced,1,total,35840.2,36693.5,25
2,boost_1024_cross-core_unpaced,1,total,36693.5,37546.9,23
2,boost_1024_cross-core_unpaced,1,total,37546.9,38400.2,18
2,boost_1024_cross-core_unpaced,1,total,38400.2,39253.6,22
2,boost_1024_cross-core_unpaced,1,total,39253.6,40106.9,22
2,boost_1024_cross-core_unpaced,1,total,40106.9,40960.2,22
2,boost_1024_cross-core_unpaced,1,total,40960.2,41813.6,28
2,boost_1024_cross-core_unpaced,1,total,41813.6,42666.9,25
2,boost_1024_cross-core_unpaced,1,total,42666.9,43520.3,29
2,boost_1024_cross-core_unpaced,1,total,43520.3,44373.6,29
2,boost_1024_cross-core_unpaced,1,total,44373.6,45226.9,23
2,boost_1024_cross-core_unpaced,1,total,45226.9,46080.3,29
2,boost_1024_cross-core_unpaced,1,total,46080.3,46933.6,26
2,boost_1024_cross-core_unpaced,1,total,46933.6,47786.9,29
2,boost_1024_cross-core_unpaced,1,total,47786.9,48640.3,22
2,boost_1024_cross-core_unpaced,1,total,48640.3,49493.6,27
2,boost_1024_cross-core_unpaced,1,total,49493.6,50347,27
2,boost_1024_cross-core_unpaced,1,total,50347,51200.3,24
2,boost_1024_cross-core_unpaced,1,total,51200.3,52053.6,29
2,boost_1024_cross-core_unpaced,1,total,52053.6,52907,31
2,boost_1024_cross-core_unpaced,1,total,52907,53760.3,37
2,boost_1024_cross-core_unpaced,1,total,53760.3,54613.6,31
2,boost_1024_cross-core_unpaced,1,total,54613.6,56320.3,63
2,boost_1024_cross-core_unpaced,1,total,56320.3,58027,80
2,boost_1024_cross-core_unpaced,1,total,58027,59733.7,62
2,boost_1024_cross-core_unpaced,1,total,59733.7,61440.4,59
2,boost_1024_cross-core_unpaced,1,total,61440.4,63147,64
2,boost_1024_cross-core_unpaced,1,total,63147,64853.7,62
2,boost_1024_cross-core_unpaced,1,total,64853.7,66560.4,77
2,boost_1024_cross-core_unpaced,1,total,66560.4,68267.1,82
2,boost_1024_cross-core_unpaced,1,total,68267.1,69973.7,113
2,boost_1024_cross-core_unpaced,1,total,69973.7,71680.4,91
2,boost_1024_cross-core_unpaced,1,total,71680.4,73387.1,93
2,boost_1024_cross-core_unpaced,1,total,73387.1,75093.8,82
2,boost_1024_cross-core_unpaced,1,total,75093.8,76800.4,81
2,boost_1024_cross-core_unpaced,1,total,76800.4,78507.1,82
2,boost_1024_cross-core_unpaced,1,total,78507.1,80213.8,82
2,boost_1024_cross-core_unpaced,1,total,80213.8,81920.5,76
2,boost_1024_cross-core_unpaced,1,total,81920.5,83627.1,75
2,boost_1024_cross-core_unpaced,1,total,83627.1,85333.8,89
2,boost_1024_cross-core_unpaced,1,total,85333.8,87040.5,87
2,boost_1024_cross-core_unpaced,1,total,87040.5,88747.2,93
2,boost_1024_cross-core_unpaced,1,total,88747.2,90453.9,112
2,boost_1024_cross-core_unpaced,1,total,90453.9,92160.5,104
2,boost_1024_cross-core_unpaced,1,total,92160.5,93867.2,97
2,boost_1024_cross-core_unpaced,1,total,93867.2,95573.9,108
2,boost_1024_cross-core_unpaced,1,total,95573.9,97280.6,105
2,boost_1024_cross-core_unpaced,1,total,97280.6,98987.2,96
2,boost_1024_cross-core_unpaced,1,total,98987.2,100694,134
2,boost_1024_cross-core_unpaced,1,total,100694,102401,124
2,boost_1024_cross-core_unpaced,1,total,102401,104107,105
2,boost_1024_cross-core_unpaced,1,total,104107,105814,120
2,boost_1024_cross-core_unpaced,1,total,105814,107521,234
2,boost_1024_cross-core_unpaced,1,total,107521,109227,657
2,boost_1024_cross-core_unpaced,1,total,109227,112641,6313
2,boost_1024_cross-core_unpaced,1,total,112641,116054,27006
2,boost_1024_cross-core_unpaced,1,total,116054,119467,54435
2,boost_1024_cross-core_unpaced,1,total,119467,122881,62146
2,boost_1024_cross-core_unpaced,1,total,122881,126294,47809
2,boost_1024_cross-core_unpaced,1,total,126294,129707,33616
2,boost_1024_cross-core_unpaced,1,total,129707,133121,22562
2,boost_1024_cross-core_unpaced,1,total,133121,136534,13724
2,boost_1024_cross-core_unpaced,1,total,136534,139947,8767
2,boost_1024_cross-core_unpaced,1,total,139947,143361,6847
2,boost_1024_cross-core_unpaced,1,total,143361,146774,6168
2,boost_1024_cross-core_unpaced,1,total,146774,150188,7253
2,boost_1024_cross-core_unpaced,1,total,150188,153601,11187
2,boost_1024_cross-core_unpaced,1,total,153601,157014,17826
2,boost_1024_cross-core_unpaced,1,total,157014,160428,29971
2,boost_1024_cross-core_unpaced,1,total,160428,163841,46734
2,boost_1024_cross-core_unpaced,1,total,163841,167254,68922
2,boost_1024_cross-core_unpaced,1,total,167254,170668,96720
2,boost_1024_cross-core_unpaced,1,total,170668,174081,129258
2,boost_1024_cross-core_unpaced,1,total,174081,177494,165461
2,boost_1024_cross-core_unpaced,1,total,177494,180908,190210
2,boost_1024_cross-core_unpaced,1,total,180908,184321,204421
2,boost_1024_cross-core_unpaced,1,total,184321,187734,205723
2,boost_1024_cross-core_unpaced,1,total,187734,191148,194106
2,boost_1024_cross-core_unpaced,1,total,191148,194561,170247
2,boost_1024_cross-core_unpaced,1,total,194561,197974,139758
2,boost_1024_cross-core_unpaced,1,total,197974,201388,113162
2,boost_1024_cross-core_unpaced,1,total,201388,204801,83948
2,boost_1024_cross-core_unpaced,1,total,204801,208215,61420
2,boost_1024_cross-core_unpaced,1,total,208215,211628,42673
2,boost_1024_cross-core_unpaced,1,total,211628,215041,28715
2,boost_1024_cross-core_unpaced,1,total,215041,218455,19037
2,boost_1024_cross-core_unpaced,1,total,218455,225281,22584
2,boost_1024_cross-core_unpaced,1,total,225281,232108,11245
2,boost_1024_cross-core_unpaced,1,total,232108,238935,6100
2,boost_1024_cross-core_unpaced,1,total,238935,245761,4079
2,boost_1024_cross-core_unpaced,1,total,245761,252588,2358
2,boost_1024_cross-core_unpaced,1,total,252588,259415,1559
2,boost_1024_cross-core_unpaced,1,total,259415,266242,1003
2,boost_1024_cross-core_unpaced,1,total,266242,273068,703
2,boost_1024_cross-core_unpaced,1,total,273068,279895,685
2,boost_1024_cross-core_unpaced,1,total,279895,286722,723
2,boost_1024_cross-core_unpaced,1,total,286722,293548,555
2,boost_1024_cross-core_unpaced,1,total,293548,300375,495
2,boost_1024_cross-core_unpaced,1,total,300375,307202,506
2,boost_1024_cross-core_unpaced,1,total,307202,314028,778
2,boost_1024_cross-core_unpaced,1,total,314028,320855,1289
2,boost_1024_cross-core_unpaced,1,total,320855,327682,1717
2,boost_1024_cross-core_unpaced,1,total,327682,334509,1640
2,boost_1024_cross-core_unpaced,1,total,334509,341335,803
2,boost_1024_cross-core_unpaced,1,total,341335,348162,479
2,boost_1024_cross-core_unpaced,1,total,348162,354989,251
2,boost_1024_cross-core_unpaced,1,total,354989,361815,82
2,boost_1024_cross-core_unpaced,1,total,361815,368642,30
2,boost_1024_cross-core_unpaced,1,total,368642,375469,44
2,boost_1024_cross-core_unpaced,1,total,375469,382296,29
2,boost_1024_cross-core_unpaced,1,total,382296,389122,20
2,boost_1024_cross-core_unpaced,1,total,389122,395949,19
2,boost_1024_cross-core_unpaced,1,total,395949,402776,35
2,boost_1024_cross-core_unpaced,1,total,402776,409602,49
2,boost_1024_cross-core_unpaced,1,total,409602,416429,15
2,boost_1024_cross-core_unpaced,1,total,416429,423256,20
2,boost_1024_cross-core_unpaced,1,total,423256,430082,24
2,boost_1024_cross-core_unpaced,1,total,430082,436909,9
2,boost_1024_cross-core_unpaced,1,total,436909,450563,10
2,boost_1024_cross-core_unpaced,1,total,450563,464216,34
2,boost_1024_cross-core_unpaced,1,total,464216,477869,30
2,boost_1024_cross-core_unpaced,1,total,477869,491523,52
2,boost_1024_cross-core_unpaced,1,total,491523,505176,60
2,boost_1024_cross-core_unpaced,1,total,505176,518830,22
2,boost_1024_cross-core_unpaced,1,total,518830,532483,48
2,boost_1024_cross-core_unpaced,1,total,532483,546136,59
2,boost_1024_cross-core_unpaced,1,total,546136,559790,18
2,boost_1024_cross-core_unpaced,1,total,559790,573443,4
2,boost_1024_cross-core_unpaced,1,total,573443,587097,12
2,boost_1024_cross-core_unpaced,1,total,587097,600750,7
2,boost_1024_cross-core_unpaced,1,total,600750,614404,5
2,boost_1024_cross-core_unpaced,1,total,614404,628057,5
2,boost_1024_cross-core_unpaced,1,total,628057,641710,5
2,boost_1024_cross-core_unpaced,1,total,641710,655364,5
2,boost_1024_cross-core_unpaced,1,total,655364,669017,3
2,boost_1024_cross-core_unpaced,1,total,696324,709977,2
2,boost_1024_cross-core_unpaced,1,total,709977,723631,1
2,boost_1024_cross-core_unpaced,1,total,723631,737284,2
2,boost_1024_cross-core_unpaced,1,total,750938,764591,4
2,boost_1024_cross-core_unpaced,1,total,778244,791898,3
2,boost_1024_cross-core_unpaced,1,total,805551,819205,1
2,boost_1024_cross-core_unpaced,1,total,832858,846512,1
2,boost_1024_cross-core_unpaced,1,total,846512,860165,8
2,boost_1024_cross-core_unpaced,1,total,873818,901125,2
2,boost_1024_cross-core_unpaced,1,total,901125,928432,3
2,boost_1024_cross-core_unpaced,1,total,928432,955739,12
2,boost_1024_cross-core_unpaced,1,total,955739,983046,2
2,boost_1024_cross-core_unpaced,1,total,983046,1.01035e+06,2
2,boost_1024_cross-core_unpaced,1,total,1.01035e+06,1.03766e+06,1
2,boost_1024_cross-core_unpaced,1,total,1.03766e+06,1.06497e+06,4
2,boost_1024_cross-core_unpaced,1,total,1.06497e+06,1.09227e+06,7
2,boost_1024_cross-core_unpaced,1,total,1.09227e+06,1.11958e+06,1
2,boost_1024_cross-core_unpaced,1,total,1.11958e+06,1.14689e+06,5
2,boost_1024_cross-core_unpaced,1,queue,110.001,113.334,1
2,boost_1024_cross-core_unpaced,1,queue,120.001,123.334,2
2,boost_1024_cross-core_unpaced,1,queue,123.334,126.667,1
2,boost_1024_cross-core_unpaced,1,queue,130.001,133.334,1
2,boost_1024_cross-core_unpaced,1,queue,136.667,140.001,1
2,boost_1024_cross-core_unpaced,1,queue,143.334,146.668,1
2,boost_1024_cross-core_unpaced,1,queue,150.001,153.334,2
2,boost_1024_cross-core_unpaced,1,queue,160.001,163.334,1
2,boost_1024_cross-core_unpaced,1,queue,163.334,166.668,2
2,boost_1024_cross-core_unpaced,1,queue,176.668,180.001,1
2,boost_1024_cross-core_unpaced,1,queue,180.001,183.334,1
2,boost_1024_cross-core_unpaced,1,queue,183.334,186.668,1
2,boost_1024_cross-core_unpaced,1,queue,186.668,190.001,3
2,boost_1024_cross-core_unpaced,1,queue,190.001,193.334,1
2,boost_1024_cross-core_unpaced,1,queue,193.334,196.668,1
2,boost_1024_cross-core_unpaced,1,queue,200.001,203.335,1
2,boost_1024_cross-core_unpaced,1,queue,210.001,213.335,1
2,boost_1024_cross-core_unpaced,1,queue,213.335,220.001,2
2,boost_1024_cross-core_unpaced,1,queue,220.001,226.668,1
2,boost_1024_cross-core_unpaced,1,queue,226.668,233.335,2
2,boost_1024_cross-core_unpaced,1,queue,233.335,240.001,2
2,boost_1024_cross-core_unpaced,1,queue,240.001,246.668,2
2,boost_1024_cross-core_unpaced,1,queue,246.668,253.335,2
2,boost_1024_cross-core_unpaced,1,queue,253.335,260.001,3
2,boost_1024_cross-core_unpaced,1,queue,260.001,266.668,3
2,boost_1024_cross-core_unpaced,1,queue,266.668,273.335,4
2,boost_1024_cross-core_unpaced,1,queue,273.335,280.002,6
2,boost_1024_cross-core_unpaced,1,queue,280.002,286.668,3
2,boost_1024_cross-core_unpaced,1,queue,286.668,293.335,5
2,boost_1024_cross-core_unpaced,1,queue,293.335,300.002,6
2,boost_1024_cross-core_unpaced,1,queue,300.002,306.668,5
2,boost_1024_cross-core_unpaced,1,queue,306.668,313.335,6
2,boost_1024_cross-core_unpaced,1,queue,313.335,320.002,5
2,boost_1024_cross-core_unpaced,1,queue,320.002,326.669,7
2,boost_1024_cross-core_unpaced,1,queue,326.669,333.335,14
2,boost_1024_cross-core_unpaced,1,queue,333.335,340.002,8
2,boost_1024_cross-core_unpaced,1,queue,340.002,346.669,11
2,boost_1024_cross-core_unpaced,1,queue,346.669,353.335,11
2,boost_1024_cross-core_unpaced,1,queue,353.335,360.002,13
2,boost_1024_cross-core_unpaced,1,queue,360.002,366.669,12
2,boost_1024_cross-core_unpaced,1,queue,366.669,373.335,8
2,boost_1024_cross-core_unpaced,1,queue,373.335,380.002,8
2,boost_1024_cross-core_unpaced,1,queue,380.002,386.669,7
2,boost_1024_cross-core_unpaced,1,queue,386.669,393.336,6
2,boost_1024_cross-core_unpaced,1,queue,393.336,400.002,13
2,boost_1024_cross-core_unpaced,1,queue,400.002,406.669,10
2,boost_1024_cross-core_unpaced,1,queue,406.669,413.336,7
2,boost_1024_cross-core_unpaced,1,queue,413.336,420.002,11
2,boost_1024_cross-core_unpaced,1,queue,420.002,426.669,10
2,boost_1024_cross-core_unpaced,1,queue,426.669,440.003,14
2,boost_1024_cross-core_unpaced,1,queue,440.003,453.336,16
2,boost_1024_cross-core_unpaced,1,queue,453.336,466.669,6
2,boost_1024_cross-core_unpaced,1,queue,466.669,480.003,10
2,boost_1024_cross-core_unpaced,1,queue,480.003,493.336,19
2,boost_1024_cross-core_unpaced,1,queue,493.336,506.67,12
2,boost_1024_cross-core_unpaced,1,queue,506.67,520.003,18
2,boost_1024_cross-core_unpaced,1,queue,520.003,533.336,11
2,boost_1024_cross-core_unpaced,1,queue,533.336,546.67,23
2,boost_1024_cross-core_unpaced,1,queue,546.67,560.003,21
2,boost_1024_cross-core_unpaced,1,queue,560.003,573.337,18
2,boost_1024_cross-core_unpaced,1,queue,573.337,586.67,12
2,boost_1024_cross-core_unpaced,1,queue,586.67,600.003,6
2,boost_1024_cross-core_unpaced,1,queue,600.003,613.337,14
2,boost_1024_cross-core_unpaced,1,queue,613.337,626.67,8
2,boost_1024_cross-core_unpaced,1,queue,626.67,640.004,6
2,boost_1024_cross-core_unpaced,1,queue,640.004,653.337,9
2,boost_1024_cross-core_unpaced,1,queue,653.337,666.67,7
2,boost_1024_cross-core_unpaced,1,queue,666.67,680.004,8
2,boost_1024_cross-core_unpaced,1,queue,680.004,693.337,4
2,boost_1024_cross-core_unpaced,1,queue,693.337,706.671,5
2,boost_1024_cross-core_unpaced,1,queue,706.671,720.004,6
2,boost_1024_cross-core_unpaced,1,queue,720.004,733.338,3
2,boost_1024_cross-core_unpaced,1,queue,733.338,746.671,6
2,boost_1024_cross-core_unpaced,1,queue,746.671,760.004,4
2,boost_1024_cross-core_unpaced,1,queue,760.004,773.338,3
2,boost_1024_cross-core_unpaced,1,queue,773.338,786.671,1
2,boost_1024_cross-core_unpaced,1,queue,786.671,800.005,2
2,boost_1024_cross-core_unpaced,1,queue,800.005,813.338,4
2,boost_1024_cross-core_unpaced,1,queue,813.338,826.671,2
2,boost_1024_cross-core_unpaced,1,queue,826.671,840.005,2
2,boost_1024_cross-core_unpaced,1,queue,840.005,853.338,5
2,boost_1024_cross-core_unpaced,1,queue,853.338,880.005,3
2,boost_1024_cross-core_unpaced,1,queue,880.005,906.672,2
2,boost_1024_cross-core_unpaced,1,queue,933.339,960.006,1
2,boost_1024_cross-core_unpaced,1,queue,960.006,986.672,1
2,boost_1024_cross-core_unpaced,1,queue,986.672,1013.34,1
2,boost_1024_cross-core_unpaced,1,queue,1066.67,1093.34,1
2,boost_1024_cross-core_unpaced,1,queue,1120.01,1146.67,3
2,boost_1024_cross-core_unpaced,1,queue,1146.67,1173.34,1
2,boost_1024_cross-core_unpaced,1,queue,1200.01,1226.67,2
2,boost_1024_cross-core_unpaced,1,queue,1253.34,1280.01,1
2,boost_1024_cross-core_unpaced,1,queue,1333.34,1360.01,1
2,boost_1024_cross-core_unpaced,1,queue,1466.68,1493.34,1
2,boost_1024_cross-core_unpaced,1,queue,1546.68,1573.34,2
2,boost_1024_cross-core_unpaced,1,queue,1600.01,1626.68,3
2,boost_1024_cross-core_unpaced,1,queue,1866.68,1920.01,2
2,boost_1024_cross-core_unpaced,1,queue,1920.01,1973.34,1
2,boost_1024_cross-core_unpaced,1,queue,1973.34,2026.68,3
2,boost_1024_cross-core_unpaced,1,queue,2026.68,2080.01,2
2,boost_1024_cross-core_unpaced,1,queue,2080.01,2133.35,1
2,boost_1024_cross-core_unpaced,1,queue,2346.68,2400.01,1
2,boost_1024_cross-core_unpaced,1,queue,2400.01,2453.35,1
2,boost_1024_cross-core_unpaced,1,queue,2453.35,2506.68,1
2,boost_1024_cross-core_unpaced,1,queue,2613.35,2666.68,3
2,boost_1024_cross-core_unpaced,1,queue,2773.35,2826.68,3
2,boost_1024_cross-core_unpaced,1,queue,2986.68,3040.02,1
2,boost_1024_cross-core_unpaced,1,queue,3093.35,3146.68,1
2,boost_1024_cross-core_unpaced,1,queue,3253.35,3306.69,1
2,boost_1024_cross-core_unpaced,1,queue,3306.69,3360.02,2
2,boost_1024_cross-core_unpaced,1,queue,3413.35,3520.02,1
2,boost_1024_cross-core_unpaced,1,queue,3520.02,3626.69,3
2,boost_1024_cross-core_unpaced,1,queue,3626.69,3733.35,3
2,boost_1024_cross-core_unpaced,1,queue,3733.35,3840.02,1
2,boost_1024_cross-core_unpaced,1,queue,3840.02,3946.69,4
2,boost_1024_cross-core_unpaced,1,queue,3946.69,4053.36,1
2,boost_1024_cross-core_unpaced,1,queue,4053.36,4160.02,2
2,boost_1024_cross-core_unpaced,1,queue,4160.02,4266.69,1
2,boost_1024_cross-core_unpaced,1,queue,4373.36,4480.03,1
2,boost_1024_cross-core_unpaced,1,queue,4693.36,4800.03,1
2,boost_1024_cross-core_unpaced,1,queue,4800.03,4906.69,1
2,boost_1024_cross-core_unpaced,1,queue,4906.69,5013.36,1
2,boost_1024_cross-core_unpaced,1,queue,5120.03,5226.7,1
2,boost_1024_cross-core_unpaced,1,queue,5333.36,5440.03,2
2,boost_1024_cross-core_unpaced,1,queue,5440.03,5546.7,1
2,boost_1024_cross-core_unpaced,1,queue,5546.7,5653.37,1
2,boost_1024_cross-core_unpaced,1,queue,5653.37,5760.03,2
2,boost_1024_cross-core_unpaced,1,queue,5760.03,5866.7,1
2,boost_1024_cross-core_unpaced,1,queue,5866.7,5973.37,2
2,boost_1024_cross-core_unpaced,1,queue,6080.03,6186.7,3
2,boost_1024_cross-core_unpaced,1,queue,6186.7,6293.37,2
2,boost_1024_cross-core_unpaced,1,queue,6293.37,6400.04,1
2,boost_1024_cross-core_unpaced,1,queue,6400.04,6506.7,1
2,boost_1024_cross-core_unpaced,1,queue,6613.37,6720.04,3
2,boost_1024_cross-core_unpaced,1,queue,6826.71,7040.04,4
2,boost_1024_cross-core_unpaced,1,queue,7040.04,7253.38,2
2,boost_1024_cross-core_unpaced,1,queue,7253.38,7466.71,1
2,boost_1024_cross-core_unpaced,1,queue,7466.71,7680.04,2
2,boost_1024_cross-core_unpaced,1,queue,7680.04,7893.38,1
2,boost_1024_cross-core_unpaced,1,queue,7893.38,8106.71,1
2,boost_1024_cross-core_unpaced,1,queue,8106.71,8320.05,2
2,boost_1024_cross-core_unpaced,1,queue,8320.05,8533.38,2
2,boost_1024_cross-core_unpaced,1,queue,8533.38,8746.72,4
2,boost_1024_cross-core_unpaced,1,queue,8746.72,8960.05,1
2,boost_1024_cross-core_unpaced,1,queue,8960.05,9173.39,4
2,boost_1024_cross-core_unpaced,1,queue,9173.39,9386.72,5
2,boost_1024_cross-core_unpaced,1,queue,9386.72,9600.06,3
2,boost_1024_cross-core_unpaced,1,queue,9600.06,9813.39,2
2,boost_1024_cross-core_unpaced,1,queue,9813.39,10026.7,1
2,boost_1024_cross-core_unpaced,1,queue,10026.7,10240.1,4
2,boost_1024_cross-core_unpaced,1,queue,10240.1,10453.4,2
2,boost_1024_cross-core_unpaced,1,queue,10453.4,10666.7,1
2,boost_1024_cross-core_unpaced,1,queue,10666.7,10880.1,1
2,boost_1024_cross-core_unpaced,1,queue,10880.1,11093.4,1
2,boost_1024_cross-core_unpaced,1,queue,11093.4,11306.7,4
2,boost_1024_cross-core_unpaced,1,queue,11306.7,11520.1,2
2,boost_1024_cross-core_unpaced,1,queue,11520.1,11733.4,2
2,boost_1024_cross-core_unpaced,1,queue,11733.4,11946.7,1
2,boost_1024_cross-core_unpaced,1,queue,11946.7,12160.1,3
2,boost_1024_cross-core_unpaced,1,queue,12160.1,12373.4,1
2,boost_1024_cross-core_unpaced,1,queue,12373.4,12586.7,4
2,boost_1024_cross-core_unpaced,1,queue,12586.7,12800.1,6
2,boost_1024_cross-core_unpaced,1,queue,12800.1,13013.4,3
2,boost_1024_cross-core_unpaced,1,queue,13013.4,13226.7,4
2,boost_1024_cross-core_unpaced,1,queue,13226.7,13440.1,3
2,boost_1024_cross-core_unpaced,1,queue,13440.1,13653.4,2
2,boost_1024_cross-core_unpaced,1,queue,13653.4,14080.1,5
2,boost_1024_cross-core_unpaced,1,queue,14080.1,14506.8,6
2,boost_1024_cross-core_unpaced,1,queue,14506.8,14933.4,4
2,boost_1024_cross-core_unpaced,1,queue,14933.4,15360.1,8
2,boost_1024_cross-core_unpaced,1,queue,15360.1,15786.8,1
2,boost_1024_cross-core_unpaced,1,queue,15786.8,16213.4,2
2,boost_1024_cross-core_unpaced,1,queue,16213.4,16640.1,5
2,boost_1024_cross-core_unpaced,1,queue,16640.1,17066.8,6
2,boost_1024_cross-core_unpaced,1,queue,17066.8,17493.4,5
2,boost_1024_cross-core_unpaced,1,queue,17493.4,17920.1,3
2,boost_1024_cross-core_unpaced,1,queue,17920.1,18346.8,9
2,boost_1024_cross-core_unpaced,1,queue,18346.8,18773.4,5
2,boost_1024_cross-core_unpaced,1,queue,18773.4,19200.1,7
2,boost_1024_cross-core_unpaced,1,queue,19200.1,19626.8,4
2,boost_1024_cross-core_unpaced,1,queue,19626.8,20053.4,7
2,boost_1024_cross-core_unpaced,1,queue,20053.4,20480.1,4
2,boost_1024_cross-core_unpaced,1,queue,20480.1,20906.8,7
2,boost_1024_cross-core_unpaced,1,queue,20906.8,21333.5,10
2,boost_1024_cross-core_unpaced,1,queue,21333.5,21760.1,9
2,boost_1024_cross-core_unpaced,1,queue,21760.1,22186.8,8
2,boost_1024_cross-core_unpaced,1,queue,22186.8,22613.5,8
2,boost_1024_cross-core_unpaced,1,queue,22613.5,23040.1,6
2,boost_1024_cross-core_unpaced,1,queue,23040.1,23466.8,6
2,boost_1024_cross-core_unpaced,1,queue,23466.8,23893.5,8
2,boost_1024_cross-core_unpaced,1,queue,23893.5,24320.1,4
2,boost_1024_cross-core_unpaced,1,queue,24320.1,24746.8,7
2,boost_1024_cross-core_unpaced,1,queue,24746.8,25173.5,8
2,boost_1024_cross-core_unpaced,1,queue,25173.5,25600.1,7
2,boost_1024_cross-core_unpaced,1,queue,25600.1,26026.8,8
2,boost_1024_cross-core_unpaced,1,queue,26026.8,26453.5,12
2,boost_1024_cross-core_unpaced,1,queue,26453.5,26880.2,3
2,boost_1024_cross-core_unpaced,1,queue,26880.2,27306.8,3
2,boost_1024_cross-core_unpaced,1,queue,27306.8,28160.2,13
2,boost_1024_cross-core_unpaced,1,queue,28160.2,29013.5,13
2,boost_1024_cross-core_unpaced,1,queue,29013.5,29866.8,25
2,boost_1024_cross-core_unpaced,1,queue,29866.8,30720.2,17
2,boost_1024_cross-core_unpaced,1,queue,30720.2,31573.5,16
2,boost_1024_cross-core_unpaced,1,queue,31573.5,32426.9,17
2,boost_1024_cross-core_unpaced,1,queue,32426.9,33280.2,24
2,boost_1024_cross-core_unpaced,1,queue,33280.2,34133.5,21
2,boost_1024_cross-core_unpaced,1,queue,34133.5,34986.9,15
2,boost_1024_cross-core_unpaced,1,queue,34986.9,35840.2,24
2,boost_1024_cross-core_unpaced,1,queue,35840.2,36693.5,22
2,boost_1024_cross-core_unpaced,1,queue,36693.5,37546.9,27
2,boost_1024_cross-core_unpaced,1,queue,37546.9,38400.2,12
2,boost_1024_cross-core_unpaced,1,queue,38400.2,39253.6,23
2,boost_1024_cross-core_unpaced,1,queue,39253.6,40106.9,24
2,boost_1024_cross-core_unpaced,1,queue,40106.9,40960.2,24
2,boost_1024_cross-core_unpaced,1,queue,40960.2,41813.6,25
2,boost_1024_cross-core_unpaced,1,queue,41813.6,42666.9,24
2,boost_1024_cross-core_unpaced,1,queue,42666.9,43520.3,30
2,boost_1024_cross-core_unpaced,1,queue,43520.3,44373.6,31
2,boost_1024_cross-core_unpaced,1,queue,44373.6,45226.9,19
2,boost_1024_cross-core_unpaced,1,queue,45226.9,46080.3,34
2,boost_1024_cross-core_unpaced,1,queue,46080.3,46933.6,25
2,boost_1024_cross-core_unpaced,1,queue,46933.6,47786.9,28
2,boost_1024_cross-core_unpaced,1,queue,47786.9,48640.3,23
2,boost_1024_cross-core_unpaced,1,queue,48640.3,49493.6,28
2,boost_1024_cross-core_unpaced,1,queue,49493.6,50347,23
2,boost_1024_cross-core_unpaced,1,queue,50347,51200.3,28
2,boost_1024_cross-core_unpaced,1,queue,51200.3,52053.6,24
2,boost_1024_cross-core_unpaced,1,queue,52053.6,52907,37
2,boost_1024_cross-core_unpaced,1,queue,52907,53760.3,32
2,boost_1024_cross-core_unpaced,1,queue,53760.3,54613.6,33
2,boost_1024_cross-core_unpaced,1,queue,54613.6,56320.3,68
2,boost_1024_cross-core_unpaced,1,queue,56320.3,58027,78
2,boost_1024_cross-core_unpaced,1,queue,58027,59733.7,62
2,boost_1024_cross-core_unpaced,1,queue,59733.7,61440.4,56
2,boost_1024_cross-core_unpaced,1,queue,61440.4,63147,65
2,boost_1024_cross-core_unpaced,1,queue,63147,64853.7,63
2,boost_1024_cross-core_unpaced,1,queue,64853.7,66560.4,80
2,boost_1024_cross-core_unpaced,1,queue,66560.4,68267.1,84
2,boost_1024_cross-core_unpaced,1,queue,68267.1,69973.7,108
2,boost_1024_cross-core_unpaced,1,queue,69973.7,71680.4,92
2,boost_1024_cross-core_unpaced,1,queue,71680.4,73387.1,90
2,boost_1024_cross-core_unpaced,1,queue,73387.1,75093.8,80
2,boost_1024_cross-core_unpaced,1,queue,75093.8,76800.4,85
2,boost_1024_cross-core_unpaced,1,queue,76800.4,78507.1,81
2,boost_1024_cross-core_unpaced,1,queue,78507.1,80213.8,84
2,boost_1024_cross-core_unpaced,1,queue,80213.8,81920.5,71
2,boost_1024_cross-core_unpaced,1,queue,81920.5,83627.1,77
2,boost_1024_cross-core_unpaced,1,queue,83627.1,85333.8,97
2,boost_1024_cross-core_unpaced,1,queue,85333.8,87040.5,83
2,boost_1024_cross-core_unpaced,1,queue,87040.5,88747.2,92
2,boost_1024_cross-core_unpaced,1,queue,88747.2,90453.9,113
2,boost_1024_cross-core_unpaced,1,queue,90453.9,92160.5,101
2,boost_1024_cross-core_unpaced,1,queue,92160.5,93867.2,104
2,boost_1024_cross-core_unpaced,1,queue,93867.2,95573.9,104
2,boost_1024_cross-core_unpaced,1,queue,95573.9,97280.6,108
2,boost_1024_cross-core_unpaced,1,queue,97280.6,98987.2,97
2,boost_1024_cross-core_unpaced,1,queue,98987.2,100694,137
2,boost_1024_cross-core_unpaced,1,queue,100694,102401,119
2,boost_1024_cross-core_unpaced,1,queue,102401,104107,102
2,boost_1024_cross-core_unpaced,1,queue,104107,105814,125
2,boost_1024_cross-core_unpaced,1,queue,105814,107521,259
2,boost_1024_cross-core_unpaced,1,queue,107521,109227,699
2,boost_1024_cross-core_unpaced,1,queue,109227,112641,6805
2,boost_1024_cross-core_unpaced,1,queue,112641,116054,28359
2,boost_1024_cross-core_unpaced,1,queue,116054,119467,55208
2,boost_1024_cross-core_unpaced,1,queue,119467,122881,61834
2,boost_1024_cross-core_unpaced,1,queue,122881,126294,47060
2,boost_1024_cross-core_unpaced,1,queue,126294,129707,33262
2,boost_1024_cross-core_unpaced,1,queue,129707,133121,22107
2,boost_1024_cross-core_unpaced,1,queue,133121,136534,13406
2,boost_1024_cross-core_unpaced,1,queue,136534,139947,8591
2,boost_1024_cross-core_unpaced,1,queue,139947,143361,6805
2,boost_1024_cross-core_unpaced,1,queue,143361,146774,6222
2,boost_1024_cross-core_unpaced,1,queue,146774,150188,7296
2,boost_1024_cross-core_unpaced,1,queue,150188,153601,11494
2,boost_1024_cross-core_unpaced,1,queue,153601,157014,18270
2,boost_1024_cross-core_unpaced,1,queue,157014,160428,30830
2,boost_1024_cross-core_unpaced,1,queue,160428,163841,47690
2,boost_1024_cross-core_unpaced,1,queue,163841,167254,70345
2,boost_1024_cross-core_unpaced,1,queue,167254,170668,98433
2,boost_1024_cross-core_unpaced,1,queue,170668,174081,131662
2,boost_1024_cross-core_unpaced,1,queue,174081,177494,166945
2,boost_1024_cross-core_unpaced,1,queue,177494,180908,191438
2,boost_1024_cross-core_unpaced,1,queue,180908,184321,204975
2,boost_1024_cross-core_unpaced,1,queue,184321,187734,205499
2,boost_1024_cross-core_unpaced,1,queue,187734,191148,193422
2,boost_1024_cross-core_unpaced,1,queue,191148,194561,168387
2,boost_1024_cross-core_unpaced,1,queue,194561,197974,138270
2,boost_1024_cross-core_unpaced,1,queue,197974,201388,111471
2,boost_1024_cross-core_unpaced,1,queue,201388,204801,82504
2,boost_1024_cross-core_unpaced,1,queue,204801,208215,60102
2,boost_1024_cross-core_unpaced,1,queue,208215,211628,41634
2,boost_1024_cross-core_unpaced,1,queue,211628,215041,28155
2,boost_1024_cross-core_unpaced,1,queue,215041,218455,18538
2,boost_1024_cross-core_unpaced,1,queue,218455,225281,22124
2,boost_1024_cross-core_unpaced,1,queue,225281,232108,10999
2,boost_1024_cross-core_unpaced,1,queue,232108,238935,6021
2,boost_1024_cross-core_unpaced,1,queue,238935,245761,4002
2,boost_1024_cross-core_unpaced,1,queue,245761,252588,2325
2,boost_1024_cross-core_unpaced,1,queue,252588,259415,1556
2,boost_1024_cross-core_unpaced,1,queue,259415,266242,976
2,boost_1024_cross-core_unpaced,1,queue,266242,273068,701
2,boost_1024_cross-core_unpaced,1,queue,273068,279895,696
2,boost_1024_cross-core_unpaced,1,queue,279895,286722,721
2,boost_1024_cross-core_unpaced,1,queue,286722,293548,550
2,boost_1024_cross-core_unpaced,1,queue,293548,300375,479
2,boost_1024_cross-core_unpaced,1,queue,300375,307202,522
2,boost_1024_cross-core_unpaced,1,queue,307202,314028,786
2,boost_1024_cross-core_unpaced,1,queue,314028,320855,1324
2,boost_1024_cross-core_unpaced,1,queue,320855,327682,1723
2,boost_1024_cross-core_unpaced,1,queue,327682,334509,1613
2,boost_1024_cross-core_unpaced,1,queue,334509,341335,775
2,boost_1024_cross-core_unpaced,1,queue,341335,348162,474
2,boost_1024_cross-core_unpaced,1,queue,348162,354989,237
2,boost_1024_cross-core_unpaced,1,queue,354989,361815,76
2,boost_1024_cross-core_unpaced,1,queue,361815,368642,30
2,boost_1024_cross-core_unpaced,1,queue,368642,375469,47
2,boost_1024_cross-core_unpaced,1,queue,375469,382296,27
2,boost_1024_cross-core_unpaced,1,queue,382296,389122,20
2,boost_1024_cross-core_unpaced,1,queue,389122,395949,22
2,boost_1024_cross-core_unpaced,1,queue,395949,402776,32
2,boost_1024_cross-core_unpaced,1,queue,402776,409602,55
2,boost_1024_cross-core_unpaced,1,queue,409602,416429,8
2,boost_1024_cross-core_unpaced,1,queue,416429,423256,20
2,boost_1024_cross-core_unpaced,1,queue,423256,430082,25
2,boost_1024_cross-core_unpaced,1,queue,430082,436909,8
2,boost_1024_cross-core_unpaced,1,queue,436909,450563,12
2,boost_1024_cross-core_unpaced,1,queue,450563,464216,32
2,boost_1024_cross-core_unpaced,1,queue,464216,477869,33
2,boost_1024_cross-core_unpaced,1,queue,477869,491523,51
2,boost_1024_cross-core_unpaced,1,queue,491523,505176,58
2,boost_1024_cross-core_unpaced,1,queue,505176,518830,22
2,boost_1024_cross-core_unpaced,1,queue,518830,532483,48
2,boost_1024_cross-core_unpaced,1,queue,532483,546136,59
2,boost_1024_cross-core_unpaced,1,queue,546136,559790,18
2,boost_1024_cross-core_unpaced,1,queue,559790,573443,4
2,boost_1024_cross-core_unpaced,1,queue,573443,587097,14
2,boost_1024_cross-core_unpaced,1,queue,587097,600750,5
2,boost_1024_cross-core_unpaced,1,queue,600750,614404,5
2,boost_1024_cross-core_unpaced,1,queue,614404,628057,5
2,boost_1024_cross-core_unpaced,1,queue,628057,641710,5
2,boost_1024_cross-core_unpaced,1,queue,641710,655364,5
2,boost_1024_cross-core_unpaced,1,queue,655364,669017,3
2,boost_1024_cross-core_unpaced,1,queue,696324,709977,2
2,boost_1024_cross-core_unpaced,1,queue,709977,723631,1
2,boost_1024_cross-core_unpaced,1,queue,723631,737284,2
2,boost_1024_cross-core_unpaced,1,queue,750938,764591,4
2,boost_1024_cross-core_unpaced,1,queue,764591,778244,1
2,boost_1024_cross-core_unpaced,1,queue,778244,791898,2
2,boost_1024_cross-core_unpaced,1,queue,805551,819205,1
2,boost_1024_cross-core_unpaced,1,queue,832858,846512,1
2,boost_1024_cross-core_unpaced,1,queue,846512,860165,8
2,boost_1024_cross-core_unpaced,1,queue,873818,901125,3
2,boost_1024_cross-core_unpaced,1,queue,901125,928432,2
2,boost_1024_cross-core_unpaced,1,queue,928432,955739,12
2,boost_1024_cross-core_unpaced,1,queue,955739,983046,2
2,boost_1024_cross-core_unpaced,1,queue,983046,1.01035e+06,3
2,boost_1024_cross-core_unpaced,1,queue,1.03766e+06,1.06497e+06,4
2,boost_1024_cross-core_unpaced,1,queue,1.06497e+06,1.09227e+06,7
2,boost_1024_cross-core_unpaced,1,queue,1.09227e+06,1.11958e+06,1
2,boost_1024_cross-core_unpaced,1,queue,1.11958e+06,1.14689e+06,5
2,boost_1024_cross-core_unpaced,1,book,15.8334,16.2501,154
2,boost_1024_cross-core_unpaced,1,book,16.6668,17.0834,312
2,boost_1024_cross-core_unpaced,1,book,17.5001,17.9168,40
2,boost_1024_cross-core_unpaced,1,book,18.3334,18.7501,32
2,boost_1024_cross-core_unpaced,1,book,19.1668,19.5834,218
2,boost_1024_cross-core_unpaced,1,book,20.0001,20.4168,3001
2,boost_1024_cross-core_unpaced,1,book,20.8335,21.2501,15173
2,boost_1024_cross-core_unpaced,1,book,21.6668,22.0835,18189
2,boost_1024_cross-core_unpaced,1,book,22.5001,22.9168,6701
2,boost_1024_cross-core_unpaced,1,book,23.3335,23.7501,1579
2,boost_1024_cross-core_unpaced,1,book,24.1668,24.5835,594
2,boost_1024_cross-core_unpaced,1,book,25.0001,25.4168,433
2,boost_1024_cross-core_unpaced,1,book,25.8335,26.2502,626
2,boost_1024_cross-core_unpaced,1,book,26.6668,27.5002,1090
2,boost_1024_cross-core_unpaced,1,book,27.5002,28.3335,997
2,boost_1024_cross-core_unpaced,1,book,28.3335,29.1668,1424
2,boost_1024_cross-core_unpaced,1,book,29.1668,30.0002,3634
2,boost_1024_cross-core_unpaced,1,book,30.0002,30.8335,3140
2,boost_1024_cross-core_unpaced,1,book,30.8335,31.6668,1553
2,boost_1024_cross-core_unpaced,1,book,31.6668,32.5002,757
2,boost_1024_cross-core_unpaced,1,book,32.5002,33.3335,1667
2,boost_1024_cross-core_unpaced,1,book,33.3335,34.1669,7426
2,boost_1024_cross-core_unpaced,1,book,34.1669,35.0002,12558
2,boost_1024_cross-core_unpaced,1,book,35.0002,35.8335,15165
2,boost_1024_cross-core_unpaced,1,book,35.8335,36.6669,11361
2,boost_1024_cross-core_unpaced,1,book,36.6669,37.5002,6068
2,boost_1024_cross-core_unpaced,1,book,37.5002,38.3336,3884
2,boost_1024_cross-core_unpaced,1,book,38.3336,39.1669,3216
2,boost_1024_cross-core_unpaced,1,book,39.1669,40.0002,3141
2,boost_1024_cross-core_unpaced,1,book,40.0002,40.8336,3440
2,boost_1024_cross-core_unpaced,1,book,40.8336,41.6669,2969
2,boost_1024_cross-core_unpaced,1,book,41.6669,42.5002,3859
2,boost_1024_cross-core_unpaced,1,book,42.5002,43.3336,5397
2,boost_1024_cross-core_unpaced,1,book,43.3336,44.1669,5583
2,boost_1024_cross-core_unpaced,1,book,44.1669,45.0003,6403
2,boost_1024_cross-core_unpaced,1,book,45.0003,45.8336,6220
2,boost_1024_cross-core_unpaced,1,book,45.8336,46.6669,5069
2,boost_1024_cross-core_unpaced,1,book,46.6669,47.5003,5334
2,boost_1024_cross-core_unpaced,1,book,47.5003,48.3336,5870
2,boost_1024_cross-core_unpaced,1,book,48.3336,49.1669,6977
2,boost_1024_cross-core_unpaced,1,book,49.1669,50.0003,7791
2,boost_1024_cross-core_unpaced,1,book,50.0003,50.8336,7326
2,boost_1024_cross-core_unpaced,1,book,50.8336,51.667,7644
2,boost_1024_cross-core_unpaced,1,book,51.667,52.5003,8186
2,boost_1024_cross-core_unpaced,1,book,52.5003,53.3336,8768
2,boost_1024_cross-core_unpaced,1,book,53.3336,55.0003,17754
2,boost_1024_cross-core_unpaced,1,book,55.0003,56.667,16321
2,boost_1024_cross-core_unpaced,1,book,56.667,58.3337,16401
2,boost_1024_cross-core_unpaced,1,book,58.3337,60.0003,16301
2,boost_1024_cross-core_unpaced,1,book,60.0003,61.667,17084
2,boost_1024_cross-core_unpaced,1,book,61.667,63.3337,17229
2,boost_1024_cross-core_unpaced,1,book,63.3337,65.0004,15727
2,boost_1024_cross-core_unpaced,1,book,65.0004,66.667,14927
2,boost_1024_cross-core_unpaced,1,book,66.667,68.3337,15462
2,boost_1024_cross-core_unpaced,1,book,68.3337,70.0004,14533
2,boost_1024_cross-core_unpaced,1,book,70.0004,71.6671,14060
2,boost_1024_cross-core_unpaced,1,book,71.6671,73.3338,13215
2,boost_1024_cross-core_unpaced,1,book,73.3338,75.0004,12239
2,boost_1024_cross-core_unpaced,1,book,75.0004,76.6671,11686
2,boost_1024_cross-core_unpaced,1,book,76.6671,78.3338,10529
2,boost_1024_cross-core_unpaced,1,book,78.3338,80.0005,9520
2,boost_1024_cross-core_unpaced,1,book,80.0005,81.6671,9673
2,boost_1024_cross-core_unpaced,1,book,81.6671,83.3338,9114
2,boost_1024_cross-core_unpaced,1,book,83.3338,85.0005,8216
2,boost_1024_cross-core_unpaced,1,book,85.0005,86.6672,7904
2,boost_1024_cross-core_unpaced,1,book,86.6672,88.3338,7628
2,boost_1024_cross-core_unpaced,1,book,88.3338,90.0005,6987
2,boost_1024_cross-core_unpaced,1,book,90.0005,91.6672,6648
2,boost_1024_cross-core_unpaced,1,book,91.6672,93.3339,6468
2,boost_1024_cross-core_unpaced,1,book,93.3339,95.0005,6378
2,boost_1024_cross-core_unpaced,1,book,95.0005,96.6672,6704
2,boost_1024_cross-core_unpaced,1,book,96.6672,98.3339,6688
2,boost_1024_cross-core_unpaced,1,book,98.3339,100.001,6372
2,boost_1024_cross-core_unpaced,1,book,100.001,101.667,6508
2,boost_1024_cross-core_unpaced,1,book,101.667,103.334,6082
2,boost_1024_cross-core_unpaced,1,book,103.334,105.001,5513
2,boost_1024_cross-core_unpaced,1,book,105.001,106.667,5331
2,boost_1024_cross-core_unpaced,1,book,106.667,110.001,10990
2,boost_1024_cross-core_unpaced,1,book,110.001,113.334,11390
2,boost_1024_cross-core_unpaced,1,book,113.334,116.667,10607
2,boost_1024_cross-core_unpaced,1,book,116.667,120.001,9189
2,boost_1024_cross-core_unpaced,1,book,120.001,123.334,9359
2,boost_1024_cross-core_unpaced,1,book,123.334,126.667,12660
2,boost_1024_cross-core_unpaced,1,book,126.667,130.001,24931
2,boost_1024_cross-core_unpaced,1,book,130.001,133.334,31118
2,boost_1024_cross-core_unpaced,1,book,133.334,136.667,27331
2,boost_1024_cross-core_unpaced,1,book,136.667,140.001,38494
2,boost_1024_cross-core_unpaced,1,book,140.001,143.334,66016
2,boost_1024_cross-core_unpaced,1,book,143.334,146.668,61555
2,boost_1024_cross-core_unpaced,1,book,146.668,150.001,51304
2,boost_1024_cross-core_unpaced,1,book,150.001,153.334,61619
2,boost_1024_cross-core_unpaced,1,book,153.334,156.668,73979
2,boost_1024_cross-core_unpaced,1,book,156.668,160.001,57792
2,boost_1024_cross-core_unpaced,1,book,160.001,163.334,51973
2,boost_1024_cross-core_unpaced,1,book,163.334,166.668,52040
2,boost_1024_cross-core_unpaced,1,book,166.668,170.001,47847
2,boost_1024_cross-core_unpaced,1,book,170.001,173.334,40432
2,boost_1024_cross-core_unpaced,1,book,173.334,176.668,38849
2,boost_1024_cross-core_unpaced,1,book,176.668,180.001,35039
2,boost_1024_cross-core_unpaced,1,book,180.001,183.334,33921
2,boost_1024_cross-core_unpaced,1,book,183.334,186.668,30282
2,boost_1024_cross-core_unpaced,1,book,186.668,190.001,29558
2,boost_1024_cross-core_unpaced,1,book,190.001,193.334,27040
2,boost_1024_cross-core_unpaced,1,book,193.334,196.668,25317
2,boost_1024_cross-core_unpaced,1,book,196.668,200.001,23016
2,boost_1024_cross-core_unpaced,1,book,200.001,203.335,22285
2,boost_1024_cross-core_unpaced,1,book,203.335,206.668,20738
2,boost_1024_cross-core_unpaced,1,book,206.668,210.001,20298
2,boost_1024_cross-core_unpaced,1,book,210.001,213.335,18805
2,boost_1024_cross-core_unpaced,1,book,213.335,220.001,38082
2,boost_1024_cross-core_unpaced,1,book,220.001,226.668,37399
2,boost_1024_cross-core_unpaced,1,book,226.668,233.335,36146
2,boost_1024_cross-core_unpaced,1,book,233.335,240.001,34620
2,boost_1024_cross-core_unpaced,1,book,240.001,246.668,33522
2,boost_1024_cross-core_unpaced,1,book,246.668,253.335,33540
2,boost_1024_cross-core_unpaced,1,book,253.335,260.001,32668
2,boost_1024_cross-core_unpaced,1,book,260.001,266.668,32557
2,boost_1024_cross-core_unpaced,1,book,266.668,273.335,29997
2,boost_1024_cross-core_unpaced,1,book,273.335,280.002,27270
2,boost_1024_cross-core_unpaced,1,book,280.002,286.668,24522
2,boost_1024_cross-core_unpaced,1,book,286.668,293.335,22198
2,boost_1024_cross-core_unpaced,1,book,293.335,300.002,20336
2,boost_1024_cross-core_unpaced,1,book,300.002,306.668,19215
2,boost_1024_cross-core_unpaced,1,book,306.668,313.335,17972
2,boost_1024_cross-core_unpaced,1,book,313.335,320.002,17023
2,boost_1024_cross-core_unpaced,1,book,320.002,326.669,16156
2,boost_1024_cross-core_unpaced,1,book,326.669,333.335,15569
2,boost_1024_cross-core_unpaced,1,book,333.335,340.002,14316
2,boost_1024_cross-core_unpaced,1,book,340.002,346.669,13695
2,boost_1024_cross-core_unpaced,1,book,346.669,353.335,13110
2,boost_1024_cross-core_unpaced,1,book,353.335,360.002,12586
2,boost_1024_cross-core_unpaced,1,book,360.002,366.669,12250
2,boost_1024_cross-core_unpaced,1,book,366.669,373.335,11500
2,boost_1024_cross-core_unpaced,1,book,373.335,380.002,10737
2,boost_1024_cross-core_unpaced,1,book,380.002,386.669,10024
2,boost_1024_cross-core_unpaced,1,book,386.669,393.336,9919
2,boost_1024_cross-core_unpaced,1,book,393.336,400.002,9241
2,boost_1024_cross-core_unpaced,1,book,400.002,406.669,8593
2,boost_1024_cross-core_unpaced,1,book,406.669,413.336,7893
2,boost_1024_cross-core_unpaced,1,book,413.336,420.002,7421
2,boost_1024_cross-core_unpaced,1,book,420.002,426.669,7527
2,boost_1024_cross-core_unpaced,1,book,426.669,440.003,13470
2,boost_1024_cross-core_unpaced,1,book,440.003,453.336,11733
2,boost_1024_cross-core_unpaced,1,book,453.336,466.669,9983
2,boost_1024_cross-core_unpaced,1,book,466.669,480.003,8470
2,boost_1024_cross-core_unpaced,1,book,480.003,493.336,7293
2,boost_1024_cross-core_unpaced,1,book,493.336,506.67,6315
2,boost_1024_cross-core_unpaced,1,book,506.67,520.003,5528
2,boost_1024_cross-core_unpaced,1,book,520.003,533.336,4709
2,boost_1024_cross-core_unpaced,1,book,533.336,546.67,4252
2,boost_1024_cross-core_unpaced,1,book,546.67,560.003,3716
2,boost_1024_cross-core_unpaced,1,book,560.003,573.337,3240
2,boost_1024_cross-core_unpaced,1,book,573.337,586.67,2877
2,boost_1024_cross-core_unpaced,1,book,586.67,600.003,2471
2,boost_1024_cross-core_unpaced,1,book,600.003,613.337,2160
2,boost_1024_cross-core_unpaced,1,book,613.337,626.67,1832
2,boost_1024_cross-core_unpaced,1,book,626.67,640.004,1665
2,boost_1024_cross-core_unpaced,1,book,640.004,653.337,1476
2,boost_1024_cross-core_unpaced,1,book,653.337,666.67,1248
2,boost_1024_cross-core_unpaced,1,book,666.67,680.004,1084
2,boost_1024_cross-core_unpaced,1,book,680.004,693.337,935
2,boost_1024_cross-core_unpaced,1,book,693.337,706.671,863
2,boost_1024_cross-core_unpaced,1,book,706.671,720.004,735
2,boost_1024_cross-core_unpaced,1,book,720.004,733.338,622
2,boost_1024_cross-core_unpaced,1,book,733.338,746.671,591
2,boost_1024_cross-core_unpaced,1,book,746.671,760.004,494
2,boost_1024_cross-core_unpaced,1,book,760.004,773.338,439
2,boost_1024_cross-core_unpaced,1,book,773.338,786.671,361
2,boost_1024_cross-core_unpaced,1,book,786.671,800.005,347
2,boost_1024_cross-core_unpaced,1,book,800.005,813.338,293
2,boost_1024_cross-core_unpaced,1,book,813.338,826.671,249
2,boost_1024_cross-core_unpaced,1,book,826.671,840.005,222
2,boost_1024_cross-core_unpaced,1,book,840.005,853.338,181
2,boost_1024_cross-core_unpaced,1,book,853.338,880.005,303
2,boost_1024_cross-core_unpaced,1,book,880.005,906.672,234
2,boost_1024_cross-core_unpaced,1,book,906.672,933.339,198
2,boost_1024_cross-core_unpaced,1,book,933.339,960.006,154
2,boost_1024_cross-core_unpaced,1,book,960.006,986.672,113
2,boost_1024_cross-core_unpaced,1,book,986.672,1013.34,91
2,boost_1024_cross-core_unpaced,1,book,1013.34,1040.01,73
2,boost_1024_cross-core_unpaced,1,book,1040.01,1066.67,53
2,boost_1024_cross-core_unpaced,1,book,1066.67,1093.34,49
2,boost_1024_cross-core_unpaced,1,book,1093.34,1120.01,31
2,boost_1024_cross-core_unpaced,1,book,1120.01,1146.67,27
2,boost_1024_cross-core_unpaced,1,book,1146.67,1173.34,32
2,boost_1024_cross-core_unpaced,1,book,1173.34,1200.01,17
2,boost_1024_cross-core_unpaced,1,book,1200.01,1226.67,9
2,boost_1024_cross-core_unpaced,1,book,1226.67,1253.34,16
2,boost_1024_cross-core_unpaced,1,book,1253.34,1280.01,8
2,boost_1024_cross-core_unpaced,1,book,1280.01,1306.67,7
2,boost_1024_cross-core_unpaced,1,book,1306.67,1333.34,15
2,boost_1024_cross-core_unpaced,1,book,1333.34,1360.01,12
2,boost_1024_cross-core_unpaced,1,book,1360.01,1386.67,7
2,boost_1024_cross-core_unpaced,1,book,1386.67,1413.34,12
2,boost_1024_cross-core_unpaced,1,book,1413.34,1440.01,5
2,boost_1024_cross-core_unpaced,1,book,1440.01,1466.68,4
2,boost_1024_cross-core_unpaced,1,book,1466.68,1493.34,6
2,boost_1024_cross-core_unpaced,1,book,1493.34,1520.01,4
2,boost_1024_cross-core_unpaced,1,book,1520.01,1546.68,10
2,boost_1024_cross-core_unpaced,1,book,1546.68,1573.34,2
2,boost_1024_cross-core_unpaced,1,book,1573.34,1600.01,7
2,boost_1024_cross-core_unpaced,1,book,1600.01,1626.68,6
2,boost_1024_cross-core_unpaced,1,book,1626.68,1653.34,3
2,boost_1024_cross-core_unpaced,1,book,1653.34,1680.01,8
2,boost_1024_cross-core_unpaced,1,book,1680.01,1706.68,7
2,boost_1024_cross-core_unpaced,1,book,1706.68,1760.01,10
2,boost_1024_cross-core_unpaced,1,book,1760.01,1813.34,9
2,boost_1024_cross-core_unpaced,1,book,1813.34,1866.68,9
2,boost_1024_cross-core_unpaced,1,book,1866.68,1920.01,6
2,boost_1024_cross-core_unpaced,1,book,1920.01,1973.34,6
2,boost_1024_cross-core_unpaced,1,book,1973.34,2026.68,5
2,boost_1024_cross-core_unpaced,1,book,2026.68,2080.01,8
2,boost_1024_cross-core_unpaced,1,book,2080.01,2133.35,1
2,boost_1024_cross-core_unpaced,1,book,2133.35,2186.68,3
2,boost_1024_cross-core_unpaced,1,book,2186.68,2240.01,1
2,boost_1024_cross-core_unpaced,1,book,2240.01,2293.35,3
2,boost_1024_cross-core_unpaced,1,book,2293.35,2346.68,2
2,boost_1024_cross-core_unpaced,1,book,2346.68,2400.01,3
2,boost_1024_cross-core_unpaced,1,book,2400.01,2453.35,1
2,boost_1024_cross-core_unpaced,1,book,2453.35,2506.68,1
2,boost_1024_cross-core_unpaced,1,book,2560.01,2613.35,1
2,boost_1024_cross-core_unpaced,1,book,2773.35,2826.68,3
2,boost_1024_cross-core_unpaced,1,book,2933.35,2986.68,2
2,boost_1024_cross-core_unpaced,1,book,3040.02,3093.35,1
2,boost_1024_cross-core_unpaced,1,book,3200.02,3253.35,2
2,boost_1024_cross-core_unpaced,1,book,3253.35,3306.69,3
2,boost_1024_cross-core_unpaced,1,book,3306.69,3360.02,1
2,boost_1024_cross-core_unpaced,1,book,3360.02,3413.35,2
2,boost_1024_cross-core_unpaced,1,book,3520.02,3626.69,1
2,boost_1024_cross-core_unpaced,1,book,3626.69,3733.35,3
2,boost_1024_cross-core_unpaced,1,book,3733.35,3840.02,2
2,boost_1024_cross-core_unpaced,1,book,3840.02,3946.69,1
2,boost_1024_cross-core_unpaced,1,book,3946.69,4053.36,2
2,boost_1024_cross-core_unpaced,1,book,4053.36,4160.02,5
2,boost_1024_cross-core_unpaced,1,book,4160.02,4266.69,2
2,boost_1024_cross-core_unpaced,1,book,4266.69,4373.36,7
2,boost_1024_cross-core_unpaced,1,book,4373.36,4480.03,14
2,boost_1024_cross-core_unpaced,1,book,4480.03,4586.69,19
2,boost_1024_cross-core_unpaced,1,book,4586.69,4693.36,19
2,boost_1024_cross-core_unpaced,1,book,4693.36,4800.03,10
2,boost_1024_cross-core_unpaced,1,book,4800.03,4906.69,17
2,boost_1024_cross-core_unpaced,1,book,4906.69,5013.36,8
2,boost_1024_cross-core_unpaced,1,book,5013.36,5120.03,5
2,boost_1024_cross-core_unpaced,1,book,5120.03,5226.7,6
2,boost_1024_cross-core_unpaced,1,book,5226.7,5333.36,6
2,boost_1024_cross-core_unpaced,1,book,5333.36,5440.03,13
2,boost_1024_cross-core_unpaced,1,book,5440.03,5546.7,24
2,boost_1024_cross-core_unpaced,1,book,5546.7,5653.37,26
2,boost_1024_cross-core_unpaced,1,book,5653.37,5760.03,14
2,boost_1024_cross-core_unpaced,1,book,5760.03,5866.7,13
2,boost_1024_cross-core_unpaced,1,book,5866.7,5973.37,7
2,boost_1024_cross-core_unpaced,1,book,5973.37,6080.03,3
2,boost_1024_cross-core_unpaced,1,book,6080.03,6186.7,1
2,boost_1024_cross-core_unpaced,1,book,6186.7,6293.37,1
2,boost_1024_cross-core_unpaced,1,book,6293.37,6400.04,3
2,boost_1024_cross-core_unpaced,1,book,6400.04,6506.7,1
2,boost_1024_cross-core_unpaced,1,book,6506.7,6613.37,2
2,boost_1024_cross-core_unpaced,1,book,6613.37,6720.04,4
2,boost_1024_cross-core_unpaced,1,book,6720.04,6826.71,4
2,boost_1024_cross-core_unpaced,1,book,6826.71,7040.04,1
2,boost_1024_cross-core_unpaced,1,book,7040.04,7253.38,4
2,boost_1024_cross-core_unpaced,1,book,7253.38,7466.71,2
2,boost_1024_cross-core_unpaced,1,book,7466.71,7680.04,4
2,boost_1024_cross-core_unpaced,1,book,7893.38,8106.71,2
2,boost_1024_cross-core_unpaced,1,book,8106.71,8320.05,1
2,boost_1024_cross-core_unpaced,1,book,8320.05,8533.38,4
2,boost_1024_cross-core_unpaced,1,book,8533.38,8746.72,2
2,boost_1024_cross-core_unpaced,1,book,8746.72,8960.05,4
2,boost_1024_cross-core_unpaced,1,book,8960.05,9173.39,7
2,boost_1024_cross-core_unpaced,1,book,9173.39,9386.72,5
2,boost_1024_cross-core_unpaced,1,book,9386.72,9600.06,9
2,boost_1024_cross-core_unpaced,1,book,9600.06,9813.39,8
2,boost_1024_cross-core_unpaced,1,book,9813.39,10026.7,8
2,boost_1024_cross-core_unpaced,1,book,10026.7,10240.1,12
2,boost_1024_cross-core_unpaced,1,book,10240.1,10453.4,23
2,boost_1024_cross-core_unpaced,1,book,10453.4,10666.7,82
2,boost_1024_cross-core_unpaced,1,book,10666.7,10880.1,95
2,boost_1024_cross-core_unpaced,1,book,10880.1,11093.4,73
2,boost_1024_cross-core_unpaced,1,book,11093.4,11306.7,53
2,boost_1024_cross-core_unpaced,1,book,11306.7,11520.1,36
2,boost_1024_cross-core_unpaced,1,book,11520.1,11733.4,15
2,boost_1024_cross-core_unpaced,1,book,11733.4,11946.7,11
2,boost_1024_cross-core_unpaced,1,book,11946.7,12160.1,6
2,boost_1024_cross-core_unpaced,1,book,12160.1,12373.4,3
2,boost_1024_cross-core_unpaced,1,book,12373.4,12586.7,4
2,boost_1024_cross-core_unpaced,1,book,12586.7,12800.1,3
2,boost_1024_cross-core_unpaced,1,book,12800.1,13013.4,4
2,boost_1024_cross-core_unpaced,1,book,13226.7,13440.1,1
2,boost_1024_cross-core_unpaced,1,book,15360.1,15786.8,1
2,boost_1024_cross-core_unpaced,1,book,15786.8,16213.4,1
2,boost_1024_cross-core_unpaced,1,book,16213.4,16640.1,1
2,boost_1024_cross-core_unpaced,1,book,17066.8,17493.4,1
3,boost_1024_cross-core_unpaced,0,total,133.334,136.667,1
3,boost_1024_cross-core_unpaced,0,total,170.001,173.334,1
3,boost_1024_cross-core_unpaced,0,total,173.334,176.668,2
3,boost_1024_cross-core_unpaced,0,total,193.334,196.668,1
3,boost_1024_cross-core_unpaced,0,total,206.668,210.001,1
3,boost_1024_cross-core_unpaced,0,total,213.335,220.001,1
3,boost_1024_cross-core_unpaced,0,total,240.001,246.668,1
3,boost_1024_cross-core_unpaced,0,total,246.668,253.335,1
3,boost_1024_cross-core_unpaced,0,total,253.335,260.001,1
3,boost_1024_cross-core_unpaced,0,total,260.001,266.668,1
3,boost_1024_cross-core_unpaced,0,total,266.668,273.335,2
3,boost_1024_cross-core_unpaced,0,total,273.335,280.002,1
3,boost_1024_cross-core_unpaced,0,total,280.002,286.668,2
3,boost_1024_cross-core_unpaced,0,total,293.335,300.002,3
3,boost_1024_cross-core_unpaced,0,total,306.668,313.335,2
3,boost_1024_cross-core_unpaced,0,total,313.335,320.002,2
3,boost_1024_cross-core_unpaced,0,total,320.002,326.669,2
3,boost_1024_cross-core_unpaced,0,total,326.669,333.335,2
3,boost_1024_cross-core_unpaced,0,total,333.335,340.002,1
3,boost_1024_cross-core_unpaced,0,total,340.002,346.669,1
3,boost_1024_cross-core_unpaced,0,total,353.335,360.002,3
3,boost_1024_cross-core_unpaced,0,total,360.002,366.669,4
3,boost_1024_cross-core_unpaced,0,total,366.669,373.335,6
3,boost_1024_cross-core_unpaced,0,total,373.335,380.002,5
3,boost_1024_cross-core_unpaced,0,total,380.002,386.669,3
3,boost_1024_cross-core_unpaced,0,total,386.669,393.336,8
3,boost_1024_cross-core_unpaced,0,total,393.336,400.002,5
3,boost_1024_cross-core_unpaced,0,total,400.002,406.669,7
3,boost_1024_cross-core_unpaced,0,total,406.669,413.336,9
3,boost_1024_cross-core_unpaced,0,total,413.336,420.002,4
3,boost_1024_cross-core_unpaced,0,total,420.002,426.669,6
3,boost_1024_cross-core_unpaced,0,total,426.669,440.003,10
3,boost_1024_cross-core_unpaced,0,total,440.003,453.336,10
3,boost_1024_cross-core_unpaced,0,total,453.336,466.669,7
3,boost_1024_cross-core_unpaced,0,total,466.669,480.003,15
3,boost_1024_cross-core_unpaced,0,total,480.003,493.336,14
3,boost_1024_cross-core_unpaced,0,total,493.336,506.67,20
3,boost_1024_cross-core_unpaced,0,total,506.67,520.003,11
3,boost_1024_cross-core_unpaced,0,total,520.003,533.336,10
3,boost_1024_cross-core_unpaced,0,total,533.336,546.67,17
3,boost_1024_cross-core_unpaced,0,total,546.67,560.003,8
3,boost_1024_cross-core_unpaced,0,total,560.003,573.337,11
3,boost_1024_cross-core_unpaced,0,total,573.337,586.67,11
3,boost_1024_cross-core_unpaced,0,total,586.67,600.003,21
3,boost_1024_cross-core_unpaced,0,total,600.003,613.337,17
3,boost_1024_cross-core_unpaced,0,total,613.337,626.67,17
3,boost_1024_cross-core_unpaced,0,total,626.67,640.004,18
3,boost_1024_cross-core_unpaced,0,total,640.004,653.337,13
3,boost_1024_cross-core_unpaced,0,total,653.337,666.67,15
3,boost_1024_cross-core_unpaced,0,total,666.67,680.004,15
3,boost_1024_cross-core_unpaced,0,total,680.004,693.337,14
3,boost_1024_cross-core_unpaced,0,total,693.337,706.671,9
3,boost_1024_cross-core_unpaced,0,total,706.671,720.004,15
3,boost_1024_cross-core_unpaced,0,total,720.004,733.338,14
3,boost_1024_cross-core_unpaced,0,total,733.338,746.671,14
3,boost_1024_cross-core_unpaced,0,total,746.671,760.004,7
3,boost_1024_cross-core_unpaced,0,total,760.004,773.338,14
3,boost_1024_cross-core_unpaced,0,total,773.338,786.671,7
3,boost_1024_cross-core_unpaced,0,total,786.671,800.005,3
3,boost_1024_cross-core_unpaced,0,total,800.005,813.338,9
3,boost_1024_cross-core_unpaced,0,total,813.338,826.671,8
3,boost_1024_cross-core_unpaced,0,total,826.671,840.005,9
3,boost_1024_cross-core_unpaced,0,total,840.005,853.338,9
3,boost_1024_cross-core_unpaced,0,total,853.338,880.005,7
3,boost_1024_cross-core_unpaced,0,total,880.005,906.672,9
3,boost_1024_cross-core_unpaced,0,total,906.672,933.339,2
3,boost_1024_cross-core_unpaced,0,total,933.339,960.006,2
3,boost_1024_cross-core_unpaced,0,total,960.006,986.672,7
3,boost_1024_cross-core_unpaced,0,total,986.672,1013.34,6
3,boost_1024_cross-core_unpaced,0,total,1013.34,1040.01,5
3,boost_1024_cross-core_unpaced,0,total,1040.01,1066.67,4
3,boost_1024_cross-core_unpaced,0,total,1066.67,1093.34,2
3,boost_1024_cross-core_unpaced,0,total,1093.34,1120.01,7
3,boost_1024_cross-core_unpaced,0,total,1120.01,1146.67,1
3,boost_1024_cross-core_unpaced,0,total,1146.67,1173.34,3
3,boost_1024_cross-core_unpaced,0,total,1173.34,1200.01,2
3,boost_1024_cross-core_unpaced,0,total,1200.01,1226.67,1
3,boost_1024_cross-core_unpaced,0,total,1226.67,1253.34,1
3,boost_1024_cross-core_unpaced,0,total,1253.34,1280.01,3
3,boost_1024_cross-core_unpaced,0,total,1306.67,1333.34,1
3,boost_1024_cross-core_unpaced,0,total,1360.01,1386.67,3
3,boost_1024_cross-core_unpaced,0,total,1413.34,1440.01,1
3,boost_1024_cross-core_unpaced,0,total,1493.34,1520.01,1
3,boost_1024_cross-core_unpaced,0,total,1520.01,1546.68,1
3,boost_1024_cross-core_unpaced,0,total,1573.34,1600.01,1
3,boost_1024_cross-core_unpaced,0,total,1600.01,1626.68,1
3,boost_1024_cross-core_unpaced,0,total,1680.01,1706.68,1
3,boost_1024_cross-core_unpaced,0,total,1813.34,1866.68,1
3,boost_1024_cross-core_unpaced,0,total,1866.68,1920.01,1
3,boost_1024_cross-core_unpaced,0,total,2026.68,2080.01,1
3,boost_1024_cross-core_unpaced,0,total,2400.01,2453.35,1
3,boost_1024_cross-core_unpaced,0,total,2506.68,2560.01,1
3,boost_1024_cross-core_unpaced,0,total,2666.68,2720.02,1
3,boost_1024_cross-core_unpaced,0,total,2720.02,2773.35,1
3,boost_1024_cross-core_unpaced,0,total,2986.68,3040.02,1
3,boost_1024_cross-core_unpaced,0,total,3040.02,3093.35,1
3,boost_1024_cross-core_unpaced,0,total,3093.35,3146.68,1
3,boost_1024_cross-core_unpaced,0,total,3146.68,3200.02,1
3,boost_1024_cross-core_unpaced,0,total,3200.02,3253.35,1
3,boost_1024_cross-core_unpaced,0,total,3253.35,3306.69,1
3,boost_1024_cross-core_unpaced,0,total,3306.69,3360.02,1
3,boost_1024_cross-core_unpaced,0,total,3413.35,3520.02,1
3,boost_1024_cross-core_unpaced,0,total,3626.69,3733.35,1
3,boost_1024_cross-core_unpaced,0,total,3840.02,3946.69,3
3,boost_1024_cross-core_unpaced,0,total,3946.69,4053.36,1
3,boost_1024_cross-core_unpaced,0,total,4053.36,4160.02,2
3,boost_1024_cross-core_unpaced,0,total,4160.02,4266.69,1
3,boost_1024_cross-core_unpaced,0,total,4266.69,4373.36,2
3,boost_1024_cross-core_unpaced,0,total,4480.03,4586.69,1
3,boost_1024_cross-core_unpaced,0,total,4586.69,4693.36,1
3,boost_1024_cross-core_unpaced,0,total,4906.69,5013.36,2
3,boost_1024_cross-core_unpaced,0,total,5440.03,5546.7,3
3,boost_1024_cross-core_unpaced,0,total,5546.7,5653.37,1
3,boost_1024_cross-core_unpaced,0,total,5653.37,5760.03,2
3,boost_1024_cross-core_unpaced,0,total,5760.03,5866.7,1
3,boost_1024_cross-core_unpaced,0,total,5866.7,5973.37,1
3,boost_1024_cross-core_unpaced,0,total,6080.03,6186.7,3
3,boost_1024_cross-core_unpaced,0,total,6186.7,6293.37,1
3,boost_1024_cross-core_unpaced,0,total,6293.37,6400.04,1
3,boost_1024_cross-core_unpaced,0,total,6400.04,6506.7,2
3,boost_1024_cross-core_unpaced,0,total,6613.37,6720.04,2
3,boost_1024_cross-core_unpaced,0,total,6720.04,6826.71,1
3,boost_1024_cross-core_unpaced,0,total,6826.71,7040.04,2
3,boost_1024_cross-core_unpaced,0,total,7040.04,7253.38,3
3,boost_1024_cross-core_unpaced,0,total,7253.38,7466.71,6
3,boost_1024_cross-core_unpaced,0,total,7466.71,7680.04,4
3,boost_1024_cross-core_unpaced,0,total,7680.04,7893.38,4
3,boost_1024_cross-core_unpaced,0,total,7893.38,8106.71,3
3,boost_1024_cross-core_unpaced,0,total,8106.71,8320.05,1
3,boost_1024_cross-core_unpaced,0,total,8533.38,8746.72,1
3,boost_1024_cross-core_unpaced,0,total,8746.72,8960.05,1
3,boost_1024_cross-core_unpaced,0,total,8960.05,9173.39,1
3,boost_1024_cross-core_unpaced,0,total,9386.72,9600.06,1
3,boost_1024_cross-core_unpaced,0,total,9813.39,10026.7,2
3,boost_1024_cross-core_unpaced,0,total,10026.7,10240.1,4
3,boost_1024_cross-core_unpaced,0,total,10240.1,10453.4,1
3,boost_1024_cross-core_unpaced,0,total,10453.4,10666.7,1
3,boost_1024_cross-core_unpaced,0,total,10666.7,10880.1,3
3,boost_1024_cross-core_unpaced,0,total,10880.1,11093.4,2
3,boost_1024_cross-core_unpaced,0,total,11093.4,11306.7,3
3,boost_1024_cross-core_unpaced,0,total,11306.7,11520.1,3
3,boost_1024_cross-core_unpaced,0,total,11520.1,11733.4,3
3,boost_1024_cross-core_unpaced,0,total,11733.4,11946.7,2
3,boost_1024_cross-core_unpaced,0,total,11946.7,12160.1,1
3,boost_1024_cross-core_unpaced,0,total,12160.1,12373.4,4
3,boost_1024_cross-core_unpaced,0,total,12373.4,12586.7,3
3,boost_1024_cross-core_unpaced,0,total,12586.7,12800.1,3
3,boost_1024_cross-core_unpaced,0,total,12800.1,13013.4,1
3,boost_1024_cross-core_unpaced,0,total,13013.4,13226.7,2
3,boost_1024_cross-core_unpaced,0,total,13226.7,13440.1,5
3,boost_1024_cross-core_unpaced,0,total,13440.1,13653.4,2
3,boost_1024_cross-core_unpaced,0,total,13653.4,14080.1,2
3,boost_1024_cross-core_unpaced,0,total,14080.1,14506.8,3
3,boost_1024_cross-core_unpaced,0,total,14506.8,14933.4,6
3,boost_1024_cross-core_unpaced,0,total,14933.4,15360.1,3
3,boost_1024_cross-core_unpaced,0,total,15360.1,15786.8,3
3,boost_1024_cross-core_unpaced,0,total,15786.8,16213.4,7
3,boost_1024_cross-core_unpaced,0,total,16213.4,16640.1,4
3,boost_1024_cross-core_unpaced,0,total,16640.1,17066.8,6
3,boost_1024_cross-core_unpaced,0,total,17066.8,17493.4,3
3,boost_1024_cross-core_unpaced,0,total,17493.4,17920.1,9
3,boost_1024_cross-core_unpaced,0,total,17920.1,18346.8,4
3,boost_1024_cross-core_unpaced,0,total,18346.8,18773.4,4
3,boost_1024_cross-core_unpaced,0,total,18773.4,19200.1,5
3,boost_1024_cross-core_unpaced,0,total,19200.1,19626.8,5
3,boost_1024_cross-core_unpaced,0,total,19626.8,20053.4,6
3,boost_1024_cross-core_unpaced,0,total,20053.4,20480.1,7
3,boost_1024_cross-core_unpaced,0,total,20480.1,20906.8,5
3,boost_1024_cross-core_unpaced,0,total,20906.8,21333.5,4
3,boost_1024_cross-core_unpaced,0,total,21333.5,21760.1,5
3,boost_1024_cross-core_unpaced,0,total,21760.1,22186.8,2
3,boost_1024_cross-core_unpaced,0,total,22186.8,22613.5,5
3,boost_1024_cross-core_unpaced,0,total,22613.5,23040.1,10
3,boost_1024_cross-core_unpaced,0,total,23040.1,23466.8,11
3,boost_1024_cross-core_unpaced,0,total,23466.8,23893.5,3
3,boost_1024_cross-core_unpaced,0,total,23893.5,24320.1,6
3,boost_1024_cross-core_unpaced,0,total,24320.1,24746.8,8
3,boost_1024_cross-core_unpaced,0,total,24746.8,25173.5,6
3,boost_1024_cross-core_unpaced,0,total,25173.5,25600.1,4
3,boost_1024_cross-core_unpaced,0,total,25600.1,26026.8,4
3,boost_1024_cross-core_unpaced,0,total,26026.8,26453.5,8
3,boost_1024_cross-core_unpaced,0,total,26453.5,26880.2,5
3,boost_1024_cross-core_unpaced,0,total,26880.2,27306.8,11
3,boost_1024_cross-core_unpaced,0,total,27306.8,28160.2,17
3,boost_1024_cross-core_unpaced,0,total,28160.2,29013.5,16
3,boost_1024_cross-core_unpaced,0,total,29013.5,29866.8,14
3,boost_1024_cross-core_unpaced,0,total,29866.8,30720.2,15
3,boost_1024_cross-core_unpaced,0,total,30720.2,31573.5,22
3,boost_1024_cross-core_unpaced,0,total,31573.5,32426.9,18
3,boost_1024_cross-core_unpaced,0,total,32426.9,33280.2,18
3,boost_1024_cross-core_unpaced,0,total,33280.2,34133.5,25
3,boost_1024_cross-core_unpaced,0,total,34133.5,34986.9,9
3,boost_1024_cross-core_unpaced,0,total,34986.9,35840.2,23
3,boost_1024_cross-core_unpaced,0,total,35840.2,36693.5,18
3,boost_1024_cross-core_unpaced,0,total,36693.5,37546.9,22
3,boost_1024_cross-core_unpaced,0,total,37546.9,38400.2,13
3,boost_1024_cross-core_unpaced,0,total,38400.2,39253.6,32
3,boost_1024_cross-core_unpaced,0,total,39253.6,40106.9,30
3,boost_1024_cross-core_unpaced,0,total,40106.9,40960.2,27
3,boost_1024_cross-core_unpaced,0,total,40960.2,41813.6,20
3,boost_1024_cross-core_unpaced,0,total,41813.6,42666.9,28
3,boost_1024_cross-core_unpaced,0,total,42666.9,43520.3,20
3,boost_1024_cross-core_unpaced,0,total,43520.3,44373.6,26
3,boost_1024_cross-core_unpaced,0,total,44373.6,45226.9,15
3,boost_1024_cross-core_unpaced,0,total,45226.9,46080.3,25
3,boost_1024_cross-core_unpaced,0,total,46080.3,46933.6,26
3,boost_1024_cross-core_unpaced,0,total,46933.6,47786.9,21
3,boost_1024_cross-core_unpaced,0,total,47786.9,48640.3,19
3,boost_1024_cross-core_unpaced,0,total,48640.3,49493.6,16
3,boost_1024_cross-core_unpaced,0,total,49493.6,50347,22
3,boost_1024_cross-core_unpaced,0,total,50347,51200.3,29
3,boost_1024_cross-core_unpaced,0,total,51200.3,52053.6,26
3,boost_1024_cross-core_unpaced,0,total,52053.6,52907,19
3,boost_1024_cross-core_unpaced,0,total,52907,53760.3,35
3,boost_1024_cross-core_unpaced,0,total,53760.3,54613.6,32
3,boost_1024_cross-core_unpaced,0,total,54613.6,56320.3,63
3,boost_1024_cross-core_unpaced,0,total,56320.3,58027,52
3,boost_1024_cross-core_unpaced,0,total,58027,59733.7,58
3,boost_1024_cross-core_unpaced,0,total,59733.7,61440.4,86
3,boost_1024_cross-core_unpaced,0,total,61440.4,63147,52
3,boost_1024_cross-core_unpaced,0,total,63147,64853.7,83
3,boost_1024_cross-core_unpaced,0,total,64853.7,66560.4,76
3,boost_1024_cross-core_unpaced,0,total,66560.4,68267.1,91
3,boost_1024_cross-core_unpaced,0,total,68267.1,69973.7,92
3,boost_1024_cross-core_unpaced,0,total,69973.7,71680.4,90
3,boost_1024_cross-core_unpaced,0,total,71680.4,73387.1,75
3,boost_1024_cross-core_unpaced,0,total,73387.1,75093.8,100
3,boost_1024_cross-core_unpaced,0,total,75093.8,76800.4,74
3,boost_1024_cross-core_unpaced,0,total,76800.4,78507.1,87
3,boost_1024_cross-core_unpaced,0,total,78507.1,80213.8,101
3,boost_1024_cross-core_unpaced,0,total,80213.8,81920.5,82
3,boost_1024_cross-core_unpaced,0,total,81920.5,83627.1,85
3,boost_1024_cross-core_unpaced,0,total,83627.1,85333.8,71
3,boost_1024_cross-core_unpaced,0,total,85333.8,87040.5,98
3,boost_1024_cross-core_unpaced,0,total,87040.5,88747.2,85
3,boost_1024_cross-core_unpaced,0,total,88747.2,90453.9,84
3,boost_1024_cross-core_unpaced,0,total,90453.9,92160.5,87
3,boost_1024_cross-core_unpaced,0,total,92160.5,93867.2,90
3,boost_1024_cross-core_unpaced,0,total,93867.2,95573.9,76
3,boost_1024_cross-core_unpaced,0,total,95573.9,97280.6,72
3,boost_1024_cross-core_unpaced,0,total,97280.6,98987.2,81
3,boost_1024_cross-core_unpaced,0,total,98987.2,100694,83
3,boost_1024_cross-core_unpaced,0,total,100694,102401,78
3,boost_1024_cross-core_unpaced,0,total,102401,104107,88
3,boost_1024_cross-core_unpaced,0,total,104107,105814,66
3,boost_1024_cross-core_unpaced,0,total,105814,107521,81
3,boost_1024_cross-core_unpaced,0,total,107521,109227,93
3,boost_1024_cross-core_unpaced,0,total,109227,112641,189
3,boost_1024_cross-core_unpaced,0,total,112641,116054,237
3,boost_1024_cross-core_unpaced,0,total,116054,119467,645
3,boost_1024_cross-core_unpaced,0,total,119467,122881,2680
3,boost_1024_cross-core_unpaced,0,total,122881,126294,10365
3,boost_1024_cross-core_unpaced,0,total,126294,129707,27204
3,boost_1024_cross-core_unpaced,0,total,129707,133121,44205
3,boost_1024_cross-core_unpaced,0,total,133121,136534,49768
3,boost_1024_cross-core_unpaced,0,total,136534,139947,44851
3,boost_1024_cross-core_unpaced,0,total,139947,143361,34900
3,boost_1024_cross-core_unpaced,0,total,143361,146774,25650
3,boost_1024_cross-core_unpaced,0,total,146774,150188,17999
3,boost_1024_cross-core_unpaced,0,total,150188,153601,12323
3,boost_1024_cross-core_unpaced,0,total,153601,157014,8722
3,boost_1024_cross-core_unpaced,0,total,157014,160428,6990
3,boost_1024_cross-core_unpaced,0,total,160428,163841,6763
3,boost_1024_cross-core_unpaced,0,total,163841,167254,7704
3,boost_1024_cross-core_unpaced,0,total,167254,170668,10809
3,boost_1024_cross-core_unpaced,0,total,170668,174081,16955
3,boost_1024_cross-core_unpaced,0,total,174081,177494,28099
3,boost_1024_cross-core_unpaced,0,total,177494,180908,42687
3,boost_1024_cross-core_unpaced,0,total,180908,184321,61604
3,boost_1024_cross-core_unpaced,0,total,184321,187734,87464
3,boost_1024_cross-core_unpaced,0,total,187734,191148,114961
3,boost_1024_cross-core_unpaced,0,total,191148,194561,142651
3,boost_1024_cross-core_unpaced,0,total,194561,197974,162481
3,boost_1024_cross-core_unpaced,0,total,197974,201388,179195
3,boost_1024_cross-core_unpaced,0,total,201388,204801,186730
3,boost_1024_cross-core_unpaced,0,total,204801,208215,181289
3,boost_1024_cross-core_unpaced,0,total,208215,211628,168119
3,boost_1024_cross-core_unpaced,0,total,211628,215041,149725
3,boost_1024_cross-core_unpaced,0,total,215041,218455,127342
3,boost_1024_cross-core_unpaced,0,total,218455,225281,187466
3,boost_1024_cross-core_unpaced,0,total,225281,232108,109954
3,boost_1024_cross-core_unpaced,0,total,232108,238935,55580
3,boost_1024_cross-core_unpaced,0,total,238935,245761,26982
3,boost_1024_cross-core_unpaced,0,total,245761,252588,11842
3,boost_1024_cross-core_unpaced,0,total,252588,259415,5993
3,boost_1024_cross-core_unpaced,0,total,259415,266242,3568
3,boost_1024_cross-core_unpaced,0,total,266242,273068,2190
3,boost_1024_cross-core_unpaced,0,total,273068,279895,1339
3,boost_1024_cross-core_unpaced,0,total,279895,286722,867
3,boost_1024_cross-core_unpaced,0,total,286722,293548,738
3,boost_1024_cross-core_unpaced,0,total,293548,300375,712
3,boost_1024_cross-core_unpaced,0,total,300375,307202,671
3,boost_1024_cross-core_unpaced,0,total,307202,314028,777
3,boost_1024_cross-core_unpaced,0,total,314028,320855,1153
3,boost_1024_cross-core_unpaced,0,total,320855,327682,1782
3,boost_1024_cross-core_unpaced,0,total,327682,334509,1603
3,boost_1024_cross-core_unpaced,0,total,334509,341335,1190
3,boost_1024_cross-core_unpaced,0,total,341335,348162,637
3,boost_1024_cross-core_unpaced,0,total,348162,354989,237
3,boost_1024_cross-core_unpaced,0,total,354989,361815,121
3,boost_1024_cross-core_unpaced,0,total,361815,368642,73
3,boost_1024_cross-core_unpaced,0,total,368642,375469,69
3,boost_1024_cross-core_unpaced,0,total,375469,382296,58
3,boost_1024_cross-core_unpaced,0,total,382296,389122,45
3,boost_1024_cross-core_unpaced,0,total,389122,395949,30
3,boost_1024_cross-core_unpaced,0,total,395949,402776,54
3,boost_1024_cross-core_unpaced,0,total,402776,409602,60
3,boost_1024_cross-core_unpaced,0,total,409602,416429,13
3,boost_1024_cross-core_unpaced,0,total,416429,423256,24
3,boost_1024_cross-core_unpaced,0,total,423256,430082,6
3,boost_1024_cross-core_unpaced,0,total,430082,436909,10
3,boost_1024_cross-core_unpaced,0,total,436909,450563,25
3,boost_1024_cross-core_unpaced,0,total,450563,464216,19
3,boost_1024_cross-core_unpaced,0,total,464216,477869,25
3,boost_1024_cross-core_unpaced,0,total,477869,491523,57
3,boost_1024_cross-core_unpaced,0,total,491523,505176,61
3,boost_1024_cross-core_unpaced,0,total,505176,518830,24
3,boost_1024_cross-core_unpaced,0,total,518830,532483,30
3,boost_1024_cross-core_unpaced,0,total,532483,546136,16
3,boost_1024_cross-core_unpaced,0,total,546136,559790,70
3,boost_1024_cross-core_unpaced,0,total,559790,573443,27
3,boost_1024_cross-core_unpaced,0,total,573443,587097,7
3,boost_1024_cross-core_unpaced,0,total,587097,600750,11
3,boost_1024_cross-core_unpaced,0,total,600750,614404,8
3,boost_1024_cross-core_unpaced,0,total,614404,628057,2
3,boost_1024_cross-core_unpaced,0,total,628057,641710,5
3,boost_1024_cross-core_unpaced,0,total,641710,655364,8
3,boost_1024_cross-core_unpaced,0,total,655364,669017,7
3,boost_1024_cross-core_unpaced,0,total,669017,682671,1
3,boost_1024_cross-core_unpaced,0,total,696324,709977,2
3,boost_1024_cross-core_unpaced,0,total,709977,723631,3
3,boost_1024_cross-core_unpaced,0,total,737284,750938,2
3,boost_1024_cross-core_unpaced,0,total,750938,764591,2
3,boost_1024_cross-core_unpaced,0,total,764591,778244,3
3,boost_1024_cross-core_unpaced,0,total,778244,791898,1
3,boost_1024_cross-core_unpaced,0,total,805551,819205,1
3,boost_1024_cross-core_unpaced,0,total,819205,832858,4
3,boost_1024_cross-core_unpaced,0,total,832858,846512,4
3,boost_1024_cross-core_unpaced,0,total,846512,860165,1
3,boost_1024_cross-core_unpaced,0,total,873818,901125,4
3,boost_1024_cross-core_unpaced,0,total,901125,928432,3
3,boost_1024_cross-core_unpaced,0,total,928432,955739,11
3,boost_1024_cross-core_unpaced,0,total,955739,983046,2
3,boost_1024_cross-core_unpaced,0,total,983046,1.01035e+06,1
3,boost_1024_cross-core_unpaced,0,total,1.01035e+06,1.03766e+06,10
3,boost_1024_cross-core_unpaced,0,total,1.03766e+06,1.06497e+06,1
3,boost_1024_cross-core_unpaced,0,total,1.06497e+06,1.09227e+06,6
3,boost_1024_cross-core_unpaced,0,queue,116.667,120.001,1
3,boost_1024_cross-core_unpaced,0,queue,153.334,156.668,1
3,boost_1024_cross-core_unpaced,0,queue,156.668,160.001,2
3,boost_1024_cross-core_unpaced,0,queue,176.668,180.001,1
3,boost_1024_cross-core_unpaced,0,queue,190.001,193.334,1
3,boost_1024_cross-core_unpaced,0,queue,196.668,200.001,1
3,boost_1024_cross-core_unpaced,0,queue,226.668,233.335,2
3,boost_1024_cross-core_unpaced,0,queue,233.335,240.001,1
3,boost_1024_cross-core_unpaced,0,queue,246.668,253.335,3
3,boost_1024_cross-core_unpaced,0,queue,253.335,260.001,1
3,boost_1024_cross-core_unpaced,0,queue,266.668,273.335,3
3,boost_1024_cross-core_unpaced,0,queue,273.335,280.002,3
3,boost_1024_cross-core_unpaced,0,queue,293.335,300.002,3
3,boost_1024_cross-core_unpaced,0,queue,300.002,306.668,2
3,boost_1024_cross-core_unpaced,0,queue,306.668,313.335,3
3,boost_1024_cross-core_unpaced,0,queue,320.002,326.669,1
3,boost_1024_cross-core_unpaced,0,queue,326.669,333.335,1
3,boost_1024_cross-core_unpaced,0,queue,333.335,340.002,1
3,boost_1024_cross-core_unpaced,0,queue,340.002,346.669,3
3,boost_1024_cross-core_unpaced,0,queue,346.669,353.335,6
3,boost_1024_cross-core_unpaced,0,queue,353.335,360.002,7
3,boost_1024_cross-core_unpaced,0,queue,360.002,366.669,4
3,boost_1024_cross-core_unpaced,0,queue,366.669,373.335,7
3,boost_1024_cross-core_unpaced,0,queue,373.335,380.002,3
3,boost_1024_cross-core_unpaced,0,queue,380.002,386.669,7
3,boost_1024_cross-core_unpaced,0,queue,386.669,393.336,4
3,boost_1024_cross-core_unpaced,0,queue,393.336,400.002,7
3,boost_1024_cross-core_unpaced,0,queue,400.002,406.669,7
3,boost_1024_cross-core_unpaced,0,queue,406.669,413.336,5
3,boost_1024_cross-core_unpaced,0,queue,413.336,420.002,3
3,boost_1024_cross-core_unpaced,0,queue,420.002,426.669,6
3,boost_1024_cross-core_unpaced,0,queue,426.669,440.003,11
3,boost_1024_cross-core_unpaced,0,queue,440.003,453.336,11
3,boost_1024_cross-core_unpaced,0,queue,453.336,466.669,14
3,boost_1024_cross-core_unpaced,0,queue,466.669,480.003,17
3,boost_1024_cross-core_unpaced,0,queue,480.003,493.336,22
3,boost_1024_cross-core_unpaced,0,queue,493.336,506.67,8
3,boost_1024_cross-core_unpaced,0,queue,506.67,520.003,18
3,boost_1024_cross-core_unpaced,0,queue,520.003,533.336,12
3,boost_1024_cross-core_unpaced,0,queue,533.336,546.67,10
3,boost_1024_cross-core_unpaced,0,queue,546.67,560.003,10
3,boost_1024_cross-core_unpaced,0,queue,560.003,573.337,21
3,boost_1024_cross-core_unpaced,0,queue,573.337,586.67,18
3,boost_1024_cross-core_unpaced,0,queue,586.67,600.003,19
3,boost_1024_cross-core_unpaced,0,queue,600.003,613.337,11
3,boost_1024_cross-core_unpaced,0,queue,613.337,626.67,19
3,boost_1024_cross-core_unpaced,0,queue,626.67,640.004,13
3,boost_1024_cross-core_unpaced,0,queue,640.004,653.337,14
3,boost_1024_cross-core_unpaced,0,queue,653.337,666.67,14
3,boost_1024_cross-core_unpaced,0,queue,666.67,680.004,11
3,boost_1024_cross-core_unpaced,0,queue,680.004,693.337,11
3,boost_1024_cross-core_unpaced,0,queue,693.337,706.671,16
3,boost_1024_cross-core_unpaced,0,queue,706.671,720.004,16
3,boost_1024_cross-core_unpaced,0,queue,720.004,733.338,13
3,boost_1024_cross-core_unpaced,0,queue,733.338,746.671,9
3,boost_1024_cross-core_unpaced,0,queue,746.671,760.004,13
3,boost_1024_cross-core_unpaced,0,queue,760.004,773.338,3
3,boost_1024_cross-core_unpaced,0,queue,773.338,786.671,5
3,boost_1024_cross-core_unpaced,0,queue,786.671,800.005,8
3,boost_1024_cross-core_unpaced,0,queue,800.005,813.338,4
3,boost_1024_cross-core_unpaced,0,queue,813.338,826.671,9
3,boost_1024_cross-core_unpaced,0,queue,826.671,840.005,6
3,boost_1024_cross-core_unpaced,0,queue,840.005,853.338,5
3,boost_1024_cross-core_unpaced,0,queue,853.338,880.005,5
3,boost_1024_cross-core_unpaced,0,queue,880.005,906.672,8
3,boost_1024_cross-core_unpaced,0,queue,906.672,933.339,2
3,boost_1024_cross-core_unpaced,0,queue,933.339,960.006,5
3,boost_1024_cross-core_unpaced,0,queue,960.006,986.672,8
3,boost_1024_cross-core_unpaced,0,queue,986.672,1013.34,5
3,boost_1024_cross-core_unpaced,0,queue,1013.34,1040.01,6
3,boost_1024_cross-core_unpaced,0,queue,1040.01,1066.67,2
3,boost_1024_cross-core_unpaced,0,queue,1066.67,1093.34,5
3,boost_1024_cross-core_unpaced,0,queue,1093.34,1120.01,1
3,boost_1024_cross-core_unpaced,0,queue,1120.01,1146.67,3
3,boost_1024_cross-core_unpaced,0,queue,1173.34,1200.01,1
3,boost_1024_cross-core_unpaced,0,queue,1200.01,1226.67,2
3,boost_1024_cross-core_unpaced,0,queue,1226.67,1253.34,2
3,boost_1024_cross-core_unpaced,0,queue,1280.01,1306.67,1
3,boost_1024_cross-core_unpaced,0,queue,1333.34,1360.01,2
3,boost_1024_cross-core_unpaced,0,queue,1360.01,1386.67,1
3,boost_1024_cross-core_unpaced,0,queue,1386.67,1413.34,1
3,boost_1024_cross-core_unpaced,0,queue,1466.68,1493.34,2
3,boost_1024_cross-core_unpaced,0,queue,1493.34,1520.01,1
3,boost_1024_cross-core_unpaced,0,queue,1706.68,1760.01,1
3,boost_1024_cross-core_unpaced,0,queue,1813.34,1866.68,1
3,boost_1024_cross-core_unpaced,0,queue,1920.01,1973.34,1
3,boost_1024_cross-core_unpaced,0,queue,2186.68,2240.01,1
3,boost_1024_cross-core_unpaced,0,queue,2400.01,2453.35,1
3,boost_1024_cross-core_unpaced,0,queue,2506.68,2560.01,1
3,boost_1024_cross-core_unpaced,0,queue,2560.01,2613.35,1
3,boost_1024_cross-core_unpaced,0,queue,2720.02,2773.35,1
3,boost_1024_cross-core_unpaced,0,queue,2933.35,2986.68,1
3,boost_1024_cross-core_unpaced,0,queue,2986.68,3040.02,3
3,boost_1024_cross-core_unpaced,0,queue,3040.02,3093.35,1
3,boost_1024_cross-core_unpaced,0,queue,3146.68,3200.02,1
3,boost_1024_cross-core_unpaced,0,queue,3306.69,3360.02,1
3,boost_1024_cross-core_unpaced,0,queue,3413.35,3520.02,1
3,boost_1024_cross-core_unpaced,0,queue,3626.69,3733.35,3
3,boost_1024_cross-core_unpaced,0,queue,3840.02,3946.69,1
3,boost_1024_cross-core_unpaced,0,queue,3946.69,4053.36,2
3,boost_1024_cross-core_unpaced,0,queue,4053.36,4160.02,2
3,boost_1024_cross-core_unpaced,0,queue,4160.02,4266.69,1
3,boost_1024_cross-core_unpaced,0,queue,4266.69,4373.36,1
3,boost_1024_cross-core_unpaced,0,queue,4480.03,4586.69,1
3,boost_1024_cross-core_unpaced,0,queue,4800.03,4906.69,1
3,boost_1024_cross-core_unpaced,0,queue,4906.69,5013.36,1
3,boost_1024_cross-core_unpaced,0,queue,5120.03,5226.7,2
3,boost_1024_cross-core_unpaced,0,queue,5333.36,5440.03,2
3,boost_1024_cross-core_unpaced,0,queue,5546.7,5653.37,1
3,boost_1024_cross-core_unpaced,0,queue,5653.37,5760.03,2
3,boost_1024_cross-core_unpaced,0,queue,5760.03,5866.7,2
3,boost_1024_cross-core_unpaced,0,queue,5866.7,5973.37,1
3,boost_1024_cross-core_unpaced,0,queue,5973.37,6080.03,2
3,boost_1024_cross-core_unpaced,0,queue,6080.03,6186.7,1
3,boost_1024_cross-core_unpaced,0,queue,6186.7,6293.37,1
3,boost_1024_cross-core_unpaced,0,queue,6400.04,6506.7,3
3,boost_1024_cross-core_unpaced,0,queue,6506.7,6613.37,1
3,boost_1024_cross-core_unpaced,0,queue,6613.37,6720.04,1
3,boost_1024_cross-core_unpaced,0,queue,6720.04,6826.71,1
3,boost_1024_cross-core_unpaced,0,queue,6826.71,7040.04,2
3,boost_1024_cross-core_unpaced,0,queue,7040.04,7253.38,6
3,boost_1024_cross-core_unpaced,0,queue,7253.38,7466.71,4
3,boost_1024_cross-core_unpaced,0,queue,7466.71,7680.04,3
3,boost_1024_cross-core_unpaced,0,queue,7680.04,7893.38,4
3,boost_1024_cross-core_unpaced,0,queue,7893.38,8106.71,2
3,boost_1024_cross-core_unpaced,0,queue,8320.05,8533.38,1
3,boost_1024_cross-core_unpaced,0,queue,8533.38,8746.72,1
3,boost_1024_cross-core_unpaced,0,queue,8746.72,8960.05,1
3,boost_1024_cross-core_unpaced,0,queue,9173.39,9386.72,1
3,boost_1024_cross-core_unpaced,0,queue,9600.06,9813.39,2
3,boost_1024_cross-core_unpaced,0,queue,9813.39,10026.7,3
3,boost_1024_cross-core_unpaced,0,queue,10026.7,10240.1,2
3,boost_1024_cross-core_unpaced,0,queue,10453.4,10666.7,4
3,boost_1024_cross-core_unpaced,0,queue,10666.7,10880.1,3
3,boost_1024_cross-core_unpaced,0,queue,10880.1,11093.4,1
3,boost_1024_cross-core_unpaced,0,queue,11093.4,11306.7,4
3,boost_1024_cross-core_unpaced,0,queue,11306.7,11520.1,3
3,boost_1024_cross-core_unpaced,0,queue,11520.1,11733.4,1
3,boost_1024_cross-core_unpaced,0,queue,11733.4,11946.7,2
3,boost_1024_cross-core_unpaced,0,queue,11946.7,12160.1,3
3,boost_1024_cross-core_unpaced,0,queue,12160.1,12373.4,3
3,boost_1024_cross-core_unpaced,0,queue,12373.4,12586.7,4
3,boost_1024_cross-core_unpaced,0,queue,12586.7,12800.1,1
3,boost_1024_cross-core_unpaced,0,queue,12800.1,13013.4,3
3,boost_1024_cross-core_unpaced,0,queue,13013.4,13226.7,3
3,boost_1024_cross-core_unpaced,0,queue,13226.7,13440.1,3
3,boost_1024_cross-core_unpaced,0,queue,13440.1,13653.4,2
3,boost_1024_cross-core_unpaced,0,queue,13653.4,14080.1,1
3,boost_1024_cross-core_unpaced,0,queue,14080.1,14506.8,6
3,boost_1024_cross-core_unpaced,0,queue,14506.8,14933.4,3
3,boost_1024_cross-core_unpaced,0,queue,14933.4,15360.1,2
3,boost_1024_cross-core_unpaced,0,queue,15360.1,15786.8,5
3,boost_1024_cross-core_unpaced,0,queue,15786.8,16213.4,8
3,boost_1024_cross-core_unpaced,0,queue,16213.4,16640.1,5
3,boost_1024_cross-core_unpaced,0,queue,16640.1,17066.8,4
3,boost_1024_cross-core_unpaced,0,queue,17066.8,17493.4,4
3,boost_1024_cross-core_unpaced,0,queue,17493.4,17920.1,5
3,boost_1024_cross-core_unpaced,0,queue,17920.1,18346.8,5
3,boost_1024_cross-core_unpaced,0,queue,18346.8,18773.4,6
3,boost_1024_cross-core_unpaced,0,queue,18773.4,19200.1,4
3,boost_1024_cross-core_unpaced,0,queue,19200.1,19626.8,5
3,boost_1024_cross-core_unpaced,0,queue,19626.8,20053.4,7
3,boost_1024_cross-core_unpaced,0,queue,20053.4,20480.1,6
3,boost_1024_cross-core_unpaced,0,queue,20480.1,20906.8,5
3,boost_1024_cross-core_unpaced,0,queue,20906.8,21333.5,5
3,boost_1024_cross-core_unpaced,0,queue,21333.5,21760.1,4
3,boost_1024_cross-core_unpaced,0,queue,21760.1,22186.8,1
3,boost_1024_cross-core_unpaced,0,queue,22186.8,22613.5,8
3,boost_1024_cross-core_unpaced,0,queue,22613.5,23040.1,12
3,boost_1024_cross-core_unpaced,0,queue,23040.1,23466.8,6
3,boost_1024_cross-core_unpaced,0,queue,23466.8,23893.5,3
3,boost_1024_cross-core_unpaced,0,queue,23893.5,24320.1,10
3,boost_1024_cross-core_unpaced,0,queue,24320.1,24746.8,6
3,boost_1024_cross-core_unpaced,0,queue,24746.8,25173.5,4
3,boost_1024_cross-core_unpaced,0,queue,25173.5,25600.1,5
3,boost_1024_cross-core_unpaced,0,queue,25600.1,26026.8,4
3,boost_1024_cross-core_unpaced,0,queue,26026.8,26453.5,7
3,boost_1024_cross-core_unpaced,0,queue,26453.5,26880.2,9
3,boost_1024_cross-core_unpaced,0,queue,26880.2,27306.8,11
3,boost_1024_cross-core_unpaced,0,queue,27306.8,28160.2,18
3,boost_1024_cross-core_unpaced,0,queue,28160.2,29013.5,10
3,boost_1024_cross-core_unpaced,0,queue,29013.5,29866.8,16
3,boost_1024_cross-core_unpaced,0,queue,29866.8,30720.2,15
3,boost_1024_cross-core_unpaced,0,queue,30720.2,31573.5,25
3,boost_1024_cross-core_unpaced,0,queue,31573.5,32426.9,17
3,boost_1024_cross-core_unpaced,0,queue,32426.9,33280.2,24
3,boost_1024_cross-core_unpaced,0,queue,33280.2,34133.5,16
3,boost_1024_cross-core_unpaced,0,queue,34133.5,34986.9,15
3,boost_1024_cross-core_unpaced,0,queue,34986.9,35840.2,19
3,boost_1024_cross-core_unpaced,0,queue,35840.2,36693.5,16
3,boost_1024_cross-core_unpaced,0,queue,36693.5,37546.9,25
3,boost_1024_cross-core_unpaced,0,queue,37546.9,38400.2,14
3,boost_1024_cross-core_unpaced,0,queue,38400.2,39253.6,33
3,boost_1024_cross-core_unpaced,0,queue,39253.6,40106.9,31
3,boost_1024_cross-core_unpaced,0,queue,40106.9,40960.2,21
3,boost_1024_cross-core_unpaced,0,queue,40960.2,41813.6,25
3,boost_1024_cross-core_unpaced,0,queue,41813.6,42666.9,23
3,boost_1024_cross-core_unpaced,0,queue,42666.9,43520.3,26
3,boost_1024_cross-core_unpaced,0,queue,43520.3,44373.6,21
3,boost_1024_cross-core_unpaced,0,queue,44373.6,45226.9,21
3,boost_1024_cross-core_unpaced,0,queue,45226.9,46080.3,24
3,boost_1024_cross-core_unpaced,0,queue,46080.3,46933.6,23
3,boost_1024_cross-core_unpaced,0,queue,46933.6,47786.9,20
3,boost_1024_cross-core_unpaced,0,queue,47786.9,48640.3,20
3,boost_1024_cross-core_unpaced,0,queue,48640.3,49493.6,17
3,boost_1024_cross-core_unpaced,0,queue,49493.6,50347,23
3,boost_1024_cross-core_unpaced,0,queue,50347,51200.3,25
3,boost_1024_cross-core_unpaced,0,queue,51200.3,52053.6,29
3,boost_1024_cross-core_unpaced,0,queue,52053.6,52907,26
3,boost_1024_cross-core_unpaced,0,queue,52907,53760.3,35
3,boost_1024_cross-core_unpaced,0,queue,53760.3,54613.6,22
3,boost_1024_cross-core_unpaced,0,queue,54613.6,56320.3,65
3,boost_1024_cross-core_unpaced,0,queue,56320.3,58027,61
3,boost_1024_cross-core_unpaced,0,queue,58027,59733.7,53
3,boost_1024_cross-core_unpaced,0,queue,59733.7,61440.4,82
3,boost_1024_cross-core_unpaced,0,queue,61440.4,63147,51
3,boost_1024_cross-core_unpaced,0,queue,63147,64853.7,85
3,boost_1024_cross-core_unpaced,0,queue,64853.7,66560.4,80
3,boost_1024_cross-core_unpaced,0,queue,66560.4,68267.1,91
3,boost_1024_cross-core_unpaced,0,queue,68267.1,69973.7,94
3,boost_1024_cross-core_unpaced,0,queue,69973.7,71680.4,90
3,boost_1024_cross-core_unpaced,0,queue,71680.4,73387.1,71
3,boost_1024_cross-core_unpaced,0,queue,73387.1,75093.8,95
3,boost_1024_cross-core_unpaced,0,queue,75093.8,76800.4,81
3,boost_1024_cross-core_unpaced,0,queue,76800.4,78507.1,87
3,boost_1024_cross-core_unpaced,0,queue,78507.1,80213.8,102
3,boost_1024_cross-core_unpaced,0,queue,80213.8,81920.5,87
3,boost_1024_cross-core_unpaced,0,queue,81920.5,83627.1,81
3,boost_1024_cross-core_unpaced,0,queue,83627.1,85333.8,71
3,boost_1024_cross-core_unpaced,0,queue,85333.8,87040.5,95
3,boost_1024_cross-core_unpaced,0,queue,87040.5,88747.2,85
3,boost_1024_cross-core_unpaced,0,queue,88747.2,90453.9,85
3,boost_1024_cross-core_unpaced,0,queue,90453.9,92160.5,87
3,boost_1024_cross-core_unpaced,0,queue,92160.5,93867.2,89
3,boost_1024_cross-core_unpaced,0,queue,93867.2,95573.9,79
3,boost_1024_cross-core_unpaced,0,queue,95573.9,97280.6,70
3,boost_1024_cross-core_unpaced,0,queue,97280.6,98987.2,80
3,boost_1024_cross-core_unpaced,0,queue,98987.2,100694,79
3,boost_1024_cross-core_unpaced,0,queue,100694,102401,87
3,boost_1024_cross-core_unpaced,0,queue,102401,104107,83
3,boost_1024_cross-core_unpaced,0,queue,104107,105814,69
3,boost_1024_cross-core_unpaced,0,queue,105814,107521,77
3,boost_1024_cross-core_unpaced,0,queue,107521,109227,96
3,boost_1024_cross-core_unpaced,0,queue,109227,112641,184
3,boost_1024_cross-core_unpaced,0,queue,112641,116054,257
3,boost_1024_cross-core_unpaced,0,queue,116054,119467,669
3,boost_1024_cross-core_unpaced,0,queue,119467,122881,2854
3,boost_1024_cross-core_unpaced,0,queue,122881,126294,10968
3,boost_1024_cross-core_unpaced,0,queue,126294,129707,28015
3,boost_1024_cross-core_unpaced,0,queue,129707,133121,44821
3,boost_1024_cross-core_unpaced,0,queue,133121,136534,49623
3,boost_1024_cross-core_unpaced,0,queue,136534,139947,44608
3,boost_1024_cross-core_unpaced,0,queue,139947,143361,34482
3,boost_1024_cross-core_unpaced,0,queue,143361,146774,25218
3,boost_1024_cross-core_unpaced,0,queue,146774,150188,17714
3,boost_1024_cross-core_unpaced,0,queue,150188,153601,12125
3,boost_1024_cross-core_unpaced,0,queue,153601,157014,8603
3,boost_1024_cross-core_unpaced,0,queue,157014,160428,6964
3,boost_1024_cross-core_unpaced,0,queue,160428,163841,6743
3,boost_1024_cross-core_unpaced,0,queue,163841,167254,7838
3,boost_1024_cross-core_unpaced,0,queue,167254,170668,11047
3,boost_1024_cross-core_unpaced,0,queue,170668,174081,17468
3,boost_1024_cross-core_unpaced,0,queue,174081,177494,28839
3,boost_1024_cross-core_unpaced,0,queue,177494,180908,43709
3,boost_1024_cross-core_unpaced,0,queue,180908,184321,63038
3,boost_1024_cross-core_unpaced,0,queue,184321,187734,89106
3,boost_1024_cross-core_unpaced,0,queue,187734,191148,116724
3,boost_1024_cross-core_unpaced,0,queue,191148,194561,144311
3,boost_1024_cross-core_unpaced,0,queue,194561,197974,163652
3,boost_1024_cross-core_unpaced,0,queue,197974,201388,180108
3,boost_1024_cross-core_unpaced,0,queue,201388,204801,186885
3,boost_1024_cross-core_unpaced,0,queue,204801,208215,180514
3,boost_1024_cross-core_unpaced,0,queue,208215,211628,166993
3,boost_1024_cross-core_unpaced,0,queue,211628,215041,148434
3,boost_1024_cross-core_unpaced,0,queue,215041,218455,126071
3,boost_1024_cross-core_unpaced,0,queue,218455,225281,184729
3,boost_1024_cross-core_unpaced,0,queue,225281,232108,107832
3,boost_1024_cross-core_unpaced,0,queue,232108,238935,54454
3,boost_1024_cross-core_unpaced,0,queue,238935,245761,26251
3,boost_1024_cross-core_unpaced,0,queue,245761,252588,11574
3,boost_1024_cross-core_unpaced,0,queue,252588,259415,5866
3,boost_1024_cross-core_unpaced,0,queue,259415,266242,3499
3,boost_1024_cross-core_unpaced,0,queue,266242,273068,2139
3,boost_1024_cross-core_unpaced,0,queue,273068,279895,1325
3,boost_1024_cross-core_unpaced,0,queue,279895,286722,856
3,boost_1024_cross-core_unpaced,0,queue,286722,293548,726
3,boost_1024_cross-core_unpaced,0,queue,293548,300375,717
3,boost_1024_cross-core_unpaced,0,queue,300375,307202,661
3,boost_1024_cross-core_unpaced,0,queue,307202,314028,797
3,boost_1024_cross-core_unpaced,0,queue,314028,320855,1189
3,boost_1024_cross-core_unpaced,0,queue,320855,327682,1772
3,boost_1024_cross-core_unpaced,0,queue,327682,334509,1616
3,boost_1024_cross-core_unpaced,0,queue,334509,341335,1158
3,boost_1024_cross-core_unpaced,0,queue,341335,348162,610
3,boost_1024_cross-core_unpaced,0,queue,348162,354989,226
3,boost_1024_cross-core_unpaced,0,queue,354989,361815,120
3,boost_1024_cross-core_unpaced,0,queue,361815,368642,70
3,boost_1024_cross-core_unpaced,0,queue,368642,375469,73
3,boost_1024_cross-core_unpaced,0,queue,375469,382296,56
3,boost_1024_cross-core_unpaced,0,queue,382296,389122,46
3,boost_1024_cross-core_unpaced,0,queue,389122,395949,26
3,boost_1024_cross-core_unpaced,0,queue,395949,402776,57
3,boost_1024_cross-core_unpaced,0,queue,402776,409602,57
3,boost_1024_cross-core_unpaced,0,queue,409602,416429,14
3,boost_1024_cross-core_unpaced,0,queue,416429,423256,24
3,boost_1024_cross-core_unpaced,0,queue,423256,430082,5
3,boost_1024_cross-core_unpaced,0,queue,430082,436909,11
3,boost_1024_cross-core_unpaced,0,queue,436909,450563,24
3,boost_1024_cross-core_unpaced,0,queue,450563,464216,20
3,boost_1024_cross-core_unpaced,0,queue,464216,477869,24
3,boost_1024_cross-core_unpaced,0,queue,477869,491523,62
3,boost_1024_cross-core_unpaced,0,queue,491523,505176,57
3,boost_1024_cross-core_unpaced,0,queue,505176,518830,25
3,boost_1024_cross-core_unpaced,0,queue,518830,532483,29
3,boost_1024_cross-core_unpaced,0,queue,532483,546136,16
3,boost_1024_cross-core_unpaced,0,queue,546136,559790,71
3,boost_1024_cross-core_unpaced,0,queue,559790,573443,25
3,boost_1024_cross-core_unpaced,0,queue,573443,587097,7
3,boost_1024_cross-core_unpaced,0,queue,587097,600750,12
3,boost_1024_cross-core_unpaced,0,queue,600750,614404,7
3,boost_1024_cross-core_unpaced,0,queue,614404,628057,2
3,boost_1024_cross-core_unpaced,0,queue,628057,641710,5
3,boost_1024_cross-core_unpaced,0,queue,641710,655364,9
3,boost_1024_cross-core_unpaced,0,queue,655364,669017,6
3,boost_1024_cross-core_unpaced,0,queue,669017,682671,1
3,boost_1024_cross-core_unpaced,0,queue,696324,709977,2
3,boost_1024_cross-core_unpaced,0,queue,709977,723631,3
3,boost_1024_cross-core_unpaced,0,queue,737284,750938,3
3,boost_1024_cross-core_unpaced,0,queue,750938,764591,2
3,boost_1024_cross-core_unpaced,0,queue,764591,778244,2
3,boost_1024_cross-core_unpaced,0,queue,778244,791898,1
3,boost_1024_cross-core_unpaced,0,queue,805551,819205,1
3,boost_1024_cross-core_unpaced,0,queue,819205,832858,5
3,boost_1024_cross-core_unpaced,0,queue,832858,846512,3
3,boost_1024_cross-core_unpaced,0,queue,846512,860165,1
3,boost_1024_cross-core_unpaced,0,queue,873818,901125,4
3,boost_1024_cross-core_unpaced,0,queue,901125,928432,4
3,boost_1024_cross-core_unpaced,0,queue,928432,955739,10
3,boost_1024_cross-core_unpaced,0,queue,955739,983046,3
3,boost_1024_cross-core_unpaced,0,queue,1.01035e+06,1.03766e+06,10
3,boost_1024_cross-core_unpaced,0,queue,1.03766e+06,1.06497e+06,1
3,boost_1024_cross-core_unpaced,0,queue,1.06497e+06,1.09227e+06,6
3,boost_1024_cross-core_unpaced,0,book,15.8334,16.2501,158
3,boost_1024_cross-core_unpaced,0,book,16.6668,17.0834,258
3,boost_1024_cross-core_unpaced,0,book,17.5001,17.9168,75
3,boost_1024_cross-core_unpaced,0,book,18.3334,18.7501,35
3,boost_1024_cross-core_unpaced,0,book,19.1668,19.5834,219
3,boost_1024_cross-core_unpaced,0,book,20.0001,20.4168,2962
3,boost_1024_cross-core_unpaced,0,book,20.8335,21.2501,13483
3,boost_1024_cross-core_unpaced,0,book,21.6668,22.0835,15613
3,boost_1024_cross-core_unpaced,0,book,22.5001,22.9168,5407
3,boost_1024_cross-core_unpaced,0,book,23.3335,23.7501,1307
3,boost_1024_cross-core_unpaced,0,book,24.1668,24.5835,505
3,boost_1024_cross-core_unpaced,0,book,25.0001,25.4168,503
3,boost_1024_cross-core_unpaced,0,book,25.8335,26.2502,576
3,boost_1024_cross-core_unpaced,0,book,26.6668,27.5002,963
3,boost_1024_cross-core_unpaced,0,book,27.5002,28.3335,913
3,boost_1024_cross-core_unpaced,0,book,28.3335,29.1668,1330
3,boost_1024_cross-core_unpaced,0,book,29.1668,30.0002,2869
3,boost_1024_cross-core_unpaced,0,book,30.0002,30.8335,2386
3,boost_1024_cross-core_unpaced,0,book,30.8335,31.6668,1340
3,boost_1024_cross-core_unpaced,0,book,31.6668,32.5002,623
3,boost_1024_cross-core_unpaced,0,book,32.5002,33.3335,1574
3,boost_1024_cross-core_unpaced,0,book,33.3335,34.1669,6839
3,boost_1024_cross-core_unpaced,0,book,34.1669,35.0002,11188
3,boost_1024_cross-core_unpaced,0,book,35.0002,35.8335,13251
3,boost_1024_cross-core_unpaced,0,book,35.8335,36.6669,9803
3,boost_1024_cross-core_unpaced,0,book,36.6669,37.5002,5293
3,boost_1024_cross-core_unpaced,0,book,37.5002,38.3336,3543
3,boost_1024_cross-core_unpaced,0,book,38.3336,39.1669,2888
3,boost_1024_cross-core_unpaced,0,book,39.1669,40.0002,2972
3,boost_1024_cross-core_unpaced,0,book,40.0002,40.8336,3142
3,boost_1024_cross-core_unpaced,0,book,40.8336,41.6669,2796
3,boost_1024_cross-core_unpaced,0,book,41.6669,42.5002,3496
3,boost_1024_cross-core_unpaced,0,book,42.5002,43.3336,4823
3,boost_1024_cross-core_unpaced,0,book,43.3336,44.1669,4913
3,boost_1024_cross-core_unpaced,0,book,44.1669,45.0003,5737
3,boost_1024_cross-core_unpaced,0,book,45.0003,45.8336,5500
3,boost_1024_cross-core_unpaced,0,book,45.8336,46.6669,4589
3,boost_1024_cross-core_unpaced,0,book,46.6669,47.5003,4885
3,boost_1024_cross-core_unpaced,0,book,47.5003,48.3336,5243
3,boost_1024_cross-core_unpaced,0,book,48.3336,49.1669,6369
3,boost_1024_cross-core_unpaced,0,book,49.1669,50.0003,6961
3,boost_1024_cross-core_unpaced,0,book,50.0003,50.8336,6490
3,boost_1024_cross-core_unpaced,0,book,50.8336,51.667,6925
3,boost_1024_cross-core_unpaced,0,book,51.667,52.5003,7511
3,boost_1024_cross-core_unpaced,0,book,52.5003,53.3336,7972
3,boost_1024_cross-core_unpaced,0,book,53.3336,55.0003,15837
3,boost_1024_cross-core_unpaced,0,book,55.0003,56.667,14815
3,boost_1024_cross-core_unpaced,0,book,56.667,58.3337,14769
3,boost_1024_cross-core_unpaced,0,book,58.3337,60.0003,14737
3,boost_1024_cross-core_unpaced,0,book,60.0003,61.667,15497
3,boost_1024_cross-core_unpaced,0,book,61.667,63.3337,15576
3,boost_1024_cross-core_unpaced,0,book,63.3337,65.0004,14340
3,boost_1024_cross-core_unpaced,0,book,65.0004,66.667,13527
3,boost_1024_cross-core_unpaced,0,book,66.667,68.3337,13756
3,boost_1024_cross-core_unpaced,0,book,68.3337,70.0004,12992
3,boost_1024_cross-core_unpaced,0,book,70.0004,71.6671,12446
3,boost_1024_cross-core_unpaced,0,book,71.6671,73.3338,11429
3,boost_1024_cross-core_unpaced,0,book,73.3338,75.0004,10577
3,boost_1024_cross-core_unpaced,0,book,75.0004,76.6671,10170
3,boost_1024_cross-core_unpaced,0,book,76.6671,78.3338,8993
3,boost_1024_cross-core_unpaced,0,book,78.3338,80.0005,8236
3,boost_1024_cross-core_unpaced,0,book,80.0005,81.6671,8356
3,boost_1024_cross-core_unpaced,0,book,81.6671,83.3338,7718
3,boost_1024_cross-core_unpaced,0,book,83.3338,85.0005,6859
3,boost_1024_cross-core_unpaced,0,book,85.0005,86.6672,6306
3,boost_1024_cross-core_unpaced,0,book,86.6672,88.3338,6159
3,boost_1024_cross-core_unpaced,0,book,88.3338,90.0005,5612
3,boost_1024_cross-core_unpaced,0,book,90.0005,91.6672,5489
3,boost_1024_cross-core_unpaced,0,book,91.6672,93.3339,5090
3,boost_1024_cross-core_unpaced,0,book,93.3339,95.0005,4967
3,boost_1024_cross-core_unpaced,0,book,95.0005,96.6672,4788
3,boost_1024_cross-core_unpaced,0,book,96.6672,98.3339,4528
3,boost_1024_cross-core_unpaced,0,book,98.3339,100.001,4191
3,boost_1024_cross-core_unpaced,0,book,100.001,101.667,4313
3,boost_1024_cross-core_unpaced,0,book,101.667,103.334,4197
3,boost_1024_cross-core_unpaced,0,book,103.334,105.001,3803
3,boost_1024_cross-core_unpaced,0,book,105.001,106.667,3750
3,boost_1024_cross-core_unpaced,0,book,106.667,110.001,7206
3,boost_1024_cross-core_unpaced,0,book,110.001,113.334,6811
3,boost_1024_cross-core_unpaced,0,book,113.334,116.667,6288
3,boost_1024_cross-core_unpaced,0,book,116.667,120.001,5821
3,boost_1024_cross-core_unpaced,0,book,120.001,123.334,6223
3,boost_1024_cross-core_unpaced,0,book,123.334,126.667,9873
3,boost_1024_cross-core_unpaced,0,book,126.667,130.001,20535
3,boost_1024_cross-core_unpaced,0,book,130.001,133.334,25584
3,boost_1024_cross-core_unpaced,0,book,133.334,136.667,22820
3,boost_1024_cross-core_unpaced,0,book,136.667,140.001,33886
3,boost_1024_cross-core_unpaced,0,book,140.001,143.334,58924
3,boost_1024_cross-core_unpaced,0,book,143.334,146.668,54647
3,boost_1024_cross-core_unpaced,0,book,146.668,150.001,46875
3,boost_1024_cross-core_unpaced,0,book,150.001,153.334,56788
3,boost_1024_cross-core_unpaced,0,book,153.334,156.668,68473
3,boost_1024_cross-core_unpaced,0,book,156.668,160.001,55285
3,boost_1024_cross-core_unpaced,0,book,160.001,163.334,50209
3,boost_1024_cross-core_unpaced,0,book,163.334,166.668,50413
3,boost_1024_cross-core_unpaced,0,book,166.668,170.001,47618
3,boost_1024_cross-core_unpaced,0,book,170.001,173.334,41221
3,boost_1024_cross-core_unpaced,0,book,173.334,176.668,39861
3,boost_1024_cross-core_unpaced,0,book,176.668,180.001,36022
3,boost_1024_cross-core_unpaced,0,book,180.001,183.334,34860
3,boost_1024_cross-core_unpaced,0,book,183.334,186.668,31487
3,boost_1024_cross-core_unpaced,0,book,186.668,190.001,30205
3,boost_1024_cross-core_unpaced,0,book,190.001,193.334,27180
3,boost_1024_cross-core_unpaced,0,book,193.334,196.668,25405
3,boost_1024_cross-core_unpaced,0,book,196.668,200.001,22789
3,boost_1024_cross-core_unpaced,0,book,200.001,203.335,21858
3,boost_1024_cross-core_unpaced,0,book,203.335,206.668,19317
3,boost_1024_cross-core_unpaced,0,book,206.668,210.001,18873
3,boost_1024_cross-core_unpaced,0,book,210.001,213.335,17005
3,boost_1024_cross-core_unpaced,0,book,213.335,220.001,31565
3,boost_1024_cross-core_unpaced,0,book,220.001,226.668,29070
3,boost_1024_cross-core_unpaced,0,book,226.668,233.335,28578
3,boost_1024_cross-core_unpaced,0,book,233.335,240.001,30669
3,boost_1024_cross-core_unpaced,0,book,240.001,246.668,35430
3,boost_1024_cross-core_unpaced,0,book,246.668,253.335,43225
3,boost_1024_cross-core_unpaced,0,book,253.335,260.001,46410
3,boost_1024_cross-core_unpaced,0,book,260.001,266.668,47922
3,boost_1024_cross-core_unpaced,0,book,266.668,273.335,45034
3,boost_1024_cross-core_unpaced,0,book,273.335,280.002,39910
3,boost_1024_cross-core_unpaced,0,book,280.002,286.668,35471
3,boost_1024_cross-core_unpaced,0,book,286.668,293.335,31824
3,boost_1024_cross-core_unpaced,0,book,293.335,300.002,28494
3,boost_1024_cross-core_unpaced,0,book,300.002,306.668,26209
3,boost_1024_cross-core_unpaced,0,book,306.668,313.335,23741
3,boost_1024_cross-core_unpaced,0,book,313.335,320.002,21378
3,boost_1024_cross-core_unpaced,0,book,320.002,326.669,19822
3,boost_1024_cross-core_unpaced,0,book,326.669,333.335,18897
3,boost_1024_cross-core_unpaced,0,book,333.335,340.002,17311
3,boost_1024_cross-core_unpaced,0,book,340.002,346.669,16343
3,boost_1024_cross-core_unpaced,0,book,346.669,353.335,15335
3,boost_1024_cross-core_unpaced,0,book,353.335,360.002,14578
3,boost_1024_cross-core_unpaced,0,book,360.002,366.669,13883
3,boost_1024_cross-core_unpaced,0,book,366.669,373.335,13199
3,boost_1024_cross-core_unpaced,0,book,373.335,380.002,12373
3,boost_1024_cross-core_unpaced,0,book,380.002,386.669,11845
3,boost_1024_cross-core_unpaced,0,book,386.669,393.336,11287
3,boost_1024_cross-core_unpaced,0,book,393.336,400.002,10667
3,boost_1024_cross-core_unpaced,0,book,400.002,406.669,9992
3,boost_1024_cross-core_unpaced,0,book,406.669,413.336,9285
3,boost_1024_cross-core_unpaced,0,book,413.336,420.002,9067
3,boost_1024_cross-core_unpaced,0,book,420.002,426.669,8845
3,boost_1024_cross-core_unpaced,0,book,426.669,440.003,16248
3,boost_1024_cross-core_unpaced,0,book,440.003,453.336,14167
3,boost_1024_cross-core_unpaced,0,book,453.336,466.669,12333
3,boost_1024_cross-core_unpaced,0,book,466.669,480.003,10849
3,boost_1024_cross-core_unpaced,0,book,480.003,493.336,9651
3,boost_1024_cross-core_unpaced,0,book,493.336,506.67,8416
3,boost_1024_cross-core_unpaced,0,book,506.67,520.003,7311
3,boost_1024_cross-core_unpaced,0,book,520.003,533.336,6646
3,boost_1024_cross-core_unpaced,0,book,533.336,546.67,5905
3,boost_1024_cross-core_unpaced,0,book,546.67,560.003,5231
3,boost_1024_cross-core_unpaced,0,book,560.003,573.337,4433
3,boost_1024_cross-core_unpaced,0,book,573.337,586.67,3834
3,boost_1024_cross-core_unpaced,0,book,586.67,600.003,3439
3,boost_1024_cross-core_unpaced,0,book,600.003,613.337,2876
3,boost_1024_cross-core_unpaced,0,book,613.337,626.67,2478
3,boost_1024_cross-core_unpaced,0,book,626.67,640.004,2247
3,boost_1024_cross-core_unpaced,0,book,640.004,653.337,1953
3,boost_1024_cross-core_unpaced,0,book,653.337,666.67,1692
3,boost_1024_cross-core_unpaced,0,book,666.67,680.004,1543
3,boost_1024_cross-core_unpaced,0,book,680.004,693.337,1365
3,boost_1024_cross-core_unpaced,0,book,693.337,706.671,1185
3,boost_1024_cross-core_unpaced,0,book,706.671,720.004,1025
3,boost_1024_cross-core_unpaced,0,book,720.004,733.338,922
3,boost_1024_cross-core_unpaced,0,book,733.338,746.671,831
3,boost_1024_cross-core_unpaced,0,book,746.671,760.004,692
3,boost_1024_cross-core_unpaced,0,book,760.004,773.338,610
3,boost_1024_cross-core_unpaced,0,book,773.338,786.671,537
3,boost_1024_cross-core_unpaced,0,book,786.671,800.005,529
3,boost_1024_cross-core_unpaced,0,book,800.005,813.338,441
3,boost_1024_cross-core_unpaced,0,book,813.338,826.671,383
3,boost_1024_cross-core_unpaced,0,book,826.671,840.005,325
3,boost_1024_cross-core_unpaced,0,book,840.005,853.338,275
3,boost_1024_cross-core_unpaced,0,book,853.338,880.005,532
3,boost_1024_cross-core_unpaced,0,book,880.005,906.672,409
3,boost_1024_cross-core_unpaced,0,book,906.672,933.339,311
3,boost_1024_cross-core_unpaced,0,book,933.339,960.006,228
3,boost_1024_cross-core_unpaced,0,book,960.006,986.672,170
3,boost_1024_cross-core_unpaced,0,book,986.672,1013.34,142
3,boost_1024_cross-core_unpaced,0,book,1013.34,1040.01,120
3,boost_1024_cross-core_unpaced,0,book,1040.01,1066.67,84
3,boost_1024_cross-core_unpaced,0,book,1066.67,1093.34,69
3,boost_1024_cross-core_unpaced,0,book,1093.34,1120.01,57
3,boost_1024_cross-core_unpaced,0,book,1120.01,1146.67,39
3,boost_1024_cross-core_unpaced,0,book,1146.67,1173.34,44
3,boost_1024_cross-core_unpaced,0,book,1173.34,1200.01,25
3,boost_1024_cross-core_unpaced,0,book,1200.01,1226.67,32
3,boost_1024_cross-core_unpaced,0,book,1226.67,1253.34,20
3,boost_1024_cross-core_unpaced,0,book,1253.34,1280.01,16
3,boost_1024_cross-core_unpaced,0,book,1280.01,1306.67,22
3,boost_1024_cross-core_unpaced,0,book,1306.67,1333.34,12
3,boost_1024_cross-core_unpaced,0,book,1333.34,1360.01,12
3,boost_1024_cross-core_unpaced,0,book,1360.01,1386.67,6
3,boost_1024_cross-core_unpaced,0,book,1386.67,1413.34,11
3,boost_1024_cross-core_unpaced,0,book,1413.34,1440.01,7
3,boost_1024_cross-core_unpaced,0,book,1440.01,1466.68,4
3,boost_1024_cross-core_unpaced,0,book,1466.68,1493.34,9
3,boost_1024_cross-core_unpaced,0,book,1493.34,1520.01,9
3,boost_1024_cross-core_unpaced,0,book,1520.01,1546.68,6
3,boost_1024_cross-core_unpaced,0,book,1546.68,1573.34,4
3,boost_1024_cross-core_unpaced,0,book,1573.34,1600.01,7
3,boost_1024_cross-core_unpaced,0,book,1600.01,1626.68,8
3,boost_1024_cross-core_unpaced,0,book,1626.68,1653.34,4
3,boost_1024_cross-core_unpaced,0,book,1653.34,1680.01,5
3,boost_1024_cross-core_unpaced,0,book,1680.01,1706.68,8
3,boost_1024_cross-core_unpaced,0,book,1706.68,1760.01,15
3,boost_1024_cross-core_unpaced,0,book,1760.01,1813.34,12
3,boost_1024_cross-core_unpaced,0,book,1813.34,1866.68,18
3,boost_1024_cross-core_unpaced,0,book,1866.68,1920.01,11
3,boost_1024_cross-core_unpaced,0,book,1920.01,1973.34,9
3,boost_1024_cross-core_unpaced,0,book,1973.34,2026.68,3
3,boost_1024_cross-core_unpaced,0,book,2026.68,2080.01,8
3,boost_1024_cross-core_unpaced,0,book,2080.01,2133.35,3
3,boost_1024_cross-core_unpaced,0,book,2133.35,2186.68,5
3,boost_1024_cross-core_unpaced,0,book,2186.68,2240.01,3
3,boost_1024_cross-core_unpaced,0,book,2240.01,2293.35,2
3,boost_1024_cross-core_unpaced,0,book,2293.35,2346.68,5
3,boost_1024_cross-core_unpaced,0,book,2346.68,2400.01,4
3,boost_1024_cross-core_unpaced,0,book,2400.01,2453.35,3
3,boost_1024_cross-core_unpaced,0,book,2453.35,2506.68,1
3,boost_1024_cross-core_unpaced,0,book,2506.68,2560.01,2
3,boost_1024_cross-core_unpaced,0,book,2560.01,2613.35,1
3,boost_1024_cross-core_unpaced,0,book,2666.68,2720.02,1
3,boost_1024_cross-core_unpaced,0,book,2720.02,2773.35,1
3,boost_1024_cross-core_unpaced,0,book,2826.68,2880.02,1
3,boost_1024_cross-core_unpaced,0,book,2986.68,3040.02,4
3,boost_1024_cross-core_unpaced,0,book,3093.35,3146.68,1
3,boost_1024_cross-core_unpaced,0,book,3146.68,3200.02,1
3,boost_1024_cross-core_unpaced,0,book,3200.02,3253.35,1
3,boost_1024_cross-core_unpaced,0,book,3253.35,3306.69,4
3,boost_1024_cross-core_unpaced,0,book,3306.69,3360.02,2
3,boost_1024_cross-core_unpaced,0,book,3360.02,3413.35,1
3,boost_1024_cross-core_unpaced,0,book,3413.35,3520.02,1
3,boost_1024_cross-core_unpaced,0,book,3520.02,3626.69,2
3,boost_1024_cross-core_unpaced,0,book,3626.69,3733.35,2
3,boost_1024_cross-core_unpaced,0,book,3733.35,3840.02,3
3,boost_1024_cross-core_unpaced,0,book,3946.69,4053.36,3
3,boost_1024_cross-core_unpaced,0,book,4053.36,4160.02,3
3,boost_1024_cross-core_unpaced,0,book,4160.02,4266.69,4
3,boost_1024_cross-core_unpaced,0,book,4266.69,4373.36,8
3,boost_1024_cross-core_unpaced,0,book,4373.36,4480.03,7
3,boost_1024_cross-core_unpaced,0,book,4480.03,4586.69,13
3,boost_1024_cross-core_unpaced,0,book,4586.69,4693.36,16
3,boost_1024_cross-core_unpaced,0,book,4693.36,4800.03,15
3,boost_1024_cross-core_unpaced,0,book,4800.03,4906.69,8
3,boost_1024_cross-core_unpaced,0,book,4906.69,5013.36,14
3,boost_1024_cross-core_unpaced,0,book,5013.36,5120.03,5
3,boost_1024_cross-core_unpaced,0,book,5120.03,5226.7,6
3,boost_1024_cross-core_unpaced,0,book,5226.7,5333.36,5
3,boost_1024_cross-core_unpaced,0,book,5333.36,5440.03,11
3,boost_1024_cross-core_unpaced,0,book,5440.03,5546.7,19
3,boost_1024_cross-core_unpaced,0,book,5546.7,5653.37,26
3,boost_1024_cross-core_unpaced,0,book,5653.37,5760.03,14
3,boost_1024_cross-core_unpaced,0,book,5760.03,5866.7,11
3,boost_1024_cross-core_unpaced,0,book,5866.7,5973.37,10
3,boost_1024_cross-core_unpaced,0,book,5973.37,6080.03,7
3,boost_1024_cross-core_unpaced,0,book,6080.03,6186.7,4
3,boost_1024_cross-core_unpaced,0,book,6186.7,6293.37,2
3,boost_1024_cross-core_unpaced,0,book,6293.37,6400.04,4
3,boost_1024_cross-core_unpaced,0,book,6400.04,6506.7,3
3,boost_1024_cross-core_unpaced,0,book,6506.7,6613.37,2
3,boost_1024_cross-core_unpaced,0,book,6613.37,6720.04,1
3,boost_1024_cross-core_unpaced,0,book,6720.04,6826.71,3
3,boost_1024_cross-core_unpaced,0,book,6826.71,7040.04,2
3,boost_1024_cross-core_unpaced,0,book,7040.04,7253.38,5
3,boost_1024_cross-core_unpaced,0,book,7466.71,7680.04,2
3,boost_1024_cross-core_unpaced,0,book,7680.04,7893.38,1
3,boost_1024_cross-core_unpaced,0,book,7893.38,8106.71,2
3,boost_1024_cross-core_unpaced,0,book,8106.71,8320.05,2
3,boost_1024_cross-core_unpaced,0,book,8320.05,8533.38,2
3,boost_1024_cross-core_unpaced,0,book,8533.38,8746.72,6
3,boost_1024_cross-core_unpaced,0,book,8746.72,8960.05,9
3,boost_1024_cross-core_unpaced,0,book,8960.05,9173.39,3
3,boost_1024_cross-core_unpaced,0,book,9173.39,9386.72,13
3,boost_1024_cross-core_unpaced,0,book,9386.72,9600.06,8
3,boost_1024_cross-core_unpaced,0,book,9600.06,9813.39,6
3,boost_1024_cross-core_unpaced,0,book,9813.39,10026.7,13
3,boost_1024_cross-core_unpaced,0,book,10026.7,10240.1,34
3,boost_1024_cross-core_unpaced,0,book,10240.1,10453.4,60
3,boost_1024_cross-core_unpaced,0,book,10453.4,10666.7,89
3,boost_1024_cross-core_unpaced,0,book,10666.7,10880.1,92
3,boost_1024_cross-core_unpaced,0,book,10880.1,11093.4,64
3,boost_1024_cross-core_unpaced,0,book,11093.4,11306.7,39
3,boost_1024_cross-core_unpaced,0,book,11306.7,11520.1,22
3,boost_1024_cross-core_unpaced,0,book,11520.1,11733.4,14
3,boost_1024_cross-core_unpaced,0,book,11733.4,11946.7,3
3,boost_1024_cross-core_unpaced,0,book,11946.7,12160.1,2
3,boost_1024_cross-core_unpaced,0,book,12160.1,12373.4,5
3,boost_1024_cross-core_unpaced,0,book,12373.4,12586.7,2
3,boost_1024_cross-core_unpaced,0,book,12586.7,12800.1,2
3,boost_1024_cross-core_unpaced,0,book,13440.1,13653.4,1
3,boost_1024_cross-core_unpaced,0,book,14933.4,15360.1,1
3,boost_1024_cross-core_unpaced,0,book,17066.8,17493.4,1
3,boost_1024_cross-core_unpaced,0,book,17920.1,18346.8,1
3,boost_1024_cross-core_unpaced,0,book,23040.1,23466.8,1
3,boost_1024_cross-core_unpaced,0,book,37546.9,38400.2,1
