run,label,median,metric,bucket_lo_ns,bucket_hi_ns,count
1,spsc_unaligned_65536_cross-core_paced_itch,1,total,266.668,273.335,1
1,spsc_unaligned_65536_cross-core_paced_itch,1,total,273.335,280.001,1
1,spsc_unaligned_65536_cross-core_paced_itch,1,total,293.335,300.001,1
1,spsc_unaligned_65536_cross-core_paced_itch,1,total,306.668,313.335,1
1,spsc_unaligned_65536_cross-core_paced_itch,1,total,313.335,320.002,3
1,spsc_unaligned_65536_cross-core_paced_itch,1,total,320.002,326.668,2
1,spsc_unaligned_65536_cross-core_paced_itch,1,total,326.668,333.335,6
1,spsc_unaligned_65536_cross-core_paced_itch,1,total,333.335,340.002,1
1,spsc_unaligned_65536_cross-core_paced_itch,1,total,340.002,346.668,7
1,spsc_unaligned_65536_cross-core_paced_itch,1,total,346.668,353.335,12
1,spsc_unaligned_65536_cross-core_paced_itch,1,total,353.335,360.002,26
1,spsc_unaligned_65536_cross-core_paced_itch,1,total,360.002,366.668,51
1,spsc_unaligned_65536_cross-core_paced_itch,1,total,366.668,373.335,101
1,spsc_unaligned_65536_cross-core_paced_itch,1,total,373.335,380.002,169
1,spsc_unaligned_65536_cross-core_paced_itch,1,total,380.002,386.668,292
1,spsc_unaligned_65536_cross-core_paced_itch,1,total,386.668,393.335,425
1,spsc_unaligned_65536_cross-core_paced_itch,1,total,393.335,400.002,654
1,spsc_unaligned_65536_cross-core_paced_itch,1,total,400.002,406.669,904
1,spsc_unaligned_65536_cross-core_paced_itch,1,total,406.669,413.335,1151
1,spsc_unaligned_65536_cross-core_paced_itch,1,total,413.335,420.002,1329
1,spsc_unaligned_65536_cross-core_paced_itch,1,total,420.002,426.669,1568
1,spsc_unaligned_65536_cross-core_paced_itch,1,total,426.669,440.002,3607
1,spsc_unaligned_65536_cross-core_paced_itch,1,total,440.002,453.335,3825
1,spsc_unaligned_65536_cross-core_paced_itch,1,total,453.335,466.669,3449
1,spsc_unaligned_65536_cross-core_paced_itch,1,total,466.669,480.002,3219
1,spsc_unaligned_65536_cross-core_paced_itch,1,total,480.002,493.336,3346
1,spsc_unaligned_65536_cross-core_paced_itch,1,total,493.336,506.669,4422
1,spsc_unaligned_65536_cross-core_paced_itch,1,total,506.669,520.002,5901
1,spsc_unaligned_65536_cross-core_paced_itch,1,total,520.002,533.336,7287
1,spsc_unaligned_65536_cross-core_paced_itch,1,total,533.336,546.669,7812
1,spsc_unaligned_65536_cross-core_paced_itch,1,total,546.669,560.003,7652
1,spsc_unaligned_65536_cross-core_paced_itch,1,total,560.003,573.336,6915
1,spsc_unaligned_65536_cross-core_paced_itch,1,total,573.336,586.669,6164
1,spsc_unaligned_65536_cross-core_paced_itch,1,total,586.669,600.003,5356
1,spsc_unaligned_65536_cross-core_paced_itch,1,total,600.003,613.336,4591
1,spsc_unaligned_65536_cross-core_paced_itch,1,total,613.336,626.67,4092
1,spsc_unaligned_65536_cross-core_paced_itch,1,total,626.67,640.003,3724
1,spsc_unaligned_65536_cross-core_paced_itch,1,total,640.003,653.336,3595
1,spsc_unaligned_65536_cross-core_paced_itch,1,total,653.336,666.67,3780
1,spsc_unaligned_65536_cross-core_paced_itch,1,total,666.67,680.003,4096
1,spsc_unaligned_65536_cross-core_paced_itch,1,total,680.003,693.337,3990
1,spsc_unaligned_65536_cross-core_paced_itch,1,total,693.337,706.67,3921
1,spsc_unaligned_65536_cross-core_paced_itch,1,total,706.67,720.003,3496
1,spsc_unaligned_65536_cross-core_paced_itch,1,total,720.003,733.337,3300
1,spsc_unaligned_65536_cross-core_paced_itch,1,total,733.337,746.67,2989
1,spsc_unaligned_65536_cross-core_paced_itch,1,total,746.67,760.004,2713
1,spsc_unaligned_65536_cross-core_paced_itch,1,total,760.004,773.337,2795
1,spsc_unaligned_65536_cross-core_paced_itch,1,total,773.337,786.67,2581
1,spsc_unaligned_65536_cross-core_paced_itch,1,total,786.67,800.004,2587
1,spsc_unaligned_65536_cross-core_paced_itch,1,total,800.004,813.337,2432
1,spsc_unaligned_65536_cross-core_paced_itch,1,total,813.337,826.671,2373
1,spsc_unaligned_65536_cross-core_paced_itch,1,total,826.671,840.004,2157
1,spsc_unaligned_65536_cross-core_paced_itch,1,total,840.004,853.337,2061
1,spsc_unaligned_65536_cross-core_paced_itch,1,total,853.337,880.004,3815
1,spsc_unaligned_65536_cross-core_paced_itch,1,total,880.004,906.671,3308
1,spsc_unaligned_65536_cross-core_paced_itch,1,total,906.671,933.338,3102
1,spsc_unaligned_65536_cross-core_paced_itch,1,total,933.338,960.005,2741
1,spsc_unaligned_65536_cross-core_paced_itch,1,total,960.005,986.671,2420
1,spsc_unaligned_65536_cross-core_paced_itch,1,total,986.671,1013.34,2292
1,spsc_unaligned_65536_cross-core_paced_itch,1,total,1013.34,1040,1985
1,spsc_unaligned_65536_cross-core_paced_itch,1,total,1040,1066.67,1819
1,spsc_unaligned_65536_cross-core_paced_itch,1,total,1066.67,1093.34,1650
1,spsc_unaligned_65536_cross-core_paced_itch,1,total,1093.34,1120.01,1483
1,spsc_unaligned_65536_cross-core_paced_itch,1,total,1120.01,1146.67,1348
1,spsc_unaligned_65536_cross-core_paced_itch,1,total,1146.67,1173.34,1233
1,spsc_unaligned_65536_cross-core_paced_itch,1,total,1173.34,1200.01,1113
1,spsc_unaligned_65536_cross-core_paced_itch,1,total,1200.01,1226.67,983
1,spsc_unaligned_65536_cross-core_paced_itch,1,total,1226.67,1253.34,954
1,spsc_unaligned_65536_cross-core_paced_itch,1,total,1253.34,1280.01,867
1,spsc_unaligned_65536_cross-core_paced_itch,1,total,1280.01,1306.67,882
1,spsc_unaligned_65536_cross-core_paced_itch,1,total,1306.67,1333.34,786
1,spsc_unaligned_65536_cross-core_paced_itch,1,total,1333.34,1360.01,771
1,spsc_unaligned_65536_cross-core_paced_itch,1,total,1360.01,1386.67,761
1,spsc_unaligned_65536_cross-core_paced_itch,1,total,1386.67,1413.34,694
1,spsc_unaligned_65536_cross-core_paced_itch,1,total,1413.34,1440.01,687
1,spsc_unaligned_65536_cross-core_paced_itch,1,total,1440.01,1466.67,615
1,spsc_unaligned_65536_cross-core_paced_itch,1,total,1466.67,1493.34,684
1,spsc_unaligned_65536_cross-core_paced_itch,1,total,1493.34,1520.01,644
1,spsc_unaligned_65536_cross-core_paced_itch,1,total,1520.01,1546.67,608
1,spsc_unaligned_65536_cross-core_paced_itch,1,total,1546.67,1573.34,537
1,spsc_unaligned_65536_cross-core_paced_itch,1,total,1573.34,1600.01,556
1,spsc_unaligned_65536_cross-core_paced_itch,1,total,1600.01,1626.67,547
1,spsc_unaligned_65536_cross-core_paced_itch,1,total,1626.67,1653.34,528
1,spsc_unaligned_65536_cross-core_paced_itch,1,total,1653.34,1680.01,560
1,spsc_unaligned_65536_cross-core_paced_itch,1,total,1680.01,1706.67,545
1,spsc_unaligned_65536_cross-core_paced_itch,1,total,1706.67,1760.01,1017
1,spsc_unaligned_65536_cross-core_paced_itch,1,total,1760.01,1813.34,983
1,spsc_unaligned_65536_cross-core_paced_itch,1,total,1813.34,1866.68,969
1,spsc_unaligned_65536_cross-core_paced_itch,1,total,1866.68,1920.01,924
1,spsc_unaligned_65536_cross-core_paced_itch,1,total,1920.01,1973.34,887
1,spsc_unaligned_65536_cross-core_paced_itch,1,total,1973.34,2026.68,923
1,spsc_unaligned_65536_cross-core_paced_itch,1,total,2026.68,2080.01,834
1,spsc_unaligned_65536_cross-core_paced_itch,1,total,2080.01,2133.34,883
1,spsc_unaligned_65536_cross-core_paced_itch,1,total,2133.34,2186.68,816
1,spsc_unaligned_65536_cross-core_paced_itch,1,total,2186.68,2240.01,796
1,spsc_unaligned_65536_cross-core_paced_itch,1,total,2240.01,2293.34,770
1,spsc_unaligned_65536_cross-core_paced_itch,1,total,2293.34,2346.68,756
1,spsc_unaligned_65536_cross-core_paced_itch,1,total,2346.68,2400.01,721
1,spsc_unaligned_65536_cross-core_paced_itch,1,total,2400.01,2453.34,719
1,spsc_unaligned_65536_cross-core_paced_itch,1,total,2453.34,2506.68,723
1,spsc_unaligned_65536_cross-core_paced_itch,1,total,2506.68,2560.01,726
1,spsc_unaligned_65536_cross-core_paced_itch,1,total,2560.01,2613.35,710
1,spsc_unaligned_65536_cross-core_paced_itch,1,total,2613.35,2666.68,661
1,spsc_unaligned_65536_cross-core_paced_itch,1,total,2666.68,2720.01,703
1,spsc_unaligned_65536_cross-core_paced_itch,1,total,2720.01,2773.35,635
1,spsc_unaligned_65536_cross-core_paced_itch,1,total,2773.35,2826.68,654
1,spsc_unaligned_65536_cross-core_paced_itch,1,total,2826.68,2880.01,670
1,spsc_unaligned_65536_cross-core_paced_itch,1,total,2880.01,2933.35,651
1,spsc_unaligned_65536_cross-core_paced_itch,1,total,2933.35,2986.68,661
1,spsc_unaligned_65536_cross-core_paced_itch,1,total,2986.68,3040.01,630
1,spsc_unaligned_65536_cross-core_paced_itch,1,total,3040.01,3093.35,591
1,spsc_unaligned_65536_cross-core_paced_itch,1,total,3093.35,3146.68,573
1,spsc_unaligned_65536_cross-core_paced_itch,1,total,3146.68,3200.02,583
1,spsc_unaligned_65536_cross-core_paced_itch,1,total,3200.02,3253.35,602
1,spsc_unaligned_65536_cross-core_paced_itch,1,total,3253.35,3306.68,545
1,spsc_unaligned_65536_cross-core_paced_itch,1,total,3306.68,3360.02,611
1,spsc_unaligned_65536_cross-core_paced_itch,1,total,3360.02,3413.35,552
1,spsc_unaligned_65536_cross-core_paced_itch,1,total,3413.35,3520.02,1128
1,spsc_unaligned_65536_cross-core_paced_itch,1,total,3520.02,3626.68,1055
1,spsc_unaligned_65536_cross-core_paced_itch,1,total,3626.68,3733.35,1087
1,spsc_unaligned_65536_cross-core_paced_itch,1,total,3733.35,3840.02,1060
1,spsc_unaligned_65536_cross-core_paced_itch,1,total,3840.02,3946.69,997
1,spsc_unaligned_65536_cross-core_paced_itch,1,total,3946.69,4053.35,957
1,spsc_unaligned_65536_cross-core_paced_itch,1,total,4053.35,4160.02,937
1,spsc_unaligned_65536_cross-core_paced_itch,1,total,4160.02,4266.69,893
1,spsc_unaligned_65536_cross-core_paced_itch,1,total,4266.69,4373.35,886
1,spsc_unaligned_65536_cross-core_paced_itch,1,total,4373.35,4480.02,821
1,spsc_unaligned_65536_cross-core_paced_itch,1,total,4480.02,4586.69,812
1,spsc_unaligned_65536_cross-core_paced_itch,1,total,4586.69,4693.36,801
1,spsc_unaligned_65536_cross-core_paced_itch,1,total,4693.36,4800.02,704
1,spsc_unaligned_65536_cross-core_paced_itch,1,total,4800.02,4906.69,732
1,spsc_unaligned_65536_cross-core_paced_itch,1,total,4906.69,5013.36,683
1,spsc_unaligned_65536_cross-core_paced_itch,1,total,5013.36,5120.02,706
1,spsc_unaligned_65536_cross-core_paced_itch,1,total,5120.02,5226.69,659
1,spsc_unaligned_65536_cross-core_paced_itch,1,total,5226.69,5333.36,636
1,spsc_unaligned_65536_cross-core_paced_itch,1,total,5333.36,5440.03,623
1,spsc_unaligned_65536_cross-core_paced_itch,1,total,5440.03,5546.69,579
1,spsc_unaligned_65536_cross-core_paced_itch,1,total,5546.69,5653.36,644
1,spsc_unaligned_65536_cross-core_paced_itch,1,total,5653.36,5760.03,621
1,spsc_unaligned_65536_cross-core_paced_itch,1,total,5760.03,5866.69,541
1,spsc_unaligned_65536_cross-core_paced_itch,1,total,5866.69,5973.36,515
1,spsc_unaligned_65536_cross-core_paced_itch,1,total,5973.36,6080.03,519
1,spsc_unaligned_65536_cross-core_paced_itch,1,total,6080.03,6186.7,559
1,spsc_unaligned_65536_cross-core_paced_itch,1,total,6186.7,6293.36,498
1,spsc_unaligned_65536_cross-core_paced_itch,1,total,6293.36,6400.03,483
1,spsc_unaligned_65536_cross-core_paced_itch,1,total,6400.03,6506.7,455
1,spsc_unaligned_65536_cross-core_paced_itch,1,total,6506.7,6613.36,476
1,spsc_unaligned_65536_cross-core_paced_itch,1,total,6613.36,6720.03,453
1,spsc_unaligned_65536_cross-core_paced_itch,1,total,6720.03,6826.7,442
1,spsc_unaligned_65536_cross-core_paced_itch,1,total,6826.7,7040.03,828
1,spsc_unaligned_65536_cross-core_paced_itch,1,total,7040.03,7253.37,794
1,spsc_unaligned_65536_cross-core_paced_itch,1,total,7253.37,7466.7,822
1,spsc_unaligned_65536_cross-core_paced_itch,1,total,7466.7,7680.04,766
1,spsc_unaligned_65536_cross-core_paced_itch,1,total,7680.04,7893.37,708
1,spsc_unaligned_65536_cross-core_paced_itch,1,total,7893.37,8106.7,683
1,spsc_unaligned_65536_cross-core_paced_itch,1,total,8106.7,8320.04,605
1,spsc_unaligned_65536_cross-core_paced_itch,1,total,8320.04,8533.37,619
1,spsc_unaligned_65536_cross-core_paced_itch,1,total,8533.37,8746.71,611
1,spsc_unaligned_65536_cross-core_paced_itch,1,total,8746.71,8960.04,609
1,spsc_unaligned_65536_cross-core_paced_itch,1,total,8960.04,9173.38,543
1,spsc_unaligned_65536_cross-core_paced_itch,1,total,9173.38,9386.71,547
1,spsc_unaligned_65536_cross-core_paced_itch,1,total,9386.71,9600.05,500
1,spsc_unaligned_65536_cross-core_paced_itch,1,total,9600.05,9813.38,487
1,spsc_unaligned_65536_cross-core_paced_itch,1,total,9813.38,10026.7,473
1,spsc_unaligned_65536_cross-core_paced_itch,1,total,10026.7,10240,454
1,spsc_unaligned_65536_cross-core_paced_itch,1,total,10240,10453.4,389
1,spsc_unaligned_65536_cross-core_paced_itch,1,total,10453.4,10666.7,385
1,spsc_unaligned_65536_cross-core_paced_itch,1,total,10666.7,10880.1,395
1,spsc_unaligned_65536_cross-core_paced_itch,1,total,10880.1,11093.4,383
1,spsc_unaligned_65536_cross-core_paced_itch,1,total,11093.4,11306.7,343
1,spsc_unaligned_65536_cross-core_paced_itch,1,total,11306.7,11520.1,326
1,spsc_unaligned_65536_cross-core_paced_itch,1,total,11520.1,11733.4,327
1,spsc_unaligned_65536_cross-core_paced_itch,1,total,11733.4,11946.7,322
1,spsc_unaligned_65536_cross-core_paced_itch,1,total,11946.7,12160.1,307
1,spsc_unaligned_65536_cross-core_paced_itch,1,total,12160.1,12373.4,279
1,spsc_unaligned_65536_cross-core_paced_itch,1,total,12373.4,12586.7,229
1,spsc_unaligned_65536_cross-core_paced_itch,1,total,12586.7,12800.1,217
1,spsc_unaligned_65536_cross-core_paced_itch,1,total,12800.1,13013.4,163
1,spsc_unaligned_65536_cross-core_paced_itch,1,total,13013.4,13226.7,186
1,spsc_unaligned_65536_cross-core_paced_itch,1,total,13226.7,13440.1,123
1,spsc_unaligned_65536_cross-core_paced_itch,1,total,13440.1,13653.4,135
1,spsc_unaligned_65536_cross-core_paced_itch,1,total,13653.4,14080.1,230
1,spsc_unaligned_65536_cross-core_paced_itch,1,total,14080.1,14506.7,215
1,spsc_unaligned_65536_cross-core_paced_itch,1,total,14506.7,14933.4,190
1,spsc_unaligned_65536_cross-core_paced_itch,1,total,14933.4,15360.1,144
1,spsc_unaligned_65536_cross-core_paced_itch,1,total,15360.1,15786.7,174
1,spsc_unaligned_65536_cross-core_paced_itch,1,total,15786.7,16213.4,159
1,spsc_unaligned_65536_cross-core_paced_itch,1,total,16213.4,16640.1,128
1,spsc_unaligned_65536_cross-core_paced_itch,1,total,16640.1,17066.7,112
1,spsc_unaligned_65536_cross-core_paced_itch,1,total,17066.7,17493.4,119
1,spsc_unaligned_65536_cross-core_paced_itch,1,total,17493.4,17920.1,134
1,spsc_unaligned_65536_cross-core_paced_itch,1,total,17920.1,18346.8,139
1,spsc_unaligned_65536_cross-core_paced_itch,1,total,18346.8,18773.4,133
1,spsc_unaligned_65536_cross-core_paced_itch,1,total,18773.4,19200.1,108
1,spsc_unaligned_65536_cross-core_paced_itch,1,total,19200.1,19626.8,100
1,spsc_unaligned_65536_cross-core_paced_itch,1,total,19626.8,20053.4,99
1,spsc_unaligned_65536_cross-core_paced_itch,1,total,20053.4,20480.1,99
1,spsc_unaligned_65536_cross-core_paced_itch,1,total,20480.1,20906.8,120
1,spsc_unaligned_65536_cross-core_paced_itch,1,total,20906.8,21333.4,120
1,spsc_unaligned_65536_cross-core_paced_itch,1,total,21333.4,21760.1,95
1,spsc_unaligned_65536_cross-core_paced_itch,1,total,21760.1,22186.8,110
1,spsc_unaligned_65536_cross-core_paced_itch,1,total,22186.8,22613.4,126
1,spsc_unaligned_65536_cross-core_paced_itch,1,total,22613.4,23040.1,71
1,spsc_unaligned_65536_cross-core_paced_itch,1,total,23040.1,23466.8,76
1,spsc_unaligned_65536_cross-core_paced_itch,1,total,23466.8,23893.4,87
1,spsc_unaligned_65536_cross-core_paced_itch,1,total,23893.4,24320.1,69
1,spsc_unaligned_65536_cross-core_paced_itch,1,total,24320.1,24746.8,75
1,spsc_unaligned_65536_cross-core_paced_itch,1,total,24746.8,25173.5,69
1,spsc_unaligned_65536_cross-core_paced_itch,1,total,25173.5,25600.1,49
1,spsc_unaligned_65536_cross-core_paced_itch,1,total,25600.1,26026.8,69
1,spsc_unaligned_65536_cross-core_paced_itch,1,total,26026.8,26453.5,58
1,spsc_unaligned_65536_cross-core_paced_itch,1,total,26453.5,26880.1,54
1,spsc_unaligned_65536_cross-core_paced_itch,1,total,26880.1,27306.8,70
1,spsc_unaligned_65536_cross-core_paced_itch,1,total,27306.8,28160.1,102
1,spsc_unaligned_65536_cross-core_paced_itch,1,total,28160.1,29013.5,131
1,spsc_unaligned_65536_cross-core_paced_itch,1,total,29013.5,29866.8,118
1,spsc_unaligned_65536_cross-core_paced_itch,1,total,29866.8,30720.1,97
1,spsc_unaligned_65536_cross-core_paced_itch,1,total,30720.1,31573.5,103
1,spsc_unaligned_65536_cross-core_paced_itch,1,total,31573.5,32426.8,99
1,spsc_unaligned_65536_cross-core_paced_itch,1,total,32426.8,33280.2,107
1,spsc_unaligned_65536_cross-core_paced_itch,1,total,33280.2,34133.5,92
1,spsc_unaligned_65536_cross-core_paced_itch,1,total,34133.5,34986.8,98
1,spsc_unaligned_65536_cross-core_paced_itch,1,total,34986.8,35840.2,103
1,spsc_unaligned_65536_cross-core_paced_itch,1,total,35840.2,36693.5,93
1,spsc_unaligned_65536_cross-core_paced_itch,1,total,36693.5,37546.8,95
1,spsc_unaligned_65536_cross-core_paced_itch,1,total,37546.8,38400.2,71
1,spsc_unaligned_65536_cross-core_paced_itch,1,total,38400.2,39253.5,91
1,spsc_unaligned_65536_cross-core_paced_itch,1,total,39253.5,40106.9,91
1,spsc_unaligned_65536_cross-core_paced_itch,1,total,40106.9,40960.2,85
1,spsc_unaligned_65536_cross-core_paced_itch,1,total,40960.2,41813.5,90
1,spsc_unaligned_65536_cross-core_paced_itch,1,total,41813.5,42666.9,84
1,spsc_unaligned_65536_cross-core_paced_itch,1,total,42666.9,43520.2,82
1,spsc_unaligned_65536_cross-core_paced_itch,1,total,43520.2,44373.5,77
1,spsc_unaligned_65536_cross-core_paced_itch,1,total,44373.5,45226.9,93
1,spsc_unaligned_65536_cross-core_paced_itch,1,total,45226.9,46080.2,64
1,spsc_unaligned_65536_cross-core_paced_itch,1,total,46080.2,46933.6,62
1,spsc_unaligned_65536_cross-core_paced_itch,1,total,46933.6,47786.9,58
1,spsc_unaligned_65536_cross-core_paced_itch,1,total,47786.9,48640.2,49
1,spsc_unaligned_65536_cross-core_paced_itch,1,total,48640.2,49493.6,62
1,spsc_unaligned_65536_cross-core_paced_itch,1,total,49493.6,50346.9,47
1,spsc_unaligned_65536_cross-core_paced_itch,1,total,50346.9,51200.2,61
1,spsc_unaligned_65536_cross-core_paced_itch,1,total,51200.2,52053.6,53
1,spsc_unaligned_65536_cross-core_paced_itch,1,total,52053.6,52906.9,54
1,spsc_unaligned_65536_cross-core_paced_itch,1,total,52906.9,53760.3,34
1,spsc_unaligned_65536_cross-core_paced_itch,1,total,53760.3,54613.6,59
1,spsc_unaligned_65536_cross-core_paced_itch,1,total,54613.6,56320.3,109
1,spsc_unaligned_65536_cross-core_paced_itch,1,total,56320.3,58026.9,87
1,spsc_unaligned_65536_cross-core_paced_itch,1,total,58026.9,59733.6,93
1,spsc_unaligned_65536_cross-core_paced_itch,1,total,59733.6,61440.3,63
1,spsc_unaligned_65536_cross-core_paced_itch,1,total,61440.3,63147,90
1,spsc_unaligned_65536_cross-core_paced_itch,1,total,63147,64853.6,86
1,spsc_unaligned_65536_cross-core_paced_itch,1,total,64853.6,66560.3,84
1,spsc_unaligned_65536_cross-core_paced_itch,1,total,66560.3,68267,93
1,spsc_unaligned_65536_cross-core_paced_itch,1,total,68267,69973.7,94
1,spsc_unaligned_65536_cross-core_paced_itch,1,total,69973.7,71680.3,67
1,spsc_unaligned_65536_cross-core_paced_itch,1,total,71680.3,73387,55
1,spsc_unaligned_65536_cross-core_paced_itch,1,total,73387,75093.7,47
1,spsc_unaligned_65536_cross-core_paced_itch,1,total,75093.7,76800.4,49
1,spsc_unaligned_65536_cross-core_paced_itch,1,total,76800.4,78507,67
1,spsc_unaligned_65536_cross-core_paced_itch,1,total,78507,80213.7,73
1,spsc_unaligned_65536_cross-core_paced_itch,1,total,80213.7,81920.4,52
1,spsc_unaligned_65536_cross-core_paced_itch,1,total,81920.4,83627.1,63
1,spsc_unaligned_65536_cross-core_paced_itch,1,total,83627.1,85333.7,72
1,spsc_unaligned_65536_cross-core_paced_itch,1,total,85333.7,87040.4,52
1,spsc_unaligned_65536_cross-core_paced_itch,1,total,87040.4,88747.1,41
1,spsc_unaligned_65536_cross-core_paced_itch,1,total,88747.1,90453.8,27
1,spsc_unaligned_65536_cross-core_paced_itch,1,total,90453.8,92160.4,26
1,spsc_unaligned_65536_cross-core_paced_itch,1,total,92160.4,93867.1,26
1,spsc_unaligned_65536_cross-core_paced_itch,1,total,93867.1,95573.8,24
1,spsc_unaligned_65536_cross-core_paced_itch,1,total,95573.8,97280.5,23
1,spsc_unaligned_65536_cross-core_paced_itch,1,total,97280.5,98987.1,23
1,spsc_unaligned_65536_cross-core_paced_itch,1,total,98987.1,100694,16
1,spsc_unaligned_65536_cross-core_paced_itch,1,total,100694,102400,18
1,spsc_unaligned_65536_cross-core_paced_itch,1,total,102400,104107,25
1,spsc_unaligned_65536_cross-core_paced_itch,1,total,104107,105814,27
1,spsc_unaligned_65536_cross-core_paced_itch,1,total,105814,107521,30
1,spsc_unaligned_65536_cross-core_paced_itch,1,total,107521,109227,26
1,spsc_unaligned_65536_cross-core_paced_itch,1,total,109227,112641,64
1,spsc_unaligned_65536_cross-core_paced_itch,1,total,112641,116054,47
1,spsc_unaligned_65536_cross-core_paced_itch,1,total,116054,119467,76
1,spsc_unaligned_65536_cross-core_paced_itch,1,total,119467,122881,67
1,spsc_unaligned_65536_cross-core_paced_itch,1,total,122881,126294,59
1,spsc_unaligned_65536_cross-core_paced_itch,1,total,126294,129707,51
1,spsc_unaligned_65536_cross-core_paced_itch,1,total,129707,133121,75
1,spsc_unaligned_65536_cross-core_paced_itch,1,total,133121,136534,39
1,spsc_unaligned_65536_cross-core_paced_itch,1,total,136534,139947,31
1,spsc_unaligned_65536_cross-core_paced_itch,1,total,139947,143361,54
1,spsc_unaligned_65536_cross-core_paced_itch,1,total,143361,146774,69
1,spsc_unaligned_65536_cross-core_paced_itch,1,total,146774,150187,46
1,spsc_unaligned_65536_cross-core_paced_itch,1,total,150187,153601,44
1,spsc_unaligned_65536_cross-core_paced_itch,1,total,153601,157014,41
1,spsc_unaligned_65536_cross-core_paced_itch,1,total,157014,160427,77
1,spsc_unaligned_65536_cross-core_paced_itch,1,total,160427,163841,69
1,spsc_unaligned_65536_cross-core_paced_itch,1,total,163841,167254,68
1,spsc_unaligned_65536_cross-core_paced_itch,1,total,167254,170667,62
1,spsc_unaligned_65536_cross-core_paced_itch,1,total,170667,174081,42
1,spsc_unaligned_65536_cross-core_paced_itch,1,total,174081,177494,37
1,spsc_unaligned_65536_cross-core_paced_itch,1,total,177494,180908,33
1,spsc_unaligned_65536_cross-core_paced_itch,1,total,180908,184321,11
1,spsc_unaligned_65536_cross-core_paced_itch,1,total,184321,187734,13
1,spsc_unaligned_65536_cross-core_paced_itch,1,total,187734,191148,21
1,spsc_unaligned_65536_cross-core_paced_itch,1,total,191148,194561,19
1,spsc_unaligned_65536_cross-core_paced_itch,1,total,194561,197974,32
1,spsc_unaligned_65536_cross-core_paced_itch,1,total,197974,201388,12
1,spsc_unaligned_65536_cross-core_paced_itch,1,total,201388,204801,20
1,spsc_unaligned_65536_cross-core_paced_itch,1,total,204801,208214,27
1,spsc_unaligned_65536_cross-core_paced_itch,1,total,208214,211628,27
1,spsc_unaligned_65536_cross-core_paced_itch,1,total,211628,215041,23
1,spsc_unaligned_65536_cross-core_paced_itch,1,total,215041,218454,23
1,spsc_unaligned_65536_cross-core_paced_itch,1,total,218454,225281,44
1,spsc_unaligned_65536_cross-core_paced_itch,1,total,225281,232108,79
1,spsc_unaligned_65536_cross-core_paced_itch,1,total,232108,238934,144
1,spsc_unaligned_65536_cross-core_paced_itch,1,total,238934,245761,136
1,spsc_unaligned_65536_cross-core_paced_itch,1,total,245761,252588,143
1,spsc_unaligned_65536_cross-core_paced_itch,1,total,252588,259415,234
1,spsc_unaligned_65536_cross-core_paced_itch,1,total,259415,266241,145
1,spsc_unaligned_65536_cross-core_paced_itch,1,total,266241,273068,41
1,spsc_unaligned_65536_cross-core_paced_itch,1,total,273068,279895,26
1,spsc_unaligned_65536_cross-core_paced_itch,1,total,279895,286721,29
1,spsc_unaligned_65536_cross-core_paced_itch,1,total,286721,293548,97
1,spsc_unaligned_65536_cross-core_paced_itch,1,total,293548,300375,49
1,spsc_unaligned_65536_cross-core_paced_itch,1,total,300375,307201,47
1,spsc_unaligned_65536_cross-core_paced_itch,1,total,307201,314028,26
1,spsc_unaligned_65536_cross-core_paced_itch,1,total,314028,320855,28
1,spsc_unaligned_65536_cross-core_paced_itch,1,total,320855,327682,42
1,spsc_unaligned_65536_cross-core_paced_itch,1,total,327682,334508,29
1,spsc_unaligned_65536_cross-core_paced_itch,1,total,334508,341335,29
1,spsc_unaligned_65536_cross-core_paced_itch,1,total,341335,348162,16
1,spsc_unaligned_65536_cross-core_paced_itch,1,total,348162,354988,21
1,spsc_unaligned_65536_cross-core_paced_itch,1,total,354988,361815,22
1,spsc_unaligned_65536_cross-core_paced_itch,1,total,361815,368642,104
1,spsc_unaligned_65536_cross-core_paced_itch,1,total,368642,375468,122
1,spsc_unaligned_65536_cross-core_paced_itch,1,total,375468,382295,94
1,spsc_unaligned_65536_cross-core_paced_itch,1,total,382295,389122,79
1,spsc_unaligned_65536_cross-core_paced_itch,1,total,389122,395949,38
1,spsc_unaligned_65536_cross-core_paced_itch,1,total,395949,402775,57
1,spsc_unaligned_65536_cross-core_paced_itch,1,total,402775,409602,39
1,spsc_unaligned_65536_cross-core_paced_itch,1,total,409602,416429,71
1,spsc_unaligned_65536_cross-core_paced_itch,1,total,416429,423255,68
1,spsc_unaligned_65536_cross-core_paced_itch,1,total,423255,430082,22
1,spsc_unaligned_65536_cross-core_paced_itch,1,total,430082,436909,19
1,spsc_unaligned_65536_cross-core_paced_itch,1,total,436909,450562,123
1,spsc_unaligned_65536_cross-core_paced_itch,1,total,450562,464216,165
1,spsc_unaligned_65536_cross-core_paced_itch,1,total,464216,477869,287
1,spsc_unaligned_65536_cross-core_paced_itch,1,total,477869,491522,196
1,spsc_unaligned_65536_cross-core_paced_itch,1,total,491522,505176,228
1,spsc_unaligned_65536_cross-core_paced_itch,1,total,505176,518829,340
1,spsc_unaligned_65536_cross-core_paced_itch,1,total,518829,532483,200
1,spsc_unaligned_65536_cross-core_paced_itch,1,total,532483,546136,54
1,spsc_unaligned_65536_cross-core_paced_itch,1,total,546136,559789,132
1,spsc_unaligned_65536_cross-core_paced_itch,1,total,559789,573443,150
1,spsc_unaligned_65536_cross-core_paced_itch,1,total,573443,587096,111
1,spsc_unaligned_65536_cross-core_paced_itch,1,total,587096,600750,160
1,spsc_unaligned_65536_cross-core_paced_itch,1,total,600750,614403,252
1,spsc_unaligned_65536_cross-core_paced_itch,1,total,614403,628056,121
1,spsc_unaligned_65536_cross-core_paced_itch,1,total,628056,641710,153
1,spsc_unaligned_65536_cross-core_paced_itch,1,total,641710,655363,122
1,spsc_unaligned_65536_cross-core_paced_itch,1,total,655363,669016,127
1,spsc_unaligned_65536_cross-core_paced_itch,1,total,669016,682670,119
1,spsc_unaligned_65536_cross-core_paced_itch,1,total,682670,696323,117
1,spsc_unaligned_65536_cross-core_paced_itch,1,total,696323,709977,148
1,spsc_unaligned_65536_cross-core_paced_itch,1,total,709977,723630,127
1,spsc_unaligned_65536_cross-core_paced_itch,1,total,723630,737283,72
1,spsc_unaligned_65536_cross-core_paced_itch,1,total,737283,750937,102
1,spsc_unaligned_65536_cross-core_paced_itch,1,total,750937,764590,196
1,spsc_unaligned_65536_cross-core_paced_itch,1,total,764590,778244,303
1,spsc_unaligned_65536_cross-core_paced_itch,1,total,778244,791897,219
1,spsc_unaligned_65536_cross-core_paced_itch,1,total,791897,805550,175
1,spsc_unaligned_65536_cross-core_paced_itch,1,total,805550,819204,73
1,spsc_unaligned_65536_cross-core_paced_itch,1,total,819204,832857,110
1,spsc_unaligned_65536_cross-core_paced_itch,1,total,832857,846511,78
1,spsc_unaligned_65536_cross-core_paced_itch,1,total,846511,860164,118
1,spsc_unaligned_65536_cross-core_paced_itch,1,total,860164,873817,175
1,spsc_unaligned_65536_cross-core_paced_itch,1,total,873817,901124,181
1,spsc_unaligned_65536_cross-core_paced_itch,1,total,901124,928431,245
1,spsc_unaligned_65536_cross-core_paced_itch,1,total,928431,955738,420
1,spsc_unaligned_65536_cross-core_paced_itch,1,total,955738,983045,1294
1,spsc_unaligned_65536_cross-core_paced_itch,1,total,983045,1.01035e+06,688
1,spsc_unaligned_65536_cross-core_paced_itch,1,total,1.01035e+06,1.03766e+06,518
1,spsc_unaligned_65536_cross-core_paced_itch,1,total,1.03766e+06,1.06497e+06,253
1,spsc_unaligned_65536_cross-core_paced_itch,1,total,1.06497e+06,1.09227e+06,122
1,spsc_unaligned_65536_cross-core_paced_itch,1,total,1.09227e+06,1.11958e+06,114
1,spsc_unaligned_65536_cross-core_paced_itch,1,total,1.11958e+06,1.14689e+06,94
1,spsc_unaligned_65536_cross-core_paced_itch,1,total,1.14689e+06,1.17419e+06,96
1,spsc_unaligned_65536_cross-core_paced_itch,1,total,1.17419e+06,1.2015e+06,65
1,spsc_unaligned_65536_cross-core_paced_itch,1,total,1.2015e+06,1.22881e+06,256
1,spsc_unaligned_65536_cross-core_paced_itch,1,total,1.22881e+06,1.25611e+06,466
1,spsc_unaligned_65536_cross-core_paced_itch,1,total,1.25611e+06,1.28342e+06,267
1,spsc_unaligned_65536_cross-core_paced_itch,1,total,1.28342e+06,1.31073e+06,21
1,spsc_unaligned_65536_cross-core_paced_itch,1,queue,206.668,210.001,1
1,spsc_unaligned_65536_cross-core_paced_itch,1,queue,210.001,213.334,1
1,spsc_unaligned_65536_cross-core_paced_itch,1,queue,213.334,220.001,1
1,spsc_unaligned_65536_cross-core_paced_itch,1,queue,226.668,233.334,1
1,spsc_unaligned_65536_cross-core_paced_itch,1,queue,233.334,240.001,2
1,spsc_unaligned_65536_cross-core_paced_itch,1,queue,240.001,246.668,1
1,spsc_unaligned_65536_cross-core_paced_itch,1,queue,246.668,253.335,4
1,spsc_unaligned_65536_cross-core_paced_itch,1,queue,253.335,260.001,3
1,spsc_unaligned_65536_cross-core_paced_itch,1,queue,260.001,266.668,7
1,spsc_unaligned_65536_cross-core_paced_itch,1,queue,266.668,273.335,17
1,spsc_unaligned_65536_cross-core_paced_itch,1,queue,273.335,280.001,22
1,spsc_unaligned_65536_cross-core_paced_itch,1,queue,280.001,286.668,45
1,spsc_unaligned_65536_cross-core_paced_itch,1,queue,286.668,293.335,61
1,spsc_unaligned_65536_cross-core_paced_itch,1,queue,293.335,300.001,84
1,spsc_unaligned_65536_cross-core_paced_itch,1,queue,300.001,306.668,66
1,spsc_unaligned_65536_cross-core_paced_itch,1,queue,306.668,313.335,70
1,spsc_unaligned_65536_cross-core_paced_itch,1,queue,313.335,320.002,81
1,spsc_unaligned_65536_cross-core_paced_itch,1,queue,320.002,326.668,105
1,spsc_unaligned_65536_cross-core_paced_itch,1,queue,326.668,333.335,373
1,spsc_unaligned_65536_cross-core_paced_itch,1,queue,333.335,340.002,1574
1,spsc_unaligned_65536_cross-core_paced_itch,1,queue,340.002,346.668,3361
1,spsc_unaligned_65536_cross-core_paced_itch,1,queue,346.668,353.335,5168
1,spsc_unaligned_65536_cross-core_paced_itch,1,queue,353.335,360.002,6636
1,spsc_unaligned_65536_cross-core_paced_itch,1,queue,360.002,366.668,8743
1,spsc_unaligned_65536_cross-core_paced_itch,1,queue,366.668,373.335,10180
1,spsc_unaligned_65536_cross-core_paced_itch,1,queue,373.335,380.002,11908
1,spsc_unaligned_65536_cross-core_paced_itch,1,queue,380.002,386.668,12418
1,spsc_unaligned_65536_cross-core_paced_itch,1,queue,386.668,393.335,11625
1,spsc_unaligned_65536_cross-core_paced_itch,1,queue,393.335,400.002,9744
1,spsc_unaligned_65536_cross-core_paced_itch,1,queue,400.002,406.669,7769
1,spsc_unaligned_65536_cross-core_paced_itch,1,queue,406.669,413.335,6051
1,spsc_unaligned_65536_cross-core_paced_itch,1,queue,413.335,420.002,4711
1,spsc_unaligned_65536_cross-core_paced_itch,1,queue,420.002,426.669,3465
1,spsc_unaligned_65536_cross-core_paced_itch,1,queue,426.669,440.002,4033
1,spsc_unaligned_65536_cross-core_paced_itch,1,queue,440.002,453.335,2602
1,spsc_unaligned_65536_cross-core_paced_itch,1,queue,453.335,466.669,2594
1,spsc_unaligned_65536_cross-core_paced_itch,1,queue,466.669,480.002,2645
1,spsc_unaligned_65536_cross-core_paced_itch,1,queue,480.002,493.336,2577
1,spsc_unaligned_65536_cross-core_paced_itch,1,queue,493.336,506.669,2747
1,spsc_unaligned_65536_cross-core_paced_itch,1,queue,506.669,520.002,4540
1,spsc_unaligned_65536_cross-core_paced_itch,1,queue,520.002,533.336,6162
1,spsc_unaligned_65536_cross-core_paced_itch,1,queue,533.336,546.669,4882
1,spsc_unaligned_65536_cross-core_paced_itch,1,queue,546.669,560.003,2885
1,spsc_unaligned_65536_cross-core_paced_itch,1,queue,560.003,573.336,1984
1,spsc_unaligned_65536_cross-core_paced_itch,1,queue,573.336,586.669,1623
1,spsc_unaligned_65536_cross-core_paced_itch,1,queue,586.669,600.003,1364
1,spsc_unaligned_65536_cross-core_paced_itch,1,queue,600.003,613.336,1379
1,spsc_unaligned_65536_cross-core_paced_itch,1,queue,613.336,626.67,1399
1,spsc_unaligned_65536_cross-core_paced_itch,1,queue,626.67,640.003,1253
1,spsc_unaligned_65536_cross-core_paced_itch,1,queue,640.003,653.336,1104
1,spsc_unaligned_65536_cross-core_paced_itch,1,queue,653.336,666.67,963
1,spsc_unaligned_65536_cross-core_paced_itch,1,queue,666.67,680.003,903
1,spsc_unaligned_65536_cross-core_paced_itch,1,queue,680.003,693.337,974
1,spsc_unaligned_65536_cross-core_paced_itch,1,queue,693.337,706.67,1051
1,spsc_unaligned_65536_cross-core_paced_itch,1,queue,706.67,720.003,1006
1,spsc_unaligned_65536_cross-core_paced_itch,1,queue,720.003,733.337,1021
1,spsc_unaligned_65536_cross-core_paced_itch,1,queue,733.337,746.67,884
1,spsc_unaligned_65536_cross-core_paced_itch,1,queue,746.67,760.004,934
1,spsc_unaligned_65536_cross-core_paced_itch,1,queue,760.004,773.337,794
1,spsc_unaligned_65536_cross-core_paced_itch,1,queue,773.337,786.67,709
1,spsc_unaligned_65536_cross-core_paced_itch,1,queue,786.67,800.004,634
1,spsc_unaligned_65536_cross-core_paced_itch,1,queue,800.004,813.337,604
1,spsc_unaligned_65536_cross-core_paced_itch,1,queue,813.337,826.671,631
1,spsc_unaligned_65536_cross-core_paced_itch,1,queue,826.671,840.004,599
1,spsc_unaligned_65536_cross-core_paced_itch,1,queue,840.004,853.337,581
1,spsc_unaligned_65536_cross-core_paced_itch,1,queue,853.337,880.004,1056
1,spsc_unaligned_65536_cross-core_paced_itch,1,queue,880.004,906.671,1023
1,spsc_unaligned_65536_cross-core_paced_itch,1,queue,906.671,933.338,987
1,spsc_unaligned_65536_cross-core_paced_itch,1,queue,933.338,960.005,932
1,spsc_unaligned_65536_cross-core_paced_itch,1,queue,960.005,986.671,807
1,spsc_unaligned_65536_cross-core_paced_itch,1,queue,986.671,1013.34,737
1,spsc_unaligned_65536_cross-core_paced_itch,1,queue,1013.34,1040,770
1,spsc_unaligned_65536_cross-core_paced_itch,1,queue,1040,1066.67,719
1,spsc_unaligned_65536_cross-core_paced_itch,1,queue,1066.67,1093.34,673
1,spsc_unaligned_65536_cross-core_paced_itch,1,queue,1093.34,1120.01,703
1,spsc_unaligned_65536_cross-core_paced_itch,1,queue,1120.01,1146.67,613
1,spsc_unaligned_65536_cross-core_paced_itch,1,queue,1146.67,1173.34,613
1,spsc_unaligned_65536_cross-core_paced_itch,1,queue,1173.34,1200.01,611
1,spsc_unaligned_65536_cross-core_paced_itch,1,queue,1200.01,1226.67,515
1,spsc_unaligned_65536_cross-core_paced_itch,1,queue,1226.67,1253.34,558
1,spsc_unaligned_65536_cross-core_paced_itch,1,queue,1253.34,1280.01,559
1,spsc_unaligned_65536_cross-core_paced_itch,1,queue,1280.01,1306.67,570
1,spsc_unaligned_65536_cross-core_paced_itch,1,queue,1306.67,1333.34,541
1,spsc_unaligned_65536_cross-core_paced_itch,1,queue,1333.34,1360.01,516
1,spsc_unaligned_65536_cross-core_paced_itch,1,queue,1360.01,1386.67,494
1,spsc_unaligned_65536_cross-core_paced_itch,1,queue,1386.67,1413.34,528
1,spsc_unaligned_65536_cross-core_paced_itch,1,queue,1413.34,1440.01,461
1,spsc_unaligned_65536_cross-core_paced_itch,1,queue,1440.01,1466.67,494
1,spsc_unaligned_65536_cross-core_paced_itch,1,queue,1466.67,1493.34,508
1,spsc_unaligned_65536_cross-core_paced_itch,1,queue,1493.34,1520.01,476
1,spsc_unaligned_65536_cross-core_paced_itch,1,queue,1520.01,1546.67,475
1,spsc_unaligned_65536_cross-core_paced_itch,1,queue,1546.67,1573.34,472
1,spsc_unaligned_65536_cross-core_paced_itch,1,queue,1573.34,1600.01,478
1,spsc_unaligned_65536_cross-core_paced_itch,1,queue,1600.01,1626.67,502
1,spsc_unaligned_65536_cross-core_paced_itch,1,queue,1626.67,1653.34,463
1,spsc_unaligned_65536_cross-core_paced_itch,1,queue,1653.34,1680.01,442
1,spsc_unaligned_65536_cross-core_paced_itch,1,queue,1680.01,1706.67,412
1,spsc_unaligned_65536_cross-core_paced_itch,1,queue,1706.67,1760.01,964
1,spsc_unaligned_65536_cross-core_paced_itch,1,queue,1760.01,1813.34,874
1,spsc_unaligned_65536_cross-core_paced_itch,1,queue,1813.34,1866.68,807
1,spsc_unaligned_65536_cross-core_paced_itch,1,queue,1866.68,1920.01,799
1,spsc_unaligned_65536_cross-core_paced_itch,1,queue,1920.01,1973.34,828
1,spsc_unaligned_65536_cross-core_paced_itch,1,queue,1973.34,2026.68,776
1,spsc_unaligned_65536_cross-core_paced_itch,1,queue,2026.68,2080.01,765
1,spsc_unaligned_65536_cross-core_paced_itch,1,queue,2080.01,2133.34,760
1,spsc_unaligned_65536_cross-core_paced_itch,1,queue,2133.34,2186.68,743
1,spsc_unaligned_65536_cross-core_paced_itch,1,queue,2186.68,2240.01,743
1,spsc_unaligned_65536_cross-core_paced_itch,1,queue,2240.01,2293.34,696
1,spsc_unaligned_65536_cross-core_paced_itch,1,queue,2293.34,2346.68,725
1,spsc_unaligned_65536_cross-core_paced_itch,1,queue,2346.68,2400.01,733
1,spsc_unaligned_65536_cross-core_paced_itch,1,queue,2400.01,2453.34,667
1,spsc_unaligned_65536_cross-core_paced_itch,1,queue,2453.34,2506.68,666
1,spsc_unaligned_65536_cross-core_paced_itch,1,queue,2506.68,2560.01,682
1,spsc_unaligned_65536_cross-core_paced_itch,1,queue,2560.01,2613.35,720
1,spsc_unaligned_65536_cross-core_paced_itch,1,queue,2613.35,2666.68,626
1,spsc_unaligned_65536_cross-core_paced_itch,1,queue,2666.68,2720.01,657
1,spsc_unaligned_65536_cross-core_paced_itch,1,queue,2720.01,2773.35,658
1,spsc_unaligned_65536_cross-core_paced_itch,1,queue,2773.35,2826.68,624
1,spsc_unaligned_65536_cross-core_paced_itch,1,queue,2826.68,2880.01,623
1,spsc_unaligned_65536_cross-core_paced_itch,1,queue,2880.01,2933.35,603
1,spsc_unaligned_65536_cross-core_paced_itch,1,queue,2933.35,2986.68,566
1,spsc_unaligned_65536_cross-core_paced_itch,1,queue,2986.68,3040.01,579
1,spsc_unaligned_65536_cross-core_paced_itch,1,queue,3040.01,3093.35,560
1,spsc_unaligned_65536_cross-core_paced_itch,1,queue,3093.35,3146.68,565
1,spsc_unaligned_65536_cross-core_paced_itch,1,queue,3146.68,3200.02,585
1,spsc_unaligned_65536_cross-core_paced_itch,1,queue,3200.02,3253.35,554
1,spsc_unaligned_65536_cross-core_paced_itch,1,queue,3253.35,3306.68,567
1,spsc_unaligned_65536_cross-core_paced_itch,1,queue,3306.68,3360.02,547
1,spsc_unaligned_65536_cross-core_paced_itch,1,queue,3360.02,3413.35,525
1,spsc_unaligned_65536_cross-core_paced_itch,1,queue,3413.35,3520.02,1074
1,spsc_unaligned_65536_cross-core_paced_itch,1,queue,3520.02,3626.68,1080
1,spsc_unaligned_65536_cross-core_paced_itch,1,queue,3626.68,3733.35,1026
1,spsc_unaligned_65536_cross-core_paced_itch,1,queue,3733.35,3840.02,992
1,spsc_unaligned_65536_cross-core_paced_itch,1,queue,3840.02,3946.69,912
1,spsc_unaligned_65536_cross-core_paced_itch,1,queue,3946.69,4053.35,892
1,spsc_unaligned_65536_cross-core_paced_itch,1,queue,4053.35,4160.02,881
1,spsc_unaligned_65536_cross-core_paced_itch,1,queue,4160.02,4266.69,886
1,spsc_unaligned_65536_cross-core_paced_itch,1,queue,4266.69,4373.35,794
1,spsc_unaligned_65536_cross-core_paced_itch,1,queue,4373.35,4480.02,834
1,spsc_unaligned_65536_cross-core_paced_itch,1,queue,4480.02,4586.69,702
1,spsc_unaligned_65536_cross-core_paced_itch,1,queue,4586.69,4693.36,739
1,spsc_unaligned_65536_cross-core_paced_itch,1,queue,4693.36,4800.02,691
1,spsc_unaligned_65536_cross-core_paced_itch,1,queue,4800.02,4906.69,638
1,spsc_unaligned_65536_cross-core_paced_itch,1,queue,4906.69,5013.36,715
1,spsc_unaligned_65536_cross-core_paced_itch,1,queue,5013.36,5120.02,648
1,spsc_unaligned_65536_cross-core_paced_itch,1,queue,5120.02,5226.69,628
1,spsc_unaligned_65536_cross-core_paced_itch,1,queue,5226.69,5333.36,587
1,spsc_unaligned_65536_cross-core_paced_itch,1,queue,5333.36,5440.03,628
1,spsc_unaligned_65536_cross-core_paced_itch,1,queue,5440.03,5546.69,616
1,spsc_unaligned_65536_cross-core_paced_itch,1,queue,5546.69,5653.36,566
1,spsc_unaligned_65536_cross-core_paced_itch,1,queue,5653.36,5760.03,521
1,spsc_unaligned_65536_cross-core_paced_itch,1,queue,5760.03,5866.69,518
1,spsc_unaligned_65536_cross-core_paced_itch,1,queue,5866.69,5973.36,528
1,spsc_unaligned_65536_cross-core_paced_itch,1,queue,5973.36,6080.03,485
1,spsc_unaligned_65536_cross-core_paced_itch,1,queue,6080.03,6186.7,530
1,spsc_unaligned_65536_cross-core_paced_itch,1,queue,6186.7,6293.36,449
1,spsc_unaligned_65536_cross-core_paced_itch,1,queue,6293.36,6400.03,473
1,spsc_unaligned_65536_cross-core_paced_itch,1,queue,6400.03,6506.7,450
1,spsc_unaligned_65536_cross-core_paced_itch,1,queue,6506.7,6613.36,451
1,spsc_unaligned_65536_cross-core_paced_itch,1,queue,6613.36,6720.03,424
1,spsc_unaligned_65536_cross-core_paced_itch,1,queue,6720.03,6826.7,420
1,spsc_unaligned_65536_cross-core_paced_itch,1,queue,6826.7,7040.03,757
1,spsc_unaligned_65536_cross-core_paced_itch,1,queue,7040.03,7253.37,842
1,spsc_unaligned_65536_cross-core_paced_itch,1,queue,7253.37,7466.7,746
1,spsc_unaligned_65536_cross-core_paced_itch,1,queue,7466.7,7680.04,688
1,spsc_unaligned_65536_cross-core_paced_itch,1,queue,7680.04,7893.37,713
1,spsc_unaligned_65536_cross-core_paced_itch,1,queue,7893.37,8106.7,629
1,spsc_unaligned_65536_cross-core_paced_itch,1,queue,8106.7,8320.04,623
1,spsc_unaligned_65536_cross-core_paced_itch,1,queue,8320.04,8533.37,594
1,spsc_unaligned_65536_cross-core_paced_itch,1,queue,8533.37,8746.71,622
1,spsc_unaligned_65536_cross-core_paced_itch,1,queue,8746.71,8960.04,526
1,spsc_unaligned_65536_cross-core_paced_itch,1,queue,8960.04,9173.38,507
1,spsc_unaligned_65536_cross-core_paced_itch,1,queue,9173.38,9386.71,526
1,spsc_unaligned_65536_cross-core_paced_itch,1,queue,9386.71,9600.05,486
1,spsc_unaligned_65536_cross-core_paced_itch,1,queue,9600.05,9813.38,461
1,spsc_unaligned_65536_cross-core_paced_itch,1,queue,9813.38,10026.7,458
1,spsc_unaligned_65536_cross-core_paced_itch,1,queue,10026.7,10240,396
1,spsc_unaligned_65536_cross-core_paced_itch,1,queue,10240,10453.4,389
1,spsc_unaligned_65536_cross-core_paced_itch,1,queue,10453.4,10666.7,384
1,spsc_unaligned_65536_cross-core_paced_itch,1,queue,10666.7,10880.1,375
1,spsc_unaligned_65536_cross-core_paced_itch,1,queue,10880.1,11093.4,358
1,spsc_unaligned_65536_cross-core_paced_itch,1,queue,11093.4,11306.7,319
1,spsc_unaligned_65536_cross-core_paced_itch,1,queue,11306.7,11520.1,349
1,spsc_unaligned_65536_cross-core_paced_itch,1,queue,11520.1,11733.4,320
1,spsc_unaligned_65536_cross-core_paced_itch,1,queue,11733.4,11946.7,291
1,spsc_unaligned_65536_cross-core_paced_itch,1,queue,11946.7,12160.1,322
1,spsc_unaligned_65536_cross-core_paced_itch,1,queue,12160.1,12373.4,250
1,spsc_unaligned_65536_cross-core_paced_itch,1,queue,12373.4,12586.7,221
1,spsc_unaligned_65536_cross-core_paced_itch,1,queue,12586.7,12800.1,186
1,spsc_unaligned_65536_cross-core_paced_itch,1,queue,12800.1,13013.4,179
1,spsc_unaligned_65536_cross-core_paced_itch,1,queue,13013.4,13226.7,138
1,spsc_unaligned_65536_cross-core_paced_itch,1,queue,13226.7,13440.1,141
1,spsc_unaligned_65536_cross-core_paced_itch,1,queue,13440.1,13653.4,125
1,spsc_unaligned_65536_cross-core_paced_itch,1,queue,13653.4,14080.1,227
1,spsc_unaligned_65536_cross-core_paced_itch,1,queue,14080.1,14506.7,200
1,spsc_unaligned_65536_cross-core_paced_itch,1,queue,14506.7,14933.4,171
1,spsc_unaligned_65536_cross-core_paced_itch,1,queue,14933.4,15360.1,153
1,spsc_unaligned_65536_cross-core_paced_itch,1,queue,15360.1,15786.7,169
1,spsc_unaligned_65536_cross-core_paced_itch,1,queue,15786.7,16213.4,138
1,spsc_unaligned_65536_cross-core_paced_itch,1,queue,16213.4,16640.1,129
1,spsc_unaligned_65536_cross-core_paced_itch,1,queue,16640.1,17066.7,116
1,spsc_unaligned_65536_cross-core_paced_itch,1,queue,17066.7,17493.4,136
1,spsc_unaligned_65536_cross-core_paced_itch,1,queue,17493.4,17920.1,142
1,spsc_unaligned_65536_cross-core_paced_itch,1,queue,17920.1,18346.8,123
1,spsc_unaligned_65536_cross-core_paced_itch,1,queue,18346.8,18773.4,111
1,spsc_unaligned_65536_cross-core_paced_itch,1,queue,18773.4,19200.1,111
1,spsc_unaligned_65536_cross-core_paced_itch,1,queue,19200.1,19626.8,96
1,spsc_unaligned_65536_cross-core_paced_itch,1,queue,19626.8,20053.4,107
1,spsc_unaligned_65536_cross-core_paced_itch,1,queue,20053.4,20480.1,110
1,spsc_unaligned_65536_cross-core_paced_itch,1,queue,20480.1,20906.8,116
1,spsc_unaligned_65536_cross-core_paced_itch,1,queue,20906.8,21333.4,105
1,spsc_unaligned_65536_cross-core_paced_itch,1,queue,21333.4,21760.1,106
1,spsc_unaligned_65536_cross-core_paced_itch,1,queue,21760.1,22186.8,111
1,spsc_unaligned_65536_cross-core_paced_itch,1,queue,22186.8,22613.4,106
1,spsc_unaligned_65536_cross-core_paced_itch,1,queue,22613.4,23040.1,66
1,spsc_unaligned_65536_cross-core_paced_itch,1,queue,23040.1,23466.8,76
1,spsc_unaligned_65536_cross-core_paced_itch,1,queue,23466.8,23893.4,91
1,spsc_unaligned_65536_cross-core_paced_itch,1,queue,23893.4,24320.1,69
1,spsc_unaligned_65536_cross-core_paced_itch,1,queue,24320.1,24746.8,80
1,spsc_unaligned_65536_cross-core_paced_itch,1,queue,24746.8,25173.5,58
1,spsc_unaligned_65536_cross-core_paced_itch,1,queue,25173.5,25600.1,49
1,spsc_unaligned_65536_cross-core_paced_itch,1,queue,25600.1,26026.8,70
1,spsc_unaligned_65536_cross-core_paced_itch,1,queue,26026.8,26453.5,56
1,spsc_unaligned_65536_cross-core_paced_itch,1,queue,26453.5,26880.1,65
1,spsc_unaligned_65536_cross-core_paced_itch,1,queue,26880.1,27306.8,62
1,spsc_unaligned_65536_cross-core_paced_itch,1,queue,27306.8,28160.1,106
1,spsc_unaligned_65536_cross-core_paced_itch,1,queue,28160.1,29013.5,126
1,spsc_unaligned_65536_cross-core_paced_itch,1,queue,29013.5,29866.8,119
1,spsc_unaligned_65536_cross-core_paced_itch,1,queue,29866.8,30720.1,88
1,spsc_unaligned_65536_cross-core_paced_itch,1,queue,30720.1,31573.5,111
1,spsc_unaligned_65536_cross-core_paced_itch,1,queue,31573.5,32426.8,89
1,spsc_unaligned_65536_cross-core_paced_itch,1,queue,32426.8,33280.2,109
1,spsc_unaligned_65536_cross-core_paced_itch,1,queue,33280.2,34133.5,92
1,spsc_unaligned_65536_cross-core_paced_itch,1,queue,34133.5,34986.8,102
1,spsc_unaligned_65536_cross-core_paced_itch,1,queue,34986.8,35840.2,97
1,spsc_unaligned_65536_cross-core_paced_itch,1,queue,35840.2,36693.5,100
1,spsc_unaligned_65536_cross-core_paced_itch,1,queue,36693.5,37546.8,94
1,spsc_unaligned_65536_cross-core_paced_itch,1,queue,37546.8,38400.2,71
1,spsc_unaligned_65536_cross-core_paced_itch,1,queue,38400.2,39253.5,86
1,spsc_unaligned_65536_cross-core_paced_itch,1,queue,39253.5,40106.9,91
1,spsc_unaligned_65536_cross-core_paced_itch,1,queue,40106.9,40960.2,89
1,spsc_unaligned_65536_cross-core_paced_itch,1,queue,40960.2,41813.5,84
1,spsc_unaligned_65536_cross-core_paced_itch,1,queue,41813.5,42666.9,80
1,spsc_unaligned_65536_cross-core_paced_itch,1,queue,42666.9,43520.2,91
1,spsc_unaligned_65536_cross-core_paced_itch,1,queue,43520.2,44373.5,78
1,spsc_unaligned_65536_cross-core_paced_itch,1,queue,44373.5,45226.9,92
1,spsc_unaligned_65536_cross-core_paced_itch,1,queue,45226.9,46080.2,58
1,spsc_unaligned_65536_cross-core_paced_itch,1,queue,46080.2,46933.6,61
1,spsc_unaligned_65536_cross-core_paced_itch,1,queue,46933.6,47786.9,55
1,spsc_unaligned_65536_cross-core_paced_itch,1,queue,47786.9,48640.2,47
1,spsc_unaligned_65536_cross-core_paced_itch,1,queue,48640.2,49493.6,68
1,spsc_unaligned_65536_cross-core_paced_itch,1,queue,49493.6,50346.9,48
1,spsc_unaligned_65536_cross-core_paced_itch,1,queue,50346.9,51200.2,55
1,spsc_unaligned_65536_cross-core_paced_itch,1,queue,51200.2,52053.6,57
1,spsc_unaligned_65536_cross-core_paced_itch,1,queue,52053.6,52906.9,50
1,spsc_unaligned_65536_cross-core_paced_itch,1,queue,52906.9,53760.3,42
1,spsc_unaligned_65536_cross-core_paced_itch,1,queue,53760.3,54613.6,56
1,spsc_unaligned_65536_cross-core_paced_itch,1,queue,54613.6,56320.3,107
1,spsc_unaligned_65536_cross-core_paced_itch,1,queue,56320.3,58026.9,86
1,spsc_unaligned_65536_cross-core_paced_itch,1,queue,58026.9,59733.6,92
1,spsc_unaligned_65536_cross-core_paced_itch,1,queue,59733.6,61440.3,59
1,spsc_unaligned_65536_cross-core_paced_itch,1,queue,61440.3,63147,90
1,spsc_unaligned_65536_cross-core_paced_itch,1,queue,63147,64853.6,86
1,spsc_unaligned_65536_cross-core_paced_itch,1,queue,64853.6,66560.3,88
1,spsc_unaligned_65536_cross-core_paced_itch,1,queue,66560.3,68267,92
1,spsc_unaligned_65536_cross-core_paced_itch,1,queue,68267,69973.7,93
1,spsc_unaligned_65536_cross-core_paced_itch,1,queue,69973.7,71680.3,61
1,spsc_unaligned_65536_cross-core_paced_itch,1,queue,71680.3,73387,60
1,spsc_unaligned_65536_cross-core_paced_itch,1,queue,73387,75093.7,50
1,spsc_unaligned_65536_cross-core_paced_itch,1,queue,75093.7,76800.4,46
1,spsc_unaligned_65536_cross-core_paced_itch,1,queue,76800.4,78507,67
1,spsc_unaligned_65536_cross-core_paced_itch,1,queue,78507,80213.7,71
1,spsc_unaligned_65536_cross-core_paced_itch,1,queue,80213.7,81920.4,56
1,spsc_unaligned_65536_cross-core_paced_itch,1,queue,81920.4,83627.1,61
1,spsc_unaligned_65536_cross-core_paced_itch,1,queue,83627.1,85333.7,69
1,spsc_unaligned_65536_cross-core_paced_itch,1,queue,85333.7,87040.4,56
1,spsc_unaligned_65536_cross-core_paced_itch,1,queue,87040.4,88747.1,34
1,spsc_unaligned_65536_cross-core_paced_itch,1,queue,88747.1,90453.8,30
1,spsc_unaligned_65536_cross-core_paced_itch,1,queue,90453.8,92160.4,28
1,spsc_unaligned_65536_cross-core_paced_itch,1,queue,92160.4,93867.1,22
1,spsc_unaligned_65536_cross-core_paced_itch,1,queue,93867.1,95573.8,22
1,spsc_unaligned_65536_cross-core_paced_itch,1,queue,95573.8,97280.5,23
1,spsc_unaligned_65536_cross-core_paced_itch,1,queue,97280.5,98987.1,25
1,spsc_unaligned_65536_cross-core_paced_itch,1,queue,98987.1,100694,15
1,spsc_unaligned_65536_cross-core_paced_itch,1,queue,100694,102400,19
1,spsc_unaligned_65536_cross-core_paced_itch,1,queue,102400,104107,29
1,spsc_unaligned_65536_cross-core_paced_itch,1,queue,104107,105814,23
1,spsc_unaligned_65536_cross-core_paced_itch,1,queue,105814,107521,33
1,spsc_unaligned_65536_cross-core_paced_itch,1,queue,107521,109227,24
1,spsc_unaligned_65536_cross-core_paced_itch,1,queue,109227,112641,62
1,spsc_unaligned_65536_cross-core_paced_itch,1,queue,112641,116054,53
1,spsc_unaligned_65536_cross-core_paced_itch,1,queue,116054,119467,78
1,spsc_unaligned_65536_cross-core_paced_itch,1,queue,119467,122881,61
1,spsc_unaligned_65536_cross-core_paced_itch,1,queue,122881,126294,60
1,spsc_unaligned_65536_cross-core_paced_itch,1,queue,126294,129707,52
1,spsc_unaligned_65536_cross-core_paced_itch,1,queue,129707,133121,76
1,spsc_unaligned_65536_cross-core_paced_itch,1,queue,133121,136534,35
1,spsc_unaligned_65536_cross-core_paced_itch,1,queue,136534,139947,32
1,spsc_unaligned_65536_cross-core_paced_itch,1,queue,139947,143361,56
1,spsc_unaligned_65536_cross-core_paced_itch,1,queue,143361,146774,65
1,spsc_unaligned_65536_cross-core_paced_itch,1,queue,146774,150187,45
1,spsc_unaligned_65536_cross-core_paced_itch,1,queue,150187,153601,46
1,spsc_unaligned_65536_cross-core_paced_itch,1,queue,153601,157014,42
1,spsc_unaligned_65536_cross-core_paced_itch,1,queue,157014,160427,76
1,spsc_unaligned_65536_cross-core_paced_itch,1,queue,160427,163841,72
1,spsc_unaligned_65536_cross-core_paced_itch,1,queue,163841,167254,68
1,spsc_unaligned_65536_cross-core_paced_itch,1,queue,167254,170667,63
1,spsc_unaligned_65536_cross-core_paced_itch,1,queue,170667,174081,39
1,spsc_unaligned_65536_cross-core_paced_itch,1,queue,174081,177494,37
1,spsc_unaligned_65536_cross-core_paced_itch,1,queue,177494,180908,31
1,spsc_unaligned_65536_cross-core_paced_itch,1,queue,180908,184321,11
1,spsc_unaligned_65536_cross-core_paced_itch,1,queue,184321,187734,12
1,spsc_unaligned_65536_cross-core_paced_itch,1,queue,187734,191148,22
1,spsc_unaligned_65536_cross-core_paced_itch,1,queue,191148,194561,20
1,spsc_unaligned_65536_cross-core_paced_itch,1,queue,194561,197974,32
1,spsc_unaligned_65536_cross-core_paced_itch,1,queue,197974,201388,11
1,spsc_unaligned_65536_cross-core_paced_itch,1,queue,201388,204801,20
1,spsc_unaligned_65536_cross-core_paced_itch,1,queue,204801,208214,29
1,spsc_unaligned_65536_cross-core_paced_itch,1,queue,208214,211628,26
1,spsc_unaligned_65536_cross-core_paced_itch,1,queue,211628,215041,23
1,spsc_unaligned_65536_cross-core_paced_itch,1,queue,215041,218454,21
1,spsc_unaligned_65536_cross-core_paced_itch,1,queue,218454,225281,46
1,spsc_unaligned_65536_cross-core_paced_itch,1,queue,225281,232108,79
1,spsc_unaligned_65536_cross-core_paced_itch,1,queue,232108,238934,145
1,spsc_unaligned_65536_cross-core_paced_itch,1,queue,238934,245761,134
1,spsc_unaligned_65536_cross-core_paced_itch,1,queue,245761,252588,150
1,spsc_unaligned_65536_cross-core_paced_itch,1,queue,252588,259415,227
1,spsc_unaligned_65536_cross-core_paced_itch,1,queue,259415,266241,146
1,spsc_unaligned_65536_cross-core_paced_itch,1,queue,266241,273068,41
1,spsc_unaligned_65536_cross-core_paced_itch,1,queue,273068,279895,24
1,spsc_unaligned_65536_cross-core_paced_itch,1,queue,279895,286721,30
1,spsc_unaligned_65536_cross-core_paced_itch,1,queue,286721,293548,96
1,spsc_unaligned_65536_cross-core_paced_itch,1,queue,293548,300375,49
1,spsc_unaligned_65536_cross-core_paced_itch,1,queue,300375,307201,50
1,spsc_unaligned_65536_cross-core_paced_itch,1,queue,307201,314028,23
1,spsc_unaligned_65536_cross-core_paced_itch,1,queue,314028,320855,28
1,spsc_unaligned_65536_cross-core_paced_itch,1,queue,320855,327682,42
1,spsc_unaligned_65536_cross-core_paced_itch,1,queue,327682,334508,30
1,spsc_unaligned_65536_cross-core_paced_itch,1,queue,334508,341335,30
1,spsc_unaligned_65536_cross-core_paced_itch,1,queue,341335,348162,14
1,spsc_unaligned_65536_cross-core_paced_itch,1,queue,348162,354988,21
1,spsc_unaligned_65536_cross-core_paced_itch,1,queue,354988,361815,23
1,spsc_unaligned_65536_cross-core_paced_itch,1,queue,361815,368642,105
1,spsc_unaligned_65536_cross-core_paced_itch,1,queue,368642,375468,123
1,spsc_unaligned_65536_cross-core_paced_itch,1,queue,375468,382295,93
1,spsc_unaligned_65536_cross-core_paced_itch,1,queue,382295,389122,78
1,spsc_unaligned_65536_cross-core_paced_itch,1,queue,389122,395949,41
1,spsc_unaligned_65536_cross-core_paced_itch,1,queue,395949,402775,53
1,spsc_unaligned_65536_cross-core_paced_itch,1,queue,402775,409602,41
1,spsc_unaligned_65536_cross-core_paced_itch,1,queue,409602,416429,73
1,spsc_unaligned_65536_cross-core_paced_itch,1,queue,416429,423255,65
1,spsc_unaligned_65536_cross-core_paced_itch,1,queue,423255,430082,21
1,spsc_unaligned_65536_cross-core_paced_itch,1,queue,430082,436909,20
1,spsc_unaligned_65536_cross-core_paced_itch,1,queue,436909,450562,125
1,spsc_unaligned_65536_cross-core_paced_itch,1,queue,450562,464216,167
1,spsc_unaligned_65536_cross-core_paced_itch,1,queue,464216,477869,283
1,spsc_unaligned_65536_cross-core_paced_itch,1,queue,477869,491522,197
1,spsc_unaligned_65536_cross-core_paced_itch,1,queue,491522,505176,230
1,spsc_unaligned_65536_cross-core_paced_itch,1,queue,505176,518829,341
1,spsc_unaligned_65536_cross-core_paced_itch,1,queue,518829,532483,195
1,spsc_unaligned_65536_cross-core_paced_itch,1,queue,532483,546136,55
1,spsc_unaligned_65536_cross-core_paced_itch,1,queue,546136,559789,137
1,spsc_unaligned_65536_cross-core_paced_itch,1,queue,559789,573443,145
1,spsc_unaligned_65536_cross-core_paced_itch,1,queue,573443,587096,112
1,spsc_unaligned_65536_cross-core_paced_itch,1,queue,587096,600750,158
1,spsc_unaligned_65536_cross-core_paced_itch,1,queue,600750,614403,252
1,spsc_unaligned_65536_cross-core_paced_itch,1,queue,614403,628056,126
1,spsc_unaligned_65536_cross-core_paced_itch,1,queue,628056,641710,158
1,spsc_unaligned_65536_cross-core_paced_itch,1,queue,641710,655363,112
1,spsc_unaligned_65536_cross-core_paced_itch,1,queue,655363,669016,129
1,spsc_unaligned_65536_cross-core_paced_itch,1,queue,669016,682670,120
1,spsc_unaligned_65536_cross-core_paced_itch,1,queue,682670,696323,116
1,spsc_unaligned_65536_cross-core_paced_itch,1,queue,696323,709977,148
1,spsc_unaligned_65536_cross-core_paced_itch,1,queue,709977,723630,126
1,spsc_unaligned_65536_cross-core_paced_itch,1,queue,723630,737283,71
1,spsc_unaligned_65536_cross-core_paced_itch,1,queue,737283,750937,104
1,spsc_unaligned_65536_cross-core_paced_itch,1,queue,750937,764590,196
1,spsc_unaligned_65536_cross-core_paced_itch,1,queue,764590,778244,307
1,spsc_unaligned_65536_cross-core_paced_itch,1,queue,778244,791897,215
1,spsc_unaligned_65536_cross-core_paced_itch,1,queue,791897,805550,173
1,spsc_unaligned_65536_cross-core_paced_itch,1,queue,805550,819204,75
1,spsc_unaligned_65536_cross-core_paced_itch,1,queue,819204,832857,109
1,spsc_unaligned_65536_cross-core_paced_itch,1,queue,832857,846511,77
1,spsc_unaligned_65536_cross-core_paced_itch,1,queue,846511,860164,119
1,spsc_unaligned_65536_cross-core_paced_itch,1,queue,860164,873817,177
1,spsc_unaligned_65536_cross-core_paced_itch,1,queue,873817,901124,181
1,spsc_unaligned_65536_cross-core_paced_itch,1,queue,901124,928431,247
1,spsc_unaligned_65536_cross-core_paced_itch,1,queue,928431,955738,421
1,spsc_unaligned_65536_cross-core_paced_itch,1,queue,955738,983045,1301
1,spsc_unaligned_65536_cross-core_paced_itch,1,queue,983045,1.01035e+06,680
1,spsc_unaligned_65536_cross-core_paced_itch,1,queue,1.01035e+06,1.03766e+06,517
1,spsc_unaligned_65536_cross-core_paced_itch,1,queue,1.03766e+06,1.06497e+06,250
1,spsc_unaligned_65536_cross-core_paced_itch,1,queue,1.06497e+06,1.09227e+06,122
1,spsc_unaligned_65536_cross-core_paced_itch,1,queue,1.09227e+06,1.11958e+06,113
1,spsc_unaligned_65536_cross-core_paced_itch,1,queue,1.11958e+06,1.14689e+06,94
1,spsc_unaligned_65536_cross-core_paced_itch,1,queue,1.14689e+06,1.17419e+06,96
1,spsc_unaligned_65536_cross-core_paced_itch,1,queue,1.17419e+06,1.2015e+06,66
1,spsc_unaligned_65536_cross-core_paced_itch,1,queue,1.2015e+06,1.22881e+06,257
1,spsc_unaligned_65536_cross-core_paced_itch,1,queue,1.22881e+06,1.25611e+06,465
1,spsc_unaligned_65536_cross-core_paced_itch,1,queue,1.25611e+06,1.28342e+06,266
1,spsc_unaligned_65536_cross-core_paced_itch,1,queue,1.28342e+06,1.31073e+06,21
1,spsc_unaligned_65536_cross-core_paced_itch,1,book,18.3334,18.7501,1
1,spsc_unaligned_65536_cross-core_paced_itch,1,book,19.1668,19.5834,21
1,spsc_unaligned_65536_cross-core_paced_itch,1,book,20.0001,20.4168,364
1,spsc_unaligned_65536_cross-core_paced_itch,1,book,20.8334,21.2501,1005
1,spsc_unaligned_65536_cross-core_paced_itch,1,book,21.6668,22.0834,804
1,spsc_unaligned_65536_cross-core_paced_itch,1,book,22.5001,22.9168,237
1,spsc_unaligned_65536_cross-core_paced_itch,1,book,23.3334,23.7501,72
1,spsc_unaligned_65536_cross-core_paced_itch,1,book,24.1668,24.5834,54
1,spsc_unaligned_65536_cross-core_paced_itch,1,book,25.0001,25.4168,87
1,spsc_unaligned_65536_cross-core_paced_itch,1,book,25.8335,26.2501,405
1,spsc_unaligned_65536_cross-core_paced_itch,1,book,26.6668,27.5001,758
1,spsc_unaligned_65536_cross-core_paced_itch,1,book,27.5001,28.3335,988
1,spsc_unaligned_65536_cross-core_paced_itch,1,book,28.3335,29.1668,1318
1,spsc_unaligned_65536_cross-core_paced_itch,1,book,29.1668,30.0001,1873
1,spsc_unaligned_65536_cross-core_paced_itch,1,book,30.0001,30.8335,1549
1,spsc_unaligned_65536_cross-core_paced_itch,1,book,30.8335,31.6668,997
1,spsc_unaligned_65536_cross-core_paced_itch,1,book,31.6668,32.5002,652
1,spsc_unaligned_65536_cross-core_paced_itch,1,book,32.5002,33.3335,743
1,spsc_unaligned_65536_cross-core_paced_itch,1,book,33.3335,34.1668,885
1,spsc_unaligned_65536_cross-core_paced_itch,1,book,34.1668,35.0002,686
1,spsc_unaligned_65536_cross-core_paced_itch,1,book,35.0002,35.8335,569
1,spsc_unaligned_65536_cross-core_paced_itch,1,book,35.8335,36.6668,427
1,spsc_unaligned_65536_cross-core_paced_itch,1,book,36.6668,37.5002,357
1,spsc_unaligned_65536_cross-core_paced_itch,1,book,37.5002,38.3335,385
1,spsc_unaligned_65536_cross-core_paced_itch,1,book,38.3335,39.1669,362
1,spsc_unaligned_65536_cross-core_paced_itch,1,book,39.1669,40.0002,313
1,spsc_unaligned_65536_cross-core_paced_itch,1,book,40.0002,40.8335,417
1,spsc_unaligned_65536_cross-core_paced_itch,1,book,40.8335,41.6669,470
1,spsc_unaligned_65536_cross-core_paced_itch,1,book,41.6669,42.5002,458
1,spsc_unaligned_65536_cross-core_paced_itch,1,book,42.5002,43.3335,570
1,spsc_unaligned_65536_cross-core_paced_itch,1,book,43.3335,44.1669,537
1,spsc_unaligned_65536_cross-core_paced_itch,1,book,44.1669,45.0002,532
1,spsc_unaligned_65536_cross-core_paced_itch,1,book,45.0002,45.8335,516
1,spsc_unaligned_65536_cross-core_paced_itch,1,book,45.8335,46.6669,495
1,spsc_unaligned_65536_cross-core_paced_itch,1,book,46.6669,47.5002,649
1,spsc_unaligned_65536_cross-core_paced_itch,1,book,47.5002,48.3336,649
1,spsc_unaligned_65536_cross-core_paced_itch,1,book,48.3336,49.1669,655
1,spsc_unaligned_65536_cross-core_paced_itch,1,book,49.1669,50.0002,668
1,spsc_unaligned_65536_cross-core_paced_itch,1,book,50.0002,50.8336,679
1,spsc_unaligned_65536_cross-core_paced_itch,1,book,50.8336,51.6669,761
1,spsc_unaligned_65536_cross-core_paced_itch,1,book,51.6669,52.5002,809
1,spsc_unaligned_65536_cross-core_paced_itch,1,book,52.5002,53.3336,790
1,spsc_unaligned_65536_cross-core_paced_itch,1,book,53.3336,55.0003,1486
1,spsc_unaligned_65536_cross-core_paced_itch,1,book,55.0003,56.6669,1598
1,spsc_unaligned_65536_cross-core_paced_itch,1,book,56.6669,58.3336,1595
1,spsc_unaligned_65536_cross-core_paced_itch,1,book,58.3336,60.0003,1574
1,spsc_unaligned_65536_cross-core_paced_itch,1,book,60.0003,61.667,1655
1,spsc_unaligned_65536_cross-core_paced_itch,1,book,61.667,63.3336,1646
1,spsc_unaligned_65536_cross-core_paced_itch,1,book,63.3336,65.0003,1456
1,spsc_unaligned_65536_cross-core_paced_itch,1,book,65.0003,66.667,1425
1,spsc_unaligned_65536_cross-core_paced_itch,1,book,66.667,68.3337,1435
1,spsc_unaligned_65536_cross-core_paced_itch,1,book,68.3337,70.0003,1444
1,spsc_unaligned_65536_cross-core_paced_itch,1,book,70.0003,71.667,1339
1,spsc_unaligned_65536_cross-core_paced_itch,1,book,71.667,73.3337,1233
1,spsc_unaligned_65536_cross-core_paced_itch,1,book,73.3337,75.0004,1169
1,spsc_unaligned_65536_cross-core_paced_itch,1,book,75.0004,76.667,1103
1,spsc_unaligned_65536_cross-core_paced_itch,1,book,76.667,78.3337,962
1,spsc_unaligned_65536_cross-core_paced_itch,1,book,78.3337,80.0004,907
1,spsc_unaligned_65536_cross-core_paced_itch,1,book,80.0004,81.6671,881
1,spsc_unaligned_65536_cross-core_paced_itch,1,book,81.6671,83.3337,799
1,spsc_unaligned_65536_cross-core_paced_itch,1,book,83.3337,85.0004,730
1,spsc_unaligned_65536_cross-core_paced_itch,1,book,85.0004,86.6671,669
1,spsc_unaligned_65536_cross-core_paced_itch,1,book,86.6671,88.3337,636
1,spsc_unaligned_65536_cross-core_paced_itch,1,book,88.3337,90.0004,578
1,spsc_unaligned_65536_cross-core_paced_itch,1,book,90.0004,91.6671,518
1,spsc_unaligned_65536_cross-core_paced_itch,1,book,91.6671,93.3338,513
1,spsc_unaligned_65536_cross-core_paced_itch,1,book,93.3338,95.0004,507
1,spsc_unaligned_65536_cross-core_paced_itch,1,book,95.0004,96.6671,456
1,spsc_unaligned_65536_cross-core_paced_itch,1,book,96.6671,98.3338,443
1,spsc_unaligned_65536_cross-core_paced_itch,1,book,98.3338,100,449
1,spsc_unaligned_65536_cross-core_paced_itch,1,book,100,101.667,434
1,spsc_unaligned_65536_cross-core_paced_itch,1,book,101.667,103.334,423
1,spsc_unaligned_65536_cross-core_paced_itch,1,book,103.334,105,432
1,spsc_unaligned_65536_cross-core_paced_itch,1,book,105,106.667,404
1,spsc_unaligned_65536_cross-core_paced_itch,1,book,106.667,110.001,881
1,spsc_unaligned_65536_cross-core_paced_itch,1,book,110.001,113.334,848
1,spsc_unaligned_65536_cross-core_paced_itch,1,book,113.334,116.667,839
1,spsc_unaligned_65536_cross-core_paced_itch,1,book,116.667,120.001,710
1,spsc_unaligned_65536_cross-core_paced_itch,1,book,120.001,123.334,647
1,spsc_unaligned_65536_cross-core_paced_itch,1,book,123.334,126.667,904
1,spsc_unaligned_65536_cross-core_paced_itch,1,book,126.667,130.001,2181
1,spsc_unaligned_65536_cross-core_paced_itch,1,book,130.001,133.334,3813
1,spsc_unaligned_65536_cross-core_paced_itch,1,book,133.334,136.667,4483
1,spsc_unaligned_65536_cross-core_paced_itch,1,book,136.667,140.001,4562
1,spsc_unaligned_65536_cross-core_paced_itch,1,book,140.001,143.334,7438
1,spsc_unaligned_65536_cross-core_paced_itch,1,book,143.334,146.667,9257
1,spsc_unaligned_65536_cross-core_paced_itch,1,book,146.667,150.001,8989
1,spsc_unaligned_65536_cross-core_paced_itch,1,book,150.001,153.334,8104
1,spsc_unaligned_65536_cross-core_paced_itch,1,book,153.334,156.667,8584
1,spsc_unaligned_65536_cross-core_paced_itch,1,book,156.667,160.001,7964
1,spsc_unaligned_65536_cross-core_paced_itch,1,book,160.001,163.334,6978
1,spsc_unaligned_65536_cross-core_paced_itch,1,book,163.334,166.667,5846
1,spsc_unaligned_65536_cross-core_paced_itch,1,book,166.667,170.001,5154
1,spsc_unaligned_65536_cross-core_paced_itch,1,book,170.001,173.334,4347
1,spsc_unaligned_65536_cross-core_paced_itch,1,book,173.334,176.667,3909
1,spsc_unaligned_65536_cross-core_paced_itch,1,book,176.667,180.001,3644
1,spsc_unaligned_65536_cross-core_paced_itch,1,book,180.001,183.334,3577
1,spsc_unaligned_65536_cross-core_paced_itch,1,book,183.334,186.668,3253
1,spsc_unaligned_65536_cross-core_paced_itch,1,book,186.668,190.001,3176
1,spsc_unaligned_65536_cross-core_paced_itch,1,book,190.001,193.334,2897
1,spsc_unaligned_65536_cross-core_paced_itch,1,book,193.334,196.668,2777
1,spsc_unaligned_65536_cross-core_paced_itch,1,book,196.668,200.001,2408
1,spsc_unaligned_65536_cross-core_paced_itch,1,book,200.001,203.334,2333
1,spsc_unaligned_65536_cross-core_paced_itch,1,book,203.334,206.668,2157
1,spsc_unaligned_65536_cross-core_paced_itch,1,book,206.668,210.001,2113
1,spsc_unaligned_65536_cross-core_paced_itch,1,book,210.001,213.334,1920
1,spsc_unaligned_65536_cross-core_paced_itch,1,book,213.334,220.001,3595
1,spsc_unaligned_65536_cross-core_paced_itch,1,book,220.001,226.668,3146
1,spsc_unaligned_65536_cross-core_paced_itch,1,book,226.668,233.334,2776
1,spsc_unaligned_65536_cross-core_paced_itch,1,book,233.334,240.001,2551
1,spsc_unaligned_65536_cross-core_paced_itch,1,book,240.001,246.668,2208
1,spsc_unaligned_65536_cross-core_paced_itch,1,book,246.668,253.335,2033
1,spsc_unaligned_65536_cross-core_paced_itch,1,book,253.335,260.001,1901
1,spsc_unaligned_65536_cross-core_paced_itch,1,book,260.001,266.668,1828
1,spsc_unaligned_65536_cross-core_paced_itch,1,book,266.668,273.335,1765
1,spsc_unaligned_65536_cross-core_paced_itch,1,book,273.335,280.001,1759
1,spsc_unaligned_65536_cross-core_paced_itch,1,book,280.001,286.668,1897
1,spsc_unaligned_65536_cross-core_paced_itch,1,book,286.668,293.335,1872
1,spsc_unaligned_65536_cross-core_paced_itch,1,book,293.335,300.001,1973
1,spsc_unaligned_65536_cross-core_paced_itch,1,book,300.001,306.668,2029
1,spsc_unaligned_65536_cross-core_paced_itch,1,book,306.668,313.335,1920
1,spsc_unaligned_65536_cross-core_paced_itch,1,book,313.335,320.002,1905
1,spsc_unaligned_65536_cross-core_paced_itch,1,book,320.002,326.668,1821
1,spsc_unaligned_65536_cross-core_paced_itch,1,book,326.668,333.335,1767
1,spsc_unaligned_65536_cross-core_paced_itch,1,book,333.335,340.002,1696
1,spsc_unaligned_65536_cross-core_paced_itch,1,book,340.002,346.668,1643
1,spsc_unaligned_65536_cross-core_paced_itch,1,book,346.668,353.335,1613
1,spsc_unaligned_65536_cross-core_paced_itch,1,book,353.335,360.002,1406
1,spsc_unaligned_65536_cross-core_paced_itch,1,book,360.002,366.668,1355
1,spsc_unaligned_65536_cross-core_paced_itch,1,book,366.668,373.335,1302
1,spsc_unaligned_65536_cross-core_paced_itch,1,book,373.335,380.002,1262
1,spsc_unaligned_65536_cross-core_paced_itch,1,book,380.002,386.668,1200
1,spsc_unaligned_65536_cross-core_paced_itch,1,book,386.668,393.335,1218
1,spsc_unaligned_65536_cross-core_paced_itch,1,book,393.335,400.002,1165
1,spsc_unaligned_65536_cross-core_paced_itch,1,book,400.002,406.669,1159
1,spsc_unaligned_65536_cross-core_paced_itch,1,book,406.669,413.335,1138
1,spsc_unaligned_65536_cross-core_paced_itch,1,book,413.335,420.002,1128
1,spsc_unaligned_65536_cross-core_paced_itch,1,book,420.002,426.669,1134
1,spsc_unaligned_65536_cross-core_paced_itch,1,book,426.669,440.002,2205
1,spsc_unaligned_65536_cross-core_paced_itch,1,book,440.002,453.335,1814
1,spsc_unaligned_65536_cross-core_paced_itch,1,book,453.335,466.669,1599
1,spsc_unaligned_65536_cross-core_paced_itch,1,book,466.669,480.002,1403
1,spsc_unaligned_65536_cross-core_paced_itch,1,book,480.002,493.336,1170
1,spsc_unaligned_65536_cross-core_paced_itch,1,book,493.336,506.669,1034
1,spsc_unaligned_65536_cross-core_paced_itch,1,book,506.669,520.002,947
1,spsc_unaligned_65536_cross-core_paced_itch,1,book,520.002,533.336,836
1,spsc_unaligned_65536_cross-core_paced_itch,1,book,533.336,546.669,829
1,spsc_unaligned_65536_cross-core_paced_itch,1,book,546.669,560.003,795
1,spsc_unaligned_65536_cross-core_paced_itch,1,book,560.003,573.336,753
1,spsc_unaligned_65536_cross-core_paced_itch,1,book,573.336,586.669,681
1,spsc_unaligned_65536_cross-core_paced_itch,1,book,586.669,600.003,601
1,spsc_unaligned_65536_cross-core_paced_itch,1,book,600.003,613.336,559
1,spsc_unaligned_65536_cross-core_paced_itch,1,book,613.336,626.67,498
1,spsc_unaligned_65536_cross-core_paced_itch,1,book,626.67,640.003,467
1,spsc_unaligned_65536_cross-core_paced_itch,1,book,640.003,653.336,413
1,spsc_unaligned_65536_cross-core_paced_itch,1,book,653.336,666.67,380
1,spsc_unaligned_65536_cross-core_paced_itch,1,book,666.67,680.003,344
1,spsc_unaligned_65536_cross-core_paced_itch,1,book,680.003,693.337,328
1,spsc_unaligned_65536_cross-core_paced_itch,1,book,693.337,706.67,272
1,spsc_unaligned_65536_cross-core_paced_itch,1,book,706.67,720.003,264
1,spsc_unaligned_65536_cross-core_paced_itch,1,book,720.003,733.337,223
1,spsc_unaligned_65536_cross-core_paced_itch,1,book,733.337,746.67,198
1,spsc_unaligned_65536_cross-core_paced_itch,1,book,746.67,760.004,156
1,spsc_unaligned_65536_cross-core_paced_itch,1,book,760.004,773.337,150
1,spsc_unaligned_65536_cross-core_paced_itch,1,book,773.337,786.67,148
1,spsc_unaligned_65536_cross-core_paced_itch,1,book,786.67,800.004,124
1,spsc_unaligned_65536_cross-core_paced_itch,1,book,800.004,813.337,110
1,spsc_unaligned_65536_cross-core_paced_itch,1,book,813.337,826.671,97
1,spsc_unaligned_65536_cross-core_paced_itch,1,book,826.671,840.004,103
1,spsc_unaligned_65536_cross-core_paced_itch,1,book,840.004,853.337,66
1,spsc_unaligned_65536_cross-core_paced_itch,1,book,853.337,880.004,160
1,spsc_unaligned_65536_cross-core_paced_itch,1,book,880.004,906.671,112
1,spsc_unaligned_65536_cross-core_paced_itch,1,book,906.671,933.338,92
1,spsc_unaligned_65536_cross-core_paced_itch,1,book,933.338,960.005,87
1,spsc_unaligned_65536_cross-core_paced_itch,1,book,960.005,986.671,57
1,spsc_unaligned_65536_cross-core_paced_itch,1,book,986.671,1013.34,44
1,spsc_unaligned_65536_cross-core_paced_itch,1,book,1013.34,1040,43
1,spsc_unaligned_65536_cross-core_paced_itch,1,book,1040,1066.67,40
1,spsc_unaligned_65536_cross-core_paced_itch,1,book,1066.67,1093.34,19
1,spsc_unaligned_65536_cross-core_paced_itch,1,book,1093.34,1120.01,30
1,spsc_unaligned_65536_cross-core_paced_itch,1,book,1120.01,1146.67,36
1,spsc_unaligned_65536_cross-core_paced_itch,1,book,1146.67,1173.34,16
1,spsc_unaligned_65536_cross-core_paced_itch,1,book,1173.34,1200.01,21
1,spsc_unaligned_65536_cross-core_paced_itch,1,book,1200.01,1226.67,5
1,spsc_unaligned_65536_cross-core_paced_itch,1,book,1226.67,1253.34,19
1,spsc_unaligned_65536_cross-core_paced_itch,1,book,1253.34,1280.01,8
1,spsc_unaligned_65536_cross-core_paced_itch,1,book,1280.01,1306.67,7
1,spsc_unaligned_65536_cross-core_paced_itch,1,book,1306.67,1333.34,5
1,spsc_unaligned_65536_cross-core_paced_itch,1,book,1333.34,1360.01,3
1,spsc_unaligned_65536_cross-core_paced_itch,1,book,1360.01,1386.67,6
1,spsc_unaligned_65536_cross-core_paced_itch,1,book,1386.67,1413.34,4
1,spsc_unaligned_65536_cross-core_paced_itch,1,book,1413.34,1440.01,2
1,spsc_unaligned_65536_cross-core_paced_itch,1,book,1440.01,1466.67,4
1,spsc_unaligned_65536_cross-core_paced_itch,1,book,1466.67,1493.34,7
1,spsc_unaligned_65536_cross-core_paced_itch,1,book,1493.34,1520.01,2
1,spsc_unaligned_65536_cross-core_paced_itch,1,book,1520.01,1546.67,7
1,spsc_unaligned_65536_cross-core_paced_itch,1,book,1546.67,1573.34,1
1,spsc_unaligned_65536_cross-core_paced_itch,1,book,1573.34,1600.01,4
1,spsc_unaligned_65536_cross-core_paced_itch,1,book,1600.01,1626.67,3
1,spsc_unaligned_65536_cross-core_paced_itch,1,book,1626.67,1653.34,4
1,spsc_unaligned_65536_cross-core_paced_itch,1,book,1680.01,1706.67,1
1,spsc_unaligned_65536_cross-core_paced_itch,1,book,1706.67,1760.01,2
1,spsc_unaligned_65536_cross-core_paced_itch,1,book,1760.01,1813.34,1
1,spsc_unaligned_65536_cross-core_paced_itch,1,book,1813.34,1866.68,2
1,spsc_unaligned_65536_cross-core_paced_itch,1,book,1866.68,1920.01,1
1,spsc_unaligned_65536_cross-core_paced_itch,1,book,1920.01,1973.34,2
1,spsc_unaligned_65536_cross-core_paced_itch,1,book,1973.34,2026.68,5
1,spsc_unaligned_65536_cross-core_paced_itch,1,book,2026.68,2080.01,3
1,spsc_unaligned_65536_cross-core_paced_itch,1,book,2080.01,2133.34,3
1,spsc_unaligned_65536_cross-core_paced_itch,1,book,2133.34,2186.68,3
1,spsc_unaligned_65536_cross-core_paced_itch,1,book,2186.68,2240.01,6
1,spsc_unaligned_65536_cross-core_paced_itch,1,book,2240.01,2293.34,8
1,spsc_unaligned_65536_cross-core_paced_itch,1,book,2293.34,2346.68,7
1,spsc_unaligned_65536_cross-core_paced_itch,1,book,2346.68,2400.01,12
1,spsc_unaligned_65536_cross-core_paced_itch,1,book,2400.01,2453.34,11
1,spsc_unaligned_65536_cross-core_paced_itch,1,book,2453.34,2506.68,14
1,spsc_unaligned_65536_cross-core_paced_itch,1,book,2506.68,2560.01,9
1,spsc_unaligned_65536_cross-core_paced_itch,1,book,2560.01,2613.35,8
1,spsc_unaligned_65536_cross-core_paced_itch,1,book,2613.35,2666.68,5
1,spsc_unaligned_65536_cross-core_paced_itch,1,book,2666.68,2720.01,8
1,spsc_unaligned_65536_cross-core_paced_itch,1,book,2720.01,2773.35,9
1,spsc_unaligned_65536_cross-core_paced_itch,1,book,2773.35,2826.68,9
1,spsc_unaligned_65536_cross-core_paced_itch,1,book,2826.68,2880.01,5
1,spsc_unaligned_65536_cross-core_paced_itch,1,book,2880.01,2933.35,5
1,spsc_unaligned_65536_cross-core_paced_itch,1,book,2933.35,2986.68,3
1,spsc_unaligned_65536_cross-core_paced_itch,1,book,2986.68,3040.01,5
1,spsc_unaligned_65536_cross-core_paced_itch,1,book,3040.01,3093.35,5
1,spsc_unaligned_65536_cross-core_paced_itch,1,book,3093.35,3146.68,5
1,spsc_unaligned_65536_cross-core_paced_itch,1,book,3146.68,3200.02,1
1,spsc_unaligned_65536_cross-core_paced_itch,1,book,3200.02,3253.35,2
1,spsc_unaligned_65536_cross-core_paced_itch,1,book,3253.35,3306.68,3
1,spsc_unaligned_65536_cross-core_paced_itch,1,book,3306.68,3360.02,5
1,spsc_unaligned_65536_cross-core_paced_itch,1,book,3360.02,3413.35,3
1,spsc_unaligned_65536_cross-core_paced_itch,1,book,3413.35,3520.02,2
1,spsc_unaligned_65536_cross-core_paced_itch,1,book,3520.02,3626.68,2
1,spsc_unaligned_65536_cross-core_paced_itch,1,book,3626.68,3733.35,4
1,spsc_unaligned_65536_cross-core_paced_itch,1,book,3733.35,3840.02,1
1,spsc_unaligned_65536_cross-core_paced_itch,1,book,3840.02,3946.69,1
1,spsc_unaligned_65536_cross-core_paced_itch,1,book,3946.69,4053.35,2
1,spsc_unaligned_65536_cross-core_paced_itch,1,book,4053.35,4160.02,1
1,spsc_unaligned_65536_cross-core_paced_itch,1,book,4160.02,4266.69,1
1,spsc_unaligned_65536_cross-core_paced_itch,1,book,4373.35,4480.02,1
1,spsc_unaligned_65536_cross-core_paced_itch,1,book,4480.02,4586.69,2
1,spsc_unaligned_65536_cross-core_paced_itch,1,book,4586.69,4693.36,1
1,spsc_unaligned_65536_cross-core_paced_itch,1,book,4800.02,4906.69,1
1,spsc_unaligned_65536_cross-core_paced_itch,1,book,4906.69,5013.36,2
1,spsc_unaligned_65536_cross-core_paced_itch,1,book,5013.36,5120.02,2
1,spsc_unaligned_65536_cross-core_paced_itch,1,book,5120.02,5226.69,1
1,spsc_unaligned_65536_cross-core_paced_itch,1,book,5226.69,5333.36,1
1,spsc_unaligned_65536_cross-core_paced_itch,1,book,5333.36,5440.03,4
1,spsc_unaligned_65536_cross-core_paced_itch,1,book,5440.03,5546.69,4
1,spsc_unaligned_65536_cross-core_paced_itch,1,book,5546.69,5653.36,4
1,spsc_unaligned_65536_cross-core_paced_itch,1,book,5653.36,5760.03,2
1,spsc_unaligned_65536_cross-core_paced_itch,1,book,5760.03,5866.69,2
1,spsc_unaligned_65536_cross-core_paced_itch,1,book,5866.69,5973.36,1
1,spsc_unaligned_65536_cross-core_paced_itch,1,book,5973.36,6080.03,2
1,spsc_unaligned_65536_cross-core_paced_itch,1,book,6080.03,6186.7,2
1,spsc_unaligned_65536_cross-core_paced_itch,1,book,6186.7,6293.36,1
1,spsc_unaligned_65536_cross-core_paced_itch,1,book,6293.36,6400.03,2
1,spsc_unaligned_65536_cross-core_paced_itch,1,book,6400.03,6506.7,4
1,spsc_unaligned_65536_cross-core_paced_itch,1,book,6613.36,6720.03,2
1,spsc_unaligned_65536_cross-core_paced_itch,1,book,6720.03,6826.7,2
1,spsc_unaligned_65536_cross-core_paced_itch,1,book,6826.7,7040.03,2
1,spsc_unaligned_65536_cross-core_paced_itch,1,book,7040.03,7253.37,2
1,spsc_unaligned_65536_cross-core_paced_itch,1,book,7253.37,7466.7,4
1,spsc_unaligned_65536_cross-core_paced_itch,1,book,7680.04,7893.37,2
1,spsc_unaligned_65536_cross-core_paced_itch,1,book,7893.37,8106.7,3
1,spsc_unaligned_65536_cross-core_paced_itch,1,book,8106.7,8320.04,7
1,spsc_unaligned_65536_cross-core_paced_itch,1,book,8320.04,8533.37,6
1,spsc_unaligned_65536_cross-core_paced_itch,1,book,8533.37,8746.71,14
1,spsc_unaligned_65536_cross-core_paced_itch,1,book,8746.71,8960.04,6
1,spsc_unaligned_65536_cross-core_paced_itch,1,book,8960.04,9173.38,6
1,spsc_unaligned_65536_cross-core_paced_itch,1,book,9173.38,9386.71,5
1,spsc_unaligned_65536_cross-core_paced_itch,1,book,9386.71,9600.05,6
1,spsc_unaligned_65536_cross-core_paced_itch,1,book,9600.05,9813.38,5
1,spsc_unaligned_65536_cross-core_paced_itch,1,book,10026.7,10240,4
1,spsc_unaligned_65536_cross-core_paced_itch,1,book,10240,10453.4,2
1,spsc_unaligned_65536_cross-core_paced_itch,1,book,10453.4,10666.7,3
1,spsc_unaligned_65536_cross-core_paced_itch,1,book,10666.7,10880.1,4
1,spsc_unaligned_65536_cross-core_paced_itch,1,book,10880.1,11093.4,1
1,spsc_unaligned_65536_cross-core_paced_itch,1,book,11093.4,11306.7,1
1,spsc_unaligned_65536_cross-core_paced_itch,1,book,11306.7,11520.1,1
1,spsc_unaligned_65536_cross-core_paced_itch,1,book,11520.1,11733.4,1
1,spsc_unaligned_65536_cross-core_paced_itch,1,book,11946.7,12160.1,1
1,spsc_unaligned_65536_cross-core_paced_itch,1,book,12160.1,12373.4,2
1,spsc_unaligned_65536_cross-core_paced_itch,1,book,14933.4,15360.1,1
2,spsc_unaligned_65536_cross-core_paced_itch,0,total,266.668,273.335,1
2,spsc_unaligned_65536_cross-core_paced_itch,0,total,273.335,280.001,2
2,spsc_unaligned_65536_cross-core_paced_itch,0,total,286.668,293.335,2
2,spsc_unaligned_65536_cross-core_paced_itch,0,total,293.335,300.001,1
2,spsc_unaligned_65536_cross-core_paced_itch,0,total,300.001,306.668,2
2,spsc_unaligned_65536_cross-core_paced_itch,0,total,313.335,320.002,1
2,spsc_unaligned_65536_cross-core_paced_itch,0,total,320.002,326.668,2
2,spsc_unaligned_65536_cross-core_paced_itch,0,total,326.668,333.335,4
2,spsc_unaligned_65536_cross-core_paced_itch,0,total,333.335,340.002,7
2,spsc_unaligned_65536_cross-core_paced_itch,0,total,340.002,346.668,7
2,spsc_unaligned_65536_cross-core_paced_itch,0,total,346.668,353.335,12
2,spsc_unaligned_65536_cross-core_paced_itch,0,total,353.335,360.002,31
2,spsc_unaligned_65536_cross-core_paced_itch,0,total,360.002,366.668,57
2,spsc_unaligned_65536_cross-core_paced_itch,0,total,366.668,373.335,96
2,spsc_unaligned_65536_cross-core_paced_itch,0,total,373.335,380.002,167
2,spsc_unaligned_65536_cross-core_paced_itch,0,total,380.002,386.668,277
2,spsc_unaligned_65536_cross-core_paced_itch,0,total,386.668,393.335,453
2,spsc_unaligned_65536_cross-core_paced_itch,0,total,393.335,400.002,649
2,spsc_unaligned_65536_cross-core_paced_itch,0,total,400.002,406.669,890
2,spsc_unaligned_65536_cross-core_paced_itch,0,total,406.669,413.335,1131
2,spsc_unaligned_65536_cross-core_paced_itch,0,total,413.335,420.002,1322
2,spsc_unaligned_65536_cross-core_paced_itch,0,total,420.002,426.669,1626
2,spsc_unaligned_65536_cross-core_paced_itch,0,total,426.669,440.002,3604
2,spsc_unaligned_65536_cross-core_paced_itch,0,total,440.002,453.335,3734
2,spsc_unaligned_65536_cross-core_paced_itch,0,total,453.335,466.669,3573
2,spsc_unaligned_65536_cross-core_paced_itch,0,total,466.669,480.002,3206
2,spsc_unaligned_65536_cross-core_paced_itch,0,total,480.002,493.336,3379
2,spsc_unaligned_65536_cross-core_paced_itch,0,total,493.336,506.669,4464
2,spsc_unaligned_65536_cross-core_paced_itch,0,total,506.669,520.002,5845
2,spsc_unaligned_65536_cross-core_paced_itch,0,total,520.002,533.336,7182
2,spsc_unaligned_65536_cross-core_paced_itch,0,total,533.336,546.669,7660
2,spsc_unaligned_65536_cross-core_paced_itch,0,total,546.669,560.003,7754
2,spsc_unaligned_65536_cross-core_paced_itch,0,total,560.003,573.336,7084
2,spsc_unaligned_65536_cross-core_paced_itch,0,total,573.336,586.669,6316
2,spsc_unaligned_65536_cross-core_paced_itch,0,total,586.669,600.003,5449
2,spsc_unaligned_65536_cross-core_paced_itch,0,total,600.003,613.336,4674
2,spsc_unaligned_65536_cross-core_paced_itch,0,total,613.336,626.67,3990
2,spsc_unaligned_65536_cross-core_paced_itch,0,total,626.67,640.003,3812
2,spsc_unaligned_65536_cross-core_paced_itch,0,total,640.003,653.336,3680
2,spsc_unaligned_65536_cross-core_paced_itch,0,total,653.336,666.67,3741
2,spsc_unaligned_65536_cross-core_paced_itch,0,total,666.67,680.003,3917
2,spsc_unaligned_65536_cross-core_paced_itch,0,total,680.003,693.337,4096
2,spsc_unaligned_65536_cross-core_paced_itch,0,total,693.337,706.67,3866
2,spsc_unaligned_65536_cross-core_paced_itch,0,total,706.67,720.003,3605
2,spsc_unaligned_65536_cross-core_paced_itch,0,total,720.003,733.337,3343
2,spsc_unaligned_65536_cross-core_paced_itch,0,total,733.337,746.67,2988
2,spsc_unaligned_65536_cross-core_paced_itch,0,total,746.67,760.004,2809
2,spsc_unaligned_65536_cross-core_paced_itch,0,total,760.004,773.337,2683
2,spsc_unaligned_65536_cross-core_paced_itch,0,total,773.337,786.67,2600
2,spsc_unaligned_65536_cross-core_paced_itch,0,total,786.67,800.004,2505
2,spsc_unaligned_65536_cross-core_paced_itch,0,total,800.004,813.337,2429
2,spsc_unaligned_65536_cross-core_paced_itch,0,total,813.337,826.671,2389
2,spsc_unaligned_65536_cross-core_paced_itch,0,total,826.671,840.004,2177
2,spsc_unaligned_65536_cross-core_paced_itch,0,total,840.004,853.337,2025
2,spsc_unaligned_65536_cross-core_paced_itch,0,total,853.337,880.004,3712
2,spsc_unaligned_65536_cross-core_paced_itch,0,total,880.004,906.671,3387
2,spsc_unaligned_65536_cross-core_paced_itch,0,total,906.671,933.338,2964
2,spsc_unaligned_65536_cross-core_paced_itch,0,total,933.338,960.005,2719
2,spsc_unaligned_65536_cross-core_paced_itch,0,total,960.005,986.671,2453
2,spsc_unaligned_65536_cross-core_paced_itch,0,total,986.671,1013.34,2267
2,spsc_unaligned_65536_cross-core_paced_itch,0,total,1013.34,1040,1921
2,spsc_unaligned_65536_cross-core_paced_itch,0,total,1040,1066.67,1811
2,spsc_unaligned_65536_cross-core_paced_itch,0,total,1066.67,1093.34,1584
2,spsc_unaligned_65536_cross-core_paced_itch,0,total,1093.34,1120.01,1505
2,spsc_unaligned_65536_cross-core_paced_itch,0,total,1120.01,1146.67,1344
2,spsc_unaligned_65536_cross-core_paced_itch,0,total,1146.67,1173.34,1248
2,spsc_unaligned_65536_cross-core_paced_itch,0,total,1173.34,1200.01,1157
2,spsc_unaligned_65536_cross-core_paced_itch,0,total,1200.01,1226.67,1030
2,spsc_unaligned_65536_cross-core_paced_itch,0,total,1226.67,1253.34,998
2,spsc_unaligned_65536_cross-core_paced_itch,0,total,1253.34,1280.01,956
2,spsc_unaligned_65536_cross-core_paced_itch,0,total,1280.01,1306.67,803
2,spsc_unaligned_65536_cross-core_paced_itch,0,total,1306.67,1333.34,855
2,spsc_unaligned_65536_cross-core_paced_itch,0,total,1333.34,1360.01,791
2,spsc_unaligned_65536_cross-core_paced_itch,0,total,1360.01,1386.67,720
2,spsc_unaligned_65536_cross-core_paced_itch,0,total,1386.67,1413.34,735
2,spsc_unaligned_65536_cross-core_paced_itch,0,total,1413.34,1440.01,634
2,spsc_unaligned_65536_cross-core_paced_itch,0,total,1440.01,1466.67,679
2,spsc_unaligned_65536_cross-core_paced_itch,0,total,1466.67,1493.34,686
2,spsc_unaligned_65536_cross-core_paced_itch,0,total,1493.34,1520.01,625
2,spsc_unaligned_65536_cross-core_paced_itch,0,total,1520.01,1546.67,592
2,spsc_unaligned_65536_cross-core_paced_itch,0,total,1546.67,1573.34,558
2,spsc_unaligned_65536_cross-core_paced_itch,0,total,1573.34,1600.01,604
2,spsc_unaligned_65536_cross-core_paced_itch,0,total,1600.01,1626.67,602
2,spsc_unaligned_65536_cross-core_paced_itch,0,total,1626.67,1653.34,556
2,spsc_unaligned_65536_cross-core_paced_itch,0,total,1653.34,1680.01,538
2,spsc_unaligned_65536_cross-core_paced_itch,0,total,1680.01,1706.67,526
2,spsc_unaligned_65536_cross-core_paced_itch,0,total,1706.67,1760.01,1030
2,spsc_unaligned_65536_cross-core_paced_itch,0,total,1760.01,1813.34,989
2,spsc_unaligned_65536_cross-core_paced_itch,0,total,1813.34,1866.68,957
2,spsc_unaligned_65536_cross-core_paced_itch,0,total,1866.68,1920.01,958
2,spsc_unaligned_65536_cross-core_paced_itch,0,total,1920.01,1973.34,865
2,spsc_unaligned_65536_cross-core_paced_itch,0,total,1973.34,2026.68,866
2,spsc_unaligned_65536_cross-core_paced_itch,0,total,2026.68,2080.01,879
2,spsc_unaligned_65536_cross-core_paced_itch,0,total,2080.01,2133.34,808
2,spsc_unaligned_65536_cross-core_paced_itch,0,total,2133.34,2186.68,847
2,spsc_unaligned_65536_cross-core_paced_itch,0,total,2186.68,2240.01,851
2,spsc_unaligned_65536_cross-core_paced_itch,0,total,2240.01,2293.34,765
2,spsc_unaligned_65536_cross-core_paced_itch,0,total,2293.34,2346.68,791
2,spsc_unaligned_65536_cross-core_paced_itch,0,total,2346.68,2400.01,719
2,spsc_unaligned_65536_cross-core_paced_itch,0,total,2400.01,2453.34,736
2,spsc_unaligned_65536_cross-core_paced_itch,0,total,2453.34,2506.68,704
2,spsc_unaligned_65536_cross-core_paced_itch,0,total,2506.68,2560.01,710
2,spsc_unaligned_65536_cross-core_paced_itch,0,total,2560.01,2613.35,665
2,spsc_unaligned_65536_cross-core_paced_itch,0,total,2613.35,2666.68,737
2,spsc_unaligned_65536_cross-core_paced_itch,0,total,2666.68,2720.01,656
2,spsc_unaligned_65536_cross-core_paced_itch,0,total,2720.01,2773.35,639
2,spsc_unaligned_65536_cross-core_paced_itch,0,total,2773.35,2826.68,638
2,spsc_unaligned_65536_cross-core_paced_itch,0,total,2826.68,2880.01,618
2,spsc_unaligned_65536_cross-core_paced_itch,0,total,2880.01,2933.35,707
2,spsc_unaligned_65536_cross-core_paced_itch,0,total,2933.35,2986.68,606
2,spsc_unaligned_65536_cross-core_paced_itch,0,total,2986.68,3040.01,611
2,spsc_unaligned_65536_cross-core_paced_itch,0,total,3040.01,3093.35,603
2,spsc_unaligned_65536_cross-core_paced_itch,0,total,3093.35,3146.68,631
2,spsc_unaligned_65536_cross-core_paced_itch,0,total,3146.68,3200.02,588
2,spsc_unaligned_65536_cross-core_paced_itch,0,total,3200.02,3253.35,630
2,spsc_unaligned_65536_cross-core_paced_itch,0,total,3253.35,3306.68,609
2,spsc_unaligned_65536_cross-core_paced_itch,0,total,3306.68,3360.02,565
2,spsc_unaligned_65536_cross-core_paced_itch,0,total,3360.02,3413.35,572
2,spsc_unaligned_65536_cross-core_paced_itch,0,total,3413.35,3520.02,1100
2,spsc_unaligned_65536_cross-core_paced_itch,0,total,3520.02,3626.68,1132
2,spsc_unaligned_65536_cross-core_paced_itch,0,total,3626.68,3733.35,1057
2,spsc_unaligned_65536_cross-core_paced_itch,0,total,3733.35,3840.02,1062
2,spsc_unaligned_65536_cross-core_paced_itch,0,total,3840.02,3946.69,1031
2,spsc_unaligned_65536_cross-core_paced_itch,0,total,3946.69,4053.35,1031
2,spsc_unaligned_65536_cross-core_paced_itch,0,total,4053.35,4160.02,931
2,spsc_unaligned_65536_cross-core_paced_itch,0,total,4160.02,4266.69,908
2,spsc_unaligned_65536_cross-core_paced_itch,0,total,4266.69,4373.35,868
2,spsc_unaligned_65536_cross-core_paced_itch,0,total,4373.35,4480.02,863
2,spsc_unaligned_65536_cross-core_paced_itch,0,total,4480.02,4586.69,831
2,spsc_unaligned_65536_cross-core_paced_itch,0,total,4586.69,4693.36,824
2,spsc_unaligned_65536_cross-core_paced_itch,0,total,4693.36,4800.02,729
2,spsc_unaligned_65536_cross-core_paced_itch,0,total,4800.02,4906.69,753
2,spsc_unaligned_65536_cross-core_paced_itch,0,total,4906.69,5013.36,667
2,spsc_unaligned_65536_cross-core_paced_itch,0,total,5013.36,5120.02,655
2,spsc_unaligned_65536_cross-core_paced_itch,0,total,5120.02,5226.69,693
2,spsc_unaligned_65536_cross-core_paced_itch,0,total,5226.69,5333.36,715
2,spsc_unaligned_65536_cross-core_paced_itch,0,total,5333.36,5440.03,609
2,spsc_unaligned_65536_cross-core_paced_itch,0,total,5440.03,5546.69,632
2,spsc_unaligned_65536_cross-core_paced_itch,0,total,5546.69,5653.36,609
2,spsc_unaligned_65536_cross-core_paced_itch,0,total,5653.36,5760.03,605
2,spsc_unaligned_65536_cross-core_paced_itch,0,total,5760.03,5866.69,531
2,spsc_unaligned_65536_cross-core_paced_itch,0,total,5866.69,5973.36,557
2,spsc_unaligned_65536_cross-core_paced_itch,0,total,5973.36,6080.03,545
2,spsc_unaligned_65536_cross-core_paced_itch,0,total,6080.03,6186.7,506
2,spsc_unaligned_65536_cross-core_paced_itch,0,total,6186.7,6293.36,511
2,spsc_unaligned_65536_cross-core_paced_itch,0,total,6293.36,6400.03,469
2,spsc_unaligned_65536_cross-core_paced_itch,0,total,6400.03,6506.7,479
2,spsc_unaligned_65536_cross-core_paced_itch,0,total,6506.7,6613.36,470
2,spsc_unaligned_65536_cross-core_paced_itch,0,total,6613.36,6720.03,450
2,spsc_unaligned_65536_cross-core_paced_itch,0,total,6720.03,6826.7,491
2,spsc_unaligned_65536_cross-core_paced_itch,0,total,6826.7,7040.03,887
2,spsc_unaligned_65536_cross-core_paced_itch,0,total,7040.03,7253.37,831
2,spsc_unaligned_65536_cross-core_paced_itch,0,total,7253.37,7466.7,765
2,spsc_unaligned_65536_cross-core_paced_itch,0,total,7466.7,7680.04,790
2,spsc_unaligned_65536_cross-core_paced_itch,0,total,7680.04,7893.37,672
2,spsc_unaligned_65536_cross-core_paced_itch,0,total,7893.37,8106.7,708
2,spsc_unaligned_65536_cross-core_paced_itch,0,total,8106.7,8320.04,709
2,spsc_unaligned_65536_cross-core_paced_itch,0,total,8320.04,8533.37,651
2,spsc_unaligned_65536_cross-core_paced_itch,0,total,8533.37,8746.71,646
2,spsc_unaligned_65536_cross-core_paced_itch,0,total,8746.71,8960.04,586
2,spsc_unaligned_65536_cross-core_paced_itch,0,total,8960.04,9173.38,571
2,spsc_unaligned_65536_cross-core_paced_itch,0,total,9173.38,9386.71,540
2,spsc_unaligned_65536_cross-core_paced_itch,0,total,9386.71,9600.05,518
2,spsc_unaligned_65536_cross-core_paced_itch,0,total,9600.05,9813.38,506
2,spsc_unaligned_65536_cross-core_paced_itch,0,total,9813.38,10026.7,491
2,spsc_unaligned_65536_cross-core_paced_itch,0,total,10026.7,10240,479
2,spsc_unaligned_65536_cross-core_paced_itch,0,total,10240,10453.4,410
2,spsc_unaligned_65536_cross-core_paced_itch,0,total,10453.4,10666.7,430
2,spsc_unaligned_65536_cross-core_paced_itch,0,total,10666.7,10880.1,387
2,spsc_unaligned_65536_cross-core_paced_itch,0,total,10880.1,11093.4,361
2,spsc_unaligned_65536_cross-core_paced_itch,0,total,11093.4,11306.7,382
2,spsc_unaligned_65536_cross-core_paced_itch,0,total,11306.7,11520.1,344
2,spsc_unaligned_65536_cross-core_paced_itch,0,total,11520.1,11733.4,334
2,spsc_unaligned_65536_cross-core_paced_itch,0,total,11733.4,11946.7,330
2,spsc_unaligned_65536_cross-core_paced_itch,0,total,11946.7,12160.1,325
2,spsc_unaligned_65536_cross-core_paced_itch,0,total,12160.1,12373.4,268
2,spsc_unaligned_65536_cross-core_paced_itch,0,total,12373.4,12586.7,254
2,spsc_unaligned_65536_cross-core_paced_itch,0,total,12586.7,12800.1,246
2,spsc_unaligned_65536_cross-core_paced_itch,0,total,12800.1,13013.4,245
2,spsc_unaligned_65536_cross-core_paced_itch,0,total,13013.4,13226.7,166
2,spsc_unaligned_65536_cross-core_paced_itch,0,total,13226.7,13440.1,165
2,spsc_unaligned_65536_cross-core_paced_itch,0,total,13440.1,13653.4,141
2,spsc_unaligned_65536_cross-core_paced_itch,0,total,13653.4,14080.1,266
2,spsc_unaligned_65536_cross-core_paced_itch,0,total,14080.1,14506.7,218
2,spsc_unaligned_65536_cross-core_paced_itch,0,total,14506.7,14933.4,186
2,spsc_unaligned_65536_cross-core_paced_itch,0,total,14933.4,15360.1,176
2,spsc_unaligned_65536_cross-core_paced_itch,0,total,15360.1,15786.7,164
2,spsc_unaligned_65536_cross-core_paced_itch,0,total,15786.7,16213.4,156
2,spsc_unaligned_65536_cross-core_paced_itch,0,total,16213.4,16640.1,117
2,spsc_unaligned_65536_cross-core_paced_itch,0,total,16640.1,17066.7,112
2,spsc_unaligned_65536_cross-core_paced_itch,0,total,17066.7,17493.4,141
2,spsc_unaligned_65536_cross-core_paced_itch,0,total,17493.4,17920.1,135
2,spsc_unaligned_65536_cross-core_paced_itch,0,total,17920.1,18346.8,120
2,spsc_unaligned_65536_cross-core_paced_itch,0,total,18346.8,18773.4,104
2,spsc_unaligned_65536_cross-core_paced_itch,0,total,18773.4,19200.1,96
2,spsc_unaligned_65536_cross-core_paced_itch,0,total,19200.1,19626.8,104
2,spsc_unaligned_65536_cross-core_paced_itch,0,total,19626.8,20053.4,89
2,spsc_unaligned_65536_cross-core_paced_itch,0,total,20053.4,20480.1,95
2,spsc_unaligned_65536_cross-core_paced_itch,0,total,20480.1,20906.8,77
2,spsc_unaligned_65536_cross-core_paced_itch,0,total,20906.8,21333.4,84
2,spsc_unaligned_65536_cross-core_paced_itch,0,total,21333.4,21760.1,91
2,spsc_unaligned_65536_cross-core_paced_itch,0,total,21760.1,22186.8,90
2,spsc_unaligned_65536_cross-core_paced_itch,0,total,22186.8,22613.4,89
2,spsc_unaligned_65536_cross-core_paced_itch,0,total,22613.4,23040.1,78
2,spsc_unaligned_65536_cross-core_paced_itch,0,total,23040.1,23466.8,91
2,spsc_unaligned_65536_cross-core_paced_itch,0,total,23466.8,23893.4,76
2,spsc_unaligned_65536_cross-core_paced_itch,0,total,23893.4,24320.1,72
2,spsc_unaligned_65536_cross-core_paced_itch,0,total,24320.1,24746.8,80
2,spsc_unaligned_65536_cross-core_paced_itch,0,total,24746.8,25173.5,55
2,spsc_unaligned_65536_cross-core_paced_itch,0,total,25173.5,25600.1,65
2,spsc_unaligned_65536_cross-core_paced_itch,0,total,25600.1,26026.8,58
2,spsc_unaligned_65536_cross-core_paced_itch,0,total,26026.8,26453.5,45
2,spsc_unaligned_65536_cross-core_paced_itch,0,total,26453.5,26880.1,55
2,spsc_unaligned_65536_cross-core_paced_itch,0,total,26880.1,27306.8,51
2,spsc_unaligned_65536_cross-core_paced_itch,0,total,27306.8,28160.1,112
2,spsc_unaligned_65536_cross-core_paced_itch,0,total,28160.1,29013.5,123
2,spsc_unaligned_65536_cross-core_paced_itch,0,total,29013.5,29866.8,82
2,spsc_unaligned_65536_cross-core_paced_itch,0,total,29866.8,30720.1,60
2,spsc_unaligned_65536_cross-core_paced_itch,0,total,30720.1,31573.5,67
2,spsc_unaligned_65536_cross-core_paced_itch,0,total,31573.5,32426.8,63
2,spsc_unaligned_65536_cross-core_paced_itch,0,total,32426.8,33280.2,55
2,spsc_unaligned_65536_cross-core_paced_itch,0,total,33280.2,34133.5,60
2,spsc_unaligned_65536_cross-core_paced_itch,0,total,34133.5,34986.8,72
2,spsc_unaligned_65536_cross-core_paced_itch,0,total,34986.8,35840.2,85
2,spsc_unaligned_65536_cross-core_paced_itch,0,total,35840.2,36693.5,91
2,spsc_unaligned_65536_cross-core_paced_itch,0,total,36693.5,37546.8,89
2,spsc_unaligned_65536_cross-core_paced_itch,0,total,37546.8,38400.2,62
2,spsc_unaligned_65536_cross-core_paced_itch,0,total,38400.2,39253.5,92
2,spsc_unaligned_65536_cross-core_paced_itch,0,total,39253.5,40106.9,91
2,spsc_unaligned_65536_cross-core_paced_itch,0,total,40106.9,40960.2,83
2,spsc_unaligned_65536_cross-core_paced_itch,0,total,40960.2,41813.5,80
2,spsc_unaligned_65536_cross-core_paced_itch,0,total,41813.5,42666.9,97
2,spsc_unaligned_65536_cross-core_paced_itch,0,total,42666.9,43520.2,77
2,spsc_unaligned_65536_cross-core_paced_itch,0,total,43520.2,44373.5,77
2,spsc_unaligned_65536_cross-core_paced_itch,0,total,44373.5,45226.9,38
2,spsc_unaligned_65536_cross-core_paced_itch,0,total,45226.9,46080.2,61
2,spsc_unaligned_65536_cross-core_paced_itch,0,total,46080.2,46933.6,52
2,spsc_unaligned_65536_cross-core_paced_itch,0,total,46933.6,47786.9,43
2,spsc_unaligned_65536_cross-core_paced_itch,0,total,47786.9,48640.2,49
2,spsc_unaligned_65536_cross-core_paced_itch,0,total,48640.2,49493.6,28
2,spsc_unaligned_65536_cross-core_paced_itch,0,total,49493.6,50346.9,34
2,spsc_unaligned_65536_cross-core_paced_itch,0,total,50346.9,51200.2,44
2,spsc_unaligned_65536_cross-core_paced_itch,0,total,51200.2,52053.6,38
2,spsc_unaligned_65536_cross-core_paced_itch,0,total,52053.6,52906.9,47
2,spsc_unaligned_65536_cross-core_paced_itch,0,total,52906.9,53760.3,46
2,spsc_unaligned_65536_cross-core_paced_itch,0,total,53760.3,54613.6,52
2,spsc_unaligned_65536_cross-core_paced_itch,0,total,54613.6,56320.3,102
2,spsc_unaligned_65536_cross-core_paced_itch,0,total,56320.3,58026.9,75
2,spsc_unaligned_65536_cross-core_paced_itch,0,total,58026.9,59733.6,71
2,spsc_unaligned_65536_cross-core_paced_itch,0,total,59733.6,61440.3,116
2,spsc_unaligned_65536_cross-core_paced_itch,0,total,61440.3,63147,106
2,spsc_unaligned_65536_cross-core_paced_itch,0,total,63147,64853.6,85
2,spsc_unaligned_65536_cross-core_paced_itch,0,total,64853.6,66560.3,62
2,spsc_unaligned_65536_cross-core_paced_itch,0,total,66560.3,68267,88
2,spsc_unaligned_65536_cross-core_paced_itch,0,total,68267,69973.7,73
2,spsc_unaligned_65536_cross-core_paced_itch,0,total,69973.7,71680.3,33
2,spsc_unaligned_65536_cross-core_paced_itch,0,total,71680.3,73387,38
2,spsc_unaligned_65536_cross-core_paced_itch,0,total,73387,75093.7,47
2,spsc_unaligned_65536_cross-core_paced_itch,0,total,75093.7,76800.4,50
2,spsc_unaligned_65536_cross-core_paced_itch,0,total,76800.4,78507,48
2,spsc_unaligned_65536_cross-core_paced_itch,0,total,78507,80213.7,67
2,spsc_unaligned_65536_cross-core_paced_itch,0,total,80213.7,81920.4,51
2,spsc_unaligned_65536_cross-core_paced_itch,0,total,81920.4,83627.1,48
2,spsc_unaligned_65536_cross-core_paced_itch,0,total,83627.1,85333.7,57
2,spsc_unaligned_65536_cross-core_paced_itch,0,total,85333.7,87040.4,54
2,spsc_unaligned_65536_cross-core_paced_itch,0,total,87040.4,88747.1,55
2,spsc_unaligned_65536_cross-core_paced_itch,0,total,88747.1,90453.8,49
2,spsc_unaligned_65536_cross-core_paced_itch,0,total,90453.8,92160.4,53
2,spsc_unaligned_65536_cross-core_paced_itch,0,total,92160.4,93867.1,40
2,spsc_unaligned_65536_cross-core_paced_itch,0,total,93867.1,95573.8,38
2,spsc_unaligned_65536_cross-core_paced_itch,0,total,95573.8,97280.5,48
2,spsc_unaligned_65536_cross-core_paced_itch,0,total,97280.5,98987.1,54
2,spsc_unaligned_65536_cross-core_paced_itch,0,total,98987.1,100694,52
2,spsc_unaligned_65536_cross-core_paced_itch,0,total,100694,102400,46
2,spsc_unaligned_65536_cross-core_paced_itch,0,total,102400,104107,57
2,spsc_unaligned_65536_cross-core_paced_itch,0,total,104107,105814,62
2,spsc_unaligned_65536_cross-core_paced_itch,0,total,105814,107521,47
2,spsc_unaligned_65536_cross-core_paced_itch,0,total,107521,109227,42
2,spsc_unaligned_65536_cross-core_paced_itch,0,total,109227,112641,66
2,spsc_unaligned_65536_cross-core_paced_itch,0,total,112641,116054,51
2,spsc_unaligned_65536_cross-core_paced_itch,0,total,116054,119467,57
2,spsc_unaligned_65536_cross-core_paced_itch,0,total,119467,122881,60
2,spsc_unaligned_65536_cross-core_paced_itch,0,total,122881,126294,52
2,spsc_unaligned_65536_cross-core_paced_itch,0,total,126294,129707,40
2,spsc_unaligned_65536_cross-core_paced_itch,0,total,129707,133121,25
2,spsc_unaligned_65536_cross-core_paced_itch,0,total,133121,136534,33
2,spsc_unaligned_65536_cross-core_paced_itch,0,total,136534,139947,28
2,spsc_unaligned_65536_cross-core_paced_itch,0,total,139947,143361,33
2,spsc_unaligned_65536_cross-core_paced_itch,0,total,143361,146774,34
2,spsc_unaligned_65536_cross-core_paced_itch,0,total,146774,150187,28
2,spsc_unaligned_65536_cross-core_paced_itch,0,total,150187,153601,32
2,spsc_unaligned_65536_cross-core_paced_itch,0,total,153601,157014,27
2,spsc_unaligned_65536_cross-core_paced_itch,0,total,157014,160427,24
2,spsc_unaligned_65536_cross-core_paced_itch,0,total,160427,163841,30
2,spsc_unaligned_65536_cross-core_paced_itch,0,total,163841,167254,23
2,spsc_unaligned_65536_cross-core_paced_itch,0,total,167254,170667,23
2,spsc_unaligned_65536_cross-core_paced_itch,0,total,170667,174081,39
2,spsc_unaligned_65536_cross-core_paced_itch,0,total,174081,177494,47
2,spsc_unaligned_65536_cross-core_paced_itch,0,total,177494,180908,24
2,spsc_unaligned_65536_cross-core_paced_itch,0,total,180908,184321,12
2,spsc_unaligned_65536_cross-core_paced_itch,0,total,184321,187734,30
2,spsc_unaligned_65536_cross-core_paced_itch,0,total,187734,191148,23
2,spsc_unaligned_65536_cross-core_paced_itch,0,total,191148,194561,49
2,spsc_unaligned_65536_cross-core_paced_itch,0,total,194561,197974,31
2,spsc_unaligned_65536_cross-core_paced_itch,0,total,197974,201388,44
2,spsc_unaligned_65536_cross-core_paced_itch,0,total,201388,204801,53
2,spsc_unaligned_65536_cross-core_paced_itch,0,total,204801,208214,55
2,spsc_unaligned_65536_cross-core_paced_itch,0,total,208214,211628,72
2,spsc_unaligned_65536_cross-core_paced_itch,0,total,211628,215041,72
2,spsc_unaligned_65536_cross-core_paced_itch,0,total,215041,218454,71
2,spsc_unaligned_65536_cross-core_paced_itch,0,total,218454,225281,187
2,spsc_unaligned_65536_cross-core_paced_itch,0,total,225281,232108,199
2,spsc_unaligned_65536_cross-core_paced_itch,0,total,232108,238934,83
2,spsc_unaligned_65536_cross-core_paced_itch,0,total,238934,245761,86
2,spsc_unaligned_65536_cross-core_paced_itch,0,total,245761,252588,50
2,spsc_unaligned_65536_cross-core_paced_itch,0,total,252588,259415,52
2,spsc_unaligned_65536_cross-core_paced_itch,0,total,259415,266241,110
2,spsc_unaligned_65536_cross-core_paced_itch,0,total,266241,273068,45
2,spsc_unaligned_65536_cross-core_paced_itch,0,total,273068,279895,106
2,spsc_unaligned_65536_cross-core_paced_itch,0,total,279895,286721,145
2,spsc_unaligned_65536_cross-core_paced_itch,0,total,286721,293548,90
2,spsc_unaligned_65536_cross-core_paced_itch,0,total,293548,300375,69
2,spsc_unaligned_65536_cross-core_paced_itch,0,total,300375,307201,22
2,spsc_unaligned_65536_cross-core_paced_itch,0,total,307201,314028,28
2,spsc_unaligned_65536_cross-core_paced_itch,0,total,314028,320855,11
2,spsc_unaligned_65536_cross-core_paced_itch,0,total,320855,327682,67
2,spsc_unaligned_65536_cross-core_paced_itch,0,total,327682,334508,79
2,spsc_unaligned_65536_cross-core_paced_itch,0,total,334508,341335,76
2,spsc_unaligned_65536_cross-core_paced_itch,0,total,341335,348162,36
2,spsc_unaligned_65536_cross-core_paced_itch,0,total,348162,354988,31
2,spsc_unaligned_65536_cross-core_paced_itch,0,total,354988,361815,25
2,spsc_unaligned_65536_cross-core_paced_itch,0,total,361815,368642,57
2,spsc_unaligned_65536_cross-core_paced_itch,0,total,368642,375468,59
2,spsc_unaligned_65536_cross-core_paced_itch,0,total,375468,382295,49
2,spsc_unaligned_65536_cross-core_paced_itch,0,total,382295,389122,64
2,spsc_unaligned_65536_cross-core_paced_itch,0,total,389122,395949,71
2,spsc_unaligned_65536_cross-core_paced_itch,0,total,395949,402775,84
2,spsc_unaligned_65536_cross-core_paced_itch,0,total,402775,409602,56
2,spsc_unaligned_65536_cross-core_paced_itch,0,total,409602,416429,42
2,spsc_unaligned_65536_cross-core_paced_itch,0,total,416429,423255,15
2,spsc_unaligned_65536_cross-core_paced_itch,0,total,423255,430082,30
2,spsc_unaligned_65536_cross-core_paced_itch,0,total,430082,436909,34
2,spsc_unaligned_65536_cross-core_paced_itch,0,total,436909,450562,152
2,spsc_unaligned_65536_cross-core_paced_itch,0,total,450562,464216,206
2,spsc_unaligned_65536_cross-core_paced_itch,0,total,464216,477869,162
2,spsc_unaligned_65536_cross-core_paced_itch,0,total,477869,491522,102
2,spsc_unaligned_65536_cross-core_paced_itch,0,total,491522,505176,128
2,spsc_unaligned_65536_cross-core_paced_itch,0,total,505176,518829,230
2,spsc_unaligned_65536_cross-core_paced_itch,0,total,518829,532483,72
2,spsc_unaligned_65536_cross-core_paced_itch,0,total,532483,546136,122
2,spsc_unaligned_65536_cross-core_paced_itch,0,total,546136,559789,164
2,spsc_unaligned_65536_cross-core_paced_itch,0,total,559789,573443,175
2,spsc_unaligned_65536_cross-core_paced_itch,0,total,573443,587096,189
2,spsc_unaligned_65536_cross-core_paced_itch,0,total,587096,600750,95
2,spsc_unaligned_65536_cross-core_paced_itch,0,total,600750,614403,214
2,spsc_unaligned_65536_cross-core_paced_itch,0,total,614403,628056,136
2,spsc_unaligned_65536_cross-core_paced_itch,0,total,628056,641710,96
2,spsc_unaligned_65536_cross-core_paced_itch,0,total,641710,655363,123
2,spsc_unaligned_65536_cross-core_paced_itch,0,total,655363,669016,181
2,spsc_unaligned_65536_cross-core_paced_itch,0,total,669016,682670,201
2,spsc_unaligned_65536_cross-core_paced_itch,0,total,682670,696323,143
2,spsc_unaligned_65536_cross-core_paced_itch,0,total,696323,709977,60
2,spsc_unaligned_65536_cross-core_paced_itch,0,total,709977,723630,141
2,spsc_unaligned_65536_cross-core_paced_itch,0,total,723630,737283,242
2,spsc_unaligned_65536_cross-core_paced_itch,0,total,737283,750937,156
2,spsc_unaligned_65536_cross-core_paced_itch,0,total,750937,764590,222
2,spsc_unaligned_65536_cross-core_paced_itch,0,total,764590,778244,170
2,spsc_unaligned_65536_cross-core_paced_itch,0,total,778244,791897,154
2,spsc_unaligned_65536_cross-core_paced_itch,0,total,791897,805550,73
2,spsc_unaligned_65536_cross-core_paced_itch,0,total,805550,819204,137
2,spsc_unaligned_65536_cross-core_paced_itch,0,total,819204,832857,93
2,spsc_unaligned_65536_cross-core_paced_itch,0,total,832857,846511,59
2,spsc_unaligned_65536_cross-core_paced_itch,0,total,846511,860164,136
2,spsc_unaligned_65536_cross-core_paced_itch,0,total,860164,873817,129
2,spsc_unaligned_65536_cross-core_paced_itch,0,total,873817,901124,388
2,spsc_unaligned_65536_cross-core_paced_itch,0,total,901124,928431,872
2,spsc_unaligned_65536_cross-core_paced_itch,0,total,928431,955738,1241
2,spsc_unaligned_65536_cross-core_paced_itch,0,total,955738,983045,687
2,spsc_unaligned_65536_cross-core_paced_itch,0,total,983045,1.01035e+06,211
2,spsc_unaligned_65536_cross-core_paced_itch,0,total,1.01035e+06,1.03766e+06,74
2,spsc_unaligned_65536_cross-core_paced_itch,0,total,1.03766e+06,1.06497e+06,204
2,spsc_unaligned_65536_cross-core_paced_itch,0,total,1.06497e+06,1.09227e+06,343
2,spsc_unaligned_65536_cross-core_paced_itch,0,total,1.09227e+06,1.11958e+06,347
2,spsc_unaligned_65536_cross-core_paced_itch,0,total,1.11958e+06,1.14689e+06,199
2,spsc_unaligned_65536_cross-core_paced_itch,0,queue,193.334,196.668,1
2,spsc_unaligned_65536_cross-core_paced_itch,0,queue,196.668,200.001,1
2,spsc_unaligned_65536_cross-core_paced_itch,0,queue,206.668,210.001,1
2,spsc_unaligned_65536_cross-core_paced_itch,0,queue,220.001,226.668,1
2,spsc_unaligned_65536_cross-core_paced_itch,0,queue,226.668,233.334,1
2,spsc_unaligned_65536_cross-core_paced_itch,0,queue,233.334,240.001,2
2,spsc_unaligned_65536_cross-core_paced_itch,0,queue,240.001,246.668,3
2,spsc_unaligned_65536_cross-core_paced_itch,0,queue,246.668,253.335,4
2,spsc_unaligned_65536_cross-core_paced_itch,0,queue,253.335,260.001,7
2,spsc_unaligned_65536_cross-core_paced_itch,0,queue,260.001,266.668,11
2,spsc_unaligned_65536_cross-core_paced_itch,0,queue,266.668,273.335,22
2,spsc_unaligned_65536_cross-core_paced_itch,0,queue,273.335,280.001,32
2,spsc_unaligned_65536_cross-core_paced_itch,0,queue,280.001,286.668,57
2,spsc_unaligned_65536_cross-core_paced_itch,0,queue,286.668,293.335,62
2,spsc_unaligned_65536_cross-core_paced_itch,0,queue,293.335,300.001,68
2,spsc_unaligned_65536_cross-core_paced_itch,0,queue,300.001,306.668,86
2,spsc_unaligned_65536_cross-core_paced_itch,0,queue,306.668,313.335,80
2,spsc_unaligned_65536_cross-core_paced_itch,0,queue,313.335,320.002,102
2,spsc_unaligned_65536_cross-core_paced_itch,0,queue,320.002,326.668,121
2,spsc_unaligned_65536_cross-core_paced_itch,0,queue,326.668,333.335,412
2,spsc_unaligned_65536_cross-core_paced_itch,0,queue,333.335,340.002,1547
2,spsc_unaligned_65536_cross-core_paced_itch,0,queue,340.002,346.668,3558
2,spsc_unaligned_65536_cross-core_paced_itch,0,queue,346.668,353.335,5114
2,spsc_unaligned_65536_cross-core_paced_itch,0,queue,353.335,360.002,6815
2,spsc_unaligned_65536_cross-core_paced_itch,0,queue,360.002,366.668,8753
2,spsc_unaligned_65536_cross-core_paced_itch,0,queue,366.668,373.335,10627
2,spsc_unaligned_65536_cross-core_paced_itch,0,queue,373.335,380.002,11889
2,spsc_unaligned_65536_cross-core_paced_itch,0,queue,380.002,386.668,12244
2,spsc_unaligned_65536_cross-core_paced_itch,0,queue,386.668,393.335,11518
2,spsc_unaligned_65536_cross-core_paced_itch,0,queue,393.335,400.002,9704
2,spsc_unaligned_65536_cross-core_paced_itch,0,queue,400.002,406.669,7587
2,spsc_unaligned_65536_cross-core_paced_itch,0,queue,406.669,413.335,5895
2,spsc_unaligned_65536_cross-core_paced_itch,0,queue,413.335,420.002,4665
2,spsc_unaligned_65536_cross-core_paced_itch,0,queue,420.002,426.669,3349
2,spsc_unaligned_65536_cross-core_paced_itch,0,queue,426.669,440.002,4015
2,spsc_unaligned_65536_cross-core_paced_itch,0,queue,440.002,453.335,2468
2,spsc_unaligned_65536_cross-core_paced_itch,0,queue,453.335,466.669,2559
2,spsc_unaligned_65536_cross-core_paced_itch,0,queue,466.669,480.002,2705
2,spsc_unaligned_65536_cross-core_paced_itch,0,queue,480.002,493.336,2581
2,spsc_unaligned_65536_cross-core_paced_itch,0,queue,493.336,506.669,2830
2,spsc_unaligned_65536_cross-core_paced_itch,0,queue,506.669,520.002,4638
2,spsc_unaligned_65536_cross-core_paced_itch,0,queue,520.002,533.336,6170
2,spsc_unaligned_65536_cross-core_paced_itch,0,queue,533.336,546.669,4938
2,spsc_unaligned_65536_cross-core_paced_itch,0,queue,546.669,560.003,2996
2,spsc_unaligned_65536_cross-core_paced_itch,0,queue,560.003,573.336,2136
2,spsc_unaligned_65536_cross-core_paced_itch,0,queue,573.336,586.669,1546
2,spsc_unaligned_65536_cross-core_paced_itch,0,queue,586.669,600.003,1317
2,spsc_unaligned_65536_cross-core_paced_itch,0,queue,600.003,613.336,1304
2,spsc_unaligned_65536_cross-core_paced_itch,0,queue,613.336,626.67,1319
2,spsc_unaligned_65536_cross-core_paced_itch,0,queue,626.67,640.003,1312
2,spsc_unaligned_65536_cross-core_paced_itch,0,queue,640.003,653.336,1050
2,spsc_unaligned_65536_cross-core_paced_itch,0,queue,653.336,666.67,962
2,spsc_unaligned_65536_cross-core_paced_itch,0,queue,666.67,680.003,962
2,spsc_unaligned_65536_cross-core_paced_itch,0,queue,680.003,693.337,907
2,spsc_unaligned_65536_cross-core_paced_itch,0,queue,693.337,706.67,1069
2,spsc_unaligned_65536_cross-core_paced_itch,0,queue,706.67,720.003,1093
2,spsc_unaligned_65536_cross-core_paced_itch,0,queue,720.003,733.337,1025
2,spsc_unaligned_65536_cross-core_paced_itch,0,queue,733.337,746.67,956
2,spsc_unaligned_65536_cross-core_paced_itch,0,queue,746.67,760.004,798
2,spsc_unaligned_65536_cross-core_paced_itch,0,queue,760.004,773.337,741
2,spsc_unaligned_65536_cross-core_paced_itch,0,queue,773.337,786.67,689
2,spsc_unaligned_65536_cross-core_paced_itch,0,queue,786.67,800.004,628
2,spsc_unaligned_65536_cross-core_paced_itch,0,queue,800.004,813.337,656
2,spsc_unaligned_65536_cross-core_paced_itch,0,queue,813.337,826.671,618
2,spsc_unaligned_65536_cross-core_paced_itch,0,queue,826.671,840.004,586
2,spsc_unaligned_65536_cross-core_paced_itch,0,queue,840.004,853.337,551
2,spsc_unaligned_65536_cross-core_paced_itch,0,queue,853.337,880.004,1127
2,spsc_unaligned_65536_cross-core_paced_itch,0,queue,880.004,906.671,1012
2,spsc_unaligned_65536_cross-core_paced_itch,0,queue,906.671,933.338,927
2,spsc_unaligned_65536_cross-core_paced_itch,0,queue,933.338,960.005,977
2,spsc_unaligned_65536_cross-core_paced_itch,0,queue,960.005,986.671,815
2,spsc_unaligned_65536_cross-core_paced_itch,0,queue,986.671,1013.34,831
2,spsc_unaligned_65536_cross-core_paced_itch,0,queue,1013.34,1040,708
2,spsc_unaligned_65536_cross-core_paced_itch,0,queue,1040,1066.67,734
2,spsc_unaligned_65536_cross-core_paced_itch,0,queue,1066.67,1093.34,665
2,spsc_unaligned_65536_cross-core_paced_itch,0,queue,1093.34,1120.01,670
2,spsc_unaligned_65536_cross-core_paced_itch,0,queue,1120.01,1146.67,656
2,spsc_unaligned_65536_cross-core_paced_itch,0,queue,1146.67,1173.34,636
2,spsc_unaligned_65536_cross-core_paced_itch,0,queue,1173.34,1200.01,628
2,spsc_unaligned_65536_cross-core_paced_itch,0,queue,1200.01,1226.67,591
2,spsc_unaligned_65536_cross-core_paced_itch,0,queue,1226.67,1253.34,547
2,spsc_unaligned_65536_cross-core_paced_itch,0,queue,1253.34,1280.01,566
2,spsc_unaligned_65536_cross-core_paced_itch,0,queue,1280.01,1306.67,566
2,spsc_unaligned_65536_cross-core_paced_itch,0,queue,1306.67,1333.34,536
2,spsc_unaligned_65536_cross-core_paced_itch,0,queue,1333.34,1360.01,539
2,spsc_unaligned_65536_cross-core_paced_itch,0,queue,1360.01,1386.67,498
2,spsc_unaligned_65536_cross-core_paced_itch,0,queue,1386.67,1413.34,518
2,spsc_unaligned_65536_cross-core_paced_itch,0,queue,1413.34,1440.01,499
2,spsc_unaligned_65536_cross-core_paced_itch,0,queue,1440.01,1466.67,493
2,spsc_unaligned_65536_cross-core_paced_itch,0,queue,1466.67,1493.34,477
2,spsc_unaligned_65536_cross-core_paced_itch,0,queue,1493.34,1520.01,488
2,spsc_unaligned_65536_cross-core_paced_itch,0,queue,1520.01,1546.67,503
2,spsc_unaligned_65536_cross-core_paced_itch,0,queue,1546.67,1573.34,488
2,spsc_unaligned_65536_cross-core_paced_itch,0,queue,1573.34,1600.01,476
2,spsc_unaligned_65536_cross-core_paced_itch,0,queue,1600.01,1626.67,485
2,spsc_unaligned_65536_cross-core_paced_itch,0,queue,1626.67,1653.34,451
2,spsc_unaligned_65536_cross-core_paced_itch,0,queue,1653.34,1680.01,449
2,spsc_unaligned_65536_cross-core_paced_itch,0,queue,1680.01,1706.67,455
2,spsc_unaligned_65536_cross-core_paced_itch,0,queue,1706.67,1760.01,905
2,spsc_unaligned_65536_cross-core_paced_itch,0,queue,1760.01,1813.34,867
2,spsc_unaligned_65536_cross-core_paced_itch,0,queue,1813.34,1866.68,811
2,spsc_unaligned_65536_cross-core_paced_itch,0,queue,1866.68,1920.01,862
2,spsc_unaligned_65536_cross-core_paced_itch,0,queue,1920.01,1973.34,788
2,spsc_unaligned_65536_cross-core_paced_itch,0,queue,1973.34,2026.68,807
2,spsc_unaligned_65536_cross-core_paced_itch,0,queue,2026.68,2080.01,830
2,spsc_unaligned_65536_cross-core_paced_itch,0,queue,2080.01,2133.34,774
2,spsc_unaligned_65536_cross-core_paced_itch,0,queue,2133.34,2186.68,769
2,spsc_unaligned_65536_cross-core_paced_itch,0,queue,2186.68,2240.01,703
2,spsc_unaligned_65536_cross-core_paced_itch,0,queue,2240.01,2293.34,699
2,spsc_unaligned_65536_cross-core_paced_itch,0,queue,2293.34,2346.68,667
2,spsc_unaligned_65536_cross-core_paced_itch,0,queue,2346.68,2400.01,726
2,spsc_unaligned_65536_cross-core_paced_itch,0,queue,2400.01,2453.34,677
2,spsc_unaligned_65536_cross-core_paced_itch,0,queue,2453.34,2506.68,685
2,spsc_unaligned_65536_cross-core_paced_itch,0,queue,2506.68,2560.01,643
2,spsc_unaligned_65536_cross-core_paced_itch,0,queue,2560.01,2613.35,646
2,spsc_unaligned_65536_cross-core_paced_itch,0,queue,2613.35,2666.68,652
2,spsc_unaligned_65536_cross-core_paced_itch,0,queue,2666.68,2720.01,670
2,spsc_unaligned_65536_cross-core_paced_itch,0,queue,2720.01,2773.35,651
2,spsc_unaligned_65536_cross-core_paced_itch,0,queue,2773.35,2826.68,628
2,spsc_unaligned_65536_cross-core_paced_itch,0,queue,2826.68,2880.01,600
2,spsc_unaligned_65536_cross-core_paced_itch,0,queue,2880.01,2933.35,589
2,spsc_unaligned_65536_cross-core_paced_itch,0,queue,2933.35,2986.68,602
2,spsc_unaligned_65536_cross-core_paced_itch,0,queue,2986.68,3040.01,609
2,spsc_unaligned_65536_cross-core_paced_itch,0,queue,3040.01,3093.35,639
2,spsc_unaligned_65536_cross-core_paced_itch,0,queue,3093.35,3146.68,618
2,spsc_unaligned_65536_cross-core_paced_itch,0,queue,3146.68,3200.02,560
2,spsc_unaligned_65536_cross-core_paced_itch,0,queue,3200.02,3253.35,601
2,spsc_unaligned_65536_cross-core_paced_itch,0,queue,3253.35,3306.68,535
2,spsc_unaligned_65536_cross-core_paced_itch,0,queue,3306.68,3360.02,508
2,spsc_unaligned_65536_cross-core_paced_itch,0,queue,3360.02,3413.35,572
2,spsc_unaligned_65536_cross-core_paced_itch,0,queue,3413.35,3520.02,1082
2,spsc_unaligned_65536_cross-core_paced_itch,0,queue,3520.02,3626.68,1063
2,spsc_unaligned_65536_cross-core_paced_itch,0,queue,3626.68,3733.35,1046
2,spsc_unaligned_65536_cross-core_paced_itch,0,queue,3733.35,3840.02,1001
2,spsc_unaligned_65536_cross-core_paced_itch,0,queue,3840.02,3946.69,933
2,spsc_unaligned_65536_cross-core_paced_itch,0,queue,3946.69,4053.35,951
2,spsc_unaligned_65536_cross-core_paced_itch,0,queue,4053.35,4160.02,840
2,spsc_unaligned_65536_cross-core_paced_itch,0,queue,4160.02,4266.69,924
2,spsc_unaligned_65536_cross-core_paced_itch,0,queue,4266.69,4373.35,809
2,spsc_unaligned_65536_cross-core_paced_itch,0,queue,4373.35,4480.02,844
2,spsc_unaligned_65536_cross-core_paced_itch,0,queue,4480.02,4586.69,757
2,spsc_unaligned_65536_cross-core_paced_itch,0,queue,4586.69,4693.36,730
2,spsc_unaligned_65536_cross-core_paced_itch,0,queue,4693.36,4800.02,726
2,spsc_unaligned_65536_cross-core_paced_itch,0,queue,4800.02,4906.69,646
2,spsc_unaligned_65536_cross-core_paced_itch,0,queue,4906.69,5013.36,730
2,spsc_unaligned_65536_cross-core_paced_itch,0,queue,5013.36,5120.02,665
2,spsc_unaligned_65536_cross-core_paced_itch,0,queue,5120.02,5226.69,640
2,spsc_unaligned_65536_cross-core_paced_itch,0,queue,5226.69,5333.36,628
2,spsc_unaligned_65536_cross-core_paced_itch,0,queue,5333.36,5440.03,571
2,spsc_unaligned_65536_cross-core_paced_itch,0,queue,5440.03,5546.69,601
2,spsc_unaligned_65536_cross-core_paced_itch,0,queue,5546.69,5653.36,589
2,spsc_unaligned_65536_cross-core_paced_itch,0,queue,5653.36,5760.03,512
2,spsc_unaligned_65536_cross-core_paced_itch,0,queue,5760.03,5866.69,553
2,spsc_unaligned_65536_cross-core_paced_itch,0,queue,5866.69,5973.36,536
2,spsc_unaligned_65536_cross-core_paced_itch,0,queue,5973.36,6080.03,495
2,spsc_unaligned_65536_cross-core_paced_itch,0,queue,6080.03,6186.7,476
2,spsc_unaligned_65536_cross-core_paced_itch,0,queue,6186.7,6293.36,462
2,spsc_unaligned_65536_cross-core_paced_itch,0,queue,6293.36,6400.03,459
2,spsc_unaligned_65536_cross-core_paced_itch,0,queue,6400.03,6506.7,496
2,spsc_unaligned_65536_cross-core_paced_itch,0,queue,6506.7,6613.36,475
2,spsc_unaligned_65536_cross-core_paced_itch,0,queue,6613.36,6720.03,461
2,spsc_unaligned_65536_cross-core_paced_itch,0,queue,6720.03,6826.7,443
2,spsc_unaligned_65536_cross-core_paced_itch,0,queue,6826.7,7040.03,807
2,spsc_unaligned_65536_cross-core_paced_itch,0,queue,7040.03,7253.37,794
2,spsc_unaligned_65536_cross-core_paced_itch,0,queue,7253.37,7466.7,759
2,spsc_unaligned_65536_cross-core_paced_itch,0,queue,7466.7,7680.04,692
2,spsc_unaligned_65536_cross-core_paced_itch,0,queue,7680.04,7893.37,715
2,spsc_unaligned_65536_cross-core_paced_itch,0,queue,7893.37,8106.7,657
2,spsc_unaligned_65536_cross-core_paced_itch,0,queue,8106.7,8320.04,700
2,spsc_unaligned_65536_cross-core_paced_itch,0,queue,8320.04,8533.37,647
2,spsc_unaligned_65536_cross-core_paced_itch,0,queue,8533.37,8746.71,620
2,spsc_unaligned_65536_cross-core_paced_itch,0,queue,8746.71,8960.04,554
2,spsc_unaligned_65536_cross-core_paced_itch,0,queue,8960.04,9173.38,532
2,spsc_unaligned_65536_cross-core_paced_itch,0,queue,9173.38,9386.71,508
2,spsc_unaligned_65536_cross-core_paced_itch,0,queue,9386.71,9600.05,480
2,spsc_unaligned_65536_cross-core_paced_itch,0,queue,9600.05,9813.38,503
2,spsc_unaligned_65536_cross-core_paced_itch,0,queue,9813.38,10026.7,474
2,spsc_unaligned_65536_cross-core_paced_itch,0,queue,10026.7,10240,437
2,spsc_unaligned_65536_cross-core_paced_itch,0,queue,10240,10453.4,392
2,spsc_unaligned_65536_cross-core_paced_itch,0,queue,10453.4,10666.7,414
2,spsc_unaligned_65536_cross-core_paced_itch,0,queue,10666.7,10880.1,366
2,spsc_unaligned_65536_cross-core_paced_itch,0,queue,10880.1,11093.4,361
2,spsc_unaligned_65536_cross-core_paced_itch,0,queue,11093.4,11306.7,356
2,spsc_unaligned_65536_cross-core_paced_itch,0,queue,11306.7,11520.1,340
2,spsc_unaligned_65536_cross-core_paced_itch,0,queue,11520.1,11733.4,339
2,spsc_unaligned_65536_cross-core_paced_itch,0,queue,11733.4,11946.7,323
2,spsc_unaligned_65536_cross-core_paced_itch,0,queue,11946.7,12160.1,285
2,spsc_unaligned_65536_cross-core_paced_itch,0,queue,12160.1,12373.4,258
2,spsc_unaligned_65536_cross-core_paced_itch,0,queue,12373.4,12586.7,263
2,spsc_unaligned_65536_cross-core_paced_itch,0,queue,12586.7,12800.1,253
2,spsc_unaligned_65536_cross-core_paced_itch,0,queue,12800.1,13013.4,194
2,spsc_unaligned_65536_cross-core_paced_itch,0,queue,13013.4,13226.7,173
2,spsc_unaligned_65536_cross-core_paced_itch,0,queue,13226.7,13440.1,147
2,spsc_unaligned_65536_cross-core_paced_itch,0,queue,13440.1,13653.4,138
2,spsc_unaligned_65536_cross-core_paced_itch,0,queue,13653.4,14080.1,252
2,spsc_unaligned_65536_cross-core_paced_itch,0,queue,14080.1,14506.7,207
2,spsc_unaligned_65536_cross-core_paced_itch,0,queue,14506.7,14933.4,177
2,spsc_unaligned_65536_cross-core_paced_itch,0,queue,14933.4,15360.1,164
2,spsc_unaligned_65536_cross-core_paced_itch,0,queue,15360.1,15786.7,181
2,spsc_unaligned_65536_cross-core_paced_itch,0,queue,15786.7,16213.4,129
2,spsc_unaligned_65536_cross-core_paced_itch,0,queue,16213.4,16640.1,115
2,spsc_unaligned_65536_cross-core_paced_itch,0,queue,16640.1,17066.7,127
2,spsc_unaligned_65536_cross-core_paced_itch,0,queue,17066.7,17493.4,129
2,spsc_unaligned_65536_cross-core_paced_itch,0,queue,17493.4,17920.1,136
2,spsc_unaligned_65536_cross-core_paced_itch,0,queue,17920.1,18346.8,101
2,spsc_unaligned_65536_cross-core_paced_itch,0,queue,18346.8,18773.4,111
2,spsc_unaligned_65536_cross-core_paced_itch,0,queue,18773.4,19200.1,98
2,spsc_unaligned_65536_cross-core_paced_itch,0,queue,19200.1,19626.8,88
2,spsc_unaligned_65536_cross-core_paced_itch,0,queue,19626.8,20053.4,96
2,spsc_unaligned_65536_cross-core_paced_itch,0,queue,20053.4,20480.1,97
2,spsc_unaligned_65536_cross-core_paced_itch,0,queue,20480.1,20906.8,82
2,spsc_unaligned_65536_cross-core_paced_itch,0,queue,20906.8,21333.4,82
2,spsc_unaligned_65536_cross-core_paced_itch,0,queue,21333.4,21760.1,90
2,spsc_unaligned_65536_cross-core_paced_itch,0,queue,21760.1,22186.8,90
2,spsc_unaligned_65536_cross-core_paced_itch,0,queue,22186.8,22613.4,75
2,spsc_unaligned_65536_cross-core_paced_itch,0,queue,22613.4,23040.1,75
2,spsc_unaligned_65536_cross-core_paced_itch,0,queue,23040.1,23466.8,98
2,spsc_unaligned_65536_cross-core_paced_itch,0,queue,23466.8,23893.4,74
2,spsc_unaligned_65536_cross-core_paced_itch,0,queue,23893.4,24320.1,85
2,spsc_unaligned_65536_cross-core_paced_itch,0,queue,24320.1,24746.8,65
2,spsc_unaligned_65536_cross-core_paced_itch,0,queue,24746.8,25173.5,55
2,spsc_unaligned_65536_cross-core_paced_itch,0,queue,25173.5,25600.1,69
2,spsc_unaligned_65536_cross-core_paced_itch,0,queue,25600.1,26026.8,45
2,spsc_unaligned_65536_cross-core_paced_itch,0,queue,26026.8,26453.5,45
2,spsc_unaligned_65536_cross-core_paced_itch,0,queue,26453.5,26880.1,54
2,spsc_unaligned_65536_cross-core_paced_itch,0,queue,26880.1,27306.8,61
2,spsc_unaligned_65536_cross-core_paced_itch,0,queue,27306.8,28160.1,110
2,spsc_unaligned_65536_cross-core_paced_itch,0,queue,28160.1,29013.5,118
2,spsc_unaligned_65536_cross-core_paced_itch,0,queue,29013.5,29866.8,83
2,spsc_unaligned_65536_cross-core_paced_itch,0,queue,29866.8,30720.1,55
2,spsc_unaligned_65536_cross-core_paced_itch,0,queue,30720.1,31573.5,62
2,spsc_unaligned_65536_cross-core_paced_itch,0,queue,31573.5,32426.8,61
2,spsc_unaligned_65536_cross-core_paced_itch,0,queue,32426.8,33280.2,57
2,spsc_unaligned_65536_cross-core_paced_itch,0,queue,33280.2,34133.5,61
2,spsc_unaligned_65536_cross-core_paced_itch,0,queue,34133.5,34986.8,79
2,spsc_unaligned_65536_cross-core_paced_itch,0,queue,34986.8,35840.2,89
2,spsc_unaligned_65536_cross-core_paced_itch,0,queue,35840.2,36693.5,85
2,spsc_unaligned_65536_cross-core_paced_itch,0,queue,36693.5,37546.8,83
2,spsc_unaligned_65536_cross-core_paced_itch,0,queue,37546.8,38400.2,66
2,spsc_unaligned_65536_cross-core_paced_itch,0,queue,38400.2,39253.5,94
2,spsc_unaligned_65536_cross-core_paced_itch,0,queue,39253.5,40106.9,95
2,spsc_unaligned_65536_cross-core_paced_itch,0,queue,40106.9,40960.2,83
2,spsc_unaligned_65536_cross-core_paced_itch,0,queue,40960.2,41813.5,82
2,spsc_unaligned_65536_cross-core_paced_itch,0,queue,41813.5,42666.9,94
2,spsc_unaligned_65536_cross-core_paced_itch,0,queue,42666.9,43520.2,72
2,spsc_unaligned_65536_cross-core_paced_itch,0,queue,43520.2,44373.5,69
2,spsc_unaligned_65536_cross-core_paced_itch,0,queue,44373.5,45226.9,43
2,spsc_unaligned_65536_cross-core_paced_itch,0,queue,45226.9,46080.2,58
2,spsc_unaligned_65536_cross-core_paced_itch,0,queue,46080.2,46933.6,54
2,spsc_unaligned_65536_cross-core_paced_itch,0,queue,46933.6,47786.9,41
2,spsc_unaligned_65536_cross-core_paced_itch,0,queue,47786.9,48640.2,50
2,spsc_unaligned_65536_cross-core_paced_itch,0,queue,48640.2,49493.6,23
2,spsc_unaligned_65536_cross-core_paced_itch,0,queue,49493.6,50346.9,47
2,spsc_unaligned_65536_cross-core_paced_itch,0,queue,50346.9,51200.2,40
2,spsc_unaligned_65536_cross-core_paced_itch,0,queue,51200.2,52053.6,33
2,spsc_unaligned_65536_cross-core_paced_itch,0,queue,52053.6,52906.9,46
2,spsc_unaligned_65536_cross-core_paced_itch,0,queue,52906.9,53760.3,50
2,spsc_unaligned_65536_cross-core_paced_itch,0,queue,53760.3,54613.6,55
2,spsc_unaligned_65536_cross-core_paced_itch,0,queue,54613.6,56320.3,93
2,spsc_unaligned_65536_cross-core_paced_itch,0,queue,56320.3,58026.9,72
2,spsc_unaligned_65536_cross-core_paced_itch,0,queue,58026.9,59733.6,81
2,spsc_unaligned_65536_cross-core_paced_itch,0,queue,59733.6,61440.3,109
2,spsc_unaligned_65536_cross-core_paced_itch,0,queue,61440.3,63147,116
2,spsc_unaligned_65536_cross-core_paced_itch,0,queue,63147,64853.6,77
2,spsc_unaligned_65536_cross-core_paced_itch,0,queue,64853.6,66560.3,62
2,spsc_unaligned_65536_cross-core_paced_itch,0,queue,66560.3,68267,91
2,spsc_unaligned_65536_cross-core_paced_itch,0,queue,68267,69973.7,65
2,spsc_unaligned_65536_cross-core_paced_itch,0,queue,69973.7,71680.3,37
2,spsc_unaligned_65536_cross-core_paced_itch,0,queue,71680.3,73387,36
2,spsc_unaligned_65536_cross-core_paced_itch,0,queue,73387,75093.7,53
2,spsc_unaligned_65536_cross-core_paced_itch,0,queue,75093.7,76800.4,44
2,spsc_unaligned_65536_cross-core_paced_itch,0,queue,76800.4,78507,50
2,spsc_unaligned_65536_cross-core_paced_itch,0,queue,78507,80213.7,63
2,spsc_unaligned_65536_cross-core_paced_itch,0,queue,80213.7,81920.4,51
2,spsc_unaligned_65536_cross-core_paced_itch,0,queue,81920.4,83627.1,52
2,spsc_unaligned_65536_cross-core_paced_itch,0,queue,83627.1,85333.7,53
2,spsc_unaligned_65536_cross-core_paced_itch,0,queue,85333.7,87040.4,55
2,spsc_unaligned_65536_cross-core_paced_itch,0,queue,87040.4,88747.1,56
2,spsc_unaligned_65536_cross-core_paced_itch,0,queue,88747.1,90453.8,50
2,spsc_unaligned_65536_cross-core_paced_itch,0,queue,90453.8,92160.4,52
2,spsc_unaligned_65536_cross-core_paced_itch,0,queue,92160.4,93867.1,40
2,spsc_unaligned_65536_cross-core_paced_itch,0,queue,93867.1,95573.8,35
2,spsc_unaligned_65536_cross-core_paced_itch,0,queue,95573.8,97280.5,50
2,spsc_unaligned_65536_cross-core_paced_itch,0,queue,97280.5,98987.1,55
2,spsc_unaligned_65536_cross-core_paced_itch,0,queue,98987.1,100694,52
2,spsc_unaligned_65536_cross-core_paced_itch,0,queue,100694,102400,45
2,spsc_unaligned_65536_cross-core_paced_itch,0,queue,102400,104107,63
2,spsc_unaligned_65536_cross-core_paced_itch,0,queue,104107,105814,58
2,spsc_unaligned_65536_cross-core_paced_itch,0,queue,105814,107521,46
2,spsc_unaligned_65536_cross-core_paced_itch,0,queue,107521,109227,41
2,spsc_unaligned_65536_cross-core_paced_itch,0,queue,109227,112641,65
2,spsc_unaligned_65536_cross-core_paced_itch,0,queue,112641,116054,52
2,spsc_unaligned_65536_cross-core_paced_itch,0,queue,116054,119467,52
2,spsc_unaligned_65536_cross-core_paced_itch,0,queue,119467,122881,64
2,spsc_unaligned_65536_cross-core_paced_itch,0,queue,122881,126294,52
2,spsc_unaligned_65536_cross-core_paced_itch,0,queue,126294,129707,36
2,spsc_unaligned_65536_cross-core_paced_itch,0,queue,129707,133121,27
2,spsc_unaligned_65536_cross-core_paced_itch,0,queue,133121,136534,33
2,spsc_unaligned_65536_cross-core_paced_itch,0,queue,136534,139947,26
2,spsc_unaligned_65536_cross-core_paced_itch,0,queue,139947,143361,33
2,spsc_unaligned_65536_cross-core_paced_itch,0,queue,143361,146774,33
2,spsc_unaligned_65536_cross-core_paced_itch,0,queue,146774,150187,29
2,spsc_unaligned_65536_cross-core_paced_itch,0,queue,150187,153601,32
2,spsc_unaligned_65536_cross-core_paced_itch,0,queue,153601,157014,27
2,spsc_unaligned_65536_cross-core_paced_itch,0,queue,157014,160427,25
2,spsc_unaligned_65536_cross-core_paced_itch,0,queue,160427,163841,28
2,spsc_unaligned_65536_cross-core_paced_itch,0,queue,163841,167254,24
2,spsc_unaligned_65536_cross-core_paced_itch,0,queue,167254,170667,22
2,spsc_unaligned_65536_cross-core_paced_itch,0,queue,170667,174081,39
2,spsc_unaligned_65536_cross-core_paced_itch,0,queue,174081,177494,47
2,spsc_unaligned_65536_cross-core_paced_itch,0,queue,177494,180908,25
2,spsc_unaligned_65536_cross-core_paced_itch,0,queue,180908,184321,14
2,spsc_unaligned_65536_cross-core_paced_itch,0,queue,184321,187734,30
2,spsc_unaligned_65536_cross-core_paced_itch,0,queue,187734,191148,23
2,spsc_unaligned_65536_cross-core_paced_itch,0,queue,191148,194561,48
2,spsc_unaligned_65536_cross-core_paced_itch,0,queue,194561,197974,31
2,spsc_unaligned_65536_cross-core_paced_itch,0,queue,197974,201388,45
2,spsc_unaligned_65536_cross-core_paced_itch,0,queue,201388,204801,52
2,spsc_unaligned_65536_cross-core_paced_itch,0,queue,204801,208214,54
2,spsc_unaligned_65536_cross-core_paced_itch,0,queue,208214,211628,75
2,spsc_unaligned_65536_cross-core_paced_itch,0,queue,211628,215041,73
2,spsc_unaligned_65536_cross-core_paced_itch,0,queue,215041,218454,74
2,spsc_unaligned_65536_cross-core_paced_itch,0,queue,218454,225281,184
2,spsc_unaligned_65536_cross-core_paced_itch,0,queue,225281,232108,198
2,spsc_unaligned_65536_cross-core_paced_itch,0,queue,232108,238934,80
2,spsc_unaligned_65536_cross-core_paced_itch,0,queue,238934,245761,86
2,spsc_unaligned_65536_cross-core_paced_itch,0,queue,245761,252588,50
2,spsc_unaligned_65536_cross-core_paced_itch,0,queue,252588,259415,52
2,spsc_unaligned_65536_cross-core_paced_itch,0,queue,259415,266241,111
2,spsc_unaligned_65536_cross-core_paced_itch,0,queue,266241,273068,43
2,spsc_unaligned_65536_cross-core_paced_itch,0,queue,273068,279895,108
2,spsc_unaligned_65536_cross-core_paced_itch,0,queue,279895,286721,146
2,spsc_unaligned_65536_cross-core_paced_itch,0,queue,286721,293548,92
2,spsc_unaligned_65536_cross-core_paced_itch,0,queue,293548,300375,65
2,spsc_unaligned_65536_cross-core_paced_itch,0,queue,300375,307201,23
2,spsc_unaligned_65536_cross-core_paced_itch,0,queue,307201,314028,26
2,spsc_unaligned_65536_cross-core_paced_itch,0,queue,314028,320855,11
2,spsc_unaligned_65536_cross-core_paced_itch,0,queue,320855,327682,71
2,spsc_unaligned_65536_cross-core_paced_itch,0,queue,327682,334508,76
2,spsc_unaligned_65536_cross-core_paced_itch,0,queue,334508,341335,78
2,spsc_unaligned_65536_cross-core_paced_itch,0,queue,341335,348162,37
2,spsc_unaligned_65536_cross-core_paced_itch,0,queue,348162,354988,28
2,spsc_unaligned_65536_cross-core_paced_itch,0,queue,354988,361815,26
2,spsc_unaligned_65536_cross-core_paced_itch,0,queue,361815,368642,56
2,spsc_unaligned_65536_cross-core_paced_itch,0,queue,368642,375468,60
2,spsc_unaligned_65536_cross-core_paced_itch,0,queue,375468,382295,48
2,spsc_unaligned_65536_cross-core_paced_itch,0,queue,382295,389122,70
2,spsc_unaligned_65536_cross-core_paced_itch,0,queue,389122,395949,66
2,spsc_unaligned_65536_cross-core_paced_itch,0,queue,395949,402775,83
2,spsc_unaligned_65536_cross-core_paced_itch,0,queue,402775,409602,56
2,spsc_unaligned_65536_cross-core_paced_itch,0,queue,409602,416429,42
2,spsc_unaligned_65536_cross-core_paced_itch,0,queue,416429,423255,16
2,spsc_unaligned_65536_cross-core_paced_itch,0,queue,423255,430082,30
2,spsc_unaligned_65536_cross-core_paced_itch,0,queue,430082,436909,32
2,spsc_unaligned_65536_cross-core_paced_itch,0,queue,436909,450562,153
2,spsc_unaligned_65536_cross-core_paced_itch,0,queue,450562,464216,211
2,spsc_unaligned_65536_cross-core_paced_itch,0,queue,464216,477869,158
2,spsc_unaligned_65536_cross-core_paced_itch,0,queue,477869,491522,103
2,spsc_unaligned_65536_cross-core_paced_itch,0,queue,491522,505176,131
2,spsc_unaligned_65536_cross-core_paced_itch,0,queue,505176,518829,224
2,spsc_unaligned_65536_cross-core_paced_itch,0,queue,518829,532483,76
2,spsc_unaligned_65536_cross-core_paced_itch,0,queue,532483,546136,118
2,spsc_unaligned_65536_cross-core_paced_itch,0,queue,546136,559789,166
2,spsc_unaligned_65536_cross-core_paced_itch,0,queue,559789,573443,175
2,spsc_unaligned_65536_cross-core_paced_itch,0,queue,573443,587096,187
2,spsc_unaligned_65536_cross-core_paced_itch,0,queue,587096,600750,96
2,spsc_unaligned_65536_cross-core_paced_itch,0,queue,600750,614403,216
2,spsc_unaligned_65536_cross-core_paced_itch,0,queue,614403,628056,133
2,spsc_unaligned_65536_cross-core_paced_itch,0,queue,628056,641710,96
2,spsc_unaligned_65536_cross-core_paced_itch,0,queue,641710,655363,125
2,spsc_unaligned_65536_cross-core_paced_itch,0,queue,655363,669016,179
2,spsc_unaligned_65536_cross-core_paced_itch,0,queue,669016,682670,201
2,spsc_unaligned_65536_cross-core_paced_itch,0,queue,682670,696323,143
2,spsc_unaligned_65536_cross-core_paced_itch,0,queue,696323,709977,62
2,spsc_unaligned_65536_cross-core_paced_itch,0,queue,709977,723630,140
2,spsc_unaligned_65536_cross-core_paced_itch,0,queue,723630,737283,245
2,spsc_unaligned_65536_cross-core_paced_itch,0,queue,737283,750937,154
2,spsc_unaligned_65536_cross-core_paced_itch,0,queue,750937,764590,220
2,spsc_unaligned_65536_cross-core_paced_itch,0,queue,764590,778244,173
2,spsc_unaligned_65536_cross-core_paced_itch,0,queue,778244,791897,151
2,spsc_unaligned_65536_cross-core_paced_itch,0,queue,791897,805550,75
2,spsc_unaligned_65536_cross-core_paced_itch,0,queue,805550,819204,138
2,spsc_unaligned_65536_cross-core_paced_itch,0,queue,819204,832857,93
2,spsc_unaligned_65536_cross-core_paced_itch,0,queue,832857,846511,59
2,spsc_unaligned_65536_cross-core_paced_itch,0,queue,846511,860164,136
2,spsc_unaligned_65536_cross-core_paced_itch,0,queue,860164,873817,126
2,spsc_unaligned_65536_cross-core_paced_itch,0,queue,873817,901124,395
2,spsc_unaligned_65536_cross-core_paced_itch,0,queue,901124,928431,869
2,spsc_unaligned_65536_cross-core_paced_itch,0,queue,928431,955738,1244
2,spsc_unaligned_65536_cross-core_paced_itch,0,queue,955738,983045,682
2,spsc_unaligned_65536_cross-core_paced_itch,0,queue,983045,1.01035e+06,209
2,spsc_unaligned_65536_cross-core_paced_itch,0,queue,1.01035e+06,1.03766e+06,74
2,spsc_unaligned_65536_cross-core_paced_itch,0,queue,1.03766e+06,1.06497e+06,206
2,spsc_unaligned_65536_cross-core_paced_itch,0,queue,1.06497e+06,1.09227e+06,345
2,spsc_unaligned_65536_cross-core_paced_itch,0,queue,1.09227e+06,1.11958e+06,344
2,spsc_unaligned_65536_cross-core_paced_itch,0,queue,1.11958e+06,1.14689e+06,198
2,spsc_unaligned_65536_cross-core_paced_itch,0,book,18.3334,18.7501,3
2,spsc_unaligned_65536_cross-core_paced_itch,0,book,19.1668,19.5834,18
2,spsc_unaligned_65536_cross-core_paced_itch,0,book,20.0001,20.4168,328
2,spsc_unaligned_65536_cross-core_paced_itch,0,book,20.8334,21.2501,938
2,spsc_unaligned_65536_cross-core_paced_itch,0,book,21.6668,22.0834,771
2,spsc_unaligned_65536_cross-core_paced_itch,0,book,22.5001,22.9168,226
2,spsc_unaligned_65536_cross-core_paced_itch,0,book,23.3334,23.7501,80
2,spsc_unaligned_65536_cross-core_paced_itch,0,book,24.1668,24.5834,45
2,spsc_unaligned_65536_cross-core_paced_itch,0,book,25.0001,25.4168,106
2,spsc_unaligned_65536_cross-core_paced_itch,0,book,25.8335,26.2501,405
2,spsc_unaligned_65536_cross-core_paced_itch,0,book,26.6668,27.5001,746
2,spsc_unaligned_65536_cross-core_paced_itch,0,book,27.5001,28.3335,964
2,spsc_unaligned_65536_cross-core_paced_itch,0,book,28.3335,29.1668,1237
2,spsc_unaligned_65536_cross-core_paced_itch,0,book,29.1668,30.0001,1862
2,spsc_unaligned_65536_cross-core_paced_itch,0,book,30.0001,30.8335,1643
2,spsc_unaligned_65536_cross-core_paced_itch,0,book,30.8335,31.6668,1121
2,spsc_unaligned_65536_cross-core_paced_itch,0,book,31.6668,32.5002,641
2,spsc_unaligned_65536_cross-core_paced_itch,0,book,32.5002,33.3335,647
2,spsc_unaligned_65536_cross-core_paced_itch,0,book,33.3335,34.1668,789
2,spsc_unaligned_65536_cross-core_paced_itch,0,book,34.1668,35.0002,646
2,spsc_unaligned_65536_cross-core_paced_itch,0,book,35.0002,35.8335,592
2,spsc_unaligned_65536_cross-core_paced_itch,0,book,35.8335,36.6668,409
2,spsc_unaligned_65536_cross-core_paced_itch,0,book,36.6668,37.5002,336
2,spsc_unaligned_65536_cross-core_paced_itch,0,book,37.5002,38.3335,411
2,spsc_unaligned_65536_cross-core_paced_itch,0,book,38.3335,39.1669,366
2,spsc_unaligned_65536_cross-core_paced_itch,0,book,39.1669,40.0002,366
2,spsc_unaligned_65536_cross-core_paced_itch,0,book,40.0002,40.8335,454
2,spsc_unaligned_65536_cross-core_paced_itch,0,book,40.8335,41.6669,471
2,spsc_unaligned_65536_cross-core_paced_itch,0,book,41.6669,42.5002,562
2,spsc_unaligned_65536_cross-core_paced_itch,0,book,42.5002,43.3335,623
2,spsc_unaligned_65536_cross-core_paced_itch,0,book,43.3335,44.1669,522
2,spsc_unaligned_65536_cross-core_paced_itch,0,book,44.1669,45.0002,512
2,spsc_unaligned_65536_cross-core_paced_itch,0,book,45.0002,45.8335,513
2,spsc_unaligned_65536_cross-core_paced_itch,0,book,45.8335,46.6669,487
2,spsc_unaligned_65536_cross-core_paced_itch,0,book,46.6669,47.5002,656
2,spsc_unaligned_65536_cross-core_paced_itch,0,book,47.5002,48.3336,589
2,spsc_unaligned_65536_cross-core_paced_itch,0,book,48.3336,49.1669,651
2,spsc_unaligned_65536_cross-core_paced_itch,0,book,49.1669,50.0002,643
2,spsc_unaligned_65536_cross-core_paced_itch,0,book,50.0002,50.8336,696
2,spsc_unaligned_65536_cross-core_paced_itch,0,book,50.8336,51.6669,720
2,spsc_unaligned_65536_cross-core_paced_itch,0,book,51.6669,52.5002,756
2,spsc_unaligned_65536_cross-core_paced_itch,0,book,52.5002,53.3336,779
2,spsc_unaligned_65536_cross-core_paced_itch,0,book,53.3336,55.0003,1455
2,spsc_unaligned_65536_cross-core_paced_itch,0,book,55.0003,56.6669,1562
2,spsc_unaligned_65536_cross-core_paced_itch,0,book,56.6669,58.3336,1634
2,spsc_unaligned_65536_cross-core_paced_itch,0,book,58.3336,60.0003,1525
2,spsc_unaligned_65536_cross-core_paced_itch,0,book,60.0003,61.667,1692
2,spsc_unaligned_65536_cross-core_paced_itch,0,book,61.667,63.3336,1647
2,spsc_unaligned_65536_cross-core_paced_itch,0,book,63.3336,65.0003,1545
2,spsc_unaligned_65536_cross-core_paced_itch,0,book,65.0003,66.667,1440
2,spsc_unaligned_65536_cross-core_paced_itch,0,book,66.667,68.3337,1441
2,spsc_unaligned_65536_cross-core_paced_itch,0,book,68.3337,70.0003,1443
2,spsc_unaligned_65536_cross-core_paced_itch,0,book,70.0003,71.667,1325
2,spsc_unaligned_65536_cross-core_paced_itch,0,book,71.667,73.3337,1201
2,spsc_unaligned_65536_cross-core_paced_itch,0,book,73.3337,75.0004,1193
2,spsc_unaligned_65536_cross-core_paced_itch,0,book,75.0004,76.667,1145
2,spsc_unaligned_65536_cross-core_paced_itch,0,book,76.667,78.3337,1038
2,spsc_unaligned_65536_cross-core_paced_itch,0,book,78.3337,80.0004,929
2,spsc_unaligned_65536_cross-core_paced_itch,0,book,80.0004,81.6671,914
2,spsc_unaligned_65536_cross-core_paced_itch,0,book,81.6671,83.3337,876
2,spsc_unaligned_65536_cross-core_paced_itch,0,book,83.3337,85.0004,789
2,spsc_unaligned_65536_cross-core_paced_itch,0,book,85.0004,86.6671,639
2,spsc_unaligned_65536_cross-core_paced_itch,0,book,86.6671,88.3337,646
2,spsc_unaligned_65536_cross-core_paced_itch,0,book,88.3337,90.0004,569
2,spsc_unaligned_65536_cross-core_paced_itch,0,book,90.0004,91.6671,536
2,spsc_unaligned_65536_cross-core_paced_itch,0,book,91.6671,93.3338,537
2,spsc_unaligned_65536_cross-core_paced_itch,0,book,93.3338,95.0004,453
2,spsc_unaligned_65536_cross-core_paced_itch,0,book,95.0004,96.6671,489
2,spsc_unaligned_65536_cross-core_paced_itch,0,book,96.6671,98.3338,440
2,spsc_unaligned_65536_cross-core_paced_itch,0,book,98.3338,100,459
2,spsc_unaligned_65536_cross-core_paced_itch,0,book,100,101.667,482
2,spsc_unaligned_65536_cross-core_paced_itch,0,book,101.667,103.334,484
2,spsc_unaligned_65536_cross-core_paced_itch,0,book,103.334,105,398
2,spsc_unaligned_65536_cross-core_paced_itch,0,book,105,106.667,405
2,spsc_unaligned_65536_cross-core_paced_itch,0,book,106.667,110.001,862
2,spsc_unaligned_65536_cross-core_paced_itch,0,book,110.001,113.334,902
2,spsc_unaligned_65536_cross-core_paced_itch,0,book,113.334,116.667,859
2,spsc_unaligned_65536_cross-core_paced_itch,0,book,116.667,120.001,720
2,spsc_unaligned_65536_cross-core_paced_itch,0,book,120.001,123.334,705
2,spsc_unaligned_65536_cross-core_paced_itch,0,book,123.334,126.667,854
2,spsc_unaligned_65536_cross-core_paced_itch,0,book,126.667,130.001,2165
2,spsc_unaligned_65536_cross-core_paced_itch,0,book,130.001,133.334,3778
2,spsc_unaligned_65536_cross-core_paced_itch,0,book,133.334,136.667,4352
2,spsc_unaligned_65536_cross-core_paced_itch,0,book,136.667,140.001,4670
2,spsc_unaligned_65536_cross-core_paced_itch,0,book,140.001,143.334,7363
2,spsc_unaligned_65536_cross-core_paced_itch,0,book,143.334,146.667,9082
2,spsc_unaligned_65536_cross-core_paced_itch,0,book,146.667,150.001,9004
2,spsc_unaligned_65536_cross-core_paced_itch,0,book,150.001,153.334,8002
2,spsc_unaligned_65536_cross-core_paced_itch,0,book,153.334,156.667,8690
2,spsc_unaligned_65536_cross-core_paced_itch,0,book,156.667,160.001,8133
2,spsc_unaligned_65536_cross-core_paced_itch,0,book,160.001,163.334,7147
2,spsc_unaligned_65536_cross-core_paced_itch,0,book,163.334,166.667,5828
2,spsc_unaligned_65536_cross-core_paced_itch,0,book,166.667,170.001,5100
2,spsc_unaligned_65536_cross-core_paced_itch,0,book,170.001,173.334,4197
2,spsc_unaligned_65536_cross-core_paced_itch,0,book,173.334,176.667,3991
2,spsc_unaligned_65536_cross-core_paced_itch,0,book,176.667,180.001,3565
2,spsc_unaligned_65536_cross-core_paced_itch,0,book,180.001,183.334,3489
2,spsc_unaligned_65536_cross-core_paced_itch,0,book,183.334,186.668,3179
2,spsc_unaligned_65536_cross-core_paced_itch,0,book,186.668,190.001,3168
2,spsc_unaligned_65536_cross-core_paced_itch,0,book,190.001,193.334,2937
2,spsc_unaligned_65536_cross-core_paced_itch,0,book,193.334,196.668,2703
2,spsc_unaligned_65536_cross-core_paced_itch,0,book,196.668,200.001,2577
2,spsc_unaligned_65536_cross-core_paced_itch,0,book,200.001,203.334,2498
2,spsc_unaligned_65536_cross-core_paced_itch,0,book,203.334,206.668,2198
2,spsc_unaligned_65536_cross-core_paced_itch,0,book,206.668,210.001,2130
2,spsc_unaligned_65536_cross-core_paced_itch,0,book,210.001,213.334,1959
2,spsc_unaligned_65536_cross-core_paced_itch,0,book,213.334,220.001,3673
2,spsc_unaligned_65536_cross-core_paced_itch,0,book,220.001,226.668,3172
2,spsc_unaligned_65536_cross-core_paced_itch,0,book,226.668,233.334,2870
2,spsc_unaligned_65536_cross-core_paced_itch,0,book,233.334,240.001,2479
2,spsc_unaligned_65536_cross-core_paced_itch,0,book,240.001,246.668,2331
2,spsc_unaligned_65536_cross-core_paced_itch,0,book,246.668,253.335,2087
2,spsc_unaligned_65536_cross-core_paced_itch,0,book,253.335,260.001,1873
2,spsc_unaligned_65536_cross-core_paced_itch,0,book,260.001,266.668,1787
2,spsc_unaligned_65536_cross-core_paced_itch,0,book,266.668,273.335,1786
2,spsc_unaligned_65536_cross-core_paced_itch,0,book,273.335,280.001,1877
2,spsc_unaligned_65536_cross-core_paced_itch,0,book,280.001,286.668,1895
2,spsc_unaligned_65536_cross-core_paced_itch,0,book,286.668,293.335,1902
2,spsc_unaligned_65536_cross-core_paced_itch,0,book,293.335,300.001,1939
2,spsc_unaligned_65536_cross-core_paced_itch,0,book,300.001,306.668,1985
2,spsc_unaligned_65536_cross-core_paced_itch,0,book,306.668,313.335,2003
2,spsc_unaligned_65536_cross-core_paced_itch,0,book,313.335,320.002,1871
2,spsc_unaligned_65536_cross-core_paced_itch,0,book,320.002,326.668,1888
2,spsc_unaligned_65536_cross-core_paced_itch,0,book,326.668,333.335,1781
2,spsc_unaligned_65536_cross-core_paced_itch,0,book,333.335,340.002,1668
2,spsc_unaligned_65536_cross-core_paced_itch,0,book,340.002,346.668,1555
2,spsc_unaligned_65536_cross-core_paced_itch,0,book,346.668,353.335,1506
2,spsc_unaligned_65536_cross-core_paced_itch,0,book,353.335,360.002,1453
2,spsc_unaligned_65536_cross-core_paced_itch,0,book,360.002,366.668,1404
2,spsc_unaligned_65536_cross-core_paced_itch,0,book,366.668,373.335,1341
2,spsc_unaligned_65536_cross-core_paced_itch,0,book,373.335,380.002,1246
2,spsc_unaligned_65536_cross-core_paced_itch,0,book,380.002,386.668,1189
2,spsc_unaligned_65536_cross-core_paced_itch,0,book,386.668,393.335,1204
2,spsc_unaligned_65536_cross-core_paced_itch,0,book,393.335,400.002,1171
2,spsc_unaligned_65536_cross-core_paced_itch,0,book,400.002,406.669,1158
2,spsc_unaligned_65536_cross-core_paced_itch,0,book,406.669,413.335,1082
2,spsc_unaligned_65536_cross-core_paced_itch,0,book,413.335,420.002,1105
2,spsc_unaligned_65536_cross-core_paced_itch,0,book,420.002,426.669,1093
2,spsc_unaligned_65536_cross-core_paced_itch,0,book,426.669,440.002,2082
2,spsc_unaligned_65536_cross-core_paced_itch,0,book,440.002,453.335,1911
2,spsc_unaligned_65536_cross-core_paced_itch,0,book,453.335,466.669,1541
2,spsc_unaligned_65536_cross-core_paced_itch,0,book,466.669,480.002,1349
2,spsc_unaligned_65536_cross-core_paced_itch,0,book,480.002,493.336,1158
2,spsc_unaligned_65536_cross-core_paced_itch,0,book,493.336,506.669,997
2,spsc_unaligned_65536_cross-core_paced_itch,0,book,506.669,520.002,836
2,spsc_unaligned_65536_cross-core_paced_itch,0,book,520.002,533.336,884
2,spsc_unaligned_65536_cross-core_paced_itch,0,book,533.336,546.669,806
2,spsc_unaligned_65536_cross-core_paced_itch,0,book,546.669,560.003,754
2,spsc_unaligned_65536_cross-core_paced_itch,0,book,560.003,573.336,688
2,spsc_unaligned_65536_cross-core_paced_itch,0,book,573.336,586.669,667
2,spsc_unaligned_65536_cross-core_paced_itch,0,book,586.669,600.003,615
2,spsc_unaligned_65536_cross-core_paced_itch,0,book,600.003,613.336,510
2,spsc_unaligned_65536_cross-core_paced_itch,0,book,613.336,626.67,428
2,spsc_unaligned_65536_cross-core_paced_itch,0,book,626.67,640.003,436
2,spsc_unaligned_65536_cross-core_paced_itch,0,book,640.003,653.336,411
2,spsc_unaligned_65536_cross-core_paced_itch,0,book,653.336,666.67,334
2,spsc_unaligned_65536_cross-core_paced_itch,0,book,666.67,680.003,348
2,spsc_unaligned_65536_cross-core_paced_itch,0,book,680.003,693.337,309
2,spsc_unaligned_65536_cross-core_paced_itch,0,book,693.337,706.67,238
2,spsc_unaligned_65536_cross-core_paced_itch,0,book,706.67,720.003,264
2,spsc_unaligned_65536_cross-core_paced_itch,0,book,720.003,733.337,232
2,spsc_unaligned_65536_cross-core_paced_itch,0,book,733.337,746.67,204
2,spsc_unaligned_65536_cross-core_paced_itch,0,book,746.67,760.004,187
2,spsc_unaligned_65536_cross-core_paced_itch,0,book,760.004,773.337,166
2,spsc_unaligned_65536_cross-core_paced_itch,0,book,773.337,786.67,123
2,spsc_unaligned_65536_cross-core_paced_itch,0,book,786.67,800.004,131
2,spsc_unaligned_65536_cross-core_paced_itch,0,book,800.004,813.337,108
2,spsc_unaligned_65536_cross-core_paced_itch,0,book,813.337,826.671,103
2,spsc_unaligned_65536_cross-core_paced_itch,0,book,826.671,840.004,96
2,spsc_unaligned_65536_cross-core_paced_itch,0,book,840.004,853.337,101
2,spsc_unaligned_65536_cross-core_paced_itch,0,book,853.337,880.004,170
2,spsc_unaligned_65536_cross-core_paced_itch,0,book,880.004,906.671,125
2,spsc_unaligned_65536_cross-core_paced_itch,0,book,906.671,933.338,100
2,spsc_unaligned_65536_cross-core_paced_itch,0,book,933.338,960.005,87
2,spsc_unaligned_65536_cross-core_paced_itch,0,book,960.005,986.671,74
2,spsc_unaligned_65536_cross-core_paced_itch,0,book,986.671,1013.34,44
2,spsc_unaligned_65536_cross-core_paced_itch,0,book,1013.34,1040,52
2,spsc_unaligned_65536_cross-core_paced_itch,0,book,1040,1066.67,14
2,spsc_unaligned_65536_cross-core_paced_itch,0,book,1066.67,1093.34,25
2,spsc_unaligned_65536_cross-core_paced_itch,0,book,1093.34,1120.01,23
2,spsc_unaligned_65536_cross-core_paced_itch,0,book,1120.01,1146.67,19
2,spsc_unaligned_65536_cross-core_paced_itch,0,book,1146.67,1173.34,18
2,spsc_unaligned_65536_cross-core_paced_itch,0,book,1173.34,1200.01,9
2,spsc_unaligned_65536_cross-core_paced_itch,0,book,1200.01,1226.67,13
2,spsc_unaligned_65536_cross-core_paced_itch,0,book,1226.67,1253.34,7
2,spsc_unaligned_65536_cross-core_paced_itch,0,book,1253.34,1280.01,10
2,spsc_unaligned_65536_cross-core_paced_itch,0,book,1280.01,1306.67,10
2,spsc_unaligned_65536_cross-core_paced_itch,0,book,1306.67,1333.34,7
2,spsc_unaligned_65536_cross-core_paced_itch,0,book,1333.34,1360.01,10
2,spsc_unaligned_65536_cross-core_paced_itch,0,book,1360.01,1386.67,6
2,spsc_unaligned_65536_cross-core_paced_itch,0,book,1386.67,1413.34,6
2,spsc_unaligned_65536_cross-core_paced_itch,0,book,1413.34,1440.01,6
2,spsc_unaligned_65536_cross-core_paced_itch,0,book,1440.01,1466.67,4
2,spsc_unaligned_65536_cross-core_paced_itch,0,book,1466.67,1493.34,4
2,spsc_unaligned_65536_cross-core_paced_itch,0,book,1493.34,1520.01,9
2,spsc_unaligned_65536_cross-core_paced_itch,0,book,1520.01,1546.67,5
2,spsc_unaligned_65536_cross-core_paced_itch,0,book,1546.67,1573.34,5
2,spsc_unaligned_65536_cross-core_paced_itch,0,book,1573.34,1600.01,10
2,spsc_unaligned_65536_cross-core_paced_itch,0,book,1600.01,1626.67,8
2,spsc_unaligned_65536_cross-core_paced_itch,0,book,1626.67,1653.34,6
2,spsc_unaligned_65536_cross-core_paced_itch,0,book,1653.34,1680.01,10
2,spsc_unaligned_65536_cross-core_paced_itch,0,book,1680.01,1706.67,6
2,spsc_unaligned_65536_cross-core_paced_itch,0,book,1706.67,1760.01,22
2,spsc_unaligned_65536_cross-core_paced_itch,0,book,1760.01,1813.34,10
2,spsc_unaligned_65536_cross-core_paced_itch,0,book,1813.34,1866.68,15
2,spsc_unaligned_65536_cross-core_paced_itch,0,book,1866.68,1920.01,16
2,spsc_unaligned_65536_cross-core_paced_itch,0,book,1920.01,1973.34,14
2,spsc_unaligned_65536_cross-core_paced_itch,0,book,1973.34,2026.68,8
2,spsc_unaligned_65536_cross-core_paced_itch,0,book,2026.68,2080.01,11
2,spsc_unaligned_65536_cross-core_paced_itch,0,book,2080.01,2133.34,7
2,spsc_unaligned_65536_cross-core_paced_itch,0,book,2133.34,2186.68,6
2,spsc_unaligned_65536_cross-core_paced_itch,0,book,2186.68,2240.01,4
2,spsc_unaligned_65536_cross-core_paced_itch,0,book,2240.01,2293.34,9
2,spsc_unaligned_65536_cross-core_paced_itch,0,book,2293.34,2346.68,6
2,spsc_unaligned_65536_cross-core_paced_itch,0,book,2346.68,2400.01,1
2,spsc_unaligned_65536_cross-core_paced_itch,0,book,2400.01,2453.34,4
2,spsc_unaligned_65536_cross-core_paced_itch,0,book,2506.68,2560.01,1
2,spsc_unaligned_65536_cross-core_paced_itch,0,book,2613.35,2666.68,1
2,spsc_unaligned_65536_cross-core_paced_itch,0,book,2666.68,2720.01,2
2,spsc_unaligned_65536_cross-core_paced_itch,0,book,2773.35,2826.68,1
2,spsc_unaligned_65536_cross-core_paced_itch,0,book,2880.01,2933.35,1
2,spsc_unaligned_65536_cross-core_paced_itch,0,book,2933.35,2986.68,2
2,spsc_unaligned_65536_cross-core_paced_itch,0,book,3040.01,3093.35,2
2,spsc_unaligned_65536_cross-core_paced_itch,0,book,3093.35,3146.68,4
2,spsc_unaligned_65536_cross-core_paced_itch,0,book,3200.02,3253.35,3
2,spsc_unaligned_65536_cross-core_paced_itch,0,book,3253.35,3306.68,3
2,spsc_unaligned_65536_cross-core_paced_itch,0,book,3306.68,3360.02,2
2,spsc_unaligned_65536_cross-core_paced_itch,0,book,3360.02,3413.35,1
2,spsc_unaligned_65536_cross-core_paced_itch,0,book,3520.02,3626.68,5
2,spsc_unaligned_65536_cross-core_paced_itch,0,book,3626.68,3733.35,2
2,spsc_unaligned_65536_cross-core_paced_itch,0,book,3733.35,3840.02,2
2,spsc_unaligned_65536_cross-core_paced_itch,0,book,3840.02,3946.69,1
2,spsc_unaligned_65536_cross-core_paced_itch,0,book,3946.69,4053.35,1
2,spsc_unaligned_65536_cross-core_paced_itch,0,book,4053.35,4160.02,1
2,spsc_unaligned_65536_cross-core_paced_itch,0,book,4160.02,4266.69,2
2,spsc_unaligned_65536_cross-core_paced_itch,0,book,4266.69,4373.35,2
2,spsc_unaligned_65536_cross-core_paced_itch,0,book,4586.69,4693.36,1
2,spsc_unaligned_65536_cross-core_paced_itch,0,book,4693.36,4800.02,2
2,spsc_unaligned_65536_cross-core_paced_itch,0,book,4906.69,5013.36,1
2,spsc_unaligned_65536_cross-core_paced_itch,0,book,5120.02,5226.69,1
2,spsc_unaligned_65536_cross-core_paced_itch,0,book,5226.69,5333.36,2
2,spsc_unaligned_65536_cross-core_paced_itch,0,book,5333.36,5440.03,4
2,spsc_unaligned_65536_cross-core_paced_itch,0,book,5440.03,5546.69,6
2,spsc_unaligned_65536_cross-core_paced_itch,0,book,5546.69,5653.36,9
2,spsc_unaligned_65536_cross-core_paced_itch,0,book,5866.69,5973.36,4
2,spsc_unaligned_65536_cross-core_paced_itch,0,book,5973.36,6080.03,2
2,spsc_unaligned_65536_cross-core_paced_itch,0,book,6080.03,6186.7,1
2,spsc_unaligned_65536_cross-core_paced_itch,0,book,6293.36,6400.03,1
2,spsc_unaligned_65536_cross-core_paced_itch,0,book,6400.03,6506.7,1
2,spsc_unaligned_65536_cross-core_paced_itch,0,book,6506.7,6613.36,2
2,spsc_unaligned_65536_cross-core_paced_itch,0,book,6613.36,6720.03,2
2,spsc_unaligned_65536_cross-core_paced_itch,0,book,6720.03,6826.7,1
2,spsc_unaligned_65536_cross-core_paced_itch,0,book,6826.7,7040.03,4
2,spsc_unaligned_65536_cross-core_paced_itch,0,book,7040.03,7253.37,1
2,spsc_unaligned_65536_cross-core_paced_itch,0,book,7253.37,7466.7,1
2,spsc_unaligned_65536_cross-core_paced_itch,0,book,7466.7,7680.04,2
2,spsc_unaligned_65536_cross-core_paced_itch,0,book,7680.04,7893.37,2
2,spsc_unaligned_65536_cross-core_paced_itch,0,book,7893.37,8106.7,1
2,spsc_unaligned_65536_cross-core_paced_itch,0,book,8106.7,8320.04,7
2,spsc_unaligned_65536_cross-core_paced_itch,0,book,8320.04,8533.37,6
2,spsc_unaligned_65536_cross-core_paced_itch,0,book,8533.37,8746.71,4
2,spsc_unaligned_65536_cross-core_paced_itch,0,book,8746.71,8960.04,11
2,spsc_unaligned_65536_cross-core_paced_itch,0,book,8960.04,9173.38,15
2,spsc_unaligned_65536_cross-core_paced_itch,0,book,9173.38,9386.71,5
2,spsc_unaligned_65536_cross-core_paced_itch,0,book,9386.71,9600.05,5
2,spsc_unaligned_65536_cross-core_paced_itch,0,book,9600.05,9813.38,2
2,spsc_unaligned_65536_cross-core_paced_itch,0,book,9813.38,10026.7,2
2,spsc_unaligned_65536_cross-core_paced_itch,0,book,10026.7,10240,1
2,spsc_unaligned_65536_cross-core_paced_itch,0,book,10240,10453.4,3
2,spsc_unaligned_65536_cross-core_paced_itch,0,book,10453.4,10666.7,2
2,spsc_unaligned_65536_cross-core_paced_itch,0,book,10666.7,10880.1,3
2,spsc_unaligned_65536_cross-core_paced_itch,0,book,11093.4,11306.7,2
2,spsc_unaligned_65536_cross-core_paced_itch,0,book,11733.4,11946.7,1
2,spsc_unaligned_65536_cross-core_paced_itch,0,book,11946.7,12160.1,1
2,spsc_unaligned_65536_cross-core_paced_itch,0,book,12160.1,12373.4,1
2,spsc_unaligned_65536_cross-core_paced_itch,0,book,119467,122881,1
3,spsc_unaligned_65536_cross-core_paced_itch,0,total,273.335,280.001,1
3,spsc_unaligned_65536_cross-core_paced_itch,0,total,293.335,300.001,2
3,spsc_unaligned_65536_cross-core_paced_itch,0,total,300.001,306.668,1
3,spsc_unaligned_65536_cross-core_paced_itch,0,total,306.668,313.335,2
3,spsc_unaligned_65536_cross-core_paced_itch,0,total,313.335,320.002,5
3,spsc_unaligned_65536_cross-core_paced_itch,0,total,320.002,326.668,6
3,spsc_unaligned_65536_cross-core_paced_itch,0,total,326.668,333.335,4
3,spsc_unaligned_65536_cross-core_paced_itch,0,total,333.335,340.002,5
3,spsc_unaligned_65536_cross-core_paced_itch,0,total,340.002,346.668,7
3,spsc_unaligned_65536_cross-core_paced_itch,0,total,346.668,353.335,17
3,spsc_unaligned_65536_cross-core_paced_itch,0,total,353.335,360.002,32
3,spsc_unaligned_65536_cross-core_paced_itch,0,total,360.002,366.668,59
3,spsc_unaligned_65536_cross-core_paced_itch,0,total,366.668,373.335,90
3,spsc_unaligned_65536_cross-core_paced_itch,0,total,373.335,380.002,201
3,spsc_unaligned_65536_cross-core_paced_itch,0,total,380.002,386.668,308
3,spsc_unaligned_65536_cross-core_paced_itch,0,total,386.668,393.335,411
3,spsc_unaligned_65536_cross-core_paced_itch,0,total,393.335,400.002,633
3,spsc_unaligned_65536_cross-core_paced_itch,0,total,400.002,406.669,888
3,spsc_unaligned_65536_cross-core_paced_itch,0,total,406.669,413.335,1069
3,spsc_unaligned_65536_cross-core_paced_itch,0,total,413.335,420.002,1453
3,spsc_unaligned_65536_cross-core_paced_itch,0,total,420.002,426.669,1696
3,spsc_unaligned_65536_cross-core_paced_itch,0,total,426.669,440.002,3577
3,spsc_unaligned_65536_cross-core_paced_itch,0,total,440.002,453.335,3754
3,spsc_unaligned_65536_cross-core_paced_itch,0,total,453.335,466.669,3506
3,spsc_unaligned_65536_cross-core_paced_itch,0,total,466.669,480.002,3114
3,spsc_unaligned_65536_cross-core_paced_itch,0,total,480.002,493.336,3470
3,spsc_unaligned_65536_cross-core_paced_itch,0,total,493.336,506.669,4444
3,spsc_unaligned_65536_cross-core_paced_itch,0,total,506.669,520.002,5834
3,spsc_unaligned_65536_cross-core_paced_itch,0,total,520.002,533.336,7196
3,spsc_unaligned_65536_cross-core_paced_itch,0,total,533.336,546.669,7703
3,spsc_unaligned_65536_cross-core_paced_itch,0,total,546.669,560.003,7684
3,spsc_unaligned_65536_cross-core_paced_itch,0,total,560.003,573.336,7054
3,spsc_unaligned_65536_cross-core_paced_itch,0,total,573.336,586.669,6259
3,spsc_unaligned_65536_cross-core_paced_itch,0,total,586.669,600.003,5448
3,spsc_unaligned_65536_cross-core_paced_itch,0,total,600.003,613.336,4621
3,spsc_unaligned_65536_cross-core_paced_itch,0,total,613.336,626.67,3974
3,spsc_unaligned_65536_cross-core_paced_itch,0,total,626.67,640.003,3604
3,spsc_unaligned_65536_cross-core_paced_itch,0,total,640.003,653.336,3671
3,spsc_unaligned_65536_cross-core_paced_itch,0,total,653.336,666.67,3784
3,spsc_unaligned_65536_cross-core_paced_itch,0,total,666.67,680.003,4025
3,spsc_unaligned_65536_cross-core_paced_itch,0,total,680.003,693.337,4130
3,spsc_unaligned_65536_cross-core_paced_itch,0,total,693.337,706.67,3930
3,spsc_unaligned_65536_cross-core_paced_itch,0,total,706.67,720.003,3644
3,spsc_unaligned_65536_cross-core_paced_itch,0,total,720.003,733.337,3325
3,spsc_unaligned_65536_cross-core_paced_itch,0,total,733.337,746.67,3062
3,spsc_unaligned_65536_cross-core_paced_itch,0,total,746.67,760.004,2750
3,spsc_unaligned_65536_cross-core_paced_itch,0,total,760.004,773.337,2774
3,spsc_unaligned_65536_cross-core_paced_itch,0,total,773.337,786.67,2691
3,spsc_unaligned_65536_cross-core_paced_itch,0,total,786.67,800.004,2469
3,spsc_unaligned_65536_cross-core_paced_itch,0,total,800.004,813.337,2400
3,spsc_unaligned_65536_cross-core_paced_itch,0,total,813.337,826.671,2251
3,spsc_unaligned_65536_cross-core_paced_itch,0,total,826.671,840.004,2171
3,spsc_unaligned_65536_cross-core_paced_itch,0,total,840.004,853.337,2007
3,spsc_unaligned_65536_cross-core_paced_itch,0,total,853.337,880.004,3615
3,spsc_unaligned_65536_cross-core_paced_itch,0,total,880.004,906.671,3287
3,spsc_unaligned_65536_cross-core_paced_itch,0,total,906.671,933.338,3093
3,spsc_unaligned_65536_cross-core_paced_itch,0,total,933.338,960.005,2745
3,spsc_unaligned_65536_cross-core_paced_itch,0,total,960.005,986.671,2445
3,spsc_unaligned_65536_cross-core_paced_itch,0,total,986.671,1013.34,2216
3,spsc_unaligned_65536_cross-core_paced_itch,0,total,1013.34,1040,1943
3,spsc_unaligned_65536_cross-core_paced_itch,0,total,1040,1066.67,1807
3,spsc_unaligned_65536_cross-core_paced_itch,0,total,1066.67,1093.34,1599
3,spsc_unaligned_65536_cross-core_paced_itch,0,total,1093.34,1120.01,1453
3,spsc_unaligned_65536_cross-core_paced_itch,0,total,1120.01,1146.67,1348
3,spsc_unaligned_65536_cross-core_paced_itch,0,total,1146.67,1173.34,1228
3,spsc_unaligned_65536_cross-core_paced_itch,0,total,1173.34,1200.01,1117
3,spsc_unaligned_65536_cross-core_paced_itch,0,total,1200.01,1226.67,1045
3,spsc_unaligned_65536_cross-core_paced_itch,0,total,1226.67,1253.34,1020
3,spsc_unaligned_65536_cross-core_paced_itch,0,total,1253.34,1280.01,910
3,spsc_unaligned_65536_cross-core_paced_itch,0,total,1280.01,1306.67,881
3,spsc_unaligned_65536_cross-core_paced_itch,0,total,1306.67,1333.34,816
3,spsc_unaligned_65536_cross-core_paced_itch,0,total,1333.34,1360.01,765
3,spsc_unaligned_65536_cross-core_paced_itch,0,total,1360.01,1386.67,693
3,spsc_unaligned_65536_cross-core_paced_itch,0,total,1386.67,1413.34,669
3,spsc_unaligned_65536_cross-core_paced_itch,0,total,1413.34,1440.01,660
3,spsc_unaligned_65536_cross-core_paced_itch,0,total,1440.01,1466.67,653
3,spsc_unaligned_65536_cross-core_paced_itch,0,total,1466.67,1493.34,641
3,spsc_unaligned_65536_cross-core_paced_itch,0,total,1493.34,1520.01,632
3,spsc_unaligned_65536_cross-core_paced_itch,0,total,1520.01,1546.67,581
3,spsc_unaligned_65536_cross-core_paced_itch,0,total,1546.67,1573.34,585
3,spsc_unaligned_65536_cross-core_paced_itch,0,total,1573.34,1600.01,580
3,spsc_unaligned_65536_cross-core_paced_itch,0,total,1600.01,1626.67,513
3,spsc_unaligned_65536_cross-core_paced_itch,0,total,1626.67,1653.34,556
3,spsc_unaligned_65536_cross-core_paced_itch,0,total,1653.34,1680.01,558
3,spsc_unaligned_65536_cross-core_paced_itch,0,total,1680.01,1706.67,541
3,spsc_unaligned_65536_cross-core_paced_itch,0,total,1706.67,1760.01,984
3,spsc_unaligned_65536_cross-core_paced_itch,0,total,1760.01,1813.34,952
3,spsc_unaligned_65536_cross-core_paced_itch,0,total,1813.34,1866.68,1003
3,spsc_unaligned_65536_cross-core_paced_itch,0,total,1866.68,1920.01,850
3,spsc_unaligned_65536_cross-core_paced_itch,0,total,1920.01,1973.34,972
3,spsc_unaligned_65536_cross-core_paced_itch,0,total,1973.34,2026.68,929
3,spsc_unaligned_65536_cross-core_paced_itch,0,total,2026.68,2080.01,928
3,spsc_unaligned_65536_cross-core_paced_itch,0,total,2080.01,2133.34,816
3,spsc_unaligned_65536_cross-core_paced_itch,0,total,2133.34,2186.68,793
3,spsc_unaligned_65536_cross-core_paced_itch,0,total,2186.68,2240.01,827
3,spsc_unaligned_65536_cross-core_paced_itch,0,total,2240.01,2293.34,762
3,spsc_unaligned_65536_cross-core_paced_itch,0,total,2293.34,2346.68,739
3,spsc_unaligned_65536_cross-core_paced_itch,0,total,2346.68,2400.01,756
3,spsc_unaligned_65536_cross-core_paced_itch,0,total,2400.01,2453.34,710
3,spsc_unaligned_65536_cross-core_paced_itch,0,total,2453.34,2506.68,724
3,spsc_unaligned_65536_cross-core_paced_itch,0,total,2506.68,2560.01,714
3,spsc_unaligned_65536_cross-core_paced_itch,0,total,2560.01,2613.35,673
3,spsc_unaligned_65536_cross-core_paced_itch,0,total,2613.35,2666.68,649
3,spsc_unaligned_65536_cross-core_paced_itch,0,total,2666.68,2720.01,668
3,spsc_unaligned_65536_cross-core_paced_itch,0,total,2720.01,2773.35,694
3,spsc_unaligned_65536_cross-core_paced_itch,0,total,2773.35,2826.68,595
3,spsc_unaligned_65536_cross-core_paced_itch,0,total,2826.68,2880.01,652
3,spsc_unaligned_65536_cross-core_paced_itch,0,total,2880.01,2933.35,642
3,spsc_unaligned_65536_cross-core_paced_itch,0,total,2933.35,2986.68,656
3,spsc_unaligned_65536_cross-core_paced_itch,0,total,2986.68,3040.01,633
3,spsc_unaligned_65536_cross-core_paced_itch,0,total,3040.01,3093.35,627
3,spsc_unaligned_65536_cross-core_paced_itch,0,total,3093.35,3146.68,594
3,spsc_unaligned_65536_cross-core_paced_itch,0,total,3146.68,3200.02,616
3,spsc_unaligned_65536_cross-core_paced_itch,0,total,3200.02,3253.35,576
3,spsc_unaligned_65536_cross-core_paced_itch,0,total,3253.35,3306.68,602
3,spsc_unaligned_65536_cross-core_paced_itch,0,total,3306.68,3360.02,545
3,spsc_unaligned_65536_cross-core_paced_itch,0,total,3360.02,3413.35,595
3,spsc_unaligned_65536_cross-core_paced_itch,0,total,3413.35,3520.02,1050
3,spsc_unaligned_65536_cross-core_paced_itch,0,total,3520.02,3626.68,1045
3,spsc_unaligned_65536_cross-core_paced_itch,0,total,3626.68,3733.35,1071
3,spsc_unaligned_65536_cross-core_paced_itch,0,total,3733.35,3840.02,994
3,spsc_unaligned_65536_cross-core_paced_itch,0,total,3840.02,3946.69,1046
3,spsc_unaligned_65536_cross-core_paced_itch,0,total,3946.69,4053.35,906
3,spsc_unaligned_65536_cross-core_paced_itch,0,total,4053.35,4160.02,891
3,spsc_unaligned_65536_cross-core_paced_itch,0,total,4160.02,4266.69,921
3,spsc_unaligned_65536_cross-core_paced_itch,0,total,4266.69,4373.35,870
3,spsc_unaligned_65536_cross-core_paced_itch,0,total,4373.35,4480.02,847
3,spsc_unaligned_65536_cross-core_paced_itch,0,total,4480.02,4586.69,797
3,spsc_unaligned_65536_cross-core_paced_itch,0,total,4586.69,4693.36,728
3,spsc_unaligned_65536_cross-core_paced_itch,0,total,4693.36,4800.02,784
3,spsc_unaligned_65536_cross-core_paced_itch,0,total,4800.02,4906.69,771
3,spsc_unaligned_65536_cross-core_paced_itch,0,total,4906.69,5013.36,700
3,spsc_unaligned_65536_cross-core_paced_itch,0,total,5013.36,5120.02,675
3,spsc_unaligned_65536_cross-core_paced_itch,0,total,5120.02,5226.69,646
3,spsc_unaligned_65536_cross-core_paced_itch,0,total,5226.69,5333.36,665
3,spsc_unaligned_65536_cross-core_paced_itch,0,total,5333.36,5440.03,591
3,spsc_unaligned_65536_cross-core_paced_itch,0,total,5440.03,5546.69,603
3,spsc_unaligned_65536_cross-core_paced_itch,0,total,5546.69,5653.36,597
3,spsc_unaligned_65536_cross-core_paced_itch,0,total,5653.36,5760.03,550
3,spsc_unaligned_65536_cross-core_paced_itch,0,total,5760.03,5866.69,467
3,spsc_unaligned_65536_cross-core_paced_itch,0,total,5866.69,5973.36,508
3,spsc_unaligned_65536_cross-core_paced_itch,0,total,5973.36,6080.03,528
3,spsc_unaligned_65536_cross-core_paced_itch,0,total,6080.03,6186.7,471
3,spsc_unaligned_65536_cross-core_paced_itch,0,total,6186.7,6293.36,481
3,spsc_unaligned_65536_cross-core_paced_itch,0,total,6293.36,6400.03,502
3,spsc_unaligned_65536_cross-core_paced_itch,0,total,6400.03,6506.7,450
3,spsc_unaligned_65536_cross-core_paced_itch,0,total,6506.7,6613.36,482
3,spsc_unaligned_65536_cross-core_paced_itch,0,total,6613.36,6720.03,429
3,spsc_unaligned_65536_cross-core_paced_itch,0,total,6720.03,6826.7,408
3,spsc_unaligned_65536_cross-core_paced_itch,0,total,6826.7,7040.03,857
3,spsc_unaligned_65536_cross-core_paced_itch,0,total,7040.03,7253.37,806
3,spsc_unaligned_65536_cross-core_paced_itch,0,total,7253.37,7466.7,721
3,spsc_unaligned_65536_cross-core_paced_itch,0,total,7466.7,7680.04,728
3,spsc_unaligned_65536_cross-core_paced_itch,0,total,7680.04,7893.37,691
3,spsc_unaligned_65536_cross-core_paced_itch,0,total,7893.37,8106.7,666
3,spsc_unaligned_65536_cross-core_paced_itch,0,total,8106.7,8320.04,621
3,spsc_unaligned_65536_cross-core_paced_itch,0,total,8320.04,8533.37,628
3,spsc_unaligned_65536_cross-core_paced_itch,0,total,8533.37,8746.71,557
3,spsc_unaligned_65536_cross-core_paced_itch,0,total,8746.71,8960.04,572
3,spsc_unaligned_65536_cross-core_paced_itch,0,total,8960.04,9173.38,529
3,spsc_unaligned_65536_cross-core_paced_itch,0,total,9173.38,9386.71,516
3,spsc_unaligned_65536_cross-core_paced_itch,0,total,9386.71,9600.05,504
3,spsc_unaligned_65536_cross-core_paced_itch,0,total,9600.05,9813.38,485
3,spsc_unaligned_65536_cross-core_paced_itch,0,total,9813.38,10026.7,486
3,spsc_unaligned_65536_cross-core_paced_itch,0,total,10026.7,10240,436
3,spsc_unaligned_65536_cross-core_paced_itch,0,total,10240,10453.4,441
3,spsc_unaligned_65536_cross-core_paced_itch,0,total,10453.4,10666.7,432
3,spsc_unaligned_65536_cross-core_paced_itch,0,total,10666.7,10880.1,414
3,spsc_unaligned_65536_cross-core_paced_itch,0,total,10880.1,11093.4,398
3,spsc_unaligned_65536_cross-core_paced_itch,0,total,11093.4,11306.7,372
3,spsc_unaligned_65536_cross-core_paced_itch,0,total,11306.7,11520.1,335
3,spsc_unaligned_65536_cross-core_paced_itch,0,total,11520.1,11733.4,351
3,spsc_unaligned_65536_cross-core_paced_itch,0,total,11733.4,11946.7,358
3,spsc_unaligned_65536_cross-core_paced_itch,0,total,11946.7,12160.1,336
3,spsc_unaligned_65536_cross-core_paced_itch,0,total,12160.1,12373.4,305
3,spsc_unaligned_65536_cross-core_paced_itch,0,total,12373.4,12586.7,292
3,spsc_unaligned_65536_cross-core_paced_itch,0,total,12586.7,12800.1,262
3,spsc_unaligned_65536_cross-core_paced_itch,0,total,12800.1,13013.4,229
3,spsc_unaligned_65536_cross-core_paced_itch,0,total,13013.4,13226.7,206
3,spsc_unaligned_65536_cross-core_paced_itch,0,total,13226.7,13440.1,176
3,spsc_unaligned_65536_cross-core_paced_itch,0,total,13440.1,13653.4,158
3,spsc_unaligned_65536_cross-core_paced_itch,0,total,13653.4,14080.1,305
3,spsc_unaligned_65536_cross-core_paced_itch,0,total,14080.1,14506.7,245
3,spsc_unaligned_65536_cross-core_paced_itch,0,total,14506.7,14933.4,192
3,spsc_unaligned_65536_cross-core_paced_itch,0,total,14933.4,15360.1,187
3,spsc_unaligned_65536_cross-core_paced_itch,0,total,15360.1,15786.7,166
3,spsc_unaligned_65536_cross-core_paced_itch,0,total,15786.7,16213.4,150
3,spsc_unaligned_65536_cross-core_paced_itch,0,total,16213.4,16640.1,139
3,spsc_unaligned_65536_cross-core_paced_itch,0,total,16640.1,17066.7,155
3,spsc_unaligned_65536_cross-core_paced_itch,0,total,17066.7,17493.4,139
3,spsc_unaligned_65536_cross-core_paced_itch,0,total,17493.4,17920.1,128
3,spsc_unaligned_65536_cross-core_paced_itch,0,total,17920.1,18346.8,111
3,spsc_unaligned_65536_cross-core_paced_itch,0,total,18346.8,18773.4,105
3,spsc_unaligned_65536_cross-core_paced_itch,0,total,18773.4,19200.1,108
3,spsc_unaligned_65536_cross-core_paced_itch,0,total,19200.1,19626.8,109
3,spsc_unaligned_65536_cross-core_paced_itch,0,total,19626.8,20053.4,108
3,spsc_unaligned_65536_cross-core_paced_itch,0,total,20053.4,20480.1,96
3,spsc_unaligned_65536_cross-core_paced_itch,0,total,20480.1,20906.8,99
3,spsc_unaligned_65536_cross-core_paced_itch,0,total,20906.8,21333.4,75
3,spsc_unaligned_65536_cross-core_paced_itch,0,total,21333.4,21760.1,72
3,spsc_unaligned_65536_cross-core_paced_itch,0,total,21760.1,22186.8,79
3,spsc_unaligned_65536_cross-core_paced_itch,0,total,22186.8,22613.4,81
3,spsc_unaligned_65536_cross-core_paced_itch,0,total,22613.4,23040.1,68
3,spsc_unaligned_65536_cross-core_paced_itch,0,total,23040.1,23466.8,73
3,spsc_unaligned_65536_cross-core_paced_itch,0,total,23466.8,23893.4,55
3,spsc_unaligned_65536_cross-core_paced_itch,0,total,23893.4,24320.1,73
3,spsc_unaligned_65536_cross-core_paced_itch,0,total,24320.1,24746.8,61
3,spsc_unaligned_65536_cross-core_paced_itch,0,total,24746.8,25173.5,73
3,spsc_unaligned_65536_cross-core_paced_itch,0,total,25173.5,25600.1,60
3,spsc_unaligned_65536_cross-core_paced_itch,0,total,25600.1,26026.8,67
3,spsc_unaligned_65536_cross-core_paced_itch,0,total,26026.8,26453.5,52
3,spsc_unaligned_65536_cross-core_paced_itch,0,total,26453.5,26880.1,53
3,spsc_unaligned_65536_cross-core_paced_itch,0,total,26880.1,27306.8,58
3,spsc_unaligned_65536_cross-core_paced_itch,0,total,27306.8,28160.1,122
3,spsc_unaligned_65536_cross-core_paced_itch,0,total,28160.1,29013.5,123
3,spsc_unaligned_65536_cross-core_paced_itch,0,total,29013.5,29866.8,138
3,spsc_unaligned_65536_cross-core_paced_itch,0,total,29866.8,30720.1,114
3,spsc_unaligned_65536_cross-core_paced_itch,0,total,30720.1,31573.5,93
3,spsc_unaligned_65536_cross-core_paced_itch,0,total,31573.5,32426.8,74
3,spsc_unaligned_65536_cross-core_paced_itch,0,total,32426.8,33280.2,79
3,spsc_unaligned_65536_cross-core_paced_itch,0,total,33280.2,34133.5,98
3,spsc_unaligned_65536_cross-core_paced_itch,0,total,34133.5,34986.8,74
3,spsc_unaligned_65536_cross-core_paced_itch,0,total,34986.8,35840.2,79
3,spsc_unaligned_65536_cross-core_paced_itch,0,total,35840.2,36693.5,78
3,spsc_unaligned_65536_cross-core_paced_itch,0,total,36693.5,37546.8,59
3,spsc_unaligned_65536_cross-core_paced_itch,0,total,37546.8,38400.2,68
3,spsc_unaligned_65536_cross-core_paced_itch,0,total,38400.2,39253.5,54
3,spsc_unaligned_65536_cross-core_paced_itch,0,total,39253.5,40106.9,60
3,spsc_unaligned_65536_cross-core_paced_itch,0,total,40106.9,40960.2,43
3,spsc_unaligned_65536_cross-core_paced_itch,0,total,40960.2,41813.5,57
3,spsc_unaligned_65536_cross-core_paced_itch,0,total,41813.5,42666.9,61
3,spsc_unaligned_65536_cross-core_paced_itch,0,total,42666.9,43520.2,38
3,spsc_unaligned_65536_cross-core_paced_itch,0,total,43520.2,44373.5,38
3,spsc_unaligned_65536_cross-core_paced_itch,0,total,44373.5,45226.9,46
3,spsc_unaligned_65536_cross-core_paced_itch,0,total,45226.9,46080.2,47
3,spsc_unaligned_65536_cross-core_paced_itch,0,total,46080.2,46933.6,42
3,spsc_unaligned_65536_cross-core_paced_itch,0,total,46933.6,47786.9,47
3,spsc_unaligned_65536_cross-core_paced_itch,0,total,47786.9,48640.2,37
3,spsc_unaligned_65536_cross-core_paced_itch,0,total,48640.2,49493.6,59
3,spsc_unaligned_65536_cross-core_paced_itch,0,total,49493.6,50346.9,68
3,spsc_unaligned_65536_cross-core_paced_itch,0,total,50346.9,51200.2,57
3,spsc_unaligned_65536_cross-core_paced_itch,0,total,51200.2,52053.6,37
3,spsc_unaligned_65536_cross-core_paced_itch,0,total,52053.6,52906.9,37
3,spsc_unaligned_65536_cross-core_paced_itch,0,total,52906.9,53760.3,48
3,spsc_unaligned_65536_cross-core_paced_itch,0,total,53760.3,54613.6,49
3,spsc_unaligned_65536_cross-core_paced_itch,0,total,54613.6,56320.3,87
3,spsc_unaligned_65536_cross-core_paced_itch,0,total,56320.3,58026.9,97
3,spsc_unaligned_65536_cross-core_paced_itch,0,total,58026.9,59733.6,113
3,spsc_unaligned_65536_cross-core_paced_itch,0,total,59733.6,61440.3,96
3,spsc_unaligned_65536_cross-core_paced_itch,0,total,61440.3,63147,93
3,spsc_unaligned_65536_cross-core_paced_itch,0,total,63147,64853.6,89
3,spsc_unaligned_65536_cross-core_paced_itch,0,total,64853.6,66560.3,62
3,spsc_unaligned_65536_cross-core_paced_itch,0,total,66560.3,68267,87
3,spsc_unaligned_65536_cross-core_paced_itch,0,total,68267,69973.7,57
3,spsc_unaligned_65536_cross-core_paced_itch,0,total,69973.7,71680.3,50
3,spsc_unaligned_65536_cross-core_paced_itch,0,total,71680.3,73387,37
3,spsc_unaligned_65536_cross-core_paced_itch,0,total,73387,75093.7,41
3,spsc_unaligned_65536_cross-core_paced_itch,0,total,75093.7,76800.4,38
3,spsc_unaligned_65536_cross-core_paced_itch,0,total,76800.4,78507,32
3,spsc_unaligned_65536_cross-core_paced_itch,0,total,78507,80213.7,37
3,spsc_unaligned_65536_cross-core_paced_itch,0,total,80213.7,81920.4,41
3,spsc_unaligned_65536_cross-core_paced_itch,0,total,81920.4,83627.1,48
3,spsc_unaligned_65536_cross-core_paced_itch,0,total,83627.1,85333.7,38
3,spsc_unaligned_65536_cross-core_paced_itch,0,total,85333.7,87040.4,19
3,spsc_unaligned_65536_cross-core_paced_itch,0,total,87040.4,88747.1,18
3,spsc_unaligned_65536_cross-core_paced_itch,0,total,88747.1,90453.8,24
3,spsc_unaligned_65536_cross-core_paced_itch,0,total,90453.8,92160.4,26
3,spsc_unaligned_65536_cross-core_paced_itch,0,total,92160.4,93867.1,33
3,spsc_unaligned_65536_cross-core_paced_itch,0,total,93867.1,95573.8,25
3,spsc_unaligned_65536_cross-core_paced_itch,0,total,95573.8,97280.5,35
3,spsc_unaligned_65536_cross-core_paced_itch,0,total,97280.5,98987.1,31
3,spsc_unaligned_65536_cross-core_paced_itch,0,total,98987.1,100694,37
3,spsc_unaligned_65536_cross-core_paced_itch,0,total,100694,102400,18
3,spsc_unaligned_65536_cross-core_paced_itch,0,total,102400,104107,20
3,spsc_unaligned_65536_cross-core_paced_itch,0,total,104107,105814,11
3,spsc_unaligned_65536_cross-core_paced_itch,0,total,105814,107521,15
3,spsc_unaligned_65536_cross-core_paced_itch,0,total,107521,109227,27
3,spsc_unaligned_65536_cross-core_paced_itch,0,total,109227,112641,41
3,spsc_unaligned_65536_cross-core_paced_itch,0,total,112641,116054,33
3,spsc_unaligned_65536_cross-core_paced_itch,0,total,116054,119467,50
3,spsc_unaligned_65536_cross-core_paced_itch,0,total,119467,122881,57
3,spsc_unaligned_65536_cross-core_paced_itch,0,total,122881,126294,63
3,spsc_unaligned_65536_cross-core_paced_itch,0,total,126294,129707,52
3,spsc_unaligned_65536_cross-core_paced_itch,0,total,129707,133121,71
3,spsc_unaligned_65536_cross-core_paced_itch,0,total,133121,136534,42
3,spsc_unaligned_65536_cross-core_paced_itch,0,total,136534,139947,55
3,spsc_unaligned_65536_cross-core_paced_itch,0,total,139947,143361,71
3,spsc_unaligned_65536_cross-core_paced_itch,0,total,143361,146774,64
3,spsc_unaligned_65536_cross-core_paced_itch,0,total,146774,150187,69
3,spsc_unaligned_65536_cross-core_paced_itch,0,total,150187,153601,82
3,spsc_unaligned_65536_cross-core_paced_itch,0,total,153601,157014,73
3,spsc_unaligned_65536_cross-core_paced_itch,0,total,157014,160427,33
3,spsc_unaligned_65536_cross-core_paced_itch,0,total,160427,163841,38
3,spsc_unaligned_65536_cross-core_paced_itch,0,total,163841,167254,39
3,spsc_unaligned_65536_cross-core_paced_itch,0,total,167254,170667,52
3,spsc_unaligned_65536_cross-core_paced_itch,0,total,170667,174081,50
3,spsc_unaligned_65536_cross-core_paced_itch,0,total,174081,177494,85
3,spsc_unaligned_65536_cross-core_paced_itch,0,total,177494,180908,126
3,spsc_unaligned_65536_cross-core_paced_itch,0,total,180908,184321,140
3,spsc_unaligned_65536_cross-core_paced_itch,0,total,184321,187734,90
3,spsc_unaligned_65536_cross-core_paced_itch,0,total,187734,191148,125
3,spsc_unaligned_65536_cross-core_paced_itch,0,total,191148,194561,162
3,spsc_unaligned_65536_cross-core_paced_itch,0,total,194561,197974,102
3,spsc_unaligned_65536_cross-core_paced_itch,0,total,197974,201388,108
3,spsc_unaligned_65536_cross-core_paced_itch,0,total,201388,204801,60
3,spsc_unaligned_65536_cross-core_paced_itch,0,total,204801,208214,59
3,spsc_unaligned_65536_cross-core_paced_itch,0,total,208214,211628,61
3,spsc_unaligned_65536_cross-core_paced_itch,0,total,211628,215041,44
3,spsc_unaligned_65536_cross-core_paced_itch,0,total,215041,218454,82
3,spsc_unaligned_65536_cross-core_paced_itch,0,total,218454,225281,104
3,spsc_unaligned_65536_cross-core_paced_itch,0,total,225281,232108,79
3,spsc_unaligned_65536_cross-core_paced_itch,0,total,232108,238934,77
3,spsc_unaligned_65536_cross-core_paced_itch,0,total,238934,245761,99
3,spsc_unaligned_65536_cross-core_paced_itch,0,total,245761,252588,84
3,spsc_unaligned_65536_cross-core_paced_itch,0,total,252588,259415,50
3,spsc_unaligned_65536_cross-core_paced_itch,0,total,259415,266241,19
3,spsc_unaligned_65536_cross-core_paced_itch,0,total,266241,273068,18
3,spsc_unaligned_65536_cross-core_paced_itch,0,total,273068,279895,17
3,spsc_unaligned_65536_cross-core_paced_itch,0,total,279895,286721,37
3,spsc_unaligned_65536_cross-core_paced_itch,0,total,286721,293548,47
3,spsc_unaligned_65536_cross-core_paced_itch,0,total,293548,300375,53
3,spsc_unaligned_65536_cross-core_paced_itch,0,total,300375,307201,69
3,spsc_unaligned_65536_cross-core_paced_itch,0,total,307201,314028,119
3,spsc_unaligned_65536_cross-core_paced_itch,0,total,314028,320855,168
3,spsc_unaligned_65536_cross-core_paced_itch,0,total,320855,327682,134
3,spsc_unaligned_65536_cross-core_paced_itch,0,total,327682,334508,167
3,spsc_unaligned_65536_cross-core_paced_itch,0,total,334508,341335,172
3,spsc_unaligned_65536_cross-core_paced_itch,0,total,341335,348162,60
3,spsc_unaligned_65536_cross-core_paced_itch,0,total,348162,354988,29
3,spsc_unaligned_65536_cross-core_paced_itch,0,total,354988,361815,27
3,spsc_unaligned_65536_cross-core_paced_itch,0,total,361815,368642,64
3,spsc_unaligned_65536_cross-core_paced_itch,0,total,368642,375468,97
3,spsc_unaligned_65536_cross-core_paced_itch,0,total,375468,382295,100
3,spsc_unaligned_65536_cross-core_paced_itch,0,total,382295,389122,55
3,spsc_unaligned_65536_cross-core_paced_itch,0,total,389122,395949,65
3,spsc_unaligned_65536_cross-core_paced_itch,0,total,395949,402775,74
3,spsc_unaligned_65536_cross-core_paced_itch,0,total,402775,409602,36
3,spsc_unaligned_65536_cross-core_paced_itch,0,total,409602,416429,55
3,spsc_unaligned_65536_cross-core_paced_itch,0,total,416429,423255,33
3,spsc_unaligned_65536_cross-core_paced_itch,0,total,423255,430082,30
3,spsc_unaligned_65536_cross-core_paced_itch,0,total,430082,436909,59
3,spsc_unaligned_65536_cross-core_paced_itch,0,total,436909,450562,308
3,spsc_unaligned_65536_cross-core_paced_itch,0,total,450562,464216,187
3,spsc_unaligned_65536_cross-core_paced_itch,0,total,464216,477869,160
3,spsc_unaligned_65536_cross-core_paced_itch,0,total,477869,491522,231
3,spsc_unaligned_65536_cross-core_paced_itch,0,total,491522,505176,180
3,spsc_unaligned_65536_cross-core_paced_itch,0,total,505176,518829,61
3,spsc_unaligned_65536_cross-core_paced_itch,0,total,518829,532483,69
3,spsc_unaligned_65536_cross-core_paced_itch,0,total,532483,546136,154
3,spsc_unaligned_65536_cross-core_paced_itch,0,total,546136,559789,175
3,spsc_unaligned_65536_cross-core_paced_itch,0,total,559789,573443,116
3,spsc_unaligned_65536_cross-core_paced_itch,0,total,573443,587096,139
3,spsc_unaligned_65536_cross-core_paced_itch,0,total,587096,600750,151
3,spsc_unaligned_65536_cross-core_paced_itch,0,total,600750,614403,140
3,spsc_unaligned_65536_cross-core_paced_itch,0,total,614403,628056,178
3,spsc_unaligned_65536_cross-core_paced_itch,0,total,628056,641710,132
3,spsc_unaligned_65536_cross-core_paced_itch,0,total,641710,655363,111
3,spsc_unaligned_65536_cross-core_paced_itch,0,total,655363,669016,197
3,spsc_unaligned_65536_cross-core_paced_itch,0,total,669016,682670,237
3,spsc_unaligned_65536_cross-core_paced_itch,0,total,682670,696323,109
3,spsc_unaligned_65536_cross-core_paced_itch,0,total,696323,709977,133
3,spsc_unaligned_65536_cross-core_paced_itch,0,total,709977,723630,180
3,spsc_unaligned_65536_cross-core_paced_itch,0,total,723630,737283,145
3,spsc_unaligned_65536_cross-core_paced_itch,0,total,737283,750937,169
3,spsc_unaligned_65536_cross-core_paced_itch,0,total,750937,764590,134
3,spsc_unaligned_65536_cross-core_paced_itch,0,total,764590,778244,183
3,spsc_unaligned_65536_cross-core_paced_itch,0,total,778244,791897,201
3,spsc_unaligned_65536_cross-core_paced_itch,0,total,791897,805550,310
3,spsc_unaligned_65536_cross-core_paced_itch,0,total,805550,819204,233
3,spsc_unaligned_65536_cross-core_paced_itch,0,total,819204,832857,84
3,spsc_unaligned_65536_cross-core_paced_itch,0,total,832857,846511,60
3,spsc_unaligned_65536_cross-core_paced_itch,0,total,846511,860164,75
3,spsc_unaligned_65536_cross-core_paced_itch,0,total,860164,873817,117
3,spsc_unaligned_65536_cross-core_paced_itch,0,total,873817,901124,176
3,spsc_unaligned_65536_cross-core_paced_itch,0,total,901124,928431,293
3,spsc_unaligned_65536_cross-core_paced_itch,0,total,928431,955738,556
3,spsc_unaligned_65536_cross-core_paced_itch,0,total,955738,983045,1024
3,spsc_unaligned_65536_cross-core_paced_itch,0,total,983045,1.01035e+06,1179
3,spsc_unaligned_65536_cross-core_paced_itch,0,total,1.01035e+06,1.03766e+06,444
3,spsc_unaligned_65536_cross-core_paced_itch,0,total,1.03766e+06,1.06497e+06,129
3,spsc_unaligned_65536_cross-core_paced_itch,0,total,1.06497e+06,1.09227e+06,110
3,spsc_unaligned_65536_cross-core_paced_itch,0,total,1.09227e+06,1.11958e+06,28
3,spsc_unaligned_65536_cross-core_paced_itch,0,total,1.11958e+06,1.14689e+06,79
3,spsc_unaligned_65536_cross-core_paced_itch,0,total,1.14689e+06,1.17419e+06,228
3,spsc_unaligned_65536_cross-core_paced_itch,0,total,1.17419e+06,1.2015e+06,351
3,spsc_unaligned_65536_cross-core_paced_itch,0,total,1.2015e+06,1.22881e+06,336
3,spsc_unaligned_65536_cross-core_paced_itch,0,total,1.22881e+06,1.25611e+06,111
3,spsc_unaligned_65536_cross-core_paced_itch,0,queue,180.001,183.334,1
3,spsc_unaligned_65536_cross-core_paced_itch,0,queue,200.001,203.334,1
3,spsc_unaligned_65536_cross-core_paced_itch,0,queue,213.334,220.001,1
3,spsc_unaligned_65536_cross-core_paced_itch,0,queue,233.334,240.001,3
3,spsc_unaligned_65536_cross-core_paced_itch,0,queue,240.001,246.668,1
3,spsc_unaligned_65536_cross-core_paced_itch,0,queue,246.668,253.335,2
3,spsc_unaligned_65536_cross-core_paced_itch,0,queue,253.335,260.001,4
3,spsc_unaligned_65536_cross-core_paced_itch,0,queue,260.001,266.668,10
3,spsc_unaligned_65536_cross-core_paced_itch,0,queue,266.668,273.335,27
3,spsc_unaligned_65536_cross-core_paced_itch,0,queue,273.335,280.001,34
3,spsc_unaligned_65536_cross-core_paced_itch,0,queue,280.001,286.668,45
3,spsc_unaligned_65536_cross-core_paced_itch,0,queue,286.668,293.335,71
3,spsc_unaligned_65536_cross-core_paced_itch,0,queue,293.335,300.001,59
3,spsc_unaligned_65536_cross-core_paced_itch,0,queue,300.001,306.668,73
3,spsc_unaligned_65536_cross-core_paced_itch,0,queue,306.668,313.335,85
3,spsc_unaligned_65536_cross-core_paced_itch,0,queue,313.335,320.002,81
3,spsc_unaligned_65536_cross-core_paced_itch,0,queue,320.002,326.668,103
3,spsc_unaligned_65536_cross-core_paced_itch,0,queue,326.668,333.335,353
3,spsc_unaligned_65536_cross-core_paced_itch,0,queue,333.335,340.002,1501
3,spsc_unaligned_65536_cross-core_paced_itch,0,queue,340.002,346.668,3497
3,spsc_unaligned_65536_cross-core_paced_itch,0,queue,346.668,353.335,5124
3,spsc_unaligned_65536_cross-core_paced_itch,0,queue,353.335,360.002,6609
3,spsc_unaligned_65536_cross-core_paced_itch,0,queue,360.002,366.668,8809
3,spsc_unaligned_65536_cross-core_paced_itch,0,queue,366.668,373.335,10433
3,spsc_unaligned_65536_cross-core_paced_itch,0,queue,373.335,380.002,11771
3,spsc_unaligned_65536_cross-core_paced_itch,0,queue,380.002,386.668,12460
3,spsc_unaligned_65536_cross-core_paced_itch,0,queue,386.668,393.335,11787
3,spsc_unaligned_65536_cross-core_paced_itch,0,queue,393.335,400.002,9716
3,spsc_unaligned_65536_cross-core_paced_itch,0,queue,400.002,406.669,7585
3,spsc_unaligned_65536_cross-core_paced_itch,0,queue,406.669,413.335,6094
3,spsc_unaligned_65536_cross-core_paced_itch,0,queue,413.335,420.002,4658
3,spsc_unaligned_65536_cross-core_paced_itch,0,queue,420.002,426.669,3402
3,spsc_unaligned_65536_cross-core_paced_itch,0,queue,426.669,440.002,4100
3,spsc_unaligned_65536_cross-core_paced_itch,0,queue,440.002,453.335,2643
3,spsc_unaligned_65536_cross-core_paced_itch,0,queue,453.335,466.669,2574
3,spsc_unaligned_65536_cross-core_paced_itch,0,queue,466.669,480.002,2691
3,spsc_unaligned_65536_cross-core_paced_itch,0,queue,480.002,493.336,2411
3,spsc_unaligned_65536_cross-core_paced_itch,0,queue,493.336,506.669,2721
3,spsc_unaligned_65536_cross-core_paced_itch,0,queue,506.669,520.002,4602
3,spsc_unaligned_65536_cross-core_paced_itch,0,queue,520.002,533.336,6150
3,spsc_unaligned_65536_cross-core_paced_itch,0,queue,533.336,546.669,4803
3,spsc_unaligned_65536_cross-core_paced_itch,0,queue,546.669,560.003,2982
3,spsc_unaligned_65536_cross-core_paced_itch,0,queue,560.003,573.336,2056
3,spsc_unaligned_65536_cross-core_paced_itch,0,queue,573.336,586.669,1630
3,spsc_unaligned_65536_cross-core_paced_itch,0,queue,586.669,600.003,1318
3,spsc_unaligned_65536_cross-core_paced_itch,0,queue,600.003,613.336,1325
3,spsc_unaligned_65536_cross-core_paced_itch,0,queue,613.336,626.67,1379
3,spsc_unaligned_65536_cross-core_paced_itch,0,queue,626.67,640.003,1278
3,spsc_unaligned_65536_cross-core_paced_itch,0,queue,640.003,653.336,1105
3,spsc_unaligned_65536_cross-core_paced_itch,0,queue,653.336,666.67,959
3,spsc_unaligned_65536_cross-core_paced_itch,0,queue,666.67,680.003,913
3,spsc_unaligned_65536_cross-core_paced_itch,0,queue,680.003,693.337,924
3,spsc_unaligned_65536_cross-core_paced_itch,0,queue,693.337,706.67,1045
3,spsc_unaligned_65536_cross-core_paced_itch,0,queue,706.67,720.003,1060
3,spsc_unaligned_65536_cross-core_paced_itch,0,queue,720.003,733.337,949
3,spsc_unaligned_65536_cross-core_paced_itch,0,queue,733.337,746.67,904
3,spsc_unaligned_65536_cross-core_paced_itch,0,queue,746.67,760.004,827
3,spsc_unaligned_65536_cross-core_paced_itch,0,queue,760.004,773.337,768
3,spsc_unaligned_65536_cross-core_paced_itch,0,queue,773.337,786.67,674
3,spsc_unaligned_65536_cross-core_paced_itch,0,queue,786.67,800.004,662
3,spsc_unaligned_65536_cross-core_paced_itch,0,queue,800.004,813.337,647
3,spsc_unaligned_65536_cross-core_paced_itch,0,queue,813.337,826.671,642
3,spsc_unaligned_65536_cross-core_paced_itch,0,queue,826.671,840.004,546
3,spsc_unaligned_65536_cross-core_paced_itch,0,queue,840.004,853.337,562
3,spsc_unaligned_65536_cross-core_paced_itch,0,queue,853.337,880.004,1052
3,spsc_unaligned_65536_cross-core_paced_itch,0,queue,880.004,906.671,1015
3,spsc_unaligned_65536_cross-core_paced_itch,0,queue,906.671,933.338,953
3,spsc_unaligned_65536_cross-core_paced_itch,0,queue,933.338,960.005,894
3,spsc_unaligned_65536_cross-core_paced_itch,0,queue,960.005,986.671,832
3,spsc_unaligned_65536_cross-core_paced_itch,0,queue,986.671,1013.34,815
3,spsc_unaligned_65536_cross-core_paced_itch,0,queue,1013.34,1040,733
3,spsc_unaligned_65536_cross-core_paced_itch,0,queue,1040,1066.67,734
3,spsc_unaligned_65536_cross-core_paced_itch,0,queue,1066.67,1093.34,705
3,spsc_unaligned_65536_cross-core_paced_itch,0,queue,1093.34,1120.01,661
3,spsc_unaligned_65536_cross-core_paced_itch,0,queue,1120.01,1146.67,626
3,spsc_unaligned_65536_cross-core_paced_itch,0,queue,1146.67,1173.34,653
3,spsc_unaligned_65536_cross-core_paced_itch,0,queue,1173.34,1200.01,569
3,spsc_unaligned_65536_cross-core_paced_itch,0,queue,1200.01,1226.67,577
3,spsc_unaligned_65536_cross-core_paced_itch,0,queue,1226.67,1253.34,588
3,spsc_unaligned_65536_cross-core_paced_itch,0,queue,1253.34,1280.01,573
3,spsc_unaligned_65536_cross-core_paced_itch,0,queue,1280.01,1306.67,511
3,spsc_unaligned_65536_cross-core_paced_itch,0,queue,1306.67,1333.34,587
3,spsc_unaligned_65536_cross-core_paced_itch,0,queue,1333.34,1360.01,538
3,spsc_unaligned_65536_cross-core_paced_itch,0,queue,1360.01,1386.67,510
3,spsc_unaligned_65536_cross-core_paced_itch,0,queue,1386.67,1413.34,502
3,spsc_unaligned_65536_cross-core_paced_itch,0,queue,1413.34,1440.01,488
3,spsc_unaligned_65536_cross-core_paced_itch,0,queue,1440.01,1466.67,486
3,spsc_unaligned_65536_cross-core_paced_itch,0,queue,1466.67,1493.34,480
3,spsc_unaligned_65536_cross-core_paced_itch,0,queue,1493.34,1520.01,474
3,spsc_unaligned_65536_cross-core_paced_itch,0,queue,1520.01,1546.67,487
3,spsc_unaligned_65536_cross-core_paced_itch,0,queue,1546.67,1573.34,420
3,spsc_unaligned_65536_cross-core_paced_itch,0,queue,1573.34,1600.01,474
3,spsc_unaligned_65536_cross-core_paced_itch,0,queue,1600.01,1626.67,457
3,spsc_unaligned_65536_cross-core_paced_itch,0,queue,1626.67,1653.34,416
3,spsc_unaligned_65536_cross-core_paced_itch,0,queue,1653.34,1680.01,456
3,spsc_unaligned_65536_cross-core_paced_itch,0,queue,1680.01,1706.67,472
3,spsc_unaligned_65536_cross-core_paced_itch,0,queue,1706.67,1760.01,864
3,spsc_unaligned_65536_cross-core_paced_itch,0,queue,1760.01,1813.34,897
3,spsc_unaligned_65536_cross-core_paced_itch,0,queue,1813.34,1866.68,900
3,spsc_unaligned_65536_cross-core_paced_itch,0,queue,1866.68,1920.01,876
3,spsc_unaligned_65536_cross-core_paced_itch,0,queue,1920.01,1973.34,800
3,spsc_unaligned_65536_cross-core_paced_itch,0,queue,1973.34,2026.68,789
3,spsc_unaligned_65536_cross-core_paced_itch,0,queue,2026.68,2080.01,740
3,spsc_unaligned_65536_cross-core_paced_itch,0,queue,2080.01,2133.34,755
3,spsc_unaligned_65536_cross-core_paced_itch,0,queue,2133.34,2186.68,709
3,spsc_unaligned_65536_cross-core_paced_itch,0,queue,2186.68,2240.01,736
3,spsc_unaligned_65536_cross-core_paced_itch,0,queue,2240.01,2293.34,725
3,spsc_unaligned_65536_cross-core_paced_itch,0,queue,2293.34,2346.68,700
3,spsc_unaligned_65536_cross-core_paced_itch,0,queue,2346.68,2400.01,710
3,spsc_unaligned_65536_cross-core_paced_itch,0,queue,2400.01,2453.34,705
3,spsc_unaligned_65536_cross-core_paced_itch,0,queue,2453.34,2506.68,674
3,spsc_unaligned_65536_cross-core_paced_itch,0,queue,2506.68,2560.01,593
3,spsc_unaligned_65536_cross-core_paced_itch,0,queue,2560.01,2613.35,660
3,spsc_unaligned_65536_cross-core_paced_itch,0,queue,2613.35,2666.68,618
3,spsc_unaligned_65536_cross-core_paced_itch,0,queue,2666.68,2720.01,687
3,spsc_unaligned_65536_cross-core_paced_itch,0,queue,2720.01,2773.35,576
3,spsc_unaligned_65536_cross-core_paced_itch,0,queue,2773.35,2826.68,687
3,spsc_unaligned_65536_cross-core_paced_itch,0,queue,2826.68,2880.01,652
3,spsc_unaligned_65536_cross-core_paced_itch,0,queue,2880.01,2933.35,628
3,spsc_unaligned_65536_cross-core_paced_itch,0,queue,2933.35,2986.68,595
3,spsc_unaligned_65536_cross-core_paced_itch,0,queue,2986.68,3040.01,548
3,spsc_unaligned_65536_cross-core_paced_itch,0,queue,3040.01,3093.35,598
3,spsc_unaligned_65536_cross-core_paced_itch,0,queue,3093.35,3146.68,602
3,spsc_unaligned_65536_cross-core_paced_itch,0,queue,3146.68,3200.02,552
3,spsc_unaligned_65536_cross-core_paced_itch,0,queue,3200.02,3253.35,564
3,spsc_unaligned_65536_cross-core_paced_itch,0,queue,3253.35,3306.68,559
3,spsc_unaligned_65536_cross-core_paced_itch,0,queue,3306.68,3360.02,543
3,spsc_unaligned_65536_cross-core_paced_itch,0,queue,3360.02,3413.35,506
3,spsc_unaligned_65536_cross-core_paced_itch,0,queue,3413.35,3520.02,1043
3,spsc_unaligned_65536_cross-core_paced_itch,0,queue,3520.02,3626.68,1050
3,spsc_unaligned_65536_cross-core_paced_itch,0,queue,3626.68,3733.35,994
3,spsc_unaligned_65536_cross-core_paced_itch,0,queue,3733.35,3840.02,961
3,spsc_unaligned_65536_cross-core_paced_itch,0,queue,3840.02,3946.69,884
3,spsc_unaligned_65536_cross-core_paced_itch,0,queue,3946.69,4053.35,900
3,spsc_unaligned_65536_cross-core_paced_itch,0,queue,4053.35,4160.02,912
3,spsc_unaligned_65536_cross-core_paced_itch,0,queue,4160.02,4266.69,871
3,spsc_unaligned_65536_cross-core_paced_itch,0,queue,4266.69,4373.35,776
3,spsc_unaligned_65536_cross-core_paced_itch,0,queue,4373.35,4480.02,804
3,spsc_unaligned_65536_cross-core_paced_itch,0,queue,4480.02,4586.69,738
3,spsc_unaligned_65536_cross-core_paced_itch,0,queue,4586.69,4693.36,742
3,spsc_unaligned_65536_cross-core_paced_itch,0,queue,4693.36,4800.02,719
3,spsc_unaligned_65536_cross-core_paced_itch,0,queue,4800.02,4906.69,700
3,spsc_unaligned_65536_cross-core_paced_itch,0,queue,4906.69,5013.36,651
3,spsc_unaligned_65536_cross-core_paced_itch,0,queue,5013.36,5120.02,639
3,spsc_unaligned_65536_cross-core_paced_itch,0,queue,5120.02,5226.69,653
3,spsc_unaligned_65536_cross-core_paced_itch,0,queue,5226.69,5333.36,571
3,spsc_unaligned_65536_cross-core_paced_itch,0,queue,5333.36,5440.03,579
3,spsc_unaligned_65536_cross-core_paced_itch,0,queue,5440.03,5546.69,577
3,spsc_unaligned_65536_cross-core_paced_itch,0,queue,5546.69,5653.36,499
3,spsc_unaligned_65536_cross-core_paced_itch,0,queue,5653.36,5760.03,499
3,spsc_unaligned_65536_cross-core_paced_itch,0,queue,5760.03,5866.69,512
3,spsc_unaligned_65536_cross-core_paced_itch,0,queue,5866.69,5973.36,493
3,spsc_unaligned_65536_cross-core_paced_itch,0,queue,5973.36,6080.03,485
3,spsc_unaligned_65536_cross-core_paced_itch,0,queue,6080.03,6186.7,477
3,spsc_unaligned_65536_cross-core_paced_itch,0,queue,6186.7,6293.36,422
3,spsc_unaligned_65536_cross-core_paced_itch,0,queue,6293.36,6400.03,474
3,spsc_unaligned_65536_cross-core_paced_itch,0,queue,6400.03,6506.7,454
3,spsc_unaligned_65536_cross-core_paced_itch,0,queue,6506.7,6613.36,432
3,spsc_unaligned_65536_cross-core_paced_itch,0,queue,6613.36,6720.03,421
3,spsc_unaligned_65536_cross-core_paced_itch,0,queue,6720.03,6826.7,417
3,spsc_unaligned_65536_cross-core_paced_itch,0,queue,6826.7,7040.03,852
3,spsc_unaligned_65536_cross-core_paced_itch,0,queue,7040.03,7253.37,685
3,spsc_unaligned_65536_cross-core_paced_itch,0,queue,7253.37,7466.7,689
3,spsc_unaligned_65536_cross-core_paced_itch,0,queue,7466.7,7680.04,717
3,spsc_unaligned_65536_cross-core_paced_itch,0,queue,7680.04,7893.37,675
3,spsc_unaligned_65536_cross-core_paced_itch,0,queue,7893.37,8106.7,647
3,spsc_unaligned_65536_cross-core_paced_itch,0,queue,8106.7,8320.04,610
3,spsc_unaligned_65536_cross-core_paced_itch,0,queue,8320.04,8533.37,585
3,spsc_unaligned_65536_cross-core_paced_itch,0,queue,8533.37,8746.71,533
3,spsc_unaligned_65536_cross-core_paced_itch,0,queue,8746.71,8960.04,565
3,spsc_unaligned_65536_cross-core_paced_itch,0,queue,8960.04,9173.38,481
3,spsc_unaligned_65536_cross-core_paced_itch,0,queue,9173.38,9386.71,487
3,spsc_unaligned_65536_cross-core_paced_itch,0,queue,9386.71,9600.05,480
3,spsc_unaligned_65536_cross-core_paced_itch,0,queue,9600.05,9813.38,492
3,spsc_unaligned_65536_cross-core_paced_itch,0,queue,9813.38,10026.7,453
3,spsc_unaligned_65536_cross-core_paced_itch,0,queue,10026.7,10240,431
3,spsc_unaligned_65536_cross-core_paced_itch,0,queue,10240,10453.4,413
3,spsc_unaligned_65536_cross-core_paced_itch,0,queue,10453.4,10666.7,438
3,spsc_unaligned_65536_cross-core_paced_itch,0,queue,10666.7,10880.1,377
3,spsc_unaligned_65536_cross-core_paced_itch,0,queue,10880.1,11093.4,382
3,spsc_unaligned_65536_cross-core_paced_itch,0,queue,11093.4,11306.7,372
3,spsc_unaligned_65536_cross-core_paced_itch,0,queue,11306.7,11520.1,344
3,spsc_unaligned_65536_cross-core_paced_itch,0,queue,11520.1,11733.4,354
3,spsc_unaligned_65536_cross-core_paced_itch,0,queue,11733.4,11946.7,326
3,spsc_unaligned_65536_cross-core_paced_itch,0,queue,11946.7,12160.1,339
3,spsc_unaligned_65536_cross-core_paced_itch,0,queue,12160.1,12373.4,310
3,spsc_unaligned_65536_cross-core_paced_itch,0,queue,12373.4,12586.7,276
3,spsc_unaligned_65536_cross-core_paced_itch,0,queue,12586.7,12800.1,224
3,spsc_unaligned_65536_cross-core_paced_itch,0,queue,12800.1,13013.4,226
3,spsc_unaligned_65536_cross-core_paced_itch,0,queue,13013.4,13226.7,188
3,spsc_unaligned_65536_cross-core_paced_itch,0,queue,13226.7,13440.1,160
3,spsc_unaligned_65536_cross-core_paced_itch,0,queue,13440.1,13653.4,159
3,spsc_unaligned_65536_cross-core_paced_itch,0,queue,13653.4,14080.1,292
3,spsc_unaligned_65536_cross-core_paced_itch,0,queue,14080.1,14506.7,231
3,spsc_unaligned_65536_cross-core_paced_itch,0,queue,14506.7,14933.4,179
3,spsc_unaligned_65536_cross-core_paced_itch,0,queue,14933.4,15360.1,177
3,spsc_unaligned_65536_cross-core_paced_itch,0,queue,15360.1,15786.7,160
3,spsc_unaligned_65536_cross-core_paced_itch,0,queue,15786.7,16213.4,140
3,spsc_unaligned_65536_cross-core_paced_itch,0,queue,16213.4,16640.1,141
3,spsc_unaligned_65536_cross-core_paced_itch,0,queue,16640.1,17066.7,166
3,spsc_unaligned_65536_cross-core_paced_itch,0,queue,17066.7,17493.4,117
3,spsc_unaligned_65536_cross-core_paced_itch,0,queue,17493.4,17920.1,128
3,spsc_unaligned_65536_cross-core_paced_itch,0,queue,17920.1,18346.8,114
3,spsc_unaligned_65536_cross-core_paced_itch,0,queue,18346.8,18773.4,93
3,spsc_unaligned_65536_cross-core_paced_itch,0,queue,18773.4,19200.1,121
3,spsc_unaligned_65536_cross-core_paced_itch,0,queue,19200.1,19626.8,97
3,spsc_unaligned_65536_cross-core_paced_itch,0,queue,19626.8,20053.4,106
3,spsc_unaligned_65536_cross-core_paced_itch,0,queue,20053.4,20480.1,103
3,spsc_unaligned_65536_cross-core_paced_itch,0,queue,20480.1,20906.8,91
3,spsc_unaligned_65536_cross-core_paced_itch,0,queue,20906.8,21333.4,72
3,spsc_unaligned_65536_cross-core_paced_itch,0,queue,21333.4,21760.1,73
3,spsc_unaligned_65536_cross-core_paced_itch,0,queue,21760.1,22186.8,71
3,spsc_unaligned_65536_cross-core_paced_itch,0,queue,22186.8,22613.4,76
3,spsc_unaligned_65536_cross-core_paced_itch,0,queue,22613.4,23040.1,80
3,spsc_unaligned_65536_cross-core_paced_itch,0,queue,23040.1,23466.8,63
3,spsc_unaligned_65536_cross-core_paced_itch,0,queue,23466.8,23893.4,55
3,spsc_unaligned_65536_cross-core_paced_itch,0,queue,23893.4,24320.1,72
3,spsc_unaligned_65536_cross-core_paced_itch,0,queue,24320.1,24746.8,61
3,spsc_unaligned_65536_cross-core_paced_itch,0,queue,24746.8,25173.5,75
3,spsc_unaligned_65536_cross-core_paced_itch,0,queue,25173.5,25600.1,58
3,spsc_unaligned_65536_cross-core_paced_itch,0,queue,25600.1,26026.8,60
3,spsc_unaligned_65536_cross-core_paced_itch,0,queue,26026.8,26453.5,52
3,spsc_unaligned_65536_cross-core_paced_itch,0,queue,26453.5,26880.1,60
3,spsc_unaligned_65536_cross-core_paced_itch,0,queue,26880.1,27306.8,54
3,spsc_unaligned_65536_cross-core_paced_itch,0,queue,27306.8,28160.1,132
3,spsc_unaligned_65536_cross-core_paced_itch,0,queue,28160.1,29013.5,120
3,spsc_unaligned_65536_cross-core_paced_itch,0,queue,29013.5,29866.8,145
3,spsc_unaligned_65536_cross-core_paced_itch,0,queue,29866.8,30720.1,105
3,spsc_unaligned_65536_cross-core_paced_itch,0,queue,30720.1,31573.5,79
3,spsc_unaligned_65536_cross-core_paced_itch,0,queue,31573.5,32426.8,74
3,spsc_unaligned_65536_cross-core_paced_itch,0,queue,32426.8,33280.2,99
3,spsc_unaligned_65536_cross-core_paced_itch,0,queue,33280.2,34133.5,77
3,spsc_unaligned_65536_cross-core_paced_itch,0,queue,34133.5,34986.8,75
3,spsc_unaligned_65536_cross-core_paced_itch,0,queue,34986.8,35840.2,80
3,spsc_unaligned_65536_cross-core_paced_itch,0,queue,35840.2,36693.5,74
3,spsc_unaligned_65536_cross-core_paced_itch,0,queue,36693.5,37546.8,64
3,spsc_unaligned_65536_cross-core_paced_itch,0,queue,37546.8,38400.2,67
3,spsc_unaligned_65536_cross-core_paced_itch,0,queue,38400.2,39253.5,52
3,spsc_unaligned_65536_cross-core_paced_itch,0,queue,39253.5,40106.9,56
3,spsc_unaligned_65536_cross-core_paced_itch,0,queue,40106.9,40960.2,49
3,spsc_unaligned_65536_cross-core_paced_itch,0,queue,40960.2,41813.5,60
3,spsc_unaligned_65536_cross-core_paced_itch,0,queue,41813.5,42666.9,55
3,spsc_unaligned_65536_cross-core_paced_itch,0,queue,42666.9,43520.2,41
3,spsc_unaligned_65536_cross-core_paced_itch,0,queue,43520.2,44373.5,38
3,spsc_unaligned_65536_cross-core_paced_itch,0,queue,44373.5,45226.9,41
3,spsc_unaligned_65536_cross-core_paced_itch,0,queue,45226.9,46080.2,47
3,spsc_unaligned_65536_cross-core_paced_itch,0,queue,46080.2,46933.6,43
3,spsc_unaligned_65536_cross-core_paced_itch,0,queue,46933.6,47786.9,45
3,spsc_unaligned_65536_cross-core_paced_itch,0,queue,47786.9,48640.2,42
3,spsc_unaligned_65536_cross-core_paced_itch,0,queue,48640.2,49493.6,59
3,spsc_unaligned_65536_cross-core_paced_itch,0,queue,49493.6,50346.9,68
3,spsc_unaligned_65536_cross-core_paced_itch,0,queue,50346.9,51200.2,57
3,spsc_unaligned_65536_cross-core_paced_itch,0,queue,51200.2,52053.6,32
3,spsc_unaligned_65536_cross-core_paced_itch,0,queue,52053.6,52906.9,40
3,spsc_unaligned_65536_cross-core_paced_itch,0,queue,52906.9,53760.3,42
3,spsc_unaligned_65536_cross-core_paced_itch,0,queue,53760.3,54613.6,52
3,spsc_unaligned_65536_cross-core_paced_itch,0,queue,54613.6,56320.3,92
3,spsc_unaligned_65536_cross-core_paced_itch,0,queue,56320.3,58026.9,99
3,spsc_unaligned_65536_cross-core_paced_itch,0,queue,58026.9,59733.6,107
3,spsc_unaligned_65536_cross-core_paced_itch,0,queue,59733.6,61440.3,102
3,spsc_unaligned_65536_cross-core_paced_itch,0,queue,61440.3,63147,85
3,spsc_unaligned_65536_cross-core_paced_itch,0,queue,63147,64853.6,88
3,spsc_unaligned_65536_cross-core_paced_itch,0,queue,64853.6,66560.3,66
3,spsc_unaligned_65536_cross-core_paced_itch,0,queue,66560.3,68267,84
3,spsc_unaligned_65536_cross-core_paced_itch,0,queue,68267,69973.7,53
3,spsc_unaligned_65536_cross-core_paced_itch,0,queue,69973.7,71680.3,49
3,spsc_unaligned_65536_cross-core_paced_itch,0,queue,71680.3,73387,38
3,spsc_unaligned_65536_cross-core_paced_itch,0,queue,73387,75093.7,42
3,spsc_unaligned_65536_cross-core_paced_itch,0,queue,75093.7,76800.4,36
3,spsc_unaligned_65536_cross-core_paced_itch,0,queue,76800.4,78507,36
3,spsc_unaligned_65536_cross-core_paced_itch,0,queue,78507,80213.7,37
3,spsc_unaligned_65536_cross-core_paced_itch,0,queue,80213.7,81920.4,43
3,spsc_unaligned_65536_cross-core_paced_itch,0,queue,81920.4,83627.1,43
3,spsc_unaligned_65536_cross-core_paced_itch,0,queue,83627.1,85333.7,37
3,spsc_unaligned_65536_cross-core_paced_itch,0,queue,85333.7,87040.4,20
3,spsc_unaligned_65536_cross-core_paced_itch,0,queue,87040.4,88747.1,18
3,spsc_unaligned_65536_cross-core_paced_itch,0,queue,88747.1,90453.8,24
3,spsc_unaligned_65536_cross-core_paced_itch,0,queue,90453.8,92160.4,30
3,spsc_unaligned_65536_cross-core_paced_itch,0,queue,92160.4,93867.1,29
3,spsc_unaligned_65536_cross-core_paced_itch,0,queue,93867.1,95573.8,26
3,spsc_unaligned_65536_cross-core_paced_itch,0,queue,95573.8,97280.5,35
3,spsc_unaligned_65536_cross-core_paced_itch,0,queue,97280.5,98987.1,31
3,spsc_unaligned_65536_cross-core_paced_itch,0,queue,98987.1,100694,34
3,spsc_unaligned_65536_cross-core_paced_itch,0,queue,100694,102400,24
3,spsc_unaligned_65536_cross-core_paced_itch,0,queue,102400,104107,13
3,spsc_unaligned_65536_cross-core_paced_itch,0,queue,104107,105814,12
3,spsc_unaligned_65536_cross-core_paced_itch,0,queue,105814,107521,17
3,spsc_unaligned_65536_cross-core_paced_itch,0,queue,107521,109227,29
3,spsc_unaligned_65536_cross-core_paced_itch,0,queue,109227,112641,40
3,spsc_unaligned_65536_cross-core_paced_itch,0,queue,112641,116054,29
3,spsc_unaligned_65536_cross-core_paced_itch,0,queue,116054,119467,52
3,spsc_unaligned_65536_cross-core_paced_itch,0,queue,119467,122881,59
3,spsc_unaligned_65536_cross-core_paced_itch,0,queue,122881,126294,66
3,spsc_unaligned_65536_cross-core_paced_itch,0,queue,126294,129707,50
3,spsc_unaligned_65536_cross-core_paced_itch,0,queue,129707,133121,67
3,spsc_unaligned_65536_cross-core_paced_itch,0,queue,133121,136534,43
3,spsc_unaligned_65536_cross-core_paced_itch,0,queue,136534,139947,57
3,spsc_unaligned_65536_cross-core_paced_itch,0,queue,139947,143361,71
3,spsc_unaligned_65536_cross-core_paced_itch,0,queue,143361,146774,64
3,spsc_unaligned_65536_cross-core_paced_itch,0,queue,146774,150187,69
3,spsc_unaligned_65536_cross-core_paced_itch,0,queue,150187,153601,83
3,spsc_unaligned_65536_cross-core_paced_itch,0,queue,153601,157014,72
3,spsc_unaligned_65536_cross-core_paced_itch,0,queue,157014,160427,32
3,spsc_unaligned_65536_cross-core_paced_itch,0,queue,160427,163841,38
3,spsc_unaligned_65536_cross-core_paced_itch,0,queue,163841,167254,42
3,spsc_unaligned_65536_cross-core_paced_itch,0,queue,167254,170667,49
3,spsc_unaligned_65536_cross-core_paced_itch,0,queue,170667,174081,49
3,spsc_unaligned_65536_cross-core_paced_itch,0,queue,174081,177494,88
3,spsc_unaligned_65536_cross-core_paced_itch,0,queue,177494,180908,129
3,spsc_unaligned_65536_cross-core_paced_itch,0,queue,180908,184321,137
3,spsc_unaligned_65536_cross-core_paced_itch,0,queue,184321,187734,90
3,spsc_unaligned_65536_cross-core_paced_itch,0,queue,187734,191148,129
3,spsc_unaligned_65536_cross-core_paced_itch,0,queue,191148,194561,156
3,spsc_unaligned_65536_cross-core_paced_itch,0,queue,194561,197974,107
3,spsc_unaligned_65536_cross-core_paced_itch,0,queue,197974,201388,105
3,spsc_unaligned_65536_cross-core_paced_itch,0,queue,201388,204801,59
3,spsc_unaligned_65536_cross-core_paced_itch,0,queue,204801,208214,58
3,spsc_unaligned_65536_cross-core_paced_itch,0,queue,208214,211628,59
3,spsc_unaligned_65536_cross-core_paced_itch,0,queue,211628,215041,47
3,spsc_unaligned_65536_cross-core_paced_itch,0,queue,215041,218454,80
3,spsc_unaligned_65536_cross-core_paced_itch,0,queue,218454,225281,105
3,spsc_unaligned_65536_cross-core_paced_itch,0,queue,225281,232108,81
3,spsc_unaligned_65536_cross-core_paced_itch,0,queue,232108,238934,79
3,spsc_unaligned_65536_cross-core_paced_itch,0,queue,238934,245761,94
3,spsc_unaligned_65536_cross-core_paced_itch,0,queue,245761,252588,84
3,spsc_unaligned_65536_cross-core_paced_itch,0,queue,252588,259415,49
3,spsc_unaligned_65536_cross-core_paced_itch,0,queue,259415,266241,18
3,spsc_unaligned_65536_cross-core_paced_itch,0,queue,266241,273068,18
3,spsc_unaligned_65536_cross-core_paced_itch,0,queue,273068,279895,17
3,spsc_unaligned_65536_cross-core_paced_itch,0,queue,279895,286721,40
3,spsc_unaligned_65536_cross-core_paced_itch,0,queue,286721,293548,44
3,spsc_unaligned_65536_cross-core_paced_itch,0,queue,293548,300375,53
3,spsc_unaligned_65536_cross-core_paced_itch,0,queue,300375,307201,76
3,spsc_unaligned_65536_cross-core_paced_itch,0,queue,307201,314028,117
3,spsc_unaligned_65536_cross-core_paced_itch,0,queue,314028,320855,171
3,spsc_unaligned_65536_cross-core_paced_itch,0,queue,320855,327682,133
3,spsc_unaligned_65536_cross-core_paced_itch,0,queue,327682,334508,164
3,spsc_unaligned_65536_cross-core_paced_itch,0,queue,334508,341335,170
3,spsc_unaligned_65536_cross-core_paced_itch,0,queue,341335,348162,60
3,spsc_unaligned_65536_cross-core_paced_itch,0,queue,348162,354988,28
3,spsc_unaligned_65536_cross-core_paced_itch,0,queue,354988,361815,26
3,spsc_unaligned_65536_cross-core_paced_itch,0,queue,361815,368642,69
3,spsc_unaligned_65536_cross-core_paced_itch,0,queue,368642,375468,96
3,spsc_unaligned_65536_cross-core_paced_itch,0,queue,375468,382295,98
3,spsc_unaligned_65536_cross-core_paced_itch,0,queue,382295,389122,54
3,spsc_unaligned_65536_cross-core_paced_itch,0,queue,389122,395949,66
3,spsc_unaligned_65536_cross-core_paced_itch,0,queue,395949,402775,73
3,spsc_unaligned_65536_cross-core_paced_itch,0,queue,402775,409602,36
3,spsc_unaligned_65536_cross-core_paced_itch,0,queue,409602,416429,56
3,spsc_unaligned_65536_cross-core_paced_itch,0,queue,416429,423255,32
3,spsc_unaligned_65536_cross-core_paced_itch,0,queue,423255,430082,30
3,spsc_unaligned_65536_cross-core_paced_itch,0,queue,430082,436909,62
3,spsc_unaligned_65536_cross-core_paced_itch,0,queue,436909,450562,305
3,spsc_unaligned_65536_cross-core_paced_itch,0,queue,450562,464216,187
3,spsc_unaligned_65536_cross-core_paced_itch,0,queue,464216,477869,159
3,spsc_unaligned_65536_cross-core_paced_itch,0,queue,477869,491522,235
3,spsc_unaligned_65536_cross-core_paced_itch,0,queue,491522,505176,177
3,spsc_unaligned_65536_cross-core_paced_itch,0,queue,505176,518829,64
3,spsc_unaligned_65536_cross-core_paced_itch,0,queue,518829,532483,66
3,spsc_unaligned_65536_cross-core_paced_itch,0,queue,532483,546136,154
3,spsc_unaligned_65536_cross-core_paced_itch,0,queue,546136,559789,177
3,spsc_unaligned_65536_cross-core_paced_itch,0,queue,559789,573443,113
3,spsc_unaligned_65536_cross-core_paced_itch,0,queue,573443,587096,139
3,spsc_unaligned_65536_cross-core_paced_itch,0,queue,587096,600750,151
3,spsc_unaligned_65536_cross-core_paced_itch,0,queue,600750,614403,140
3,spsc_unaligned_65536_cross-core_paced_itch,0,queue,614403,628056,180
3,spsc_unaligned_65536_cross-core_paced_itch,0,queue,628056,641710,132
3,spsc_unaligned_65536_cross-core_paced_itch,0,queue,641710,655363,111
3,spsc_unaligned_65536_cross-core_paced_itch,0,queue,655363,669016,201
3,spsc_unaligned_65536_cross-core_paced_itch,0,queue,669016,682670,232
3,spsc_unaligned_65536_cross-core_paced_itch,0,queue,682670,696323,109
3,spsc_unaligned_65536_cross-core_paced_itch,0,queue,696323,709977,133
3,spsc_unaligned_65536_cross-core_paced_itch,0,queue,709977,723630,182
3,spsc_unaligned_65536_cross-core_paced_itch,0,queue,723630,737283,144
3,spsc_unaligned_65536_cross-core_paced_itch,0,queue,737283,750937,170
3,spsc_unaligned_65536_cross-core_paced_itch,0,queue,750937,764590,135
3,spsc_unaligned_65536_cross-core_paced_itch,0,queue,764590,778244,181
3,spsc_unaligned_65536_cross-core_paced_itch,0,queue,778244,791897,203
3,spsc_unaligned_65536_cross-core_paced_itch,0,queue,791897,805550,308
3,spsc_unaligned_65536_cross-core_paced_itch,0,queue,805550,819204,234
3,spsc_unaligned_65536_cross-core_paced_itch,0,queue,819204,832857,82
3,spsc_unaligned_65536_cross-core_paced_itch,0,queue,832857,846511,59
3,spsc_unaligned_65536_cross-core_paced_itch,0,queue,846511,860164,75
3,spsc_unaligned_65536_cross-core_paced_itch,0,queue,860164,873817,119
3,spsc_unaligned_65536_cross-core_paced_itch,0,queue,873817,901124,176
3,spsc_unaligned_65536_cross-core_paced_itch,0,queue,901124,928431,294
3,spsc_unaligned_65536_cross-core_paced_itch,0,queue,928431,955738,558
3,spsc_unaligned_65536_cross-core_paced_itch,0,queue,955738,983045,1028
3,spsc_unaligned_65536_cross-core_paced_itch,0,queue,983045,1.01035e+06,1173
3,spsc_unaligned_65536_cross-core_paced_itch,0,queue,1.01035e+06,1.03766e+06,444
3,spsc_unaligned_65536_cross-core_paced_itch,0,queue,1.03766e+06,1.06497e+06,129
3,spsc_unaligned_65536_cross-core_paced_itch,0,queue,1.06497e+06,1.09227e+06,107
3,spsc_unaligned_65536_cross-core_paced_itch,0,queue,1.09227e+06,1.11958e+06,31
3,spsc_unaligned_65536_cross-core_paced_itch,0,queue,1.11958e+06,1.14689e+06,77
3,spsc_unaligned_65536_cross-core_paced_itch,0,queue,1.14689e+06,1.17419e+06,230
3,spsc_unaligned_65536_cross-core_paced_itch,0,queue,1.17419e+06,1.2015e+06,349
3,spsc_unaligned_65536_cross-core_paced_itch,0,queue,1.2015e+06,1.22881e+06,337
3,spsc_unaligned_65536_cross-core_paced_itch,0,queue,1.22881e+06,1.25611e+06,109
3,spsc_unaligned_65536_cross-core_paced_itch,0,book,18.3334,18.7501,4
3,spsc_unaligned_65536_cross-core_paced_itch,0,book,19.1668,19.5834,20
3,spsc_unaligned_65536_cross-core_paced_itch,0,book,20.0001,20.4168,342
3,spsc_unaligned_65536_cross-core_paced_itch,0,book,20.8334,21.2501,1003
3,spsc_unaligned_65536_cross-core_paced_itch,0,book,21.6668,22.0834,816
3,spsc_unaligned_65536_cross-core_paced_itch,0,book,22.5001,22.9168,222
3,spsc_unaligned_65536_cross-core_paced_itch,0,book,23.3334,23.7501,78
3,spsc_unaligned_65536_cross-core_paced_itch,0,book,24.1668,24.5834,52
3,spsc_unaligned_65536_cross-core_paced_itch,0,book,25.0001,25.4168,111
3,spsc_unaligned_65536_cross-core_paced_itch,0,book,25.8335,26.2501,400
3,spsc_unaligned_65536_cross-core_paced_itch,0,book,26.6668,27.5001,766
3,spsc_unaligned_65536_cross-core_paced_itch,0,book,27.5001,28.3335,931
3,spsc_unaligned_65536_cross-core_paced_itch,0,book,28.3335,29.1668,1378
3,spsc_unaligned_65536_cross-core_paced_itch,0,book,29.1668,30.0001,1861
3,spsc_unaligned_65536_cross-core_paced_itch,0,book,30.0001,30.8335,1532
3,spsc_unaligned_65536_cross-core_paced_itch,0,book,30.8335,31.6668,1009
3,spsc_unaligned_65536_cross-core_paced_itch,0,book,31.6668,32.5002,702
3,spsc_unaligned_65536_cross-core_paced_itch,0,book,32.5002,33.3335,744
3,spsc_unaligned_65536_cross-core_paced_itch,0,book,33.3335,34.1668,902
3,spsc_unaligned_65536_cross-core_paced_itch,0,book,34.1668,35.0002,734
3,spsc_unaligned_65536_cross-core_paced_itch,0,book,35.0002,35.8335,629
3,spsc_unaligned_65536_cross-core_paced_itch,0,book,35.8335,36.6668,442
3,spsc_unaligned_65536_cross-core_paced_itch,0,book,36.6668,37.5002,333
3,spsc_unaligned_65536_cross-core_paced_itch,0,book,37.5002,38.3335,406
3,spsc_unaligned_65536_cross-core_paced_itch,0,book,38.3335,39.1669,366
3,spsc_unaligned_65536_cross-core_paced_itch,0,book,39.1669,40.0002,342
3,spsc_unaligned_65536_cross-core_paced_itch,0,book,40.0002,40.8335,406
3,spsc_unaligned_65536_cross-core_paced_itch,0,book,40.8335,41.6669,431
3,spsc_unaligned_65536_cross-core_paced_itch,0,book,41.6669,42.5002,487
3,spsc_unaligned_65536_cross-core_paced_itch,0,book,42.5002,43.3335,530
3,spsc_unaligned_65536_cross-core_paced_itch,0,book,43.3335,44.1669,537
3,spsc_unaligned_65536_cross-core_paced_itch,0,book,44.1669,45.0002,547
3,spsc_unaligned_65536_cross-core_paced_itch,0,book,45.0002,45.8335,489
3,spsc_unaligned_65536_cross-core_paced_itch,0,book,45.8335,46.6669,507
3,spsc_unaligned_65536_cross-core_paced_itch,0,book,46.6669,47.5002,671
3,spsc_unaligned_65536_cross-core_paced_itch,0,book,47.5002,48.3336,659
3,spsc_unaligned_65536_cross-core_paced_itch,0,book,48.3336,49.1669,629
3,spsc_unaligned_65536_cross-core_paced_itch,0,book,49.1669,50.0002,671
3,spsc_unaligned_65536_cross-core_paced_itch,0,book,50.0002,50.8336,650
3,spsc_unaligned_65536_cross-core_paced_itch,0,book,50.8336,51.6669,793
3,spsc_unaligned_65536_cross-core_paced_itch,0,book,51.6669,52.5002,770
3,spsc_unaligned_65536_cross-core_paced_itch,0,book,52.5002,53.3336,736
3,spsc_unaligned_65536_cross-core_paced_itch,0,book,53.3336,55.0003,1591
3,spsc_unaligned_65536_cross-core_paced_itch,0,book,55.0003,56.6669,1487
3,spsc_unaligned_65536_cross-core_paced_itch,0,book,56.6669,58.3336,1649
3,spsc_unaligned_65536_cross-core_paced_itch,0,book,58.3336,60.0003,1526
3,spsc_unaligned_65536_cross-core_paced_itch,0,book,60.0003,61.667,1729
3,spsc_unaligned_65536_cross-core_paced_itch,0,book,61.667,63.3336,1626
3,spsc_unaligned_65536_cross-core_paced_itch,0,book,63.3336,65.0003,1419
3,spsc_unaligned_65536_cross-core_paced_itch,0,book,65.0003,66.667,1476
3,spsc_unaligned_65536_cross-core_paced_itch,0,book,66.667,68.3337,1466
3,spsc_unaligned_65536_cross-core_paced_itch,0,book,68.3337,70.0003,1391
3,spsc_unaligned_65536_cross-core_paced_itch,0,book,70.0003,71.667,1319
3,spsc_unaligned_65536_cross-core_paced_itch,0,book,71.667,73.3337,1231
3,spsc_unaligned_65536_cross-core_paced_itch,0,book,73.3337,75.0004,1215
3,spsc_unaligned_65536_cross-core_paced_itch,0,book,75.0004,76.667,1142
3,spsc_unaligned_65536_cross-core_paced_itch,0,book,76.667,78.3337,1021
3,spsc_unaligned_65536_cross-core_paced_itch,0,book,78.3337,80.0004,877
3,spsc_unaligned_65536_cross-core_paced_itch,0,book,80.0004,81.6671,816
3,spsc_unaligned_65536_cross-core_paced_itch,0,book,81.6671,83.3337,805
3,spsc_unaligned_65536_cross-core_paced_itch,0,book,83.3337,85.0004,726
3,spsc_unaligned_65536_cross-core_paced_itch,0,book,85.0004,86.6671,606
3,spsc_unaligned_65536_cross-core_paced_itch,0,book,86.6671,88.3337,634
3,spsc_unaligned_65536_cross-core_paced_itch,0,book,88.3337,90.0004,595
3,spsc_unaligned_65536_cross-core_paced_itch,0,book,90.0004,91.6671,528
3,spsc_unaligned_65536_cross-core_paced_itch,0,book,91.6671,93.3338,468
3,spsc_unaligned_65536_cross-core_paced_itch,0,book,93.3338,95.0004,481
3,spsc_unaligned_65536_cross-core_paced_itch,0,book,95.0004,96.6671,481
3,spsc_unaligned_65536_cross-core_paced_itch,0,book,96.6671,98.3338,423
3,spsc_unaligned_65536_cross-core_paced_itch,0,book,98.3338,100,391
3,spsc_unaligned_65536_cross-core_paced_itch,0,book,100,101.667,447
3,spsc_unaligned_65536_cross-core_paced_itch,0,book,101.667,103.334,456
3,spsc_unaligned_65536_cross-core_paced_itch,0,book,103.334,105,404
3,spsc_unaligned_65536_cross-core_paced_itch,0,book,105,106.667,395
3,spsc_unaligned_65536_cross-core_paced_itch,0,book,106.667,110.001,820
3,spsc_unaligned_65536_cross-core_paced_itch,0,book,110.001,113.334,803
3,spsc_unaligned_65536_cross-core_paced_itch,0,book,113.334,116.667,787
3,spsc_unaligned_65536_cross-core_paced_itch,0,book,116.667,120.001,664
3,spsc_unaligned_65536_cross-core_paced_itch,0,book,120.001,123.334,660
3,spsc_unaligned_65536_cross-core_paced_itch,0,book,123.334,126.667,882
3,spsc_unaligned_65536_cross-core_paced_itch,0,book,126.667,130.001,2165
3,spsc_unaligned_65536_cross-core_paced_itch,0,book,130.001,133.334,3814
3,spsc_unaligned_65536_cross-core_paced_itch,0,book,133.334,136.667,4290
3,spsc_unaligned_65536_cross-core_paced_itch,0,book,136.667,140.001,4575
3,spsc_unaligned_65536_cross-core_paced_itch,0,book,140.001,143.334,7380
3,spsc_unaligned_65536_cross-core_paced_itch,0,book,143.334,146.667,9063
3,spsc_unaligned_65536_cross-core_paced_itch,0,book,146.667,150.001,8931
3,spsc_unaligned_65536_cross-core_paced_itch,0,book,150.001,153.334,7925
3,spsc_unaligned_65536_cross-core_paced_itch,0,book,153.334,156.667,8746
3,spsc_unaligned_65536_cross-core_paced_itch,0,book,156.667,160.001,8050
3,spsc_unaligned_65536_cross-core_paced_itch,0,book,160.001,163.334,6819
3,spsc_unaligned_65536_cross-core_paced_itch,0,book,163.334,166.667,5928
3,spsc_unaligned_65536_cross-core_paced_itch,0,book,166.667,170.001,5234
3,spsc_unaligned_65536_cross-core_paced_itch,0,book,170.001,173.334,4274
3,spsc_unaligned_65536_cross-core_paced_itch,0,book,173.334,176.667,3951
3,spsc_unaligned_65536_cross-core_paced_itch,0,book,176.667,180.001,3683
3,spsc_unaligned_65536_cross-core_paced_itch,0,book,180.001,183.334,3421
3,spsc_unaligned_65536_cross-core_paced_itch,0,book,183.334,186.668,3278
3,spsc_unaligned_65536_cross-core_paced_itch,0,book,186.668,190.001,3223
3,spsc_unaligned_65536_cross-core_paced_itch,0,book,190.001,193.334,2917
3,spsc_unaligned_65536_cross-core_paced_itch,0,book,193.334,196.668,2730
3,spsc_unaligned_65536_cross-core_paced_itch,0,book,196.668,200.001,2563
3,spsc_unaligned_65536_cross-core_paced_itch,0,book,200.001,203.334,2506
3,spsc_unaligned_65536_cross-core_paced_itch,0,book,203.334,206.668,2228
3,spsc_unaligned_65536_cross-core_paced_itch,0,book,206.668,210.001,2090
3,spsc_unaligned_65536_cross-core_paced_itch,0,book,210.001,213.334,1913
3,spsc_unaligned_65536_cross-core_paced_itch,0,book,213.334,220.001,3512
3,spsc_unaligned_65536_cross-core_paced_itch,0,book,220.001,226.668,3292
3,spsc_unaligned_65536_cross-core_paced_itch,0,book,226.668,233.334,2873
3,spsc_unaligned_65536_cross-core_paced_itch,0,book,233.334,240.001,2505
3,spsc_unaligned_65536_cross-core_paced_itch,0,book,240.001,246.668,2300
3,spsc_unaligned_65536_cross-core_paced_itch,0,book,246.668,253.335,2009
3,spsc_unaligned_65536_cross-core_paced_itch,0,book,253.335,260.001,1870
3,spsc_unaligned_65536_cross-core_paced_itch,0,book,260.001,266.668,1796
3,spsc_unaligned_65536_cross-core_paced_itch,0,book,266.668,273.335,1797
3,spsc_unaligned_65536_cross-core_paced_itch,0,book,273.335,280.001,1846
3,spsc_unaligned_65536_cross-core_paced_itch,0,book,280.001,286.668,1876
3,spsc_unaligned_65536_cross-core_paced_itch,0,book,286.668,293.335,1975
3,spsc_unaligned_65536_cross-core_paced_itch,0,book,293.335,300.001,1988
3,spsc_unaligned_65536_cross-core_paced_itch,0,book,300.001,306.668,2026
3,spsc_unaligned_65536_cross-core_paced_itch,0,book,306.668,313.335,1964
3,spsc_unaligned_65536_cross-core_paced_itch,0,book,313.335,320.002,1859
3,spsc_unaligned_65536_cross-core_paced_itch,0,book,320.002,326.668,1897
3,spsc_unaligned_65536_cross-core_paced_itch,0,book,326.668,333.335,1828
3,spsc_unaligned_65536_cross-core_paced_itch,0,book,333.335,340.002,1745
3,spsc_unaligned_65536_cross-core_paced_itch,0,book,340.002,346.668,1630
3,spsc_unaligned_65536_cross-core_paced_itch,0,book,346.668,353.335,1594
3,spsc_unaligned_65536_cross-core_paced_itch,0,book,353.335,360.002,1441
3,spsc_unaligned_65536_cross-core_paced_itch,0,book,360.002,366.668,1391
3,spsc_unaligned_65536_cross-core_paced_itch,0,book,366.668,373.335,1300
3,spsc_unaligned_65536_cross-core_paced_itch,0,book,373.335,380.002,1324
3,spsc_unaligned_65536_cross-core_paced_itch,0,book,380.002,386.668,1251
3,spsc_unaligned_65536_cross-core_paced_itch,0,book,386.668,393.335,1235
3,spsc_unaligned_65536_cross-core_paced_itch,0,book,393.335,400.002,1161
3,spsc_unaligned_65536_cross-core_paced_itch,0,book,400.002,406.669,1193
3,spsc_unaligned_65536_cross-core_paced_itch,0,book,406.669,413.335,1133
3,spsc_unaligned_65536_cross-core_paced_itch,0,book,413.335,420.002,1130
3,spsc_unaligned_65536_cross-core_paced_itch,0,book,420.002,426.669,1161
3,spsc_unaligned_65536_cross-core_paced_itch,0,book,426.669,440.002,2183
3,spsc_unaligned_65536_cross-core_paced_itch,0,book,440.002,453.335,1811
3,spsc_unaligned_65536_cross-core_paced_itch,0,book,453.335,466.669,1594
3,spsc_unaligned_65536_cross-core_paced_itch,0,book,466.669,480.002,1369
3,spsc_unaligned_65536_cross-core_paced_itch,0,book,480.002,493.336,1131
3,spsc_unaligned_65536_cross-core_paced_itch,0,book,493.336,506.669,1006
3,spsc_unaligned_65536_cross-core_paced_itch,0,book,506.669,520.002,934
3,spsc_unaligned_65536_cross-core_paced_itch,0,book,520.002,533.336,877
3,spsc_unaligned_65536_cross-core_paced_itch,0,book,533.336,546.669,809
3,spsc_unaligned_65536_cross-core_paced_itch,0,book,546.669,560.003,789
3,spsc_unaligned_65536_cross-core_paced_itch,0,book,560.003,573.336,702
3,spsc_unaligned_65536_cross-core_paced_itch,0,book,573.336,586.669,666
3,spsc_unaligned_65536_cross-core_paced_itch,0,book,586.669,600.003,591
3,spsc_unaligned_65536_cross-core_paced_itch,0,book,600.003,613.336,543
3,spsc_unaligned_65536_cross-core_paced_itch,0,book,613.336,626.67,475
3,spsc_unaligned_65536_cross-core_paced_itch,0,book,626.67,640.003,448
3,spsc_unaligned_65536_cross-core_paced_itch,0,book,640.003,653.336,405
3,spsc_unaligned_65536_cross-core_paced_itch,0,book,653.336,666.67,370
3,spsc_unaligned_65536_cross-core_paced_itch,0,book,666.67,680.003,307
3,spsc_unaligned_65536_cross-core_paced_itch,0,book,680.003,693.337,304
3,spsc_unaligned_65536_cross-core_paced_itch,0,book,693.337,706.67,308
3,spsc_unaligned_65536_cross-core_paced_itch,0,book,706.67,720.003,241
3,spsc_unaligned_65536_cross-core_paced_itch,0,book,720.003,733.337,224
3,spsc_unaligned_65536_cross-core_paced_itch,0,book,733.337,746.67,197
3,spsc_unaligned_65536_cross-core_paced_itch,0,book,746.67,760.004,171
3,spsc_unaligned_65536_cross-core_paced_itch,0,book,760.004,773.337,167
3,spsc_unaligned_65536_cross-core_paced_itch,0,book,773.337,786.67,131
3,spsc_unaligned_65536_cross-core_paced_itch,0,book,786.67,800.004,123
3,spsc_unaligned_65536_cross-core_paced_itch,0,book,800.004,813.337,112
3,spsc_unaligned_65536_cross-core_paced_itch,0,book,813.337,826.671,102
3,spsc_unaligned_65536_cross-core_paced_itch,0,book,826.671,840.004,87
3,spsc_unaligned_65536_cross-core_paced_itch,0,book,840.004,853.337,86
3,spsc_unaligned_65536_cross-core_paced_itch,0,book,853.337,880.004,148
3,spsc_unaligned_65536_cross-core_paced_itch,0,book,880.004,906.671,116
3,spsc_unaligned_65536_cross-core_paced_itch,0,book,906.671,933.338,93
3,spsc_unaligned_65536_cross-core_paced_itch,0,book,933.338,960.005,69
3,spsc_unaligned_65536_cross-core_paced_itch,0,book,960.005,986.671,45
3,spsc_unaligned_65536_cross-core_paced_itch,0,book,986.671,1013.34,49
3,spsc_unaligned_65536_cross-core_paced_itch,0,book,1013.34,1040,44
3,spsc_unaligned_65536_cross-core_paced_itch,0,book,1040,1066.67,29
3,spsc_unaligned_65536_cross-core_paced_itch,0,book,1066.67,1093.34,27
3,spsc_unaligned_65536_cross-core_paced_itch,0,book,1093.34,1120.01,29
3,spsc_unaligned_65536_cross-core_paced_itch,0,book,1120.01,1146.67,23
3,spsc_unaligned_65536_cross-core_paced_itch,0,book,1146.67,1173.34,17
3,spsc_unaligned_65536_cross-core_paced_itch,0,book,1173.34,1200.01,19
3,spsc_unaligned_65536_cross-core_paced_itch,0,book,1200.01,1226.67,10
3,spsc_unaligned_65536_cross-core_paced_itch,0,book,1226.67,1253.34,9
3,spsc_unaligned_65536_cross-core_paced_itch,0,book,1253.34,1280.01,12
3,spsc_unaligned_65536_cross-core_paced_itch,0,book,1280.01,1306.67,7
3,spsc_unaligned_65536_cross-core_paced_itch,0,book,1306.67,1333.34,5
3,spsc_unaligned_65536_cross-core_paced_itch,0,book,1333.34,1360.01,4
3,spsc_unaligned_65536_cross-core_paced_itch,0,book,1360.01,1386.67,3
3,spsc_unaligned_65536_cross-core_paced_itch,0,book,1386.67,1413.34,1
3,spsc_unaligned_65536_cross-core_paced_itch,0,book,1413.34,1440.01,3
3,spsc_unaligned_65536_cross-core_paced_itch,0,book,1440.01,1466.67,9
3,spsc_unaligned_65536_cross-core_paced_itch,0,book,1493.34,1520.01,4
3,spsc_unaligned_65536_cross-core_paced_itch,0,book,1520.01,1546.67,11
3,spsc_unaligned_65536_cross-core_paced_itch,0,book,1546.67,1573.34,7
3,spsc_unaligned_65536_cross-core_paced_itch,0,book,1573.34,1600.01,7
3,spsc_unaligned_65536_cross-core_paced_itch,0,book,1600.01,1626.67,7
3,spsc_unaligned_65536_cross-core_paced_itch,0,book,1626.67,1653.34,10
3,spsc_unaligned_65536_cross-core_paced_itch,0,book,1653.34,1680.01,12
3,spsc_unaligned_65536_cross-core_paced_itch,0,book,1680.01,1706.67,7
3,spsc_unaligned_65536_cross-core_paced_itch,0,book,1706.67,1760.01,10
3,spsc_unaligned_65536_cross-core_paced_itch,0,book,1760.01,1813.34,26
3,spsc_unaligned_65536_cross-core_paced_itch,0,book,1813.34,1866.68,21
3,spsc_unaligned_65536_cross-core_paced_itch,0,book,1866.68,1920.01,13
3,spsc_unaligned_65536_cross-core_paced_itch,0,book,1920.01,1973.34,10
3,spsc_unaligned_65536_cross-core_paced_itch,0,book,1973.34,2026.68,8
3,spsc_unaligned_65536_cross-core_paced_itch,0,book,2026.68,2080.01,7
3,spsc_unaligned_65536_cross-core_paced_itch,0,book,2080.01,2133.34,12
3,spsc_unaligned_65536_cross-core_paced_itch,0,book,2133.34,2186.68,3
3,spsc_unaligned_65536_cross-core_paced_itch,0,book,2186.68,2240.01,7
3,spsc_unaligned_65536_cross-core_paced_itch,0,book,2240.01,2293.34,3
3,spsc_unaligned_65536_cross-core_paced_itch,0,book,2293.34,2346.68,2
3,spsc_unaligned_65536_cross-core_paced_itch,0,book,2346.68,2400.01,7
3,spsc_unaligned_65536_cross-core_paced_itch,0,book,2400.01,2453.34,3
3,spsc_unaligned_65536_cross-core_paced_itch,0,book,2453.34,2506.68,2
3,spsc_unaligned_65536_cross-core_paced_itch,0,book,2506.68,2560.01,1
3,spsc_unaligned_65536_cross-core_paced_itch,0,book,2560.01,2613.35,1
3,spsc_unaligned_65536_cross-core_paced_itch,0,book,2613.35,2666.68,2
3,spsc_unaligned_65536_cross-core_paced_itch,0,book,2666.68,2720.01,2
3,spsc_unaligned_65536_cross-core_paced_itch,0,book,2720.01,2773.35,1
3,spsc_unaligned_65536_cross-core_paced_itch,0,book,2773.35,2826.68,1
3,spsc_unaligned_65536_cross-core_paced_itch,0,book,2880.01,2933.35,1
3,spsc_unaligned_65536_cross-core_paced_itch,0,book,2933.35,2986.68,3
3,spsc_unaligned_65536_cross-core_paced_itch,0,book,3093.35,3146.68,2
3,spsc_unaligned_65536_cross-core_paced_itch,0,book,3146.68,3200.02,1
3,spsc_unaligned_65536_cross-core_paced_itch,0,book,3200.02,3253.35,1
3,spsc_unaligned_65536_cross-core_paced_itch,0,book,3253.35,3306.68,1
3,spsc_unaligned_65536_cross-core_paced_itch,0,book,3306.68,3360.02,2
3,spsc_unaligned_65536_cross-core_paced_itch,0,book,3360.02,3413.35,4
3,spsc_unaligned_65536_cross-core_paced_itch,0,book,3413.35,3520.02,5
3,spsc_unaligned_65536_cross-core_paced_itch,0,book,3520.02,3626.68,1
3,spsc_unaligned_65536_cross-core_paced_itch,0,book,3626.68,3733.35,3
3,spsc_unaligned_65536_cross-core_paced_itch,0,book,3840.02,3946.69,1
3,spsc_unaligned_65536_cross-core_paced_itch,0,book,3946.69,4053.35,1
3,spsc_unaligned_65536_cross-core_paced_itch,0,book,4266.69,4373.35,1
3,spsc_unaligned_65536_cross-core_paced_itch,0,book,4373.35,4480.02,1
3,spsc_unaligned_65536_cross-core_paced_itch,0,book,4693.36,4800.02,3
3,spsc_unaligned_65536_cross-core_paced_itch,0,book,4800.02,4906.69,1
3,spsc_unaligned_65536_cross-core_paced_itch,0,book,5013.36,5120.02,1
3,spsc_unaligned_65536_cross-core_paced_itch,0,book,5226.69,5333.36,2
3,spsc_unaligned_65536_cross-core_paced_itch,0,book,5333.36,5440.03,6
3,spsc_unaligned_65536_cross-core_paced_itch,0,book,5440.03,5546.69,4
3,spsc_unaligned_65536_cross-core_paced_itch,0,book,5546.69,5653.36,3
3,spsc_unaligned_65536_cross-core_paced_itch,0,book,5653.36,5760.03,1
3,spsc_unaligned_65536_cross-core_paced_itch,0,book,5760.03,5866.69,1
3,spsc_unaligned_65536_cross-core_paced_itch,0,book,5866.69,5973.36,2
3,spsc_unaligned_65536_cross-core_paced_itch,0,book,5973.36,6080.03,3
3,spsc_unaligned_65536_cross-core_paced_itch,0,book,6080.03,6186.7,2
3,spsc_unaligned_65536_cross-core_paced_itch,0,book,6186.7,6293.36,1
3,spsc_unaligned_65536_cross-core_paced_itch,0,book,6293.36,6400.03,2
3,spsc_unaligned_65536_cross-core_paced_itch,0,book,6400.03,6506.7,1
3,spsc_unaligned_65536_cross-core_paced_itch,0,book,6613.36,6720.03,1
3,spsc_unaligned_65536_cross-core_paced_itch,0,book,6720.03,6826.7,1
3,spsc_unaligned_65536_cross-core_paced_itch,0,book,6826.7,7040.03,2
3,spsc_unaligned_65536_cross-core_paced_itch,0,book,7040.03,7253.37,4
3,spsc_unaligned_65536_cross-core_paced_itch,0,book,7253.37,7466.7,2
3,spsc_unaligned_65536_cross-core_paced_itch,0,book,7466.7,7680.04,3
3,spsc_unaligned_65536_cross-core_paced_itch,0,book,7680.04,7893.37,1
3,spsc_unaligned_65536_cross-core_paced_itch,0,book,8106.7,8320.04,8
3,spsc_unaligned_65536_cross-core_paced_itch,0,book,8320.04,8533.37,9
3,spsc_unaligned_65536_cross-core_paced_itch,0,book,8533.37,8746.71,8
3,spsc_unaligned_65536_cross-core_paced_itch,0,book,8746.71,8960.04,14
3,spsc_unaligned_65536_cross-core_paced_itch,0,book,8960.04,9173.38,5
3,spsc_unaligned_65536_cross-core_paced_itch,0,book,9173.38,9386.71,3
3,spsc_unaligned_65536_cross-core_paced_itch,0,book,9386.71,9600.05,2
3,spsc_unaligned_65536_cross-core_paced_itch,0,book,9813.38,10026.7,3
3,spsc_unaligned_65536_cross-core_paced_itch,0,book,10026.7,10240,1
3,spsc_unaligned_65536_cross-core_paced_itch,0,book,10240,10453.4,1
3,spsc_unaligned_65536_cross-core_paced_itch,0,book,10666.7,10880.1,2
3,spsc_unaligned_65536_cross-core_paced_itch,0,book,10880.1,11093.4,1
3,spsc_unaligned_65536_cross-core_paced_itch,0,book,11093.4,11306.7,1
3,spsc_unaligned_65536_cross-core_paced_itch,0,book,11306.7,11520.1,2
3,spsc_unaligned_65536_cross-core_paced_itch,0,book,11733.4,11946.7,1
3,spsc_unaligned_65536_cross-core_paced_itch,0,book,12160.1,12373.4,2
3,spsc_unaligned_65536_cross-core_paced_itch,0,book,13653.4,14080.1,1
3,spsc_unaligned_65536_cross-core_paced_itch,0,book,15786.7,16213.4,1
3,spsc_unaligned_65536_cross-core_paced_itch,0,book,18346.8,18773.4,1
