run,label,median,metric,bucket_lo_ns,bucket_hi_ns,count
1,spsc_unaligned_1024_cross-core_unpaced,0,total,280.001,286.668,1
1,spsc_unaligned_1024_cross-core_unpaced,0,total,286.668,293.335,1
1,spsc_unaligned_1024_cross-core_unpaced,0,total,306.668,313.335,2
1,spsc_unaligned_1024_cross-core_unpaced,0,total,313.335,320.002,1
1,spsc_unaligned_1024_cross-core_unpaced,0,total,340.002,346.668,1
1,spsc_unaligned_1024_cross-core_unpaced,0,total,346.668,353.335,1
1,spsc_unaligned_1024_cross-core_unpaced,0,total,353.335,360.002,4
1,spsc_unaligned_1024_cross-core_unpaced,0,total,373.335,380.002,2
1,spsc_unaligned_1024_cross-core_unpaced,0,total,380.002,386.669,2
1,spsc_unaligned_1024_cross-core_unpaced,0,total,393.335,400.002,3
1,spsc_unaligned_1024_cross-core_unpaced,0,total,400.002,406.669,3
1,spsc_unaligned_1024_cross-core_unpaced,0,total,406.669,413.335,2
1,spsc_unaligned_1024_cross-core_unpaced,0,total,413.335,420.002,2
1,spsc_unaligned_1024_cross-core_unpaced,0,total,420.002,426.669,2
1,spsc_unaligned_1024_cross-core_unpaced,0,total,426.669,440.002,2
1,spsc_unaligned_1024_cross-core_unpaced,0,total,440.002,453.336,4
1,spsc_unaligned_1024_cross-core_unpaced,0,total,453.336,466.669,3
1,spsc_unaligned_1024_cross-core_unpaced,0,total,466.669,480.002,6
1,spsc_unaligned_1024_cross-core_unpaced,0,total,480.002,493.336,8
1,spsc_unaligned_1024_cross-core_unpaced,0,total,493.336,506.669,3
1,spsc_unaligned_1024_cross-core_unpaced,0,total,506.669,520.003,16
1,spsc_unaligned_1024_cross-core_unpaced,0,total,520.003,533.336,6
1,spsc_unaligned_1024_cross-core_unpaced,0,total,533.336,546.669,7
1,spsc_unaligned_1024_cross-core_unpaced,0,total,546.669,560.003,13
1,spsc_unaligned_1024_cross-core_unpaced,0,total,560.003,573.336,12
1,spsc_unaligned_1024_cross-core_unpaced,0,total,573.336,586.67,17
1,spsc_unaligned_1024_cross-core_unpaced,0,total,586.67,600.003,12
1,spsc_unaligned_1024_cross-core_unpaced,0,total,600.003,613.336,18
1,spsc_unaligned_1024_cross-core_unpaced,0,total,613.336,626.67,16
1,spsc_unaligned_1024_cross-core_unpaced,0,total,626.67,640.003,17
1,spsc_unaligned_1024_cross-core_unpaced,0,total,640.003,653.337,13
1,spsc_unaligned_1024_cross-core_unpaced,0,total,653.337,666.67,15
1,spsc_unaligned_1024_cross-core_unpaced,0,total,666.67,680.003,13
1,spsc_unaligned_1024_cross-core_unpaced,0,total,680.003,693.337,14
1,spsc_unaligned_1024_cross-core_unpaced,0,total,693.337,706.67,19
1,spsc_unaligned_1024_cross-core_unpaced,0,total,706.67,720.004,19
1,spsc_unaligned_1024_cross-core_unpaced,0,total,720.004,733.337,24
1,spsc_unaligned_1024_cross-core_unpaced,0,total,733.337,746.67,16
1,spsc_unaligned_1024_cross-core_unpaced,0,total,746.67,760.004,15
1,spsc_unaligned_1024_cross-core_unpaced,0,total,760.004,773.337,14
1,spsc_unaligned_1024_cross-core_unpaced,0,total,773.337,786.671,7
1,spsc_unaligned_1024_cross-core_unpaced,0,total,786.671,800.004,10
1,spsc_unaligned_1024_cross-core_unpaced,0,total,800.004,813.337,9
1,spsc_unaligned_1024_cross-core_unpaced,0,total,813.337,826.671,10
1,spsc_unaligned_1024_cross-core_unpaced,0,total,826.671,840.004,10
1,spsc_unaligned_1024_cross-core_unpaced,0,total,840.004,853.338,10
1,spsc_unaligned_1024_cross-core_unpaced,0,total,853.338,880.004,19
1,spsc_unaligned_1024_cross-core_unpaced,0,total,880.004,906.671,19
1,spsc_unaligned_1024_cross-core_unpaced,0,total,906.671,933.338,15
1,spsc_unaligned_1024_cross-core_unpaced,0,total,933.338,960.005,19
1,spsc_unaligned_1024_cross-core_unpaced,0,total,960.005,986.672,15
1,spsc_unaligned_1024_cross-core_unpaced,0,total,986.672,1013.34,7
1,spsc_unaligned_1024_cross-core_unpaced,0,total,1013.34,1040.01,7
1,spsc_unaligned_1024_cross-core_unpaced,0,total,1040.01,1066.67,6
1,spsc_unaligned_1024_cross-core_unpaced,0,total,1066.67,1093.34,3
1,spsc_unaligned_1024_cross-core_unpaced,0,total,1093.34,1120.01,9
1,spsc_unaligned_1024_cross-core_unpaced,0,total,1120.01,1146.67,4
1,spsc_unaligned_1024_cross-core_unpaced,0,total,1146.67,1173.34,5
1,spsc_unaligned_1024_cross-core_unpaced,0,total,1173.34,1200.01,1
1,spsc_unaligned_1024_cross-core_unpaced,0,total,1200.01,1226.67,2
1,spsc_unaligned_1024_cross-core_unpaced,0,total,1226.67,1253.34,2
1,spsc_unaligned_1024_cross-core_unpaced,0,total,1386.67,1413.34,2
1,spsc_unaligned_1024_cross-core_unpaced,0,total,1440.01,1466.67,1
1,spsc_unaligned_1024_cross-core_unpaced,0,total,1546.67,1573.34,1
1,spsc_unaligned_1024_cross-core_unpaced,0,total,1973.34,2026.68,1
1,spsc_unaligned_1024_cross-core_unpaced,0,total,2080.01,2133.34,1
1,spsc_unaligned_1024_cross-core_unpaced,0,total,2133.34,2186.68,2
1,spsc_unaligned_1024_cross-core_unpaced,0,total,2400.01,2453.35,1
1,spsc_unaligned_1024_cross-core_unpaced,0,total,2720.01,2773.35,1
1,spsc_unaligned_1024_cross-core_unpaced,0,total,2773.35,2826.68,1
1,spsc_unaligned_1024_cross-core_unpaced,0,total,2933.35,2986.68,1
1,spsc_unaligned_1024_cross-core_unpaced,0,total,2986.68,3040.02,1
1,spsc_unaligned_1024_cross-core_unpaced,0,total,3040.02,3093.35,1
1,spsc_unaligned_1024_cross-core_unpaced,0,total,3146.68,3200.02,1
1,spsc_unaligned_1024_cross-core_unpaced,0,total,3360.02,3413.35,2
1,spsc_unaligned_1024_cross-core_unpaced,0,total,3413.35,3520.02,1
1,spsc_unaligned_1024_cross-core_unpaced,0,total,3946.69,4053.35,3
1,spsc_unaligned_1024_cross-core_unpaced,0,total,4053.35,4160.02,1
1,spsc_unaligned_1024_cross-core_unpaced,0,total,4266.69,4373.36,2
1,spsc_unaligned_1024_cross-core_unpaced,0,total,4373.36,4480.02,2
1,spsc_unaligned_1024_cross-core_unpaced,0,total,4800.02,4906.69,2
1,spsc_unaligned_1024_cross-core_unpaced,0,total,5013.36,5120.03,1
1,spsc_unaligned_1024_cross-core_unpaced,0,total,5120.03,5226.69,1
1,spsc_unaligned_1024_cross-core_unpaced,0,total,5653.36,5760.03,3
1,spsc_unaligned_1024_cross-core_unpaced,0,total,5866.7,5973.36,2
1,spsc_unaligned_1024_cross-core_unpaced,0,total,5973.36,6080.03,1
1,spsc_unaligned_1024_cross-core_unpaced,0,total,6186.7,6293.36,2
1,spsc_unaligned_1024_cross-core_unpaced,0,total,6400.03,6506.7,2
1,spsc_unaligned_1024_cross-core_unpaced,0,total,6506.7,6613.37,1
1,spsc_unaligned_1024_cross-core_unpaced,0,total,6613.37,6720.03,1
1,spsc_unaligned_1024_cross-core_unpaced,0,total,6720.03,6826.7,1
1,spsc_unaligned_1024_cross-core_unpaced,0,total,6826.7,7040.04,1
1,spsc_unaligned_1024_cross-core_unpaced,0,total,7253.37,7466.7,2
1,spsc_unaligned_1024_cross-core_unpaced,0,total,7466.7,7680.04,2
1,spsc_unaligned_1024_cross-core_unpaced,0,total,7680.04,7893.37,1
1,spsc_unaligned_1024_cross-core_unpaced,0,total,7893.37,8106.71,3
1,spsc_unaligned_1024_cross-core_unpaced,0,total,8106.71,8320.04,1
1,spsc_unaligned_1024_cross-core_unpaced,0,total,8320.04,8533.38,2
1,spsc_unaligned_1024_cross-core_unpaced,0,total,8746.71,8960.04,1
1,spsc_unaligned_1024_cross-core_unpaced,0,total,8960.04,9173.38,1
1,spsc_unaligned_1024_cross-core_unpaced,0,total,9173.38,9386.71,1
1,spsc_unaligned_1024_cross-core_unpaced,0,total,9386.71,9600.05,1
1,spsc_unaligned_1024_cross-core_unpaced,0,total,9600.05,9813.38,4
1,spsc_unaligned_1024_cross-core_unpaced,0,total,10026.7,10240.1,2
1,spsc_unaligned_1024_cross-core_unpaced,0,total,10453.4,10666.7,1
1,spsc_unaligned_1024_cross-core_unpaced,0,total,10666.7,10880.1,2
1,spsc_unaligned_1024_cross-core_unpaced,0,total,11520.1,11733.4,1
1,spsc_unaligned_1024_cross-core_unpaced,0,total,11733.4,11946.7,1
1,spsc_unaligned_1024_cross-core_unpaced,0,total,12373.4,12586.7,1
1,spsc_unaligned_1024_cross-core_unpaced,0,total,12586.7,12800.1,1
1,spsc_unaligned_1024_cross-core_unpaced,0,total,12800.1,13013.4,2
1,spsc_unaligned_1024_cross-core_unpaced,0,total,13013.4,13226.7,2
1,spsc_unaligned_1024_cross-core_unpaced,0,total,13653.4,14080.1,7
1,spsc_unaligned_1024_cross-core_unpaced,0,total,14080.1,14506.7,2
1,spsc_unaligned_1024_cross-core_unpaced,0,total,14506.7,14933.4,4
1,spsc_unaligned_1024_cross-core_unpaced,0,total,14933.4,15360.1,5
1,spsc_unaligned_1024_cross-core_unpaced,0,total,15360.1,15786.7,4
1,spsc_unaligned_1024_cross-core_unpaced,0,total,15786.7,16213.4,2
1,spsc_unaligned_1024_cross-core_unpaced,0,total,16213.4,16640.1,2
1,spsc_unaligned_1024_cross-core_unpaced,0,total,16640.1,17066.8,2
1,spsc_unaligned_1024_cross-core_unpaced,0,total,17493.4,17920.1,3
1,spsc_unaligned_1024_cross-core_unpaced,0,total,17920.1,18346.8,5
1,spsc_unaligned_1024_cross-core_unpaced,0,total,18346.8,18773.4,4
1,spsc_unaligned_1024_cross-core_unpaced,0,total,18773.4,19200.1,1
1,spsc_unaligned_1024_cross-core_unpaced,0,total,19200.1,19626.8,3
1,spsc_unaligned_1024_cross-core_unpaced,0,total,19626.8,20053.4,5
1,spsc_unaligned_1024_cross-core_unpaced,0,total,20053.4,20480.1,1
1,spsc_unaligned_1024_cross-core_unpaced,0,total,20480.1,20906.8,6
1,spsc_unaligned_1024_cross-core_unpaced,0,total,20906.8,21333.4,6
1,spsc_unaligned_1024_cross-core_unpaced,0,total,21333.4,21760.1,5
1,spsc_unaligned_1024_cross-core_unpaced,0,total,21760.1,22186.8,6
1,spsc_unaligned_1024_cross-core_unpaced,0,total,22186.8,22613.4,5
1,spsc_unaligned_1024_cross-core_unpaced,0,total,22613.4,23040.1,3
1,spsc_unaligned_1024_cross-core_unpaced,0,total,23040.1,23466.8,5
1,spsc_unaligned_1024_cross-core_unpaced,0,total,23466.8,23893.5,5
1,spsc_unaligned_1024_cross-core_unpaced,0,total,23893.5,24320.1,5
1,spsc_unaligned_1024_cross-core_unpaced,0,total,24320.1,24746.8,7
1,spsc_unaligned_1024_cross-core_unpaced,0,total,24746.8,25173.5,6
1,spsc_unaligned_1024_cross-core_unpaced,0,total,25173.5,25600.1,6
1,spsc_unaligned_1024_cross-core_unpaced,0,total,25600.1,26026.8,4
1,spsc_unaligned_1024_cross-core_unpaced,0,total,26026.8,26453.5,5
1,spsc_unaligned_1024_cross-core_unpaced,0,total,26453.5,26880.1,3
1,spsc_unaligned_1024_cross-core_unpaced,0,total,26880.1,27306.8,7
1,spsc_unaligned_1024_cross-core_unpaced,0,total,27306.8,28160.1,17
1,spsc_unaligned_1024_cross-core_unpaced,0,total,28160.1,29013.5,6
1,spsc_unaligned_1024_cross-core_unpaced,0,total,29013.5,29866.8,8
1,spsc_unaligned_1024_cross-core_unpaced,0,total,29866.8,30720.2,10
1,spsc_unaligned_1024_cross-core_unpaced,0,total,30720.2,31573.5,12
1,spsc_unaligned_1024_cross-core_unpaced,0,total,31573.5,32426.8,9
1,spsc_unaligned_1024_cross-core_unpaced,0,total,32426.8,33280.2,8
1,spsc_unaligned_1024_cross-core_unpaced,0,total,33280.2,34133.5,9
1,spsc_unaligned_1024_cross-core_unpaced,0,total,34133.5,34986.8,10
1,spsc_unaligned_1024_cross-core_unpaced,0,total,34986.8,35840.2,16
1,spsc_unaligned_1024_cross-core_unpaced,0,total,35840.2,36693.5,16
1,spsc_unaligned_1024_cross-core_unpaced,0,total,36693.5,37546.9,11
1,spsc_unaligned_1024_cross-core_unpaced,0,total,37546.9,38400.2,7
1,spsc_unaligned_1024_cross-core_unpaced,0,total,38400.2,39253.5,11
1,spsc_unaligned_1024_cross-core_unpaced,0,total,39253.5,40106.9,14
1,spsc_unaligned_1024_cross-core_unpaced,0,total,40106.9,40960.2,14
1,spsc_unaligned_1024_cross-core_unpaced,0,total,40960.2,41813.5,11
1,spsc_unaligned_1024_cross-core_unpaced,0,total,41813.5,42666.9,18
1,spsc_unaligned_1024_cross-core_unpaced,0,total,42666.9,43520.2,11
1,spsc_unaligned_1024_cross-core_unpaced,0,total,43520.2,44373.6,16
1,spsc_unaligned_1024_cross-core_unpaced,0,total,44373.6,45226.9,13
1,spsc_unaligned_1024_cross-core_unpaced,0,total,45226.9,46080.2,16
1,spsc_unaligned_1024_cross-core_unpaced,0,total,46080.2,46933.6,17
1,spsc_unaligned_1024_cross-core_unpaced,0,total,46933.6,47786.9,9
1,spsc_unaligned_1024_cross-core_unpaced,0,total,47786.9,48640.2,8
1,spsc_unaligned_1024_cross-core_unpaced,0,total,48640.2,49493.6,15
1,spsc_unaligned_1024_cross-core_unpaced,0,total,49493.6,50346.9,19
1,spsc_unaligned_1024_cross-core_unpaced,0,total,50346.9,51200.3,15
1,spsc_unaligned_1024_cross-core_unpaced,0,total,51200.3,52053.6,12
1,spsc_unaligned_1024_cross-core_unpaced,0,total,52053.6,52906.9,16
1,spsc_unaligned_1024_cross-core_unpaced,0,total,52906.9,53760.3,11
1,spsc_unaligned_1024_cross-core_unpaced,0,total,53760.3,54613.6,19
1,spsc_unaligned_1024_cross-core_unpaced,0,total,54613.6,56320.3,21
1,spsc_unaligned_1024_cross-core_unpaced,0,total,56320.3,58027,27
1,spsc_unaligned_1024_cross-core_unpaced,0,total,58027,59733.6,44
1,spsc_unaligned_1024_cross-core_unpaced,0,total,59733.6,61440.3,38
1,spsc_unaligned_1024_cross-core_unpaced,0,total,61440.3,63147,32
1,spsc_unaligned_1024_cross-core_unpaced,0,total,63147,64853.7,37
1,spsc_unaligned_1024_cross-core_unpaced,0,total,64853.7,66560.3,46
1,spsc_unaligned_1024_cross-core_unpaced,0,total,66560.3,68267,40
1,spsc_unaligned_1024_cross-core_unpaced,0,total,68267,69973.7,48
1,spsc_unaligned_1024_cross-core_unpaced,0,total,69973.7,71680.4,37
1,spsc_unaligned_1024_cross-core_unpaced,0,total,71680.4,73387,50
1,spsc_unaligned_1024_cross-core_unpaced,0,total,73387,75093.7,51
1,spsc_unaligned_1024_cross-core_unpaced,0,total,75093.7,76800.4,69
1,spsc_unaligned_1024_cross-core_unpaced,0,total,76800.4,78507.1,53
1,spsc_unaligned_1024_cross-core_unpaced,0,total,78507.1,80213.7,53
1,spsc_unaligned_1024_cross-core_unpaced,0,total,80213.7,81920.4,65
1,spsc_unaligned_1024_cross-core_unpaced,0,total,81920.4,83627.1,49
1,spsc_unaligned_1024_cross-core_unpaced,0,total,83627.1,85333.8,59
1,spsc_unaligned_1024_cross-core_unpaced,0,total,85333.8,87040.4,66
1,spsc_unaligned_1024_cross-core_unpaced,0,total,87040.4,88747.1,63
1,spsc_unaligned_1024_cross-core_unpaced,0,total,88747.1,90453.8,47
1,spsc_unaligned_1024_cross-core_unpaced,0,total,90453.8,92160.5,65
1,spsc_unaligned_1024_cross-core_unpaced,0,total,92160.5,93867.1,62
1,spsc_unaligned_1024_cross-core_unpaced,0,total,93867.1,95573.8,84
1,spsc_unaligned_1024_cross-core_unpaced,0,total,95573.8,97280.5,85
1,spsc_unaligned_1024_cross-core_unpaced,0,total,97280.5,98987.2,89
1,spsc_unaligned_1024_cross-core_unpaced,0,total,98987.2,100694,76
1,spsc_unaligned_1024_cross-core_unpaced,0,total,100694,102401,74
1,spsc_unaligned_1024_cross-core_unpaced,0,total,102401,104107,63
1,spsc_unaligned_1024_cross-core_unpaced,0,total,104107,105814,56
1,spsc_unaligned_1024_cross-core_unpaced,0,total,105814,107521,65
1,spsc_unaligned_1024_cross-core_unpaced,0,total,107521,109227,71
1,spsc_unaligned_1024_cross-core_unpaced,0,total,109227,112641,108
1,spsc_unaligned_1024_cross-core_unpaced,0,total,112641,116054,138
1,spsc_unaligned_1024_cross-core_unpaced,0,total,116054,119467,117
1,spsc_unaligned_1024_cross-core_unpaced,0,total,119467,122881,130
1,spsc_unaligned_1024_cross-core_unpaced,0,total,122881,126294,115
1,spsc_unaligned_1024_cross-core_unpaced,0,total,126294,129707,212
1,spsc_unaligned_1024_cross-core_unpaced,0,total,129707,133121,174
1,spsc_unaligned_1024_cross-core_unpaced,0,total,133121,136534,221
1,spsc_unaligned_1024_cross-core_unpaced,0,total,136534,139947,205
1,spsc_unaligned_1024_cross-core_unpaced,0,total,139947,143361,188
1,spsc_unaligned_1024_cross-core_unpaced,0,total,143361,146774,275
1,spsc_unaligned_1024_cross-core_unpaced,0,total,146774,150187,225
1,spsc_unaligned_1024_cross-core_unpaced,0,total,150187,153601,235
1,spsc_unaligned_1024_cross-core_unpaced,0,total,153601,157014,216
1,spsc_unaligned_1024_cross-core_unpaced,0,total,157014,160427,366
1,spsc_unaligned_1024_cross-core_unpaced,0,total,160427,163841,696
1,spsc_unaligned_1024_cross-core_unpaced,0,total,163841,167254,2009
1,spsc_unaligned_1024_cross-core_unpaced,0,total,167254,170668,6400
1,spsc_unaligned_1024_cross-core_unpaced,0,total,170668,174081,14424
1,spsc_unaligned_1024_cross-core_unpaced,0,total,174081,177494,25828
1,spsc_unaligned_1024_cross-core_unpaced,0,total,177494,180908,41683
1,spsc_unaligned_1024_cross-core_unpaced,0,total,180908,184321,52851
1,spsc_unaligned_1024_cross-core_unpaced,0,total,184321,187734,47025
1,spsc_unaligned_1024_cross-core_unpaced,0,total,187734,191148,34727
1,spsc_unaligned_1024_cross-core_unpaced,0,total,191148,194561,24148
1,spsc_unaligned_1024_cross-core_unpaced,0,total,194561,197974,16503
1,spsc_unaligned_1024_cross-core_unpaced,0,total,197974,201388,10948
1,spsc_unaligned_1024_cross-core_unpaced,0,total,201388,204801,8811
1,spsc_unaligned_1024_cross-core_unpaced,0,total,204801,208214,8735
1,spsc_unaligned_1024_cross-core_unpaced,0,total,208214,211628,10801
1,spsc_unaligned_1024_cross-core_unpaced,0,total,211628,215041,13475
1,spsc_unaligned_1024_cross-core_unpaced,0,total,215041,218454,19923
1,spsc_unaligned_1024_cross-core_unpaced,0,total,218454,225281,65223
1,spsc_unaligned_1024_cross-core_unpaced,0,total,225281,232108,116519
1,spsc_unaligned_1024_cross-core_unpaced,0,total,232108,238935,197946
1,spsc_unaligned_1024_cross-core_unpaced,0,total,238935,245761,281381
1,spsc_unaligned_1024_cross-core_unpaced,0,total,245761,252588,339673
1,spsc_unaligned_1024_cross-core_unpaced,0,total,252588,259415,339286
1,spsc_unaligned_1024_cross-core_unpaced,0,total,259415,266241,276158
1,spsc_unaligned_1024_cross-core_unpaced,0,total,266241,273068,183836
1,spsc_unaligned_1024_cross-core_unpaced,0,total,273068,279895,107236
1,spsc_unaligned_1024_cross-core_unpaced,0,total,279895,286721,56703
1,spsc_unaligned_1024_cross-core_unpaced,0,total,286721,293548,26874
1,spsc_unaligned_1024_cross-core_unpaced,0,total,293548,300375,13651
1,spsc_unaligned_1024_cross-core_unpaced,0,total,300375,307202,7464
1,spsc_unaligned_1024_cross-core_unpaced,0,total,307202,314028,4552
1,spsc_unaligned_1024_cross-core_unpaced,0,total,314028,320855,3216
1,spsc_unaligned_1024_cross-core_unpaced,0,total,320855,327682,2514
1,spsc_unaligned_1024_cross-core_unpaced,0,total,327682,334508,1659
1,spsc_unaligned_1024_cross-core_unpaced,0,total,334508,341335,1313
1,spsc_unaligned_1024_cross-core_unpaced,0,total,341335,348162,878
1,spsc_unaligned_1024_cross-core_unpaced,0,total,348162,354988,784
1,spsc_unaligned_1024_cross-core_unpaced,0,total,354988,361815,638
1,spsc_unaligned_1024_cross-core_unpaced,0,total,361815,368642,630
1,spsc_unaligned_1024_cross-core_unpaced,0,total,368642,375469,680
1,spsc_unaligned_1024_cross-core_unpaced,0,total,375469,382295,757
1,spsc_unaligned_1024_cross-core_unpaced,0,total,382295,389122,1077
1,spsc_unaligned_1024_cross-core_unpaced,0,total,389122,395949,1652
1,spsc_unaligned_1024_cross-core_unpaced,0,total,395949,402775,1782
1,spsc_unaligned_1024_cross-core_unpaced,0,total,402775,409602,1090
1,spsc_unaligned_1024_cross-core_unpaced,0,total,409602,416429,516
1,spsc_unaligned_1024_cross-core_unpaced,0,total,416429,423255,225
1,spsc_unaligned_1024_cross-core_unpaced,0,total,423255,430082,145
1,spsc_unaligned_1024_cross-core_unpaced,0,total,430082,436909,65
1,spsc_unaligned_1024_cross-core_unpaced,0,total,436909,450562,88
1,spsc_unaligned_1024_cross-core_unpaced,0,total,450562,464216,71
1,spsc_unaligned_1024_cross-core_unpaced,0,total,464216,477869,55
1,spsc_unaligned_1024_cross-core_unpaced,0,total,477869,491522,76
1,spsc_unaligned_1024_cross-core_unpaced,0,total,491522,505176,34
1,spsc_unaligned_1024_cross-core_unpaced,0,total,505176,518829,13
1,spsc_unaligned_1024_cross-core_unpaced,0,total,518829,532483,20
1,spsc_unaligned_1024_cross-core_unpaced,0,total,532483,546136,34
1,spsc_unaligned_1024_cross-core_unpaced,0,total,546136,559789,49
1,spsc_unaligned_1024_cross-core_unpaced,0,total,559789,573443,53
1,spsc_unaligned_1024_cross-core_unpaced,0,total,573443,587096,29
1,spsc_unaligned_1024_cross-core_unpaced,0,total,587096,600750,30
1,spsc_unaligned_1024_cross-core_unpaced,0,total,600750,614403,39
1,spsc_unaligned_1024_cross-core_unpaced,0,total,614403,628056,39
1,spsc_unaligned_1024_cross-core_unpaced,0,total,628056,641710,38
1,spsc_unaligned_1024_cross-core_unpaced,0,total,641710,655363,5
1,spsc_unaligned_1024_cross-core_unpaced,0,total,655363,669017,4
1,spsc_unaligned_1024_cross-core_unpaced,0,total,669017,682670,6
1,spsc_unaligned_1024_cross-core_unpaced,0,total,682670,696323,6
1,spsc_unaligned_1024_cross-core_unpaced,0,total,696323,709977,7
1,spsc_unaligned_1024_cross-core_unpaced,0,total,709977,723630,5
1,spsc_unaligned_1024_cross-core_unpaced,0,total,723630,737284,4
1,spsc_unaligned_1024_cross-core_unpaced,0,total,750937,764590,2
1,spsc_unaligned_1024_cross-core_unpaced,0,total,764590,778244,3
1,spsc_unaligned_1024_cross-core_unpaced,0,total,805551,819204,4
1,spsc_unaligned_1024_cross-core_unpaced,0,total,819204,832857,3
1,spsc_unaligned_1024_cross-core_unpaced,0,total,846511,860164,1
1,spsc_unaligned_1024_cross-core_unpaced,0,total,873818,901125,9
1,spsc_unaligned_1024_cross-core_unpaced,0,total,901125,928431,1
1,spsc_unaligned_1024_cross-core_unpaced,0,total,928431,955738,3
1,spsc_unaligned_1024_cross-core_unpaced,0,total,955738,983045,1
1,spsc_unaligned_1024_cross-core_unpaced,0,total,983045,1.01035e+06,12
1,spsc_unaligned_1024_cross-core_unpaced,0,total,1.01035e+06,1.03766e+06,3
1,spsc_unaligned_1024_cross-core_unpaced,0,total,1.03766e+06,1.06497e+06,2
1,spsc_unaligned_1024_cross-core_unpaced,0,total,1.06497e+06,1.09227e+06,3
1,spsc_unaligned_1024_cross-core_unpaced,0,total,1.09227e+06,1.11958e+06,8
1,spsc_unaligned_1024_cross-core_unpaced,0,total,1.14689e+06,1.17419e+06,6
1,spsc_unaligned_1024_cross-core_unpaced,0,queue,163.334,166.668,1
1,spsc_unaligned_1024_cross-core_unpaced,0,queue,266.668,273.335,1
1,spsc_unaligned_1024_cross-core_unpaced,0,queue,286.668,293.335,2
1,spsc_unaligned_1024_cross-core_unpaced,0,queue,293.335,300.002,1
1,spsc_unaligned_1024_cross-core_unpaced,0,queue,320.002,326.668,1
1,spsc_unaligned_1024_cross-core_unpaced,0,queue,326.668,333.335,2
1,spsc_unaligned_1024_cross-core_unpaced,0,queue,340.002,346.668,4
1,spsc_unaligned_1024_cross-core_unpaced,0,queue,346.668,353.335,1
1,spsc_unaligned_1024_cross-core_unpaced,0,queue,353.335,360.002,1
1,spsc_unaligned_1024_cross-core_unpaced,0,queue,360.002,366.669,2
1,spsc_unaligned_1024_cross-core_unpaced,0,queue,366.669,373.335,3
1,spsc_unaligned_1024_cross-core_unpaced,0,queue,373.335,380.002,1
1,spsc_unaligned_1024_cross-core_unpaced,0,queue,380.002,386.669,2
1,spsc_unaligned_1024_cross-core_unpaced,0,queue,386.669,393.335,5
1,spsc_unaligned_1024_cross-core_unpaced,0,queue,393.335,400.002,2
1,spsc_unaligned_1024_cross-core_unpaced,0,queue,400.002,406.669,4
1,spsc_unaligned_1024_cross-core_unpaced,0,queue,406.669,413.335,2
1,spsc_unaligned_1024_cross-core_unpaced,0,queue,413.335,420.002,2
1,spsc_unaligned_1024_cross-core_unpaced,0,queue,420.002,426.669,2
1,spsc_unaligned_1024_cross-core_unpaced,0,queue,426.669,440.002,4
1,spsc_unaligned_1024_cross-core_unpaced,0,queue,440.002,453.336,2
1,spsc_unaligned_1024_cross-core_unpaced,0,queue,453.336,466.669,10
1,spsc_unaligned_1024_cross-core_unpaced,0,queue,466.669,480.002,11
1,spsc_unaligned_1024_cross-core_unpaced,0,queue,480.002,493.336,5
1,spsc_unaligned_1024_cross-core_unpaced,0,queue,493.336,506.669,15
1,spsc_unaligned_1024_cross-core_unpaced,0,queue,506.669,520.003,9
1,spsc_unaligned_1024_cross-core_unpaced,0,queue,520.003,533.336,13
1,spsc_unaligned_1024_cross-core_unpaced,0,queue,533.336,546.669,15
1,spsc_unaligned_1024_cross-core_unpaced,0,queue,546.669,560.003,16
1,spsc_unaligned_1024_cross-core_unpaced,0,queue,560.003,573.336,18
1,spsc_unaligned_1024_cross-core_unpaced,0,queue,573.336,586.67,14
1,spsc_unaligned_1024_cross-core_unpaced,0,queue,586.67,600.003,21
1,spsc_unaligned_1024_cross-core_unpaced,0,queue,600.003,613.336,7
1,spsc_unaligned_1024_cross-core_unpaced,0,queue,613.336,626.67,17
1,spsc_unaligned_1024_cross-core_unpaced,0,queue,626.67,640.003,13
1,spsc_unaligned_1024_cross-core_unpaced,0,queue,640.003,653.337,15
1,spsc_unaligned_1024_cross-core_unpaced,0,queue,653.337,666.67,19
1,spsc_unaligned_1024_cross-core_unpaced,0,queue,666.67,680.003,11
1,spsc_unaligned_1024_cross-core_unpaced,0,queue,680.003,693.337,15
1,spsc_unaligned_1024_cross-core_unpaced,0,queue,693.337,706.67,16
1,spsc_unaligned_1024_cross-core_unpaced,0,queue,706.67,720.004,26
1,spsc_unaligned_1024_cross-core_unpaced,0,queue,720.004,733.337,18
1,spsc_unaligned_1024_cross-core_unpaced,0,queue,733.337,746.67,16
1,spsc_unaligned_1024_cross-core_unpaced,0,queue,746.67,760.004,7
1,spsc_unaligned_1024_cross-core_unpaced,0,queue,760.004,773.337,4
1,spsc_unaligned_1024_cross-core_unpaced,0,queue,773.337,786.671,8
1,spsc_unaligned_1024_cross-core_unpaced,0,queue,786.671,800.004,11
1,spsc_unaligned_1024_cross-core_unpaced,0,queue,800.004,813.337,14
1,spsc_unaligned_1024_cross-core_unpaced,0,queue,813.337,826.671,8
1,spsc_unaligned_1024_cross-core_unpaced,0,queue,826.671,840.004,10
1,spsc_unaligned_1024_cross-core_unpaced,0,queue,840.004,853.338,10
1,spsc_unaligned_1024_cross-core_unpaced,0,queue,853.338,880.004,14
1,spsc_unaligned_1024_cross-core_unpaced,0,queue,880.004,906.671,15
1,spsc_unaligned_1024_cross-core_unpaced,0,queue,906.671,933.338,14
1,spsc_unaligned_1024_cross-core_unpaced,0,queue,933.338,960.005,17
1,spsc_unaligned_1024_cross-core_unpaced,0,queue,960.005,986.672,8
1,spsc_unaligned_1024_cross-core_unpaced,0,queue,986.672,1013.34,5
1,spsc_unaligned_1024_cross-core_unpaced,0,queue,1013.34,1040.01,4
1,spsc_unaligned_1024_cross-core_unpaced,0,queue,1040.01,1066.67,4
1,spsc_unaligned_1024_cross-core_unpaced,0,queue,1066.67,1093.34,7
1,spsc_unaligned_1024_cross-core_unpaced,0,queue,1093.34,1120.01,6
1,spsc_unaligned_1024_cross-core_unpaced,0,queue,1120.01,1146.67,5
1,spsc_unaligned_1024_cross-core_unpaced,0,queue,1146.67,1173.34,2
1,spsc_unaligned_1024_cross-core_unpaced,0,queue,1200.01,1226.67,1
1,spsc_unaligned_1024_cross-core_unpaced,0,queue,1226.67,1253.34,1
1,spsc_unaligned_1024_cross-core_unpaced,0,queue,1360.01,1386.67,2
1,spsc_unaligned_1024_cross-core_unpaced,0,queue,1386.67,1413.34,1
1,spsc_unaligned_1024_cross-core_unpaced,0,queue,1813.34,1866.68,1
1,spsc_unaligned_1024_cross-core_unpaced,0,queue,1866.68,1920.01,1
1,spsc_unaligned_1024_cross-core_unpaced,0,queue,1920.01,1973.34,1
1,spsc_unaligned_1024_cross-core_unpaced,0,queue,2133.34,2186.68,1
1,spsc_unaligned_1024_cross-core_unpaced,0,queue,2293.34,2346.68,1
1,spsc_unaligned_1024_cross-core_unpaced,0,queue,2613.35,2666.68,1
1,spsc_unaligned_1024_cross-core_unpaced,0,queue,2666.68,2720.01,2
1,spsc_unaligned_1024_cross-core_unpaced,0,queue,2826.68,2880.01,2
1,spsc_unaligned_1024_cross-core_unpaced,0,queue,2986.68,3040.02,1
1,spsc_unaligned_1024_cross-core_unpaced,0,queue,3200.02,3253.35,2
1,spsc_unaligned_1024_cross-core_unpaced,0,queue,3360.02,3413.35,1
1,spsc_unaligned_1024_cross-core_unpaced,0,queue,3733.35,3840.02,1
1,spsc_unaligned_1024_cross-core_unpaced,0,queue,3840.02,3946.69,1
1,spsc_unaligned_1024_cross-core_unpaced,0,queue,3946.69,4053.35,1
1,spsc_unaligned_1024_cross-core_unpaced,0,queue,4053.35,4160.02,2
1,spsc_unaligned_1024_cross-core_unpaced,0,queue,4160.02,4266.69,1
1,spsc_unaligned_1024_cross-core_unpaced,0,queue,4266.69,4373.36,2
1,spsc_unaligned_1024_cross-core_unpaced,0,queue,4480.02,4586.69,1
1,spsc_unaligned_1024_cross-core_unpaced,0,queue,4800.02,4906.69,2
1,spsc_unaligned_1024_cross-core_unpaced,0,queue,4906.69,5013.36,1
1,spsc_unaligned_1024_cross-core_unpaced,0,queue,5440.03,5546.69,1
1,spsc_unaligned_1024_cross-core_unpaced,0,queue,5546.69,5653.36,1
1,spsc_unaligned_1024_cross-core_unpaced,0,queue,5653.36,5760.03,2
1,spsc_unaligned_1024_cross-core_unpaced,0,queue,5760.03,5866.7,1
1,spsc_unaligned_1024_cross-core_unpaced,0,queue,5866.7,5973.36,1
1,spsc_unaligned_1024_cross-core_unpaced,0,queue,5973.36,6080.03,1
1,spsc_unaligned_1024_cross-core_unpaced,0,queue,6080.03,6186.7,1
1,spsc_unaligned_1024_cross-core_unpaced,0,queue,6186.7,6293.36,2
1,spsc_unaligned_1024_cross-core_unpaced,0,queue,6506.7,6613.37,1
1,spsc_unaligned_1024_cross-core_unpaced,0,queue,6613.37,6720.03,3
1,spsc_unaligned_1024_cross-core_unpaced,0,queue,7040.04,7253.37,1
1,spsc_unaligned_1024_cross-core_unpaced,0,queue,7253.37,7466.7,2
1,spsc_unaligned_1024_cross-core_unpaced,0,queue,7466.7,7680.04,2
1,spsc_unaligned_1024_cross-core_unpaced,0,queue,7680.04,7893.37,3
1,spsc_unaligned_1024_cross-core_unpaced,0,queue,7893.37,8106.71,2
1,spsc_unaligned_1024_cross-core_unpaced,0,queue,8320.04,8533.38,1
1,spsc_unaligned_1024_cross-core_unpaced,0,queue,8746.71,8960.04,1
1,spsc_unaligned_1024_cross-core_unpaced,0,queue,8960.04,9173.38,2
1,spsc_unaligned_1024_cross-core_unpaced,0,queue,9173.38,9386.71,2
1,spsc_unaligned_1024_cross-core_unpaced,0,queue,9386.71,9600.05,2
1,spsc_unaligned_1024_cross-core_unpaced,0,queue,9600.05,9813.38,1
1,spsc_unaligned_1024_cross-core_unpaced,0,queue,9813.38,10026.7,2
1,spsc_unaligned_1024_cross-core_unpaced,0,queue,10240.1,10453.4,1
1,spsc_unaligned_1024_cross-core_unpaced,0,queue,10666.7,10880.1,2
1,spsc_unaligned_1024_cross-core_unpaced,0,queue,11306.7,11520.1,1
1,spsc_unaligned_1024_cross-core_unpaced,0,queue,11733.4,11946.7,1
1,spsc_unaligned_1024_cross-core_unpaced,0,queue,11946.7,12160.1,1
1,spsc_unaligned_1024_cross-core_unpaced,0,queue,12373.4,12586.7,1
1,spsc_unaligned_1024_cross-core_unpaced,0,queue,12800.1,13013.4,3
1,spsc_unaligned_1024_cross-core_unpaced,0,queue,13013.4,13226.7,1
1,spsc_unaligned_1024_cross-core_unpaced,0,queue,13226.7,13440.1,1
1,spsc_unaligned_1024_cross-core_unpaced,0,queue,13440.1,13653.4,3
1,spsc_unaligned_1024_cross-core_unpaced,0,queue,13653.4,14080.1,3
1,spsc_unaligned_1024_cross-core_unpaced,0,queue,14080.1,14506.7,4
1,spsc_unaligned_1024_cross-core_unpaced,0,queue,14506.7,14933.4,7
1,spsc_unaligned_1024_cross-core_unpaced,0,queue,14933.4,15360.1,3
1,spsc_unaligned_1024_cross-core_unpaced,0,queue,15360.1,15786.7,1
1,spsc_unaligned_1024_cross-core_unpaced,0,queue,15786.7,16213.4,1
1,spsc_unaligned_1024_cross-core_unpaced,0,queue,16213.4,16640.1,2
1,spsc_unaligned_1024_cross-core_unpaced,0,queue,16640.1,17066.8,2
1,spsc_unaligned_1024_cross-core_unpaced,0,queue,17066.8,17493.4,2
1,spsc_unaligned_1024_cross-core_unpaced,0,queue,17493.4,17920.1,2
1,spsc_unaligned_1024_cross-core_unpaced,0,queue,17920.1,18346.8,5
1,spsc_unaligned_1024_cross-core_unpaced,0,queue,18346.8,18773.4,4
1,spsc_unaligned_1024_cross-core_unpaced,0,queue,18773.4,19200.1,3
1,spsc_unaligned_1024_cross-core_unpaced,0,queue,19200.1,19626.8,2
1,spsc_unaligned_1024_cross-core_unpaced,0,queue,19626.8,20053.4,4
1,spsc_unaligned_1024_cross-core_unpaced,0,queue,20053.4,20480.1,3
1,spsc_unaligned_1024_cross-core_unpaced,0,queue,20480.1,20906.8,6
1,spsc_unaligned_1024_cross-core_unpaced,0,queue,20906.8,21333.4,6
1,spsc_unaligned_1024_cross-core_unpaced,0,queue,21333.4,21760.1,3
1,spsc_unaligned_1024_cross-core_unpaced,0,queue,21760.1,22186.8,7
1,spsc_unaligned_1024_cross-core_unpaced,0,queue,22186.8,22613.4,4
1,spsc_unaligned_1024_cross-core_unpaced,0,queue,22613.4,23040.1,6
1,spsc_unaligned_1024_cross-core_unpaced,0,queue,23040.1,23466.8,2
1,spsc_unaligned_1024_cross-core_unpaced,0,queue,23466.8,23893.5,6
1,spsc_unaligned_1024_cross-core_unpaced,0,queue,23893.5,24320.1,7
1,spsc_unaligned_1024_cross-core_unpaced,0,queue,24320.1,24746.8,6
1,spsc_unaligned_1024_cross-core_unpaced,0,queue,24746.8,25173.5,7
1,spsc_unaligned_1024_cross-core_unpaced,0,queue,25173.5,25600.1,2
1,spsc_unaligned_1024_cross-core_unpaced,0,queue,25600.1,26026.8,6
1,spsc_unaligned_1024_cross-core_unpaced,0,queue,26026.8,26453.5,4
1,spsc_unaligned_1024_cross-core_unpaced,0,queue,26453.5,26880.1,6
1,spsc_unaligned_1024_cross-core_unpaced,0,queue,26880.1,27306.8,4
1,spsc_unaligned_1024_cross-core_unpaced,0,queue,27306.8,28160.1,16
1,spsc_unaligned_1024_cross-core_unpaced,0,queue,28160.1,29013.5,10
1,spsc_unaligned_1024_cross-core_unpaced,0,queue,29013.5,29866.8,5
1,spsc_unaligned_1024_cross-core_unpaced,0,queue,29866.8,30720.2,10
1,spsc_unaligned_1024_cross-core_unpaced,0,queue,30720.2,31573.5,14
1,spsc_unaligned_1024_cross-core_unpaced,0,queue,31573.5,32426.8,8
1,spsc_unaligned_1024_cross-core_unpaced,0,queue,32426.8,33280.2,7
1,spsc_unaligned_1024_cross-core_unpaced,0,queue,33280.2,34133.5,8
1,spsc_unaligned_1024_cross-core_unpaced,0,queue,34133.5,34986.8,11
1,spsc_unaligned_1024_cross-core_unpaced,0,queue,34986.8,35840.2,17
1,spsc_unaligned_1024_cross-core_unpaced,0,queue,35840.2,36693.5,18
1,spsc_unaligned_1024_cross-core_unpaced,0,queue,36693.5,37546.9,8
1,spsc_unaligned_1024_cross-core_unpaced,0,queue,37546.9,38400.2,9
1,spsc_unaligned_1024_cross-core_unpaced,0,queue,38400.2,39253.5,11
1,spsc_unaligned_1024_cross-core_unpaced,0,queue,39253.5,40106.9,16
1,spsc_unaligned_1024_cross-core_unpaced,0,queue,40106.9,40960.2,15
1,spsc_unaligned_1024_cross-core_unpaced,0,queue,40960.2,41813.5,8
1,spsc_unaligned_1024_cross-core_unpaced,0,queue,41813.5,42666.9,18
1,spsc_unaligned_1024_cross-core_unpaced,0,queue,42666.9,43520.2,13
1,spsc_unaligned_1024_cross-core_unpaced,0,queue,43520.2,44373.6,13
1,spsc_unaligned_1024_cross-core_unpaced,0,queue,44373.6,45226.9,12
1,spsc_unaligned_1024_cross-core_unpaced,0,queue,45226.9,46080.2,20
1,spsc_unaligned_1024_cross-core_unpaced,0,queue,46080.2,46933.6,14
1,spsc_unaligned_1024_cross-core_unpaced,0,queue,46933.6,47786.9,8
1,spsc_unaligned_1024_cross-core_unpaced,0,queue,47786.9,48640.2,9
1,spsc_unaligned_1024_cross-core_unpaced,0,queue,48640.2,49493.6,16
1,spsc_unaligned_1024_cross-core_unpaced,0,queue,49493.6,50346.9,19
1,spsc_unaligned_1024_cross-core_unpaced,0,queue,50346.9,51200.3,14
1,spsc_unaligned_1024_cross-core_unpaced,0,queue,51200.3,52053.6,15
1,spsc_unaligned_1024_cross-core_unpaced,0,queue,52053.6,52906.9,11
1,spsc_unaligned_1024_cross-core_unpaced,0,queue,52906.9,53760.3,17
1,spsc_unaligned_1024_cross-core_unpaced,0,queue,53760.3,54613.6,15
1,spsc_unaligned_1024_cross-core_unpaced,0,queue,54613.6,56320.3,24
1,spsc_unaligned_1024_cross-core_unpaced,0,queue,56320.3,58027,24
1,spsc_unaligned_1024_cross-core_unpaced,0,queue,58027,59733.6,44
1,spsc_unaligned_1024_cross-core_unpaced,0,queue,59733.6,61440.3,41
1,spsc_unaligned_1024_cross-core_unpaced,0,queue,61440.3,63147,30
1,spsc_unaligned_1024_cross-core_unpaced,0,queue,63147,64853.7,39
1,spsc_unaligned_1024_cross-core_unpaced,0,queue,64853.7,66560.3,45
1,spsc_unaligned_1024_cross-core_unpaced,0,queue,66560.3,68267,40
1,spsc_unaligned_1024_cross-core_unpaced,0,queue,68267,69973.7,50
1,spsc_unaligned_1024_cross-core_unpaced,0,queue,69973.7,71680.4,36
1,spsc_unaligned_1024_cross-core_unpaced,0,queue,71680.4,73387,52
1,spsc_unaligned_1024_cross-core_unpaced,0,queue,73387,75093.7,50
1,spsc_unaligned_1024_cross-core_unpaced,0,queue,75093.7,76800.4,70
1,spsc_unaligned_1024_cross-core_unpaced,0,queue,76800.4,78507.1,51
1,spsc_unaligned_1024_cross-core_unpaced,0,queue,78507.1,80213.7,64
1,spsc_unaligned_1024_cross-core_unpaced,0,queue,80213.7,81920.4,51
1,spsc_unaligned_1024_cross-core_unpaced,0,queue,81920.4,83627.1,53
1,spsc_unaligned_1024_cross-core_unpaced,0,queue,83627.1,85333.8,59
1,spsc_unaligned_1024_cross-core_unpaced,0,queue,85333.8,87040.4,63
1,spsc_unaligned_1024_cross-core_unpaced,0,queue,87040.4,88747.1,65
1,spsc_unaligned_1024_cross-core_unpaced,0,queue,88747.1,90453.8,50
1,spsc_unaligned_1024_cross-core_unpaced,0,queue,90453.8,92160.5,66
1,spsc_unaligned_1024_cross-core_unpaced,0,queue,92160.5,93867.1,61
1,spsc_unaligned_1024_cross-core_unpaced,0,queue,93867.1,95573.8,86
1,spsc_unaligned_1024_cross-core_unpaced,0,queue,95573.8,97280.5,79
1,spsc_unaligned_1024_cross-core_unpaced,0,queue,97280.5,98987.2,91
1,spsc_unaligned_1024_cross-core_unpaced,0,queue,98987.2,100694,79
1,spsc_unaligned_1024_cross-core_unpaced,0,queue,100694,102401,74
1,spsc_unaligned_1024_cross-core_unpaced,0,queue,102401,104107,57
1,spsc_unaligned_1024_cross-core_unpaced,0,queue,104107,105814,60
1,spsc_unaligned_1024_cross-core_unpaced,0,queue,105814,107521,63
1,spsc_unaligned_1024_cross-core_unpaced,0,queue,107521,109227,71
1,spsc_unaligned_1024_cross-core_unpaced,0,queue,109227,112641,109
1,spsc_unaligned_1024_cross-core_unpaced,0,queue,112641,116054,139
1,spsc_unaligned_1024_cross-core_unpaced,0,queue,116054,119467,117
1,spsc_unaligned_1024_cross-core_unpaced,0,queue,119467,122881,130
1,spsc_unaligned_1024_cross-core_unpaced,0,queue,122881,126294,118
1,spsc_unaligned_1024_cross-core_unpaced,0,queue,126294,129707,217
1,spsc_unaligned_1024_cross-core_unpaced,0,queue,129707,133121,164
1,spsc_unaligned_1024_cross-core_unpaced,0,queue,133121,136534,221
1,spsc_unaligned_1024_cross-core_unpaced,0,queue,136534,139947,212
1,spsc_unaligned_1024_cross-core_unpaced,0,queue,139947,143361,182
1,spsc_unaligned_1024_cross-core_unpaced,0,queue,143361,146774,279
1,spsc_unaligned_1024_cross-core_unpaced,0,queue,146774,150187,223
1,spsc_unaligned_1024_cross-core_unpaced,0,queue,150187,153601,238
1,spsc_unaligned_1024_cross-core_unpaced,0,queue,153601,157014,218
1,spsc_unaligned_1024_cross-core_unpaced,0,queue,157014,160427,378
1,spsc_unaligned_1024_cross-core_unpaced,0,queue,160427,163841,711
1,spsc_unaligned_1024_cross-core_unpaced,0,queue,163841,167254,2129
1,spsc_unaligned_1024_cross-core_unpaced,0,queue,167254,170668,6621
1,spsc_unaligned_1024_cross-core_unpaced,0,queue,170668,174081,14729
1,spsc_unaligned_1024_cross-core_unpaced,0,queue,174081,177494,26346
1,spsc_unaligned_1024_cross-core_unpaced,0,queue,177494,180908,42205
1,spsc_unaligned_1024_cross-core_unpaced,0,queue,180908,184321,52851
1,spsc_unaligned_1024_cross-core_unpaced,0,queue,184321,187734,46744
1,spsc_unaligned_1024_cross-core_unpaced,0,queue,187734,191148,34295
1,spsc_unaligned_1024_cross-core_unpaced,0,queue,191148,194561,23804
1,spsc_unaligned_1024_cross-core_unpaced,0,queue,194561,197974,16333
1,spsc_unaligned_1024_cross-core_unpaced,0,queue,197974,201388,10834
1,spsc_unaligned_1024_cross-core_unpaced,0,queue,201388,204801,8786
1,spsc_unaligned_1024_cross-core_unpaced,0,queue,204801,208214,8830
1,spsc_unaligned_1024_cross-core_unpaced,0,queue,208214,211628,10896
1,spsc_unaligned_1024_cross-core_unpaced,0,queue,211628,215041,13707
1,spsc_unaligned_1024_cross-core_unpaced,0,queue,215041,218454,20289
1,spsc_unaligned_1024_cross-core_unpaced,0,queue,218454,225281,66312
1,spsc_unaligned_1024_cross-core_unpaced,0,queue,225281,232108,118220
1,spsc_unaligned_1024_cross-core_unpaced,0,queue,232108,238935,200365
1,spsc_unaligned_1024_cross-core_unpaced,0,queue,238935,245761,283691
1,spsc_unaligned_1024_cross-core_unpaced,0,queue,245761,252588,340880
1,spsc_unaligned_1024_cross-core_unpaced,0,queue,252588,259415,338164
1,spsc_unaligned_1024_cross-core_unpaced,0,queue,259415,266241,274049
1,spsc_unaligned_1024_cross-core_unpaced,0,queue,266241,273068,181327
1,spsc_unaligned_1024_cross-core_unpaced,0,queue,273068,279895,105318
1,spsc_unaligned_1024_cross-core_unpaced,0,queue,279895,286721,55682
1,spsc_unaligned_1024_cross-core_unpaced,0,queue,286721,293548,26347
1,spsc_unaligned_1024_cross-core_unpaced,0,queue,293548,300375,13320
1,spsc_unaligned_1024_cross-core_unpaced,0,queue,300375,307202,7322
1,spsc_unaligned_1024_cross-core_unpaced,0,queue,307202,314028,4510
1,spsc_unaligned_1024_cross-core_unpaced,0,queue,314028,320855,3157
1,spsc_unaligned_1024_cross-core_unpaced,0,queue,320855,327682,2489
1,spsc_unaligned_1024_cross-core_unpaced,0,queue,327682,334508,1654
1,spsc_unaligned_1024_cross-core_unpaced,0,queue,334508,341335,1281
1,spsc_unaligned_1024_cross-core_unpaced,0,queue,341335,348162,889
1,spsc_unaligned_1024_cross-core_unpaced,0,queue,348162,354988,780
1,spsc_unaligned_1024_cross-core_unpaced,0,queue,354988,361815,625
1,spsc_unaligned_1024_cross-core_unpaced,0,queue,361815,368642,624
1,spsc_unaligned_1024_cross-core_unpaced,0,queue,368642,375469,698
1,spsc_unaligned_1024_cross-core_unpaced,0,queue,375469,382295,754
1,spsc_unaligned_1024_cross-core_unpaced,0,queue,382295,389122,1088
1,spsc_unaligned_1024_cross-core_unpaced,0,queue,389122,395949,1664
1,spsc_unaligned_1024_cross-core_unpaced,0,queue,395949,402775,1774
1,spsc_unaligned_1024_cross-core_unpaced,0,queue,402775,409602,1067
1,spsc_unaligned_1024_cross-core_unpaced,0,queue,409602,416429,500
1,spsc_unaligned_1024_cross-core_unpaced,0,queue,416429,423255,222
1,spsc_unaligned_1024_cross-core_unpaced,0,queue,423255,430082,142
1,spsc_unaligned_1024_cross-core_unpaced,0,queue,430082,436909,61
1,spsc_unaligned_1024_cross-core_unpaced,0,queue,436909,450562,88
1,spsc_unaligned_1024_cross-core_unpaced,0,queue,450562,464216,70
1,spsc_unaligned_1024_cross-core_unpaced,0,queue,464216,477869,55
1,spsc_unaligned_1024_cross-core_unpaced,0,queue,477869,491522,76
1,spsc_unaligned_1024_cross-core_unpaced,0,queue,491522,505176,34
1,spsc_unaligned_1024_cross-core_unpaced,0,queue,505176,518829,13
1,spsc_unaligned_1024_cross-core_unpaced,0,queue,518829,532483,20
1,spsc_unaligned_1024_cross-core_unpaced,0,queue,532483,546136,34
1,spsc_unaligned_1024_cross-core_unpaced,0,queue,546136,559789,50
1,spsc_unaligned_1024_cross-core_unpaced,0,queue,559789,573443,53
1,spsc_unaligned_1024_cross-core_unpaced,0,queue,573443,587096,28
1,spsc_unaligned_1024_cross-core_unpaced,0,queue,587096,600750,30
1,spsc_unaligned_1024_cross-core_unpaced,0,queue,600750,614403,42
1,spsc_unaligned_1024_cross-core_unpaced,0,queue,614403,628056,39
1,spsc_unaligned_1024_cross-core_unpaced,0,queue,628056,641710,35
1,spsc_unaligned_1024_cross-core_unpaced,0,queue,641710,655363,5
1,spsc_unaligned_1024_cross-core_unpaced,0,queue,655363,669017,5
1,spsc_unaligned_1024_cross-core_unpaced,0,queue,669017,682670,5
1,spsc_unaligned_1024_cross-core_unpaced,0,queue,682670,696323,6
1,spsc_unaligned_1024_cross-core_unpaced,0,queue,696323,709977,7
1,spsc_unaligned_1024_cross-core_unpaced,0,queue,709977,723630,5
1,spsc_unaligned_1024_cross-core_unpaced,0,queue,723630,737284,4
1,spsc_unaligned_1024_cross-core_unpaced,0,queue,750937,764590,2
1,spsc_unaligned_1024_cross-core_unpaced,0,queue,764590,778244,3
1,spsc_unaligned_1024_cross-core_unpaced,0,queue,805551,819204,5
1,spsc_unaligned_1024_cross-core_unpaced,0,queue,819204,832857,2
1,spsc_unaligned_1024_cross-core_unpaced,0,queue,846511,860164,1
1,spsc_unaligned_1024_cross-core_unpaced,0,queue,873818,901125,9
1,spsc_unaligned_1024_cross-core_unpaced,0,queue,901125,928431,1
1,spsc_unaligned_1024_cross-core_unpaced,0,queue,928431,955738,3
1,spsc_unaligned_1024_cross-core_unpaced,0,queue,955738,983045,1
1,spsc_unaligned_1024_cross-core_unpaced,0,queue,983045,1.01035e+06,12
1,spsc_unaligned_1024_cross-core_unpaced,0,queue,1.01035e+06,1.03766e+06,3
1,spsc_unaligned_1024_cross-core_unpaced,0,queue,1.03766e+06,1.06497e+06,2
1,spsc_unaligned_1024_cross-core_unpaced,0,queue,1.06497e+06,1.09227e+06,3
1,spsc_unaligned_1024_cross-core_unpaced,0,queue,1.09227e+06,1.11958e+06,8
1,spsc_unaligned_1024_cross-core_unpaced,0,queue,1.14689e+06,1.17419e+06,6
1,spsc_unaligned_1024_cross-core_unpaced,0,book,15.0001,15.4167,36
1,spsc_unaligned_1024_cross-core_unpaced,0,book,15.8334,16.2501,280
1,spsc_unaligned_1024_cross-core_unpaced,0,book,16.6668,17.0834,91
1,spsc_unaligned_1024_cross-core_unpaced,0,book,17.5001,17.9168,8
1,spsc_unaligned_1024_cross-core_unpaced,0,book,18.3334,18.7501,64
1,spsc_unaligned_1024_cross-core_unpaced,0,book,19.1668,19.5834,421
1,spsc_unaligned_1024_cross-core_unpaced,0,book,20.0001,20.4168,4625
1,spsc_unaligned_1024_cross-core_unpaced,0,book,20.8334,21.2501,22712
1,spsc_unaligned_1024_cross-core_unpaced,0,book,21.6668,22.0834,24611
1,spsc_unaligned_1024_cross-core_unpaced,0,book,22.5001,22.9168,7111
1,spsc_unaligned_1024_cross-core_unpaced,0,book,23.3335,23.7501,1243
1,spsc_unaligned_1024_cross-core_unpaced,0,book,24.1668,24.5835,399
1,spsc_unaligned_1024_cross-core_unpaced,0,book,25.0001,25.4168,356
1,spsc_unaligned_1024_cross-core_unpaced,0,book,25.8335,26.2501,539
1,spsc_unaligned_1024_cross-core_unpaced,0,book,26.6668,27.5001,1015
1,spsc_unaligned_1024_cross-core_unpaced,0,book,27.5001,28.3335,1042
1,spsc_unaligned_1024_cross-core_unpaced,0,book,28.3335,29.1668,1579
1,spsc_unaligned_1024_cross-core_unpaced,0,book,29.1668,30.0002,3945
1,spsc_unaligned_1024_cross-core_unpaced,0,book,30.0002,30.8335,3511
1,spsc_unaligned_1024_cross-core_unpaced,0,book,30.8335,31.6668,4672
1,spsc_unaligned_1024_cross-core_unpaced,0,book,31.6668,32.5002,11050
1,spsc_unaligned_1024_cross-core_unpaced,0,book,32.5002,33.3335,18616
1,spsc_unaligned_1024_cross-core_unpaced,0,book,33.3335,34.1668,20276
1,spsc_unaligned_1024_cross-core_unpaced,0,book,34.1668,35.0002,12090
1,spsc_unaligned_1024_cross-core_unpaced,0,book,35.0002,35.8335,7498
1,spsc_unaligned_1024_cross-core_unpaced,0,book,35.8335,36.6669,4137
1,spsc_unaligned_1024_cross-core_unpaced,0,book,36.6669,37.5002,3512
1,spsc_unaligned_1024_cross-core_unpaced,0,book,37.5002,38.3335,4531
1,spsc_unaligned_1024_cross-core_unpaced,0,book,38.3335,39.1669,4181
1,spsc_unaligned_1024_cross-core_unpaced,0,book,39.1669,40.0002,3973
1,spsc_unaligned_1024_cross-core_unpaced,0,book,40.0002,40.8335,5360
1,spsc_unaligned_1024_cross-core_unpaced,0,book,40.8335,41.6669,6018
1,spsc_unaligned_1024_cross-core_unpaced,0,book,41.6669,42.5002,7403
1,spsc_unaligned_1024_cross-core_unpaced,0,book,42.5002,43.3336,8104
1,spsc_unaligned_1024_cross-core_unpaced,0,book,43.3336,44.1669,7102
1,spsc_unaligned_1024_cross-core_unpaced,0,book,44.1669,45.0002,6827
1,spsc_unaligned_1024_cross-core_unpaced,0,book,45.0002,45.8336,6500
1,spsc_unaligned_1024_cross-core_unpaced,0,book,45.8336,46.6669,7146
1,spsc_unaligned_1024_cross-core_unpaced,0,book,46.6669,47.5002,9439
1,spsc_unaligned_1024_cross-core_unpaced,0,book,47.5002,48.3336,9275
1,spsc_unaligned_1024_cross-core_unpaced,0,book,48.3336,49.1669,9380
1,spsc_unaligned_1024_cross-core_unpaced,0,book,49.1669,50.0003,9669
1,spsc_unaligned_1024_cross-core_unpaced,0,book,50.0003,50.8336,9982
1,spsc_unaligned_1024_cross-core_unpaced,0,book,50.8336,51.6669,11346
1,spsc_unaligned_1024_cross-core_unpaced,0,book,51.6669,52.5003,10920
1,spsc_unaligned_1024_cross-core_unpaced,0,book,52.5003,53.3336,10660
1,spsc_unaligned_1024_cross-core_unpaced,0,book,53.3336,55.0003,20455
1,spsc_unaligned_1024_cross-core_unpaced,0,book,55.0003,56.667,20412
1,spsc_unaligned_1024_cross-core_unpaced,0,book,56.667,58.3336,20735
1,spsc_unaligned_1024_cross-core_unpaced,0,book,58.3336,60.0003,19331
1,spsc_unaligned_1024_cross-core_unpaced,0,book,60.0003,61.667,20334
1,spsc_unaligned_1024_cross-core_unpaced,0,book,61.667,63.3337,19568
1,spsc_unaligned_1024_cross-core_unpaced,0,book,63.3337,65.0003,17773
1,spsc_unaligned_1024_cross-core_unpaced,0,book,65.0003,66.667,16519
1,spsc_unaligned_1024_cross-core_unpaced,0,book,66.667,68.3337,16693
1,spsc_unaligned_1024_cross-core_unpaced,0,book,68.3337,70.0004,15818
1,spsc_unaligned_1024_cross-core_unpaced,0,book,70.0004,71.667,14601
1,spsc_unaligned_1024_cross-core_unpaced,0,book,71.667,73.3337,13040
1,spsc_unaligned_1024_cross-core_unpaced,0,book,73.3337,75.0004,12189
1,spsc_unaligned_1024_cross-core_unpaced,0,book,75.0004,76.6671,11362
1,spsc_unaligned_1024_cross-core_unpaced,0,book,76.6671,78.3337,10215
1,spsc_unaligned_1024_cross-core_unpaced,0,book,78.3337,80.0004,9252
1,spsc_unaligned_1024_cross-core_unpaced,0,book,80.0004,81.6671,9069
1,spsc_unaligned_1024_cross-core_unpaced,0,book,81.6671,83.3338,8607
1,spsc_unaligned_1024_cross-core_unpaced,0,book,83.3338,85.0004,7560
1,spsc_unaligned_1024_cross-core_unpaced,0,book,85.0004,86.6671,6996
1,spsc_unaligned_1024_cross-core_unpaced,0,book,86.6671,88.3338,6869
1,spsc_unaligned_1024_cross-core_unpaced,0,book,88.3338,90.0005,6281
1,spsc_unaligned_1024_cross-core_unpaced,0,book,90.0005,91.6671,5858
1,spsc_unaligned_1024_cross-core_unpaced,0,book,91.6671,93.3338,5493
1,spsc_unaligned_1024_cross-core_unpaced,0,book,93.3338,95.0005,5260
1,spsc_unaligned_1024_cross-core_unpaced,0,book,95.0005,96.6672,5024
1,spsc_unaligned_1024_cross-core_unpaced,0,book,96.6672,98.3338,4774
1,spsc_unaligned_1024_cross-core_unpaced,0,book,98.3338,100.001,4475
1,spsc_unaligned_1024_cross-core_unpaced,0,book,100.001,101.667,4549
1,spsc_unaligned_1024_cross-core_unpaced,0,book,101.667,103.334,4260
1,spsc_unaligned_1024_cross-core_unpaced,0,book,103.334,105.001,3895
1,spsc_unaligned_1024_cross-core_unpaced,0,book,105.001,106.667,3654
1,spsc_unaligned_1024_cross-core_unpaced,0,book,106.667,110.001,7054
1,spsc_unaligned_1024_cross-core_unpaced,0,book,110.001,113.334,6301
1,spsc_unaligned_1024_cross-core_unpaced,0,book,113.334,116.667,5660
1,spsc_unaligned_1024_cross-core_unpaced,0,book,116.667,120.001,5076
1,spsc_unaligned_1024_cross-core_unpaced,0,book,120.001,123.334,5780
1,spsc_unaligned_1024_cross-core_unpaced,0,book,123.334,126.667,8816
1,spsc_unaligned_1024_cross-core_unpaced,0,book,126.667,130.001,22780
1,spsc_unaligned_1024_cross-core_unpaced,0,book,130.001,133.334,31095
1,spsc_unaligned_1024_cross-core_unpaced,0,book,133.334,136.667,26243
1,spsc_unaligned_1024_cross-core_unpaced,0,book,136.667,140.001,39565
1,spsc_unaligned_1024_cross-core_unpaced,0,book,140.001,143.334,71829
1,spsc_unaligned_1024_cross-core_unpaced,0,book,143.334,146.667,67641
1,spsc_unaligned_1024_cross-core_unpaced,0,book,146.667,150.001,55822
1,spsc_unaligned_1024_cross-core_unpaced,0,book,150.001,153.334,68500
1,spsc_unaligned_1024_cross-core_unpaced,0,book,153.334,156.667,82037
1,spsc_unaligned_1024_cross-core_unpaced,0,book,156.667,160.001,63853
1,spsc_unaligned_1024_cross-core_unpaced,0,book,160.001,163.334,55124
1,spsc_unaligned_1024_cross-core_unpaced,0,book,163.334,166.668,54988
1,spsc_unaligned_1024_cross-core_unpaced,0,book,166.668,170.001,50181
1,spsc_unaligned_1024_cross-core_unpaced,0,book,170.001,173.334,41868
1,spsc_unaligned_1024_cross-core_unpaced,0,book,173.334,176.668,39151
1,spsc_unaligned_1024_cross-core_unpaced,0,book,176.668,180.001,34968
1,spsc_unaligned_1024_cross-core_unpaced,0,book,180.001,183.334,33965
1,spsc_unaligned_1024_cross-core_unpaced,0,book,183.334,186.668,30799
1,spsc_unaligned_1024_cross-core_unpaced,0,book,186.668,190.001,29169
1,spsc_unaligned_1024_cross-core_unpaced,0,book,190.001,193.334,26727
1,spsc_unaligned_1024_cross-core_unpaced,0,book,193.334,196.668,25072
1,spsc_unaligned_1024_cross-core_unpaced,0,book,196.668,200.001,21978
1,spsc_unaligned_1024_cross-core_unpaced,0,book,200.001,203.334,21286
1,spsc_unaligned_1024_cross-core_unpaced,0,book,203.334,206.668,19095
1,spsc_unaligned_1024_cross-core_unpaced,0,book,206.668,210.001,18104
1,spsc_unaligned_1024_cross-core_unpaced,0,book,210.001,213.334,16855
1,spsc_unaligned_1024_cross-core_unpaced,0,book,213.334,220.001,30412
1,spsc_unaligned_1024_cross-core_unpaced,0,book,220.001,226.668,27662
1,spsc_unaligned_1024_cross-core_unpaced,0,book,226.668,233.335,25742
1,spsc_unaligned_1024_cross-core_unpaced,0,book,233.335,240.001,24565
1,spsc_unaligned_1024_cross-core_unpaced,0,book,240.001,246.668,25619
1,spsc_unaligned_1024_cross-core_unpaced,0,book,246.668,253.335,25938
1,spsc_unaligned_1024_cross-core_unpaced,0,book,253.335,260.001,25592
1,spsc_unaligned_1024_cross-core_unpaced,0,book,260.001,266.668,24689
1,spsc_unaligned_1024_cross-core_unpaced,0,book,266.668,273.335,22944
1,spsc_unaligned_1024_cross-core_unpaced,0,book,273.335,280.001,21096
1,spsc_unaligned_1024_cross-core_unpaced,0,book,280.001,286.668,19707
1,spsc_unaligned_1024_cross-core_unpaced,0,book,286.668,293.335,18263
1,spsc_unaligned_1024_cross-core_unpaced,0,book,293.335,300.002,17594
1,spsc_unaligned_1024_cross-core_unpaced,0,book,300.002,306.668,17038
1,spsc_unaligned_1024_cross-core_unpaced,0,book,306.668,313.335,16255
1,spsc_unaligned_1024_cross-core_unpaced,0,book,313.335,320.002,15613
1,spsc_unaligned_1024_cross-core_unpaced,0,book,320.002,326.668,15115
1,spsc_unaligned_1024_cross-core_unpaced,0,book,326.668,333.335,14848
1,spsc_unaligned_1024_cross-core_unpaced,0,book,333.335,340.002,14391
1,spsc_unaligned_1024_cross-core_unpaced,0,book,340.002,346.668,13902
1,spsc_unaligned_1024_cross-core_unpaced,0,book,346.668,353.335,13419
1,spsc_unaligned_1024_cross-core_unpaced,0,book,353.335,360.002,12613
1,spsc_unaligned_1024_cross-core_unpaced,0,book,360.002,366.669,12171
1,spsc_unaligned_1024_cross-core_unpaced,0,book,366.669,373.335,11584
1,spsc_unaligned_1024_cross-core_unpaced,0,book,373.335,380.002,10881
1,spsc_unaligned_1024_cross-core_unpaced,0,book,380.002,386.669,10426
1,spsc_unaligned_1024_cross-core_unpaced,0,book,386.669,393.335,9710
1,spsc_unaligned_1024_cross-core_unpaced,0,book,393.335,400.002,8905
1,spsc_unaligned_1024_cross-core_unpaced,0,book,400.002,406.669,8483
1,spsc_unaligned_1024_cross-core_unpaced,0,book,406.669,413.335,7827
1,spsc_unaligned_1024_cross-core_unpaced,0,book,413.335,420.002,7409
1,spsc_unaligned_1024_cross-core_unpaced,0,book,420.002,426.669,7281
1,spsc_unaligned_1024_cross-core_unpaced,0,book,426.669,440.002,13431
1,spsc_unaligned_1024_cross-core_unpaced,0,book,440.002,453.336,11382
1,spsc_unaligned_1024_cross-core_unpaced,0,book,453.336,466.669,9193
1,spsc_unaligned_1024_cross-core_unpaced,0,book,466.669,480.002,8048
1,spsc_unaligned_1024_cross-core_unpaced,0,book,480.002,493.336,6981
1,spsc_unaligned_1024_cross-core_unpaced,0,book,493.336,506.669,6017
1,spsc_unaligned_1024_cross-core_unpaced,0,book,506.669,520.003,5397
1,spsc_unaligned_1024_cross-core_unpaced,0,book,520.003,533.336,4844
1,spsc_unaligned_1024_cross-core_unpaced,0,book,533.336,546.669,4391
1,spsc_unaligned_1024_cross-core_unpaced,0,book,546.669,560.003,3737
1,spsc_unaligned_1024_cross-core_unpaced,0,book,560.003,573.336,3384
1,spsc_unaligned_1024_cross-core_unpaced,0,book,573.336,586.67,3015
1,spsc_unaligned_1024_cross-core_unpaced,0,book,586.67,600.003,2640
1,spsc_unaligned_1024_cross-core_unpaced,0,book,600.003,613.336,2337
1,spsc_unaligned_1024_cross-core_unpaced,0,book,613.336,626.67,2035
1,spsc_unaligned_1024_cross-core_unpaced,0,book,626.67,640.003,1755
1,spsc_unaligned_1024_cross-core_unpaced,0,book,640.003,653.337,1571
1,spsc_unaligned_1024_cross-core_unpaced,0,book,653.337,666.67,1357
1,spsc_unaligned_1024_cross-core_unpaced,0,book,666.67,680.003,1181
1,spsc_unaligned_1024_cross-core_unpaced,0,book,680.003,693.337,1038
1,spsc_unaligned_1024_cross-core_unpaced,0,book,693.337,706.67,955
1,spsc_unaligned_1024_cross-core_unpaced,0,book,706.67,720.004,806
1,spsc_unaligned_1024_cross-core_unpaced,0,book,720.004,733.337,741
1,spsc_unaligned_1024_cross-core_unpaced,0,book,733.337,746.67,684
1,spsc_unaligned_1024_cross-core_unpaced,0,book,746.67,760.004,549
1,spsc_unaligned_1024_cross-core_unpaced,0,book,760.004,773.337,492
1,spsc_unaligned_1024_cross-core_unpaced,0,book,773.337,786.671,411
1,spsc_unaligned_1024_cross-core_unpaced,0,book,786.671,800.004,389
1,spsc_unaligned_1024_cross-core_unpaced,0,book,800.004,813.337,339
1,spsc_unaligned_1024_cross-core_unpaced,0,book,813.337,826.671,285
1,spsc_unaligned_1024_cross-core_unpaced,0,book,826.671,840.004,246
1,spsc_unaligned_1024_cross-core_unpaced,0,book,840.004,853.338,227
1,spsc_unaligned_1024_cross-core_unpaced,0,book,853.338,880.004,375
1,spsc_unaligned_1024_cross-core_unpaced,0,book,880.004,906.671,293
1,spsc_unaligned_1024_cross-core_unpaced,0,book,906.671,933.338,243
1,spsc_unaligned_1024_cross-core_unpaced,0,book,933.338,960.005,189
1,spsc_unaligned_1024_cross-core_unpaced,0,book,960.005,986.672,122
1,spsc_unaligned_1024_cross-core_unpaced,0,book,986.672,1013.34,101
1,spsc_unaligned_1024_cross-core_unpaced,0,book,1013.34,1040.01,80
1,spsc_unaligned_1024_cross-core_unpaced,0,book,1040.01,1066.67,54
1,spsc_unaligned_1024_cross-core_unpaced,0,book,1066.67,1093.34,58
1,spsc_unaligned_1024_cross-core_unpaced,0,book,1093.34,1120.01,46
1,spsc_unaligned_1024_cross-core_unpaced,0,book,1120.01,1146.67,41
1,spsc_unaligned_1024_cross-core_unpaced,0,book,1146.67,1173.34,25
1,spsc_unaligned_1024_cross-core_unpaced,0,book,1173.34,1200.01,27
1,spsc_unaligned_1024_cross-core_unpaced,0,book,1200.01,1226.67,17
1,spsc_unaligned_1024_cross-core_unpaced,0,book,1226.67,1253.34,10
1,spsc_unaligned_1024_cross-core_unpaced,0,book,1253.34,1280.01,10
1,spsc_unaligned_1024_cross-core_unpaced,0,book,1280.01,1306.67,11
1,spsc_unaligned_1024_cross-core_unpaced,0,book,1306.67,1333.34,14
1,spsc_unaligned_1024_cross-core_unpaced,0,book,1333.34,1360.01,10
1,spsc_unaligned_1024_cross-core_unpaced,0,book,1360.01,1386.67,8
1,spsc_unaligned_1024_cross-core_unpaced,0,book,1386.67,1413.34,11
1,spsc_unaligned_1024_cross-core_unpaced,0,book,1413.34,1440.01,5
1,spsc_unaligned_1024_cross-core_unpaced,0,book,1440.01,1466.67,7
1,spsc_unaligned_1024_cross-core_unpaced,0,book,1466.67,1493.34,9
1,spsc_unaligned_1024_cross-core_unpaced,0,book,1493.34,1520.01,5
1,spsc_unaligned_1024_cross-core_unpaced,0,book,1520.01,1546.67,4
1,spsc_unaligned_1024_cross-core_unpaced,0,book,1546.67,1573.34,5
1,spsc_unaligned_1024_cross-core_unpaced,0,book,1573.34,1600.01,6
1,spsc_unaligned_1024_cross-core_unpaced,0,book,1600.01,1626.67,6
1,spsc_unaligned_1024_cross-core_unpaced,0,book,1626.67,1653.34,6
1,spsc_unaligned_1024_cross-core_unpaced,0,book,1653.34,1680.01,6
1,spsc_unaligned_1024_cross-core_unpaced,0,book,1680.01,1706.68,8
1,spsc_unaligned_1024_cross-core_unpaced,0,book,1706.68,1760.01,13
1,spsc_unaligned_1024_cross-core_unpaced,0,book,1760.01,1813.34,14
1,spsc_unaligned_1024_cross-core_unpaced,0,book,1813.34,1866.68,12
1,spsc_unaligned_1024_cross-core_unpaced,0,book,1866.68,1920.01,13
1,spsc_unaligned_1024_cross-core_unpaced,0,book,1920.01,1973.34,7
1,spsc_unaligned_1024_cross-core_unpaced,0,book,1973.34,2026.68,5
1,spsc_unaligned_1024_cross-core_unpaced,0,book,2026.68,2080.01,7
1,spsc_unaligned_1024_cross-core_unpaced,0,book,2080.01,2133.34,9
1,spsc_unaligned_1024_cross-core_unpaced,0,book,2133.34,2186.68,3
1,spsc_unaligned_1024_cross-core_unpaced,0,book,2186.68,2240.01,1
1,spsc_unaligned_1024_cross-core_unpaced,0,book,2240.01,2293.34,4
1,spsc_unaligned_1024_cross-core_unpaced,0,book,2293.34,2346.68,3
1,spsc_unaligned_1024_cross-core_unpaced,0,book,2506.68,2560.01,1
1,spsc_unaligned_1024_cross-core_unpaced,0,book,2560.01,2613.35,1
1,spsc_unaligned_1024_cross-core_unpaced,0,book,2613.35,2666.68,2
1,spsc_unaligned_1024_cross-core_unpaced,0,book,2666.68,2720.01,2
1,spsc_unaligned_1024_cross-core_unpaced,0,book,2720.01,2773.35,1
1,spsc_unaligned_1024_cross-core_unpaced,0,book,2773.35,2826.68,2
1,spsc_unaligned_1024_cross-core_unpaced,0,book,2826.68,2880.01,1
1,spsc_unaligned_1024_cross-core_unpaced,0,book,2933.35,2986.68,2
1,spsc_unaligned_1024_cross-core_unpaced,0,book,2986.68,3040.02,3
1,spsc_unaligned_1024_cross-core_unpaced,0,book,3040.02,3093.35,1
1,spsc_unaligned_1024_cross-core_unpaced,0,book,3093.35,3146.68,1
1,spsc_unaligned_1024_cross-core_unpaced,0,book,3146.68,3200.02,1
1,spsc_unaligned_1024_cross-core_unpaced,0,book,3200.02,3253.35,2
1,spsc_unaligned_1024_cross-core_unpaced,0,book,3253.35,3306.68,1
1,spsc_unaligned_1024_cross-core_unpaced,0,book,3360.02,3413.35,4
1,spsc_unaligned_1024_cross-core_unpaced,0,book,3520.02,3626.68,6
1,spsc_unaligned_1024_cross-core_unpaced,0,book,3626.68,3733.35,1
1,spsc_unaligned_1024_cross-core_unpaced,0,book,3733.35,3840.02,1
1,spsc_unaligned_1024_cross-core_unpaced,0,book,3840.02,3946.69,1
1,spsc_unaligned_1024_cross-core_unpaced,0,book,3946.69,4053.35,5
1,spsc_unaligned_1024_cross-core_unpaced,0,book,4053.35,4160.02,5
1,spsc_unaligned_1024_cross-core_unpaced,0,book,4160.02,4266.69,20
1,spsc_unaligned_1024_cross-core_unpaced,0,book,4266.69,4373.36,17
1,spsc_unaligned_1024_cross-core_unpaced,0,book,4373.36,4480.02,11
1,spsc_unaligned_1024_cross-core_unpaced,0,book,4480.02,4586.69,12
1,spsc_unaligned_1024_cross-core_unpaced,0,book,4586.69,4693.36,9
1,spsc_unaligned_1024_cross-core_unpaced,0,book,4693.36,4800.02,6
1,spsc_unaligned_1024_cross-core_unpaced,0,book,4800.02,4906.69,6
1,spsc_unaligned_1024_cross-core_unpaced,0,book,4906.69,5013.36,5
1,spsc_unaligned_1024_cross-core_unpaced,0,book,5013.36,5120.03,2
1,spsc_unaligned_1024_cross-core_unpaced,0,book,5120.03,5226.69,2
1,spsc_unaligned_1024_cross-core_unpaced,0,book,5226.69,5333.36,5
1,spsc_unaligned_1024_cross-core_unpaced,0,book,5333.36,5440.03,15
1,spsc_unaligned_1024_cross-core_unpaced,0,book,5440.03,5546.69,15
1,spsc_unaligned_1024_cross-core_unpaced,0,book,5546.69,5653.36,30
1,spsc_unaligned_1024_cross-core_unpaced,0,book,5653.36,5760.03,11
1,spsc_unaligned_1024_cross-core_unpaced,0,book,5760.03,5866.7,13
1,spsc_unaligned_1024_cross-core_unpaced,0,book,5866.7,5973.36,5
1,spsc_unaligned_1024_cross-core_unpaced,0,book,5973.36,6080.03,6
1,spsc_unaligned_1024_cross-core_unpaced,0,book,6080.03,6186.7,5
1,spsc_unaligned_1024_cross-core_unpaced,0,book,6186.7,6293.36,4
1,spsc_unaligned_1024_cross-core_unpaced,0,book,6293.36,6400.03,2
1,spsc_unaligned_1024_cross-core_unpaced,0,book,6400.03,6506.7,1
1,spsc_unaligned_1024_cross-core_unpaced,0,book,6613.37,6720.03,1
1,spsc_unaligned_1024_cross-core_unpaced,0,book,6720.03,6826.7,1
1,spsc_unaligned_1024_cross-core_unpaced,0,book,6826.7,7040.04,5
1,spsc_unaligned_1024_cross-core_unpaced,0,book,7040.04,7253.37,3
1,spsc_unaligned_1024_cross-core_unpaced,0,book,7253.37,7466.7,3
1,spsc_unaligned_1024_cross-core_unpaced,0,book,7466.7,7680.04,1
1,spsc_unaligned_1024_cross-core_unpaced,0,book,7680.04,7893.37,1
1,spsc_unaligned_1024_cross-core_unpaced,0,book,7893.37,8106.71,2
1,spsc_unaligned_1024_cross-core_unpaced,0,book,8320.04,8533.38,4
1,spsc_unaligned_1024_cross-core_unpaced,0,book,8533.38,8746.71,7
1,spsc_unaligned_1024_cross-core_unpaced,0,book,8746.71,8960.04,4
1,spsc_unaligned_1024_cross-core_unpaced,0,book,8960.04,9173.38,22
1,spsc_unaligned_1024_cross-core_unpaced,0,book,9173.38,9386.71,49
1,spsc_unaligned_1024_cross-core_unpaced,0,book,9386.71,9600.05,74
1,spsc_unaligned_1024_cross-core_unpaced,0,book,9600.05,9813.38,86
1,spsc_unaligned_1024_cross-core_unpaced,0,book,9813.38,10026.7,67
1,spsc_unaligned_1024_cross-core_unpaced,0,book,10026.7,10240.1,55
1,spsc_unaligned_1024_cross-core_unpaced,0,book,10240.1,10453.4,39
1,spsc_unaligned_1024_cross-core_unpaced,0,book,10453.4,10666.7,20
1,spsc_unaligned_1024_cross-core_unpaced,0,book,10666.7,10880.1,8
1,spsc_unaligned_1024_cross-core_unpaced,0,book,10880.1,11093.4,4
1,spsc_unaligned_1024_cross-core_unpaced,0,book,11093.4,11306.7,7
1,spsc_unaligned_1024_cross-core_unpaced,0,book,11306.7,11520.1,2
1,spsc_unaligned_1024_cross-core_unpaced,0,book,11733.4,11946.7,3
1,spsc_unaligned_1024_cross-core_unpaced,0,book,11946.7,12160.1,2
1,spsc_unaligned_1024_cross-core_unpaced,0,book,12160.1,12373.4,1
1,spsc_unaligned_1024_cross-core_unpaced,0,book,12373.4,12586.7,2
1,spsc_unaligned_1024_cross-core_unpaced,0,book,14506.7,14933.4,2
1,spsc_unaligned_1024_cross-core_unpaced,0,book,15360.1,15786.7,1
1,spsc_unaligned_1024_cross-core_unpaced,0,book,15786.7,16213.4,1
1,spsc_unaligned_1024_cross-core_unpaced,0,book,18346.8,18773.4,1
1,spsc_unaligned_1024_cross-core_unpaced,0,book,21333.4,21760.1,1
2,spsc_unaligned_1024_cross-core_unpaced,0,total,253.335,260.001,1
2,spsc_unaligned_1024_cross-core_unpaced,0,total,260.001,266.668,2
2,spsc_unaligned_1024_cross-core_unpaced,0,total,273.335,280.001,1
2,spsc_unaligned_1024_cross-core_unpaced,0,total,280.001,286.668,1
2,spsc_unaligned_1024_cross-core_unpaced,0,total,286.668,293.335,2
2,spsc_unaligned_1024_cross-core_unpaced,0,total,293.335,300.002,1
2,spsc_unaligned_1024_cross-core_unpaced,0,total,320.002,326.668,2
2,spsc_unaligned_1024_cross-core_unpaced,0,total,346.668,353.335,2
2,spsc_unaligned_1024_cross-core_unpaced,0,total,366.669,373.335,1
2,spsc_unaligned_1024_cross-core_unpaced,0,total,380.002,386.669,6
2,spsc_unaligned_1024_cross-core_unpaced,0,total,386.669,393.335,1
2,spsc_unaligned_1024_cross-core_unpaced,0,total,393.335,400.002,3
2,spsc_unaligned_1024_cross-core_unpaced,0,total,400.002,406.669,2
2,spsc_unaligned_1024_cross-core_unpaced,0,total,413.335,420.002,2
2,spsc_unaligned_1024_cross-core_unpaced,0,total,420.002,426.669,3
2,spsc_unaligned_1024_cross-core_unpaced,0,total,426.669,440.002,5
2,spsc_unaligned_1024_cross-core_unpaced,0,total,440.002,453.336,3
2,spsc_unaligned_1024_cross-core_unpaced,0,total,453.336,466.669,4
2,spsc_unaligned_1024_cross-core_unpaced,0,total,466.669,480.002,7
2,spsc_unaligned_1024_cross-core_unpaced,0,total,480.002,493.336,14
2,spsc_unaligned_1024_cross-core_unpaced,0,total,493.336,506.669,7
2,spsc_unaligned_1024_cross-core_unpaced,0,total,506.669,520.003,15
2,spsc_unaligned_1024_cross-core_unpaced,0,total,520.003,533.336,8
2,spsc_unaligned_1024_cross-core_unpaced,0,total,533.336,546.669,15
2,spsc_unaligned_1024_cross-core_unpaced,0,total,546.669,560.003,11
2,spsc_unaligned_1024_cross-core_unpaced,0,total,560.003,573.336,15
2,spsc_unaligned_1024_cross-core_unpaced,0,total,573.336,586.67,15
2,spsc_unaligned_1024_cross-core_unpaced,0,total,586.67,600.003,15
2,spsc_unaligned_1024_cross-core_unpaced,0,total,600.003,613.336,16
2,spsc_unaligned_1024_cross-core_unpaced,0,total,613.336,626.67,10
2,spsc_unaligned_1024_cross-core_unpaced,0,total,626.67,640.003,7
2,spsc_unaligned_1024_cross-core_unpaced,0,total,640.003,653.337,13
2,spsc_unaligned_1024_cross-core_unpaced,0,total,653.337,666.67,17
2,spsc_unaligned_1024_cross-core_unpaced,0,total,666.67,680.003,18
2,spsc_unaligned_1024_cross-core_unpaced,0,total,680.003,693.337,21
2,spsc_unaligned_1024_cross-core_unpaced,0,total,693.337,706.67,14
2,spsc_unaligned_1024_cross-core_unpaced,0,total,706.67,720.004,5
2,spsc_unaligned_1024_cross-core_unpaced,0,total,720.004,733.337,14
2,spsc_unaligned_1024_cross-core_unpaced,0,total,733.337,746.67,19
2,spsc_unaligned_1024_cross-core_unpaced,0,total,746.67,760.004,17
2,spsc_unaligned_1024_cross-core_unpaced,0,total,760.004,773.337,7
2,spsc_unaligned_1024_cross-core_unpaced,0,total,773.337,786.671,17
2,spsc_unaligned_1024_cross-core_unpaced,0,total,786.671,800.004,5
2,spsc_unaligned_1024_cross-core_unpaced,0,total,800.004,813.337,10
2,spsc_unaligned_1024_cross-core_unpaced,0,total,813.337,826.671,14
2,spsc_unaligned_1024_cross-core_unpaced,0,total,826.671,840.004,7
2,spsc_unaligned_1024_cross-core_unpaced,0,total,840.004,853.338,7
2,spsc_unaligned_1024_cross-core_unpaced,0,total,853.338,880.004,15
2,spsc_unaligned_1024_cross-core_unpaced,0,total,880.004,906.671,15
2,spsc_unaligned_1024_cross-core_unpaced,0,total,906.671,933.338,11
2,spsc_unaligned_1024_cross-core_unpaced,0,total,933.338,960.005,14
2,spsc_unaligned_1024_cross-core_unpaced,0,total,960.005,986.672,7
2,spsc_unaligned_1024_cross-core_unpaced,0,total,986.672,1013.34,14
2,spsc_unaligned_1024_cross-core_unpaced,0,total,1013.34,1040.01,5
2,spsc_unaligned_1024_cross-core_unpaced,0,total,1040.01,1066.67,12
2,spsc_unaligned_1024_cross-core_unpaced,0,total,1066.67,1093.34,10
2,spsc_unaligned_1024_cross-core_unpaced,0,total,1093.34,1120.01,4
2,spsc_unaligned_1024_cross-core_unpaced,0,total,1120.01,1146.67,4
2,spsc_unaligned_1024_cross-core_unpaced,0,total,1146.67,1173.34,4
2,spsc_unaligned_1024_cross-core_unpaced,0,total,1173.34,1200.01,2
2,spsc_unaligned_1024_cross-core_unpaced,0,total,1226.67,1253.34,1
2,spsc_unaligned_1024_cross-core_unpaced,0,total,1280.01,1306.67,3
2,spsc_unaligned_1024_cross-core_unpaced,0,total,1306.67,1333.34,2
2,spsc_unaligned_1024_cross-core_unpaced,0,total,1333.34,1360.01,2
2,spsc_unaligned_1024_cross-core_unpaced,0,total,1386.67,1413.34,1
2,spsc_unaligned_1024_cross-core_unpaced,0,total,1466.67,1493.34,1
2,spsc_unaligned_1024_cross-core_unpaced,0,total,1653.34,1680.01,1
2,spsc_unaligned_1024_cross-core_unpaced,0,total,1706.68,1760.01,1
2,spsc_unaligned_1024_cross-core_unpaced,0,total,1760.01,1813.34,1
2,spsc_unaligned_1024_cross-core_unpaced,0,total,1813.34,1866.68,1
2,spsc_unaligned_1024_cross-core_unpaced,0,total,2186.68,2240.01,1
2,spsc_unaligned_1024_cross-core_unpaced,0,total,2240.01,2293.34,1
2,spsc_unaligned_1024_cross-core_unpaced,0,total,2560.01,2613.35,1
2,spsc_unaligned_1024_cross-core_unpaced,0,total,2666.68,2720.01,1
2,spsc_unaligned_1024_cross-core_unpaced,0,total,2773.35,2826.68,1
2,spsc_unaligned_1024_cross-core_unpaced,0,total,2933.35,2986.68,1
2,spsc_unaligned_1024_cross-core_unpaced,0,total,3093.35,3146.68,1
2,spsc_unaligned_1024_cross-core_unpaced,0,total,3146.68,3200.02,1
2,spsc_unaligned_1024_cross-core_unpaced,0,total,4160.02,4266.69,1
2,spsc_unaligned_1024_cross-core_unpaced,0,total,4266.69,4373.36,1
2,spsc_unaligned_1024_cross-core_unpaced,0,total,4586.69,4693.36,1
2,spsc_unaligned_1024_cross-core_unpaced,0,total,4906.69,5013.36,1
2,spsc_unaligned_1024_cross-core_unpaced,0,total,5653.36,5760.03,2
2,spsc_unaligned_1024_cross-core_unpaced,0,total,5760.03,5866.7,1
2,spsc_unaligned_1024_cross-core_unpaced,0,total,6080.03,6186.7,1
2,spsc_unaligned_1024_cross-core_unpaced,0,total,6186.7,6293.36,1
2,spsc_unaligned_1024_cross-core_unpaced,0,total,6293.36,6400.03,2
2,spsc_unaligned_1024_cross-core_unpaced,0,total,6720.03,6826.7,1
2,spsc_unaligned_1024_cross-core_unpaced,0,total,6826.7,7040.04,1
2,spsc_unaligned_1024_cross-core_unpaced,0,total,7040.04,7253.37,1
2,spsc_unaligned_1024_cross-core_unpaced,0,total,7253.37,7466.7,1
2,spsc_unaligned_1024_cross-core_unpaced,0,total,7466.7,7680.04,3
2,spsc_unaligned_1024_cross-core_unpaced,0,total,7680.04,7893.37,2
2,spsc_unaligned_1024_cross-core_unpaced,0,total,7893.37,8106.71,1
2,spsc_unaligned_1024_cross-core_unpaced,0,total,8320.04,8533.38,2
2,spsc_unaligned_1024_cross-core_unpaced,0,total,8746.71,8960.04,2
2,spsc_unaligned_1024_cross-core_unpaced,0,total,8960.04,9173.38,2
2,spsc_unaligned_1024_cross-core_unpaced,0,total,9173.38,9386.71,1
2,spsc_unaligned_1024_cross-core_unpaced,0,total,9600.05,9813.38,1
2,spsc_unaligned_1024_cross-core_unpaced,0,total,10026.7,10240.1,1
2,spsc_unaligned_1024_cross-core_unpaced,0,total,10240.1,10453.4,2
2,spsc_unaligned_1024_cross-core_unpaced,0,total,10453.4,10666.7,1
2,spsc_unaligned_1024_cross-core_unpaced,0,total,11093.4,11306.7,2
2,spsc_unaligned_1024_cross-core_unpaced,0,total,11520.1,11733.4,1
2,spsc_unaligned_1024_cross-core_unpaced,0,total,11733.4,11946.7,1
2,spsc_unaligned_1024_cross-core_unpaced,0,total,11946.7,12160.1,1
2,spsc_unaligned_1024_cross-core_unpaced,0,total,12160.1,12373.4,1
2,spsc_unaligned_1024_cross-core_unpaced,0,total,12373.4,12586.7,1
2,spsc_unaligned_1024_cross-core_unpaced,0,total,12800.1,13013.4,4
2,spsc_unaligned_1024_cross-core_unpaced,0,total,13440.1,13653.4,2
2,spsc_unaligned_1024_cross-core_unpaced,0,total,13653.4,14080.1,3
2,spsc_unaligned_1024_cross-core_unpaced,0,total,14080.1,14506.7,4
2,spsc_unaligned_1024_cross-core_unpaced,0,total,14506.7,14933.4,3
2,spsc_unaligned_1024_cross-core_unpaced,0,total,14933.4,15360.1,2
2,spsc_unaligned_1024_cross-core_unpaced,0,total,15360.1,15786.7,2
2,spsc_unaligned_1024_cross-core_unpaced,0,total,15786.7,16213.4,2
2,spsc_unaligned_1024_cross-core_unpaced,0,total,16213.4,16640.1,3
2,spsc_unaligned_1024_cross-core_unpaced,0,total,16640.1,17066.8,3
2,spsc_unaligned_1024_cross-core_unpaced,0,total,17066.8,17493.4,2
2,spsc_unaligned_1024_cross-core_unpaced,0,total,17493.4,17920.1,2
2,spsc_unaligned_1024_cross-core_unpaced,0,total,17920.1,18346.8,6
2,spsc_unaligned_1024_cross-core_unpaced,0,total,18346.8,18773.4,4
2,spsc_unaligned_1024_cross-core_unpaced,0,total,18773.4,19200.1,3
2,spsc_unaligned_1024_cross-core_unpaced,0,total,19200.1,19626.8,3
2,spsc_unaligned_1024_cross-core_unpaced,0,total,19626.8,20053.4,1
2,spsc_unaligned_1024_cross-core_unpaced,0,total,20053.4,20480.1,6
2,spsc_unaligned_1024_cross-core_unpaced,0,total,20480.1,20906.8,2
2,spsc_unaligned_1024_cross-core_unpaced,0,total,20906.8,21333.4,4
2,spsc_unaligned_1024_cross-core_unpaced,0,total,21333.4,21760.1,3
2,spsc_unaligned_1024_cross-core_unpaced,0,total,21760.1,22186.8,1
2,spsc_unaligned_1024_cross-core_unpaced,0,total,22186.8,22613.4,5
2,spsc_unaligned_1024_cross-core_unpaced,0,total,22613.4,23040.1,5
2,spsc_unaligned_1024_cross-core_unpaced,0,total,23466.8,23893.5,4
2,spsc_unaligned_1024_cross-core_unpaced,0,total,23893.5,24320.1,3
2,spsc_unaligned_1024_cross-core_unpaced,0,total,24320.1,24746.8,3
2,spsc_unaligned_1024_cross-core_unpaced,0,total,24746.8,25173.5,4
2,spsc_unaligned_1024_cross-core_unpaced,0,total,25173.5,25600.1,4
2,spsc_unaligned_1024_cross-core_unpaced,0,total,25600.1,26026.8,5
2,spsc_unaligned_1024_cross-core_unpaced,0,total,26453.5,26880.1,3
2,spsc_unaligned_1024_cross-core_unpaced,0,total,26880.1,27306.8,4
2,spsc_unaligned_1024_cross-core_unpaced,0,total,27306.8,28160.1,11
2,spsc_unaligned_1024_cross-core_unpaced,0,total,28160.1,29013.5,13
2,spsc_unaligned_1024_cross-core_unpaced,0,total,29013.5,29866.8,4
2,spsc_unaligned_1024_cross-core_unpaced,0,total,29866.8,30720.2,7
2,spsc_unaligned_1024_cross-core_unpaced,0,total,30720.2,31573.5,7
2,spsc_unaligned_1024_cross-core_unpaced,0,total,31573.5,32426.8,11
2,spsc_unaligned_1024_cross-core_unpaced,0,total,32426.8,33280.2,9
2,spsc_unaligned_1024_cross-core_unpaced,0,total,33280.2,34133.5,9
2,spsc_unaligned_1024_cross-core_unpaced,0,total,34133.5,34986.8,3
2,spsc_unaligned_1024_cross-core_unpaced,0,total,34986.8,35840.2,16
2,spsc_unaligned_1024_cross-core_unpaced,0,total,35840.2,36693.5,8
2,spsc_unaligned_1024_cross-core_unpaced,0,total,36693.5,37546.9,10
2,spsc_unaligned_1024_cross-core_unpaced,0,total,37546.9,38400.2,9
2,spsc_unaligned_1024_cross-core_unpaced,0,total,38400.2,39253.5,13
2,spsc_unaligned_1024_cross-core_unpaced,0,total,39253.5,40106.9,9
2,spsc_unaligned_1024_cross-core_unpaced,0,total,40106.9,40960.2,9
2,spsc_unaligned_1024_cross-core_unpaced,0,total,40960.2,41813.5,17
2,spsc_unaligned_1024_cross-core_unpaced,0,total,41813.5,42666.9,19
2,spsc_unaligned_1024_cross-core_unpaced,0,total,42666.9,43520.2,16
2,spsc_unaligned_1024_cross-core_unpaced,0,total,43520.2,44373.6,12
2,spsc_unaligned_1024_cross-core_unpaced,0,total,44373.6,45226.9,10
2,spsc_unaligned_1024_cross-core_unpaced,0,total,45226.9,46080.2,13
2,spsc_unaligned_1024_cross-core_unpaced,0,total,46080.2,46933.6,15
2,spsc_unaligned_1024_cross-core_unpaced,0,total,46933.6,47786.9,18
2,spsc_unaligned_1024_cross-core_unpaced,0,total,47786.9,48640.2,13
2,spsc_unaligned_1024_cross-core_unpaced,0,total,48640.2,49493.6,18
2,spsc_unaligned_1024_cross-core_unpaced,0,total,49493.6,50346.9,7
2,spsc_unaligned_1024_cross-core_unpaced,0,total,50346.9,51200.3,16
2,spsc_unaligned_1024_cross-core_unpaced,0,total,51200.3,52053.6,13
2,spsc_unaligned_1024_cross-core_unpaced,0,total,52053.6,52906.9,8
2,spsc_unaligned_1024_cross-core_unpaced,0,total,52906.9,53760.3,9
2,spsc_unaligned_1024_cross-core_unpaced,0,total,53760.3,54613.6,15
2,spsc_unaligned_1024_cross-core_unpaced,0,total,54613.6,56320.3,21
2,spsc_unaligned_1024_cross-core_unpaced,0,total,56320.3,58027,31
2,spsc_unaligned_1024_cross-core_unpaced,0,total,58027,59733.6,26
2,spsc_unaligned_1024_cross-core_unpaced,0,total,59733.6,61440.3,27
2,spsc_unaligned_1024_cross-core_unpaced,0,total,61440.3,63147,33
2,spsc_unaligned_1024_cross-core_unpaced,0,total,63147,64853.7,32
2,spsc_unaligned_1024_cross-core_unpaced,0,total,64853.7,66560.3,33
2,spsc_unaligned_1024_cross-core_unpaced,0,total,66560.3,68267,29
2,spsc_unaligned_1024_cross-core_unpaced,0,total,68267,69973.7,45
2,spsc_unaligned_1024_cross-core_unpaced,0,total,69973.7,71680.4,45
2,spsc_unaligned_1024_cross-core_unpaced,0,total,71680.4,73387,44
2,spsc_unaligned_1024_cross-core_unpaced,0,total,73387,75093.7,51
2,spsc_unaligned_1024_cross-core_unpaced,0,total,75093.7,76800.4,36
2,spsc_unaligned_1024_cross-core_unpaced,0,total,76800.4,78507.1,53
2,spsc_unaligned_1024_cross-core_unpaced,0,total,78507.1,80213.7,43
2,spsc_unaligned_1024_cross-core_unpaced,0,total,80213.7,81920.4,42
2,spsc_unaligned_1024_cross-core_unpaced,0,total,81920.4,83627.1,40
2,spsc_unaligned_1024_cross-core_unpaced,0,total,83627.1,85333.8,47
2,spsc_unaligned_1024_cross-core_unpaced,0,total,85333.8,87040.4,56
2,spsc_unaligned_1024_cross-core_unpaced,0,total,87040.4,88747.1,46
2,spsc_unaligned_1024_cross-core_unpaced,0,total,88747.1,90453.8,55
2,spsc_unaligned_1024_cross-core_unpaced,0,total,90453.8,92160.5,70
2,spsc_unaligned_1024_cross-core_unpaced,0,total,92160.5,93867.1,62
2,spsc_unaligned_1024_cross-core_unpaced,0,total,93867.1,95573.8,55
2,spsc_unaligned_1024_cross-core_unpaced,0,total,95573.8,97280.5,55
2,spsc_unaligned_1024_cross-core_unpaced,0,total,97280.5,98987.2,61
2,spsc_unaligned_1024_cross-core_unpaced,0,total,98987.2,100694,60
2,spsc_unaligned_1024_cross-core_unpaced,0,total,100694,102401,57
2,spsc_unaligned_1024_cross-core_unpaced,0,total,102401,104107,66
2,spsc_unaligned_1024_cross-core_unpaced,0,total,104107,105814,69
2,spsc_unaligned_1024_cross-core_unpaced,0,total,105814,107521,48
2,spsc_unaligned_1024_cross-core_unpaced,0,total,107521,109227,39
2,spsc_unaligned_1024_cross-core_unpaced,0,total,109227,112641,120
2,spsc_unaligned_1024_cross-core_unpaced,0,total,112641,116054,109
2,spsc_unaligned_1024_cross-core_unpaced,0,total,116054,119467,139
2,spsc_unaligned_1024_cross-core_unpaced,0,total,119467,122881,109
2,spsc_unaligned_1024_cross-core_unpaced,0,total,122881,126294,131
2,spsc_unaligned_1024_cross-core_unpaced,0,total,126294,129707,173
2,spsc_unaligned_1024_cross-core_unpaced,0,total,129707,133121,178
2,spsc_unaligned_1024_cross-core_unpaced,0,total,133121,136534,187
2,spsc_unaligned_1024_cross-core_unpaced,0,total,136534,139947,184
2,spsc_unaligned_1024_cross-core_unpaced,0,total,139947,143361,199
2,spsc_unaligned_1024_cross-core_unpaced,0,total,143361,146774,211
2,spsc_unaligned_1024_cross-core_unpaced,0,total,146774,150187,240
2,spsc_unaligned_1024_cross-core_unpaced,0,total,150187,153601,183
2,spsc_unaligned_1024_cross-core_unpaced,0,total,153601,157014,190
2,spsc_unaligned_1024_cross-core_unpaced,0,total,157014,160427,381
2,spsc_unaligned_1024_cross-core_unpaced,0,total,160427,163841,801
2,spsc_unaligned_1024_cross-core_unpaced,0,total,163841,167254,2034
2,spsc_unaligned_1024_cross-core_unpaced,0,total,167254,170668,6431
2,spsc_unaligned_1024_cross-core_unpaced,0,total,170668,174081,14944
2,spsc_unaligned_1024_cross-core_unpaced,0,total,174081,177494,26358
2,spsc_unaligned_1024_cross-core_unpaced,0,total,177494,180908,41147
2,spsc_unaligned_1024_cross-core_unpaced,0,total,180908,184321,48565
2,spsc_unaligned_1024_cross-core_unpaced,0,total,184321,187734,43910
2,spsc_unaligned_1024_cross-core_unpaced,0,total,187734,191148,35293
2,spsc_unaligned_1024_cross-core_unpaced,0,total,191148,194561,25022
2,spsc_unaligned_1024_cross-core_unpaced,0,total,194561,197974,16892
2,spsc_unaligned_1024_cross-core_unpaced,0,total,197974,201388,11175
2,spsc_unaligned_1024_cross-core_unpaced,0,total,201388,204801,9115
2,spsc_unaligned_1024_cross-core_unpaced,0,total,204801,208214,8625
2,spsc_unaligned_1024_cross-core_unpaced,0,total,208214,211628,10388
2,spsc_unaligned_1024_cross-core_unpaced,0,total,211628,215041,13413
2,spsc_unaligned_1024_cross-core_unpaced,0,total,215041,218454,18264
2,spsc_unaligned_1024_cross-core_unpaced,0,total,218454,225281,57691
2,spsc_unaligned_1024_cross-core_unpaced,0,total,225281,232108,109888
2,spsc_unaligned_1024_cross-core_unpaced,0,total,232108,238935,187103
2,spsc_unaligned_1024_cross-core_unpaced,0,total,238935,245761,271717
2,spsc_unaligned_1024_cross-core_unpaced,0,total,245761,252588,335050
2,spsc_unaligned_1024_cross-core_unpaced,0,total,252588,259415,340823
2,spsc_unaligned_1024_cross-core_unpaced,0,total,259415,266241,284893
2,spsc_unaligned_1024_cross-core_unpaced,0,total,266241,273068,199774
2,spsc_unaligned_1024_cross-core_unpaced,0,total,273068,279895,117181
2,spsc_unaligned_1024_cross-core_unpaced,0,total,279895,286721,58933
2,spsc_unaligned_1024_cross-core_unpaced,0,total,286721,293548,28515
2,spsc_unaligned_1024_cross-core_unpaced,0,total,293548,300375,15472
2,spsc_unaligned_1024_cross-core_unpaced,0,total,300375,307202,9030
2,spsc_unaligned_1024_cross-core_unpaced,0,total,307202,314028,5975
2,spsc_unaligned_1024_cross-core_unpaced,0,total,314028,320855,3891
2,spsc_unaligned_1024_cross-core_unpaced,0,total,320855,327682,2543
2,spsc_unaligned_1024_cross-core_unpaced,0,total,327682,334508,1625
2,spsc_unaligned_1024_cross-core_unpaced,0,total,334508,341335,1562
2,spsc_unaligned_1024_cross-core_unpaced,0,total,341335,348162,1243
2,spsc_unaligned_1024_cross-core_unpaced,0,total,348162,354988,838
2,spsc_unaligned_1024_cross-core_unpaced,0,total,354988,361815,681
2,spsc_unaligned_1024_cross-core_unpaced,0,total,361815,368642,681
2,spsc_unaligned_1024_cross-core_unpaced,0,total,368642,375469,1003
2,spsc_unaligned_1024_cross-core_unpaced,0,total,375469,382295,1232
2,spsc_unaligned_1024_cross-core_unpaced,0,total,382295,389122,1703
2,spsc_unaligned_1024_cross-core_unpaced,0,total,389122,395949,1662
2,spsc_unaligned_1024_cross-core_unpaced,0,total,395949,402775,1253
2,spsc_unaligned_1024_cross-core_unpaced,0,total,402775,409602,800
2,spsc_unaligned_1024_cross-core_unpaced,0,total,409602,416429,371
2,spsc_unaligned_1024_cross-core_unpaced,0,total,416429,423255,112
2,spsc_unaligned_1024_cross-core_unpaced,0,total,423255,430082,31
2,spsc_unaligned_1024_cross-core_unpaced,0,total,430082,436909,54
2,spsc_unaligned_1024_cross-core_unpaced,0,total,436909,450562,107
2,spsc_unaligned_1024_cross-core_unpaced,0,total,450562,464216,53
2,spsc_unaligned_1024_cross-core_unpaced,0,total,464216,477869,55
2,spsc_unaligned_1024_cross-core_unpaced,0,total,477869,491522,68
2,spsc_unaligned_1024_cross-core_unpaced,0,total,491522,505176,35
2,spsc_unaligned_1024_cross-core_unpaced,0,total,505176,518829,15
2,spsc_unaligned_1024_cross-core_unpaced,0,total,518829,532483,16
2,spsc_unaligned_1024_cross-core_unpaced,0,total,532483,546136,41
2,spsc_unaligned_1024_cross-core_unpaced,0,total,546136,559789,63
2,spsc_unaligned_1024_cross-core_unpaced,0,total,559789,573443,38
2,spsc_unaligned_1024_cross-core_unpaced,0,total,573443,587096,34
2,spsc_unaligned_1024_cross-core_unpaced,0,total,587096,600750,25
2,spsc_unaligned_1024_cross-core_unpaced,0,total,600750,614403,11
2,spsc_unaligned_1024_cross-core_unpaced,0,total,614403,628056,60
2,spsc_unaligned_1024_cross-core_unpaced,0,total,628056,641710,41
2,spsc_unaligned_1024_cross-core_unpaced,0,total,641710,655363,7
2,spsc_unaligned_1024_cross-core_unpaced,0,total,655363,669017,13
2,spsc_unaligned_1024_cross-core_unpaced,0,total,682670,696323,6
2,spsc_unaligned_1024_cross-core_unpaced,0,total,696323,709977,6
2,spsc_unaligned_1024_cross-core_unpaced,0,total,709977,723630,5
2,spsc_unaligned_1024_cross-core_unpaced,0,total,723630,737284,6
2,spsc_unaligned_1024_cross-core_unpaced,0,total,737284,750937,1
2,spsc_unaligned_1024_cross-core_unpaced,0,total,764590,778244,2
2,spsc_unaligned_1024_cross-core_unpaced,0,total,778244,791897,3
2,spsc_unaligned_1024_cross-core_unpaced,0,total,805551,819204,4
2,spsc_unaligned_1024_cross-core_unpaced,0,total,832857,846511,3
2,spsc_unaligned_1024_cross-core_unpaced,0,total,860164,873818,1
2,spsc_unaligned_1024_cross-core_unpaced,0,total,873818,901125,1
2,spsc_unaligned_1024_cross-core_unpaced,0,total,901125,928431,8
2,spsc_unaligned_1024_cross-core_unpaced,0,total,928431,955738,3
2,spsc_unaligned_1024_cross-core_unpaced,0,total,955738,983045,2
2,spsc_unaligned_1024_cross-core_unpaced,0,total,983045,1.01035e+06,12
2,spsc_unaligned_1024_cross-core_unpaced,0,total,1.01035e+06,1.03766e+06,2
2,spsc_unaligned_1024_cross-core_unpaced,0,total,1.03766e+06,1.06497e+06,2
2,spsc_unaligned_1024_cross-core_unpaced,0,total,1.06497e+06,1.09227e+06,2
2,spsc_unaligned_1024_cross-core_unpaced,0,total,1.09227e+06,1.11958e+06,10
2,spsc_unaligned_1024_cross-core_unpaced,0,total,1.14689e+06,1.17419e+06,6
2,spsc_unaligned_1024_cross-core_unpaced,0,queue,240.001,246.668,1
2,spsc_unaligned_1024_cross-core_unpaced,0,queue,246.668,253.335,2
2,spsc_unaligned_1024_cross-core_unpaced,0,queue,253.335,260.001,1
2,spsc_unaligned_1024_cross-core_unpaced,0,queue,260.001,266.668,1
2,spsc_unaligned_1024_cross-core_unpaced,0,queue,266.668,273.335,2
2,spsc_unaligned_1024_cross-core_unpaced,0,queue,273.335,280.001,1
2,spsc_unaligned_1024_cross-core_unpaced,0,queue,280.001,286.668,1
2,spsc_unaligned_1024_cross-core_unpaced,0,queue,300.002,306.668,2
2,spsc_unaligned_1024_cross-core_unpaced,0,queue,306.668,313.335,1
2,spsc_unaligned_1024_cross-core_unpaced,0,queue,320.002,326.668,1
2,spsc_unaligned_1024_cross-core_unpaced,0,queue,326.668,333.335,2
2,spsc_unaligned_1024_cross-core_unpaced,0,queue,346.668,353.335,3
2,spsc_unaligned_1024_cross-core_unpaced,0,queue,353.335,360.002,2
2,spsc_unaligned_1024_cross-core_unpaced,0,queue,360.002,366.669,1
2,spsc_unaligned_1024_cross-core_unpaced,0,queue,366.669,373.335,4
2,spsc_unaligned_1024_cross-core_unpaced,0,queue,373.335,380.002,3
2,spsc_unaligned_1024_cross-core_unpaced,0,queue,380.002,386.669,2
2,spsc_unaligned_1024_cross-core_unpaced,0,queue,386.669,393.335,1
2,spsc_unaligned_1024_cross-core_unpaced,0,queue,393.335,400.002,1
2,spsc_unaligned_1024_cross-core_unpaced,0,queue,400.002,406.669,4
2,spsc_unaligned_1024_cross-core_unpaced,0,queue,406.669,413.335,2
2,spsc_unaligned_1024_cross-core_unpaced,0,queue,413.335,420.002,3
2,spsc_unaligned_1024_cross-core_unpaced,0,queue,420.002,426.669,2
2,spsc_unaligned_1024_cross-core_unpaced,0,queue,426.669,440.002,4
2,spsc_unaligned_1024_cross-core_unpaced,0,queue,440.002,453.336,10
2,spsc_unaligned_1024_cross-core_unpaced,0,queue,453.336,466.669,8
2,spsc_unaligned_1024_cross-core_unpaced,0,queue,466.669,480.002,11
2,spsc_unaligned_1024_cross-core_unpaced,0,queue,480.002,493.336,13
2,spsc_unaligned_1024_cross-core_unpaced,0,queue,493.336,506.669,10
2,spsc_unaligned_1024_cross-core_unpaced,0,queue,506.669,520.003,17
2,spsc_unaligned_1024_cross-core_unpaced,0,queue,520.003,533.336,10
2,spsc_unaligned_1024_cross-core_unpaced,0,queue,533.336,546.669,20
2,spsc_unaligned_1024_cross-core_unpaced,0,queue,546.669,560.003,18
2,spsc_unaligned_1024_cross-core_unpaced,0,queue,560.003,573.336,20
2,spsc_unaligned_1024_cross-core_unpaced,0,queue,573.336,586.67,16
2,spsc_unaligned_1024_cross-core_unpaced,0,queue,586.67,600.003,19
2,spsc_unaligned_1024_cross-core_unpaced,0,queue,600.003,613.336,9
2,spsc_unaligned_1024_cross-core_unpaced,0,queue,613.336,626.67,10
2,spsc_unaligned_1024_cross-core_unpaced,0,queue,626.67,640.003,15
2,spsc_unaligned_1024_cross-core_unpaced,0,queue,640.003,653.337,11
2,spsc_unaligned_1024_cross-core_unpaced,0,queue,653.337,666.67,15
2,spsc_unaligned_1024_cross-core_unpaced,0,queue,666.67,680.003,12
2,spsc_unaligned_1024_cross-core_unpaced,0,queue,680.003,693.337,9
2,spsc_unaligned_1024_cross-core_unpaced,0,queue,693.337,706.67,3
2,spsc_unaligned_1024_cross-core_unpaced,0,queue,706.67,720.004,16
2,spsc_unaligned_1024_cross-core_unpaced,0,queue,720.004,733.337,18
2,spsc_unaligned_1024_cross-core_unpaced,0,queue,733.337,746.67,13
2,spsc_unaligned_1024_cross-core_unpaced,0,queue,746.67,760.004,10
2,spsc_unaligned_1024_cross-core_unpaced,0,queue,760.004,773.337,13
2,spsc_unaligned_1024_cross-core_unpaced,0,queue,773.337,786.671,6
2,spsc_unaligned_1024_cross-core_unpaced,0,queue,786.671,800.004,15
2,spsc_unaligned_1024_cross-core_unpaced,0,queue,800.004,813.337,10
2,spsc_unaligned_1024_cross-core_unpaced,0,queue,813.337,826.671,5
2,spsc_unaligned_1024_cross-core_unpaced,0,queue,826.671,840.004,7
2,spsc_unaligned_1024_cross-core_unpaced,0,queue,840.004,853.338,8
2,spsc_unaligned_1024_cross-core_unpaced,0,queue,853.338,880.004,12
2,spsc_unaligned_1024_cross-core_unpaced,0,queue,880.004,906.671,17
2,spsc_unaligned_1024_cross-core_unpaced,0,queue,906.671,933.338,8
2,spsc_unaligned_1024_cross-core_unpaced,0,queue,933.338,960.005,10
2,spsc_unaligned_1024_cross-core_unpaced,0,queue,960.005,986.672,9
2,spsc_unaligned_1024_cross-core_unpaced,0,queue,986.672,1013.34,5
2,spsc_unaligned_1024_cross-core_unpaced,0,queue,1013.34,1040.01,9
2,spsc_unaligned_1024_cross-core_unpaced,0,queue,1040.01,1066.67,10
2,spsc_unaligned_1024_cross-core_unpaced,0,queue,1066.67,1093.34,3
2,spsc_unaligned_1024_cross-core_unpaced,0,queue,1093.34,1120.01,8
2,spsc_unaligned_1024_cross-core_unpaced,0,queue,1120.01,1146.67,4
2,spsc_unaligned_1024_cross-core_unpaced,0,queue,1146.67,1173.34,3
2,spsc_unaligned_1024_cross-core_unpaced,0,queue,1173.34,1200.01,1
2,spsc_unaligned_1024_cross-core_unpaced,0,queue,1253.34,1280.01,2
2,spsc_unaligned_1024_cross-core_unpaced,0,queue,1280.01,1306.67,3
2,spsc_unaligned_1024_cross-core_unpaced,0,queue,1306.67,1333.34,1
2,spsc_unaligned_1024_cross-core_unpaced,0,queue,1386.67,1413.34,1
2,spsc_unaligned_1024_cross-core_unpaced,0,queue,1520.01,1546.67,1
2,spsc_unaligned_1024_cross-core_unpaced,0,queue,1626.67,1653.34,1
2,spsc_unaligned_1024_cross-core_unpaced,0,queue,1706.68,1760.01,1
2,spsc_unaligned_1024_cross-core_unpaced,0,queue,1760.01,1813.34,1
2,spsc_unaligned_1024_cross-core_unpaced,0,queue,2080.01,2133.34,1
2,spsc_unaligned_1024_cross-core_unpaced,0,queue,2186.68,2240.01,1
2,spsc_unaligned_1024_cross-core_unpaced,0,queue,2293.34,2346.68,1
2,spsc_unaligned_1024_cross-core_unpaced,0,queue,2400.01,2453.35,1
2,spsc_unaligned_1024_cross-core_unpaced,0,queue,2453.35,2506.68,1
2,spsc_unaligned_1024_cross-core_unpaced,0,queue,2880.01,2933.35,1
2,spsc_unaligned_1024_cross-core_unpaced,0,queue,2933.35,2986.68,2
2,spsc_unaligned_1024_cross-core_unpaced,0,queue,3840.02,3946.69,1
2,spsc_unaligned_1024_cross-core_unpaced,0,queue,4266.69,4373.36,1
2,spsc_unaligned_1024_cross-core_unpaced,0,queue,4480.02,4586.69,1
2,spsc_unaligned_1024_cross-core_unpaced,0,queue,4693.36,4800.02,1
2,spsc_unaligned_1024_cross-core_unpaced,0,queue,5440.03,5546.69,2
2,spsc_unaligned_1024_cross-core_unpaced,0,queue,5653.36,5760.03,1
2,spsc_unaligned_1024_cross-core_unpaced,0,queue,5866.7,5973.36,1
2,spsc_unaligned_1024_cross-core_unpaced,0,queue,5973.36,6080.03,2
2,spsc_unaligned_1024_cross-core_unpaced,0,queue,6186.7,6293.36,1
2,spsc_unaligned_1024_cross-core_unpaced,0,queue,6506.7,6613.37,1
2,spsc_unaligned_1024_cross-core_unpaced,0,queue,6613.37,6720.03,2
2,spsc_unaligned_1024_cross-core_unpaced,0,queue,7040.04,7253.37,2
2,spsc_unaligned_1024_cross-core_unpaced,0,queue,7253.37,7466.7,1
2,spsc_unaligned_1024_cross-core_unpaced,0,queue,7466.7,7680.04,3
2,spsc_unaligned_1024_cross-core_unpaced,0,queue,7893.37,8106.71,1
2,spsc_unaligned_1024_cross-core_unpaced,0,queue,8106.71,8320.04,1
2,spsc_unaligned_1024_cross-core_unpaced,0,queue,8320.04,8533.38,1
2,spsc_unaligned_1024_cross-core_unpaced,0,queue,8533.38,8746.71,2
2,spsc_unaligned_1024_cross-core_unpaced,0,queue,8746.71,8960.04,1
2,spsc_unaligned_1024_cross-core_unpaced,0,queue,8960.04,9173.38,2
2,spsc_unaligned_1024_cross-core_unpaced,0,queue,9386.71,9600.05,1
2,spsc_unaligned_1024_cross-core_unpaced,0,queue,10026.7,10240.1,1
2,spsc_unaligned_1024_cross-core_unpaced,0,queue,10240.1,10453.4,3
2,spsc_unaligned_1024_cross-core_unpaced,0,queue,10666.7,10880.1,1
2,spsc_unaligned_1024_cross-core_unpaced,0,queue,10880.1,11093.4,1
2,spsc_unaligned_1024_cross-core_unpaced,0,queue,11306.7,11520.1,1
2,spsc_unaligned_1024_cross-core_unpaced,0,queue,11733.4,11946.7,2
2,spsc_unaligned_1024_cross-core_unpaced,0,queue,12160.1,12373.4,2
2,spsc_unaligned_1024_cross-core_unpaced,0,queue,12586.7,12800.1,3
2,spsc_unaligned_1024_cross-core_unpaced,0,queue,12800.1,13013.4,1
2,spsc_unaligned_1024_cross-core_unpaced,0,queue,13226.7,13440.1,2
2,spsc_unaligned_1024_cross-core_unpaced,0,queue,13440.1,13653.4,1
2,spsc_unaligned_1024_cross-core_unpaced,0,queue,13653.4,14080.1,4
2,spsc_unaligned_1024_cross-core_unpaced,0,queue,14080.1,14506.7,3
2,spsc_unaligned_1024_cross-core_unpaced,0,queue,14506.7,14933.4,2
2,spsc_unaligned_1024_cross-core_unpaced,0,queue,14933.4,15360.1,2
2,spsc_unaligned_1024_cross-core_unpaced,0,queue,15360.1,15786.7,3
2,spsc_unaligned_1024_cross-core_unpaced,0,queue,15786.7,16213.4,3
2,spsc_unaligned_1024_cross-core_unpaced,0,queue,16213.4,16640.1,3
2,spsc_unaligned_1024_cross-core_unpaced,0,queue,16640.1,17066.8,2
2,spsc_unaligned_1024_cross-core_unpaced,0,queue,17066.8,17493.4,2
2,spsc_unaligned_1024_cross-core_unpaced,0,queue,17493.4,17920.1,3
2,spsc_unaligned_1024_cross-core_unpaced,0,queue,17920.1,18346.8,4
2,spsc_unaligned_1024_cross-core_unpaced,0,queue,18346.8,18773.4,4
2,spsc_unaligned_1024_cross-core_unpaced,0,queue,18773.4,19200.1,4
2,spsc_unaligned_1024_cross-core_unpaced,0,queue,19200.1,19626.8,2
2,spsc_unaligned_1024_cross-core_unpaced,0,queue,19626.8,20053.4,2
2,spsc_unaligned_1024_cross-core_unpaced,0,queue,20053.4,20480.1,4
2,spsc_unaligned_1024_cross-core_unpaced,0,queue,20480.1,20906.8,4
2,spsc_unaligned_1024_cross-core_unpaced,0,queue,20906.8,21333.4,3
2,spsc_unaligned_1024_cross-core_unpaced,0,queue,21333.4,21760.1,2
2,spsc_unaligned_1024_cross-core_unpaced,0,queue,21760.1,22186.8,2
2,spsc_unaligned_1024_cross-core_unpaced,0,queue,22186.8,22613.4,6
2,spsc_unaligned_1024_cross-core_unpaced,0,queue,22613.4,23040.1,3
2,spsc_unaligned_1024_cross-core_unpaced,0,queue,23040.1,23466.8,2
2,spsc_unaligned_1024_cross-core_unpaced,0,queue,23466.8,23893.5,3
2,spsc_unaligned_1024_cross-core_unpaced,0,queue,23893.5,24320.1,3
2,spsc_unaligned_1024_cross-core_unpaced,0,queue,24320.1,24746.8,6
2,spsc_unaligned_1024_cross-core_unpaced,0,queue,24746.8,25173.5,1
2,spsc_unaligned_1024_cross-core_unpaced,0,queue,25173.5,25600.1,5
2,spsc_unaligned_1024_cross-core_unpaced,0,queue,25600.1,26026.8,3
2,spsc_unaligned_1024_cross-core_unpaced,0,queue,26026.8,26453.5,1
2,spsc_unaligned_1024_cross-core_unpaced,0,queue,26453.5,26880.1,4
2,spsc_unaligned_1024_cross-core_unpaced,0,queue,26880.1,27306.8,5
2,spsc_unaligned_1024_cross-core_unpaced,0,queue,27306.8,28160.1,11
2,spsc_unaligned_1024_cross-core_unpaced,0,queue,28160.1,29013.5,10
2,spsc_unaligned_1024_cross-core_unpaced,0,queue,29013.5,29866.8,4
2,spsc_unaligned_1024_cross-core_unpaced,0,queue,29866.8,30720.2,9
2,spsc_unaligned_1024_cross-core_unpaced,0,queue,30720.2,31573.5,9
2,spsc_unaligned_1024_cross-core_unpaced,0,queue,31573.5,32426.8,9
2,spsc_unaligned_1024_cross-core_unpaced,0,queue,32426.8,33280.2,8
2,spsc_unaligned_1024_cross-core_unpaced,0,queue,33280.2,34133.5,8
2,spsc_unaligned_1024_cross-core_unpaced,0,queue,34133.5,34986.8,7
2,spsc_unaligned_1024_cross-core_unpaced,0,queue,34986.8,35840.2,15
2,spsc_unaligned_1024_cross-core_unpaced,0,queue,35840.2,36693.5,8
2,spsc_unaligned_1024_cross-core_unpaced,0,queue,36693.5,37546.9,8
2,spsc_unaligned_1024_cross-core_unpaced,0,queue,37546.9,38400.2,12
2,spsc_unaligned_1024_cross-core_unpaced,0,queue,38400.2,39253.5,12
2,spsc_unaligned_1024_cross-core_unpaced,0,queue,39253.5,40106.9,9
2,spsc_unaligned_1024_cross-core_unpaced,0,queue,40106.9,40960.2,11
2,spsc_unaligned_1024_cross-core_unpaced,0,queue,40960.2,41813.5,19
2,spsc_unaligned_1024_cross-core_unpaced,0,queue,41813.5,42666.9,16
2,spsc_unaligned_1024_cross-core_unpaced,0,queue,42666.9,43520.2,15
2,spsc_unaligned_1024_cross-core_unpaced,0,queue,43520.2,44373.6,11
2,spsc_unaligned_1024_cross-core_unpaced,0,queue,44373.6,45226.9,11
2,spsc_unaligned_1024_cross-core_unpaced,0,queue,45226.9,46080.2,13
2,spsc_unaligned_1024_cross-core_unpaced,0,queue,46080.2,46933.6,17
2,spsc_unaligned_1024_cross-core_unpaced,0,queue,46933.6,47786.9,14
2,spsc_unaligned_1024_cross-core_unpaced,0,queue,47786.9,48640.2,12
2,spsc_unaligned_1024_cross-core_unpaced,0,queue,48640.2,49493.6,20
2,spsc_unaligned_1024_cross-core_unpaced,0,queue,49493.6,50346.9,8
2,spsc_unaligned_1024_cross-core_unpaced,0,queue,50346.9,51200.3,15
2,spsc_unaligned_1024_cross-core_unpaced,0,queue,51200.3,52053.6,12
2,spsc_unaligned_1024_cross-core_unpaced,0,queue,52053.6,52906.9,8
2,spsc_unaligned_1024_cross-core_unpaced,0,queue,52906.9,53760.3,11
2,spsc_unaligned_1024_cross-core_unpaced,0,queue,53760.3,54613.6,15
2,spsc_unaligned_1024_cross-core_unpaced,0,queue,54613.6,56320.3,18
2,spsc_unaligned_1024_cross-core_unpaced,0,queue,56320.3,58027,33
2,spsc_unaligned_1024_cross-core_unpaced,0,queue,58027,59733.6,32
2,spsc_unaligned_1024_cross-core_unpaced,0,queue,59733.6,61440.3,23
2,spsc_unaligned_1024_cross-core_unpaced,0,queue,61440.3,63147,31
2,spsc_unaligned_1024_cross-core_unpaced,0,queue,63147,64853.7,32
2,spsc_unaligned_1024_cross-core_unpaced,0,queue,64853.7,66560.3,35
2,spsc_unaligned_1024_cross-core_unpaced,0,queue,66560.3,68267,30
2,spsc_unaligned_1024_cross-core_unpaced,0,queue,68267,69973.7,43
2,spsc_unaligned_1024_cross-core_unpaced,0,queue,69973.7,71680.4,45
2,spsc_unaligned_1024_cross-core_unpaced,0,queue,71680.4,73387,44
2,spsc_unaligned_1024_cross-core_unpaced,0,queue,73387,75093.7,52
2,spsc_unaligned_1024_cross-core_unpaced,0,queue,75093.7,76800.4,37
2,spsc_unaligned_1024_cross-core_unpaced,0,queue,76800.4,78507.1,51
2,spsc_unaligned_1024_cross-core_unpaced,0,queue,78507.1,80213.7,44
2,spsc_unaligned_1024_cross-core_unpaced,0,queue,80213.7,81920.4,43
2,spsc_unaligned_1024_cross-core_unpaced,0,queue,81920.4,83627.1,38
2,spsc_unaligned_1024_cross-core_unpaced,0,queue,83627.1,85333.8,48
2,spsc_unaligned_1024_cross-core_unpaced,0,queue,85333.8,87040.4,55
2,spsc_unaligned_1024_cross-core_unpaced,0,queue,87040.4,88747.1,48
2,spsc_unaligned_1024_cross-core_unpaced,0,queue,88747.1,90453.8,59
2,spsc_unaligned_1024_cross-core_unpaced,0,queue,90453.8,92160.5,70
2,spsc_unaligned_1024_cross-core_unpaced,0,queue,92160.5,93867.1,58
2,spsc_unaligned_1024_cross-core_unpaced,0,queue,93867.1,95573.8,58
2,spsc_unaligned_1024_cross-core_unpaced,0,queue,95573.8,97280.5,50
2,spsc_unaligned_1024_cross-core_unpaced,0,queue,97280.5,98987.2,67
2,spsc_unaligned_1024_cross-core_unpaced,0,queue,98987.2,100694,57
2,spsc_unaligned_1024_cross-core_unpaced,0,queue,100694,102401,57
2,spsc_unaligned_1024_cross-core_unpaced,0,queue,102401,104107,68
2,spsc_unaligned_1024_cross-core_unpaced,0,queue,104107,105814,68
2,spsc_unaligned_1024_cross-core_unpaced,0,queue,105814,107521,42
2,spsc_unaligned_1024_cross-core_unpaced,0,queue,107521,109227,43
2,spsc_unaligned_1024_cross-core_unpaced,0,queue,109227,112641,120
2,spsc_unaligned_1024_cross-core_unpaced,0,queue,112641,116054,108
2,spsc_unaligned_1024_cross-core_unpaced,0,queue,116054,119467,147
2,spsc_unaligned_1024_cross-core_unpaced,0,queue,119467,122881,100
2,spsc_unaligned_1024_cross-core_unpaced,0,queue,122881,126294,139
2,spsc_unaligned_1024_cross-core_unpaced,0,queue,126294,129707,173
2,spsc_unaligned_1024_cross-core_unpaced,0,queue,129707,133121,180
2,spsc_unaligned_1024_cross-core_unpaced,0,queue,133121,136534,184
2,spsc_unaligned_1024_cross-core_unpaced,0,queue,136534,139947,184
2,spsc_unaligned_1024_cross-core_unpaced,0,queue,139947,143361,203
2,spsc_unaligned_1024_cross-core_unpaced,0,queue,143361,146774,207
2,spsc_unaligned_1024_cross-core_unpaced,0,queue,146774,150187,241
2,spsc_unaligned_1024_cross-core_unpaced,0,queue,150187,153601,187
2,spsc_unaligned_1024_cross-core_unpaced,0,queue,153601,157014,190
2,spsc_unaligned_1024_cross-core_unpaced,0,queue,157014,160427,391
2,spsc_unaligned_1024_cross-core_unpaced,0,queue,160427,163841,818
2,spsc_unaligned_1024_cross-core_unpaced,0,queue,163841,167254,2137
2,spsc_unaligned_1024_cross-core_unpaced,0,queue,167254,170668,6655
2,spsc_unaligned_1024_cross-core_unpaced,0,queue,170668,174081,15351
2,spsc_unaligned_1024_cross-core_unpaced,0,queue,174081,177494,26760
2,spsc_unaligned_1024_cross-core_unpaced,0,queue,177494,180908,41613
2,spsc_unaligned_1024_cross-core_unpaced,0,queue,180908,184321,48593
2,spsc_unaligned_1024_cross-core_unpaced,0,queue,184321,187734,43596
2,spsc_unaligned_1024_cross-core_unpaced,0,queue,187734,191148,35007
2,spsc_unaligned_1024_cross-core_unpaced,0,queue,191148,194561,24653
2,spsc_unaligned_1024_cross-core_unpaced,0,queue,194561,197974,16668
2,spsc_unaligned_1024_cross-core_unpaced,0,queue,197974,201388,11154
2,spsc_unaligned_1024_cross-core_unpaced,0,queue,201388,204801,8997
2,spsc_unaligned_1024_cross-core_unpaced,0,queue,204801,208214,8705
2,spsc_unaligned_1024_cross-core_unpaced,0,queue,208214,211628,10493
2,spsc_unaligned_1024_cross-core_unpaced,0,queue,211628,215041,13643
2,spsc_unaligned_1024_cross-core_unpaced,0,queue,215041,218454,18505
2,spsc_unaligned_1024_cross-core_unpaced,0,queue,218454,225281,58755
2,spsc_unaligned_1024_cross-core_unpaced,0,queue,225281,232108,111504
2,spsc_unaligned_1024_cross-core_unpaced,0,queue,232108,238935,189693
2,spsc_unaligned_1024_cross-core_unpaced,0,queue,238935,245761,273982
2,spsc_unaligned_1024_cross-core_unpaced,0,queue,245761,252588,336126
2,spsc_unaligned_1024_cross-core_unpaced,0,queue,252588,259415,340314
2,spsc_unaligned_1024_cross-core_unpaced,0,queue,259415,266241,282714
2,spsc_unaligned_1024_cross-core_unpaced,0,queue,266241,273068,197427
2,spsc_unaligned_1024_cross-core_unpaced,0,queue,273068,279895,115030
2,spsc_unaligned_1024_cross-core_unpaced,0,queue,279895,286721,57712
2,spsc_unaligned_1024_cross-core_unpaced,0,queue,286721,293548,27922
2,spsc_unaligned_1024_cross-core_unpaced,0,queue,293548,300375,15274
2,spsc_unaligned_1024_cross-core_unpaced,0,queue,300375,307202,8891
2,spsc_unaligned_1024_cross-core_unpaced,0,queue,307202,314028,5856
2,spsc_unaligned_1024_cross-core_unpaced,0,queue,314028,320855,3849
2,spsc_unaligned_1024_cross-core_unpaced,0,queue,320855,327682,2518
2,spsc_unaligned_1024_cross-core_unpaced,0,queue,327682,334508,1589
2,spsc_unaligned_1024_cross-core_unpaced,0,queue,334508,341335,1570
2,spsc_unaligned_1024_cross-core_unpaced,0,queue,341335,348162,1228
2,spsc_unaligned_1024_cross-core_unpaced,0,queue,348162,354988,821
2,spsc_unaligned_1024_cross-core_unpaced,0,queue,354988,361815,689
2,spsc_unaligned_1024_cross-core_unpaced,0,queue,361815,368642,685
2,spsc_unaligned_1024_cross-core_unpaced,0,queue,368642,375469,1018
2,spsc_unaligned_1024_cross-core_unpaced,0,queue,375469,382295,1245
2,spsc_unaligned_1024_cross-core_unpaced,0,queue,382295,389122,1719
2,spsc_unaligned_1024_cross-core_unpaced,0,queue,389122,395949,1654
2,spsc_unaligned_1024_cross-core_unpaced,0,queue,395949,402775,1230
2,spsc_unaligned_1024_cross-core_unpaced,0,queue,402775,409602,777
2,spsc_unaligned_1024_cross-core_unpaced,0,queue,409602,416429,350
2,spsc_unaligned_1024_cross-core_unpaced,0,queue,416429,423255,107
2,spsc_unaligned_1024_cross-core_unpaced,0,queue,423255,430082,32
2,spsc_unaligned_1024_cross-core_unpaced,0,queue,430082,436909,54
2,spsc_unaligned_1024_cross-core_unpaced,0,queue,436909,450562,108
2,spsc_unaligned_1024_cross-core_unpaced,0,queue,450562,464216,51
2,spsc_unaligned_1024_cross-core_unpaced,0,queue,464216,477869,55
2,spsc_unaligned_1024_cross-core_unpaced,0,queue,477869,491522,69
2,spsc_unaligned_1024_cross-core_unpaced,0,queue,491522,505176,34
2,spsc_unaligned_1024_cross-core_unpaced,0,queue,505176,518829,15
2,spsc_unaligned_1024_cross-core_unpaced,0,queue,518829,532483,18
2,spsc_unaligned_1024_cross-core_unpaced,0,queue,532483,546136,40
2,spsc_unaligned_1024_cross-core_unpaced,0,queue,546136,559789,66
2,spsc_unaligned_1024_cross-core_unpaced,0,queue,559789,573443,36
2,spsc_unaligned_1024_cross-core_unpaced,0,queue,573443,587096,34
2,spsc_unaligned_1024_cross-core_unpaced,0,queue,587096,600750,23
2,spsc_unaligned_1024_cross-core_unpaced,0,queue,600750,614403,13
2,spsc_unaligned_1024_cross-core_unpaced,0,queue,614403,628056,58
2,spsc_unaligned_1024_cross-core_unpaced,0,queue,628056,641710,43
2,spsc_unaligned_1024_cross-core_unpaced,0,queue,641710,655363,5
2,spsc_unaligned_1024_cross-core_unpaced,0,queue,655363,669017,13
2,spsc_unaligned_1024_cross-core_unpaced,0,queue,682670,696323,6
2,spsc_unaligned_1024_cross-core_unpaced,0,queue,696323,709977,6
2,spsc_unaligned_1024_cross-core_unpaced,0,queue,709977,723630,5
2,spsc_unaligned_1024_cross-core_unpaced,0,queue,723630,737284,6
2,spsc_unaligned_1024_cross-core_unpaced,0,queue,737284,750937,1
2,spsc_unaligned_1024_cross-core_unpaced,0,queue,764590,778244,2
2,spsc_unaligned_1024_cross-core_unpaced,0,queue,778244,791897,3
2,spsc_unaligned_1024_cross-core_unpaced,0,queue,805551,819204,4
2,spsc_unaligned_1024_cross-core_unpaced,0,queue,819204,832857,1
2,spsc_unaligned_1024_cross-core_unpaced,0,queue,832857,846511,2
2,spsc_unaligned_1024_cross-core_unpaced,0,queue,860164,873818,1
2,spsc_unaligned_1024_cross-core_unpaced,0,queue,873818,901125,1
2,spsc_unaligned_1024_cross-core_unpaced,0,queue,901125,928431,8
2,spsc_unaligned_1024_cross-core_unpaced,0,queue,928431,955738,4
2,spsc_unaligned_1024_cross-core_unpaced,0,queue,955738,983045,1
2,spsc_unaligned_1024_cross-core_unpaced,0,queue,983045,1.01035e+06,12
2,spsc_unaligned_1024_cross-core_unpaced,0,queue,1.01035e+06,1.03766e+06,2
2,spsc_unaligned_1024_cross-core_unpaced,0,queue,1.03766e+06,1.06497e+06,3
2,spsc_unaligned_1024_cross-core_unpaced,0,queue,1.06497e+06,1.09227e+06,1
2,spsc_unaligned_1024_cross-core_unpaced,0,queue,1.09227e+06,1.11958e+06,10
2,spsc_unaligned_1024_cross-core_unpaced,0,queue,1.14689e+06,1.17419e+06,6
2,spsc_unaligned_1024_cross-core_unpaced,0,book,15.0001,15.4167,4
2,spsc_unaligned_1024_cross-core_unpaced,0,book,15.8334,16.2501,120
2,spsc_unaligned_1024_cross-core_unpaced,0,book,16.6668,17.0834,229
2,spsc_unaligned_1024_cross-core_unpaced,0,book,17.5001,17.9168,63
2,spsc_unaligned_1024_cross-core_unpaced,0,book,18.3334,18.7501,76
2,spsc_unaligned_1024_cross-core_unpaced,0,book,19.1668,19.5834,415
2,spsc_unaligned_1024_cross-core_unpaced,0,book,20.0001,20.4168,4536
2,spsc_unaligned_1024_cross-core_unpaced,0,book,20.8334,21.2501,22269
2,spsc_unaligned_1024_cross-core_unpaced,0,book,21.6668,22.0834,24551
2,spsc_unaligned_1024_cross-core_unpaced,0,book,22.5001,22.9168,7434
2,spsc_unaligned_1024_cross-core_unpaced,0,book,23.3335,23.7501,1316
2,spsc_unaligned_1024_cross-core_unpaced,0,book,24.1668,24.5835,423
2,spsc_unaligned_1024_cross-core_unpaced,0,book,25.0001,25.4168,314
2,spsc_unaligned_1024_cross-core_unpaced,0,book,25.8335,26.2501,583
2,spsc_unaligned_1024_cross-core_unpaced,0,book,26.6668,27.5001,984
2,spsc_unaligned_1024_cross-core_unpaced,0,book,27.5001,28.3335,1030
2,spsc_unaligned_1024_cross-core_unpaced,0,book,28.3335,29.1668,1460
2,spsc_unaligned_1024_cross-core_unpaced,0,book,29.1668,30.0002,4035
2,spsc_unaligned_1024_cross-core_unpaced,0,book,30.0002,30.8335,3626
2,spsc_unaligned_1024_cross-core_unpaced,0,book,30.8335,31.6668,4947
2,spsc_unaligned_1024_cross-core_unpaced,0,book,31.6668,32.5002,11459
2,spsc_unaligned_1024_cross-core_unpaced,0,book,32.5002,33.3335,18428
2,spsc_unaligned_1024_cross-core_unpaced,0,book,33.3335,34.1668,20017
2,spsc_unaligned_1024_cross-core_unpaced,0,book,34.1668,35.0002,11833
2,spsc_unaligned_1024_cross-core_unpaced,0,book,35.0002,35.8335,7370
2,spsc_unaligned_1024_cross-core_unpaced,0,book,35.8335,36.6669,4070
2,spsc_unaligned_1024_cross-core_unpaced,0,book,36.6669,37.5002,3562
2,spsc_unaligned_1024_cross-core_unpaced,0,book,37.5002,38.3335,4390
2,spsc_unaligned_1024_cross-core_unpaced,0,book,38.3335,39.1669,4064
2,spsc_unaligned_1024_cross-core_unpaced,0,book,39.1669,40.0002,3917
2,spsc_unaligned_1024_cross-core_unpaced,0,book,40.0002,40.8335,5447
2,spsc_unaligned_1024_cross-core_unpaced,0,book,40.8335,41.6669,5852
2,spsc_unaligned_1024_cross-core_unpaced,0,book,41.6669,42.5002,7251
2,spsc_unaligned_1024_cross-core_unpaced,0,book,42.5002,43.3336,8171
2,spsc_unaligned_1024_cross-core_unpaced,0,book,43.3336,44.1669,7247
2,spsc_unaligned_1024_cross-core_unpaced,0,book,44.1669,45.0002,6857
2,spsc_unaligned_1024_cross-core_unpaced,0,book,45.0002,45.8336,6595
2,spsc_unaligned_1024_cross-core_unpaced,0,book,45.8336,46.6669,7027
2,spsc_unaligned_1024_cross-core_unpaced,0,book,46.6669,47.5002,9481
2,spsc_unaligned_1024_cross-core_unpaced,0,book,47.5002,48.3336,9045
2,spsc_unaligned_1024_cross-core_unpaced,0,book,48.3336,49.1669,9372
2,spsc_unaligned_1024_cross-core_unpaced,0,book,49.1669,50.0003,9696
2,spsc_unaligned_1024_cross-core_unpaced,0,book,50.0003,50.8336,9915
2,spsc_unaligned_1024_cross-core_unpaced,0,book,50.8336,51.6669,11291
2,spsc_unaligned_1024_cross-core_unpaced,0,book,51.6669,52.5003,10936
2,spsc_unaligned_1024_cross-core_unpaced,0,book,52.5003,53.3336,10399
2,spsc_unaligned_1024_cross-core_unpaced,0,book,53.3336,55.0003,20244
2,spsc_unaligned_1024_cross-core_unpaced,0,book,55.0003,56.667,20146
2,spsc_unaligned_1024_cross-core_unpaced,0,book,56.667,58.3336,20438
2,spsc_unaligned_1024_cross-core_unpaced,0,book,58.3336,60.0003,19241
2,spsc_unaligned_1024_cross-core_unpaced,0,book,60.0003,61.667,20317
2,spsc_unaligned_1024_cross-core_unpaced,0,book,61.667,63.3337,19670
2,spsc_unaligned_1024_cross-core_unpaced,0,book,63.3337,65.0003,17689
2,spsc_unaligned_1024_cross-core_unpaced,0,book,65.0003,66.667,16730
2,spsc_unaligned_1024_cross-core_unpaced,0,book,66.667,68.3337,16681
2,spsc_unaligned_1024_cross-core_unpaced,0,book,68.3337,70.0004,15868
2,spsc_unaligned_1024_cross-core_unpaced,0,book,70.0004,71.667,14523
2,spsc_unaligned_1024_cross-core_unpaced,0,book,71.667,73.3337,12971
2,spsc_unaligned_1024_cross-core_unpaced,0,book,73.3337,75.0004,12104
2,spsc_unaligned_1024_cross-core_unpaced,0,book,75.0004,76.6671,11335
2,spsc_unaligned_1024_cross-core_unpaced,0,book,76.6671,78.3337,10337
2,spsc_unaligned_1024_cross-core_unpaced,0,book,78.3337,80.0004,9091
2,spsc_unaligned_1024_cross-core_unpaced,0,book,80.0004,81.6671,9285
2,spsc_unaligned_1024_cross-core_unpaced,0,book,81.6671,83.3338,8611
2,spsc_unaligned_1024_cross-core_unpaced,0,book,83.3338,85.0004,7429
2,spsc_unaligned_1024_cross-core_unpaced,0,book,85.0004,86.6671,6879
2,spsc_unaligned_1024_cross-core_unpaced,0,book,86.6671,88.3338,6602
2,spsc_unaligned_1024_cross-core_unpaced,0,book,88.3338,90.0005,6204
2,spsc_unaligned_1024_cross-core_unpaced,0,book,90.0005,91.6671,5866
2,spsc_unaligned_1024_cross-core_unpaced,0,book,91.6671,93.3338,5383
2,spsc_unaligned_1024_cross-core_unpaced,0,book,93.3338,95.0005,5284
2,spsc_unaligned_1024_cross-core_unpaced,0,book,95.0005,96.6672,5154
2,spsc_unaligned_1024_cross-core_unpaced,0,book,96.6672,98.3338,4689
2,spsc_unaligned_1024_cross-core_unpaced,0,book,98.3338,100.001,4414
2,spsc_unaligned_1024_cross-core_unpaced,0,book,100.001,101.667,4386
2,spsc_unaligned_1024_cross-core_unpaced,0,book,101.667,103.334,4263
2,spsc_unaligned_1024_cross-core_unpaced,0,book,103.334,105.001,3875
2,spsc_unaligned_1024_cross-core_unpaced,0,book,105.001,106.667,3635
2,spsc_unaligned_1024_cross-core_unpaced,0,book,106.667,110.001,7015
2,spsc_unaligned_1024_cross-core_unpaced,0,book,110.001,113.334,6089
2,spsc_unaligned_1024_cross-core_unpaced,0,book,113.334,116.667,5681
2,spsc_unaligned_1024_cross-core_unpaced,0,book,116.667,120.001,5090
2,spsc_unaligned_1024_cross-core_unpaced,0,book,120.001,123.334,5680
2,spsc_unaligned_1024_cross-core_unpaced,0,book,123.334,126.667,8800
2,spsc_unaligned_1024_cross-core_unpaced,0,book,126.667,130.001,22207
2,spsc_unaligned_1024_cross-core_unpaced,0,book,130.001,133.334,30663
2,spsc_unaligned_1024_cross-core_unpaced,0,book,133.334,136.667,26206
2,spsc_unaligned_1024_cross-core_unpaced,0,book,136.667,140.001,38664
2,spsc_unaligned_1024_cross-core_unpaced,0,book,140.001,143.334,70346
2,spsc_unaligned_1024_cross-core_unpaced,0,book,143.334,146.667,66532
2,spsc_unaligned_1024_cross-core_unpaced,0,book,146.667,150.001,55513
2,spsc_unaligned_1024_cross-core_unpaced,0,book,150.001,153.334,68151
2,spsc_unaligned_1024_cross-core_unpaced,0,book,153.334,156.667,81925
2,spsc_unaligned_1024_cross-core_unpaced,0,book,156.667,160.001,63358
2,spsc_unaligned_1024_cross-core_unpaced,0,book,160.001,163.334,54989
2,spsc_unaligned_1024_cross-core_unpaced,0,book,163.334,166.668,55029
2,spsc_unaligned_1024_cross-core_unpaced,0,book,166.668,170.001,50194
2,spsc_unaligned_1024_cross-core_unpaced,0,book,170.001,173.334,42445
2,spsc_unaligned_1024_cross-core_unpaced,0,book,173.334,176.668,39493
2,spsc_unaligned_1024_cross-core_unpaced,0,book,176.668,180.001,35020
2,spsc_unaligned_1024_cross-core_unpaced,0,book,180.001,183.334,33975
2,spsc_unaligned_1024_cross-core_unpaced,0,book,183.334,186.668,30708
2,spsc_unaligned_1024_cross-core_unpaced,0,book,186.668,190.001,29560
2,spsc_unaligned_1024_cross-core_unpaced,0,book,190.001,193.334,26816
2,spsc_unaligned_1024_cross-core_unpaced,0,book,193.334,196.668,24979
2,spsc_unaligned_1024_cross-core_unpaced,0,book,196.668,200.001,22565
2,spsc_unaligned_1024_cross-core_unpaced,0,book,200.001,203.334,21526
2,spsc_unaligned_1024_cross-core_unpaced,0,book,203.334,206.668,19008
2,spsc_unaligned_1024_cross-core_unpaced,0,book,206.668,210.001,18235
2,spsc_unaligned_1024_cross-core_unpaced,0,book,210.001,213.334,16643
2,spsc_unaligned_1024_cross-core_unpaced,0,book,213.334,220.001,30667
2,spsc_unaligned_1024_cross-core_unpaced,0,book,220.001,226.668,27773
2,spsc_unaligned_1024_cross-core_unpaced,0,book,226.668,233.335,25584
2,spsc_unaligned_1024_cross-core_unpaced,0,book,233.335,240.001,24700
2,spsc_unaligned_1024_cross-core_unpaced,0,book,240.001,246.668,26004
2,spsc_unaligned_1024_cross-core_unpaced,0,book,246.668,253.335,26344
2,spsc_unaligned_1024_cross-core_unpaced,0,book,253.335,260.001,25703
2,spsc_unaligned_1024_cross-core_unpaced,0,book,260.001,266.668,24319
2,spsc_unaligned_1024_cross-core_unpaced,0,book,266.668,273.335,22989
2,spsc_unaligned_1024_cross-core_unpaced,0,book,273.335,280.001,21224
2,spsc_unaligned_1024_cross-core_unpaced,0,book,280.001,286.668,19492
2,spsc_unaligned_1024_cross-core_unpaced,0,book,286.668,293.335,18215
2,spsc_unaligned_1024_cross-core_unpaced,0,book,293.335,300.002,17469
2,spsc_unaligned_1024_cross-core_unpaced,0,book,300.002,306.668,17087
2,spsc_unaligned_1024_cross-core_unpaced,0,book,306.668,313.335,16394
2,spsc_unaligned_1024_cross-core_unpaced,0,book,313.335,320.002,15731
2,spsc_unaligned_1024_cross-core_unpaced,0,book,320.002,326.668,15537
2,spsc_unaligned_1024_cross-core_unpaced,0,book,326.668,333.335,15236
2,spsc_unaligned_1024_cross-core_unpaced,0,book,333.335,340.002,14847
2,spsc_unaligned_1024_cross-core_unpaced,0,book,340.002,346.668,14260
2,spsc_unaligned_1024_cross-core_unpaced,0,book,346.668,353.335,13727
2,spsc_unaligned_1024_cross-core_unpaced,0,book,353.335,360.002,13043
2,spsc_unaligned_1024_cross-core_unpaced,0,book,360.002,366.669,12281
2,spsc_unaligned_1024_cross-core_unpaced,0,book,366.669,373.335,11658
2,spsc_unaligned_1024_cross-core_unpaced,0,book,373.335,380.002,10993
2,spsc_unaligned_1024_cross-core_unpaced,0,book,380.002,386.669,10386
2,spsc_unaligned_1024_cross-core_unpaced,0,book,386.669,393.335,9890
2,spsc_unaligned_1024_cross-core_unpaced,0,book,393.335,400.002,9133
2,spsc_unaligned_1024_cross-core_unpaced,0,book,400.002,406.669,8688
2,spsc_unaligned_1024_cross-core_unpaced,0,book,406.669,413.335,7997
2,spsc_unaligned_1024_cross-core_unpaced,0,book,413.335,420.002,7650
2,spsc_unaligned_1024_cross-core_unpaced,0,book,420.002,426.669,7518
2,spsc_unaligned_1024_cross-core_unpaced,0,book,426.669,440.002,13387
2,spsc_unaligned_1024_cross-core_unpaced,0,book,440.002,453.336,11464
2,spsc_unaligned_1024_cross-core_unpaced,0,book,453.336,466.669,9479
2,spsc_unaligned_1024_cross-core_unpaced,0,book,466.669,480.002,8106
2,spsc_unaligned_1024_cross-core_unpaced,0,book,480.002,493.336,7101
2,spsc_unaligned_1024_cross-core_unpaced,0,book,493.336,506.669,6101
2,spsc_unaligned_1024_cross-core_unpaced,0,book,506.669,520.003,5482
2,spsc_unaligned_1024_cross-core_unpaced,0,book,520.003,533.336,4973
2,spsc_unaligned_1024_cross-core_unpaced,0,book,533.336,546.669,4429
2,spsc_unaligned_1024_cross-core_unpaced,0,book,546.669,560.003,4037
2,spsc_unaligned_1024_cross-core_unpaced,0,book,560.003,573.336,3641
2,spsc_unaligned_1024_cross-core_unpaced,0,book,573.336,586.67,3129
2,spsc_unaligned_1024_cross-core_unpaced,0,book,586.67,600.003,2719
2,spsc_unaligned_1024_cross-core_unpaced,0,book,600.003,613.336,2425
2,spsc_unaligned_1024_cross-core_unpaced,0,book,613.336,626.67,2122
2,spsc_unaligned_1024_cross-core_unpaced,0,book,626.67,640.003,1802
2,spsc_unaligned_1024_cross-core_unpaced,0,book,640.003,653.337,1690
2,spsc_unaligned_1024_cross-core_unpaced,0,book,653.337,666.67,1334
2,spsc_unaligned_1024_cross-core_unpaced,0,book,666.67,680.003,1232
2,spsc_unaligned_1024_cross-core_unpaced,0,book,680.003,693.337,1106
2,spsc_unaligned_1024_cross-core_unpaced,0,book,693.337,706.67,960
2,spsc_unaligned_1024_cross-core_unpaced,0,book,706.67,720.004,834
2,spsc_unaligned_1024_cross-core_unpaced,0,book,720.004,733.337,739
2,spsc_unaligned_1024_cross-core_unpaced,0,book,733.337,746.67,641
2,spsc_unaligned_1024_cross-core_unpaced,0,book,746.67,760.004,558
2,spsc_unaligned_1024_cross-core_unpaced,0,book,760.004,773.337,494
2,spsc_unaligned_1024_cross-core_unpaced,0,book,773.337,786.671,424
2,spsc_unaligned_1024_cross-core_unpaced,0,book,786.671,800.004,421
2,spsc_unaligned_1024_cross-core_unpaced,0,book,800.004,813.337,306
2,spsc_unaligned_1024_cross-core_unpaced,0,book,813.337,826.671,303
2,spsc_unaligned_1024_cross-core_unpaced,0,book,826.671,840.004,264
2,spsc_unaligned_1024_cross-core_unpaced,0,book,840.004,853.338,236
2,spsc_unaligned_1024_cross-core_unpaced,0,book,853.338,880.004,356
2,spsc_unaligned_1024_cross-core_unpaced,0,book,880.004,906.671,317
2,spsc_unaligned_1024_cross-core_unpaced,0,book,906.671,933.338,249
2,spsc_unaligned_1024_cross-core_unpaced,0,book,933.338,960.005,181
2,spsc_unaligned_1024_cross-core_unpaced,0,book,960.005,986.672,134
2,spsc_unaligned_1024_cross-core_unpaced,0,book,986.672,1013.34,117
2,spsc_unaligned_1024_cross-core_unpaced,0,book,1013.34,1040.01,86
2,spsc_unaligned_1024_cross-core_unpaced,0,book,1040.01,1066.67,62
2,spsc_unaligned_1024_cross-core_unpaced,0,book,1066.67,1093.34,61
2,spsc_unaligned_1024_cross-core_unpaced,0,book,1093.34,1120.01,54
2,spsc_unaligned_1024_cross-core_unpaced,0,book,1120.01,1146.67,33
2,spsc_unaligned_1024_cross-core_unpaced,0,book,1146.67,1173.34,27
2,spsc_unaligned_1024_cross-core_unpaced,0,book,1173.34,1200.01,23
2,spsc_unaligned_1024_cross-core_unpaced,0,book,1200.01,1226.67,24
2,spsc_unaligned_1024_cross-core_unpaced,0,book,1226.67,1253.34,21
2,spsc_unaligned_1024_cross-core_unpaced,0,book,1253.34,1280.01,12
2,spsc_unaligned_1024_cross-core_unpaced,0,book,1280.01,1306.67,8
2,spsc_unaligned_1024_cross-core_unpaced,0,book,1306.67,1333.34,12
2,spsc_unaligned_1024_cross-core_unpaced,0,book,1333.34,1360.01,9
2,spsc_unaligned_1024_cross-core_unpaced,0,book,1360.01,1386.67,10
2,spsc_unaligned_1024_cross-core_unpaced,0,book,1386.67,1413.34,7
2,spsc_unaligned_1024_cross-core_unpaced,0,book,1413.34,1440.01,11
2,spsc_unaligned_1024_cross-core_unpaced,0,book,1440.01,1466.67,9
2,spsc_unaligned_1024_cross-core_unpaced,0,book,1466.67,1493.34,6
2,spsc_unaligned_1024_cross-core_unpaced,0,book,1493.34,1520.01,8
2,spsc_unaligned_1024_cross-core_unpaced,0,book,1520.01,1546.67,5
2,spsc_unaligned_1024_cross-core_unpaced,0,book,1546.67,1573.34,6
2,spsc_unaligned_1024_cross-core_unpaced,0,book,1573.34,1600.01,3
2,spsc_unaligned_1024_cross-core_unpaced,0,book,1600.01,1626.67,10
2,spsc_unaligned_1024_cross-core_unpaced,0,book,1626.67,1653.34,5
2,spsc_unaligned_1024_cross-core_unpaced,0,book,1653.34,1680.01,5
2,spsc_unaligned_1024_cross-core_unpaced,0,book,1680.01,1706.68,8
2,spsc_unaligned_1024_cross-core_unpaced,0,book,1706.68,1760.01,17
2,spsc_unaligned_1024_cross-core_unpaced,0,book,1760.01,1813.34,9
2,spsc_unaligned_1024_cross-core_unpaced,0,book,1813.34,1866.68,15
2,spsc_unaligned_1024_cross-core_unpaced,0,book,1866.68,1920.01,5
2,spsc_unaligned_1024_cross-core_unpaced,0,book,1920.01,1973.34,11
2,spsc_unaligned_1024_cross-core_unpaced,0,book,1973.34,2026.68,8
2,spsc_unaligned_1024_cross-core_unpaced,0,book,2026.68,2080.01,7
2,spsc_unaligned_1024_cross-core_unpaced,0,book,2080.01,2133.34,7
2,spsc_unaligned_1024_cross-core_unpaced,0,book,2133.34,2186.68,3
2,spsc_unaligned_1024_cross-core_unpaced,0,book,2186.68,2240.01,3
2,spsc_unaligned_1024_cross-core_unpaced,0,book,2240.01,2293.34,5
2,spsc_unaligned_1024_cross-core_unpaced,0,book,2346.68,2400.01,2
2,spsc_unaligned_1024_cross-core_unpaced,0,book,2400.01,2453.35,2
2,spsc_unaligned_1024_cross-core_unpaced,0,book,2453.35,2506.68,3
2,spsc_unaligned_1024_cross-core_unpaced,0,book,2506.68,2560.01,1
2,spsc_unaligned_1024_cross-core_unpaced,0,book,2560.01,2613.35,1
2,spsc_unaligned_1024_cross-core_unpaced,0,book,2666.68,2720.01,1
2,spsc_unaligned_1024_cross-core_unpaced,0,book,2773.35,2826.68,1
2,spsc_unaligned_1024_cross-core_unpaced,0,book,2826.68,2880.01,2
2,spsc_unaligned_1024_cross-core_unpaced,0,book,2933.35,2986.68,2
2,spsc_unaligned_1024_cross-core_unpaced,0,book,2986.68,3040.02,1
2,spsc_unaligned_1024_cross-core_unpaced,0,book,3040.02,3093.35,1
2,spsc_unaligned_1024_cross-core_unpaced,0,book,3093.35,3146.68,3
2,spsc_unaligned_1024_cross-core_unpaced,0,book,3253.35,3306.68,2
2,spsc_unaligned_1024_cross-core_unpaced,0,book,3306.68,3360.02,1
2,spsc_unaligned_1024_cross-core_unpaced,0,book,3360.02,3413.35,1
2,spsc_unaligned_1024_cross-core_unpaced,0,book,3413.35,3520.02,1
2,spsc_unaligned_1024_cross-core_unpaced,0,book,3520.02,3626.68,4
2,spsc_unaligned_1024_cross-core_unpaced,0,book,3626.68,3733.35,3
2,spsc_unaligned_1024_cross-core_unpaced,0,book,3733.35,3840.02,4
2,spsc_unaligned_1024_cross-core_unpaced,0,book,3840.02,3946.69,2
2,spsc_unaligned_1024_cross-core_unpaced,0,book,3946.69,4053.35,10
2,spsc_unaligned_1024_cross-core_unpaced,0,book,4053.35,4160.02,12
2,spsc_unaligned_1024_cross-core_unpaced,0,book,4160.02,4266.69,10
2,spsc_unaligned_1024_cross-core_unpaced,0,book,4266.69,4373.36,12
2,spsc_unaligned_1024_cross-core_unpaced,0,book,4373.36,4480.02,9
2,spsc_unaligned_1024_cross-core_unpaced,0,book,4480.02,4586.69,13
2,spsc_unaligned_1024_cross-core_unpaced,0,book,4586.69,4693.36,8
2,spsc_unaligned_1024_cross-core_unpaced,0,book,4693.36,4800.02,6
2,spsc_unaligned_1024_cross-core_unpaced,0,book,4800.02,4906.69,7
2,spsc_unaligned_1024_cross-core_unpaced,0,book,4906.69,5013.36,2
2,spsc_unaligned_1024_cross-core_unpaced,0,book,5013.36,5120.03,1
2,spsc_unaligned_1024_cross-core_unpaced,0,book,5226.69,5333.36,5
2,spsc_unaligned_1024_cross-core_unpaced,0,book,5333.36,5440.03,15
2,spsc_unaligned_1024_cross-core_unpaced,0,book,5440.03,5546.69,23
2,spsc_unaligned_1024_cross-core_unpaced,0,book,5546.69,5653.36,25
2,spsc_unaligned_1024_cross-core_unpaced,0,book,5653.36,5760.03,16
2,spsc_unaligned_1024_cross-core_unpaced,0,book,5760.03,5866.7,5
2,spsc_unaligned_1024_cross-core_unpaced,0,book,5866.7,5973.36,11
2,spsc_unaligned_1024_cross-core_unpaced,0,book,5973.36,6080.03,7
2,spsc_unaligned_1024_cross-core_unpaced,0,book,6080.03,6186.7,4
2,spsc_unaligned_1024_cross-core_unpaced,0,book,6186.7,6293.36,3
2,spsc_unaligned_1024_cross-core_unpaced,0,book,6293.36,6400.03,2
2,spsc_unaligned_1024_cross-core_unpaced,0,book,6400.03,6506.7,1
2,spsc_unaligned_1024_cross-core_unpaced,0,book,6506.7,6613.37,1
2,spsc_unaligned_1024_cross-core_unpaced,0,book,6613.37,6720.03,1
2,spsc_unaligned_1024_cross-core_unpaced,0,book,6720.03,6826.7,3
2,spsc_unaligned_1024_cross-core_unpaced,0,book,6826.7,7040.04,2
2,spsc_unaligned_1024_cross-core_unpaced,0,book,7040.04,7253.37,5
2,spsc_unaligned_1024_cross-core_unpaced,0,book,7253.37,7466.7,3
2,spsc_unaligned_1024_cross-core_unpaced,0,book,7466.7,7680.04,3
2,spsc_unaligned_1024_cross-core_unpaced,0,book,7680.04,7893.37,3
2,spsc_unaligned_1024_cross-core_unpaced,0,book,8106.71,8320.04,1
2,spsc_unaligned_1024_cross-core_unpaced,0,book,8533.38,8746.71,4
2,spsc_unaligned_1024_cross-core_unpaced,0,book,8746.71,8960.04,11
2,spsc_unaligned_1024_cross-core_unpaced,0,book,8960.04,9173.38,11
2,spsc_unaligned_1024_cross-core_unpaced,0,book,9173.38,9386.71,20
2,spsc_unaligned_1024_cross-core_unpaced,0,book,9386.71,9600.05,47
2,spsc_unaligned_1024_cross-core_unpaced,0,book,9600.05,9813.38,101
2,spsc_unaligned_1024_cross-core_unpaced,0,book,9813.38,10026.7,91
2,spsc_unaligned_1024_cross-core_unpaced,0,book,10026.7,10240.1,69
2,spsc_unaligned_1024_cross-core_unpaced,0,book,10240.1,10453.4,54
2,spsc_unaligned_1024_cross-core_unpaced,0,book,10453.4,10666.7,20
2,spsc_unaligned_1024_cross-core_unpaced,0,book,10666.7,10880.1,11
2,spsc_unaligned_1024_cross-core_unpaced,0,book,10880.1,11093.4,9
2,spsc_unaligned_1024_cross-core_unpaced,0,book,11093.4,11306.7,4
2,spsc_unaligned_1024_cross-core_unpaced,0,book,11306.7,11520.1,1
2,spsc_unaligned_1024_cross-core_unpaced,0,book,11520.1,11733.4,4
2,spsc_unaligned_1024_cross-core_unpaced,0,book,11733.4,11946.7,1
2,spsc_unaligned_1024_cross-core_unpaced,0,book,11946.7,12160.1,1
2,spsc_unaligned_1024_cross-core_unpaced,0,book,12160.1,12373.4,2
2,spsc_unaligned_1024_cross-core_unpaced,0,book,12586.7,12800.1,1
2,spsc_unaligned_1024_cross-core_unpaced,0,book,13440.1,13653.4,1
2,spsc_unaligned_1024_cross-core_unpaced,0,book,15360.1,15786.7,1
2,spsc_unaligned_1024_cross-core_unpaced,0,book,15786.7,16213.4,1
2,spsc_unaligned_1024_cross-core_unpaced,0,book,16213.4,16640.1,1
2,spsc_unaligned_1024_cross-core_unpaced,0,book,16640.1,17066.8,1
2,spsc_unaligned_1024_cross-core_unpaced,0,book,17493.4,17920.1,1
3,spsc_unaligned_1024_cross-core_unpaced,1,total,253.335,260.001,1
3,spsc_unaligned_1024_cross-core_unpaced,1,total,266.668,273.335,1
3,spsc_unaligned_1024_cross-core_unpaced,1,total,280.001,286.668,2
3,spsc_unaligned_1024_cross-core_unpaced,1,total,286.668,293.335,1
3,spsc_unaligned_1024_cross-core_unpaced,1,total,293.335,300.002,2
3,spsc_unaligned_1024_cross-core_unpaced,1,total,300.002,306.668,1
3,spsc_unaligned_1024_cross-core_unpaced,1,total,306.668,313.335,4
3,spsc_unaligned_1024_cross-core_unpaced,1,total,326.668,333.335,1
3,spsc_unaligned_1024_cross-core_unpaced,1,total,340.002,346.668,1
3,spsc_unaligned_1024_cross-core_unpaced,1,total,353.335,360.002,3
3,spsc_unaligned_1024_cross-core_unpaced,1,total,360.002,366.669,1
3,spsc_unaligned_1024_cross-core_unpaced,1,total,366.669,373.335,1
3,spsc_unaligned_1024_cross-core_unpaced,1,total,373.335,380.002,2
3,spsc_unaligned_1024_cross-core_unpaced,1,total,380.002,386.669,2
3,spsc_unaligned_1024_cross-core_unpaced,1,total,386.669,393.335,1
3,spsc_unaligned_1024_cross-core_unpaced,1,total,393.335,400.002,3
3,spsc_unaligned_1024_cross-core_unpaced,1,total,400.002,406.669,4
3,spsc_unaligned_1024_cross-core_unpaced,1,total,406.669,413.335,1
3,spsc_unaligned_1024_cross-core_unpaced,1,total,413.335,420.002,2
3,spsc_unaligned_1024_cross-core_unpaced,1,total,420.002,426.669,3
3,spsc_unaligned_1024_cross-core_unpaced,1,total,426.669,440.002,3
3,spsc_unaligned_1024_cross-core_unpaced,1,total,440.002,453.336,4
3,spsc_unaligned_1024_cross-core_unpaced,1,total,453.336,466.669,11
3,spsc_unaligned_1024_cross-core_unpaced,1,total,466.669,480.002,5
3,spsc_unaligned_1024_cross-core_unpaced,1,total,480.002,493.336,9
3,spsc_unaligned_1024_cross-core_unpaced,1,total,493.336,506.669,9
3,spsc_unaligned_1024_cross-core_unpaced,1,total,506.669,520.003,10
3,spsc_unaligned_1024_cross-core_unpaced,1,total,520.003,533.336,9
3,spsc_unaligned_1024_cross-core_unpaced,1,total,533.336,546.669,9
3,spsc_unaligned_1024_cross-core_unpaced,1,total,546.669,560.003,12
3,spsc_unaligned_1024_cross-core_unpaced,1,total,560.003,573.336,5
3,spsc_unaligned_1024_cross-core_unpaced,1,total,573.336,586.67,11
3,spsc_unaligned_1024_cross-core_unpaced,1,total,586.67,600.003,15
3,spsc_unaligned_1024_cross-core_unpaced,1,total,600.003,613.336,13
3,spsc_unaligned_1024_cross-core_unpaced,1,total,613.336,626.67,14
3,spsc_unaligned_1024_cross-core_unpaced,1,total,626.67,640.003,14
3,spsc_unaligned_1024_cross-core_unpaced,1,total,640.003,653.337,9
3,spsc_unaligned_1024_cross-core_unpaced,1,total,653.337,666.67,16
3,spsc_unaligned_1024_cross-core_unpaced,1,total,666.67,680.003,13
3,spsc_unaligned_1024_cross-core_unpaced,1,total,680.003,693.337,16
3,spsc_unaligned_1024_cross-core_unpaced,1,total,693.337,706.67,15
3,spsc_unaligned_1024_cross-core_unpaced,1,total,706.67,720.004,24
3,spsc_unaligned_1024_cross-core_unpaced,1,total,720.004,733.337,18
3,spsc_unaligned_1024_cross-core_unpaced,1,total,733.337,746.67,17
3,spsc_unaligned_1024_cross-core_unpaced,1,total,746.67,760.004,17
3,spsc_unaligned_1024_cross-core_unpaced,1,total,760.004,773.337,17
3,spsc_unaligned_1024_cross-core_unpaced,1,total,773.337,786.671,14
3,spsc_unaligned_1024_cross-core_unpaced,1,total,786.671,800.004,10
3,spsc_unaligned_1024_cross-core_unpaced,1,total,800.004,813.337,10
3,spsc_unaligned_1024_cross-core_unpaced,1,total,813.337,826.671,6
3,spsc_unaligned_1024_cross-core_unpaced,1,total,826.671,840.004,6
3,spsc_unaligned_1024_cross-core_unpaced,1,total,840.004,853.338,9
3,spsc_unaligned_1024_cross-core_unpaced,1,total,853.338,880.004,24
3,spsc_unaligned_1024_cross-core_unpaced,1,total,880.004,906.671,19
3,spsc_unaligned_1024_cross-core_unpaced,1,total,906.671,933.338,9
3,spsc_unaligned_1024_cross-core_unpaced,1,total,933.338,960.005,14
3,spsc_unaligned_1024_cross-core_unpaced,1,total,960.005,986.672,12
3,spsc_unaligned_1024_cross-core_unpaced,1,total,986.672,1013.34,14
3,spsc_unaligned_1024_cross-core_unpaced,1,total,1013.34,1040.01,10
3,spsc_unaligned_1024_cross-core_unpaced,1,total,1040.01,1066.67,6
3,spsc_unaligned_1024_cross-core_unpaced,1,total,1066.67,1093.34,2
3,spsc_unaligned_1024_cross-core_unpaced,1,total,1093.34,1120.01,6
3,spsc_unaligned_1024_cross-core_unpaced,1,total,1120.01,1146.67,7
3,spsc_unaligned_1024_cross-core_unpaced,1,total,1146.67,1173.34,2
3,spsc_unaligned_1024_cross-core_unpaced,1,total,1173.34,1200.01,1
3,spsc_unaligned_1024_cross-core_unpaced,1,total,1200.01,1226.67,5
3,spsc_unaligned_1024_cross-core_unpaced,1,total,1226.67,1253.34,2
3,spsc_unaligned_1024_cross-core_unpaced,1,total,1253.34,1280.01,4
3,spsc_unaligned_1024_cross-core_unpaced,1,total,1306.67,1333.34,1
3,spsc_unaligned_1024_cross-core_unpaced,1,total,1360.01,1386.67,1
3,spsc_unaligned_1024_cross-core_unpaced,1,total,1386.67,1413.34,1
3,spsc_unaligned_1024_cross-core_unpaced,1,total,1493.34,1520.01,1
3,spsc_unaligned_1024_cross-core_unpaced,1,total,1546.67,1573.34,1
3,spsc_unaligned_1024_cross-core_unpaced,1,total,1573.34,1600.01,1
3,spsc_unaligned_1024_cross-core_unpaced,1,total,1600.01,1626.67,1
3,spsc_unaligned_1024_cross-core_unpaced,1,total,1680.01,1706.68,1
3,spsc_unaligned_1024_cross-core_unpaced,1,total,1813.34,1866.68,1
3,spsc_unaligned_1024_cross-core_unpaced,1,total,1920.01,1973.34,1
3,spsc_unaligned_1024_cross-core_unpaced,1,total,2186.68,2240.01,1
3,spsc_unaligned_1024_cross-core_unpaced,1,total,2240.01,2293.34,1
3,spsc_unaligned_1024_cross-core_unpaced,1,total,2400.01,2453.35,3
3,spsc_unaligned_1024_cross-core_unpaced,1,total,2720.01,2773.35,2
3,spsc_unaligned_1024_cross-core_unpaced,1,total,2933.35,2986.68,1
3,spsc_unaligned_1024_cross-core_unpaced,1,total,2986.68,3040.02,1
3,spsc_unaligned_1024_cross-core_unpaced,1,total,3093.35,3146.68,1
3,spsc_unaligned_1024_cross-core_unpaced,1,total,3146.68,3200.02,1
3,spsc_unaligned_1024_cross-core_unpaced,1,total,3306.68,3360.02,1
3,spsc_unaligned_1024_cross-core_unpaced,1,total,3360.02,3413.35,1
3,spsc_unaligned_1024_cross-core_unpaced,1,total,3626.68,3733.35,1
3,spsc_unaligned_1024_cross-core_unpaced,1,total,3946.69,4053.35,1
3,spsc_unaligned_1024_cross-core_unpaced,1,total,4053.35,4160.02,1
3,spsc_unaligned_1024_cross-core_unpaced,1,total,4160.02,4266.69,1
3,spsc_unaligned_1024_cross-core_unpaced,1,total,4266.69,4373.36,1
3,spsc_unaligned_1024_cross-core_unpaced,1,total,4373.36,4480.02,1
3,spsc_unaligned_1024_cross-core_unpaced,1,total,4480.02,4586.69,1
3,spsc_unaligned_1024_cross-core_unpaced,1,total,4586.69,4693.36,1
3,spsc_unaligned_1024_cross-core_unpaced,1,total,4693.36,4800.02,1
3,spsc_unaligned_1024_cross-core_unpaced,1,total,4906.69,5013.36,1
3,spsc_unaligned_1024_cross-core_unpaced,1,total,5013.36,5120.03,1
3,spsc_unaligned_1024_cross-core_unpaced,1,total,5226.69,5333.36,1
3,spsc_unaligned_1024_cross-core_unpaced,1,total,5440.03,5546.69,1
3,spsc_unaligned_1024_cross-core_unpaced,1,total,5546.69,5653.36,1
3,spsc_unaligned_1024_cross-core_unpaced,1,total,5653.36,5760.03,1
3,spsc_unaligned_1024_cross-core_unpaced,1,total,5760.03,5866.7,1
3,spsc_unaligned_1024_cross-core_unpaced,1,total,5973.36,6080.03,1
3,spsc_unaligned_1024_cross-core_unpaced,1,total,6080.03,6186.7,1
3,spsc_unaligned_1024_cross-core_unpaced,1,total,6186.7,6293.36,1
3,spsc_unaligned_1024_cross-core_unpaced,1,total,6293.36,6400.03,1
3,spsc_unaligned_1024_cross-core_unpaced,1,total,6826.7,7040.04,1
3,spsc_unaligned_1024_cross-core_unpaced,1,total,7253.37,7466.7,2
3,spsc_unaligned_1024_cross-core_unpaced,1,total,7466.7,7680.04,1
3,spsc_unaligned_1024_cross-core_unpaced,1,total,7680.04,7893.37,2
3,spsc_unaligned_1024_cross-core_unpaced,1,total,7893.37,8106.71,1
3,spsc_unaligned_1024_cross-core_unpaced,1,total,8106.71,8320.04,3
3,spsc_unaligned_1024_cross-core_unpaced,1,total,8320.04,8533.38,3
3,spsc_unaligned_1024_cross-core_unpaced,1,total,8533.38,8746.71,4
3,spsc_unaligned_1024_cross-core_unpaced,1,total,8746.71,8960.04,1
3,spsc_unaligned_1024_cross-core_unpaced,1,total,8960.04,9173.38,2
3,spsc_unaligned_1024_cross-core_unpaced,1,total,9173.38,9386.71,2
3,spsc_unaligned_1024_cross-core_unpaced,1,total,9386.71,9600.05,3
3,spsc_unaligned_1024_cross-core_unpaced,1,total,9813.38,10026.7,2
3,spsc_unaligned_1024_cross-core_unpaced,1,total,10026.7,10240.1,2
3,spsc_unaligned_1024_cross-core_unpaced,1,total,10240.1,10453.4,2
3,spsc_unaligned_1024_cross-core_unpaced,1,total,10453.4,10666.7,1
3,spsc_unaligned_1024_cross-core_unpaced,1,total,10666.7,10880.1,2
3,spsc_unaligned_1024_cross-core_unpaced,1,total,10880.1,11093.4,1
3,spsc_unaligned_1024_cross-core_unpaced,1,total,11093.4,11306.7,2
3,spsc_unaligned_1024_cross-core_unpaced,1,total,11306.7,11520.1,3
3,spsc_unaligned_1024_cross-core_unpaced,1,total,11520.1,11733.4,2
3,spsc_unaligned_1024_cross-core_unpaced,1,total,11733.4,11946.7,4
3,spsc_unaligned_1024_cross-core_unpaced,1,total,11946.7,12160.1,3
3,spsc_unaligned_1024_cross-core_unpaced,1,total,12160.1,12373.4,2
3,spsc_unaligned_1024_cross-core_unpaced,1,total,12373.4,12586.7,4
3,spsc_unaligned_1024_cross-core_unpaced,1,total,12586.7,12800.1,2
3,spsc_unaligned_1024_cross-core_unpaced,1,total,12800.1,13013.4,2
3,spsc_unaligned_1024_cross-core_unpaced,1,total,13013.4,13226.7,1
3,spsc_unaligned_1024_cross-core_unpaced,1,total,13226.7,13440.1,3
3,spsc_unaligned_1024_cross-core_unpaced,1,total,13440.1,13653.4,1
3,spsc_unaligned_1024_cross-core_unpaced,1,total,13653.4,14080.1,2
3,spsc_unaligned_1024_cross-core_unpaced,1,total,14080.1,14506.7,6
3,spsc_unaligned_1024_cross-core_unpaced,1,total,14506.7,14933.4,2
3,spsc_unaligned_1024_cross-core_unpaced,1,total,14933.4,15360.1,7
3,spsc_unaligned_1024_cross-core_unpaced,1,total,15360.1,15786.7,5
3,spsc_unaligned_1024_cross-core_unpaced,1,total,15786.7,16213.4,5
3,spsc_unaligned_1024_cross-core_unpaced,1,total,16213.4,16640.1,3
3,spsc_unaligned_1024_cross-core_unpaced,1,total,16640.1,17066.8,4
3,spsc_unaligned_1024_cross-core_unpaced,1,total,17066.8,17493.4,2
3,spsc_unaligned_1024_cross-core_unpaced,1,total,17493.4,17920.1,8
3,spsc_unaligned_1024_cross-core_unpaced,1,total,17920.1,18346.8,3
3,spsc_unaligned_1024_cross-core_unpaced,1,total,18346.8,18773.4,4
3,spsc_unaligned_1024_cross-core_unpaced,1,total,19200.1,19626.8,3
3,spsc_unaligned_1024_cross-core_unpaced,1,total,19626.8,20053.4,10
3,spsc_unaligned_1024_cross-core_unpaced,1,total,20053.4,20480.1,8
3,spsc_unaligned_1024_cross-core_unpaced,1,total,20480.1,20906.8,5
3,spsc_unaligned_1024_cross-core_unpaced,1,total,20906.8,21333.4,7
3,spsc_unaligned_1024_cross-core_unpaced,1,total,21333.4,21760.1,2
3,spsc_unaligned_1024_cross-core_unpaced,1,total,21760.1,22186.8,6
3,spsc_unaligned_1024_cross-core_unpaced,1,total,22186.8,22613.4,3
3,spsc_unaligned_1024_cross-core_unpaced,1,total,22613.4,23040.1,4
3,spsc_unaligned_1024_cross-core_unpaced,1,total,23040.1,23466.8,5
3,spsc_unaligned_1024_cross-core_unpaced,1,total,23466.8,23893.5,7
3,spsc_unaligned_1024_cross-core_unpaced,1,total,23893.5,24320.1,6
3,spsc_unaligned_1024_cross-core_unpaced,1,total,24320.1,24746.8,4
3,spsc_unaligned_1024_cross-core_unpaced,1,total,24746.8,25173.5,5
3,spsc_unaligned_1024_cross-core_unpaced,1,total,25173.5,25600.1,5
3,spsc_unaligned_1024_cross-core_unpaced,1,total,25600.1,26026.8,9
3,spsc_unaligned_1024_cross-core_unpaced,1,total,26026.8,26453.5,4
3,spsc_unaligned_1024_cross-core_unpaced,1,total,26453.5,26880.1,7
3,spsc_unaligned_1024_cross-core_unpaced,1,total,26880.1,27306.8,9
3,spsc_unaligned_1024_cross-core_unpaced,1,total,27306.8,28160.1,5
3,spsc_unaligned_1024_cross-core_unpaced,1,total,28160.1,29013.5,9
3,spsc_unaligned_1024_cross-core_unpaced,1,total,29013.5,29866.8,8
3,spsc_unaligned_1024_cross-core_unpaced,1,total,29866.8,30720.2,9
3,spsc_unaligned_1024_cross-core_unpaced,1,total,30720.2,31573.5,9
3,spsc_unaligned_1024_cross-core_unpaced,1,total,31573.5,32426.8,11
3,spsc_unaligned_1024_cross-core_unpaced,1,total,32426.8,33280.2,20
3,spsc_unaligned_1024_cross-core_unpaced,1,total,33280.2,34133.5,20
3,spsc_unaligned_1024_cross-core_unpaced,1,total,34133.5,34986.8,19
3,spsc_unaligned_1024_cross-core_unpaced,1,total,34986.8,35840.2,11
3,spsc_unaligned_1024_cross-core_unpaced,1,total,35840.2,36693.5,12
3,spsc_unaligned_1024_cross-core_unpaced,1,total,36693.5,37546.9,18
3,spsc_unaligned_1024_cross-core_unpaced,1,total,37546.9,38400.2,19
3,spsc_unaligned_1024_cross-core_unpaced,1,total,38400.2,39253.5,17
3,spsc_unaligned_1024_cross-core_unpaced,1,total,39253.5,40106.9,12
3,spsc_unaligned_1024_cross-core_unpaced,1,total,40106.9,40960.2,25
3,spsc_unaligned_1024_cross-core_unpaced,1,total,40960.2,41813.5,18
3,spsc_unaligned_1024_cross-core_unpaced,1,total,41813.5,42666.9,15
3,spsc_unaligned_1024_cross-core_unpaced,1,total,42666.9,43520.2,20
3,spsc_unaligned_1024_cross-core_unpaced,1,total,43520.2,44373.6,14
3,spsc_unaligned_1024_cross-core_unpaced,1,total,44373.6,45226.9,15
3,spsc_unaligned_1024_cross-core_unpaced,1,total,45226.9,46080.2,24
3,spsc_unaligned_1024_cross-core_unpaced,1,total,46080.2,46933.6,24
3,spsc_unaligned_1024_cross-core_unpaced,1,total,46933.6,47786.9,10
3,spsc_unaligned_1024_cross-core_unpaced,1,total,47786.9,48640.2,14
3,spsc_unaligned_1024_cross-core_unpaced,1,total,48640.2,49493.6,19
3,spsc_unaligned_1024_cross-core_unpaced,1,total,49493.6,50346.9,19
3,spsc_unaligned_1024_cross-core_unpaced,1,total,50346.9,51200.3,16
3,spsc_unaligned_1024_cross-core_unpaced,1,total,51200.3,52053.6,13
3,spsc_unaligned_1024_cross-core_unpaced,1,total,52053.6,52906.9,15
3,spsc_unaligned_1024_cross-core_unpaced,1,total,52906.9,53760.3,18
3,spsc_unaligned_1024_cross-core_unpaced,1,total,53760.3,54613.6,15
3,spsc_unaligned_1024_cross-core_unpaced,1,total,54613.6,56320.3,41
3,spsc_unaligned_1024_cross-core_unpaced,1,total,56320.3,58027,38
3,spsc_unaligned_1024_cross-core_unpaced,1,total,58027,59733.6,49
3,spsc_unaligned_1024_cross-core_unpaced,1,total,59733.6,61440.3,35
3,spsc_unaligned_1024_cross-core_unpaced,1,total,61440.3,63147,38
3,spsc_unaligned_1024_cross-core_unpaced,1,total,63147,64853.7,40
3,spsc_unaligned_1024_cross-core_unpaced,1,total,64853.7,66560.3,50
3,spsc_unaligned_1024_cross-core_unpaced,1,total,66560.3,68267,53
3,spsc_unaligned_1024_cross-core_unpaced,1,total,68267,69973.7,43
3,spsc_unaligned_1024_cross-core_unpaced,1,total,69973.7,71680.4,42
3,spsc_unaligned_1024_cross-core_unpaced,1,total,71680.4,73387,43
3,spsc_unaligned_1024_cross-core_unpaced,1,total,73387,75093.7,50
3,spsc_unaligned_1024_cross-core_unpaced,1,total,75093.7,76800.4,42
3,spsc_unaligned_1024_cross-core_unpaced,1,total,76800.4,78507.1,45
3,spsc_unaligned_1024_cross-core_unpaced,1,total,78507.1,80213.7,43
3,spsc_unaligned_1024_cross-core_unpaced,1,total,80213.7,81920.4,40
3,spsc_unaligned_1024_cross-core_unpaced,1,total,81920.4,83627.1,45
3,spsc_unaligned_1024_cross-core_unpaced,1,total,83627.1,85333.8,48
3,spsc_unaligned_1024_cross-core_unpaced,1,total,85333.8,87040.4,41
3,spsc_unaligned_1024_cross-core_unpaced,1,total,87040.4,88747.1,69
3,spsc_unaligned_1024_cross-core_unpaced,1,total,88747.1,90453.8,45
3,spsc_unaligned_1024_cross-core_unpaced,1,total,90453.8,92160.5,66
3,spsc_unaligned_1024_cross-core_unpaced,1,total,92160.5,93867.1,59
3,spsc_unaligned_1024_cross-core_unpaced,1,total,93867.1,95573.8,81
3,spsc_unaligned_1024_cross-core_unpaced,1,total,95573.8,97280.5,68
3,spsc_unaligned_1024_cross-core_unpaced,1,total,97280.5,98987.2,74
3,spsc_unaligned_1024_cross-core_unpaced,1,total,98987.2,100694,75
3,spsc_unaligned_1024_cross-core_unpaced,1,total,100694,102401,48
3,spsc_unaligned_1024_cross-core_unpaced,1,total,102401,104107,69
3,spsc_unaligned_1024_cross-core_unpaced,1,total,104107,105814,49
3,spsc_unaligned_1024_cross-core_unpaced,1,total,105814,107521,58
3,spsc_unaligned_1024_cross-core_unpaced,1,total,107521,109227,77
3,spsc_unaligned_1024_cross-core_unpaced,1,total,109227,112641,135
3,spsc_unaligned_1024_cross-core_unpaced,1,total,112641,116054,150
3,spsc_unaligned_1024_cross-core_unpaced,1,total,116054,119467,107
3,spsc_unaligned_1024_cross-core_unpaced,1,total,119467,122881,148
3,spsc_unaligned_1024_cross-core_unpaced,1,total,122881,126294,197
3,spsc_unaligned_1024_cross-core_unpaced,1,total,126294,129707,146
3,spsc_unaligned_1024_cross-core_unpaced,1,total,129707,133121,189
3,spsc_unaligned_1024_cross-core_unpaced,1,total,133121,136534,215
3,spsc_unaligned_1024_cross-core_unpaced,1,total,136534,139947,158
3,spsc_unaligned_1024_cross-core_unpaced,1,total,139947,143361,155
3,spsc_unaligned_1024_cross-core_unpaced,1,total,143361,146774,236
3,spsc_unaligned_1024_cross-core_unpaced,1,total,146774,150187,214
3,spsc_unaligned_1024_cross-core_unpaced,1,total,150187,153601,216
3,spsc_unaligned_1024_cross-core_unpaced,1,total,153601,157014,276
3,spsc_unaligned_1024_cross-core_unpaced,1,total,157014,160427,344
3,spsc_unaligned_1024_cross-core_unpaced,1,total,160427,163841,614
3,spsc_unaligned_1024_cross-core_unpaced,1,total,163841,167254,2020
3,spsc_unaligned_1024_cross-core_unpaced,1,total,167254,170668,6892
3,spsc_unaligned_1024_cross-core_unpaced,1,total,170668,174081,17558
3,spsc_unaligned_1024_cross-core_unpaced,1,total,174081,177494,28551
3,spsc_unaligned_1024_cross-core_unpaced,1,total,177494,180908,42082
3,spsc_unaligned_1024_cross-core_unpaced,1,total,180908,184321,52248
3,spsc_unaligned_1024_cross-core_unpaced,1,total,184321,187734,45165
3,spsc_unaligned_1024_cross-core_unpaced,1,total,187734,191148,33354
3,spsc_unaligned_1024_cross-core_unpaced,1,total,191148,194561,23651
3,spsc_unaligned_1024_cross-core_unpaced,1,total,194561,197974,16189
3,spsc_unaligned_1024_cross-core_unpaced,1,total,197974,201388,10402
3,spsc_unaligned_1024_cross-core_unpaced,1,total,201388,204801,7704
3,spsc_unaligned_1024_cross-core_unpaced,1,total,204801,208214,7474
3,spsc_unaligned_1024_cross-core_unpaced,1,total,208214,211628,10027
3,spsc_unaligned_1024_cross-core_unpaced,1,total,211628,215041,13697
3,spsc_unaligned_1024_cross-core_unpaced,1,total,215041,218454,18331
3,spsc_unaligned_1024_cross-core_unpaced,1,total,218454,225281,61638
3,spsc_unaligned_1024_cross-core_unpaced,1,total,225281,232108,113797
3,spsc_unaligned_1024_cross-core_unpaced,1,total,232108,238935,195013
3,spsc_unaligned_1024_cross-core_unpaced,1,total,238935,245761,280832
3,spsc_unaligned_1024_cross-core_unpaced,1,total,245761,252588,341771
3,spsc_unaligned_1024_cross-core_unpaced,1,total,252588,259415,335215
3,spsc_unaligned_1024_cross-core_unpaced,1,total,259415,266241,278797
3,spsc_unaligned_1024_cross-core_unpaced,1,total,266241,273068,195566
3,spsc_unaligned_1024_cross-core_unpaced,1,total,273068,279895,110183
3,spsc_unaligned_1024_cross-core_unpaced,1,total,279895,286721,54792
3,spsc_unaligned_1024_cross-core_unpaced,1,total,286721,293548,26365
3,spsc_unaligned_1024_cross-core_unpaced,1,total,293548,300375,13150
3,spsc_unaligned_1024_cross-core_unpaced,1,total,300375,307202,7886
3,spsc_unaligned_1024_cross-core_unpaced,1,total,307202,314028,4929
3,spsc_unaligned_1024_cross-core_unpaced,1,total,314028,320855,3064
3,spsc_unaligned_1024_cross-core_unpaced,1,total,320855,327682,2232
3,spsc_unaligned_1024_cross-core_unpaced,1,total,327682,334508,1613
3,spsc_unaligned_1024_cross-core_unpaced,1,total,334508,341335,1120
3,spsc_unaligned_1024_cross-core_unpaced,1,total,341335,348162,1044
3,spsc_unaligned_1024_cross-core_unpaced,1,total,348162,354988,697
3,spsc_unaligned_1024_cross-core_unpaced,1,total,354988,361815,905
3,spsc_unaligned_1024_cross-core_unpaced,1,total,361815,368642,639
3,spsc_unaligned_1024_cross-core_unpaced,1,total,368642,375469,743
3,spsc_unaligned_1024_cross-core_unpaced,1,total,375469,382295,1064
3,spsc_unaligned_1024_cross-core_unpaced,1,total,382295,389122,1489
3,spsc_unaligned_1024_cross-core_unpaced,1,total,389122,395949,1647
3,spsc_unaligned_1024_cross-core_unpaced,1,total,395949,402775,1462
3,spsc_unaligned_1024_cross-core_unpaced,1,total,402775,409602,798
3,spsc_unaligned_1024_cross-core_unpaced,1,total,409602,416429,312
3,spsc_unaligned_1024_cross-core_unpaced,1,total,416429,423255,200
3,spsc_unaligned_1024_cross-core_unpaced,1,total,423255,430082,206
3,spsc_unaligned_1024_cross-core_unpaced,1,total,430082,436909,62
3,spsc_unaligned_1024_cross-core_unpaced,1,total,436909,450562,55
3,spsc_unaligned_1024_cross-core_unpaced,1,total,450562,464216,63
3,spsc_unaligned_1024_cross-core_unpaced,1,total,464216,477869,70
3,spsc_unaligned_1024_cross-core_unpaced,1,total,477869,491522,26
3,spsc_unaligned_1024_cross-core_unpaced,1,total,491522,505176,38
3,spsc_unaligned_1024_cross-core_unpaced,1,total,505176,518829,31
3,spsc_unaligned_1024_cross-core_unpaced,1,total,518829,532483,13
3,spsc_unaligned_1024_cross-core_unpaced,1,total,532483,546136,57
3,spsc_unaligned_1024_cross-core_unpaced,1,total,546136,559789,51
3,spsc_unaligned_1024_cross-core_unpaced,1,total,559789,573443,25
3,spsc_unaligned_1024_cross-core_unpaced,1,total,573443,587096,20
3,spsc_unaligned_1024_cross-core_unpaced,1,total,587096,600750,24
3,spsc_unaligned_1024_cross-core_unpaced,1,total,600750,614403,28
3,spsc_unaligned_1024_cross-core_unpaced,1,total,614403,628056,45
3,spsc_unaligned_1024_cross-core_unpaced,1,total,628056,641710,44
3,spsc_unaligned_1024_cross-core_unpaced,1,total,641710,655363,4
3,spsc_unaligned_1024_cross-core_unpaced,1,total,655363,669017,11
3,spsc_unaligned_1024_cross-core_unpaced,1,total,669017,682670,5
3,spsc_unaligned_1024_cross-core_unpaced,1,total,682670,696323,6
3,spsc_unaligned_1024_cross-core_unpaced,1,total,696323,709977,7
3,spsc_unaligned_1024_cross-core_unpaced,1,total,709977,723630,3
3,spsc_unaligned_1024_cross-core_unpaced,1,total,723630,737284,6
3,spsc_unaligned_1024_cross-core_unpaced,1,total,737284,750937,1
3,spsc_unaligned_1024_cross-core_unpaced,1,total,778244,791897,2
3,spsc_unaligned_1024_cross-core_unpaced,1,total,791897,805551,3
3,spsc_unaligned_1024_cross-core_unpaced,1,total,819204,832857,4
3,spsc_unaligned_1024_cross-core_unpaced,1,total,846511,860164,3
3,spsc_unaligned_1024_cross-core_unpaced,1,total,873818,901125,2
3,spsc_unaligned_1024_cross-core_unpaced,1,total,901125,928431,8
3,spsc_unaligned_1024_cross-core_unpaced,1,total,928431,955738,1
3,spsc_unaligned_1024_cross-core_unpaced,1,total,955738,983045,3
3,spsc_unaligned_1024_cross-core_unpaced,1,total,983045,1.01035e+06,1
3,spsc_unaligned_1024_cross-core_unpaced,1,total,1.01035e+06,1.03766e+06,12
3,spsc_unaligned_1024_cross-core_unpaced,1,total,1.03766e+06,1.06497e+06,2
3,spsc_unaligned_1024_cross-core_unpaced,1,total,1.06497e+06,1.09227e+06,3
3,spsc_unaligned_1024_cross-core_unpaced,1,total,1.09227e+06,1.11958e+06,2
3,spsc_unaligned_1024_cross-core_unpaced,1,total,1.11958e+06,1.14689e+06,9
3,spsc_unaligned_1024_cross-core_unpaced,1,total,1.17419e+06,1.2015e+06,6
3,spsc_unaligned_1024_cross-core_unpaced,1,queue,183.334,186.668,1
3,spsc_unaligned_1024_cross-core_unpaced,1,queue,233.335,240.001,1
3,spsc_unaligned_1024_cross-core_unpaced,1,queue,246.668,253.335,2
3,spsc_unaligned_1024_cross-core_unpaced,1,queue,260.001,266.668,1
3,spsc_unaligned_1024_cross-core_unpaced,1,queue,266.668,273.335,1
3,spsc_unaligned_1024_cross-core_unpaced,1,queue,273.335,280.001,2
3,spsc_unaligned_1024_cross-core_unpaced,1,queue,280.001,286.668,1
3,spsc_unaligned_1024_cross-core_unpaced,1,queue,286.668,293.335,2
3,spsc_unaligned_1024_cross-core_unpaced,1,queue,293.335,300.002,2
3,spsc_unaligned_1024_cross-core_unpaced,1,queue,306.668,313.335,1
3,spsc_unaligned_1024_cross-core_unpaced,1,queue,326.668,333.335,1
3,spsc_unaligned_1024_cross-core_unpaced,1,queue,333.335,340.002,2
3,spsc_unaligned_1024_cross-core_unpaced,1,queue,340.002,346.668,2
3,spsc_unaligned_1024_cross-core_unpaced,1,queue,353.335,360.002,2
3,spsc_unaligned_1024_cross-core_unpaced,1,queue,360.002,366.669,3
3,spsc_unaligned_1024_cross-core_unpaced,1,queue,366.669,373.335,2
3,spsc_unaligned_1024_cross-core_unpaced,1,queue,373.335,380.002,4
3,spsc_unaligned_1024_cross-core_unpaced,1,queue,380.002,386.669,2
3,spsc_unaligned_1024_cross-core_unpaced,1,queue,386.669,393.335,2
3,spsc_unaligned_1024_cross-core_unpaced,1,queue,393.335,400.002,4
3,spsc_unaligned_1024_cross-core_unpaced,1,queue,400.002,406.669,6
3,spsc_unaligned_1024_cross-core_unpaced,1,queue,406.669,413.335,1
3,spsc_unaligned_1024_cross-core_unpaced,1,queue,413.335,420.002,2
3,spsc_unaligned_1024_cross-core_unpaced,1,queue,420.002,426.669,3
3,spsc_unaligned_1024_cross-core_unpaced,1,queue,426.669,440.002,9
3,spsc_unaligned_1024_cross-core_unpaced,1,queue,440.002,453.336,9
3,spsc_unaligned_1024_cross-core_unpaced,1,queue,453.336,466.669,6
3,spsc_unaligned_1024_cross-core_unpaced,1,queue,466.669,480.002,12
3,spsc_unaligned_1024_cross-core_unpaced,1,queue,480.002,493.336,14
3,spsc_unaligned_1024_cross-core_unpaced,1,queue,493.336,506.669,10
3,spsc_unaligned_1024_cross-core_unpaced,1,queue,506.669,520.003,12
3,spsc_unaligned_1024_cross-core_unpaced,1,queue,520.003,533.336,7
3,spsc_unaligned_1024_cross-core_unpaced,1,queue,533.336,546.669,18
3,spsc_unaligned_1024_cross-core_unpaced,1,queue,546.669,560.003,9
3,spsc_unaligned_1024_cross-core_unpaced,1,queue,560.003,573.336,9
3,spsc_unaligned_1024_cross-core_unpaced,1,queue,573.336,586.67,20
3,spsc_unaligned_1024_cross-core_unpaced,1,queue,586.67,600.003,16
3,spsc_unaligned_1024_cross-core_unpaced,1,queue,600.003,613.336,15
3,spsc_unaligned_1024_cross-core_unpaced,1,queue,613.336,626.67,17
3,spsc_unaligned_1024_cross-core_unpaced,1,queue,626.67,640.003,10
3,spsc_unaligned_1024_cross-core_unpaced,1,queue,640.003,653.337,11
3,spsc_unaligned_1024_cross-core_unpaced,1,queue,653.337,666.67,12
3,spsc_unaligned_1024_cross-core_unpaced,1,queue,666.67,680.003,18
3,spsc_unaligned_1024_cross-core_unpaced,1,queue,680.003,693.337,13
3,spsc_unaligned_1024_cross-core_unpaced,1,queue,693.337,706.67,18
3,spsc_unaligned_1024_cross-core_unpaced,1,queue,706.67,720.004,13
3,spsc_unaligned_1024_cross-core_unpaced,1,queue,720.004,733.337,16
3,spsc_unaligned_1024_cross-core_unpaced,1,queue,733.337,746.67,17
3,spsc_unaligned_1024_cross-core_unpaced,1,queue,746.67,760.004,15
3,spsc_unaligned_1024_cross-core_unpaced,1,queue,760.004,773.337,10
3,spsc_unaligned_1024_cross-core_unpaced,1,queue,773.337,786.671,8
3,spsc_unaligned_1024_cross-core_unpaced,1,queue,786.671,800.004,7
3,spsc_unaligned_1024_cross-core_unpaced,1,queue,800.004,813.337,4
3,spsc_unaligned_1024_cross-core_unpaced,1,queue,813.337,826.671,4
3,spsc_unaligned_1024_cross-core_unpaced,1,queue,826.671,840.004,10
3,spsc_unaligned_1024_cross-core_unpaced,1,queue,840.004,853.338,8
3,spsc_unaligned_1024_cross-core_unpaced,1,queue,853.338,880.004,18
3,spsc_unaligned_1024_cross-core_unpaced,1,queue,880.004,906.671,18
3,spsc_unaligned_1024_cross-core_unpaced,1,queue,906.671,933.338,16
3,spsc_unaligned_1024_cross-core_unpaced,1,queue,933.338,960.005,8
3,spsc_unaligned_1024_cross-core_unpaced,1,queue,960.005,986.672,16
3,spsc_unaligned_1024_cross-core_unpaced,1,queue,986.672,1013.34,13
3,spsc_unaligned_1024_cross-core_unpaced,1,queue,1013.34,1040.01,7
3,spsc_unaligned_1024_cross-core_unpaced,1,queue,1040.01,1066.67,3
3,spsc_unaligned_1024_cross-core_unpaced,1,queue,1066.67,1093.34,4
3,spsc_unaligned_1024_cross-core_unpaced,1,queue,1093.34,1120.01,5
3,spsc_unaligned_1024_cross-core_unpaced,1,queue,1120.01,1146.67,4
3,spsc_unaligned_1024_cross-core_unpaced,1,queue,1173.34,1200.01,4
3,spsc_unaligned_1024_cross-core_unpaced,1,queue,1200.01,1226.67,1
3,spsc_unaligned_1024_cross-core_unpaced,1,queue,1226.67,1253.34,1
3,spsc_unaligned_1024_cross-core_unpaced,1,queue,1253.34,1280.01,1
3,spsc_unaligned_1024_cross-core_unpaced,1,queue,1280.01,1306.67,1
3,spsc_unaligned_1024_cross-core_unpaced,1,queue,1386.67,1413.34,2
3,spsc_unaligned_1024_cross-core_unpaced,1,queue,1440.01,1466.67,1
3,spsc_unaligned_1024_cross-core_unpaced,1,queue,1520.01,1546.67,1
3,spsc_unaligned_1024_cross-core_unpaced,1,queue,1546.67,1573.34,1
3,spsc_unaligned_1024_cross-core_unpaced,1,queue,1680.01,1706.68,2
3,spsc_unaligned_1024_cross-core_unpaced,1,queue,1866.68,1920.01,1
3,spsc_unaligned_1024_cross-core_unpaced,1,queue,2080.01,2133.34,1
3,spsc_unaligned_1024_cross-core_unpaced,1,queue,2133.34,2186.68,1
3,spsc_unaligned_1024_cross-core_unpaced,1,queue,2186.68,2240.01,1
3,spsc_unaligned_1024_cross-core_unpaced,1,queue,2293.34,2346.68,1
3,spsc_unaligned_1024_cross-core_unpaced,1,queue,2346.68,2400.01,1
3,spsc_unaligned_1024_cross-core_unpaced,1,queue,2506.68,2560.01,1
3,spsc_unaligned_1024_cross-core_unpaced,1,queue,2613.35,2666.68,1
3,spsc_unaligned_1024_cross-core_unpaced,1,queue,2826.68,2880.01,2
3,spsc_unaligned_1024_cross-core_unpaced,1,queue,2986.68,3040.02,1
3,spsc_unaligned_1024_cross-core_unpaced,1,queue,3093.35,3146.68,1
3,spsc_unaligned_1024_cross-core_unpaced,1,queue,3146.68,3200.02,1
3,spsc_unaligned_1024_cross-core_unpaced,1,queue,3253.35,3306.68,1
3,spsc_unaligned_1024_cross-core_unpaced,1,queue,3520.02,3626.68,1
3,spsc_unaligned_1024_cross-core_unpaced,1,queue,3946.69,4053.35,1
3,spsc_unaligned_1024_cross-core_unpaced,1,queue,4053.35,4160.02,2
3,spsc_unaligned_1024_cross-core_unpaced,1,queue,4160.02,4266.69,1
3,spsc_unaligned_1024_cross-core_unpaced,1,queue,4266.69,4373.36,1
3,spsc_unaligned_1024_cross-core_unpaced,1,queue,4480.02,4586.69,2
3,spsc_unaligned_1024_cross-core_unpaced,1,queue,4586.69,4693.36,1
3,spsc_unaligned_1024_cross-core_unpaced,1,queue,4800.02,4906.69,2
3,spsc_unaligned_1024_cross-core_unpaced,1,queue,5013.36,5120.03,1
3,spsc_unaligned_1024_cross-core_unpaced,1,queue,5120.03,5226.69,1
3,spsc_unaligned_1024_cross-core_unpaced,1,queue,5333.36,5440.03,1
3,spsc_unaligned_1024_cross-core_unpaced,1,queue,5440.03,5546.69,1
3,spsc_unaligned_1024_cross-core_unpaced,1,queue,5653.36,5760.03,1
3,spsc_unaligned_1024_cross-core_unpaced,1,queue,5866.7,5973.36,1
3,spsc_unaligned_1024_cross-core_unpaced,1,queue,5973.36,6080.03,2
3,spsc_unaligned_1024_cross-core_unpaced,1,queue,6080.03,6186.7,1
3,spsc_unaligned_1024_cross-core_unpaced,1,queue,6826.7,7040.04,2
3,spsc_unaligned_1024_cross-core_unpaced,1,queue,7040.04,7253.37,1
3,spsc_unaligned_1024_cross-core_unpaced,1,queue,7253.37,7466.7,1
3,spsc_unaligned_1024_cross-core_unpaced,1,queue,7466.7,7680.04,1
3,spsc_unaligned_1024_cross-core_unpaced,1,queue,7680.04,7893.37,2
3,spsc_unaligned_1024_cross-core_unpaced,1,queue,7893.37,8106.71,1
3,spsc_unaligned_1024_cross-core_unpaced,1,queue,8106.71,8320.04,5
3,spsc_unaligned_1024_cross-core_unpaced,1,queue,8320.04,8533.38,4
3,spsc_unaligned_1024_cross-core_unpaced,1,queue,8533.38,8746.71,1
3,spsc_unaligned_1024_cross-core_unpaced,1,queue,8746.71,8960.04,1
3,spsc_unaligned_1024_cross-core_unpaced,1,queue,8960.04,9173.38,3
3,spsc_unaligned_1024_cross-core_unpaced,1,queue,9173.38,9386.71,3
3,spsc_unaligned_1024_cross-core_unpaced,1,queue,9813.38,10026.7,4
3,spsc_unaligned_1024_cross-core_unpaced,1,queue,10026.7,10240.1,2
3,spsc_unaligned_1024_cross-core_unpaced,1,queue,10240.1,10453.4,1
3,spsc_unaligned_1024_cross-core_unpaced,1,queue,10453.4,10666.7,1
3,spsc_unaligned_1024_cross-core_unpaced,1,queue,10666.7,10880.1,1
3,spsc_unaligned_1024_cross-core_unpaced,1,queue,10880.1,11093.4,4
3,spsc_unaligned_1024_cross-core_unpaced,1,queue,11093.4,11306.7,1
3,spsc_unaligned_1024_cross-core_unpaced,1,queue,11306.7,11520.1,4
3,spsc_unaligned_1024_cross-core_unpaced,1,queue,11520.1,11733.4,3
3,spsc_unaligned_1024_cross-core_unpaced,1,queue,11733.4,11946.7,2
3,spsc_unaligned_1024_cross-core_unpaced,1,queue,11946.7,12160.1,3
3,spsc_unaligned_1024_cross-core_unpaced,1,queue,12160.1,12373.4,3
3,spsc_unaligned_1024_cross-core_unpaced,1,queue,12373.4,12586.7,2
3,spsc_unaligned_1024_cross-core_unpaced,1,queue,12586.7,12800.1,2
3,spsc_unaligned_1024_cross-core_unpaced,1,queue,12800.1,13013.4,2
3,spsc_unaligned_1024_cross-core_unpaced,1,queue,13013.4,13226.7,4
3,spsc_unaligned_1024_cross-core_unpaced,1,queue,13653.4,14080.1,2
3,spsc_unaligned_1024_cross-core_unpaced,1,queue,14080.1,14506.7,8
3,spsc_unaligned_1024_cross-core_unpaced,1,queue,14506.7,14933.4,3
3,spsc_unaligned_1024_cross-core_unpaced,1,queue,14933.4,15360.1,4
3,spsc_unaligned_1024_cross-core_unpaced,1,queue,15360.1,15786.7,7
3,spsc_unaligned_1024_cross-core_unpaced,1,queue,15786.7,16213.4,5
3,spsc_unaligned_1024_cross-core_unpaced,1,queue,16213.4,16640.1,3
3,spsc_unaligned_1024_cross-core_unpaced,1,queue,16640.1,17066.8,3
3,spsc_unaligned_1024_cross-core_unpaced,1,queue,17066.8,17493.4,4
3,spsc_unaligned_1024_cross-core_unpaced,1,queue,17493.4,17920.1,6
3,spsc_unaligned_1024_cross-core_unpaced,1,queue,17920.1,18346.8,3
3,spsc_unaligned_1024_cross-core_unpaced,1,queue,18346.8,18773.4,2
3,spsc_unaligned_1024_cross-core_unpaced,1,queue,18773.4,19200.1,2
3,spsc_unaligned_1024_cross-core_unpaced,1,queue,19200.1,19626.8,6
3,spsc_unaligned_1024_cross-core_unpaced,1,queue,19626.8,20053.4,11
3,spsc_unaligned_1024_cross-core_unpaced,1,queue,20053.4,20480.1,2
3,spsc_unaligned_1024_cross-core_unpaced,1,queue,20480.1,20906.8,7
3,spsc_unaligned_1024_cross-core_unpaced,1,queue,20906.8,21333.4,5
3,spsc_unaligned_1024_cross-core_unpaced,1,queue,21333.4,21760.1,5
3,spsc_unaligned_1024_cross-core_unpaced,1,queue,21760.1,22186.8,5
3,spsc_unaligned_1024_cross-core_unpaced,1,queue,22186.8,22613.4,3
3,spsc_unaligned_1024_cross-core_unpaced,1,queue,22613.4,23040.1,3
3,spsc_unaligned_1024_cross-core_unpaced,1,queue,23040.1,23466.8,8
3,spsc_unaligned_1024_cross-core_unpaced,1,queue,23466.8,23893.5,5
3,spsc_unaligned_1024_cross-core_unpaced,1,queue,23893.5,24320.1,6
3,spsc_unaligned_1024_cross-core_unpaced,1,queue,24320.1,24746.8,4
3,spsc_unaligned_1024_cross-core_unpaced,1,queue,24746.8,25173.5,3
3,spsc_unaligned_1024_cross-core_unpaced,1,queue,25173.5,25600.1,8
3,spsc_unaligned_1024_cross-core_unpaced,1,queue,25600.1,26026.8,8
3,spsc_unaligned_1024_cross-core_unpaced,1,queue,26026.8,26453.5,6
3,spsc_unaligned_1024_cross-core_unpaced,1,queue,26453.5,26880.1,6
3,spsc_unaligned_1024_cross-core_unpaced,1,queue,26880.1,27306.8,6
3,spsc_unaligned_1024_cross-core_unpaced,1,queue,27306.8,28160.1,7
3,spsc_unaligned_1024_cross-core_unpaced,1,queue,28160.1,29013.5,10
3,spsc_unaligned_1024_cross-core_unpaced,1,queue,29013.5,29866.8,9
3,spsc_unaligned_1024_cross-core_unpaced,1,queue,29866.8,30720.2,5
3,spsc_unaligned_1024_cross-core_unpaced,1,queue,30720.2,31573.5,12
3,spsc_unaligned_1024_cross-core_unpaced,1,queue,31573.5,32426.8,13
3,spsc_unaligned_1024_cross-core_unpaced,1,queue,32426.8,33280.2,18
3,spsc_unaligned_1024_cross-core_unpaced,1,queue,33280.2,34133.5,22
3,spsc_unaligned_1024_cross-core_unpaced,1,queue,34133.5,34986.8,17
3,spsc_unaligned_1024_cross-core_unpaced,1,queue,34986.8,35840.2,11
3,spsc_unaligned_1024_cross-core_unpaced,1,queue,35840.2,36693.5,11
3,spsc_unaligned_1024_cross-core_unpaced,1,queue,36693.5,37546.9,21
3,spsc_unaligned_1024_cross-core_unpaced,1,queue,37546.9,38400.2,17
3,spsc_unaligned_1024_cross-core_unpaced,1,queue,38400.2,39253.5,17
3,spsc_unaligned_1024_cross-core_unpaced,1,queue,39253.5,40106.9,11
3,spsc_unaligned_1024_cross-core_unpaced,1,queue,40106.9,40960.2,30
3,spsc_unaligned_1024_cross-core_unpaced,1,queue,40960.2,41813.5,15
3,spsc_unaligned_1024_cross-core_unpaced,1,queue,41813.5,42666.9,15
3,spsc_unaligned_1024_cross-core_unpaced,1,queue,42666.9,43520.2,20
3,spsc_unaligned_1024_cross-core_unpaced,1,queue,43520.2,44373.6,12
3,spsc_unaligned_1024_cross-core_unpaced,1,queue,44373.6,45226.9,16
3,spsc_unaligned_1024_cross-core_unpaced,1,queue,45226.9,46080.2,24
3,spsc_unaligned_1024_cross-core_unpaced,1,queue,46080.2,46933.6,23
3,spsc_unaligned_1024_cross-core_unpaced,1,queue,46933.6,47786.9,11
3,spsc_unaligned_1024_cross-core_unpaced,1,queue,47786.9,48640.2,18
3,spsc_unaligned_1024_cross-core_unpaced,1,queue,48640.2,49493.6,14
3,spsc_unaligned_1024_cross-core_unpaced,1,queue,49493.6,50346.9,21
3,spsc_unaligned_1024_cross-core_unpaced,1,queue,50346.9,51200.3,14
3,spsc_unaligned_1024_cross-core_unpaced,1,queue,51200.3,52053.6,14
3,spsc_unaligned_1024_cross-core_unpaced,1,queue,52053.6,52906.9,13
3,spsc_unaligned_1024_cross-core_unpaced,1,queue,52906.9,53760.3,21
3,spsc_unaligned_1024_cross-core_unpaced,1,queue,53760.3,54613.6,17
3,spsc_unaligned_1024_cross-core_unpaced,1,queue,54613.6,56320.3,37
3,spsc_unaligned_1024_cross-core_unpaced,1,queue,56320.3,58027,39
3,spsc_unaligned_1024_cross-core_unpaced,1,queue,58027,59733.6,50
3,spsc_unaligned_1024_cross-core_unpaced,1,queue,59733.6,61440.3,37
3,spsc_unaligned_1024_cross-core_unpaced,1,queue,61440.3,63147,37
3,spsc_unaligned_1024_cross-core_unpaced,1,queue,63147,64853.7,39
3,spsc_unaligned_1024_cross-core_unpaced,1,queue,64853.7,66560.3,51
3,spsc_unaligned_1024_cross-core_unpaced,1,queue,66560.3,68267,49
3,spsc_unaligned_1024_cross-core_unpaced,1,queue,68267,69973.7,44
3,spsc_unaligned_1024_cross-core_unpaced,1,queue,69973.7,71680.4,46
3,spsc_unaligned_1024_cross-core_unpaced,1,queue,71680.4,73387,43
3,spsc_unaligned_1024_cross-core_unpaced,1,queue,73387,75093.7,47
3,spsc_unaligned_1024_cross-core_unpaced,1,queue,75093.7,76800.4,44
3,spsc_unaligned_1024_cross-core_unpaced,1,queue,76800.4,78507.1,47
3,spsc_unaligned_1024_cross-core_unpaced,1,queue,78507.1,80213.7,40
3,spsc_unaligned_1024_cross-core_unpaced,1,queue,80213.7,81920.4,42
3,spsc_unaligned_1024_cross-core_unpaced,1,queue,81920.4,83627.1,44
3,spsc_unaligned_1024_cross-core_unpaced,1,queue,83627.1,85333.8,48
3,spsc_unaligned_1024_cross-core_unpaced,1,queue,85333.8,87040.4,43
3,spsc_unaligned_1024_cross-core_unpaced,1,queue,87040.4,88747.1,65
3,spsc_unaligned_1024_cross-core_unpaced,1,queue,88747.1,90453.8,53
3,spsc_unaligned_1024_cross-core_unpaced,1,queue,90453.8,92160.5,60
3,spsc_unaligned_1024_cross-core_unpaced,1,queue,92160.5,93867.1,62
3,spsc_unaligned_1024_cross-core_unpaced,1,queue,93867.1,95573.8,82
3,spsc_unaligned_1024_cross-core_unpaced,1,queue,95573.8,97280.5,63
3,spsc_unaligned_1024_cross-core_unpaced,1,queue,97280.5,98987.2,79
3,spsc_unaligned_1024_cross-core_unpaced,1,queue,98987.2,100694,70
3,spsc_unaligned_1024_cross-core_unpaced,1,queue,100694,102401,50
3,spsc_unaligned_1024_cross-core_unpaced,1,queue,102401,104107,66
3,spsc_unaligned_1024_cross-core_unpaced,1,queue,104107,105814,47
3,spsc_unaligned_1024_cross-core_unpaced,1,queue,105814,107521,70
3,spsc_unaligned_1024_cross-core_unpaced,1,queue,107521,109227,68
3,spsc_unaligned_1024_cross-core_unpaced,1,queue,109227,112641,141
3,spsc_unaligned_1024_cross-core_unpaced,1,queue,112641,116054,146
3,spsc_unaligned_1024_cross-core_unpaced,1,queue,116054,119467,106
3,spsc_unaligned_1024_cross-core_unpaced,1,queue,119467,122881,155
3,spsc_unaligned_1024_cross-core_unpaced,1,queue,122881,126294,193
3,spsc_unaligned_1024_cross-core_unpaced,1,queue,126294,129707,145
3,spsc_unaligned_1024_cross-core_unpaced,1,queue,129707,133121,189
3,spsc_unaligned_1024_cross-core_unpaced,1,queue,133121,136534,217
3,spsc_unaligned_1024_cross-core_unpaced,1,queue,136534,139947,159
3,spsc_unaligned_1024_cross-core_unpaced,1,queue,139947,143361,159
3,spsc_unaligned_1024_cross-core_unpaced,1,queue,143361,146774,234
3,spsc_unaligned_1024_cross-core_unpaced,1,queue,146774,150187,214
3,spsc_unaligned_1024_cross-core_unpaced,1,queue,150187,153601,220
3,spsc_unaligned_1024_cross-core_unpaced,1,queue,153601,157014,284
3,spsc_unaligned_1024_cross-core_unpaced,1,queue,157014,160427,342
3,spsc_unaligned_1024_cross-core_unpaced,1,queue,160427,163841,636
3,spsc_unaligned_1024_cross-core_unpaced,1,queue,163841,167254,2101
3,spsc_unaligned_1024_cross-core_unpaced,1,queue,167254,170668,7240
3,spsc_unaligned_1024_cross-core_unpaced,1,queue,170668,174081,17981
3,spsc_unaligned_1024_cross-core_unpaced,1,queue,174081,177494,28867
3,spsc_unaligned_1024_cross-core_unpaced,1,queue,177494,180908,42602
3,spsc_unaligned_1024_cross-core_unpaced,1,queue,180908,184321,52304
3,spsc_unaligned_1024_cross-core_unpaced,1,queue,184321,187734,44700
3,spsc_unaligned_1024_cross-core_unpaced,1,queue,187734,191148,33038
3,spsc_unaligned_1024_cross-core_unpaced,1,queue,191148,194561,23371
3,spsc_unaligned_1024_cross-core_unpaced,1,queue,194561,197974,15908
3,spsc_unaligned_1024_cross-core_unpaced,1,queue,197974,201388,10333
3,spsc_unaligned_1024_cross-core_unpaced,1,queue,201388,204801,7676
3,spsc_unaligned_1024_cross-core_unpaced,1,queue,204801,208214,7545
3,spsc_unaligned_1024_cross-core_unpaced,1,queue,208214,211628,10136
3,spsc_unaligned_1024_cross-core_unpaced,1,queue,211628,215041,13928
3,spsc_unaligned_1024_cross-core_unpaced,1,queue,215041,218454,18610
3,spsc_unaligned_1024_cross-core_unpaced,1,queue,218454,225281,62620
3,spsc_unaligned_1024_cross-core_unpaced,1,queue,225281,232108,115710
3,spsc_unaligned_1024_cross-core_unpaced,1,queue,232108,238935,197363
3,spsc_unaligned_1024_cross-core_unpaced,1,queue,238935,245761,283440
3,spsc_unaligned_1024_cross-core_unpaced,1,queue,245761,252588,342610
3,spsc_unaligned_1024_cross-core_unpaced,1,queue,252588,259415,334147
3,spsc_unaligned_1024_cross-core_unpaced,1,queue,259415,266241,276981
3,spsc_unaligned_1024_cross-core_unpaced,1,queue,266241,273068,193120
3,spsc_unaligned_1024_cross-core_unpaced,1,queue,273068,279895,107990
3,spsc_unaligned_1024_cross-core_unpaced,1,queue,279895,286721,53727
3,spsc_unaligned_1024_cross-core_unpaced,1,queue,286721,293548,25846
3,spsc_unaligned_1024_cross-core_unpaced,1,queue,293548,300375,12859
3,spsc_unaligned_1024_cross-core_unpaced,1,queue,300375,307202,7759
3,spsc_unaligned_1024_cross-core_unpaced,1,queue,307202,314028,4850
3,spsc_unaligned_1024_cross-core_unpaced,1,queue,314028,320855,3024
3,spsc_unaligned_1024_cross-core_unpaced,1,queue,320855,327682,2224
3,spsc_unaligned_1024_cross-core_unpaced,1,queue,327682,334508,1575
3,spsc_unaligned_1024_cross-core_unpaced,1,queue,334508,341335,1113
3,spsc_unaligned_1024_cross-core_unpaced,1,queue,341335,348162,1040
3,spsc_unaligned_1024_cross-core_unpaced,1,queue,348162,354988,695
3,spsc_unaligned_1024_cross-core_unpaced,1,queue,354988,361815,916
3,spsc_unaligned_1024_cross-core_unpaced,1,queue,361815,368642,634
3,spsc_unaligned_1024_cross-core_unpaced,1,queue,368642,375469,745
3,spsc_unaligned_1024_cross-core_unpaced,1,queue,375469,382295,1067
3,spsc_unaligned_1024_cross-core_unpaced,1,queue,382295,389122,1525
3,spsc_unaligned_1024_cross-core_unpaced,1,queue,389122,395949,1646
3,spsc_unaligned_1024_cross-core_unpaced,1,queue,395949,402775,1429
3,spsc_unaligned_1024_cross-core_unpaced,1,queue,402775,409602,781
3,spsc_unaligned_1024_cross-core_unpaced,1,queue,409602,416429,301
3,spsc_unaligned_1024_cross-core_unpaced,1,queue,416429,423255,195
3,spsc_unaligned_1024_cross-core_unpaced,1,queue,423255,430082,203
3,spsc_unaligned_1024_cross-core_unpaced,1,queue,430082,436909,58
3,spsc_unaligned_1024_cross-core_unpaced,1,queue,436909,450562,54
3,spsc_unaligned_1024_cross-core_unpaced,1,queue,450562,464216,64
3,spsc_unaligned_1024_cross-core_unpaced,1,queue,464216,477869,74
3,spsc_unaligned_1024_cross-core_unpaced,1,queue,477869,491522,21
3,spsc_unaligned_1024_cross-core_unpaced,1,queue,491522,505176,42
3,spsc_unaligned_1024_cross-core_unpaced,1,queue,505176,518829,29
3,spsc_unaligned_1024_cross-core_unpaced,1,queue,518829,532483,11
3,spsc_unaligned_1024_cross-core_unpaced,1,queue,532483,546136,58
3,spsc_unaligned_1024_cross-core_unpaced,1,queue,546136,559789,50
3,spsc_unaligned_1024_cross-core_unpaced,1,queue,559789,573443,26
3,spsc_unaligned_1024_cross-core_unpaced,1,queue,573443,587096,19
3,spsc_unaligned_1024_cross-core_unpaced,1,queue,587096,600750,24
3,spsc_unaligned_1024_cross-core_unpaced,1,queue,600750,614403,28
3,spsc_unaligned_1024_cross-core_unpaced,1,queue,614403,628056,45
3,spsc_unaligned_1024_cross-core_unpaced,1,queue,628056,641710,45
3,spsc_unaligned_1024_cross-core_unpaced,1,queue,641710,655363,4
3,spsc_unaligned_1024_cross-core_unpaced,1,queue,655363,669017,11
3,spsc_unaligned_1024_cross-core_unpaced,1,queue,669017,682670,4
3,spsc_unaligned_1024_cross-core_unpaced,1,queue,682670,696323,6
3,spsc_unaligned_1024_cross-core_unpaced,1,queue,696323,709977,7
3,spsc_unaligned_1024_cross-core_unpaced,1,queue,709977,723630,4
3,spsc_unaligned_1024_cross-core_unpaced,1,queue,723630,737284,5
3,spsc_unaligned_1024_cross-core_unpaced,1,queue,737284,750937,1
3,spsc_unaligned_1024_cross-core_unpaced,1,queue,778244,791897,2
3,spsc_unaligned_1024_cross-core_unpaced,1,queue,791897,805551,3
3,spsc_unaligned_1024_cross-core_unpaced,1,queue,819204,832857,4
3,spsc_unaligned_1024_cross-core_unpaced,1,queue,832857,846511,1
3,spsc_unaligned_1024_cross-core_unpaced,1,queue,846511,860164,2
3,spsc_unaligned_1024_cross-core_unpaced,1,queue,873818,901125,2
3,spsc_unaligned_1024_cross-core_unpaced,1,queue,901125,928431,8
3,spsc_unaligned_1024_cross-core_unpaced,1,queue,928431,955738,1
3,spsc_unaligned_1024_cross-core_unpaced,1,queue,955738,983045,3
3,spsc_unaligned_1024_cross-core_unpaced,1,queue,983045,1.01035e+06,1
3,spsc_unaligned_1024_cross-core_unpaced,1,queue,1.01035e+06,1.03766e+06,12
3,spsc_unaligned_1024_cross-core_unpaced,1,queue,1.03766e+06,1.06497e+06,2
3,spsc_unaligned_1024_cross-core_unpaced,1,queue,1.06497e+06,1.09227e+06,3
3,spsc_unaligned_1024_cross-core_unpaced,1,queue,1.09227e+06,1.11958e+06,2
3,spsc_unaligned_1024_cross-core_unpaced,1,queue,1.11958e+06,1.14689e+06,9
3,spsc_unaligned_1024_cross-core_unpaced,1,queue,1.17419e+06,1.2015e+06,6
3,spsc_unaligned_1024_cross-core_unpaced,1,book,15.0001,15.4167,1
3,spsc_unaligned_1024_cross-core_unpaced,1,book,15.8334,16.2501,73
3,spsc_unaligned_1024_cross-core_unpaced,1,book,16.6668,17.0834,248
3,spsc_unaligned_1024_cross-core_unpaced,1,book,17.5001,17.9168,94
3,spsc_unaligned_1024_cross-core_unpaced,1,book,18.3334,18.7501,61
3,spsc_unaligned_1024_cross-core_unpaced,1,book,19.1668,19.5834,376
3,spsc_unaligned_1024_cross-core_unpaced,1,book,20.0001,20.4168,4669
3,spsc_unaligned_1024_cross-core_unpaced,1,book,20.8334,21.2501,23115
3,spsc_unaligned_1024_cross-core_unpaced,1,book,21.6668,22.0834,24533
3,spsc_unaligned_1024_cross-core_unpaced,1,book,22.5001,22.9168,7141
3,spsc_unaligned_1024_cross-core_unpaced,1,book,23.3335,23.7501,1223
3,spsc_unaligned_1024_cross-core_unpaced,1,book,24.1668,24.5835,391
3,spsc_unaligned_1024_cross-core_unpaced,1,book,25.0001,25.4168,331
3,spsc_unaligned_1024_cross-core_unpaced,1,book,25.8335,26.2501,576
3,spsc_unaligned_1024_cross-core_unpaced,1,book,26.6668,27.5001,1071
3,spsc_unaligned_1024_cross-core_unpaced,1,book,27.5001,28.3335,936
3,spsc_unaligned_1024_cross-core_unpaced,1,book,28.3335,29.1668,1514
3,spsc_unaligned_1024_cross-core_unpaced,1,book,29.1668,30.0002,3464
3,spsc_unaligned_1024_cross-core_unpaced,1,book,30.0002,30.8335,3361
3,spsc_unaligned_1024_cross-core_unpaced,1,book,30.8335,31.6668,4946
3,spsc_unaligned_1024_cross-core_unpaced,1,book,31.6668,32.5002,11383
3,spsc_unaligned_1024_cross-core_unpaced,1,book,32.5002,33.3335,18623
3,spsc_unaligned_1024_cross-core_unpaced,1,book,33.3335,34.1668,20152
3,spsc_unaligned_1024_cross-core_unpaced,1,book,34.1668,35.0002,12125
3,spsc_unaligned_1024_cross-core_unpaced,1,book,35.0002,35.8335,7523
3,spsc_unaligned_1024_cross-core_unpaced,1,book,35.8335,36.6669,4171
3,spsc_unaligned_1024_cross-core_unpaced,1,book,36.6669,37.5002,3567
3,spsc_unaligned_1024_cross-core_unpaced,1,book,37.5002,38.3335,4557
3,spsc_unaligned_1024_cross-core_unpaced,1,book,38.3335,39.1669,3981
3,spsc_unaligned_1024_cross-core_unpaced,1,book,39.1669,40.0002,3902
3,spsc_unaligned_1024_cross-core_unpaced,1,book,40.0002,40.8335,5173
3,spsc_unaligned_1024_cross-core_unpaced,1,book,40.8335,41.6669,5803
3,spsc_unaligned_1024_cross-core_unpaced,1,book,41.6669,42.5002,7339
3,spsc_unaligned_1024_cross-core_unpaced,1,book,42.5002,43.3336,7931
3,spsc_unaligned_1024_cross-core_unpaced,1,book,43.3336,44.1669,7058
3,spsc_unaligned_1024_cross-core_unpaced,1,book,44.1669,45.0002,6844
3,spsc_unaligned_1024_cross-core_unpaced,1,book,45.0002,45.8336,6537
3,spsc_unaligned_1024_cross-core_unpaced,1,book,45.8336,46.6669,6966
3,spsc_unaligned_1024_cross-core_unpaced,1,book,46.6669,47.5002,9380
3,spsc_unaligned_1024_cross-core_unpaced,1,book,47.5002,48.3336,9254
3,spsc_unaligned_1024_cross-core_unpaced,1,book,48.3336,49.1669,9338
3,spsc_unaligned_1024_cross-core_unpaced,1,book,49.1669,50.0003,9775
3,spsc_unaligned_1024_cross-core_unpaced,1,book,50.0003,50.8336,10172
3,spsc_unaligned_1024_cross-core_unpaced,1,book,50.8336,51.6669,11358
3,spsc_unaligned_1024_cross-core_unpaced,1,book,51.6669,52.5003,10784
3,spsc_unaligned_1024_cross-core_unpaced,1,book,52.5003,53.3336,10624
3,spsc_unaligned_1024_cross-core_unpaced,1,book,53.3336,55.0003,20174
3,spsc_unaligned_1024_cross-core_unpaced,1,book,55.0003,56.667,20240
3,spsc_unaligned_1024_cross-core_unpaced,1,book,56.667,58.3336,20413
3,spsc_unaligned_1024_cross-core_unpaced,1,book,58.3336,60.0003,19315
3,spsc_unaligned_1024_cross-core_unpaced,1,book,60.0003,61.667,20319
3,spsc_unaligned_1024_cross-core_unpaced,1,book,61.667,63.3337,19498
3,spsc_unaligned_1024_cross-core_unpaced,1,book,63.3337,65.0003,17298
3,spsc_unaligned_1024_cross-core_unpaced,1,book,65.0003,66.667,16591
3,spsc_unaligned_1024_cross-core_unpaced,1,book,66.667,68.3337,16531
3,spsc_unaligned_1024_cross-core_unpaced,1,book,68.3337,70.0004,15475
3,spsc_unaligned_1024_cross-core_unpaced,1,book,70.0004,71.667,14636
3,spsc_unaligned_1024_cross-core_unpaced,1,book,71.667,73.3337,12874
3,spsc_unaligned_1024_cross-core_unpaced,1,book,73.3337,75.0004,11841
3,spsc_unaligned_1024_cross-core_unpaced,1,book,75.0004,76.6671,11312
3,spsc_unaligned_1024_cross-core_unpaced,1,book,76.6671,78.3337,10104
3,spsc_unaligned_1024_cross-core_unpaced,1,book,78.3337,80.0004,9366
3,spsc_unaligned_1024_cross-core_unpaced,1,book,80.0004,81.6671,9226
3,spsc_unaligned_1024_cross-core_unpaced,1,book,81.6671,83.3338,8545
3,spsc_unaligned_1024_cross-core_unpaced,1,book,83.3338,85.0004,7451
3,spsc_unaligned_1024_cross-core_unpaced,1,book,85.0004,86.6671,7003
3,spsc_unaligned_1024_cross-core_unpaced,1,book,86.6671,88.3338,6683
3,spsc_unaligned_1024_cross-core_unpaced,1,book,88.3338,90.0005,6111
3,spsc_unaligned_1024_cross-core_unpaced,1,book,90.0005,91.6671,5779
3,spsc_unaligned_1024_cross-core_unpaced,1,book,91.6671,93.3338,5413
3,spsc_unaligned_1024_cross-core_unpaced,1,book,93.3338,95.0005,5213
3,spsc_unaligned_1024_cross-core_unpaced,1,book,95.0005,96.6672,5059
3,spsc_unaligned_1024_cross-core_unpaced,1,book,96.6672,98.3338,4656
3,spsc_unaligned_1024_cross-core_unpaced,1,book,98.3338,100.001,4383
3,spsc_unaligned_1024_cross-core_unpaced,1,book,100.001,101.667,4397
3,spsc_unaligned_1024_cross-core_unpaced,1,book,101.667,103.334,4058
3,spsc_unaligned_1024_cross-core_unpaced,1,book,103.334,105.001,3830
3,spsc_unaligned_1024_cross-core_unpaced,1,book,105.001,106.667,3564
3,spsc_unaligned_1024_cross-core_unpaced,1,book,106.667,110.001,6919
3,spsc_unaligned_1024_cross-core_unpaced,1,book,110.001,113.334,6046
3,spsc_unaligned_1024_cross-core_unpaced,1,book,113.334,116.667,5574
3,spsc_unaligned_1024_cross-core_unpaced,1,book,116.667,120.001,5051
3,spsc_unaligned_1024_cross-core_unpaced,1,book,120.001,123.334,5925
3,spsc_unaligned_1024_cross-core_unpaced,1,book,123.334,126.667,8965
3,spsc_unaligned_1024_cross-core_unpaced,1,book,126.667,130.001,22746
3,spsc_unaligned_1024_cross-core_unpaced,1,book,130.001,133.334,31236
3,spsc_unaligned_1024_cross-core_unpaced,1,book,133.334,136.667,26394
3,spsc_unaligned_1024_cross-core_unpaced,1,book,136.667,140.001,38942
3,spsc_unaligned_1024_cross-core_unpaced,1,book,140.001,143.334,71474
3,spsc_unaligned_1024_cross-core_unpaced,1,book,143.334,146.667,67757
3,spsc_unaligned_1024_cross-core_unpaced,1,book,146.667,150.001,55475
3,spsc_unaligned_1024_cross-core_unpaced,1,book,150.001,153.334,68151
3,spsc_unaligned_1024_cross-core_unpaced,1,book,153.334,156.667,82857
3,spsc_unaligned_1024_cross-core_unpaced,1,book,156.667,160.001,63639
3,spsc_unaligned_1024_cross-core_unpaced,1,book,160.001,163.334,54708
3,spsc_unaligned_1024_cross-core_unpaced,1,book,163.334,166.668,55108
3,spsc_unaligned_1024_cross-core_unpaced,1,book,166.668,170.001,50320
3,spsc_unaligned_1024_cross-core_unpaced,1,book,170.001,173.334,41824
3,spsc_unaligned_1024_cross-core_unpaced,1,book,173.334,176.668,39371
3,spsc_unaligned_1024_cross-core_unpaced,1,book,176.668,180.001,34866
3,spsc_unaligned_1024_cross-core_unpaced,1,book,180.001,183.334,34027
3,spsc_unaligned_1024_cross-core_unpaced,1,book,183.334,186.668,30486
3,spsc_unaligned_1024_cross-core_unpaced,1,book,186.668,190.001,29031
3,spsc_unaligned_1024_cross-core_unpaced,1,book,190.001,193.334,26473
3,spsc_unaligned_1024_cross-core_unpaced,1,book,193.334,196.668,24869
3,spsc_unaligned_1024_cross-core_unpaced,1,book,196.668,200.001,22532
3,spsc_unaligned_1024_cross-core_unpaced,1,book,200.001,203.334,21641
3,spsc_unaligned_1024_cross-core_unpaced,1,book,203.334,206.668,19143
3,spsc_unaligned_1024_cross-core_unpaced,1,book,206.668,210.001,18261
3,spsc_unaligned_1024_cross-core_unpaced,1,book,210.001,213.334,16613
3,spsc_unaligned_1024_cross-core_unpaced,1,book,213.334,220.001,30722
3,spsc_unaligned_1024_cross-core_unpaced,1,book,220.001,226.668,27301
3,spsc_unaligned_1024_cross-core_unpaced,1,book,226.668,233.335,25678
3,spsc_unaligned_1024_cross-core_unpaced,1,book,233.335,240.001,24851
3,spsc_unaligned_1024_cross-core_unpaced,1,book,240.001,246.668,26472
3,spsc_unaligned_1024_cross-core_unpaced,1,book,246.668,253.335,26441
3,spsc_unaligned_1024_cross-core_unpaced,1,book,253.335,260.001,25961
3,spsc_unaligned_1024_cross-core_unpaced,1,book,260.001,266.668,24691
3,spsc_unaligned_1024_cross-core_unpaced,1,book,266.668,273.335,22996
3,spsc_unaligned_1024_cross-core_unpaced,1,book,273.335,280.001,21093
3,spsc_unaligned_1024_cross-core_unpaced,1,book,280.001,286.668,19305
3,spsc_unaligned_1024_cross-core_unpaced,1,book,286.668,293.335,18297
3,spsc_unaligned_1024_cross-core_unpaced,1,book,293.335,300.002,17500
3,spsc_unaligned_1024_cross-core_unpaced,1,book,300.002,306.668,17130
3,spsc_unaligned_1024_cross-core_unpaced,1,book,306.668,313.335,16547
3,spsc_unaligned_1024_cross-core_unpaced,1,book,313.335,320.002,15854
3,spsc_unaligned_1024_cross-core_unpaced,1,book,320.002,326.668,15383
3,spsc_unaligned_1024_cross-core_unpaced,1,book,326.668,333.335,14958
3,spsc_unaligned_1024_cross-core_unpaced,1,book,333.335,340.002,14452
3,spsc_unaligned_1024_cross-core_unpaced,1,book,340.002,346.668,14110
3,spsc_unaligned_1024_cross-core_unpaced,1,book,346.668,353.335,13408
3,spsc_unaligned_1024_cross-core_unpaced,1,book,353.335,360.002,12920
3,spsc_unaligned_1024_cross-core_unpaced,1,book,360.002,366.669,12131
3,spsc_unaligned_1024_cross-core_unpaced,1,book,366.669,373.335,11453
3,spsc_unaligned_1024_cross-core_unpaced,1,book,373.335,380.002,10893
3,spsc_unaligned_1024_cross-core_unpaced,1,book,380.002,386.669,10451
3,spsc_unaligned_1024_cross-core_unpaced,1,book,386.669,393.335,9773
3,spsc_unaligned_1024_cross-core_unpaced,1,book,393.335,400.002,9118
3,spsc_unaligned_1024_cross-core_unpaced,1,book,400.002,406.669,8401
3,spsc_unaligned_1024_cross-core_unpaced,1,book,406.669,413.335,8034
3,spsc_unaligned_1024_cross-core_unpaced,1,book,413.335,420.002,7436
3,spsc_unaligned_1024_cross-core_unpaced,1,book,420.002,426.669,7480
3,spsc_unaligned_1024_cross-core_unpaced,1,book,426.669,440.002,13702
3,spsc_unaligned_1024_cross-core_unpaced,1,book,440.002,453.336,11540
3,spsc_unaligned_1024_cross-core_unpaced,1,book,453.336,466.669,9328
3,spsc_unaligned_1024_cross-core_unpaced,1,book,466.669,480.002,8099
3,spsc_unaligned_1024_cross-core_unpaced,1,book,480.002,493.336,7024
3,spsc_unaligned_1024_cross-core_unpaced,1,book,493.336,506.669,6027
3,spsc_unaligned_1024_cross-core_unpaced,1,book,506.669,520.003,5554
3,spsc_unaligned_1024_cross-core_unpaced,1,book,520.003,533.336,4855
3,spsc_unaligned_1024_cross-core_unpaced,1,book,533.336,546.669,4435
3,spsc_unaligned_1024_cross-core_unpaced,1,book,546.669,560.003,3894
3,spsc_unaligned_1024_cross-core_unpaced,1,book,560.003,573.336,3421
3,spsc_unaligned_1024_cross-core_unpaced,1,book,573.336,586.67,3091
3,spsc_unaligned_1024_cross-core_unpaced,1,book,586.67,600.003,2735
3,spsc_unaligned_1024_cross-core_unpaced,1,book,600.003,613.336,2374
3,spsc_unaligned_1024_cross-core_unpaced,1,book,613.336,626.67,2137
3,spsc_unaligned_1024_cross-core_unpaced,1,book,626.67,640.003,1800
3,spsc_unaligned_1024_cross-core_unpaced,1,book,640.003,653.337,1611
3,spsc_unaligned_1024_cross-core_unpaced,1,book,653.337,666.67,1412
3,spsc_unaligned_1024_cross-core_unpaced,1,book,666.67,680.003,1257
3,spsc_unaligned_1024_cross-core_unpaced,1,book,680.003,693.337,1064
3,spsc_unaligned_1024_cross-core_unpaced,1,book,693.337,706.67,980
3,spsc_unaligned_1024_cross-core_unpaced,1,book,706.67,720.004,839
3,spsc_unaligned_1024_cross-core_unpaced,1,book,720.004,733.337,723
3,spsc_unaligned_1024_cross-core_unpaced,1,book,733.337,746.67,598
3,spsc_unaligned_1024_cross-core_unpaced,1,book,746.67,760.004,593
3,spsc_unaligned_1024_cross-core_unpaced,1,book,760.004,773.337,549
3,spsc_unaligned_1024_cross-core_unpaced,1,book,773.337,786.671,477
3,spsc_unaligned_1024_cross-core_unpaced,1,book,786.671,800.004,359
3,spsc_unaligned_1024_cross-core_unpaced,1,book,800.004,813.337,342
3,spsc_unaligned_1024_cross-core_unpaced,1,book,813.337,826.671,296
3,spsc_unaligned_1024_cross-core_unpaced,1,book,826.671,840.004,270
3,spsc_unaligned_1024_cross-core_unpaced,1,book,840.004,853.338,215
3,spsc_unaligned_1024_cross-core_unpaced,1,book,853.338,880.004,388
3,spsc_unaligned_1024_cross-core_unpaced,1,book,880.004,906.671,274
3,spsc_unaligned_1024_cross-core_unpaced,1,book,906.671,933.338,245
3,spsc_unaligned_1024_cross-core_unpaced,1,book,933.338,960.005,148
3,spsc_unaligned_1024_cross-core_unpaced,1,book,960.005,986.672,123
3,spsc_unaligned_1024_cross-core_unpaced,1,book,986.672,1013.34,108
3,spsc_unaligned_1024_cross-core_unpaced,1,book,1013.34,1040.01,90
3,spsc_unaligned_1024_cross-core_unpaced,1,book,1040.01,1066.67,69
3,spsc_unaligned_1024_cross-core_unpaced,1,book,1066.67,1093.34,62
3,spsc_unaligned_1024_cross-core_unpaced,1,book,1093.34,1120.01,46
3,spsc_unaligned_1024_cross-core_unpaced,1,book,1120.01,1146.67,46
3,spsc_unaligned_1024_cross-core_unpaced,1,book,1146.67,1173.34,33
3,spsc_unaligned_1024_cross-core_unpaced,1,book,1173.34,1200.01,36
3,spsc_unaligned_1024_cross-core_unpaced,1,book,1200.01,1226.67,15
3,spsc_unaligned_1024_cross-core_unpaced,1,book,1226.67,1253.34,20
3,spsc_unaligned_1024_cross-core_unpaced,1,book,1253.34,1280.01,10
3,spsc_unaligned_1024_cross-core_unpaced,1,book,1280.01,1306.67,12
3,spsc_unaligned_1024_cross-core_unpaced,1,book,1306.67,1333.34,9
3,spsc_unaligned_1024_cross-core_unpaced,1,book,1333.34,1360.01,10
3,spsc_unaligned_1024_cross-core_unpaced,1,book,1360.01,1386.67,13
3,spsc_unaligned_1024_cross-core_unpaced,1,book,1386.67,1413.34,8
3,spsc_unaligned_1024_cross-core_unpaced,1,book,1413.34,1440.01,7
3,spsc_unaligned_1024_cross-core_unpaced,1,book,1440.01,1466.67,10
3,spsc_unaligned_1024_cross-core_unpaced,1,book,1466.67,1493.34,7
3,spsc_unaligned_1024_cross-core_unpaced,1,book,1493.34,1520.01,6
3,spsc_unaligned_1024_cross-core_unpaced,1,book,1520.01,1546.67,9
3,spsc_unaligned_1024_cross-core_unpaced,1,book,1546.67,1573.34,8
3,spsc_unaligned_1024_cross-core_unpaced,1,book,1573.34,1600.01,8
3,spsc_unaligned_1024_cross-core_unpaced,1,book,1600.01,1626.67,8
3,spsc_unaligned_1024_cross-core_unpaced,1,book,1626.67,1653.34,4
3,spsc_unaligned_1024_cross-core_unpaced,1,book,1653.34,1680.01,7
3,spsc_unaligned_1024_cross-core_unpaced,1,book,1680.01,1706.68,4
3,spsc_unaligned_1024_cross-core_unpaced,1,book,1706.68,1760.01,7
3,spsc_unaligned_1024_cross-core_unpaced,1,book,1760.01,1813.34,10
3,spsc_unaligned_1024_cross-core_unpaced,1,book,1813.34,1866.68,10
3,spsc_unaligned_1024_cross-core_unpaced,1,book,1866.68,1920.01,7
3,spsc_unaligned_1024_cross-core_unpaced,1,book,1920.01,1973.34,5
3,spsc_unaligned_1024_cross-core_unpaced,1,book,1973.34,2026.68,8
3,spsc_unaligned_1024_cross-core_unpaced,1,book,2026.68,2080.01,13
3,spsc_unaligned_1024_cross-core_unpaced,1,book,2080.01,2133.34,1
3,spsc_unaligned_1024_cross-core_unpaced,1,book,2133.34,2186.68,6
3,spsc_unaligned_1024_cross-core_unpaced,1,book,2186.68,2240.01,5
3,spsc_unaligned_1024_cross-core_unpaced,1,book,2240.01,2293.34,2
3,spsc_unaligned_1024_cross-core_unpaced,1,book,2293.34,2346.68,2
3,spsc_unaligned_1024_cross-core_unpaced,1,book,2400.01,2453.35,4
3,spsc_unaligned_1024_cross-core_unpaced,1,book,2506.68,2560.01,3
3,spsc_unaligned_1024_cross-core_unpaced,1,book,2560.01,2613.35,1
3,spsc_unaligned_1024_cross-core_unpaced,1,book,2613.35,2666.68,1
3,spsc_unaligned_1024_cross-core_unpaced,1,book,2720.01,2773.35,1
3,spsc_unaligned_1024_cross-core_unpaced,1,book,2773.35,2826.68,2
3,spsc_unaligned_1024_cross-core_unpaced,1,book,2933.35,2986.68,2
3,spsc_unaligned_1024_cross-core_unpaced,1,book,3040.02,3093.35,2
3,spsc_unaligned_1024_cross-core_unpaced,1,book,3093.35,3146.68,1
3,spsc_unaligned_1024_cross-core_unpaced,1,book,3146.68,3200.02,3
3,spsc_unaligned_1024_cross-core_unpaced,1,book,3200.02,3253.35,2
3,spsc_unaligned_1024_cross-core_unpaced,1,book,3253.35,3306.68,2
3,spsc_unaligned_1024_cross-core_unpaced,1,book,3360.02,3413.35,2
3,spsc_unaligned_1024_cross-core_unpaced,1,book,3413.35,3520.02,4
3,spsc_unaligned_1024_cross-core_unpaced,1,book,3520.02,3626.68,4
3,spsc_unaligned_1024_cross-core_unpaced,1,book,3626.68,3733.35,1
3,spsc_unaligned_1024_cross-core_unpaced,1,book,3733.35,3840.02,2
3,spsc_unaligned_1024_cross-core_unpaced,1,book,3840.02,3946.69,3
3,spsc_unaligned_1024_cross-core_unpaced,1,book,3946.69,4053.35,6
3,spsc_unaligned_1024_cross-core_unpaced,1,book,4053.35,4160.02,10
3,spsc_unaligned_1024_cross-core_unpaced,1,book,4160.02,4266.69,13
3,spsc_unaligned_1024_cross-core_unpaced,1,book,4266.69,4373.36,15
3,spsc_unaligned_1024_cross-core_unpaced,1,book,4373.36,4480.02,18
3,spsc_unaligned_1024_cross-core_unpaced,1,book,4480.02,4586.69,9
3,spsc_unaligned_1024_cross-core_unpaced,1,book,4586.69,4693.36,3
3,spsc_unaligned_1024_cross-core_unpaced,1,book,4693.36,4800.02,6
3,spsc_unaligned_1024_cross-core_unpaced,1,book,4800.02,4906.69,2
3,spsc_unaligned_1024_cross-core_unpaced,1,book,4906.69,5013.36,2
3,spsc_unaligned_1024_cross-core_unpaced,1,book,5120.03,5226.69,1
3,spsc_unaligned_1024_cross-core_unpaced,1,book,5226.69,5333.36,6
3,spsc_unaligned_1024_cross-core_unpaced,1,book,5333.36,5440.03,14
3,spsc_unaligned_1024_cross-core_unpaced,1,book,5440.03,5546.69,19
3,spsc_unaligned_1024_cross-core_unpaced,1,book,5546.69,5653.36,15
3,spsc_unaligned_1024_cross-core_unpaced,1,book,5653.36,5760.03,16
3,spsc_unaligned_1024_cross-core_unpaced,1,book,5760.03,5866.7,17
3,spsc_unaligned_1024_cross-core_unpaced,1,book,5866.7,5973.36,9
3,spsc_unaligned_1024_cross-core_unpaced,1,book,5973.36,6080.03,10
3,spsc_unaligned_1024_cross-core_unpaced,1,book,6080.03,6186.7,2
3,spsc_unaligned_1024_cross-core_unpaced,1,book,6186.7,6293.36,1
3,spsc_unaligned_1024_cross-core_unpaced,1,book,6400.03,6506.7,4
3,spsc_unaligned_1024_cross-core_unpaced,1,book,6506.7,6613.37,1
3,spsc_unaligned_1024_cross-core_unpaced,1,book,6613.37,6720.03,2
3,spsc_unaligned_1024_cross-core_unpaced,1,book,6720.03,6826.7,1
3,spsc_unaligned_1024_cross-core_unpaced,1,book,6826.7,7040.04,2
3,spsc_unaligned_1024_cross-core_unpaced,1,book,7040.04,7253.37,1
3,spsc_unaligned_1024_cross-core_unpaced,1,book,7253.37,7466.7,2
3,spsc_unaligned_1024_cross-core_unpaced,1,book,7466.7,7680.04,3
3,spsc_unaligned_1024_cross-core_unpaced,1,book,7680.04,7893.37,2
3,spsc_unaligned_1024_cross-core_unpaced,1,book,7893.37,8106.71,3
3,spsc_unaligned_1024_cross-core_unpaced,1,book,8106.71,8320.04,3
3,spsc_unaligned_1024_cross-core_unpaced,1,book,8320.04,8533.38,4
3,spsc_unaligned_1024_cross-core_unpaced,1,book,8533.38,8746.71,4
3,spsc_unaligned_1024_cross-core_unpaced,1,book,8746.71,8960.04,7
3,spsc_unaligned_1024_cross-core_unpaced,1,book,8960.04,9173.38,10
3,spsc_unaligned_1024_cross-core_unpaced,1,book,9173.38,9386.71,27
3,spsc_unaligned_1024_cross-core_unpaced,1,book,9386.71,9600.05,63
3,spsc_unaligned_1024_cross-core_unpaced,1,book,9600.05,9813.38,105
3,spsc_unaligned_1024_cross-core_unpaced,1,book,9813.38,10026.7,90
3,spsc_unaligned_1024_cross-core_unpaced,1,book,10026.7,10240.1,74
3,spsc_unaligned_1024_cross-core_unpaced,1,book,10240.1,10453.4,40
3,spsc_unaligned_1024_cross-core_unpaced,1,book,10453.4,10666.7,30
3,spsc_unaligned_1024_cross-core_unpaced,1,book,10666.7,10880.1,8
3,spsc_unaligned_1024_cross-core_unpaced,1,book,10880.1,11093.4,9
3,spsc_unaligned_1024_cross-core_unpaced,1,book,11093.4,11306.7,2
3,spsc_unaligned_1024_cross-core_unpaced,1,book,11306.7,11520.1,5
3,spsc_unaligned_1024_cross-core_unpaced,1,book,11520.1,11733.4,3
3,spsc_unaligned_1024_cross-core_unpaced,1,book,11733.4,11946.7,1
3,spsc_unaligned_1024_cross-core_unpaced,1,book,11946.7,12160.1,1
3,spsc_unaligned_1024_cross-core_unpaced,1,book,12160.1,12373.4,1
3,spsc_unaligned_1024_cross-core_unpaced,1,book,12373.4,12586.7,2
3,spsc_unaligned_1024_cross-core_unpaced,1,book,12800.1,13013.4,1
3,spsc_unaligned_1024_cross-core_unpaced,1,book,15360.1,15786.7,1
3,spsc_unaligned_1024_cross-core_unpaced,1,book,15786.7,16213.4,1
3,spsc_unaligned_1024_cross-core_unpaced,1,book,16213.4,16640.1,2
3,spsc_unaligned_1024_cross-core_unpaced,1,book,17066.8,17493.4,1
3,spsc_unaligned_1024_cross-core_unpaced,1,book,17493.4,17920.1,1
3,spsc_unaligned_1024_cross-core_unpaced,1,book,35840.2,36693.5,1
