run,label,median,metric,bucket_lo_ns,bucket_hi_ns,count
1,mutex_65536_same-core_unpaced,1,total,7680.04,7893.38,1
1,mutex_65536_same-core_unpaced,1,total,8746.71,8960.05,1
1,mutex_65536_same-core_unpaced,1,total,11093.4,11306.7,1
1,mutex_65536_same-core_unpaced,1,total,14933.4,15360.1,1
1,mutex_65536_same-core_unpaced,1,total,18773.4,19200.1,2
1,mutex_65536_same-core_unpaced,1,total,19200.1,19626.8,1
1,mutex_65536_same-core_unpaced,1,total,20053.4,20480.1,1
1,mutex_65536_same-core_unpaced,1,total,21760.1,22186.8,1
1,mutex_65536_same-core_unpaced,1,total,23040.1,23466.8,1
1,mutex_65536_same-core_unpaced,1,total,24746.8,25173.5,3
1,mutex_65536_same-core_unpaced,1,total,25173.5,25600.1,1
1,mutex_65536_same-core_unpaced,1,total,25600.1,26026.8,3
1,mutex_65536_same-core_unpaced,1,total,26026.8,26453.5,3
1,mutex_65536_same-core_unpaced,1,total,26453.5,26880.1,2
1,mutex_65536_same-core_unpaced,1,total,26880.1,27306.8,3
1,mutex_65536_same-core_unpaced,1,total,27306.8,28160.2,3
1,mutex_65536_same-core_unpaced,1,total,28160.2,29013.5,3
1,mutex_65536_same-core_unpaced,1,total,29013.5,29866.8,3
1,mutex_65536_same-core_unpaced,1,total,29866.8,30720.2,8
1,mutex_65536_same-core_unpaced,1,total,30720.2,31573.5,5
1,mutex_65536_same-core_unpaced,1,total,31573.5,32426.8,3
1,mutex_65536_same-core_unpaced,1,total,32426.8,33280.2,1
1,mutex_65536_same-core_unpaced,1,total,33280.2,34133.5,5
1,mutex_65536_same-core_unpaced,1,total,34133.5,34986.9,10
1,mutex_65536_same-core_unpaced,1,total,34986.9,35840.2,4
1,mutex_65536_same-core_unpaced,1,total,35840.2,36693.5,2
1,mutex_65536_same-core_unpaced,1,total,36693.5,37546.9,1
1,mutex_65536_same-core_unpaced,1,total,38400.2,39253.5,3
1,mutex_65536_same-core_unpaced,1,total,39253.5,40106.9,7
1,mutex_65536_same-core_unpaced,1,total,40106.9,40960.2,1
1,mutex_65536_same-core_unpaced,1,total,40960.2,41813.6,6
1,mutex_65536_same-core_unpaced,1,total,41813.6,42666.9,1
1,mutex_65536_same-core_unpaced,1,total,42666.9,43520.2,3
1,mutex_65536_same-core_unpaced,1,total,43520.2,44373.6,2
1,mutex_65536_same-core_unpaced,1,total,44373.6,45226.9,2
1,mutex_65536_same-core_unpaced,1,total,45226.9,46080.3,3
1,mutex_65536_same-core_unpaced,1,total,46933.6,47786.9,5
1,mutex_65536_same-core_unpaced,1,total,47786.9,48640.3,1
1,mutex_65536_same-core_unpaced,1,total,48640.3,49493.6,1
1,mutex_65536_same-core_unpaced,1,total,49493.6,50346.9,6
1,mutex_65536_same-core_unpaced,1,total,50346.9,51200.3,4
1,mutex_65536_same-core_unpaced,1,total,51200.3,52053.6,3
1,mutex_65536_same-core_unpaced,1,total,52053.6,52907,2
1,mutex_65536_same-core_unpaced,1,total,52907,53760.3,2
1,mutex_65536_same-core_unpaced,1,total,53760.3,54613.6,4
1,mutex_65536_same-core_unpaced,1,total,54613.6,56320.3,13
1,mutex_65536_same-core_unpaced,1,total,56320.3,58027,36
1,mutex_65536_same-core_unpaced,1,total,58027,59733.7,27
1,mutex_65536_same-core_unpaced,1,total,59733.7,61440.3,32
1,mutex_65536_same-core_unpaced,1,total,61440.3,63147,31
1,mutex_65536_same-core_unpaced,1,total,63147,64853.7,38
1,mutex_65536_same-core_unpaced,1,total,64853.7,66560.4,40
1,mutex_65536_same-core_unpaced,1,total,66560.4,68267,17
1,mutex_65536_same-core_unpaced,1,total,68267,69973.7,16
1,mutex_65536_same-core_unpaced,1,total,69973.7,71680.4,16
1,mutex_65536_same-core_unpaced,1,total,71680.4,73387.1,13
1,mutex_65536_same-core_unpaced,1,total,73387.1,75093.7,33
1,mutex_65536_same-core_unpaced,1,total,75093.7,76800.4,18
1,mutex_65536_same-core_unpaced,1,total,76800.4,78507.1,3
1,mutex_65536_same-core_unpaced,1,total,78507.1,80213.8,2
1,mutex_65536_same-core_unpaced,1,total,80213.8,81920.4,5
1,mutex_65536_same-core_unpaced,1,total,81920.4,83627.1,13
1,mutex_65536_same-core_unpaced,1,total,83627.1,85333.8,12
1,mutex_65536_same-core_unpaced,1,total,85333.8,87040.5,8
1,mutex_65536_same-core_unpaced,1,total,87040.5,88747.2,10
1,mutex_65536_same-core_unpaced,1,total,88747.2,90453.8,8
1,mutex_65536_same-core_unpaced,1,total,90453.8,92160.5,4
1,mutex_65536_same-core_unpaced,1,total,92160.5,93867.2,9
1,mutex_65536_same-core_unpaced,1,total,93867.2,95573.9,2
1,mutex_65536_same-core_unpaced,1,total,102401,104107,2
1,mutex_65536_same-core_unpaced,1,total,112641,116054,1
1,mutex_65536_same-core_unpaced,1,total,122881,126294,2
1,mutex_65536_same-core_unpaced,1,total,126294,129707,1
1,mutex_65536_same-core_unpaced,1,total,129707,133121,1
1,mutex_65536_same-core_unpaced,1,total,139947,143361,1
1,mutex_65536_same-core_unpaced,1,total,143361,146774,1
1,mutex_65536_same-core_unpaced,1,total,146774,150187,3
1,mutex_65536_same-core_unpaced,1,total,150187,153601,1
1,mutex_65536_same-core_unpaced,1,total,153601,157014,1
1,mutex_65536_same-core_unpaced,1,total,170668,174081,1
1,mutex_65536_same-core_unpaced,1,total,177494,180908,1
1,mutex_65536_same-core_unpaced,1,total,191148,194561,2
1,mutex_65536_same-core_unpaced,1,total,197974,201388,1
1,mutex_65536_same-core_unpaced,1,total,201388,204801,2
1,mutex_65536_same-core_unpaced,1,total,204801,208214,1
1,mutex_65536_same-core_unpaced,1,total,208214,211628,1
1,mutex_65536_same-core_unpaced,1,total,211628,215041,1
1,mutex_65536_same-core_unpaced,1,total,215041,218455,1
1,mutex_65536_same-core_unpaced,1,total,218455,225281,1
1,mutex_65536_same-core_unpaced,1,total,225281,232108,1
1,mutex_65536_same-core_unpaced,1,total,232108,238935,1
1,mutex_65536_same-core_unpaced,1,total,238935,245761,1
1,mutex_65536_same-core_unpaced,1,total,245761,252588,3
1,mutex_65536_same-core_unpaced,1,total,252588,259415,2
1,mutex_65536_same-core_unpaced,1,total,259415,266241,2
1,mutex_65536_same-core_unpaced,1,total,266241,273068,1
1,mutex_65536_same-core_unpaced,1,total,273068,279895,2
1,mutex_65536_same-core_unpaced,1,total,286722,293548,1
1,mutex_65536_same-core_unpaced,1,total,293548,300375,2
1,mutex_65536_same-core_unpaced,1,total,300375,307202,1
1,mutex_65536_same-core_unpaced,1,total,307202,314028,1
1,mutex_65536_same-core_unpaced,1,total,314028,320855,1
1,mutex_65536_same-core_unpaced,1,total,320855,327682,2
1,mutex_65536_same-core_unpaced,1,total,327682,334508,2
1,mutex_65536_same-core_unpaced,1,total,334508,341335,2
1,mutex_65536_same-core_unpaced,1,total,341335,348162,1
1,mutex_65536_same-core_unpaced,1,total,354989,361815,1
1,mutex_65536_same-core_unpaced,1,total,361815,368642,2
1,mutex_65536_same-core_unpaced,1,total,368642,375469,4
1,mutex_65536_same-core_unpaced,1,total,375469,382295,1
1,mutex_65536_same-core_unpaced,1,total,382295,389122,2
1,mutex_65536_same-core_unpaced,1,total,389122,395949,1
1,mutex_65536_same-core_unpaced,1,total,395949,402776,3
1,mutex_65536_same-core_unpaced,1,total,402776,409602,1
1,mutex_65536_same-core_unpaced,1,total,409602,416429,2
1,mutex_65536_same-core_unpaced,1,total,423256,430082,4
1,mutex_65536_same-core_unpaced,1,total,430082,436909,1
1,mutex_65536_same-core_unpaced,1,total,436909,450562,3
1,mutex_65536_same-core_unpaced,1,total,450562,464216,3
1,mutex_65536_same-core_unpaced,1,total,464216,477869,4
1,mutex_65536_same-core_unpaced,1,total,491523,505176,5
1,mutex_65536_same-core_unpaced,1,total,505176,518829,8
1,mutex_65536_same-core_unpaced,1,total,518829,532483,1
1,mutex_65536_same-core_unpaced,1,total,532483,546136,4
1,mutex_65536_same-core_unpaced,1,total,546136,559790,5
1,mutex_65536_same-core_unpaced,1,total,559790,573443,1
1,mutex_65536_same-core_unpaced,1,total,573443,587097,4
1,mutex_65536_same-core_unpaced,1,total,587097,600750,2
1,mutex_65536_same-core_unpaced,1,total,600750,614403,3
1,mutex_65536_same-core_unpaced,1,total,614403,628057,2
1,mutex_65536_same-core_unpaced,1,total,628057,641710,3
1,mutex_65536_same-core_unpaced,1,total,641710,655364,3
1,mutex_65536_same-core_unpaced,1,total,655364,669017,5
1,mutex_65536_same-core_unpaced,1,total,669017,682670,4
1,mutex_65536_same-core_unpaced,1,total,682670,696324,4
1,mutex_65536_same-core_unpaced,1,total,696324,709977,2
1,mutex_65536_same-core_unpaced,1,total,709977,723631,3
1,mutex_65536_same-core_unpaced,1,total,723631,737284,2
1,mutex_65536_same-core_unpaced,1,total,737284,750937,3
1,mutex_65536_same-core_unpaced,1,total,750937,764591,2
1,mutex_65536_same-core_unpaced,1,total,764591,778244,5
1,mutex_65536_same-core_unpaced,1,total,778244,791898,1
1,mutex_65536_same-core_unpaced,1,total,791898,805551,5
1,mutex_65536_same-core_unpaced,1,total,805551,819204,2
1,mutex_65536_same-core_unpaced,1,total,819204,832858,3
1,mutex_65536_same-core_unpaced,1,total,832858,846511,9
1,mutex_65536_same-core_unpaced,1,total,846511,860165,8
1,mutex_65536_same-core_unpaced,1,total,860165,873818,1
1,mutex_65536_same-core_unpaced,1,total,873818,901125,13
1,mutex_65536_same-core_unpaced,1,total,901125,928432,6
1,mutex_65536_same-core_unpaced,1,total,928432,955739,9
1,mutex_65536_same-core_unpaced,1,total,955739,983045,7
1,mutex_65536_same-core_unpaced,1,total,983045,1.01035e+06,8
1,mutex_65536_same-core_unpaced,1,total,1.01035e+06,1.03766e+06,5
1,mutex_65536_same-core_unpaced,1,total,1.03766e+06,1.06497e+06,9
1,mutex_65536_same-core_unpaced,1,total,1.06497e+06,1.09227e+06,12
1,mutex_65536_same-core_unpaced,1,total,1.09227e+06,1.11958e+06,8
1,mutex_65536_same-core_unpaced,1,total,1.11958e+06,1.14689e+06,7
1,mutex_65536_same-core_unpaced,1,total,1.14689e+06,1.17419e+06,7
1,mutex_65536_same-core_unpaced,1,total,1.17419e+06,1.2015e+06,5
1,mutex_65536_same-core_unpaced,1,total,1.2015e+06,1.22881e+06,8
1,mutex_65536_same-core_unpaced,1,total,1.22881e+06,1.25611e+06,7
1,mutex_65536_same-core_unpaced,1,total,1.25611e+06,1.28342e+06,9
1,mutex_65536_same-core_unpaced,1,total,1.28342e+06,1.31073e+06,12
1,mutex_65536_same-core_unpaced,1,total,1.31073e+06,1.33803e+06,5
1,mutex_65536_same-core_unpaced,1,total,1.33803e+06,1.36534e+06,8
1,mutex_65536_same-core_unpaced,1,total,1.36534e+06,1.39265e+06,10
1,mutex_65536_same-core_unpaced,1,total,1.39265e+06,1.41995e+06,7
1,mutex_65536_same-core_unpaced,1,total,1.41995e+06,1.44726e+06,7
1,mutex_65536_same-core_unpaced,1,total,1.44726e+06,1.47457e+06,8
1,mutex_65536_same-core_unpaced,1,total,1.47457e+06,1.50187e+06,6
1,mutex_65536_same-core_unpaced,1,total,1.50187e+06,1.52918e+06,7
1,mutex_65536_same-core_unpaced,1,total,1.52918e+06,1.55649e+06,5
1,mutex_65536_same-core_unpaced,1,total,1.55649e+06,1.5838e+06,7
1,mutex_65536_same-core_unpaced,1,total,1.5838e+06,1.6111e+06,6
1,mutex_65536_same-core_unpaced,1,total,1.6111e+06,1.63841e+06,5
1,mutex_65536_same-core_unpaced,1,total,1.63841e+06,1.66572e+06,8
1,mutex_65536_same-core_unpaced,1,total,1.66572e+06,1.69302e+06,6
1,mutex_65536_same-core_unpaced,1,total,1.69302e+06,1.72033e+06,11
1,mutex_65536_same-core_unpaced,1,total,1.72033e+06,1.74764e+06,9
1,mutex_65536_same-core_unpaced,1,total,1.74764e+06,1.80225e+06,15
1,mutex_65536_same-core_unpaced,1,total,1.80225e+06,1.85686e+06,22
1,mutex_65536_same-core_unpaced,1,total,1.85686e+06,1.91148e+06,23
1,mutex_65536_same-core_unpaced,1,total,1.91148e+06,1.96609e+06,12
1,mutex_65536_same-core_unpaced,1,total,1.96609e+06,2.0207e+06,19
1,mutex_65536_same-core_unpaced,1,total,2.0207e+06,2.07532e+06,23
1,mutex_65536_same-core_unpaced,1,total,2.07532e+06,2.12993e+06,22
1,mutex_65536_same-core_unpaced,1,total,2.12993e+06,2.18455e+06,18
1,mutex_65536_same-core_unpaced,1,total,2.18455e+06,2.23916e+06,11
1,mutex_65536_same-core_unpaced,1,total,2.23916e+06,2.29377e+06,23
1,mutex_65536_same-core_unpaced,1,total,2.29377e+06,2.34839e+06,15
1,mutex_65536_same-core_unpaced,1,total,2.34839e+06,2.403e+06,27
1,mutex_65536_same-core_unpaced,1,total,2.403e+06,2.45761e+06,10
1,mutex_65536_same-core_unpaced,1,total,2.45761e+06,2.51223e+06,25
1,mutex_65536_same-core_unpaced,1,total,2.51223e+06,2.56684e+06,26
1,mutex_65536_same-core_unpaced,1,total,2.56684e+06,2.62145e+06,24
1,mutex_65536_same-core_unpaced,1,total,2.62145e+06,2.67607e+06,22
1,mutex_65536_same-core_unpaced,1,total,2.67607e+06,2.73068e+06,16
1,mutex_65536_same-core_unpaced,1,total,2.73068e+06,2.7853e+06,24
1,mutex_65536_same-core_unpaced,1,total,2.7853e+06,2.83991e+06,17
1,mutex_65536_same-core_unpaced,1,total,2.83991e+06,2.89452e+06,12
1,mutex_65536_same-core_unpaced,1,total,2.89452e+06,2.94914e+06,20
1,mutex_65536_same-core_unpaced,1,total,2.94914e+06,3.00375e+06,19
1,mutex_65536_same-core_unpaced,1,total,3.00375e+06,3.05836e+06,19
1,mutex_65536_same-core_unpaced,1,total,3.05836e+06,3.11298e+06,12
1,mutex_65536_same-core_unpaced,1,total,3.11298e+06,3.16759e+06,23
1,mutex_65536_same-core_unpaced,1,total,3.16759e+06,3.2222e+06,19
1,mutex_65536_same-core_unpaced,1,total,3.2222e+06,3.27682e+06,19
1,mutex_65536_same-core_unpaced,1,total,3.27682e+06,3.33143e+06,13
1,mutex_65536_same-core_unpaced,1,total,3.33143e+06,3.38605e+06,12
1,mutex_65536_same-core_unpaced,1,total,3.38605e+06,3.44066e+06,18
1,mutex_65536_same-core_unpaced,1,total,3.44066e+06,3.49527e+06,21
1,mutex_65536_same-core_unpaced,1,total,3.49527e+06,3.6045e+06,21
1,mutex_65536_same-core_unpaced,1,total,3.6045e+06,3.71373e+06,44
1,mutex_65536_same-core_unpaced,1,total,3.71373e+06,3.82295e+06,36
1,mutex_65536_same-core_unpaced,1,total,3.82295e+06,3.93218e+06,41
1,mutex_65536_same-core_unpaced,1,total,3.93218e+06,4.04141e+06,35
1,mutex_65536_same-core_unpaced,1,total,4.04141e+06,4.15064e+06,51
1,mutex_65536_same-core_unpaced,1,total,4.15064e+06,4.25986e+06,34
1,mutex_65536_same-core_unpaced,1,total,4.25986e+06,4.36909e+06,39
1,mutex_65536_same-core_unpaced,1,total,4.36909e+06,4.47832e+06,47
1,mutex_65536_same-core_unpaced,1,total,4.47832e+06,4.58755e+06,40
1,mutex_65536_same-core_unpaced,1,total,4.58755e+06,4.69677e+06,36
1,mutex_65536_same-core_unpaced,1,total,4.69677e+06,4.806e+06,29
1,mutex_65536_same-core_unpaced,1,total,4.806e+06,4.91523e+06,38
1,mutex_65536_same-core_unpaced,1,total,4.91523e+06,5.02445e+06,40
1,mutex_65536_same-core_unpaced,1,total,5.02445e+06,5.13368e+06,35
1,mutex_65536_same-core_unpaced,1,total,5.13368e+06,5.24291e+06,46
1,mutex_65536_same-core_unpaced,1,total,5.24291e+06,5.35214e+06,45
1,mutex_65536_same-core_unpaced,1,total,5.35214e+06,5.46136e+06,36
1,mutex_65536_same-core_unpaced,1,total,5.46136e+06,5.57059e+06,46
1,mutex_65536_same-core_unpaced,1,total,5.57059e+06,5.67982e+06,37
1,mutex_65536_same-core_unpaced,1,total,5.67982e+06,5.78904e+06,29
1,mutex_65536_same-core_unpaced,1,total,5.78904e+06,5.89827e+06,41
1,mutex_65536_same-core_unpaced,1,total,5.89827e+06,6.0075e+06,26
1,mutex_65536_same-core_unpaced,1,total,6.0075e+06,6.11673e+06,32
1,mutex_65536_same-core_unpaced,1,total,6.11673e+06,6.22595e+06,47
1,mutex_65536_same-core_unpaced,1,total,6.22595e+06,6.33518e+06,35
1,mutex_65536_same-core_unpaced,1,total,6.33518e+06,6.44441e+06,38
1,mutex_65536_same-core_unpaced,1,total,6.44441e+06,6.55364e+06,32
1,mutex_65536_same-core_unpaced,1,total,6.55364e+06,6.66286e+06,36
1,mutex_65536_same-core_unpaced,1,total,6.66286e+06,6.77209e+06,29
1,mutex_65536_same-core_unpaced,1,total,6.77209e+06,6.88132e+06,30
1,mutex_65536_same-core_unpaced,1,total,6.88132e+06,6.99054e+06,31
1,mutex_65536_same-core_unpaced,1,total,6.99054e+06,7.209e+06,93
1,mutex_65536_same-core_unpaced,1,total,7.209e+06,7.42745e+06,68
1,mutex_65536_same-core_unpaced,1,total,7.42745e+06,7.64591e+06,71
1,mutex_65536_same-core_unpaced,1,total,7.64591e+06,7.86436e+06,90
1,mutex_65536_same-core_unpaced,1,total,7.86436e+06,8.08282e+06,64
1,mutex_65536_same-core_unpaced,1,total,8.08282e+06,8.30127e+06,82
1,mutex_65536_same-core_unpaced,1,total,8.30127e+06,8.51973e+06,93
1,mutex_65536_same-core_unpaced,1,total,8.51973e+06,8.73818e+06,88
1,mutex_65536_same-core_unpaced,1,total,8.73818e+06,8.95664e+06,85
1,mutex_65536_same-core_unpaced,1,total,8.95664e+06,9.17509e+06,95
1,mutex_65536_same-core_unpaced,1,total,9.17509e+06,9.39354e+06,77
1,mutex_65536_same-core_unpaced,1,total,9.39354e+06,9.612e+06,139
1,mutex_65536_same-core_unpaced,1,total,9.612e+06,9.83045e+06,150
1,mutex_65536_same-core_unpaced,1,total,9.83045e+06,1.00489e+07,136
1,mutex_65536_same-core_unpaced,1,total,1.00489e+07,1.02674e+07,131
1,mutex_65536_same-core_unpaced,1,total,1.02674e+07,1.04858e+07,141
1,mutex_65536_same-core_unpaced,1,total,1.04858e+07,1.07043e+07,140
1,mutex_65536_same-core_unpaced,1,total,1.07043e+07,1.09227e+07,141
1,mutex_65536_same-core_unpaced,1,total,1.09227e+07,1.11412e+07,150
1,mutex_65536_same-core_unpaced,1,total,1.11412e+07,1.13596e+07,129
1,mutex_65536_same-core_unpaced,1,total,1.13596e+07,1.15781e+07,149
1,mutex_65536_same-core_unpaced,1,total,1.15781e+07,1.17965e+07,135
1,mutex_65536_same-core_unpaced,1,total,1.17965e+07,1.2015e+07,138
1,mutex_65536_same-core_unpaced,1,total,1.2015e+07,1.22335e+07,140
1,mutex_65536_same-core_unpaced,1,total,1.22335e+07,1.24519e+07,121
1,mutex_65536_same-core_unpaced,1,total,1.24519e+07,1.26704e+07,120
1,mutex_65536_same-core_unpaced,1,total,1.26704e+07,1.28888e+07,139
1,mutex_65536_same-core_unpaced,1,total,1.28888e+07,1.31073e+07,147
1,mutex_65536_same-core_unpaced,1,total,1.31073e+07,1.33257e+07,136
1,mutex_65536_same-core_unpaced,1,total,1.33257e+07,1.35442e+07,149
1,mutex_65536_same-core_unpaced,1,total,1.35442e+07,1.37626e+07,144
1,mutex_65536_same-core_unpaced,1,total,1.37626e+07,1.39811e+07,146
1,mutex_65536_same-core_unpaced,1,total,1.39811e+07,1.4418e+07,283
1,mutex_65536_same-core_unpaced,1,total,1.4418e+07,1.48549e+07,263
1,mutex_65536_same-core_unpaced,1,total,1.48549e+07,1.52918e+07,271
1,mutex_65536_same-core_unpaced,1,total,1.52918e+07,1.57287e+07,267
1,mutex_65536_same-core_unpaced,1,total,1.57287e+07,1.61656e+07,226
1,mutex_65536_same-core_unpaced,1,total,1.61656e+07,1.66025e+07,279
1,mutex_65536_same-core_unpaced,1,total,1.66025e+07,1.70395e+07,264
1,mutex_65536_same-core_unpaced,1,total,1.70395e+07,1.74764e+07,260
1,mutex_65536_same-core_unpaced,1,total,1.74764e+07,1.79133e+07,305
1,mutex_65536_same-core_unpaced,1,total,1.79133e+07,1.83502e+07,14312
1,mutex_65536_same-core_unpaced,1,total,1.83502e+07,1.87871e+07,126976
1,mutex_65536_same-core_unpaced,1,total,1.87871e+07,1.9224e+07,33620
1,mutex_65536_same-core_unpaced,1,total,1.9224e+07,1.96609e+07,30875
1,mutex_65536_same-core_unpaced,1,total,1.96609e+07,2.00978e+07,22405
1,mutex_65536_same-core_unpaced,1,total,2.00978e+07,2.05347e+07,13277
1,mutex_65536_same-core_unpaced,1,total,2.05347e+07,2.09716e+07,7399
1,mutex_65536_same-core_unpaced,1,total,2.09716e+07,2.14085e+07,8322
1,mutex_65536_same-core_unpaced,1,total,2.14085e+07,2.18455e+07,7240
1,mutex_65536_same-core_unpaced,1,total,2.18455e+07,2.22824e+07,13535
1,mutex_65536_same-core_unpaced,1,total,2.22824e+07,2.27193e+07,10985
1,mutex_65536_same-core_unpaced,1,total,2.27193e+07,2.31562e+07,11178
1,mutex_65536_same-core_unpaced,1,total,2.31562e+07,2.35931e+07,5636
1,mutex_65536_same-core_unpaced,1,total,2.35931e+07,2.403e+07,6348
1,mutex_65536_same-core_unpaced,1,total,2.403e+07,2.44669e+07,7813
1,mutex_65536_same-core_unpaced,1,total,2.44669e+07,2.49038e+07,86208
1,mutex_65536_same-core_unpaced,1,total,2.49038e+07,2.53407e+07,312504
1,mutex_65536_same-core_unpaced,1,total,2.53407e+07,2.57776e+07,476316
1,mutex_65536_same-core_unpaced,1,total,2.57776e+07,2.62145e+07,525491
1,mutex_65536_same-core_unpaced,1,total,2.62145e+07,2.66515e+07,329682
1,mutex_65536_same-core_unpaced,1,total,2.66515e+07,2.70884e+07,165654
1,mutex_65536_same-core_unpaced,1,total,2.70884e+07,2.75253e+07,69341
1,mutex_65536_same-core_unpaced,1,total,2.75253e+07,2.79622e+07,21885
1,mutex_65536_same-core_unpaced,1,total,2.79622e+07,2.8836e+07,26210
1,mutex_65536_same-core_unpaced,1,total,2.8836e+07,2.97098e+07,13145
1,mutex_65536_same-core_unpaced,1,total,2.97098e+07,3.05836e+07,11579
1,mutex_65536_same-core_unpaced,1,total,3.05836e+07,3.14575e+07,5864
1,mutex_65536_same-core_unpaced,1,total,3.14575e+07,3.23313e+07,2246
1,mutex_65536_same-core_unpaced,1,total,3.23313e+07,3.32051e+07,610
1,mutex_65536_same-core_unpaced,1,total,3.32051e+07,3.40789e+07,655
1,mutex_65536_same-core_unpaced,1,total,3.40789e+07,3.49527e+07,715
1,mutex_65536_same-core_unpaced,1,total,3.49527e+07,3.58265e+07,745
1,mutex_65536_same-core_unpaced,1,total,3.58265e+07,3.67004e+07,960
1,mutex_65536_same-core_unpaced,1,total,3.67004e+07,3.75742e+07,3013
1,mutex_65536_same-core_unpaced,1,queue,7680.04,7893.38,1
1,mutex_65536_same-core_unpaced,1,queue,8746.71,8960.05,1
1,mutex_65536_same-core_unpaced,1,queue,11093.4,11306.7,1
1,mutex_65536_same-core_unpaced,1,queue,14506.7,14933.4,1
1,mutex_65536_same-core_unpaced,1,queue,17066.8,17493.4,1
1,mutex_65536_same-core_unpaced,1,queue,18346.8,18773.4,1
1,mutex_65536_same-core_unpaced,1,queue,18773.4,19200.1,1
1,mutex_65536_same-core_unpaced,1,queue,19200.1,19626.8,1
1,mutex_65536_same-core_unpaced,1,queue,20053.4,20480.1,1
1,mutex_65536_same-core_unpaced,1,queue,21760.1,22186.8,1
1,mutex_65536_same-core_unpaced,1,queue,23040.1,23466.8,1
1,mutex_65536_same-core_unpaced,1,queue,24746.8,25173.5,3
1,mutex_65536_same-core_unpaced,1,queue,25173.5,25600.1,1
1,mutex_65536_same-core_unpaced,1,queue,25600.1,26026.8,3
1,mutex_65536_same-core_unpaced,1,queue,26026.8,26453.5,3
1,mutex_65536_same-core_unpaced,1,queue,26453.5,26880.1,2
1,mutex_65536_same-core_unpaced,1,queue,26880.1,27306.8,3
1,mutex_65536_same-core_unpaced,1,queue,27306.8,28160.2,3
1,mutex_65536_same-core_unpaced,1,queue,28160.2,29013.5,3
1,mutex_65536_same-core_unpaced,1,queue,29013.5,29866.8,3
1,mutex_65536_same-core_unpaced,1,queue,29866.8,30720.2,8
1,mutex_65536_same-core_unpaced,1,queue,30720.2,31573.5,5
1,mutex_65536_same-core_unpaced,1,queue,31573.5,32426.8,3
1,mutex_65536_same-core_unpaced,1,queue,32426.8,33280.2,1
1,mutex_65536_same-core_unpaced,1,queue,33280.2,34133.5,5
1,mutex_65536_same-core_unpaced,1,queue,34133.5,34986.9,10
1,mutex_65536_same-core_unpaced,1,queue,34986.9,35840.2,3
1,mutex_65536_same-core_unpaced,1,queue,35840.2,36693.5,2
1,mutex_65536_same-core_unpaced,1,queue,36693.5,37546.9,1
1,mutex_65536_same-core_unpaced,1,queue,38400.2,39253.5,3
1,mutex_65536_same-core_unpaced,1,queue,39253.5,40106.9,7
1,mutex_65536_same-core_unpaced,1,queue,40106.9,40960.2,1
1,mutex_65536_same-core_unpaced,1,queue,40960.2,41813.6,6
1,mutex_65536_same-core_unpaced,1,queue,41813.6,42666.9,2
1,mutex_65536_same-core_unpaced,1,queue,42666.9,43520.2,2
1,mutex_65536_same-core_unpaced,1,queue,43520.2,44373.6,2
1,mutex_65536_same-core_unpaced,1,queue,44373.6,45226.9,2
1,mutex_65536_same-core_unpaced,1,queue,45226.9,46080.3,3
1,mutex_65536_same-core_unpaced,1,queue,46933.6,47786.9,5
1,mutex_65536_same-core_unpaced,1,queue,47786.9,48640.3,1
1,mutex_65536_same-core_unpaced,1,queue,48640.3,49493.6,1
1,mutex_65536_same-core_unpaced,1,queue,49493.6,50346.9,6
1,mutex_65536_same-core_unpaced,1,queue,50346.9,51200.3,5
1,mutex_65536_same-core_unpaced,1,queue,51200.3,52053.6,2
1,mutex_65536_same-core_unpaced,1,queue,52053.6,52907,2
1,mutex_65536_same-core_unpaced,1,queue,52907,53760.3,2
1,mutex_65536_same-core_unpaced,1,queue,53760.3,54613.6,5
1,mutex_65536_same-core_unpaced,1,queue,54613.6,56320.3,13
1,mutex_65536_same-core_unpaced,1,queue,56320.3,58027,35
1,mutex_65536_same-core_unpaced,1,queue,58027,59733.7,27
1,mutex_65536_same-core_unpaced,1,queue,59733.7,61440.3,33
1,mutex_65536_same-core_unpaced,1,queue,61440.3,63147,30
1,mutex_65536_same-core_unpaced,1,queue,63147,64853.7,38
1,mutex_65536_same-core_unpaced,1,queue,64853.7,66560.4,41
1,mutex_65536_same-core_unpaced,1,queue,66560.4,68267,16
1,mutex_65536_same-core_unpaced,1,queue,68267,69973.7,17
1,mutex_65536_same-core_unpaced,1,queue,69973.7,71680.4,15
1,mutex_65536_same-core_unpaced,1,queue,71680.4,73387.1,13
1,mutex_65536_same-core_unpaced,1,queue,73387.1,75093.7,34
1,mutex_65536_same-core_unpaced,1,queue,75093.7,76800.4,17
1,mutex_65536_same-core_unpaced,1,queue,76800.4,78507.1,3
1,mutex_65536_same-core_unpaced,1,queue,78507.1,80213.8,2
1,mutex_65536_same-core_unpaced,1,queue,80213.8,81920.4,6
1,mutex_65536_same-core_unpaced,1,queue,81920.4,83627.1,12
1,mutex_65536_same-core_unpaced,1,queue,83627.1,85333.8,12
1,mutex_65536_same-core_unpaced,1,queue,85333.8,87040.5,8
1,mutex_65536_same-core_unpaced,1,queue,87040.5,88747.2,10
1,mutex_65536_same-core_unpaced,1,queue,88747.2,90453.8,8
1,mutex_65536_same-core_unpaced,1,queue,90453.8,92160.5,4
1,mutex_65536_same-core_unpaced,1,queue,92160.5,93867.2,9
1,mutex_65536_same-core_unpaced,1,queue,93867.2,95573.9,2
1,mutex_65536_same-core_unpaced,1,queue,102401,104107,2
1,mutex_65536_same-core_unpaced,1,queue,109227,112641,1
1,mutex_65536_same-core_unpaced,1,queue,122881,126294,2
1,mutex_65536_same-core_unpaced,1,queue,126294,129707,1
1,mutex_65536_same-core_unpaced,1,queue,129707,133121,1
1,mutex_65536_same-core_unpaced,1,queue,139947,143361,1
1,mutex_65536_same-core_unpaced,1,queue,143361,146774,1
1,mutex_65536_same-core_unpaced,1,queue,146774,150187,3
1,mutex_65536_same-core_unpaced,1,queue,150187,153601,1
1,mutex_65536_same-core_unpaced,1,queue,153601,157014,1
1,mutex_65536_same-core_unpaced,1,queue,170668,174081,1
1,mutex_65536_same-core_unpaced,1,queue,174081,177494,1
1,mutex_65536_same-core_unpaced,1,queue,187734,191148,1
1,mutex_65536_same-core_unpaced,1,queue,191148,194561,1
1,mutex_65536_same-core_unpaced,1,queue,197974,201388,1
1,mutex_65536_same-core_unpaced,1,queue,201388,204801,2
1,mutex_65536_same-core_unpaced,1,queue,204801,208214,1
1,mutex_65536_same-core_unpaced,1,queue,208214,211628,1
1,mutex_65536_same-core_unpaced,1,queue,211628,215041,1
1,mutex_65536_same-core_unpaced,1,queue,215041,218455,1
1,mutex_65536_same-core_unpaced,1,queue,218455,225281,1
1,mutex_65536_same-core_unpaced,1,queue,225281,232108,1
1,mutex_65536_same-core_unpaced,1,queue,232108,238935,1
1,mutex_65536_same-core_unpaced,1,queue,238935,245761,1
1,mutex_65536_same-core_unpaced,1,queue,245761,252588,3
1,mutex_65536_same-core_unpaced,1,queue,252588,259415,2
1,mutex_65536_same-core_unpaced,1,queue,259415,266241,2
1,mutex_65536_same-core_unpaced,1,queue,266241,273068,1
1,mutex_65536_same-core_unpaced,1,queue,273068,279895,2
1,mutex_65536_same-core_unpaced,1,queue,286722,293548,1
1,mutex_65536_same-core_unpaced,1,queue,293548,300375,2
1,mutex_65536_same-core_unpaced,1,queue,300375,307202,1
1,mutex_65536_same-core_unpaced,1,queue,307202,314028,1
1,mutex_65536_same-core_unpaced,1,queue,314028,320855,1
1,mutex_65536_same-core_unpaced,1,queue,320855,327682,2
1,mutex_65536_same-core_unpaced,1,queue,327682,334508,2
1,mutex_65536_same-core_unpaced,1,queue,334508,341335,2
1,mutex_65536_same-core_unpaced,1,queue,341335,348162,1
1,mutex_65536_same-core_unpaced,1,queue,354989,361815,1
1,mutex_65536_same-core_unpaced,1,queue,361815,368642,2
1,mutex_65536_same-core_unpaced,1,queue,368642,375469,4
1,mutex_65536_same-core_unpaced,1,queue,375469,382295,1
1,mutex_65536_same-core_unpaced,1,queue,382295,389122,2
1,mutex_65536_same-core_unpaced,1,queue,389122,395949,1
1,mutex_65536_same-core_unpaced,1,queue,395949,402776,3
1,mutex_65536_same-core_unpaced,1,queue,402776,409602,1
1,mutex_65536_same-core_unpaced,1,queue,409602,416429,2
1,mutex_65536_same-core_unpaced,1,queue,423256,430082,4
1,mutex_65536_same-core_unpaced,1,queue,430082,436909,1
1,mutex_65536_same-core_unpaced,1,queue,436909,450562,3
1,mutex_65536_same-core_unpaced,1,queue,450562,464216,3
1,mutex_65536_same-core_unpaced,1,queue,464216,477869,4
1,mutex_65536_same-core_unpaced,1,queue,491523,505176,5
1,mutex_65536_same-core_unpaced,1,queue,505176,518829,8
1,mutex_65536_same-core_unpaced,1,queue,518829,532483,1
1,mutex_65536_same-core_unpaced,1,queue,532483,546136,4
1,mutex_65536_same-core_unpaced,1,queue,546136,559790,5
1,mutex_65536_same-core_unpaced,1,queue,559790,573443,1
1,mutex_65536_same-core_unpaced,1,queue,573443,587097,4
1,mutex_65536_same-core_unpaced,1,queue,587097,600750,2
1,mutex_65536_same-core_unpaced,1,queue,600750,614403,3
1,mutex_65536_same-core_unpaced,1,queue,614403,628057,2
1,mutex_65536_same-core_unpaced,1,queue,628057,641710,3
1,mutex_65536_same-core_unpaced,1,queue,641710,655364,3
1,mutex_65536_same-core_unpaced,1,queue,655364,669017,5
1,mutex_65536_same-core_unpaced,1,queue,669017,682670,4
1,mutex_65536_same-core_unpaced,1,queue,682670,696324,4
1,mutex_65536_same-core_unpaced,1,queue,696324,709977,2
1,mutex_65536_same-core_unpaced,1,queue,709977,723631,3
1,mutex_65536_same-core_unpaced,1,queue,723631,737284,2
1,mutex_65536_same-core_unpaced,1,queue,737284,750937,3
1,mutex_65536_same-core_unpaced,1,queue,750937,764591,2
1,mutex_65536_same-core_unpaced,1,queue,764591,778244,5
1,mutex_65536_same-core_unpaced,1,queue,778244,791898,1
1,mutex_65536_same-core_unpaced,1,queue,791898,805551,5
1,mutex_65536_same-core_unpaced,1,queue,805551,819204,2
1,mutex_65536_same-core_unpaced,1,queue,819204,832858,3
1,mutex_65536_same-core_unpaced,1,queue,832858,846511,9
1,mutex_65536_same-core_unpaced,1,queue,846511,860165,8
1,mutex_65536_same-core_unpaced,1,queue,860165,873818,1
1,mutex_65536_same-core_unpaced,1,queue,873818,901125,13
1,mutex_65536_same-core_unpaced,1,queue,901125,928432,6
1,mutex_65536_same-core_unpaced,1,queue,928432,955739,9
1,mutex_65536_same-core_unpaced,1,queue,955739,983045,7
1,mutex_65536_same-core_unpaced,1,queue,983045,1.01035e+06,8
1,mutex_65536_same-core_unpaced,1,queue,1.01035e+06,1.03766e+06,5
1,mutex_65536_same-core_unpaced,1,queue,1.03766e+06,1.06497e+06,9
1,mutex_65536_same-core_unpaced,1,queue,1.06497e+06,1.09227e+06,12
1,mutex_65536_same-core_unpaced,1,queue,1.09227e+06,1.11958e+06,8
1,mutex_65536_same-core_unpaced,1,queue,1.11958e+06,1.14689e+06,7
1,mutex_65536_same-core_unpaced,1,queue,1.14689e+06,1.17419e+06,7
1,mutex_65536_same-core_unpaced,1,queue,1.17419e+06,1.2015e+06,5
1,mutex_65536_same-core_unpaced,1,queue,1.2015e+06,1.22881e+06,8
1,mutex_65536_same-core_unpaced,1,queue,1.22881e+06,1.25611e+06,7
1,mutex_65536_same-core_unpaced,1,queue,1.25611e+06,1.28342e+06,9
1,mutex_65536_same-core_unpaced,1,queue,1.28342e+06,1.31073e+06,12
1,mutex_65536_same-core_unpaced,1,queue,1.31073e+06,1.33803e+06,5
1,mutex_65536_same-core_unpaced,1,queue,1.33803e+06,1.36534e+06,8
1,mutex_65536_same-core_unpaced,1,queue,1.36534e+06,1.39265e+06,10
1,mutex_65536_same-core_unpaced,1,queue,1.39265e+06,1.41995e+06,7
1,mutex_65536_same-core_unpaced,1,queue,1.41995e+06,1.44726e+06,7
1,mutex_65536_same-core_unpaced,1,queue,1.44726e+06,1.47457e+06,8
1,mutex_65536_same-core_unpaced,1,queue,1.47457e+06,1.50187e+06,6
1,mutex_65536_same-core_unpaced,1,queue,1.50187e+06,1.52918e+06,7
1,mutex_65536_same-core_unpaced,1,queue,1.52918e+06,1.55649e+06,6
1,mutex_65536_same-core_unpaced,1,queue,1.55649e+06,1.5838e+06,6
1,mutex_65536_same-core_unpaced,1,queue,1.5838e+06,1.6111e+06,6
1,mutex_65536_same-core_unpaced,1,queue,1.6111e+06,1.63841e+06,5
1,mutex_65536_same-core_unpaced,1,queue,1.63841e+06,1.66572e+06,8
1,mutex_65536_same-core_unpaced,1,queue,1.66572e+06,1.69302e+06,6
1,mutex_65536_same-core_unpaced,1,queue,1.69302e+06,1.72033e+06,11
1,mutex_65536_same-core_unpaced,1,queue,1.72033e+06,1.74764e+06,9
1,mutex_65536_same-core_unpaced,1,queue,1.74764e+06,1.80225e+06,15
1,mutex_65536_same-core_unpaced,1,queue,1.80225e+06,1.85686e+06,22
1,mutex_65536_same-core_unpaced,1,queue,1.85686e+06,1.91148e+06,23
1,mutex_65536_same-core_unpaced,1,queue,1.91148e+06,1.96609e+06,12
1,mutex_65536_same-core_unpaced,1,queue,1.96609e+06,2.0207e+06,19
1,mutex_65536_same-core_unpaced,1,queue,2.0207e+06,2.07532e+06,23
1,mutex_65536_same-core_unpaced,1,queue,2.07532e+06,2.12993e+06,22
1,mutex_65536_same-core_unpaced,1,queue,2.12993e+06,2.18455e+06,18
1,mutex_65536_same-core_unpaced,1,queue,2.18455e+06,2.23916e+06,11
1,mutex_65536_same-core_unpaced,1,queue,2.23916e+06,2.29377e+06,23
1,mutex_65536_same-core_unpaced,1,queue,2.29377e+06,2.34839e+06,15
1,mutex_65536_same-core_unpaced,1,queue,2.34839e+06,2.403e+06,27
1,mutex_65536_same-core_unpaced,1,queue,2.403e+06,2.45761e+06,10
1,mutex_65536_same-core_unpaced,1,queue,2.45761e+06,2.51223e+06,25
1,mutex_65536_same-core_unpaced,1,queue,2.51223e+06,2.56684e+06,26
1,mutex_65536_same-core_unpaced,1,queue,2.56684e+06,2.62145e+06,24
1,mutex_65536_same-core_unpaced,1,queue,2.62145e+06,2.67607e+06,22
1,mutex_65536_same-core_unpaced,1,queue,2.67607e+06,2.73068e+06,16
1,mutex_65536_same-core_unpaced,1,queue,2.73068e+06,2.7853e+06,24
1,mutex_65536_same-core_unpaced,1,queue,2.7853e+06,2.83991e+06,17
1,mutex_65536_same-core_unpaced,1,queue,2.83991e+06,2.89452e+06,13
1,mutex_65536_same-core_unpaced,1,queue,2.89452e+06,2.94914e+06,19
1,mutex_65536_same-core_unpaced,1,queue,2.94914e+06,3.00375e+06,19
1,mutex_65536_same-core_unpaced,1,queue,3.00375e+06,3.05836e+06,19
1,mutex_65536_same-core_unpaced,1,queue,3.05836e+06,3.11298e+06,12
1,mutex_65536_same-core_unpaced,1,queue,3.11298e+06,3.16759e+06,23
1,mutex_65536_same-core_unpaced,1,queue,3.16759e+06,3.2222e+06,19
1,mutex_65536_same-core_unpaced,1,queue,3.2222e+06,3.27682e+06,19
1,mutex_65536_same-core_unpaced,1,queue,3.27682e+06,3.33143e+06,13
1,mutex_65536_same-core_unpaced,1,queue,3.33143e+06,3.38605e+06,12
1,mutex_65536_same-core_unpaced,1,queue,3.38605e+06,3.44066e+06,18
1,mutex_65536_same-core_unpaced,1,queue,3.44066e+06,3.49527e+06,21
1,mutex_65536_same-core_unpaced,1,queue,3.49527e+06,3.6045e+06,21
1,mutex_65536_same-core_unpaced,1,queue,3.6045e+06,3.71373e+06,44
1,mutex_65536_same-core_unpaced,1,queue,3.71373e+06,3.82295e+06,36
1,mutex_65536_same-core_unpaced,1,queue,3.82295e+06,3.93218e+06,41
1,mutex_65536_same-core_unpaced,1,queue,3.93218e+06,4.04141e+06,35
1,mutex_65536_same-core_unpaced,1,queue,4.04141e+06,4.15064e+06,51
1,mutex_65536_same-core_unpaced,1,queue,4.15064e+06,4.25986e+06,34
1,mutex_65536_same-core_unpaced,1,queue,4.25986e+06,4.36909e+06,40
1,mutex_65536_same-core_unpaced,1,queue,4.36909e+06,4.47832e+06,46
1,mutex_65536_same-core_unpaced,1,queue,4.47832e+06,4.58755e+06,40
1,mutex_65536_same-core_unpaced,1,queue,4.58755e+06,4.69677e+06,36
1,mutex_65536_same-core_unpaced,1,queue,4.69677e+06,4.806e+06,29
1,mutex_65536_same-core_unpaced,1,queue,4.806e+06,4.91523e+06,38
1,mutex_65536_same-core_unpaced,1,queue,4.91523e+06,5.02445e+06,40
1,mutex_65536_same-core_unpaced,1,queue,5.02445e+06,5.13368e+06,35
1,mutex_65536_same-core_unpaced,1,queue,5.13368e+06,5.24291e+06,46
1,mutex_65536_same-core_unpaced,1,queue,5.24291e+06,5.35214e+06,45
1,mutex_65536_same-core_unpaced,1,queue,5.35214e+06,5.46136e+06,36
1,mutex_65536_same-core_unpaced,1,queue,5.46136e+06,5.57059e+06,46
1,mutex_65536_same-core_unpaced,1,queue,5.57059e+06,5.67982e+06,37
1,mutex_65536_same-core_unpaced,1,queue,5.67982e+06,5.78904e+06,29
1,mutex_65536_same-core_unpaced,1,queue,5.78904e+06,5.89827e+06,41
1,mutex_65536_same-core_unpaced,1,queue,5.89827e+06,6.0075e+06,26
1,mutex_65536_same-core_unpaced,1,queue,6.0075e+06,6.11673e+06,32
1,mutex_65536_same-core_unpaced,1,queue,6.11673e+06,6.22595e+06,47
1,mutex_65536_same-core_unpaced,1,queue,6.22595e+06,6.33518e+06,35
1,mutex_65536_same-core_unpaced,1,queue,6.33518e+06,6.44441e+06,38
1,mutex_65536_same-core_unpaced,1,queue,6.44441e+06,6.55364e+06,32
1,mutex_65536_same-core_unpaced,1,queue,6.55364e+06,6.66286e+06,36
1,mutex_65536_same-core_unpaced,1,queue,6.66286e+06,6.77209e+06,29
1,mutex_65536_same-core_unpaced,1,queue,6.77209e+06,6.88132e+06,31
1,mutex_65536_same-core_unpaced,1,queue,6.88132e+06,6.99054e+06,30
1,mutex_65536_same-core_unpaced,1,queue,6.99054e+06,7.209e+06,93
1,mutex_65536_same-core_unpaced,1,queue,7.209e+06,7.42745e+06,68
1,mutex_65536_same-core_unpaced,1,queue,7.42745e+06,7.64591e+06,71
1,mutex_65536_same-core_unpaced,1,queue,7.64591e+06,7.86436e+06,90
1,mutex_65536_same-core_unpaced,1,queue,7.86436e+06,8.08282e+06,64
1,mutex_65536_same-core_unpaced,1,queue,8.08282e+06,8.30127e+06,82
1,mutex_65536_same-core_unpaced,1,queue,8.30127e+06,8.51973e+06,93
1,mutex_65536_same-core_unpaced,1,queue,8.51973e+06,8.73818e+06,88
1,mutex_65536_same-core_unpaced,1,queue,8.73818e+06,8.95664e+06,85
1,mutex_65536_same-core_unpaced,1,queue,8.95664e+06,9.17509e+06,95
1,mutex_65536_same-core_unpaced,1,queue,9.17509e+06,9.39354e+06,77
1,mutex_65536_same-core_unpaced,1,queue,9.39354e+06,9.612e+06,139
1,mutex_65536_same-core_unpaced,1,queue,9.612e+06,9.83045e+06,150
1,mutex_65536_same-core_unpaced,1,queue,9.83045e+06,1.00489e+07,136
1,mutex_65536_same-core_unpaced,1,queue,1.00489e+07,1.02674e+07,132
1,mutex_65536_same-core_unpaced,1,queue,1.02674e+07,1.04858e+07,140
1,mutex_65536_same-core_unpaced,1,queue,1.04858e+07,1.07043e+07,140
1,mutex_65536_same-core_unpaced,1,queue,1.07043e+07,1.09227e+07,141
1,mutex_65536_same-core_unpaced,1,queue,1.09227e+07,1.11412e+07,150
1,mutex_65536_same-core_unpaced,1,queue,1.11412e+07,1.13596e+07,129
1,mutex_65536_same-core_unpaced,1,queue,1.13596e+07,1.15781e+07,149
1,mutex_65536_same-core_unpaced,1,queue,1.15781e+07,1.17965e+07,135
1,mutex_65536_same-core_unpaced,1,queue,1.17965e+07,1.2015e+07,138
1,mutex_65536_same-core_unpaced,1,queue,1.2015e+07,1.22335e+07,140
1,mutex_65536_same-core_unpaced,1,queue,1.22335e+07,1.24519e+07,121
1,mutex_65536_same-core_unpaced,1,queue,1.24519e+07,1.26704e+07,121
1,mutex_65536_same-core_unpaced,1,queue,1.26704e+07,1.28888e+07,138
1,mutex_65536_same-core_unpaced,1,queue,1.28888e+07,1.31073e+07,147
1,mutex_65536_same-core_unpaced,1,queue,1.31073e+07,1.33257e+07,136
1,mutex_65536_same-core_unpaced,1,queue,1.33257e+07,1.35442e+07,149
1,mutex_65536_same-core_unpaced,1,queue,1.35442e+07,1.37626e+07,144
1,mutex_65536_same-core_unpaced,1,queue,1.37626e+07,1.39811e+07,146
1,mutex_65536_same-core_unpaced,1,queue,1.39811e+07,1.4418e+07,283
1,mutex_65536_same-core_unpaced,1,queue,1.4418e+07,1.48549e+07,263
1,mutex_65536_same-core_unpaced,1,queue,1.48549e+07,1.52918e+07,271
1,mutex_65536_same-core_unpaced,1,queue,1.52918e+07,1.57287e+07,268
1,mutex_65536_same-core_unpaced,1,queue,1.57287e+07,1.61656e+07,225
1,mutex_65536_same-core_unpaced,1,queue,1.61656e+07,1.66025e+07,280
1,mutex_65536_same-core_unpaced,1,queue,1.66025e+07,1.70395e+07,263
1,mutex_65536_same-core_unpaced,1,queue,1.70395e+07,1.74764e+07,260
1,mutex_65536_same-core_unpaced,1,queue,1.74764e+07,1.79133e+07,305
1,mutex_65536_same-core_unpaced,1,queue,1.79133e+07,1.83502e+07,14332
1,mutex_65536_same-core_unpaced,1,queue,1.83502e+07,1.87871e+07,126974
1,mutex_65536_same-core_unpaced,1,queue,1.87871e+07,1.9224e+07,33606
1,mutex_65536_same-core_unpaced,1,queue,1.9224e+07,1.96609e+07,30879
1,mutex_65536_same-core_unpaced,1,queue,1.96609e+07,2.00978e+07,22405
1,mutex_65536_same-core_unpaced,1,queue,2.00978e+07,2.05347e+07,13271
1,mutex_65536_same-core_unpaced,1,queue,2.05347e+07,2.09716e+07,7399
1,mutex_65536_same-core_unpaced,1,queue,2.09716e+07,2.14085e+07,8324
1,mutex_65536_same-core_unpaced,1,queue,2.14085e+07,2.18455e+07,7242
1,mutex_65536_same-core_unpaced,1,queue,2.18455e+07,2.22824e+07,13536
1,mutex_65536_same-core_unpaced,1,queue,2.22824e+07,2.27193e+07,10983
1,mutex_65536_same-core_unpaced,1,queue,2.27193e+07,2.31562e+07,11178
1,mutex_65536_same-core_unpaced,1,queue,2.31562e+07,2.35931e+07,5639
1,mutex_65536_same-core_unpaced,1,queue,2.35931e+07,2.403e+07,6343
1,mutex_65536_same-core_unpaced,1,queue,2.403e+07,2.44669e+07,7818
1,mutex_65536_same-core_unpaced,1,queue,2.44669e+07,2.49038e+07,86293
1,mutex_65536_same-core_unpaced,1,queue,2.49038e+07,2.53407e+07,312702
1,mutex_65536_same-core_unpaced,1,queue,2.53407e+07,2.57776e+07,476289
1,mutex_65536_same-core_unpaced,1,queue,2.57776e+07,2.62145e+07,525486
1,mutex_65536_same-core_unpaced,1,queue,2.62145e+07,2.66515e+07,329520
1,mutex_65536_same-core_unpaced,1,queue,2.66515e+07,2.70884e+07,165642
1,mutex_65536_same-core_unpaced,1,queue,2.70884e+07,2.75253e+07,69265
1,mutex_65536_same-core_unpaced,1,queue,2.75253e+07,2.79622e+07,21880
1,mutex_65536_same-core_unpaced,1,queue,2.79622e+07,2.8836e+07,26209
1,mutex_65536_same-core_unpaced,1,queue,2.8836e+07,2.97098e+07,13146
1,mutex_65536_same-core_unpaced,1,queue,2.97098e+07,3.05836e+07,11578
1,mutex_65536_same-core_unpaced,1,queue,3.05836e+07,3.14575e+07,5862
1,mutex_65536_same-core_unpaced,1,queue,3.14575e+07,3.23313e+07,2245
1,mutex_65536_same-core_unpaced,1,queue,3.23313e+07,3.32051e+07,610
1,mutex_65536_same-core_unpaced,1,queue,3.32051e+07,3.40789e+07,655
1,mutex_65536_same-core_unpaced,1,queue,3.40789e+07,3.49527e+07,715
1,mutex_65536_same-core_unpaced,1,queue,3.49527e+07,3.58265e+07,746
1,mutex_65536_same-core_unpaced,1,queue,3.58265e+07,3.67004e+07,959
1,mutex_65536_same-core_unpaced,1,queue,3.67004e+07,3.75742e+07,3013
1,mutex_65536_same-core_unpaced,1,book,15.0001,15.4168,1
1,mutex_65536_same-core_unpaced,1,book,15.8334,16.2501,4
1,mutex_65536_same-core_unpaced,1,book,16.6668,17.0834,14
1,mutex_65536_same-core_unpaced,1,book,17.5001,17.9168,24
1,mutex_65536_same-core_unpaced,1,book,18.3334,18.7501,30
1,mutex_65536_same-core_unpaced,1,book,19.1668,19.5834,76
1,mutex_65536_same-core_unpaced,1,book,20.0001,20.4168,105
1,mutex_65536_same-core_unpaced,1,book,20.8334,21.2501,188
1,mutex_65536_same-core_unpaced,1,book,21.6668,22.0835,293
1,mutex_65536_same-core_unpaced,1,book,22.5001,22.9168,239
1,mutex_65536_same-core_unpaced,1,book,23.3335,23.7501,306
1,mutex_65536_same-core_unpaced,1,book,24.1668,24.5835,390
1,mutex_65536_same-core_unpaced,1,book,25.0001,25.4168,489
1,mutex_65536_same-core_unpaced,1,book,25.8335,26.2501,639
1,mutex_65536_same-core_unpaced,1,book,26.6668,27.5002,974
1,mutex_65536_same-core_unpaced,1,book,27.5002,28.3335,1180
1,mutex_65536_same-core_unpaced,1,book,28.3335,29.1668,1912
1,mutex_65536_same-core_unpaced,1,book,29.1668,30.0002,3449
1,mutex_65536_same-core_unpaced,1,book,30.0002,30.8335,4585
1,mutex_65536_same-core_unpaced,1,book,30.8335,31.6668,5617
1,mutex_65536_same-core_unpaced,1,book,31.6668,32.5002,4883
1,mutex_65536_same-core_unpaced,1,book,32.5002,33.3335,4180
1,mutex_65536_same-core_unpaced,1,book,33.3335,34.1669,3356
1,mutex_65536_same-core_unpaced,1,book,34.1669,35.0002,2172
1,mutex_65536_same-core_unpaced,1,book,35.0002,35.8335,1719
1,mutex_65536_same-core_unpaced,1,book,35.8335,36.6669,1244
1,mutex_65536_same-core_unpaced,1,book,36.6669,37.5002,867
1,mutex_65536_same-core_unpaced,1,book,37.5002,38.3335,864
1,mutex_65536_same-core_unpaced,1,book,38.3335,39.1669,761
1,mutex_65536_same-core_unpaced,1,book,39.1669,40.0002,796
1,mutex_65536_same-core_unpaced,1,book,40.0002,40.8336,1051
1,mutex_65536_same-core_unpaced,1,book,40.8336,41.6669,1110
1,mutex_65536_same-core_unpaced,1,book,41.6669,42.5002,1305
1,mutex_65536_same-core_unpaced,1,book,42.5002,43.3336,1731
1,mutex_65536_same-core_unpaced,1,book,43.3336,44.1669,1907
1,mutex_65536_same-core_unpaced,1,book,44.1669,45.0002,2507
1,mutex_65536_same-core_unpaced,1,book,45.0002,45.8336,3070
1,mutex_65536_same-core_unpaced,1,book,45.8336,46.6669,3247
1,mutex_65536_same-core_unpaced,1,book,46.6669,47.5003,4299
1,mutex_65536_same-core_unpaced,1,book,47.5003,48.3336,4243
1,mutex_65536_same-core_unpaced,1,book,48.3336,49.1669,4852
1,mutex_65536_same-core_unpaced,1,book,49.1669,50.0003,5405
1,mutex_65536_same-core_unpaced,1,book,50.0003,50.8336,5198
1,mutex_65536_same-core_unpaced,1,book,50.8336,51.6669,5616
1,mutex_65536_same-core_unpaced,1,book,51.6669,52.5003,5244
1,mutex_65536_same-core_unpaced,1,book,52.5003,53.3336,4999
1,mutex_65536_same-core_unpaced,1,book,53.3336,55.0003,9734
1,mutex_65536_same-core_unpaced,1,book,55.0003,56.667,9252
1,mutex_65536_same-core_unpaced,1,book,56.667,58.3337,8565
1,mutex_65536_same-core_unpaced,1,book,58.3337,60.0003,8317
1,mutex_65536_same-core_unpaced,1,book,60.0003,61.667,9728
1,mutex_65536_same-core_unpaced,1,book,61.667,63.3337,10800
1,mutex_65536_same-core_unpaced,1,book,63.3337,65.0004,11694
1,mutex_65536_same-core_unpaced,1,book,65.0004,66.667,12788
1,mutex_65536_same-core_unpaced,1,book,66.667,68.3337,14441
1,mutex_65536_same-core_unpaced,1,book,68.3337,70.0004,15086
1,mutex_65536_same-core_unpaced,1,book,70.0004,71.6671,15466
1,mutex_65536_same-core_unpaced,1,book,71.6671,73.3337,15389
1,mutex_65536_same-core_unpaced,1,book,73.3337,75.0004,16116
1,mutex_65536_same-core_unpaced,1,book,75.0004,76.6671,16125
1,mutex_65536_same-core_unpaced,1,book,76.6671,78.3338,15705
1,mutex_65536_same-core_unpaced,1,book,78.3338,80.0004,15227
1,mutex_65536_same-core_unpaced,1,book,80.0004,81.6671,16141
1,mutex_65536_same-core_unpaced,1,book,81.6671,83.3338,16218
1,mutex_65536_same-core_unpaced,1,book,83.3338,85.0005,15361
1,mutex_65536_same-core_unpaced,1,book,85.0005,86.6671,15022
1,mutex_65536_same-core_unpaced,1,book,86.6671,88.3338,15050
1,mutex_65536_same-core_unpaced,1,book,88.3338,90.0005,14055
1,mutex_65536_same-core_unpaced,1,book,90.0005,91.6672,12918
1,mutex_65536_same-core_unpaced,1,book,91.6672,93.3338,12119
1,mutex_65536_same-core_unpaced,1,book,93.3338,95.0005,11423
1,mutex_65536_same-core_unpaced,1,book,95.0005,96.6672,10968
1,mutex_65536_same-core_unpaced,1,book,96.6672,98.3339,10083
1,mutex_65536_same-core_unpaced,1,book,98.3339,100.001,8937
1,mutex_65536_same-core_unpaced,1,book,100.001,101.667,8718
1,mutex_65536_same-core_unpaced,1,book,101.667,103.334,8169
1,mutex_65536_same-core_unpaced,1,book,103.334,105.001,7243
1,mutex_65536_same-core_unpaced,1,book,105.001,106.667,6821
1,mutex_65536_same-core_unpaced,1,book,106.667,110.001,12272
1,mutex_65536_same-core_unpaced,1,book,110.001,113.334,10308
1,mutex_65536_same-core_unpaced,1,book,113.334,116.667,9170
1,mutex_65536_same-core_unpaced,1,book,116.667,120.001,7801
1,mutex_65536_same-core_unpaced,1,book,120.001,123.334,7195
1,mutex_65536_same-core_unpaced,1,book,123.334,126.667,6161
1,mutex_65536_same-core_unpaced,1,book,126.667,130.001,6362
1,mutex_65536_same-core_unpaced,1,book,130.001,133.334,7546
1,mutex_65536_same-core_unpaced,1,book,133.334,136.667,12268
1,mutex_65536_same-core_unpaced,1,book,136.667,140.001,16173
1,mutex_65536_same-core_unpaced,1,book,140.001,143.334,17980
1,mutex_65536_same-core_unpaced,1,book,143.334,146.667,19264
1,mutex_65536_same-core_unpaced,1,book,146.667,150.001,27006
1,mutex_65536_same-core_unpaced,1,book,150.001,153.334,35002
1,mutex_65536_same-core_unpaced,1,book,153.334,156.668,40956
1,mutex_65536_same-core_unpaced,1,book,156.668,160.001,38313
1,mutex_65536_same-core_unpaced,1,book,160.001,163.334,40618
1,mutex_65536_same-core_unpaced,1,book,163.334,166.668,46919
1,mutex_65536_same-core_unpaced,1,book,166.668,170.001,53233
1,mutex_65536_same-core_unpaced,1,book,170.001,173.334,49437
1,mutex_65536_same-core_unpaced,1,book,173.334,176.668,46869
1,mutex_65536_same-core_unpaced,1,book,176.668,180.001,45299
1,mutex_65536_same-core_unpaced,1,book,180.001,183.334,50337
1,mutex_65536_same-core_unpaced,1,book,183.334,186.668,49305
1,mutex_65536_same-core_unpaced,1,book,186.668,190.001,47222
1,mutex_65536_same-core_unpaced,1,book,190.001,193.334,43584
1,mutex_65536_same-core_unpaced,1,book,193.334,196.668,44630
1,mutex_65536_same-core_unpaced,1,book,196.668,200.001,43141
1,mutex_65536_same-core_unpaced,1,book,200.001,203.334,42915
1,mutex_65536_same-core_unpaced,1,book,203.334,206.668,39392
1,mutex_65536_same-core_unpaced,1,book,206.668,210.001,38833
1,mutex_65536_same-core_unpaced,1,book,210.001,213.334,36244
1,mutex_65536_same-core_unpaced,1,book,213.334,220.001,66171
1,mutex_65536_same-core_unpaced,1,book,220.001,226.668,56856
1,mutex_65536_same-core_unpaced,1,book,226.668,233.335,49389
1,mutex_65536_same-core_unpaced,1,book,233.335,240.001,42186
1,mutex_65536_same-core_unpaced,1,book,240.001,246.668,37399
1,mutex_65536_same-core_unpaced,1,book,246.668,253.335,32778
1,mutex_65536_same-core_unpaced,1,book,253.335,260.001,29025
1,mutex_65536_same-core_unpaced,1,book,260.001,266.668,26540
1,mutex_65536_same-core_unpaced,1,book,266.668,273.335,24154
1,mutex_65536_same-core_unpaced,1,book,273.335,280.002,22306
1,mutex_65536_same-core_unpaced,1,book,280.002,286.668,20914
1,mutex_65536_same-core_unpaced,1,book,286.668,293.335,19379
1,mutex_65536_same-core_unpaced,1,book,293.335,300.002,18427
1,mutex_65536_same-core_unpaced,1,book,300.002,306.668,17577
1,mutex_65536_same-core_unpaced,1,book,306.668,313.335,17026
1,mutex_65536_same-core_unpaced,1,book,313.335,320.002,16285
1,mutex_65536_same-core_unpaced,1,book,320.002,326.668,16574
1,mutex_65536_same-core_unpaced,1,book,326.668,333.335,16259
1,mutex_65536_same-core_unpaced,1,book,333.335,340.002,15908
1,mutex_65536_same-core_unpaced,1,book,340.002,346.669,15728
1,mutex_65536_same-core_unpaced,1,book,346.669,353.335,15393
1,mutex_65536_same-core_unpaced,1,book,353.335,360.002,15103
1,mutex_65536_same-core_unpaced,1,book,360.002,366.669,14772
1,mutex_65536_same-core_unpaced,1,book,366.669,373.335,14379
1,mutex_65536_same-core_unpaced,1,book,373.335,380.002,13881
1,mutex_65536_same-core_unpaced,1,book,380.002,386.669,13574
1,mutex_65536_same-core_unpaced,1,book,386.669,393.335,12902
1,mutex_65536_same-core_unpaced,1,book,393.335,400.002,12181
1,mutex_65536_same-core_unpaced,1,book,400.002,406.669,11944
1,mutex_65536_same-core_unpaced,1,book,406.669,413.336,11104
1,mutex_65536_same-core_unpaced,1,book,413.336,420.002,10669
1,mutex_65536_same-core_unpaced,1,book,420.002,426.669,10086
1,mutex_65536_same-core_unpaced,1,book,426.669,440.002,18948
1,mutex_65536_same-core_unpaced,1,book,440.002,453.336,17316
1,mutex_65536_same-core_unpaced,1,book,453.336,466.669,15375
1,mutex_65536_same-core_unpaced,1,book,466.669,480.003,13940
1,mutex_65536_same-core_unpaced,1,book,480.003,493.336,12072
1,mutex_65536_same-core_unpaced,1,book,493.336,506.669,10488
1,mutex_65536_same-core_unpaced,1,book,506.669,520.003,9175
1,mutex_65536_same-core_unpaced,1,book,520.003,533.336,8125
1,mutex_65536_same-core_unpaced,1,book,533.336,546.67,7244
1,mutex_65536_same-core_unpaced,1,book,546.67,560.003,6395
1,mutex_65536_same-core_unpaced,1,book,560.003,573.336,5795
1,mutex_65536_same-core_unpaced,1,book,573.336,586.67,5331
1,mutex_65536_same-core_unpaced,1,book,586.67,600.003,4769
1,mutex_65536_same-core_unpaced,1,book,600.003,613.337,4390
1,mutex_65536_same-core_unpaced,1,book,613.337,626.67,3988
1,mutex_65536_same-core_unpaced,1,book,626.67,640.003,3608
1,mutex_65536_same-core_unpaced,1,book,640.003,653.337,3285
1,mutex_65536_same-core_unpaced,1,book,653.337,666.67,2930
1,mutex_65536_same-core_unpaced,1,book,666.67,680.004,2665
1,mutex_65536_same-core_unpaced,1,book,680.004,693.337,2384
1,mutex_65536_same-core_unpaced,1,book,693.337,706.671,2186
1,mutex_65536_same-core_unpaced,1,book,706.671,720.004,2046
1,mutex_65536_same-core_unpaced,1,book,720.004,733.337,1766
1,mutex_65536_same-core_unpaced,1,book,733.337,746.671,1690
1,mutex_65536_same-core_unpaced,1,book,746.671,760.004,1473
1,mutex_65536_same-core_unpaced,1,book,760.004,773.338,1340
1,mutex_65536_same-core_unpaced,1,book,773.338,786.671,1224
1,mutex_65536_same-core_unpaced,1,book,786.671,800.004,1075
1,mutex_65536_same-core_unpaced,1,book,800.004,813.338,1037
1,mutex_65536_same-core_unpaced,1,book,813.338,826.671,897
1,mutex_65536_same-core_unpaced,1,book,826.671,840.005,822
1,mutex_65536_same-core_unpaced,1,book,840.005,853.338,713
1,mutex_65536_same-core_unpaced,1,book,853.338,880.005,1227
1,mutex_65536_same-core_unpaced,1,book,880.005,906.672,957
1,mutex_65536_same-core_unpaced,1,book,906.672,933.338,823
1,mutex_65536_same-core_unpaced,1,book,933.338,960.005,636
1,mutex_65536_same-core_unpaced,1,book,960.005,986.672,510
1,mutex_65536_same-core_unpaced,1,book,986.672,1013.34,417
1,mutex_65536_same-core_unpaced,1,book,1013.34,1040.01,363
1,mutex_65536_same-core_unpaced,1,book,1040.01,1066.67,283
1,mutex_65536_same-core_unpaced,1,book,1066.67,1093.34,239
1,mutex_65536_same-core_unpaced,1,book,1093.34,1120.01,189
1,mutex_65536_same-core_unpaced,1,book,1120.01,1146.67,163
1,mutex_65536_same-core_unpaced,1,book,1146.67,1173.34,135
1,mutex_65536_same-core_unpaced,1,book,1173.34,1200.01,110
1,mutex_65536_same-core_unpaced,1,book,1200.01,1226.67,92
1,mutex_65536_same-core_unpaced,1,book,1226.67,1253.34,81
1,mutex_65536_same-core_unpaced,1,book,1253.34,1280.01,85
1,mutex_65536_same-core_unpaced,1,book,1280.01,1306.67,67
1,mutex_65536_same-core_unpaced,1,book,1306.67,1333.34,50
1,mutex_65536_same-core_unpaced,1,book,1333.34,1360.01,37
1,mutex_65536_same-core_unpaced,1,book,1360.01,1386.67,25
1,mutex_65536_same-core_unpaced,1,book,1386.67,1413.34,37
1,mutex_65536_same-core_unpaced,1,book,1413.34,1440.01,18
1,mutex_65536_same-core_unpaced,1,book,1440.01,1466.67,23
1,mutex_65536_same-core_unpaced,1,book,1466.67,1493.34,28
1,mutex_65536_same-core_unpaced,1,book,1493.34,1520.01,20
1,mutex_65536_same-core_unpaced,1,book,1520.01,1546.68,24
1,mutex_65536_same-core_unpaced,1,book,1546.68,1573.34,21
1,mutex_65536_same-core_unpaced,1,book,1573.34,1600.01,4
1,mutex_65536_same-core_unpaced,1,book,1600.01,1626.68,10
1,mutex_65536_same-core_unpaced,1,book,1626.68,1653.34,13
1,mutex_65536_same-core_unpaced,1,book,1653.34,1680.01,12
1,mutex_65536_same-core_unpaced,1,book,1680.01,1706.68,7
1,mutex_65536_same-core_unpaced,1,book,1706.68,1760.01,12
1,mutex_65536_same-core_unpaced,1,book,1760.01,1813.34,13
1,mutex_65536_same-core_unpaced,1,book,1813.34,1866.68,13
1,mutex_65536_same-core_unpaced,1,book,1866.68,1920.01,12
1,mutex_65536_same-core_unpaced,1,book,1920.01,1973.34,7
1,mutex_65536_same-core_unpaced,1,book,1973.34,2026.68,8
1,mutex_65536_same-core_unpaced,1,book,2026.68,2080.01,6
1,mutex_65536_same-core_unpaced,1,book,2080.01,2133.34,9
1,mutex_65536_same-core_unpaced,1,book,2133.34,2186.68,17
1,mutex_65536_same-core_unpaced,1,book,2186.68,2240.01,7
1,mutex_65536_same-core_unpaced,1,book,2240.01,2293.35,10
1,mutex_65536_same-core_unpaced,1,book,2293.35,2346.68,10
1,mutex_65536_same-core_unpaced,1,book,2346.68,2400.01,15
1,mutex_65536_same-core_unpaced,1,book,2400.01,2453.35,6
1,mutex_65536_same-core_unpaced,1,book,2453.35,2506.68,6
1,mutex_65536_same-core_unpaced,1,book,2506.68,2560.01,9
1,mutex_65536_same-core_unpaced,1,book,2560.01,2613.35,4
1,mutex_65536_same-core_unpaced,1,book,2613.35,2666.68,5
1,mutex_65536_same-core_unpaced,1,book,2666.68,2720.01,2
1,mutex_65536_same-core_unpaced,1,book,2720.01,2773.35,7
1,mutex_65536_same-core_unpaced,1,book,2773.35,2826.68,3
1,mutex_65536_same-core_unpaced,1,book,2826.68,2880.02,4
1,mutex_65536_same-core_unpaced,1,book,2933.35,2986.68,2
1,mutex_65536_same-core_unpaced,1,book,2986.68,3040.02,2
1,mutex_65536_same-core_unpaced,1,book,3146.68,3200.02,2
1,mutex_65536_same-core_unpaced,1,book,3200.02,3253.35,2
1,mutex_65536_same-core_unpaced,1,book,3360.02,3413.35,2
1,mutex_65536_same-core_unpaced,1,book,3520.02,3626.69,3
1,mutex_65536_same-core_unpaced,1,book,3626.69,3733.35,3
1,mutex_65536_same-core_unpaced,1,book,3733.35,3840.02,3
1,mutex_65536_same-core_unpaced,1,book,3840.02,3946.69,2
1,mutex_65536_same-core_unpaced,1,book,3946.69,4053.36,9
1,mutex_65536_same-core_unpaced,1,book,4053.36,4160.02,6
1,mutex_65536_same-core_unpaced,1,book,4160.02,4266.69,3
1,mutex_65536_same-core_unpaced,1,book,4266.69,4373.36,7
1,mutex_65536_same-core_unpaced,1,book,4373.36,4480.02,8
1,mutex_65536_same-core_unpaced,1,book,4480.02,4586.69,12
1,mutex_65536_same-core_unpaced,1,book,4586.69,4693.36,16
1,mutex_65536_same-core_unpaced,1,book,4693.36,4800.03,25
1,mutex_65536_same-core_unpaced,1,book,4800.03,4906.69,14
1,mutex_65536_same-core_unpaced,1,book,4906.69,5013.36,9
1,mutex_65536_same-core_unpaced,1,book,5013.36,5120.03,14
1,mutex_65536_same-core_unpaced,1,book,5120.03,5226.7,4
1,mutex_65536_same-core_unpaced,1,book,5226.7,5333.36,7
1,mutex_65536_same-core_unpaced,1,book,5333.36,5440.03,3
1,mutex_65536_same-core_unpaced,1,book,5440.03,5546.7,2
1,mutex_65536_same-core_unpaced,1,book,5546.7,5653.36,2
1,mutex_65536_same-core_unpaced,1,book,5653.36,5760.03,1
1,mutex_65536_same-core_unpaced,1,book,5760.03,5866.7,1
1,mutex_65536_same-core_unpaced,1,book,6080.03,6186.7,1
1,mutex_65536_same-core_unpaced,1,book,6293.37,6400.03,2
1,mutex_65536_same-core_unpaced,1,book,6400.03,6506.7,5
1,mutex_65536_same-core_unpaced,1,book,6506.7,6613.37,7
1,mutex_65536_same-core_unpaced,1,book,6613.37,6720.04,7
1,mutex_65536_same-core_unpaced,1,book,6720.04,6826.7,4
1,mutex_65536_same-core_unpaced,1,book,6826.7,7040.04,9
1,mutex_65536_same-core_unpaced,1,book,7040.04,7253.37,10
1,mutex_65536_same-core_unpaced,1,book,7253.37,7466.71,12
1,mutex_65536_same-core_unpaced,1,book,7466.71,7680.04,7
1,mutex_65536_same-core_unpaced,1,book,7680.04,7893.38,1
1,mutex_65536_same-core_unpaced,1,book,7893.38,8106.71,7
1,mutex_65536_same-core_unpaced,1,book,8106.71,8320.05,15
1,mutex_65536_same-core_unpaced,1,book,8320.05,8533.38,20
1,mutex_65536_same-core_unpaced,1,book,8533.38,8746.71,17
1,mutex_65536_same-core_unpaced,1,book,8746.71,8960.05,7
1,mutex_65536_same-core_unpaced,1,book,8960.05,9173.38,3
1,mutex_65536_same-core_unpaced,1,book,9173.38,9386.72,2
1,mutex_65536_same-core_unpaced,1,book,9386.72,9600.05,2
1,mutex_65536_same-core_unpaced,1,book,9600.05,9813.39,1
1,mutex_65536_same-core_unpaced,1,book,10026.7,10240.1,2
1,mutex_65536_same-core_unpaced,1,book,10240.1,10453.4,14
1,mutex_65536_same-core_unpaced,1,book,10453.4,10666.7,35
1,mutex_65536_same-core_unpaced,1,book,10666.7,10880.1,116
1,mutex_65536_same-core_unpaced,1,book,10880.1,11093.4,113
1,mutex_65536_same-core_unpaced,1,book,11093.4,11306.7,109
1,mutex_65536_same-core_unpaced,1,book,11306.7,11520.1,82
1,mutex_65536_same-core_unpaced,1,book,11520.1,11733.4,48
1,mutex_65536_same-core_unpaced,1,book,11733.4,11946.7,24
1,mutex_65536_same-core_unpaced,1,book,11946.7,12160.1,14
1,mutex_65536_same-core_unpaced,1,book,12160.1,12373.4,7
1,mutex_65536_same-core_unpaced,1,book,12373.4,12586.7,10
1,mutex_65536_same-core_unpaced,1,book,12586.7,12800.1,4
1,mutex_65536_same-core_unpaced,1,book,12800.1,13013.4,5
1,mutex_65536_same-core_unpaced,1,book,13013.4,13226.7,4
1,mutex_65536_same-core_unpaced,1,book,13226.7,13440.1,4
1,mutex_65536_same-core_unpaced,1,book,13653.4,14080.1,4
1,mutex_65536_same-core_unpaced,1,book,14080.1,14506.7,1
1,mutex_65536_same-core_unpaced,1,book,14506.7,14933.4,2
1,mutex_65536_same-core_unpaced,1,book,14933.4,15360.1,2
1,mutex_65536_same-core_unpaced,1,book,16213.4,16640.1,3
1,mutex_65536_same-core_unpaced,1,book,17066.8,17493.4,1
1,mutex_65536_same-core_unpaced,1,book,17493.4,17920.1,1
1,mutex_65536_same-core_unpaced,1,book,18346.8,18773.4,1
1,mutex_65536_same-core_unpaced,1,book,18773.4,19200.1,1
1,mutex_65536_same-core_unpaced,1,book,23466.8,23893.5,1
2,mutex_65536_same-core_unpaced,0,total,2400.01,2453.35,1
2,mutex_65536_same-core_unpaced,0,total,2773.35,2826.68,1
2,mutex_65536_same-core_unpaced,0,total,5546.7,5653.36,1
2,mutex_65536_same-core_unpaced,0,total,7680.04,7893.38,1
2,mutex_65536_same-core_unpaced,0,total,8533.38,8746.71,2
2,mutex_65536_same-core_unpaced,0,total,8746.71,8960.05,1
2,mutex_65536_same-core_unpaced,0,total,8960.05,9173.38,1
2,mutex_65536_same-core_unpaced,0,total,9173.38,9386.72,1
2,mutex_65536_same-core_unpaced,0,total,9386.72,9600.05,2
2,mutex_65536_same-core_unpaced,0,total,9813.39,10026.7,1
2,mutex_65536_same-core_unpaced,0,total,10026.7,10240.1,1
2,mutex_65536_same-core_unpaced,0,total,10240.1,10453.4,1
2,mutex_65536_same-core_unpaced,0,total,10880.1,11093.4,1
2,mutex_65536_same-core_unpaced,0,total,11093.4,11306.7,1
2,mutex_65536_same-core_unpaced,0,total,11520.1,11733.4,1
2,mutex_65536_same-core_unpaced,0,total,13013.4,13226.7,1
2,mutex_65536_same-core_unpaced,0,total,13440.1,13653.4,1
2,mutex_65536_same-core_unpaced,0,total,13653.4,14080.1,2
2,mutex_65536_same-core_unpaced,0,total,14080.1,14506.7,1
2,mutex_65536_same-core_unpaced,0,total,14933.4,15360.1,1
2,mutex_65536_same-core_unpaced,0,total,15360.1,15786.8,3
2,mutex_65536_same-core_unpaced,0,total,15786.8,16213.4,3
2,mutex_65536_same-core_unpaced,0,total,16213.4,16640.1,5
2,mutex_65536_same-core_unpaced,0,total,16640.1,17066.8,4
2,mutex_65536_same-core_unpaced,0,total,17066.8,17493.4,3
2,mutex_65536_same-core_unpaced,0,total,17493.4,17920.1,4
2,mutex_65536_same-core_unpaced,0,total,17920.1,18346.8,8
2,mutex_65536_same-core_unpaced,0,total,18346.8,18773.4,1
2,mutex_65536_same-core_unpaced,0,total,18773.4,19200.1,5
2,mutex_65536_same-core_unpaced,0,total,19200.1,19626.8,11
2,mutex_65536_same-core_unpaced,0,total,19626.8,20053.4,4
2,mutex_65536_same-core_unpaced,0,total,20053.4,20480.1,6
2,mutex_65536_same-core_unpaced,0,total,20480.1,20906.8,4
2,mutex_65536_same-core_unpaced,0,total,20906.8,21333.4,4
2,mutex_65536_same-core_unpaced,0,total,21333.4,21760.1,3
2,mutex_65536_same-core_unpaced,0,total,21760.1,22186.8,6
2,mutex_65536_same-core_unpaced,0,total,22186.8,22613.5,5
2,mutex_65536_same-core_unpaced,0,total,22613.5,23040.1,6
2,mutex_65536_same-core_unpaced,0,total,23040.1,23466.8,10
2,mutex_65536_same-core_unpaced,0,total,23466.8,23893.5,8
2,mutex_65536_same-core_unpaced,0,total,23893.5,24320.1,12
2,mutex_65536_same-core_unpaced,0,total,24320.1,24746.8,12
2,mutex_65536_same-core_unpaced,0,total,24746.8,25173.5,14
2,mutex_65536_same-core_unpaced,0,total,25173.5,25600.1,16
2,mutex_65536_same-core_unpaced,0,total,25600.1,26026.8,11
2,mutex_65536_same-core_unpaced,0,total,26026.8,26453.5,14
2,mutex_65536_same-core_unpaced,0,total,26453.5,26880.1,12
2,mutex_65536_same-core_unpaced,0,total,26880.1,27306.8,15
2,mutex_65536_same-core_unpaced,0,total,27306.8,28160.2,20
2,mutex_65536_same-core_unpaced,0,total,28160.2,29013.5,17
2,mutex_65536_same-core_unpaced,0,total,29013.5,29866.8,24
2,mutex_65536_same-core_unpaced,0,total,29866.8,30720.2,21
2,mutex_65536_same-core_unpaced,0,total,30720.2,31573.5,8
2,mutex_65536_same-core_unpaced,0,total,31573.5,32426.8,5
2,mutex_65536_same-core_unpaced,0,total,32426.8,33280.2,12
2,mutex_65536_same-core_unpaced,0,total,33280.2,34133.5,10
2,mutex_65536_same-core_unpaced,0,total,34133.5,34986.9,5
2,mutex_65536_same-core_unpaced,0,total,34986.9,35840.2,5
2,mutex_65536_same-core_unpaced,0,total,35840.2,36693.5,5
2,mutex_65536_same-core_unpaced,0,total,36693.5,37546.9,6
2,mutex_65536_same-core_unpaced,0,total,37546.9,38400.2,7
2,mutex_65536_same-core_unpaced,0,total,38400.2,39253.5,3
2,mutex_65536_same-core_unpaced,0,total,39253.5,40106.9,15
2,mutex_65536_same-core_unpaced,0,total,40106.9,40960.2,13
2,mutex_65536_same-core_unpaced,0,total,40960.2,41813.6,16
2,mutex_65536_same-core_unpaced,0,total,41813.6,42666.9,16
2,mutex_65536_same-core_unpaced,0,total,42666.9,43520.2,12
2,mutex_65536_same-core_unpaced,0,total,43520.2,44373.6,10
2,mutex_65536_same-core_unpaced,0,total,44373.6,45226.9,7
2,mutex_65536_same-core_unpaced,0,total,45226.9,46080.3,5
2,mutex_65536_same-core_unpaced,0,total,46080.3,46933.6,5
2,mutex_65536_same-core_unpaced,0,total,46933.6,47786.9,2
2,mutex_65536_same-core_unpaced,0,total,47786.9,48640.3,2
2,mutex_65536_same-core_unpaced,0,total,48640.3,49493.6,1
2,mutex_65536_same-core_unpaced,0,total,49493.6,50346.9,3
2,mutex_65536_same-core_unpaced,0,total,50346.9,51200.3,3
2,mutex_65536_same-core_unpaced,0,total,51200.3,52053.6,7
2,mutex_65536_same-core_unpaced,0,total,52053.6,52907,3
2,mutex_65536_same-core_unpaced,0,total,52907,53760.3,2
2,mutex_65536_same-core_unpaced,0,total,53760.3,54613.6,6
2,mutex_65536_same-core_unpaced,0,total,54613.6,56320.3,8
2,mutex_65536_same-core_unpaced,0,total,56320.3,58027,5
2,mutex_65536_same-core_unpaced,0,total,58027,59733.7,2
2,mutex_65536_same-core_unpaced,0,total,59733.7,61440.3,3
2,mutex_65536_same-core_unpaced,0,total,61440.3,63147,9
2,mutex_65536_same-core_unpaced,0,total,83627.1,85333.8,1
2,mutex_65536_same-core_unpaced,0,total,85333.8,87040.5,1
2,mutex_65536_same-core_unpaced,0,total,95573.9,97280.5,1
2,mutex_65536_same-core_unpaced,0,total,107521,109227,1
2,mutex_65536_same-core_unpaced,0,total,109227,112641,2
2,mutex_65536_same-core_unpaced,0,total,112641,116054,1
2,mutex_65536_same-core_unpaced,0,total,119467,122881,1
2,mutex_65536_same-core_unpaced,0,total,122881,126294,1
2,mutex_65536_same-core_unpaced,0,total,126294,129707,1
2,mutex_65536_same-core_unpaced,0,total,129707,133121,1
2,mutex_65536_same-core_unpaced,0,total,133121,136534,2
2,mutex_65536_same-core_unpaced,0,total,136534,139947,1
2,mutex_65536_same-core_unpaced,0,total,153601,157014,1
2,mutex_65536_same-core_unpaced,0,total,157014,160428,1
2,mutex_65536_same-core_unpaced,0,total,170668,174081,2
2,mutex_65536_same-core_unpaced,0,total,180908,184321,1
2,mutex_65536_same-core_unpaced,0,total,184321,187734,2
2,mutex_65536_same-core_unpaced,0,total,187734,191148,1
2,mutex_65536_same-core_unpaced,0,total,194561,197974,2
2,mutex_65536_same-core_unpaced,0,total,197974,201388,1
2,mutex_65536_same-core_unpaced,0,total,204801,208214,1
2,mutex_65536_same-core_unpaced,0,total,215041,218455,1
2,mutex_65536_same-core_unpaced,0,total,218455,225281,1
2,mutex_65536_same-core_unpaced,0,total,225281,232108,2
2,mutex_65536_same-core_unpaced,0,total,232108,238935,2
2,mutex_65536_same-core_unpaced,0,total,238935,245761,1
2,mutex_65536_same-core_unpaced,0,total,245761,252588,3
2,mutex_65536_same-core_unpaced,0,total,252588,259415,2
2,mutex_65536_same-core_unpaced,0,total,259415,266241,1
2,mutex_65536_same-core_unpaced,0,total,273068,279895,3
2,mutex_65536_same-core_unpaced,0,total,279895,286722,2
2,mutex_65536_same-core_unpaced,0,total,286722,293548,1
2,mutex_65536_same-core_unpaced,0,total,300375,307202,2
2,mutex_65536_same-core_unpaced,0,total,307202,314028,2
2,mutex_65536_same-core_unpaced,0,total,314028,320855,2
2,mutex_65536_same-core_unpaced,0,total,327682,334508,1
2,mutex_65536_same-core_unpaced,0,total,334508,341335,1
2,mutex_65536_same-core_unpaced,0,total,341335,348162,2
2,mutex_65536_same-core_unpaced,0,total,348162,354989,2
2,mutex_65536_same-core_unpaced,0,total,354989,361815,4
2,mutex_65536_same-core_unpaced,0,total,368642,375469,2
2,mutex_65536_same-core_unpaced,0,total,375469,382295,3
2,mutex_65536_same-core_unpaced,0,total,382295,389122,1
2,mutex_65536_same-core_unpaced,0,total,389122,395949,1
2,mutex_65536_same-core_unpaced,0,total,402776,409602,1
2,mutex_65536_same-core_unpaced,0,total,409602,416429,3
2,mutex_65536_same-core_unpaced,0,total,416429,423256,2
2,mutex_65536_same-core_unpaced,0,total,430082,436909,2
2,mutex_65536_same-core_unpaced,0,total,436909,450562,2
2,mutex_65536_same-core_unpaced,0,total,450562,464216,3
2,mutex_65536_same-core_unpaced,0,total,464216,477869,3
2,mutex_65536_same-core_unpaced,0,total,491523,505176,4
2,mutex_65536_same-core_unpaced,0,total,505176,518829,1
2,mutex_65536_same-core_unpaced,0,total,518829,532483,8
2,mutex_65536_same-core_unpaced,0,total,532483,546136,1
2,mutex_65536_same-core_unpaced,0,total,546136,559790,4
2,mutex_65536_same-core_unpaced,0,total,559790,573443,5
2,mutex_65536_same-core_unpaced,0,total,573443,587097,1
2,mutex_65536_same-core_unpaced,0,total,587097,600750,4
2,mutex_65536_same-core_unpaced,0,total,600750,614403,2
2,mutex_65536_same-core_unpaced,0,total,614403,628057,3
2,mutex_65536_same-core_unpaced,0,total,628057,641710,2
2,mutex_65536_same-core_unpaced,0,total,641710,655364,2
2,mutex_65536_same-core_unpaced,0,total,655364,669017,4
2,mutex_65536_same-core_unpaced,0,total,669017,682670,5
2,mutex_65536_same-core_unpaced,0,total,682670,696324,5
2,mutex_65536_same-core_unpaced,0,total,696324,709977,3
2,mutex_65536_same-core_unpaced,0,total,709977,723631,3
2,mutex_65536_same-core_unpaced,0,total,723631,737284,3
2,mutex_65536_same-core_unpaced,0,total,737284,750937,4
2,mutex_65536_same-core_unpaced,0,total,750937,764591,3
2,mutex_65536_same-core_unpaced,0,total,778244,791898,4
2,mutex_65536_same-core_unpaced,0,total,791898,805551,2
2,mutex_65536_same-core_unpaced,0,total,805551,819204,5
2,mutex_65536_same-core_unpaced,0,total,819204,832858,3
2,mutex_65536_same-core_unpaced,0,total,832858,846511,5
2,mutex_65536_same-core_unpaced,0,total,846511,860165,9
2,mutex_65536_same-core_unpaced,0,total,860165,873818,9
2,mutex_65536_same-core_unpaced,0,total,873818,901125,9
2,mutex_65536_same-core_unpaced,0,total,901125,928432,12
2,mutex_65536_same-core_unpaced,0,total,928432,955739,5
2,mutex_65536_same-core_unpaced,0,total,955739,983045,7
2,mutex_65536_same-core_unpaced,0,total,983045,1.01035e+06,6
2,mutex_65536_same-core_unpaced,0,total,1.01035e+06,1.03766e+06,8
2,mutex_65536_same-core_unpaced,0,total,1.03766e+06,1.06497e+06,9
2,mutex_65536_same-core_unpaced,0,total,1.06497e+06,1.09227e+06,9
2,mutex_65536_same-core_unpaced,0,total,1.09227e+06,1.11958e+06,7
2,mutex_65536_same-core_unpaced,0,total,1.11958e+06,1.14689e+06,8
2,mutex_65536_same-core_unpaced,0,total,1.14689e+06,1.17419e+06,7
2,mutex_65536_same-core_unpaced,0,total,1.17419e+06,1.2015e+06,4
2,mutex_65536_same-core_unpaced,0,total,1.2015e+06,1.22881e+06,10
2,mutex_65536_same-core_unpaced,0,total,1.22881e+06,1.25611e+06,5
2,mutex_65536_same-core_unpaced,0,total,1.25611e+06,1.28342e+06,5
2,mutex_65536_same-core_unpaced,0,total,1.28342e+06,1.31073e+06,11
2,mutex_65536_same-core_unpaced,0,total,1.31073e+06,1.33803e+06,8
2,mutex_65536_same-core_unpaced,0,total,1.33803e+06,1.36534e+06,5
2,mutex_65536_same-core_unpaced,0,total,1.36534e+06,1.39265e+06,8
2,mutex_65536_same-core_unpaced,0,total,1.39265e+06,1.41995e+06,13
2,mutex_65536_same-core_unpaced,0,total,1.41995e+06,1.44726e+06,10
2,mutex_65536_same-core_unpaced,0,total,1.44726e+06,1.47457e+06,3
2,mutex_65536_same-core_unpaced,0,total,1.47457e+06,1.50187e+06,5
2,mutex_65536_same-core_unpaced,0,total,1.50187e+06,1.52918e+06,9
2,mutex_65536_same-core_unpaced,0,total,1.52918e+06,1.55649e+06,4
2,mutex_65536_same-core_unpaced,0,total,1.55649e+06,1.5838e+06,9
2,mutex_65536_same-core_unpaced,0,total,1.5838e+06,1.6111e+06,7
2,mutex_65536_same-core_unpaced,0,total,1.6111e+06,1.63841e+06,4
2,mutex_65536_same-core_unpaced,0,total,1.63841e+06,1.66572e+06,6
2,mutex_65536_same-core_unpaced,0,total,1.66572e+06,1.69302e+06,8
2,mutex_65536_same-core_unpaced,0,total,1.69302e+06,1.72033e+06,9
2,mutex_65536_same-core_unpaced,0,total,1.72033e+06,1.74764e+06,11
2,mutex_65536_same-core_unpaced,0,total,1.74764e+06,1.80225e+06,17
2,mutex_65536_same-core_unpaced,0,total,1.80225e+06,1.85686e+06,22
2,mutex_65536_same-core_unpaced,0,total,1.85686e+06,1.91148e+06,23
2,mutex_65536_same-core_unpaced,0,total,1.91148e+06,1.96609e+06,11
2,mutex_65536_same-core_unpaced,0,total,1.96609e+06,2.0207e+06,28
2,mutex_65536_same-core_unpaced,0,total,2.0207e+06,2.07532e+06,17
2,mutex_65536_same-core_unpaced,0,total,2.07532e+06,2.12993e+06,17
2,mutex_65536_same-core_unpaced,0,total,2.12993e+06,2.18455e+06,17
2,mutex_65536_same-core_unpaced,0,total,2.18455e+06,2.23916e+06,16
2,mutex_65536_same-core_unpaced,0,total,2.23916e+06,2.29377e+06,21
2,mutex_65536_same-core_unpaced,0,total,2.29377e+06,2.34839e+06,17
2,mutex_65536_same-core_unpaced,0,total,2.34839e+06,2.403e+06,17
2,mutex_65536_same-core_unpaced,0,total,2.403e+06,2.45761e+06,12
2,mutex_65536_same-core_unpaced,0,total,2.45761e+06,2.51223e+06,22
2,mutex_65536_same-core_unpaced,0,total,2.51223e+06,2.56684e+06,18
2,mutex_65536_same-core_unpaced,0,total,2.56684e+06,2.62145e+06,27
2,mutex_65536_same-core_unpaced,0,total,2.62145e+06,2.67607e+06,22
2,mutex_65536_same-core_unpaced,0,total,2.67607e+06,2.73068e+06,19
2,mutex_65536_same-core_unpaced,0,total,2.73068e+06,2.7853e+06,18
2,mutex_65536_same-core_unpaced,0,total,2.7853e+06,2.83991e+06,22
2,mutex_65536_same-core_unpaced,0,total,2.83991e+06,2.89452e+06,15
2,mutex_65536_same-core_unpaced,0,total,2.89452e+06,2.94914e+06,14
2,mutex_65536_same-core_unpaced,0,total,2.94914e+06,3.00375e+06,26
2,mutex_65536_same-core_unpaced,0,total,3.00375e+06,3.05836e+06,16
2,mutex_65536_same-core_unpaced,0,total,3.05836e+06,3.11298e+06,19
2,mutex_65536_same-core_unpaced,0,total,3.11298e+06,3.16759e+06,25
2,mutex_65536_same-core_unpaced,0,total,3.16759e+06,3.2222e+06,21
2,mutex_65536_same-core_unpaced,0,total,3.2222e+06,3.27682e+06,18
2,mutex_65536_same-core_unpaced,0,total,3.27682e+06,3.33143e+06,15
2,mutex_65536_same-core_unpaced,0,total,3.33143e+06,3.38605e+06,12
2,mutex_65536_same-core_unpaced,0,total,3.38605e+06,3.44066e+06,20
2,mutex_65536_same-core_unpaced,0,total,3.44066e+06,3.49527e+06,20
2,mutex_65536_same-core_unpaced,0,total,3.49527e+06,3.6045e+06,36
2,mutex_65536_same-core_unpaced,0,total,3.6045e+06,3.71373e+06,40
2,mutex_65536_same-core_unpaced,0,total,3.71373e+06,3.82295e+06,39
2,mutex_65536_same-core_unpaced,0,total,3.82295e+06,3.93218e+06,39
2,mutex_65536_same-core_unpaced,0,total,3.93218e+06,4.04141e+06,43
2,mutex_65536_same-core_unpaced,0,total,4.04141e+06,4.15064e+06,51
2,mutex_65536_same-core_unpaced,0,total,4.15064e+06,4.25986e+06,45
2,mutex_65536_same-core_unpaced,0,total,4.25986e+06,4.36909e+06,43
2,mutex_65536_same-core_unpaced,0,total,4.36909e+06,4.47832e+06,45
2,mutex_65536_same-core_unpaced,0,total,4.47832e+06,4.58755e+06,40
2,mutex_65536_same-core_unpaced,0,total,4.58755e+06,4.69677e+06,31
2,mutex_65536_same-core_unpaced,0,total,4.69677e+06,4.806e+06,37
2,mutex_65536_same-core_unpaced,0,total,4.806e+06,4.91523e+06,35
2,mutex_65536_same-core_unpaced,0,total,4.91523e+06,5.02445e+06,34
2,mutex_65536_same-core_unpaced,0,total,5.02445e+06,5.13368e+06,47
2,mutex_65536_same-core_unpaced,0,total,5.13368e+06,5.24291e+06,51
2,mutex_65536_same-core_unpaced,0,total,5.24291e+06,5.35214e+06,33
2,mutex_65536_same-core_unpaced,0,total,5.35214e+06,5.46136e+06,49
2,mutex_65536_same-core_unpaced,0,total,5.46136e+06,5.57059e+06,38
2,mutex_65536_same-core_unpaced,0,total,5.57059e+06,5.67982e+06,27
2,mutex_65536_same-core_unpaced,0,total,5.67982e+06,5.78904e+06,46
2,mutex_65536_same-core_unpaced,0,total,5.78904e+06,5.89827e+06,24
2,mutex_65536_same-core_unpaced,0,total,5.89827e+06,6.0075e+06,31
2,mutex_65536_same-core_unpaced,0,total,6.0075e+06,6.11673e+06,41
2,mutex_65536_same-core_unpaced,0,total,6.11673e+06,6.22595e+06,32
2,mutex_65536_same-core_unpaced,0,total,6.22595e+06,6.33518e+06,32
2,mutex_65536_same-core_unpaced,0,total,6.33518e+06,6.44441e+06,18
2,mutex_65536_same-core_unpaced,0,total,6.44441e+06,6.55364e+06,29
2,mutex_65536_same-core_unpaced,0,total,6.55364e+06,6.66286e+06,29
2,mutex_65536_same-core_unpaced,0,total,6.66286e+06,6.77209e+06,29
2,mutex_65536_same-core_unpaced,0,total,6.77209e+06,6.88132e+06,30
2,mutex_65536_same-core_unpaced,0,total,6.88132e+06,6.99054e+06,35
2,mutex_65536_same-core_unpaced,0,total,6.99054e+06,7.209e+06,71
2,mutex_65536_same-core_unpaced,0,total,7.209e+06,7.42745e+06,69
2,mutex_65536_same-core_unpaced,0,total,7.42745e+06,7.64591e+06,76
2,mutex_65536_same-core_unpaced,0,total,7.64591e+06,7.86436e+06,98
2,mutex_65536_same-core_unpaced,0,total,7.86436e+06,8.08282e+06,71
2,mutex_65536_same-core_unpaced,0,total,8.08282e+06,8.30127e+06,81
2,mutex_65536_same-core_unpaced,0,total,8.30127e+06,8.51973e+06,95
2,mutex_65536_same-core_unpaced,0,total,8.51973e+06,8.73818e+06,87
2,mutex_65536_same-core_unpaced,0,total,8.73818e+06,8.95664e+06,91
2,mutex_65536_same-core_unpaced,0,total,8.95664e+06,9.17509e+06,103
2,mutex_65536_same-core_unpaced,0,total,9.17509e+06,9.39354e+06,83
2,mutex_65536_same-core_unpaced,0,total,9.39354e+06,9.612e+06,104
2,mutex_65536_same-core_unpaced,0,total,9.612e+06,9.83045e+06,88
2,mutex_65536_same-core_unpaced,0,total,9.83045e+06,1.00489e+07,129
2,mutex_65536_same-core_unpaced,0,total,1.00489e+07,1.02674e+07,145
2,mutex_65536_same-core_unpaced,0,total,1.02674e+07,1.04858e+07,146
2,mutex_65536_same-core_unpaced,0,total,1.04858e+07,1.07043e+07,137
2,mutex_65536_same-core_unpaced,0,total,1.07043e+07,1.09227e+07,140
2,mutex_65536_same-core_unpaced,0,total,1.09227e+07,1.11412e+07,123
2,mutex_65536_same-core_unpaced,0,total,1.11412e+07,1.13596e+07,123
2,mutex_65536_same-core_unpaced,0,total,1.13596e+07,1.15781e+07,148
2,mutex_65536_same-core_unpaced,0,total,1.15781e+07,1.17965e+07,151
2,mutex_65536_same-core_unpaced,0,total,1.17965e+07,1.2015e+07,161
2,mutex_65536_same-core_unpaced,0,total,1.2015e+07,1.22335e+07,141
2,mutex_65536_same-core_unpaced,0,total,1.22335e+07,1.24519e+07,110
2,mutex_65536_same-core_unpaced,0,total,1.24519e+07,1.26704e+07,138
2,mutex_65536_same-core_unpaced,0,total,1.26704e+07,1.28888e+07,133
2,mutex_65536_same-core_unpaced,0,total,1.28888e+07,1.31073e+07,156
2,mutex_65536_same-core_unpaced,0,total,1.31073e+07,1.33257e+07,139
2,mutex_65536_same-core_unpaced,0,total,1.33257e+07,1.35442e+07,138
2,mutex_65536_same-core_unpaced,0,total,1.35442e+07,1.37626e+07,154
2,mutex_65536_same-core_unpaced,0,total,1.37626e+07,1.39811e+07,138
2,mutex_65536_same-core_unpaced,0,total,1.39811e+07,1.4418e+07,262
2,mutex_65536_same-core_unpaced,0,total,1.4418e+07,1.48549e+07,271
2,mutex_65536_same-core_unpaced,0,total,1.48549e+07,1.52918e+07,285
2,mutex_65536_same-core_unpaced,0,total,1.52918e+07,1.57287e+07,265
2,mutex_65536_same-core_unpaced,0,total,1.57287e+07,1.61656e+07,292
2,mutex_65536_same-core_unpaced,0,total,1.61656e+07,1.66025e+07,259
2,mutex_65536_same-core_unpaced,0,total,1.66025e+07,1.70395e+07,251
2,mutex_65536_same-core_unpaced,0,total,1.70395e+07,1.74764e+07,296
2,mutex_65536_same-core_unpaced,0,total,1.74764e+07,1.79133e+07,249
2,mutex_65536_same-core_unpaced,0,total,1.79133e+07,1.83502e+07,11555
2,mutex_65536_same-core_unpaced,0,total,1.83502e+07,1.87871e+07,128706
2,mutex_65536_same-core_unpaced,0,total,1.87871e+07,1.9224e+07,29989
2,mutex_65536_same-core_unpaced,0,total,1.9224e+07,1.96609e+07,24509
2,mutex_65536_same-core_unpaced,0,total,1.96609e+07,2.00978e+07,28259
2,mutex_65536_same-core_unpaced,0,total,2.00978e+07,2.05347e+07,17116
2,mutex_65536_same-core_unpaced,0,total,2.05347e+07,2.09716e+07,7056
2,mutex_65536_same-core_unpaced,0,total,2.09716e+07,2.14085e+07,9960
2,mutex_65536_same-core_unpaced,0,total,2.14085e+07,2.18455e+07,9025
2,mutex_65536_same-core_unpaced,0,total,2.18455e+07,2.22824e+07,10209
2,mutex_65536_same-core_unpaced,0,total,2.22824e+07,2.27193e+07,13162
2,mutex_65536_same-core_unpaced,0,total,2.27193e+07,2.31562e+07,6746
2,mutex_65536_same-core_unpaced,0,total,2.31562e+07,2.35931e+07,9361
2,mutex_65536_same-core_unpaced,0,total,2.35931e+07,2.403e+07,5851
2,mutex_65536_same-core_unpaced,0,total,2.403e+07,2.44669e+07,21136
2,mutex_65536_same-core_unpaced,0,total,2.44669e+07,2.49038e+07,134883
2,mutex_65536_same-core_unpaced,0,total,2.49038e+07,2.53407e+07,315878
2,mutex_65536_same-core_unpaced,0,total,2.53407e+07,2.57776e+07,543701
2,mutex_65536_same-core_unpaced,0,total,2.57776e+07,2.62145e+07,514880
2,mutex_65536_same-core_unpaced,0,total,2.62145e+07,2.66515e+07,300703
2,mutex_65536_same-core_unpaced,0,total,2.66515e+07,2.70884e+07,127509
2,mutex_65536_same-core_unpaced,0,total,2.70884e+07,2.75253e+07,33649
2,mutex_65536_same-core_unpaced,0,total,2.75253e+07,2.79622e+07,14332
2,mutex_65536_same-core_unpaced,0,total,2.79622e+07,2.8836e+07,17384
2,mutex_65536_same-core_unpaced,0,total,2.8836e+07,2.97098e+07,16485
2,mutex_65536_same-core_unpaced,0,total,2.97098e+07,3.05836e+07,8510
2,mutex_65536_same-core_unpaced,0,total,3.05836e+07,3.14575e+07,1617
2,mutex_65536_same-core_unpaced,0,total,3.14575e+07,3.23313e+07,2025
2,mutex_65536_same-core_unpaced,0,total,3.23313e+07,3.32051e+07,607
2,mutex_65536_same-core_unpaced,0,total,3.32051e+07,3.40789e+07,1218
2,mutex_65536_same-core_unpaced,0,total,3.40789e+07,3.49527e+07,937
2,mutex_65536_same-core_unpaced,0,total,3.49527e+07,3.58265e+07,867
2,mutex_65536_same-core_unpaced,0,total,3.58265e+07,3.67004e+07,1093
2,mutex_65536_same-core_unpaced,0,total,3.67004e+07,3.75742e+07,3804
2,mutex_65536_same-core_unpaced,0,total,3.75742e+07,3.8448e+07,72
2,mutex_65536_same-core_unpaced,0,queue,2346.68,2400.01,1
2,mutex_65536_same-core_unpaced,0,queue,2720.01,2773.35,1
2,mutex_65536_same-core_unpaced,0,queue,5546.7,5653.36,1
2,mutex_65536_same-core_unpaced,0,queue,7680.04,7893.38,1
2,mutex_65536_same-core_unpaced,0,queue,8533.38,8746.71,2
2,mutex_65536_same-core_unpaced,0,queue,8746.71,8960.05,1
2,mutex_65536_same-core_unpaced,0,queue,8960.05,9173.38,1
2,mutex_65536_same-core_unpaced,0,queue,9173.38,9386.72,1
2,mutex_65536_same-core_unpaced,0,queue,9386.72,9600.05,2
2,mutex_65536_same-core_unpaced,0,queue,9813.39,10026.7,1
2,mutex_65536_same-core_unpaced,0,queue,10026.7,10240.1,1
2,mutex_65536_same-core_unpaced,0,queue,10240.1,10453.4,1
2,mutex_65536_same-core_unpaced,0,queue,10880.1,11093.4,1
2,mutex_65536_same-core_unpaced,0,queue,11093.4,11306.7,1
2,mutex_65536_same-core_unpaced,0,queue,11520.1,11733.4,1
2,mutex_65536_same-core_unpaced,0,queue,13013.4,13226.7,1
2,mutex_65536_same-core_unpaced,0,queue,13440.1,13653.4,1
2,mutex_65536_same-core_unpaced,0,queue,13653.4,14080.1,2
2,mutex_65536_same-core_unpaced,0,queue,14080.1,14506.7,1
2,mutex_65536_same-core_unpaced,0,queue,14933.4,15360.1,1
2,mutex_65536_same-core_unpaced,0,queue,15360.1,15786.8,3
2,mutex_65536_same-core_unpaced,0,queue,15786.8,16213.4,4
2,mutex_65536_same-core_unpaced,0,queue,16213.4,16640.1,5
2,mutex_65536_same-core_unpaced,0,queue,16640.1,17066.8,4
2,mutex_65536_same-core_unpaced,0,queue,17066.8,17493.4,4
2,mutex_65536_same-core_unpaced,0,queue,17493.4,17920.1,3
2,mutex_65536_same-core_unpaced,0,queue,17920.1,18346.8,8
2,mutex_65536_same-core_unpaced,0,queue,18346.8,18773.4,2
2,mutex_65536_same-core_unpaced,0,queue,18773.4,19200.1,4
2,mutex_65536_same-core_unpaced,0,queue,19200.1,19626.8,11
2,mutex_65536_same-core_unpaced,0,queue,19626.8,20053.4,4
2,mutex_65536_same-core_unpaced,0,queue,20053.4,20480.1,6
2,mutex_65536_same-core_unpaced,0,queue,20480.1,20906.8,4
2,mutex_65536_same-core_unpaced,0,queue,20906.8,21333.4,4
2,mutex_65536_same-core_unpaced,0,queue,21333.4,21760.1,3
2,mutex_65536_same-core_unpaced,0,queue,21760.1,22186.8,7
2,mutex_65536_same-core_unpaced,0,queue,22186.8,22613.5,4
2,mutex_65536_same-core_unpaced,0,queue,22613.5,23040.1,6
2,mutex_65536_same-core_unpaced,0,queue,23040.1,23466.8,10
2,mutex_65536_same-core_unpaced,0,queue,23466.8,23893.5,9
2,mutex_65536_same-core_unpaced,0,queue,23893.5,24320.1,11
2,mutex_65536_same-core_unpaced,0,queue,24320.1,24746.8,12
2,mutex_65536_same-core_unpaced,0,queue,24746.8,25173.5,14
2,mutex_65536_same-core_unpaced,0,queue,25173.5,25600.1,16
2,mutex_65536_same-core_unpaced,0,queue,25600.1,26026.8,11
2,mutex_65536_same-core_unpaced,0,queue,26026.8,26453.5,15
2,mutex_65536_same-core_unpaced,0,queue,26453.5,26880.1,11
2,mutex_65536_same-core_unpaced,0,queue,26880.1,27306.8,16
2,mutex_65536_same-core_unpaced,0,queue,27306.8,28160.2,19
2,mutex_65536_same-core_unpaced,0,queue,28160.2,29013.5,17
2,mutex_65536_same-core_unpaced,0,queue,29013.5,29866.8,25
2,mutex_65536_same-core_unpaced,0,queue,29866.8,30720.2,20
2,mutex_65536_same-core_unpaced,0,queue,30720.2,31573.5,9
2,mutex_65536_same-core_unpaced,0,queue,31573.5,32426.8,4
2,mutex_65536_same-core_unpaced,0,queue,32426.8,33280.2,12
2,mutex_65536_same-core_unpaced,0,queue,33280.2,34133.5,10
2,mutex_65536_same-core_unpaced,0,queue,34133.5,34986.9,4
2,mutex_65536_same-core_unpaced,0,queue,34986.9,35840.2,6
2,mutex_65536_same-core_unpaced,0,queue,35840.2,36693.5,4
2,mutex_65536_same-core_unpaced,0,queue,36693.5,37546.9,6
2,mutex_65536_same-core_unpaced,0,queue,37546.9,38400.2,7
2,mutex_65536_same-core_unpaced,0,queue,38400.2,39253.5,3
2,mutex_65536_same-core_unpaced,0,queue,39253.5,40106.9,15
2,mutex_65536_same-core_unpaced,0,queue,40106.9,40960.2,13
2,mutex_65536_same-core_unpaced,0,queue,40960.2,41813.6,16
2,mutex_65536_same-core_unpaced,0,queue,41813.6,42666.9,16
2,mutex_65536_same-core_unpaced,0,queue,42666.9,43520.2,12
2,mutex_65536_same-core_unpaced,0,queue,43520.2,44373.6,10
2,mutex_65536_same-core_unpaced,0,queue,44373.6,45226.9,7
2,mutex_65536_same-core_unpaced,0,queue,45226.9,46080.3,6
2,mutex_65536_same-core_unpaced,0,queue,46080.3,46933.6,4
2,mutex_65536_same-core_unpaced,0,queue,46933.6,47786.9,2
2,mutex_65536_same-core_unpaced,0,queue,47786.9,48640.3,2
2,mutex_65536_same-core_unpaced,0,queue,48640.3,49493.6,1
2,mutex_65536_same-core_unpaced,0,queue,49493.6,50346.9,3
2,mutex_65536_same-core_unpaced,0,queue,50346.9,51200.3,3
2,mutex_65536_same-core_unpaced,0,queue,51200.3,52053.6,7
2,mutex_65536_same-core_unpaced,0,queue,52053.6,52907,3
2,mutex_65536_same-core_unpaced,0,queue,52907,53760.3,2
2,mutex_65536_same-core_unpaced,0,queue,53760.3,54613.6,6
2,mutex_65536_same-core_unpaced,0,queue,54613.6,56320.3,8
2,mutex_65536_same-core_unpaced,0,queue,56320.3,58027,5
2,mutex_65536_same-core_unpaced,0,queue,58027,59733.7,2
2,mutex_65536_same-core_unpaced,0,queue,59733.7,61440.3,4
2,mutex_65536_same-core_unpaced,0,queue,61440.3,63147,8
2,mutex_65536_same-core_unpaced,0,queue,83627.1,85333.8,1
2,mutex_65536_same-core_unpaced,0,queue,85333.8,87040.5,1
2,mutex_65536_same-core_unpaced,0,queue,95573.9,97280.5,1
2,mutex_65536_same-core_unpaced,0,queue,107521,109227,1
2,mutex_65536_same-core_unpaced,0,queue,109227,112641,2
2,mutex_65536_same-core_unpaced,0,queue,112641,116054,1
2,mutex_65536_same-core_unpaced,0,queue,119467,122881,1
2,mutex_65536_same-core_unpaced,0,queue,122881,126294,1
2,mutex_65536_same-core_unpaced,0,queue,126294,129707,1
2,mutex_65536_same-core_unpaced,0,queue,129707,133121,1
2,mutex_65536_same-core_unpaced,0,queue,133121,136534,2
2,mutex_65536_same-core_unpaced,0,queue,136534,139947,1
2,mutex_65536_same-core_unpaced,0,queue,153601,157014,1
2,mutex_65536_same-core_unpaced,0,queue,157014,160428,1
2,mutex_65536_same-core_unpaced,0,queue,170668,174081,2
2,mutex_65536_same-core_unpaced,0,queue,180908,184321,2
2,mutex_65536_same-core_unpaced,0,queue,184321,187734,1
2,mutex_65536_same-core_unpaced,0,queue,187734,191148,1
2,mutex_65536_same-core_unpaced,0,queue,191148,194561,1
2,mutex_65536_same-core_unpaced,0,queue,194561,197974,1
2,mutex_65536_same-core_unpaced,0,queue,197974,201388,1
2,mutex_65536_same-core_unpaced,0,queue,204801,208214,1
2,mutex_65536_same-core_unpaced,0,queue,215041,218455,1
2,mutex_65536_same-core_unpaced,0,queue,218455,225281,1
2,mutex_65536_same-core_unpaced,0,queue,225281,232108,2
2,mutex_65536_same-core_unpaced,0,queue,232108,238935,2
2,mutex_65536_same-core_unpaced,0,queue,238935,245761,2
2,mutex_65536_same-core_unpaced,0,queue,245761,252588,2
2,mutex_65536_same-core_unpaced,0,queue,252588,259415,2
2,mutex_65536_same-core_unpaced,0,queue,259415,266241,1
2,mutex_65536_same-core_unpaced,0,queue,273068,279895,3
2,mutex_65536_same-core_unpaced,0,queue,279895,286722,2
2,mutex_65536_same-core_unpaced,0,queue,286722,293548,1
2,mutex_65536_same-core_unpaced,0,queue,300375,307202,2
2,mutex_65536_same-core_unpaced,0,queue,307202,314028,2
2,mutex_65536_same-core_unpaced,0,queue,314028,320855,2
2,mutex_65536_same-core_unpaced,0,queue,327682,334508,1
2,mutex_65536_same-core_unpaced,0,queue,334508,341335,1
2,mutex_65536_same-core_unpaced,0,queue,341335,348162,2
2,mutex_65536_same-core_unpaced,0,queue,348162,354989,2
2,mutex_65536_same-core_unpaced,0,queue,354989,361815,4
2,mutex_65536_same-core_unpaced,0,queue,368642,375469,2
2,mutex_65536_same-core_unpaced,0,queue,375469,382295,3
2,mutex_65536_same-core_unpaced,0,queue,382295,389122,1
2,mutex_65536_same-core_unpaced,0,queue,389122,395949,1
2,mutex_65536_same-core_unpaced,0,queue,402776,409602,1
2,mutex_65536_same-core_unpaced,0,queue,409602,416429,3
2,mutex_65536_same-core_unpaced,0,queue,416429,423256,2
2,mutex_65536_same-core_unpaced,0,queue,430082,436909,2
2,mutex_65536_same-core_unpaced,0,queue,436909,450562,2
2,mutex_65536_same-core_unpaced,0,queue,450562,464216,3
2,mutex_65536_same-core_unpaced,0,queue,464216,477869,3
2,mutex_65536_same-core_unpaced,0,queue,491523,505176,4
2,mutex_65536_same-core_unpaced,0,queue,505176,518829,1
2,mutex_65536_same-core_unpaced,0,queue,518829,532483,8
2,mutex_65536_same-core_unpaced,0,queue,532483,546136,1
2,mutex_65536_same-core_unpaced,0,queue,546136,559790,4
2,mutex_65536_same-core_unpaced,0,queue,559790,573443,5
2,mutex_65536_same-core_unpaced,0,queue,573443,587097,1
2,mutex_65536_same-core_unpaced,0,queue,587097,600750,4
2,mutex_65536_same-core_unpaced,0,queue,600750,614403,2
2,mutex_65536_same-core_unpaced,0,queue,614403,628057,3
2,mutex_65536_same-core_unpaced,0,queue,628057,641710,2
2,mutex_65536_same-core_unpaced,0,queue,641710,655364,2
2,mutex_65536_same-core_unpaced,0,queue,655364,669017,4
2,mutex_65536_same-core_unpaced,0,queue,669017,682670,5
2,mutex_65536_same-core_unpaced,0,queue,682670,696324,5
2,mutex_65536_same-core_unpaced,0,queue,696324,709977,4
2,mutex_65536_same-core_unpaced,0,queue,709977,723631,2
2,mutex_65536_same-core_unpaced,0,queue,723631,737284,3
2,mutex_65536_same-core_unpaced,0,queue,737284,750937,4
2,mutex_65536_same-core_unpaced,0,queue,750937,764591,3
2,mutex_65536_same-core_unpaced,0,queue,778244,791898,4
2,mutex_65536_same-core_unpaced,0,queue,791898,805551,2
2,mutex_65536_same-core_unpaced,0,queue,805551,819204,5
2,mutex_65536_same-core_unpaced,0,queue,819204,832858,3
2,mutex_65536_same-core_unpaced,0,queue,832858,846511,5
2,mutex_65536_same-core_unpaced,0,queue,846511,860165,9
2,mutex_65536_same-core_unpaced,0,queue,860165,873818,9
2,mutex_65536_same-core_unpaced,0,queue,873818,901125,9
2,mutex_65536_same-core_unpaced,0,queue,901125,928432,12
2,mutex_65536_same-core_unpaced,0,queue,928432,955739,5
2,mutex_65536_same-core_unpaced,0,queue,955739,983045,7
2,mutex_65536_same-core_unpaced,0,queue,983045,1.01035e+06,6
2,mutex_65536_same-core_unpaced,0,queue,1.01035e+06,1.03766e+06,8
2,mutex_65536_same-core_unpaced,0,queue,1.03766e+06,1.06497e+06,9
2,mutex_65536_same-core_unpaced,0,queue,1.06497e+06,1.09227e+06,9
2,mutex_65536_same-core_unpaced,0,queue,1.09227e+06,1.11958e+06,7
2,mutex_65536_same-core_unpaced,0,queue,1.11958e+06,1.14689e+06,8
2,mutex_65536_same-core_unpaced,0,queue,1.14689e+06,1.17419e+06,7
2,mutex_65536_same-core_unpaced,0,queue,1.17419e+06,1.2015e+06,4
2,mutex_65536_same-core_unpaced,0,queue,1.2015e+06,1.22881e+06,10
2,mutex_65536_same-core_unpaced,0,queue,1.22881e+06,1.25611e+06,5
2,mutex_65536_same-core_unpaced,0,queue,1.25611e+06,1.28342e+06,5
2,mutex_65536_same-core_unpaced,0,queue,1.28342e+06,1.31073e+06,11
2,mutex_65536_same-core_unpaced,0,queue,1.31073e+06,1.33803e+06,8
2,mutex_65536_same-core_unpaced,0,queue,1.33803e+06,1.36534e+06,5
2,mutex_65536_same-core_unpaced,0,queue,1.36534e+06,1.39265e+06,8
2,mutex_65536_same-core_unpaced,0,queue,1.39265e+06,1.41995e+06,13
2,mutex_65536_same-core_unpaced,0,queue,1.41995e+06,1.44726e+06,10
2,mutex_65536_same-core_unpaced,0,queue,1.44726e+06,1.47457e+06,3
2,mutex_65536_same-core_unpaced,0,queue,1.47457e+06,1.50187e+06,5
2,mutex_65536_same-core_unpaced,0,queue,1.50187e+06,1.52918e+06,9
2,mutex_65536_same-core_unpaced,0,queue,1.52918e+06,1.55649e+06,4
2,mutex_65536_same-core_unpaced,0,queue,1.55649e+06,1.5838e+06,9
2,mutex_65536_same-core_unpaced,0,queue,1.5838e+06,1.6111e+06,7
2,mutex_65536_same-core_unpaced,0,queue,1.6111e+06,1.63841e+06,4
2,mutex_65536_same-core_unpaced,0,queue,1.63841e+06,1.66572e+06,6
2,mutex_65536_same-core_unpaced,0,queue,1.66572e+06,1.69302e+06,8
2,mutex_65536_same-core_unpaced,0,queue,1.69302e+06,1.72033e+06,9
2,mutex_65536_same-core_unpaced,0,queue,1.72033e+06,1.74764e+06,11
2,mutex_65536_same-core_unpaced,0,queue,1.74764e+06,1.80225e+06,17
2,mutex_65536_same-core_unpaced,0,queue,1.80225e+06,1.85686e+06,22
2,mutex_65536_same-core_unpaced,0,queue,1.85686e+06,1.91148e+06,23
2,mutex_65536_same-core_unpaced,0,queue,1.91148e+06,1.96609e+06,11
2,mutex_65536_same-core_unpaced,0,queue,1.96609e+06,2.0207e+06,28
2,mutex_65536_same-core_unpaced,0,queue,2.0207e+06,2.07532e+06,17
2,mutex_65536_same-core_unpaced,0,queue,2.07532e+06,2.12993e+06,17
2,mutex_65536_same-core_unpaced,0,queue,2.12993e+06,2.18455e+06,17
2,mutex_65536_same-core_unpaced,0,queue,2.18455e+06,2.23916e+06,16
2,mutex_65536_same-core_unpaced,0,queue,2.23916e+06,2.29377e+06,21
2,mutex_65536_same-core_unpaced,0,queue,2.29377e+06,2.34839e+06,18
2,mutex_65536_same-core_unpaced,0,queue,2.34839e+06,2.403e+06,16
2,mutex_65536_same-core_unpaced,0,queue,2.403e+06,2.45761e+06,12
2,mutex_65536_same-core_unpaced,0,queue,2.45761e+06,2.51223e+06,23
2,mutex_65536_same-core_unpaced,0,queue,2.51223e+06,2.56684e+06,17
2,mutex_65536_same-core_unpaced,0,queue,2.56684e+06,2.62145e+06,27
2,mutex_65536_same-core_unpaced,0,queue,2.62145e+06,2.67607e+06,22
2,mutex_65536_same-core_unpaced,0,queue,2.67607e+06,2.73068e+06,19
2,mutex_65536_same-core_unpaced,0,queue,2.73068e+06,2.7853e+06,19
2,mutex_65536_same-core_unpaced,0,queue,2.7853e+06,2.83991e+06,21
2,mutex_65536_same-core_unpaced,0,queue,2.83991e+06,2.89452e+06,15
2,mutex_65536_same-core_unpaced,0,queue,2.89452e+06,2.94914e+06,15
2,mutex_65536_same-core_unpaced,0,queue,2.94914e+06,3.00375e+06,25
2,mutex_65536_same-core_unpaced,0,queue,3.00375e+06,3.05836e+06,16
2,mutex_65536_same-core_unpaced,0,queue,3.05836e+06,3.11298e+06,19
2,mutex_65536_same-core_unpaced,0,queue,3.11298e+06,3.16759e+06,25
2,mutex_65536_same-core_unpaced,0,queue,3.16759e+06,3.2222e+06,21
2,mutex_65536_same-core_unpaced,0,queue,3.2222e+06,3.27682e+06,18
2,mutex_65536_same-core_unpaced,0,queue,3.27682e+06,3.33143e+06,15
2,mutex_65536_same-core_unpaced,0,queue,3.33143e+06,3.38605e+06,12
2,mutex_65536_same-core_unpaced,0,queue,3.38605e+06,3.44066e+06,20
2,mutex_65536_same-core_unpaced,0,queue,3.44066e+06,3.49527e+06,20
2,mutex_65536_same-core_unpaced,0,queue,3.49527e+06,3.6045e+06,36
2,mutex_65536_same-core_unpaced,0,queue,3.6045e+06,3.71373e+06,40
2,mutex_65536_same-core_unpaced,0,queue,3.71373e+06,3.82295e+06,40
2,mutex_65536_same-core_unpaced,0,queue,3.82295e+06,3.93218e+06,38
2,mutex_65536_same-core_unpaced,0,queue,3.93218e+06,4.04141e+06,43
2,mutex_65536_same-core_unpaced,0,queue,4.04141e+06,4.15064e+06,51
2,mutex_65536_same-core_unpaced,0,queue,4.15064e+06,4.25986e+06,45
2,mutex_65536_same-core_unpaced,0,queue,4.25986e+06,4.36909e+06,43
2,mutex_65536_same-core_unpaced,0,queue,4.36909e+06,4.47832e+06,45
2,mutex_65536_same-core_unpaced,0,queue,4.47832e+06,4.58755e+06,40
2,mutex_65536_same-core_unpaced,0,queue,4.58755e+06,4.69677e+06,31
2,mutex_65536_same-core_unpaced,0,queue,4.69677e+06,4.806e+06,37
2,mutex_65536_same-core_unpaced,0,queue,4.806e+06,4.91523e+06,35
2,mutex_65536_same-core_unpaced,0,queue,4.91523e+06,5.02445e+06,34
2,mutex_65536_same-core_unpaced,0,queue,5.02445e+06,5.13368e+06,47
2,mutex_65536_same-core_unpaced,0,queue,5.13368e+06,5.24291e+06,51
2,mutex_65536_same-core_unpaced,0,queue,5.24291e+06,5.35214e+06,33
2,mutex_65536_same-core_unpaced,0,queue,5.35214e+06,5.46136e+06,49
2,mutex_65536_same-core_unpaced,0,queue,5.46136e+06,5.57059e+06,38
2,mutex_65536_same-core_unpaced,0,queue,5.57059e+06,5.67982e+06,28
2,mutex_65536_same-core_unpaced,0,queue,5.67982e+06,5.78904e+06,45
2,mutex_65536_same-core_unpaced,0,queue,5.78904e+06,5.89827e+06,24
2,mutex_65536_same-core_unpaced,0,queue,5.89827e+06,6.0075e+06,31
2,mutex_65536_same-core_unpaced,0,queue,6.0075e+06,6.11673e+06,41
2,mutex_65536_same-core_unpaced,0,queue,6.11673e+06,6.22595e+06,32
2,mutex_65536_same-core_unpaced,0,queue,6.22595e+06,6.33518e+06,32
2,mutex_65536_same-core_unpaced,0,queue,6.33518e+06,6.44441e+06,18
2,mutex_65536_same-core_unpaced,0,queue,6.44441e+06,6.55364e+06,29
2,mutex_65536_same-core_unpaced,0,queue,6.55364e+06,6.66286e+06,29
2,mutex_65536_same-core_unpaced,0,queue,6.66286e+06,6.77209e+06,29
2,mutex_65536_same-core_unpaced,0,queue,6.77209e+06,6.88132e+06,30
2,mutex_65536_same-core_unpaced,0,queue,6.88132e+06,6.99054e+06,35
2,mutex_65536_same-core_unpaced,0,queue,6.99054e+06,7.209e+06,71
2,mutex_65536_same-core_unpaced,0,queue,7.209e+06,7.42745e+06,69
2,mutex_65536_same-core_unpaced,0,queue,7.42745e+06,7.64591e+06,76
2,mutex_65536_same-core_unpaced,0,queue,7.64591e+06,7.86436e+06,98
2,mutex_65536_same-core_unpaced,0,queue,7.86436e+06,8.08282e+06,71
2,mutex_65536_same-core_unpaced,0,queue,8.08282e+06,8.30127e+06,81
2,mutex_65536_same-core_unpaced,0,queue,8.30127e+06,8.51973e+06,95
2,mutex_65536_same-core_unpaced,0,queue,8.51973e+06,8.73818e+06,87
2,mutex_65536_same-core_unpaced,0,queue,8.73818e+06,8.95664e+06,91
2,mutex_65536_same-core_unpaced,0,queue,8.95664e+06,9.17509e+06,103
2,mutex_65536_same-core_unpaced,0,queue,9.17509e+06,9.39354e+06,83
2,mutex_65536_same-core_unpaced,0,queue,9.39354e+06,9.612e+06,104
2,mutex_65536_same-core_unpaced,0,queue,9.612e+06,9.83045e+06,88
2,mutex_65536_same-core_unpaced,0,queue,9.83045e+06,1.00489e+07,129
2,mutex_65536_same-core_unpaced,0,queue,1.00489e+07,1.02674e+07,145
2,mutex_65536_same-core_unpaced,0,queue,1.02674e+07,1.04858e+07,146
2,mutex_65536_same-core_unpaced,0,queue,1.04858e+07,1.07043e+07,137
2,mutex_65536_same-core_unpaced,0,queue,1.07043e+07,1.09227e+07,140
2,mutex_65536_same-core_unpaced,0,queue,1.09227e+07,1.11412e+07,123
2,mutex_65536_same-core_unpaced,0,queue,1.11412e+07,1.13596e+07,123
2,mutex_65536_same-core_unpaced,0,queue,1.13596e+07,1.15781e+07,148
2,mutex_65536_same-core_unpaced,0,queue,1.15781e+07,1.17965e+07,151
2,mutex_65536_same-core_unpaced,0,queue,1.17965e+07,1.2015e+07,161
2,mutex_65536_same-core_unpaced,0,queue,1.2015e+07,1.22335e+07,141
2,mutex_65536_same-core_unpaced,0,queue,1.22335e+07,1.24519e+07,110
2,mutex_65536_same-core_unpaced,0,queue,1.24519e+07,1.26704e+07,138
2,mutex_65536_same-core_unpaced,0,queue,1.26704e+07,1.28888e+07,134
2,mutex_65536_same-core_unpaced,0,queue,1.28888e+07,1.31073e+07,155
2,mutex_65536_same-core_unpaced,0,queue,1.31073e+07,1.33257e+07,139
2,mutex_65536_same-core_unpaced,0,queue,1.33257e+07,1.35442e+07,138
2,mutex_65536_same-core_unpaced,0,queue,1.35442e+07,1.37626e+07,154
2,mutex_65536_same-core_unpaced,0,queue,1.37626e+07,1.39811e+07,138
2,mutex_65536_same-core_unpaced,0,queue,1.39811e+07,1.4418e+07,262
2,mutex_65536_same-core_unpaced,0,queue,1.4418e+07,1.48549e+07,271
2,mutex_65536_same-core_unpaced,0,queue,1.48549e+07,1.52918e+07,285
2,mutex_65536_same-core_unpaced,0,queue,1.52918e+07,1.57287e+07,265
2,mutex_65536_same-core_unpaced,0,queue,1.57287e+07,1.61656e+07,292
2,mutex_65536_same-core_unpaced,0,queue,1.61656e+07,1.66025e+07,259
2,mutex_65536_same-core_unpaced,0,queue,1.66025e+07,1.70395e+07,251
2,mutex_65536_same-core_unpaced,0,queue,1.70395e+07,1.74764e+07,296
2,mutex_65536_same-core_unpaced,0,queue,1.74764e+07,1.79133e+07,249
2,mutex_65536_same-core_unpaced,0,queue,1.79133e+07,1.83502e+07,11580
2,mutex_65536_same-core_unpaced,0,queue,1.83502e+07,1.87871e+07,128710
2,mutex_65536_same-core_unpaced,0,queue,1.87871e+07,1.9224e+07,29963
2,mutex_65536_same-core_unpaced,0,queue,1.9224e+07,1.96609e+07,24510
2,mutex_65536_same-core_unpaced,0,queue,1.96609e+07,2.00978e+07,28286
2,mutex_65536_same-core_unpaced,0,queue,2.00978e+07,2.05347e+07,17086
2,mutex_65536_same-core_unpaced,0,queue,2.05347e+07,2.09716e+07,7058
2,mutex_65536_same-core_unpaced,0,queue,2.09716e+07,2.14085e+07,9959
2,mutex_65536_same-core_unpaced,0,queue,2.14085e+07,2.18455e+07,9029
2,mutex_65536_same-core_unpaced,0,queue,2.18455e+07,2.22824e+07,10209
2,mutex_65536_same-core_unpaced,0,queue,2.22824e+07,2.27193e+07,13159
2,mutex_65536_same-core_unpaced,0,queue,2.27193e+07,2.31562e+07,6750
2,mutex_65536_same-core_unpaced,0,queue,2.31562e+07,2.35931e+07,9354
2,mutex_65536_same-core_unpaced,0,queue,2.35931e+07,2.403e+07,5856
2,mutex_65536_same-core_unpaced,0,queue,2.403e+07,2.44669e+07,21159
2,mutex_65536_same-core_unpaced,0,queue,2.44669e+07,2.49038e+07,134986
2,mutex_65536_same-core_unpaced,0,queue,2.49038e+07,2.53407e+07,315981
2,mutex_65536_same-core_unpaced,0,queue,2.53407e+07,2.57776e+07,543713
2,mutex_65536_same-core_unpaced,0,queue,2.57776e+07,2.62145e+07,514838
2,mutex_65536_same-core_unpaced,0,queue,2.62145e+07,2.66515e+07,300621
2,mutex_65536_same-core_unpaced,0,queue,2.66515e+07,2.70884e+07,127415
2,mutex_65536_same-core_unpaced,0,queue,2.70884e+07,2.75253e+07,33628
2,mutex_65536_same-core_unpaced,0,queue,2.75253e+07,2.79622e+07,14334
2,mutex_65536_same-core_unpaced,0,queue,2.79622e+07,2.8836e+07,17377
2,mutex_65536_same-core_unpaced,0,queue,2.8836e+07,2.97098e+07,16486
2,mutex_65536_same-core_unpaced,0,queue,2.97098e+07,3.05836e+07,8508
2,mutex_65536_same-core_unpaced,0,queue,3.05836e+07,3.14575e+07,1617
2,mutex_65536_same-core_unpaced,0,queue,3.14575e+07,3.23313e+07,2024
2,mutex_65536_same-core_unpaced,0,queue,3.23313e+07,3.32051e+07,609
2,mutex_65536_same-core_unpaced,0,queue,3.32051e+07,3.40789e+07,1216
2,mutex_65536_same-core_unpaced,0,queue,3.40789e+07,3.49527e+07,937
2,mutex_65536_same-core_unpaced,0,queue,3.49527e+07,3.58265e+07,867
2,mutex_65536_same-core_unpaced,0,queue,3.58265e+07,3.67004e+07,1094
2,mutex_65536_same-core_unpaced,0,queue,3.67004e+07,3.75742e+07,3807
2,mutex_65536_same-core_unpaced,0,queue,3.75742e+07,3.8448e+07,68
2,mutex_65536_same-core_unpaced,0,book,15.8334,16.2501,3
2,mutex_65536_same-core_unpaced,0,book,16.6668,17.0834,5
2,mutex_65536_same-core_unpaced,0,book,17.5001,17.9168,10
2,mutex_65536_same-core_unpaced,0,book,18.3334,18.7501,28
2,mutex_65536_same-core_unpaced,0,book,19.1668,19.5834,64
2,mutex_65536_same-core_unpaced,0,book,20.0001,20.4168,119
2,mutex_65536_same-core_unpaced,0,book,20.8334,21.2501,129
2,mutex_65536_same-core_unpaced,0,book,21.6668,22.0835,273
2,mutex_65536_same-core_unpaced,0,book,22.5001,22.9168,272
2,mutex_65536_same-core_unpaced,0,book,23.3335,23.7501,299
2,mutex_65536_same-core_unpaced,0,book,24.1668,24.5835,394
2,mutex_65536_same-core_unpaced,0,book,25.0001,25.4168,495
2,mutex_65536_same-core_unpaced,0,book,25.8335,26.2501,627
2,mutex_65536_same-core_unpaced,0,book,26.6668,27.5002,938
2,mutex_65536_same-core_unpaced,0,book,27.5002,28.3335,1246
2,mutex_65536_same-core_unpaced,0,book,28.3335,29.1668,2050
2,mutex_65536_same-core_unpaced,0,book,29.1668,30.0002,3410
2,mutex_65536_same-core_unpaced,0,book,30.0002,30.8335,4522
2,mutex_65536_same-core_unpaced,0,book,30.8335,31.6668,5452
2,mutex_65536_same-core_unpaced,0,book,31.6668,32.5002,4953
2,mutex_65536_same-core_unpaced,0,book,32.5002,33.3335,4247
2,mutex_65536_same-core_unpaced,0,book,33.3335,34.1669,3207
2,mutex_65536_same-core_unpaced,0,book,34.1669,35.0002,2168
2,mutex_65536_same-core_unpaced,0,book,35.0002,35.8335,1638
2,mutex_65536_same-core_unpaced,0,book,35.8335,36.6669,1245
2,mutex_65536_same-core_unpaced,0,book,36.6669,37.5002,903
2,mutex_65536_same-core_unpaced,0,book,37.5002,38.3335,816
2,mutex_65536_same-core_unpaced,0,book,38.3335,39.1669,779
2,mutex_65536_same-core_unpaced,0,book,39.1669,40.0002,723
2,mutex_65536_same-core_unpaced,0,book,40.0002,40.8336,1047
2,mutex_65536_same-core_unpaced,0,book,40.8336,41.6669,953
2,mutex_65536_same-core_unpaced,0,book,41.6669,42.5002,1212
2,mutex_65536_same-core_unpaced,0,book,42.5002,43.3336,1769
2,mutex_65536_same-core_unpaced,0,book,43.3336,44.1669,1848
2,mutex_65536_same-core_unpaced,0,book,44.1669,45.0002,2482
2,mutex_65536_same-core_unpaced,0,book,45.0002,45.8336,2985
2,mutex_65536_same-core_unpaced,0,book,45.8336,46.6669,3300
2,mutex_65536_same-core_unpaced,0,book,46.6669,47.5003,4210
2,mutex_65536_same-core_unpaced,0,book,47.5003,48.3336,4322
2,mutex_65536_same-core_unpaced,0,book,48.3336,49.1669,4869
2,mutex_65536_same-core_unpaced,0,book,49.1669,50.0003,5356
2,mutex_65536_same-core_unpaced,0,book,50.0003,50.8336,5249
2,mutex_65536_same-core_unpaced,0,book,50.8336,51.6669,5538
2,mutex_65536_same-core_unpaced,0,book,51.6669,52.5003,5125
2,mutex_65536_same-core_unpaced,0,book,52.5003,53.3336,5012
2,mutex_65536_same-core_unpaced,0,book,53.3336,55.0003,9976
2,mutex_65536_same-core_unpaced,0,book,55.0003,56.667,9489
2,mutex_65536_same-core_unpaced,0,book,56.667,58.3337,8599
2,mutex_65536_same-core_unpaced,0,book,58.3337,60.0003,8263
2,mutex_65536_same-core_unpaced,0,book,60.0003,61.667,9388
2,mutex_65536_same-core_unpaced,0,book,61.667,63.3337,10718
2,mutex_65536_same-core_unpaced,0,book,63.3337,65.0004,11394
2,mutex_65536_same-core_unpaced,0,book,65.0004,66.667,12590
2,mutex_65536_same-core_unpaced,0,book,66.667,68.3337,14288
2,mutex_65536_same-core_unpaced,0,book,68.3337,70.0004,14946
2,mutex_65536_same-core_unpaced,0,book,70.0004,71.6671,15381
2,mutex_65536_same-core_unpaced,0,book,71.6671,73.3337,15563
2,mutex_65536_same-core_unpaced,0,book,73.3337,75.0004,16013
2,mutex_65536_same-core_unpaced,0,book,75.0004,76.6671,16201
2,mutex_65536_same-core_unpaced,0,book,76.6671,78.3338,15783
2,mutex_65536_same-core_unpaced,0,book,78.3338,80.0004,14982
2,mutex_65536_same-core_unpaced,0,book,80.0004,81.6671,16113
2,mutex_65536_same-core_unpaced,0,book,81.6671,83.3338,16129
2,mutex_65536_same-core_unpaced,0,book,83.3338,85.0005,15634
2,mutex_65536_same-core_unpaced,0,book,85.0005,86.6671,14850
2,mutex_65536_same-core_unpaced,0,book,86.6671,88.3338,15181
2,mutex_65536_same-core_unpaced,0,book,88.3338,90.0005,14290
2,mutex_65536_same-core_unpaced,0,book,90.0005,91.6672,13106
2,mutex_65536_same-core_unpaced,0,book,91.6672,93.3338,12100
2,mutex_65536_same-core_unpaced,0,book,93.3338,95.0005,11700
2,mutex_65536_same-core_unpaced,0,book,95.0005,96.6672,11165
2,mutex_65536_same-core_unpaced,0,book,96.6672,98.3339,10239
2,mutex_65536_same-core_unpaced,0,book,98.3339,100.001,9241
2,mutex_65536_same-core_unpaced,0,book,100.001,101.667,9198
2,mutex_65536_same-core_unpaced,0,book,101.667,103.334,8443
2,mutex_65536_same-core_unpaced,0,book,103.334,105.001,7538
2,mutex_65536_same-core_unpaced,0,book,105.001,106.667,6807
2,mutex_65536_same-core_unpaced,0,book,106.667,110.001,12619
2,mutex_65536_same-core_unpaced,0,book,110.001,113.334,10580
2,mutex_65536_same-core_unpaced,0,book,113.334,116.667,9775
2,mutex_65536_same-core_unpaced,0,book,116.667,120.001,8262
2,mutex_65536_same-core_unpaced,0,book,120.001,123.334,7544
2,mutex_65536_same-core_unpaced,0,book,123.334,126.667,6385
2,mutex_65536_same-core_unpaced,0,book,126.667,130.001,6717
2,mutex_65536_same-core_unpaced,0,book,130.001,133.334,8221
2,mutex_65536_same-core_unpaced,0,book,133.334,136.667,12998
2,mutex_65536_same-core_unpaced,0,book,136.667,140.001,16773
2,mutex_65536_same-core_unpaced,0,book,140.001,143.334,18337
2,mutex_65536_same-core_unpaced,0,book,143.334,146.667,19899
2,mutex_65536_same-core_unpaced,0,book,146.667,150.001,27769
2,mutex_65536_same-core_unpaced,0,book,150.001,153.334,35926
2,mutex_65536_same-core_unpaced,0,book,153.334,156.668,41605
2,mutex_65536_same-core_unpaced,0,book,156.668,160.001,38640
2,mutex_65536_same-core_unpaced,0,book,160.001,163.334,41181
2,mutex_65536_same-core_unpaced,0,book,163.334,166.668,47514
2,mutex_65536_same-core_unpaced,0,book,166.668,170.001,53411
2,mutex_65536_same-core_unpaced,0,book,170.001,173.334,49982
2,mutex_65536_same-core_unpaced,0,book,173.334,176.668,47151
2,mutex_65536_same-core_unpaced,0,book,176.668,180.001,45556
2,mutex_65536_same-core_unpaced,0,book,180.001,183.334,50622
2,mutex_65536_same-core_unpaced,0,book,183.334,186.668,49283
2,mutex_65536_same-core_unpaced,0,book,186.668,190.001,47557
2,mutex_65536_same-core_unpaced,0,book,190.001,193.334,44394
2,mutex_65536_same-core_unpaced,0,book,193.334,196.668,44908
2,mutex_65536_same-core_unpaced,0,book,196.668,200.001,43635
2,mutex_65536_same-core_unpaced,0,book,200.001,203.334,43056
2,mutex_65536_same-core_unpaced,0,book,203.334,206.668,39514
2,mutex_65536_same-core_unpaced,0,book,206.668,210.001,38459
2,mutex_65536_same-core_unpaced,0,book,210.001,213.334,35570
2,mutex_65536_same-core_unpaced,0,book,213.334,220.001,66103
2,mutex_65536_same-core_unpaced,0,book,220.001,226.668,56722
2,mutex_65536_same-core_unpaced,0,book,226.668,233.335,48756
2,mutex_65536_same-core_unpaced,0,book,233.335,240.001,41511
2,mutex_65536_same-core_unpaced,0,book,240.001,246.668,36681
2,mutex_65536_same-core_unpaced,0,book,246.668,253.335,32144
2,mutex_65536_same-core_unpaced,0,book,253.335,260.001,28705
2,mutex_65536_same-core_unpaced,0,book,260.001,266.668,26041
2,mutex_65536_same-core_unpaced,0,book,266.668,273.335,24048
2,mutex_65536_same-core_unpaced,0,book,273.335,280.002,21827
2,mutex_65536_same-core_unpaced,0,book,280.002,286.668,20709
2,mutex_65536_same-core_unpaced,0,book,286.668,293.335,19396
2,mutex_65536_same-core_unpaced,0,book,293.335,300.002,18289
2,mutex_65536_same-core_unpaced,0,book,300.002,306.668,17737
2,mutex_65536_same-core_unpaced,0,book,306.668,313.335,17142
2,mutex_65536_same-core_unpaced,0,book,313.335,320.002,16605
2,mutex_65536_same-core_unpaced,0,book,320.002,326.668,16176
2,mutex_65536_same-core_unpaced,0,book,326.668,333.335,16148
2,mutex_65536_same-core_unpaced,0,book,333.335,340.002,15685
2,mutex_65536_same-core_unpaced,0,book,340.002,346.669,15739
2,mutex_65536_same-core_unpaced,0,book,346.669,353.335,15355
2,mutex_65536_same-core_unpaced,0,book,353.335,360.002,15263
2,mutex_65536_same-core_unpaced,0,book,360.002,366.669,14778
2,mutex_65536_same-core_unpaced,0,book,366.669,373.335,14296
2,mutex_65536_same-core_unpaced,0,book,373.335,380.002,13540
2,mutex_65536_same-core_unpaced,0,book,380.002,386.669,13445
2,mutex_65536_same-core_unpaced,0,book,386.669,393.335,12796
2,mutex_65536_same-core_unpaced,0,book,393.335,400.002,12074
2,mutex_65536_same-core_unpaced,0,book,400.002,406.669,11570
2,mutex_65536_same-core_unpaced,0,book,406.669,413.336,11010
2,mutex_65536_same-core_unpaced,0,book,413.336,420.002,10544
2,mutex_65536_same-core_unpaced,0,book,420.002,426.669,10092
2,mutex_65536_same-core_unpaced,0,book,426.669,440.002,18635
2,mutex_65536_same-core_unpaced,0,book,440.002,453.336,17177
2,mutex_65536_same-core_unpaced,0,book,453.336,466.669,14899
2,mutex_65536_same-core_unpaced,0,book,466.669,480.003,13386
2,mutex_65536_same-core_unpaced,0,book,480.003,493.336,11851
2,mutex_65536_same-core_unpaced,0,book,493.336,506.669,10263
2,mutex_65536_same-core_unpaced,0,book,506.669,520.003,8742
2,mutex_65536_same-core_unpaced,0,book,520.003,533.336,7800
2,mutex_65536_same-core_unpaced,0,book,533.336,546.67,6932
2,mutex_65536_same-core_unpaced,0,book,546.67,560.003,6130
2,mutex_65536_same-core_unpaced,0,book,560.003,573.336,5676
2,mutex_65536_same-core_unpaced,0,book,573.336,586.67,4935
2,mutex_65536_same-core_unpaced,0,book,586.67,600.003,4463
2,mutex_65536_same-core_unpaced,0,book,600.003,613.337,4096
2,mutex_65536_same-core_unpaced,0,book,613.337,626.67,3748
2,mutex_65536_same-core_unpaced,0,book,626.67,640.003,3379
2,mutex_65536_same-core_unpaced,0,book,640.003,653.337,3128
2,mutex_65536_same-core_unpaced,0,book,653.337,666.67,2875
2,mutex_65536_same-core_unpaced,0,book,666.67,680.004,2486
2,mutex_65536_same-core_unpaced,0,book,680.004,693.337,2402
2,mutex_65536_same-core_unpaced,0,book,693.337,706.671,2112
2,mutex_65536_same-core_unpaced,0,book,706.671,720.004,1906
2,mutex_65536_same-core_unpaced,0,book,720.004,733.337,1657
2,mutex_65536_same-core_unpaced,0,book,733.337,746.671,1470
2,mutex_65536_same-core_unpaced,0,book,746.671,760.004,1440
2,mutex_65536_same-core_unpaced,0,book,760.004,773.338,1313
2,mutex_65536_same-core_unpaced,0,book,773.338,786.671,1054
2,mutex_65536_same-core_unpaced,0,book,786.671,800.004,994
2,mutex_65536_same-core_unpaced,0,book,800.004,813.338,913
2,mutex_65536_same-core_unpaced,0,book,813.338,826.671,800
2,mutex_65536_same-core_unpaced,0,book,826.671,840.005,756
2,mutex_65536_same-core_unpaced,0,book,840.005,853.338,680
2,mutex_65536_same-core_unpaced,0,book,853.338,880.005,1226
2,mutex_65536_same-core_unpaced,0,book,880.005,906.672,835
2,mutex_65536_same-core_unpaced,0,book,906.672,933.338,769
2,mutex_65536_same-core_unpaced,0,book,933.338,960.005,623
2,mutex_65536_same-core_unpaced,0,book,960.005,986.672,487
2,mutex_65536_same-core_unpaced,0,book,986.672,1013.34,381
2,mutex_65536_same-core_unpaced,0,book,1013.34,1040.01,289
2,mutex_65536_same-core_unpaced,0,book,1040.01,1066.67,274
2,mutex_65536_same-core_unpaced,0,book,1066.67,1093.34,217
2,mutex_65536_same-core_unpaced,0,book,1093.34,1120.01,149
2,mutex_65536_same-core_unpaced,0,book,1120.01,1146.67,167
2,mutex_65536_same-core_unpaced,0,book,1146.67,1173.34,157
2,mutex_65536_same-core_unpaced,0,book,1173.34,1200.01,107
2,mutex_65536_same-core_unpaced,0,book,1200.01,1226.67,76
2,mutex_65536_same-core_unpaced,0,book,1226.67,1253.34,69
2,mutex_65536_same-core_unpaced,0,book,1253.34,1280.01,69
2,mutex_65536_same-core_unpaced,0,book,1280.01,1306.67,61
2,mutex_65536_same-core_unpaced,0,book,1306.67,1333.34,45
2,mutex_65536_same-core_unpaced,0,book,1333.34,1360.01,40
2,mutex_65536_same-core_unpaced,0,book,1360.01,1386.67,30
2,mutex_65536_same-core_unpaced,0,book,1386.67,1413.34,29
2,mutex_65536_same-core_unpaced,0,book,1413.34,1440.01,29
2,mutex_65536_same-core_unpaced,0,book,1440.01,1466.67,19
2,mutex_65536_same-core_unpaced,0,book,1466.67,1493.34,17
2,mutex_65536_same-core_unpaced,0,book,1493.34,1520.01,13
2,mutex_65536_same-core_unpaced,0,book,1520.01,1546.68,12
2,mutex_65536_same-core_unpaced,0,book,1546.68,1573.34,14
2,mutex_65536_same-core_unpaced,0,book,1573.34,1600.01,6
2,mutex_65536_same-core_unpaced,0,book,1600.01,1626.68,14
2,mutex_65536_same-core_unpaced,0,book,1626.68,1653.34,10
2,mutex_65536_same-core_unpaced,0,book,1653.34,1680.01,5
2,mutex_65536_same-core_unpaced,0,book,1680.01,1706.68,10
2,mutex_65536_same-core_unpaced,0,book,1706.68,1760.01,15
2,mutex_65536_same-core_unpaced,0,book,1760.01,1813.34,15
2,mutex_65536_same-core_unpaced,0,book,1813.34,1866.68,11
2,mutex_65536_same-core_unpaced,0,book,1866.68,1920.01,14
2,mutex_65536_same-core_unpaced,0,book,1920.01,1973.34,12
2,mutex_65536_same-core_unpaced,0,book,1973.34,2026.68,11
2,mutex_65536_same-core_unpaced,0,book,2026.68,2080.01,10
2,mutex_65536_same-core_unpaced,0,book,2080.01,2133.34,10
2,mutex_65536_same-core_unpaced,0,book,2133.34,2186.68,7
2,mutex_65536_same-core_unpaced,0,book,2186.68,2240.01,17
2,mutex_65536_same-core_unpaced,0,book,2240.01,2293.35,9
2,mutex_65536_same-core_unpaced,0,book,2293.35,2346.68,6
2,mutex_65536_same-core_unpaced,0,book,2346.68,2400.01,13
2,mutex_65536_same-core_unpaced,0,book,2400.01,2453.35,7
2,mutex_65536_same-core_unpaced,0,book,2453.35,2506.68,8
2,mutex_65536_same-core_unpaced,0,book,2506.68,2560.01,5
2,mutex_65536_same-core_unpaced,0,book,2560.01,2613.35,7
2,mutex_65536_same-core_unpaced,0,book,2613.35,2666.68,8
2,mutex_65536_same-core_unpaced,0,book,2666.68,2720.01,2
2,mutex_65536_same-core_unpaced,0,book,2720.01,2773.35,4
2,mutex_65536_same-core_unpaced,0,book,2773.35,2826.68,2
2,mutex_65536_same-core_unpaced,0,book,2826.68,2880.02,3
2,mutex_65536_same-core_unpaced,0,book,2880.02,2933.35,2
2,mutex_65536_same-core_unpaced,0,book,2933.35,2986.68,2
2,mutex_65536_same-core_unpaced,0,book,3200.02,3253.35,1
2,mutex_65536_same-core_unpaced,0,book,3253.35,3306.68,1
2,mutex_65536_same-core_unpaced,0,book,3306.68,3360.02,1
2,mutex_65536_same-core_unpaced,0,book,3413.35,3520.02,1
2,mutex_65536_same-core_unpaced,0,book,3520.02,3626.69,3
2,mutex_65536_same-core_unpaced,0,book,3733.35,3840.02,3
2,mutex_65536_same-core_unpaced,0,book,3840.02,3946.69,3
2,mutex_65536_same-core_unpaced,0,book,3946.69,4053.36,6
2,mutex_65536_same-core_unpaced,0,book,4053.36,4160.02,2
2,mutex_65536_same-core_unpaced,0,book,4160.02,4266.69,3
2,mutex_65536_same-core_unpaced,0,book,4266.69,4373.36,9
2,mutex_65536_same-core_unpaced,0,book,4373.36,4480.02,9
2,mutex_65536_same-core_unpaced,0,book,4480.02,4586.69,18
2,mutex_65536_same-core_unpaced,0,book,4586.69,4693.36,8
2,mutex_65536_same-core_unpaced,0,book,4693.36,4800.03,25
2,mutex_65536_same-core_unpaced,0,book,4800.03,4906.69,14
2,mutex_65536_same-core_unpaced,0,book,4906.69,5013.36,16
2,mutex_65536_same-core_unpaced,0,book,5013.36,5120.03,15
2,mutex_65536_same-core_unpaced,0,book,5120.03,5226.7,9
2,mutex_65536_same-core_unpaced,0,book,5226.7,5333.36,5
2,mutex_65536_same-core_unpaced,0,book,5333.36,5440.03,2
2,mutex_65536_same-core_unpaced,0,book,5440.03,5546.7,1
2,mutex_65536_same-core_unpaced,0,book,5546.7,5653.36,2
2,mutex_65536_same-core_unpaced,0,book,5973.37,6080.03,1
2,mutex_65536_same-core_unpaced,0,book,6080.03,6186.7,1
2,mutex_65536_same-core_unpaced,0,book,6400.03,6506.7,2
2,mutex_65536_same-core_unpaced,0,book,6506.7,6613.37,6
2,mutex_65536_same-core_unpaced,0,book,6613.37,6720.04,5
2,mutex_65536_same-core_unpaced,0,book,6720.04,6826.7,2
2,mutex_65536_same-core_unpaced,0,book,6826.7,7040.04,8
2,mutex_65536_same-core_unpaced,0,book,7040.04,7253.37,17
2,mutex_65536_same-core_unpaced,0,book,7253.37,7466.71,10
2,mutex_65536_same-core_unpaced,0,book,7466.71,7680.04,8
2,mutex_65536_same-core_unpaced,0,book,7680.04,7893.38,3
2,mutex_65536_same-core_unpaced,0,book,7893.38,8106.71,13
2,mutex_65536_same-core_unpaced,0,book,8106.71,8320.05,17
2,mutex_65536_same-core_unpaced,0,book,8320.05,8533.38,16
2,mutex_65536_same-core_unpaced,0,book,8533.38,8746.71,10
2,mutex_65536_same-core_unpaced,0,book,8746.71,8960.05,6
2,mutex_65536_same-core_unpaced,0,book,8960.05,9173.38,5
2,mutex_65536_same-core_unpaced,0,book,9173.38,9386.72,2
2,mutex_65536_same-core_unpaced,0,book,9386.72,9600.05,1
2,mutex_65536_same-core_unpaced,0,book,9600.05,9813.39,1
2,mutex_65536_same-core_unpaced,0,book,10026.7,10240.1,4
2,mutex_65536_same-core_unpaced,0,book,10240.1,10453.4,12
2,mutex_65536_same-core_unpaced,0,book,10453.4,10666.7,51
2,mutex_65536_same-core_unpaced,0,book,10666.7,10880.1,88
2,mutex_65536_same-core_unpaced,0,book,10880.1,11093.4,93
2,mutex_65536_same-core_unpaced,0,book,11093.4,11306.7,98
2,mutex_65536_same-core_unpaced,0,book,11306.7,11520.1,63
2,mutex_65536_same-core_unpaced,0,book,11520.1,11733.4,40
2,mutex_65536_same-core_unpaced,0,book,11733.4,11946.7,18
2,mutex_65536_same-core_unpaced,0,book,11946.7,12160.1,15
2,mutex_65536_same-core_unpaced,0,book,12160.1,12373.4,7
2,mutex_65536_same-core_unpaced,0,book,12373.4,12586.7,3
2,mutex_65536_same-core_unpaced,0,book,12586.7,12800.1,6
2,mutex_65536_same-core_unpaced,0,book,12800.1,13013.4,6
2,mutex_65536_same-core_unpaced,0,book,13013.4,13226.7,3
2,mutex_65536_same-core_unpaced,0,book,13226.7,13440.1,1
2,mutex_65536_same-core_unpaced,0,book,13653.4,14080.1,6
2,mutex_65536_same-core_unpaced,0,book,14080.1,14506.7,5
2,mutex_65536_same-core_unpaced,0,book,14506.7,14933.4,1
2,mutex_65536_same-core_unpaced,0,book,14933.4,15360.1,1
2,mutex_65536_same-core_unpaced,0,book,15360.1,15786.8,1
2,mutex_65536_same-core_unpaced,0,book,15786.8,16213.4,1
2,mutex_65536_same-core_unpaced,0,book,16213.4,16640.1,1
2,mutex_65536_same-core_unpaced,0,book,17066.8,17493.4,1
2,mutex_65536_same-core_unpaced,0,book,17920.1,18346.8,1
2,mutex_65536_same-core_unpaced,0,book,21760.1,22186.8,1
2,mutex_65536_same-core_unpaced,0,book,22613.5,23040.1,1
2,mutex_65536_same-core_unpaced,0,book,26453.5,26880.1,1
2,mutex_65536_same-core_unpaced,0,book,177494,180908,1
3,mutex_65536_same-core_unpaced,0,total,7680.04,7893.38,1
3,mutex_65536_same-core_unpaced,0,total,9173.38,9386.72,1
3,mutex_65536_same-core_unpaced,0,total,10026.7,10240.1,1
3,mutex_65536_same-core_unpaced,0,total,13440.1,13653.4,1
3,mutex_65536_same-core_unpaced,0,total,13653.4,14080.1,4
3,mutex_65536_same-core_unpaced,0,total,14080.1,14506.7,2
3,mutex_65536_same-core_unpaced,0,total,16213.4,16640.1,1
3,mutex_65536_same-core_unpaced,0,total,16640.1,17066.8,4
3,mutex_65536_same-core_unpaced,0,total,17066.8,17493.4,2
3,mutex_65536_same-core_unpaced,0,total,17493.4,17920.1,5
3,mutex_65536_same-core_unpaced,0,total,17920.1,18346.8,6
3,mutex_65536_same-core_unpaced,0,total,18346.8,18773.4,3
3,mutex_65536_same-core_unpaced,0,total,19200.1,19626.8,5
3,mutex_65536_same-core_unpaced,0,total,19626.8,20053.4,4
3,mutex_65536_same-core_unpaced,0,total,20053.4,20480.1,6
3,mutex_65536_same-core_unpaced,0,total,20480.1,20906.8,7
3,mutex_65536_same-core_unpaced,0,total,20906.8,21333.4,11
3,mutex_65536_same-core_unpaced,0,total,21333.4,21760.1,12
3,mutex_65536_same-core_unpaced,0,total,21760.1,22186.8,7
3,mutex_65536_same-core_unpaced,0,total,22186.8,22613.5,5
3,mutex_65536_same-core_unpaced,0,total,22613.5,23040.1,3
3,mutex_65536_same-core_unpaced,0,total,23040.1,23466.8,6
3,mutex_65536_same-core_unpaced,0,total,23466.8,23893.5,6
3,mutex_65536_same-core_unpaced,0,total,23893.5,24320.1,9
3,mutex_65536_same-core_unpaced,0,total,24320.1,24746.8,5
3,mutex_65536_same-core_unpaced,0,total,24746.8,25173.5,6
3,mutex_65536_same-core_unpaced,0,total,25173.5,25600.1,7
3,mutex_65536_same-core_unpaced,0,total,25600.1,26026.8,4
3,mutex_65536_same-core_unpaced,0,total,26026.8,26453.5,2
3,mutex_65536_same-core_unpaced,0,total,26453.5,26880.1,3
3,mutex_65536_same-core_unpaced,0,total,26880.1,27306.8,1
3,mutex_65536_same-core_unpaced,0,total,27306.8,28160.2,4
3,mutex_65536_same-core_unpaced,0,total,28160.2,29013.5,4
3,mutex_65536_same-core_unpaced,0,total,29013.5,29866.8,2
3,mutex_65536_same-core_unpaced,0,total,29866.8,30720.2,4
3,mutex_65536_same-core_unpaced,0,total,30720.2,31573.5,4
3,mutex_65536_same-core_unpaced,0,total,31573.5,32426.8,4
3,mutex_65536_same-core_unpaced,0,total,32426.8,33280.2,3
3,mutex_65536_same-core_unpaced,0,total,33280.2,34133.5,4
3,mutex_65536_same-core_unpaced,0,total,34133.5,34986.9,8
3,mutex_65536_same-core_unpaced,0,total,34986.9,35840.2,14
3,mutex_65536_same-core_unpaced,0,total,35840.2,36693.5,16
3,mutex_65536_same-core_unpaced,0,total,36693.5,37546.9,8
3,mutex_65536_same-core_unpaced,0,total,37546.9,38400.2,4
3,mutex_65536_same-core_unpaced,0,total,38400.2,39253.5,9
3,mutex_65536_same-core_unpaced,0,total,39253.5,40106.9,5
3,mutex_65536_same-core_unpaced,0,total,40106.9,40960.2,3
3,mutex_65536_same-core_unpaced,0,total,40960.2,41813.6,6
3,mutex_65536_same-core_unpaced,0,total,41813.6,42666.9,13
3,mutex_65536_same-core_unpaced,0,total,42666.9,43520.2,10
3,mutex_65536_same-core_unpaced,0,total,43520.2,44373.6,16
3,mutex_65536_same-core_unpaced,0,total,44373.6,45226.9,13
3,mutex_65536_same-core_unpaced,0,total,45226.9,46080.3,15
3,mutex_65536_same-core_unpaced,0,total,46080.3,46933.6,17
3,mutex_65536_same-core_unpaced,0,total,46933.6,47786.9,9
3,mutex_65536_same-core_unpaced,0,total,47786.9,48640.3,8
3,mutex_65536_same-core_unpaced,0,total,48640.3,49493.6,3
3,mutex_65536_same-core_unpaced,0,total,49493.6,50346.9,7
3,mutex_65536_same-core_unpaced,0,total,50346.9,51200.3,5
3,mutex_65536_same-core_unpaced,0,total,52053.6,52907,2
3,mutex_65536_same-core_unpaced,0,total,54613.6,56320.3,11
3,mutex_65536_same-core_unpaced,0,total,56320.3,58027,8
3,mutex_65536_same-core_unpaced,0,total,58027,59733.7,8
3,mutex_65536_same-core_unpaced,0,total,59733.7,61440.3,8
3,mutex_65536_same-core_unpaced,0,total,61440.3,63147,3
3,mutex_65536_same-core_unpaced,0,total,63147,64853.7,5
3,mutex_65536_same-core_unpaced,0,total,64853.7,66560.4,8
3,mutex_65536_same-core_unpaced,0,total,66560.4,68267,13
3,mutex_65536_same-core_unpaced,0,total,68267,69973.7,18
3,mutex_65536_same-core_unpaced,0,total,69973.7,71680.4,12
3,mutex_65536_same-core_unpaced,0,total,71680.4,73387.1,7
3,mutex_65536_same-core_unpaced,0,total,73387.1,75093.7,7
3,mutex_65536_same-core_unpaced,0,total,75093.7,76800.4,2
3,mutex_65536_same-core_unpaced,0,total,76800.4,78507.1,1
3,mutex_65536_same-core_unpaced,0,total,78507.1,80213.8,7
3,mutex_65536_same-core_unpaced,0,total,81920.4,83627.1,7
3,mutex_65536_same-core_unpaced,0,total,83627.1,85333.8,14
3,mutex_65536_same-core_unpaced,0,total,85333.8,87040.5,19
3,mutex_65536_same-core_unpaced,0,total,87040.5,88747.2,17
3,mutex_65536_same-core_unpaced,0,total,92160.5,93867.2,1
3,mutex_65536_same-core_unpaced,0,total,93867.2,95573.9,1
3,mutex_65536_same-core_unpaced,0,total,107521,109227,1
3,mutex_65536_same-core_unpaced,0,total,133121,136534,2
3,mutex_65536_same-core_unpaced,0,total,136534,139947,1
3,mutex_65536_same-core_unpaced,0,total,139947,143361,1
3,mutex_65536_same-core_unpaced,0,total,150187,153601,1
3,mutex_65536_same-core_unpaced,0,total,153601,157014,1
3,mutex_65536_same-core_unpaced,0,total,157014,160428,1
3,mutex_65536_same-core_unpaced,0,total,160428,163841,3
3,mutex_65536_same-core_unpaced,0,total,163841,167254,1
3,mutex_65536_same-core_unpaced,0,total,177494,180908,1
3,mutex_65536_same-core_unpaced,0,total,184321,187734,1
3,mutex_65536_same-core_unpaced,0,total,197974,201388,1
3,mutex_65536_same-core_unpaced,0,total,201388,204801,1
3,mutex_65536_same-core_unpaced,0,total,208214,211628,2
3,mutex_65536_same-core_unpaced,0,total,211628,215041,1
3,mutex_65536_same-core_unpaced,0,total,215041,218455,1
3,mutex_65536_same-core_unpaced,0,total,218455,225281,2
3,mutex_65536_same-core_unpaced,0,total,225281,232108,1
3,mutex_65536_same-core_unpaced,0,total,232108,238935,1
3,mutex_65536_same-core_unpaced,0,total,238935,245761,1
3,mutex_65536_same-core_unpaced,0,total,245761,252588,1
3,mutex_65536_same-core_unpaced,0,total,252588,259415,4
3,mutex_65536_same-core_unpaced,0,total,266241,273068,3
3,mutex_65536_same-core_unpaced,0,total,273068,279895,2
3,mutex_65536_same-core_unpaced,0,total,279895,286722,2
3,mutex_65536_same-core_unpaced,0,total,293548,300375,1
3,mutex_65536_same-core_unpaced,0,total,300375,307202,3
3,mutex_65536_same-core_unpaced,0,total,307202,314028,1
3,mutex_65536_same-core_unpaced,0,total,314028,320855,1
3,mutex_65536_same-core_unpaced,0,total,320855,327682,1
3,mutex_65536_same-core_unpaced,0,total,327682,334508,2
3,mutex_65536_same-core_unpaced,0,total,334508,341335,2
3,mutex_65536_same-core_unpaced,0,total,341335,348162,1
3,mutex_65536_same-core_unpaced,0,total,348162,354989,1
3,mutex_65536_same-core_unpaced,0,total,361815,368642,1
3,mutex_65536_same-core_unpaced,0,total,368642,375469,1
3,mutex_65536_same-core_unpaced,0,total,375469,382295,2
3,mutex_65536_same-core_unpaced,0,total,382295,389122,4
3,mutex_65536_same-core_unpaced,0,total,389122,395949,1
3,mutex_65536_same-core_unpaced,0,total,395949,402776,1
3,mutex_65536_same-core_unpaced,0,total,402776,409602,1
3,mutex_65536_same-core_unpaced,0,total,409602,416429,3
3,mutex_65536_same-core_unpaced,0,total,423256,430082,2
3,mutex_65536_same-core_unpaced,0,total,430082,436909,1
3,mutex_65536_same-core_unpaced,0,total,436909,450562,5
3,mutex_65536_same-core_unpaced,0,total,450562,464216,3
3,mutex_65536_same-core_unpaced,0,total,464216,477869,3
3,mutex_65536_same-core_unpaced,0,total,477869,491523,2
3,mutex_65536_same-core_unpaced,0,total,491523,505176,2
3,mutex_65536_same-core_unpaced,0,total,505176,518829,1
3,mutex_65536_same-core_unpaced,0,total,518829,532483,4
3,mutex_65536_same-core_unpaced,0,total,532483,546136,6
3,mutex_65536_same-core_unpaced,0,total,546136,559790,2
3,mutex_65536_same-core_unpaced,0,total,559790,573443,3
3,mutex_65536_same-core_unpaced,0,total,573443,587097,6
3,mutex_65536_same-core_unpaced,0,total,587097,600750,2
3,mutex_65536_same-core_unpaced,0,total,600750,614403,4
3,mutex_65536_same-core_unpaced,0,total,614403,628057,2
3,mutex_65536_same-core_unpaced,0,total,628057,641710,3
3,mutex_65536_same-core_unpaced,0,total,641710,655364,3
3,mutex_65536_same-core_unpaced,0,total,655364,669017,4
3,mutex_65536_same-core_unpaced,0,total,669017,682670,4
3,mutex_65536_same-core_unpaced,0,total,682670,696324,3
3,mutex_65536_same-core_unpaced,0,total,696324,709977,7
3,mutex_65536_same-core_unpaced,0,total,709977,723631,2
3,mutex_65536_same-core_unpaced,0,total,723631,737284,3
3,mutex_65536_same-core_unpaced,0,total,737284,750937,3
3,mutex_65536_same-core_unpaced,0,total,750937,764591,3
3,mutex_65536_same-core_unpaced,0,total,764591,778244,2
3,mutex_65536_same-core_unpaced,0,total,778244,791898,4
3,mutex_65536_same-core_unpaced,0,total,791898,805551,3
3,mutex_65536_same-core_unpaced,0,total,805551,819204,5
3,mutex_65536_same-core_unpaced,0,total,819204,832858,7
3,mutex_65536_same-core_unpaced,0,total,832858,846511,5
3,mutex_65536_same-core_unpaced,0,total,846511,860165,9
3,mutex_65536_same-core_unpaced,0,total,860165,873818,8
3,mutex_65536_same-core_unpaced,0,total,873818,901125,5
3,mutex_65536_same-core_unpaced,0,total,901125,928432,5
3,mutex_65536_same-core_unpaced,0,total,928432,955739,7
3,mutex_65536_same-core_unpaced,0,total,955739,983045,4
3,mutex_65536_same-core_unpaced,0,total,983045,1.01035e+06,7
3,mutex_65536_same-core_unpaced,0,total,1.01035e+06,1.03766e+06,7
3,mutex_65536_same-core_unpaced,0,total,1.03766e+06,1.06497e+06,6
3,mutex_65536_same-core_unpaced,0,total,1.06497e+06,1.09227e+06,11
3,mutex_65536_same-core_unpaced,0,total,1.09227e+06,1.11958e+06,11
3,mutex_65536_same-core_unpaced,0,total,1.11958e+06,1.14689e+06,7
3,mutex_65536_same-core_unpaced,0,total,1.14689e+06,1.17419e+06,8
3,mutex_65536_same-core_unpaced,0,total,1.17419e+06,1.2015e+06,6
3,mutex_65536_same-core_unpaced,0,total,1.2015e+06,1.22881e+06,6
3,mutex_65536_same-core_unpaced,0,total,1.22881e+06,1.25611e+06,8
3,mutex_65536_same-core_unpaced,0,total,1.25611e+06,1.28342e+06,4
3,mutex_65536_same-core_unpaced,0,total,1.28342e+06,1.31073e+06,9
3,mutex_65536_same-core_unpaced,0,total,1.31073e+06,1.33803e+06,9
3,mutex_65536_same-core_unpaced,0,total,1.33803e+06,1.36534e+06,8
3,mutex_65536_same-core_unpaced,0,total,1.36534e+06,1.39265e+06,7
3,mutex_65536_same-core_unpaced,0,total,1.39265e+06,1.41995e+06,12
3,mutex_65536_same-core_unpaced,0,total,1.41995e+06,1.44726e+06,7
3,mutex_65536_same-core_unpaced,0,total,1.44726e+06,1.47457e+06,7
3,mutex_65536_same-core_unpaced,0,total,1.47457e+06,1.50187e+06,5
3,mutex_65536_same-core_unpaced,0,total,1.50187e+06,1.52918e+06,8
3,mutex_65536_same-core_unpaced,0,total,1.52918e+06,1.55649e+06,5
3,mutex_65536_same-core_unpaced,0,total,1.55649e+06,1.5838e+06,6
3,mutex_65536_same-core_unpaced,0,total,1.5838e+06,1.6111e+06,4
3,mutex_65536_same-core_unpaced,0,total,1.6111e+06,1.63841e+06,8
3,mutex_65536_same-core_unpaced,0,total,1.63841e+06,1.66572e+06,3
3,mutex_65536_same-core_unpaced,0,total,1.66572e+06,1.69302e+06,5
3,mutex_65536_same-core_unpaced,0,total,1.69302e+06,1.72033e+06,9
3,mutex_65536_same-core_unpaced,0,total,1.72033e+06,1.74764e+06,7
3,mutex_65536_same-core_unpaced,0,total,1.74764e+06,1.80225e+06,19
3,mutex_65536_same-core_unpaced,0,total,1.80225e+06,1.85686e+06,13
3,mutex_65536_same-core_unpaced,0,total,1.85686e+06,1.91148e+06,21
3,mutex_65536_same-core_unpaced,0,total,1.91148e+06,1.96609e+06,21
3,mutex_65536_same-core_unpaced,0,total,1.96609e+06,2.0207e+06,13
3,mutex_65536_same-core_unpaced,0,total,2.0207e+06,2.07532e+06,17
3,mutex_65536_same-core_unpaced,0,total,2.07532e+06,2.12993e+06,21
3,mutex_65536_same-core_unpaced,0,total,2.12993e+06,2.18455e+06,21
3,mutex_65536_same-core_unpaced,0,total,2.18455e+06,2.23916e+06,16
3,mutex_65536_same-core_unpaced,0,total,2.23916e+06,2.29377e+06,14
3,mutex_65536_same-core_unpaced,0,total,2.29377e+06,2.34839e+06,14
3,mutex_65536_same-core_unpaced,0,total,2.34839e+06,2.403e+06,20
3,mutex_65536_same-core_unpaced,0,total,2.403e+06,2.45761e+06,13
3,mutex_65536_same-core_unpaced,0,total,2.45761e+06,2.51223e+06,22
3,mutex_65536_same-core_unpaced,0,total,2.51223e+06,2.56684e+06,12
3,mutex_65536_same-core_unpaced,0,total,2.56684e+06,2.62145e+06,18
3,mutex_65536_same-core_unpaced,0,total,2.62145e+06,2.67607e+06,15
3,mutex_65536_same-core_unpaced,0,total,2.67607e+06,2.73068e+06,24
3,mutex_65536_same-core_unpaced,0,total,2.73068e+06,2.7853e+06,27
3,mutex_65536_same-core_unpaced,0,total,2.7853e+06,2.83991e+06,17
3,mutex_65536_same-core_unpaced,0,total,2.83991e+06,2.89452e+06,20
3,mutex_65536_same-core_unpaced,0,total,2.89452e+06,2.94914e+06,23
3,mutex_65536_same-core_unpaced,0,total,2.94914e+06,3.00375e+06,16
3,mutex_65536_same-core_unpaced,0,total,3.00375e+06,3.05836e+06,19
3,mutex_65536_same-core_unpaced,0,total,3.05836e+06,3.11298e+06,23
3,mutex_65536_same-core_unpaced,0,total,3.11298e+06,3.16759e+06,18
3,mutex_65536_same-core_unpaced,0,total,3.16759e+06,3.2222e+06,17
3,mutex_65536_same-core_unpaced,0,total,3.2222e+06,3.27682e+06,21
3,mutex_65536_same-core_unpaced,0,total,3.27682e+06,3.33143e+06,20
3,mutex_65536_same-core_unpaced,0,total,3.33143e+06,3.38605e+06,14
3,mutex_65536_same-core_unpaced,0,total,3.38605e+06,3.44066e+06,17
3,mutex_65536_same-core_unpaced,0,total,3.44066e+06,3.49527e+06,17
3,mutex_65536_same-core_unpaced,0,total,3.49527e+06,3.6045e+06,38
3,mutex_65536_same-core_unpaced,0,total,3.6045e+06,3.71373e+06,32
3,mutex_65536_same-core_unpaced,0,total,3.71373e+06,3.82295e+06,44
3,mutex_65536_same-core_unpaced,0,total,3.82295e+06,3.93218e+06,45
3,mutex_65536_same-core_unpaced,0,total,3.93218e+06,4.04141e+06,38
3,mutex_65536_same-core_unpaced,0,total,4.04141e+06,4.15064e+06,42
3,mutex_65536_same-core_unpaced,0,total,4.15064e+06,4.25986e+06,37
3,mutex_65536_same-core_unpaced,0,total,4.25986e+06,4.36909e+06,48
3,mutex_65536_same-core_unpaced,0,total,4.36909e+06,4.47832e+06,33
3,mutex_65536_same-core_unpaced,0,total,4.47832e+06,4.58755e+06,48
3,mutex_65536_same-core_unpaced,0,total,4.58755e+06,4.69677e+06,35
3,mutex_65536_same-core_unpaced,0,total,4.69677e+06,4.806e+06,41
3,mutex_65536_same-core_unpaced,0,total,4.806e+06,4.91523e+06,25
3,mutex_65536_same-core_unpaced,0,total,4.91523e+06,5.02445e+06,40
3,mutex_65536_same-core_unpaced,0,total,5.02445e+06,5.13368e+06,40
3,mutex_65536_same-core_unpaced,0,total,5.13368e+06,5.24291e+06,48
3,mutex_65536_same-core_unpaced,0,total,5.24291e+06,5.35214e+06,38
3,mutex_65536_same-core_unpaced,0,total,5.35214e+06,5.46136e+06,37
3,mutex_65536_same-core_unpaced,0,total,5.46136e+06,5.57059e+06,39
3,mutex_65536_same-core_unpaced,0,total,5.57059e+06,5.67982e+06,46
3,mutex_65536_same-core_unpaced,0,total,5.67982e+06,5.78904e+06,34
3,mutex_65536_same-core_unpaced,0,total,5.78904e+06,5.89827e+06,35
3,mutex_65536_same-core_unpaced,0,total,5.89827e+06,6.0075e+06,37
3,mutex_65536_same-core_unpaced,0,total,6.0075e+06,6.11673e+06,30
3,mutex_65536_same-core_unpaced,0,total,6.11673e+06,6.22595e+06,45
3,mutex_65536_same-core_unpaced,0,total,6.22595e+06,6.33518e+06,40
3,mutex_65536_same-core_unpaced,0,total,6.33518e+06,6.44441e+06,41
3,mutex_65536_same-core_unpaced,0,total,6.44441e+06,6.55364e+06,32
3,mutex_65536_same-core_unpaced,0,total,6.55364e+06,6.66286e+06,29
3,mutex_65536_same-core_unpaced,0,total,6.66286e+06,6.77209e+06,25
3,mutex_65536_same-core_unpaced,0,total,6.77209e+06,6.88132e+06,33
3,mutex_65536_same-core_unpaced,0,total,6.88132e+06,6.99054e+06,37
3,mutex_65536_same-core_unpaced,0,total,6.99054e+06,7.209e+06,79
3,mutex_65536_same-core_unpaced,0,total,7.209e+06,7.42745e+06,74
3,mutex_65536_same-core_unpaced,0,total,7.42745e+06,7.64591e+06,76
3,mutex_65536_same-core_unpaced,0,total,7.64591e+06,7.86436e+06,114
3,mutex_65536_same-core_unpaced,0,total,7.86436e+06,8.08282e+06,92
3,mutex_65536_same-core_unpaced,0,total,8.08282e+06,8.30127e+06,100
3,mutex_65536_same-core_unpaced,0,total,8.30127e+06,8.51973e+06,76
3,mutex_65536_same-core_unpaced,0,total,8.51973e+06,8.73818e+06,99
3,mutex_65536_same-core_unpaced,0,total,8.73818e+06,8.95664e+06,91
3,mutex_65536_same-core_unpaced,0,total,8.95664e+06,9.17509e+06,96
3,mutex_65536_same-core_unpaced,0,total,9.17509e+06,9.39354e+06,92
3,mutex_65536_same-core_unpaced,0,total,9.39354e+06,9.612e+06,110
3,mutex_65536_same-core_unpaced,0,total,9.612e+06,9.83045e+06,68
3,mutex_65536_same-core_unpaced,0,total,9.83045e+06,1.00489e+07,124
3,mutex_65536_same-core_unpaced,0,total,1.00489e+07,1.02674e+07,153
3,mutex_65536_same-core_unpaced,0,total,1.02674e+07,1.04858e+07,160
3,mutex_65536_same-core_unpaced,0,total,1.04858e+07,1.07043e+07,142
3,mutex_65536_same-core_unpaced,0,total,1.07043e+07,1.09227e+07,148
3,mutex_65536_same-core_unpaced,0,total,1.09227e+07,1.11412e+07,125
3,mutex_65536_same-core_unpaced,0,total,1.11412e+07,1.13596e+07,127
3,mutex_65536_same-core_unpaced,0,total,1.13596e+07,1.15781e+07,156
3,mutex_65536_same-core_unpaced,0,total,1.15781e+07,1.17965e+07,160
3,mutex_65536_same-core_unpaced,0,total,1.17965e+07,1.2015e+07,152
3,mutex_65536_same-core_unpaced,0,total,1.2015e+07,1.22335e+07,139
3,mutex_65536_same-core_unpaced,0,total,1.22335e+07,1.24519e+07,146
3,mutex_65536_same-core_unpaced,0,total,1.24519e+07,1.26704e+07,123
3,mutex_65536_same-core_unpaced,0,total,1.26704e+07,1.28888e+07,140
3,mutex_65536_same-core_unpaced,0,total,1.28888e+07,1.31073e+07,153
3,mutex_65536_same-core_unpaced,0,total,1.31073e+07,1.33257e+07,115
3,mutex_65536_same-core_unpaced,0,total,1.33257e+07,1.35442e+07,172
3,mutex_65536_same-core_unpaced,0,total,1.35442e+07,1.37626e+07,127
3,mutex_65536_same-core_unpaced,0,total,1.37626e+07,1.39811e+07,141
3,mutex_65536_same-core_unpaced,0,total,1.39811e+07,1.4418e+07,264
3,mutex_65536_same-core_unpaced,0,total,1.4418e+07,1.48549e+07,296
3,mutex_65536_same-core_unpaced,0,total,1.48549e+07,1.52918e+07,290
3,mutex_65536_same-core_unpaced,0,total,1.52918e+07,1.57287e+07,267
3,mutex_65536_same-core_unpaced,0,total,1.57287e+07,1.61656e+07,284
3,mutex_65536_same-core_unpaced,0,total,1.61656e+07,1.66025e+07,254
3,mutex_65536_same-core_unpaced,0,total,1.66025e+07,1.70395e+07,270
3,mutex_65536_same-core_unpaced,0,total,1.70395e+07,1.74764e+07,295
3,mutex_65536_same-core_unpaced,0,total,1.74764e+07,1.79133e+07,713
3,mutex_65536_same-core_unpaced,0,total,1.79133e+07,1.83502e+07,20512
3,mutex_65536_same-core_unpaced,0,total,1.83502e+07,1.87871e+07,133208
3,mutex_65536_same-core_unpaced,0,total,1.87871e+07,1.9224e+07,39569
3,mutex_65536_same-core_unpaced,0,total,1.9224e+07,1.96609e+07,29174
3,mutex_65536_same-core_unpaced,0,total,1.96609e+07,2.00978e+07,15979
3,mutex_65536_same-core_unpaced,0,total,2.00978e+07,2.05347e+07,4941
3,mutex_65536_same-core_unpaced,0,total,2.05347e+07,2.09716e+07,3965
3,mutex_65536_same-core_unpaced,0,total,2.09716e+07,2.14085e+07,6357
3,mutex_65536_same-core_unpaced,0,total,2.14085e+07,2.18455e+07,5412
3,mutex_65536_same-core_unpaced,0,total,2.18455e+07,2.22824e+07,13135
3,mutex_65536_same-core_unpaced,0,total,2.22824e+07,2.27193e+07,14841
3,mutex_65536_same-core_unpaced,0,total,2.27193e+07,2.31562e+07,10327
3,mutex_65536_same-core_unpaced,0,total,2.31562e+07,2.35931e+07,9026
3,mutex_65536_same-core_unpaced,0,total,2.35931e+07,2.403e+07,5180
3,mutex_65536_same-core_unpaced,0,total,2.403e+07,2.44669e+07,9660
3,mutex_65536_same-core_unpaced,0,total,2.44669e+07,2.49038e+07,81631
3,mutex_65536_same-core_unpaced,0,total,2.49038e+07,2.53407e+07,201662
3,mutex_65536_same-core_unpaced,0,total,2.53407e+07,2.57776e+07,440142
3,mutex_65536_same-core_unpaced,0,total,2.57776e+07,2.62145e+07,553145
3,mutex_65536_same-core_unpaced,0,total,2.62145e+07,2.66515e+07,440280
3,mutex_65536_same-core_unpaced,0,total,2.66515e+07,2.70884e+07,205058
3,mutex_65536_same-core_unpaced,0,total,2.70884e+07,2.75253e+07,57839
3,mutex_65536_same-core_unpaced,0,total,2.75253e+07,2.79622e+07,19590
3,mutex_65536_same-core_unpaced,0,total,2.79622e+07,2.8836e+07,26104
3,mutex_65536_same-core_unpaced,0,total,2.8836e+07,2.97098e+07,9687
3,mutex_65536_same-core_unpaced,0,total,2.97098e+07,3.05836e+07,3855
3,mutex_65536_same-core_unpaced,0,total,3.05836e+07,3.14575e+07,2923
3,mutex_65536_same-core_unpaced,0,total,3.14575e+07,3.23313e+07,2277
3,mutex_65536_same-core_unpaced,0,total,3.23313e+07,3.32051e+07,617
3,mutex_65536_same-core_unpaced,0,total,3.32051e+07,3.40789e+07,645
3,mutex_65536_same-core_unpaced,0,total,3.40789e+07,3.49527e+07,651
3,mutex_65536_same-core_unpaced,0,total,3.49527e+07,3.58265e+07,728
3,mutex_65536_same-core_unpaced,0,total,3.58265e+07,3.67004e+07,638
3,mutex_65536_same-core_unpaced,0,total,3.67004e+07,3.75742e+07,2739
3,mutex_65536_same-core_unpaced,0,total,3.75742e+07,3.8448e+07,695
3,mutex_65536_same-core_unpaced,0,queue,7680.04,7893.38,1
3,mutex_65536_same-core_unpaced,0,queue,9173.38,9386.72,1
3,mutex_65536_same-core_unpaced,0,queue,10026.7,10240.1,1
3,mutex_65536_same-core_unpaced,0,queue,13440.1,13653.4,1
3,mutex_65536_same-core_unpaced,0,queue,13653.4,14080.1,4
3,mutex_65536_same-core_unpaced,0,queue,14080.1,14506.7,2
3,mutex_65536_same-core_unpaced,0,queue,16213.4,16640.1,1
3,mutex_65536_same-core_unpaced,0,queue,16640.1,17066.8,4
3,mutex_65536_same-core_unpaced,0,queue,17066.8,17493.4,2
3,mutex_65536_same-core_unpaced,0,queue,17493.4,17920.1,5
3,mutex_65536_same-core_unpaced,0,queue,17920.1,18346.8,7
3,mutex_65536_same-core_unpaced,0,queue,18346.8,18773.4,3
3,mutex_65536_same-core_unpaced,0,queue,19200.1,19626.8,5
3,mutex_65536_same-core_unpaced,0,queue,19626.8,20053.4,4
3,mutex_65536_same-core_unpaced,0,queue,20053.4,20480.1,6
3,mutex_65536_same-core_unpaced,0,queue,20480.1,20906.8,7
3,mutex_65536_same-core_unpaced,0,queue,20906.8,21333.4,13
3,mutex_65536_same-core_unpaced,0,queue,21333.4,21760.1,11
3,mutex_65536_same-core_unpaced,0,queue,21760.1,22186.8,6
3,mutex_65536_same-core_unpaced,0,queue,22186.8,22613.5,5
3,mutex_65536_same-core_unpaced,0,queue,22613.5,23040.1,3
3,mutex_65536_same-core_unpaced,0,queue,23040.1,23466.8,8
3,mutex_65536_same-core_unpaced,0,queue,23466.8,23893.5,4
3,mutex_65536_same-core_unpaced,0,queue,23893.5,24320.1,9
3,mutex_65536_same-core_unpaced,0,queue,24320.1,24746.8,5
3,mutex_65536_same-core_unpaced,0,queue,24746.8,25173.5,6
3,mutex_65536_same-core_unpaced,0,queue,25173.5,25600.1,7
3,mutex_65536_same-core_unpaced,0,queue,25600.1,26026.8,4
3,mutex_65536_same-core_unpaced,0,queue,26026.8,26453.5,2
3,mutex_65536_same-core_unpaced,0,queue,26453.5,26880.1,3
3,mutex_65536_same-core_unpaced,0,queue,26880.1,27306.8,1
3,mutex_65536_same-core_unpaced,0,queue,27306.8,28160.2,4
3,mutex_65536_same-core_unpaced,0,queue,28160.2,29013.5,4
3,mutex_65536_same-core_unpaced,0,queue,29013.5,29866.8,2
3,mutex_65536_same-core_unpaced,0,queue,29866.8,30720.2,4
3,mutex_65536_same-core_unpaced,0,queue,30720.2,31573.5,4
3,mutex_65536_same-core_unpaced,0,queue,31573.5,32426.8,4
3,mutex_65536_same-core_unpaced,0,queue,32426.8,33280.2,3
3,mutex_65536_same-core_unpaced,0,queue,33280.2,34133.5,4
3,mutex_65536_same-core_unpaced,0,queue,34133.5,34986.9,8
3,mutex_65536_same-core_unpaced,0,queue,34986.9,35840.2,14
3,mutex_65536_same-core_unpaced,0,queue,35840.2,36693.5,17
3,mutex_65536_same-core_unpaced,0,queue,36693.5,37546.9,6
3,mutex_65536_same-core_unpaced,0,queue,37546.9,38400.2,4
3,mutex_65536_same-core_unpaced,0,queue,38400.2,39253.5,9
3,mutex_65536_same-core_unpaced,0,queue,39253.5,40106.9,5
3,mutex_65536_same-core_unpaced,0,queue,40106.9,40960.2,3
3,mutex_65536_same-core_unpaced,0,queue,40960.2,41813.6,6
3,mutex_65536_same-core_unpaced,0,queue,41813.6,42666.9,13
3,mutex_65536_same-core_unpaced,0,queue,42666.9,43520.2,10
3,mutex_65536_same-core_unpaced,0,queue,43520.2,44373.6,17
3,mutex_65536_same-core_unpaced,0,queue,44373.6,45226.9,12
3,mutex_65536_same-core_unpaced,0,queue,45226.9,46080.3,15
3,mutex_65536_same-core_unpaced,0,queue,46080.3,46933.6,17
3,mutex_65536_same-core_unpaced,0,queue,46933.6,47786.9,9
3,mutex_65536_same-core_unpaced,0,queue,47786.9,48640.3,8
3,mutex_65536_same-core_unpaced,0,queue,48640.3,49493.6,3
3,mutex_65536_same-core_unpaced,0,queue,49493.6,50346.9,8
3,mutex_65536_same-core_unpaced,0,queue,50346.9,51200.3,4
3,mutex_65536_same-core_unpaced,0,queue,52053.6,52907,2
3,mutex_65536_same-core_unpaced,0,queue,53760.3,54613.6,1
3,mutex_65536_same-core_unpaced,0,queue,54613.6,56320.3,12
3,mutex_65536_same-core_unpaced,0,queue,56320.3,58027,8
3,mutex_65536_same-core_unpaced,0,queue,58027,59733.7,6
3,mutex_65536_same-core_unpaced,0,queue,59733.7,61440.3,8
3,mutex_65536_same-core_unpaced,0,queue,61440.3,63147,3
3,mutex_65536_same-core_unpaced,0,queue,63147,64853.7,5
3,mutex_65536_same-core_unpaced,0,queue,64853.7,66560.4,8
3,mutex_65536_same-core_unpaced,0,queue,66560.4,68267,14
3,mutex_65536_same-core_unpaced,0,queue,68267,69973.7,17
3,mutex_65536_same-core_unpaced,0,queue,69973.7,71680.4,12
3,mutex_65536_same-core_unpaced,0,queue,71680.4,73387.1,7
3,mutex_65536_same-core_unpaced,0,queue,73387.1,75093.7,7
3,mutex_65536_same-core_unpaced,0,queue,75093.7,76800.4,2
3,mutex_65536_same-core_unpaced,0,queue,76800.4,78507.1,1
3,mutex_65536_same-core_unpaced,0,queue,78507.1,80213.8,7
3,mutex_65536_same-core_unpaced,0,queue,81920.4,83627.1,7
3,mutex_65536_same-core_unpaced,0,queue,83627.1,85333.8,14
3,mutex_65536_same-core_unpaced,0,queue,85333.8,87040.5,19
3,mutex_65536_same-core_unpaced,0,queue,87040.5,88747.2,17
3,mutex_65536_same-core_unpaced,0,queue,92160.5,93867.2,1
3,mutex_65536_same-core_unpaced,0,queue,93867.2,95573.9,1
3,mutex_65536_same-core_unpaced,0,queue,107521,109227,1
3,mutex_65536_same-core_unpaced,0,queue,133121,136534,2
3,mutex_65536_same-core_unpaced,0,queue,136534,139947,1
3,mutex_65536_same-core_unpaced,0,queue,139947,143361,1
3,mutex_65536_same-core_unpaced,0,queue,150187,153601,1
3,mutex_65536_same-core_unpaced,0,queue,153601,157014,1
3,mutex_65536_same-core_unpaced,0,queue,157014,160428,1
3,mutex_65536_same-core_unpaced,0,queue,160428,163841,3
3,mutex_65536_same-core_unpaced,0,queue,163841,167254,1
3,mutex_65536_same-core_unpaced,0,queue,177494,180908,1
3,mutex_65536_same-core_unpaced,0,queue,184321,187734,1
3,mutex_65536_same-core_unpaced,0,queue,197974,201388,1
3,mutex_65536_same-core_unpaced,0,queue,201388,204801,1
3,mutex_65536_same-core_unpaced,0,queue,204801,208214,1
3,mutex_65536_same-core_unpaced,0,queue,208214,211628,1
3,mutex_65536_same-core_unpaced,0,queue,211628,215041,1
3,mutex_65536_same-core_unpaced,0,queue,215041,218455,1
3,mutex_65536_same-core_unpaced,0,queue,218455,225281,2
3,mutex_65536_same-core_unpaced,0,queue,225281,232108,1
3,mutex_65536_same-core_unpaced,0,queue,232108,238935,1
3,mutex_65536_same-core_unpaced,0,queue,238935,245761,1
3,mutex_65536_same-core_unpaced,0,queue,245761,252588,1
3,mutex_65536_same-core_unpaced,0,queue,252588,259415,4
3,mutex_65536_same-core_unpaced,0,queue,266241,273068,4
3,mutex_65536_same-core_unpaced,0,queue,273068,279895,1
3,mutex_65536_same-core_unpaced,0,queue,279895,286722,2
3,mutex_65536_same-core_unpaced,0,queue,293548,300375,1
3,mutex_65536_same-core_unpaced,0,queue,300375,307202,3
3,mutex_65536_same-core_unpaced,0,queue,307202,314028,1
3,mutex_65536_same-core_unpaced,0,queue,314028,320855,1
3,mutex_65536_same-core_unpaced,0,queue,320855,327682,1
3,mutex_65536_same-core_unpaced,0,queue,327682,334508,2
3,mutex_65536_same-core_unpaced,0,queue,334508,341335,2
3,mutex_65536_same-core_unpaced,0,queue,341335,348162,1
3,mutex_65536_same-core_unpaced,0,queue,348162,354989,1
3,mutex_65536_same-core_unpaced,0,queue,361815,368642,1
3,mutex_65536_same-core_unpaced,0,queue,368642,375469,1
3,mutex_65536_same-core_unpaced,0,queue,375469,382295,2
3,mutex_65536_same-core_unpaced,0,queue,382295,389122,4
3,mutex_65536_same-core_unpaced,0,queue,389122,395949,1
3,mutex_65536_same-core_unpaced,0,queue,395949,402776,1
3,mutex_65536_same-core_unpaced,0,queue,402776,409602,1
3,mutex_65536_same-core_unpaced,0,queue,409602,416429,3
3,mutex_65536_same-core_unpaced,0,queue,423256,430082,2
3,mutex_65536_same-core_unpaced,0,queue,430082,436909,1
3,mutex_65536_same-core_unpaced,0,queue,436909,450562,5
3,mutex_65536_same-core_unpaced,0,queue,450562,464216,3
3,mutex_65536_same-core_unpaced,0,queue,464216,477869,3
3,mutex_65536_same-core_unpaced,0,queue,477869,491523,2
3,mutex_65536_same-core_unpaced,0,queue,491523,505176,2
3,mutex_65536_same-core_unpaced,0,queue,505176,518829,2
3,mutex_65536_same-core_unpaced,0,queue,518829,532483,3
3,mutex_65536_same-core_unpaced,0,queue,532483,546136,6
3,mutex_65536_same-core_unpaced,0,queue,546136,559790,2
3,mutex_65536_same-core_unpaced,0,queue,559790,573443,3
3,mutex_65536_same-core_unpaced,0,queue,573443,587097,6
3,mutex_65536_same-core_unpaced,0,queue,587097,600750,2
3,mutex_65536_same-core_unpaced,0,queue,600750,614403,4
3,mutex_65536_same-core_unpaced,0,queue,614403,628057,2
3,mutex_65536_same-core_unpaced,0,queue,628057,641710,3
3,mutex_65536_same-core_unpaced,0,queue,641710,655364,3
3,mutex_65536_same-core_unpaced,0,queue,655364,669017,4
3,mutex_65536_same-core_unpaced,0,queue,669017,682670,4
3,mutex_65536_same-core_unpaced,0,queue,682670,696324,3
3,mutex_65536_same-core_unpaced,0,queue,696324,709977,7
3,mutex_65536_same-core_unpaced,0,queue,709977,723631,2
3,mutex_65536_same-core_unpaced,0,queue,723631,737284,3
3,mutex_65536_same-core_unpaced,0,queue,737284,750937,3
3,mutex_65536_same-core_unpaced,0,queue,750937,764591,3
3,mutex_65536_same-core_unpaced,0,queue,764591,778244,2
3,mutex_65536_same-core_unpaced,0,queue,778244,791898,4
3,mutex_65536_same-core_unpaced,0,queue,791898,805551,3
3,mutex_65536_same-core_unpaced,0,queue,805551,819204,5
3,mutex_65536_same-core_unpaced,0,queue,819204,832858,7
3,mutex_65536_same-core_unpaced,0,queue,832858,846511,5
3,mutex_65536_same-core_unpaced,0,queue,846511,860165,9
3,mutex_65536_same-core_unpaced,0,queue,860165,873818,8
3,mutex_65536_same-core_unpaced,0,queue,873818,901125,5
3,mutex_65536_same-core_unpaced,0,queue,901125,928432,5
3,mutex_65536_same-core_unpaced,0,queue,928432,955739,7
3,mutex_65536_same-core_unpaced,0,queue,955739,983045,4
3,mutex_65536_same-core_unpaced,0,queue,983045,1.01035e+06,7
3,mutex_65536_same-core_unpaced,0,queue,1.01035e+06,1.03766e+06,7
3,mutex_65536_same-core_unpaced,0,queue,1.03766e+06,1.06497e+06,6
3,mutex_65536_same-core_unpaced,0,queue,1.06497e+06,1.09227e+06,11
3,mutex_65536_same-core_unpaced,0,queue,1.09227e+06,1.11958e+06,11
3,mutex_65536_same-core_unpaced,0,queue,1.11958e+06,1.14689e+06,7
3,mutex_65536_same-core_unpaced,0,queue,1.14689e+06,1.17419e+06,8
3,mutex_65536_same-core_unpaced,0,queue,1.17419e+06,1.2015e+06,6
3,mutex_65536_same-core_unpaced,0,queue,1.2015e+06,1.22881e+06,6
3,mutex_65536_same-core_unpaced,0,queue,1.22881e+06,1.25611e+06,8
3,mutex_65536_same-core_unpaced,0,queue,1.25611e+06,1.28342e+06,4
3,mutex_65536_same-core_unpaced,0,queue,1.28342e+06,1.31073e+06,9
3,mutex_65536_same-core_unpaced,0,queue,1.31073e+06,1.33803e+06,9
3,mutex_65536_same-core_unpaced,0,queue,1.33803e+06,1.36534e+06,8
3,mutex_65536_same-core_unpaced,0,queue,1.36534e+06,1.39265e+06,7
3,mutex_65536_same-core_unpaced,0,queue,1.39265e+06,1.41995e+06,12
3,mutex_65536_same-core_unpaced,0,queue,1.41995e+06,1.44726e+06,7
3,mutex_65536_same-core_unpaced,0,queue,1.44726e+06,1.47457e+06,7
3,mutex_65536_same-core_unpaced,0,queue,1.47457e+06,1.50187e+06,5
3,mutex_65536_same-core_unpaced,0,queue,1.50187e+06,1.52918e+06,8
3,mutex_65536_same-core_unpaced,0,queue,1.52918e+06,1.55649e+06,5
3,mutex_65536_same-core_unpaced,0,queue,1.55649e+06,1.5838e+06,6
3,mutex_65536_same-core_unpaced,0,queue,1.5838e+06,1.6111e+06,4
3,mutex_65536_same-core_unpaced,0,queue,1.6111e+06,1.63841e+06,8
3,mutex_65536_same-core_unpaced,0,queue,1.63841e+06,1.66572e+06,3
3,mutex_65536_same-core_unpaced,0,queue,1.66572e+06,1.69302e+06,5
3,mutex_65536_same-core_unpaced,0,queue,1.69302e+06,1.72033e+06,9
3,mutex_65536_same-core_unpaced,0,queue,1.72033e+06,1.74764e+06,7
3,mutex_65536_same-core_unpaced,0,queue,1.74764e+06,1.80225e+06,19
3,mutex_65536_same-core_unpaced,0,queue,1.80225e+06,1.85686e+06,13
3,mutex_65536_same-core_unpaced,0,queue,1.85686e+06,1.91148e+06,21
3,mutex_65536_same-core_unpaced,0,queue,1.91148e+06,1.96609e+06,21
3,mutex_65536_same-core_unpaced,0,queue,1.96609e+06,2.0207e+06,13
3,mutex_65536_same-core_unpaced,0,queue,2.0207e+06,2.07532e+06,17
3,mutex_65536_same-core_unpaced,0,queue,2.07532e+06,2.12993e+06,21
3,mutex_65536_same-core_unpaced,0,queue,2.12993e+06,2.18455e+06,21
3,mutex_65536_same-core_unpaced,0,queue,2.18455e+06,2.23916e+06,16
3,mutex_65536_same-core_unpaced,0,queue,2.23916e+06,2.29377e+06,14
3,mutex_65536_same-core_unpaced,0,queue,2.29377e+06,2.34839e+06,14
3,mutex_65536_same-core_unpaced,0,queue,2.34839e+06,2.403e+06,20
3,mutex_65536_same-core_unpaced,0,queue,2.403e+06,2.45761e+06,13
3,mutex_65536_same-core_unpaced,0,queue,2.45761e+06,2.51223e+06,22
3,mutex_65536_same-core_unpaced,0,queue,2.51223e+06,2.56684e+06,12
3,mutex_65536_same-core_unpaced,0,queue,2.56684e+06,2.62145e+06,18
3,mutex_65536_same-core_unpaced,0,queue,2.62145e+06,2.67607e+06,15
3,mutex_65536_same-core_unpaced,0,queue,2.67607e+06,2.73068e+06,25
3,mutex_65536_same-core_unpaced,0,queue,2.73068e+06,2.7853e+06,26
3,mutex_65536_same-core_unpaced,0,queue,2.7853e+06,2.83991e+06,17
3,mutex_65536_same-core_unpaced,0,queue,2.83991e+06,2.89452e+06,20
3,mutex_65536_same-core_unpaced,0,queue,2.89452e+06,2.94914e+06,23
3,mutex_65536_same-core_unpaced,0,queue,2.94914e+06,3.00375e+06,16
3,mutex_65536_same-core_unpaced,0,queue,3.00375e+06,3.05836e+06,19
3,mutex_65536_same-core_unpaced,0,queue,3.05836e+06,3.11298e+06,23
3,mutex_65536_same-core_unpaced,0,queue,3.11298e+06,3.16759e+06,18
3,mutex_65536_same-core_unpaced,0,queue,3.16759e+06,3.2222e+06,17
3,mutex_65536_same-core_unpaced,0,queue,3.2222e+06,3.27682e+06,21
3,mutex_65536_same-core_unpaced,0,queue,3.27682e+06,3.33143e+06,20
3,mutex_65536_same-core_unpaced,0,queue,3.33143e+06,3.38605e+06,14
3,mutex_65536_same-core_unpaced,0,queue,3.38605e+06,3.44066e+06,17
3,mutex_65536_same-core_unpaced,0,queue,3.44066e+06,3.49527e+06,17
3,mutex_65536_same-core_unpaced,0,queue,3.49527e+06,3.6045e+06,38
3,mutex_65536_same-core_unpaced,0,queue,3.6045e+06,3.71373e+06,32
3,mutex_65536_same-core_unpaced,0,queue,3.71373e+06,3.82295e+06,44
3,mutex_65536_same-core_unpaced,0,queue,3.82295e+06,3.93218e+06,45
3,mutex_65536_same-core_unpaced,0,queue,3.93218e+06,4.04141e+06,38
3,mutex_65536_same-core_unpaced,0,queue,4.04141e+06,4.15064e+06,42
3,mutex_65536_same-core_unpaced,0,queue,4.15064e+06,4.25986e+06,37
3,mutex_65536_same-core_unpaced,0,queue,4.25986e+06,4.36909e+06,48
3,mutex_65536_same-core_unpaced,0,queue,4.36909e+06,4.47832e+06,33
3,mutex_65536_same-core_unpaced,0,queue,4.47832e+06,4.58755e+06,48
3,mutex_65536_same-core_unpaced,0,queue,4.58755e+06,4.69677e+06,35
3,mutex_65536_same-core_unpaced,0,queue,4.69677e+06,4.806e+06,41
3,mutex_65536_same-core_unpaced,0,queue,4.806e+06,4.91523e+06,25
3,mutex_65536_same-core_unpaced,0,queue,4.91523e+06,5.02445e+06,40
3,mutex_65536_same-core_unpaced,0,queue,5.02445e+06,5.13368e+06,40
3,mutex_65536_same-core_unpaced,0,queue,5.13368e+06,5.24291e+06,48
3,mutex_65536_same-core_unpaced,0,queue,5.24291e+06,5.35214e+06,38
3,mutex_65536_same-core_unpaced,0,queue,5.35214e+06,5.46136e+06,37
3,mutex_65536_same-core_unpaced,0,queue,5.46136e+06,5.57059e+06,39
3,mutex_65536_same-core_unpaced,0,queue,5.57059e+06,5.67982e+06,46
3,mutex_65536_same-core_unpaced,0,queue,5.67982e+06,5.78904e+06,34
3,mutex_65536_same-core_unpaced,0,queue,5.78904e+06,5.89827e+06,35
3,mutex_65536_same-core_unpaced,0,queue,5.89827e+06,6.0075e+06,37
3,mutex_65536_same-core_unpaced,0,queue,6.0075e+06,6.11673e+06,30
3,mutex_65536_same-core_unpaced,0,queue,6.11673e+06,6.22595e+06,45
3,mutex_65536_same-core_unpaced,0,queue,6.22595e+06,6.33518e+06,40
3,mutex_65536_same-core_unpaced,0,queue,6.33518e+06,6.44441e+06,41
3,mutex_65536_same-core_unpaced,0,queue,6.44441e+06,6.55364e+06,32
3,mutex_65536_same-core_unpaced,0,queue,6.55364e+06,6.66286e+06,29
3,mutex_65536_same-core_unpaced,0,queue,6.66286e+06,6.77209e+06,25
3,mutex_65536_same-core_unpaced,0,queue,6.77209e+06,6.88132e+06,33
3,mutex_65536_same-core_unpaced,0,queue,6.88132e+06,6.99054e+06,37
3,mutex_65536_same-core_unpaced,0,queue,6.99054e+06,7.209e+06,79
3,mutex_65536_same-core_unpaced,0,queue,7.209e+06,7.42745e+06,75
3,mutex_65536_same-core_unpaced,0,queue,7.42745e+06,7.64591e+06,75
3,mutex_65536_same-core_unpaced,0,queue,7.64591e+06,7.86436e+06,114
3,mutex_65536_same-core_unpaced,0,queue,7.86436e+06,8.08282e+06,93
3,mutex_65536_same-core_unpaced,0,queue,8.08282e+06,8.30127e+06,99
3,mutex_65536_same-core_unpaced,0,queue,8.30127e+06,8.51973e+06,77
3,mutex_65536_same-core_unpaced,0,queue,8.51973e+06,8.73818e+06,98
3,mutex_65536_same-core_unpaced,0,queue,8.73818e+06,8.95664e+06,91
3,mutex_65536_same-core_unpaced,0,queue,8.95664e+06,9.17509e+06,96
3,mutex_65536_same-core_unpaced,0,queue,9.17509e+06,9.39354e+06,92
3,mutex_65536_same-core_unpaced,0,queue,9.39354e+06,9.612e+06,110
3,mutex_65536_same-core_unpaced,0,queue,9.612e+06,9.83045e+06,68
3,mutex_65536_same-core_unpaced,0,queue,9.83045e+06,1.00489e+07,124
3,mutex_65536_same-core_unpaced,0,queue,1.00489e+07,1.02674e+07,153
3,mutex_65536_same-core_unpaced,0,queue,1.02674e+07,1.04858e+07,160
3,mutex_65536_same-core_unpaced,0,queue,1.04858e+07,1.07043e+07,142
3,mutex_65536_same-core_unpaced,0,queue,1.07043e+07,1.09227e+07,148
3,mutex_65536_same-core_unpaced,0,queue,1.09227e+07,1.11412e+07,125
3,mutex_65536_same-core_unpaced,0,queue,1.11412e+07,1.13596e+07,128
3,mutex_65536_same-core_unpaced,0,queue,1.13596e+07,1.15781e+07,155
3,mutex_65536_same-core_unpaced,0,queue,1.15781e+07,1.17965e+07,160
3,mutex_65536_same-core_unpaced,0,queue,1.17965e+07,1.2015e+07,152
3,mutex_65536_same-core_unpaced,0,queue,1.2015e+07,1.22335e+07,139
3,mutex_65536_same-core_unpaced,0,queue,1.22335e+07,1.24519e+07,146
3,mutex_65536_same-core_unpaced,0,queue,1.24519e+07,1.26704e+07,124
3,mutex_65536_same-core_unpaced,0,queue,1.26704e+07,1.28888e+07,139
3,mutex_65536_same-core_unpaced,0,queue,1.28888e+07,1.31073e+07,153
3,mutex_65536_same-core_unpaced,0,queue,1.31073e+07,1.33257e+07,115
3,mutex_65536_same-core_unpaced,0,queue,1.33257e+07,1.35442e+07,172
3,mutex_65536_same-core_unpaced,0,queue,1.35442e+07,1.37626e+07,128
3,mutex_65536_same-core_unpaced,0,queue,1.37626e+07,1.39811e+07,140
3,mutex_65536_same-core_unpaced,0,queue,1.39811e+07,1.4418e+07,264
3,mutex_65536_same-core_unpaced,0,queue,1.4418e+07,1.48549e+07,296
3,mutex_65536_same-core_unpaced,0,queue,1.48549e+07,1.52918e+07,290
3,mutex_65536_same-core_unpaced,0,queue,1.52918e+07,1.57287e+07,267
3,mutex_65536_same-core_unpaced,0,queue,1.57287e+07,1.61656e+07,284
3,mutex_65536_same-core_unpaced,0,queue,1.61656e+07,1.66025e+07,254
3,mutex_65536_same-core_unpaced,0,queue,1.66025e+07,1.70395e+07,270
3,mutex_65536_same-core_unpaced,0,queue,1.70395e+07,1.74764e+07,295
3,mutex_65536_same-core_unpaced,0,queue,1.74764e+07,1.79133e+07,713
3,mutex_65536_same-core_unpaced,0,queue,1.79133e+07,1.83502e+07,20537
3,mutex_65536_same-core_unpaced,0,queue,1.83502e+07,1.87871e+07,133201
3,mutex_65536_same-core_unpaced,0,queue,1.87871e+07,1.9224e+07,39560
3,mutex_65536_same-core_unpaced,0,queue,1.9224e+07,1.96609e+07,29166
3,mutex_65536_same-core_unpaced,0,queue,1.96609e+07,2.00978e+07,15980
3,mutex_65536_same-core_unpaced,0,queue,2.00978e+07,2.05347e+07,4940
3,mutex_65536_same-core_unpaced,0,queue,2.05347e+07,2.09716e+07,3965
3,mutex_65536_same-core_unpaced,0,queue,2.09716e+07,2.14085e+07,6358
3,mutex_65536_same-core_unpaced,0,queue,2.14085e+07,2.18455e+07,5415
3,mutex_65536_same-core_unpaced,0,queue,2.18455e+07,2.22824e+07,13147
3,mutex_65536_same-core_unpaced,0,queue,2.22824e+07,2.27193e+07,14830
3,mutex_65536_same-core_unpaced,0,queue,2.27193e+07,2.31562e+07,10325
3,mutex_65536_same-core_unpaced,0,queue,2.31562e+07,2.35931e+07,9025
3,mutex_65536_same-core_unpaced,0,queue,2.35931e+07,2.403e+07,5177
3,mutex_65536_same-core_unpaced,0,queue,2.403e+07,2.44669e+07,9674
3,mutex_65536_same-core_unpaced,0,queue,2.44669e+07,2.49038e+07,81698
3,mutex_65536_same-core_unpaced,0,queue,2.49038e+07,2.53407e+07,201719
3,mutex_65536_same-core_unpaced,0,queue,2.53407e+07,2.57776e+07,440210
3,mutex_65536_same-core_unpaced,0,queue,2.57776e+07,2.62145e+07,553250
3,mutex_65536_same-core_unpaced,0,queue,2.62145e+07,2.66515e+07,440124
3,mutex_65536_same-core_unpaced,0,queue,2.66515e+07,2.70884e+07,204959
3,mutex_65536_same-core_unpaced,0,queue,2.70884e+07,2.75253e+07,57802
3,mutex_65536_same-core_unpaced,0,queue,2.75253e+07,2.79622e+07,19581
3,mutex_65536_same-core_unpaced,0,queue,2.79622e+07,2.8836e+07,26097
3,mutex_65536_same-core_unpaced,0,queue,2.8836e+07,2.97098e+07,9690
3,mutex_65536_same-core_unpaced,0,queue,2.97098e+07,3.05836e+07,3850
3,mutex_65536_same-core_unpaced,0,queue,3.05836e+07,3.14575e+07,2923
3,mutex_65536_same-core_unpaced,0,queue,3.14575e+07,3.23313e+07,2276
3,mutex_65536_same-core_unpaced,0,queue,3.23313e+07,3.32051e+07,618
3,mutex_65536_same-core_unpaced,0,queue,3.32051e+07,3.40789e+07,645
3,mutex_65536_same-core_unpaced,0,queue,3.40789e+07,3.49527e+07,651
3,mutex_65536_same-core_unpaced,0,queue,3.49527e+07,3.58265e+07,727
3,mutex_65536_same-core_unpaced,0,queue,3.58265e+07,3.67004e+07,638
3,mutex_65536_same-core_unpaced,0,queue,3.67004e+07,3.75742e+07,2740
3,mutex_65536_same-core_unpaced,0,queue,3.75742e+07,3.8448e+07,694
3,mutex_65536_same-core_unpaced,0,book,15.8334,16.2501,6
3,mutex_65536_same-core_unpaced,0,book,16.6668,17.0834,12
3,mutex_65536_same-core_unpaced,0,book,17.5001,17.9168,15
3,mutex_65536_same-core_unpaced,0,book,18.3334,18.7501,23
3,mutex_65536_same-core_unpaced,0,book,19.1668,19.5834,54
3,mutex_65536_same-core_unpaced,0,book,20.0001,20.4168,112
3,mutex_65536_same-core_unpaced,0,book,20.8334,21.2501,180
3,mutex_65536_same-core_unpaced,0,book,21.6668,22.0835,262
3,mutex_65536_same-core_unpaced,0,book,22.5001,22.9168,271
3,mutex_65536_same-core_unpaced,0,book,23.3335,23.7501,278
3,mutex_65536_same-core_unpaced,0,book,24.1668,24.5835,444
3,mutex_65536_same-core_unpaced,0,book,25.0001,25.4168,497
3,mutex_65536_same-core_unpaced,0,book,25.8335,26.2501,624
3,mutex_65536_same-core_unpaced,0,book,26.6668,27.5002,982
3,mutex_65536_same-core_unpaced,0,book,27.5002,28.3335,1267
3,mutex_65536_same-core_unpaced,0,book,28.3335,29.1668,1913
3,mutex_65536_same-core_unpaced,0,book,29.1668,30.0002,3488
3,mutex_65536_same-core_unpaced,0,book,30.0002,30.8335,4669
3,mutex_65536_same-core_unpaced,0,book,30.8335,31.6668,5738
3,mutex_65536_same-core_unpaced,0,book,31.6668,32.5002,5072
3,mutex_65536_same-core_unpaced,0,book,32.5002,33.3335,4197
3,mutex_65536_same-core_unpaced,0,book,33.3335,34.1669,3492
3,mutex_65536_same-core_unpaced,0,book,34.1669,35.0002,2171
3,mutex_65536_same-core_unpaced,0,book,35.0002,35.8335,1718
3,mutex_65536_same-core_unpaced,0,book,35.8335,36.6669,1203
3,mutex_65536_same-core_unpaced,0,book,36.6669,37.5002,873
3,mutex_65536_same-core_unpaced,0,book,37.5002,38.3335,877
3,mutex_65536_same-core_unpaced,0,book,38.3335,39.1669,767
3,mutex_65536_same-core_unpaced,0,book,39.1669,40.0002,739
3,mutex_65536_same-core_unpaced,0,book,40.0002,40.8336,1030
3,mutex_65536_same-core_unpaced,0,book,40.8336,41.6669,1064
3,mutex_65536_same-core_unpaced,0,book,41.6669,42.5002,1321
3,mutex_65536_same-core_unpaced,0,book,42.5002,43.3336,1650
3,mutex_65536_same-core_unpaced,0,book,43.3336,44.1669,1947
3,mutex_65536_same-core_unpaced,0,book,44.1669,45.0002,2588
3,mutex_65536_same-core_unpaced,0,book,45.0002,45.8336,3045
3,mutex_65536_same-core_unpaced,0,book,45.8336,46.6669,3351
3,mutex_65536_same-core_unpaced,0,book,46.6669,47.5003,4345
3,mutex_65536_same-core_unpaced,0,book,47.5003,48.3336,4339
3,mutex_65536_same-core_unpaced,0,book,48.3336,49.1669,4921
3,mutex_65536_same-core_unpaced,0,book,49.1669,50.0003,5411
3,mutex_65536_same-core_unpaced,0,book,50.0003,50.8336,5287
3,mutex_65536_same-core_unpaced,0,book,50.8336,51.6669,5559
3,mutex_65536_same-core_unpaced,0,book,51.6669,52.5003,5163
3,mutex_65536_same-core_unpaced,0,book,52.5003,53.3336,5013
3,mutex_65536_same-core_unpaced,0,book,53.3336,55.0003,9885
3,mutex_65536_same-core_unpaced,0,book,55.0003,56.667,9200
3,mutex_65536_same-core_unpaced,0,book,56.667,58.3337,8580
3,mutex_65536_same-core_unpaced,0,book,58.3337,60.0003,8188
3,mutex_65536_same-core_unpaced,0,book,60.0003,61.667,9411
3,mutex_65536_same-core_unpaced,0,book,61.667,63.3337,10770
3,mutex_65536_same-core_unpaced,0,book,63.3337,65.0004,11497
3,mutex_65536_same-core_unpaced,0,book,65.0004,66.667,12575
3,mutex_65536_same-core_unpaced,0,book,66.667,68.3337,14449
3,mutex_65536_same-core_unpaced,0,book,68.3337,70.0004,15146
3,mutex_65536_same-core_unpaced,0,book,70.0004,71.6671,15401
3,mutex_65536_same-core_unpaced,0,book,71.6671,73.3337,15689
3,mutex_65536_same-core_unpaced,0,book,73.3337,75.0004,16031
3,mutex_65536_same-core_unpaced,0,book,75.0004,76.6671,16032
3,mutex_65536_same-core_unpaced,0,book,76.6671,78.3338,15652
3,mutex_65536_same-core_unpaced,0,book,78.3338,80.0004,15307
3,mutex_65536_same-core_unpaced,0,book,80.0004,81.6671,16208
3,mutex_65536_same-core_unpaced,0,book,81.6671,83.3338,16150
3,mutex_65536_same-core_unpaced,0,book,83.3338,85.0005,15340
3,mutex_65536_same-core_unpaced,0,book,85.0005,86.6671,15199
3,mutex_65536_same-core_unpaced,0,book,86.6671,88.3338,14960
3,mutex_65536_same-core_unpaced,0,book,88.3338,90.0005,13828
3,mutex_65536_same-core_unpaced,0,book,90.0005,91.6672,13289
3,mutex_65536_same-core_unpaced,0,book,91.6672,93.3338,11922
3,mutex_65536_same-core_unpaced,0,book,93.3338,95.0005,11315
3,mutex_65536_same-core_unpaced,0,book,95.0005,96.6672,10803
3,mutex_65536_same-core_unpaced,0,book,96.6672,98.3339,9866
3,mutex_65536_same-core_unpaced,0,book,98.3339,100.001,9151
3,mutex_65536_same-core_unpaced,0,book,100.001,101.667,8921
3,mutex_65536_same-core_unpaced,0,book,101.667,103.334,8263
3,mutex_65536_same-core_unpaced,0,book,103.334,105.001,7245
3,mutex_65536_same-core_unpaced,0,book,105.001,106.667,6807
3,mutex_65536_same-core_unpaced,0,book,106.667,110.001,12277
3,mutex_65536_same-core_unpaced,0,book,110.001,113.334,10264
3,mutex_65536_same-core_unpaced,0,book,113.334,116.667,9161
3,mutex_65536_same-core_unpaced,0,book,116.667,120.001,7854
3,mutex_65536_same-core_unpaced,0,book,120.001,123.334,7143
3,mutex_65536_same-core_unpaced,0,book,123.334,126.667,5951
3,mutex_65536_same-core_unpaced,0,book,126.667,130.001,6048
3,mutex_65536_same-core_unpaced,0,book,130.001,133.334,7573
3,mutex_65536_same-core_unpaced,0,book,133.334,136.667,12261
3,mutex_65536_same-core_unpaced,0,book,136.667,140.001,16132
3,mutex_65536_same-core_unpaced,0,book,140.001,143.334,17498
3,mutex_65536_same-core_unpaced,0,book,143.334,146.667,18938
3,mutex_65536_same-core_unpaced,0,book,146.667,150.001,27241
3,mutex_65536_same-core_unpaced,0,book,150.001,153.334,34775
3,mutex_65536_same-core_unpaced,0,book,153.334,156.668,40678
3,mutex_65536_same-core_unpaced,0,book,156.668,160.001,38301
3,mutex_65536_same-core_unpaced,0,book,160.001,163.334,40422
3,mutex_65536_same-core_unpaced,0,book,163.334,166.668,46774
3,mutex_65536_same-core_unpaced,0,book,166.668,170.001,53434
3,mutex_65536_same-core_unpaced,0,book,170.001,173.334,49520
3,mutex_65536_same-core_unpaced,0,book,173.334,176.668,47073
3,mutex_65536_same-core_unpaced,0,book,176.668,180.001,44907
3,mutex_65536_same-core_unpaced,0,book,180.001,183.334,50094
3,mutex_65536_same-core_unpaced,0,book,183.334,186.668,49238
3,mutex_65536_same-core_unpaced,0,book,186.668,190.001,46561
3,mutex_65536_same-core_unpaced,0,book,190.001,193.334,43722
3,mutex_65536_same-core_unpaced,0,book,193.334,196.668,44430
3,mutex_65536_same-core_unpaced,0,book,196.668,200.001,42924
3,mutex_65536_same-core_unpaced,0,book,200.001,203.334,43292
3,mutex_65536_same-core_unpaced,0,book,203.334,206.668,39431
3,mutex_65536_same-core_unpaced,0,book,206.668,210.001,38902
3,mutex_65536_same-core_unpaced,0,book,210.001,213.334,36292
3,mutex_65536_same-core_unpaced,0,book,213.334,220.001,66062
3,mutex_65536_same-core_unpaced,0,book,220.001,226.668,57802
3,mutex_65536_same-core_unpaced,0,book,226.668,233.335,49337
3,mutex_65536_same-core_unpaced,0,book,233.335,240.001,42386
3,mutex_65536_same-core_unpaced,0,book,240.001,246.668,36971
3,mutex_65536_same-core_unpaced,0,book,246.668,253.335,32715
3,mutex_65536_same-core_unpaced,0,book,253.335,260.001,29133
3,mutex_65536_same-core_unpaced,0,book,260.001,266.668,26343
3,mutex_65536_same-core_unpaced,0,book,266.668,273.335,23829
3,mutex_65536_same-core_unpaced,0,book,273.335,280.002,22055
3,mutex_65536_same-core_unpaced,0,book,280.002,286.668,20473
3,mutex_65536_same-core_unpaced,0,book,286.668,293.335,19250
3,mutex_65536_same-core_unpaced,0,book,293.335,300.002,18161
3,mutex_65536_same-core_unpaced,0,book,300.002,306.668,17289
3,mutex_65536_same-core_unpaced,0,book,306.668,313.335,16960
3,mutex_65536_same-core_unpaced,0,book,313.335,320.002,16785
3,mutex_65536_same-core_unpaced,0,book,320.002,326.668,16478
3,mutex_65536_same-core_unpaced,0,book,326.668,333.335,16372
3,mutex_65536_same-core_unpaced,0,book,333.335,340.002,15969
3,mutex_65536_same-core_unpaced,0,book,340.002,346.669,15817
3,mutex_65536_same-core_unpaced,0,book,346.669,353.335,15638
3,mutex_65536_same-core_unpaced,0,book,353.335,360.002,15117
3,mutex_65536_same-core_unpaced,0,book,360.002,366.669,14998
3,mutex_65536_same-core_unpaced,0,book,366.669,373.335,14555
3,mutex_65536_same-core_unpaced,0,book,373.335,380.002,14098
3,mutex_65536_same-core_unpaced,0,book,380.002,386.669,13493
3,mutex_65536_same-core_unpaced,0,book,386.669,393.335,13059
3,mutex_65536_same-core_unpaced,0,book,393.335,400.002,12393
3,mutex_65536_same-core_unpaced,0,book,400.002,406.669,12050
3,mutex_65536_same-core_unpaced,0,book,406.669,413.336,11355
3,mutex_65536_same-core_unpaced,0,book,413.336,420.002,10747
3,mutex_65536_same-core_unpaced,0,book,420.002,426.669,10133
3,mutex_65536_same-core_unpaced,0,book,426.669,440.002,19262
3,mutex_65536_same-core_unpaced,0,book,440.002,453.336,17778
3,mutex_65536_same-core_unpaced,0,book,453.336,466.669,15594
3,mutex_65536_same-core_unpaced,0,book,466.669,480.003,13927
3,mutex_65536_same-core_unpaced,0,book,480.003,493.336,12205
3,mutex_65536_same-core_unpaced,0,book,493.336,506.669,10455
3,mutex_65536_same-core_unpaced,0,book,506.669,520.003,9115
3,mutex_65536_same-core_unpaced,0,book,520.003,533.336,8146
3,mutex_65536_same-core_unpaced,0,book,533.336,546.67,7266
3,mutex_65536_same-core_unpaced,0,book,546.67,560.003,6527
3,mutex_65536_same-core_unpaced,0,book,560.003,573.336,5740
3,mutex_65536_same-core_unpaced,0,book,573.336,586.67,5327
3,mutex_65536_same-core_unpaced,0,book,586.67,600.003,4683
3,mutex_65536_same-core_unpaced,0,book,600.003,613.337,4428
3,mutex_65536_same-core_unpaced,0,book,613.337,626.67,3939
3,mutex_65536_same-core_unpaced,0,book,626.67,640.003,3649
3,mutex_65536_same-core_unpaced,0,book,640.003,653.337,3259
3,mutex_65536_same-core_unpaced,0,book,653.337,666.67,3025
3,mutex_65536_same-core_unpaced,0,book,666.67,680.004,2751
3,mutex_65536_same-core_unpaced,0,book,680.004,693.337,2413
3,mutex_65536_same-core_unpaced,0,book,693.337,706.671,2277
3,mutex_65536_same-core_unpaced,0,book,706.671,720.004,2065
3,mutex_65536_same-core_unpaced,0,book,720.004,733.337,1854
3,mutex_65536_same-core_unpaced,0,book,733.337,746.671,1581
3,mutex_65536_same-core_unpaced,0,book,746.671,760.004,1523
3,mutex_65536_same-core_unpaced,0,book,760.004,773.338,1342
3,mutex_65536_same-core_unpaced,0,book,773.338,786.671,1219
3,mutex_65536_same-core_unpaced,0,book,786.671,800.004,1069
3,mutex_65536_same-core_unpaced,0,book,800.004,813.338,966
3,mutex_65536_same-core_unpaced,0,book,813.338,826.671,883
3,mutex_65536_same-core_unpaced,0,book,826.671,840.005,824
3,mutex_65536_same-core_unpaced,0,book,840.005,853.338,742
3,mutex_65536_same-core_unpaced,0,book,853.338,880.005,1212
3,mutex_65536_same-core_unpaced,0,book,880.005,906.672,1041
3,mutex_65536_same-core_unpaced,0,book,906.672,933.338,831
3,mutex_65536_same-core_unpaced,0,book,933.338,960.005,711
3,mutex_65536_same-core_unpaced,0,book,960.005,986.672,518
3,mutex_65536_same-core_unpaced,0,book,986.672,1013.34,442
3,mutex_65536_same-core_unpaced,0,book,1013.34,1040.01,341
3,mutex_65536_same-core_unpaced,0,book,1040.01,1066.67,287
3,mutex_65536_same-core_unpaced,0,book,1066.67,1093.34,236
3,mutex_65536_same-core_unpaced,0,book,1093.34,1120.01,199
3,mutex_65536_same-core_unpaced,0,book,1120.01,1146.67,170
3,mutex_65536_same-core_unpaced,0,book,1146.67,1173.34,120
3,mutex_65536_same-core_unpaced,0,book,1173.34,1200.01,107
3,mutex_65536_same-core_unpaced,0,book,1200.01,1226.67,87
3,mutex_65536_same-core_unpaced,0,book,1226.67,1253.34,66
3,mutex_65536_same-core_unpaced,0,book,1253.34,1280.01,74
3,mutex_65536_same-core_unpaced,0,book,1280.01,1306.67,67
3,mutex_65536_same-core_unpaced,0,book,1306.67,1333.34,38
3,mutex_65536_same-core_unpaced,0,book,1333.34,1360.01,53
3,mutex_65536_same-core_unpaced,0,book,1360.01,1386.67,44
3,mutex_65536_same-core_unpaced,0,book,1386.67,1413.34,28
3,mutex_65536_same-core_unpaced,0,book,1413.34,1440.01,23
3,mutex_65536_same-core_unpaced,0,book,1440.01,1466.67,23
3,mutex_65536_same-core_unpaced,0,book,1466.67,1493.34,24
3,mutex_65536_same-core_unpaced,0,book,1493.34,1520.01,24
3,mutex_65536_same-core_unpaced,0,book,1520.01,1546.68,17
3,mutex_65536_same-core_unpaced,0,book,1546.68,1573.34,15
3,mutex_65536_same-core_unpaced,0,book,1573.34,1600.01,11
3,mutex_65536_same-core_unpaced,0,book,1600.01,1626.68,9
3,mutex_65536_same-core_unpaced,0,book,1626.68,1653.34,18
3,mutex_65536_same-core_unpaced,0,book,1653.34,1680.01,16
3,mutex_65536_same-core_unpaced,0,book,1680.01,1706.68,8
3,mutex_65536_same-core_unpaced,0,book,1706.68,1760.01,8
3,mutex_65536_same-core_unpaced,0,book,1760.01,1813.34,13
3,mutex_65536_same-core_unpaced,0,book,1813.34,1866.68,11
3,mutex_65536_same-core_unpaced,0,book,1866.68,1920.01,10
3,mutex_65536_same-core_unpaced,0,book,1920.01,1973.34,8
3,mutex_65536_same-core_unpaced,0,book,1973.34,2026.68,13
3,mutex_65536_same-core_unpaced,0,book,2026.68,2080.01,14
3,mutex_65536_same-core_unpaced,0,book,2080.01,2133.34,13
3,mutex_65536_same-core_unpaced,0,book,2133.34,2186.68,16
3,mutex_65536_same-core_unpaced,0,book,2186.68,2240.01,14
3,mutex_65536_same-core_unpaced,0,book,2240.01,2293.35,10
3,mutex_65536_same-core_unpaced,0,book,2293.35,2346.68,9
3,mutex_65536_same-core_unpaced,0,book,2346.68,2400.01,10
3,mutex_65536_same-core_unpaced,0,book,2400.01,2453.35,5
3,mutex_65536_same-core_unpaced,0,book,2453.35,2506.68,4
3,mutex_65536_same-core_unpaced,0,book,2506.68,2560.01,4
3,mutex_65536_same-core_unpaced,0,book,2560.01,2613.35,5
3,mutex_65536_same-core_unpaced,0,book,2613.35,2666.68,4
3,mutex_65536_same-core_unpaced,0,book,2666.68,2720.01,2
3,mutex_65536_same-core_unpaced,0,book,2720.01,2773.35,2
3,mutex_65536_same-core_unpaced,0,book,2773.35,2826.68,1
3,mutex_65536_same-core_unpaced,0,book,2826.68,2880.02,2
3,mutex_65536_same-core_unpaced,0,book,2880.02,2933.35,2
3,mutex_65536_same-core_unpaced,0,book,2933.35,2986.68,2
3,mutex_65536_same-core_unpaced,0,book,2986.68,3040.02,1
3,mutex_65536_same-core_unpaced,0,book,3040.02,3093.35,1
3,mutex_65536_same-core_unpaced,0,book,3093.35,3146.68,2
3,mutex_65536_same-core_unpaced,0,book,3146.68,3200.02,2
3,mutex_65536_same-core_unpaced,0,book,3253.35,3306.68,1
3,mutex_65536_same-core_unpaced,0,book,3413.35,3520.02,2
3,mutex_65536_same-core_unpaced,0,book,3520.02,3626.69,2
3,mutex_65536_same-core_unpaced,0,book,3626.69,3733.35,3
3,mutex_65536_same-core_unpaced,0,book,3733.35,3840.02,5
3,mutex_65536_same-core_unpaced,0,book,3840.02,3946.69,5
3,mutex_65536_same-core_unpaced,0,book,3946.69,4053.36,4
3,mutex_65536_same-core_unpaced,0,book,4053.36,4160.02,6
3,mutex_65536_same-core_unpaced,0,book,4160.02,4266.69,8
3,mutex_65536_same-core_unpaced,0,book,4266.69,4373.36,10
3,mutex_65536_same-core_unpaced,0,book,4373.36,4480.02,11
3,mutex_65536_same-core_unpaced,0,book,4480.02,4586.69,11
3,mutex_65536_same-core_unpaced,0,book,4586.69,4693.36,14
3,mutex_65536_same-core_unpaced,0,book,4693.36,4800.03,7
3,mutex_65536_same-core_unpaced,0,book,4800.03,4906.69,20
3,mutex_65536_same-core_unpaced,0,book,4906.69,5013.36,13
3,mutex_65536_same-core_unpaced,0,book,5013.36,5120.03,6
3,mutex_65536_same-core_unpaced,0,book,5120.03,5226.7,9
3,mutex_65536_same-core_unpaced,0,book,5226.7,5333.36,4
3,mutex_65536_same-core_unpaced,0,book,5333.36,5440.03,1
3,mutex_65536_same-core_unpaced,0,book,5546.7,5653.36,5
3,mutex_65536_same-core_unpaced,0,book,5760.03,5866.7,1
3,mutex_65536_same-core_unpaced,0,book,5866.7,5973.37,1
3,mutex_65536_same-core_unpaced,0,book,5973.37,6080.03,2
3,mutex_65536_same-core_unpaced,0,book,6080.03,6186.7,1
3,mutex_65536_same-core_unpaced,0,book,6186.7,6293.37,2
3,mutex_65536_same-core_unpaced,0,book,6400.03,6506.7,5
3,mutex_65536_same-core_unpaced,0,book,6506.7,6613.37,6
3,mutex_65536_same-core_unpaced,0,book,6613.37,6720.04,1
3,mutex_65536_same-core_unpaced,0,book,6720.04,6826.7,7
3,mutex_65536_same-core_unpaced,0,book,6826.7,7040.04,12
3,mutex_65536_same-core_unpaced,0,book,7040.04,7253.37,10
3,mutex_65536_same-core_unpaced,0,book,7253.37,7466.71,8
3,mutex_65536_same-core_unpaced,0,book,7466.71,7680.04,8
3,mutex_65536_same-core_unpaced,0,book,7680.04,7893.38,6
3,mutex_65536_same-core_unpaced,0,book,7893.38,8106.71,7
3,mutex_65536_same-core_unpaced,0,book,8106.71,8320.05,14
3,mutex_65536_same-core_unpaced,0,book,8320.05,8533.38,16
3,mutex_65536_same-core_unpaced,0,book,8533.38,8746.71,18
3,mutex_65536_same-core_unpaced,0,book,8746.71,8960.05,5
3,mutex_65536_same-core_unpaced,0,book,8960.05,9173.38,7
3,mutex_65536_same-core_unpaced,0,book,9173.38,9386.72,1
3,mutex_65536_same-core_unpaced,0,book,9386.72,9600.05,1
3,mutex_65536_same-core_unpaced,0,book,9600.05,9813.39,1
3,mutex_65536_same-core_unpaced,0,book,10026.7,10240.1,10
3,mutex_65536_same-core_unpaced,0,book,10240.1,10453.4,11
3,mutex_65536_same-core_unpaced,0,book,10453.4,10666.7,41
3,mutex_65536_same-core_unpaced,0,book,10666.7,10880.1,88
3,mutex_65536_same-core_unpaced,0,book,10880.1,11093.4,120
3,mutex_65536_same-core_unpaced,0,book,11093.4,11306.7,100
3,mutex_65536_same-core_unpaced,0,book,11306.7,11520.1,79
3,mutex_65536_same-core_unpaced,0,book,11520.1,11733.4,40
3,mutex_65536_same-core_unpaced,0,book,11733.4,11946.7,27
3,mutex_65536_same-core_unpaced,0,book,11946.7,12160.1,17
3,mutex_65536_same-core_unpaced,0,book,12160.1,12373.4,5
3,mutex_65536_same-core_unpaced,0,book,12373.4,12586.7,7
3,mutex_65536_same-core_unpaced,0,book,12586.7,12800.1,6
3,mutex_65536_same-core_unpaced,0,book,12800.1,13013.4,2
3,mutex_65536_same-core_unpaced,0,book,13013.4,13226.7,4
3,mutex_65536_same-core_unpaced,0,book,13226.7,13440.1,1
3,mutex_65536_same-core_unpaced,0,book,13440.1,13653.4,1
3,mutex_65536_same-core_unpaced,0,book,13653.4,14080.1,6
3,mutex_65536_same-core_unpaced,0,book,14080.1,14506.7,2
3,mutex_65536_same-core_unpaced,0,book,14933.4,15360.1,1
3,mutex_65536_same-core_unpaced,0,book,15786.8,16213.4,1
3,mutex_65536_same-core_unpaced,0,book,16213.4,16640.1,1
3,mutex_65536_same-core_unpaced,0,book,16640.1,17066.8,1
3,mutex_65536_same-core_unpaced,0,book,17066.8,17493.4,1
3,mutex_65536_same-core_unpaced,0,book,17920.1,18346.8,1
3,mutex_65536_same-core_unpaced,0,book,18773.4,19200.1,1
3,mutex_65536_same-core_unpaced,0,book,19200.1,19626.8,1
3,mutex_65536_same-core_unpaced,0,book,25600.1,26026.8,1
3,mutex_65536_same-core_unpaced,0,book,27306.8,28160.2,1
