run,label,median,metric,bucket_lo_ns,bucket_hi_ns,count
1,boost_1048576_same-core_unpaced,1,total,55.0003,56.667,2
1,boost_1048576_same-core_unpaced,1,total,56.667,58.3336,2
1,boost_1048576_same-core_unpaced,1,total,58.3336,60.0003,4
1,boost_1048576_same-core_unpaced,1,total,60.0003,61.667,7
1,boost_1048576_same-core_unpaced,1,total,61.667,63.3337,4
1,boost_1048576_same-core_unpaced,1,total,63.3337,65.0003,8
1,boost_1048576_same-core_unpaced,1,total,65.0003,66.667,10
1,boost_1048576_same-core_unpaced,1,total,66.667,68.3337,8
1,boost_1048576_same-core_unpaced,1,total,68.3337,70.0004,16
1,boost_1048576_same-core_unpaced,1,total,70.0004,71.667,10
1,boost_1048576_same-core_unpaced,1,total,71.667,73.3337,12
1,boost_1048576_same-core_unpaced,1,total,73.3337,75.0004,11
1,boost_1048576_same-core_unpaced,1,total,75.0004,76.6671,22
1,boost_1048576_same-core_unpaced,1,total,76.6671,78.3337,14
1,boost_1048576_same-core_unpaced,1,total,78.3337,80.0004,17
1,boost_1048576_same-core_unpaced,1,total,80.0004,81.6671,9
1,boost_1048576_same-core_unpaced,1,total,81.6671,83.3338,12
1,boost_1048576_same-core_unpaced,1,total,83.3338,85.0004,15
1,boost_1048576_same-core_unpaced,1,total,85.0004,86.6671,14
1,boost_1048576_same-core_unpaced,1,total,86.6671,88.3338,10
1,boost_1048576_same-core_unpaced,1,total,88.3338,90.0005,7
1,boost_1048576_same-core_unpaced,1,total,90.0005,91.6671,15
1,boost_1048576_same-core_unpaced,1,total,91.6671,93.3338,7
1,boost_1048576_same-core_unpaced,1,total,93.3338,95.0005,12
1,boost_1048576_same-core_unpaced,1,total,95.0005,96.6672,4
1,boost_1048576_same-core_unpaced,1,total,96.6672,98.3338,9
1,boost_1048576_same-core_unpaced,1,total,98.3338,100.001,10
1,boost_1048576_same-core_unpaced,1,total,100.001,101.667,9
1,boost_1048576_same-core_unpaced,1,total,101.667,103.334,4
1,boost_1048576_same-core_unpaced,1,total,103.334,105.001,4
1,boost_1048576_same-core_unpaced,1,total,105.001,106.667,6
1,boost_1048576_same-core_unpaced,1,total,106.667,110.001,12
1,boost_1048576_same-core_unpaced,1,total,110.001,113.334,8
1,boost_1048576_same-core_unpaced,1,total,113.334,116.667,12
1,boost_1048576_same-core_unpaced,1,total,116.667,120.001,10
1,boost_1048576_same-core_unpaced,1,total,120.001,123.334,4
1,boost_1048576_same-core_unpaced,1,total,123.334,126.667,10
1,boost_1048576_same-core_unpaced,1,total,126.667,130.001,7
1,boost_1048576_same-core_unpaced,1,total,130.001,133.334,10
1,boost_1048576_same-core_unpaced,1,total,133.334,136.667,7
1,boost_1048576_same-core_unpaced,1,total,136.667,140.001,9
1,boost_1048576_same-core_unpaced,1,total,140.001,143.334,5
1,boost_1048576_same-core_unpaced,1,total,143.334,146.667,6
1,boost_1048576_same-core_unpaced,1,total,146.667,150.001,7
1,boost_1048576_same-core_unpaced,1,total,150.001,153.334,2
1,boost_1048576_same-core_unpaced,1,total,153.334,156.667,6
1,boost_1048576_same-core_unpaced,1,total,156.667,160.001,3
1,boost_1048576_same-core_unpaced,1,total,160.001,163.334,3
1,boost_1048576_same-core_unpaced,1,total,166.668,170.001,5
1,boost_1048576_same-core_unpaced,1,total,170.001,173.334,6
1,boost_1048576_same-core_unpaced,1,total,173.334,176.668,6
1,boost_1048576_same-core_unpaced,1,total,176.668,180.001,4
1,boost_1048576_same-core_unpaced,1,total,180.001,183.334,1
1,boost_1048576_same-core_unpaced,1,total,183.334,186.668,4
1,boost_1048576_same-core_unpaced,1,total,186.668,190.001,5
1,boost_1048576_same-core_unpaced,1,total,190.001,193.334,4
1,boost_1048576_same-core_unpaced,1,total,193.334,196.668,3
1,boost_1048576_same-core_unpaced,1,total,196.668,200.001,2
1,boost_1048576_same-core_unpaced,1,total,200.001,203.334,1
1,boost_1048576_same-core_unpaced,1,total,203.334,206.668,1
1,boost_1048576_same-core_unpaced,1,total,210.001,213.334,3
1,boost_1048576_same-core_unpaced,1,total,213.334,220.001,4
1,boost_1048576_same-core_unpaced,1,total,220.001,226.668,4
1,boost_1048576_same-core_unpaced,1,total,226.668,233.335,2
1,boost_1048576_same-core_unpaced,1,total,233.335,240.001,3
1,boost_1048576_same-core_unpaced,1,total,240.001,246.668,2
1,boost_1048576_same-core_unpaced,1,total,246.668,253.335,3
1,boost_1048576_same-core_unpaced,1,total,260.001,266.668,1
1,boost_1048576_same-core_unpaced,1,total,266.668,273.335,1
1,boost_1048576_same-core_unpaced,1,total,273.335,280.001,1
1,boost_1048576_same-core_unpaced,1,total,286.668,293.335,1
1,boost_1048576_same-core_unpaced,1,total,293.335,300.002,1
1,boost_1048576_same-core_unpaced,1,total,300.002,306.668,1
1,boost_1048576_same-core_unpaced,1,total,306.668,313.335,1
1,boost_1048576_same-core_unpaced,1,total,313.335,320.002,2
1,boost_1048576_same-core_unpaced,1,total,326.668,333.335,1
1,boost_1048576_same-core_unpaced,1,total,333.335,340.002,2
1,boost_1048576_same-core_unpaced,1,total,353.335,360.002,1
1,boost_1048576_same-core_unpaced,1,total,360.002,366.669,1
1,boost_1048576_same-core_unpaced,1,total,366.669,373.335,2
1,boost_1048576_same-core_unpaced,1,total,380.002,386.669,1
1,boost_1048576_same-core_unpaced,1,total,386.669,393.335,1
1,boost_1048576_same-core_unpaced,1,total,420.002,426.669,2
1,boost_1048576_same-core_unpaced,1,total,440.002,453.336,2
1,boost_1048576_same-core_unpaced,1,total,453.336,466.669,1
1,boost_1048576_same-core_unpaced,1,total,466.669,480.003,2
1,boost_1048576_same-core_unpaced,1,total,480.003,493.336,1
1,boost_1048576_same-core_unpaced,1,total,520.003,533.336,2
1,boost_1048576_same-core_unpaced,1,total,533.336,546.67,3
1,boost_1048576_same-core_unpaced,1,total,546.67,560.003,1
1,boost_1048576_same-core_unpaced,1,total,560.003,573.336,1
1,boost_1048576_same-core_unpaced,1,total,573.336,586.67,1
1,boost_1048576_same-core_unpaced,1,total,586.67,600.003,2
1,boost_1048576_same-core_unpaced,1,total,613.337,626.67,1
1,boost_1048576_same-core_unpaced,1,total,626.67,640.003,1
1,boost_1048576_same-core_unpaced,1,total,640.003,653.337,1
1,boost_1048576_same-core_unpaced,1,total,653.337,666.67,1
1,boost_1048576_same-core_unpaced,1,total,960.005,986.672,1
1,boost_1048576_same-core_unpaced,1,total,986.672,1013.34,1
1,boost_1048576_same-core_unpaced,1,total,1013.34,1040.01,1
1,boost_1048576_same-core_unpaced,1,total,1066.67,1093.34,1
1,boost_1048576_same-core_unpaced,1,total,1386.67,1413.34,2
1,boost_1048576_same-core_unpaced,1,total,1466.67,1493.34,1
1,boost_1048576_same-core_unpaced,1,total,1680.01,1706.68,1
1,boost_1048576_same-core_unpaced,1,total,19626.8,20053.4,1
1,boost_1048576_same-core_unpaced,1,total,22186.8,22613.5,1
1,boost_1048576_same-core_unpaced,1,total,22613.5,23040.1,1
1,boost_1048576_same-core_unpaced,1,total,26026.8,26453.5,1
1,boost_1048576_same-core_unpaced,1,total,26880.1,27306.8,1
1,boost_1048576_same-core_unpaced,1,total,30720.2,31573.5,1
1,boost_1048576_same-core_unpaced,1,total,31573.5,32426.8,1
1,boost_1048576_same-core_unpaced,1,total,33280.2,34133.5,1
1,boost_1048576_same-core_unpaced,1,total,34986.8,35840.2,1
1,boost_1048576_same-core_unpaced,1,total,45226.9,46080.2,1
1,boost_1048576_same-core_unpaced,1,total,46080.2,46933.6,1
1,boost_1048576_same-core_unpaced,1,total,52906.9,53760.3,1
1,boost_1048576_same-core_unpaced,1,total,58027,59733.6,2
1,boost_1048576_same-core_unpaced,1,total,59733.6,61440.3,2
1,boost_1048576_same-core_unpaced,1,total,64853.7,66560.3,2
1,boost_1048576_same-core_unpaced,1,total,66560.3,68267,1
1,boost_1048576_same-core_unpaced,1,total,68267,69973.7,1
1,boost_1048576_same-core_unpaced,1,total,69973.7,71680.4,2
1,boost_1048576_same-core_unpaced,1,total,71680.4,73387.1,1
1,boost_1048576_same-core_unpaced,1,total,78507.1,80213.8,1
1,boost_1048576_same-core_unpaced,1,total,80213.8,81920.4,1
1,boost_1048576_same-core_unpaced,1,total,85333.8,87040.5,1
1,boost_1048576_same-core_unpaced,1,total,87040.5,88747.1,1
1,boost_1048576_same-core_unpaced,1,total,88747.1,90453.8,1
1,boost_1048576_same-core_unpaced,1,total,90453.8,92160.5,1
1,boost_1048576_same-core_unpaced,1,total,92160.5,93867.2,1
1,boost_1048576_same-core_unpaced,1,total,93867.2,95573.8,1
1,boost_1048576_same-core_unpaced,1,total,95573.8,97280.5,1
1,boost_1048576_same-core_unpaced,1,total,97280.5,98987.2,1
1,boost_1048576_same-core_unpaced,1,total,98987.2,100694,2
1,boost_1048576_same-core_unpaced,1,total,104107,105814,1
1,boost_1048576_same-core_unpaced,1,total,105814,107521,1
1,boost_1048576_same-core_unpaced,1,total,109227,112641,1
1,boost_1048576_same-core_unpaced,1,total,112641,116054,3
1,boost_1048576_same-core_unpaced,1,total,116054,119467,4
1,boost_1048576_same-core_unpaced,1,total,119467,122881,1
1,boost_1048576_same-core_unpaced,1,total,122881,126294,2
1,boost_1048576_same-core_unpaced,1,total,126294,129707,2
1,boost_1048576_same-core_unpaced,1,total,129707,133121,2
1,boost_1048576_same-core_unpaced,1,total,133121,136534,1
1,boost_1048576_same-core_unpaced,1,total,136534,139947,1
1,boost_1048576_same-core_unpaced,1,total,139947,143361,2
1,boost_1048576_same-core_unpaced,1,total,143361,146774,3
1,boost_1048576_same-core_unpaced,1,total,146774,150187,1
1,boost_1048576_same-core_unpaced,1,total,150187,153601,1
1,boost_1048576_same-core_unpaced,1,total,153601,157014,1
1,boost_1048576_same-core_unpaced,1,total,157014,160428,4
1,boost_1048576_same-core_unpaced,1,total,160428,163841,4
1,boost_1048576_same-core_unpaced,1,total,163841,167254,3
1,boost_1048576_same-core_unpaced,1,total,167254,170668,3
1,boost_1048576_same-core_unpaced,1,total,170668,174081,2
1,boost_1048576_same-core_unpaced,1,total,177494,180908,4
1,boost_1048576_same-core_unpaced,1,total,187734,191148,1
1,boost_1048576_same-core_unpaced,1,total,194561,197974,2
1,boost_1048576_same-core_unpaced,1,total,197974,201388,1
1,boost_1048576_same-core_unpaced,1,total,201388,204801,1
1,boost_1048576_same-core_unpaced,1,total,204801,208214,2
1,boost_1048576_same-core_unpaced,1,total,211628,215041,1
1,boost_1048576_same-core_unpaced,1,total,215041,218454,3
1,boost_1048576_same-core_unpaced,1,total,225281,232108,4
1,boost_1048576_same-core_unpaced,1,total,232108,238935,6
1,boost_1048576_same-core_unpaced,1,total,238935,245761,8
1,boost_1048576_same-core_unpaced,1,total,245761,252588,6
1,boost_1048576_same-core_unpaced,1,total,252588,259415,4
1,boost_1048576_same-core_unpaced,1,total,259415,266241,3
1,boost_1048576_same-core_unpaced,1,total,266241,273068,2
1,boost_1048576_same-core_unpaced,1,total,273068,279895,5
1,boost_1048576_same-core_unpaced,1,total,279895,286722,3
1,boost_1048576_same-core_unpaced,1,total,286722,293548,6
1,boost_1048576_same-core_unpaced,1,total,293548,300375,7
1,boost_1048576_same-core_unpaced,1,total,300375,307202,2
1,boost_1048576_same-core_unpaced,1,total,307202,314028,3
1,boost_1048576_same-core_unpaced,1,total,314028,320855,5
1,boost_1048576_same-core_unpaced,1,total,320855,327682,3
1,boost_1048576_same-core_unpaced,1,total,327682,334508,6
1,boost_1048576_same-core_unpaced,1,total,334508,341335,6
1,boost_1048576_same-core_unpaced,1,total,341335,348162,7
1,boost_1048576_same-core_unpaced,1,total,348162,354989,13
1,boost_1048576_same-core_unpaced,1,total,354989,361815,12
1,boost_1048576_same-core_unpaced,1,total,361815,368642,2
1,boost_1048576_same-core_unpaced,1,total,368642,375469,8
1,boost_1048576_same-core_unpaced,1,total,375469,382295,7
1,boost_1048576_same-core_unpaced,1,total,382295,389122,2
1,boost_1048576_same-core_unpaced,1,total,389122,395949,6
1,boost_1048576_same-core_unpaced,1,total,395949,402775,5
1,boost_1048576_same-core_unpaced,1,total,402775,409602,3
1,boost_1048576_same-core_unpaced,1,total,409602,416429,5
1,boost_1048576_same-core_unpaced,1,total,416429,423256,7
1,boost_1048576_same-core_unpaced,1,total,423256,430082,4
1,boost_1048576_same-core_unpaced,1,total,430082,436909,12
1,boost_1048576_same-core_unpaced,1,total,436909,450562,10
1,boost_1048576_same-core_unpaced,1,total,450562,464216,11
1,boost_1048576_same-core_unpaced,1,total,464216,477869,13
1,boost_1048576_same-core_unpaced,1,total,477869,491523,11
1,boost_1048576_same-core_unpaced,1,total,491523,505176,15
1,boost_1048576_same-core_unpaced,1,total,505176,518829,7
1,boost_1048576_same-core_unpaced,1,total,532483,546136,8
1,boost_1048576_same-core_unpaced,1,total,546136,559790,13
1,boost_1048576_same-core_unpaced,1,total,559790,573443,9
1,boost_1048576_same-core_unpaced,1,total,573443,587096,9
1,boost_1048576_same-core_unpaced,1,total,587096,600750,15
1,boost_1048576_same-core_unpaced,1,total,600750,614403,15
1,boost_1048576_same-core_unpaced,1,total,614403,628057,5
1,boost_1048576_same-core_unpaced,1,total,628057,641710,11
1,boost_1048576_same-core_unpaced,1,total,641710,655363,19
1,boost_1048576_same-core_unpaced,1,total,655363,669017,11
1,boost_1048576_same-core_unpaced,1,total,669017,682670,12
1,boost_1048576_same-core_unpaced,1,total,682670,696324,15
1,boost_1048576_same-core_unpaced,1,total,696324,709977,17
1,boost_1048576_same-core_unpaced,1,total,709977,723630,14
1,boost_1048576_same-core_unpaced,1,total,723630,737284,12
1,boost_1048576_same-core_unpaced,1,total,737284,750937,19
1,boost_1048576_same-core_unpaced,1,total,750937,764591,17
1,boost_1048576_same-core_unpaced,1,total,764591,778244,20
1,boost_1048576_same-core_unpaced,1,total,778244,791897,10
1,boost_1048576_same-core_unpaced,1,total,791897,805551,16
1,boost_1048576_same-core_unpaced,1,total,805551,819204,13
1,boost_1048576_same-core_unpaced,1,total,819204,832858,13
1,boost_1048576_same-core_unpaced,1,total,832858,846511,9
1,boost_1048576_same-core_unpaced,1,total,846511,860165,11
1,boost_1048576_same-core_unpaced,1,total,860165,873818,12
1,boost_1048576_same-core_unpaced,1,total,873818,901125,20
1,boost_1048576_same-core_unpaced,1,total,901125,928432,32
1,boost_1048576_same-core_unpaced,1,total,928432,955738,40
1,boost_1048576_same-core_unpaced,1,total,955738,983045,32
1,boost_1048576_same-core_unpaced,1,total,983045,1.01035e+06,33
1,boost_1048576_same-core_unpaced,1,total,1.01035e+06,1.03766e+06,28
1,boost_1048576_same-core_unpaced,1,total,1.03766e+06,1.06497e+06,33
1,boost_1048576_same-core_unpaced,1,total,1.06497e+06,1.09227e+06,24
1,boost_1048576_same-core_unpaced,1,total,1.09227e+06,1.11958e+06,25
1,boost_1048576_same-core_unpaced,1,total,1.11958e+06,1.14689e+06,20
1,boost_1048576_same-core_unpaced,1,total,1.14689e+06,1.17419e+06,25
1,boost_1048576_same-core_unpaced,1,total,1.17419e+06,1.2015e+06,21
1,boost_1048576_same-core_unpaced,1,total,1.2015e+06,1.22881e+06,30
1,boost_1048576_same-core_unpaced,1,total,1.22881e+06,1.25611e+06,32
1,boost_1048576_same-core_unpaced,1,total,1.25611e+06,1.28342e+06,27
1,boost_1048576_same-core_unpaced,1,total,1.28342e+06,1.31073e+06,35
1,boost_1048576_same-core_unpaced,1,total,1.31073e+06,1.33803e+06,37
1,boost_1048576_same-core_unpaced,1,total,1.33803e+06,1.36534e+06,39
1,boost_1048576_same-core_unpaced,1,total,1.36534e+06,1.39265e+06,32
1,boost_1048576_same-core_unpaced,1,total,1.39265e+06,1.41995e+06,46
1,boost_1048576_same-core_unpaced,1,total,1.41995e+06,1.44726e+06,33
1,boost_1048576_same-core_unpaced,1,total,1.44726e+06,1.47457e+06,32
1,boost_1048576_same-core_unpaced,1,total,1.47457e+06,1.50187e+06,28
1,boost_1048576_same-core_unpaced,1,total,1.50187e+06,1.52918e+06,43
1,boost_1048576_same-core_unpaced,1,total,1.52918e+06,1.55649e+06,32
1,boost_1048576_same-core_unpaced,1,total,1.55649e+06,1.58379e+06,26
1,boost_1048576_same-core_unpaced,1,total,1.58379e+06,1.6111e+06,29
1,boost_1048576_same-core_unpaced,1,total,1.6111e+06,1.63841e+06,21
1,boost_1048576_same-core_unpaced,1,total,1.63841e+06,1.66572e+06,34
1,boost_1048576_same-core_unpaced,1,total,1.66572e+06,1.69302e+06,31
1,boost_1048576_same-core_unpaced,1,total,1.69302e+06,1.72033e+06,29
1,boost_1048576_same-core_unpaced,1,total,1.72033e+06,1.74764e+06,15
1,boost_1048576_same-core_unpaced,1,total,1.74764e+06,1.80225e+06,78
1,boost_1048576_same-core_unpaced,1,total,1.80225e+06,1.85686e+06,63
1,boost_1048576_same-core_unpaced,1,total,1.85686e+06,1.91148e+06,65
1,boost_1048576_same-core_unpaced,1,total,1.91148e+06,1.96609e+06,58
1,boost_1048576_same-core_unpaced,1,total,1.96609e+06,2.0207e+06,37
1,boost_1048576_same-core_unpaced,1,total,2.0207e+06,2.07532e+06,73
1,boost_1048576_same-core_unpaced,1,total,2.07532e+06,2.12993e+06,63
1,boost_1048576_same-core_unpaced,1,total,2.12993e+06,2.18454e+06,48
1,boost_1048576_same-core_unpaced,1,total,2.18454e+06,2.23916e+06,53
1,boost_1048576_same-core_unpaced,1,total,2.23916e+06,2.29377e+06,54
1,boost_1048576_same-core_unpaced,1,total,2.29377e+06,2.34839e+06,42
1,boost_1048576_same-core_unpaced,1,total,2.34839e+06,2.403e+06,63
1,boost_1048576_same-core_unpaced,1,total,2.403e+06,2.45761e+06,56
1,boost_1048576_same-core_unpaced,1,total,2.45761e+06,2.51223e+06,43
1,boost_1048576_same-core_unpaced,1,total,2.51223e+06,2.56684e+06,60
1,boost_1048576_same-core_unpaced,1,total,2.56684e+06,2.62145e+06,49
1,boost_1048576_same-core_unpaced,1,total,2.62145e+06,2.67607e+06,44
1,boost_1048576_same-core_unpaced,1,total,2.67607e+06,2.73068e+06,66
1,boost_1048576_same-core_unpaced,1,total,2.73068e+06,2.78529e+06,66
1,boost_1048576_same-core_unpaced,1,total,2.78529e+06,2.83991e+06,60
1,boost_1048576_same-core_unpaced,1,total,2.83991e+06,2.89452e+06,59
1,boost_1048576_same-core_unpaced,1,total,2.89452e+06,2.94914e+06,42
1,boost_1048576_same-core_unpaced,1,total,2.94914e+06,3.00375e+06,56
1,boost_1048576_same-core_unpaced,1,total,3.00375e+06,3.05836e+06,71
1,boost_1048576_same-core_unpaced,1,total,3.05836e+06,3.11298e+06,63
1,boost_1048576_same-core_unpaced,1,total,3.11298e+06,3.16759e+06,61
1,boost_1048576_same-core_unpaced,1,total,3.16759e+06,3.2222e+06,73
1,boost_1048576_same-core_unpaced,1,total,3.2222e+06,3.27682e+06,65
1,boost_1048576_same-core_unpaced,1,total,3.27682e+06,3.33143e+06,68
1,boost_1048576_same-core_unpaced,1,total,3.33143e+06,3.38604e+06,41
1,boost_1048576_same-core_unpaced,1,total,3.38604e+06,3.44066e+06,65
1,boost_1048576_same-core_unpaced,1,total,3.44066e+06,3.49527e+06,39
1,boost_1048576_same-core_unpaced,1,total,3.49527e+06,3.6045e+06,126
1,boost_1048576_same-core_unpaced,1,total,3.6045e+06,3.71373e+06,160
1,boost_1048576_same-core_unpaced,1,total,3.71373e+06,3.82295e+06,120
1,boost_1048576_same-core_unpaced,1,total,3.82295e+06,3.93218e+06,105
1,boost_1048576_same-core_unpaced,1,total,3.93218e+06,4.04141e+06,107
1,boost_1048576_same-core_unpaced,1,total,4.04141e+06,4.15064e+06,114
1,boost_1048576_same-core_unpaced,1,total,4.15064e+06,4.25986e+06,123
1,boost_1048576_same-core_unpaced,1,total,4.25986e+06,4.36909e+06,110
1,boost_1048576_same-core_unpaced,1,total,4.36909e+06,4.47832e+06,120
1,boost_1048576_same-core_unpaced,1,total,4.47832e+06,4.58754e+06,112
1,boost_1048576_same-core_unpaced,1,total,4.58754e+06,4.69677e+06,98
1,boost_1048576_same-core_unpaced,1,total,4.69677e+06,4.806e+06,135
1,boost_1048576_same-core_unpaced,1,total,4.806e+06,4.91523e+06,157
1,boost_1048576_same-core_unpaced,1,total,4.91523e+06,5.02445e+06,125
1,boost_1048576_same-core_unpaced,1,total,5.02445e+06,5.13368e+06,102
1,boost_1048576_same-core_unpaced,1,total,5.13368e+06,5.24291e+06,105
1,boost_1048576_same-core_unpaced,1,total,5.24291e+06,5.35213e+06,126
1,boost_1048576_same-core_unpaced,1,total,5.35213e+06,5.46136e+06,113
1,boost_1048576_same-core_unpaced,1,total,5.46136e+06,5.57059e+06,115
1,boost_1048576_same-core_unpaced,1,total,5.57059e+06,5.67982e+06,131
1,boost_1048576_same-core_unpaced,1,total,5.67982e+06,5.78904e+06,99
1,boost_1048576_same-core_unpaced,1,total,5.78904e+06,5.89827e+06,112
1,boost_1048576_same-core_unpaced,1,total,5.89827e+06,6.0075e+06,136
1,boost_1048576_same-core_unpaced,1,total,6.0075e+06,6.11673e+06,116
1,boost_1048576_same-core_unpaced,1,total,6.11673e+06,6.22595e+06,126
1,boost_1048576_same-core_unpaced,1,total,6.22595e+06,6.33518e+06,121
1,boost_1048576_same-core_unpaced,1,total,6.33518e+06,6.44441e+06,101
1,boost_1048576_same-core_unpaced,1,total,6.44441e+06,6.55363e+06,109
1,boost_1048576_same-core_unpaced,1,total,6.55363e+06,6.66286e+06,123
1,boost_1048576_same-core_unpaced,1,total,6.66286e+06,6.77209e+06,99
1,boost_1048576_same-core_unpaced,1,total,6.77209e+06,6.88132e+06,92
1,boost_1048576_same-core_unpaced,1,total,6.88132e+06,6.99054e+06,105
1,boost_1048576_same-core_unpaced,1,total,6.99054e+06,7.209e+06,193
1,boost_1048576_same-core_unpaced,1,total,7.209e+06,7.42745e+06,256
1,boost_1048576_same-core_unpaced,1,total,7.42745e+06,7.64591e+06,296
1,boost_1048576_same-core_unpaced,1,total,7.64591e+06,7.86436e+06,215
1,boost_1048576_same-core_unpaced,1,total,7.86436e+06,8.08282e+06,208
1,boost_1048576_same-core_unpaced,1,total,8.08282e+06,8.30127e+06,248
1,boost_1048576_same-core_unpaced,1,total,8.30127e+06,8.51972e+06,234
1,boost_1048576_same-core_unpaced,1,total,8.51972e+06,8.73818e+06,199
1,boost_1048576_same-core_unpaced,1,total,8.73818e+06,8.95663e+06,212
1,boost_1048576_same-core_unpaced,1,total,8.95663e+06,9.17509e+06,219
1,boost_1048576_same-core_unpaced,1,total,9.17509e+06,9.39354e+06,213
1,boost_1048576_same-core_unpaced,1,total,9.39354e+06,9.612e+06,234
1,boost_1048576_same-core_unpaced,1,total,9.612e+06,9.83045e+06,255
1,boost_1048576_same-core_unpaced,1,total,9.83045e+06,1.00489e+07,199
1,boost_1048576_same-core_unpaced,1,total,1.00489e+07,1.02674e+07,229
1,boost_1048576_same-core_unpaced,1,total,1.02674e+07,1.04858e+07,210
1,boost_1048576_same-core_unpaced,1,total,1.04858e+07,1.07043e+07,217
1,boost_1048576_same-core_unpaced,1,total,1.07043e+07,1.09227e+07,228
1,boost_1048576_same-core_unpaced,1,total,1.09227e+07,1.11412e+07,201
1,boost_1048576_same-core_unpaced,1,total,1.11412e+07,1.13596e+07,227
1,boost_1048576_same-core_unpaced,1,total,1.13596e+07,1.15781e+07,239
1,boost_1048576_same-core_unpaced,1,total,1.15781e+07,1.17965e+07,209
1,boost_1048576_same-core_unpaced,1,total,1.17965e+07,1.2015e+07,186
1,boost_1048576_same-core_unpaced,1,total,1.2015e+07,1.22335e+07,221
1,boost_1048576_same-core_unpaced,1,total,1.22335e+07,1.24519e+07,187
1,boost_1048576_same-core_unpaced,1,total,1.24519e+07,1.26704e+07,349
1,boost_1048576_same-core_unpaced,1,total,1.26704e+07,1.28888e+07,323
1,boost_1048576_same-core_unpaced,1,total,1.28888e+07,1.31073e+07,232
1,boost_1048576_same-core_unpaced,1,total,1.31073e+07,1.33257e+07,241
1,boost_1048576_same-core_unpaced,1,total,1.33257e+07,1.35442e+07,198
1,boost_1048576_same-core_unpaced,1,total,1.35442e+07,1.37626e+07,254
1,boost_1048576_same-core_unpaced,1,total,1.37626e+07,1.39811e+07,196
1,boost_1048576_same-core_unpaced,1,total,1.39811e+07,1.4418e+07,422
1,boost_1048576_same-core_unpaced,1,total,1.4418e+07,1.48549e+07,389
1,boost_1048576_same-core_unpaced,1,total,1.48549e+07,1.52918e+07,462
1,boost_1048576_same-core_unpaced,1,total,1.52918e+07,1.57287e+07,450
1,boost_1048576_same-core_unpaced,1,total,1.57287e+07,1.61656e+07,445
1,boost_1048576_same-core_unpaced,1,total,1.61656e+07,1.66025e+07,418
1,boost_1048576_same-core_unpaced,1,total,1.66025e+07,1.70394e+07,413
1,boost_1048576_same-core_unpaced,1,total,1.70394e+07,1.74764e+07,430
1,boost_1048576_same-core_unpaced,1,total,1.74764e+07,1.79133e+07,429
1,boost_1048576_same-core_unpaced,1,total,1.79133e+07,1.83502e+07,438
1,boost_1048576_same-core_unpaced,1,total,1.83502e+07,1.87871e+07,443
1,boost_1048576_same-core_unpaced,1,total,1.87871e+07,1.9224e+07,407
1,boost_1048576_same-core_unpaced,1,total,1.9224e+07,1.96609e+07,450
1,boost_1048576_same-core_unpaced,1,total,1.96609e+07,2.00978e+07,415
1,boost_1048576_same-core_unpaced,1,total,2.00978e+07,2.05347e+07,426
1,boost_1048576_same-core_unpaced,1,total,2.05347e+07,2.09716e+07,437
1,boost_1048576_same-core_unpaced,1,total,2.09716e+07,2.14085e+07,403
1,boost_1048576_same-core_unpaced,1,total,2.14085e+07,2.18454e+07,447
1,boost_1048576_same-core_unpaced,1,total,2.18454e+07,2.22824e+07,486
1,boost_1048576_same-core_unpaced,1,total,2.22824e+07,2.27193e+07,440
1,boost_1048576_same-core_unpaced,1,total,2.27193e+07,2.31562e+07,438
1,boost_1048576_same-core_unpaced,1,total,2.31562e+07,2.35931e+07,618
1,boost_1048576_same-core_unpaced,1,total,2.35931e+07,2.403e+07,439
1,boost_1048576_same-core_unpaced,1,total,2.403e+07,2.44669e+07,428
1,boost_1048576_same-core_unpaced,1,total,2.44669e+07,2.49038e+07,436
1,boost_1048576_same-core_unpaced,1,total,2.49038e+07,2.53407e+07,428
1,boost_1048576_same-core_unpaced,1,total,2.53407e+07,2.57776e+07,475
1,boost_1048576_same-core_unpaced,1,total,2.57776e+07,2.62145e+07,418
1,boost_1048576_same-core_unpaced,1,total,2.62145e+07,2.66514e+07,365
1,boost_1048576_same-core_unpaced,1,total,2.66514e+07,2.70884e+07,427
1,boost_1048576_same-core_unpaced,1,total,2.70884e+07,2.75253e+07,409
1,boost_1048576_same-core_unpaced,1,total,2.75253e+07,2.79622e+07,393
1,boost_1048576_same-core_unpaced,1,total,2.79622e+07,2.8836e+07,850
1,boost_1048576_same-core_unpaced,1,total,2.8836e+07,2.97098e+07,755
1,boost_1048576_same-core_unpaced,1,total,2.97098e+07,3.05836e+07,813
1,boost_1048576_same-core_unpaced,1,total,3.05836e+07,3.14574e+07,770
1,boost_1048576_same-core_unpaced,1,total,3.14574e+07,3.23313e+07,773
1,boost_1048576_same-core_unpaced,1,total,3.23313e+07,3.32051e+07,760
1,boost_1048576_same-core_unpaced,1,total,3.32051e+07,3.40789e+07,894
1,boost_1048576_same-core_unpaced,1,total,3.40789e+07,3.49527e+07,1244
1,boost_1048576_same-core_unpaced,1,total,3.49527e+07,3.58265e+07,930
1,boost_1048576_same-core_unpaced,1,total,3.58265e+07,3.67004e+07,947
1,boost_1048576_same-core_unpaced,1,total,3.67004e+07,3.75742e+07,945
1,boost_1048576_same-core_unpaced,1,total,3.75742e+07,3.8448e+07,994
1,boost_1048576_same-core_unpaced,1,total,3.8448e+07,3.93218e+07,1033
1,boost_1048576_same-core_unpaced,1,total,3.93218e+07,4.01956e+07,1015
1,boost_1048576_same-core_unpaced,1,total,4.01956e+07,4.10694e+07,986
1,boost_1048576_same-core_unpaced,1,total,4.10694e+07,4.19433e+07,1025
1,boost_1048576_same-core_unpaced,1,total,4.19433e+07,4.28171e+07,1003
1,boost_1048576_same-core_unpaced,1,total,4.28171e+07,4.36909e+07,983
1,boost_1048576_same-core_unpaced,1,total,4.36909e+07,4.45647e+07,1236
1,boost_1048576_same-core_unpaced,1,total,4.45647e+07,4.54385e+07,1002
1,boost_1048576_same-core_unpaced,1,total,4.54385e+07,4.63123e+07,1038
1,boost_1048576_same-core_unpaced,1,total,4.63123e+07,4.71862e+07,1007
1,boost_1048576_same-core_unpaced,1,total,4.71862e+07,4.806e+07,1010
1,boost_1048576_same-core_unpaced,1,total,4.806e+07,4.89338e+07,982
1,boost_1048576_same-core_unpaced,1,total,4.89338e+07,4.98076e+07,938
1,boost_1048576_same-core_unpaced,1,total,4.98076e+07,5.06814e+07,982
1,boost_1048576_same-core_unpaced,1,total,5.06814e+07,5.15553e+07,947
1,boost_1048576_same-core_unpaced,1,total,5.15553e+07,5.24291e+07,984
1,boost_1048576_same-core_unpaced,1,total,5.24291e+07,5.33029e+07,1125
1,boost_1048576_same-core_unpaced,1,total,5.33029e+07,5.41767e+07,1036
1,boost_1048576_same-core_unpaced,1,total,5.41767e+07,5.50505e+07,997
1,boost_1048576_same-core_unpaced,1,total,5.50505e+07,5.59243e+07,1025
1,boost_1048576_same-core_unpaced,1,total,5.59243e+07,5.7672e+07,2010
1,boost_1048576_same-core_unpaced,1,total,5.7672e+07,5.94196e+07,1986
1,boost_1048576_same-core_unpaced,1,total,5.94196e+07,6.11673e+07,1860
1,boost_1048576_same-core_unpaced,1,total,6.11673e+07,6.29149e+07,1455
1,boost_1048576_same-core_unpaced,1,total,6.29149e+07,6.46625e+07,1466
1,boost_1048576_same-core_unpaced,1,total,6.46625e+07,6.64102e+07,1431
1,boost_1048576_same-core_unpaced,1,total,6.64102e+07,6.81578e+07,1441
1,boost_1048576_same-core_unpaced,1,total,6.81578e+07,6.99054e+07,1449
1,boost_1048576_same-core_unpaced,1,total,6.99054e+07,7.16531e+07,1389
1,boost_1048576_same-core_unpaced,1,total,7.16531e+07,7.34007e+07,1426
1,boost_1048576_same-core_unpaced,1,total,7.34007e+07,7.51483e+07,1510
1,boost_1048576_same-core_unpaced,1,total,7.51483e+07,7.6896e+07,1524
1,boost_1048576_same-core_unpaced,1,total,7.6896e+07,7.86436e+07,1440
1,boost_1048576_same-core_unpaced,1,total,7.86436e+07,8.03912e+07,1468
1,boost_1048576_same-core_unpaced,1,total,8.03912e+07,8.21389e+07,1500
1,boost_1048576_same-core_unpaced,1,total,8.21389e+07,8.38865e+07,1430
1,boost_1048576_same-core_unpaced,1,total,8.38865e+07,8.56342e+07,1381
1,boost_1048576_same-core_unpaced,1,total,8.56342e+07,8.73818e+07,1468
1,boost_1048576_same-core_unpaced,1,total,8.73818e+07,8.91294e+07,1421
1,boost_1048576_same-core_unpaced,1,total,8.91294e+07,9.08771e+07,1406
1,boost_1048576_same-core_unpaced,1,total,9.08771e+07,9.26247e+07,1434
1,boost_1048576_same-core_unpaced,1,total,9.26247e+07,9.43723e+07,1447
1,boost_1048576_same-core_unpaced,1,total,9.43723e+07,9.612e+07,1417
1,boost_1048576_same-core_unpaced,1,total,9.612e+07,9.78676e+07,1482
1,boost_1048576_same-core_unpaced,1,total,9.78676e+07,9.96152e+07,1466
1,boost_1048576_same-core_unpaced,1,total,9.96152e+07,1.01363e+08,1424
1,boost_1048576_same-core_unpaced,1,total,1.01363e+08,1.03111e+08,44747
1,boost_1048576_same-core_unpaced,1,total,1.03111e+08,1.04858e+08,44997
1,boost_1048576_same-core_unpaced,1,total,1.04858e+08,1.06606e+08,28368
1,boost_1048576_same-core_unpaced,1,total,1.06606e+08,1.08353e+08,29618
1,boost_1048576_same-core_unpaced,1,total,1.08353e+08,1.10101e+08,2835
1,boost_1048576_same-core_unpaced,1,total,1.10101e+08,1.11849e+08,2218
1,boost_1048576_same-core_unpaced,1,total,1.11849e+08,1.15344e+08,12905
1,boost_1048576_same-core_unpaced,1,total,1.15344e+08,1.18839e+08,13396
1,boost_1048576_same-core_unpaced,1,total,1.18839e+08,1.22335e+08,11191
1,boost_1048576_same-core_unpaced,1,total,1.22335e+08,1.2583e+08,4828
1,boost_1048576_same-core_unpaced,1,total,1.2583e+08,1.29325e+08,11229
1,boost_1048576_same-core_unpaced,1,total,1.29325e+08,1.3282e+08,19813
1,boost_1048576_same-core_unpaced,1,total,1.3282e+08,1.36316e+08,16061
1,boost_1048576_same-core_unpaced,1,total,1.36316e+08,1.39811e+08,14253
1,boost_1048576_same-core_unpaced,1,total,1.39811e+08,1.43306e+08,10691
1,boost_1048576_same-core_unpaced,1,total,1.43306e+08,1.46801e+08,10361
1,boost_1048576_same-core_unpaced,1,total,1.46801e+08,1.50297e+08,11919
1,boost_1048576_same-core_unpaced,1,total,1.50297e+08,1.53792e+08,11318
1,boost_1048576_same-core_unpaced,1,total,1.53792e+08,1.57287e+08,12047
1,boost_1048576_same-core_unpaced,1,total,1.57287e+08,1.60782e+08,66865
1,boost_1048576_same-core_unpaced,1,total,1.60782e+08,1.64278e+08,168862
1,boost_1048576_same-core_unpaced,1,total,1.64278e+08,1.67773e+08,612869
1,boost_1048576_same-core_unpaced,1,total,1.67773e+08,1.71268e+08,554839
1,boost_1048576_same-core_unpaced,1,total,1.71268e+08,1.74764e+08,165865
1,boost_1048576_same-core_unpaced,1,total,1.74764e+08,1.78259e+08,133431
1,boost_1048576_same-core_unpaced,1,total,1.78259e+08,1.81754e+08,61763
1,boost_1048576_same-core_unpaced,1,total,1.81754e+08,1.85249e+08,38541
1,boost_1048576_same-core_unpaced,1,total,1.85249e+08,1.88745e+08,113085
1,boost_1048576_same-core_unpaced,1,total,1.88745e+08,1.9224e+08,28744
1,boost_1048576_same-core_unpaced,1,total,1.9224e+08,1.95735e+08,24933
1,boost_1048576_same-core_unpaced,1,queue,30.8335,31.6668,1
1,boost_1048576_same-core_unpaced,1,queue,31.6668,32.5002,1
1,boost_1048576_same-core_unpaced,1,queue,32.5002,33.3335,1
1,boost_1048576_same-core_unpaced,1,queue,33.3335,34.1668,2
1,boost_1048576_same-core_unpaced,1,queue,34.1668,35.0002,2
1,boost_1048576_same-core_unpaced,1,queue,35.0002,35.8335,2
1,boost_1048576_same-core_unpaced,1,queue,35.8335,36.6669,2
1,boost_1048576_same-core_unpaced,1,queue,36.6669,37.5002,4
1,boost_1048576_same-core_unpaced,1,queue,37.5002,38.3335,1
1,boost_1048576_same-core_unpaced,1,queue,38.3335,39.1669,2
1,boost_1048576_same-core_unpaced,1,queue,40.0002,40.8335,2
1,boost_1048576_same-core_unpaced,1,queue,40.8335,41.6669,5
1,boost_1048576_same-core_unpaced,1,queue,41.6669,42.5002,6
1,boost_1048576_same-core_unpaced,1,queue,42.5002,43.3336,7
1,boost_1048576_same-core_unpaced,1,queue,44.1669,45.0002,5
1,boost_1048576_same-core_unpaced,1,queue,45.0002,45.8336,5
1,boost_1048576_same-core_unpaced,1,queue,45.8336,46.6669,5
1,boost_1048576_same-core_unpaced,1,queue,46.6669,47.5002,12
1,boost_1048576_same-core_unpaced,1,queue,47.5002,48.3336,1
1,boost_1048576_same-core_unpaced,1,queue,48.3336,49.1669,4
1,boost_1048576_same-core_unpaced,1,queue,49.1669,50.0003,5
1,boost_1048576_same-core_unpaced,1,queue,50.0003,50.8336,5
1,boost_1048576_same-core_unpaced,1,queue,50.8336,51.6669,5
1,boost_1048576_same-core_unpaced,1,queue,51.6669,52.5003,5
1,boost_1048576_same-core_unpaced,1,queue,52.5003,53.3336,4
1,boost_1048576_same-core_unpaced,1,queue,53.3336,55.0003,23
1,boost_1048576_same-core_unpaced,1,queue,55.0003,56.667,18
1,boost_1048576_same-core_unpaced,1,queue,56.667,58.3336,10
1,boost_1048576_same-core_unpaced,1,queue,58.3336,60.0003,16
1,boost_1048576_same-core_unpaced,1,queue,60.0003,61.667,13
1,boost_1048576_same-core_unpaced,1,queue,61.667,63.3337,15
1,boost_1048576_same-core_unpaced,1,queue,63.3337,65.0003,11
1,boost_1048576_same-core_unpaced,1,queue,65.0003,66.667,8
1,boost_1048576_same-core_unpaced,1,queue,66.667,68.3337,11
1,boost_1048576_same-core_unpaced,1,queue,68.3337,70.0004,15
1,boost_1048576_same-core_unpaced,1,queue,70.0004,71.667,4
1,boost_1048576_same-core_unpaced,1,queue,71.667,73.3337,10
1,boost_1048576_same-core_unpaced,1,queue,73.3337,75.0004,4
1,boost_1048576_same-core_unpaced,1,queue,75.0004,76.6671,9
1,boost_1048576_same-core_unpaced,1,queue,76.6671,78.3337,9
1,boost_1048576_same-core_unpaced,1,queue,78.3337,80.0004,10
1,boost_1048576_same-core_unpaced,1,queue,80.0004,81.6671,7
1,boost_1048576_same-core_unpaced,1,queue,81.6671,83.3338,3
1,boost_1048576_same-core_unpaced,1,queue,83.3338,85.0004,6
1,boost_1048576_same-core_unpaced,1,queue,85.0004,86.6671,8
1,boost_1048576_same-core_unpaced,1,queue,86.6671,88.3338,5
1,boost_1048576_same-core_unpaced,1,queue,88.3338,90.0005,3
1,boost_1048576_same-core_unpaced,1,queue,90.0005,91.6671,4
1,boost_1048576_same-core_unpaced,1,queue,91.6671,93.3338,6
1,boost_1048576_same-core_unpaced,1,queue,93.3338,95.0005,5
1,boost_1048576_same-core_unpaced,1,queue,95.0005,96.6672,7
1,boost_1048576_same-core_unpaced,1,queue,96.6672,98.3338,4
1,boost_1048576_same-core_unpaced,1,queue,98.3338,100.001,2
1,boost_1048576_same-core_unpaced,1,queue,100.001,101.667,1
1,boost_1048576_same-core_unpaced,1,queue,101.667,103.334,5
1,boost_1048576_same-core_unpaced,1,queue,103.334,105.001,4
1,boost_1048576_same-core_unpaced,1,queue,105.001,106.667,5
1,boost_1048576_same-core_unpaced,1,queue,106.667,110.001,8
1,boost_1048576_same-core_unpaced,1,queue,110.001,113.334,10
1,boost_1048576_same-core_unpaced,1,queue,113.334,116.667,7
1,boost_1048576_same-core_unpaced,1,queue,116.667,120.001,7
1,boost_1048576_same-core_unpaced,1,queue,120.001,123.334,7
1,boost_1048576_same-core_unpaced,1,queue,123.334,126.667,5
1,boost_1048576_same-core_unpaced,1,queue,126.667,130.001,5
1,boost_1048576_same-core_unpaced,1,queue,130.001,133.334,3
1,boost_1048576_same-core_unpaced,1,queue,133.334,136.667,6
1,boost_1048576_same-core_unpaced,1,queue,136.667,140.001,3
1,boost_1048576_same-core_unpaced,1,queue,143.334,146.667,6
1,boost_1048576_same-core_unpaced,1,queue,146.667,150.001,3
1,boost_1048576_same-core_unpaced,1,queue,150.001,153.334,4
1,boost_1048576_same-core_unpaced,1,queue,153.334,156.667,5
1,boost_1048576_same-core_unpaced,1,queue,156.667,160.001,6
1,boost_1048576_same-core_unpaced,1,queue,160.001,163.334,3
1,boost_1048576_same-core_unpaced,1,queue,163.334,166.668,3
1,boost_1048576_same-core_unpaced,1,queue,166.668,170.001,4
1,boost_1048576_same-core_unpaced,1,queue,170.001,173.334,4
1,boost_1048576_same-core_unpaced,1,queue,173.334,176.668,4
1,boost_1048576_same-core_unpaced,1,queue,180.001,183.334,1
1,boost_1048576_same-core_unpaced,1,queue,186.668,190.001,1
1,boost_1048576_same-core_unpaced,1,queue,190.001,193.334,3
1,boost_1048576_same-core_unpaced,1,queue,193.334,196.668,1
1,boost_1048576_same-core_unpaced,1,queue,196.668,200.001,4
1,boost_1048576_same-core_unpaced,1,queue,200.001,203.334,1
1,boost_1048576_same-core_unpaced,1,queue,203.334,206.668,2
1,boost_1048576_same-core_unpaced,1,queue,210.001,213.334,3
1,boost_1048576_same-core_unpaced,1,queue,213.334,220.001,1
1,boost_1048576_same-core_unpaced,1,queue,220.001,226.668,2
1,boost_1048576_same-core_unpaced,1,queue,226.668,233.335,3
1,boost_1048576_same-core_unpaced,1,queue,240.001,246.668,1
1,boost_1048576_same-core_unpaced,1,queue,246.668,253.335,1
1,boost_1048576_same-core_unpaced,1,queue,266.668,273.335,1
1,boost_1048576_same-core_unpaced,1,queue,273.335,280.001,1
1,boost_1048576_same-core_unpaced,1,queue,280.001,286.668,1
1,boost_1048576_same-core_unpaced,1,queue,286.668,293.335,2
1,boost_1048576_same-core_unpaced,1,queue,293.335,300.002,1
1,boost_1048576_same-core_unpaced,1,queue,306.668,313.335,2
1,boost_1048576_same-core_unpaced,1,queue,320.002,326.668,1
1,boost_1048576_same-core_unpaced,1,queue,326.668,333.335,1
1,boost_1048576_same-core_unpaced,1,queue,340.002,346.668,1
1,boost_1048576_same-core_unpaced,1,queue,346.668,353.335,2
1,boost_1048576_same-core_unpaced,1,queue,360.002,366.669,1
1,boost_1048576_same-core_unpaced,1,queue,373.335,380.002,1
1,boost_1048576_same-core_unpaced,1,queue,400.002,406.669,3
1,boost_1048576_same-core_unpaced,1,queue,426.669,440.002,3
1,boost_1048576_same-core_unpaced,1,queue,440.002,453.336,1
1,boost_1048576_same-core_unpaced,1,queue,466.669,480.003,1
1,boost_1048576_same-core_unpaced,1,queue,493.336,506.669,2
1,boost_1048576_same-core_unpaced,1,queue,506.669,520.003,2
1,boost_1048576_same-core_unpaced,1,queue,520.003,533.336,2
1,boost_1048576_same-core_unpaced,1,queue,546.67,560.003,1
1,boost_1048576_same-core_unpaced,1,queue,560.003,573.336,1
1,boost_1048576_same-core_unpaced,1,queue,573.336,586.67,2
1,boost_1048576_same-core_unpaced,1,queue,586.67,600.003,1
1,boost_1048576_same-core_unpaced,1,queue,613.337,626.67,1
1,boost_1048576_same-core_unpaced,1,queue,626.67,640.003,1
1,boost_1048576_same-core_unpaced,1,queue,640.003,653.337,1
1,boost_1048576_same-core_unpaced,1,queue,933.338,960.005,1
1,boost_1048576_same-core_unpaced,1,queue,986.672,1013.34,2
1,boost_1048576_same-core_unpaced,1,queue,1040.01,1066.67,1
1,boost_1048576_same-core_unpaced,1,queue,1360.01,1386.67,1
1,boost_1048576_same-core_unpaced,1,queue,1386.67,1413.34,1
1,boost_1048576_same-core_unpaced,1,queue,1440.01,1466.67,1
1,boost_1048576_same-core_unpaced,1,queue,1653.34,1680.01,1
1,boost_1048576_same-core_unpaced,1,queue,21333.4,21760.1,1
1,boost_1048576_same-core_unpaced,1,queue,22186.8,22613.5,1
1,boost_1048576_same-core_unpaced,1,queue,25600.1,26026.8,1
1,boost_1048576_same-core_unpaced,1,queue,26453.5,26880.1,1
1,boost_1048576_same-core_unpaced,1,queue,30720.2,31573.5,1
1,boost_1048576_same-core_unpaced,1,queue,31573.5,32426.8,1
1,boost_1048576_same-core_unpaced,1,queue,32426.8,33280.2,1
1,boost_1048576_same-core_unpaced,1,queue,34986.8,35840.2,1
1,boost_1048576_same-core_unpaced,1,queue,45226.9,46080.2,2
1,boost_1048576_same-core_unpaced,1,queue,52053.6,52906.9,1
1,boost_1048576_same-core_unpaced,1,queue,58027,59733.6,2
1,boost_1048576_same-core_unpaced,1,queue,59733.6,61440.3,2
1,boost_1048576_same-core_unpaced,1,queue,64853.7,66560.3,2
1,boost_1048576_same-core_unpaced,1,queue,66560.3,68267,1
1,boost_1048576_same-core_unpaced,1,queue,68267,69973.7,1
1,boost_1048576_same-core_unpaced,1,queue,69973.7,71680.4,2
1,boost_1048576_same-core_unpaced,1,queue,71680.4,73387.1,1
1,boost_1048576_same-core_unpaced,1,queue,78507.1,80213.8,1
1,boost_1048576_same-core_unpaced,1,queue,80213.8,81920.4,1
1,boost_1048576_same-core_unpaced,1,queue,85333.8,87040.5,1
1,boost_1048576_same-core_unpaced,1,queue,87040.5,88747.1,1
1,boost_1048576_same-core_unpaced,1,queue,88747.1,90453.8,1
1,boost_1048576_same-core_unpaced,1,queue,90453.8,92160.5,1
1,boost_1048576_same-core_unpaced,1,queue,92160.5,93867.2,1
1,boost_1048576_same-core_unpaced,1,queue,93867.2,95573.8,1
1,boost_1048576_same-core_unpaced,1,queue,95573.8,97280.5,1
1,boost_1048576_same-core_unpaced,1,queue,97280.5,98987.2,1
1,boost_1048576_same-core_unpaced,1,queue,98987.2,100694,2
1,boost_1048576_same-core_unpaced,1,queue,104107,105814,1
1,boost_1048576_same-core_unpaced,1,queue,105814,107521,1
1,boost_1048576_same-core_unpaced,1,queue,109227,112641,2
1,boost_1048576_same-core_unpaced,1,queue,112641,116054,2
1,boost_1048576_same-core_unpaced,1,queue,116054,119467,4
1,boost_1048576_same-core_unpaced,1,queue,119467,122881,1
1,boost_1048576_same-core_unpaced,1,queue,122881,126294,2
1,boost_1048576_same-core_unpaced,1,queue,126294,129707,2
1,boost_1048576_same-core_unpaced,1,queue,129707,133121,2
1,boost_1048576_same-core_unpaced,1,queue,133121,136534,1
1,boost_1048576_same-core_unpaced,1,queue,136534,139947,1
1,boost_1048576_same-core_unpaced,1,queue,139947,143361,2
1,boost_1048576_same-core_unpaced,1,queue,143361,146774,3
1,boost_1048576_same-core_unpaced,1,queue,146774,150187,1
1,boost_1048576_same-core_unpaced,1,queue,150187,153601,1
1,boost_1048576_same-core_unpaced,1,queue,153601,157014,1
1,boost_1048576_same-core_unpaced,1,queue,157014,160428,4
1,boost_1048576_same-core_unpaced,1,queue,160428,163841,4
1,boost_1048576_same-core_unpaced,1,queue,163841,167254,3
1,boost_1048576_same-core_unpaced,1,queue,167254,170668,3
1,boost_1048576_same-core_unpaced,1,queue,170668,174081,2
1,boost_1048576_same-core_unpaced,1,queue,177494,180908,4
1,boost_1048576_same-core_unpaced,1,queue,187734,191148,1
1,boost_1048576_same-core_unpaced,1,queue,194561,197974,2
1,boost_1048576_same-core_unpaced,1,queue,197974,201388,1
1,boost_1048576_same-core_unpaced,1,queue,201388,204801,1
1,boost_1048576_same-core_unpaced,1,queue,204801,208214,2
1,boost_1048576_same-core_unpaced,1,queue,211628,215041,1
1,boost_1048576_same-core_unpaced,1,queue,215041,218454,3
1,boost_1048576_same-core_unpaced,1,queue,225281,232108,4
1,boost_1048576_same-core_unpaced,1,queue,232108,238935,6
1,boost_1048576_same-core_unpaced,1,queue,238935,245761,8
1,boost_1048576_same-core_unpaced,1,queue,245761,252588,6
1,boost_1048576_same-core_unpaced,1,queue,252588,259415,4
1,boost_1048576_same-core_unpaced,1,queue,259415,266241,3
1,boost_1048576_same-core_unpaced,1,queue,266241,273068,3
1,boost_1048576_same-core_unpaced,1,queue,273068,279895,4
1,boost_1048576_same-core_unpaced,1,queue,279895,286722,3
1,boost_1048576_same-core_unpaced,1,queue,286722,293548,6
1,boost_1048576_same-core_unpaced,1,queue,293548,300375,7
1,boost_1048576_same-core_unpaced,1,queue,300375,307202,2
1,boost_1048576_same-core_unpaced,1,queue,307202,314028,3
1,boost_1048576_same-core_unpaced,1,queue,314028,320855,5
1,boost_1048576_same-core_unpaced,1,queue,320855,327682,3
1,boost_1048576_same-core_unpaced,1,queue,327682,334508,6
1,boost_1048576_same-core_unpaced,1,queue,334508,341335,6
1,boost_1048576_same-core_unpaced,1,queue,341335,348162,7
1,boost_1048576_same-core_unpaced,1,queue,348162,354989,13
1,boost_1048576_same-core_unpaced,1,queue,354989,361815,12
1,boost_1048576_same-core_unpaced,1,queue,361815,368642,2
1,boost_1048576_same-core_unpaced,1,queue,368642,375469,9
1,boost_1048576_same-core_unpaced,1,queue,375469,382295,6
1,boost_1048576_same-core_unpaced,1,queue,382295,389122,2
1,boost_1048576_same-core_unpaced,1,queue,389122,395949,6
1,boost_1048576_same-core_unpaced,1,queue,395949,402775,5
1,boost_1048576_same-core_unpaced,1,queue,402775,409602,3
1,boost_1048576_same-core_unpaced,1,queue,409602,416429,5
1,boost_1048576_same-core_unpaced,1,queue,416429,423256,7
1,boost_1048576_same-core_unpaced,1,queue,423256,430082,4
1,boost_1048576_same-core_unpaced,1,queue,430082,436909,12
1,boost_1048576_same-core_unpaced,1,queue,436909,450562,10
1,boost_1048576_same-core_unpaced,1,queue,450562,464216,11
1,boost_1048576_same-core_unpaced,1,queue,464216,477869,13
1,boost_1048576_same-core_unpaced,1,queue,477869,491523,11
1,boost_1048576_same-core_unpaced,1,queue,491523,505176,15
1,boost_1048576_same-core_unpaced,1,queue,505176,518829,7
1,boost_1048576_same-core_unpaced,1,queue,532483,546136,8
1,boost_1048576_same-core_unpaced,1,queue,546136,559790,13
1,boost_1048576_same-core_unpaced,1,queue,559790,573443,9
1,boost_1048576_same-core_unpaced,1,queue,573443,587096,9
1,boost_1048576_same-core_unpaced,1,queue,587096,600750,15
1,boost_1048576_same-core_unpaced,1,queue,600750,614403,15
1,boost_1048576_same-core_unpaced,1,queue,614403,628057,5
1,boost_1048576_same-core_unpaced,1,queue,628057,641710,12
1,boost_1048576_same-core_unpaced,1,queue,641710,655363,18
1,boost_1048576_same-core_unpaced,1,queue,655363,669017,11
1,boost_1048576_same-core_unpaced,1,queue,669017,682670,12
1,boost_1048576_same-core_unpaced,1,queue,682670,696324,15
1,boost_1048576_same-core_unpaced,1,queue,696324,709977,17
1,boost_1048576_same-core_unpaced,1,queue,709977,723630,14
1,boost_1048576_same-core_unpaced,1,queue,723630,737284,12
1,boost_1048576_same-core_unpaced,1,queue,737284,750937,19
1,boost_1048576_same-core_unpaced,1,queue,750937,764591,17
1,boost_1048576_same-core_unpaced,1,queue,764591,778244,20
1,boost_1048576_same-core_unpaced,1,queue,778244,791897,10
1,boost_1048576_same-core_unpaced,1,queue,791897,805551,16
1,boost_1048576_same-core_unpaced,1,queue,805551,819204,13
1,boost_1048576_same-core_unpaced,1,queue,819204,832858,13
1,boost_1048576_same-core_unpaced,1,queue,832858,846511,9
1,boost_1048576_same-core_unpaced,1,queue,846511,860165,11
1,boost_1048576_same-core_unpaced,1,queue,860165,873818,12
1,boost_1048576_same-core_unpaced,1,queue,873818,901125,20
1,boost_1048576_same-core_unpaced,1,queue,901125,928432,32
1,boost_1048576_same-core_unpaced,1,queue,928432,955738,40
1,boost_1048576_same-core_unpaced,1,queue,955738,983045,32
1,boost_1048576_same-core_unpaced,1,queue,983045,1.01035e+06,33
1,boost_1048576_same-core_unpaced,1,queue,1.01035e+06,1.03766e+06,28
1,boost_1048576_same-core_unpaced,1,queue,1.03766e+06,1.06497e+06,33
1,boost_1048576_same-core_unpaced,1,queue,1.06497e+06,1.09227e+06,24
1,boost_1048576_same-core_unpaced,1,queue,1.09227e+06,1.11958e+06,25
1,boost_1048576_same-core_unpaced,1,queue,1.11958e+06,1.14689e+06,20
1,boost_1048576_same-core_unpaced,1,queue,1.14689e+06,1.17419e+06,25
1,boost_1048576_same-core_unpaced,1,queue,1.17419e+06,1.2015e+06,21
1,boost_1048576_same-core_unpaced,1,queue,1.2015e+06,1.22881e+06,30
1,boost_1048576_same-core_unpaced,1,queue,1.22881e+06,1.25611e+06,32
1,boost_1048576_same-core_unpaced,1,queue,1.25611e+06,1.28342e+06,27
1,boost_1048576_same-core_unpaced,1,queue,1.28342e+06,1.31073e+06,35
1,boost_1048576_same-core_unpaced,1,queue,1.31073e+06,1.33803e+06,37
1,boost_1048576_same-core_unpaced,1,queue,1.33803e+06,1.36534e+06,39
1,boost_1048576_same-core_unpaced,1,queue,1.36534e+06,1.39265e+06,32
1,boost_1048576_same-core_unpaced,1,queue,1.39265e+06,1.41995e+06,46
1,boost_1048576_same-core_unpaced,1,queue,1.41995e+06,1.44726e+06,33
1,boost_1048576_same-core_unpaced,1,queue,1.44726e+06,1.47457e+06,32
1,boost_1048576_same-core_unpaced,1,queue,1.47457e+06,1.50187e+06,28
1,boost_1048576_same-core_unpaced,1,queue,1.50187e+06,1.52918e+06,43
1,boost_1048576_same-core_unpaced,1,queue,1.52918e+06,1.55649e+06,32
1,boost_1048576_same-core_unpaced,1,queue,1.55649e+06,1.58379e+06,26
1,boost_1048576_same-core_unpaced,1,queue,1.58379e+06,1.6111e+06,29
1,boost_1048576_same-core_unpaced,1,queue,1.6111e+06,1.63841e+06,21
1,boost_1048576_same-core_unpaced,1,queue,1.63841e+06,1.66572e+06,34
1,boost_1048576_same-core_unpaced,1,queue,1.66572e+06,1.69302e+06,31
1,boost_1048576_same-core_unpaced,1,queue,1.69302e+06,1.72033e+06,30
1,boost_1048576_same-core_unpaced,1,queue,1.72033e+06,1.74764e+06,14
1,boost_1048576_same-core_unpaced,1,queue,1.74764e+06,1.80225e+06,78
1,boost_1048576_same-core_unpaced,1,queue,1.80225e+06,1.85686e+06,63
1,boost_1048576_same-core_unpaced,1,queue,1.85686e+06,1.91148e+06,65
1,boost_1048576_same-core_unpaced,1,queue,1.91148e+06,1.96609e+06,58
1,boost_1048576_same-core_unpaced,1,queue,1.96609e+06,2.0207e+06,37
1,boost_1048576_same-core_unpaced,1,queue,2.0207e+06,2.07532e+06,73
1,boost_1048576_same-core_unpaced,1,queue,2.07532e+06,2.12993e+06,63
1,boost_1048576_same-core_unpaced,1,queue,2.12993e+06,2.18454e+06,48
1,boost_1048576_same-core_unpaced,1,queue,2.18454e+06,2.23916e+06,53
1,boost_1048576_same-core_unpaced,1,queue,2.23916e+06,2.29377e+06,54
1,boost_1048576_same-core_unpaced,1,queue,2.29377e+06,2.34839e+06,43
1,boost_1048576_same-core_unpaced,1,queue,2.34839e+06,2.403e+06,62
1,boost_1048576_same-core_unpaced,1,queue,2.403e+06,2.45761e+06,56
1,boost_1048576_same-core_unpaced,1,queue,2.45761e+06,2.51223e+06,43
1,boost_1048576_same-core_unpaced,1,queue,2.51223e+06,2.56684e+06,60
1,boost_1048576_same-core_unpaced,1,queue,2.56684e+06,2.62145e+06,49
1,boost_1048576_same-core_unpaced,1,queue,2.62145e+06,2.67607e+06,45
1,boost_1048576_same-core_unpaced,1,queue,2.67607e+06,2.73068e+06,65
1,boost_1048576_same-core_unpaced,1,queue,2.73068e+06,2.78529e+06,66
1,boost_1048576_same-core_unpaced,1,queue,2.78529e+06,2.83991e+06,60
1,boost_1048576_same-core_unpaced,1,queue,2.83991e+06,2.89452e+06,59
1,boost_1048576_same-core_unpaced,1,queue,2.89452e+06,2.94914e+06,42
1,boost_1048576_same-core_unpaced,1,queue,2.94914e+06,3.00375e+06,56
1,boost_1048576_same-core_unpaced,1,queue,3.00375e+06,3.05836e+06,71
1,boost_1048576_same-core_unpaced,1,queue,3.05836e+06,3.11298e+06,64
1,boost_1048576_same-core_unpaced,1,queue,3.11298e+06,3.16759e+06,60
1,boost_1048576_same-core_unpaced,1,queue,3.16759e+06,3.2222e+06,73
1,boost_1048576_same-core_unpaced,1,queue,3.2222e+06,3.27682e+06,65
1,boost_1048576_same-core_unpaced,1,queue,3.27682e+06,3.33143e+06,68
1,boost_1048576_same-core_unpaced,1,queue,3.33143e+06,3.38604e+06,41
1,boost_1048576_same-core_unpaced,1,queue,3.38604e+06,3.44066e+06,65
1,boost_1048576_same-core_unpaced,1,queue,3.44066e+06,3.49527e+06,39
1,boost_1048576_same-core_unpaced,1,queue,3.49527e+06,3.6045e+06,126
1,boost_1048576_same-core_unpaced,1,queue,3.6045e+06,3.71373e+06,160
1,boost_1048576_same-core_unpaced,1,queue,3.71373e+06,3.82295e+06,120
1,boost_1048576_same-core_unpaced,1,queue,3.82295e+06,3.93218e+06,105
1,boost_1048576_same-core_unpaced,1,queue,3.93218e+06,4.04141e+06,107
1,boost_1048576_same-core_unpaced,1,queue,4.04141e+06,4.15064e+06,114
1,boost_1048576_same-core_unpaced,1,queue,4.15064e+06,4.25986e+06,123
1,boost_1048576_same-core_unpaced,1,queue,4.25986e+06,4.36909e+06,110
1,boost_1048576_same-core_unpaced,1,queue,4.36909e+06,4.47832e+06,120
1,boost_1048576_same-core_unpaced,1,queue,4.47832e+06,4.58754e+06,112
1,boost_1048576_same-core_unpaced,1,queue,4.58754e+06,4.69677e+06,98
1,boost_1048576_same-core_unpaced,1,queue,4.69677e+06,4.806e+06,135
1,boost_1048576_same-core_unpaced,1,queue,4.806e+06,4.91523e+06,157
1,boost_1048576_same-core_unpaced,1,queue,4.91523e+06,5.02445e+06,126
1,boost_1048576_same-core_unpaced,1,queue,5.02445e+06,5.13368e+06,101
1,boost_1048576_same-core_unpaced,1,queue,5.13368e+06,5.24291e+06,105
1,boost_1048576_same-core_unpaced,1,queue,5.24291e+06,5.35213e+06,126
1,boost_1048576_same-core_unpaced,1,queue,5.35213e+06,5.46136e+06,113
1,boost_1048576_same-core_unpaced,1,queue,5.46136e+06,5.57059e+06,116
1,boost_1048576_same-core_unpaced,1,queue,5.57059e+06,5.67982e+06,130
1,boost_1048576_same-core_unpaced,1,queue,5.67982e+06,5.78904e+06,99
1,boost_1048576_same-core_unpaced,1,queue,5.78904e+06,5.89827e+06,112
1,boost_1048576_same-core_unpaced,1,queue,5.89827e+06,6.0075e+06,136
1,boost_1048576_same-core_unpaced,1,queue,6.0075e+06,6.11673e+06,116
1,boost_1048576_same-core_unpaced,1,queue,6.11673e+06,6.22595e+06,126
1,boost_1048576_same-core_unpaced,1,queue,6.22595e+06,6.33518e+06,121
1,boost_1048576_same-core_unpaced,1,queue,6.33518e+06,6.44441e+06,101
1,boost_1048576_same-core_unpaced,1,queue,6.44441e+06,6.55363e+06,109
1,boost_1048576_same-core_unpaced,1,queue,6.55363e+06,6.66286e+06,123
1,boost_1048576_same-core_unpaced,1,queue,6.66286e+06,6.77209e+06,99
1,boost_1048576_same-core_unpaced,1,queue,6.77209e+06,6.88132e+06,92
1,boost_1048576_same-core_unpaced,1,queue,6.88132e+06,6.99054e+06,105
1,boost_1048576_same-core_unpaced,1,queue,6.99054e+06,7.209e+06,193
1,boost_1048576_same-core_unpaced,1,queue,7.209e+06,7.42745e+06,256
1,boost_1048576_same-core_unpaced,1,queue,7.42745e+06,7.64591e+06,296
1,boost_1048576_same-core_unpaced,1,queue,7.64591e+06,7.86436e+06,215
1,boost_1048576_same-core_unpaced,1,queue,7.86436e+06,8.08282e+06,208
1,boost_1048576_same-core_unpaced,1,queue,8.08282e+06,8.30127e+06,248
1,boost_1048576_same-core_unpaced,1,queue,8.30127e+06,8.51972e+06,234
1,boost_1048576_same-core_unpaced,1,queue,8.51972e+06,8.73818e+06,199
1,boost_1048576_same-core_unpaced,1,queue,8.73818e+06,8.95663e+06,212
1,boost_1048576_same-core_unpaced,1,queue,8.95663e+06,9.17509e+06,219
1,boost_1048576_same-core_unpaced,1,queue,9.17509e+06,9.39354e+06,213
1,boost_1048576_same-core_unpaced,1,queue,9.39354e+06,9.612e+06,234
1,boost_1048576_same-core_unpaced,1,queue,9.612e+06,9.83045e+06,255
1,boost_1048576_same-core_unpaced,1,queue,9.83045e+06,1.00489e+07,199
1,boost_1048576_same-core_unpaced,1,queue,1.00489e+07,1.02674e+07,230
1,boost_1048576_same-core_unpaced,1,queue,1.02674e+07,1.04858e+07,209
1,boost_1048576_same-core_unpaced,1,queue,1.04858e+07,1.07043e+07,217
1,boost_1048576_same-core_unpaced,1,queue,1.07043e+07,1.09227e+07,228
1,boost_1048576_same-core_unpaced,1,queue,1.09227e+07,1.11412e+07,201
1,boost_1048576_same-core_unpaced,1,queue,1.11412e+07,1.13596e+07,227
1,boost_1048576_same-core_unpaced,1,queue,1.13596e+07,1.15781e+07,239
1,boost_1048576_same-core_unpaced,1,queue,1.15781e+07,1.17965e+07,209
1,boost_1048576_same-core_unpaced,1,queue,1.17965e+07,1.2015e+07,186
1,boost_1048576_same-core_unpaced,1,queue,1.2015e+07,1.22335e+07,221
1,boost_1048576_same-core_unpaced,1,queue,1.22335e+07,1.24519e+07,187
1,boost_1048576_same-core_unpaced,1,queue,1.24519e+07,1.26704e+07,349
1,boost_1048576_same-core_unpaced,1,queue,1.26704e+07,1.28888e+07,323
1,boost_1048576_same-core_unpaced,1,queue,1.28888e+07,1.31073e+07,232
1,boost_1048576_same-core_unpaced,1,queue,1.31073e+07,1.33257e+07,241
1,boost_1048576_same-core_unpaced,1,queue,1.33257e+07,1.35442e+07,199
1,boost_1048576_same-core_unpaced,1,queue,1.35442e+07,1.37626e+07,254
1,boost_1048576_same-core_unpaced,1,queue,1.37626e+07,1.39811e+07,195
1,boost_1048576_same-core_unpaced,1,queue,1.39811e+07,1.4418e+07,422
1,boost_1048576_same-core_unpaced,1,queue,1.4418e+07,1.48549e+07,389
1,boost_1048576_same-core_unpaced,1,queue,1.48549e+07,1.52918e+07,462
1,boost_1048576_same-core_unpaced,1,queue,1.52918e+07,1.57287e+07,450
1,boost_1048576_same-core_unpaced,1,queue,1.57287e+07,1.61656e+07,445
1,boost_1048576_same-core_unpaced,1,queue,1.61656e+07,1.66025e+07,418
1,boost_1048576_same-core_unpaced,1,queue,1.66025e+07,1.70394e+07,413
1,boost_1048576_same-core_unpaced,1,queue,1.70394e+07,1.74764e+07,431
1,boost_1048576_same-core_unpaced,1,queue,1.74764e+07,1.79133e+07,429
1,boost_1048576_same-core_unpaced,1,queue,1.79133e+07,1.83502e+07,438
1,boost_1048576_same-core_unpaced,1,queue,1.83502e+07,1.87871e+07,442
1,boost_1048576_same-core_unpaced,1,queue,1.87871e+07,1.9224e+07,407
1,boost_1048576_same-core_unpaced,1,queue,1.9224e+07,1.96609e+07,450
1,boost_1048576_same-core_unpaced,1,queue,1.96609e+07,2.00978e+07,415
1,boost_1048576_same-core_unpaced,1,queue,2.00978e+07,2.05347e+07,426
1,boost_1048576_same-core_unpaced,1,queue,2.05347e+07,2.09716e+07,437
1,boost_1048576_same-core_unpaced,1,queue,2.09716e+07,2.14085e+07,403
1,boost_1048576_same-core_unpaced,1,queue,2.14085e+07,2.18454e+07,447
1,boost_1048576_same-core_unpaced,1,queue,2.18454e+07,2.22824e+07,486
1,boost_1048576_same-core_unpaced,1,queue,2.22824e+07,2.27193e+07,440
1,boost_1048576_same-core_unpaced,1,queue,2.27193e+07,2.31562e+07,438
1,boost_1048576_same-core_unpaced,1,queue,2.31562e+07,2.35931e+07,618
1,boost_1048576_same-core_unpaced,1,queue,2.35931e+07,2.403e+07,439
1,boost_1048576_same-core_unpaced,1,queue,2.403e+07,2.44669e+07,428
1,boost_1048576_same-core_unpaced,1,queue,2.44669e+07,2.49038e+07,436
1,boost_1048576_same-core_unpaced,1,queue,2.49038e+07,2.53407e+07,428
1,boost_1048576_same-core_unpaced,1,queue,2.53407e+07,2.57776e+07,476
1,boost_1048576_same-core_unpaced,1,queue,2.57776e+07,2.62145e+07,417
1,boost_1048576_same-core_unpaced,1,queue,2.62145e+07,2.66514e+07,365
1,boost_1048576_same-core_unpaced,1,queue,2.66514e+07,2.70884e+07,428
1,boost_1048576_same-core_unpaced,1,queue,2.70884e+07,2.75253e+07,408
1,boost_1048576_same-core_unpaced,1,queue,2.75253e+07,2.79622e+07,393
1,boost_1048576_same-core_unpaced,1,queue,2.79622e+07,2.8836e+07,850
1,boost_1048576_same-core_unpaced,1,queue,2.8836e+07,2.97098e+07,755
1,boost_1048576_same-core_unpaced,1,queue,2.97098e+07,3.05836e+07,814
1,boost_1048576_same-core_unpaced,1,queue,3.05836e+07,3.14574e+07,769
1,boost_1048576_same-core_unpaced,1,queue,3.14574e+07,3.23313e+07,773
1,boost_1048576_same-core_unpaced,1,queue,3.23313e+07,3.32051e+07,761
1,boost_1048576_same-core_unpaced,1,queue,3.32051e+07,3.40789e+07,893
1,boost_1048576_same-core_unpaced,1,queue,3.40789e+07,3.49527e+07,1244
1,boost_1048576_same-core_unpaced,1,queue,3.49527e+07,3.58265e+07,931
1,boost_1048576_same-core_unpaced,1,queue,3.58265e+07,3.67004e+07,946
1,boost_1048576_same-core_unpaced,1,queue,3.67004e+07,3.75742e+07,946
1,boost_1048576_same-core_unpaced,1,queue,3.75742e+07,3.8448e+07,993
1,boost_1048576_same-core_unpaced,1,queue,3.8448e+07,3.93218e+07,1033
1,boost_1048576_same-core_unpaced,1,queue,3.93218e+07,4.01956e+07,1015
1,boost_1048576_same-core_unpaced,1,queue,4.01956e+07,4.10694e+07,986
1,boost_1048576_same-core_unpaced,1,queue,4.10694e+07,4.19433e+07,1025
1,boost_1048576_same-core_unpaced,1,queue,4.19433e+07,4.28171e+07,1003
1,boost_1048576_same-core_unpaced,1,queue,4.28171e+07,4.36909e+07,983
1,boost_1048576_same-core_unpaced,1,queue,4.36909e+07,4.45647e+07,1237
1,boost_1048576_same-core_unpaced,1,queue,4.45647e+07,4.54385e+07,1001
1,boost_1048576_same-core_unpaced,1,queue,4.54385e+07,4.63123e+07,1038
1,boost_1048576_same-core_unpaced,1,queue,4.63123e+07,4.71862e+07,1007
1,boost_1048576_same-core_unpaced,1,queue,4.71862e+07,4.806e+07,1010
1,boost_1048576_same-core_unpaced,1,queue,4.806e+07,4.89338e+07,982
1,boost_1048576_same-core_unpaced,1,queue,4.89338e+07,4.98076e+07,939
1,boost_1048576_same-core_unpaced,1,queue,4.98076e+07,5.06814e+07,981
1,boost_1048576_same-core_unpaced,1,queue,5.06814e+07,5.15553e+07,947
1,boost_1048576_same-core_unpaced,1,queue,5.15553e+07,5.24291e+07,984
1,boost_1048576_same-core_unpaced,1,queue,5.24291e+07,5.33029e+07,1125
1,boost_1048576_same-core_unpaced,1,queue,5.33029e+07,5.41767e+07,1036
1,boost_1048576_same-core_unpaced,1,queue,5.41767e+07,5.50505e+07,997
1,boost_1048576_same-core_unpaced,1,queue,5.50505e+07,5.59243e+07,1025
1,boost_1048576_same-core_unpaced,1,queue,5.59243e+07,5.7672e+07,2010
1,boost_1048576_same-core_unpaced,1,queue,5.7672e+07,5.94196e+07,1986
1,boost_1048576_same-core_unpaced,1,queue,5.94196e+07,6.11673e+07,1860
1,boost_1048576_same-core_unpaced,1,queue,6.11673e+07,6.29149e+07,1455
1,boost_1048576_same-core_unpaced,1,queue,6.29149e+07,6.46625e+07,1466
1,boost_1048576_same-core_unpaced,1,queue,6.46625e+07,6.64102e+07,1431
1,boost_1048576_same-core_unpaced,1,queue,6.64102e+07,6.81578e+07,1441
1,boost_1048576_same-core_unpaced,1,queue,6.81578e+07,6.99054e+07,1450
1,boost_1048576_same-core_unpaced,1,queue,6.99054e+07,7.16531e+07,1388
1,boost_1048576_same-core_unpaced,1,queue,7.16531e+07,7.34007e+07,1426
1,boost_1048576_same-core_unpaced,1,queue,7.34007e+07,7.51483e+07,1510
1,boost_1048576_same-core_unpaced,1,queue,7.51483e+07,7.6896e+07,1524
1,boost_1048576_same-core_unpaced,1,queue,7.6896e+07,7.86436e+07,1440
1,boost_1048576_same-core_unpaced,1,queue,7.86436e+07,8.03912e+07,1468
1,boost_1048576_same-core_unpaced,1,queue,8.03912e+07,8.21389e+07,1500
1,boost_1048576_same-core_unpaced,1,queue,8.21389e+07,8.38865e+07,1430
1,boost_1048576_same-core_unpaced,1,queue,8.38865e+07,8.56342e+07,1381
1,boost_1048576_same-core_unpaced,1,queue,8.56342e+07,8.73818e+07,1468
1,boost_1048576_same-core_unpaced,1,queue,8.73818e+07,8.91294e+07,1421
1,boost_1048576_same-core_unpaced,1,queue,8.91294e+07,9.08771e+07,1406
1,boost_1048576_same-core_unpaced,1,queue,9.08771e+07,9.26247e+07,1434
1,boost_1048576_same-core_unpaced,1,queue,9.26247e+07,9.43723e+07,1447
1,boost_1048576_same-core_unpaced,1,queue,9.43723e+07,9.612e+07,1417
1,boost_1048576_same-core_unpaced,1,queue,9.612e+07,9.78676e+07,1482
1,boost_1048576_same-core_unpaced,1,queue,9.78676e+07,9.96152e+07,1466
1,boost_1048576_same-core_unpaced,1,queue,9.96152e+07,1.01363e+08,1424
1,boost_1048576_same-core_unpaced,1,queue,1.01363e+08,1.03111e+08,44750
1,boost_1048576_same-core_unpaced,1,queue,1.03111e+08,1.04858e+08,44995
1,boost_1048576_same-core_unpaced,1,queue,1.04858e+08,1.06606e+08,28368
1,boost_1048576_same-core_unpaced,1,queue,1.06606e+08,1.08353e+08,29617
1,boost_1048576_same-core_unpaced,1,queue,1.08353e+08,1.10101e+08,2835
1,boost_1048576_same-core_unpaced,1,queue,1.10101e+08,1.11849e+08,2218
1,boost_1048576_same-core_unpaced,1,queue,1.11849e+08,1.15344e+08,12905
1,boost_1048576_same-core_unpaced,1,queue,1.15344e+08,1.18839e+08,13396
1,boost_1048576_same-core_unpaced,1,queue,1.18839e+08,1.22335e+08,11191
1,boost_1048576_same-core_unpaced,1,queue,1.22335e+08,1.2583e+08,4831
1,boost_1048576_same-core_unpaced,1,queue,1.2583e+08,1.29325e+08,11226
1,boost_1048576_same-core_unpaced,1,queue,1.29325e+08,1.3282e+08,19813
1,boost_1048576_same-core_unpaced,1,queue,1.3282e+08,1.36316e+08,16061
1,boost_1048576_same-core_unpaced,1,queue,1.36316e+08,1.39811e+08,14253
1,boost_1048576_same-core_unpaced,1,queue,1.39811e+08,1.43306e+08,10692
1,boost_1048576_same-core_unpaced,1,queue,1.43306e+08,1.46801e+08,10365
1,boost_1048576_same-core_unpaced,1,queue,1.46801e+08,1.50297e+08,11914
1,boost_1048576_same-core_unpaced,1,queue,1.50297e+08,1.53792e+08,11320
1,boost_1048576_same-core_unpaced,1,queue,1.53792e+08,1.57287e+08,12045
1,boost_1048576_same-core_unpaced,1,queue,1.57287e+08,1.60782e+08,66870
1,boost_1048576_same-core_unpaced,1,queue,1.60782e+08,1.64278e+08,168881
1,boost_1048576_same-core_unpaced,1,queue,1.64278e+08,1.67773e+08,612885
1,boost_1048576_same-core_unpaced,1,queue,1.67773e+08,1.71268e+08,554816
1,boost_1048576_same-core_unpaced,1,queue,1.71268e+08,1.74764e+08,165849
1,boost_1048576_same-core_unpaced,1,queue,1.74764e+08,1.78259e+08,133434
1,boost_1048576_same-core_unpaced,1,queue,1.78259e+08,1.81754e+08,61761
1,boost_1048576_same-core_unpaced,1,queue,1.81754e+08,1.85249e+08,38540
1,boost_1048576_same-core_unpaced,1,queue,1.85249e+08,1.88745e+08,113085
1,boost_1048576_same-core_unpaced,1,queue,1.88745e+08,1.9224e+08,28744
1,boost_1048576_same-core_unpaced,1,queue,1.9224e+08,1.95735e+08,24932
1,boost_1048576_same-core_unpaced,1,book,15.8334,16.2501,5
1,boost_1048576_same-core_unpaced,1,book,16.6668,17.0834,3
1,boost_1048576_same-core_unpaced,1,book,17.5001,17.9168,3
1,boost_1048576_same-core_unpaced,1,book,18.3334,18.7501,3
1,boost_1048576_same-core_unpaced,1,book,19.1668,19.5834,17
1,boost_1048576_same-core_unpaced,1,book,20.0001,20.4168,213
1,boost_1048576_same-core_unpaced,1,book,20.8334,21.2501,970
1,boost_1048576_same-core_unpaced,1,book,21.6668,22.0834,1021
1,boost_1048576_same-core_unpaced,1,book,22.5001,22.9168,445
1,boost_1048576_same-core_unpaced,1,book,23.3335,23.7501,234
1,boost_1048576_same-core_unpaced,1,book,24.1668,24.5835,207
1,boost_1048576_same-core_unpaced,1,book,25.0001,25.4168,355
1,boost_1048576_same-core_unpaced,1,book,25.8335,26.2501,669
1,boost_1048576_same-core_unpaced,1,book,26.6668,27.5001,1178
1,boost_1048576_same-core_unpaced,1,book,27.5001,28.3335,1319
1,boost_1048576_same-core_unpaced,1,book,28.3335,29.1668,1839
1,boost_1048576_same-core_unpaced,1,book,29.1668,30.0002,3374
1,boost_1048576_same-core_unpaced,1,book,30.0002,30.8335,5180
1,boost_1048576_same-core_unpaced,1,book,30.8335,31.6668,8273
1,boost_1048576_same-core_unpaced,1,book,31.6668,32.5002,9207
1,boost_1048576_same-core_unpaced,1,book,32.5002,33.3335,8950
1,boost_1048576_same-core_unpaced,1,book,33.3335,34.1668,8314
1,boost_1048576_same-core_unpaced,1,book,34.1668,35.0002,6109
1,boost_1048576_same-core_unpaced,1,book,35.0002,35.8335,5266
1,boost_1048576_same-core_unpaced,1,book,35.8335,36.6669,4241
1,boost_1048576_same-core_unpaced,1,book,36.6669,37.5002,3264
1,boost_1048576_same-core_unpaced,1,book,37.5002,38.3335,3140
1,boost_1048576_same-core_unpaced,1,book,38.3335,39.1669,3197
1,boost_1048576_same-core_unpaced,1,book,39.1669,40.0002,3858
1,boost_1048576_same-core_unpaced,1,book,40.0002,40.8335,6710
1,boost_1048576_same-core_unpaced,1,book,40.8335,41.6669,8188
1,boost_1048576_same-core_unpaced,1,book,41.6669,42.5002,10722
1,boost_1048576_same-core_unpaced,1,book,42.5002,43.3336,12537
1,boost_1048576_same-core_unpaced,1,book,43.3336,44.1669,10905
1,boost_1048576_same-core_unpaced,1,book,44.1669,45.0002,11161
1,boost_1048576_same-core_unpaced,1,book,45.0002,45.8336,10186
1,boost_1048576_same-core_unpaced,1,book,45.8336,46.6669,8515
1,boost_1048576_same-core_unpaced,1,book,46.6669,47.5002,8390
1,boost_1048576_same-core_unpaced,1,book,47.5002,48.3336,7010
1,boost_1048576_same-core_unpaced,1,book,48.3336,49.1669,6494
1,boost_1048576_same-core_unpaced,1,book,49.1669,50.0003,6319
1,boost_1048576_same-core_unpaced,1,book,50.0003,50.8336,6230
1,boost_1048576_same-core_unpaced,1,book,50.8336,51.6669,6667
1,boost_1048576_same-core_unpaced,1,book,51.6669,52.5003,6561
1,boost_1048576_same-core_unpaced,1,book,52.5003,53.3336,7035
1,boost_1048576_same-core_unpaced,1,book,53.3336,55.0003,15887
1,boost_1048576_same-core_unpaced,1,book,55.0003,56.667,18263
1,boost_1048576_same-core_unpaced,1,book,56.667,58.3336,18590
1,boost_1048576_same-core_unpaced,1,book,58.3336,60.0003,18811
1,boost_1048576_same-core_unpaced,1,book,60.0003,61.667,20725
1,boost_1048576_same-core_unpaced,1,book,61.667,63.3337,21387
1,boost_1048576_same-core_unpaced,1,book,63.3337,65.0003,20638
1,boost_1048576_same-core_unpaced,1,book,65.0003,66.667,20647
1,boost_1048576_same-core_unpaced,1,book,66.667,68.3337,20911
1,boost_1048576_same-core_unpaced,1,book,68.3337,70.0004,19960
1,boost_1048576_same-core_unpaced,1,book,70.0004,71.667,19614
1,boost_1048576_same-core_unpaced,1,book,71.667,73.3337,18875
1,boost_1048576_same-core_unpaced,1,book,73.3337,75.0004,19075
1,boost_1048576_same-core_unpaced,1,book,75.0004,76.6671,18255
1,boost_1048576_same-core_unpaced,1,book,76.6671,78.3337,16989
1,boost_1048576_same-core_unpaced,1,book,78.3337,80.0004,14833
1,boost_1048576_same-core_unpaced,1,book,80.0004,81.6671,14974
1,boost_1048576_same-core_unpaced,1,book,81.6671,83.3338,13374
1,boost_1048576_same-core_unpaced,1,book,83.3338,85.0004,11893
1,boost_1048576_same-core_unpaced,1,book,85.0004,86.6671,11224
1,boost_1048576_same-core_unpaced,1,book,86.6671,88.3338,10994
1,boost_1048576_same-core_unpaced,1,book,88.3338,90.0005,9944
1,boost_1048576_same-core_unpaced,1,book,90.0005,91.6671,9130
1,boost_1048576_same-core_unpaced,1,book,91.6671,93.3338,8432
1,boost_1048576_same-core_unpaced,1,book,93.3338,95.0005,7760
1,boost_1048576_same-core_unpaced,1,book,95.0005,96.6672,7359
1,boost_1048576_same-core_unpaced,1,book,96.6672,98.3338,6610
1,boost_1048576_same-core_unpaced,1,book,98.3338,100.001,6068
1,boost_1048576_same-core_unpaced,1,book,100.001,101.667,5993
1,boost_1048576_same-core_unpaced,1,book,101.667,103.334,5825
1,boost_1048576_same-core_unpaced,1,book,103.334,105.001,5303
1,boost_1048576_same-core_unpaced,1,book,105.001,106.667,4828
1,boost_1048576_same-core_unpaced,1,book,106.667,110.001,9465
1,boost_1048576_same-core_unpaced,1,book,110.001,113.334,8385
1,boost_1048576_same-core_unpaced,1,book,113.334,116.667,7799
1,boost_1048576_same-core_unpaced,1,book,116.667,120.001,6990
1,boost_1048576_same-core_unpaced,1,book,120.001,123.334,6563
1,boost_1048576_same-core_unpaced,1,book,123.334,126.667,5890
1,boost_1048576_same-core_unpaced,1,book,126.667,130.001,6463
1,boost_1048576_same-core_unpaced,1,book,130.001,133.334,8437
1,boost_1048576_same-core_unpaced,1,book,133.334,136.667,14641
1,boost_1048576_same-core_unpaced,1,book,136.667,140.001,22238
1,boost_1048576_same-core_unpaced,1,book,140.001,143.334,27981
1,boost_1048576_same-core_unpaced,1,book,143.334,146.667,32890
1,boost_1048576_same-core_unpaced,1,book,146.667,150.001,46839
1,boost_1048576_same-core_unpaced,1,book,150.001,153.334,54724
1,boost_1048576_same-core_unpaced,1,book,153.334,156.667,60798
1,boost_1048576_same-core_unpaced,1,book,156.667,160.001,61886
1,boost_1048576_same-core_unpaced,1,book,160.001,163.334,66560
1,boost_1048576_same-core_unpaced,1,book,163.334,166.668,71080
1,boost_1048576_same-core_unpaced,1,book,166.668,170.001,71723
1,boost_1048576_same-core_unpaced,1,book,170.001,173.334,61414
1,boost_1048576_same-core_unpaced,1,book,173.334,176.668,59654
1,boost_1048576_same-core_unpaced,1,book,176.668,180.001,56018
1,boost_1048576_same-core_unpaced,1,book,180.001,183.334,49774
1,boost_1048576_same-core_unpaced,1,book,183.334,186.668,41472
1,boost_1048576_same-core_unpaced,1,book,186.668,190.001,38508
1,boost_1048576_same-core_unpaced,1,book,190.001,193.334,34753
1,boost_1048576_same-core_unpaced,1,book,193.334,196.668,32611
1,boost_1048576_same-core_unpaced,1,book,196.668,200.001,29810
1,boost_1048576_same-core_unpaced,1,book,200.001,203.334,28759
1,boost_1048576_same-core_unpaced,1,book,203.334,206.668,25685
1,boost_1048576_same-core_unpaced,1,book,206.668,210.001,24600
1,boost_1048576_same-core_unpaced,1,book,210.001,213.334,21704
1,boost_1048576_same-core_unpaced,1,book,213.334,220.001,39252
1,boost_1048576_same-core_unpaced,1,book,220.001,226.668,34355
1,boost_1048576_same-core_unpaced,1,book,226.668,233.335,30100
1,boost_1048576_same-core_unpaced,1,book,233.335,240.001,26903
1,boost_1048576_same-core_unpaced,1,book,240.001,246.668,24546
1,boost_1048576_same-core_unpaced,1,book,246.668,253.335,22768
1,boost_1048576_same-core_unpaced,1,book,253.335,260.001,21005
1,boost_1048576_same-core_unpaced,1,book,260.001,266.668,19464
1,boost_1048576_same-core_unpaced,1,book,266.668,273.335,18450
1,boost_1048576_same-core_unpaced,1,book,273.335,280.001,17472
1,boost_1048576_same-core_unpaced,1,book,280.001,286.668,16672
1,boost_1048576_same-core_unpaced,1,book,286.668,293.335,16211
1,boost_1048576_same-core_unpaced,1,book,293.335,300.002,15836
1,boost_1048576_same-core_unpaced,1,book,300.002,306.668,15274
1,boost_1048576_same-core_unpaced,1,book,306.668,313.335,14988
1,boost_1048576_same-core_unpaced,1,book,313.335,320.002,14716
1,boost_1048576_same-core_unpaced,1,book,320.002,326.668,14651
1,boost_1048576_same-core_unpaced,1,book,326.668,333.335,13988
1,boost_1048576_same-core_unpaced,1,book,333.335,340.002,13626
1,boost_1048576_same-core_unpaced,1,book,340.002,346.668,13498
1,boost_1048576_same-core_unpaced,1,book,346.668,353.335,13030
1,boost_1048576_same-core_unpaced,1,book,353.335,360.002,12269
1,boost_1048576_same-core_unpaced,1,book,360.002,366.669,11706
1,boost_1048576_same-core_unpaced,1,book,366.669,373.335,11432
1,boost_1048576_same-core_unpaced,1,book,373.335,380.002,10493
1,boost_1048576_same-core_unpaced,1,book,380.002,386.669,10362
1,boost_1048576_same-core_unpaced,1,book,386.669,393.335,9656
1,boost_1048576_same-core_unpaced,1,book,393.335,400.002,9130
1,boost_1048576_same-core_unpaced,1,book,400.002,406.669,8808
1,boost_1048576_same-core_unpaced,1,book,406.669,413.335,8061
1,boost_1048576_same-core_unpaced,1,book,413.335,420.002,7523
1,boost_1048576_same-core_unpaced,1,book,420.002,426.669,7133
1,boost_1048576_same-core_unpaced,1,book,426.669,440.002,13261
1,boost_1048576_same-core_unpaced,1,book,440.002,453.336,12111
1,boost_1048576_same-core_unpaced,1,book,453.336,466.669,9852
1,boost_1048576_same-core_unpaced,1,book,466.669,480.003,8097
1,boost_1048576_same-core_unpaced,1,book,480.003,493.336,7226
1,boost_1048576_same-core_unpaced,1,book,493.336,506.669,5956
1,boost_1048576_same-core_unpaced,1,book,506.669,520.003,5191
1,boost_1048576_same-core_unpaced,1,book,520.003,533.336,4600
1,boost_1048576_same-core_unpaced,1,book,533.336,546.67,4161
1,boost_1048576_same-core_unpaced,1,book,546.67,560.003,3582
1,boost_1048576_same-core_unpaced,1,book,560.003,573.336,3411
1,boost_1048576_same-core_unpaced,1,book,573.336,586.67,3058
1,boost_1048576_same-core_unpaced,1,book,586.67,600.003,2658
1,boost_1048576_same-core_unpaced,1,book,600.003,613.337,2358
1,boost_1048576_same-core_unpaced,1,book,613.337,626.67,2094
1,boost_1048576_same-core_unpaced,1,book,626.67,640.003,1858
1,boost_1048576_same-core_unpaced,1,book,640.003,653.337,1632
1,boost_1048576_same-core_unpaced,1,book,653.337,666.67,1466
1,boost_1048576_same-core_unpaced,1,book,666.67,680.004,1224
1,boost_1048576_same-core_unpaced,1,book,680.004,693.337,1091
1,boost_1048576_same-core_unpaced,1,book,693.337,706.67,934
1,boost_1048576_same-core_unpaced,1,book,706.67,720.004,862
1,boost_1048576_same-core_unpaced,1,book,720.004,733.337,779
1,boost_1048576_same-core_unpaced,1,book,733.337,746.671,663
1,boost_1048576_same-core_unpaced,1,book,746.671,760.004,603
1,boost_1048576_same-core_unpaced,1,book,760.004,773.337,532
1,boost_1048576_same-core_unpaced,1,book,773.337,786.671,480
1,boost_1048576_same-core_unpaced,1,book,786.671,800.004,423
1,boost_1048576_same-core_unpaced,1,book,800.004,813.338,382
1,boost_1048576_same-core_unpaced,1,book,813.338,826.671,306
1,boost_1048576_same-core_unpaced,1,book,826.671,840.004,314
1,boost_1048576_same-core_unpaced,1,book,840.004,853.338,267
1,boost_1048576_same-core_unpaced,1,book,853.338,880.005,457
1,boost_1048576_same-core_unpaced,1,book,880.005,906.671,326
1,boost_1048576_same-core_unpaced,1,book,906.671,933.338,286
1,boost_1048576_same-core_unpaced,1,book,933.338,960.005,225
1,boost_1048576_same-core_unpaced,1,book,960.005,986.672,176
1,boost_1048576_same-core_unpaced,1,book,986.672,1013.34,129
1,boost_1048576_same-core_unpaced,1,book,1013.34,1040.01,107
1,boost_1048576_same-core_unpaced,1,book,1040.01,1066.67,82
1,boost_1048576_same-core_unpaced,1,book,1066.67,1093.34,77
1,boost_1048576_same-core_unpaced,1,book,1093.34,1120.01,44
1,boost_1048576_same-core_unpaced,1,book,1120.01,1146.67,46
1,boost_1048576_same-core_unpaced,1,book,1146.67,1173.34,35
1,boost_1048576_same-core_unpaced,1,book,1173.34,1200.01,30
1,boost_1048576_same-core_unpaced,1,book,1200.01,1226.67,29
1,boost_1048576_same-core_unpaced,1,book,1226.67,1253.34,24
1,boost_1048576_same-core_unpaced,1,book,1253.34,1280.01,20
1,boost_1048576_same-core_unpaced,1,book,1280.01,1306.67,12
1,boost_1048576_same-core_unpaced,1,book,1306.67,1333.34,18
1,boost_1048576_same-core_unpaced,1,book,1333.34,1360.01,17
1,boost_1048576_same-core_unpaced,1,book,1360.01,1386.67,9
1,boost_1048576_same-core_unpaced,1,book,1386.67,1413.34,11
1,boost_1048576_same-core_unpaced,1,book,1413.34,1440.01,5
1,boost_1048576_same-core_unpaced,1,book,1440.01,1466.67,9
1,boost_1048576_same-core_unpaced,1,book,1466.67,1493.34,6
1,boost_1048576_same-core_unpaced,1,book,1493.34,1520.01,4
1,boost_1048576_same-core_unpaced,1,book,1520.01,1546.67,4
1,boost_1048576_same-core_unpaced,1,book,1546.67,1573.34,4
1,boost_1048576_same-core_unpaced,1,book,1573.34,1600.01,8
1,boost_1048576_same-core_unpaced,1,book,1600.01,1626.68,3
1,boost_1048576_same-core_unpaced,1,book,1626.68,1653.34,5
1,boost_1048576_same-core_unpaced,1,book,1653.34,1680.01,3
1,boost_1048576_same-core_unpaced,1,book,1680.01,1706.68,4
1,boost_1048576_same-core_unpaced,1,book,1706.68,1760.01,13
1,boost_1048576_same-core_unpaced,1,book,1760.01,1813.34,9
1,boost_1048576_same-core_unpaced,1,book,1813.34,1866.68,4
1,boost_1048576_same-core_unpaced,1,book,1866.68,1920.01,12
1,boost_1048576_same-core_unpaced,1,book,1920.01,1973.34,15
1,boost_1048576_same-core_unpaced,1,book,1973.34,2026.68,10
1,boost_1048576_same-core_unpaced,1,book,2026.68,2080.01,12
1,boost_1048576_same-core_unpaced,1,book,2080.01,2133.34,11
1,boost_1048576_same-core_unpaced,1,book,2133.34,2186.68,6
1,boost_1048576_same-core_unpaced,1,book,2186.68,2240.01,5
1,boost_1048576_same-core_unpaced,1,book,2240.01,2293.35,5
1,boost_1048576_same-core_unpaced,1,book,2293.35,2346.68,1
1,boost_1048576_same-core_unpaced,1,book,2346.68,2400.01,2
1,boost_1048576_same-core_unpaced,1,book,2400.01,2453.35,8
1,boost_1048576_same-core_unpaced,1,book,2453.35,2506.68,5
1,boost_1048576_same-core_unpaced,1,book,2506.68,2560.01,3
1,boost_1048576_same-core_unpaced,1,book,2560.01,2613.35,2
1,boost_1048576_same-core_unpaced,1,book,2720.01,2773.35,1
1,boost_1048576_same-core_unpaced,1,book,2826.68,2880.02,1
1,boost_1048576_same-core_unpaced,1,book,2880.02,2933.35,1
1,boost_1048576_same-core_unpaced,1,book,3093.35,3146.68,1
1,boost_1048576_same-core_unpaced,1,book,3200.02,3253.35,2
1,boost_1048576_same-core_unpaced,1,book,3253.35,3306.68,1
1,boost_1048576_same-core_unpaced,1,book,3306.68,3360.02,1
1,boost_1048576_same-core_unpaced,1,book,3360.02,3413.35,3
1,boost_1048576_same-core_unpaced,1,book,3413.35,3520.02,2
1,boost_1048576_same-core_unpaced,1,book,3520.02,3626.69,3
1,boost_1048576_same-core_unpaced,1,book,3626.69,3733.35,1
1,boost_1048576_same-core_unpaced,1,book,3946.69,4053.35,2
1,boost_1048576_same-core_unpaced,1,book,4266.69,4373.36,1
1,boost_1048576_same-core_unpaced,1,book,4373.36,4480.02,4
1,boost_1048576_same-core_unpaced,1,book,4480.02,4586.69,5
1,boost_1048576_same-core_unpaced,1,book,4586.69,4693.36,2
1,boost_1048576_same-core_unpaced,1,book,4693.36,4800.03,8
1,boost_1048576_same-core_unpaced,1,book,4800.03,4906.69,10
1,boost_1048576_same-core_unpaced,1,book,4906.69,5013.36,18
1,boost_1048576_same-core_unpaced,1,book,5013.36,5120.03,13
1,boost_1048576_same-core_unpaced,1,book,5120.03,5226.69,22
1,boost_1048576_same-core_unpaced,1,book,5226.69,5333.36,18
1,boost_1048576_same-core_unpaced,1,book,5333.36,5440.03,13
1,boost_1048576_same-core_unpaced,1,book,5440.03,5546.7,10
1,boost_1048576_same-core_unpaced,1,book,5546.7,5653.36,3
1,boost_1048576_same-core_unpaced,1,book,5653.36,5760.03,5
1,boost_1048576_same-core_unpaced,1,book,5760.03,5866.7,4
1,boost_1048576_same-core_unpaced,1,book,5866.7,5973.36,1
1,boost_1048576_same-core_unpaced,1,book,6080.03,6186.7,2
1,boost_1048576_same-core_unpaced,1,book,6293.37,6400.03,2
1,boost_1048576_same-core_unpaced,1,book,7040.04,7253.37,2
1,boost_1048576_same-core_unpaced,1,book,7253.37,7466.71,30
1,boost_1048576_same-core_unpaced,1,book,7466.71,7680.04,43
1,boost_1048576_same-core_unpaced,1,book,7680.04,7893.37,20
1,boost_1048576_same-core_unpaced,1,book,7893.37,8106.71,20
1,boost_1048576_same-core_unpaced,1,book,8106.71,8320.04,4
1,boost_1048576_same-core_unpaced,1,book,8320.04,8533.38,4
1,boost_1048576_same-core_unpaced,1,book,8533.38,8746.71,2
1,boost_1048576_same-core_unpaced,1,book,8746.71,8960.05,1
1,boost_1048576_same-core_unpaced,1,book,8960.05,9173.38,2
1,boost_1048576_same-core_unpaced,1,book,9173.38,9386.72,1
1,boost_1048576_same-core_unpaced,1,book,9600.05,9813.38,1
1,boost_1048576_same-core_unpaced,1,book,9813.38,10026.7,1
1,boost_1048576_same-core_unpaced,1,book,10026.7,10240.1,1
1,boost_1048576_same-core_unpaced,1,book,10666.7,10880.1,3
1,boost_1048576_same-core_unpaced,1,book,10880.1,11093.4,1
1,boost_1048576_same-core_unpaced,1,book,11306.7,11520.1,1
1,boost_1048576_same-core_unpaced,1,book,11520.1,11733.4,1
1,boost_1048576_same-core_unpaced,1,book,11733.4,11946.7,3
1,boost_1048576_same-core_unpaced,1,book,11946.7,12160.1,5
1,boost_1048576_same-core_unpaced,1,book,12160.1,12373.4,7
1,boost_1048576_same-core_unpaced,1,book,12373.4,12586.7,8
1,boost_1048576_same-core_unpaced,1,book,12586.7,12800.1,5
1,boost_1048576_same-core_unpaced,1,book,12800.1,13013.4,1
1,boost_1048576_same-core_unpaced,1,book,13013.4,13226.7,10
1,boost_1048576_same-core_unpaced,1,book,13226.7,13440.1,4
1,boost_1048576_same-core_unpaced,1,book,13440.1,13653.4,11
1,boost_1048576_same-core_unpaced,1,book,13653.4,14080.1,60
1,boost_1048576_same-core_unpaced,1,book,14080.1,14506.7,153
1,boost_1048576_same-core_unpaced,1,book,14506.7,14933.4,164
1,boost_1048576_same-core_unpaced,1,book,14933.4,15360.1,53
1,boost_1048576_same-core_unpaced,1,book,15360.1,15786.7,19
1,boost_1048576_same-core_unpaced,1,book,15786.7,16213.4,6
1,boost_1048576_same-core_unpaced,1,book,16213.4,16640.1,5
1,boost_1048576_same-core_unpaced,1,book,16640.1,17066.8,1
1,boost_1048576_same-core_unpaced,1,book,17066.8,17493.4,1
1,boost_1048576_same-core_unpaced,1,book,17493.4,17920.1,1
1,boost_1048576_same-core_unpaced,1,book,17920.1,18346.8,1
1,boost_1048576_same-core_unpaced,1,book,19626.8,20053.4,2
1,boost_1048576_same-core_unpaced,1,book,20480.1,20906.8,1
1,boost_1048576_same-core_unpaced,1,book,24320.1,24746.8,1
1,boost_1048576_same-core_unpaced,1,book,37546.9,38400.2,1
2,boost_1048576_same-core_unpaced,0,total,55.0003,56.667,1
2,boost_1048576_same-core_unpaced,0,total,58.3336,60.0003,3
2,boost_1048576_same-core_unpaced,0,total,60.0003,61.667,1
2,boost_1048576_same-core_unpaced,0,total,61.667,63.3337,3
2,boost_1048576_same-core_unpaced,0,total,63.3337,65.0003,2
2,boost_1048576_same-core_unpaced,0,total,65.0003,66.667,3
2,boost_1048576_same-core_unpaced,0,total,66.667,68.3337,12
2,boost_1048576_same-core_unpaced,0,total,68.3337,70.0004,10
2,boost_1048576_same-core_unpaced,0,total,70.0004,71.667,8
2,boost_1048576_same-core_unpaced,0,total,71.667,73.3337,7
2,boost_1048576_same-core_unpaced,0,total,73.3337,75.0004,7
2,boost_1048576_same-core_unpaced,0,total,75.0004,76.6671,14
2,boost_1048576_same-core_unpaced,0,total,76.6671,78.3337,15
2,boost_1048576_same-core_unpaced,0,total,78.3337,80.0004,16
2,boost_1048576_same-core_unpaced,0,total,80.0004,81.6671,12
2,boost_1048576_same-core_unpaced,0,total,81.6671,83.3338,19
2,boost_1048576_same-core_unpaced,0,total,83.3338,85.0004,13
2,boost_1048576_same-core_unpaced,0,total,85.0004,86.6671,8
2,boost_1048576_same-core_unpaced,0,total,86.6671,88.3338,9
2,boost_1048576_same-core_unpaced,0,total,88.3338,90.0005,16
2,boost_1048576_same-core_unpaced,0,total,90.0005,91.6671,6
2,boost_1048576_same-core_unpaced,0,total,91.6671,93.3338,3
2,boost_1048576_same-core_unpaced,0,total,93.3338,95.0005,10
2,boost_1048576_same-core_unpaced,0,total,95.0005,96.6672,5
2,boost_1048576_same-core_unpaced,0,total,96.6672,98.3338,11
2,boost_1048576_same-core_unpaced,0,total,98.3338,100.001,10
2,boost_1048576_same-core_unpaced,0,total,100.001,101.667,5
2,boost_1048576_same-core_unpaced,0,total,101.667,103.334,6
2,boost_1048576_same-core_unpaced,0,total,103.334,105.001,6
2,boost_1048576_same-core_unpaced,0,total,105.001,106.667,4
2,boost_1048576_same-core_unpaced,0,total,106.667,110.001,11
2,boost_1048576_same-core_unpaced,0,total,110.001,113.334,9
2,boost_1048576_same-core_unpaced,0,total,113.334,116.667,16
2,boost_1048576_same-core_unpaced,0,total,116.667,120.001,9
2,boost_1048576_same-core_unpaced,0,total,120.001,123.334,17
2,boost_1048576_same-core_unpaced,0,total,123.334,126.667,12
2,boost_1048576_same-core_unpaced,0,total,126.667,130.001,8
2,boost_1048576_same-core_unpaced,0,total,130.001,133.334,7
2,boost_1048576_same-core_unpaced,0,total,133.334,136.667,13
2,boost_1048576_same-core_unpaced,0,total,136.667,140.001,9
2,boost_1048576_same-core_unpaced,0,total,140.001,143.334,8
2,boost_1048576_same-core_unpaced,0,total,143.334,146.667,6
2,boost_1048576_same-core_unpaced,0,total,146.667,150.001,3
2,boost_1048576_same-core_unpaced,0,total,150.001,153.334,10
2,boost_1048576_same-core_unpaced,0,total,153.334,156.667,2
2,boost_1048576_same-core_unpaced,0,total,156.667,160.001,4
2,boost_1048576_same-core_unpaced,0,total,160.001,163.334,4
2,boost_1048576_same-core_unpaced,0,total,163.334,166.668,7
2,boost_1048576_same-core_unpaced,0,total,166.668,170.001,3
2,boost_1048576_same-core_unpaced,0,total,170.001,173.334,7
2,boost_1048576_same-core_unpaced,0,total,173.334,176.668,11
2,boost_1048576_same-core_unpaced,0,total,176.668,180.001,4
2,boost_1048576_same-core_unpaced,0,total,180.001,183.334,2
2,boost_1048576_same-core_unpaced,0,total,183.334,186.668,2
2,boost_1048576_same-core_unpaced,0,total,186.668,190.001,4
2,boost_1048576_same-core_unpaced,0,total,190.001,193.334,2
2,boost_1048576_same-core_unpaced,0,total,193.334,196.668,1
2,boost_1048576_same-core_unpaced,0,total,196.668,200.001,5
2,boost_1048576_same-core_unpaced,0,total,200.001,203.334,1
2,boost_1048576_same-core_unpaced,0,total,203.334,206.668,4
2,boost_1048576_same-core_unpaced,0,total,206.668,210.001,3
2,boost_1048576_same-core_unpaced,0,total,210.001,213.334,4
2,boost_1048576_same-core_unpaced,0,total,213.334,220.001,3
2,boost_1048576_same-core_unpaced,0,total,220.001,226.668,1
2,boost_1048576_same-core_unpaced,0,total,226.668,233.335,2
2,boost_1048576_same-core_unpaced,0,total,233.335,240.001,2
2,boost_1048576_same-core_unpaced,0,total,246.668,253.335,4
2,boost_1048576_same-core_unpaced,0,total,253.335,260.001,6
2,boost_1048576_same-core_unpaced,0,total,260.001,266.668,2
2,boost_1048576_same-core_unpaced,0,total,273.335,280.001,3
2,boost_1048576_same-core_unpaced,0,total,293.335,300.002,2
2,boost_1048576_same-core_unpaced,0,total,300.002,306.668,1
2,boost_1048576_same-core_unpaced,0,total,306.668,313.335,3
2,boost_1048576_same-core_unpaced,0,total,320.002,326.668,1
2,boost_1048576_same-core_unpaced,0,total,326.668,333.335,2
2,boost_1048576_same-core_unpaced,0,total,340.002,346.668,2
2,boost_1048576_same-core_unpaced,0,total,346.668,353.335,2
2,boost_1048576_same-core_unpaced,0,total,353.335,360.002,2
2,boost_1048576_same-core_unpaced,0,total,366.669,373.335,2
2,boost_1048576_same-core_unpaced,0,total,386.669,393.335,1
2,boost_1048576_same-core_unpaced,0,total,413.335,420.002,2
2,boost_1048576_same-core_unpaced,0,total,440.002,453.336,1
2,boost_1048576_same-core_unpaced,0,total,453.336,466.669,1
2,boost_1048576_same-core_unpaced,0,total,466.669,480.003,1
2,boost_1048576_same-core_unpaced,0,total,480.003,493.336,1
2,boost_1048576_same-core_unpaced,0,total,493.336,506.669,2
2,boost_1048576_same-core_unpaced,0,total,506.669,520.003,1
2,boost_1048576_same-core_unpaced,0,total,520.003,533.336,1
2,boost_1048576_same-core_unpaced,0,total,533.336,546.67,1
2,boost_1048576_same-core_unpaced,0,total,546.67,560.003,1
2,boost_1048576_same-core_unpaced,0,total,560.003,573.336,1
2,boost_1048576_same-core_unpaced,0,total,573.336,586.67,1
2,boost_1048576_same-core_unpaced,0,total,600.003,613.337,1
2,boost_1048576_same-core_unpaced,0,total,626.67,640.003,1
2,boost_1048576_same-core_unpaced,0,total,640.003,653.337,1
2,boost_1048576_same-core_unpaced,0,total,666.67,680.004,1
2,boost_1048576_same-core_unpaced,0,total,720.004,733.337,2
2,boost_1048576_same-core_unpaced,0,total,760.004,773.337,1
2,boost_1048576_same-core_unpaced,0,total,800.004,813.338,1
2,boost_1048576_same-core_unpaced,0,total,826.671,840.004,1
2,boost_1048576_same-core_unpaced,0,total,906.671,933.338,2
2,boost_1048576_same-core_unpaced,0,total,933.338,960.005,1
2,boost_1048576_same-core_unpaced,0,total,1040.01,1066.67,1
2,boost_1048576_same-core_unpaced,0,total,1066.67,1093.34,1
2,boost_1048576_same-core_unpaced,0,total,1413.34,1440.01,1
2,boost_1048576_same-core_unpaced,0,total,1440.01,1466.67,1
2,boost_1048576_same-core_unpaced,0,total,1520.01,1546.67,1
2,boost_1048576_same-core_unpaced,0,total,1573.34,1600.01,1
2,boost_1048576_same-core_unpaced,0,total,18773.4,19200.1,1
2,boost_1048576_same-core_unpaced,0,total,20906.8,21333.4,1
2,boost_1048576_same-core_unpaced,0,total,21760.1,22186.8,1
2,boost_1048576_same-core_unpaced,0,total,24746.8,25173.5,1
2,boost_1048576_same-core_unpaced,0,total,25600.1,26026.8,1
2,boost_1048576_same-core_unpaced,0,total,29013.5,29866.8,1
2,boost_1048576_same-core_unpaced,0,total,29866.8,30720.2,1
2,boost_1048576_same-core_unpaced,0,total,30720.2,31573.5,1
2,boost_1048576_same-core_unpaced,0,total,32426.8,33280.2,1
2,boost_1048576_same-core_unpaced,0,total,42666.9,43520.2,1
2,boost_1048576_same-core_unpaced,0,total,43520.2,44373.6,1
2,boost_1048576_same-core_unpaced,0,total,49493.6,50346.9,1
2,boost_1048576_same-core_unpaced,0,total,56320.3,58027,4
2,boost_1048576_same-core_unpaced,0,total,61440.3,63147,1
2,boost_1048576_same-core_unpaced,0,total,63147,64853.7,1
2,boost_1048576_same-core_unpaced,0,total,64853.7,66560.3,1
2,boost_1048576_same-core_unpaced,0,total,66560.3,68267,3
2,boost_1048576_same-core_unpaced,0,total,68267,69973.7,1
2,boost_1048576_same-core_unpaced,0,total,75093.7,76800.4,1
2,boost_1048576_same-core_unpaced,0,total,78507.1,80213.8,1
2,boost_1048576_same-core_unpaced,0,total,83627.1,85333.8,1
2,boost_1048576_same-core_unpaced,0,total,85333.8,87040.5,1
2,boost_1048576_same-core_unpaced,0,total,88747.1,90453.8,2
2,boost_1048576_same-core_unpaced,0,total,90453.8,92160.5,1
2,boost_1048576_same-core_unpaced,0,total,92160.5,93867.2,1
2,boost_1048576_same-core_unpaced,0,total,93867.2,95573.8,1
2,boost_1048576_same-core_unpaced,0,total,95573.8,97280.5,1
2,boost_1048576_same-core_unpaced,0,total,97280.5,98987.2,2
2,boost_1048576_same-core_unpaced,0,total,102401,104107,1
2,boost_1048576_same-core_unpaced,0,total,104107,105814,1
2,boost_1048576_same-core_unpaced,0,total,109227,112641,4
2,boost_1048576_same-core_unpaced,0,total,112641,116054,2
2,boost_1048576_same-core_unpaced,0,total,116054,119467,3
2,boost_1048576_same-core_unpaced,0,total,119467,122881,1
2,boost_1048576_same-core_unpaced,0,total,122881,126294,1
2,boost_1048576_same-core_unpaced,0,total,126294,129707,2
2,boost_1048576_same-core_unpaced,0,total,129707,133121,2
2,boost_1048576_same-core_unpaced,0,total,133121,136534,1
2,boost_1048576_same-core_unpaced,0,total,136534,139947,1
2,boost_1048576_same-core_unpaced,0,total,139947,143361,3
2,boost_1048576_same-core_unpaced,0,total,143361,146774,2
2,boost_1048576_same-core_unpaced,0,total,146774,150187,2
2,boost_1048576_same-core_unpaced,0,total,153601,157014,1
2,boost_1048576_same-core_unpaced,0,total,157014,160428,3
2,boost_1048576_same-core_unpaced,0,total,160428,163841,4
2,boost_1048576_same-core_unpaced,0,total,163841,167254,3
2,boost_1048576_same-core_unpaced,0,total,167254,170668,2
2,boost_1048576_same-core_unpaced,0,total,170668,174081,3
2,boost_1048576_same-core_unpaced,0,total,174081,177494,1
2,boost_1048576_same-core_unpaced,0,total,177494,180908,1
2,boost_1048576_same-core_unpaced,0,total,180908,184321,3
2,boost_1048576_same-core_unpaced,0,total,184321,187734,1
2,boost_1048576_same-core_unpaced,0,total,187734,191148,1
2,boost_1048576_same-core_unpaced,0,total,191148,194561,2
2,boost_1048576_same-core_unpaced,0,total,194561,197974,1
2,boost_1048576_same-core_unpaced,0,total,197974,201388,2
2,boost_1048576_same-core_unpaced,0,total,204801,208214,1
2,boost_1048576_same-core_unpaced,0,total,208214,211628,3
2,boost_1048576_same-core_unpaced,0,total,218454,225281,3
2,boost_1048576_same-core_unpaced,0,total,225281,232108,7
2,boost_1048576_same-core_unpaced,0,total,232108,238935,5
2,boost_1048576_same-core_unpaced,0,total,238935,245761,9
2,boost_1048576_same-core_unpaced,0,total,245761,252588,6
2,boost_1048576_same-core_unpaced,0,total,252588,259415,3
2,boost_1048576_same-core_unpaced,0,total,259415,266241,2
2,boost_1048576_same-core_unpaced,0,total,266241,273068,5
2,boost_1048576_same-core_unpaced,0,total,286722,293548,1
2,boost_1048576_same-core_unpaced,0,total,293548,300375,6
2,boost_1048576_same-core_unpaced,0,total,300375,307202,7
2,boost_1048576_same-core_unpaced,0,total,307202,314028,3
2,boost_1048576_same-core_unpaced,0,total,314028,320855,3
2,boost_1048576_same-core_unpaced,0,total,320855,327682,5
2,boost_1048576_same-core_unpaced,0,total,327682,334508,5
2,boost_1048576_same-core_unpaced,0,total,334508,341335,4
2,boost_1048576_same-core_unpaced,0,total,341335,348162,5
2,boost_1048576_same-core_unpaced,0,total,348162,354989,7
2,boost_1048576_same-core_unpaced,0,total,354989,361815,13
2,boost_1048576_same-core_unpaced,0,total,361815,368642,12
2,boost_1048576_same-core_unpaced,0,total,368642,375469,3
2,boost_1048576_same-core_unpaced,0,total,375469,382295,9
2,boost_1048576_same-core_unpaced,0,total,382295,389122,5
2,boost_1048576_same-core_unpaced,0,total,389122,395949,2
2,boost_1048576_same-core_unpaced,0,total,395949,402775,6
2,boost_1048576_same-core_unpaced,0,total,402775,409602,5
2,boost_1048576_same-core_unpaced,0,total,409602,416429,3
2,boost_1048576_same-core_unpaced,0,total,416429,423256,8
2,boost_1048576_same-core_unpaced,0,total,423256,430082,8
2,boost_1048576_same-core_unpaced,0,total,430082,436909,8
2,boost_1048576_same-core_unpaced,0,total,436909,450562,13
2,boost_1048576_same-core_unpaced,0,total,450562,464216,11
2,boost_1048576_same-core_unpaced,0,total,464216,477869,11
2,boost_1048576_same-core_unpaced,0,total,477869,491523,10
2,boost_1048576_same-core_unpaced,0,total,491523,505176,17
2,boost_1048576_same-core_unpaced,0,total,505176,518829,9
2,boost_1048576_same-core_unpaced,0,total,518829,532483,10
2,boost_1048576_same-core_unpaced,0,total,532483,546136,13
2,boost_1048576_same-core_unpaced,0,total,546136,559790,10
2,boost_1048576_same-core_unpaced,0,total,559790,573443,10
2,boost_1048576_same-core_unpaced,0,total,573443,587096,8
2,boost_1048576_same-core_unpaced,0,total,587096,600750,12
2,boost_1048576_same-core_unpaced,0,total,600750,614403,8
2,boost_1048576_same-core_unpaced,0,total,614403,628057,8
2,boost_1048576_same-core_unpaced,0,total,628057,641710,11
2,boost_1048576_same-core_unpaced,0,total,641710,655363,18
2,boost_1048576_same-core_unpaced,0,total,655363,669017,8
2,boost_1048576_same-core_unpaced,0,total,669017,682670,14
2,boost_1048576_same-core_unpaced,0,total,682670,696324,15
2,boost_1048576_same-core_unpaced,0,total,696324,709977,23
2,boost_1048576_same-core_unpaced,0,total,709977,723630,11
2,boost_1048576_same-core_unpaced,0,total,723630,737284,17
2,boost_1048576_same-core_unpaced,0,total,737284,750937,19
2,boost_1048576_same-core_unpaced,0,total,750937,764591,24
2,boost_1048576_same-core_unpaced,0,total,764591,778244,28
2,boost_1048576_same-core_unpaced,0,total,778244,791897,18
2,boost_1048576_same-core_unpaced,0,total,791897,805551,12
2,boost_1048576_same-core_unpaced,0,total,805551,819204,10
2,boost_1048576_same-core_unpaced,0,total,819204,832858,9
2,boost_1048576_same-core_unpaced,0,total,832858,846511,13
2,boost_1048576_same-core_unpaced,0,total,846511,860165,12
2,boost_1048576_same-core_unpaced,0,total,860165,873818,13
2,boost_1048576_same-core_unpaced,0,total,873818,901125,25
2,boost_1048576_same-core_unpaced,0,total,901125,928432,27
2,boost_1048576_same-core_unpaced,0,total,928432,955738,34
2,boost_1048576_same-core_unpaced,0,total,955738,983045,37
2,boost_1048576_same-core_unpaced,0,total,983045,1.01035e+06,34
2,boost_1048576_same-core_unpaced,0,total,1.01035e+06,1.03766e+06,36
2,boost_1048576_same-core_unpaced,0,total,1.03766e+06,1.06497e+06,22
2,boost_1048576_same-core_unpaced,0,total,1.06497e+06,1.09227e+06,26
2,boost_1048576_same-core_unpaced,0,total,1.09227e+06,1.11958e+06,38
2,boost_1048576_same-core_unpaced,0,total,1.11958e+06,1.14689e+06,21
2,boost_1048576_same-core_unpaced,0,total,1.14689e+06,1.17419e+06,24
2,boost_1048576_same-core_unpaced,0,total,1.17419e+06,1.2015e+06,33
2,boost_1048576_same-core_unpaced,0,total,1.2015e+06,1.22881e+06,25
2,boost_1048576_same-core_unpaced,0,total,1.22881e+06,1.25611e+06,38
2,boost_1048576_same-core_unpaced,0,total,1.25611e+06,1.28342e+06,33
2,boost_1048576_same-core_unpaced,0,total,1.28342e+06,1.31073e+06,32
2,boost_1048576_same-core_unpaced,0,total,1.31073e+06,1.33803e+06,31
2,boost_1048576_same-core_unpaced,0,total,1.33803e+06,1.36534e+06,33
2,boost_1048576_same-core_unpaced,0,total,1.36534e+06,1.39265e+06,51
2,boost_1048576_same-core_unpaced,0,total,1.39265e+06,1.41995e+06,40
2,boost_1048576_same-core_unpaced,0,total,1.41995e+06,1.44726e+06,29
2,boost_1048576_same-core_unpaced,0,total,1.44726e+06,1.47457e+06,30
2,boost_1048576_same-core_unpaced,0,total,1.47457e+06,1.50187e+06,22
2,boost_1048576_same-core_unpaced,0,total,1.50187e+06,1.52918e+06,33
2,boost_1048576_same-core_unpaced,0,total,1.52918e+06,1.55649e+06,31
2,boost_1048576_same-core_unpaced,0,total,1.55649e+06,1.58379e+06,28
2,boost_1048576_same-core_unpaced,0,total,1.58379e+06,1.6111e+06,28
2,boost_1048576_same-core_unpaced,0,total,1.6111e+06,1.63841e+06,33
2,boost_1048576_same-core_unpaced,0,total,1.63841e+06,1.66572e+06,30
2,boost_1048576_same-core_unpaced,0,total,1.66572e+06,1.69302e+06,42
2,boost_1048576_same-core_unpaced,0,total,1.69302e+06,1.72033e+06,58
2,boost_1048576_same-core_unpaced,0,total,1.72033e+06,1.74764e+06,35
2,boost_1048576_same-core_unpaced,0,total,1.74764e+06,1.80225e+06,56
2,boost_1048576_same-core_unpaced,0,total,1.80225e+06,1.85686e+06,55
2,boost_1048576_same-core_unpaced,0,total,1.85686e+06,1.91148e+06,58
2,boost_1048576_same-core_unpaced,0,total,1.91148e+06,1.96609e+06,50
2,boost_1048576_same-core_unpaced,0,total,1.96609e+06,2.0207e+06,61
2,boost_1048576_same-core_unpaced,0,total,2.0207e+06,2.07532e+06,46
2,boost_1048576_same-core_unpaced,0,total,2.07532e+06,2.12993e+06,44
2,boost_1048576_same-core_unpaced,0,total,2.12993e+06,2.18454e+06,76
2,boost_1048576_same-core_unpaced,0,total,2.18454e+06,2.23916e+06,54
2,boost_1048576_same-core_unpaced,0,total,2.23916e+06,2.29377e+06,95
2,boost_1048576_same-core_unpaced,0,total,2.29377e+06,2.34839e+06,57
2,boost_1048576_same-core_unpaced,0,total,2.34839e+06,2.403e+06,42
2,boost_1048576_same-core_unpaced,0,total,2.403e+06,2.45761e+06,62
2,boost_1048576_same-core_unpaced,0,total,2.45761e+06,2.51223e+06,54
2,boost_1048576_same-core_unpaced,0,total,2.51223e+06,2.56684e+06,43
2,boost_1048576_same-core_unpaced,0,total,2.56684e+06,2.62145e+06,44
2,boost_1048576_same-core_unpaced,0,total,2.62145e+06,2.67607e+06,65
2,boost_1048576_same-core_unpaced,0,total,2.67607e+06,2.73068e+06,59
2,boost_1048576_same-core_unpaced,0,total,2.73068e+06,2.78529e+06,62
2,boost_1048576_same-core_unpaced,0,total,2.78529e+06,2.83991e+06,67
2,boost_1048576_same-core_unpaced,0,total,2.83991e+06,2.89452e+06,57
2,boost_1048576_same-core_unpaced,0,total,2.89452e+06,2.94914e+06,58
2,boost_1048576_same-core_unpaced,0,total,2.94914e+06,3.00375e+06,63
2,boost_1048576_same-core_unpaced,0,total,3.00375e+06,3.05836e+06,52
2,boost_1048576_same-core_unpaced,0,total,3.05836e+06,3.11298e+06,60
2,boost_1048576_same-core_unpaced,0,total,3.11298e+06,3.16759e+06,69
2,boost_1048576_same-core_unpaced,0,total,3.16759e+06,3.2222e+06,52
2,boost_1048576_same-core_unpaced,0,total,3.2222e+06,3.27682e+06,52
2,boost_1048576_same-core_unpaced,0,total,3.27682e+06,3.33143e+06,47
2,boost_1048576_same-core_unpaced,0,total,3.33143e+06,3.38604e+06,61
2,boost_1048576_same-core_unpaced,0,total,3.38604e+06,3.44066e+06,72
2,boost_1048576_same-core_unpaced,0,total,3.44066e+06,3.49527e+06,96
2,boost_1048576_same-core_unpaced,0,total,3.49527e+06,3.6045e+06,207
2,boost_1048576_same-core_unpaced,0,total,3.6045e+06,3.71373e+06,104
2,boost_1048576_same-core_unpaced,0,total,3.71373e+06,3.82295e+06,98
2,boost_1048576_same-core_unpaced,0,total,3.82295e+06,3.93218e+06,118
2,boost_1048576_same-core_unpaced,0,total,3.93218e+06,4.04141e+06,119
2,boost_1048576_same-core_unpaced,0,total,4.04141e+06,4.15064e+06,111
2,boost_1048576_same-core_unpaced,0,total,4.15064e+06,4.25986e+06,119
2,boost_1048576_same-core_unpaced,0,total,4.25986e+06,4.36909e+06,115
2,boost_1048576_same-core_unpaced,0,total,4.36909e+06,4.47832e+06,128
2,boost_1048576_same-core_unpaced,0,total,4.47832e+06,4.58754e+06,133
2,boost_1048576_same-core_unpaced,0,total,4.58754e+06,4.69677e+06,133
2,boost_1048576_same-core_unpaced,0,total,4.69677e+06,4.806e+06,143
2,boost_1048576_same-core_unpaced,0,total,4.806e+06,4.91523e+06,105
2,boost_1048576_same-core_unpaced,0,total,4.91523e+06,5.02445e+06,125
2,boost_1048576_same-core_unpaced,0,total,5.02445e+06,5.13368e+06,117
2,boost_1048576_same-core_unpaced,0,total,5.13368e+06,5.24291e+06,111
2,boost_1048576_same-core_unpaced,0,total,5.24291e+06,5.35213e+06,102
2,boost_1048576_same-core_unpaced,0,total,5.35213e+06,5.46136e+06,128
2,boost_1048576_same-core_unpaced,0,total,5.46136e+06,5.57059e+06,114
2,boost_1048576_same-core_unpaced,0,total,5.57059e+06,5.67982e+06,112
2,boost_1048576_same-core_unpaced,0,total,5.67982e+06,5.78904e+06,134
2,boost_1048576_same-core_unpaced,0,total,5.78904e+06,5.89827e+06,181
2,boost_1048576_same-core_unpaced,0,total,5.89827e+06,6.0075e+06,209
2,boost_1048576_same-core_unpaced,0,total,6.0075e+06,6.11673e+06,118
2,boost_1048576_same-core_unpaced,0,total,6.11673e+06,6.22595e+06,93
2,boost_1048576_same-core_unpaced,0,total,6.22595e+06,6.33518e+06,119
2,boost_1048576_same-core_unpaced,0,total,6.33518e+06,6.44441e+06,101
2,boost_1048576_same-core_unpaced,0,total,6.44441e+06,6.55363e+06,75
2,boost_1048576_same-core_unpaced,0,total,6.55363e+06,6.66286e+06,107
2,boost_1048576_same-core_unpaced,0,total,6.66286e+06,6.77209e+06,83
2,boost_1048576_same-core_unpaced,0,total,6.77209e+06,6.88132e+06,106
2,boost_1048576_same-core_unpaced,0,total,6.88132e+06,6.99054e+06,100
2,boost_1048576_same-core_unpaced,0,total,6.99054e+06,7.209e+06,215
2,boost_1048576_same-core_unpaced,0,total,7.209e+06,7.42745e+06,237
2,boost_1048576_same-core_unpaced,0,total,7.42745e+06,7.64591e+06,217
2,boost_1048576_same-core_unpaced,0,total,7.64591e+06,7.86436e+06,211
2,boost_1048576_same-core_unpaced,0,total,7.86436e+06,8.08282e+06,229
2,boost_1048576_same-core_unpaced,0,total,8.08282e+06,8.30127e+06,243
2,boost_1048576_same-core_unpaced,0,total,8.30127e+06,8.51972e+06,201
2,boost_1048576_same-core_unpaced,0,total,8.51972e+06,8.73818e+06,206
2,boost_1048576_same-core_unpaced,0,total,8.73818e+06,8.95663e+06,215
2,boost_1048576_same-core_unpaced,0,total,8.95663e+06,9.17509e+06,233
2,boost_1048576_same-core_unpaced,0,total,9.17509e+06,9.39354e+06,227
2,boost_1048576_same-core_unpaced,0,total,9.39354e+06,9.612e+06,226
2,boost_1048576_same-core_unpaced,0,total,9.612e+06,9.83045e+06,223
2,boost_1048576_same-core_unpaced,0,total,9.83045e+06,1.00489e+07,235
2,boost_1048576_same-core_unpaced,0,total,1.00489e+07,1.02674e+07,220
2,boost_1048576_same-core_unpaced,0,total,1.02674e+07,1.04858e+07,238
2,boost_1048576_same-core_unpaced,0,total,1.04858e+07,1.07043e+07,234
2,boost_1048576_same-core_unpaced,0,total,1.07043e+07,1.09227e+07,205
2,boost_1048576_same-core_unpaced,0,total,1.09227e+07,1.11412e+07,390
2,boost_1048576_same-core_unpaced,0,total,1.11412e+07,1.13596e+07,296
2,boost_1048576_same-core_unpaced,0,total,1.13596e+07,1.15781e+07,206
2,boost_1048576_same-core_unpaced,0,total,1.15781e+07,1.17965e+07,199
2,boost_1048576_same-core_unpaced,0,total,1.17965e+07,1.2015e+07,211
2,boost_1048576_same-core_unpaced,0,total,1.2015e+07,1.22335e+07,221
2,boost_1048576_same-core_unpaced,0,total,1.22335e+07,1.24519e+07,183
2,boost_1048576_same-core_unpaced,0,total,1.24519e+07,1.26704e+07,189
2,boost_1048576_same-core_unpaced,0,total,1.26704e+07,1.28888e+07,263
2,boost_1048576_same-core_unpaced,0,total,1.28888e+07,1.31073e+07,246
2,boost_1048576_same-core_unpaced,0,total,1.31073e+07,1.33257e+07,192
2,boost_1048576_same-core_unpaced,0,total,1.33257e+07,1.35442e+07,220
2,boost_1048576_same-core_unpaced,0,total,1.35442e+07,1.37626e+07,209
2,boost_1048576_same-core_unpaced,0,total,1.37626e+07,1.39811e+07,210
2,boost_1048576_same-core_unpaced,0,total,1.39811e+07,1.4418e+07,436
2,boost_1048576_same-core_unpaced,0,total,1.4418e+07,1.48549e+07,451
2,boost_1048576_same-core_unpaced,0,total,1.48549e+07,1.52918e+07,472
2,boost_1048576_same-core_unpaced,0,total,1.52918e+07,1.57287e+07,410
2,boost_1048576_same-core_unpaced,0,total,1.57287e+07,1.61656e+07,448
2,boost_1048576_same-core_unpaced,0,total,1.61656e+07,1.66025e+07,408
2,boost_1048576_same-core_unpaced,0,total,1.66025e+07,1.70394e+07,439
2,boost_1048576_same-core_unpaced,0,total,1.70394e+07,1.74764e+07,461
2,boost_1048576_same-core_unpaced,0,total,1.74764e+07,1.79133e+07,399
2,boost_1048576_same-core_unpaced,0,total,1.79133e+07,1.83502e+07,417
2,boost_1048576_same-core_unpaced,0,total,1.83502e+07,1.87871e+07,432
2,boost_1048576_same-core_unpaced,0,total,1.87871e+07,1.9224e+07,440
2,boost_1048576_same-core_unpaced,0,total,1.9224e+07,1.96609e+07,427
2,boost_1048576_same-core_unpaced,0,total,1.96609e+07,2.00978e+07,456
2,boost_1048576_same-core_unpaced,0,total,2.00978e+07,2.05347e+07,411
2,boost_1048576_same-core_unpaced,0,total,2.05347e+07,2.09716e+07,422
2,boost_1048576_same-core_unpaced,0,total,2.09716e+07,2.14085e+07,442
2,boost_1048576_same-core_unpaced,0,total,2.14085e+07,2.18454e+07,750
2,boost_1048576_same-core_unpaced,0,total,2.18454e+07,2.22824e+07,464
2,boost_1048576_same-core_unpaced,0,total,2.22824e+07,2.27193e+07,413
2,boost_1048576_same-core_unpaced,0,total,2.27193e+07,2.31562e+07,421
2,boost_1048576_same-core_unpaced,0,total,2.31562e+07,2.35931e+07,440
2,boost_1048576_same-core_unpaced,0,total,2.35931e+07,2.403e+07,447
2,boost_1048576_same-core_unpaced,0,total,2.403e+07,2.44669e+07,455
2,boost_1048576_same-core_unpaced,0,total,2.44669e+07,2.49038e+07,435
2,boost_1048576_same-core_unpaced,0,total,2.49038e+07,2.53407e+07,464
2,boost_1048576_same-core_unpaced,0,total,2.53407e+07,2.57776e+07,447
2,boost_1048576_same-core_unpaced,0,total,2.57776e+07,2.62145e+07,385
2,boost_1048576_same-core_unpaced,0,total,2.62145e+07,2.66514e+07,420
2,boost_1048576_same-core_unpaced,0,total,2.66514e+07,2.70884e+07,426
2,boost_1048576_same-core_unpaced,0,total,2.70884e+07,2.75253e+07,421
2,boost_1048576_same-core_unpaced,0,total,2.75253e+07,2.79622e+07,424
2,boost_1048576_same-core_unpaced,0,total,2.79622e+07,2.8836e+07,785
2,boost_1048576_same-core_unpaced,0,total,2.8836e+07,2.97098e+07,826
2,boost_1048576_same-core_unpaced,0,total,2.97098e+07,3.05836e+07,724
2,boost_1048576_same-core_unpaced,0,total,3.05836e+07,3.14574e+07,822
2,boost_1048576_same-core_unpaced,0,total,3.14574e+07,3.23313e+07,753
2,boost_1048576_same-core_unpaced,0,total,3.23313e+07,3.32051e+07,979
2,boost_1048576_same-core_unpaced,0,total,3.32051e+07,3.40789e+07,1021
2,boost_1048576_same-core_unpaced,0,total,3.40789e+07,3.49527e+07,967
2,boost_1048576_same-core_unpaced,0,total,3.49527e+07,3.58265e+07,911
2,boost_1048576_same-core_unpaced,0,total,3.58265e+07,3.67004e+07,968
2,boost_1048576_same-core_unpaced,0,total,3.67004e+07,3.75742e+07,965
2,boost_1048576_same-core_unpaced,0,total,3.75742e+07,3.8448e+07,1084
2,boost_1048576_same-core_unpaced,0,total,3.8448e+07,3.93218e+07,1080
2,boost_1048576_same-core_unpaced,0,total,3.93218e+07,4.01956e+07,936
2,boost_1048576_same-core_unpaced,0,total,4.01956e+07,4.10694e+07,985
2,boost_1048576_same-core_unpaced,0,total,4.10694e+07,4.19433e+07,1016
2,boost_1048576_same-core_unpaced,0,total,4.19433e+07,4.28171e+07,1192
2,boost_1048576_same-core_unpaced,0,total,4.28171e+07,4.36909e+07,995
2,boost_1048576_same-core_unpaced,0,total,4.36909e+07,4.45647e+07,1011
2,boost_1048576_same-core_unpaced,0,total,4.45647e+07,4.54385e+07,1038
2,boost_1048576_same-core_unpaced,0,total,4.54385e+07,4.63123e+07,974
2,boost_1048576_same-core_unpaced,0,total,4.63123e+07,4.71862e+07,990
2,boost_1048576_same-core_unpaced,0,total,4.71862e+07,4.806e+07,1003
2,boost_1048576_same-core_unpaced,0,total,4.806e+07,4.89338e+07,970
2,boost_1048576_same-core_unpaced,0,total,4.89338e+07,4.98076e+07,958
2,boost_1048576_same-core_unpaced,0,total,4.98076e+07,5.06814e+07,974
2,boost_1048576_same-core_unpaced,0,total,5.06814e+07,5.15553e+07,960
2,boost_1048576_same-core_unpaced,0,total,5.15553e+07,5.24291e+07,1129
2,boost_1048576_same-core_unpaced,0,total,5.24291e+07,5.33029e+07,1017
2,boost_1048576_same-core_unpaced,0,total,5.33029e+07,5.41767e+07,968
2,boost_1048576_same-core_unpaced,0,total,5.41767e+07,5.50505e+07,1037
2,boost_1048576_same-core_unpaced,0,total,5.50505e+07,5.59243e+07,977
2,boost_1048576_same-core_unpaced,0,total,5.59243e+07,5.7672e+07,2030
2,boost_1048576_same-core_unpaced,0,total,5.7672e+07,5.94196e+07,1991
2,boost_1048576_same-core_unpaced,0,total,5.94196e+07,6.11673e+07,1719
2,boost_1048576_same-core_unpaced,0,total,6.11673e+07,6.29149e+07,1432
2,boost_1048576_same-core_unpaced,0,total,6.29149e+07,6.46625e+07,1458
2,boost_1048576_same-core_unpaced,0,total,6.46625e+07,6.64102e+07,1447
2,boost_1048576_same-core_unpaced,0,total,6.64102e+07,6.81578e+07,1420
2,boost_1048576_same-core_unpaced,0,total,6.81578e+07,6.99054e+07,1440
2,boost_1048576_same-core_unpaced,0,total,6.99054e+07,7.16531e+07,1399
2,boost_1048576_same-core_unpaced,0,total,7.16531e+07,7.34007e+07,1501
2,boost_1048576_same-core_unpaced,0,total,7.34007e+07,7.51483e+07,1512
2,boost_1048576_same-core_unpaced,0,total,7.51483e+07,7.6896e+07,1503
2,boost_1048576_same-core_unpaced,0,total,7.6896e+07,7.86436e+07,1418
2,boost_1048576_same-core_unpaced,0,total,7.86436e+07,8.03912e+07,1489
2,boost_1048576_same-core_unpaced,0,total,8.03912e+07,8.21389e+07,1441
2,boost_1048576_same-core_unpaced,0,total,8.21389e+07,8.38865e+07,1430
2,boost_1048576_same-core_unpaced,0,total,8.38865e+07,8.56342e+07,1469
2,boost_1048576_same-core_unpaced,0,total,8.56342e+07,8.73818e+07,1465
2,boost_1048576_same-core_unpaced,0,total,8.73818e+07,8.91294e+07,1412
2,boost_1048576_same-core_unpaced,0,total,8.91294e+07,9.08771e+07,1454
2,boost_1048576_same-core_unpaced,0,total,9.08771e+07,9.26247e+07,1418
2,boost_1048576_same-core_unpaced,0,total,9.26247e+07,9.43723e+07,1427
2,boost_1048576_same-core_unpaced,0,total,9.43723e+07,9.612e+07,1414
2,boost_1048576_same-core_unpaced,0,total,9.612e+07,9.78676e+07,1465
2,boost_1048576_same-core_unpaced,0,total,9.78676e+07,9.96152e+07,1492
2,boost_1048576_same-core_unpaced,0,total,9.96152e+07,1.01363e+08,1462
2,boost_1048576_same-core_unpaced,0,total,1.01363e+08,1.03111e+08,61474
2,boost_1048576_same-core_unpaced,0,total,1.03111e+08,1.04858e+08,4043
2,boost_1048576_same-core_unpaced,0,total,1.04858e+08,1.06606e+08,3716
2,boost_1048576_same-core_unpaced,0,total,1.06606e+08,1.08353e+08,16597
2,boost_1048576_same-core_unpaced,0,total,1.08353e+08,1.10101e+08,7863
2,boost_1048576_same-core_unpaced,0,total,1.10101e+08,1.11849e+08,36216
2,boost_1048576_same-core_unpaced,0,total,1.11849e+08,1.15344e+08,22795
2,boost_1048576_same-core_unpaced,0,total,1.15344e+08,1.18839e+08,13865
2,boost_1048576_same-core_unpaced,0,total,1.18839e+08,1.22335e+08,13181
2,boost_1048576_same-core_unpaced,0,total,1.22335e+08,1.2583e+08,11816
2,boost_1048576_same-core_unpaced,0,total,1.2583e+08,1.29325e+08,10848
2,boost_1048576_same-core_unpaced,0,total,1.29325e+08,1.3282e+08,29677
2,boost_1048576_same-core_unpaced,0,total,1.3282e+08,1.36316e+08,15218
2,boost_1048576_same-core_unpaced,0,total,1.36316e+08,1.39811e+08,12543
2,boost_1048576_same-core_unpaced,0,total,1.39811e+08,1.43306e+08,9550
2,boost_1048576_same-core_unpaced,0,total,1.43306e+08,1.46801e+08,9631
2,boost_1048576_same-core_unpaced,0,total,1.46801e+08,1.50297e+08,12576
2,boost_1048576_same-core_unpaced,0,total,1.50297e+08,1.53792e+08,10731
2,boost_1048576_same-core_unpaced,0,total,1.53792e+08,1.57287e+08,9262
2,boost_1048576_same-core_unpaced,0,total,1.57287e+08,1.60782e+08,67677
2,boost_1048576_same-core_unpaced,0,total,1.60782e+08,1.64278e+08,334806
2,boost_1048576_same-core_unpaced,0,total,1.64278e+08,1.67773e+08,486007
2,boost_1048576_same-core_unpaced,0,total,1.67773e+08,1.71268e+08,462659
2,boost_1048576_same-core_unpaced,0,total,1.71268e+08,1.74764e+08,290818
2,boost_1048576_same-core_unpaced,0,total,1.74764e+08,1.78259e+08,108614
2,boost_1048576_same-core_unpaced,0,total,1.78259e+08,1.81754e+08,13784
2,boost_1048576_same-core_unpaced,0,total,1.81754e+08,1.85249e+08,36564
2,boost_1048576_same-core_unpaced,0,total,1.85249e+08,1.88745e+08,59536
2,boost_1048576_same-core_unpaced,0,total,1.88745e+08,1.9224e+08,52570
2,boost_1048576_same-core_unpaced,0,total,1.9224e+08,1.95735e+08,57537
2,boost_1048576_same-core_unpaced,0,queue,32.5002,33.3335,1
2,boost_1048576_same-core_unpaced,0,queue,34.1668,35.0002,2
2,boost_1048576_same-core_unpaced,0,queue,35.0002,35.8335,1
2,boost_1048576_same-core_unpaced,0,queue,36.6669,37.5002,1
2,boost_1048576_same-core_unpaced,0,queue,37.5002,38.3335,1
2,boost_1048576_same-core_unpaced,0,queue,39.1669,40.0002,2
2,boost_1048576_same-core_unpaced,0,queue,40.0002,40.8335,2
2,boost_1048576_same-core_unpaced,0,queue,42.5002,43.3336,3
2,boost_1048576_same-core_unpaced,0,queue,43.3336,44.1669,4
2,boost_1048576_same-core_unpaced,0,queue,44.1669,45.0002,3
2,boost_1048576_same-core_unpaced,0,queue,45.0002,45.8336,3
2,boost_1048576_same-core_unpaced,0,queue,45.8336,46.6669,3
2,boost_1048576_same-core_unpaced,0,queue,46.6669,47.5002,7
2,boost_1048576_same-core_unpaced,0,queue,47.5002,48.3336,4
2,boost_1048576_same-core_unpaced,0,queue,48.3336,49.1669,4
2,boost_1048576_same-core_unpaced,0,queue,49.1669,50.0003,4
2,boost_1048576_same-core_unpaced,0,queue,50.0003,50.8336,3
2,boost_1048576_same-core_unpaced,0,queue,50.8336,51.6669,3
2,boost_1048576_same-core_unpaced,0,queue,51.6669,52.5003,3
2,boost_1048576_same-core_unpaced,0,queue,52.5003,53.3336,5
2,boost_1048576_same-core_unpaced,0,queue,53.3336,55.0003,10
2,boost_1048576_same-core_unpaced,0,queue,55.0003,56.667,15
2,boost_1048576_same-core_unpaced,0,queue,56.667,58.3336,18
2,boost_1048576_same-core_unpaced,0,queue,58.3336,60.0003,17
2,boost_1048576_same-core_unpaced,0,queue,60.0003,61.667,17
2,boost_1048576_same-core_unpaced,0,queue,61.667,63.3337,10
2,boost_1048576_same-core_unpaced,0,queue,63.3337,65.0003,3
2,boost_1048576_same-core_unpaced,0,queue,65.0003,66.667,15
2,boost_1048576_same-core_unpaced,0,queue,66.667,68.3337,12
2,boost_1048576_same-core_unpaced,0,queue,68.3337,70.0004,8
2,boost_1048576_same-core_unpaced,0,queue,70.0004,71.667,6
2,boost_1048576_same-core_unpaced,0,queue,71.667,73.3337,8
2,boost_1048576_same-core_unpaced,0,queue,73.3337,75.0004,7
2,boost_1048576_same-core_unpaced,0,queue,75.0004,76.6671,10
2,boost_1048576_same-core_unpaced,0,queue,76.6671,78.3337,9
2,boost_1048576_same-core_unpaced,0,queue,78.3337,80.0004,8
2,boost_1048576_same-core_unpaced,0,queue,80.0004,81.6671,5
2,boost_1048576_same-core_unpaced,0,queue,81.6671,83.3338,5
2,boost_1048576_same-core_unpaced,0,queue,83.3338,85.0004,5
2,boost_1048576_same-core_unpaced,0,queue,85.0004,86.6671,5
2,boost_1048576_same-core_unpaced,0,queue,86.6671,88.3338,3
2,boost_1048576_same-core_unpaced,0,queue,88.3338,90.0005,2
2,boost_1048576_same-core_unpaced,0,queue,90.0005,91.6671,7
2,boost_1048576_same-core_unpaced,0,queue,91.6671,93.3338,7
2,boost_1048576_same-core_unpaced,0,queue,93.3338,95.0005,8
2,boost_1048576_same-core_unpaced,0,queue,95.0005,96.6672,6
2,boost_1048576_same-core_unpaced,0,queue,96.6672,98.3338,8
2,boost_1048576_same-core_unpaced,0,queue,98.3338,100.001,7
2,boost_1048576_same-core_unpaced,0,queue,100.001,101.667,11
2,boost_1048576_same-core_unpaced,0,queue,101.667,103.334,3
2,boost_1048576_same-core_unpaced,0,queue,103.334,105.001,6
2,boost_1048576_same-core_unpaced,0,queue,105.001,106.667,5
2,boost_1048576_same-core_unpaced,0,queue,106.667,110.001,5
2,boost_1048576_same-core_unpaced,0,queue,110.001,113.334,9
2,boost_1048576_same-core_unpaced,0,queue,113.334,116.667,13
2,boost_1048576_same-core_unpaced,0,queue,116.667,120.001,7
2,boost_1048576_same-core_unpaced,0,queue,120.001,123.334,11
2,boost_1048576_same-core_unpaced,0,queue,123.334,126.667,4
2,boost_1048576_same-core_unpaced,0,queue,126.667,130.001,7
2,boost_1048576_same-core_unpaced,0,queue,130.001,133.334,3
2,boost_1048576_same-core_unpaced,0,queue,133.334,136.667,4
2,boost_1048576_same-core_unpaced,0,queue,136.667,140.001,4
2,boost_1048576_same-core_unpaced,0,queue,140.001,143.334,5
2,boost_1048576_same-core_unpaced,0,queue,143.334,146.667,5
2,boost_1048576_same-core_unpaced,0,queue,146.667,150.001,6
2,boost_1048576_same-core_unpaced,0,queue,150.001,153.334,5
2,boost_1048576_same-core_unpaced,0,queue,153.334,156.667,11
2,boost_1048576_same-core_unpaced,0,queue,156.667,160.001,1
2,boost_1048576_same-core_unpaced,0,queue,160.001,163.334,3
2,boost_1048576_same-core_unpaced,0,queue,163.334,166.668,3
2,boost_1048576_same-core_unpaced,0,queue,166.668,170.001,3
2,boost_1048576_same-core_unpaced,0,queue,170.001,173.334,2
2,boost_1048576_same-core_unpaced,0,queue,173.334,176.668,5
2,boost_1048576_same-core_unpaced,0,queue,176.668,180.001,2
2,boost_1048576_same-core_unpaced,0,queue,180.001,183.334,4
2,boost_1048576_same-core_unpaced,0,queue,183.334,186.668,3
2,boost_1048576_same-core_unpaced,0,queue,186.668,190.001,4
2,boost_1048576_same-core_unpaced,0,queue,190.001,193.334,2
2,boost_1048576_same-core_unpaced,0,queue,193.334,196.668,1
2,boost_1048576_same-core_unpaced,0,queue,196.668,200.001,1
2,boost_1048576_same-core_unpaced,0,queue,200.001,203.334,1
2,boost_1048576_same-core_unpaced,0,queue,203.334,206.668,1
2,boost_1048576_same-core_unpaced,0,queue,210.001,213.334,1
2,boost_1048576_same-core_unpaced,0,queue,213.334,220.001,2
2,boost_1048576_same-core_unpaced,0,queue,220.001,226.668,3
2,boost_1048576_same-core_unpaced,0,queue,226.668,233.335,2
2,boost_1048576_same-core_unpaced,0,queue,233.335,240.001,4
2,boost_1048576_same-core_unpaced,0,queue,240.001,246.668,2
2,boost_1048576_same-core_unpaced,0,queue,246.668,253.335,2
2,boost_1048576_same-core_unpaced,0,queue,253.335,260.001,1
2,boost_1048576_same-core_unpaced,0,queue,260.001,266.668,1
2,boost_1048576_same-core_unpaced,0,queue,266.668,273.335,2
2,boost_1048576_same-core_unpaced,0,queue,280.001,286.668,2
2,boost_1048576_same-core_unpaced,0,queue,286.668,293.335,2
2,boost_1048576_same-core_unpaced,0,queue,293.335,300.002,1
2,boost_1048576_same-core_unpaced,0,queue,300.002,306.668,1
2,boost_1048576_same-core_unpaced,0,queue,306.668,313.335,1
2,boost_1048576_same-core_unpaced,0,queue,313.335,320.002,1
2,boost_1048576_same-core_unpaced,0,queue,326.668,333.335,3
2,boost_1048576_same-core_unpaced,0,queue,333.335,340.002,1
2,boost_1048576_same-core_unpaced,0,queue,340.002,346.668,1
2,boost_1048576_same-core_unpaced,0,queue,346.668,353.335,1
2,boost_1048576_same-core_unpaced,0,queue,366.669,373.335,1
2,boost_1048576_same-core_unpaced,0,queue,393.335,400.002,2
2,boost_1048576_same-core_unpaced,0,queue,413.335,420.002,1
2,boost_1048576_same-core_unpaced,0,queue,426.669,440.002,1
2,boost_1048576_same-core_unpaced,0,queue,440.002,453.336,1
2,boost_1048576_same-core_unpaced,0,queue,466.669,480.003,2
2,boost_1048576_same-core_unpaced,0,queue,480.003,493.336,1
2,boost_1048576_same-core_unpaced,0,queue,493.336,506.669,1
2,boost_1048576_same-core_unpaced,0,queue,506.669,520.003,2
2,boost_1048576_same-core_unpaced,0,queue,520.003,533.336,1
2,boost_1048576_same-core_unpaced,0,queue,533.336,546.67,1
2,boost_1048576_same-core_unpaced,0,queue,546.67,560.003,1
2,boost_1048576_same-core_unpaced,0,queue,560.003,573.336,1
2,boost_1048576_same-core_unpaced,0,queue,573.336,586.67,1
2,boost_1048576_same-core_unpaced,0,queue,600.003,613.337,1
2,boost_1048576_same-core_unpaced,0,queue,626.67,640.003,1
2,boost_1048576_same-core_unpaced,0,queue,640.003,653.337,1
2,boost_1048576_same-core_unpaced,0,queue,693.337,706.67,2
2,boost_1048576_same-core_unpaced,0,queue,746.671,760.004,1
2,boost_1048576_same-core_unpaced,0,queue,800.004,813.338,1
2,boost_1048576_same-core_unpaced,0,queue,880.005,906.671,2
2,boost_1048576_same-core_unpaced,0,queue,906.671,933.338,1
2,boost_1048576_same-core_unpaced,0,queue,1013.34,1040.01,1
2,boost_1048576_same-core_unpaced,0,queue,1040.01,1066.67,1
2,boost_1048576_same-core_unpaced,0,queue,1386.67,1413.34,1
2,boost_1048576_same-core_unpaced,0,queue,1413.34,1440.01,1
2,boost_1048576_same-core_unpaced,0,queue,1493.34,1520.01,1
2,boost_1048576_same-core_unpaced,0,queue,1546.67,1573.34,1
2,boost_1048576_same-core_unpaced,0,queue,20480.1,20906.8,1
2,boost_1048576_same-core_unpaced,0,queue,21333.4,21760.1,1
2,boost_1048576_same-core_unpaced,0,queue,24746.8,25173.5,1
2,boost_1048576_same-core_unpaced,0,queue,25600.1,26026.8,1
2,boost_1048576_same-core_unpaced,0,queue,29013.5,29866.8,1
2,boost_1048576_same-core_unpaced,0,queue,29866.8,30720.2,1
2,boost_1048576_same-core_unpaced,0,queue,30720.2,31573.5,1
2,boost_1048576_same-core_unpaced,0,queue,31573.5,32426.8,1
2,boost_1048576_same-core_unpaced,0,queue,42666.9,43520.2,1
2,boost_1048576_same-core_unpaced,0,queue,43520.2,44373.6,1
2,boost_1048576_same-core_unpaced,0,queue,49493.6,50346.9,1
2,boost_1048576_same-core_unpaced,0,queue,56320.3,58027,4
2,boost_1048576_same-core_unpaced,0,queue,61440.3,63147,1
2,boost_1048576_same-core_unpaced,0,queue,63147,64853.7,1
2,boost_1048576_same-core_unpaced,0,queue,64853.7,66560.3,2
2,boost_1048576_same-core_unpaced,0,queue,66560.3,68267,2
2,boost_1048576_same-core_unpaced,0,queue,68267,69973.7,1
2,boost_1048576_same-core_unpaced,0,queue,75093.7,76800.4,1
2,boost_1048576_same-core_unpaced,0,queue,76800.4,78507.1,1
2,boost_1048576_same-core_unpaced,0,queue,83627.1,85333.8,1
2,boost_1048576_same-core_unpaced,0,queue,85333.8,87040.5,1
2,boost_1048576_same-core_unpaced,0,queue,87040.5,88747.1,1
2,boost_1048576_same-core_unpaced,0,queue,88747.1,90453.8,1
2,boost_1048576_same-core_unpaced,0,queue,90453.8,92160.5,1
2,boost_1048576_same-core_unpaced,0,queue,92160.5,93867.2,1
2,boost_1048576_same-core_unpaced,0,queue,93867.2,95573.8,1
2,boost_1048576_same-core_unpaced,0,queue,95573.8,97280.5,1
2,boost_1048576_same-core_unpaced,0,queue,97280.5,98987.2,2
2,boost_1048576_same-core_unpaced,0,queue,102401,104107,1
2,boost_1048576_same-core_unpaced,0,queue,104107,105814,1
2,boost_1048576_same-core_unpaced,0,queue,109227,112641,4
2,boost_1048576_same-core_unpaced,0,queue,112641,116054,2
2,boost_1048576_same-core_unpaced,0,queue,116054,119467,3
2,boost_1048576_same-core_unpaced,0,queue,119467,122881,1
2,boost_1048576_same-core_unpaced,0,queue,122881,126294,1
2,boost_1048576_same-core_unpaced,0,queue,126294,129707,2
2,boost_1048576_same-core_unpaced,0,queue,129707,133121,2
2,boost_1048576_same-core_unpaced,0,queue,133121,136534,1
2,boost_1048576_same-core_unpaced,0,queue,136534,139947,1
2,boost_1048576_same-core_unpaced,0,queue,139947,143361,3
2,boost_1048576_same-core_unpaced,0,queue,143361,146774,3
2,boost_1048576_same-core_unpaced,0,queue,146774,150187,1
2,boost_1048576_same-core_unpaced,0,queue,153601,157014,1
2,boost_1048576_same-core_unpaced,0,queue,157014,160428,3
2,boost_1048576_same-core_unpaced,0,queue,160428,163841,4
2,boost_1048576_same-core_unpaced,0,queue,163841,167254,3
2,boost_1048576_same-core_unpaced,0,queue,167254,170668,2
2,boost_1048576_same-core_unpaced,0,queue,170668,174081,3
2,boost_1048576_same-core_unpaced,0,queue,174081,177494,1
2,boost_1048576_same-core_unpaced,0,queue,177494,180908,1
2,boost_1048576_same-core_unpaced,0,queue,180908,184321,3
2,boost_1048576_same-core_unpaced,0,queue,184321,187734,1
2,boost_1048576_same-core_unpaced,0,queue,187734,191148,1
2,boost_1048576_same-core_unpaced,0,queue,191148,194561,2
2,boost_1048576_same-core_unpaced,0,queue,194561,197974,1
2,boost_1048576_same-core_unpaced,0,queue,197974,201388,2
2,boost_1048576_same-core_unpaced,0,queue,204801,208214,1
2,boost_1048576_same-core_unpaced,0,queue,208214,211628,3
2,boost_1048576_same-core_unpaced,0,queue,218454,225281,3
2,boost_1048576_same-core_unpaced,0,queue,225281,232108,7
2,boost_1048576_same-core_unpaced,0,queue,232108,238935,5
2,boost_1048576_same-core_unpaced,0,queue,238935,245761,9
2,boost_1048576_same-core_unpaced,0,queue,245761,252588,6
2,boost_1048576_same-core_unpaced,0,queue,252588,259415,3
2,boost_1048576_same-core_unpaced,0,queue,259415,266241,2
2,boost_1048576_same-core_unpaced,0,queue,266241,273068,5
2,boost_1048576_same-core_unpaced,0,queue,286722,293548,1
2,boost_1048576_same-core_unpaced,0,queue,293548,300375,6
2,boost_1048576_same-core_unpaced,0,queue,300375,307202,7
2,boost_1048576_same-core_unpaced,0,queue,307202,314028,3
2,boost_1048576_same-core_unpaced,0,queue,314028,320855,3
2,boost_1048576_same-core_unpaced,0,queue,320855,327682,5
2,boost_1048576_same-core_unpaced,0,queue,327682,334508,5
2,boost_1048576_same-core_unpaced,0,queue,334508,341335,6
2,boost_1048576_same-core_unpaced,0,queue,341335,348162,3
2,boost_1048576_same-core_unpaced,0,queue,348162,354989,7
2,boost_1048576_same-core_unpaced,0,queue,354989,361815,13
2,boost_1048576_same-core_unpaced,0,queue,361815,368642,12
2,boost_1048576_same-core_unpaced,0,queue,368642,375469,3
2,boost_1048576_same-core_unpaced,0,queue,375469,382295,9
2,boost_1048576_same-core_unpaced,0,queue,382295,389122,5
2,boost_1048576_same-core_unpaced,0,queue,389122,395949,2
2,boost_1048576_same-core_unpaced,0,queue,395949,402775,6
2,boost_1048576_same-core_unpaced,0,queue,402775,409602,5
2,boost_1048576_same-core_unpaced,0,queue,409602,416429,3
2,boost_1048576_same-core_unpaced,0,queue,416429,423256,8
2,boost_1048576_same-core_unpaced,0,queue,423256,430082,8
2,boost_1048576_same-core_unpaced,0,queue,430082,436909,8
2,boost_1048576_same-core_unpaced,0,queue,436909,450562,13
2,boost_1048576_same-core_unpaced,0,queue,450562,464216,11
2,boost_1048576_same-core_unpaced,0,queue,464216,477869,11
2,boost_1048576_same-core_unpaced,0,queue,477869,491523,10
2,boost_1048576_same-core_unpaced,0,queue,491523,505176,17
2,boost_1048576_same-core_unpaced,0,queue,505176,518829,9
2,boost_1048576_same-core_unpaced,0,queue,518829,532483,10
2,boost_1048576_same-core_unpaced,0,queue,532483,546136,13
2,boost_1048576_same-core_unpaced,0,queue,546136,559790,10
2,boost_1048576_same-core_unpaced,0,queue,559790,573443,10
2,boost_1048576_same-core_unpaced,0,queue,573443,587096,8
2,boost_1048576_same-core_unpaced,0,queue,587096,600750,12
2,boost_1048576_same-core_unpaced,0,queue,600750,614403,8
2,boost_1048576_same-core_unpaced,0,queue,614403,628057,8
2,boost_1048576_same-core_unpaced,0,queue,628057,641710,12
2,boost_1048576_same-core_unpaced,0,queue,641710,655363,17
2,boost_1048576_same-core_unpaced,0,queue,655363,669017,9
2,boost_1048576_same-core_unpaced,0,queue,669017,682670,13
2,boost_1048576_same-core_unpaced,0,queue,682670,696324,15
2,boost_1048576_same-core_unpaced,0,queue,696324,709977,23
2,boost_1048576_same-core_unpaced,0,queue,709977,723630,11
2,boost_1048576_same-core_unpaced,0,queue,723630,737284,17
2,boost_1048576_same-core_unpaced,0,queue,737284,750937,19
2,boost_1048576_same-core_unpaced,0,queue,750937,764591,24
2,boost_1048576_same-core_unpaced,0,queue,764591,778244,28
2,boost_1048576_same-core_unpaced,0,queue,778244,791897,18
2,boost_1048576_same-core_unpaced,0,queue,791897,805551,12
2,boost_1048576_same-core_unpaced,0,queue,805551,819204,10
2,boost_1048576_same-core_unpaced,0,queue,819204,832858,9
2,boost_1048576_same-core_unpaced,0,queue,832858,846511,13
2,boost_1048576_same-core_unpaced,0,queue,846511,860165,12
2,boost_1048576_same-core_unpaced,0,queue,860165,873818,13
2,boost_1048576_same-core_unpaced,0,queue,873818,901125,25
2,boost_1048576_same-core_unpaced,0,queue,901125,928432,27
2,boost_1048576_same-core_unpaced,0,queue,928432,955738,35
2,boost_1048576_same-core_unpaced,0,queue,955738,983045,36
2,boost_1048576_same-core_unpaced,0,queue,983045,1.01035e+06,34
2,boost_1048576_same-core_unpaced,0,queue,1.01035e+06,1.03766e+06,36
2,boost_1048576_same-core_unpaced,0,queue,1.03766e+06,1.06497e+06,23
2,boost_1048576_same-core_unpaced,0,queue,1.06497e+06,1.09227e+06,26
2,boost_1048576_same-core_unpaced,0,queue,1.09227e+06,1.11958e+06,37
2,boost_1048576_same-core_unpaced,0,queue,1.11958e+06,1.14689e+06,21
2,boost_1048576_same-core_unpaced,0,queue,1.14689e+06,1.17419e+06,24
2,boost_1048576_same-core_unpaced,0,queue,1.17419e+06,1.2015e+06,33
2,boost_1048576_same-core_unpaced,0,queue,1.2015e+06,1.22881e+06,25
2,boost_1048576_same-core_unpaced,0,queue,1.22881e+06,1.25611e+06,38
2,boost_1048576_same-core_unpaced,0,queue,1.25611e+06,1.28342e+06,33
2,boost_1048576_same-core_unpaced,0,queue,1.28342e+06,1.31073e+06,32
2,boost_1048576_same-core_unpaced,0,queue,1.31073e+06,1.33803e+06,31
2,boost_1048576_same-core_unpaced,0,queue,1.33803e+06,1.36534e+06,33
2,boost_1048576_same-core_unpaced,0,queue,1.36534e+06,1.39265e+06,52
2,boost_1048576_same-core_unpaced,0,queue,1.39265e+06,1.41995e+06,39
2,boost_1048576_same-core_unpaced,0,queue,1.41995e+06,1.44726e+06,29
2,boost_1048576_same-core_unpaced,0,queue,1.44726e+06,1.47457e+06,30
2,boost_1048576_same-core_unpaced,0,queue,1.47457e+06,1.50187e+06,22
2,boost_1048576_same-core_unpaced,0,queue,1.50187e+06,1.52918e+06,33
2,boost_1048576_same-core_unpaced,0,queue,1.52918e+06,1.55649e+06,32
2,boost_1048576_same-core_unpaced,0,queue,1.55649e+06,1.58379e+06,28
2,boost_1048576_same-core_unpaced,0,queue,1.58379e+06,1.6111e+06,27
2,boost_1048576_same-core_unpaced,0,queue,1.6111e+06,1.63841e+06,33
2,boost_1048576_same-core_unpaced,0,queue,1.63841e+06,1.66572e+06,30
2,boost_1048576_same-core_unpaced,0,queue,1.66572e+06,1.69302e+06,42
2,boost_1048576_same-core_unpaced,0,queue,1.69302e+06,1.72033e+06,58
2,boost_1048576_same-core_unpaced,0,queue,1.72033e+06,1.74764e+06,35
2,boost_1048576_same-core_unpaced,0,queue,1.74764e+06,1.80225e+06,56
2,boost_1048576_same-core_unpaced,0,queue,1.80225e+06,1.85686e+06,56
2,boost_1048576_same-core_unpaced,0,queue,1.85686e+06,1.91148e+06,57
2,boost_1048576_same-core_unpaced,0,queue,1.91148e+06,1.96609e+06,50
2,boost_1048576_same-core_unpaced,0,queue,1.96609e+06,2.0207e+06,61
2,boost_1048576_same-core_unpaced,0,queue,2.0207e+06,2.07532e+06,46
2,boost_1048576_same-core_unpaced,0,queue,2.07532e+06,2.12993e+06,44
2,boost_1048576_same-core_unpaced,0,queue,2.12993e+06,2.18454e+06,76
2,boost_1048576_same-core_unpaced,0,queue,2.18454e+06,2.23916e+06,54
2,boost_1048576_same-core_unpaced,0,queue,2.23916e+06,2.29377e+06,96
2,boost_1048576_same-core_unpaced,0,queue,2.29377e+06,2.34839e+06,56
2,boost_1048576_same-core_unpaced,0,queue,2.34839e+06,2.403e+06,43
2,boost_1048576_same-core_unpaced,0,queue,2.403e+06,2.45761e+06,61
2,boost_1048576_same-core_unpaced,0,queue,2.45761e+06,2.51223e+06,54
2,boost_1048576_same-core_unpaced,0,queue,2.51223e+06,2.56684e+06,43
2,boost_1048576_same-core_unpaced,0,queue,2.56684e+06,2.62145e+06,44
2,boost_1048576_same-core_unpaced,0,queue,2.62145e+06,2.67607e+06,65
2,boost_1048576_same-core_unpaced,0,queue,2.67607e+06,2.73068e+06,59
2,boost_1048576_same-core_unpaced,0,queue,2.73068e+06,2.78529e+06,63
2,boost_1048576_same-core_unpaced,0,queue,2.78529e+06,2.83991e+06,66
2,boost_1048576_same-core_unpaced,0,queue,2.83991e+06,2.89452e+06,57
2,boost_1048576_same-core_unpaced,0,queue,2.89452e+06,2.94914e+06,58
2,boost_1048576_same-core_unpaced,0,queue,2.94914e+06,3.00375e+06,63
2,boost_1048576_same-core_unpaced,0,queue,3.00375e+06,3.05836e+06,52
2,boost_1048576_same-core_unpaced,0,queue,3.05836e+06,3.11298e+06,60
2,boost_1048576_same-core_unpaced,0,queue,3.11298e+06,3.16759e+06,69
2,boost_1048576_same-core_unpaced,0,queue,3.16759e+06,3.2222e+06,53
2,boost_1048576_same-core_unpaced,0,queue,3.2222e+06,3.27682e+06,51
2,boost_1048576_same-core_unpaced,0,queue,3.27682e+06,3.33143e+06,47
2,boost_1048576_same-core_unpaced,0,queue,3.33143e+06,3.38604e+06,61
2,boost_1048576_same-core_unpaced,0,queue,3.38604e+06,3.44066e+06,72
2,boost_1048576_same-core_unpaced,0,queue,3.44066e+06,3.49527e+06,96
2,boost_1048576_same-core_unpaced,0,queue,3.49527e+06,3.6045e+06,207
2,boost_1048576_same-core_unpaced,0,queue,3.6045e+06,3.71373e+06,104
2,boost_1048576_same-core_unpaced,0,queue,3.71373e+06,3.82295e+06,99
2,boost_1048576_same-core_unpaced,0,queue,3.82295e+06,3.93218e+06,117
2,boost_1048576_same-core_unpaced,0,queue,3.93218e+06,4.04141e+06,119
2,boost_1048576_same-core_unpaced,0,queue,4.04141e+06,4.15064e+06,111
2,boost_1048576_same-core_unpaced,0,queue,4.15064e+06,4.25986e+06,119
2,boost_1048576_same-core_unpaced,0,queue,4.25986e+06,4.36909e+06,115
2,boost_1048576_same-core_unpaced,0,queue,4.36909e+06,4.47832e+06,129
2,boost_1048576_same-core_unpaced,0,queue,4.47832e+06,4.58754e+06,132
2,boost_1048576_same-core_unpaced,0,queue,4.58754e+06,4.69677e+06,133
2,boost_1048576_same-core_unpaced,0,queue,4.69677e+06,4.806e+06,143
2,boost_1048576_same-core_unpaced,0,queue,4.806e+06,4.91523e+06,105
2,boost_1048576_same-core_unpaced,0,queue,4.91523e+06,5.02445e+06,125
2,boost_1048576_same-core_unpaced,0,queue,5.02445e+06,5.13368e+06,117
2,boost_1048576_same-core_unpaced,0,queue,5.13368e+06,5.24291e+06,111
2,boost_1048576_same-core_unpaced,0,queue,5.24291e+06,5.35213e+06,102
2,boost_1048576_same-core_unpaced,0,queue,5.35213e+06,5.46136e+06,128
2,boost_1048576_same-core_unpaced,0,queue,5.46136e+06,5.57059e+06,114
2,boost_1048576_same-core_unpaced,0,queue,5.57059e+06,5.67982e+06,112
2,boost_1048576_same-core_unpaced,0,queue,5.67982e+06,5.78904e+06,134
2,boost_1048576_same-core_unpaced,0,queue,5.78904e+06,5.89827e+06,182
2,boost_1048576_same-core_unpaced,0,queue,5.89827e+06,6.0075e+06,208
2,boost_1048576_same-core_unpaced,0,queue,6.0075e+06,6.11673e+06,118
2,boost_1048576_same-core_unpaced,0,queue,6.11673e+06,6.22595e+06,93
2,boost_1048576_same-core_unpaced,0,queue,6.22595e+06,6.33518e+06,119
2,boost_1048576_same-core_unpaced,0,queue,6.33518e+06,6.44441e+06,101
2,boost_1048576_same-core_unpaced,0,queue,6.44441e+06,6.55363e+06,75
2,boost_1048576_same-core_unpaced,0,queue,6.55363e+06,6.66286e+06,107
2,boost_1048576_same-core_unpaced,0,queue,6.66286e+06,6.77209e+06,83
2,boost_1048576_same-core_unpaced,0,queue,6.77209e+06,6.88132e+06,106
2,boost_1048576_same-core_unpaced,0,queue,6.88132e+06,6.99054e+06,100
2,boost_1048576_same-core_unpaced,0,queue,6.99054e+06,7.209e+06,215
2,boost_1048576_same-core_unpaced,0,queue,7.209e+06,7.42745e+06,237
2,boost_1048576_same-core_unpaced,0,queue,7.42745e+06,7.64591e+06,217
2,boost_1048576_same-core_unpaced,0,queue,7.64591e+06,7.86436e+06,211
2,boost_1048576_same-core_unpaced,0,queue,7.86436e+06,8.08282e+06,229
2,boost_1048576_same-core_unpaced,0,queue,8.08282e+06,8.30127e+06,244
2,boost_1048576_same-core_unpaced,0,queue,8.30127e+06,8.51972e+06,200
2,boost_1048576_same-core_unpaced,0,queue,8.51972e+06,8.73818e+06,206
2,boost_1048576_same-core_unpaced,0,queue,8.73818e+06,8.95663e+06,215
2,boost_1048576_same-core_unpaced,0,queue,8.95663e+06,9.17509e+06,233
2,boost_1048576_same-core_unpaced,0,queue,9.17509e+06,9.39354e+06,227
2,boost_1048576_same-core_unpaced,0,queue,9.39354e+06,9.612e+06,226
2,boost_1048576_same-core_unpaced,0,queue,9.612e+06,9.83045e+06,223
2,boost_1048576_same-core_unpaced,0,queue,9.83045e+06,1.00489e+07,235
2,boost_1048576_same-core_unpaced,0,queue,1.00489e+07,1.02674e+07,220
2,boost_1048576_same-core_unpaced,0,queue,1.02674e+07,1.04858e+07,238
2,boost_1048576_same-core_unpaced,0,queue,1.04858e+07,1.07043e+07,234
2,boost_1048576_same-core_unpaced,0,queue,1.07043e+07,1.09227e+07,206
2,boost_1048576_same-core_unpaced,0,queue,1.09227e+07,1.11412e+07,389
2,boost_1048576_same-core_unpaced,0,queue,1.11412e+07,1.13596e+07,297
2,boost_1048576_same-core_unpaced,0,queue,1.13596e+07,1.15781e+07,205
2,boost_1048576_same-core_unpaced,0,queue,1.15781e+07,1.17965e+07,200
2,boost_1048576_same-core_unpaced,0,queue,1.17965e+07,1.2015e+07,210
2,boost_1048576_same-core_unpaced,0,queue,1.2015e+07,1.22335e+07,221
2,boost_1048576_same-core_unpaced,0,queue,1.22335e+07,1.24519e+07,183
2,boost_1048576_same-core_unpaced,0,queue,1.24519e+07,1.26704e+07,189
2,boost_1048576_same-core_unpaced,0,queue,1.26704e+07,1.28888e+07,263
2,boost_1048576_same-core_unpaced,0,queue,1.28888e+07,1.31073e+07,246
2,boost_1048576_same-core_unpaced,0,queue,1.31073e+07,1.33257e+07,192
2,boost_1048576_same-core_unpaced,0,queue,1.33257e+07,1.35442e+07,220
2,boost_1048576_same-core_unpaced,0,queue,1.35442e+07,1.37626e+07,209
2,boost_1048576_same-core_unpaced,0,queue,1.37626e+07,1.39811e+07,210
2,boost_1048576_same-core_unpaced,0,queue,1.39811e+07,1.4418e+07,436
2,boost_1048576_same-core_unpaced,0,queue,1.4418e+07,1.48549e+07,451
2,boost_1048576_same-core_unpaced,0,queue,1.48549e+07,1.52918e+07,472
2,boost_1048576_same-core_unpaced,0,queue,1.52918e+07,1.57287e+07,410
2,boost_1048576_same-core_unpaced,0,queue,1.57287e+07,1.61656e+07,448
2,boost_1048576_same-core_unpaced,0,queue,1.61656e+07,1.66025e+07,408
2,boost_1048576_same-core_unpaced,0,queue,1.66025e+07,1.70394e+07,439
2,boost_1048576_same-core_unpaced,0,queue,1.70394e+07,1.74764e+07,462
2,boost_1048576_same-core_unpaced,0,queue,1.74764e+07,1.79133e+07,398
2,boost_1048576_same-core_unpaced,0,queue,1.79133e+07,1.83502e+07,417
2,boost_1048576_same-core_unpaced,0,queue,1.83502e+07,1.87871e+07,432
2,boost_1048576_same-core_unpaced,0,queue,1.87871e+07,1.9224e+07,440
2,boost_1048576_same-core_unpaced,0,queue,1.9224e+07,1.96609e+07,427
2,boost_1048576_same-core_unpaced,0,queue,1.96609e+07,2.00978e+07,456
2,boost_1048576_same-core_unpaced,0,queue,2.00978e+07,2.05347e+07,411
2,boost_1048576_same-core_unpaced,0,queue,2.05347e+07,2.09716e+07,422
2,boost_1048576_same-core_unpaced,0,queue,2.09716e+07,2.14085e+07,443
2,boost_1048576_same-core_unpaced,0,queue,2.14085e+07,2.18454e+07,749
2,boost_1048576_same-core_unpaced,0,queue,2.18454e+07,2.22824e+07,464
2,boost_1048576_same-core_unpaced,0,queue,2.22824e+07,2.27193e+07,413
2,boost_1048576_same-core_unpaced,0,queue,2.27193e+07,2.31562e+07,422
2,boost_1048576_same-core_unpaced,0,queue,2.31562e+07,2.35931e+07,439
2,boost_1048576_same-core_unpaced,0,queue,2.35931e+07,2.403e+07,447
2,boost_1048576_same-core_unpaced,0,queue,2.403e+07,2.44669e+07,456
2,boost_1048576_same-core_unpaced,0,queue,2.44669e+07,2.49038e+07,434
2,boost_1048576_same-core_unpaced,0,queue,2.49038e+07,2.53407e+07,464
2,boost_1048576_same-core_unpaced,0,queue,2.53407e+07,2.57776e+07,447
2,boost_1048576_same-core_unpaced,0,queue,2.57776e+07,2.62145e+07,385
2,boost_1048576_same-core_unpaced,0,queue,2.62145e+07,2.66514e+07,420
2,boost_1048576_same-core_unpaced,0,queue,2.66514e+07,2.70884e+07,426
2,boost_1048576_same-core_unpaced,0,queue,2.70884e+07,2.75253e+07,421
2,boost_1048576_same-core_unpaced,0,queue,2.75253e+07,2.79622e+07,424
2,boost_1048576_same-core_unpaced,0,queue,2.79622e+07,2.8836e+07,786
2,boost_1048576_same-core_unpaced,0,queue,2.8836e+07,2.97098e+07,825
2,boost_1048576_same-core_unpaced,0,queue,2.97098e+07,3.05836e+07,724
2,boost_1048576_same-core_unpaced,0,queue,3.05836e+07,3.14574e+07,822
2,boost_1048576_same-core_unpaced,0,queue,3.14574e+07,3.23313e+07,753
2,boost_1048576_same-core_unpaced,0,queue,3.23313e+07,3.32051e+07,979
2,boost_1048576_same-core_unpaced,0,queue,3.32051e+07,3.40789e+07,1021
2,boost_1048576_same-core_unpaced,0,queue,3.40789e+07,3.49527e+07,967
2,boost_1048576_same-core_unpaced,0,queue,3.49527e+07,3.58265e+07,912
2,boost_1048576_same-core_unpaced,0,queue,3.58265e+07,3.67004e+07,968
2,boost_1048576_same-core_unpaced,0,queue,3.67004e+07,3.75742e+07,964
2,boost_1048576_same-core_unpaced,0,queue,3.75742e+07,3.8448e+07,1084
2,boost_1048576_same-core_unpaced,0,queue,3.8448e+07,3.93218e+07,1080
2,boost_1048576_same-core_unpaced,0,queue,3.93218e+07,4.01956e+07,937
2,boost_1048576_same-core_unpaced,0,queue,4.01956e+07,4.10694e+07,984
2,boost_1048576_same-core_unpaced,0,queue,4.10694e+07,4.19433e+07,1017
2,boost_1048576_same-core_unpaced,0,queue,4.19433e+07,4.28171e+07,1192
2,boost_1048576_same-core_unpaced,0,queue,4.28171e+07,4.36909e+07,994
2,boost_1048576_same-core_unpaced,0,queue,4.36909e+07,4.45647e+07,1011
2,boost_1048576_same-core_unpaced,0,queue,4.45647e+07,4.54385e+07,1038
2,boost_1048576_same-core_unpaced,0,queue,4.54385e+07,4.63123e+07,974
2,boost_1048576_same-core_unpaced,0,queue,4.63123e+07,4.71862e+07,990
2,boost_1048576_same-core_unpaced,0,queue,4.71862e+07,4.806e+07,1003
2,boost_1048576_same-core_unpaced,0,queue,4.806e+07,4.89338e+07,970
2,boost_1048576_same-core_unpaced,0,queue,4.89338e+07,4.98076e+07,958
2,boost_1048576_same-core_unpaced,0,queue,4.98076e+07,5.06814e+07,974
2,boost_1048576_same-core_unpaced,0,queue,5.06814e+07,5.15553e+07,960
2,boost_1048576_same-core_unpaced,0,queue,5.15553e+07,5.24291e+07,1129
2,boost_1048576_same-core_unpaced,0,queue,5.24291e+07,5.33029e+07,1017
2,boost_1048576_same-core_unpaced,0,queue,5.33029e+07,5.41767e+07,968
2,boost_1048576_same-core_unpaced,0,queue,5.41767e+07,5.50505e+07,1037
2,boost_1048576_same-core_unpaced,0,queue,5.50505e+07,5.59243e+07,977
2,boost_1048576_same-core_unpaced,0,queue,5.59243e+07,5.7672e+07,2030
2,boost_1048576_same-core_unpaced,0,queue,5.7672e+07,5.94196e+07,1991
2,boost_1048576_same-core_unpaced,0,queue,5.94196e+07,6.11673e+07,1719
2,boost_1048576_same-core_unpaced,0,queue,6.11673e+07,6.29149e+07,1432
2,boost_1048576_same-core_unpaced,0,queue,6.29149e+07,6.46625e+07,1458
2,boost_1048576_same-core_unpaced,0,queue,6.46625e+07,6.64102e+07,1447
2,boost_1048576_same-core_unpaced,0,queue,6.64102e+07,6.81578e+07,1420
2,boost_1048576_same-core_unpaced,0,queue,6.81578e+07,6.99054e+07,1440
2,boost_1048576_same-core_unpaced,0,queue,6.99054e+07,7.16531e+07,1399
2,boost_1048576_same-core_unpaced,0,queue,7.16531e+07,7.34007e+07,1501
2,boost_1048576_same-core_unpaced,0,queue,7.34007e+07,7.51483e+07,1512
2,boost_1048576_same-core_unpaced,0,queue,7.51483e+07,7.6896e+07,1504
2,boost_1048576_same-core_unpaced,0,queue,7.6896e+07,7.86436e+07,1417
2,boost_1048576_same-core_unpaced,0,queue,7.86436e+07,8.03912e+07,1489
2,boost_1048576_same-core_unpaced,0,queue,8.03912e+07,8.21389e+07,1441
2,boost_1048576_same-core_unpaced,0,queue,8.21389e+07,8.38865e+07,1430
2,boost_1048576_same-core_unpaced,0,queue,8.38865e+07,8.56342e+07,1469
2,boost_1048576_same-core_unpaced,0,queue,8.56342e+07,8.73818e+07,1465
2,boost_1048576_same-core_unpaced,0,queue,8.73818e+07,8.91294e+07,1412
2,boost_1048576_same-core_unpaced,0,queue,8.91294e+07,9.08771e+07,1454
2,boost_1048576_same-core_unpaced,0,queue,9.08771e+07,9.26247e+07,1418
2,boost_1048576_same-core_unpaced,0,queue,9.26247e+07,9.43723e+07,1427
2,boost_1048576_same-core_unpaced,0,queue,9.43723e+07,9.612e+07,1414
2,boost_1048576_same-core_unpaced,0,queue,9.612e+07,9.78676e+07,1465
2,boost_1048576_same-core_unpaced,0,queue,9.78676e+07,9.96152e+07,1492
2,boost_1048576_same-core_unpaced,0,queue,9.96152e+07,1.01363e+08,1462
2,boost_1048576_same-core_unpaced,0,queue,1.01363e+08,1.03111e+08,61478
2,boost_1048576_same-core_unpaced,0,queue,1.03111e+08,1.04858e+08,4040
2,boost_1048576_same-core_unpaced,0,queue,1.04858e+08,1.06606e+08,3715
2,boost_1048576_same-core_unpaced,0,queue,1.06606e+08,1.08353e+08,16597
2,boost_1048576_same-core_unpaced,0,queue,1.08353e+08,1.10101e+08,7863
2,boost_1048576_same-core_unpaced,0,queue,1.10101e+08,1.11849e+08,36217
2,boost_1048576_same-core_unpaced,0,queue,1.11849e+08,1.15344e+08,22794
2,boost_1048576_same-core_unpaced,0,queue,1.15344e+08,1.18839e+08,13866
2,boost_1048576_same-core_unpaced,0,queue,1.18839e+08,1.22335e+08,13180
2,boost_1048576_same-core_unpaced,0,queue,1.22335e+08,1.2583e+08,11816
2,boost_1048576_same-core_unpaced,0,queue,1.2583e+08,1.29325e+08,10848
2,boost_1048576_same-core_unpaced,0,queue,1.29325e+08,1.3282e+08,29681
2,boost_1048576_same-core_unpaced,0,queue,1.3282e+08,1.36316e+08,15214
2,boost_1048576_same-core_unpaced,0,queue,1.36316e+08,1.39811e+08,12544
2,boost_1048576_same-core_unpaced,0,queue,1.39811e+08,1.43306e+08,9550
2,boost_1048576_same-core_unpaced,0,queue,1.43306e+08,1.46801e+08,9630
2,boost_1048576_same-core_unpaced,0,queue,1.46801e+08,1.50297e+08,12576
2,boost_1048576_same-core_unpaced,0,queue,1.50297e+08,1.53792e+08,10731
2,boost_1048576_same-core_unpaced,0,queue,1.53792e+08,1.57287e+08,9262
2,boost_1048576_same-core_unpaced,0,queue,1.57287e+08,1.60782e+08,67678
2,boost_1048576_same-core_unpaced,0,queue,1.60782e+08,1.64278e+08,334827
2,boost_1048576_same-core_unpaced,0,queue,1.64278e+08,1.67773e+08,486021
2,boost_1048576_same-core_unpaced,0,queue,1.67773e+08,1.71268e+08,462660
2,boost_1048576_same-core_unpaced,0,queue,1.71268e+08,1.74764e+08,290804
2,boost_1048576_same-core_unpaced,0,queue,1.74764e+08,1.78259e+08,108591
2,boost_1048576_same-core_unpaced,0,queue,1.78259e+08,1.81754e+08,13784
2,boost_1048576_same-core_unpaced,0,queue,1.81754e+08,1.85249e+08,36571
2,boost_1048576_same-core_unpaced,0,queue,1.85249e+08,1.88745e+08,59534
2,boost_1048576_same-core_unpaced,0,queue,1.88745e+08,1.9224e+08,52566
2,boost_1048576_same-core_unpaced,0,queue,1.9224e+08,1.95735e+08,57536
2,boost_1048576_same-core_unpaced,0,book,15.8334,16.2501,1
2,boost_1048576_same-core_unpaced,0,book,16.6668,17.0834,6
2,boost_1048576_same-core_unpaced,0,book,17.5001,17.9168,9
2,boost_1048576_same-core_unpaced,0,book,18.3334,18.7501,3
2,boost_1048576_same-core_unpaced,0,book,19.1668,19.5834,17
2,boost_1048576_same-core_unpaced,0,book,20.0001,20.4168,160
2,boost_1048576_same-core_unpaced,0,book,20.8334,21.2501,875
2,boost_1048576_same-core_unpaced,0,book,21.6668,22.0834,1118
2,boost_1048576_same-core_unpaced,0,book,22.5001,22.9168,546
2,boost_1048576_same-core_unpaced,0,book,23.3335,23.7501,281
2,boost_1048576_same-core_unpaced,0,book,24.1668,24.5835,194
2,boost_1048576_same-core_unpaced,0,book,25.0001,25.4168,372
2,boost_1048576_same-core_unpaced,0,book,25.8335,26.2501,663
2,boost_1048576_same-core_unpaced,0,book,26.6668,27.5001,1122
2,boost_1048576_same-core_unpaced,0,book,27.5001,28.3335,1330
2,boost_1048576_same-core_unpaced,0,book,28.3335,29.1668,1929
2,boost_1048576_same-core_unpaced,0,book,29.1668,30.0002,3346
2,boost_1048576_same-core_unpaced,0,book,30.0002,30.8335,5309
2,boost_1048576_same-core_unpaced,0,book,30.8335,31.6668,8106
2,boost_1048576_same-core_unpaced,0,book,31.6668,32.5002,9217
2,boost_1048576_same-core_unpaced,0,book,32.5002,33.3335,9024
2,boost_1048576_same-core_unpaced,0,book,33.3335,34.1668,8386
2,boost_1048576_same-core_unpaced,0,book,34.1668,35.0002,5996
2,boost_1048576_same-core_unpaced,0,book,35.0002,35.8335,5334
2,boost_1048576_same-core_unpaced,0,book,35.8335,36.6669,4245
2,boost_1048576_same-core_unpaced,0,book,36.6669,37.5002,3282
2,boost_1048576_same-core_unpaced,0,book,37.5002,38.3335,3199
2,boost_1048576_same-core_unpaced,0,book,38.3335,39.1669,3097
2,boost_1048576_same-core_unpaced,0,book,39.1669,40.0002,3944
2,boost_1048576_same-core_unpaced,0,book,40.0002,40.8335,6800
2,boost_1048576_same-core_unpaced,0,book,40.8335,41.6669,8220
2,boost_1048576_same-core_unpaced,0,book,41.6669,42.5002,10674
2,boost_1048576_same-core_unpaced,0,book,42.5002,43.3336,12333
2,boost_1048576_same-core_unpaced,0,book,43.3336,44.1669,10911
2,boost_1048576_same-core_unpaced,0,book,44.1669,45.0002,11339
2,boost_1048576_same-core_unpaced,0,book,45.0002,45.8336,10179
2,boost_1048576_same-core_unpaced,0,book,45.8336,46.6669,8330
2,boost_1048576_same-core_unpaced,0,book,46.6669,47.5002,8646
2,boost_1048576_same-core_unpaced,0,book,47.5002,48.3336,7010
2,boost_1048576_same-core_unpaced,0,book,48.3336,49.1669,6355
2,boost_1048576_same-core_unpaced,0,book,49.1669,50.0003,6357
2,boost_1048576_same-core_unpaced,0,book,50.0003,50.8336,6128
2,boost_1048576_same-core_unpaced,0,book,50.8336,51.6669,6384
2,boost_1048576_same-core_unpaced,0,book,51.6669,52.5003,6552
2,boost_1048576_same-core_unpaced,0,book,52.5003,53.3336,7018
2,boost_1048576_same-core_unpaced,0,book,53.3336,55.0003,15816
2,boost_1048576_same-core_unpaced,0,book,55.0003,56.667,18197
2,boost_1048576_same-core_unpaced,0,book,56.667,58.3336,18925
2,boost_1048576_same-core_unpaced,0,book,58.3336,60.0003,19149
2,boost_1048576_same-core_unpaced,0,book,60.0003,61.667,20669
2,boost_1048576_same-core_unpaced,0,book,61.667,63.3337,21535
2,boost_1048576_same-core_unpaced,0,book,63.3337,65.0003,20969
2,boost_1048576_same-core_unpaced,0,book,65.0003,66.667,20473
2,boost_1048576_same-core_unpaced,0,book,66.667,68.3337,20775
2,boost_1048576_same-core_unpaced,0,book,68.3337,70.0004,19917
2,boost_1048576_same-core_unpaced,0,book,70.0004,71.667,19995
2,boost_1048576_same-core_unpaced,0,book,71.667,73.3337,19071
2,boost_1048576_same-core_unpaced,0,book,73.3337,75.0004,18966
2,boost_1048576_same-core_unpaced,0,book,75.0004,76.6671,18283
2,boost_1048576_same-core_unpaced,0,book,76.6671,78.3337,17135
2,boost_1048576_same-core_unpaced,0,book,78.3337,80.0004,14882
2,boost_1048576_same-core_unpaced,0,book,80.0004,81.6671,14642
2,boost_1048576_same-core_unpaced,0,book,81.6671,83.3338,13720
2,boost_1048576_same-core_unpaced,0,book,83.3338,85.0004,11996
2,boost_1048576_same-core_unpaced,0,book,85.0004,86.6671,11153
2,boost_1048576_same-core_unpaced,0,book,86.6671,88.3338,10815
2,boost_1048576_same-core_unpaced,0,book,88.3338,90.0005,9923
2,boost_1048576_same-core_unpaced,0,book,90.0005,91.6671,9190
2,boost_1048576_same-core_unpaced,0,book,91.6671,93.3338,8369
2,boost_1048576_same-core_unpaced,0,book,93.3338,95.0005,7755
2,boost_1048576_same-core_unpaced,0,book,95.0005,96.6672,7425
2,boost_1048576_same-core_unpaced,0,book,96.6672,98.3338,6711
2,boost_1048576_same-core_unpaced,0,book,98.3338,100.001,6122
2,boost_1048576_same-core_unpaced,0,book,100.001,101.667,6145
2,boost_1048576_same-core_unpaced,0,book,101.667,103.334,5853
2,boost_1048576_same-core_unpaced,0,book,103.334,105.001,5369
2,boost_1048576_same-core_unpaced,0,book,105.001,106.667,4945
2,boost_1048576_same-core_unpaced,0,book,106.667,110.001,9522
2,boost_1048576_same-core_unpaced,0,book,110.001,113.334,8411
2,boost_1048576_same-core_unpaced,0,book,113.334,116.667,7924
2,boost_1048576_same-core_unpaced,0,book,116.667,120.001,7062
2,boost_1048576_same-core_unpaced,0,book,120.001,123.334,6589
2,boost_1048576_same-core_unpaced,0,book,123.334,126.667,6050
2,boost_1048576_same-core_unpaced,0,book,126.667,130.001,6457
2,boost_1048576_same-core_unpaced,0,book,130.001,133.334,8459
2,boost_1048576_same-core_unpaced,0,book,133.334,136.667,14761
2,boost_1048576_same-core_unpaced,0,book,136.667,140.001,22117
2,boost_1048576_same-core_unpaced,0,book,140.001,143.334,27775
2,boost_1048576_same-core_unpaced,0,book,143.334,146.667,33124
2,boost_1048576_same-core_unpaced,0,book,146.667,150.001,46987
2,boost_1048576_same-core_unpaced,0,book,150.001,153.334,54650
2,boost_1048576_same-core_unpaced,0,book,153.334,156.667,60791
2,boost_1048576_same-core_unpaced,0,book,156.667,160.001,61906
2,boost_1048576_same-core_unpaced,0,book,160.001,163.334,66815
2,boost_1048576_same-core_unpaced,0,book,163.334,166.668,70329
2,boost_1048576_same-core_unpaced,0,book,166.668,170.001,72255
2,boost_1048576_same-core_unpaced,0,book,170.001,173.334,60864
2,boost_1048576_same-core_unpaced,0,book,173.334,176.668,59416
2,boost_1048576_same-core_unpaced,0,book,176.668,180.001,55637
2,boost_1048576_same-core_unpaced,0,book,180.001,183.334,49899
2,boost_1048576_same-core_unpaced,0,book,183.334,186.668,41650
2,boost_1048576_same-core_unpaced,0,book,186.668,190.001,38623
2,boost_1048576_same-core_unpaced,0,book,190.001,193.334,34602
2,boost_1048576_same-core_unpaced,0,book,193.334,196.668,32452
2,boost_1048576_same-core_unpaced,0,book,196.668,200.001,29755
2,boost_1048576_same-core_unpaced,0,book,200.001,203.334,28856
2,boost_1048576_same-core_unpaced,0,book,203.334,206.668,25482
2,boost_1048576_same-core_unpaced,0,book,206.668,210.001,24330
2,boost_1048576_same-core_unpaced,0,book,210.001,213.334,22177
2,boost_1048576_same-core_unpaced,0,book,213.334,220.001,39261
2,boost_1048576_same-core_unpaced,0,book,220.001,226.668,34080
2,boost_1048576_same-core_unpaced,0,book,226.668,233.335,30305
2,boost_1048576_same-core_unpaced,0,book,233.335,240.001,26721
2,boost_1048576_same-core_unpaced,0,book,240.001,246.668,24891
2,boost_1048576_same-core_unpaced,0,book,246.668,253.335,22616
2,boost_1048576_same-core_unpaced,0,book,253.335,260.001,20933
2,boost_1048576_same-core_unpaced,0,book,260.001,266.668,19591
2,boost_1048576_same-core_unpaced,0,book,266.668,273.335,18538
2,boost_1048576_same-core_unpaced,0,book,273.335,280.001,17601
2,boost_1048576_same-core_unpaced,0,book,280.001,286.668,16655
2,boost_1048576_same-core_unpaced,0,book,286.668,293.335,16442
2,boost_1048576_same-core_unpaced,0,book,293.335,300.002,15701
2,boost_1048576_same-core_unpaced,0,book,300.002,306.668,15506
2,boost_1048576_same-core_unpaced,0,book,306.668,313.335,15004
2,boost_1048576_same-core_unpaced,0,book,313.335,320.002,14574
2,boost_1048576_same-core_unpaced,0,book,320.002,326.668,14437
2,boost_1048576_same-core_unpaced,0,book,326.668,333.335,14090
2,boost_1048576_same-core_unpaced,0,book,333.335,340.002,13716
2,boost_1048576_same-core_unpaced,0,book,340.002,346.668,13224
2,boost_1048576_same-core_unpaced,0,book,346.668,353.335,12785
2,boost_1048576_same-core_unpaced,0,book,353.335,360.002,12094
2,boost_1048576_same-core_unpaced,0,book,360.002,366.669,11945
2,boost_1048576_same-core_unpaced,0,book,366.669,373.335,11255
2,boost_1048576_same-core_unpaced,0,book,373.335,380.002,10745
2,boost_1048576_same-core_unpaced,0,book,380.002,386.669,10091
2,boost_1048576_same-core_unpaced,0,book,386.669,393.335,9763
2,boost_1048576_same-core_unpaced,0,book,393.335,400.002,9282
2,boost_1048576_same-core_unpaced,0,book,400.002,406.669,8688
2,boost_1048576_same-core_unpaced,0,book,406.669,413.335,8180
2,boost_1048576_same-core_unpaced,0,book,413.335,420.002,7689
2,boost_1048576_same-core_unpaced,0,book,420.002,426.669,7166
2,boost_1048576_same-core_unpaced,0,book,426.669,440.002,13164
2,boost_1048576_same-core_unpaced,0,book,440.002,453.336,11924
2,boost_1048576_same-core_unpaced,0,book,453.336,466.669,9991
2,boost_1048576_same-core_unpaced,0,book,466.669,480.003,8241
2,boost_1048576_same-core_unpaced,0,book,480.003,493.336,6911
2,boost_1048576_same-core_unpaced,0,book,493.336,506.669,5950
2,boost_1048576_same-core_unpaced,0,book,506.669,520.003,5002
2,boost_1048576_same-core_unpaced,0,book,520.003,533.336,4572
2,boost_1048576_same-core_unpaced,0,book,533.336,546.67,3946
2,boost_1048576_same-core_unpaced,0,book,546.67,560.003,3634
2,boost_1048576_same-core_unpaced,0,book,560.003,573.336,3241
2,boost_1048576_same-core_unpaced,0,book,573.336,586.67,2870
2,boost_1048576_same-core_unpaced,0,book,586.67,600.003,2731
2,boost_1048576_same-core_unpaced,0,book,600.003,613.337,2379
2,boost_1048576_same-core_unpaced,0,book,613.337,626.67,2096
2,boost_1048576_same-core_unpaced,0,book,626.67,640.003,1869
2,boost_1048576_same-core_unpaced,0,book,640.003,653.337,1560
2,boost_1048576_same-core_unpaced,0,book,653.337,666.67,1446
2,boost_1048576_same-core_unpaced,0,book,666.67,680.004,1244
2,boost_1048576_same-core_unpaced,0,book,680.004,693.337,1036
2,boost_1048576_same-core_unpaced,0,book,693.337,706.67,990
2,boost_1048576_same-core_unpaced,0,book,706.67,720.004,810
2,boost_1048576_same-core_unpaced,0,book,720.004,733.337,780
2,boost_1048576_same-core_unpaced,0,book,733.337,746.671,628
2,boost_1048576_same-core_unpaced,0,book,746.671,760.004,576
2,boost_1048576_same-core_unpaced,0,book,760.004,773.337,565
2,boost_1048576_same-core_unpaced,0,book,773.337,786.671,438
2,boost_1048576_same-core_unpaced,0,book,786.671,800.004,426
2,boost_1048576_same-core_unpaced,0,book,800.004,813.338,347
2,boost_1048576_same-core_unpaced,0,book,813.338,826.671,322
2,boost_1048576_same-core_unpaced,0,book,826.671,840.004,286
2,boost_1048576_same-core_unpaced,0,book,840.004,853.338,267
2,boost_1048576_same-core_unpaced,0,book,853.338,880.005,419
2,boost_1048576_same-core_unpaced,0,book,880.005,906.671,337
2,boost_1048576_same-core_unpaced,0,book,906.671,933.338,260
2,boost_1048576_same-core_unpaced,0,book,933.338,960.005,208
2,boost_1048576_same-core_unpaced,0,book,960.005,986.672,153
2,boost_1048576_same-core_unpaced,0,book,986.672,1013.34,110
2,boost_1048576_same-core_unpaced,0,book,1013.34,1040.01,110
2,boost_1048576_same-core_unpaced,0,book,1040.01,1066.67,83
2,boost_1048576_same-core_unpaced,0,book,1066.67,1093.34,52
2,boost_1048576_same-core_unpaced,0,book,1093.34,1120.01,39
2,boost_1048576_same-core_unpaced,0,book,1120.01,1146.67,33
2,boost_1048576_same-core_unpaced,0,book,1146.67,1173.34,41
2,boost_1048576_same-core_unpaced,0,book,1173.34,1200.01,38
2,boost_1048576_same-core_unpaced,0,book,1200.01,1226.67,24
2,boost_1048576_same-core_unpaced,0,book,1226.67,1253.34,20
2,boost_1048576_same-core_unpaced,0,book,1253.34,1280.01,23
2,boost_1048576_same-core_unpaced,0,book,1280.01,1306.67,18
2,boost_1048576_same-core_unpaced,0,book,1306.67,1333.34,15
2,boost_1048576_same-core_unpaced,0,book,1333.34,1360.01,9
2,boost_1048576_same-core_unpaced,0,book,1360.01,1386.67,7
2,boost_1048576_same-core_unpaced,0,book,1386.67,1413.34,9
2,boost_1048576_same-core_unpaced,0,book,1413.34,1440.01,7
2,boost_1048576_same-core_unpaced,0,book,1440.01,1466.67,10
2,boost_1048576_same-core_unpaced,0,book,1466.67,1493.34,7
2,boost_1048576_same-core_unpaced,0,book,1493.34,1520.01,12
2,boost_1048576_same-core_unpaced,0,book,1520.01,1546.67,6
2,boost_1048576_same-core_unpaced,0,book,1546.67,1573.34,4
2,boost_1048576_same-core_unpaced,0,book,1573.34,1600.01,1
2,boost_1048576_same-core_unpaced,0,book,1600.01,1626.68,2
2,boost_1048576_same-core_unpaced,0,book,1626.68,1653.34,3
2,boost_1048576_same-core_unpaced,0,book,1653.34,1680.01,5
2,boost_1048576_same-core_unpaced,0,book,1680.01,1706.68,3
2,boost_1048576_same-core_unpaced,0,book,1706.68,1760.01,9
2,boost_1048576_same-core_unpaced,0,book,1760.01,1813.34,8
2,boost_1048576_same-core_unpaced,0,book,1813.34,1866.68,8
2,boost_1048576_same-core_unpaced,0,book,1866.68,1920.01,11
2,boost_1048576_same-core_unpaced,0,book,1920.01,1973.34,14
2,boost_1048576_same-core_unpaced,0,book,1973.34,2026.68,7
2,boost_1048576_same-core_unpaced,0,book,2026.68,2080.01,10
2,boost_1048576_same-core_unpaced,0,book,2080.01,2133.34,7
2,boost_1048576_same-core_unpaced,0,book,2133.34,2186.68,2
2,boost_1048576_same-core_unpaced,0,book,2186.68,2240.01,7
2,boost_1048576_same-core_unpaced,0,book,2240.01,2293.35,6
2,boost_1048576_same-core_unpaced,0,book,2293.35,2346.68,3
2,boost_1048576_same-core_unpaced,0,book,2346.68,2400.01,3
2,boost_1048576_same-core_unpaced,0,book,2400.01,2453.35,6
2,boost_1048576_same-core_unpaced,0,book,2453.35,2506.68,2
2,boost_1048576_same-core_unpaced,0,book,2506.68,2560.01,1
2,boost_1048576_same-core_unpaced,0,book,2560.01,2613.35,2
2,boost_1048576_same-core_unpaced,0,book,2613.35,2666.68,2
2,boost_1048576_same-core_unpaced,0,book,2666.68,2720.01,1
2,boost_1048576_same-core_unpaced,0,book,2720.01,2773.35,1
2,boost_1048576_same-core_unpaced,0,book,2773.35,2826.68,2
2,boost_1048576_same-core_unpaced,0,book,2880.02,2933.35,1
2,boost_1048576_same-core_unpaced,0,book,2933.35,2986.68,1
2,boost_1048576_same-core_unpaced,0,book,3200.02,3253.35,2
2,boost_1048576_same-core_unpaced,0,book,3253.35,3306.68,1
2,boost_1048576_same-core_unpaced,0,book,3360.02,3413.35,2
2,boost_1048576_same-core_unpaced,0,book,3413.35,3520.02,4
2,boost_1048576_same-core_unpaced,0,book,3520.02,3626.69,2
2,boost_1048576_same-core_unpaced,0,book,3626.69,3733.35,4
2,boost_1048576_same-core_unpaced,0,book,3946.69,4053.35,2
2,boost_1048576_same-core_unpaced,0,book,4053.35,4160.02,1
2,boost_1048576_same-core_unpaced,0,book,4160.02,4266.69,1
2,boost_1048576_same-core_unpaced,0,book,4373.36,4480.02,1
2,boost_1048576_same-core_unpaced,0,book,4480.02,4586.69,2
2,boost_1048576_same-core_unpaced,0,book,4586.69,4693.36,1
2,boost_1048576_same-core_unpaced,0,book,4693.36,4800.03,4
2,boost_1048576_same-core_unpaced,0,book,4800.03,4906.69,15
2,boost_1048576_same-core_unpaced,0,book,4906.69,5013.36,9
2,boost_1048576_same-core_unpaced,0,book,5013.36,5120.03,7
2,boost_1048576_same-core_unpaced,0,book,5120.03,5226.69,12
2,boost_1048576_same-core_unpaced,0,book,5226.69,5333.36,23
2,boost_1048576_same-core_unpaced,0,book,5333.36,5440.03,12
2,boost_1048576_same-core_unpaced,0,book,5440.03,5546.7,8
2,boost_1048576_same-core_unpaced,0,book,5546.7,5653.36,6
2,boost_1048576_same-core_unpaced,0,book,5653.36,5760.03,8
2,boost_1048576_same-core_unpaced,0,book,5760.03,5866.7,5
2,boost_1048576_same-core_unpaced,0,book,5866.7,5973.36,1
2,boost_1048576_same-core_unpaced,0,book,5973.36,6080.03,2
2,boost_1048576_same-core_unpaced,0,book,6826.7,7040.04,1
2,boost_1048576_same-core_unpaced,0,book,7040.04,7253.37,3
2,boost_1048576_same-core_unpaced,0,book,7253.37,7466.71,28
2,boost_1048576_same-core_unpaced,0,book,7466.71,7680.04,37
2,boost_1048576_same-core_unpaced,0,book,7680.04,7893.37,37
2,boost_1048576_same-core_unpaced,0,book,7893.37,8106.71,9
2,boost_1048576_same-core_unpaced,0,book,8106.71,8320.04,2
2,boost_1048576_same-core_unpaced,0,book,8320.04,8533.38,4
2,boost_1048576_same-core_unpaced,0,book,8533.38,8746.71,2
2,boost_1048576_same-core_unpaced,0,book,8746.71,8960.05,2
2,boost_1048576_same-core_unpaced,0,book,8960.05,9173.38,1
2,boost_1048576_same-core_unpaced,0,book,9386.72,9600.05,2
2,boost_1048576_same-core_unpaced,0,book,9600.05,9813.38,1
2,boost_1048576_same-core_unpaced,0,book,9813.38,10026.7,2
2,boost_1048576_same-core_unpaced,0,book,10666.7,10880.1,2
2,boost_1048576_same-core_unpaced,0,book,10880.1,11093.4,1
2,boost_1048576_same-core_unpaced,0,book,11093.4,11306.7,2
2,boost_1048576_same-core_unpaced,0,book,11520.1,11733.4,2
2,boost_1048576_same-core_unpaced,0,book,11946.7,12160.1,2
2,boost_1048576_same-core_unpaced,0,book,12160.1,12373.4,3
2,boost_1048576_same-core_unpaced,0,book,12373.4,12586.7,6
2,boost_1048576_same-core_unpaced,0,book,12586.7,12800.1,4
2,boost_1048576_same-core_unpaced,0,book,12800.1,13013.4,7
2,boost_1048576_same-core_unpaced,0,book,13013.4,13226.7,7
2,boost_1048576_same-core_unpaced,0,book,13226.7,13440.1,7
2,boost_1048576_same-core_unpaced,0,book,13440.1,13653.4,4
2,boost_1048576_same-core_unpaced,0,book,13653.4,14080.1,59
2,boost_1048576_same-core_unpaced,0,book,14080.1,14506.7,122
2,boost_1048576_same-core_unpaced,0,book,14506.7,14933.4,167
2,boost_1048576_same-core_unpaced,0,book,14933.4,15360.1,79
2,boost_1048576_same-core_unpaced,0,book,15360.1,15786.7,16
2,boost_1048576_same-core_unpaced,0,book,15786.7,16213.4,5
2,boost_1048576_same-core_unpaced,0,book,16213.4,16640.1,7
2,boost_1048576_same-core_unpaced,0,book,16640.1,17066.8,3
2,boost_1048576_same-core_unpaced,0,book,17493.4,17920.1,2
2,boost_1048576_same-core_unpaced,0,book,17920.1,18346.8,1
2,boost_1048576_same-core_unpaced,0,book,18346.8,18773.4,2
2,boost_1048576_same-core_unpaced,0,book,19200.1,19626.8,1
2,boost_1048576_same-core_unpaced,0,book,20053.4,20480.1,1
2,boost_1048576_same-core_unpaced,0,book,20906.8,21333.4,1
2,boost_1048576_same-core_unpaced,0,book,36693.5,37546.9,1
2,boost_1048576_same-core_unpaced,0,book,37546.9,38400.2,1
3,boost_1048576_same-core_unpaced,0,total,55.0003,56.667,2
3,boost_1048576_same-core_unpaced,0,total,56.667,58.3336,2
3,boost_1048576_same-core_unpaced,0,total,58.3336,60.0003,3
3,boost_1048576_same-core_unpaced,0,total,60.0003,61.667,6
3,boost_1048576_same-core_unpaced,0,total,61.667,63.3337,5
3,boost_1048576_same-core_unpaced,0,total,63.3337,65.0003,7
3,boost_1048576_same-core_unpaced,0,total,65.0003,66.667,3
3,boost_1048576_same-core_unpaced,0,total,66.667,68.3337,6
3,boost_1048576_same-core_unpaced,0,total,68.3337,70.0004,16
3,boost_1048576_same-core_unpaced,0,total,70.0004,71.667,9
3,boost_1048576_same-core_unpaced,0,total,71.667,73.3337,15
3,boost_1048576_same-core_unpaced,0,total,73.3337,75.0004,9
3,boost_1048576_same-core_unpaced,0,total,75.0004,76.6671,10
3,boost_1048576_same-core_unpaced,0,total,76.6671,78.3337,12
3,boost_1048576_same-core_unpaced,0,total,78.3337,80.0004,8
3,boost_1048576_same-core_unpaced,0,total,80.0004,81.6671,15
3,boost_1048576_same-core_unpaced,0,total,81.6671,83.3338,16
3,boost_1048576_same-core_unpaced,0,total,83.3338,85.0004,16
3,boost_1048576_same-core_unpaced,0,total,85.0004,86.6671,17
3,boost_1048576_same-core_unpaced,0,total,86.6671,88.3338,18
3,boost_1048576_same-core_unpaced,0,total,88.3338,90.0005,8
3,boost_1048576_same-core_unpaced,0,total,90.0005,91.6671,16
3,boost_1048576_same-core_unpaced,0,total,91.6671,93.3338,9
3,boost_1048576_same-core_unpaced,0,total,93.3338,95.0005,12
3,boost_1048576_same-core_unpaced,0,total,95.0005,96.6672,7
3,boost_1048576_same-core_unpaced,0,total,96.6672,98.3338,5
3,boost_1048576_same-core_unpaced,0,total,98.3338,100.001,14
3,boost_1048576_same-core_unpaced,0,total,100.001,101.667,8
3,boost_1048576_same-core_unpaced,0,total,101.667,103.334,7
3,boost_1048576_same-core_unpaced,0,total,103.334,105.001,3
3,boost_1048576_same-core_unpaced,0,total,105.001,106.667,6
3,boost_1048576_same-core_unpaced,0,total,106.667,110.001,15
3,boost_1048576_same-core_unpaced,0,total,110.001,113.334,12
3,boost_1048576_same-core_unpaced,0,total,113.334,116.667,6
3,boost_1048576_same-core_unpaced,0,total,116.667,120.001,12
3,boost_1048576_same-core_unpaced,0,total,120.001,123.334,12
3,boost_1048576_same-core_unpaced,0,total,123.334,126.667,15
3,boost_1048576_same-core_unpaced,0,total,126.667,130.001,10
3,boost_1048576_same-core_unpaced,0,total,130.001,133.334,11
3,boost_1048576_same-core_unpaced,0,total,133.334,136.667,7
3,boost_1048576_same-core_unpaced,0,total,136.667,140.001,7
3,boost_1048576_same-core_unpaced,0,total,140.001,143.334,10
3,boost_1048576_same-core_unpaced,0,total,143.334,146.667,12
3,boost_1048576_same-core_unpaced,0,total,146.667,150.001,2
3,boost_1048576_same-core_unpaced,0,total,150.001,153.334,7
3,boost_1048576_same-core_unpaced,0,total,153.334,156.667,6
3,boost_1048576_same-core_unpaced,0,total,156.667,160.001,4
3,boost_1048576_same-core_unpaced,0,total,160.001,163.334,7
3,boost_1048576_same-core_unpaced,0,total,163.334,166.668,3
3,boost_1048576_same-core_unpaced,0,total,166.668,170.001,6
3,boost_1048576_same-core_unpaced,0,total,170.001,173.334,4
3,boost_1048576_same-core_unpaced,0,total,173.334,176.668,6
3,boost_1048576_same-core_unpaced,0,total,176.668,180.001,5
3,boost_1048576_same-core_unpaced,0,total,180.001,183.334,6
3,boost_1048576_same-core_unpaced,0,total,183.334,186.668,3
3,boost_1048576_same-core_unpaced,0,total,186.668,190.001,1
3,boost_1048576_same-core_unpaced,0,total,190.001,193.334,6
3,boost_1048576_same-core_unpaced,0,total,200.001,203.334,2
3,boost_1048576_same-core_unpaced,0,total,203.334,206.668,3
3,boost_1048576_same-core_unpaced,0,total,206.668,210.001,2
3,boost_1048576_same-core_unpaced,0,total,210.001,213.334,1
3,boost_1048576_same-core_unpaced,0,total,213.334,220.001,2
3,boost_1048576_same-core_unpaced,0,total,220.001,226.668,1
3,boost_1048576_same-core_unpaced,0,total,226.668,233.335,1
3,boost_1048576_same-core_unpaced,0,total,233.335,240.001,1
3,boost_1048576_same-core_unpaced,0,total,246.668,253.335,1
3,boost_1048576_same-core_unpaced,0,total,260.001,266.668,1
3,boost_1048576_same-core_unpaced,0,total,266.668,273.335,1
3,boost_1048576_same-core_unpaced,0,total,280.001,286.668,1
3,boost_1048576_same-core_unpaced,0,total,286.668,293.335,2
3,boost_1048576_same-core_unpaced,0,total,293.335,300.002,1
3,boost_1048576_same-core_unpaced,0,total,326.668,333.335,1
3,boost_1048576_same-core_unpaced,0,total,333.335,340.002,1
3,boost_1048576_same-core_unpaced,0,total,366.669,373.335,1
3,boost_1048576_same-core_unpaced,0,total,453.336,466.669,3
3,boost_1048576_same-core_unpaced,0,total,520.003,533.336,1
3,boost_1048576_same-core_unpaced,0,total,560.003,573.336,1
3,boost_1048576_same-core_unpaced,0,total,613.337,626.67,1
3,boost_1048576_same-core_unpaced,0,total,773.337,786.671,1
3,boost_1048576_same-core_unpaced,0,total,880.005,906.671,1
3,boost_1048576_same-core_unpaced,0,total,906.671,933.338,1
3,boost_1048576_same-core_unpaced,0,total,933.338,960.005,1
3,boost_1048576_same-core_unpaced,0,total,960.005,986.672,1
3,boost_1048576_same-core_unpaced,0,total,1013.34,1040.01,1
3,boost_1048576_same-core_unpaced,0,total,1146.67,1173.34,1
3,boost_1048576_same-core_unpaced,0,total,1226.67,1253.34,1
3,boost_1048576_same-core_unpaced,0,total,1386.67,1413.34,2
3,boost_1048576_same-core_unpaced,0,total,1466.67,1493.34,1
3,boost_1048576_same-core_unpaced,0,total,1626.68,1653.34,1
3,boost_1048576_same-core_unpaced,0,total,18773.4,19200.1,1
3,boost_1048576_same-core_unpaced,0,total,20906.8,21333.4,1
3,boost_1048576_same-core_unpaced,0,total,21333.4,21760.1,1
3,boost_1048576_same-core_unpaced,0,total,24746.8,25173.5,1
3,boost_1048576_same-core_unpaced,0,total,25600.1,26026.8,1
3,boost_1048576_same-core_unpaced,0,total,29013.5,29866.8,1
3,boost_1048576_same-core_unpaced,0,total,29866.8,30720.2,1
3,boost_1048576_same-core_unpaced,0,total,30720.2,31573.5,1
3,boost_1048576_same-core_unpaced,0,total,32426.8,33280.2,1
3,boost_1048576_same-core_unpaced,0,total,43520.2,44373.6,1
3,boost_1048576_same-core_unpaced,0,total,44373.6,45226.9,1
3,boost_1048576_same-core_unpaced,0,total,50346.9,51200.3,1
3,boost_1048576_same-core_unpaced,0,total,54613.6,56320.3,2
3,boost_1048576_same-core_unpaced,0,total,56320.3,58027,2
3,boost_1048576_same-core_unpaced,0,total,59733.6,61440.3,1
3,boost_1048576_same-core_unpaced,0,total,61440.3,63147,1
3,boost_1048576_same-core_unpaced,0,total,63147,64853.7,1
3,boost_1048576_same-core_unpaced,0,total,64853.7,66560.3,1
3,boost_1048576_same-core_unpaced,0,total,66560.3,68267,2
3,boost_1048576_same-core_unpaced,0,total,68267,69973.7,1
3,boost_1048576_same-core_unpaced,0,total,73387.1,75093.7,1
3,boost_1048576_same-core_unpaced,0,total,76800.4,78507.1,1
3,boost_1048576_same-core_unpaced,0,total,81920.4,83627.1,2
3,boost_1048576_same-core_unpaced,0,total,85333.8,87040.5,1
3,boost_1048576_same-core_unpaced,0,total,87040.5,88747.1,2
3,boost_1048576_same-core_unpaced,0,total,88747.1,90453.8,1
3,boost_1048576_same-core_unpaced,0,total,90453.8,92160.5,1
3,boost_1048576_same-core_unpaced,0,total,92160.5,93867.2,1
3,boost_1048576_same-core_unpaced,0,total,93867.2,95573.8,2
3,boost_1048576_same-core_unpaced,0,total,98987.2,100694,1
3,boost_1048576_same-core_unpaced,0,total,100694,102401,1
3,boost_1048576_same-core_unpaced,0,total,104107,105814,1
3,boost_1048576_same-core_unpaced,0,total,105814,107521,2
3,boost_1048576_same-core_unpaced,0,total,107521,109227,1
3,boost_1048576_same-core_unpaced,0,total,109227,112641,3
3,boost_1048576_same-core_unpaced,0,total,112641,116054,2
3,boost_1048576_same-core_unpaced,0,total,116054,119467,3
3,boost_1048576_same-core_unpaced,0,total,119467,122881,2
3,boost_1048576_same-core_unpaced,0,total,122881,126294,2
3,boost_1048576_same-core_unpaced,0,total,126294,129707,1
3,boost_1048576_same-core_unpaced,0,total,129707,133121,2
3,boost_1048576_same-core_unpaced,0,total,133121,136534,2
3,boost_1048576_same-core_unpaced,0,total,136534,139947,2
3,boost_1048576_same-core_unpaced,0,total,139947,143361,1
3,boost_1048576_same-core_unpaced,0,total,143361,146774,1
3,boost_1048576_same-core_unpaced,0,total,146774,150187,3
3,boost_1048576_same-core_unpaced,0,total,150187,153601,4
3,boost_1048576_same-core_unpaced,0,total,153601,157014,3
3,boost_1048576_same-core_unpaced,0,total,157014,160428,4
3,boost_1048576_same-core_unpaced,0,total,160428,163841,2
3,boost_1048576_same-core_unpaced,0,total,163841,167254,1
3,boost_1048576_same-core_unpaced,0,total,167254,170668,3
3,boost_1048576_same-core_unpaced,0,total,170668,174081,1
3,boost_1048576_same-core_unpaced,0,total,174081,177494,1
3,boost_1048576_same-core_unpaced,0,total,177494,180908,2
3,boost_1048576_same-core_unpaced,0,total,180908,184321,1
3,boost_1048576_same-core_unpaced,0,total,184321,187734,1
3,boost_1048576_same-core_unpaced,0,total,187734,191148,1
3,boost_1048576_same-core_unpaced,0,total,191148,194561,1
3,boost_1048576_same-core_unpaced,0,total,194561,197974,3
3,boost_1048576_same-core_unpaced,0,total,204801,208214,2
3,boost_1048576_same-core_unpaced,0,total,208214,211628,2
3,boost_1048576_same-core_unpaced,0,total,211628,215041,1
3,boost_1048576_same-core_unpaced,0,total,215041,218454,6
3,boost_1048576_same-core_unpaced,0,total,218454,225281,6
3,boost_1048576_same-core_unpaced,0,total,225281,232108,7
3,boost_1048576_same-core_unpaced,0,total,232108,238935,4
3,boost_1048576_same-core_unpaced,0,total,238935,245761,4
3,boost_1048576_same-core_unpaced,0,total,245761,252588,2
3,boost_1048576_same-core_unpaced,0,total,252588,259415,4
3,boost_1048576_same-core_unpaced,0,total,259415,266241,5
3,boost_1048576_same-core_unpaced,0,total,266241,273068,7
3,boost_1048576_same-core_unpaced,0,total,273068,279895,4
3,boost_1048576_same-core_unpaced,0,total,279895,286722,5
3,boost_1048576_same-core_unpaced,0,total,286722,293548,3
3,boost_1048576_same-core_unpaced,0,total,293548,300375,4
3,boost_1048576_same-core_unpaced,0,total,300375,307202,6
3,boost_1048576_same-core_unpaced,0,total,307202,314028,6
3,boost_1048576_same-core_unpaced,0,total,314028,320855,3
3,boost_1048576_same-core_unpaced,0,total,320855,327682,11
3,boost_1048576_same-core_unpaced,0,total,327682,334508,13
3,boost_1048576_same-core_unpaced,0,total,334508,341335,8
3,boost_1048576_same-core_unpaced,0,total,341335,348162,6
3,boost_1048576_same-core_unpaced,0,total,348162,354989,6
3,boost_1048576_same-core_unpaced,0,total,354989,361815,4
3,boost_1048576_same-core_unpaced,0,total,361815,368642,7
3,boost_1048576_same-core_unpaced,0,total,368642,375469,6
3,boost_1048576_same-core_unpaced,0,total,375469,382295,2
3,boost_1048576_same-core_unpaced,0,total,382295,389122,8
3,boost_1048576_same-core_unpaced,0,total,389122,395949,8
3,boost_1048576_same-core_unpaced,0,total,395949,402775,9
3,boost_1048576_same-core_unpaced,0,total,402775,409602,7
3,boost_1048576_same-core_unpaced,0,total,409602,416429,7
3,boost_1048576_same-core_unpaced,0,total,416429,423256,19
3,boost_1048576_same-core_unpaced,0,total,423256,430082,8
3,boost_1048576_same-core_unpaced,0,total,430082,436909,7
3,boost_1048576_same-core_unpaced,0,total,436909,450562,15
3,boost_1048576_same-core_unpaced,0,total,450562,464216,8
3,boost_1048576_same-core_unpaced,0,total,464216,477869,14
3,boost_1048576_same-core_unpaced,0,total,477869,491523,9
3,boost_1048576_same-core_unpaced,0,total,491523,505176,11
3,boost_1048576_same-core_unpaced,0,total,505176,518829,11
3,boost_1048576_same-core_unpaced,0,total,518829,532483,9
3,boost_1048576_same-core_unpaced,0,total,532483,546136,13
3,boost_1048576_same-core_unpaced,0,total,546136,559790,6
3,boost_1048576_same-core_unpaced,0,total,559790,573443,10
3,boost_1048576_same-core_unpaced,0,total,573443,587096,15
3,boost_1048576_same-core_unpaced,0,total,587096,600750,11
3,boost_1048576_same-core_unpaced,0,total,600750,614403,11
3,boost_1048576_same-core_unpaced,0,total,614403,628057,15
3,boost_1048576_same-core_unpaced,0,total,628057,641710,15
3,boost_1048576_same-core_unpaced,0,total,641710,655363,6
3,boost_1048576_same-core_unpaced,0,total,655363,669017,15
3,boost_1048576_same-core_unpaced,0,total,669017,682670,10
3,boost_1048576_same-core_unpaced,0,total,682670,696324,17
3,boost_1048576_same-core_unpaced,0,total,696324,709977,23
3,boost_1048576_same-core_unpaced,0,total,709977,723630,18
3,boost_1048576_same-core_unpaced,0,total,723630,737284,12
3,boost_1048576_same-core_unpaced,0,total,737284,750937,15
3,boost_1048576_same-core_unpaced,0,total,750937,764591,13
3,boost_1048576_same-core_unpaced,0,total,764591,778244,13
3,boost_1048576_same-core_unpaced,0,total,778244,791897,8
3,boost_1048576_same-core_unpaced,0,total,791897,805551,12
3,boost_1048576_same-core_unpaced,0,total,805551,819204,13
3,boost_1048576_same-core_unpaced,0,total,819204,832858,12
3,boost_1048576_same-core_unpaced,0,total,832858,846511,8
3,boost_1048576_same-core_unpaced,0,total,846511,860165,19
3,boost_1048576_same-core_unpaced,0,total,860165,873818,16
3,boost_1048576_same-core_unpaced,0,total,873818,901125,42
3,boost_1048576_same-core_unpaced,0,total,901125,928432,28
3,boost_1048576_same-core_unpaced,0,total,928432,955738,42
3,boost_1048576_same-core_unpaced,0,total,955738,983045,25
3,boost_1048576_same-core_unpaced,0,total,983045,1.01035e+06,39
3,boost_1048576_same-core_unpaced,0,total,1.01035e+06,1.03766e+06,29
3,boost_1048576_same-core_unpaced,0,total,1.03766e+06,1.06497e+06,44
3,boost_1048576_same-core_unpaced,0,total,1.06497e+06,1.09227e+06,52
3,boost_1048576_same-core_unpaced,0,total,1.09227e+06,1.11958e+06,36
3,boost_1048576_same-core_unpaced,0,total,1.11958e+06,1.14689e+06,32
3,boost_1048576_same-core_unpaced,0,total,1.14689e+06,1.17419e+06,35
3,boost_1048576_same-core_unpaced,0,total,1.17419e+06,1.2015e+06,31
3,boost_1048576_same-core_unpaced,0,total,1.2015e+06,1.22881e+06,15
3,boost_1048576_same-core_unpaced,0,total,1.22881e+06,1.25611e+06,33
3,boost_1048576_same-core_unpaced,0,total,1.25611e+06,1.28342e+06,42
3,boost_1048576_same-core_unpaced,0,total,1.28342e+06,1.31073e+06,44
3,boost_1048576_same-core_unpaced,0,total,1.31073e+06,1.33803e+06,36
3,boost_1048576_same-core_unpaced,0,total,1.33803e+06,1.36534e+06,28
3,boost_1048576_same-core_unpaced,0,total,1.36534e+06,1.39265e+06,34
3,boost_1048576_same-core_unpaced,0,total,1.39265e+06,1.41995e+06,36
3,boost_1048576_same-core_unpaced,0,total,1.41995e+06,1.44726e+06,39
3,boost_1048576_same-core_unpaced,0,total,1.44726e+06,1.47457e+06,31
3,boost_1048576_same-core_unpaced,0,total,1.47457e+06,1.50187e+06,42
3,boost_1048576_same-core_unpaced,0,total,1.50187e+06,1.52918e+06,33
3,boost_1048576_same-core_unpaced,0,total,1.52918e+06,1.55649e+06,34
3,boost_1048576_same-core_unpaced,0,total,1.55649e+06,1.58379e+06,40
3,boost_1048576_same-core_unpaced,0,total,1.58379e+06,1.6111e+06,34
3,boost_1048576_same-core_unpaced,0,total,1.6111e+06,1.63841e+06,40
3,boost_1048576_same-core_unpaced,0,total,1.63841e+06,1.66572e+06,34
3,boost_1048576_same-core_unpaced,0,total,1.66572e+06,1.69302e+06,35
3,boost_1048576_same-core_unpaced,0,total,1.69302e+06,1.72033e+06,37
3,boost_1048576_same-core_unpaced,0,total,1.72033e+06,1.74764e+06,26
3,boost_1048576_same-core_unpaced,0,total,1.74764e+06,1.80225e+06,40
3,boost_1048576_same-core_unpaced,0,total,1.80225e+06,1.85686e+06,44
3,boost_1048576_same-core_unpaced,0,total,1.85686e+06,1.91148e+06,71
3,boost_1048576_same-core_unpaced,0,total,1.91148e+06,1.96609e+06,58
3,boost_1048576_same-core_unpaced,0,total,1.96609e+06,2.0207e+06,53
3,boost_1048576_same-core_unpaced,0,total,2.0207e+06,2.07532e+06,57
3,boost_1048576_same-core_unpaced,0,total,2.07532e+06,2.12993e+06,60
3,boost_1048576_same-core_unpaced,0,total,2.12993e+06,2.18454e+06,95
3,boost_1048576_same-core_unpaced,0,total,2.18454e+06,2.23916e+06,95
3,boost_1048576_same-core_unpaced,0,total,2.23916e+06,2.29377e+06,39
3,boost_1048576_same-core_unpaced,0,total,2.29377e+06,2.34839e+06,37
3,boost_1048576_same-core_unpaced,0,total,2.34839e+06,2.403e+06,63
3,boost_1048576_same-core_unpaced,0,total,2.403e+06,2.45761e+06,49
3,boost_1048576_same-core_unpaced,0,total,2.45761e+06,2.51223e+06,57
3,boost_1048576_same-core_unpaced,0,total,2.51223e+06,2.56684e+06,56
3,boost_1048576_same-core_unpaced,0,total,2.56684e+06,2.62145e+06,67
3,boost_1048576_same-core_unpaced,0,total,2.62145e+06,2.67607e+06,57
3,boost_1048576_same-core_unpaced,0,total,2.67607e+06,2.73068e+06,76
3,boost_1048576_same-core_unpaced,0,total,2.73068e+06,2.78529e+06,65
3,boost_1048576_same-core_unpaced,0,total,2.78529e+06,2.83991e+06,71
3,boost_1048576_same-core_unpaced,0,total,2.83991e+06,2.89452e+06,38
3,boost_1048576_same-core_unpaced,0,total,2.89452e+06,2.94914e+06,56
3,boost_1048576_same-core_unpaced,0,total,2.94914e+06,3.00375e+06,63
3,boost_1048576_same-core_unpaced,0,total,3.00375e+06,3.05836e+06,83
3,boost_1048576_same-core_unpaced,0,total,3.05836e+06,3.11298e+06,53
3,boost_1048576_same-core_unpaced,0,total,3.11298e+06,3.16759e+06,60
3,boost_1048576_same-core_unpaced,0,total,3.16759e+06,3.2222e+06,61
3,boost_1048576_same-core_unpaced,0,total,3.2222e+06,3.27682e+06,69
3,boost_1048576_same-core_unpaced,0,total,3.27682e+06,3.33143e+06,76
3,boost_1048576_same-core_unpaced,0,total,3.33143e+06,3.38604e+06,65
3,boost_1048576_same-core_unpaced,0,total,3.38604e+06,3.44066e+06,62
3,boost_1048576_same-core_unpaced,0,total,3.44066e+06,3.49527e+06,61
3,boost_1048576_same-core_unpaced,0,total,3.49527e+06,3.6045e+06,108
3,boost_1048576_same-core_unpaced,0,total,3.6045e+06,3.71373e+06,123
3,boost_1048576_same-core_unpaced,0,total,3.71373e+06,3.82295e+06,125
3,boost_1048576_same-core_unpaced,0,total,3.82295e+06,3.93218e+06,127
3,boost_1048576_same-core_unpaced,0,total,3.93218e+06,4.04141e+06,110
3,boost_1048576_same-core_unpaced,0,total,4.04141e+06,4.15064e+06,139
3,boost_1048576_same-core_unpaced,0,total,4.15064e+06,4.25986e+06,148
3,boost_1048576_same-core_unpaced,0,total,4.25986e+06,4.36909e+06,112
3,boost_1048576_same-core_unpaced,0,total,4.36909e+06,4.47832e+06,135
3,boost_1048576_same-core_unpaced,0,total,4.47832e+06,4.58754e+06,227
3,boost_1048576_same-core_unpaced,0,total,4.58754e+06,4.69677e+06,151
3,boost_1048576_same-core_unpaced,0,total,4.69677e+06,4.806e+06,126
3,boost_1048576_same-core_unpaced,0,total,4.806e+06,4.91523e+06,111
3,boost_1048576_same-core_unpaced,0,total,4.91523e+06,5.02445e+06,106
3,boost_1048576_same-core_unpaced,0,total,5.02445e+06,5.13368e+06,120
3,boost_1048576_same-core_unpaced,0,total,5.13368e+06,5.24291e+06,137
3,boost_1048576_same-core_unpaced,0,total,5.24291e+06,5.35213e+06,121
3,boost_1048576_same-core_unpaced,0,total,5.35213e+06,5.46136e+06,130
3,boost_1048576_same-core_unpaced,0,total,5.46136e+06,5.57059e+06,135
3,boost_1048576_same-core_unpaced,0,total,5.57059e+06,5.67982e+06,105
3,boost_1048576_same-core_unpaced,0,total,5.67982e+06,5.78904e+06,130
3,boost_1048576_same-core_unpaced,0,total,5.78904e+06,5.89827e+06,125
3,boost_1048576_same-core_unpaced,0,total,5.89827e+06,6.0075e+06,113
3,boost_1048576_same-core_unpaced,0,total,6.0075e+06,6.11673e+06,117
3,boost_1048576_same-core_unpaced,0,total,6.11673e+06,6.22595e+06,99
3,boost_1048576_same-core_unpaced,0,total,6.22595e+06,6.33518e+06,94
3,boost_1048576_same-core_unpaced,0,total,6.33518e+06,6.44441e+06,109
3,boost_1048576_same-core_unpaced,0,total,6.44441e+06,6.55363e+06,108
3,boost_1048576_same-core_unpaced,0,total,6.55363e+06,6.66286e+06,106
3,boost_1048576_same-core_unpaced,0,total,6.66286e+06,6.77209e+06,102
3,boost_1048576_same-core_unpaced,0,total,6.77209e+06,6.88132e+06,118
3,boost_1048576_same-core_unpaced,0,total,6.88132e+06,6.99054e+06,105
3,boost_1048576_same-core_unpaced,0,total,6.99054e+06,7.209e+06,227
3,boost_1048576_same-core_unpaced,0,total,7.209e+06,7.42745e+06,209
3,boost_1048576_same-core_unpaced,0,total,7.42745e+06,7.64591e+06,230
3,boost_1048576_same-core_unpaced,0,total,7.64591e+06,7.86436e+06,227
3,boost_1048576_same-core_unpaced,0,total,7.86436e+06,8.08282e+06,237
3,boost_1048576_same-core_unpaced,0,total,8.08282e+06,8.30127e+06,228
3,boost_1048576_same-core_unpaced,0,total,8.30127e+06,8.51972e+06,233
3,boost_1048576_same-core_unpaced,0,total,8.51972e+06,8.73818e+06,215
3,boost_1048576_same-core_unpaced,0,total,8.73818e+06,8.95663e+06,234
3,boost_1048576_same-core_unpaced,0,total,8.95663e+06,9.17509e+06,228
3,boost_1048576_same-core_unpaced,0,total,9.17509e+06,9.39354e+06,267
3,boost_1048576_same-core_unpaced,0,total,9.39354e+06,9.612e+06,456
3,boost_1048576_same-core_unpaced,0,total,9.612e+06,9.83045e+06,257
3,boost_1048576_same-core_unpaced,0,total,9.83045e+06,1.00489e+07,222
3,boost_1048576_same-core_unpaced,0,total,1.00489e+07,1.02674e+07,223
3,boost_1048576_same-core_unpaced,0,total,1.02674e+07,1.04858e+07,225
3,boost_1048576_same-core_unpaced,0,total,1.04858e+07,1.07043e+07,236
3,boost_1048576_same-core_unpaced,0,total,1.07043e+07,1.09227e+07,237
3,boost_1048576_same-core_unpaced,0,total,1.09227e+07,1.11412e+07,193
3,boost_1048576_same-core_unpaced,0,total,1.11412e+07,1.13596e+07,204
3,boost_1048576_same-core_unpaced,0,total,1.13596e+07,1.15781e+07,223
3,boost_1048576_same-core_unpaced,0,total,1.15781e+07,1.17965e+07,227
3,boost_1048576_same-core_unpaced,0,total,1.17965e+07,1.2015e+07,194
3,boost_1048576_same-core_unpaced,0,total,1.2015e+07,1.22335e+07,197
3,boost_1048576_same-core_unpaced,0,total,1.22335e+07,1.24519e+07,245
3,boost_1048576_same-core_unpaced,0,total,1.24519e+07,1.26704e+07,213
3,boost_1048576_same-core_unpaced,0,total,1.26704e+07,1.28888e+07,225
3,boost_1048576_same-core_unpaced,0,total,1.28888e+07,1.31073e+07,228
3,boost_1048576_same-core_unpaced,0,total,1.31073e+07,1.33257e+07,238
3,boost_1048576_same-core_unpaced,0,total,1.33257e+07,1.35442e+07,198
3,boost_1048576_same-core_unpaced,0,total,1.35442e+07,1.37626e+07,210
3,boost_1048576_same-core_unpaced,0,total,1.37626e+07,1.39811e+07,192
3,boost_1048576_same-core_unpaced,0,total,1.39811e+07,1.4418e+07,452
3,boost_1048576_same-core_unpaced,0,total,1.4418e+07,1.48549e+07,497
3,boost_1048576_same-core_unpaced,0,total,1.48549e+07,1.52918e+07,424
3,boost_1048576_same-core_unpaced,0,total,1.52918e+07,1.57287e+07,481
3,boost_1048576_same-core_unpaced,0,total,1.57287e+07,1.61656e+07,416
3,boost_1048576_same-core_unpaced,0,total,1.61656e+07,1.66025e+07,454
3,boost_1048576_same-core_unpaced,0,total,1.66025e+07,1.70394e+07,465
3,boost_1048576_same-core_unpaced,0,total,1.70394e+07,1.74764e+07,408
3,boost_1048576_same-core_unpaced,0,total,1.74764e+07,1.79133e+07,446
3,boost_1048576_same-core_unpaced,0,total,1.79133e+07,1.83502e+07,439
3,boost_1048576_same-core_unpaced,0,total,1.83502e+07,1.87871e+07,444
3,boost_1048576_same-core_unpaced,0,total,1.87871e+07,1.9224e+07,426
3,boost_1048576_same-core_unpaced,0,total,1.9224e+07,1.96609e+07,488
3,boost_1048576_same-core_unpaced,0,total,1.96609e+07,2.00978e+07,616
3,boost_1048576_same-core_unpaced,0,total,2.00978e+07,2.05347e+07,431
3,boost_1048576_same-core_unpaced,0,total,2.05347e+07,2.09716e+07,484
3,boost_1048576_same-core_unpaced,0,total,2.09716e+07,2.14085e+07,479
3,boost_1048576_same-core_unpaced,0,total,2.14085e+07,2.18454e+07,481
3,boost_1048576_same-core_unpaced,0,total,2.18454e+07,2.22824e+07,434
3,boost_1048576_same-core_unpaced,0,total,2.22824e+07,2.27193e+07,433
3,boost_1048576_same-core_unpaced,0,total,2.27193e+07,2.31562e+07,449
3,boost_1048576_same-core_unpaced,0,total,2.31562e+07,2.35931e+07,480
3,boost_1048576_same-core_unpaced,0,total,2.35931e+07,2.403e+07,430
3,boost_1048576_same-core_unpaced,0,total,2.403e+07,2.44669e+07,432
3,boost_1048576_same-core_unpaced,0,total,2.44669e+07,2.49038e+07,489
3,boost_1048576_same-core_unpaced,0,total,2.49038e+07,2.53407e+07,450
3,boost_1048576_same-core_unpaced,0,total,2.53407e+07,2.57776e+07,416
3,boost_1048576_same-core_unpaced,0,total,2.57776e+07,2.62145e+07,417
3,boost_1048576_same-core_unpaced,0,total,2.62145e+07,2.66514e+07,411
3,boost_1048576_same-core_unpaced,0,total,2.66514e+07,2.70884e+07,413
3,boost_1048576_same-core_unpaced,0,total,2.70884e+07,2.75253e+07,435
3,boost_1048576_same-core_unpaced,0,total,2.75253e+07,2.79622e+07,418
3,boost_1048576_same-core_unpaced,0,total,2.79622e+07,2.8836e+07,801
3,boost_1048576_same-core_unpaced,0,total,2.8836e+07,2.97098e+07,813
3,boost_1048576_same-core_unpaced,0,total,2.97098e+07,3.05836e+07,785
3,boost_1048576_same-core_unpaced,0,total,3.05836e+07,3.14574e+07,952
3,boost_1048576_same-core_unpaced,0,total,3.14574e+07,3.23313e+07,781
3,boost_1048576_same-core_unpaced,0,total,3.23313e+07,3.32051e+07,808
3,boost_1048576_same-core_unpaced,0,total,3.32051e+07,3.40789e+07,1012
3,boost_1048576_same-core_unpaced,0,total,3.40789e+07,3.49527e+07,955
3,boost_1048576_same-core_unpaced,0,total,3.49527e+07,3.58265e+07,930
3,boost_1048576_same-core_unpaced,0,total,3.58265e+07,3.67004e+07,979
3,boost_1048576_same-core_unpaced,0,total,3.67004e+07,3.75742e+07,1013
3,boost_1048576_same-core_unpaced,0,total,3.75742e+07,3.8448e+07,1050
3,boost_1048576_same-core_unpaced,0,total,3.8448e+07,3.93218e+07,1023
3,boost_1048576_same-core_unpaced,0,total,3.93218e+07,4.01956e+07,1011
3,boost_1048576_same-core_unpaced,0,total,4.01956e+07,4.10694e+07,1242
3,boost_1048576_same-core_unpaced,0,total,4.10694e+07,4.19433e+07,1014
3,boost_1048576_same-core_unpaced,0,total,4.19433e+07,4.28171e+07,970
3,boost_1048576_same-core_unpaced,0,total,4.28171e+07,4.36909e+07,1043
3,boost_1048576_same-core_unpaced,0,total,4.36909e+07,4.45647e+07,1013
3,boost_1048576_same-core_unpaced,0,total,4.45647e+07,4.54385e+07,1005
3,boost_1048576_same-core_unpaced,0,total,4.54385e+07,4.63123e+07,1029
3,boost_1048576_same-core_unpaced,0,total,4.63123e+07,4.71862e+07,1015
3,boost_1048576_same-core_unpaced,0,total,4.71862e+07,4.806e+07,970
3,boost_1048576_same-core_unpaced,0,total,4.806e+07,4.89338e+07,919
3,boost_1048576_same-core_unpaced,0,total,4.89338e+07,4.98076e+07,1161
3,boost_1048576_same-core_unpaced,0,total,4.98076e+07,5.06814e+07,1061
3,boost_1048576_same-core_unpaced,0,total,5.06814e+07,5.15553e+07,898
3,boost_1048576_same-core_unpaced,0,total,5.15553e+07,5.24291e+07,1043
3,boost_1048576_same-core_unpaced,0,total,5.24291e+07,5.33029e+07,969
3,boost_1048576_same-core_unpaced,0,total,5.33029e+07,5.41767e+07,1048
3,boost_1048576_same-core_unpaced,0,total,5.41767e+07,5.50505e+07,987
3,boost_1048576_same-core_unpaced,0,total,5.50505e+07,5.59243e+07,1053
3,boost_1048576_same-core_unpaced,0,total,5.59243e+07,5.7672e+07,1971
3,boost_1048576_same-core_unpaced,0,total,5.7672e+07,5.94196e+07,2170
3,boost_1048576_same-core_unpaced,0,total,5.94196e+07,6.11673e+07,1524
3,boost_1048576_same-core_unpaced,0,total,6.11673e+07,6.29149e+07,1485
3,boost_1048576_same-core_unpaced,0,total,6.29149e+07,6.46625e+07,1416
3,boost_1048576_same-core_unpaced,0,total,6.46625e+07,6.64102e+07,1402
3,boost_1048576_same-core_unpaced,0,total,6.64102e+07,6.81578e+07,1489
3,boost_1048576_same-core_unpaced,0,total,6.81578e+07,6.99054e+07,1376
3,boost_1048576_same-core_unpaced,0,total,6.99054e+07,7.16531e+07,1438
3,boost_1048576_same-core_unpaced,0,total,7.16531e+07,7.34007e+07,1504
3,boost_1048576_same-core_unpaced,0,total,7.34007e+07,7.51483e+07,1529
3,boost_1048576_same-core_unpaced,0,total,7.51483e+07,7.6896e+07,1448
3,boost_1048576_same-core_unpaced,0,total,7.6896e+07,7.86436e+07,1438
3,boost_1048576_same-core_unpaced,0,total,7.86436e+07,8.03912e+07,1471
3,boost_1048576_same-core_unpaced,0,total,8.03912e+07,8.21389e+07,1472
3,boost_1048576_same-core_unpaced,0,total,8.21389e+07,8.38865e+07,1411
3,boost_1048576_same-core_unpaced,0,total,8.38865e+07,8.56342e+07,1493
3,boost_1048576_same-core_unpaced,0,total,8.56342e+07,8.73818e+07,1456
3,boost_1048576_same-core_unpaced,0,total,8.73818e+07,8.91294e+07,1424
3,boost_1048576_same-core_unpaced,0,total,8.91294e+07,9.08771e+07,1431
3,boost_1048576_same-core_unpaced,0,total,9.08771e+07,9.26247e+07,1423
3,boost_1048576_same-core_unpaced,0,total,9.26247e+07,9.43723e+07,1452
3,boost_1048576_same-core_unpaced,0,total,9.43723e+07,9.612e+07,1444
3,boost_1048576_same-core_unpaced,0,total,9.612e+07,9.78676e+07,1502
3,boost_1048576_same-core_unpaced,0,total,9.78676e+07,9.96152e+07,1451
3,boost_1048576_same-core_unpaced,0,total,9.96152e+07,1.01363e+08,4626
3,boost_1048576_same-core_unpaced,0,total,1.01363e+08,1.03111e+08,69336
3,boost_1048576_same-core_unpaced,0,total,1.03111e+08,1.04858e+08,23063
3,boost_1048576_same-core_unpaced,0,total,1.04858e+08,1.06606e+08,21073
3,boost_1048576_same-core_unpaced,0,total,1.06606e+08,1.08353e+08,28267
3,boost_1048576_same-core_unpaced,0,total,1.08353e+08,1.10101e+08,3621
3,boost_1048576_same-core_unpaced,0,total,1.10101e+08,1.11849e+08,2311
3,boost_1048576_same-core_unpaced,0,total,1.11849e+08,1.15344e+08,13104
3,boost_1048576_same-core_unpaced,0,total,1.15344e+08,1.18839e+08,13591
3,boost_1048576_same-core_unpaced,0,total,1.18839e+08,1.22335e+08,12304
3,boost_1048576_same-core_unpaced,0,total,1.22335e+08,1.2583e+08,11292
3,boost_1048576_same-core_unpaced,0,total,1.2583e+08,1.29325e+08,22099
3,boost_1048576_same-core_unpaced,0,total,1.29325e+08,1.3282e+08,8666
3,boost_1048576_same-core_unpaced,0,total,1.3282e+08,1.36316e+08,20061
3,boost_1048576_same-core_unpaced,0,total,1.36316e+08,1.39811e+08,11845
3,boost_1048576_same-core_unpaced,0,total,1.39811e+08,1.43306e+08,11261
3,boost_1048576_same-core_unpaced,0,total,1.43306e+08,1.46801e+08,10939
3,boost_1048576_same-core_unpaced,0,total,1.46801e+08,1.50297e+08,10263
3,boost_1048576_same-core_unpaced,0,total,1.50297e+08,1.53792e+08,11760
3,boost_1048576_same-core_unpaced,0,total,1.53792e+08,1.57287e+08,8361
3,boost_1048576_same-core_unpaced,0,total,1.57287e+08,1.60782e+08,85967
3,boost_1048576_same-core_unpaced,0,total,1.60782e+08,1.64278e+08,218889
3,boost_1048576_same-core_unpaced,0,total,1.64278e+08,1.67773e+08,392156
3,boost_1048576_same-core_unpaced,0,total,1.67773e+08,1.71268e+08,455528
3,boost_1048576_same-core_unpaced,0,total,1.71268e+08,1.74764e+08,335726
3,boost_1048576_same-core_unpaced,0,total,1.74764e+08,1.78259e+08,186859
3,boost_1048576_same-core_unpaced,0,total,1.78259e+08,1.81754e+08,78518
3,boost_1048576_same-core_unpaced,0,total,1.81754e+08,1.85249e+08,21049
3,boost_1048576_same-core_unpaced,0,total,1.85249e+08,1.88745e+08,50281
3,boost_1048576_same-core_unpaced,0,total,1.88745e+08,1.9224e+08,59805
3,boost_1048576_same-core_unpaced,0,total,1.9224e+08,1.95735e+08,42142
3,boost_1048576_same-core_unpaced,0,total,1.95735e+08,1.9923e+08,32649
3,boost_1048576_same-core_unpaced,0,total,1.9923e+08,2.02726e+08,5291
3,boost_1048576_same-core_unpaced,0,queue,30.8335,31.6668,2
3,boost_1048576_same-core_unpaced,0,queue,33.3335,34.1668,5
3,boost_1048576_same-core_unpaced,0,queue,35.0002,35.8335,2
3,boost_1048576_same-core_unpaced,0,queue,35.8335,36.6669,3
3,boost_1048576_same-core_unpaced,0,queue,36.6669,37.5002,5
3,boost_1048576_same-core_unpaced,0,queue,37.5002,38.3335,2
3,boost_1048576_same-core_unpaced,0,queue,38.3335,39.1669,1
3,boost_1048576_same-core_unpaced,0,queue,39.1669,40.0002,2
3,boost_1048576_same-core_unpaced,0,queue,40.0002,40.8335,1
3,boost_1048576_same-core_unpaced,0,queue,40.8335,41.6669,2
3,boost_1048576_same-core_unpaced,0,queue,41.6669,42.5002,2
3,boost_1048576_same-core_unpaced,0,queue,42.5002,43.3336,3
3,boost_1048576_same-core_unpaced,0,queue,43.3336,44.1669,2
3,boost_1048576_same-core_unpaced,0,queue,44.1669,45.0002,1
3,boost_1048576_same-core_unpaced,0,queue,45.0002,45.8336,4
3,boost_1048576_same-core_unpaced,0,queue,45.8336,46.6669,7
3,boost_1048576_same-core_unpaced,0,queue,46.6669,47.5002,9
3,boost_1048576_same-core_unpaced,0,queue,47.5002,48.3336,7
3,boost_1048576_same-core_unpaced,0,queue,48.3336,49.1669,4
3,boost_1048576_same-core_unpaced,0,queue,49.1669,50.0003,6
3,boost_1048576_same-core_unpaced,0,queue,50.0003,50.8336,7
3,boost_1048576_same-core_unpaced,0,queue,50.8336,51.6669,3
3,boost_1048576_same-core_unpaced,0,queue,51.6669,52.5003,4
3,boost_1048576_same-core_unpaced,0,queue,52.5003,53.3336,6
3,boost_1048576_same-core_unpaced,0,queue,53.3336,55.0003,9
3,boost_1048576_same-core_unpaced,0,queue,55.0003,56.667,7
3,boost_1048576_same-core_unpaced,0,queue,56.667,58.3336,15
3,boost_1048576_same-core_unpaced,0,queue,58.3336,60.0003,19
3,boost_1048576_same-core_unpaced,0,queue,60.0003,61.667,21
3,boost_1048576_same-core_unpaced,0,queue,61.667,63.3337,10
3,boost_1048576_same-core_unpaced,0,queue,63.3337,65.0003,20
3,boost_1048576_same-core_unpaced,0,queue,65.0003,66.667,8
3,boost_1048576_same-core_unpaced,0,queue,66.667,68.3337,16
3,boost_1048576_same-core_unpaced,0,queue,68.3337,70.0004,8
3,boost_1048576_same-core_unpaced,0,queue,70.0004,71.667,10
3,boost_1048576_same-core_unpaced,0,queue,71.667,73.3337,10
3,boost_1048576_same-core_unpaced,0,queue,73.3337,75.0004,5
3,boost_1048576_same-core_unpaced,0,queue,75.0004,76.6671,11
3,boost_1048576_same-core_unpaced,0,queue,76.6671,78.3337,9
3,boost_1048576_same-core_unpaced,0,queue,78.3337,80.0004,8
3,boost_1048576_same-core_unpaced,0,queue,80.0004,81.6671,3
3,boost_1048576_same-core_unpaced,0,queue,81.6671,83.3338,7
3,boost_1048576_same-core_unpaced,0,queue,83.3338,85.0004,7
3,boost_1048576_same-core_unpaced,0,queue,85.0004,86.6671,12
3,boost_1048576_same-core_unpaced,0,queue,86.6671,88.3338,3
3,boost_1048576_same-core_unpaced,0,queue,88.3338,90.0005,5
3,boost_1048576_same-core_unpaced,0,queue,90.0005,91.6671,4
3,boost_1048576_same-core_unpaced,0,queue,91.6671,93.3338,2
3,boost_1048576_same-core_unpaced,0,queue,93.3338,95.0005,5
3,boost_1048576_same-core_unpaced,0,queue,95.0005,96.6672,9
3,boost_1048576_same-core_unpaced,0,queue,96.6672,98.3338,5
3,boost_1048576_same-core_unpaced,0,queue,98.3338,100.001,6
3,boost_1048576_same-core_unpaced,0,queue,100.001,101.667,7
3,boost_1048576_same-core_unpaced,0,queue,101.667,103.334,11
3,boost_1048576_same-core_unpaced,0,queue,103.334,105.001,2
3,boost_1048576_same-core_unpaced,0,queue,105.001,106.667,5
3,boost_1048576_same-core_unpaced,0,queue,106.667,110.001,8
3,boost_1048576_same-core_unpaced,0,queue,110.001,113.334,11
3,boost_1048576_same-core_unpaced,0,queue,113.334,116.667,6
3,boost_1048576_same-core_unpaced,0,queue,116.667,120.001,10
3,boost_1048576_same-core_unpaced,0,queue,120.001,123.334,9
3,boost_1048576_same-core_unpaced,0,queue,123.334,126.667,8
3,boost_1048576_same-core_unpaced,0,queue,126.667,130.001,6
3,boost_1048576_same-core_unpaced,0,queue,130.001,133.334,6
3,boost_1048576_same-core_unpaced,0,queue,133.334,136.667,4
3,boost_1048576_same-core_unpaced,0,queue,136.667,140.001,6
3,boost_1048576_same-core_unpaced,0,queue,140.001,143.334,4
3,boost_1048576_same-core_unpaced,0,queue,143.334,146.667,5
3,boost_1048576_same-core_unpaced,0,queue,146.667,150.001,5
3,boost_1048576_same-core_unpaced,0,queue,150.001,153.334,4
3,boost_1048576_same-core_unpaced,0,queue,153.334,156.667,9
3,boost_1048576_same-core_unpaced,0,queue,156.667,160.001,4
3,boost_1048576_same-core_unpaced,0,queue,160.001,163.334,3
3,boost_1048576_same-core_unpaced,0,queue,163.334,166.668,1
3,boost_1048576_same-core_unpaced,0,queue,166.668,170.001,6
3,boost_1048576_same-core_unpaced,0,queue,170.001,173.334,2
3,boost_1048576_same-core_unpaced,0,queue,176.668,180.001,2
3,boost_1048576_same-core_unpaced,0,queue,180.001,183.334,2
3,boost_1048576_same-core_unpaced,0,queue,183.334,186.668,1
3,boost_1048576_same-core_unpaced,0,queue,186.668,190.001,2
3,boost_1048576_same-core_unpaced,0,queue,193.334,196.668,1
3,boost_1048576_same-core_unpaced,0,queue,196.668,200.001,1
3,boost_1048576_same-core_unpaced,0,queue,200.001,203.334,1
3,boost_1048576_same-core_unpaced,0,queue,206.668,210.001,1
3,boost_1048576_same-core_unpaced,0,queue,213.334,220.001,1
3,boost_1048576_same-core_unpaced,0,queue,226.668,233.335,1
3,boost_1048576_same-core_unpaced,0,queue,240.001,246.668,2
3,boost_1048576_same-core_unpaced,0,queue,253.335,260.001,1
3,boost_1048576_same-core_unpaced,0,queue,260.001,266.668,1
3,boost_1048576_same-core_unpaced,0,queue,266.668,273.335,1
3,boost_1048576_same-core_unpaced,0,queue,273.335,280.001,1
3,boost_1048576_same-core_unpaced,0,queue,300.002,306.668,1
3,boost_1048576_same-core_unpaced,0,queue,306.668,313.335,1
3,boost_1048576_same-core_unpaced,0,queue,313.335,320.002,1
3,boost_1048576_same-core_unpaced,0,queue,346.668,353.335,1
3,boost_1048576_same-core_unpaced,0,queue,426.669,440.002,2
3,boost_1048576_same-core_unpaced,0,queue,440.002,453.336,1
3,boost_1048576_same-core_unpaced,0,queue,493.336,506.669,1
3,boost_1048576_same-core_unpaced,0,queue,533.336,546.67,1
3,boost_1048576_same-core_unpaced,0,queue,586.67,600.003,1
3,boost_1048576_same-core_unpaced,0,queue,760.004,773.337,1
3,boost_1048576_same-core_unpaced,0,queue,853.338,880.005,1
3,boost_1048576_same-core_unpaced,0,queue,880.005,906.671,1
3,boost_1048576_same-core_unpaced,0,queue,906.671,933.338,1
3,boost_1048576_same-core_unpaced,0,queue,960.005,986.672,1
3,boost_1048576_same-core_unpaced,0,queue,986.672,1013.34,1
3,boost_1048576_same-core_unpaced,0,queue,1120.01,1146.67,1
3,boost_1048576_same-core_unpaced,0,queue,1200.01,1226.67,1
3,boost_1048576_same-core_unpaced,0,queue,1360.01,1386.67,2
3,boost_1048576_same-core_unpaced,0,queue,1466.67,1493.34,1
3,boost_1048576_same-core_unpaced,0,queue,1600.01,1626.68,1
3,boost_1048576_same-core_unpaced,0,queue,20480.1,20906.8,1
3,boost_1048576_same-core_unpaced,0,queue,20906.8,21333.4,1
3,boost_1048576_same-core_unpaced,0,queue,24320.1,24746.8,1
3,boost_1048576_same-core_unpaced,0,queue,25173.5,25600.1,1
3,boost_1048576_same-core_unpaced,0,queue,29013.5,29866.8,1
3,boost_1048576_same-core_unpaced,0,queue,29866.8,30720.2,1
3,boost_1048576_same-core_unpaced,0,queue,30720.2,31573.5,1
3,boost_1048576_same-core_unpaced,0,queue,32426.8,33280.2,1
3,boost_1048576_same-core_unpaced,0,queue,43520.2,44373.6,1
3,boost_1048576_same-core_unpaced,0,queue,44373.6,45226.9,1
3,boost_1048576_same-core_unpaced,0,queue,50346.9,51200.3,1
3,boost_1048576_same-core_unpaced,0,queue,54613.6,56320.3,2
3,boost_1048576_same-core_unpaced,0,queue,56320.3,58027,2
3,boost_1048576_same-core_unpaced,0,queue,59733.6,61440.3,1
3,boost_1048576_same-core_unpaced,0,queue,61440.3,63147,1
3,boost_1048576_same-core_unpaced,0,queue,63147,64853.7,1
3,boost_1048576_same-core_unpaced,0,queue,64853.7,66560.3,2
3,boost_1048576_same-core_unpaced,0,queue,66560.3,68267,1
3,boost_1048576_same-core_unpaced,0,queue,68267,69973.7,1
3,boost_1048576_same-core_unpaced,0,queue,73387.1,75093.7,1
3,boost_1048576_same-core_unpaced,0,queue,76800.4,78507.1,1
3,boost_1048576_same-core_unpaced,0,queue,80213.8,81920.4,1
3,boost_1048576_same-core_unpaced,0,queue,81920.4,83627.1,1
3,boost_1048576_same-core_unpaced,0,queue,85333.8,87040.5,1
3,boost_1048576_same-core_unpaced,0,queue,87040.5,88747.1,2
3,boost_1048576_same-core_unpaced,0,queue,88747.1,90453.8,1
3,boost_1048576_same-core_unpaced,0,queue,90453.8,92160.5,1
3,boost_1048576_same-core_unpaced,0,queue,92160.5,93867.2,1
3,boost_1048576_same-core_unpaced,0,queue,93867.2,95573.8,2
3,boost_1048576_same-core_unpaced,0,queue,98987.2,100694,1
3,boost_1048576_same-core_unpaced,0,queue,100694,102401,1
3,boost_1048576_same-core_unpaced,0,queue,104107,105814,1
3,boost_1048576_same-core_unpaced,0,queue,105814,107521,3
3,boost_1048576_same-core_unpaced,0,queue,109227,112641,4
3,boost_1048576_same-core_unpaced,0,queue,112641,116054,1
3,boost_1048576_same-core_unpaced,0,queue,116054,119467,3
3,boost_1048576_same-core_unpaced,0,queue,119467,122881,2
3,boost_1048576_same-core_unpaced,0,queue,122881,126294,2
3,boost_1048576_same-core_unpaced,0,queue,126294,129707,1
3,boost_1048576_same-core_unpaced,0,queue,129707,133121,2
3,boost_1048576_same-core_unpaced,0,queue,133121,136534,2
3,boost_1048576_same-core_unpaced,0,queue,136534,139947,2
3,boost_1048576_same-core_unpaced,0,queue,139947,143361,1
3,boost_1048576_same-core_unpaced,0,queue,143361,146774,1
3,boost_1048576_same-core_unpaced,0,queue,146774,150187,4
3,boost_1048576_same-core_unpaced,0,queue,150187,153601,4
3,boost_1048576_same-core_unpaced,0,queue,153601,157014,2
3,boost_1048576_same-core_unpaced,0,queue,157014,160428,4
3,boost_1048576_same-core_unpaced,0,queue,160428,163841,2
3,boost_1048576_same-core_unpaced,0,queue,163841,167254,1
3,boost_1048576_same-core_unpaced,0,queue,167254,170668,3
3,boost_1048576_same-core_unpaced,0,queue,170668,174081,1
3,boost_1048576_same-core_unpaced,0,queue,174081,177494,1
3,boost_1048576_same-core_unpaced,0,queue,177494,180908,2
3,boost_1048576_same-core_unpaced,0,queue,180908,184321,1
3,boost_1048576_same-core_unpaced,0,queue,184321,187734,1
3,boost_1048576_same-core_unpaced,0,queue,187734,191148,1
3,boost_1048576_same-core_unpaced,0,queue,191148,194561,1
3,boost_1048576_same-core_unpaced,0,queue,194561,197974,3
3,boost_1048576_same-core_unpaced,0,queue,204801,208214,3
3,boost_1048576_same-core_unpaced,0,queue,208214,211628,1
3,boost_1048576_same-core_unpaced,0,queue,211628,215041,1
3,boost_1048576_same-core_unpaced,0,queue,215041,218454,7
3,boost_1048576_same-core_unpaced,0,queue,218454,225281,5
3,boost_1048576_same-core_unpaced,0,queue,225281,232108,7
3,boost_1048576_same-core_unpaced,0,queue,232108,238935,4
3,boost_1048576_same-core_unpaced,0,queue,238935,245761,4
3,boost_1048576_same-core_unpaced,0,queue,245761,252588,2
3,boost_1048576_same-core_unpaced,0,queue,252588,259415,4
3,boost_1048576_same-core_unpaced,0,queue,259415,266241,5
3,boost_1048576_same-core_unpaced,0,queue,266241,273068,7
3,boost_1048576_same-core_unpaced,0,queue,273068,279895,4
3,boost_1048576_same-core_unpaced,0,queue,279895,286722,5
3,boost_1048576_same-core_unpaced,0,queue,286722,293548,3
3,boost_1048576_same-core_unpaced,0,queue,293548,300375,4
3,boost_1048576_same-core_unpaced,0,queue,300375,307202,6
3,boost_1048576_same-core_unpaced,0,queue,307202,314028,6
3,boost_1048576_same-core_unpaced,0,queue,314028,320855,4
3,boost_1048576_same-core_unpaced,0,queue,320855,327682,10
3,boost_1048576_same-core_unpaced,0,queue,327682,334508,13
3,boost_1048576_same-core_unpaced,0,queue,334508,341335,8
3,boost_1048576_same-core_unpaced,0,queue,341335,348162,6
3,boost_1048576_same-core_unpaced,0,queue,348162,354989,6
3,boost_1048576_same-core_unpaced,0,queue,354989,361815,4
3,boost_1048576_same-core_unpaced,0,queue,361815,368642,7
3,boost_1048576_same-core_unpaced,0,queue,368642,375469,6
3,boost_1048576_same-core_unpaced,0,queue,375469,382295,3
3,boost_1048576_same-core_unpaced,0,queue,382295,389122,7
3,boost_1048576_same-core_unpaced,0,queue,389122,395949,8
3,boost_1048576_same-core_unpaced,0,queue,395949,402775,9
3,boost_1048576_same-core_unpaced,0,queue,402775,409602,7
3,boost_1048576_same-core_unpaced,0,queue,409602,416429,7
3,boost_1048576_same-core_unpaced,0,queue,416429,423256,19
3,boost_1048576_same-core_unpaced,0,queue,423256,430082,8
3,boost_1048576_same-core_unpaced,0,queue,430082,436909,7
3,boost_1048576_same-core_unpaced,0,queue,436909,450562,15
3,boost_1048576_same-core_unpaced,0,queue,450562,464216,8
3,boost_1048576_same-core_unpaced,0,queue,464216,477869,15
3,boost_1048576_same-core_unpaced,0,queue,477869,491523,9
3,boost_1048576_same-core_unpaced,0,queue,491523,505176,10
3,boost_1048576_same-core_unpaced,0,queue,505176,518829,11
3,boost_1048576_same-core_unpaced,0,queue,518829,532483,9
3,boost_1048576_same-core_unpaced,0,queue,532483,546136,13
3,boost_1048576_same-core_unpaced,0,queue,546136,559790,6
3,boost_1048576_same-core_unpaced,0,queue,559790,573443,10
3,boost_1048576_same-core_unpaced,0,queue,573443,587096,15
3,boost_1048576_same-core_unpaced,0,queue,587096,600750,11
3,boost_1048576_same-core_unpaced,0,queue,600750,614403,11
3,boost_1048576_same-core_unpaced,0,queue,614403,628057,15
3,boost_1048576_same-core_unpaced,0,queue,628057,641710,15
3,boost_1048576_same-core_unpaced,0,queue,641710,655363,6
3,boost_1048576_same-core_unpaced,0,queue,655363,669017,15
3,boost_1048576_same-core_unpaced,0,queue,669017,682670,10
3,boost_1048576_same-core_unpaced,0,queue,682670,696324,17
3,boost_1048576_same-core_unpaced,0,queue,696324,709977,23
3,boost_1048576_same-core_unpaced,0,queue,709977,723630,18
3,boost_1048576_same-core_unpaced,0,queue,723630,737284,12
3,boost_1048576_same-core_unpaced,0,queue,737284,750937,15
3,boost_1048576_same-core_unpaced,0,queue,750937,764591,13
3,boost_1048576_same-core_unpaced,0,queue,764591,778244,13
3,boost_1048576_same-core_unpaced,0,queue,778244,791897,8
3,boost_1048576_same-core_unpaced,0,queue,791897,805551,12
3,boost_1048576_same-core_unpaced,0,queue,805551,819204,13
3,boost_1048576_same-core_unpaced,0,queue,819204,832858,12
3,boost_1048576_same-core_unpaced,0,queue,832858,846511,8
3,boost_1048576_same-core_unpaced,0,queue,846511,860165,19
3,boost_1048576_same-core_unpaced,0,queue,860165,873818,16
3,boost_1048576_same-core_unpaced,0,queue,873818,901125,42
3,boost_1048576_same-core_unpaced,0,queue,901125,928432,28
3,boost_1048576_same-core_unpaced,0,queue,928432,955738,42
3,boost_1048576_same-core_unpaced,0,queue,955738,983045,26
3,boost_1048576_same-core_unpaced,0,queue,983045,1.01035e+06,38
3,boost_1048576_same-core_unpaced,0,queue,1.01035e+06,1.03766e+06,29
3,boost_1048576_same-core_unpaced,0,queue,1.03766e+06,1.06497e+06,44
3,boost_1048576_same-core_unpaced,0,queue,1.06497e+06,1.09227e+06,52
3,boost_1048576_same-core_unpaced,0,queue,1.09227e+06,1.11958e+06,37
3,boost_1048576_same-core_unpaced,0,queue,1.11958e+06,1.14689e+06,31
3,boost_1048576_same-core_unpaced,0,queue,1.14689e+06,1.17419e+06,36
3,boost_1048576_same-core_unpaced,0,queue,1.17419e+06,1.2015e+06,30
3,boost_1048576_same-core_unpaced,0,queue,1.2015e+06,1.22881e+06,15
3,boost_1048576_same-core_unpaced,0,queue,1.22881e+06,1.25611e+06,33
3,boost_1048576_same-core_unpaced,0,queue,1.25611e+06,1.28342e+06,42
3,boost_1048576_same-core_unpaced,0,queue,1.28342e+06,1.31073e+06,44
3,boost_1048576_same-core_unpaced,0,queue,1.31073e+06,1.33803e+06,36
3,boost_1048576_same-core_unpaced,0,queue,1.33803e+06,1.36534e+06,28
3,boost_1048576_same-core_unpaced,0,queue,1.36534e+06,1.39265e+06,34
3,boost_1048576_same-core_unpaced,0,queue,1.39265e+06,1.41995e+06,36
3,boost_1048576_same-core_unpaced,0,queue,1.41995e+06,1.44726e+06,39
3,boost_1048576_same-core_unpaced,0,queue,1.44726e+06,1.47457e+06,31
3,boost_1048576_same-core_unpaced,0,queue,1.47457e+06,1.50187e+06,43
3,boost_1048576_same-core_unpaced,0,queue,1.50187e+06,1.52918e+06,32
3,boost_1048576_same-core_unpaced,0,queue,1.52918e+06,1.55649e+06,35
3,boost_1048576_same-core_unpaced,0,queue,1.55649e+06,1.58379e+06,39
3,boost_1048576_same-core_unpaced,0,queue,1.58379e+06,1.6111e+06,34
3,boost_1048576_same-core_unpaced,0,queue,1.6111e+06,1.63841e+06,40
3,boost_1048576_same-core_unpaced,0,queue,1.63841e+06,1.66572e+06,34
3,boost_1048576_same-core_unpaced,0,queue,1.66572e+06,1.69302e+06,35
3,boost_1048576_same-core_unpaced,0,queue,1.69302e+06,1.72033e+06,38
3,boost_1048576_same-core_unpaced,0,queue,1.72033e+06,1.74764e+06,25
3,boost_1048576_same-core_unpaced,0,queue,1.74764e+06,1.80225e+06,41
3,boost_1048576_same-core_unpaced,0,queue,1.80225e+06,1.85686e+06,43
3,boost_1048576_same-core_unpaced,0,queue,1.85686e+06,1.91148e+06,71
3,boost_1048576_same-core_unpaced,0,queue,1.91148e+06,1.96609e+06,58
3,boost_1048576_same-core_unpaced,0,queue,1.96609e+06,2.0207e+06,54
3,boost_1048576_same-core_unpaced,0,queue,2.0207e+06,2.07532e+06,56
3,boost_1048576_same-core_unpaced,0,queue,2.07532e+06,2.12993e+06,60
3,boost_1048576_same-core_unpaced,0,queue,2.12993e+06,2.18454e+06,95
3,boost_1048576_same-core_unpaced,0,queue,2.18454e+06,2.23916e+06,95
3,boost_1048576_same-core_unpaced,0,queue,2.23916e+06,2.29377e+06,39
3,boost_1048576_same-core_unpaced,0,queue,2.29377e+06,2.34839e+06,37
3,boost_1048576_same-core_unpaced,0,queue,2.34839e+06,2.403e+06,64
3,boost_1048576_same-core_unpaced,0,queue,2.403e+06,2.45761e+06,48
3,boost_1048576_same-core_unpaced,0,queue,2.45761e+06,2.51223e+06,57
3,boost_1048576_same-core_unpaced,0,queue,2.51223e+06,2.56684e+06,56
3,boost_1048576_same-core_unpaced,0,queue,2.56684e+06,2.62145e+06,67
3,boost_1048576_same-core_unpaced,0,queue,2.62145e+06,2.67607e+06,57
3,boost_1048576_same-core_unpaced,0,queue,2.67607e+06,2.73068e+06,76
3,boost_1048576_same-core_unpaced,0,queue,2.73068e+06,2.78529e+06,65
3,boost_1048576_same-core_unpaced,0,queue,2.78529e+06,2.83991e+06,71
3,boost_1048576_same-core_unpaced,0,queue,2.83991e+06,2.89452e+06,38
3,boost_1048576_same-core_unpaced,0,queue,2.89452e+06,2.94914e+06,56
3,boost_1048576_same-core_unpaced,0,queue,2.94914e+06,3.00375e+06,63
3,boost_1048576_same-core_unpaced,0,queue,3.00375e+06,3.05836e+06,83
3,boost_1048576_same-core_unpaced,0,queue,3.05836e+06,3.11298e+06,53
3,boost_1048576_same-core_unpaced,0,queue,3.11298e+06,3.16759e+06,60
3,boost_1048576_same-core_unpaced,0,queue,3.16759e+06,3.2222e+06,61
3,boost_1048576_same-core_unpaced,0,queue,3.2222e+06,3.27682e+06,70
3,boost_1048576_same-core_unpaced,0,queue,3.27682e+06,3.33143e+06,75
3,boost_1048576_same-core_unpaced,0,queue,3.33143e+06,3.38604e+06,65
3,boost_1048576_same-core_unpaced,0,queue,3.38604e+06,3.44066e+06,62
3,boost_1048576_same-core_unpaced,0,queue,3.44066e+06,3.49527e+06,61
3,boost_1048576_same-core_unpaced,0,queue,3.49527e+06,3.6045e+06,109
3,boost_1048576_same-core_unpaced,0,queue,3.6045e+06,3.71373e+06,122
3,boost_1048576_same-core_unpaced,0,queue,3.71373e+06,3.82295e+06,126
3,boost_1048576_same-core_unpaced,0,queue,3.82295e+06,3.93218e+06,126
3,boost_1048576_same-core_unpaced,0,queue,3.93218e+06,4.04141e+06,110
3,boost_1048576_same-core_unpaced,0,queue,4.04141e+06,4.15064e+06,140
3,boost_1048576_same-core_unpaced,0,queue,4.15064e+06,4.25986e+06,147
3,boost_1048576_same-core_unpaced,0,queue,4.25986e+06,4.36909e+06,112
3,boost_1048576_same-core_unpaced,0,queue,4.36909e+06,4.47832e+06,135
3,boost_1048576_same-core_unpaced,0,queue,4.47832e+06,4.58754e+06,227
3,boost_1048576_same-core_unpaced,0,queue,4.58754e+06,4.69677e+06,151
3,boost_1048576_same-core_unpaced,0,queue,4.69677e+06,4.806e+06,126
3,boost_1048576_same-core_unpaced,0,queue,4.806e+06,4.91523e+06,111
3,boost_1048576_same-core_unpaced,0,queue,4.91523e+06,5.02445e+06,106
3,boost_1048576_same-core_unpaced,0,queue,5.02445e+06,5.13368e+06,120
3,boost_1048576_same-core_unpaced,0,queue,5.13368e+06,5.24291e+06,137
3,boost_1048576_same-core_unpaced,0,queue,5.24291e+06,5.35213e+06,121
3,boost_1048576_same-core_unpaced,0,queue,5.35213e+06,5.46136e+06,130
3,boost_1048576_same-core_unpaced,0,queue,5.46136e+06,5.57059e+06,135
3,boost_1048576_same-core_unpaced,0,queue,5.57059e+06,5.67982e+06,105
3,boost_1048576_same-core_unpaced,0,queue,5.67982e+06,5.78904e+06,130
3,boost_1048576_same-core_unpaced,0,queue,5.78904e+06,5.89827e+06,125
3,boost_1048576_same-core_unpaced,0,queue,5.89827e+06,6.0075e+06,113
3,boost_1048576_same-core_unpaced,0,queue,6.0075e+06,6.11673e+06,117
3,boost_1048576_same-core_unpaced,0,queue,6.11673e+06,6.22595e+06,99
3,boost_1048576_same-core_unpaced,0,queue,6.22595e+06,6.33518e+06,94
3,boost_1048576_same-core_unpaced,0,queue,6.33518e+06,6.44441e+06,109
3,boost_1048576_same-core_unpaced,0,queue,6.44441e+06,6.55363e+06,108
3,boost_1048576_same-core_unpaced,0,queue,6.55363e+06,6.66286e+06,106
3,boost_1048576_same-core_unpaced,0,queue,6.66286e+06,6.77209e+06,103
3,boost_1048576_same-core_unpaced,0,queue,6.77209e+06,6.88132e+06,117
3,boost_1048576_same-core_unpaced,0,queue,6.88132e+06,6.99054e+06,105
3,boost_1048576_same-core_unpaced,0,queue,6.99054e+06,7.209e+06,227
3,boost_1048576_same-core_unpaced,0,queue,7.209e+06,7.42745e+06,209
3,boost_1048576_same-core_unpaced,0,queue,7.42745e+06,7.64591e+06,230
3,boost_1048576_same-core_unpaced,0,queue,7.64591e+06,7.86436e+06,227
3,boost_1048576_same-core_unpaced,0,queue,7.86436e+06,8.08282e+06,237
3,boost_1048576_same-core_unpaced,0,queue,8.08282e+06,8.30127e+06,228
3,boost_1048576_same-core_unpaced,0,queue,8.30127e+06,8.51972e+06,233
3,boost_1048576_same-core_unpaced,0,queue,8.51972e+06,8.73818e+06,215
3,boost_1048576_same-core_unpaced,0,queue,8.73818e+06,8.95663e+06,234
3,boost_1048576_same-core_unpaced,0,queue,8.95663e+06,9.17509e+06,228
3,boost_1048576_same-core_unpaced,0,queue,9.17509e+06,9.39354e+06,267
3,boost_1048576_same-core_unpaced,0,queue,9.39354e+06,9.612e+06,456
3,boost_1048576_same-core_unpaced,0,queue,9.612e+06,9.83045e+06,257
3,boost_1048576_same-core_unpaced,0,queue,9.83045e+06,1.00489e+07,222
3,boost_1048576_same-core_unpaced,0,queue,1.00489e+07,1.02674e+07,223
3,boost_1048576_same-core_unpaced,0,queue,1.02674e+07,1.04858e+07,225
3,boost_1048576_same-core_unpaced,0,queue,1.04858e+07,1.07043e+07,236
3,boost_1048576_same-core_unpaced,0,queue,1.07043e+07,1.09227e+07,237
3,boost_1048576_same-core_unpaced,0,queue,1.09227e+07,1.11412e+07,193
3,boost_1048576_same-core_unpaced,0,queue,1.11412e+07,1.13596e+07,204
3,boost_1048576_same-core_unpaced,0,queue,1.13596e+07,1.15781e+07,223
3,boost_1048576_same-core_unpaced,0,queue,1.15781e+07,1.17965e+07,228
3,boost_1048576_same-core_unpaced,0,queue,1.17965e+07,1.2015e+07,193
3,boost_1048576_same-core_unpaced,0,queue,1.2015e+07,1.22335e+07,197
3,boost_1048576_same-core_unpaced,0,queue,1.22335e+07,1.24519e+07,245
3,boost_1048576_same-core_unpaced,0,queue,1.24519e+07,1.26704e+07,214
3,boost_1048576_same-core_unpaced,0,queue,1.26704e+07,1.28888e+07,224
3,boost_1048576_same-core_unpaced,0,queue,1.28888e+07,1.31073e+07,228
3,boost_1048576_same-core_unpaced,0,queue,1.31073e+07,1.33257e+07,238
3,boost_1048576_same-core_unpaced,0,queue,1.33257e+07,1.35442e+07,198
3,boost_1048576_same-core_unpaced,0,queue,1.35442e+07,1.37626e+07,210
3,boost_1048576_same-core_unpaced,0,queue,1.37626e+07,1.39811e+07,192
3,boost_1048576_same-core_unpaced,0,queue,1.39811e+07,1.4418e+07,452
3,boost_1048576_same-core_unpaced,0,queue,1.4418e+07,1.48549e+07,497
3,boost_1048576_same-core_unpaced,0,queue,1.48549e+07,1.52918e+07,425
3,boost_1048576_same-core_unpaced,0,queue,1.52918e+07,1.57287e+07,480
3,boost_1048576_same-core_unpaced,0,queue,1.57287e+07,1.61656e+07,416
3,boost_1048576_same-core_unpaced,0,queue,1.61656e+07,1.66025e+07,455
3,boost_1048576_same-core_unpaced,0,queue,1.66025e+07,1.70394e+07,464
3,boost_1048576_same-core_unpaced,0,queue,1.70394e+07,1.74764e+07,408
3,boost_1048576_same-core_unpaced,0,queue,1.74764e+07,1.79133e+07,446
3,boost_1048576_same-core_unpaced,0,queue,1.79133e+07,1.83502e+07,440
3,boost_1048576_same-core_unpaced,0,queue,1.83502e+07,1.87871e+07,443
3,boost_1048576_same-core_unpaced,0,queue,1.87871e+07,1.9224e+07,426
3,boost_1048576_same-core_unpaced,0,queue,1.9224e+07,1.96609e+07,488
3,boost_1048576_same-core_unpaced,0,queue,1.96609e+07,2.00978e+07,617
3,boost_1048576_same-core_unpaced,0,queue,2.00978e+07,2.05347e+07,430
3,boost_1048576_same-core_unpaced,0,queue,2.05347e+07,2.09716e+07,484
3,boost_1048576_same-core_unpaced,0,queue,2.09716e+07,2.14085e+07,480
3,boost_1048576_same-core_unpaced,0,queue,2.14085e+07,2.18454e+07,480
3,boost_1048576_same-core_unpaced,0,queue,2.18454e+07,2.22824e+07,434
3,boost_1048576_same-core_unpaced,0,queue,2.22824e+07,2.27193e+07,433
3,boost_1048576_same-core_unpaced,0,queue,2.27193e+07,2.31562e+07,450
3,boost_1048576_same-core_unpaced,0,queue,2.31562e+07,2.35931e+07,479
3,boost_1048576_same-core_unpaced,0,queue,2.35931e+07,2.403e+07,430
3,boost_1048576_same-core_unpaced,0,queue,2.403e+07,2.44669e+07,432
3,boost_1048576_same-core_unpaced,0,queue,2.44669e+07,2.49038e+07,489
3,boost_1048576_same-core_unpaced,0,queue,2.49038e+07,2.53407e+07,450
3,boost_1048576_same-core_unpaced,0,queue,2.53407e+07,2.57776e+07,417
3,boost_1048576_same-core_unpaced,0,queue,2.57776e+07,2.62145e+07,416
3,boost_1048576_same-core_unpaced,0,queue,2.62145e+07,2.66514e+07,411
3,boost_1048576_same-core_unpaced,0,queue,2.66514e+07,2.70884e+07,413
3,boost_1048576_same-core_unpaced,0,queue,2.70884e+07,2.75253e+07,435
3,boost_1048576_same-core_unpaced,0,queue,2.75253e+07,2.79622e+07,418
3,boost_1048576_same-core_unpaced,0,queue,2.79622e+07,2.8836e+07,801
3,boost_1048576_same-core_unpaced,0,queue,2.8836e+07,2.97098e+07,813
3,boost_1048576_same-core_unpaced,0,queue,2.97098e+07,3.05836e+07,785
3,boost_1048576_same-core_unpaced,0,queue,3.05836e+07,3.14574e+07,952
3,boost_1048576_same-core_unpaced,0,queue,3.14574e+07,3.23313e+07,781
3,boost_1048576_same-core_unpaced,0,queue,3.23313e+07,3.32051e+07,808
3,boost_1048576_same-core_unpaced,0,queue,3.32051e+07,3.40789e+07,1012
3,boost_1048576_same-core_unpaced,0,queue,3.40789e+07,3.49527e+07,955
3,boost_1048576_same-core_unpaced,0,queue,3.49527e+07,3.58265e+07,930
3,boost_1048576_same-core_unpaced,0,queue,3.58265e+07,3.67004e+07,979
3,boost_1048576_same-core_unpaced,0,queue,3.67004e+07,3.75742e+07,1013
3,boost_1048576_same-core_unpaced,0,queue,3.75742e+07,3.8448e+07,1050
3,boost_1048576_same-core_unpaced,0,queue,3.8448e+07,3.93218e+07,1023
3,boost_1048576_same-core_unpaced,0,queue,3.93218e+07,4.01956e+07,1011
3,boost_1048576_same-core_unpaced,0,queue,4.01956e+07,4.10694e+07,1242
3,boost_1048576_same-core_unpaced,0,queue,4.10694e+07,4.19433e+07,1014
3,boost_1048576_same-core_unpaced,0,queue,4.19433e+07,4.28171e+07,970
3,boost_1048576_same-core_unpaced,0,queue,4.28171e+07,4.36909e+07,1044
3,boost_1048576_same-core_unpaced,0,queue,4.36909e+07,4.45647e+07,1012
3,boost_1048576_same-core_unpaced,0,queue,4.45647e+07,4.54385e+07,1005
3,boost_1048576_same-core_unpaced,0,queue,4.54385e+07,4.63123e+07,1029
3,boost_1048576_same-core_unpaced,0,queue,4.63123e+07,4.71862e+07,1015
3,boost_1048576_same-core_unpaced,0,queue,4.71862e+07,4.806e+07,970
3,boost_1048576_same-core_unpaced,0,queue,4.806e+07,4.89338e+07,919
3,boost_1048576_same-core_unpaced,0,queue,4.89338e+07,4.98076e+07,1161
3,boost_1048576_same-core_unpaced,0,queue,4.98076e+07,5.06814e+07,1061
3,boost_1048576_same-core_unpaced,0,queue,5.06814e+07,5.15553e+07,898
3,boost_1048576_same-core_unpaced,0,queue,5.15553e+07,5.24291e+07,1043
3,boost_1048576_same-core_unpaced,0,queue,5.24291e+07,5.33029e+07,969
3,boost_1048576_same-core_unpaced,0,queue,5.33029e+07,5.41767e+07,1048
3,boost_1048576_same-core_unpaced,0,queue,5.41767e+07,5.50505e+07,987
3,boost_1048576_same-core_unpaced,0,queue,5.50505e+07,5.59243e+07,1053
3,boost_1048576_same-core_unpaced,0,queue,5.59243e+07,5.7672e+07,1971
3,boost_1048576_same-core_unpaced,0,queue,5.7672e+07,5.94196e+07,2170
3,boost_1048576_same-core_unpaced,0,queue,5.94196e+07,6.11673e+07,1524
3,boost_1048576_same-core_unpaced,0,queue,6.11673e+07,6.29149e+07,1485
3,boost_1048576_same-core_unpaced,0,queue,6.29149e+07,6.46625e+07,1416
3,boost_1048576_same-core_unpaced,0,queue,6.46625e+07,6.64102e+07,1402
3,boost_1048576_same-core_unpaced,0,queue,6.64102e+07,6.81578e+07,1489
3,boost_1048576_same-core_unpaced,0,queue,6.81578e+07,6.99054e+07,1376
3,boost_1048576_same-core_unpaced,0,queue,6.99054e+07,7.16531e+07,1439
3,boost_1048576_same-core_unpaced,0,queue,7.16531e+07,7.34007e+07,1503
3,boost_1048576_same-core_unpaced,0,queue,7.34007e+07,7.51483e+07,1529
3,boost_1048576_same-core_unpaced,0,queue,7.51483e+07,7.6896e+07,1448
3,boost_1048576_same-core_unpaced,0,queue,7.6896e+07,7.86436e+07,1438
3,boost_1048576_same-core_unpaced,0,queue,7.86436e+07,8.03912e+07,1471
3,boost_1048576_same-core_unpaced,0,queue,8.03912e+07,8.21389e+07,1472
3,boost_1048576_same-core_unpaced,0,queue,8.21389e+07,8.38865e+07,1411
3,boost_1048576_same-core_unpaced,0,queue,8.38865e+07,8.56342e+07,1493
3,boost_1048576_same-core_unpaced,0,queue,8.56342e+07,8.73818e+07,1456
3,boost_1048576_same-core_unpaced,0,queue,8.73818e+07,8.91294e+07,1425
3,boost_1048576_same-core_unpaced,0,queue,8.91294e+07,9.08771e+07,1431
3,boost_1048576_same-core_unpaced,0,queue,9.08771e+07,9.26247e+07,1422
3,boost_1048576_same-core_unpaced,0,queue,9.26247e+07,9.43723e+07,1452
3,boost_1048576_same-core_unpaced,0,queue,9.43723e+07,9.612e+07,1444
3,boost_1048576_same-core_unpaced,0,queue,9.612e+07,9.78676e+07,1502
3,boost_1048576_same-core_unpaced,0,queue,9.78676e+07,9.96152e+07,1451
3,boost_1048576_same-core_unpaced,0,queue,9.96152e+07,1.01363e+08,4634
3,boost_1048576_same-core_unpaced,0,queue,1.01363e+08,1.03111e+08,69329
3,boost_1048576_same-core_unpaced,0,queue,1.03111e+08,1.04858e+08,23062
3,boost_1048576_same-core_unpaced,0,queue,1.04858e+08,1.06606e+08,21073
3,boost_1048576_same-core_unpaced,0,queue,1.06606e+08,1.08353e+08,28268
3,boost_1048576_same-core_unpaced,0,queue,1.08353e+08,1.10101e+08,3620
3,boost_1048576_same-core_unpaced,0,queue,1.10101e+08,1.11849e+08,2311
3,boost_1048576_same-core_unpaced,0,queue,1.11849e+08,1.15344e+08,13104
3,boost_1048576_same-core_unpaced,0,queue,1.15344e+08,1.18839e+08,13591
3,boost_1048576_same-core_unpaced,0,queue,1.18839e+08,1.22335e+08,12304
3,boost_1048576_same-core_unpaced,0,queue,1.22335e+08,1.2583e+08,11293
3,boost_1048576_same-core_unpaced,0,queue,1.2583e+08,1.29325e+08,22098
3,boost_1048576_same-core_unpaced,0,queue,1.29325e+08,1.3282e+08,8666
3,boost_1048576_same-core_unpaced,0,queue,1.3282e+08,1.36316e+08,20061
3,boost_1048576_same-core_unpaced,0,queue,1.36316e+08,1.39811e+08,11845
3,boost_1048576_same-core_unpaced,0,queue,1.39811e+08,1.43306e+08,11261
3,boost_1048576_same-core_unpaced,0,queue,1.43306e+08,1.46801e+08,10939
3,boost_1048576_same-core_unpaced,0,queue,1.46801e+08,1.50297e+08,10266
3,boost_1048576_same-core_unpaced,0,queue,1.50297e+08,1.53792e+08,11757
3,boost_1048576_same-core_unpaced,0,queue,1.53792e+08,1.57287e+08,8361
3,boost_1048576_same-core_unpaced,0,queue,1.57287e+08,1.60782e+08,85972
3,boost_1048576_same-core_unpaced,0,queue,1.60782e+08,1.64278e+08,218902
3,boost_1048576_same-core_unpaced,0,queue,1.64278e+08,1.67773e+08,392160
3,boost_1048576_same-core_unpaced,0,queue,1.67773e+08,1.71268e+08,455550
3,boost_1048576_same-core_unpaced,0,queue,1.71268e+08,1.74764e+08,335708
3,boost_1048576_same-core_unpaced,0,queue,1.74764e+08,1.78259e+08,186834
3,boost_1048576_same-core_unpaced,0,queue,1.78259e+08,1.81754e+08,78517
3,boost_1048576_same-core_unpaced,0,queue,1.81754e+08,1.85249e+08,21050
3,boost_1048576_same-core_unpaced,0,queue,1.85249e+08,1.88745e+08,50288
3,boost_1048576_same-core_unpaced,0,queue,1.88745e+08,1.9224e+08,59805
3,boost_1048576_same-core_unpaced,0,queue,1.9224e+08,1.95735e+08,42135
3,boost_1048576_same-core_unpaced,0,queue,1.95735e+08,1.9923e+08,32657
3,boost_1048576_same-core_unpaced,0,queue,1.9923e+08,2.02726e+08,5282
3,boost_1048576_same-core_unpaced,0,book,15.8334,16.2501,3
3,boost_1048576_same-core_unpaced,0,book,16.6668,17.0834,8
3,boost_1048576_same-core_unpaced,0,book,17.5001,17.9168,1
3,boost_1048576_same-core_unpaced,0,book,18.3334,18.7501,4
3,boost_1048576_same-core_unpaced,0,book,19.1668,19.5834,12
3,boost_1048576_same-core_unpaced,0,book,20.0001,20.4168,153
3,boost_1048576_same-core_unpaced,0,book,20.8334,21.2501,808
3,boost_1048576_same-core_unpaced,0,book,21.6668,22.0834,978
3,boost_1048576_same-core_unpaced,0,book,22.5001,22.9168,622
3,boost_1048576_same-core_unpaced,0,book,23.3335,23.7501,290
3,boost_1048576_same-core_unpaced,0,book,24.1668,24.5835,214
3,boost_1048576_same-core_unpaced,0,book,25.0001,25.4168,394
3,boost_1048576_same-core_unpaced,0,book,25.8335,26.2501,671
3,boost_1048576_same-core_unpaced,0,book,26.6668,27.5001,1128
3,boost_1048576_same-core_unpaced,0,book,27.5001,28.3335,1312
3,boost_1048576_same-core_unpaced,0,book,28.3335,29.1668,1915
3,boost_1048576_same-core_unpaced,0,book,29.1668,30.0002,3359
3,boost_1048576_same-core_unpaced,0,book,30.0002,30.8335,5309
3,boost_1048576_same-core_unpaced,0,book,30.8335,31.6668,8070
3,boost_1048576_same-core_unpaced,0,book,31.6668,32.5002,9084
3,boost_1048576_same-core_unpaced,0,book,32.5002,33.3335,8866
3,boost_1048576_same-core_unpaced,0,book,33.3335,34.1668,8561
3,boost_1048576_same-core_unpaced,0,book,34.1668,35.0002,6266
3,boost_1048576_same-core_unpaced,0,book,35.0002,35.8335,5320
3,boost_1048576_same-core_unpaced,0,book,35.8335,36.6669,4266
3,boost_1048576_same-core_unpaced,0,book,36.6669,37.5002,3218
3,boost_1048576_same-core_unpaced,0,book,37.5002,38.3335,3194
3,boost_1048576_same-core_unpaced,0,book,38.3335,39.1669,3055
3,boost_1048576_same-core_unpaced,0,book,39.1669,40.0002,3865
3,boost_1048576_same-core_unpaced,0,book,40.0002,40.8335,6717
3,boost_1048576_same-core_unpaced,0,book,40.8335,41.6669,8322
3,boost_1048576_same-core_unpaced,0,book,41.6669,42.5002,10682
3,boost_1048576_same-core_unpaced,0,book,42.5002,43.3336,12521
3,boost_1048576_same-core_unpaced,0,book,43.3336,44.1669,11027
3,boost_1048576_same-core_unpaced,0,book,44.1669,45.0002,11141
3,boost_1048576_same-core_unpaced,0,book,45.0002,45.8336,10110
3,boost_1048576_same-core_unpaced,0,book,45.8336,46.6669,8357
3,boost_1048576_same-core_unpaced,0,book,46.6669,47.5002,8294
3,boost_1048576_same-core_unpaced,0,book,47.5002,48.3336,7070
3,boost_1048576_same-core_unpaced,0,book,48.3336,49.1669,6504
3,boost_1048576_same-core_unpaced,0,book,49.1669,50.0003,6371
3,boost_1048576_same-core_unpaced,0,book,50.0003,50.8336,6069
3,boost_1048576_same-core_unpaced,0,book,50.8336,51.6669,6561
3,boost_1048576_same-core_unpaced,0,book,51.6669,52.5003,6684
3,boost_1048576_same-core_unpaced,0,book,52.5003,53.3336,6992
3,boost_1048576_same-core_unpaced,0,book,53.3336,55.0003,15907
3,boost_1048576_same-core_unpaced,0,book,55.0003,56.667,18521
3,boost_1048576_same-core_unpaced,0,book,56.667,58.3336,18712
3,boost_1048576_same-core_unpaced,0,book,58.3336,60.0003,19287
3,boost_1048576_same-core_unpaced,0,book,60.0003,61.667,20804
3,boost_1048576_same-core_unpaced,0,book,61.667,63.3337,21340
3,boost_1048576_same-core_unpaced,0,book,63.3337,65.0003,20952
3,boost_1048576_same-core_unpaced,0,book,65.0003,66.667,20593
3,boost_1048576_same-core_unpaced,0,book,66.667,68.3337,21057
3,boost_1048576_same-core_unpaced,0,book,68.3337,70.0004,19890
3,boost_1048576_same-core_unpaced,0,book,70.0004,71.667,19747
3,boost_1048576_same-core_unpaced,0,book,71.667,73.3337,19173
3,boost_1048576_same-core_unpaced,0,book,73.3337,75.0004,18709
3,boost_1048576_same-core_unpaced,0,book,75.0004,76.6671,18213
3,boost_1048576_same-core_unpaced,0,book,76.6671,78.3337,16526
3,boost_1048576_same-core_unpaced,0,book,78.3337,80.0004,14891
3,boost_1048576_same-core_unpaced,0,book,80.0004,81.6671,14608
3,boost_1048576_same-core_unpaced,0,book,81.6671,83.3338,13456
3,boost_1048576_same-core_unpaced,0,book,83.3338,85.0004,11784
3,boost_1048576_same-core_unpaced,0,book,85.0004,86.6671,11246
3,boost_1048576_same-core_unpaced,0,book,86.6671,88.3338,10779
3,boost_1048576_same-core_unpaced,0,book,88.3338,90.0005,9984
3,boost_1048576_same-core_unpaced,0,book,90.0005,91.6671,8798
3,boost_1048576_same-core_unpaced,0,book,91.6671,93.3338,8119
3,boost_1048576_same-core_unpaced,0,book,93.3338,95.0005,7630
3,boost_1048576_same-core_unpaced,0,book,95.0005,96.6672,7313
3,boost_1048576_same-core_unpaced,0,book,96.6672,98.3338,6684
3,boost_1048576_same-core_unpaced,0,book,98.3338,100.001,5902
3,boost_1048576_same-core_unpaced,0,book,100.001,101.667,5991
3,boost_1048576_same-core_unpaced,0,book,101.667,103.334,5557
3,boost_1048576_same-core_unpaced,0,book,103.334,105.001,5146
3,boost_1048576_same-core_unpaced,0,book,105.001,106.667,4790
3,boost_1048576_same-core_unpaced,0,book,106.667,110.001,9446
3,boost_1048576_same-core_unpaced,0,book,110.001,113.334,8318
3,boost_1048576_same-core_unpaced,0,book,113.334,116.667,7398
3,boost_1048576_same-core_unpaced,0,book,116.667,120.001,6692
3,boost_1048576_same-core_unpaced,0,book,120.001,123.334,6168
3,boost_1048576_same-core_unpaced,0,book,123.334,126.667,5596
3,boost_1048576_same-core_unpaced,0,book,126.667,130.001,6248
3,boost_1048576_same-core_unpaced,0,book,130.001,133.334,8345
3,boost_1048576_same-core_unpaced,0,book,133.334,136.667,14412
3,boost_1048576_same-core_unpaced,0,book,136.667,140.001,21753
3,boost_1048576_same-core_unpaced,0,book,140.001,143.334,27775
3,boost_1048576_same-core_unpaced,0,book,143.334,146.667,33042
3,boost_1048576_same-core_unpaced,0,book,146.667,150.001,46461
3,boost_1048576_same-core_unpaced,0,book,150.001,153.334,54673
3,boost_1048576_same-core_unpaced,0,book,153.334,156.667,60107
3,boost_1048576_same-core_unpaced,0,book,156.667,160.001,61588
3,boost_1048576_same-core_unpaced,0,book,160.001,163.334,66530
3,boost_1048576_same-core_unpaced,0,book,163.334,166.668,69933
3,boost_1048576_same-core_unpaced,0,book,166.668,170.001,71772
3,boost_1048576_same-core_unpaced,0,book,170.001,173.334,60534
3,boost_1048576_same-core_unpaced,0,book,173.334,176.668,59528
3,boost_1048576_same-core_unpaced,0,book,176.668,180.001,55256
3,boost_1048576_same-core_unpaced,0,book,180.001,183.334,49167
3,boost_1048576_same-core_unpaced,0,book,183.334,186.668,41809
3,boost_1048576_same-core_unpaced,0,book,186.668,190.001,38701
3,boost_1048576_same-core_unpaced,0,book,190.001,193.334,34471
3,boost_1048576_same-core_unpaced,0,book,193.334,196.668,32881
3,boost_1048576_same-core_unpaced,0,book,196.668,200.001,29993
3,boost_1048576_same-core_unpaced,0,book,200.001,203.334,28920
3,boost_1048576_same-core_unpaced,0,book,203.334,206.668,25665
3,boost_1048576_same-core_unpaced,0,book,206.668,210.001,24396
3,boost_1048576_same-core_unpaced,0,book,210.001,213.334,22041
3,boost_1048576_same-core_unpaced,0,book,213.334,220.001,39670
3,boost_1048576_same-core_unpaced,0,book,220.001,226.668,34453
3,boost_1048576_same-core_unpaced,0,book,226.668,233.335,30442
3,boost_1048576_same-core_unpaced,0,book,233.335,240.001,27143
3,boost_1048576_same-core_unpaced,0,book,240.001,246.668,25119
3,boost_1048576_same-core_unpaced,0,book,246.668,253.335,22954
3,boost_1048576_same-core_unpaced,0,book,253.335,260.001,21002
3,boost_1048576_same-core_unpaced,0,book,260.001,266.668,19803
3,boost_1048576_same-core_unpaced,0,book,266.668,273.335,18022
3,boost_1048576_same-core_unpaced,0,book,273.335,280.001,17311
3,boost_1048576_same-core_unpaced,0,book,280.001,286.668,16801
3,boost_1048576_same-core_unpaced,0,book,286.668,293.335,16450
3,boost_1048576_same-core_unpaced,0,book,293.335,300.002,15882
3,boost_1048576_same-core_unpaced,0,book,300.002,306.668,15354
3,boost_1048576_same-core_unpaced,0,book,306.668,313.335,15229
3,boost_1048576_same-core_unpaced,0,book,313.335,320.002,14847
3,boost_1048576_same-core_unpaced,0,book,320.002,326.668,14324
3,boost_1048576_same-core_unpaced,0,book,326.668,333.335,14089
3,boost_1048576_same-core_unpaced,0,book,333.335,340.002,13977
3,boost_1048576_same-core_unpaced,0,book,340.002,346.668,13415
3,boost_1048576_same-core_unpaced,0,book,346.668,353.335,12985
3,boost_1048576_same-core_unpaced,0,book,353.335,360.002,12497
3,boost_1048576_same-core_unpaced,0,book,360.002,366.669,12011
3,boost_1048576_same-core_unpaced,0,book,366.669,373.335,11436
3,boost_1048576_same-core_unpaced,0,book,373.335,380.002,10856
3,boost_1048576_same-core_unpaced,0,book,380.002,386.669,10445
3,boost_1048576_same-core_unpaced,0,book,386.669,393.335,9795
3,boost_1048576_same-core_unpaced,0,book,393.335,400.002,9281
3,boost_1048576_same-core_unpaced,0,book,400.002,406.669,8812
3,boost_1048576_same-core_unpaced,0,book,406.669,413.335,8185
3,boost_1048576_same-core_unpaced,0,book,413.335,420.002,7715
3,boost_1048576_same-core_unpaced,0,book,420.002,426.669,7399
3,boost_1048576_same-core_unpaced,0,book,426.669,440.002,13616
3,boost_1048576_same-core_unpaced,0,book,440.002,453.336,12034
3,boost_1048576_same-core_unpaced,0,book,453.336,466.669,10110
3,boost_1048576_same-core_unpaced,0,book,466.669,480.003,8470
3,boost_1048576_same-core_unpaced,0,book,480.003,493.336,7293
3,boost_1048576_same-core_unpaced,0,book,493.336,506.669,6078
3,boost_1048576_same-core_unpaced,0,book,506.669,520.003,5404
3,boost_1048576_same-core_unpaced,0,book,520.003,533.336,4632
3,boost_1048576_same-core_unpaced,0,book,533.336,546.67,4345
3,boost_1048576_same-core_unpaced,0,book,546.67,560.003,3661
3,boost_1048576_same-core_unpaced,0,book,560.003,573.336,3569
3,boost_1048576_same-core_unpaced,0,book,573.336,586.67,3106
3,boost_1048576_same-core_unpaced,0,book,586.67,600.003,2750
3,boost_1048576_same-core_unpaced,0,book,600.003,613.337,2482
3,boost_1048576_same-core_unpaced,0,book,613.337,626.67,2157
3,boost_1048576_same-core_unpaced,0,book,626.67,640.003,2018
3,boost_1048576_same-core_unpaced,0,book,640.003,653.337,1768
3,boost_1048576_same-core_unpaced,0,book,653.337,666.67,1491
3,boost_1048576_same-core_unpaced,0,book,666.67,680.004,1341
3,boost_1048576_same-core_unpaced,0,book,680.004,693.337,1206
3,boost_1048576_same-core_unpaced,0,book,693.337,706.67,1046
3,boost_1048576_same-core_unpaced,0,book,706.67,720.004,922
3,boost_1048576_same-core_unpaced,0,book,720.004,733.337,815
3,boost_1048576_same-core_unpaced,0,book,733.337,746.671,682
3,boost_1048576_same-core_unpaced,0,book,746.671,760.004,650
3,boost_1048576_same-core_unpaced,0,book,760.004,773.337,590
3,boost_1048576_same-core_unpaced,0,book,773.337,786.671,505
3,boost_1048576_same-core_unpaced,0,book,786.671,800.004,465
3,boost_1048576_same-core_unpaced,0,book,800.004,813.338,403
3,boost_1048576_same-core_unpaced,0,book,813.338,826.671,330
3,boost_1048576_same-core_unpaced,0,book,826.671,840.004,323
3,boost_1048576_same-core_unpaced,0,book,840.004,853.338,325
3,boost_1048576_same-core_unpaced,0,book,853.338,880.005,462
3,boost_1048576_same-core_unpaced,0,book,880.005,906.671,375
3,boost_1048576_same-core_unpaced,0,book,906.671,933.338,289
3,boost_1048576_same-core_unpaced,0,book,933.338,960.005,240
3,boost_1048576_same-core_unpaced,0,book,960.005,986.672,204
3,boost_1048576_same-core_unpaced,0,book,986.672,1013.34,156
3,boost_1048576_same-core_unpaced,0,book,1013.34,1040.01,122
3,boost_1048576_same-core_unpaced,0,book,1040.01,1066.67,93
3,boost_1048576_same-core_unpaced,0,book,1066.67,1093.34,86
3,boost_1048576_same-core_unpaced,0,book,1093.34,1120.01,91
3,boost_1048576_same-core_unpaced,0,book,1120.01,1146.67,48
3,boost_1048576_same-core_unpaced,0,book,1146.67,1173.34,49
3,boost_1048576_same-core_unpaced,0,book,1173.34,1200.01,32
3,boost_1048576_same-core_unpaced,0,book,1200.01,1226.67,34
3,boost_1048576_same-core_unpaced,0,book,1226.67,1253.34,21
3,boost_1048576_same-core_unpaced,0,book,1253.34,1280.01,20
3,boost_1048576_same-core_unpaced,0,book,1280.01,1306.67,27
3,boost_1048576_same-core_unpaced,0,book,1306.67,1333.34,18
3,boost_1048576_same-core_unpaced,0,book,1333.34,1360.01,13
3,boost_1048576_same-core_unpaced,0,book,1360.01,1386.67,10
3,boost_1048576_same-core_unpaced,0,book,1386.67,1413.34,11
3,boost_1048576_same-core_unpaced,0,book,1413.34,1440.01,9
3,boost_1048576_same-core_unpaced,0,book,1440.01,1466.67,7
3,boost_1048576_same-core_unpaced,0,book,1466.67,1493.34,7
3,boost_1048576_same-core_unpaced,0,book,1493.34,1520.01,5
3,boost_1048576_same-core_unpaced,0,book,1520.01,1546.67,8
3,boost_1048576_same-core_unpaced,0,book,1546.67,1573.34,2
3,boost_1048576_same-core_unpaced,0,book,1573.34,1600.01,5
3,boost_1048576_same-core_unpaced,0,book,1600.01,1626.68,8
3,boost_1048576_same-core_unpaced,0,book,1626.68,1653.34,7
3,boost_1048576_same-core_unpaced,0,book,1653.34,1680.01,7
3,boost_1048576_same-core_unpaced,0,book,1680.01,1706.68,5
3,boost_1048576_same-core_unpaced,0,book,1706.68,1760.01,15
3,boost_1048576_same-core_unpaced,0,book,1760.01,1813.34,12
3,boost_1048576_same-core_unpaced,0,book,1813.34,1866.68,10
3,boost_1048576_same-core_unpaced,0,book,1866.68,1920.01,14
3,boost_1048576_same-core_unpaced,0,book,1920.01,1973.34,8
3,boost_1048576_same-core_unpaced,0,book,1973.34,2026.68,15
3,boost_1048576_same-core_unpaced,0,book,2026.68,2080.01,8
3,boost_1048576_same-core_unpaced,0,book,2080.01,2133.34,4
3,boost_1048576_same-core_unpaced,0,book,2133.34,2186.68,4
3,boost_1048576_same-core_unpaced,0,book,2186.68,2240.01,7
3,boost_1048576_same-core_unpaced,0,book,2240.01,2293.35,6
3,boost_1048576_same-core_unpaced,0,book,2293.35,2346.68,4
3,boost_1048576_same-core_unpaced,0,book,2346.68,2400.01,3
3,boost_1048576_same-core_unpaced,0,book,2400.01,2453.35,5
3,boost_1048576_same-core_unpaced,0,book,2453.35,2506.68,3
3,boost_1048576_same-core_unpaced,0,book,2560.01,2613.35,1
3,boost_1048576_same-core_unpaced,0,book,2613.35,2666.68,1
3,boost_1048576_same-core_unpaced,0,book,2773.35,2826.68,1
3,boost_1048576_same-core_unpaced,0,book,2826.68,2880.02,1
3,boost_1048576_same-core_unpaced,0,book,3093.35,3146.68,2
3,boost_1048576_same-core_unpaced,0,book,3146.68,3200.02,2
3,boost_1048576_same-core_unpaced,0,book,3200.02,3253.35,1
3,boost_1048576_same-core_unpaced,0,book,3253.35,3306.68,2
3,boost_1048576_same-core_unpaced,0,book,3413.35,3520.02,2
3,boost_1048576_same-core_unpaced,0,book,3520.02,3626.69,1
3,boost_1048576_same-core_unpaced,0,book,3733.35,3840.02,1
3,boost_1048576_same-core_unpaced,0,book,3840.02,3946.69,1
3,boost_1048576_same-core_unpaced,0,book,3946.69,4053.35,2
3,boost_1048576_same-core_unpaced,0,book,4053.35,4160.02,1
3,boost_1048576_same-core_unpaced,0,book,4160.02,4266.69,2
3,boost_1048576_same-core_unpaced,0,book,4266.69,4373.36,1
3,boost_1048576_same-core_unpaced,0,book,4373.36,4480.02,3
3,boost_1048576_same-core_unpaced,0,book,4480.02,4586.69,2
3,boost_1048576_same-core_unpaced,0,book,4586.69,4693.36,3
3,boost_1048576_same-core_unpaced,0,book,4693.36,4800.03,9
3,boost_1048576_same-core_unpaced,0,book,4800.03,4906.69,15
3,boost_1048576_same-core_unpaced,0,book,4906.69,5013.36,19
3,boost_1048576_same-core_unpaced,0,book,5013.36,5120.03,16
3,boost_1048576_same-core_unpaced,0,book,5120.03,5226.69,15
3,boost_1048576_same-core_unpaced,0,book,5226.69,5333.36,13
3,boost_1048576_same-core_unpaced,0,book,5333.36,5440.03,9
3,boost_1048576_same-core_unpaced,0,book,5440.03,5546.7,7
3,boost_1048576_same-core_unpaced,0,book,5546.7,5653.36,5
3,boost_1048576_same-core_unpaced,0,book,5653.36,5760.03,3
3,boost_1048576_same-core_unpaced,0,book,5760.03,5866.7,1
3,boost_1048576_same-core_unpaced,0,book,5866.7,5973.36,4
3,boost_1048576_same-core_unpaced,0,book,5973.36,6080.03,5
3,boost_1048576_same-core_unpaced,0,book,7040.04,7253.37,2
3,boost_1048576_same-core_unpaced,0,book,7253.37,7466.71,26
3,boost_1048576_same-core_unpaced,0,book,7466.71,7680.04,41
3,boost_1048576_same-core_unpaced,0,book,7680.04,7893.37,27
3,boost_1048576_same-core_unpaced,0,book,7893.37,8106.71,16
3,boost_1048576_same-core_unpaced,0,book,8106.71,8320.04,7
3,boost_1048576_same-core_unpaced,0,book,8320.04,8533.38,2
3,boost_1048576_same-core_unpaced,0,book,8746.71,8960.05,2
3,boost_1048576_same-core_unpaced,0,book,8960.05,9173.38,2
3,boost_1048576_same-core_unpaced,0,book,9386.72,9600.05,2
3,boost_1048576_same-core_unpaced,0,book,9600.05,9813.38,2
3,boost_1048576_same-core_unpaced,0,book,10240.1,10453.4,1
3,boost_1048576_same-core_unpaced,0,book,10453.4,10666.7,1
3,boost_1048576_same-core_unpaced,0,book,10666.7,10880.1,1
3,boost_1048576_same-core_unpaced,0,book,11520.1,11733.4,4
3,boost_1048576_same-core_unpaced,0,book,11733.4,11946.7,4
3,boost_1048576_same-core_unpaced,0,book,11946.7,12160.1,3
3,boost_1048576_same-core_unpaced,0,book,12160.1,12373.4,6
3,boost_1048576_same-core_unpaced,0,book,12373.4,12586.7,4
3,boost_1048576_same-core_unpaced,0,book,12586.7,12800.1,2
3,boost_1048576_same-core_unpaced,0,book,12800.1,13013.4,9
3,boost_1048576_same-core_unpaced,0,book,13013.4,13226.7,6
3,boost_1048576_same-core_unpaced,0,book,13226.7,13440.1,6
3,boost_1048576_same-core_unpaced,0,book,13440.1,13653.4,14
3,boost_1048576_same-core_unpaced,0,book,13653.4,14080.1,61
3,boost_1048576_same-core_unpaced,0,book,14080.1,14506.7,154
3,boost_1048576_same-core_unpaced,0,book,14506.7,14933.4,109
3,boost_1048576_same-core_unpaced,0,book,14933.4,15360.1,59
3,boost_1048576_same-core_unpaced,0,book,15360.1,15786.7,17
3,boost_1048576_same-core_unpaced,0,book,15786.7,16213.4,5
3,boost_1048576_same-core_unpaced,0,book,16213.4,16640.1,4
3,boost_1048576_same-core_unpaced,0,book,16640.1,17066.8,1
3,boost_1048576_same-core_unpaced,0,book,17066.8,17493.4,1
3,boost_1048576_same-core_unpaced,0,book,17493.4,17920.1,2
3,boost_1048576_same-core_unpaced,0,book,17920.1,18346.8,1
3,boost_1048576_same-core_unpaced,0,book,18346.8,18773.4,1
3,boost_1048576_same-core_unpaced,0,book,18773.4,19200.1,1
3,boost_1048576_same-core_unpaced,0,book,21333.4,21760.1,1
3,boost_1048576_same-core_unpaced,0,book,21760.1,22186.8,1
3,boost_1048576_same-core_unpaced,0,book,37546.9,38400.2,1
3,boost_1048576_same-core_unpaced,0,book,38400.2,39253.5,1
3,boost_1048576_same-core_unpaced,0,book,44373.6,45226.9,1
