run,label,median,metric,bucket_lo_ns,bucket_hi_ns,count
1,spsc_unaligned_65536_same-core_paced_itch,0,total,53.3333,55,1
1,spsc_unaligned_65536_same-core_paced_itch,0,total,56.6666,58.3333,3
1,spsc_unaligned_65536_same-core_paced_itch,0,total,58.3333,60,7
1,spsc_unaligned_65536_same-core_paced_itch,0,total,60,61.6666,11
1,spsc_unaligned_65536_same-core_paced_itch,0,total,61.6666,63.3333,26
1,spsc_unaligned_65536_same-core_paced_itch,0,total,63.3333,65,44
1,spsc_unaligned_65536_same-core_paced_itch,0,total,65,66.6666,64
1,spsc_unaligned_65536_same-core_paced_itch,0,total,66.6666,68.3333,86
1,spsc_unaligned_65536_same-core_paced_itch,0,total,68.3333,70,72
1,spsc_unaligned_65536_same-core_paced_itch,0,total,70,71.6666,101
1,spsc_unaligned_65536_same-core_paced_itch,0,total,71.6666,73.3333,166
1,spsc_unaligned_65536_same-core_paced_itch,0,total,73.3333,75,192
1,spsc_unaligned_65536_same-core_paced_itch,0,total,75,76.6666,211
1,spsc_unaligned_65536_same-core_paced_itch,0,total,76.6666,78.3333,235
1,spsc_unaligned_65536_same-core_paced_itch,0,total,78.3333,80,265
1,spsc_unaligned_65536_same-core_paced_itch,0,total,80,81.6666,359
1,spsc_unaligned_65536_same-core_paced_itch,0,total,81.6666,83.3333,361
1,spsc_unaligned_65536_same-core_paced_itch,0,total,83.3333,85,403
1,spsc_unaligned_65536_same-core_paced_itch,0,total,85,86.6666,416
1,spsc_unaligned_65536_same-core_paced_itch,0,total,86.6666,88.3333,476
1,spsc_unaligned_65536_same-core_paced_itch,0,total,88.3333,90,503
1,spsc_unaligned_65536_same-core_paced_itch,0,total,90,91.6666,584
1,spsc_unaligned_65536_same-core_paced_itch,0,total,91.6666,93.3333,584
1,spsc_unaligned_65536_same-core_paced_itch,0,total,93.3333,94.9999,679
1,spsc_unaligned_65536_same-core_paced_itch,0,total,94.9999,96.6666,736
1,spsc_unaligned_65536_same-core_paced_itch,0,total,96.6666,98.3333,813
1,spsc_unaligned_65536_same-core_paced_itch,0,total,98.3333,99.9999,830
1,spsc_unaligned_65536_same-core_paced_itch,0,total,99.9999,101.667,872
1,spsc_unaligned_65536_same-core_paced_itch,0,total,101.667,103.333,936
1,spsc_unaligned_65536_same-core_paced_itch,0,total,103.333,105,1001
1,spsc_unaligned_65536_same-core_paced_itch,0,total,105,106.667,1079
1,spsc_unaligned_65536_same-core_paced_itch,0,total,106.667,110,2243
1,spsc_unaligned_65536_same-core_paced_itch,0,total,110,113.333,2493
1,spsc_unaligned_65536_same-core_paced_itch,0,total,113.333,116.667,2784
1,spsc_unaligned_65536_same-core_paced_itch,0,total,116.667,120,2822
1,spsc_unaligned_65536_same-core_paced_itch,0,total,120,123.333,3001
1,spsc_unaligned_65536_same-core_paced_itch,0,total,123.333,126.667,3075
1,spsc_unaligned_65536_same-core_paced_itch,0,total,126.667,130,3028
1,spsc_unaligned_65536_same-core_paced_itch,0,total,130,133.333,2995
1,spsc_unaligned_65536_same-core_paced_itch,0,total,133.333,136.667,2906
1,spsc_unaligned_65536_same-core_paced_itch,0,total,136.667,140,2760
1,spsc_unaligned_65536_same-core_paced_itch,0,total,140,143.333,2711
1,spsc_unaligned_65536_same-core_paced_itch,0,total,143.333,146.667,2671
1,spsc_unaligned_65536_same-core_paced_itch,0,total,146.667,150,2436
1,spsc_unaligned_65536_same-core_paced_itch,0,total,150,153.333,2419
1,spsc_unaligned_65536_same-core_paced_itch,0,total,153.333,156.667,2251
1,spsc_unaligned_65536_same-core_paced_itch,0,total,156.667,160,2123
1,spsc_unaligned_65536_same-core_paced_itch,0,total,160,163.333,2111
1,spsc_unaligned_65536_same-core_paced_itch,0,total,163.333,166.667,1951
1,spsc_unaligned_65536_same-core_paced_itch,0,total,166.667,170,1848
1,spsc_unaligned_65536_same-core_paced_itch,0,total,170,173.333,1999
1,spsc_unaligned_65536_same-core_paced_itch,0,total,173.333,176.667,2025
1,spsc_unaligned_65536_same-core_paced_itch,0,total,176.667,180,2175
1,spsc_unaligned_65536_same-core_paced_itch,0,total,180,183.333,2317
1,spsc_unaligned_65536_same-core_paced_itch,0,total,183.333,186.667,2527
1,spsc_unaligned_65536_same-core_paced_itch,0,total,186.667,190,2816
1,spsc_unaligned_65536_same-core_paced_itch,0,total,190,193.333,3087
1,spsc_unaligned_65536_same-core_paced_itch,0,total,193.333,196.667,3370
1,spsc_unaligned_65536_same-core_paced_itch,0,total,196.667,200,3741
1,spsc_unaligned_65536_same-core_paced_itch,0,total,200,203.333,3959
1,spsc_unaligned_65536_same-core_paced_itch,0,total,203.333,206.667,4032
1,spsc_unaligned_65536_same-core_paced_itch,0,total,206.667,210,4205
1,spsc_unaligned_65536_same-core_paced_itch,0,total,210,213.333,4126
1,spsc_unaligned_65536_same-core_paced_itch,0,total,213.333,220,7771
1,spsc_unaligned_65536_same-core_paced_itch,0,total,220,226.667,6724
1,spsc_unaligned_65536_same-core_paced_itch,0,total,226.667,233.333,5789
1,spsc_unaligned_65536_same-core_paced_itch,0,total,233.333,240,4768
1,spsc_unaligned_65536_same-core_paced_itch,0,total,240,246.667,4082
1,spsc_unaligned_65536_same-core_paced_itch,0,total,246.667,253.333,3446
1,spsc_unaligned_65536_same-core_paced_itch,0,total,253.333,260,3140
1,spsc_unaligned_65536_same-core_paced_itch,0,total,260,266.667,2838
1,spsc_unaligned_65536_same-core_paced_itch,0,total,266.667,273.333,2657
1,spsc_unaligned_65536_same-core_paced_itch,0,total,273.333,280,2361
1,spsc_unaligned_65536_same-core_paced_itch,0,total,280,286.667,2318
1,spsc_unaligned_65536_same-core_paced_itch,0,total,286.667,293.333,2247
1,spsc_unaligned_65536_same-core_paced_itch,0,total,293.333,300,2096
1,spsc_unaligned_65536_same-core_paced_itch,0,total,300,306.667,1929
1,spsc_unaligned_65536_same-core_paced_itch,0,total,306.667,313.333,1864
1,spsc_unaligned_65536_same-core_paced_itch,0,total,313.333,320,1779
1,spsc_unaligned_65536_same-core_paced_itch,0,total,320,326.666,1718
1,spsc_unaligned_65536_same-core_paced_itch,0,total,326.666,333.333,1513
1,spsc_unaligned_65536_same-core_paced_itch,0,total,333.333,340,1419
1,spsc_unaligned_65536_same-core_paced_itch,0,total,340,346.666,1369
1,spsc_unaligned_65536_same-core_paced_itch,0,total,346.666,353.333,1255
1,spsc_unaligned_65536_same-core_paced_itch,0,total,353.333,360,1189
1,spsc_unaligned_65536_same-core_paced_itch,0,total,360,366.666,1171
1,spsc_unaligned_65536_same-core_paced_itch,0,total,366.666,373.333,1098
1,spsc_unaligned_65536_same-core_paced_itch,0,total,373.333,380,1026
1,spsc_unaligned_65536_same-core_paced_itch,0,total,380,386.666,1018
1,spsc_unaligned_65536_same-core_paced_itch,0,total,386.666,393.333,985
1,spsc_unaligned_65536_same-core_paced_itch,0,total,393.333,400,949
1,spsc_unaligned_65536_same-core_paced_itch,0,total,400,406.666,845
1,spsc_unaligned_65536_same-core_paced_itch,0,total,406.666,413.333,831
1,spsc_unaligned_65536_same-core_paced_itch,0,total,413.333,420,820
1,spsc_unaligned_65536_same-core_paced_itch,0,total,420,426.666,773
1,spsc_unaligned_65536_same-core_paced_itch,0,total,426.666,440,1388
1,spsc_unaligned_65536_same-core_paced_itch,0,total,440,453.333,1272
1,spsc_unaligned_65536_same-core_paced_itch,0,total,453.333,466.666,1154
1,spsc_unaligned_65536_same-core_paced_itch,0,total,466.666,480,1107
1,spsc_unaligned_65536_same-core_paced_itch,0,total,480,493.333,915
1,spsc_unaligned_65536_same-core_paced_itch,0,total,493.333,506.666,891
1,spsc_unaligned_65536_same-core_paced_itch,0,total,506.666,520,757
1,spsc_unaligned_65536_same-core_paced_itch,0,total,520,533.333,688
1,spsc_unaligned_65536_same-core_paced_itch,0,total,533.333,546.666,713
1,spsc_unaligned_65536_same-core_paced_itch,0,total,546.666,560,656
1,spsc_unaligned_65536_same-core_paced_itch,0,total,560,573.333,601
1,spsc_unaligned_65536_same-core_paced_itch,0,total,573.333,586.666,564
1,spsc_unaligned_65536_same-core_paced_itch,0,total,586.666,600,524
1,spsc_unaligned_65536_same-core_paced_itch,0,total,600,613.333,495
1,spsc_unaligned_65536_same-core_paced_itch,0,total,613.333,626.666,468
1,spsc_unaligned_65536_same-core_paced_itch,0,total,626.666,640,459
1,spsc_unaligned_65536_same-core_paced_itch,0,total,640,653.333,447
1,spsc_unaligned_65536_same-core_paced_itch,0,total,653.333,666.666,392
1,spsc_unaligned_65536_same-core_paced_itch,0,total,666.666,680,400
1,spsc_unaligned_65536_same-core_paced_itch,0,total,680,693.333,382
1,spsc_unaligned_65536_same-core_paced_itch,0,total,693.333,706.666,418
1,spsc_unaligned_65536_same-core_paced_itch,0,total,706.666,720,381
1,spsc_unaligned_65536_same-core_paced_itch,0,total,720,733.333,431
1,spsc_unaligned_65536_same-core_paced_itch,0,total,733.333,746.666,389
1,spsc_unaligned_65536_same-core_paced_itch,0,total,746.666,760,395
1,spsc_unaligned_65536_same-core_paced_itch,0,total,760,773.333,372
1,spsc_unaligned_65536_same-core_paced_itch,0,total,773.333,786.666,426
1,spsc_unaligned_65536_same-core_paced_itch,0,total,786.666,800,365
1,spsc_unaligned_65536_same-core_paced_itch,0,total,800,813.333,403
1,spsc_unaligned_65536_same-core_paced_itch,0,total,813.333,826.666,376
1,spsc_unaligned_65536_same-core_paced_itch,0,total,826.666,840,340
1,spsc_unaligned_65536_same-core_paced_itch,0,total,840,853.333,362
1,spsc_unaligned_65536_same-core_paced_itch,0,total,853.333,880,707
1,spsc_unaligned_65536_same-core_paced_itch,0,total,880,906.666,708
1,spsc_unaligned_65536_same-core_paced_itch,0,total,906.666,933.333,749
1,spsc_unaligned_65536_same-core_paced_itch,0,total,933.333,959.999,720
1,spsc_unaligned_65536_same-core_paced_itch,0,total,959.999,986.666,685
1,spsc_unaligned_65536_same-core_paced_itch,0,total,986.666,1013.33,667
1,spsc_unaligned_65536_same-core_paced_itch,0,total,1013.33,1040,677
1,spsc_unaligned_65536_same-core_paced_itch,0,total,1040,1066.67,672
1,spsc_unaligned_65536_same-core_paced_itch,0,total,1066.67,1093.33,623
1,spsc_unaligned_65536_same-core_paced_itch,0,total,1093.33,1120,611
1,spsc_unaligned_65536_same-core_paced_itch,0,total,1120,1146.67,611
1,spsc_unaligned_65536_same-core_paced_itch,0,total,1146.67,1173.33,599
1,spsc_unaligned_65536_same-core_paced_itch,0,total,1173.33,1200,615
1,spsc_unaligned_65536_same-core_paced_itch,0,total,1200,1226.67,572
1,spsc_unaligned_65536_same-core_paced_itch,0,total,1226.67,1253.33,547
1,spsc_unaligned_65536_same-core_paced_itch,0,total,1253.33,1280,558
1,spsc_unaligned_65536_same-core_paced_itch,0,total,1280,1306.67,532
1,spsc_unaligned_65536_same-core_paced_itch,0,total,1306.67,1333.33,558
1,spsc_unaligned_65536_same-core_paced_itch,0,total,1333.33,1360,560
1,spsc_unaligned_65536_same-core_paced_itch,0,total,1360,1386.67,509
1,spsc_unaligned_65536_same-core_paced_itch,0,total,1386.67,1413.33,559
1,spsc_unaligned_65536_same-core_paced_itch,0,total,1413.33,1440,524
1,spsc_unaligned_65536_same-core_paced_itch,0,total,1440,1466.67,506
1,spsc_unaligned_65536_same-core_paced_itch,0,total,1466.67,1493.33,487
1,spsc_unaligned_65536_same-core_paced_itch,0,total,1493.33,1520,512
1,spsc_unaligned_65536_same-core_paced_itch,0,total,1520,1546.67,498
1,spsc_unaligned_65536_same-core_paced_itch,0,total,1546.67,1573.33,503
1,spsc_unaligned_65536_same-core_paced_itch,0,total,1573.33,1600,502
1,spsc_unaligned_65536_same-core_paced_itch,0,total,1600,1626.67,470
1,spsc_unaligned_65536_same-core_paced_itch,0,total,1626.67,1653.33,459
1,spsc_unaligned_65536_same-core_paced_itch,0,total,1653.33,1680,462
1,spsc_unaligned_65536_same-core_paced_itch,0,total,1680,1706.67,504
1,spsc_unaligned_65536_same-core_paced_itch,0,total,1706.67,1760,870
1,spsc_unaligned_65536_same-core_paced_itch,0,total,1760,1813.33,929
1,spsc_unaligned_65536_same-core_paced_itch,0,total,1813.33,1866.67,841
1,spsc_unaligned_65536_same-core_paced_itch,0,total,1866.67,1920,828
1,spsc_unaligned_65536_same-core_paced_itch,0,total,1920,1973.33,816
1,spsc_unaligned_65536_same-core_paced_itch,0,total,1973.33,2026.67,825
1,spsc_unaligned_65536_same-core_paced_itch,0,total,2026.67,2080,745
1,spsc_unaligned_65536_same-core_paced_itch,0,total,2080,2133.33,772
1,spsc_unaligned_65536_same-core_paced_itch,0,total,2133.33,2186.67,786
1,spsc_unaligned_65536_same-core_paced_itch,0,total,2186.67,2240,762
1,spsc_unaligned_65536_same-core_paced_itch,0,total,2240,2293.33,763
1,spsc_unaligned_65536_same-core_paced_itch,0,total,2293.33,2346.67,747
1,spsc_unaligned_65536_same-core_paced_itch,0,total,2346.67,2400,706
1,spsc_unaligned_65536_same-core_paced_itch,0,total,2400,2453.33,663
1,spsc_unaligned_65536_same-core_paced_itch,0,total,2453.33,2506.67,649
1,spsc_unaligned_65536_same-core_paced_itch,0,total,2506.67,2560,643
1,spsc_unaligned_65536_same-core_paced_itch,0,total,2560,2613.33,641
1,spsc_unaligned_65536_same-core_paced_itch,0,total,2613.33,2666.67,633
1,spsc_unaligned_65536_same-core_paced_itch,0,total,2666.67,2720,593
1,spsc_unaligned_65536_same-core_paced_itch,0,total,2720,2773.33,582
1,spsc_unaligned_65536_same-core_paced_itch,0,total,2773.33,2826.67,566
1,spsc_unaligned_65536_same-core_paced_itch,0,total,2826.67,2880,555
1,spsc_unaligned_65536_same-core_paced_itch,0,total,2880,2933.33,574
1,spsc_unaligned_65536_same-core_paced_itch,0,total,2933.33,2986.67,503
1,spsc_unaligned_65536_same-core_paced_itch,0,total,2986.67,3040,517
1,spsc_unaligned_65536_same-core_paced_itch,0,total,3040,3093.33,495
1,spsc_unaligned_65536_same-core_paced_itch,0,total,3093.33,3146.66,501
1,spsc_unaligned_65536_same-core_paced_itch,0,total,3146.66,3200,499
1,spsc_unaligned_65536_same-core_paced_itch,0,total,3200,3253.33,479
1,spsc_unaligned_65536_same-core_paced_itch,0,total,3253.33,3306.66,462
1,spsc_unaligned_65536_same-core_paced_itch,0,total,3306.66,3360,432
1,spsc_unaligned_65536_same-core_paced_itch,0,total,3360,3413.33,470
1,spsc_unaligned_65536_same-core_paced_itch,0,total,3413.33,3520,874
1,spsc_unaligned_65536_same-core_paced_itch,0,total,3520,3626.66,899
1,spsc_unaligned_65536_same-core_paced_itch,0,total,3626.66,3733.33,789
1,spsc_unaligned_65536_same-core_paced_itch,0,total,3733.33,3840,799
1,spsc_unaligned_65536_same-core_paced_itch,0,total,3840,3946.66,771
1,spsc_unaligned_65536_same-core_paced_itch,0,total,3946.66,4053.33,685
1,spsc_unaligned_65536_same-core_paced_itch,0,total,4053.33,4160,682
1,spsc_unaligned_65536_same-core_paced_itch,0,total,4160,4266.66,679
1,spsc_unaligned_65536_same-core_paced_itch,0,total,4266.66,4373.33,651
1,spsc_unaligned_65536_same-core_paced_itch,0,total,4373.33,4480,602
1,spsc_unaligned_65536_same-core_paced_itch,0,total,4480,4586.66,572
1,spsc_unaligned_65536_same-core_paced_itch,0,total,4586.66,4693.33,588
1,spsc_unaligned_65536_same-core_paced_itch,0,total,4693.33,4800,554
1,spsc_unaligned_65536_same-core_paced_itch,0,total,4800,4906.66,525
1,spsc_unaligned_65536_same-core_paced_itch,0,total,4906.66,5013.33,528
1,spsc_unaligned_65536_same-core_paced_itch,0,total,5013.33,5120,536
1,spsc_unaligned_65536_same-core_paced_itch,0,total,5120,5226.66,494
1,spsc_unaligned_65536_same-core_paced_itch,0,total,5226.66,5333.33,411
1,spsc_unaligned_65536_same-core_paced_itch,0,total,5333.33,5440,442
1,spsc_unaligned_65536_same-core_paced_itch,0,total,5440,5546.66,419
1,spsc_unaligned_65536_same-core_paced_itch,0,total,5546.66,5653.33,391
1,spsc_unaligned_65536_same-core_paced_itch,0,total,5653.33,5760,399
1,spsc_unaligned_65536_same-core_paced_itch,0,total,5760,5866.66,418
1,spsc_unaligned_65536_same-core_paced_itch,0,total,5866.66,5973.33,354
1,spsc_unaligned_65536_same-core_paced_itch,0,total,5973.33,6080,347
1,spsc_unaligned_65536_same-core_paced_itch,0,total,6080,6186.66,359
1,spsc_unaligned_65536_same-core_paced_itch,0,total,6186.66,6293.33,329
1,spsc_unaligned_65536_same-core_paced_itch,0,total,6293.33,6400,309
1,spsc_unaligned_65536_same-core_paced_itch,0,total,6400,6506.66,293
1,spsc_unaligned_65536_same-core_paced_itch,0,total,6506.66,6613.33,303
1,spsc_unaligned_65536_same-core_paced_itch,0,total,6613.33,6720,294
1,spsc_unaligned_65536_same-core_paced_itch,0,total,6720,6826.66,273
1,spsc_unaligned_65536_same-core_paced_itch,0,total,6826.66,7040,539
1,spsc_unaligned_65536_same-core_paced_itch,0,total,7040,7253.33,486
1,spsc_unaligned_65536_same-core_paced_itch,0,total,7253.33,7466.66,477
1,spsc_unaligned_65536_same-core_paced_itch,0,total,7466.66,7680,447
1,spsc_unaligned_65536_same-core_paced_itch,0,total,7680,7893.33,420
1,spsc_unaligned_65536_same-core_paced_itch,0,total,7893.33,8106.66,447
1,spsc_unaligned_65536_same-core_paced_itch,0,total,8106.66,8320,401
1,spsc_unaligned_65536_same-core_paced_itch,0,total,8320,8533.33,406
1,spsc_unaligned_65536_same-core_paced_itch,0,total,8533.33,8746.66,372
1,spsc_unaligned_65536_same-core_paced_itch,0,total,8746.66,8960,344
1,spsc_unaligned_65536_same-core_paced_itch,0,total,8960,9173.33,345
1,spsc_unaligned_65536_same-core_paced_itch,0,total,9173.33,9386.66,309
1,spsc_unaligned_65536_same-core_paced_itch,0,total,9386.66,9599.99,293
1,spsc_unaligned_65536_same-core_paced_itch,0,total,9599.99,9813.33,294
1,spsc_unaligned_65536_same-core_paced_itch,0,total,9813.33,10026.7,259
1,spsc_unaligned_65536_same-core_paced_itch,0,total,10026.7,10240,257
1,spsc_unaligned_65536_same-core_paced_itch,0,total,10240,10453.3,253
1,spsc_unaligned_65536_same-core_paced_itch,0,total,10453.3,10666.7,246
1,spsc_unaligned_65536_same-core_paced_itch,0,total,10666.7,10880,225
1,spsc_unaligned_65536_same-core_paced_itch,0,total,10880,11093.3,211
1,spsc_unaligned_65536_same-core_paced_itch,0,total,11093.3,11306.7,209
1,spsc_unaligned_65536_same-core_paced_itch,0,total,11306.7,11520,188
1,spsc_unaligned_65536_same-core_paced_itch,0,total,11520,11733.3,162
1,spsc_unaligned_65536_same-core_paced_itch,0,total,11733.3,11946.7,148
1,spsc_unaligned_65536_same-core_paced_itch,0,total,11946.7,12160,143
1,spsc_unaligned_65536_same-core_paced_itch,0,total,12160,12373.3,119
1,spsc_unaligned_65536_same-core_paced_itch,0,total,12373.3,12586.7,103
1,spsc_unaligned_65536_same-core_paced_itch,0,total,12586.7,12800,80
1,spsc_unaligned_65536_same-core_paced_itch,0,total,12800,13013.3,66
1,spsc_unaligned_65536_same-core_paced_itch,0,total,13013.3,13226.7,49
1,spsc_unaligned_65536_same-core_paced_itch,0,total,13226.7,13440,42
1,spsc_unaligned_65536_same-core_paced_itch,0,total,13440,13653.3,42
1,spsc_unaligned_65536_same-core_paced_itch,0,total,13653.3,14080,73
1,spsc_unaligned_65536_same-core_paced_itch,0,total,14080,14506.7,64
1,spsc_unaligned_65536_same-core_paced_itch,0,total,14506.7,14933.3,59
1,spsc_unaligned_65536_same-core_paced_itch,0,total,14933.3,15360,51
1,spsc_unaligned_65536_same-core_paced_itch,0,total,15360,15786.7,35
1,spsc_unaligned_65536_same-core_paced_itch,0,total,15786.7,16213.3,47
1,spsc_unaligned_65536_same-core_paced_itch,0,total,16213.3,16640,36
1,spsc_unaligned_65536_same-core_paced_itch,0,total,16640,17066.7,30
1,spsc_unaligned_65536_same-core_paced_itch,0,total,17066.7,17493.3,29
1,spsc_unaligned_65536_same-core_paced_itch,0,total,17493.3,17920,25
1,spsc_unaligned_65536_same-core_paced_itch,0,total,17920,18346.7,19
1,spsc_unaligned_65536_same-core_paced_itch,0,total,18346.7,18773.3,12
1,spsc_unaligned_65536_same-core_paced_itch,0,total,18773.3,19200,17
1,spsc_unaligned_65536_same-core_paced_itch,0,total,19200,19626.7,15
1,spsc_unaligned_65536_same-core_paced_itch,0,total,19626.7,20053.3,9
1,spsc_unaligned_65536_same-core_paced_itch,0,total,20053.3,20480,7
1,spsc_unaligned_65536_same-core_paced_itch,0,total,20480,20906.7,16
1,spsc_unaligned_65536_same-core_paced_itch,0,total,20906.7,21333.3,15
1,spsc_unaligned_65536_same-core_paced_itch,0,total,21333.3,21760,13
1,spsc_unaligned_65536_same-core_paced_itch,0,total,21760,22186.7,15
1,spsc_unaligned_65536_same-core_paced_itch,0,total,22186.7,22613.3,15
1,spsc_unaligned_65536_same-core_paced_itch,0,total,22613.3,23040,9
1,spsc_unaligned_65536_same-core_paced_itch,0,total,23040,23466.7,14
1,spsc_unaligned_65536_same-core_paced_itch,0,total,23466.7,23893.3,14
1,spsc_unaligned_65536_same-core_paced_itch,0,total,23893.3,24320,7
1,spsc_unaligned_65536_same-core_paced_itch,0,total,24320,24746.7,13
1,spsc_unaligned_65536_same-core_paced_itch,0,total,24746.7,25173.3,15
1,spsc_unaligned_65536_same-core_paced_itch,0,total,25173.3,25600,16
1,spsc_unaligned_65536_same-core_paced_itch,0,total,25600,26026.7,10
1,spsc_unaligned_65536_same-core_paced_itch,0,total,26026.7,26453.3,11
1,spsc_unaligned_65536_same-core_paced_itch,0,total,26453.3,26880,10
1,spsc_unaligned_65536_same-core_paced_itch,0,total,26880,27306.7,7
1,spsc_unaligned_65536_same-core_paced_itch,0,total,27306.7,28160,8
1,spsc_unaligned_65536_same-core_paced_itch,0,total,28160,29013.3,17
1,spsc_unaligned_65536_same-core_paced_itch,0,total,29013.3,29866.7,15
1,spsc_unaligned_65536_same-core_paced_itch,0,total,29866.7,30720,9
1,spsc_unaligned_65536_same-core_paced_itch,0,total,30720,31573.3,23
1,spsc_unaligned_65536_same-core_paced_itch,0,total,31573.3,32426.6,10
1,spsc_unaligned_65536_same-core_paced_itch,0,total,32426.6,33280,9
1,spsc_unaligned_65536_same-core_paced_itch,0,total,33280,34133.3,16
1,spsc_unaligned_65536_same-core_paced_itch,0,total,34133.3,34986.6,14
1,spsc_unaligned_65536_same-core_paced_itch,0,total,34986.6,35840,12
1,spsc_unaligned_65536_same-core_paced_itch,0,total,35840,36693.3,10
1,spsc_unaligned_65536_same-core_paced_itch,0,total,36693.3,37546.6,12
1,spsc_unaligned_65536_same-core_paced_itch,0,total,37546.6,38400,9
1,spsc_unaligned_65536_same-core_paced_itch,0,total,38400,39253.3,16
1,spsc_unaligned_65536_same-core_paced_itch,0,total,39253.3,40106.6,7
1,spsc_unaligned_65536_same-core_paced_itch,0,total,40106.6,40960,5
1,spsc_unaligned_65536_same-core_paced_itch,0,total,40960,41813.3,12
1,spsc_unaligned_65536_same-core_paced_itch,0,total,41813.3,42666.6,12
1,spsc_unaligned_65536_same-core_paced_itch,0,total,42666.6,43520,16
1,spsc_unaligned_65536_same-core_paced_itch,0,total,43520,44373.3,13
1,spsc_unaligned_65536_same-core_paced_itch,0,total,44373.3,45226.6,19
1,spsc_unaligned_65536_same-core_paced_itch,0,total,45226.6,46080,14
1,spsc_unaligned_65536_same-core_paced_itch,0,total,46080,46933.3,4
1,spsc_unaligned_65536_same-core_paced_itch,0,total,46933.3,47786.6,9
1,spsc_unaligned_65536_same-core_paced_itch,0,total,47786.6,48640,10
1,spsc_unaligned_65536_same-core_paced_itch,0,total,48640,49493.3,12
1,spsc_unaligned_65536_same-core_paced_itch,0,total,49493.3,50346.6,7
1,spsc_unaligned_65536_same-core_paced_itch,0,total,50346.6,51200,9
1,spsc_unaligned_65536_same-core_paced_itch,0,total,51200,52053.3,20
1,spsc_unaligned_65536_same-core_paced_itch,0,total,52053.3,52906.6,16
1,spsc_unaligned_65536_same-core_paced_itch,0,total,52906.6,53760,19
1,spsc_unaligned_65536_same-core_paced_itch,0,total,53760,54613.3,14
1,spsc_unaligned_65536_same-core_paced_itch,0,total,54613.3,56320,32
1,spsc_unaligned_65536_same-core_paced_itch,0,total,56320,58026.6,24
1,spsc_unaligned_65536_same-core_paced_itch,0,total,58026.6,59733.3,17
1,spsc_unaligned_65536_same-core_paced_itch,0,total,59733.3,61440,38
1,spsc_unaligned_65536_same-core_paced_itch,0,total,61440,63146.6,27
1,spsc_unaligned_65536_same-core_paced_itch,0,total,63146.6,64853.3,17
1,spsc_unaligned_65536_same-core_paced_itch,0,total,64853.3,66560,35
1,spsc_unaligned_65536_same-core_paced_itch,0,total,66560,68266.6,33
1,spsc_unaligned_65536_same-core_paced_itch,0,total,68266.6,69973.3,20
1,spsc_unaligned_65536_same-core_paced_itch,0,total,69973.3,71680,28
1,spsc_unaligned_65536_same-core_paced_itch,0,total,71680,73386.6,17
1,spsc_unaligned_65536_same-core_paced_itch,0,total,73386.6,75093.3,20
1,spsc_unaligned_65536_same-core_paced_itch,0,total,75093.3,76800,19
1,spsc_unaligned_65536_same-core_paced_itch,0,total,76800,78506.6,21
1,spsc_unaligned_65536_same-core_paced_itch,0,total,78506.6,80213.3,24
1,spsc_unaligned_65536_same-core_paced_itch,0,total,80213.3,81920,32
1,spsc_unaligned_65536_same-core_paced_itch,0,total,81920,83626.6,18
1,spsc_unaligned_65536_same-core_paced_itch,0,total,83626.6,85333.3,15
1,spsc_unaligned_65536_same-core_paced_itch,0,total,85333.3,87040,18
1,spsc_unaligned_65536_same-core_paced_itch,0,total,87040,88746.6,17
1,spsc_unaligned_65536_same-core_paced_itch,0,total,88746.6,90453.3,11
1,spsc_unaligned_65536_same-core_paced_itch,0,total,90453.3,92160,7
1,spsc_unaligned_65536_same-core_paced_itch,0,total,92160,93866.6,4
1,spsc_unaligned_65536_same-core_paced_itch,0,total,93866.6,95573.3,5
1,spsc_unaligned_65536_same-core_paced_itch,0,total,95573.3,97279.9,7
1,spsc_unaligned_65536_same-core_paced_itch,0,total,97279.9,98986.6,4
1,spsc_unaligned_65536_same-core_paced_itch,0,total,98986.6,100693,4
1,spsc_unaligned_65536_same-core_paced_itch,0,total,100693,102400,11
1,spsc_unaligned_65536_same-core_paced_itch,0,total,102400,104107,3
1,spsc_unaligned_65536_same-core_paced_itch,0,total,104107,105813,3
1,spsc_unaligned_65536_same-core_paced_itch,0,total,105813,107520,10
1,spsc_unaligned_65536_same-core_paced_itch,0,total,107520,109227,2
1,spsc_unaligned_65536_same-core_paced_itch,0,total,109227,112640,22
1,spsc_unaligned_65536_same-core_paced_itch,0,total,112640,116053,24
1,spsc_unaligned_65536_same-core_paced_itch,0,total,116053,119467,11
1,spsc_unaligned_65536_same-core_paced_itch,0,total,119467,122880,17
1,spsc_unaligned_65536_same-core_paced_itch,0,total,122880,126293,19
1,spsc_unaligned_65536_same-core_paced_itch,0,total,126293,129707,19
1,spsc_unaligned_65536_same-core_paced_itch,0,total,129707,133120,16
1,spsc_unaligned_65536_same-core_paced_itch,0,total,133120,136533,13
1,spsc_unaligned_65536_same-core_paced_itch,0,total,136533,139947,6
1,spsc_unaligned_65536_same-core_paced_itch,0,total,139947,143360,12
1,spsc_unaligned_65536_same-core_paced_itch,0,total,143360,146773,14
1,spsc_unaligned_65536_same-core_paced_itch,0,total,146773,150187,18
1,spsc_unaligned_65536_same-core_paced_itch,0,total,150187,153600,18
1,spsc_unaligned_65536_same-core_paced_itch,0,total,153600,157013,7
1,spsc_unaligned_65536_same-core_paced_itch,0,total,157013,160427,9
1,spsc_unaligned_65536_same-core_paced_itch,0,total,160427,163840,7
1,spsc_unaligned_65536_same-core_paced_itch,0,total,163840,167253,11
1,spsc_unaligned_65536_same-core_paced_itch,0,total,167253,170667,12
1,spsc_unaligned_65536_same-core_paced_itch,0,total,170667,174080,9
1,spsc_unaligned_65536_same-core_paced_itch,0,total,174080,177493,15
1,spsc_unaligned_65536_same-core_paced_itch,0,total,177493,180907,15
1,spsc_unaligned_65536_same-core_paced_itch,0,total,180907,184320,14
1,spsc_unaligned_65536_same-core_paced_itch,0,total,184320,187733,12
1,spsc_unaligned_65536_same-core_paced_itch,0,total,187733,191147,15
1,spsc_unaligned_65536_same-core_paced_itch,0,total,191147,194560,2
1,spsc_unaligned_65536_same-core_paced_itch,0,total,194560,197973,5
1,spsc_unaligned_65536_same-core_paced_itch,0,total,197973,201387,13
1,spsc_unaligned_65536_same-core_paced_itch,0,total,201387,204800,9
1,spsc_unaligned_65536_same-core_paced_itch,0,total,204800,208213,8
1,spsc_unaligned_65536_same-core_paced_itch,0,total,208213,211627,6
1,spsc_unaligned_65536_same-core_paced_itch,0,total,211627,215040,7
1,spsc_unaligned_65536_same-core_paced_itch,0,total,215040,218453,18
1,spsc_unaligned_65536_same-core_paced_itch,0,total,218453,225280,24
1,spsc_unaligned_65536_same-core_paced_itch,0,total,225280,232107,35
1,spsc_unaligned_65536_same-core_paced_itch,0,total,232107,238933,30
1,spsc_unaligned_65536_same-core_paced_itch,0,total,238933,245760,12
1,spsc_unaligned_65536_same-core_paced_itch,0,total,245760,252587,26
1,spsc_unaligned_65536_same-core_paced_itch,0,total,252587,259413,35
1,spsc_unaligned_65536_same-core_paced_itch,0,total,259413,266240,29
1,spsc_unaligned_65536_same-core_paced_itch,0,total,266240,273067,29
1,spsc_unaligned_65536_same-core_paced_itch,0,total,273067,279893,18
1,spsc_unaligned_65536_same-core_paced_itch,0,total,279893,286720,26
1,spsc_unaligned_65536_same-core_paced_itch,0,total,286720,293547,26
1,spsc_unaligned_65536_same-core_paced_itch,0,total,293547,300373,23
1,spsc_unaligned_65536_same-core_paced_itch,0,total,300373,307200,20
1,spsc_unaligned_65536_same-core_paced_itch,0,total,307200,314026,25
1,spsc_unaligned_65536_same-core_paced_itch,0,total,314026,320853,46
1,spsc_unaligned_65536_same-core_paced_itch,0,total,320853,327680,43
1,spsc_unaligned_65536_same-core_paced_itch,0,total,327680,334506,24
1,spsc_unaligned_65536_same-core_paced_itch,0,total,334506,341333,84
1,spsc_unaligned_65536_same-core_paced_itch,0,total,341333,348160,27
1,spsc_unaligned_65536_same-core_paced_itch,0,total,348160,354986,40
1,spsc_unaligned_65536_same-core_paced_itch,0,total,354986,361813,18
1,spsc_unaligned_65536_same-core_paced_itch,0,total,361813,368640,29
1,spsc_unaligned_65536_same-core_paced_itch,0,total,368640,375466,18
1,spsc_unaligned_65536_same-core_paced_itch,0,total,375466,382293,25
1,spsc_unaligned_65536_same-core_paced_itch,0,total,382293,389120,16
1,spsc_unaligned_65536_same-core_paced_itch,0,total,389120,395946,29
1,spsc_unaligned_65536_same-core_paced_itch,0,total,395946,402773,54
1,spsc_unaligned_65536_same-core_paced_itch,0,total,402773,409600,54
1,spsc_unaligned_65536_same-core_paced_itch,0,total,409600,416426,1
1,spsc_unaligned_65536_same-core_paced_itch,0,total,464213,477866,1
1,spsc_unaligned_65536_same-core_paced_itch,0,total,477866,491520,1
1,spsc_unaligned_65536_same-core_paced_itch,0,total,491520,505173,3
1,spsc_unaligned_65536_same-core_paced_itch,0,total,532480,546133,1
1,spsc_unaligned_65536_same-core_paced_itch,0,total,559786,573440,1
1,spsc_unaligned_65536_same-core_paced_itch,0,total,655360,669013,4
1,spsc_unaligned_65536_same-core_paced_itch,0,total,723626,737280,1
1,spsc_unaligned_65536_same-core_paced_itch,0,queue,35.8333,36.6666,1
1,spsc_unaligned_65536_same-core_paced_itch,0,queue,38.3333,39.1666,3
1,spsc_unaligned_65536_same-core_paced_itch,0,queue,39.1666,40,2
1,spsc_unaligned_65536_same-core_paced_itch,0,queue,40,40.8333,5
1,spsc_unaligned_65536_same-core_paced_itch,0,queue,40.8333,41.6666,30
1,spsc_unaligned_65536_same-core_paced_itch,0,queue,41.6666,42.5,84
1,spsc_unaligned_65536_same-core_paced_itch,0,queue,42.5,43.3333,191
1,spsc_unaligned_65536_same-core_paced_itch,0,queue,43.3333,44.1666,268
1,spsc_unaligned_65536_same-core_paced_itch,0,queue,44.1666,45,422
1,spsc_unaligned_65536_same-core_paced_itch,0,queue,45,45.8333,549
1,spsc_unaligned_65536_same-core_paced_itch,0,queue,45.8333,46.6666,666
1,spsc_unaligned_65536_same-core_paced_itch,0,queue,46.6666,47.5,835
1,spsc_unaligned_65536_same-core_paced_itch,0,queue,47.5,48.3333,1144
1,spsc_unaligned_65536_same-core_paced_itch,0,queue,48.3333,49.1666,1292
1,spsc_unaligned_65536_same-core_paced_itch,0,queue,49.1666,50,1492
1,spsc_unaligned_65536_same-core_paced_itch,0,queue,50,50.8333,1534
1,spsc_unaligned_65536_same-core_paced_itch,0,queue,50.8333,51.6666,1693
1,spsc_unaligned_65536_same-core_paced_itch,0,queue,51.6666,52.5,1911
1,spsc_unaligned_65536_same-core_paced_itch,0,queue,52.5,53.3333,2100
1,spsc_unaligned_65536_same-core_paced_itch,0,queue,53.3333,55,4928
1,spsc_unaligned_65536_same-core_paced_itch,0,queue,55,56.6666,5998
1,spsc_unaligned_65536_same-core_paced_itch,0,queue,56.6666,58.3333,6993
1,spsc_unaligned_65536_same-core_paced_itch,0,queue,58.3333,60,8149
1,spsc_unaligned_65536_same-core_paced_itch,0,queue,60,61.6666,8703
1,spsc_unaligned_65536_same-core_paced_itch,0,queue,61.6666,63.3333,8731
1,spsc_unaligned_65536_same-core_paced_itch,0,queue,63.3333,65,8805
1,spsc_unaligned_65536_same-core_paced_itch,0,queue,65,66.6666,8481
1,spsc_unaligned_65536_same-core_paced_itch,0,queue,66.6666,68.3333,8333
1,spsc_unaligned_65536_same-core_paced_itch,0,queue,68.3333,70,8765
1,spsc_unaligned_65536_same-core_paced_itch,0,queue,70,71.6666,8686
1,spsc_unaligned_65536_same-core_paced_itch,0,queue,71.6666,73.3333,8393
1,spsc_unaligned_65536_same-core_paced_itch,0,queue,73.3333,75,7585
1,spsc_unaligned_65536_same-core_paced_itch,0,queue,75,76.6666,6891
1,spsc_unaligned_65536_same-core_paced_itch,0,queue,76.6666,78.3333,5869
1,spsc_unaligned_65536_same-core_paced_itch,0,queue,78.3333,80,4926
1,spsc_unaligned_65536_same-core_paced_itch,0,queue,80,81.6666,4473
1,spsc_unaligned_65536_same-core_paced_itch,0,queue,81.6666,83.3333,4113
1,spsc_unaligned_65536_same-core_paced_itch,0,queue,83.3333,85,3724
1,spsc_unaligned_65536_same-core_paced_itch,0,queue,85,86.6666,2982
1,spsc_unaligned_65536_same-core_paced_itch,0,queue,86.6666,88.3333,2403
1,spsc_unaligned_65536_same-core_paced_itch,0,queue,88.3333,90,1798
1,spsc_unaligned_65536_same-core_paced_itch,0,queue,90,91.6666,1324
1,spsc_unaligned_65536_same-core_paced_itch,0,queue,91.6666,93.3333,974
1,spsc_unaligned_65536_same-core_paced_itch,0,queue,93.3333,94.9999,837
1,spsc_unaligned_65536_same-core_paced_itch,0,queue,94.9999,96.6666,748
1,spsc_unaligned_65536_same-core_paced_itch,0,queue,96.6666,98.3333,659
1,spsc_unaligned_65536_same-core_paced_itch,0,queue,98.3333,99.9999,655
1,spsc_unaligned_65536_same-core_paced_itch,0,queue,99.9999,101.667,676
1,spsc_unaligned_65536_same-core_paced_itch,0,queue,101.667,103.333,647
1,spsc_unaligned_65536_same-core_paced_itch,0,queue,103.333,105,635
1,spsc_unaligned_65536_same-core_paced_itch,0,queue,105,106.667,592
1,spsc_unaligned_65536_same-core_paced_itch,0,queue,106.667,110,1101
1,spsc_unaligned_65536_same-core_paced_itch,0,queue,110,113.333,976
1,spsc_unaligned_65536_same-core_paced_itch,0,queue,113.333,116.667,915
1,spsc_unaligned_65536_same-core_paced_itch,0,queue,116.667,120,781
1,spsc_unaligned_65536_same-core_paced_itch,0,queue,120,123.333,762
1,spsc_unaligned_65536_same-core_paced_itch,0,queue,123.333,126.667,572
1,spsc_unaligned_65536_same-core_paced_itch,0,queue,126.667,130,547
1,spsc_unaligned_65536_same-core_paced_itch,0,queue,130,133.333,479
1,spsc_unaligned_65536_same-core_paced_itch,0,queue,133.333,136.667,477
1,spsc_unaligned_65536_same-core_paced_itch,0,queue,136.667,140,439
1,spsc_unaligned_65536_same-core_paced_itch,0,queue,140,143.333,407
1,spsc_unaligned_65536_same-core_paced_itch,0,queue,143.333,146.667,408
1,spsc_unaligned_65536_same-core_paced_itch,0,queue,146.667,150,379
1,spsc_unaligned_65536_same-core_paced_itch,0,queue,150,153.333,389
1,spsc_unaligned_65536_same-core_paced_itch,0,queue,153.333,156.667,384
1,spsc_unaligned_65536_same-core_paced_itch,0,queue,156.667,160,354
1,spsc_unaligned_65536_same-core_paced_itch,0,queue,160,163.333,355
1,spsc_unaligned_65536_same-core_paced_itch,0,queue,163.333,166.667,355
1,spsc_unaligned_65536_same-core_paced_itch,0,queue,166.667,170,339
1,spsc_unaligned_65536_same-core_paced_itch,0,queue,170,173.333,306
1,spsc_unaligned_65536_same-core_paced_itch,0,queue,173.333,176.667,287
1,spsc_unaligned_65536_same-core_paced_itch,0,queue,176.667,180,300
1,spsc_unaligned_65536_same-core_paced_itch,0,queue,180,183.333,286
1,spsc_unaligned_65536_same-core_paced_itch,0,queue,183.333,186.667,300
1,spsc_unaligned_65536_same-core_paced_itch,0,queue,186.667,190,268
1,spsc_unaligned_65536_same-core_paced_itch,0,queue,190,193.333,260
1,spsc_unaligned_65536_same-core_paced_itch,0,queue,193.333,196.667,279
1,spsc_unaligned_65536_same-core_paced_itch,0,queue,196.667,200,258
1,spsc_unaligned_65536_same-core_paced_itch,0,queue,200,203.333,231
1,spsc_unaligned_65536_same-core_paced_itch,0,queue,203.333,206.667,253
1,spsc_unaligned_65536_same-core_paced_itch,0,queue,206.667,210,249
1,spsc_unaligned_65536_same-core_paced_itch,0,queue,210,213.333,275
1,spsc_unaligned_65536_same-core_paced_itch,0,queue,213.333,220,510
1,spsc_unaligned_65536_same-core_paced_itch,0,queue,220,226.667,528
1,spsc_unaligned_65536_same-core_paced_itch,0,queue,226.667,233.333,522
1,spsc_unaligned_65536_same-core_paced_itch,0,queue,233.333,240,462
1,spsc_unaligned_65536_same-core_paced_itch,0,queue,240,246.667,476
1,spsc_unaligned_65536_same-core_paced_itch,0,queue,246.667,253.333,418
1,spsc_unaligned_65536_same-core_paced_itch,0,queue,253.333,260,399
1,spsc_unaligned_65536_same-core_paced_itch,0,queue,260,266.667,459
1,spsc_unaligned_65536_same-core_paced_itch,0,queue,266.667,273.333,413
1,spsc_unaligned_65536_same-core_paced_itch,0,queue,273.333,280,381
1,spsc_unaligned_65536_same-core_paced_itch,0,queue,280,286.667,322
1,spsc_unaligned_65536_same-core_paced_itch,0,queue,286.667,293.333,353
1,spsc_unaligned_65536_same-core_paced_itch,0,queue,293.333,300,321
1,spsc_unaligned_65536_same-core_paced_itch,0,queue,300,306.667,337
1,spsc_unaligned_65536_same-core_paced_itch,0,queue,306.667,313.333,289
1,spsc_unaligned_65536_same-core_paced_itch,0,queue,313.333,320,338
1,spsc_unaligned_65536_same-core_paced_itch,0,queue,320,326.666,346
1,spsc_unaligned_65536_same-core_paced_itch,0,queue,326.666,333.333,309
1,spsc_unaligned_65536_same-core_paced_itch,0,queue,333.333,340,306
1,spsc_unaligned_65536_same-core_paced_itch,0,queue,340,346.666,281
1,spsc_unaligned_65536_same-core_paced_itch,0,queue,346.666,353.333,280
1,spsc_unaligned_65536_same-core_paced_itch,0,queue,353.333,360,268
1,spsc_unaligned_65536_same-core_paced_itch,0,queue,360,366.666,290
1,spsc_unaligned_65536_same-core_paced_itch,0,queue,366.666,373.333,280
1,spsc_unaligned_65536_same-core_paced_itch,0,queue,373.333,380,260
1,spsc_unaligned_65536_same-core_paced_itch,0,queue,380,386.666,252
1,spsc_unaligned_65536_same-core_paced_itch,0,queue,386.666,393.333,227
1,spsc_unaligned_65536_same-core_paced_itch,0,queue,393.333,400,240
1,spsc_unaligned_65536_same-core_paced_itch,0,queue,400,406.666,226
1,spsc_unaligned_65536_same-core_paced_itch,0,queue,406.666,413.333,231
1,spsc_unaligned_65536_same-core_paced_itch,0,queue,413.333,420,231
1,spsc_unaligned_65536_same-core_paced_itch,0,queue,420,426.666,218
1,spsc_unaligned_65536_same-core_paced_itch,0,queue,426.666,440,463
1,spsc_unaligned_65536_same-core_paced_itch,0,queue,440,453.333,448
1,spsc_unaligned_65536_same-core_paced_itch,0,queue,453.333,466.666,417
1,spsc_unaligned_65536_same-core_paced_itch,0,queue,466.666,480,428
1,spsc_unaligned_65536_same-core_paced_itch,0,queue,480,493.333,399
1,spsc_unaligned_65536_same-core_paced_itch,0,queue,493.333,506.666,373
1,spsc_unaligned_65536_same-core_paced_itch,0,queue,506.666,520,373
1,spsc_unaligned_65536_same-core_paced_itch,0,queue,520,533.333,361
1,spsc_unaligned_65536_same-core_paced_itch,0,queue,533.333,546.666,361
1,spsc_unaligned_65536_same-core_paced_itch,0,queue,546.666,560,347
1,spsc_unaligned_65536_same-core_paced_itch,0,queue,560,573.333,384
1,spsc_unaligned_65536_same-core_paced_itch,0,queue,573.333,586.666,373
1,spsc_unaligned_65536_same-core_paced_itch,0,queue,586.666,600,368
1,spsc_unaligned_65536_same-core_paced_itch,0,queue,600,613.333,379
1,spsc_unaligned_65536_same-core_paced_itch,0,queue,613.333,626.666,405
1,spsc_unaligned_65536_same-core_paced_itch,0,queue,626.666,640,368
1,spsc_unaligned_65536_same-core_paced_itch,0,queue,640,653.333,377
1,spsc_unaligned_65536_same-core_paced_itch,0,queue,653.333,666.666,350
1,spsc_unaligned_65536_same-core_paced_itch,0,queue,666.666,680,295
1,spsc_unaligned_65536_same-core_paced_itch,0,queue,680,693.333,341
1,spsc_unaligned_65536_same-core_paced_itch,0,queue,693.333,706.666,361
1,spsc_unaligned_65536_same-core_paced_itch,0,queue,706.666,720,338
1,spsc_unaligned_65536_same-core_paced_itch,0,queue,720,733.333,309
1,spsc_unaligned_65536_same-core_paced_itch,0,queue,733.333,746.666,335
1,spsc_unaligned_65536_same-core_paced_itch,0,queue,746.666,760,347
1,spsc_unaligned_65536_same-core_paced_itch,0,queue,760,773.333,296
1,spsc_unaligned_65536_same-core_paced_itch,0,queue,773.333,786.666,319
1,spsc_unaligned_65536_same-core_paced_itch,0,queue,786.666,800,310
1,spsc_unaligned_65536_same-core_paced_itch,0,queue,800,813.333,339
1,spsc_unaligned_65536_same-core_paced_itch,0,queue,813.333,826.666,349
1,spsc_unaligned_65536_same-core_paced_itch,0,queue,826.666,840,308
1,spsc_unaligned_65536_same-core_paced_itch,0,queue,840,853.333,333
1,spsc_unaligned_65536_same-core_paced_itch,0,queue,853.333,880,616
1,spsc_unaligned_65536_same-core_paced_itch,0,queue,880,906.666,662
1,spsc_unaligned_65536_same-core_paced_itch,0,queue,906.666,933.333,625
1,spsc_unaligned_65536_same-core_paced_itch,0,queue,933.333,959.999,588
1,spsc_unaligned_65536_same-core_paced_itch,0,queue,959.999,986.666,607
1,spsc_unaligned_65536_same-core_paced_itch,0,queue,986.666,1013.33,590
1,spsc_unaligned_65536_same-core_paced_itch,0,queue,1013.33,1040,579
1,spsc_unaligned_65536_same-core_paced_itch,0,queue,1040,1066.67,567
1,spsc_unaligned_65536_same-core_paced_itch,0,queue,1066.67,1093.33,534
1,spsc_unaligned_65536_same-core_paced_itch,0,queue,1093.33,1120,550
1,spsc_unaligned_65536_same-core_paced_itch,0,queue,1120,1146.67,533
1,spsc_unaligned_65536_same-core_paced_itch,0,queue,1146.67,1173.33,549
1,spsc_unaligned_65536_same-core_paced_itch,0,queue,1173.33,1200,522
1,spsc_unaligned_65536_same-core_paced_itch,0,queue,1200,1226.67,554
1,spsc_unaligned_65536_same-core_paced_itch,0,queue,1226.67,1253.33,498
1,spsc_unaligned_65536_same-core_paced_itch,0,queue,1253.33,1280,548
1,spsc_unaligned_65536_same-core_paced_itch,0,queue,1280,1306.67,533
1,spsc_unaligned_65536_same-core_paced_itch,0,queue,1306.67,1333.33,523
1,spsc_unaligned_65536_same-core_paced_itch,0,queue,1333.33,1360,481
1,spsc_unaligned_65536_same-core_paced_itch,0,queue,1360,1386.67,487
1,spsc_unaligned_65536_same-core_paced_itch,0,queue,1386.67,1413.33,500
1,spsc_unaligned_65536_same-core_paced_itch,0,queue,1413.33,1440,492
1,spsc_unaligned_65536_same-core_paced_itch,0,queue,1440,1466.67,499
1,spsc_unaligned_65536_same-core_paced_itch,0,queue,1466.67,1493.33,475
1,spsc_unaligned_65536_same-core_paced_itch,0,queue,1493.33,1520,471
1,spsc_unaligned_65536_same-core_paced_itch,0,queue,1520,1546.67,494
1,spsc_unaligned_65536_same-core_paced_itch,0,queue,1546.67,1573.33,462
1,spsc_unaligned_65536_same-core_paced_itch,0,queue,1573.33,1600,465
1,spsc_unaligned_65536_same-core_paced_itch,0,queue,1600,1626.67,439
1,spsc_unaligned_65536_same-core_paced_itch,0,queue,1626.67,1653.33,402
1,spsc_unaligned_65536_same-core_paced_itch,0,queue,1653.33,1680,428
1,spsc_unaligned_65536_same-core_paced_itch,0,queue,1680,1706.67,448
1,spsc_unaligned_65536_same-core_paced_itch,0,queue,1706.67,1760,827
1,spsc_unaligned_65536_same-core_paced_itch,0,queue,1760,1813.33,834
1,spsc_unaligned_65536_same-core_paced_itch,0,queue,1813.33,1866.67,771
1,spsc_unaligned_65536_same-core_paced_itch,0,queue,1866.67,1920,814
1,spsc_unaligned_65536_same-core_paced_itch,0,queue,1920,1973.33,798
1,spsc_unaligned_65536_same-core_paced_itch,0,queue,1973.33,2026.67,752
1,spsc_unaligned_65536_same-core_paced_itch,0,queue,2026.67,2080,781
1,spsc_unaligned_65536_same-core_paced_itch,0,queue,2080,2133.33,715
1,spsc_unaligned_65536_same-core_paced_itch,0,queue,2133.33,2186.67,714
1,spsc_unaligned_65536_same-core_paced_itch,0,queue,2186.67,2240,719
1,spsc_unaligned_65536_same-core_paced_itch,0,queue,2240,2293.33,662
1,spsc_unaligned_65536_same-core_paced_itch,0,queue,2293.33,2346.67,674
1,spsc_unaligned_65536_same-core_paced_itch,0,queue,2346.67,2400,658
1,spsc_unaligned_65536_same-core_paced_itch,0,queue,2400,2453.33,651
1,spsc_unaligned_65536_same-core_paced_itch,0,queue,2453.33,2506.67,632
1,spsc_unaligned_65536_same-core_paced_itch,0,queue,2506.67,2560,556
1,spsc_unaligned_65536_same-core_paced_itch,0,queue,2560,2613.33,600
1,spsc_unaligned_65536_same-core_paced_itch,0,queue,2613.33,2666.67,562
1,spsc_unaligned_65536_same-core_paced_itch,0,queue,2666.67,2720,603
1,spsc_unaligned_65536_same-core_paced_itch,0,queue,2720,2773.33,512
1,spsc_unaligned_65536_same-core_paced_itch,0,queue,2773.33,2826.67,506
1,spsc_unaligned_65536_same-core_paced_itch,0,queue,2826.67,2880,493
1,spsc_unaligned_65536_same-core_paced_itch,0,queue,2880,2933.33,514
1,spsc_unaligned_65536_same-core_paced_itch,0,queue,2933.33,2986.67,516
1,spsc_unaligned_65536_same-core_paced_itch,0,queue,2986.67,3040,490
1,spsc_unaligned_65536_same-core_paced_itch,0,queue,3040,3093.33,480
1,spsc_unaligned_65536_same-core_paced_itch,0,queue,3093.33,3146.66,467
1,spsc_unaligned_65536_same-core_paced_itch,0,queue,3146.66,3200,512
1,spsc_unaligned_65536_same-core_paced_itch,0,queue,3200,3253.33,439
1,spsc_unaligned_65536_same-core_paced_itch,0,queue,3253.33,3306.66,435
1,spsc_unaligned_65536_same-core_paced_itch,0,queue,3306.66,3360,453
1,spsc_unaligned_65536_same-core_paced_itch,0,queue,3360,3413.33,420
1,spsc_unaligned_65536_same-core_paced_itch,0,queue,3413.33,3520,821
1,spsc_unaligned_65536_same-core_paced_itch,0,queue,3520,3626.66,829
1,spsc_unaligned_65536_same-core_paced_itch,0,queue,3626.66,3733.33,780
1,spsc_unaligned_65536_same-core_paced_itch,0,queue,3733.33,3840,773
1,spsc_unaligned_65536_same-core_paced_itch,0,queue,3840,3946.66,681
1,spsc_unaligned_65536_same-core_paced_itch,0,queue,3946.66,4053.33,650
1,spsc_unaligned_65536_same-core_paced_itch,0,queue,4053.33,4160,637
1,spsc_unaligned_65536_same-core_paced_itch,0,queue,4160,4266.66,652
1,spsc_unaligned_65536_same-core_paced_itch,0,queue,4266.66,4373.33,608
1,spsc_unaligned_65536_same-core_paced_itch,0,queue,4373.33,4480,584
1,spsc_unaligned_65536_same-core_paced_itch,0,queue,4480,4586.66,566
1,spsc_unaligned_65536_same-core_paced_itch,0,queue,4586.66,4693.33,540
1,spsc_unaligned_65536_same-core_paced_itch,0,queue,4693.33,4800,510
1,spsc_unaligned_65536_same-core_paced_itch,0,queue,4800,4906.66,526
1,spsc_unaligned_65536_same-core_paced_itch,0,queue,4906.66,5013.33,534
1,spsc_unaligned_65536_same-core_paced_itch,0,queue,5013.33,5120,470
1,spsc_unaligned_65536_same-core_paced_itch,0,queue,5120,5226.66,432
1,spsc_unaligned_65536_same-core_paced_itch,0,queue,5226.66,5333.33,421
1,spsc_unaligned_65536_same-core_paced_itch,0,queue,5333.33,5440,434
1,spsc_unaligned_65536_same-core_paced_itch,0,queue,5440,5546.66,374
1,spsc_unaligned_65536_same-core_paced_itch,0,queue,5546.66,5653.33,382
1,spsc_unaligned_65536_same-core_paced_itch,0,queue,5653.33,5760,395
1,spsc_unaligned_65536_same-core_paced_itch,0,queue,5760,5866.66,374
1,spsc_unaligned_65536_same-core_paced_itch,0,queue,5866.66,5973.33,351
1,spsc_unaligned_65536_same-core_paced_itch,0,queue,5973.33,6080,362
1,spsc_unaligned_65536_same-core_paced_itch,0,queue,6080,6186.66,317
1,spsc_unaligned_65536_same-core_paced_itch,0,queue,6186.66,6293.33,306
1,spsc_unaligned_65536_same-core_paced_itch,0,queue,6293.33,6400,304
1,spsc_unaligned_65536_same-core_paced_itch,0,queue,6400,6506.66,291
1,spsc_unaligned_65536_same-core_paced_itch,0,queue,6506.66,6613.33,305
1,spsc_unaligned_65536_same-core_paced_itch,0,queue,6613.33,6720,257
1,spsc_unaligned_65536_same-core_paced_itch,0,queue,6720,6826.66,267
1,spsc_unaligned_65536_same-core_paced_itch,0,queue,6826.66,7040,513
1,spsc_unaligned_65536_same-core_paced_itch,0,queue,7040,7253.33,491
1,spsc_unaligned_65536_same-core_paced_itch,0,queue,7253.33,7466.66,457
1,spsc_unaligned_65536_same-core_paced_itch,0,queue,7466.66,7680,436
1,spsc_unaligned_65536_same-core_paced_itch,0,queue,7680,7893.33,415
1,spsc_unaligned_65536_same-core_paced_itch,0,queue,7893.33,8106.66,411
1,spsc_unaligned_65536_same-core_paced_itch,0,queue,8106.66,8320,418
1,spsc_unaligned_65536_same-core_paced_itch,0,queue,8320,8533.33,361
1,spsc_unaligned_65536_same-core_paced_itch,0,queue,8533.33,8746.66,390
1,spsc_unaligned_65536_same-core_paced_itch,0,queue,8746.66,8960,325
1,spsc_unaligned_65536_same-core_paced_itch,0,queue,8960,9173.33,331
1,spsc_unaligned_65536_same-core_paced_itch,0,queue,9173.33,9386.66,285
1,spsc_unaligned_65536_same-core_paced_itch,0,queue,9386.66,9599.99,303
1,spsc_unaligned_65536_same-core_paced_itch,0,queue,9599.99,9813.33,253
1,spsc_unaligned_65536_same-core_paced_itch,0,queue,9813.33,10026.7,271
1,spsc_unaligned_65536_same-core_paced_itch,0,queue,10026.7,10240,253
1,spsc_unaligned_65536_same-core_paced_itch,0,queue,10240,10453.3,267
1,spsc_unaligned_65536_same-core_paced_itch,0,queue,10453.3,10666.7,239
1,spsc_unaligned_65536_same-core_paced_itch,0,queue,10666.7,10880,215
1,spsc_unaligned_65536_same-core_paced_itch,0,queue,10880,11093.3,200
1,spsc_unaligned_65536_same-core_paced_itch,0,queue,11093.3,11306.7,201
1,spsc_unaligned_65536_same-core_paced_itch,0,queue,11306.7,11520,183
1,spsc_unaligned_65536_same-core_paced_itch,0,queue,11520,11733.3,159
1,spsc_unaligned_65536_same-core_paced_itch,0,queue,11733.3,11946.7,137
1,spsc_unaligned_65536_same-core_paced_itch,0,queue,11946.7,12160,128
1,spsc_unaligned_65536_same-core_paced_itch,0,queue,12160,12373.3,116
1,spsc_unaligned_65536_same-core_paced_itch,0,queue,12373.3,12586.7,103
1,spsc_unaligned_65536_same-core_paced_itch,0,queue,12586.7,12800,69
1,spsc_unaligned_65536_same-core_paced_itch,0,queue,12800,13013.3,57
1,spsc_unaligned_65536_same-core_paced_itch,0,queue,13013.3,13226.7,56
1,spsc_unaligned_65536_same-core_paced_itch,0,queue,13226.7,13440,31
1,spsc_unaligned_65536_same-core_paced_itch,0,queue,13440,13653.3,45
1,spsc_unaligned_65536_same-core_paced_itch,0,queue,13653.3,14080,74
1,spsc_unaligned_65536_same-core_paced_itch,0,queue,14080,14506.7,57
1,spsc_unaligned_65536_same-core_paced_itch,0,queue,14506.7,14933.3,58
1,spsc_unaligned_65536_same-core_paced_itch,0,queue,14933.3,15360,46
1,spsc_unaligned_65536_same-core_paced_itch,0,queue,15360,15786.7,34
1,spsc_unaligned_65536_same-core_paced_itch,0,queue,15786.7,16213.3,45
1,spsc_unaligned_65536_same-core_paced_itch,0,queue,16213.3,16640,38
1,spsc_unaligned_65536_same-core_paced_itch,0,queue,16640,17066.7,28
1,spsc_unaligned_65536_same-core_paced_itch,0,queue,17066.7,17493.3,28
1,spsc_unaligned_65536_same-core_paced_itch,0,queue,17493.3,17920,25
1,spsc_unaligned_65536_same-core_paced_itch,0,queue,17920,18346.7,16
1,spsc_unaligned_65536_same-core_paced_itch,0,queue,18346.7,18773.3,14
1,spsc_unaligned_65536_same-core_paced_itch,0,queue,18773.3,19200,13
1,spsc_unaligned_65536_same-core_paced_itch,0,queue,19200,19626.7,15
1,spsc_unaligned_65536_same-core_paced_itch,0,queue,19626.7,20053.3,10
1,spsc_unaligned_65536_same-core_paced_itch,0,queue,20053.3,20480,8
1,spsc_unaligned_65536_same-core_paced_itch,0,queue,20480,20906.7,15
1,spsc_unaligned_65536_same-core_paced_itch,0,queue,20906.7,21333.3,15
1,spsc_unaligned_65536_same-core_paced_itch,0,queue,21333.3,21760,18
1,spsc_unaligned_65536_same-core_paced_itch,0,queue,21760,22186.7,13
1,spsc_unaligned_65536_same-core_paced_itch,0,queue,22186.7,22613.3,13
1,spsc_unaligned_65536_same-core_paced_itch,0,queue,22613.3,23040,8
1,spsc_unaligned_65536_same-core_paced_itch,0,queue,23040,23466.7,16
1,spsc_unaligned_65536_same-core_paced_itch,0,queue,23466.7,23893.3,12
1,spsc_unaligned_65536_same-core_paced_itch,0,queue,23893.3,24320,7
1,spsc_unaligned_65536_same-core_paced_itch,0,queue,24320,24746.7,14
1,spsc_unaligned_65536_same-core_paced_itch,0,queue,24746.7,25173.3,14
1,spsc_unaligned_65536_same-core_paced_itch,0,queue,25173.3,25600,17
1,spsc_unaligned_65536_same-core_paced_itch,0,queue,25600,26026.7,11
1,spsc_unaligned_65536_same-core_paced_itch,0,queue,26026.7,26453.3,6
1,spsc_unaligned_65536_same-core_paced_itch,0,queue,26453.3,26880,11
1,spsc_unaligned_65536_same-core_paced_itch,0,queue,26880,27306.7,8
1,spsc_unaligned_65536_same-core_paced_itch,0,queue,27306.7,28160,7
1,spsc_unaligned_65536_same-core_paced_itch,0,queue,28160,29013.3,19
1,spsc_unaligned_65536_same-core_paced_itch,0,queue,29013.3,29866.7,14
1,spsc_unaligned_65536_same-core_paced_itch,0,queue,29866.7,30720,12
1,spsc_unaligned_65536_same-core_paced_itch,0,queue,30720,31573.3,20
1,spsc_unaligned_65536_same-core_paced_itch,0,queue,31573.3,32426.6,10
1,spsc_unaligned_65536_same-core_paced_itch,0,queue,32426.6,33280,11
1,spsc_unaligned_65536_same-core_paced_itch,0,queue,33280,34133.3,13
1,spsc_unaligned_65536_same-core_paced_itch,0,queue,34133.3,34986.6,14
1,spsc_unaligned_65536_same-core_paced_itch,0,queue,34986.6,35840,12
1,spsc_unaligned_65536_same-core_paced_itch,0,queue,35840,36693.3,12
1,spsc_unaligned_65536_same-core_paced_itch,0,queue,36693.3,37546.6,9
1,spsc_unaligned_65536_same-core_paced_itch,0,queue,37546.6,38400,13
1,spsc_unaligned_65536_same-core_paced_itch,0,queue,38400,39253.3,12
1,spsc_unaligned_65536_same-core_paced_itch,0,queue,39253.3,40106.6,7
1,spsc_unaligned_65536_same-core_paced_itch,0,queue,40106.6,40960,6
1,spsc_unaligned_65536_same-core_paced_itch,0,queue,40960,41813.3,12
1,spsc_unaligned_65536_same-core_paced_itch,0,queue,41813.3,42666.6,14
1,spsc_unaligned_65536_same-core_paced_itch,0,queue,42666.6,43520,14
1,spsc_unaligned_65536_same-core_paced_itch,0,queue,43520,44373.3,12
1,spsc_unaligned_65536_same-core_paced_itch,0,queue,44373.3,45226.6,22
1,spsc_unaligned_65536_same-core_paced_itch,0,queue,45226.6,46080,13
1,spsc_unaligned_65536_same-core_paced_itch,0,queue,46080,46933.3,3
1,spsc_unaligned_65536_same-core_paced_itch,0,queue,46933.3,47786.6,9
1,spsc_unaligned_65536_same-core_paced_itch,0,queue,47786.6,48640,11
1,spsc_unaligned_65536_same-core_paced_itch,0,queue,48640,49493.3,10
1,spsc_unaligned_65536_same-core_paced_itch,0,queue,49493.3,50346.6,8
1,spsc_unaligned_65536_same-core_paced_itch,0,queue,50346.6,51200,11
1,spsc_unaligned_65536_same-core_paced_itch,0,queue,51200,52053.3,21
1,spsc_unaligned_65536_same-core_paced_itch,0,queue,52053.3,52906.6,15
1,spsc_unaligned_65536_same-core_paced_itch,0,queue,52906.6,53760,17
1,spsc_unaligned_65536_same-core_paced_itch,0,queue,53760,54613.3,14
1,spsc_unaligned_65536_same-core_paced_itch,0,queue,54613.3,56320,34
1,spsc_unaligned_65536_same-core_paced_itch,0,queue,56320,58026.6,22
1,spsc_unaligned_65536_same-core_paced_itch,0,queue,58026.6,59733.3,19
1,spsc_unaligned_65536_same-core_paced_itch,0,queue,59733.3,61440,37
1,spsc_unaligned_65536_same-core_paced_itch,0,queue,61440,63146.6,27
1,spsc_unaligned_65536_same-core_paced_itch,0,queue,63146.6,64853.3,16
1,spsc_unaligned_65536_same-core_paced_itch,0,queue,64853.3,66560,38
1,spsc_unaligned_65536_same-core_paced_itch,0,queue,66560,68266.6,36
1,spsc_unaligned_65536_same-core_paced_itch,0,queue,68266.6,69973.3,13
1,spsc_unaligned_65536_same-core_paced_itch,0,queue,69973.3,71680,29
1,spsc_unaligned_65536_same-core_paced_itch,0,queue,71680,73386.6,17
1,spsc_unaligned_65536_same-core_paced_itch,0,queue,73386.6,75093.3,21
1,spsc_unaligned_65536_same-core_paced_itch,0,queue,75093.3,76800,19
1,spsc_unaligned_65536_same-core_paced_itch,0,queue,76800,78506.6,20
1,spsc_unaligned_65536_same-core_paced_itch,0,queue,78506.6,80213.3,26
1,spsc_unaligned_65536_same-core_paced_itch,0,queue,80213.3,81920,32
1,spsc_unaligned_65536_same-core_paced_itch,0,queue,81920,83626.6,16
1,spsc_unaligned_65536_same-core_paced_itch,0,queue,83626.6,85333.3,17
1,spsc_unaligned_65536_same-core_paced_itch,0,queue,85333.3,87040,16
1,spsc_unaligned_65536_same-core_paced_itch,0,queue,87040,88746.6,16
1,spsc_unaligned_65536_same-core_paced_itch,0,queue,88746.6,90453.3,11
1,spsc_unaligned_65536_same-core_paced_itch,0,queue,90453.3,92160,8
1,spsc_unaligned_65536_same-core_paced_itch,0,queue,92160,93866.6,4
1,spsc_unaligned_65536_same-core_paced_itch,0,queue,93866.6,95573.3,4
1,spsc_unaligned_65536_same-core_paced_itch,0,queue,95573.3,97279.9,7
1,spsc_unaligned_65536_same-core_paced_itch,0,queue,97279.9,98986.6,4
1,spsc_unaligned_65536_same-core_paced_itch,0,queue,98986.6,100693,5
1,spsc_unaligned_65536_same-core_paced_itch,0,queue,100693,102400,10
1,spsc_unaligned_65536_same-core_paced_itch,0,queue,102400,104107,4
1,spsc_unaligned_65536_same-core_paced_itch,0,queue,104107,105813,3
1,spsc_unaligned_65536_same-core_paced_itch,0,queue,105813,107520,9
1,spsc_unaligned_65536_same-core_paced_itch,0,queue,107520,109227,2
1,spsc_unaligned_65536_same-core_paced_itch,0,queue,109227,112640,24
1,spsc_unaligned_65536_same-core_paced_itch,0,queue,112640,116053,23
1,spsc_unaligned_65536_same-core_paced_itch,0,queue,116053,119467,11
1,spsc_unaligned_65536_same-core_paced_itch,0,queue,119467,122880,17
1,spsc_unaligned_65536_same-core_paced_itch,0,queue,122880,126293,19
1,spsc_unaligned_65536_same-core_paced_itch,0,queue,126293,129707,18
1,spsc_unaligned_65536_same-core_paced_itch,0,queue,129707,133120,16
1,spsc_unaligned_65536_same-core_paced_itch,0,queue,133120,136533,13
1,spsc_unaligned_65536_same-core_paced_itch,0,queue,136533,139947,6
1,spsc_unaligned_65536_same-core_paced_itch,0,queue,139947,143360,13
1,spsc_unaligned_65536_same-core_paced_itch,0,queue,143360,146773,14
1,spsc_unaligned_65536_same-core_paced_itch,0,queue,146773,150187,18
1,spsc_unaligned_65536_same-core_paced_itch,0,queue,150187,153600,17
1,spsc_unaligned_65536_same-core_paced_itch,0,queue,153600,157013,8
1,spsc_unaligned_65536_same-core_paced_itch,0,queue,157013,160427,8
1,spsc_unaligned_65536_same-core_paced_itch,0,queue,160427,163840,7
1,spsc_unaligned_65536_same-core_paced_itch,0,queue,163840,167253,13
1,spsc_unaligned_65536_same-core_paced_itch,0,queue,167253,170667,10
1,spsc_unaligned_65536_same-core_paced_itch,0,queue,170667,174080,10
1,spsc_unaligned_65536_same-core_paced_itch,0,queue,174080,177493,14
1,spsc_unaligned_65536_same-core_paced_itch,0,queue,177493,180907,15
1,spsc_unaligned_65536_same-core_paced_itch,0,queue,180907,184320,14
1,spsc_unaligned_65536_same-core_paced_itch,0,queue,184320,187733,12
1,spsc_unaligned_65536_same-core_paced_itch,0,queue,187733,191147,15
1,spsc_unaligned_65536_same-core_paced_itch,0,queue,191147,194560,2
1,spsc_unaligned_65536_same-core_paced_itch,0,queue,194560,197973,5
1,spsc_unaligned_65536_same-core_paced_itch,0,queue,197973,201387,16
1,spsc_unaligned_65536_same-core_paced_itch,0,queue,201387,204800,6
1,spsc_unaligned_65536_same-core_paced_itch,0,queue,204800,208213,8
1,spsc_unaligned_65536_same-core_paced_itch,0,queue,208213,211627,6
1,spsc_unaligned_65536_same-core_paced_itch,0,queue,211627,215040,8
1,spsc_unaligned_65536_same-core_paced_itch,0,queue,215040,218453,17
1,spsc_unaligned_65536_same-core_paced_itch,0,queue,218453,225280,24
1,spsc_unaligned_65536_same-core_paced_itch,0,queue,225280,232107,35
1,spsc_unaligned_65536_same-core_paced_itch,0,queue,232107,238933,30
1,spsc_unaligned_65536_same-core_paced_itch,0,queue,238933,245760,12
1,spsc_unaligned_65536_same-core_paced_itch,0,queue,245760,252587,26
1,spsc_unaligned_65536_same-core_paced_itch,0,queue,252587,259413,36
1,spsc_unaligned_65536_same-core_paced_itch,0,queue,259413,266240,28
1,spsc_unaligned_65536_same-core_paced_itch,0,queue,266240,273067,30
1,spsc_unaligned_65536_same-core_paced_itch,0,queue,273067,279893,17
1,spsc_unaligned_65536_same-core_paced_itch,0,queue,279893,286720,28
1,spsc_unaligned_65536_same-core_paced_itch,0,queue,286720,293547,24
1,spsc_unaligned_65536_same-core_paced_itch,0,queue,293547,300373,25
1,spsc_unaligned_65536_same-core_paced_itch,0,queue,300373,307200,19
1,spsc_unaligned_65536_same-core_paced_itch,0,queue,307200,314026,24
1,spsc_unaligned_65536_same-core_paced_itch,0,queue,314026,320853,46
1,spsc_unaligned_65536_same-core_paced_itch,0,queue,320853,327680,43
1,spsc_unaligned_65536_same-core_paced_itch,0,queue,327680,334506,25
1,spsc_unaligned_65536_same-core_paced_itch,0,queue,334506,341333,83
1,spsc_unaligned_65536_same-core_paced_itch,0,queue,341333,348160,31
1,spsc_unaligned_65536_same-core_paced_itch,0,queue,348160,354986,36
1,spsc_unaligned_65536_same-core_paced_itch,0,queue,354986,361813,19
1,spsc_unaligned_65536_same-core_paced_itch,0,queue,361813,368640,28
1,spsc_unaligned_65536_same-core_paced_itch,0,queue,368640,375466,18
1,spsc_unaligned_65536_same-core_paced_itch,0,queue,375466,382293,25
1,spsc_unaligned_65536_same-core_paced_itch,0,queue,382293,389120,17
1,spsc_unaligned_65536_same-core_paced_itch,0,queue,389120,395946,28
1,spsc_unaligned_65536_same-core_paced_itch,0,queue,395946,402773,59
1,spsc_unaligned_65536_same-core_paced_itch,0,queue,402773,409600,50
1,spsc_unaligned_65536_same-core_paced_itch,0,queue,464213,477866,1
1,spsc_unaligned_65536_same-core_paced_itch,0,queue,477866,491520,2
1,spsc_unaligned_65536_same-core_paced_itch,0,queue,491520,505173,2
1,spsc_unaligned_65536_same-core_paced_itch,0,queue,532480,546133,1
1,spsc_unaligned_65536_same-core_paced_itch,0,queue,546133,559786,1
1,spsc_unaligned_65536_same-core_paced_itch,0,queue,641706,655360,1
1,spsc_unaligned_65536_same-core_paced_itch,0,queue,655360,669013,3
1,spsc_unaligned_65536_same-core_paced_itch,0,queue,709973,723626,1
1,spsc_unaligned_65536_same-core_paced_itch,0,book,6.66666,7.08333,1
1,spsc_unaligned_65536_same-core_paced_itch,0,book,8.33333,8.75,3
1,spsc_unaligned_65536_same-core_paced_itch,0,book,9.16666,9.58333,8
1,spsc_unaligned_65536_same-core_paced_itch,0,book,9.99999,10.4167,55
1,spsc_unaligned_65536_same-core_paced_itch,0,book,10.8333,11.25,97
1,spsc_unaligned_65536_same-core_paced_itch,0,book,11.6667,12.0833,147
1,spsc_unaligned_65536_same-core_paced_itch,0,book,12.5,12.9167,235
1,spsc_unaligned_65536_same-core_paced_itch,0,book,13.3333,13.75,344
1,spsc_unaligned_65536_same-core_paced_itch,0,book,14.1667,14.5833,509
1,spsc_unaligned_65536_same-core_paced_itch,0,book,15,15.4167,518
1,spsc_unaligned_65536_same-core_paced_itch,0,book,15.8333,16.25,673
1,spsc_unaligned_65536_same-core_paced_itch,0,book,16.6667,17.0833,583
1,spsc_unaligned_65536_same-core_paced_itch,0,book,17.5,17.9167,603
1,spsc_unaligned_65536_same-core_paced_itch,0,book,18.3333,18.75,758
1,spsc_unaligned_65536_same-core_paced_itch,0,book,19.1667,19.5833,685
1,spsc_unaligned_65536_same-core_paced_itch,0,book,20,20.4167,748
1,spsc_unaligned_65536_same-core_paced_itch,0,book,20.8333,21.25,608
1,spsc_unaligned_65536_same-core_paced_itch,0,book,21.6667,22.0833,756
1,spsc_unaligned_65536_same-core_paced_itch,0,book,22.5,22.9167,1126
1,spsc_unaligned_65536_same-core_paced_itch,0,book,23.3333,23.75,1248
1,spsc_unaligned_65536_same-core_paced_itch,0,book,24.1667,24.5833,1286
1,spsc_unaligned_65536_same-core_paced_itch,0,book,25,25.4167,1079
1,spsc_unaligned_65536_same-core_paced_itch,0,book,25.8333,26.25,949
1,spsc_unaligned_65536_same-core_paced_itch,0,book,26.6667,27.5,718
1,spsc_unaligned_65536_same-core_paced_itch,0,book,27.5,28.3333,580
1,spsc_unaligned_65536_same-core_paced_itch,0,book,28.3333,29.1667,535
1,spsc_unaligned_65536_same-core_paced_itch,0,book,29.1667,30,410
1,spsc_unaligned_65536_same-core_paced_itch,0,book,30,30.8333,427
1,spsc_unaligned_65536_same-core_paced_itch,0,book,30.8333,31.6666,396
1,spsc_unaligned_65536_same-core_paced_itch,0,book,31.6666,32.5,439
1,spsc_unaligned_65536_same-core_paced_itch,0,book,32.5,33.3333,438
1,spsc_unaligned_65536_same-core_paced_itch,0,book,33.3333,34.1666,438
1,spsc_unaligned_65536_same-core_paced_itch,0,book,34.1666,35,517
1,spsc_unaligned_65536_same-core_paced_itch,0,book,35,35.8333,503
1,spsc_unaligned_65536_same-core_paced_itch,0,book,35.8333,36.6666,602
1,spsc_unaligned_65536_same-core_paced_itch,0,book,36.6666,37.5,653
1,spsc_unaligned_65536_same-core_paced_itch,0,book,37.5,38.3333,681
1,spsc_unaligned_65536_same-core_paced_itch,0,book,38.3333,39.1666,721
1,spsc_unaligned_65536_same-core_paced_itch,0,book,39.1666,40,714
1,spsc_unaligned_65536_same-core_paced_itch,0,book,40,40.8333,887
1,spsc_unaligned_65536_same-core_paced_itch,0,book,40.8333,41.6666,830
1,spsc_unaligned_65536_same-core_paced_itch,0,book,41.6666,42.5,986
1,spsc_unaligned_65536_same-core_paced_itch,0,book,42.5,43.3333,1026
1,spsc_unaligned_65536_same-core_paced_itch,0,book,43.3333,44.1666,987
1,spsc_unaligned_65536_same-core_paced_itch,0,book,44.1666,45,1105
1,spsc_unaligned_65536_same-core_paced_itch,0,book,45,45.8333,977
1,spsc_unaligned_65536_same-core_paced_itch,0,book,45.8333,46.6666,1148
1,spsc_unaligned_65536_same-core_paced_itch,0,book,46.6666,47.5,1003
1,spsc_unaligned_65536_same-core_paced_itch,0,book,47.5,48.3333,1146
1,spsc_unaligned_65536_same-core_paced_itch,0,book,48.3333,49.1666,1209
1,spsc_unaligned_65536_same-core_paced_itch,0,book,49.1666,50,1167
1,spsc_unaligned_65536_same-core_paced_itch,0,book,50,50.8333,1355
1,spsc_unaligned_65536_same-core_paced_itch,0,book,50.8333,51.6666,1312
1,spsc_unaligned_65536_same-core_paced_itch,0,book,51.6666,52.5,1366
1,spsc_unaligned_65536_same-core_paced_itch,0,book,52.5,53.3333,1467
1,spsc_unaligned_65536_same-core_paced_itch,0,book,53.3333,55,2878
1,spsc_unaligned_65536_same-core_paced_itch,0,book,55,56.6666,2815
1,spsc_unaligned_65536_same-core_paced_itch,0,book,56.6666,58.3333,2837
1,spsc_unaligned_65536_same-core_paced_itch,0,book,58.3333,60,2756
1,spsc_unaligned_65536_same-core_paced_itch,0,book,60,61.6666,2834
1,spsc_unaligned_65536_same-core_paced_itch,0,book,61.6666,63.3333,2765
1,spsc_unaligned_65536_same-core_paced_itch,0,book,63.3333,65,2643
1,spsc_unaligned_65536_same-core_paced_itch,0,book,65,66.6666,2582
1,spsc_unaligned_65536_same-core_paced_itch,0,book,66.6666,68.3333,2588
1,spsc_unaligned_65536_same-core_paced_itch,0,book,68.3333,70,2530
1,spsc_unaligned_65536_same-core_paced_itch,0,book,70,71.6666,2606
1,spsc_unaligned_65536_same-core_paced_itch,0,book,71.6666,73.3333,2306
1,spsc_unaligned_65536_same-core_paced_itch,0,book,73.3333,75,2262
1,spsc_unaligned_65536_same-core_paced_itch,0,book,75,76.6666,2082
1,spsc_unaligned_65536_same-core_paced_itch,0,book,76.6666,78.3333,1912
1,spsc_unaligned_65536_same-core_paced_itch,0,book,78.3333,80,1767
1,spsc_unaligned_65536_same-core_paced_itch,0,book,80,81.6666,1707
1,spsc_unaligned_65536_same-core_paced_itch,0,book,81.6666,83.3333,1658
1,spsc_unaligned_65536_same-core_paced_itch,0,book,83.3333,85,1524
1,spsc_unaligned_65536_same-core_paced_itch,0,book,85,86.6666,1513
1,spsc_unaligned_65536_same-core_paced_itch,0,book,86.6666,88.3333,1415
1,spsc_unaligned_65536_same-core_paced_itch,0,book,88.3333,90,1398
1,spsc_unaligned_65536_same-core_paced_itch,0,book,90,91.6666,1375
1,spsc_unaligned_65536_same-core_paced_itch,0,book,91.6666,93.3333,1332
1,spsc_unaligned_65536_same-core_paced_itch,0,book,93.3333,94.9999,1292
1,spsc_unaligned_65536_same-core_paced_itch,0,book,94.9999,96.6666,1224
1,spsc_unaligned_65536_same-core_paced_itch,0,book,96.6666,98.3333,1172
1,spsc_unaligned_65536_same-core_paced_itch,0,book,98.3333,99.9999,1169
1,spsc_unaligned_65536_same-core_paced_itch,0,book,99.9999,101.667,1102
1,spsc_unaligned_65536_same-core_paced_itch,0,book,101.667,103.333,1123
1,spsc_unaligned_65536_same-core_paced_itch,0,book,103.333,105,1007
1,spsc_unaligned_65536_same-core_paced_itch,0,book,105,106.667,1084
1,spsc_unaligned_65536_same-core_paced_itch,0,book,106.667,110,1858
1,spsc_unaligned_65536_same-core_paced_itch,0,book,110,113.333,1851
1,spsc_unaligned_65536_same-core_paced_itch,0,book,113.333,116.667,2473
1,spsc_unaligned_65536_same-core_paced_itch,0,book,116.667,120,3643
1,spsc_unaligned_65536_same-core_paced_itch,0,book,120,123.333,4941
1,spsc_unaligned_65536_same-core_paced_itch,0,book,123.333,126.667,5494
1,spsc_unaligned_65536_same-core_paced_itch,0,book,126.667,130,6060
1,spsc_unaligned_65536_same-core_paced_itch,0,book,130,133.333,7194
1,spsc_unaligned_65536_same-core_paced_itch,0,book,133.333,136.667,8055
1,spsc_unaligned_65536_same-core_paced_itch,0,book,136.667,140,8647
1,spsc_unaligned_65536_same-core_paced_itch,0,book,140,143.333,8213
1,spsc_unaligned_65536_same-core_paced_itch,0,book,143.333,146.667,7349
1,spsc_unaligned_65536_same-core_paced_itch,0,book,146.667,150,7465
1,spsc_unaligned_65536_same-core_paced_itch,0,book,150,153.333,7232
1,spsc_unaligned_65536_same-core_paced_itch,0,book,153.333,156.667,6035
1,spsc_unaligned_65536_same-core_paced_itch,0,book,156.667,160,5008
1,spsc_unaligned_65536_same-core_paced_itch,0,book,160,163.333,3943
1,spsc_unaligned_65536_same-core_paced_itch,0,book,163.333,166.667,3028
1,spsc_unaligned_65536_same-core_paced_itch,0,book,166.667,170,2626
1,spsc_unaligned_65536_same-core_paced_itch,0,book,170,173.333,2477
1,spsc_unaligned_65536_same-core_paced_itch,0,book,173.333,176.667,2352
1,spsc_unaligned_65536_same-core_paced_itch,0,book,176.667,180,1949
1,spsc_unaligned_65536_same-core_paced_itch,0,book,180,183.333,2005
1,spsc_unaligned_65536_same-core_paced_itch,0,book,183.333,186.667,1958
1,spsc_unaligned_65536_same-core_paced_itch,0,book,186.667,190,1757
1,spsc_unaligned_65536_same-core_paced_itch,0,book,190,193.333,1671
1,spsc_unaligned_65536_same-core_paced_itch,0,book,193.333,196.667,1579
1,spsc_unaligned_65536_same-core_paced_itch,0,book,196.667,200,1447
1,spsc_unaligned_65536_same-core_paced_itch,0,book,200,203.333,1474
1,spsc_unaligned_65536_same-core_paced_itch,0,book,203.333,206.667,1371
1,spsc_unaligned_65536_same-core_paced_itch,0,book,206.667,210,1289
1,spsc_unaligned_65536_same-core_paced_itch,0,book,210,213.333,1280
1,spsc_unaligned_65536_same-core_paced_itch,0,book,213.333,220,2564
1,spsc_unaligned_65536_same-core_paced_itch,0,book,220,226.667,2407
1,spsc_unaligned_65536_same-core_paced_itch,0,book,226.667,233.333,2159
1,spsc_unaligned_65536_same-core_paced_itch,0,book,233.333,240,2067
1,spsc_unaligned_65536_same-core_paced_itch,0,book,240,246.667,1840
1,spsc_unaligned_65536_same-core_paced_itch,0,book,246.667,253.333,1701
1,spsc_unaligned_65536_same-core_paced_itch,0,book,253.333,260,1605
1,spsc_unaligned_65536_same-core_paced_itch,0,book,260,266.667,1461
1,spsc_unaligned_65536_same-core_paced_itch,0,book,266.667,273.333,1442
1,spsc_unaligned_65536_same-core_paced_itch,0,book,273.333,280,1223
1,spsc_unaligned_65536_same-core_paced_itch,0,book,280,286.667,1214
1,spsc_unaligned_65536_same-core_paced_itch,0,book,286.667,293.333,1090
1,spsc_unaligned_65536_same-core_paced_itch,0,book,293.333,300,1052
1,spsc_unaligned_65536_same-core_paced_itch,0,book,300,306.667,1013
1,spsc_unaligned_65536_same-core_paced_itch,0,book,306.667,313.333,970
1,spsc_unaligned_65536_same-core_paced_itch,0,book,313.333,320,849
1,spsc_unaligned_65536_same-core_paced_itch,0,book,320,326.666,866
1,spsc_unaligned_65536_same-core_paced_itch,0,book,326.666,333.333,859
1,spsc_unaligned_65536_same-core_paced_itch,0,book,333.333,340,727
1,spsc_unaligned_65536_same-core_paced_itch,0,book,340,346.666,703
1,spsc_unaligned_65536_same-core_paced_itch,0,book,346.666,353.333,669
1,spsc_unaligned_65536_same-core_paced_itch,0,book,353.333,360,601
1,spsc_unaligned_65536_same-core_paced_itch,0,book,360,366.666,563
1,spsc_unaligned_65536_same-core_paced_itch,0,book,366.666,373.333,580
1,spsc_unaligned_65536_same-core_paced_itch,0,book,373.333,380,520
1,spsc_unaligned_65536_same-core_paced_itch,0,book,380,386.666,471
1,spsc_unaligned_65536_same-core_paced_itch,0,book,386.666,393.333,418
1,spsc_unaligned_65536_same-core_paced_itch,0,book,393.333,400,371
1,spsc_unaligned_65536_same-core_paced_itch,0,book,400,406.666,321
1,spsc_unaligned_65536_same-core_paced_itch,0,book,406.666,413.333,315
1,spsc_unaligned_65536_same-core_paced_itch,0,book,413.333,420,313
1,spsc_unaligned_65536_same-core_paced_itch,0,book,420,426.666,290
1,spsc_unaligned_65536_same-core_paced_itch,0,book,426.666,440,424
1,spsc_unaligned_65536_same-core_paced_itch,0,book,440,453.333,284
1,spsc_unaligned_65536_same-core_paced_itch,0,book,453.333,466.666,246
1,spsc_unaligned_65536_same-core_paced_itch,0,book,466.666,480,188
1,spsc_unaligned_65536_same-core_paced_itch,0,book,480,493.333,188
1,spsc_unaligned_65536_same-core_paced_itch,0,book,493.333,506.666,154
1,spsc_unaligned_65536_same-core_paced_itch,0,book,506.666,520,117
1,spsc_unaligned_65536_same-core_paced_itch,0,book,520,533.333,101
1,spsc_unaligned_65536_same-core_paced_itch,0,book,533.333,546.666,81
1,spsc_unaligned_65536_same-core_paced_itch,0,book,546.666,560,73
1,spsc_unaligned_65536_same-core_paced_itch,0,book,560,573.333,63
1,spsc_unaligned_65536_same-core_paced_itch,0,book,573.333,586.666,38
1,spsc_unaligned_65536_same-core_paced_itch,0,book,586.666,600,32
1,spsc_unaligned_65536_same-core_paced_itch,0,book,600,613.333,36
1,spsc_unaligned_65536_same-core_paced_itch,0,book,613.333,626.666,35
1,spsc_unaligned_65536_same-core_paced_itch,0,book,626.666,640,18
1,spsc_unaligned_65536_same-core_paced_itch,0,book,640,653.333,17
1,spsc_unaligned_65536_same-core_paced_itch,0,book,653.333,666.666,23
1,spsc_unaligned_65536_same-core_paced_itch,0,book,666.666,680,14
1,spsc_unaligned_65536_same-core_paced_itch,0,book,680,693.333,8
1,spsc_unaligned_65536_same-core_paced_itch,0,book,693.333,706.666,8
1,spsc_unaligned_65536_same-core_paced_itch,0,book,706.666,720,14
1,spsc_unaligned_65536_same-core_paced_itch,0,book,720,733.333,10
1,spsc_unaligned_65536_same-core_paced_itch,0,book,733.333,746.666,24
1,spsc_unaligned_65536_same-core_paced_itch,0,book,746.666,760,13
1,spsc_unaligned_65536_same-core_paced_itch,0,book,760,773.333,20
1,spsc_unaligned_65536_same-core_paced_itch,0,book,773.333,786.666,14
1,spsc_unaligned_65536_same-core_paced_itch,0,book,786.666,800,25
1,spsc_unaligned_65536_same-core_paced_itch,0,book,800,813.333,23
1,spsc_unaligned_65536_same-core_paced_itch,0,book,813.333,826.666,23
1,spsc_unaligned_65536_same-core_paced_itch,0,book,826.666,840,28
1,spsc_unaligned_65536_same-core_paced_itch,0,book,840,853.333,33
1,spsc_unaligned_65536_same-core_paced_itch,0,book,853.333,880,63
1,spsc_unaligned_65536_same-core_paced_itch,0,book,880,906.666,64
1,spsc_unaligned_65536_same-core_paced_itch,0,book,906.666,933.333,50
1,spsc_unaligned_65536_same-core_paced_itch,0,book,933.333,959.999,47
1,spsc_unaligned_65536_same-core_paced_itch,0,book,959.999,986.666,37
1,spsc_unaligned_65536_same-core_paced_itch,0,book,986.666,1013.33,25
1,spsc_unaligned_65536_same-core_paced_itch,0,book,1013.33,1040,37
1,spsc_unaligned_65536_same-core_paced_itch,0,book,1040,1066.67,20
1,spsc_unaligned_65536_same-core_paced_itch,0,book,1066.67,1093.33,24
1,spsc_unaligned_65536_same-core_paced_itch,0,book,1093.33,1120,15
1,spsc_unaligned_65536_same-core_paced_itch,0,book,1120,1146.67,12
1,spsc_unaligned_65536_same-core_paced_itch,0,book,1146.67,1173.33,10
1,spsc_unaligned_65536_same-core_paced_itch,0,book,1173.33,1200,7
1,spsc_unaligned_65536_same-core_paced_itch,0,book,1200,1226.67,7
1,spsc_unaligned_65536_same-core_paced_itch,0,book,1226.67,1253.33,7
1,spsc_unaligned_65536_same-core_paced_itch,0,book,1253.33,1280,1
1,spsc_unaligned_65536_same-core_paced_itch,0,book,1280,1306.67,3
1,spsc_unaligned_65536_same-core_paced_itch,0,book,1306.67,1333.33,2
1,spsc_unaligned_65536_same-core_paced_itch,0,book,1333.33,1360,4
1,spsc_unaligned_65536_same-core_paced_itch,0,book,1360,1386.67,3
1,spsc_unaligned_65536_same-core_paced_itch,0,book,1386.67,1413.33,2
1,spsc_unaligned_65536_same-core_paced_itch,0,book,1413.33,1440,4
1,spsc_unaligned_65536_same-core_paced_itch,0,book,1440,1466.67,5
1,spsc_unaligned_65536_same-core_paced_itch,0,book,1466.67,1493.33,3
1,spsc_unaligned_65536_same-core_paced_itch,0,book,1493.33,1520,3
1,spsc_unaligned_65536_same-core_paced_itch,0,book,1520,1546.67,5
1,spsc_unaligned_65536_same-core_paced_itch,0,book,1546.67,1573.33,4
1,spsc_unaligned_65536_same-core_paced_itch,0,book,1573.33,1600,1
1,spsc_unaligned_65536_same-core_paced_itch,0,book,1600,1626.67,1
1,spsc_unaligned_65536_same-core_paced_itch,0,book,1626.67,1653.33,2
1,spsc_unaligned_65536_same-core_paced_itch,0,book,1653.33,1680,5
1,spsc_unaligned_65536_same-core_paced_itch,0,book,1680,1706.67,2
1,spsc_unaligned_65536_same-core_paced_itch,0,book,1706.67,1760,10
1,spsc_unaligned_65536_same-core_paced_itch,0,book,1760,1813.33,8
1,spsc_unaligned_65536_same-core_paced_itch,0,book,1813.33,1866.67,4
1,spsc_unaligned_65536_same-core_paced_itch,0,book,1866.67,1920,3
1,spsc_unaligned_65536_same-core_paced_itch,0,book,1920,1973.33,4
1,spsc_unaligned_65536_same-core_paced_itch,0,book,2026.67,2080,1
1,spsc_unaligned_65536_same-core_paced_itch,0,book,2080,2133.33,3
1,spsc_unaligned_65536_same-core_paced_itch,0,book,2133.33,2186.67,1
1,spsc_unaligned_65536_same-core_paced_itch,0,book,2186.67,2240,4
1,spsc_unaligned_65536_same-core_paced_itch,0,book,2240,2293.33,13
1,spsc_unaligned_65536_same-core_paced_itch,0,book,2293.33,2346.67,14
1,spsc_unaligned_65536_same-core_paced_itch,0,book,2346.67,2400,20
1,spsc_unaligned_65536_same-core_paced_itch,0,book,2400,2453.33,18
1,spsc_unaligned_65536_same-core_paced_itch,0,book,2453.33,2506.67,24
1,spsc_unaligned_65536_same-core_paced_itch,0,book,2506.67,2560,14
1,spsc_unaligned_65536_same-core_paced_itch,0,book,2560,2613.33,17
1,spsc_unaligned_65536_same-core_paced_itch,0,book,2613.33,2666.67,14
1,spsc_unaligned_65536_same-core_paced_itch,0,book,2666.67,2720,5
1,spsc_unaligned_65536_same-core_paced_itch,0,book,2720,2773.33,3
1,spsc_unaligned_65536_same-core_paced_itch,0,book,2773.33,2826.67,3
1,spsc_unaligned_65536_same-core_paced_itch,0,book,2826.67,2880,3
1,spsc_unaligned_65536_same-core_paced_itch,0,book,2880,2933.33,1
1,spsc_unaligned_65536_same-core_paced_itch,0,book,2986.67,3040,3
1,spsc_unaligned_65536_same-core_paced_itch,0,book,3253.33,3306.66,1
1,spsc_unaligned_65536_same-core_paced_itch,0,book,3360,3413.33,1
1,spsc_unaligned_65536_same-core_paced_itch,0,book,3733.33,3840,1
1,spsc_unaligned_65536_same-core_paced_itch,0,book,3840,3946.66,2
1,spsc_unaligned_65536_same-core_paced_itch,0,book,3946.66,4053.33,1
1,spsc_unaligned_65536_same-core_paced_itch,0,book,4053.33,4160,2
1,spsc_unaligned_65536_same-core_paced_itch,0,book,4160,4266.66,4
1,spsc_unaligned_65536_same-core_paced_itch,0,book,4373.33,4480,2
1,spsc_unaligned_65536_same-core_paced_itch,0,book,4480,4586.66,1
1,spsc_unaligned_65536_same-core_paced_itch,0,book,5653.33,5760,1
1,spsc_unaligned_65536_same-core_paced_itch,0,book,5760,5866.66,2
1,spsc_unaligned_65536_same-core_paced_itch,0,book,5866.66,5973.33,2
1,spsc_unaligned_65536_same-core_paced_itch,0,book,5973.33,6080,1
1,spsc_unaligned_65536_same-core_paced_itch,0,book,6186.66,6293.33,1
1,spsc_unaligned_65536_same-core_paced_itch,0,book,6400,6506.66,1
1,spsc_unaligned_65536_same-core_paced_itch,0,book,6506.66,6613.33,1
1,spsc_unaligned_65536_same-core_paced_itch,0,book,7680,7893.33,1
1,spsc_unaligned_65536_same-core_paced_itch,0,book,7893.33,8106.66,1
1,spsc_unaligned_65536_same-core_paced_itch,0,book,8106.66,8320,1
1,spsc_unaligned_65536_same-core_paced_itch,0,book,8746.66,8960,1
2,spsc_unaligned_65536_same-core_paced_itch,0,total,58.3333,60,9
2,spsc_unaligned_65536_same-core_paced_itch,0,total,60,61.6666,14
2,spsc_unaligned_65536_same-core_paced_itch,0,total,61.6666,63.3333,39
2,spsc_unaligned_65536_same-core_paced_itch,0,total,63.3333,65,30
2,spsc_unaligned_65536_same-core_paced_itch,0,total,65,66.6666,56
2,spsc_unaligned_65536_same-core_paced_itch,0,total,66.6666,68.3333,64
2,spsc_unaligned_65536_same-core_paced_itch,0,total,68.3333,70,111
2,spsc_unaligned_65536_same-core_paced_itch,0,total,70,71.6666,126
2,spsc_unaligned_65536_same-core_paced_itch,0,total,71.6666,73.3333,160
2,spsc_unaligned_65536_same-core_paced_itch,0,total,73.3333,75,190
2,spsc_unaligned_65536_same-core_paced_itch,0,total,75,76.6666,234
2,spsc_unaligned_65536_same-core_paced_itch,0,total,76.6666,78.3333,240
2,spsc_unaligned_65536_same-core_paced_itch,0,total,78.3333,80,281
2,spsc_unaligned_65536_same-core_paced_itch,0,total,80,81.6666,325
2,spsc_unaligned_65536_same-core_paced_itch,0,total,81.6666,83.3333,356
2,spsc_unaligned_65536_same-core_paced_itch,0,total,83.3333,85,411
2,spsc_unaligned_65536_same-core_paced_itch,0,total,85,86.6666,469
2,spsc_unaligned_65536_same-core_paced_itch,0,total,86.6666,88.3333,500
2,spsc_unaligned_65536_same-core_paced_itch,0,total,88.3333,90,501
2,spsc_unaligned_65536_same-core_paced_itch,0,total,90,91.6666,546
2,spsc_unaligned_65536_same-core_paced_itch,0,total,91.6666,93.3333,644
2,spsc_unaligned_65536_same-core_paced_itch,0,total,93.3333,94.9999,653
2,spsc_unaligned_65536_same-core_paced_itch,0,total,94.9999,96.6666,756
2,spsc_unaligned_65536_same-core_paced_itch,0,total,96.6666,98.3333,775
2,spsc_unaligned_65536_same-core_paced_itch,0,total,98.3333,99.9999,852
2,spsc_unaligned_65536_same-core_paced_itch,0,total,99.9999,101.667,887
2,spsc_unaligned_65536_same-core_paced_itch,0,total,101.667,103.333,911
2,spsc_unaligned_65536_same-core_paced_itch,0,total,103.333,105,1003
2,spsc_unaligned_65536_same-core_paced_itch,0,total,105,106.667,1078
2,spsc_unaligned_65536_same-core_paced_itch,0,total,106.667,110,2315
2,spsc_unaligned_65536_same-core_paced_itch,0,total,110,113.333,2583
2,spsc_unaligned_65536_same-core_paced_itch,0,total,113.333,116.667,2696
2,spsc_unaligned_65536_same-core_paced_itch,0,total,116.667,120,2823
2,spsc_unaligned_65536_same-core_paced_itch,0,total,120,123.333,2982
2,spsc_unaligned_65536_same-core_paced_itch,0,total,123.333,126.667,3097
2,spsc_unaligned_65536_same-core_paced_itch,0,total,126.667,130,3108
2,spsc_unaligned_65536_same-core_paced_itch,0,total,130,133.333,2974
2,spsc_unaligned_65536_same-core_paced_itch,0,total,133.333,136.667,2813
2,spsc_unaligned_65536_same-core_paced_itch,0,total,136.667,140,2818
2,spsc_unaligned_65536_same-core_paced_itch,0,total,140,143.333,2670
2,spsc_unaligned_65536_same-core_paced_itch,0,total,143.333,146.667,2611
2,spsc_unaligned_65536_same-core_paced_itch,0,total,146.667,150,2436
2,spsc_unaligned_65536_same-core_paced_itch,0,total,150,153.333,2325
2,spsc_unaligned_65536_same-core_paced_itch,0,total,153.333,156.667,2262
2,spsc_unaligned_65536_same-core_paced_itch,0,total,156.667,160,2106
2,spsc_unaligned_65536_same-core_paced_itch,0,total,160,163.333,1993
2,spsc_unaligned_65536_same-core_paced_itch,0,total,163.333,166.667,2101
2,spsc_unaligned_65536_same-core_paced_itch,0,total,166.667,170,1921
2,spsc_unaligned_65536_same-core_paced_itch,0,total,170,173.333,1907
2,spsc_unaligned_65536_same-core_paced_itch,0,total,173.333,176.667,2078
2,spsc_unaligned_65536_same-core_paced_itch,0,total,176.667,180,2118
2,spsc_unaligned_65536_same-core_paced_itch,0,total,180,183.333,2266
2,spsc_unaligned_65536_same-core_paced_itch,0,total,183.333,186.667,2704
2,spsc_unaligned_65536_same-core_paced_itch,0,total,186.667,190,2861
2,spsc_unaligned_65536_same-core_paced_itch,0,total,190,193.333,3232
2,spsc_unaligned_65536_same-core_paced_itch,0,total,193.333,196.667,3472
2,spsc_unaligned_65536_same-core_paced_itch,0,total,196.667,200,3729
2,spsc_unaligned_65536_same-core_paced_itch,0,total,200,203.333,3948
2,spsc_unaligned_65536_same-core_paced_itch,0,total,203.333,206.667,4112
2,spsc_unaligned_65536_same-core_paced_itch,0,total,206.667,210,4120
2,spsc_unaligned_65536_same-core_paced_itch,0,total,210,213.333,4100
2,spsc_unaligned_65536_same-core_paced_itch,0,total,213.333,220,7714
2,spsc_unaligned_65536_same-core_paced_itch,0,total,220,226.667,6814
2,spsc_unaligned_65536_same-core_paced_itch,0,total,226.667,233.333,5845
2,spsc_unaligned_65536_same-core_paced_itch,0,total,233.333,240,4864
2,spsc_unaligned_65536_same-core_paced_itch,0,total,240,246.667,4071
2,spsc_unaligned_65536_same-core_paced_itch,0,total,246.667,253.333,3504
2,spsc_unaligned_65536_same-core_paced_itch,0,total,253.333,260,3051
2,spsc_unaligned_65536_same-core_paced_itch,0,total,260,266.667,2886
2,spsc_unaligned_65536_same-core_paced_itch,0,total,266.667,273.333,2559
2,spsc_unaligned_65536_same-core_paced_itch,0,total,273.333,280,2360
2,spsc_unaligned_65536_same-core_paced_itch,0,total,280,286.667,2326
2,spsc_unaligned_65536_same-core_paced_itch,0,total,286.667,293.333,2131
2,spsc_unaligned_65536_same-core_paced_itch,0,total,293.333,300,2145
2,spsc_unaligned_65536_same-core_paced_itch,0,total,300,306.667,1924
2,spsc_unaligned_65536_same-core_paced_itch,0,total,306.667,313.333,1909
2,spsc_unaligned_65536_same-core_paced_itch,0,total,313.333,320,1764
2,spsc_unaligned_65536_same-core_paced_itch,0,total,320,326.666,1645
2,spsc_unaligned_65536_same-core_paced_itch,0,total,326.666,333.333,1495
2,spsc_unaligned_65536_same-core_paced_itch,0,total,333.333,340,1416
2,spsc_unaligned_65536_same-core_paced_itch,0,total,340,346.666,1308
2,spsc_unaligned_65536_same-core_paced_itch,0,total,346.666,353.333,1246
2,spsc_unaligned_65536_same-core_paced_itch,0,total,353.333,360,1217
2,spsc_unaligned_65536_same-core_paced_itch,0,total,360,366.666,1145
2,spsc_unaligned_65536_same-core_paced_itch,0,total,366.666,373.333,1121
2,spsc_unaligned_65536_same-core_paced_itch,0,total,373.333,380,1060
2,spsc_unaligned_65536_same-core_paced_itch,0,total,380,386.666,1006
2,spsc_unaligned_65536_same-core_paced_itch,0,total,386.666,393.333,922
2,spsc_unaligned_65536_same-core_paced_itch,0,total,393.333,400,927
2,spsc_unaligned_65536_same-core_paced_itch,0,total,400,406.666,850
2,spsc_unaligned_65536_same-core_paced_itch,0,total,406.666,413.333,842
2,spsc_unaligned_65536_same-core_paced_itch,0,total,413.333,420,789
2,spsc_unaligned_65536_same-core_paced_itch,0,total,420,426.666,778
2,spsc_unaligned_65536_same-core_paced_itch,0,total,426.666,440,1432
2,spsc_unaligned_65536_same-core_paced_itch,0,total,440,453.333,1230
2,spsc_unaligned_65536_same-core_paced_itch,0,total,453.333,466.666,1171
2,spsc_unaligned_65536_same-core_paced_itch,0,total,466.666,480,1043
2,spsc_unaligned_65536_same-core_paced_itch,0,total,480,493.333,1042
2,spsc_unaligned_65536_same-core_paced_itch,0,total,493.333,506.666,897
2,spsc_unaligned_65536_same-core_paced_itch,0,total,506.666,520,849
2,spsc_unaligned_65536_same-core_paced_itch,0,total,520,533.333,745
2,spsc_unaligned_65536_same-core_paced_itch,0,total,533.333,546.666,679
2,spsc_unaligned_65536_same-core_paced_itch,0,total,546.666,560,621
2,spsc_unaligned_65536_same-core_paced_itch,0,total,560,573.333,628
2,spsc_unaligned_65536_same-core_paced_itch,0,total,573.333,586.666,588
2,spsc_unaligned_65536_same-core_paced_itch,0,total,586.666,600,547
2,spsc_unaligned_65536_same-core_paced_itch,0,total,600,613.333,479
2,spsc_unaligned_65536_same-core_paced_itch,0,total,613.333,626.666,482
2,spsc_unaligned_65536_same-core_paced_itch,0,total,626.666,640,441
2,spsc_unaligned_65536_same-core_paced_itch,0,total,640,653.333,476
2,spsc_unaligned_65536_same-core_paced_itch,0,total,653.333,666.666,498
2,spsc_unaligned_65536_same-core_paced_itch,0,total,666.666,680,416
2,spsc_unaligned_65536_same-core_paced_itch,0,total,680,693.333,389
2,spsc_unaligned_65536_same-core_paced_itch,0,total,693.333,706.666,392
2,spsc_unaligned_65536_same-core_paced_itch,0,total,706.666,720,402
2,spsc_unaligned_65536_same-core_paced_itch,0,total,720,733.333,396
2,spsc_unaligned_65536_same-core_paced_itch,0,total,733.333,746.666,380
2,spsc_unaligned_65536_same-core_paced_itch,0,total,746.666,760,392
2,spsc_unaligned_65536_same-core_paced_itch,0,total,760,773.333,345
2,spsc_unaligned_65536_same-core_paced_itch,0,total,773.333,786.666,360
2,spsc_unaligned_65536_same-core_paced_itch,0,total,786.666,800,356
2,spsc_unaligned_65536_same-core_paced_itch,0,total,800,813.333,383
2,spsc_unaligned_65536_same-core_paced_itch,0,total,813.333,826.666,364
2,spsc_unaligned_65536_same-core_paced_itch,0,total,826.666,840,365
2,spsc_unaligned_65536_same-core_paced_itch,0,total,840,853.333,370
2,spsc_unaligned_65536_same-core_paced_itch,0,total,853.333,880,673
2,spsc_unaligned_65536_same-core_paced_itch,0,total,880,906.666,700
2,spsc_unaligned_65536_same-core_paced_itch,0,total,906.666,933.333,686
2,spsc_unaligned_65536_same-core_paced_itch,0,total,933.333,959.999,670
2,spsc_unaligned_65536_same-core_paced_itch,0,total,959.999,986.666,675
2,spsc_unaligned_65536_same-core_paced_itch,0,total,986.666,1013.33,717
2,spsc_unaligned_65536_same-core_paced_itch,0,total,1013.33,1040,641
2,spsc_unaligned_65536_same-core_paced_itch,0,total,1040,1066.67,669
2,spsc_unaligned_65536_same-core_paced_itch,0,total,1066.67,1093.33,614
2,spsc_unaligned_65536_same-core_paced_itch,0,total,1093.33,1120,634
2,spsc_unaligned_65536_same-core_paced_itch,0,total,1120,1146.67,644
2,spsc_unaligned_65536_same-core_paced_itch,0,total,1146.67,1173.33,552
2,spsc_unaligned_65536_same-core_paced_itch,0,total,1173.33,1200,571
2,spsc_unaligned_65536_same-core_paced_itch,0,total,1200,1226.67,553
2,spsc_unaligned_65536_same-core_paced_itch,0,total,1226.67,1253.33,583
2,spsc_unaligned_65536_same-core_paced_itch,0,total,1253.33,1280,547
2,spsc_unaligned_65536_same-core_paced_itch,0,total,1280,1306.67,525
2,spsc_unaligned_65536_same-core_paced_itch,0,total,1306.67,1333.33,558
2,spsc_unaligned_65536_same-core_paced_itch,0,total,1333.33,1360,545
2,spsc_unaligned_65536_same-core_paced_itch,0,total,1360,1386.67,533
2,spsc_unaligned_65536_same-core_paced_itch,0,total,1386.67,1413.33,526
2,spsc_unaligned_65536_same-core_paced_itch,0,total,1413.33,1440,540
2,spsc_unaligned_65536_same-core_paced_itch,0,total,1440,1466.67,496
2,spsc_unaligned_65536_same-core_paced_itch,0,total,1466.67,1493.33,552
2,spsc_unaligned_65536_same-core_paced_itch,0,total,1493.33,1520,485
2,spsc_unaligned_65536_same-core_paced_itch,0,total,1520,1546.67,475
2,spsc_unaligned_65536_same-core_paced_itch,0,total,1546.67,1573.33,486
2,spsc_unaligned_65536_same-core_paced_itch,0,total,1573.33,1600,526
2,spsc_unaligned_65536_same-core_paced_itch,0,total,1600,1626.67,506
2,spsc_unaligned_65536_same-core_paced_itch,0,total,1626.67,1653.33,445
2,spsc_unaligned_65536_same-core_paced_itch,0,total,1653.33,1680,469
2,spsc_unaligned_65536_same-core_paced_itch,0,total,1680,1706.67,464
2,spsc_unaligned_65536_same-core_paced_itch,0,total,1706.67,1760,901
2,spsc_unaligned_65536_same-core_paced_itch,0,total,1760,1813.33,893
2,spsc_unaligned_65536_same-core_paced_itch,0,total,1813.33,1866.67,831
2,spsc_unaligned_65536_same-core_paced_itch,0,total,1866.67,1920,859
2,spsc_unaligned_65536_same-core_paced_itch,0,total,1920,1973.33,789
2,spsc_unaligned_65536_same-core_paced_itch,0,total,1973.33,2026.67,906
2,spsc_unaligned_65536_same-core_paced_itch,0,total,2026.67,2080,808
2,spsc_unaligned_65536_same-core_paced_itch,0,total,2080,2133.33,851
2,spsc_unaligned_65536_same-core_paced_itch,0,total,2133.33,2186.67,807
2,spsc_unaligned_65536_same-core_paced_itch,0,total,2186.67,2240,740
2,spsc_unaligned_65536_same-core_paced_itch,0,total,2240,2293.33,759
2,spsc_unaligned_65536_same-core_paced_itch,0,total,2293.33,2346.67,742
2,spsc_unaligned_65536_same-core_paced_itch,0,total,2346.67,2400,729
2,spsc_unaligned_65536_same-core_paced_itch,0,total,2400,2453.33,697
2,spsc_unaligned_65536_same-core_paced_itch,0,total,2453.33,2506.67,680
2,spsc_unaligned_65536_same-core_paced_itch,0,total,2506.67,2560,695
2,spsc_unaligned_65536_same-core_paced_itch,0,total,2560,2613.33,638
2,spsc_unaligned_65536_same-core_paced_itch,0,total,2613.33,2666.67,613
2,spsc_unaligned_65536_same-core_paced_itch,0,total,2666.67,2720,621
2,spsc_unaligned_65536_same-core_paced_itch,0,total,2720,2773.33,620
2,spsc_unaligned_65536_same-core_paced_itch,0,total,2773.33,2826.67,584
2,spsc_unaligned_65536_same-core_paced_itch,0,total,2826.67,2880,596
2,spsc_unaligned_65536_same-core_paced_itch,0,total,2880,2933.33,544
2,spsc_unaligned_65536_same-core_paced_itch,0,total,2933.33,2986.67,561
2,spsc_unaligned_65536_same-core_paced_itch,0,total,2986.67,3040,547
2,spsc_unaligned_65536_same-core_paced_itch,0,total,3040,3093.33,527
2,spsc_unaligned_65536_same-core_paced_itch,0,total,3093.33,3146.66,488
2,spsc_unaligned_65536_same-core_paced_itch,0,total,3146.66,3200,500
2,spsc_unaligned_65536_same-core_paced_itch,0,total,3200,3253.33,494
2,spsc_unaligned_65536_same-core_paced_itch,0,total,3253.33,3306.66,491
2,spsc_unaligned_65536_same-core_paced_itch,0,total,3306.66,3360,475
2,spsc_unaligned_65536_same-core_paced_itch,0,total,3360,3413.33,477
2,spsc_unaligned_65536_same-core_paced_itch,0,total,3413.33,3520,878
2,spsc_unaligned_65536_same-core_paced_itch,0,total,3520,3626.66,848
2,spsc_unaligned_65536_same-core_paced_itch,0,total,3626.66,3733.33,831
2,spsc_unaligned_65536_same-core_paced_itch,0,total,3733.33,3840,780
2,spsc_unaligned_65536_same-core_paced_itch,0,total,3840,3946.66,796
2,spsc_unaligned_65536_same-core_paced_itch,0,total,3946.66,4053.33,690
2,spsc_unaligned_65536_same-core_paced_itch,0,total,4053.33,4160,724
2,spsc_unaligned_65536_same-core_paced_itch,0,total,4160,4266.66,615
2,spsc_unaligned_65536_same-core_paced_itch,0,total,4266.66,4373.33,656
2,spsc_unaligned_65536_same-core_paced_itch,0,total,4373.33,4480,559
2,spsc_unaligned_65536_same-core_paced_itch,0,total,4480,4586.66,608
2,spsc_unaligned_65536_same-core_paced_itch,0,total,4586.66,4693.33,578
2,spsc_unaligned_65536_same-core_paced_itch,0,total,4693.33,4800,502
2,spsc_unaligned_65536_same-core_paced_itch,0,total,4800,4906.66,512
2,spsc_unaligned_65536_same-core_paced_itch,0,total,4906.66,5013.33,514
2,spsc_unaligned_65536_same-core_paced_itch,0,total,5013.33,5120,495
2,spsc_unaligned_65536_same-core_paced_itch,0,total,5120,5226.66,511
2,spsc_unaligned_65536_same-core_paced_itch,0,total,5226.66,5333.33,489
2,spsc_unaligned_65536_same-core_paced_itch,0,total,5333.33,5440,421
2,spsc_unaligned_65536_same-core_paced_itch,0,total,5440,5546.66,427
2,spsc_unaligned_65536_same-core_paced_itch,0,total,5546.66,5653.33,382
2,spsc_unaligned_65536_same-core_paced_itch,0,total,5653.33,5760,429
2,spsc_unaligned_65536_same-core_paced_itch,0,total,5760,5866.66,408
2,spsc_unaligned_65536_same-core_paced_itch,0,total,5866.66,5973.33,314
2,spsc_unaligned_65536_same-core_paced_itch,0,total,5973.33,6080,357
2,spsc_unaligned_65536_same-core_paced_itch,0,total,6080,6186.66,334
2,spsc_unaligned_65536_same-core_paced_itch,0,total,6186.66,6293.33,337
2,spsc_unaligned_65536_same-core_paced_itch,0,total,6293.33,6400,307
2,spsc_unaligned_65536_same-core_paced_itch,0,total,6400,6506.66,320
2,spsc_unaligned_65536_same-core_paced_itch,0,total,6506.66,6613.33,311
2,spsc_unaligned_65536_same-core_paced_itch,0,total,6613.33,6720,296
2,spsc_unaligned_65536_same-core_paced_itch,0,total,6720,6826.66,302
2,spsc_unaligned_65536_same-core_paced_itch,0,total,6826.66,7040,469
2,spsc_unaligned_65536_same-core_paced_itch,0,total,7040,7253.33,519
2,spsc_unaligned_65536_same-core_paced_itch,0,total,7253.33,7466.66,440
2,spsc_unaligned_65536_same-core_paced_itch,0,total,7466.66,7680,456
2,spsc_unaligned_65536_same-core_paced_itch,0,total,7680,7893.33,418
2,spsc_unaligned_65536_same-core_paced_itch,0,total,7893.33,8106.66,416
2,spsc_unaligned_65536_same-core_paced_itch,0,total,8106.66,8320,397
2,spsc_unaligned_65536_same-core_paced_itch,0,total,8320,8533.33,336
2,spsc_unaligned_65536_same-core_paced_itch,0,total,8533.33,8746.66,374
2,spsc_unaligned_65536_same-core_paced_itch,0,total,8746.66,8960,302
2,spsc_unaligned_65536_same-core_paced_itch,0,total,8960,9173.33,316
2,spsc_unaligned_65536_same-core_paced_itch,0,total,9173.33,9386.66,302
2,spsc_unaligned_65536_same-core_paced_itch,0,total,9386.66,9599.99,320
2,spsc_unaligned_65536_same-core_paced_itch,0,total,9599.99,9813.33,281
2,spsc_unaligned_65536_same-core_paced_itch,0,total,9813.33,10026.7,273
2,spsc_unaligned_65536_same-core_paced_itch,0,total,10026.7,10240,248
2,spsc_unaligned_65536_same-core_paced_itch,0,total,10240,10453.3,224
2,spsc_unaligned_65536_same-core_paced_itch,0,total,10453.3,10666.7,221
2,spsc_unaligned_65536_same-core_paced_itch,0,total,10666.7,10880,223
2,spsc_unaligned_65536_same-core_paced_itch,0,total,10880,11093.3,199
2,spsc_unaligned_65536_same-core_paced_itch,0,total,11093.3,11306.7,198
2,spsc_unaligned_65536_same-core_paced_itch,0,total,11306.7,11520,168
2,spsc_unaligned_65536_same-core_paced_itch,0,total,11520,11733.3,174
2,spsc_unaligned_65536_same-core_paced_itch,0,total,11733.3,11946.7,132
2,spsc_unaligned_65536_same-core_paced_itch,0,total,11946.7,12160,147
2,spsc_unaligned_65536_same-core_paced_itch,0,total,12160,12373.3,120
2,spsc_unaligned_65536_same-core_paced_itch,0,total,12373.3,12586.7,106
2,spsc_unaligned_65536_same-core_paced_itch,0,total,12586.7,12800,69
2,spsc_unaligned_65536_same-core_paced_itch,0,total,12800,13013.3,66
2,spsc_unaligned_65536_same-core_paced_itch,0,total,13013.3,13226.7,58
2,spsc_unaligned_65536_same-core_paced_itch,0,total,13226.7,13440,40
2,spsc_unaligned_65536_same-core_paced_itch,0,total,13440,13653.3,60
2,spsc_unaligned_65536_same-core_paced_itch,0,total,13653.3,14080,77
2,spsc_unaligned_65536_same-core_paced_itch,0,total,14080,14506.7,71
2,spsc_unaligned_65536_same-core_paced_itch,0,total,14506.7,14933.3,61
2,spsc_unaligned_65536_same-core_paced_itch,0,total,14933.3,15360,57
2,spsc_unaligned_65536_same-core_paced_itch,0,total,15360,15786.7,42
2,spsc_unaligned_65536_same-core_paced_itch,0,total,15786.7,16213.3,31
2,spsc_unaligned_65536_same-core_paced_itch,0,total,16213.3,16640,43
2,spsc_unaligned_65536_same-core_paced_itch,0,total,16640,17066.7,28
2,spsc_unaligned_65536_same-core_paced_itch,0,total,17066.7,17493.3,25
2,spsc_unaligned_65536_same-core_paced_itch,0,total,17493.3,17920,34
2,spsc_unaligned_65536_same-core_paced_itch,0,total,17920,18346.7,40
2,spsc_unaligned_65536_same-core_paced_itch,0,total,18346.7,18773.3,33
2,spsc_unaligned_65536_same-core_paced_itch,0,total,18773.3,19200,21
2,spsc_unaligned_65536_same-core_paced_itch,0,total,19200,19626.7,15
2,spsc_unaligned_65536_same-core_paced_itch,0,total,19626.7,20053.3,21
2,spsc_unaligned_65536_same-core_paced_itch,0,total,20053.3,20480,20
2,spsc_unaligned_65536_same-core_paced_itch,0,total,20480,20906.7,17
2,spsc_unaligned_65536_same-core_paced_itch,0,total,20906.7,21333.3,16
2,spsc_unaligned_65536_same-core_paced_itch,0,total,21333.3,21760,13
2,spsc_unaligned_65536_same-core_paced_itch,0,total,21760,22186.7,10
2,spsc_unaligned_65536_same-core_paced_itch,0,total,22186.7,22613.3,12
2,spsc_unaligned_65536_same-core_paced_itch,0,total,22613.3,23040,12
2,spsc_unaligned_65536_same-core_paced_itch,0,total,23040,23466.7,16
2,spsc_unaligned_65536_same-core_paced_itch,0,total,23466.7,23893.3,6
2,spsc_unaligned_65536_same-core_paced_itch,0,total,23893.3,24320,11
2,spsc_unaligned_65536_same-core_paced_itch,0,total,24320,24746.7,10
2,spsc_unaligned_65536_same-core_paced_itch,0,total,24746.7,25173.3,4
2,spsc_unaligned_65536_same-core_paced_itch,0,total,25173.3,25600,12
2,spsc_unaligned_65536_same-core_paced_itch,0,total,25600,26026.7,13
2,spsc_unaligned_65536_same-core_paced_itch,0,total,26026.7,26453.3,5
2,spsc_unaligned_65536_same-core_paced_itch,0,total,26453.3,26880,8
2,spsc_unaligned_65536_same-core_paced_itch,0,total,26880,27306.7,16
2,spsc_unaligned_65536_same-core_paced_itch,0,total,27306.7,28160,28
2,spsc_unaligned_65536_same-core_paced_itch,0,total,28160,29013.3,11
2,spsc_unaligned_65536_same-core_paced_itch,0,total,29013.3,29866.7,9
2,spsc_unaligned_65536_same-core_paced_itch,0,total,29866.7,30720,5
2,spsc_unaligned_65536_same-core_paced_itch,0,total,30720,31573.3,1
2,spsc_unaligned_65536_same-core_paced_itch,0,total,31573.3,32426.6,8
2,spsc_unaligned_65536_same-core_paced_itch,0,total,32426.6,33280,11
2,spsc_unaligned_65536_same-core_paced_itch,0,total,33280,34133.3,11
2,spsc_unaligned_65536_same-core_paced_itch,0,total,34133.3,34986.6,12
2,spsc_unaligned_65536_same-core_paced_itch,0,total,34986.6,35840,5
2,spsc_unaligned_65536_same-core_paced_itch,0,total,35840,36693.3,4
2,spsc_unaligned_65536_same-core_paced_itch,0,total,36693.3,37546.6,3
2,spsc_unaligned_65536_same-core_paced_itch,0,total,37546.6,38400,3
2,spsc_unaligned_65536_same-core_paced_itch,0,total,38400,39253.3,5
2,spsc_unaligned_65536_same-core_paced_itch,0,total,39253.3,40106.6,10
2,spsc_unaligned_65536_same-core_paced_itch,0,total,40106.6,40960,7
2,spsc_unaligned_65536_same-core_paced_itch,0,total,40960,41813.3,6
2,spsc_unaligned_65536_same-core_paced_itch,0,total,41813.3,42666.6,5
2,spsc_unaligned_65536_same-core_paced_itch,0,total,42666.6,43520,7
2,spsc_unaligned_65536_same-core_paced_itch,0,total,43520,44373.3,12
2,spsc_unaligned_65536_same-core_paced_itch,0,total,44373.3,45226.6,4
2,spsc_unaligned_65536_same-core_paced_itch,0,total,45226.6,46080,6
2,spsc_unaligned_65536_same-core_paced_itch,0,total,46933.3,47786.6,4
2,spsc_unaligned_65536_same-core_paced_itch,0,total,47786.6,48640,5
2,spsc_unaligned_65536_same-core_paced_itch,0,total,48640,49493.3,7
2,spsc_unaligned_65536_same-core_paced_itch,0,total,49493.3,50346.6,15
2,spsc_unaligned_65536_same-core_paced_itch,0,total,50346.6,51200,12
2,spsc_unaligned_65536_same-core_paced_itch,0,total,51200,52053.3,2
2,spsc_unaligned_65536_same-core_paced_itch,0,total,52053.3,52906.6,5
2,spsc_unaligned_65536_same-core_paced_itch,0,total,52906.6,53760,2
2,spsc_unaligned_65536_same-core_paced_itch,0,total,53760,54613.3,2
2,spsc_unaligned_65536_same-core_paced_itch,0,total,54613.3,56320,5
2,spsc_unaligned_65536_same-core_paced_itch,0,total,56320,58026.6,14
2,spsc_unaligned_65536_same-core_paced_itch,0,total,58026.6,59733.3,16
2,spsc_unaligned_65536_same-core_paced_itch,0,total,59733.3,61440,12
2,spsc_unaligned_65536_same-core_paced_itch,0,total,61440,63146.6,8
2,spsc_unaligned_65536_same-core_paced_itch,0,total,63146.6,64853.3,23
2,spsc_unaligned_65536_same-core_paced_itch,0,total,64853.3,66560,10
2,spsc_unaligned_65536_same-core_paced_itch,0,total,66560,68266.6,14
2,spsc_unaligned_65536_same-core_paced_itch,0,total,68266.6,69973.3,39
2,spsc_unaligned_65536_same-core_paced_itch,0,total,69973.3,71680,14
2,spsc_unaligned_65536_same-core_paced_itch,0,total,71680,73386.6,11
2,spsc_unaligned_65536_same-core_paced_itch,0,total,73386.6,75093.3,5
2,spsc_unaligned_65536_same-core_paced_itch,0,total,75093.3,76800,14
2,spsc_unaligned_65536_same-core_paced_itch,0,total,76800,78506.6,18
2,spsc_unaligned_65536_same-core_paced_itch,0,total,78506.6,80213.3,22
2,spsc_unaligned_65536_same-core_paced_itch,0,total,80213.3,81920,26
2,spsc_unaligned_65536_same-core_paced_itch,0,total,81920,83626.6,14
2,spsc_unaligned_65536_same-core_paced_itch,0,total,83626.6,85333.3,14
2,spsc_unaligned_65536_same-core_paced_itch,0,total,85333.3,87040,19
2,spsc_unaligned_65536_same-core_paced_itch,0,total,87040,88746.6,8
2,spsc_unaligned_65536_same-core_paced_itch,0,total,88746.6,90453.3,3
2,spsc_unaligned_65536_same-core_paced_itch,0,total,90453.3,92160,2
2,spsc_unaligned_65536_same-core_paced_itch,0,total,92160,93866.6,7
2,spsc_unaligned_65536_same-core_paced_itch,0,total,93866.6,95573.3,2
2,spsc_unaligned_65536_same-core_paced_itch,0,total,95573.3,97279.9,1
2,spsc_unaligned_65536_same-core_paced_itch,0,total,97279.9,98986.6,8
2,spsc_unaligned_65536_same-core_paced_itch,0,total,98986.6,100693,4
2,spsc_unaligned_65536_same-core_paced_itch,0,total,100693,102400,7
2,spsc_unaligned_65536_same-core_paced_itch,0,total,102400,104107,3
2,spsc_unaligned_65536_same-core_paced_itch,0,total,104107,105813,6
2,spsc_unaligned_65536_same-core_paced_itch,0,total,105813,107520,4
2,spsc_unaligned_65536_same-core_paced_itch,0,total,109227,112640,10
2,spsc_unaligned_65536_same-core_paced_itch,0,total,112640,116053,7
2,spsc_unaligned_65536_same-core_paced_itch,0,total,116053,119467,10
2,spsc_unaligned_65536_same-core_paced_itch,0,total,119467,122880,7
2,spsc_unaligned_65536_same-core_paced_itch,0,total,122880,126293,7
2,spsc_unaligned_65536_same-core_paced_itch,0,total,126293,129707,4
2,spsc_unaligned_65536_same-core_paced_itch,0,total,129707,133120,13
2,spsc_unaligned_65536_same-core_paced_itch,0,total,133120,136533,6
2,spsc_unaligned_65536_same-core_paced_itch,0,total,136533,139947,9
2,spsc_unaligned_65536_same-core_paced_itch,0,total,139947,143360,8
2,spsc_unaligned_65536_same-core_paced_itch,0,total,143360,146773,7
2,spsc_unaligned_65536_same-core_paced_itch,0,total,146773,150187,6
2,spsc_unaligned_65536_same-core_paced_itch,0,total,150187,153600,8
2,spsc_unaligned_65536_same-core_paced_itch,0,total,153600,157013,8
2,spsc_unaligned_65536_same-core_paced_itch,0,total,157013,160427,12
2,spsc_unaligned_65536_same-core_paced_itch,0,total,160427,163840,9
2,spsc_unaligned_65536_same-core_paced_itch,0,total,163840,167253,6
2,spsc_unaligned_65536_same-core_paced_itch,0,total,167253,170667,5
2,spsc_unaligned_65536_same-core_paced_itch,0,total,170667,174080,17
2,spsc_unaligned_65536_same-core_paced_itch,0,total,174080,177493,7
2,spsc_unaligned_65536_same-core_paced_itch,0,total,177493,180907,9
2,spsc_unaligned_65536_same-core_paced_itch,0,total,180907,184320,10
2,spsc_unaligned_65536_same-core_paced_itch,0,total,184320,187733,11
2,spsc_unaligned_65536_same-core_paced_itch,0,total,187733,191147,4
2,spsc_unaligned_65536_same-core_paced_itch,0,total,191147,194560,8
2,spsc_unaligned_65536_same-core_paced_itch,0,total,194560,197973,8
2,spsc_unaligned_65536_same-core_paced_itch,0,total,197973,201387,4
2,spsc_unaligned_65536_same-core_paced_itch,0,total,201387,204800,5
2,spsc_unaligned_65536_same-core_paced_itch,0,total,204800,208213,7
2,spsc_unaligned_65536_same-core_paced_itch,0,total,208213,211627,14
2,spsc_unaligned_65536_same-core_paced_itch,0,total,211627,215040,8
2,spsc_unaligned_65536_same-core_paced_itch,0,total,215040,218453,5
2,spsc_unaligned_65536_same-core_paced_itch,0,total,218453,225280,36
2,spsc_unaligned_65536_same-core_paced_itch,0,total,225280,232107,16
2,spsc_unaligned_65536_same-core_paced_itch,0,total,232107,238933,13
2,spsc_unaligned_65536_same-core_paced_itch,0,total,238933,245760,17
2,spsc_unaligned_65536_same-core_paced_itch,0,total,245760,252587,30
2,spsc_unaligned_65536_same-core_paced_itch,0,total,252587,259413,19
2,spsc_unaligned_65536_same-core_paced_itch,0,total,259413,266240,11
2,spsc_unaligned_65536_same-core_paced_itch,0,total,266240,273067,16
2,spsc_unaligned_65536_same-core_paced_itch,0,total,273067,279893,28
2,spsc_unaligned_65536_same-core_paced_itch,0,total,279893,286720,26
2,spsc_unaligned_65536_same-core_paced_itch,0,total,286720,293547,31
2,spsc_unaligned_65536_same-core_paced_itch,0,total,293547,300373,13
2,spsc_unaligned_65536_same-core_paced_itch,0,total,300373,307200,21
2,spsc_unaligned_65536_same-core_paced_itch,0,total,307200,314026,40
2,spsc_unaligned_65536_same-core_paced_itch,0,total,314026,320853,24
2,spsc_unaligned_65536_same-core_paced_itch,0,total,320853,327680,37
2,spsc_unaligned_65536_same-core_paced_itch,0,total,327680,334506,33
2,spsc_unaligned_65536_same-core_paced_itch,0,total,334506,341333,51
2,spsc_unaligned_65536_same-core_paced_itch,0,total,341333,348160,45
2,spsc_unaligned_65536_same-core_paced_itch,0,total,348160,354986,41
2,spsc_unaligned_65536_same-core_paced_itch,0,total,354986,361813,13
2,spsc_unaligned_65536_same-core_paced_itch,0,total,361813,368640,28
2,spsc_unaligned_65536_same-core_paced_itch,0,total,368640,375466,20
2,spsc_unaligned_65536_same-core_paced_itch,0,total,375466,382293,15
2,spsc_unaligned_65536_same-core_paced_itch,0,total,382293,389120,28
2,spsc_unaligned_65536_same-core_paced_itch,0,total,389120,395946,21
2,spsc_unaligned_65536_same-core_paced_itch,0,total,395946,402773,56
2,spsc_unaligned_65536_same-core_paced_itch,0,total,402773,409600,57
2,spsc_unaligned_65536_same-core_paced_itch,0,total,450560,464213,1
2,spsc_unaligned_65536_same-core_paced_itch,0,total,491520,505173,2
2,spsc_unaligned_65536_same-core_paced_itch,0,total,628053,641706,1
2,spsc_unaligned_65536_same-core_paced_itch,0,total,641706,655360,3
2,spsc_unaligned_65536_same-core_paced_itch,0,total,655360,669013,2
2,spsc_unaligned_65536_same-core_paced_itch,0,total,709973,723626,2
2,spsc_unaligned_65536_same-core_paced_itch,0,queue,35,35.8333,2
2,spsc_unaligned_65536_same-core_paced_itch,0,queue,36.6666,37.5,1
2,spsc_unaligned_65536_same-core_paced_itch,0,queue,37.5,38.3333,1
2,spsc_unaligned_65536_same-core_paced_itch,0,queue,38.3333,39.1666,3
2,spsc_unaligned_65536_same-core_paced_itch,0,queue,39.1666,40,6
2,spsc_unaligned_65536_same-core_paced_itch,0,queue,40,40.8333,7
2,spsc_unaligned_65536_same-core_paced_itch,0,queue,40.8333,41.6666,40
2,spsc_unaligned_65536_same-core_paced_itch,0,queue,41.6666,42.5,101
2,spsc_unaligned_65536_same-core_paced_itch,0,queue,42.5,43.3333,180
2,spsc_unaligned_65536_same-core_paced_itch,0,queue,43.3333,44.1666,301
2,spsc_unaligned_65536_same-core_paced_itch,0,queue,44.1666,45,455
2,spsc_unaligned_65536_same-core_paced_itch,0,queue,45,45.8333,534
2,spsc_unaligned_65536_same-core_paced_itch,0,queue,45.8333,46.6666,665
2,spsc_unaligned_65536_same-core_paced_itch,0,queue,46.6666,47.5,899
2,spsc_unaligned_65536_same-core_paced_itch,0,queue,47.5,48.3333,1121
2,spsc_unaligned_65536_same-core_paced_itch,0,queue,48.3333,49.1666,1367
2,spsc_unaligned_65536_same-core_paced_itch,0,queue,49.1666,50,1468
2,spsc_unaligned_65536_same-core_paced_itch,0,queue,50,50.8333,1631
2,spsc_unaligned_65536_same-core_paced_itch,0,queue,50.8333,51.6666,1772
2,spsc_unaligned_65536_same-core_paced_itch,0,queue,51.6666,52.5,1951
2,spsc_unaligned_65536_same-core_paced_itch,0,queue,52.5,53.3333,2138
2,spsc_unaligned_65536_same-core_paced_itch,0,queue,53.3333,55,4800
2,spsc_unaligned_65536_same-core_paced_itch,0,queue,55,56.6666,5964
2,spsc_unaligned_65536_same-core_paced_itch,0,queue,56.6666,58.3333,7080
2,spsc_unaligned_65536_same-core_paced_itch,0,queue,58.3333,60,8139
2,spsc_unaligned_65536_same-core_paced_itch,0,queue,60,61.6666,8835
2,spsc_unaligned_65536_same-core_paced_itch,0,queue,61.6666,63.3333,8841
2,spsc_unaligned_65536_same-core_paced_itch,0,queue,63.3333,65,8629
2,spsc_unaligned_65536_same-core_paced_itch,0,queue,65,66.6666,8679
2,spsc_unaligned_65536_same-core_paced_itch,0,queue,66.6666,68.3333,8290
2,spsc_unaligned_65536_same-core_paced_itch,0,queue,68.3333,70,8662
2,spsc_unaligned_65536_same-core_paced_itch,0,queue,70,71.6666,8628
2,spsc_unaligned_65536_same-core_paced_itch,0,queue,71.6666,73.3333,8076
2,spsc_unaligned_65536_same-core_paced_itch,0,queue,73.3333,75,7516
2,spsc_unaligned_65536_same-core_paced_itch,0,queue,75,76.6666,6624
2,spsc_unaligned_65536_same-core_paced_itch,0,queue,76.6666,78.3333,5665
2,spsc_unaligned_65536_same-core_paced_itch,0,queue,78.3333,80,4837
2,spsc_unaligned_65536_same-core_paced_itch,0,queue,80,81.6666,4430
2,spsc_unaligned_65536_same-core_paced_itch,0,queue,81.6666,83.3333,4022
2,spsc_unaligned_65536_same-core_paced_itch,0,queue,83.3333,85,3573
2,spsc_unaligned_65536_same-core_paced_itch,0,queue,85,86.6666,3034
2,spsc_unaligned_65536_same-core_paced_itch,0,queue,86.6666,88.3333,2460
2,spsc_unaligned_65536_same-core_paced_itch,0,queue,88.3333,90,1737
2,spsc_unaligned_65536_same-core_paced_itch,0,queue,90,91.6666,1355
2,spsc_unaligned_65536_same-core_paced_itch,0,queue,91.6666,93.3333,1102
2,spsc_unaligned_65536_same-core_paced_itch,0,queue,93.3333,94.9999,892
2,spsc_unaligned_65536_same-core_paced_itch,0,queue,94.9999,96.6666,804
2,spsc_unaligned_65536_same-core_paced_itch,0,queue,96.6666,98.3333,729
2,spsc_unaligned_65536_same-core_paced_itch,0,queue,98.3333,99.9999,685
2,spsc_unaligned_65536_same-core_paced_itch,0,queue,99.9999,101.667,708
2,spsc_unaligned_65536_same-core_paced_itch,0,queue,101.667,103.333,731
2,spsc_unaligned_65536_same-core_paced_itch,0,queue,103.333,105,658
2,spsc_unaligned_65536_same-core_paced_itch,0,queue,105,106.667,665
2,spsc_unaligned_65536_same-core_paced_itch,0,queue,106.667,110,1218
2,spsc_unaligned_65536_same-core_paced_itch,0,queue,110,113.333,1060
2,spsc_unaligned_65536_same-core_paced_itch,0,queue,113.333,116.667,962
2,spsc_unaligned_65536_same-core_paced_itch,0,queue,116.667,120,880
2,spsc_unaligned_65536_same-core_paced_itch,0,queue,120,123.333,794
2,spsc_unaligned_65536_same-core_paced_itch,0,queue,123.333,126.667,658
2,spsc_unaligned_65536_same-core_paced_itch,0,queue,126.667,130,562
2,spsc_unaligned_65536_same-core_paced_itch,0,queue,130,133.333,514
2,spsc_unaligned_65536_same-core_paced_itch,0,queue,133.333,136.667,490
2,spsc_unaligned_65536_same-core_paced_itch,0,queue,136.667,140,424
2,spsc_unaligned_65536_same-core_paced_itch,0,queue,140,143.333,394
2,spsc_unaligned_65536_same-core_paced_itch,0,queue,143.333,146.667,403
2,spsc_unaligned_65536_same-core_paced_itch,0,queue,146.667,150,353
2,spsc_unaligned_65536_same-core_paced_itch,0,queue,150,153.333,355
2,spsc_unaligned_65536_same-core_paced_itch,0,queue,153.333,156.667,383
2,spsc_unaligned_65536_same-core_paced_itch,0,queue,156.667,160,345
2,spsc_unaligned_65536_same-core_paced_itch,0,queue,160,163.333,367
2,spsc_unaligned_65536_same-core_paced_itch,0,queue,163.333,166.667,329
2,spsc_unaligned_65536_same-core_paced_itch,0,queue,166.667,170,324
2,spsc_unaligned_65536_same-core_paced_itch,0,queue,170,173.333,355
2,spsc_unaligned_65536_same-core_paced_itch,0,queue,173.333,176.667,337
2,spsc_unaligned_65536_same-core_paced_itch,0,queue,176.667,180,318
2,spsc_unaligned_65536_same-core_paced_itch,0,queue,180,183.333,271
2,spsc_unaligned_65536_same-core_paced_itch,0,queue,183.333,186.667,277
2,spsc_unaligned_65536_same-core_paced_itch,0,queue,186.667,190,291
2,spsc_unaligned_65536_same-core_paced_itch,0,queue,190,193.333,265
2,spsc_unaligned_65536_same-core_paced_itch,0,queue,193.333,196.667,273
2,spsc_unaligned_65536_same-core_paced_itch,0,queue,196.667,200,254
2,spsc_unaligned_65536_same-core_paced_itch,0,queue,200,203.333,248
2,spsc_unaligned_65536_same-core_paced_itch,0,queue,203.333,206.667,265
2,spsc_unaligned_65536_same-core_paced_itch,0,queue,206.667,210,264
2,spsc_unaligned_65536_same-core_paced_itch,0,queue,210,213.333,244
2,spsc_unaligned_65536_same-core_paced_itch,0,queue,213.333,220,513
2,spsc_unaligned_65536_same-core_paced_itch,0,queue,220,226.667,491
2,spsc_unaligned_65536_same-core_paced_itch,0,queue,226.667,233.333,477
2,spsc_unaligned_65536_same-core_paced_itch,0,queue,233.333,240,502
2,spsc_unaligned_65536_same-core_paced_itch,0,queue,240,246.667,490
2,spsc_unaligned_65536_same-core_paced_itch,0,queue,246.667,253.333,474
2,spsc_unaligned_65536_same-core_paced_itch,0,queue,253.333,260,415
2,spsc_unaligned_65536_same-core_paced_itch,0,queue,260,266.667,403
2,spsc_unaligned_65536_same-core_paced_itch,0,queue,266.667,273.333,396
2,spsc_unaligned_65536_same-core_paced_itch,0,queue,273.333,280,400
2,spsc_unaligned_65536_same-core_paced_itch,0,queue,280,286.667,340
2,spsc_unaligned_65536_same-core_paced_itch,0,queue,286.667,293.333,355
2,spsc_unaligned_65536_same-core_paced_itch,0,queue,293.333,300,339
2,spsc_unaligned_65536_same-core_paced_itch,0,queue,300,306.667,328
2,spsc_unaligned_65536_same-core_paced_itch,0,queue,306.667,313.333,323
2,spsc_unaligned_65536_same-core_paced_itch,0,queue,313.333,320,281
2,spsc_unaligned_65536_same-core_paced_itch,0,queue,320,326.666,280
2,spsc_unaligned_65536_same-core_paced_itch,0,queue,326.666,333.333,318
2,spsc_unaligned_65536_same-core_paced_itch,0,queue,333.333,340,324
2,spsc_unaligned_65536_same-core_paced_itch,0,queue,340,346.666,269
2,spsc_unaligned_65536_same-core_paced_itch,0,queue,346.666,353.333,287
2,spsc_unaligned_65536_same-core_paced_itch,0,queue,353.333,360,266
2,spsc_unaligned_65536_same-core_paced_itch,0,queue,360,366.666,280
2,spsc_unaligned_65536_same-core_paced_itch,0,queue,366.666,373.333,244
2,spsc_unaligned_65536_same-core_paced_itch,0,queue,373.333,380,262
2,spsc_unaligned_65536_same-core_paced_itch,0,queue,380,386.666,248
2,spsc_unaligned_65536_same-core_paced_itch,0,queue,386.666,393.333,254
2,spsc_unaligned_65536_same-core_paced_itch,0,queue,393.333,400,238
2,spsc_unaligned_65536_same-core_paced_itch,0,queue,400,406.666,237
2,spsc_unaligned_65536_same-core_paced_itch,0,queue,406.666,413.333,246
2,spsc_unaligned_65536_same-core_paced_itch,0,queue,413.333,420,239
2,spsc_unaligned_65536_same-core_paced_itch,0,queue,420,426.666,239
2,spsc_unaligned_65536_same-core_paced_itch,0,queue,426.666,440,471
2,spsc_unaligned_65536_same-core_paced_itch,0,queue,440,453.333,405
2,spsc_unaligned_65536_same-core_paced_itch,0,queue,453.333,466.666,452
2,spsc_unaligned_65536_same-core_paced_itch,0,queue,466.666,480,429
2,spsc_unaligned_65536_same-core_paced_itch,0,queue,480,493.333,399
2,spsc_unaligned_65536_same-core_paced_itch,0,queue,493.333,506.666,386
2,spsc_unaligned_65536_same-core_paced_itch,0,queue,506.666,520,390
2,spsc_unaligned_65536_same-core_paced_itch,0,queue,520,533.333,406
2,spsc_unaligned_65536_same-core_paced_itch,0,queue,533.333,546.666,405
2,spsc_unaligned_65536_same-core_paced_itch,0,queue,546.666,560,364
2,spsc_unaligned_65536_same-core_paced_itch,0,queue,560,573.333,361
2,spsc_unaligned_65536_same-core_paced_itch,0,queue,573.333,586.666,396
2,spsc_unaligned_65536_same-core_paced_itch,0,queue,586.666,600,344
2,spsc_unaligned_65536_same-core_paced_itch,0,queue,600,613.333,331
2,spsc_unaligned_65536_same-core_paced_itch,0,queue,613.333,626.666,304
2,spsc_unaligned_65536_same-core_paced_itch,0,queue,626.666,640,367
2,spsc_unaligned_65536_same-core_paced_itch,0,queue,640,653.333,369
2,spsc_unaligned_65536_same-core_paced_itch,0,queue,653.333,666.666,347
2,spsc_unaligned_65536_same-core_paced_itch,0,queue,666.666,680,370
2,spsc_unaligned_65536_same-core_paced_itch,0,queue,680,693.333,341
2,spsc_unaligned_65536_same-core_paced_itch,0,queue,693.333,706.666,322
2,spsc_unaligned_65536_same-core_paced_itch,0,queue,706.666,720,331
2,spsc_unaligned_65536_same-core_paced_itch,0,queue,720,733.333,317
2,spsc_unaligned_65536_same-core_paced_itch,0,queue,733.333,746.666,333
2,spsc_unaligned_65536_same-core_paced_itch,0,queue,746.666,760,330
2,spsc_unaligned_65536_same-core_paced_itch,0,queue,760,773.333,326
2,spsc_unaligned_65536_same-core_paced_itch,0,queue,773.333,786.666,308
2,spsc_unaligned_65536_same-core_paced_itch,0,queue,786.666,800,308
2,spsc_unaligned_65536_same-core_paced_itch,0,queue,800,813.333,335
2,spsc_unaligned_65536_same-core_paced_itch,0,queue,813.333,826.666,305
2,spsc_unaligned_65536_same-core_paced_itch,0,queue,826.666,840,363
2,spsc_unaligned_65536_same-core_paced_itch,0,queue,840,853.333,333
2,spsc_unaligned_65536_same-core_paced_itch,0,queue,853.333,880,635
2,spsc_unaligned_65536_same-core_paced_itch,0,queue,880,906.666,593
2,spsc_unaligned_65536_same-core_paced_itch,0,queue,906.666,933.333,632
2,spsc_unaligned_65536_same-core_paced_itch,0,queue,933.333,959.999,617
2,spsc_unaligned_65536_same-core_paced_itch,0,queue,959.999,986.666,609
2,spsc_unaligned_65536_same-core_paced_itch,0,queue,986.666,1013.33,589
2,spsc_unaligned_65536_same-core_paced_itch,0,queue,1013.33,1040,569
2,spsc_unaligned_65536_same-core_paced_itch,0,queue,1040,1066.67,540
2,spsc_unaligned_65536_same-core_paced_itch,0,queue,1066.67,1093.33,603
2,spsc_unaligned_65536_same-core_paced_itch,0,queue,1093.33,1120,530
2,spsc_unaligned_65536_same-core_paced_itch,0,queue,1120,1146.67,531
2,spsc_unaligned_65536_same-core_paced_itch,0,queue,1146.67,1173.33,542
2,spsc_unaligned_65536_same-core_paced_itch,0,queue,1173.33,1200,554
2,spsc_unaligned_65536_same-core_paced_itch,0,queue,1200,1226.67,511
2,spsc_unaligned_65536_same-core_paced_itch,0,queue,1226.67,1253.33,530
2,spsc_unaligned_65536_same-core_paced_itch,0,queue,1253.33,1280,514
2,spsc_unaligned_65536_same-core_paced_itch,0,queue,1280,1306.67,538
2,spsc_unaligned_65536_same-core_paced_itch,0,queue,1306.67,1333.33,513
2,spsc_unaligned_65536_same-core_paced_itch,0,queue,1333.33,1360,535
2,spsc_unaligned_65536_same-core_paced_itch,0,queue,1360,1386.67,450
2,spsc_unaligned_65536_same-core_paced_itch,0,queue,1386.67,1413.33,485
2,spsc_unaligned_65536_same-core_paced_itch,0,queue,1413.33,1440,474
2,spsc_unaligned_65536_same-core_paced_itch,0,queue,1440,1466.67,480
2,spsc_unaligned_65536_same-core_paced_itch,0,queue,1466.67,1493.33,485
2,spsc_unaligned_65536_same-core_paced_itch,0,queue,1493.33,1520,484
2,spsc_unaligned_65536_same-core_paced_itch,0,queue,1520,1546.67,450
2,spsc_unaligned_65536_same-core_paced_itch,0,queue,1546.67,1573.33,503
2,spsc_unaligned_65536_same-core_paced_itch,0,queue,1573.33,1600,459
2,spsc_unaligned_65536_same-core_paced_itch,0,queue,1600,1626.67,431
2,spsc_unaligned_65536_same-core_paced_itch,0,queue,1626.67,1653.33,452
2,spsc_unaligned_65536_same-core_paced_itch,0,queue,1653.33,1680,425
2,spsc_unaligned_65536_same-core_paced_itch,0,queue,1680,1706.67,424
2,spsc_unaligned_65536_same-core_paced_itch,0,queue,1706.67,1760,850
2,spsc_unaligned_65536_same-core_paced_itch,0,queue,1760,1813.33,808
2,spsc_unaligned_65536_same-core_paced_itch,0,queue,1813.33,1866.67,863
2,spsc_unaligned_65536_same-core_paced_itch,0,queue,1866.67,1920,792
2,spsc_unaligned_65536_same-core_paced_itch,0,queue,1920,1973.33,803
2,spsc_unaligned_65536_same-core_paced_itch,0,queue,1973.33,2026.67,817
2,spsc_unaligned_65536_same-core_paced_itch,0,queue,2026.67,2080,783
2,spsc_unaligned_65536_same-core_paced_itch,0,queue,2080,2133.33,741
2,spsc_unaligned_65536_same-core_paced_itch,0,queue,2133.33,2186.67,715
2,spsc_unaligned_65536_same-core_paced_itch,0,queue,2186.67,2240,739
2,spsc_unaligned_65536_same-core_paced_itch,0,queue,2240,2293.33,692
2,spsc_unaligned_65536_same-core_paced_itch,0,queue,2293.33,2346.67,712
2,spsc_unaligned_65536_same-core_paced_itch,0,queue,2346.67,2400,659
2,spsc_unaligned_65536_same-core_paced_itch,0,queue,2400,2453.33,627
2,spsc_unaligned_65536_same-core_paced_itch,0,queue,2453.33,2506.67,666
2,spsc_unaligned_65536_same-core_paced_itch,0,queue,2506.67,2560,607
2,spsc_unaligned_65536_same-core_paced_itch,0,queue,2560,2613.33,619
2,spsc_unaligned_65536_same-core_paced_itch,0,queue,2613.33,2666.67,619
2,spsc_unaligned_65536_same-core_paced_itch,0,queue,2666.67,2720,588
2,spsc_unaligned_65536_same-core_paced_itch,0,queue,2720,2773.33,534
2,spsc_unaligned_65536_same-core_paced_itch,0,queue,2773.33,2826.67,558
2,spsc_unaligned_65536_same-core_paced_itch,0,queue,2826.67,2880,546
2,spsc_unaligned_65536_same-core_paced_itch,0,queue,2880,2933.33,537
2,spsc_unaligned_65536_same-core_paced_itch,0,queue,2933.33,2986.67,498
2,spsc_unaligned_65536_same-core_paced_itch,0,queue,2986.67,3040,491
2,spsc_unaligned_65536_same-core_paced_itch,0,queue,3040,3093.33,524
2,spsc_unaligned_65536_same-core_paced_itch,0,queue,3093.33,3146.66,483
2,spsc_unaligned_65536_same-core_paced_itch,0,queue,3146.66,3200,463
2,spsc_unaligned_65536_same-core_paced_itch,0,queue,3200,3253.33,467
2,spsc_unaligned_65536_same-core_paced_itch,0,queue,3253.33,3306.66,457
2,spsc_unaligned_65536_same-core_paced_itch,0,queue,3306.66,3360,441
2,spsc_unaligned_65536_same-core_paced_itch,0,queue,3360,3413.33,441
2,spsc_unaligned_65536_same-core_paced_itch,0,queue,3413.33,3520,847
2,spsc_unaligned_65536_same-core_paced_itch,0,queue,3520,3626.66,819
2,spsc_unaligned_65536_same-core_paced_itch,0,queue,3626.66,3733.33,739
2,spsc_unaligned_65536_same-core_paced_itch,0,queue,3733.33,3840,788
2,spsc_unaligned_65536_same-core_paced_itch,0,queue,3840,3946.66,736
2,spsc_unaligned_65536_same-core_paced_itch,0,queue,3946.66,4053.33,661
2,spsc_unaligned_65536_same-core_paced_itch,0,queue,4053.33,4160,620
2,spsc_unaligned_65536_same-core_paced_itch,0,queue,4160,4266.66,630
2,spsc_unaligned_65536_same-core_paced_itch,0,queue,4266.66,4373.33,571
2,spsc_unaligned_65536_same-core_paced_itch,0,queue,4373.33,4480,574
2,spsc_unaligned_65536_same-core_paced_itch,0,queue,4480,4586.66,569
2,spsc_unaligned_65536_same-core_paced_itch,0,queue,4586.66,4693.33,517
2,spsc_unaligned_65536_same-core_paced_itch,0,queue,4693.33,4800,522
2,spsc_unaligned_65536_same-core_paced_itch,0,queue,4800,4906.66,508
2,spsc_unaligned_65536_same-core_paced_itch,0,queue,4906.66,5013.33,501
2,spsc_unaligned_65536_same-core_paced_itch,0,queue,5013.33,5120,483
2,spsc_unaligned_65536_same-core_paced_itch,0,queue,5120,5226.66,469
2,spsc_unaligned_65536_same-core_paced_itch,0,queue,5226.66,5333.33,426
2,spsc_unaligned_65536_same-core_paced_itch,0,queue,5333.33,5440,408
2,spsc_unaligned_65536_same-core_paced_itch,0,queue,5440,5546.66,407
2,spsc_unaligned_65536_same-core_paced_itch,0,queue,5546.66,5653.33,407
2,spsc_unaligned_65536_same-core_paced_itch,0,queue,5653.33,5760,416
2,spsc_unaligned_65536_same-core_paced_itch,0,queue,5760,5866.66,330
2,spsc_unaligned_65536_same-core_paced_itch,0,queue,5866.66,5973.33,327
2,spsc_unaligned_65536_same-core_paced_itch,0,queue,5973.33,6080,343
2,spsc_unaligned_65536_same-core_paced_itch,0,queue,6080,6186.66,328
2,spsc_unaligned_65536_same-core_paced_itch,0,queue,6186.66,6293.33,287
2,spsc_unaligned_65536_same-core_paced_itch,0,queue,6293.33,6400,323
2,spsc_unaligned_65536_same-core_paced_itch,0,queue,6400,6506.66,294
2,spsc_unaligned_65536_same-core_paced_itch,0,queue,6506.66,6613.33,316
2,spsc_unaligned_65536_same-core_paced_itch,0,queue,6613.33,6720,276
2,spsc_unaligned_65536_same-core_paced_itch,0,queue,6720,6826.66,261
2,spsc_unaligned_65536_same-core_paced_itch,0,queue,6826.66,7040,466
2,spsc_unaligned_65536_same-core_paced_itch,0,queue,7040,7253.33,488
2,spsc_unaligned_65536_same-core_paced_itch,0,queue,7253.33,7466.66,447
2,spsc_unaligned_65536_same-core_paced_itch,0,queue,7466.66,7680,423
2,spsc_unaligned_65536_same-core_paced_itch,0,queue,7680,7893.33,422
2,spsc_unaligned_65536_same-core_paced_itch,0,queue,7893.33,8106.66,423
2,spsc_unaligned_65536_same-core_paced_itch,0,queue,8106.66,8320,360
2,spsc_unaligned_65536_same-core_paced_itch,0,queue,8320,8533.33,351
2,spsc_unaligned_65536_same-core_paced_itch,0,queue,8533.33,8746.66,331
2,spsc_unaligned_65536_same-core_paced_itch,0,queue,8746.66,8960,319
2,spsc_unaligned_65536_same-core_paced_itch,0,queue,8960,9173.33,294
2,spsc_unaligned_65536_same-core_paced_itch,0,queue,9173.33,9386.66,301
2,spsc_unaligned_65536_same-core_paced_itch,0,queue,9386.66,9599.99,312
2,spsc_unaligned_65536_same-core_paced_itch,0,queue,9599.99,9813.33,288
2,spsc_unaligned_65536_same-core_paced_itch,0,queue,9813.33,10026.7,247
2,spsc_unaligned_65536_same-core_paced_itch,0,queue,10026.7,10240,230
2,spsc_unaligned_65536_same-core_paced_itch,0,queue,10240,10453.3,225
2,spsc_unaligned_65536_same-core_paced_itch,0,queue,10453.3,10666.7,226
2,spsc_unaligned_65536_same-core_paced_itch,0,queue,10666.7,10880,209
2,spsc_unaligned_65536_same-core_paced_itch,0,queue,10880,11093.3,197
2,spsc_unaligned_65536_same-core_paced_itch,0,queue,11093.3,11306.7,192
2,spsc_unaligned_65536_same-core_paced_itch,0,queue,11306.7,11520,173
2,spsc_unaligned_65536_same-core_paced_itch,0,queue,11520,11733.3,153
2,spsc_unaligned_65536_same-core_paced_itch,0,queue,11733.3,11946.7,135
2,spsc_unaligned_65536_same-core_paced_itch,0,queue,11946.7,12160,143
2,spsc_unaligned_65536_same-core_paced_itch,0,queue,12160,12373.3,119
2,spsc_unaligned_65536_same-core_paced_itch,0,queue,12373.3,12586.7,89
2,spsc_unaligned_65536_same-core_paced_itch,0,queue,12586.7,12800,67
2,spsc_unaligned_65536_same-core_paced_itch,0,queue,12800,13013.3,63
2,spsc_unaligned_65536_same-core_paced_itch,0,queue,13013.3,13226.7,52
2,spsc_unaligned_65536_same-core_paced_itch,0,queue,13226.7,13440,52
2,spsc_unaligned_65536_same-core_paced_itch,0,queue,13440,13653.3,41
2,spsc_unaligned_65536_same-core_paced_itch,0,queue,13653.3,14080,80
2,spsc_unaligned_65536_same-core_paced_itch,0,queue,14080,14506.7,62
2,spsc_unaligned_65536_same-core_paced_itch,0,queue,14506.7,14933.3,65
2,spsc_unaligned_65536_same-core_paced_itch,0,queue,14933.3,15360,55
2,spsc_unaligned_65536_same-core_paced_itch,0,queue,15360,15786.7,36
2,spsc_unaligned_65536_same-core_paced_itch,0,queue,15786.7,16213.3,33
2,spsc_unaligned_65536_same-core_paced_itch,0,queue,16213.3,16640,39
2,spsc_unaligned_65536_same-core_paced_itch,0,queue,16640,17066.7,24
2,spsc_unaligned_65536_same-core_paced_itch,0,queue,17066.7,17493.3,32
2,spsc_unaligned_65536_same-core_paced_itch,0,queue,17493.3,17920,28
2,spsc_unaligned_65536_same-core_paced_itch,0,queue,17920,18346.7,38
2,spsc_unaligned_65536_same-core_paced_itch,0,queue,18346.7,18773.3,31
2,spsc_unaligned_65536_same-core_paced_itch,0,queue,18773.3,19200,23
2,spsc_unaligned_65536_same-core_paced_itch,0,queue,19200,19626.7,16
2,spsc_unaligned_65536_same-core_paced_itch,0,queue,19626.7,20053.3,23
2,spsc_unaligned_65536_same-core_paced_itch,0,queue,20053.3,20480,15
2,spsc_unaligned_65536_same-core_paced_itch,0,queue,20480,20906.7,20
2,spsc_unaligned_65536_same-core_paced_itch,0,queue,20906.7,21333.3,15
2,spsc_unaligned_65536_same-core_paced_itch,0,queue,21333.3,21760,12
2,spsc_unaligned_65536_same-core_paced_itch,0,queue,21760,22186.7,8
2,spsc_unaligned_65536_same-core_paced_itch,0,queue,22186.7,22613.3,11
2,spsc_unaligned_65536_same-core_paced_itch,0,queue,22613.3,23040,16
2,spsc_unaligned_65536_same-core_paced_itch,0,queue,23040,23466.7,13
2,spsc_unaligned_65536_same-core_paced_itch,0,queue,23466.7,23893.3,6
2,spsc_unaligned_65536_same-core_paced_itch,0,queue,23893.3,24320,12
2,spsc_unaligned_65536_same-core_paced_itch,0,queue,24320,24746.7,6
2,spsc_unaligned_65536_same-core_paced_itch,0,queue,24746.7,25173.3,5
2,spsc_unaligned_65536_same-core_paced_itch,0,queue,25173.3,25600,13
2,spsc_unaligned_65536_same-core_paced_itch,0,queue,25600,26026.7,13
2,spsc_unaligned_65536_same-core_paced_itch,0,queue,26026.7,26453.3,6
2,spsc_unaligned_65536_same-core_paced_itch,0,queue,26453.3,26880,11
2,spsc_unaligned_65536_same-core_paced_itch,0,queue,26880,27306.7,16
2,spsc_unaligned_65536_same-core_paced_itch,0,queue,27306.7,28160,24
2,spsc_unaligned_65536_same-core_paced_itch,0,queue,28160,29013.3,9
2,spsc_unaligned_65536_same-core_paced_itch,0,queue,29013.3,29866.7,9
2,spsc_unaligned_65536_same-core_paced_itch,0,queue,29866.7,30720,5
2,spsc_unaligned_65536_same-core_paced_itch,0,queue,30720,31573.3,1
2,spsc_unaligned_65536_same-core_paced_itch,0,queue,31573.3,32426.6,9
2,spsc_unaligned_65536_same-core_paced_itch,0,queue,32426.6,33280,15
2,spsc_unaligned_65536_same-core_paced_itch,0,queue,33280,34133.3,9
2,spsc_unaligned_65536_same-core_paced_itch,0,queue,34133.3,34986.6,9
2,spsc_unaligned_65536_same-core_paced_itch,0,queue,34986.6,35840,6
2,spsc_unaligned_65536_same-core_paced_itch,0,queue,35840,36693.3,4
2,spsc_unaligned_65536_same-core_paced_itch,0,queue,36693.3,37546.6,2
2,spsc_unaligned_65536_same-core_paced_itch,0,queue,37546.6,38400,3
2,spsc_unaligned_65536_same-core_paced_itch,0,queue,38400,39253.3,7
2,spsc_unaligned_65536_same-core_paced_itch,0,queue,39253.3,40106.6,10
2,spsc_unaligned_65536_same-core_paced_itch,0,queue,40106.6,40960,5
2,spsc_unaligned_65536_same-core_paced_itch,0,queue,40960,41813.3,6
2,spsc_unaligned_65536_same-core_paced_itch,0,queue,41813.3,42666.6,6
2,spsc_unaligned_65536_same-core_paced_itch,0,queue,42666.6,43520,7
2,spsc_unaligned_65536_same-core_paced_itch,0,queue,43520,44373.3,12
2,spsc_unaligned_65536_same-core_paced_itch,0,queue,44373.3,45226.6,4
2,spsc_unaligned_65536_same-core_paced_itch,0,queue,45226.6,46080,5
2,spsc_unaligned_65536_same-core_paced_itch,0,queue,46080,46933.3,2
2,spsc_unaligned_65536_same-core_paced_itch,0,queue,46933.3,47786.6,3
2,spsc_unaligned_65536_same-core_paced_itch,0,queue,47786.6,48640,5
2,spsc_unaligned_65536_same-core_paced_itch,0,queue,48640,49493.3,6
2,spsc_unaligned_65536_same-core_paced_itch,0,queue,49493.3,50346.6,17
2,spsc_unaligned_65536_same-core_paced_itch,0,queue,50346.6,51200,10
2,spsc_unaligned_65536_same-core_paced_itch,0,queue,51200,52053.3,2
2,spsc_unaligned_65536_same-core_paced_itch,0,queue,52053.3,52906.6,5
2,spsc_unaligned_65536_same-core_paced_itch,0,queue,52906.6,53760,2
2,spsc_unaligned_65536_same-core_paced_itch,0,queue,53760,54613.3,2
2,spsc_unaligned_65536_same-core_paced_itch,0,queue,54613.3,56320,5
2,spsc_unaligned_65536_same-core_paced_itch,0,queue,56320,58026.6,16
2,spsc_unaligned_65536_same-core_paced_itch,0,queue,58026.6,59733.3,15
2,spsc_unaligned_65536_same-core_paced_itch,0,queue,59733.3,61440,11
2,spsc_unaligned_65536_same-core_paced_itch,0,queue,61440,63146.6,10
2,spsc_unaligned_65536_same-core_paced_itch,0,queue,63146.6,64853.3,23
2,spsc_unaligned_65536_same-core_paced_itch,0,queue,64853.3,66560,9
2,spsc_unaligned_65536_same-core_paced_itch,0,queue,66560,68266.6,16
2,spsc_unaligned_65536_same-core_paced_itch,0,queue,68266.6,69973.3,37
2,spsc_unaligned_65536_same-core_paced_itch,0,queue,69973.3,71680,15
2,spsc_unaligned_65536_same-core_paced_itch,0,queue,71680,73386.6,10
2,spsc_unaligned_65536_same-core_paced_itch,0,queue,73386.6,75093.3,5
2,spsc_unaligned_65536_same-core_paced_itch,0,queue,75093.3,76800,15
2,spsc_unaligned_65536_same-core_paced_itch,0,queue,76800,78506.6,17
2,spsc_unaligned_65536_same-core_paced_itch,0,queue,78506.6,80213.3,24
2,spsc_unaligned_65536_same-core_paced_itch,0,queue,80213.3,81920,23
2,spsc_unaligned_65536_same-core_paced_itch,0,queue,81920,83626.6,16
2,spsc_unaligned_65536_same-core_paced_itch,0,queue,83626.6,85333.3,13
2,spsc_unaligned_65536_same-core_paced_itch,0,queue,85333.3,87040,21
2,spsc_unaligned_65536_same-core_paced_itch,0,queue,87040,88746.6,5
2,spsc_unaligned_65536_same-core_paced_itch,0,queue,88746.6,90453.3,3
2,spsc_unaligned_65536_same-core_paced_itch,0,queue,90453.3,92160,4
2,spsc_unaligned_65536_same-core_paced_itch,0,queue,92160,93866.6,5
2,spsc_unaligned_65536_same-core_paced_itch,0,queue,93866.6,95573.3,2
2,spsc_unaligned_65536_same-core_paced_itch,0,queue,95573.3,97279.9,2
2,spsc_unaligned_65536_same-core_paced_itch,0,queue,97279.9,98986.6,7
2,spsc_unaligned_65536_same-core_paced_itch,0,queue,98986.6,100693,4
2,spsc_unaligned_65536_same-core_paced_itch,0,queue,100693,102400,7
2,spsc_unaligned_65536_same-core_paced_itch,0,queue,102400,104107,3
2,spsc_unaligned_65536_same-core_paced_itch,0,queue,104107,105813,6
2,spsc_unaligned_65536_same-core_paced_itch,0,queue,105813,107520,4
2,spsc_unaligned_65536_same-core_paced_itch,0,queue,109227,112640,9
2,spsc_unaligned_65536_same-core_paced_itch,0,queue,112640,116053,7
2,spsc_unaligned_65536_same-core_paced_itch,0,queue,116053,119467,10
2,spsc_unaligned_65536_same-core_paced_itch,0,queue,119467,122880,7
2,spsc_unaligned_65536_same-core_paced_itch,0,queue,122880,126293,8
2,spsc_unaligned_65536_same-core_paced_itch,0,queue,126293,129707,3
2,spsc_unaligned_65536_same-core_paced_itch,0,queue,129707,133120,15
2,spsc_unaligned_65536_same-core_paced_itch,0,queue,133120,136533,5
2,spsc_unaligned_65536_same-core_paced_itch,0,queue,136533,139947,8
2,spsc_unaligned_65536_same-core_paced_itch,0,queue,139947,143360,9
2,spsc_unaligned_65536_same-core_paced_itch,0,queue,143360,146773,6
2,spsc_unaligned_65536_same-core_paced_itch,0,queue,146773,150187,6
2,spsc_unaligned_65536_same-core_paced_itch,0,queue,150187,153600,8
2,spsc_unaligned_65536_same-core_paced_itch,0,queue,153600,157013,8
2,spsc_unaligned_65536_same-core_paced_itch,0,queue,157013,160427,13
2,spsc_unaligned_65536_same-core_paced_itch,0,queue,160427,163840,8
2,spsc_unaligned_65536_same-core_paced_itch,0,queue,163840,167253,6
2,spsc_unaligned_65536_same-core_paced_itch,0,queue,167253,170667,5
2,spsc_unaligned_65536_same-core_paced_itch,0,queue,170667,174080,18
2,spsc_unaligned_65536_same-core_paced_itch,0,queue,174080,177493,6
2,spsc_unaligned_65536_same-core_paced_itch,0,queue,177493,180907,9
2,spsc_unaligned_65536_same-core_paced_itch,0,queue,180907,184320,10
2,spsc_unaligned_65536_same-core_paced_itch,0,queue,184320,187733,11
2,spsc_unaligned_65536_same-core_paced_itch,0,queue,187733,191147,4
2,spsc_unaligned_65536_same-core_paced_itch,0,queue,191147,194560,9
2,spsc_unaligned_65536_same-core_paced_itch,0,queue,194560,197973,7
2,spsc_unaligned_65536_same-core_paced_itch,0,queue,197973,201387,4
2,spsc_unaligned_65536_same-core_paced_itch,0,queue,201387,204800,5
2,spsc_unaligned_65536_same-core_paced_itch,0,queue,204800,208213,7
2,spsc_unaligned_65536_same-core_paced_itch,0,queue,208213,211627,14
2,spsc_unaligned_65536_same-core_paced_itch,0,queue,211627,215040,8
2,spsc_unaligned_65536_same-core_paced_itch,0,queue,215040,218453,5
2,spsc_unaligned_65536_same-core_paced_itch,0,queue,218453,225280,36
2,spsc_unaligned_65536_same-core_paced_itch,0,queue,225280,232107,16
2,spsc_unaligned_65536_same-core_paced_itch,0,queue,232107,238933,13
2,spsc_unaligned_65536_same-core_paced_itch,0,queue,238933,245760,18
2,spsc_unaligned_65536_same-core_paced_itch,0,queue,245760,252587,29
2,spsc_unaligned_65536_same-core_paced_itch,0,queue,252587,259413,19
2,spsc_unaligned_65536_same-core_paced_itch,0,queue,259413,266240,11
2,spsc_unaligned_65536_same-core_paced_itch,0,queue,266240,273067,16
2,spsc_unaligned_65536_same-core_paced_itch,0,queue,273067,279893,28
2,spsc_unaligned_65536_same-core_paced_itch,0,queue,279893,286720,26
2,spsc_unaligned_65536_same-core_paced_itch,0,queue,286720,293547,33
2,spsc_unaligned_65536_same-core_paced_itch,0,queue,293547,300373,11
2,spsc_unaligned_65536_same-core_paced_itch,0,queue,300373,307200,23
2,spsc_unaligned_65536_same-core_paced_itch,0,queue,307200,314026,40
2,spsc_unaligned_65536_same-core_paced_itch,0,queue,314026,320853,23
2,spsc_unaligned_65536_same-core_paced_itch,0,queue,320853,327680,36
2,spsc_unaligned_65536_same-core_paced_itch,0,queue,327680,334506,34
2,spsc_unaligned_65536_same-core_paced_itch,0,queue,334506,341333,52
2,spsc_unaligned_65536_same-core_paced_itch,0,queue,341333,348160,43
2,spsc_unaligned_65536_same-core_paced_itch,0,queue,348160,354986,42
2,spsc_unaligned_65536_same-core_paced_itch,0,queue,354986,361813,12
2,spsc_unaligned_65536_same-core_paced_itch,0,queue,361813,368640,29
2,spsc_unaligned_65536_same-core_paced_itch,0,queue,368640,375466,19
2,spsc_unaligned_65536_same-core_paced_itch,0,queue,375466,382293,16
2,spsc_unaligned_65536_same-core_paced_itch,0,queue,382293,389120,27
2,spsc_unaligned_65536_same-core_paced_itch,0,queue,389120,395946,22
2,spsc_unaligned_65536_same-core_paced_itch,0,queue,395946,402773,56
2,spsc_unaligned_65536_same-core_paced_itch,0,queue,402773,409600,56
2,spsc_unaligned_65536_same-core_paced_itch,0,queue,450560,464213,1
2,spsc_unaligned_65536_same-core_paced_itch,0,queue,491520,505173,2
2,spsc_unaligned_65536_same-core_paced_itch,0,queue,628053,641706,1
2,spsc_unaligned_65536_same-core_paced_itch,0,queue,641706,655360,3
2,spsc_unaligned_65536_same-core_paced_itch,0,queue,655360,669013,2
2,spsc_unaligned_65536_same-core_paced_itch,0,queue,709973,723626,2
2,spsc_unaligned_65536_same-core_paced_itch,0,book,7.5,7.91666,1
2,spsc_unaligned_65536_same-core_paced_itch,0,book,8.33333,8.75,5
2,spsc_unaligned_65536_same-core_paced_itch,0,book,9.16666,9.58333,6
2,spsc_unaligned_65536_same-core_paced_itch,0,book,9.99999,10.4167,41
2,spsc_unaligned_65536_same-core_paced_itch,0,book,10.8333,11.25,78
2,spsc_unaligned_65536_same-core_paced_itch,0,book,11.6667,12.0833,156
2,spsc_unaligned_65536_same-core_paced_itch,0,book,12.5,12.9167,249
2,spsc_unaligned_65536_same-core_paced_itch,0,book,13.3333,13.75,361
2,spsc_unaligned_65536_same-core_paced_itch,0,book,14.1667,14.5833,500
2,spsc_unaligned_65536_same-core_paced_itch,0,book,15,15.4167,514
2,spsc_unaligned_65536_same-core_paced_itch,0,book,15.8333,16.25,593
2,spsc_unaligned_65536_same-core_paced_itch,0,book,16.6667,17.0833,586
2,spsc_unaligned_65536_same-core_paced_itch,0,book,17.5,17.9167,619
2,spsc_unaligned_65536_same-core_paced_itch,0,book,18.3333,18.75,798
2,spsc_unaligned_65536_same-core_paced_itch,0,book,19.1667,19.5833,696
2,spsc_unaligned_65536_same-core_paced_itch,0,book,20,20.4167,704
2,spsc_unaligned_65536_same-core_paced_itch,0,book,20.8333,21.25,634
2,spsc_unaligned_65536_same-core_paced_itch,0,book,21.6667,22.0833,857
2,spsc_unaligned_65536_same-core_paced_itch,0,book,22.5,22.9167,1079
2,spsc_unaligned_65536_same-core_paced_itch,0,book,23.3333,23.75,1269
2,spsc_unaligned_65536_same-core_paced_itch,0,book,24.1667,24.5833,1356
2,spsc_unaligned_65536_same-core_paced_itch,0,book,25,25.4167,1143
2,spsc_unaligned_65536_same-core_paced_itch,0,book,25.8333,26.25,973
2,spsc_unaligned_65536_same-core_paced_itch,0,book,26.6667,27.5,723
2,spsc_unaligned_65536_same-core_paced_itch,0,book,27.5,28.3333,585
2,spsc_unaligned_65536_same-core_paced_itch,0,book,28.3333,29.1667,507
2,spsc_unaligned_65536_same-core_paced_itch,0,book,29.1667,30,427
2,spsc_unaligned_65536_same-core_paced_itch,0,book,30,30.8333,458
2,spsc_unaligned_65536_same-core_paced_itch,0,book,30.8333,31.6666,391
2,spsc_unaligned_65536_same-core_paced_itch,0,book,31.6666,32.5,469
2,spsc_unaligned_65536_same-core_paced_itch,0,book,32.5,33.3333,451
2,spsc_unaligned_65536_same-core_paced_itch,0,book,33.3333,34.1666,448
2,spsc_unaligned_65536_same-core_paced_itch,0,book,34.1666,35,492
2,spsc_unaligned_65536_same-core_paced_itch,0,book,35,35.8333,454
2,spsc_unaligned_65536_same-core_paced_itch,0,book,35.8333,36.6666,609
2,spsc_unaligned_65536_same-core_paced_itch,0,book,36.6666,37.5,579
2,spsc_unaligned_65536_same-core_paced_itch,0,book,37.5,38.3333,685
2,spsc_unaligned_65536_same-core_paced_itch,0,book,38.3333,39.1666,693
2,spsc_unaligned_65536_same-core_paced_itch,0,book,39.1666,40,750
2,spsc_unaligned_65536_same-core_paced_itch,0,book,40,40.8333,872
2,spsc_unaligned_65536_same-core_paced_itch,0,book,40.8333,41.6666,837
2,spsc_unaligned_65536_same-core_paced_itch,0,book,41.6666,42.5,992
2,spsc_unaligned_65536_same-core_paced_itch,0,book,42.5,43.3333,963
2,spsc_unaligned_65536_same-core_paced_itch,0,book,43.3333,44.1666,1025
2,spsc_unaligned_65536_same-core_paced_itch,0,book,44.1666,45,1042
2,spsc_unaligned_65536_same-core_paced_itch,0,book,45,45.8333,937
2,spsc_unaligned_65536_same-core_paced_itch,0,book,45.8333,46.6666,1191
2,spsc_unaligned_65536_same-core_paced_itch,0,book,46.6666,47.5,992
2,spsc_unaligned_65536_same-core_paced_itch,0,book,47.5,48.3333,1071
2,spsc_unaligned_65536_same-core_paced_itch,0,book,48.3333,49.1666,1152
2,spsc_unaligned_65536_same-core_paced_itch,0,book,49.1666,50,1150
2,spsc_unaligned_65536_same-core_paced_itch,0,book,50,50.8333,1315
2,spsc_unaligned_65536_same-core_paced_itch,0,book,50.8333,51.6666,1274
2,spsc_unaligned_65536_same-core_paced_itch,0,book,51.6666,52.5,1382
2,spsc_unaligned_65536_same-core_paced_itch,0,book,52.5,53.3333,1407
2,spsc_unaligned_65536_same-core_paced_itch,0,book,53.3333,55,2847
2,spsc_unaligned_65536_same-core_paced_itch,0,book,55,56.6666,2923
2,spsc_unaligned_65536_same-core_paced_itch,0,book,56.6666,58.3333,2838
2,spsc_unaligned_65536_same-core_paced_itch,0,book,58.3333,60,2781
2,spsc_unaligned_65536_same-core_paced_itch,0,book,60,61.6666,2931
2,spsc_unaligned_65536_same-core_paced_itch,0,book,61.6666,63.3333,2631
2,spsc_unaligned_65536_same-core_paced_itch,0,book,63.3333,65,2685
2,spsc_unaligned_65536_same-core_paced_itch,0,book,65,66.6666,2650
2,spsc_unaligned_65536_same-core_paced_itch,0,book,66.6666,68.3333,2523
2,spsc_unaligned_65536_same-core_paced_itch,0,book,68.3333,70,2447
2,spsc_unaligned_65536_same-core_paced_itch,0,book,70,71.6666,2501
2,spsc_unaligned_65536_same-core_paced_itch,0,book,71.6666,73.3333,2369
2,spsc_unaligned_65536_same-core_paced_itch,0,book,73.3333,75,2364
2,spsc_unaligned_65536_same-core_paced_itch,0,book,75,76.6666,1999
2,spsc_unaligned_65536_same-core_paced_itch,0,book,76.6666,78.3333,1898
2,spsc_unaligned_65536_same-core_paced_itch,0,book,78.3333,80,1818
2,spsc_unaligned_65536_same-core_paced_itch,0,book,80,81.6666,1719
2,spsc_unaligned_65536_same-core_paced_itch,0,book,81.6666,83.3333,1578
2,spsc_unaligned_65536_same-core_paced_itch,0,book,83.3333,85,1576
2,spsc_unaligned_65536_same-core_paced_itch,0,book,85,86.6666,1487
2,spsc_unaligned_65536_same-core_paced_itch,0,book,86.6666,88.3333,1317
2,spsc_unaligned_65536_same-core_paced_itch,0,book,88.3333,90,1427
2,spsc_unaligned_65536_same-core_paced_itch,0,book,90,91.6666,1327
2,spsc_unaligned_65536_same-core_paced_itch,0,book,91.6666,93.3333,1312
2,spsc_unaligned_65536_same-core_paced_itch,0,book,93.3333,94.9999,1337
2,spsc_unaligned_65536_same-core_paced_itch,0,book,94.9999,96.6666,1285
2,spsc_unaligned_65536_same-core_paced_itch,0,book,96.6666,98.3333,1212
2,spsc_unaligned_65536_same-core_paced_itch,0,book,98.3333,99.9999,1174
2,spsc_unaligned_65536_same-core_paced_itch,0,book,99.9999,101.667,1201
2,spsc_unaligned_65536_same-core_paced_itch,0,book,101.667,103.333,1092
2,spsc_unaligned_65536_same-core_paced_itch,0,book,103.333,105,1103
2,spsc_unaligned_65536_same-core_paced_itch,0,book,105,106.667,975
2,spsc_unaligned_65536_same-core_paced_itch,0,book,106.667,110,1828
2,spsc_unaligned_65536_same-core_paced_itch,0,book,110,113.333,1943
2,spsc_unaligned_65536_same-core_paced_itch,0,book,113.333,116.667,2402
2,spsc_unaligned_65536_same-core_paced_itch,0,book,116.667,120,3755
2,spsc_unaligned_65536_same-core_paced_itch,0,book,120,123.333,5062
2,spsc_unaligned_65536_same-core_paced_itch,0,book,123.333,126.667,5479
2,spsc_unaligned_65536_same-core_paced_itch,0,book,126.667,130,6006
2,spsc_unaligned_65536_same-core_paced_itch,0,book,130,133.333,7110
2,spsc_unaligned_65536_same-core_paced_itch,0,book,133.333,136.667,8153
2,spsc_unaligned_65536_same-core_paced_itch,0,book,136.667,140,8631
2,spsc_unaligned_65536_same-core_paced_itch,0,book,140,143.333,8166
2,spsc_unaligned_65536_same-core_paced_itch,0,book,143.333,146.667,7504
2,spsc_unaligned_65536_same-core_paced_itch,0,book,146.667,150,7428
2,spsc_unaligned_65536_same-core_paced_itch,0,book,150,153.333,7302
2,spsc_unaligned_65536_same-core_paced_itch,0,book,153.333,156.667,6083
2,spsc_unaligned_65536_same-core_paced_itch,0,book,156.667,160,5197
2,spsc_unaligned_65536_same-core_paced_itch,0,book,160,163.333,3963
2,spsc_unaligned_65536_same-core_paced_itch,0,book,163.333,166.667,3048
2,spsc_unaligned_65536_same-core_paced_itch,0,book,166.667,170,2585
2,spsc_unaligned_65536_same-core_paced_itch,0,book,170,173.333,2425
2,spsc_unaligned_65536_same-core_paced_itch,0,book,173.333,176.667,2280
2,spsc_unaligned_65536_same-core_paced_itch,0,book,176.667,180,2057
2,spsc_unaligned_65536_same-core_paced_itch,0,book,180,183.333,2084
2,spsc_unaligned_65536_same-core_paced_itch,0,book,183.333,186.667,1844
2,spsc_unaligned_65536_same-core_paced_itch,0,book,186.667,190,1719
2,spsc_unaligned_65536_same-core_paced_itch,0,book,190,193.333,1656
2,spsc_unaligned_65536_same-core_paced_itch,0,book,193.333,196.667,1519
2,spsc_unaligned_65536_same-core_paced_itch,0,book,196.667,200,1430
2,spsc_unaligned_65536_same-core_paced_itch,0,book,200,203.333,1386
2,spsc_unaligned_65536_same-core_paced_itch,0,book,203.333,206.667,1352
2,spsc_unaligned_65536_same-core_paced_itch,0,book,206.667,210,1298
2,spsc_unaligned_65536_same-core_paced_itch,0,book,210,213.333,1290
2,spsc_unaligned_65536_same-core_paced_itch,0,book,213.333,220,2522
2,spsc_unaligned_65536_same-core_paced_itch,0,book,220,226.667,2358
2,spsc_unaligned_65536_same-core_paced_itch,0,book,226.667,233.333,2225
2,spsc_unaligned_65536_same-core_paced_itch,0,book,233.333,240,1964
2,spsc_unaligned_65536_same-core_paced_itch,0,book,240,246.667,1834
2,spsc_unaligned_65536_same-core_paced_itch,0,book,246.667,253.333,1768
2,spsc_unaligned_65536_same-core_paced_itch,0,book,253.333,260,1556
2,spsc_unaligned_65536_same-core_paced_itch,0,book,260,266.667,1516
2,spsc_unaligned_65536_same-core_paced_itch,0,book,266.667,273.333,1346
2,spsc_unaligned_65536_same-core_paced_itch,0,book,273.333,280,1144
2,spsc_unaligned_65536_same-core_paced_itch,0,book,280,286.667,1224
2,spsc_unaligned_65536_same-core_paced_itch,0,book,286.667,293.333,1158
2,spsc_unaligned_65536_same-core_paced_itch,0,book,293.333,300,1039
2,spsc_unaligned_65536_same-core_paced_itch,0,book,300,306.667,1020
2,spsc_unaligned_65536_same-core_paced_itch,0,book,306.667,313.333,923
2,spsc_unaligned_65536_same-core_paced_itch,0,book,313.333,320,894
2,spsc_unaligned_65536_same-core_paced_itch,0,book,320,326.666,806
2,spsc_unaligned_65536_same-core_paced_itch,0,book,326.666,333.333,829
2,spsc_unaligned_65536_same-core_paced_itch,0,book,333.333,340,769
2,spsc_unaligned_65536_same-core_paced_itch,0,book,340,346.666,685
2,spsc_unaligned_65536_same-core_paced_itch,0,book,346.666,353.333,667
2,spsc_unaligned_65536_same-core_paced_itch,0,book,353.333,360,649
2,spsc_unaligned_65536_same-core_paced_itch,0,book,360,366.666,595
2,spsc_unaligned_65536_same-core_paced_itch,0,book,366.666,373.333,569
2,spsc_unaligned_65536_same-core_paced_itch,0,book,373.333,380,558
2,spsc_unaligned_65536_same-core_paced_itch,0,book,380,386.666,439
2,spsc_unaligned_65536_same-core_paced_itch,0,book,386.666,393.333,412
2,spsc_unaligned_65536_same-core_paced_itch,0,book,393.333,400,357
2,spsc_unaligned_65536_same-core_paced_itch,0,book,400,406.666,371
2,spsc_unaligned_65536_same-core_paced_itch,0,book,406.666,413.333,342
2,spsc_unaligned_65536_same-core_paced_itch,0,book,413.333,420,320
2,spsc_unaligned_65536_same-core_paced_itch,0,book,420,426.666,299
2,spsc_unaligned_65536_same-core_paced_itch,0,book,426.666,440,456
2,spsc_unaligned_65536_same-core_paced_itch,0,book,440,453.333,310
2,spsc_unaligned_65536_same-core_paced_itch,0,book,453.333,466.666,242
2,spsc_unaligned_65536_same-core_paced_itch,0,book,466.666,480,219
2,spsc_unaligned_65536_same-core_paced_itch,0,book,480,493.333,172
2,spsc_unaligned_65536_same-core_paced_itch,0,book,493.333,506.666,162
2,spsc_unaligned_65536_same-core_paced_itch,0,book,506.666,520,140
2,spsc_unaligned_65536_same-core_paced_itch,0,book,520,533.333,128
2,spsc_unaligned_65536_same-core_paced_itch,0,book,533.333,546.666,91
2,spsc_unaligned_65536_same-core_paced_itch,0,book,546.666,560,66
2,spsc_unaligned_65536_same-core_paced_itch,0,book,560,573.333,75
2,spsc_unaligned_65536_same-core_paced_itch,0,book,573.333,586.666,62
2,spsc_unaligned_65536_same-core_paced_itch,0,book,586.666,600,50
2,spsc_unaligned_65536_same-core_paced_itch,0,book,600,613.333,37
2,spsc_unaligned_65536_same-core_paced_itch,0,book,613.333,626.666,35
2,spsc_unaligned_65536_same-core_paced_itch,0,book,626.666,640,32
2,spsc_unaligned_65536_same-core_paced_itch,0,book,640,653.333,23
2,spsc_unaligned_65536_same-core_paced_itch,0,book,653.333,666.666,19
2,spsc_unaligned_65536_same-core_paced_itch,0,book,666.666,680,19
2,spsc_unaligned_65536_same-core_paced_itch,0,book,680,693.333,14
2,spsc_unaligned_65536_same-core_paced_itch,0,book,693.333,706.666,11
2,spsc_unaligned_65536_same-core_paced_itch,0,book,706.666,720,9
2,spsc_unaligned_65536_same-core_paced_itch,0,book,720,733.333,14
2,spsc_unaligned_65536_same-core_paced_itch,0,book,733.333,746.666,15
2,spsc_unaligned_65536_same-core_paced_itch,0,book,746.666,760,12
2,spsc_unaligned_65536_same-core_paced_itch,0,book,760,773.333,9
2,spsc_unaligned_65536_same-core_paced_itch,0,book,773.333,786.666,12
2,spsc_unaligned_65536_same-core_paced_itch,0,book,786.666,800,11
2,spsc_unaligned_65536_same-core_paced_itch,0,book,800,813.333,8
2,spsc_unaligned_65536_same-core_paced_itch,0,book,813.333,826.666,11
2,spsc_unaligned_65536_same-core_paced_itch,0,book,826.666,840,16
2,spsc_unaligned_65536_same-core_paced_itch,0,book,840,853.333,18
2,spsc_unaligned_65536_same-core_paced_itch,0,book,853.333,880,35
2,spsc_unaligned_65536_same-core_paced_itch,0,book,880,906.666,39
2,spsc_unaligned_65536_same-core_paced_itch,0,book,906.666,933.333,32
2,spsc_unaligned_65536_same-core_paced_itch,0,book,933.333,959.999,28
2,spsc_unaligned_65536_same-core_paced_itch,0,book,959.999,986.666,20
2,spsc_unaligned_65536_same-core_paced_itch,0,book,986.666,1013.33,21
2,spsc_unaligned_65536_same-core_paced_itch,0,book,1013.33,1040,16
2,spsc_unaligned_65536_same-core_paced_itch,0,book,1040,1066.67,20
2,spsc_unaligned_65536_same-core_paced_itch,0,book,1066.67,1093.33,19
2,spsc_unaligned_65536_same-core_paced_itch,0,book,1093.33,1120,10
2,spsc_unaligned_65536_same-core_paced_itch,0,book,1120,1146.67,8
2,spsc_unaligned_65536_same-core_paced_itch,0,book,1146.67,1173.33,11
2,spsc_unaligned_65536_same-core_paced_itch,0,book,1173.33,1200,13
2,spsc_unaligned_65536_same-core_paced_itch,0,book,1200,1226.67,17
2,spsc_unaligned_65536_same-core_paced_itch,0,book,1226.67,1253.33,10
2,spsc_unaligned_65536_same-core_paced_itch,0,book,1253.33,1280,10
2,spsc_unaligned_65536_same-core_paced_itch,0,book,1280,1306.67,9
2,spsc_unaligned_65536_same-core_paced_itch,0,book,1306.67,1333.33,12
2,spsc_unaligned_65536_same-core_paced_itch,0,book,1333.33,1360,13
2,spsc_unaligned_65536_same-core_paced_itch,0,book,1360,1386.67,5
2,spsc_unaligned_65536_same-core_paced_itch,0,book,1386.67,1413.33,7
2,spsc_unaligned_65536_same-core_paced_itch,0,book,1413.33,1440,2
2,spsc_unaligned_65536_same-core_paced_itch,0,book,1440,1466.67,11
2,spsc_unaligned_65536_same-core_paced_itch,0,book,1466.67,1493.33,7
2,spsc_unaligned_65536_same-core_paced_itch,0,book,1493.33,1520,8
2,spsc_unaligned_65536_same-core_paced_itch,0,book,1520,1546.67,5
2,spsc_unaligned_65536_same-core_paced_itch,0,book,1546.67,1573.33,4
2,spsc_unaligned_65536_same-core_paced_itch,0,book,1573.33,1600,9
2,spsc_unaligned_65536_same-core_paced_itch,0,book,1600,1626.67,7
2,spsc_unaligned_65536_same-core_paced_itch,0,book,1626.67,1653.33,4
2,spsc_unaligned_65536_same-core_paced_itch,0,book,1653.33,1680,6
2,spsc_unaligned_65536_same-core_paced_itch,0,book,1680,1706.67,3
2,spsc_unaligned_65536_same-core_paced_itch,0,book,1706.67,1760,22
2,spsc_unaligned_65536_same-core_paced_itch,0,book,1760,1813.33,15
2,spsc_unaligned_65536_same-core_paced_itch,0,book,1813.33,1866.67,13
2,spsc_unaligned_65536_same-core_paced_itch,0,book,1866.67,1920,12
2,spsc_unaligned_65536_same-core_paced_itch,0,book,1920,1973.33,12
2,spsc_unaligned_65536_same-core_paced_itch,0,book,1973.33,2026.67,4
2,spsc_unaligned_65536_same-core_paced_itch,0,book,2026.67,2080,1
2,spsc_unaligned_65536_same-core_paced_itch,0,book,2080,2133.33,1
2,spsc_unaligned_65536_same-core_paced_itch,0,book,2133.33,2186.67,4
2,spsc_unaligned_65536_same-core_paced_itch,0,book,2186.67,2240,3
2,spsc_unaligned_65536_same-core_paced_itch,0,book,2240,2293.33,1
2,spsc_unaligned_65536_same-core_paced_itch,0,book,2293.33,2346.67,2
2,spsc_unaligned_65536_same-core_paced_itch,0,book,2400,2453.33,2
2,spsc_unaligned_65536_same-core_paced_itch,0,book,2453.33,2506.67,1
2,spsc_unaligned_65536_same-core_paced_itch,0,book,2613.33,2666.67,1
2,spsc_unaligned_65536_same-core_paced_itch,0,book,2666.67,2720,2
2,spsc_unaligned_65536_same-core_paced_itch,0,book,2773.33,2826.67,1
2,spsc_unaligned_65536_same-core_paced_itch,0,book,3200,3253.33,2
2,spsc_unaligned_65536_same-core_paced_itch,0,book,3253.33,3306.66,1
2,spsc_unaligned_65536_same-core_paced_itch,0,book,3413.33,3520,1
2,spsc_unaligned_65536_same-core_paced_itch,0,book,3520,3626.66,2
2,spsc_unaligned_65536_same-core_paced_itch,0,book,3626.66,3733.33,2
2,spsc_unaligned_65536_same-core_paced_itch,0,book,3733.33,3840,2
2,spsc_unaligned_65536_same-core_paced_itch,0,book,3840,3946.66,1
2,spsc_unaligned_65536_same-core_paced_itch,0,book,4160,4266.66,2
2,spsc_unaligned_65536_same-core_paced_itch,0,book,4266.66,4373.33,1
2,spsc_unaligned_65536_same-core_paced_itch,0,book,4480,4586.66,1
2,spsc_unaligned_65536_same-core_paced_itch,0,book,4586.66,4693.33,2
2,spsc_unaligned_65536_same-core_paced_itch,0,book,4906.66,5013.33,1
2,spsc_unaligned_65536_same-core_paced_itch,0,book,5333.33,5440,2
2,spsc_unaligned_65536_same-core_paced_itch,0,book,6506.66,6613.33,1
2,spsc_unaligned_65536_same-core_paced_itch,0,book,6826.66,7040,2
2,spsc_unaligned_65536_same-core_paced_itch,0,book,7253.33,7466.66,1
2,spsc_unaligned_65536_same-core_paced_itch,0,book,8320,8533.33,1
2,spsc_unaligned_65536_same-core_paced_itch,0,book,8533.33,8746.66,1
2,spsc_unaligned_65536_same-core_paced_itch,0,book,11093.3,11306.7,1
2,spsc_unaligned_65536_same-core_paced_itch,0,book,16213.3,16640,1
2,spsc_unaligned_65536_same-core_paced_itch,0,book,109227,112640,1
3,spsc_unaligned_65536_same-core_paced_itch,1,total,55,56.6666,2
3,spsc_unaligned_65536_same-core_paced_itch,1,total,58.3333,60,6
3,spsc_unaligned_65536_same-core_paced_itch,1,total,60,61.6666,9
3,spsc_unaligned_65536_same-core_paced_itch,1,total,61.6666,63.3333,22
3,spsc_unaligned_65536_same-core_paced_itch,1,total,63.3333,65,34
3,spsc_unaligned_65536_same-core_paced_itch,1,total,65,66.6666,58
3,spsc_unaligned_65536_same-core_paced_itch,1,total,66.6666,68.3333,60
3,spsc_unaligned_65536_same-core_paced_itch,1,total,68.3333,70,93
3,spsc_unaligned_65536_same-core_paced_itch,1,total,70,71.6666,116
3,spsc_unaligned_65536_same-core_paced_itch,1,total,71.6666,73.3333,148
3,spsc_unaligned_65536_same-core_paced_itch,1,total,73.3333,75,173
3,spsc_unaligned_65536_same-core_paced_itch,1,total,75,76.6666,227
3,spsc_unaligned_65536_same-core_paced_itch,1,total,76.6666,78.3333,241
3,spsc_unaligned_65536_same-core_paced_itch,1,total,78.3333,80,233
3,spsc_unaligned_65536_same-core_paced_itch,1,total,80,81.6666,351
3,spsc_unaligned_65536_same-core_paced_itch,1,total,81.6666,83.3333,345
3,spsc_unaligned_65536_same-core_paced_itch,1,total,83.3333,85,398
3,spsc_unaligned_65536_same-core_paced_itch,1,total,85,86.6666,414
3,spsc_unaligned_65536_same-core_paced_itch,1,total,86.6666,88.3333,450
3,spsc_unaligned_65536_same-core_paced_itch,1,total,88.3333,90,510
3,spsc_unaligned_65536_same-core_paced_itch,1,total,90,91.6666,564
3,spsc_unaligned_65536_same-core_paced_itch,1,total,91.6666,93.3333,586
3,spsc_unaligned_65536_same-core_paced_itch,1,total,93.3333,94.9999,698
3,spsc_unaligned_65536_same-core_paced_itch,1,total,94.9999,96.6666,697
3,spsc_unaligned_65536_same-core_paced_itch,1,total,96.6666,98.3333,795
3,spsc_unaligned_65536_same-core_paced_itch,1,total,98.3333,99.9999,813
3,spsc_unaligned_65536_same-core_paced_itch,1,total,99.9999,101.667,890
3,spsc_unaligned_65536_same-core_paced_itch,1,total,101.667,103.333,930
3,spsc_unaligned_65536_same-core_paced_itch,1,total,103.333,105,952
3,spsc_unaligned_65536_same-core_paced_itch,1,total,105,106.667,1088
3,spsc_unaligned_65536_same-core_paced_itch,1,total,106.667,110,2315
3,spsc_unaligned_65536_same-core_paced_itch,1,total,110,113.333,2617
3,spsc_unaligned_65536_same-core_paced_itch,1,total,113.333,116.667,2839
3,spsc_unaligned_65536_same-core_paced_itch,1,total,116.667,120,2996
3,spsc_unaligned_65536_same-core_paced_itch,1,total,120,123.333,2933
3,spsc_unaligned_65536_same-core_paced_itch,1,total,123.333,126.667,3044
3,spsc_unaligned_65536_same-core_paced_itch,1,total,126.667,130,2946
3,spsc_unaligned_65536_same-core_paced_itch,1,total,130,133.333,2943
3,spsc_unaligned_65536_same-core_paced_itch,1,total,133.333,136.667,2908
3,spsc_unaligned_65536_same-core_paced_itch,1,total,136.667,140,2841
3,spsc_unaligned_65536_same-core_paced_itch,1,total,140,143.333,2685
3,spsc_unaligned_65536_same-core_paced_itch,1,total,143.333,146.667,2597
3,spsc_unaligned_65536_same-core_paced_itch,1,total,146.667,150,2460
3,spsc_unaligned_65536_same-core_paced_itch,1,total,150,153.333,2490
3,spsc_unaligned_65536_same-core_paced_itch,1,total,153.333,156.667,2216
3,spsc_unaligned_65536_same-core_paced_itch,1,total,156.667,160,2163
3,spsc_unaligned_65536_same-core_paced_itch,1,total,160,163.333,2078
3,spsc_unaligned_65536_same-core_paced_itch,1,total,163.333,166.667,1960
3,spsc_unaligned_65536_same-core_paced_itch,1,total,166.667,170,1930
3,spsc_unaligned_65536_same-core_paced_itch,1,total,170,173.333,1957
3,spsc_unaligned_65536_same-core_paced_itch,1,total,173.333,176.667,2069
3,spsc_unaligned_65536_same-core_paced_itch,1,total,176.667,180,2049
3,spsc_unaligned_65536_same-core_paced_itch,1,total,180,183.333,2294
3,spsc_unaligned_65536_same-core_paced_itch,1,total,183.333,186.667,2583
3,spsc_unaligned_65536_same-core_paced_itch,1,total,186.667,190,2843
3,spsc_unaligned_65536_same-core_paced_itch,1,total,190,193.333,3205
3,spsc_unaligned_65536_same-core_paced_itch,1,total,193.333,196.667,3474
3,spsc_unaligned_65536_same-core_paced_itch,1,total,196.667,200,3682
3,spsc_unaligned_65536_same-core_paced_itch,1,total,200,203.333,3883
3,spsc_unaligned_65536_same-core_paced_itch,1,total,203.333,206.667,3990
3,spsc_unaligned_65536_same-core_paced_itch,1,total,206.667,210,4249
3,spsc_unaligned_65536_same-core_paced_itch,1,total,210,213.333,4122
3,spsc_unaligned_65536_same-core_paced_itch,1,total,213.333,220,7803
3,spsc_unaligned_65536_same-core_paced_itch,1,total,220,226.667,6917
3,spsc_unaligned_65536_same-core_paced_itch,1,total,226.667,233.333,5841
3,spsc_unaligned_65536_same-core_paced_itch,1,total,233.333,240,4749
3,spsc_unaligned_65536_same-core_paced_itch,1,total,240,246.667,4053
3,spsc_unaligned_65536_same-core_paced_itch,1,total,246.667,253.333,3497
3,spsc_unaligned_65536_same-core_paced_itch,1,total,253.333,260,3164
3,spsc_unaligned_65536_same-core_paced_itch,1,total,260,266.667,2893
3,spsc_unaligned_65536_same-core_paced_itch,1,total,266.667,273.333,2664
3,spsc_unaligned_65536_same-core_paced_itch,1,total,273.333,280,2429
3,spsc_unaligned_65536_same-core_paced_itch,1,total,280,286.667,2288
3,spsc_unaligned_65536_same-core_paced_itch,1,total,286.667,293.333,2171
3,spsc_unaligned_65536_same-core_paced_itch,1,total,293.333,300,2060
3,spsc_unaligned_65536_same-core_paced_itch,1,total,300,306.667,2004
3,spsc_unaligned_65536_same-core_paced_itch,1,total,306.667,313.333,1832
3,spsc_unaligned_65536_same-core_paced_itch,1,total,313.333,320,1830
3,spsc_unaligned_65536_same-core_paced_itch,1,total,320,326.666,1555
3,spsc_unaligned_65536_same-core_paced_itch,1,total,326.666,333.333,1473
3,spsc_unaligned_65536_same-core_paced_itch,1,total,333.333,340,1453
3,spsc_unaligned_65536_same-core_paced_itch,1,total,340,346.666,1354
3,spsc_unaligned_65536_same-core_paced_itch,1,total,346.666,353.333,1255
3,spsc_unaligned_65536_same-core_paced_itch,1,total,353.333,360,1241
3,spsc_unaligned_65536_same-core_paced_itch,1,total,360,366.666,1104
3,spsc_unaligned_65536_same-core_paced_itch,1,total,366.666,373.333,1096
3,spsc_unaligned_65536_same-core_paced_itch,1,total,373.333,380,1042
3,spsc_unaligned_65536_same-core_paced_itch,1,total,380,386.666,997
3,spsc_unaligned_65536_same-core_paced_itch,1,total,386.666,393.333,964
3,spsc_unaligned_65536_same-core_paced_itch,1,total,393.333,400,886
3,spsc_unaligned_65536_same-core_paced_itch,1,total,400,406.666,839
3,spsc_unaligned_65536_same-core_paced_itch,1,total,406.666,413.333,803
3,spsc_unaligned_65536_same-core_paced_itch,1,total,413.333,420,790
3,spsc_unaligned_65536_same-core_paced_itch,1,total,420,426.666,736
3,spsc_unaligned_65536_same-core_paced_itch,1,total,426.666,440,1444
3,spsc_unaligned_65536_same-core_paced_itch,1,total,440,453.333,1305
3,spsc_unaligned_65536_same-core_paced_itch,1,total,453.333,466.666,1132
3,spsc_unaligned_65536_same-core_paced_itch,1,total,466.666,480,1118
3,spsc_unaligned_65536_same-core_paced_itch,1,total,480,493.333,986
3,spsc_unaligned_65536_same-core_paced_itch,1,total,493.333,506.666,955
3,spsc_unaligned_65536_same-core_paced_itch,1,total,506.666,520,780
3,spsc_unaligned_65536_same-core_paced_itch,1,total,520,533.333,743
3,spsc_unaligned_65536_same-core_paced_itch,1,total,533.333,546.666,643
3,spsc_unaligned_65536_same-core_paced_itch,1,total,546.666,560,649
3,spsc_unaligned_65536_same-core_paced_itch,1,total,560,573.333,573
3,spsc_unaligned_65536_same-core_paced_itch,1,total,573.333,586.666,601
3,spsc_unaligned_65536_same-core_paced_itch,1,total,586.666,600,553
3,spsc_unaligned_65536_same-core_paced_itch,1,total,600,613.333,516
3,spsc_unaligned_65536_same-core_paced_itch,1,total,613.333,626.666,479
3,spsc_unaligned_65536_same-core_paced_itch,1,total,626.666,640,488
3,spsc_unaligned_65536_same-core_paced_itch,1,total,640,653.333,458
3,spsc_unaligned_65536_same-core_paced_itch,1,total,653.333,666.666,446
3,spsc_unaligned_65536_same-core_paced_itch,1,total,666.666,680,417
3,spsc_unaligned_65536_same-core_paced_itch,1,total,680,693.333,394
3,spsc_unaligned_65536_same-core_paced_itch,1,total,693.333,706.666,416
3,spsc_unaligned_65536_same-core_paced_itch,1,total,706.666,720,400
3,spsc_unaligned_65536_same-core_paced_itch,1,total,720,733.333,416
3,spsc_unaligned_65536_same-core_paced_itch,1,total,733.333,746.666,391
3,spsc_unaligned_65536_same-core_paced_itch,1,total,746.666,760,413
3,spsc_unaligned_65536_same-core_paced_itch,1,total,760,773.333,398
3,spsc_unaligned_65536_same-core_paced_itch,1,total,773.333,786.666,371
3,spsc_unaligned_65536_same-core_paced_itch,1,total,786.666,800,388
3,spsc_unaligned_65536_same-core_paced_itch,1,total,800,813.333,353
3,spsc_unaligned_65536_same-core_paced_itch,1,total,813.333,826.666,367
3,spsc_unaligned_65536_same-core_paced_itch,1,total,826.666,840,359
3,spsc_unaligned_65536_same-core_paced_itch,1,total,840,853.333,378
3,spsc_unaligned_65536_same-core_paced_itch,1,total,853.333,880,696
3,spsc_unaligned_65536_same-core_paced_itch,1,total,880,906.666,728
3,spsc_unaligned_65536_same-core_paced_itch,1,total,906.666,933.333,766
3,spsc_unaligned_65536_same-core_paced_itch,1,total,933.333,959.999,733
3,spsc_unaligned_65536_same-core_paced_itch,1,total,959.999,986.666,727
3,spsc_unaligned_65536_same-core_paced_itch,1,total,986.666,1013.33,654
3,spsc_unaligned_65536_same-core_paced_itch,1,total,1013.33,1040,676
3,spsc_unaligned_65536_same-core_paced_itch,1,total,1040,1066.67,646
3,spsc_unaligned_65536_same-core_paced_itch,1,total,1066.67,1093.33,633
3,spsc_unaligned_65536_same-core_paced_itch,1,total,1093.33,1120,573
3,spsc_unaligned_65536_same-core_paced_itch,1,total,1120,1146.67,590
3,spsc_unaligned_65536_same-core_paced_itch,1,total,1146.67,1173.33,621
3,spsc_unaligned_65536_same-core_paced_itch,1,total,1173.33,1200,569
3,spsc_unaligned_65536_same-core_paced_itch,1,total,1200,1226.67,584
3,spsc_unaligned_65536_same-core_paced_itch,1,total,1226.67,1253.33,552
3,spsc_unaligned_65536_same-core_paced_itch,1,total,1253.33,1280,560
3,spsc_unaligned_65536_same-core_paced_itch,1,total,1280,1306.67,551
3,spsc_unaligned_65536_same-core_paced_itch,1,total,1306.67,1333.33,586
3,spsc_unaligned_65536_same-core_paced_itch,1,total,1333.33,1360,533
3,spsc_unaligned_65536_same-core_paced_itch,1,total,1360,1386.67,540
3,spsc_unaligned_65536_same-core_paced_itch,1,total,1386.67,1413.33,522
3,spsc_unaligned_65536_same-core_paced_itch,1,total,1413.33,1440,525
3,spsc_unaligned_65536_same-core_paced_itch,1,total,1440,1466.67,496
3,spsc_unaligned_65536_same-core_paced_itch,1,total,1466.67,1493.33,520
3,spsc_unaligned_65536_same-core_paced_itch,1,total,1493.33,1520,520
3,spsc_unaligned_65536_same-core_paced_itch,1,total,1520,1546.67,507
3,spsc_unaligned_65536_same-core_paced_itch,1,total,1546.67,1573.33,509
3,spsc_unaligned_65536_same-core_paced_itch,1,total,1573.33,1600,536
3,spsc_unaligned_65536_same-core_paced_itch,1,total,1600,1626.67,483
3,spsc_unaligned_65536_same-core_paced_itch,1,total,1626.67,1653.33,505
3,spsc_unaligned_65536_same-core_paced_itch,1,total,1653.33,1680,479
3,spsc_unaligned_65536_same-core_paced_itch,1,total,1680,1706.67,489
3,spsc_unaligned_65536_same-core_paced_itch,1,total,1706.67,1760,900
3,spsc_unaligned_65536_same-core_paced_itch,1,total,1760,1813.33,872
3,spsc_unaligned_65536_same-core_paced_itch,1,total,1813.33,1866.67,898
3,spsc_unaligned_65536_same-core_paced_itch,1,total,1866.67,1920,849
3,spsc_unaligned_65536_same-core_paced_itch,1,total,1920,1973.33,888
3,spsc_unaligned_65536_same-core_paced_itch,1,total,1973.33,2026.67,838
3,spsc_unaligned_65536_same-core_paced_itch,1,total,2026.67,2080,833
3,spsc_unaligned_65536_same-core_paced_itch,1,total,2080,2133.33,825
3,spsc_unaligned_65536_same-core_paced_itch,1,total,2133.33,2186.67,838
3,spsc_unaligned_65536_same-core_paced_itch,1,total,2186.67,2240,794
3,spsc_unaligned_65536_same-core_paced_itch,1,total,2240,2293.33,730
3,spsc_unaligned_65536_same-core_paced_itch,1,total,2293.33,2346.67,781
3,spsc_unaligned_65536_same-core_paced_itch,1,total,2346.67,2400,691
3,spsc_unaligned_65536_same-core_paced_itch,1,total,2400,2453.33,670
3,spsc_unaligned_65536_same-core_paced_itch,1,total,2453.33,2506.67,715
3,spsc_unaligned_65536_same-core_paced_itch,1,total,2506.67,2560,671
3,spsc_unaligned_65536_same-core_paced_itch,1,total,2560,2613.33,642
3,spsc_unaligned_65536_same-core_paced_itch,1,total,2613.33,2666.67,631
3,spsc_unaligned_65536_same-core_paced_itch,1,total,2666.67,2720,603
3,spsc_unaligned_65536_same-core_paced_itch,1,total,2720,2773.33,577
3,spsc_unaligned_65536_same-core_paced_itch,1,total,2773.33,2826.67,540
3,spsc_unaligned_65536_same-core_paced_itch,1,total,2826.67,2880,585
3,spsc_unaligned_65536_same-core_paced_itch,1,total,2880,2933.33,575
3,spsc_unaligned_65536_same-core_paced_itch,1,total,2933.33,2986.67,535
3,spsc_unaligned_65536_same-core_paced_itch,1,total,2986.67,3040,532
3,spsc_unaligned_65536_same-core_paced_itch,1,total,3040,3093.33,522
3,spsc_unaligned_65536_same-core_paced_itch,1,total,3093.33,3146.66,521
3,spsc_unaligned_65536_same-core_paced_itch,1,total,3146.66,3200,537
3,spsc_unaligned_65536_same-core_paced_itch,1,total,3200,3253.33,495
3,spsc_unaligned_65536_same-core_paced_itch,1,total,3253.33,3306.66,509
3,spsc_unaligned_65536_same-core_paced_itch,1,total,3306.66,3360,446
3,spsc_unaligned_65536_same-core_paced_itch,1,total,3360,3413.33,469
3,spsc_unaligned_65536_same-core_paced_itch,1,total,3413.33,3520,905
3,spsc_unaligned_65536_same-core_paced_itch,1,total,3520,3626.66,807
3,spsc_unaligned_65536_same-core_paced_itch,1,total,3626.66,3733.33,797
3,spsc_unaligned_65536_same-core_paced_itch,1,total,3733.33,3840,733
3,spsc_unaligned_65536_same-core_paced_itch,1,total,3840,3946.66,762
3,spsc_unaligned_65536_same-core_paced_itch,1,total,3946.66,4053.33,729
3,spsc_unaligned_65536_same-core_paced_itch,1,total,4053.33,4160,711
3,spsc_unaligned_65536_same-core_paced_itch,1,total,4160,4266.66,620
3,spsc_unaligned_65536_same-core_paced_itch,1,total,4266.66,4373.33,646
3,spsc_unaligned_65536_same-core_paced_itch,1,total,4373.33,4480,655
3,spsc_unaligned_65536_same-core_paced_itch,1,total,4480,4586.66,564
3,spsc_unaligned_65536_same-core_paced_itch,1,total,4586.66,4693.33,561
3,spsc_unaligned_65536_same-core_paced_itch,1,total,4693.33,4800,541
3,spsc_unaligned_65536_same-core_paced_itch,1,total,4800,4906.66,504
3,spsc_unaligned_65536_same-core_paced_itch,1,total,4906.66,5013.33,502
3,spsc_unaligned_65536_same-core_paced_itch,1,total,5013.33,5120,514
3,spsc_unaligned_65536_same-core_paced_itch,1,total,5120,5226.66,437
3,spsc_unaligned_65536_same-core_paced_itch,1,total,5226.66,5333.33,431
3,spsc_unaligned_65536_same-core_paced_itch,1,total,5333.33,5440,447
3,spsc_unaligned_65536_same-core_paced_itch,1,total,5440,5546.66,426
3,spsc_unaligned_65536_same-core_paced_itch,1,total,5546.66,5653.33,411
3,spsc_unaligned_65536_same-core_paced_itch,1,total,5653.33,5760,398
3,spsc_unaligned_65536_same-core_paced_itch,1,total,5760,5866.66,348
3,spsc_unaligned_65536_same-core_paced_itch,1,total,5866.66,5973.33,346
3,spsc_unaligned_65536_same-core_paced_itch,1,total,5973.33,6080,323
3,spsc_unaligned_65536_same-core_paced_itch,1,total,6080,6186.66,323
3,spsc_unaligned_65536_same-core_paced_itch,1,total,6186.66,6293.33,320
3,spsc_unaligned_65536_same-core_paced_itch,1,total,6293.33,6400,294
3,spsc_unaligned_65536_same-core_paced_itch,1,total,6400,6506.66,266
3,spsc_unaligned_65536_same-core_paced_itch,1,total,6506.66,6613.33,281
3,spsc_unaligned_65536_same-core_paced_itch,1,total,6613.33,6720,284
3,spsc_unaligned_65536_same-core_paced_itch,1,total,6720,6826.66,274
3,spsc_unaligned_65536_same-core_paced_itch,1,total,6826.66,7040,538
3,spsc_unaligned_65536_same-core_paced_itch,1,total,7040,7253.33,456
3,spsc_unaligned_65536_same-core_paced_itch,1,total,7253.33,7466.66,453
3,spsc_unaligned_65536_same-core_paced_itch,1,total,7466.66,7680,435
3,spsc_unaligned_65536_same-core_paced_itch,1,total,7680,7893.33,426
3,spsc_unaligned_65536_same-core_paced_itch,1,total,7893.33,8106.66,364
3,spsc_unaligned_65536_same-core_paced_itch,1,total,8106.66,8320,404
3,spsc_unaligned_65536_same-core_paced_itch,1,total,8320,8533.33,337
3,spsc_unaligned_65536_same-core_paced_itch,1,total,8533.33,8746.66,360
3,spsc_unaligned_65536_same-core_paced_itch,1,total,8746.66,8960,342
3,spsc_unaligned_65536_same-core_paced_itch,1,total,8960,9173.33,323
3,spsc_unaligned_65536_same-core_paced_itch,1,total,9173.33,9386.66,294
3,spsc_unaligned_65536_same-core_paced_itch,1,total,9386.66,9599.99,280
3,spsc_unaligned_65536_same-core_paced_itch,1,total,9599.99,9813.33,253
3,spsc_unaligned_65536_same-core_paced_itch,1,total,9813.33,10026.7,264
3,spsc_unaligned_65536_same-core_paced_itch,1,total,10026.7,10240,255
3,spsc_unaligned_65536_same-core_paced_itch,1,total,10240,10453.3,261
3,spsc_unaligned_65536_same-core_paced_itch,1,total,10453.3,10666.7,245
3,spsc_unaligned_65536_same-core_paced_itch,1,total,10666.7,10880,180
3,spsc_unaligned_65536_same-core_paced_itch,1,total,10880,11093.3,186
3,spsc_unaligned_65536_same-core_paced_itch,1,total,11093.3,11306.7,190
3,spsc_unaligned_65536_same-core_paced_itch,1,total,11306.7,11520,164
3,spsc_unaligned_65536_same-core_paced_itch,1,total,11520,11733.3,131
3,spsc_unaligned_65536_same-core_paced_itch,1,total,11733.3,11946.7,146
3,spsc_unaligned_65536_same-core_paced_itch,1,total,11946.7,12160,134
3,spsc_unaligned_65536_same-core_paced_itch,1,total,12160,12373.3,102
3,spsc_unaligned_65536_same-core_paced_itch,1,total,12373.3,12586.7,96
3,spsc_unaligned_65536_same-core_paced_itch,1,total,12586.7,12800,78
3,spsc_unaligned_65536_same-core_paced_itch,1,total,12800,13013.3,70
3,spsc_unaligned_65536_same-core_paced_itch,1,total,13013.3,13226.7,47
3,spsc_unaligned_65536_same-core_paced_itch,1,total,13226.7,13440,40
3,spsc_unaligned_65536_same-core_paced_itch,1,total,13440,13653.3,45
3,spsc_unaligned_65536_same-core_paced_itch,1,total,13653.3,14080,50
3,spsc_unaligned_65536_same-core_paced_itch,1,total,14080,14506.7,59
3,spsc_unaligned_65536_same-core_paced_itch,1,total,14506.7,14933.3,52
3,spsc_unaligned_65536_same-core_paced_itch,1,total,14933.3,15360,43
3,spsc_unaligned_65536_same-core_paced_itch,1,total,15360,15786.7,36
3,spsc_unaligned_65536_same-core_paced_itch,1,total,15786.7,16213.3,36
3,spsc_unaligned_65536_same-core_paced_itch,1,total,16213.3,16640,30
3,spsc_unaligned_65536_same-core_paced_itch,1,total,16640,17066.7,39
3,spsc_unaligned_65536_same-core_paced_itch,1,total,17066.7,17493.3,29
3,spsc_unaligned_65536_same-core_paced_itch,1,total,17493.3,17920,22
3,spsc_unaligned_65536_same-core_paced_itch,1,total,17920,18346.7,14
3,spsc_unaligned_65536_same-core_paced_itch,1,total,18346.7,18773.3,21
3,spsc_unaligned_65536_same-core_paced_itch,1,total,18773.3,19200,16
3,spsc_unaligned_65536_same-core_paced_itch,1,total,19200,19626.7,16
3,spsc_unaligned_65536_same-core_paced_itch,1,total,19626.7,20053.3,17
3,spsc_unaligned_65536_same-core_paced_itch,1,total,20053.3,20480,12
3,spsc_unaligned_65536_same-core_paced_itch,1,total,20480,20906.7,12
3,spsc_unaligned_65536_same-core_paced_itch,1,total,20906.7,21333.3,6
3,spsc_unaligned_65536_same-core_paced_itch,1,total,21333.3,21760,10
3,spsc_unaligned_65536_same-core_paced_itch,1,total,21760,22186.7,14
3,spsc_unaligned_65536_same-core_paced_itch,1,total,22186.7,22613.3,9
3,spsc_unaligned_65536_same-core_paced_itch,1,total,22613.3,23040,8
3,spsc_unaligned_65536_same-core_paced_itch,1,total,23040,23466.7,17
3,spsc_unaligned_65536_same-core_paced_itch,1,total,23466.7,23893.3,8
3,spsc_unaligned_65536_same-core_paced_itch,1,total,23893.3,24320,20
3,spsc_unaligned_65536_same-core_paced_itch,1,total,24320,24746.7,8
3,spsc_unaligned_65536_same-core_paced_itch,1,total,24746.7,25173.3,8
3,spsc_unaligned_65536_same-core_paced_itch,1,total,25173.3,25600,7
3,spsc_unaligned_65536_same-core_paced_itch,1,total,25600,26026.7,6
3,spsc_unaligned_65536_same-core_paced_itch,1,total,26026.7,26453.3,8
3,spsc_unaligned_65536_same-core_paced_itch,1,total,26453.3,26880,8
3,spsc_unaligned_65536_same-core_paced_itch,1,total,26880,27306.7,13
3,spsc_unaligned_65536_same-core_paced_itch,1,total,27306.7,28160,17
3,spsc_unaligned_65536_same-core_paced_itch,1,total,28160,29013.3,27
3,spsc_unaligned_65536_same-core_paced_itch,1,total,29013.3,29866.7,13
3,spsc_unaligned_65536_same-core_paced_itch,1,total,29866.7,30720,11
3,spsc_unaligned_65536_same-core_paced_itch,1,total,30720,31573.3,14
3,spsc_unaligned_65536_same-core_paced_itch,1,total,31573.3,32426.6,11
3,spsc_unaligned_65536_same-core_paced_itch,1,total,32426.6,33280,18
3,spsc_unaligned_65536_same-core_paced_itch,1,total,33280,34133.3,9
3,spsc_unaligned_65536_same-core_paced_itch,1,total,34133.3,34986.6,5
3,spsc_unaligned_65536_same-core_paced_itch,1,total,34986.6,35840,22
3,spsc_unaligned_65536_same-core_paced_itch,1,total,35840,36693.3,32
3,spsc_unaligned_65536_same-core_paced_itch,1,total,36693.3,37546.6,18
3,spsc_unaligned_65536_same-core_paced_itch,1,total,37546.6,38400,11
3,spsc_unaligned_65536_same-core_paced_itch,1,total,38400,39253.3,16
3,spsc_unaligned_65536_same-core_paced_itch,1,total,39253.3,40106.6,14
3,spsc_unaligned_65536_same-core_paced_itch,1,total,40106.6,40960,17
3,spsc_unaligned_65536_same-core_paced_itch,1,total,40960,41813.3,12
3,spsc_unaligned_65536_same-core_paced_itch,1,total,41813.3,42666.6,13
3,spsc_unaligned_65536_same-core_paced_itch,1,total,42666.6,43520,11
3,spsc_unaligned_65536_same-core_paced_itch,1,total,43520,44373.3,15
3,spsc_unaligned_65536_same-core_paced_itch,1,total,44373.3,45226.6,8
3,spsc_unaligned_65536_same-core_paced_itch,1,total,45226.6,46080,5
3,spsc_unaligned_65536_same-core_paced_itch,1,total,46080,46933.3,6
3,spsc_unaligned_65536_same-core_paced_itch,1,total,46933.3,47786.6,5
3,spsc_unaligned_65536_same-core_paced_itch,1,total,47786.6,48640,2
3,spsc_unaligned_65536_same-core_paced_itch,1,total,48640,49493.3,5
3,spsc_unaligned_65536_same-core_paced_itch,1,total,49493.3,50346.6,10
3,spsc_unaligned_65536_same-core_paced_itch,1,total,50346.6,51200,7
3,spsc_unaligned_65536_same-core_paced_itch,1,total,51200,52053.3,3
3,spsc_unaligned_65536_same-core_paced_itch,1,total,52053.3,52906.6,18
3,spsc_unaligned_65536_same-core_paced_itch,1,total,52906.6,53760,12
3,spsc_unaligned_65536_same-core_paced_itch,1,total,53760,54613.3,2
3,spsc_unaligned_65536_same-core_paced_itch,1,total,54613.3,56320,7
3,spsc_unaligned_65536_same-core_paced_itch,1,total,56320,58026.6,15
3,spsc_unaligned_65536_same-core_paced_itch,1,total,58026.6,59733.3,28
3,spsc_unaligned_65536_same-core_paced_itch,1,total,59733.3,61440,18
3,spsc_unaligned_65536_same-core_paced_itch,1,total,61440,63146.6,26
3,spsc_unaligned_65536_same-core_paced_itch,1,total,63146.6,64853.3,19
3,spsc_unaligned_65536_same-core_paced_itch,1,total,64853.3,66560,23
3,spsc_unaligned_65536_same-core_paced_itch,1,total,66560,68266.6,20
3,spsc_unaligned_65536_same-core_paced_itch,1,total,68266.6,69973.3,37
3,spsc_unaligned_65536_same-core_paced_itch,1,total,69973.3,71680,10
3,spsc_unaligned_65536_same-core_paced_itch,1,total,71680,73386.6,29
3,spsc_unaligned_65536_same-core_paced_itch,1,total,73386.6,75093.3,20
3,spsc_unaligned_65536_same-core_paced_itch,1,total,75093.3,76800,27
3,spsc_unaligned_65536_same-core_paced_itch,1,total,76800,78506.6,18
3,spsc_unaligned_65536_same-core_paced_itch,1,total,78506.6,80213.3,15
3,spsc_unaligned_65536_same-core_paced_itch,1,total,80213.3,81920,15
3,spsc_unaligned_65536_same-core_paced_itch,1,total,81920,83626.6,1
3,spsc_unaligned_65536_same-core_paced_itch,1,total,83626.6,85333.3,2
3,spsc_unaligned_65536_same-core_paced_itch,1,total,85333.3,87040,5
3,spsc_unaligned_65536_same-core_paced_itch,1,total,87040,88746.6,1
3,spsc_unaligned_65536_same-core_paced_itch,1,total,88746.6,90453.3,4
3,spsc_unaligned_65536_same-core_paced_itch,1,total,90453.3,92160,2
3,spsc_unaligned_65536_same-core_paced_itch,1,total,92160,93866.6,4
3,spsc_unaligned_65536_same-core_paced_itch,1,total,93866.6,95573.3,4
3,spsc_unaligned_65536_same-core_paced_itch,1,total,95573.3,97279.9,6
3,spsc_unaligned_65536_same-core_paced_itch,1,total,97279.9,98986.6,9
3,spsc_unaligned_65536_same-core_paced_itch,1,total,98986.6,100693,2
3,spsc_unaligned_65536_same-core_paced_itch,1,total,100693,102400,3
3,spsc_unaligned_65536_same-core_paced_itch,1,total,102400,104107,4
3,spsc_unaligned_65536_same-core_paced_itch,1,total,104107,105813,5
3,spsc_unaligned_65536_same-core_paced_itch,1,total,105813,107520,3
3,spsc_unaligned_65536_same-core_paced_itch,1,total,107520,109227,3
3,spsc_unaligned_65536_same-core_paced_itch,1,total,109227,112640,6
3,spsc_unaligned_65536_same-core_paced_itch,1,total,112640,116053,8
3,spsc_unaligned_65536_same-core_paced_itch,1,total,116053,119467,7
3,spsc_unaligned_65536_same-core_paced_itch,1,total,119467,122880,13
3,spsc_unaligned_65536_same-core_paced_itch,1,total,122880,126293,5
3,spsc_unaligned_65536_same-core_paced_itch,1,total,126293,129707,11
3,spsc_unaligned_65536_same-core_paced_itch,1,total,129707,133120,10
3,spsc_unaligned_65536_same-core_paced_itch,1,total,133120,136533,14
3,spsc_unaligned_65536_same-core_paced_itch,1,total,136533,139947,6
3,spsc_unaligned_65536_same-core_paced_itch,1,total,139947,143360,15
3,spsc_unaligned_65536_same-core_paced_itch,1,total,143360,146773,3
3,spsc_unaligned_65536_same-core_paced_itch,1,total,146773,150187,7
3,spsc_unaligned_65536_same-core_paced_itch,1,total,150187,153600,5
3,spsc_unaligned_65536_same-core_paced_itch,1,total,153600,157013,15
3,spsc_unaligned_65536_same-core_paced_itch,1,total,157013,160427,8
3,spsc_unaligned_65536_same-core_paced_itch,1,total,160427,163840,9
3,spsc_unaligned_65536_same-core_paced_itch,1,total,163840,167253,10
3,spsc_unaligned_65536_same-core_paced_itch,1,total,167253,170667,5
3,spsc_unaligned_65536_same-core_paced_itch,1,total,170667,174080,9
3,spsc_unaligned_65536_same-core_paced_itch,1,total,174080,177493,13
3,spsc_unaligned_65536_same-core_paced_itch,1,total,177493,180907,6
3,spsc_unaligned_65536_same-core_paced_itch,1,total,180907,184320,16
3,spsc_unaligned_65536_same-core_paced_itch,1,total,184320,187733,9
3,spsc_unaligned_65536_same-core_paced_itch,1,total,187733,191147,11
3,spsc_unaligned_65536_same-core_paced_itch,1,total,191147,194560,8
3,spsc_unaligned_65536_same-core_paced_itch,1,total,194560,197973,2
3,spsc_unaligned_65536_same-core_paced_itch,1,total,197973,201387,10
3,spsc_unaligned_65536_same-core_paced_itch,1,total,201387,204800,12
3,spsc_unaligned_65536_same-core_paced_itch,1,total,204800,208213,10
3,spsc_unaligned_65536_same-core_paced_itch,1,total,208213,211627,10
3,spsc_unaligned_65536_same-core_paced_itch,1,total,211627,215040,18
3,spsc_unaligned_65536_same-core_paced_itch,1,total,215040,218453,12
3,spsc_unaligned_65536_same-core_paced_itch,1,total,218453,225280,16
3,spsc_unaligned_65536_same-core_paced_itch,1,total,225280,232107,16
3,spsc_unaligned_65536_same-core_paced_itch,1,total,232107,238933,18
3,spsc_unaligned_65536_same-core_paced_itch,1,total,238933,245760,23
3,spsc_unaligned_65536_same-core_paced_itch,1,total,245760,252587,21
3,spsc_unaligned_65536_same-core_paced_itch,1,total,252587,259413,20
3,spsc_unaligned_65536_same-core_paced_itch,1,total,259413,266240,40
3,spsc_unaligned_65536_same-core_paced_itch,1,total,266240,273067,15
3,spsc_unaligned_65536_same-core_paced_itch,1,total,273067,279893,26
3,spsc_unaligned_65536_same-core_paced_itch,1,total,279893,286720,29
3,spsc_unaligned_65536_same-core_paced_itch,1,total,286720,293547,30
3,spsc_unaligned_65536_same-core_paced_itch,1,total,293547,300373,35
3,spsc_unaligned_65536_same-core_paced_itch,1,total,300373,307200,15
3,spsc_unaligned_65536_same-core_paced_itch,1,total,307200,314026,56
3,spsc_unaligned_65536_same-core_paced_itch,1,total,314026,320853,63
3,spsc_unaligned_65536_same-core_paced_itch,1,total,320853,327680,34
3,spsc_unaligned_65536_same-core_paced_itch,1,total,327680,334506,28
3,spsc_unaligned_65536_same-core_paced_itch,1,total,334506,341333,19
3,spsc_unaligned_65536_same-core_paced_itch,1,total,341333,348160,24
3,spsc_unaligned_65536_same-core_paced_itch,1,total,348160,354986,22
3,spsc_unaligned_65536_same-core_paced_itch,1,total,354986,361813,35
3,spsc_unaligned_65536_same-core_paced_itch,1,total,361813,368640,17
3,spsc_unaligned_65536_same-core_paced_itch,1,total,368640,375466,24
3,spsc_unaligned_65536_same-core_paced_itch,1,total,375466,382293,69
3,spsc_unaligned_65536_same-core_paced_itch,1,total,382293,389120,39
3,spsc_unaligned_65536_same-core_paced_itch,1,total,389120,395946,1
3,spsc_unaligned_65536_same-core_paced_itch,1,total,436906,450560,1
3,spsc_unaligned_65536_same-core_paced_itch,1,total,450560,464213,4
3,spsc_unaligned_65536_same-core_paced_itch,1,total,464213,477866,3
3,spsc_unaligned_65536_same-core_paced_itch,1,total,491520,505173,1
3,spsc_unaligned_65536_same-core_paced_itch,1,total,518826,532480,1
3,spsc_unaligned_65536_same-core_paced_itch,1,total,532480,546133,1
3,spsc_unaligned_65536_same-core_paced_itch,1,total,573440,587093,5
3,spsc_unaligned_65536_same-core_paced_itch,1,total,587093,600746,6
3,spsc_unaligned_65536_same-core_paced_itch,1,total,600746,614400,3
3,spsc_unaligned_65536_same-core_paced_itch,1,total,628053,641706,2
3,spsc_unaligned_65536_same-core_paced_itch,1,total,641706,655360,1
3,spsc_unaligned_65536_same-core_paced_itch,1,total,655360,669013,1
3,spsc_unaligned_65536_same-core_paced_itch,1,total,669013,682666,2
3,spsc_unaligned_65536_same-core_paced_itch,1,total,737280,750933,1
3,spsc_unaligned_65536_same-core_paced_itch,1,total,778240,791893,1
3,spsc_unaligned_65536_same-core_paced_itch,1,queue,35.8333,36.6666,1
3,spsc_unaligned_65536_same-core_paced_itch,1,queue,39.1666,40,4
3,spsc_unaligned_65536_same-core_paced_itch,1,queue,40,40.8333,8
3,spsc_unaligned_65536_same-core_paced_itch,1,queue,40.8333,41.6666,31
3,spsc_unaligned_65536_same-core_paced_itch,1,queue,41.6666,42.5,73
3,spsc_unaligned_65536_same-core_paced_itch,1,queue,42.5,43.3333,197
3,spsc_unaligned_65536_same-core_paced_itch,1,queue,43.3333,44.1666,257
3,spsc_unaligned_65536_same-core_paced_itch,1,queue,44.1666,45,375
3,spsc_unaligned_65536_same-core_paced_itch,1,queue,45,45.8333,520
3,spsc_unaligned_65536_same-core_paced_itch,1,queue,45.8333,46.6666,665
3,spsc_unaligned_65536_same-core_paced_itch,1,queue,46.6666,47.5,897
3,spsc_unaligned_65536_same-core_paced_itch,1,queue,47.5,48.3333,1078
3,spsc_unaligned_65536_same-core_paced_itch,1,queue,48.3333,49.1666,1270
3,spsc_unaligned_65536_same-core_paced_itch,1,queue,49.1666,50,1433
3,spsc_unaligned_65536_same-core_paced_itch,1,queue,50,50.8333,1516
3,spsc_unaligned_65536_same-core_paced_itch,1,queue,50.8333,51.6666,1712
3,spsc_unaligned_65536_same-core_paced_itch,1,queue,51.6666,52.5,1802
3,spsc_unaligned_65536_same-core_paced_itch,1,queue,52.5,53.3333,2141
3,spsc_unaligned_65536_same-core_paced_itch,1,queue,53.3333,55,4736
3,spsc_unaligned_65536_same-core_paced_itch,1,queue,55,56.6666,5819
3,spsc_unaligned_65536_same-core_paced_itch,1,queue,56.6666,58.3333,6872
3,spsc_unaligned_65536_same-core_paced_itch,1,queue,58.3333,60,8179
3,spsc_unaligned_65536_same-core_paced_itch,1,queue,60,61.6666,8739
3,spsc_unaligned_65536_same-core_paced_itch,1,queue,61.6666,63.3333,9008
3,spsc_unaligned_65536_same-core_paced_itch,1,queue,63.3333,65,8785
3,spsc_unaligned_65536_same-core_paced_itch,1,queue,65,66.6666,8533
3,spsc_unaligned_65536_same-core_paced_itch,1,queue,66.6666,68.3333,8510
3,spsc_unaligned_65536_same-core_paced_itch,1,queue,68.3333,70,8883
3,spsc_unaligned_65536_same-core_paced_itch,1,queue,70,71.6666,8793
3,spsc_unaligned_65536_same-core_paced_itch,1,queue,71.6666,73.3333,8420
3,spsc_unaligned_65536_same-core_paced_itch,1,queue,73.3333,75,7703
3,spsc_unaligned_65536_same-core_paced_itch,1,queue,75,76.6666,6860
3,spsc_unaligned_65536_same-core_paced_itch,1,queue,76.6666,78.3333,5906
3,spsc_unaligned_65536_same-core_paced_itch,1,queue,78.3333,80,4994
3,spsc_unaligned_65536_same-core_paced_itch,1,queue,80,81.6666,4501
3,spsc_unaligned_65536_same-core_paced_itch,1,queue,81.6666,83.3333,4190
3,spsc_unaligned_65536_same-core_paced_itch,1,queue,83.3333,85,3635
3,spsc_unaligned_65536_same-core_paced_itch,1,queue,85,86.6666,3072
3,spsc_unaligned_65536_same-core_paced_itch,1,queue,86.6666,88.3333,2312
3,spsc_unaligned_65536_same-core_paced_itch,1,queue,88.3333,90,1763
3,spsc_unaligned_65536_same-core_paced_itch,1,queue,90,91.6666,1428
3,spsc_unaligned_65536_same-core_paced_itch,1,queue,91.6666,93.3333,1023
3,spsc_unaligned_65536_same-core_paced_itch,1,queue,93.3333,94.9999,856
3,spsc_unaligned_65536_same-core_paced_itch,1,queue,94.9999,96.6666,704
3,spsc_unaligned_65536_same-core_paced_itch,1,queue,96.6666,98.3333,693
3,spsc_unaligned_65536_same-core_paced_itch,1,queue,98.3333,99.9999,662
3,spsc_unaligned_65536_same-core_paced_itch,1,queue,99.9999,101.667,681
3,spsc_unaligned_65536_same-core_paced_itch,1,queue,101.667,103.333,640
3,spsc_unaligned_65536_same-core_paced_itch,1,queue,103.333,105,591
3,spsc_unaligned_65536_same-core_paced_itch,1,queue,105,106.667,600
3,spsc_unaligned_65536_same-core_paced_itch,1,queue,106.667,110,1093
3,spsc_unaligned_65536_same-core_paced_itch,1,queue,110,113.333,1019
3,spsc_unaligned_65536_same-core_paced_itch,1,queue,113.333,116.667,929
3,spsc_unaligned_65536_same-core_paced_itch,1,queue,116.667,120,836
3,spsc_unaligned_65536_same-core_paced_itch,1,queue,120,123.333,688
3,spsc_unaligned_65536_same-core_paced_itch,1,queue,123.333,126.667,601
3,spsc_unaligned_65536_same-core_paced_itch,1,queue,126.667,130,586
3,spsc_unaligned_65536_same-core_paced_itch,1,queue,130,133.333,533
3,spsc_unaligned_65536_same-core_paced_itch,1,queue,133.333,136.667,461
3,spsc_unaligned_65536_same-core_paced_itch,1,queue,136.667,140,431
3,spsc_unaligned_65536_same-core_paced_itch,1,queue,140,143.333,403
3,spsc_unaligned_65536_same-core_paced_itch,1,queue,143.333,146.667,365
3,spsc_unaligned_65536_same-core_paced_itch,1,queue,146.667,150,392
3,spsc_unaligned_65536_same-core_paced_itch,1,queue,150,153.333,403
3,spsc_unaligned_65536_same-core_paced_itch,1,queue,153.333,156.667,355
3,spsc_unaligned_65536_same-core_paced_itch,1,queue,156.667,160,358
3,spsc_unaligned_65536_same-core_paced_itch,1,queue,160,163.333,323
3,spsc_unaligned_65536_same-core_paced_itch,1,queue,163.333,166.667,320
3,spsc_unaligned_65536_same-core_paced_itch,1,queue,166.667,170,321
3,spsc_unaligned_65536_same-core_paced_itch,1,queue,170,173.333,321
3,spsc_unaligned_65536_same-core_paced_itch,1,queue,173.333,176.667,329
3,spsc_unaligned_65536_same-core_paced_itch,1,queue,176.667,180,307
3,spsc_unaligned_65536_same-core_paced_itch,1,queue,180,183.333,277
3,spsc_unaligned_65536_same-core_paced_itch,1,queue,183.333,186.667,302
3,spsc_unaligned_65536_same-core_paced_itch,1,queue,186.667,190,285
3,spsc_unaligned_65536_same-core_paced_itch,1,queue,190,193.333,285
3,spsc_unaligned_65536_same-core_paced_itch,1,queue,193.333,196.667,272
3,spsc_unaligned_65536_same-core_paced_itch,1,queue,196.667,200,282
3,spsc_unaligned_65536_same-core_paced_itch,1,queue,200,203.333,260
3,spsc_unaligned_65536_same-core_paced_itch,1,queue,203.333,206.667,252
3,spsc_unaligned_65536_same-core_paced_itch,1,queue,206.667,210,263
3,spsc_unaligned_65536_same-core_paced_itch,1,queue,210,213.333,266
3,spsc_unaligned_65536_same-core_paced_itch,1,queue,213.333,220,506
3,spsc_unaligned_65536_same-core_paced_itch,1,queue,220,226.667,492
3,spsc_unaligned_65536_same-core_paced_itch,1,queue,226.667,233.333,476
3,spsc_unaligned_65536_same-core_paced_itch,1,queue,233.333,240,477
3,spsc_unaligned_65536_same-core_paced_itch,1,queue,240,246.667,505
3,spsc_unaligned_65536_same-core_paced_itch,1,queue,246.667,253.333,475
3,spsc_unaligned_65536_same-core_paced_itch,1,queue,253.333,260,416
3,spsc_unaligned_65536_same-core_paced_itch,1,queue,260,266.667,427
3,spsc_unaligned_65536_same-core_paced_itch,1,queue,266.667,273.333,383
3,spsc_unaligned_65536_same-core_paced_itch,1,queue,273.333,280,385
3,spsc_unaligned_65536_same-core_paced_itch,1,queue,280,286.667,350
3,spsc_unaligned_65536_same-core_paced_itch,1,queue,286.667,293.333,345
3,spsc_unaligned_65536_same-core_paced_itch,1,queue,293.333,300,363
3,spsc_unaligned_65536_same-core_paced_itch,1,queue,300,306.667,326
3,spsc_unaligned_65536_same-core_paced_itch,1,queue,306.667,313.333,307
3,spsc_unaligned_65536_same-core_paced_itch,1,queue,313.333,320,328
3,spsc_unaligned_65536_same-core_paced_itch,1,queue,320,326.666,314
3,spsc_unaligned_65536_same-core_paced_itch,1,queue,326.666,333.333,315
3,spsc_unaligned_65536_same-core_paced_itch,1,queue,333.333,340,307
3,spsc_unaligned_65536_same-core_paced_itch,1,queue,340,346.666,285
3,spsc_unaligned_65536_same-core_paced_itch,1,queue,346.666,353.333,263
3,spsc_unaligned_65536_same-core_paced_itch,1,queue,353.333,360,277
3,spsc_unaligned_65536_same-core_paced_itch,1,queue,360,366.666,272
3,spsc_unaligned_65536_same-core_paced_itch,1,queue,366.666,373.333,267
3,spsc_unaligned_65536_same-core_paced_itch,1,queue,373.333,380,239
3,spsc_unaligned_65536_same-core_paced_itch,1,queue,380,386.666,252
3,spsc_unaligned_65536_same-core_paced_itch,1,queue,386.666,393.333,301
3,spsc_unaligned_65536_same-core_paced_itch,1,queue,393.333,400,263
3,spsc_unaligned_65536_same-core_paced_itch,1,queue,400,406.666,221
3,spsc_unaligned_65536_same-core_paced_itch,1,queue,406.666,413.333,267
3,spsc_unaligned_65536_same-core_paced_itch,1,queue,413.333,420,219
3,spsc_unaligned_65536_same-core_paced_itch,1,queue,420,426.666,227
3,spsc_unaligned_65536_same-core_paced_itch,1,queue,426.666,440,449
3,spsc_unaligned_65536_same-core_paced_itch,1,queue,440,453.333,474
3,spsc_unaligned_65536_same-core_paced_itch,1,queue,453.333,466.666,426
3,spsc_unaligned_65536_same-core_paced_itch,1,queue,466.666,480,431
3,spsc_unaligned_65536_same-core_paced_itch,1,queue,480,493.333,385
3,spsc_unaligned_65536_same-core_paced_itch,1,queue,493.333,506.666,429
3,spsc_unaligned_65536_same-core_paced_itch,1,queue,506.666,520,391
3,spsc_unaligned_65536_same-core_paced_itch,1,queue,520,533.333,381
3,spsc_unaligned_65536_same-core_paced_itch,1,queue,533.333,546.666,369
3,spsc_unaligned_65536_same-core_paced_itch,1,queue,546.666,560,346
3,spsc_unaligned_65536_same-core_paced_itch,1,queue,560,573.333,356
3,spsc_unaligned_65536_same-core_paced_itch,1,queue,573.333,586.666,390
3,spsc_unaligned_65536_same-core_paced_itch,1,queue,586.666,600,396
3,spsc_unaligned_65536_same-core_paced_itch,1,queue,600,613.333,370
3,spsc_unaligned_65536_same-core_paced_itch,1,queue,613.333,626.666,356
3,spsc_unaligned_65536_same-core_paced_itch,1,queue,626.666,640,365
3,spsc_unaligned_65536_same-core_paced_itch,1,queue,640,653.333,354
3,spsc_unaligned_65536_same-core_paced_itch,1,queue,653.333,666.666,347
3,spsc_unaligned_65536_same-core_paced_itch,1,queue,666.666,680,315
3,spsc_unaligned_65536_same-core_paced_itch,1,queue,680,693.333,328
3,spsc_unaligned_65536_same-core_paced_itch,1,queue,693.333,706.666,344
3,spsc_unaligned_65536_same-core_paced_itch,1,queue,706.666,720,359
3,spsc_unaligned_65536_same-core_paced_itch,1,queue,720,733.333,310
3,spsc_unaligned_65536_same-core_paced_itch,1,queue,733.333,746.666,362
3,spsc_unaligned_65536_same-core_paced_itch,1,queue,746.666,760,341
3,spsc_unaligned_65536_same-core_paced_itch,1,queue,760,773.333,322
3,spsc_unaligned_65536_same-core_paced_itch,1,queue,773.333,786.666,326
3,spsc_unaligned_65536_same-core_paced_itch,1,queue,786.666,800,307
3,spsc_unaligned_65536_same-core_paced_itch,1,queue,800,813.333,325
3,spsc_unaligned_65536_same-core_paced_itch,1,queue,813.333,826.666,288
3,spsc_unaligned_65536_same-core_paced_itch,1,queue,826.666,840,327
3,spsc_unaligned_65536_same-core_paced_itch,1,queue,840,853.333,338
3,spsc_unaligned_65536_same-core_paced_itch,1,queue,853.333,880,621
3,spsc_unaligned_65536_same-core_paced_itch,1,queue,880,906.666,634
3,spsc_unaligned_65536_same-core_paced_itch,1,queue,906.666,933.333,633
3,spsc_unaligned_65536_same-core_paced_itch,1,queue,933.333,959.999,565
3,spsc_unaligned_65536_same-core_paced_itch,1,queue,959.999,986.666,582
3,spsc_unaligned_65536_same-core_paced_itch,1,queue,986.666,1013.33,590
3,spsc_unaligned_65536_same-core_paced_itch,1,queue,1013.33,1040,543
3,spsc_unaligned_65536_same-core_paced_itch,1,queue,1040,1066.67,545
3,spsc_unaligned_65536_same-core_paced_itch,1,queue,1066.67,1093.33,543
3,spsc_unaligned_65536_same-core_paced_itch,1,queue,1093.33,1120,555
3,spsc_unaligned_65536_same-core_paced_itch,1,queue,1120,1146.67,538
3,spsc_unaligned_65536_same-core_paced_itch,1,queue,1146.67,1173.33,536
3,spsc_unaligned_65536_same-core_paced_itch,1,queue,1173.33,1200,564
3,spsc_unaligned_65536_same-core_paced_itch,1,queue,1200,1226.67,562
3,spsc_unaligned_65536_same-core_paced_itch,1,queue,1226.67,1253.33,539
3,spsc_unaligned_65536_same-core_paced_itch,1,queue,1253.33,1280,534
3,spsc_unaligned_65536_same-core_paced_itch,1,queue,1280,1306.67,481
3,spsc_unaligned_65536_same-core_paced_itch,1,queue,1306.67,1333.33,489
3,spsc_unaligned_65536_same-core_paced_itch,1,queue,1333.33,1360,554
3,spsc_unaligned_65536_same-core_paced_itch,1,queue,1360,1386.67,491
3,spsc_unaligned_65536_same-core_paced_itch,1,queue,1386.67,1413.33,467
3,spsc_unaligned_65536_same-core_paced_itch,1,queue,1413.33,1440,514
3,spsc_unaligned_65536_same-core_paced_itch,1,queue,1440,1466.67,515
3,spsc_unaligned_65536_same-core_paced_itch,1,queue,1466.67,1493.33,486
3,spsc_unaligned_65536_same-core_paced_itch,1,queue,1493.33,1520,494
3,spsc_unaligned_65536_same-core_paced_itch,1,queue,1520,1546.67,468
3,spsc_unaligned_65536_same-core_paced_itch,1,queue,1546.67,1573.33,457
3,spsc_unaligned_65536_same-core_paced_itch,1,queue,1573.33,1600,475
3,spsc_unaligned_65536_same-core_paced_itch,1,queue,1600,1626.67,458
3,spsc_unaligned_65536_same-core_paced_itch,1,queue,1626.67,1653.33,429
3,spsc_unaligned_65536_same-core_paced_itch,1,queue,1653.33,1680,450
3,spsc_unaligned_65536_same-core_paced_itch,1,queue,1680,1706.67,431
3,spsc_unaligned_65536_same-core_paced_itch,1,queue,1706.67,1760,836
3,spsc_unaligned_65536_same-core_paced_itch,1,queue,1760,1813.33,852
3,spsc_unaligned_65536_same-core_paced_itch,1,queue,1813.33,1866.67,827
3,spsc_unaligned_65536_same-core_paced_itch,1,queue,1866.67,1920,868
3,spsc_unaligned_65536_same-core_paced_itch,1,queue,1920,1973.33,779
3,spsc_unaligned_65536_same-core_paced_itch,1,queue,1973.33,2026.67,825
3,spsc_unaligned_65536_same-core_paced_itch,1,queue,2026.67,2080,816
3,spsc_unaligned_65536_same-core_paced_itch,1,queue,2080,2133.33,739
3,spsc_unaligned_65536_same-core_paced_itch,1,queue,2133.33,2186.67,753
3,spsc_unaligned_65536_same-core_paced_itch,1,queue,2186.67,2240,775
3,spsc_unaligned_65536_same-core_paced_itch,1,queue,2240,2293.33,701
3,spsc_unaligned_65536_same-core_paced_itch,1,queue,2293.33,2346.67,665
3,spsc_unaligned_65536_same-core_paced_itch,1,queue,2346.67,2400,642
3,spsc_unaligned_65536_same-core_paced_itch,1,queue,2400,2453.33,676
3,spsc_unaligned_65536_same-core_paced_itch,1,queue,2453.33,2506.67,619
3,spsc_unaligned_65536_same-core_paced_itch,1,queue,2506.67,2560,631
3,spsc_unaligned_65536_same-core_paced_itch,1,queue,2560,2613.33,610
3,spsc_unaligned_65536_same-core_paced_itch,1,queue,2613.33,2666.67,567
3,spsc_unaligned_65536_same-core_paced_itch,1,queue,2666.67,2720,544
3,spsc_unaligned_65536_same-core_paced_itch,1,queue,2720,2773.33,580
3,spsc_unaligned_65536_same-core_paced_itch,1,queue,2773.33,2826.67,533
3,spsc_unaligned_65536_same-core_paced_itch,1,queue,2826.67,2880,559
3,spsc_unaligned_65536_same-core_paced_itch,1,queue,2880,2933.33,503
3,spsc_unaligned_65536_same-core_paced_itch,1,queue,2933.33,2986.67,494
3,spsc_unaligned_65536_same-core_paced_itch,1,queue,2986.67,3040,528
3,spsc_unaligned_65536_same-core_paced_itch,1,queue,3040,3093.33,514
3,spsc_unaligned_65536_same-core_paced_itch,1,queue,3093.33,3146.66,483
3,spsc_unaligned_65536_same-core_paced_itch,1,queue,3146.66,3200,487
3,spsc_unaligned_65536_same-core_paced_itch,1,queue,3200,3253.33,449
3,spsc_unaligned_65536_same-core_paced_itch,1,queue,3253.33,3306.66,493
3,spsc_unaligned_65536_same-core_paced_itch,1,queue,3306.66,3360,426
3,spsc_unaligned_65536_same-core_paced_itch,1,queue,3360,3413.33,415
3,spsc_unaligned_65536_same-core_paced_itch,1,queue,3413.33,3520,818
3,spsc_unaligned_65536_same-core_paced_itch,1,queue,3520,3626.66,789
3,spsc_unaligned_65536_same-core_paced_itch,1,queue,3626.66,3733.33,748
3,spsc_unaligned_65536_same-core_paced_itch,1,queue,3733.33,3840,731
3,spsc_unaligned_65536_same-core_paced_itch,1,queue,3840,3946.66,712
3,spsc_unaligned_65536_same-core_paced_itch,1,queue,3946.66,4053.33,693
3,spsc_unaligned_65536_same-core_paced_itch,1,queue,4053.33,4160,608
3,spsc_unaligned_65536_same-core_paced_itch,1,queue,4160,4266.66,645
3,spsc_unaligned_65536_same-core_paced_itch,1,queue,4266.66,4373.33,648
3,spsc_unaligned_65536_same-core_paced_itch,1,queue,4373.33,4480,573
3,spsc_unaligned_65536_same-core_paced_itch,1,queue,4480,4586.66,546
3,spsc_unaligned_65536_same-core_paced_itch,1,queue,4586.66,4693.33,549
3,spsc_unaligned_65536_same-core_paced_itch,1,queue,4693.33,4800,503
3,spsc_unaligned_65536_same-core_paced_itch,1,queue,4800,4906.66,490
3,spsc_unaligned_65536_same-core_paced_itch,1,queue,4906.66,5013.33,475
3,spsc_unaligned_65536_same-core_paced_itch,1,queue,5013.33,5120,460
3,spsc_unaligned_65536_same-core_paced_itch,1,queue,5120,5226.66,404
3,spsc_unaligned_65536_same-core_paced_itch,1,queue,5226.66,5333.33,442
3,spsc_unaligned_65536_same-core_paced_itch,1,queue,5333.33,5440,414
3,spsc_unaligned_65536_same-core_paced_itch,1,queue,5440,5546.66,434
3,spsc_unaligned_65536_same-core_paced_itch,1,queue,5546.66,5653.33,393
3,spsc_unaligned_65536_same-core_paced_itch,1,queue,5653.33,5760,312
3,spsc_unaligned_65536_same-core_paced_itch,1,queue,5760,5866.66,351
3,spsc_unaligned_65536_same-core_paced_itch,1,queue,5866.66,5973.33,340
3,spsc_unaligned_65536_same-core_paced_itch,1,queue,5973.33,6080,305
3,spsc_unaligned_65536_same-core_paced_itch,1,queue,6080,6186.66,318
3,spsc_unaligned_65536_same-core_paced_itch,1,queue,6186.66,6293.33,285
3,spsc_unaligned_65536_same-core_paced_itch,1,queue,6293.33,6400,271
3,spsc_unaligned_65536_same-core_paced_itch,1,queue,6400,6506.66,270
3,spsc_unaligned_65536_same-core_paced_itch,1,queue,6506.66,6613.33,282
3,spsc_unaligned_65536_same-core_paced_itch,1,queue,6613.33,6720,300
3,spsc_unaligned_65536_same-core_paced_itch,1,queue,6720,6826.66,272
3,spsc_unaligned_65536_same-core_paced_itch,1,queue,6826.66,7040,462
3,spsc_unaligned_65536_same-core_paced_itch,1,queue,7040,7253.33,441
3,spsc_unaligned_65536_same-core_paced_itch,1,queue,7253.33,7466.66,476
3,spsc_unaligned_65536_same-core_paced_itch,1,queue,7466.66,7680,413
3,spsc_unaligned_65536_same-core_paced_itch,1,queue,7680,7893.33,412
3,spsc_unaligned_65536_same-core_paced_itch,1,queue,7893.33,8106.66,367
3,spsc_unaligned_65536_same-core_paced_itch,1,queue,8106.66,8320,362
3,spsc_unaligned_65536_same-core_paced_itch,1,queue,8320,8533.33,340
3,spsc_unaligned_65536_same-core_paced_itch,1,queue,8533.33,8746.66,366
3,spsc_unaligned_65536_same-core_paced_itch,1,queue,8746.66,8960,299
3,spsc_unaligned_65536_same-core_paced_itch,1,queue,8960,9173.33,339
3,spsc_unaligned_65536_same-core_paced_itch,1,queue,9173.33,9386.66,286
3,spsc_unaligned_65536_same-core_paced_itch,1,queue,9386.66,9599.99,263
3,spsc_unaligned_65536_same-core_paced_itch,1,queue,9599.99,9813.33,248
3,spsc_unaligned_65536_same-core_paced_itch,1,queue,9813.33,10026.7,272
3,spsc_unaligned_65536_same-core_paced_itch,1,queue,10026.7,10240,254
3,spsc_unaligned_65536_same-core_paced_itch,1,queue,10240,10453.3,245
3,spsc_unaligned_65536_same-core_paced_itch,1,queue,10453.3,10666.7,222
3,spsc_unaligned_65536_same-core_paced_itch,1,queue,10666.7,10880,182
3,spsc_unaligned_65536_same-core_paced_itch,1,queue,10880,11093.3,177
3,spsc_unaligned_65536_same-core_paced_itch,1,queue,11093.3,11306.7,183
3,spsc_unaligned_65536_same-core_paced_itch,1,queue,11306.7,11520,154
3,spsc_unaligned_65536_same-core_paced_itch,1,queue,11520,11733.3,136
3,spsc_unaligned_65536_same-core_paced_itch,1,queue,11733.3,11946.7,142
3,spsc_unaligned_65536_same-core_paced_itch,1,queue,11946.7,12160,119
3,spsc_unaligned_65536_same-core_paced_itch,1,queue,12160,12373.3,105
3,spsc_unaligned_65536_same-core_paced_itch,1,queue,12373.3,12586.7,80
3,spsc_unaligned_65536_same-core_paced_itch,1,queue,12586.7,12800,85
3,spsc_unaligned_65536_same-core_paced_itch,1,queue,12800,13013.3,60
3,spsc_unaligned_65536_same-core_paced_itch,1,queue,13013.3,13226.7,46
3,spsc_unaligned_65536_same-core_paced_itch,1,queue,13226.7,13440,38
3,spsc_unaligned_65536_same-core_paced_itch,1,queue,13440,13653.3,41
3,spsc_unaligned_65536_same-core_paced_itch,1,queue,13653.3,14080,48
3,spsc_unaligned_65536_same-core_paced_itch,1,queue,14080,14506.7,59
3,spsc_unaligned_65536_same-core_paced_itch,1,queue,14506.7,14933.3,55
3,spsc_unaligned_65536_same-core_paced_itch,1,queue,14933.3,15360,36
3,spsc_unaligned_65536_same-core_paced_itch,1,queue,15360,15786.7,35
3,spsc_unaligned_65536_same-core_paced_itch,1,queue,15786.7,16213.3,36
3,spsc_unaligned_65536_same-core_paced_itch,1,queue,16213.3,16640,30
3,spsc_unaligned_65536_same-core_paced_itch,1,queue,16640,17066.7,38
3,spsc_unaligned_65536_same-core_paced_itch,1,queue,17066.7,17493.3,28
3,spsc_unaligned_65536_same-core_paced_itch,1,queue,17493.3,17920,19
3,spsc_unaligned_65536_same-core_paced_itch,1,queue,17920,18346.7,10
3,spsc_unaligned_65536_same-core_paced_itch,1,queue,18346.7,18773.3,23
3,spsc_unaligned_65536_same-core_paced_itch,1,queue,18773.3,19200,16
3,spsc_unaligned_65536_same-core_paced_itch,1,queue,19200,19626.7,19
3,spsc_unaligned_65536_same-core_paced_itch,1,queue,19626.7,20053.3,15
3,spsc_unaligned_65536_same-core_paced_itch,1,queue,20053.3,20480,11
3,spsc_unaligned_65536_same-core_paced_itch,1,queue,20480,20906.7,11
3,spsc_unaligned_65536_same-core_paced_itch,1,queue,20906.7,21333.3,7
3,spsc_unaligned_65536_same-core_paced_itch,1,queue,21333.3,21760,10
3,spsc_unaligned_65536_same-core_paced_itch,1,queue,21760,22186.7,11
3,spsc_unaligned_65536_same-core_paced_itch,1,queue,22186.7,22613.3,11
3,spsc_unaligned_65536_same-core_paced_itch,1,queue,22613.3,23040,12
3,spsc_unaligned_65536_same-core_paced_itch,1,queue,23040,23466.7,14
3,spsc_unaligned_65536_same-core_paced_itch,1,queue,23466.7,23893.3,12
3,spsc_unaligned_65536_same-core_paced_itch,1,queue,23893.3,24320,16
3,spsc_unaligned_65536_same-core_paced_itch,1,queue,24320,24746.7,8
3,spsc_unaligned_65536_same-core_paced_itch,1,queue,24746.7,25173.3,8
3,spsc_unaligned_65536_same-core_paced_itch,1,queue,25173.3,25600,7
3,spsc_unaligned_65536_same-core_paced_itch,1,queue,25600,26026.7,4
3,spsc_unaligned_65536_same-core_paced_itch,1,queue,26026.7,26453.3,11
3,spsc_unaligned_65536_same-core_paced_itch,1,queue,26453.3,26880,5
3,spsc_unaligned_65536_same-core_paced_itch,1,queue,26880,27306.7,16
3,spsc_unaligned_65536_same-core_paced_itch,1,queue,27306.7,28160,17
3,spsc_unaligned_65536_same-core_paced_itch,1,queue,28160,29013.3,25
3,spsc_unaligned_65536_same-core_paced_itch,1,queue,29013.3,29866.7,15
3,spsc_unaligned_65536_same-core_paced_itch,1,queue,29866.7,30720,8
3,spsc_unaligned_65536_same-core_paced_itch,1,queue,30720,31573.3,15
3,spsc_unaligned_65536_same-core_paced_itch,1,queue,31573.3,32426.6,12
3,spsc_unaligned_65536_same-core_paced_itch,1,queue,32426.6,33280,17
3,spsc_unaligned_65536_same-core_paced_itch,1,queue,33280,34133.3,7
3,spsc_unaligned_65536_same-core_paced_itch,1,queue,34133.3,34986.6,8
3,spsc_unaligned_65536_same-core_paced_itch,1,queue,34986.6,35840,25
3,spsc_unaligned_65536_same-core_paced_itch,1,queue,35840,36693.3,31
3,spsc_unaligned_65536_same-core_paced_itch,1,queue,36693.3,37546.6,14
3,spsc_unaligned_65536_same-core_paced_itch,1,queue,37546.6,38400,12
3,spsc_unaligned_65536_same-core_paced_itch,1,queue,38400,39253.3,18
3,spsc_unaligned_65536_same-core_paced_itch,1,queue,39253.3,40106.6,15
3,spsc_unaligned_65536_same-core_paced_itch,1,queue,40106.6,40960,12
3,spsc_unaligned_65536_same-core_paced_itch,1,queue,40960,41813.3,15
3,spsc_unaligned_65536_same-core_paced_itch,1,queue,41813.3,42666.6,11
3,spsc_unaligned_65536_same-core_paced_itch,1,queue,42666.6,43520,13
3,spsc_unaligned_65536_same-core_paced_itch,1,queue,43520,44373.3,14
3,spsc_unaligned_65536_same-core_paced_itch,1,queue,44373.3,45226.6,7
3,spsc_unaligned_65536_same-core_paced_itch,1,queue,45226.6,46080,4
3,spsc_unaligned_65536_same-core_paced_itch,1,queue,46080,46933.3,8
3,spsc_unaligned_65536_same-core_paced_itch,1,queue,46933.3,47786.6,3
3,spsc_unaligned_65536_same-core_paced_itch,1,queue,47786.6,48640,2
3,spsc_unaligned_65536_same-core_paced_itch,1,queue,48640,49493.3,7
3,spsc_unaligned_65536_same-core_paced_itch,1,queue,49493.3,50346.6,8
3,spsc_unaligned_65536_same-core_paced_itch,1,queue,50346.6,51200,7
3,spsc_unaligned_65536_same-core_paced_itch,1,queue,51200,52053.3,6
3,spsc_unaligned_65536_same-core_paced_itch,1,queue,52053.3,52906.6,15
3,spsc_unaligned_65536_same-core_paced_itch,1,queue,52906.6,53760,13
3,spsc_unaligned_65536_same-core_paced_itch,1,queue,53760,54613.3,1
3,spsc_unaligned_65536_same-core_paced_itch,1,queue,54613.3,56320,8
3,spsc_unaligned_65536_same-core_paced_itch,1,queue,56320,58026.6,16
3,spsc_unaligned_65536_same-core_paced_itch,1,queue,58026.6,59733.3,26
3,spsc_unaligned_65536_same-core_paced_itch,1,queue,59733.3,61440,20
3,spsc_unaligned_65536_same-core_paced_itch,1,queue,61440,63146.6,25
3,spsc_unaligned_65536_same-core_paced_itch,1,queue,63146.6,64853.3,19
3,spsc_unaligned_65536_same-core_paced_itch,1,queue,64853.3,66560,23
3,spsc_unaligned_65536_same-core_paced_itch,1,queue,66560,68266.6,22
3,spsc_unaligned_65536_same-core_paced_itch,1,queue,68266.6,69973.3,36
3,spsc_unaligned_65536_same-core_paced_itch,1,queue,69973.3,71680,10
3,spsc_unaligned_65536_same-core_paced_itch,1,queue,71680,73386.6,29
3,spsc_unaligned_65536_same-core_paced_itch,1,queue,73386.6,75093.3,25
3,spsc_unaligned_65536_same-core_paced_itch,1,queue,75093.3,76800,22
3,spsc_unaligned_65536_same-core_paced_itch,1,queue,76800,78506.6,16
3,spsc_unaligned_65536_same-core_paced_itch,1,queue,78506.6,80213.3,18
3,spsc_unaligned_65536_same-core_paced_itch,1,queue,80213.3,81920,12
3,spsc_unaligned_65536_same-core_paced_itch,1,queue,81920,83626.6,1
3,spsc_unaligned_65536_same-core_paced_itch,1,queue,83626.6,85333.3,2
3,spsc_unaligned_65536_same-core_paced_itch,1,queue,85333.3,87040,5
3,spsc_unaligned_65536_same-core_paced_itch,1,queue,87040,88746.6,4
3,spsc_unaligned_65536_same-core_paced_itch,1,queue,88746.6,90453.3,1
3,spsc_unaligned_65536_same-core_paced_itch,1,queue,90453.3,92160,2
3,spsc_unaligned_65536_same-core_paced_itch,1,queue,92160,93866.6,4
3,spsc_unaligned_65536_same-core_paced_itch,1,queue,93866.6,95573.3,4
3,spsc_unaligned_65536_same-core_paced_itch,1,queue,95573.3,97279.9,6
3,spsc_unaligned_65536_same-core_paced_itch,1,queue,97279.9,98986.6,9
3,spsc_unaligned_65536_same-core_paced_itch,1,queue,98986.6,100693,2
3,spsc_unaligned_65536_same-core_paced_itch,1,queue,100693,102400,4
3,spsc_unaligned_65536_same-core_paced_itch,1,queue,102400,104107,3
3,spsc_unaligned_65536_same-core_paced_itch,1,queue,104107,105813,5
3,spsc_unaligned_65536_same-core_paced_itch,1,queue,105813,107520,4
3,spsc_unaligned_65536_same-core_paced_itch,1,queue,107520,109227,2
3,spsc_unaligned_65536_same-core_paced_itch,1,queue,109227,112640,6
3,spsc_unaligned_65536_same-core_paced_itch,1,queue,112640,116053,8
3,spsc_unaligned_65536_same-core_paced_itch,1,queue,116053,119467,7
3,spsc_unaligned_65536_same-core_paced_itch,1,queue,119467,122880,13
3,spsc_unaligned_65536_same-core_paced_itch,1,queue,122880,126293,6
3,spsc_unaligned_65536_same-core_paced_itch,1,queue,126293,129707,10
3,spsc_unaligned_65536_same-core_paced_itch,1,queue,129707,133120,12
3,spsc_unaligned_65536_same-core_paced_itch,1,queue,133120,136533,12
3,spsc_unaligned_65536_same-core_paced_itch,1,queue,136533,139947,7
3,spsc_unaligned_65536_same-core_paced_itch,1,queue,139947,143360,14
3,spsc_unaligned_65536_same-core_paced_itch,1,queue,143360,146773,3
3,spsc_unaligned_65536_same-core_paced_itch,1,queue,146773,150187,7
3,spsc_unaligned_65536_same-core_paced_itch,1,queue,150187,153600,6
3,spsc_unaligned_65536_same-core_paced_itch,1,queue,153600,157013,14
3,spsc_unaligned_65536_same-core_paced_itch,1,queue,157013,160427,8
3,spsc_unaligned_65536_same-core_paced_itch,1,queue,160427,163840,9
3,spsc_unaligned_65536_same-core_paced_itch,1,queue,163840,167253,11
3,spsc_unaligned_65536_same-core_paced_itch,1,queue,167253,170667,5
3,spsc_unaligned_65536_same-core_paced_itch,1,queue,170667,174080,8
3,spsc_unaligned_65536_same-core_paced_itch,1,queue,174080,177493,13
3,spsc_unaligned_65536_same-core_paced_itch,1,queue,177493,180907,6
3,spsc_unaligned_65536_same-core_paced_itch,1,queue,180907,184320,17
3,spsc_unaligned_65536_same-core_paced_itch,1,queue,184320,187733,8
3,spsc_unaligned_65536_same-core_paced_itch,1,queue,187733,191147,12
3,spsc_unaligned_65536_same-core_paced_itch,1,queue,191147,194560,7
3,spsc_unaligned_65536_same-core_paced_itch,1,queue,194560,197973,2
3,spsc_unaligned_65536_same-core_paced_itch,1,queue,197973,201387,11
3,spsc_unaligned_65536_same-core_paced_itch,1,queue,201387,204800,12
3,spsc_unaligned_65536_same-core_paced_itch,1,queue,204800,208213,9
3,spsc_unaligned_65536_same-core_paced_itch,1,queue,208213,211627,12
3,spsc_unaligned_65536_same-core_paced_itch,1,queue,211627,215040,17
3,spsc_unaligned_65536_same-core_paced_itch,1,queue,215040,218453,11
3,spsc_unaligned_65536_same-core_paced_itch,1,queue,218453,225280,16
3,spsc_unaligned_65536_same-core_paced_itch,1,queue,225280,232107,16
3,spsc_unaligned_65536_same-core_paced_itch,1,queue,232107,238933,18
3,spsc_unaligned_65536_same-core_paced_itch,1,queue,238933,245760,23
3,spsc_unaligned_65536_same-core_paced_itch,1,queue,245760,252587,22
3,spsc_unaligned_65536_same-core_paced_itch,1,queue,252587,259413,20
3,spsc_unaligned_65536_same-core_paced_itch,1,queue,259413,266240,39
3,spsc_unaligned_65536_same-core_paced_itch,1,queue,266240,273067,15
3,spsc_unaligned_65536_same-core_paced_itch,1,queue,273067,279893,27
3,spsc_unaligned_65536_same-core_paced_itch,1,queue,279893,286720,28
3,spsc_unaligned_65536_same-core_paced_itch,1,queue,286720,293547,33
3,spsc_unaligned_65536_same-core_paced_itch,1,queue,293547,300373,33
3,spsc_unaligned_65536_same-core_paced_itch,1,queue,300373,307200,15
3,spsc_unaligned_65536_same-core_paced_itch,1,queue,307200,314026,56
3,spsc_unaligned_65536_same-core_paced_itch,1,queue,314026,320853,62
3,spsc_unaligned_65536_same-core_paced_itch,1,queue,320853,327680,34
3,spsc_unaligned_65536_same-core_paced_itch,1,queue,327680,334506,29
3,spsc_unaligned_65536_same-core_paced_itch,1,queue,334506,341333,18
3,spsc_unaligned_65536_same-core_paced_itch,1,queue,341333,348160,24
3,spsc_unaligned_65536_same-core_paced_itch,1,queue,348160,354986,22
3,spsc_unaligned_65536_same-core_paced_itch,1,queue,354986,361813,35
3,spsc_unaligned_65536_same-core_paced_itch,1,queue,361813,368640,17
3,spsc_unaligned_65536_same-core_paced_itch,1,queue,368640,375466,24
3,spsc_unaligned_65536_same-core_paced_itch,1,queue,375466,382293,70
3,spsc_unaligned_65536_same-core_paced_itch,1,queue,382293,389120,38
3,spsc_unaligned_65536_same-core_paced_itch,1,queue,389120,395946,1
3,spsc_unaligned_65536_same-core_paced_itch,1,queue,436906,450560,1
3,spsc_unaligned_65536_same-core_paced_itch,1,queue,450560,464213,4
3,spsc_unaligned_65536_same-core_paced_itch,1,queue,464213,477866,3
3,spsc_unaligned_65536_same-core_paced_itch,1,queue,491520,505173,1
3,spsc_unaligned_65536_same-core_paced_itch,1,queue,518826,532480,1
3,spsc_unaligned_65536_same-core_paced_itch,1,queue,532480,546133,1
3,spsc_unaligned_65536_same-core_paced_itch,1,queue,573440,587093,6
3,spsc_unaligned_65536_same-core_paced_itch,1,queue,587093,600746,6
3,spsc_unaligned_65536_same-core_paced_itch,1,queue,600746,614400,2
3,spsc_unaligned_65536_same-core_paced_itch,1,queue,628053,641706,2
3,spsc_unaligned_65536_same-core_paced_itch,1,queue,641706,655360,1
3,spsc_unaligned_65536_same-core_paced_itch,1,queue,655360,669013,1
3,spsc_unaligned_65536_same-core_paced_itch,1,queue,669013,682666,2
3,spsc_unaligned_65536_same-core_paced_itch,1,queue,737280,750933,1
3,spsc_unaligned_65536_same-core_paced_itch,1,queue,778240,791893,1
3,spsc_unaligned_65536_same-core_paced_itch,1,book,7.5,7.91666,1
3,spsc_unaligned_65536_same-core_paced_itch,1,book,8.33333,8.75,1
3,spsc_unaligned_65536_same-core_paced_itch,1,book,9.16666,9.58333,17
3,spsc_unaligned_65536_same-core_paced_itch,1,book,9.99999,10.4167,44
3,spsc_unaligned_65536_same-core_paced_itch,1,book,10.8333,11.25,93
3,spsc_unaligned_65536_same-core_paced_itch,1,book,11.6667,12.0833,148
3,spsc_unaligned_65536_same-core_paced_itch,1,book,12.5,12.9167,220
3,spsc_unaligned_65536_same-core_paced_itch,1,book,13.3333,13.75,325
3,spsc_unaligned_65536_same-core_paced_itch,1,book,14.1667,14.5833,556
3,spsc_unaligned_65536_same-core_paced_itch,1,book,15,15.4167,519
3,spsc_unaligned_65536_same-core_paced_itch,1,book,15.8333,16.25,550
3,spsc_unaligned_65536_same-core_paced_itch,1,book,16.6667,17.0833,587
3,spsc_unaligned_65536_same-core_paced_itch,1,book,17.5,17.9167,605
3,spsc_unaligned_65536_same-core_paced_itch,1,book,18.3333,18.75,777
3,spsc_unaligned_65536_same-core_paced_itch,1,book,19.1667,19.5833,728
3,spsc_unaligned_65536_same-core_paced_itch,1,book,20,20.4167,753
3,spsc_unaligned_65536_same-core_paced_itch,1,book,20.8333,21.25,652
3,spsc_unaligned_65536_same-core_paced_itch,1,book,21.6667,22.0833,815
3,spsc_unaligned_65536_same-core_paced_itch,1,book,22.5,22.9167,1121
3,spsc_unaligned_65536_same-core_paced_itch,1,book,23.3333,23.75,1228
3,spsc_unaligned_65536_same-core_paced_itch,1,book,24.1667,24.5833,1245
3,spsc_unaligned_65536_same-core_paced_itch,1,book,25,25.4167,1120
3,spsc_unaligned_65536_same-core_paced_itch,1,book,25.8333,26.25,988
3,spsc_unaligned_65536_same-core_paced_itch,1,book,26.6667,27.5,753
3,spsc_unaligned_65536_same-core_paced_itch,1,book,27.5,28.3333,563
3,spsc_unaligned_65536_same-core_paced_itch,1,book,28.3333,29.1667,506
3,spsc_unaligned_65536_same-core_paced_itch,1,book,29.1667,30,436
3,spsc_unaligned_65536_same-core_paced_itch,1,book,30,30.8333,465
3,spsc_unaligned_65536_same-core_paced_itch,1,book,30.8333,31.6666,428
3,spsc_unaligned_65536_same-core_paced_itch,1,book,31.6666,32.5,437
3,spsc_unaligned_65536_same-core_paced_itch,1,book,32.5,33.3333,450
3,spsc_unaligned_65536_same-core_paced_itch,1,book,33.3333,34.1666,469
3,spsc_unaligned_65536_same-core_paced_itch,1,book,34.1666,35,475
3,spsc_unaligned_65536_same-core_paced_itch,1,book,35,35.8333,502
3,spsc_unaligned_65536_same-core_paced_itch,1,book,35.8333,36.6666,580
3,spsc_unaligned_65536_same-core_paced_itch,1,book,36.6666,37.5,607
3,spsc_unaligned_65536_same-core_paced_itch,1,book,37.5,38.3333,674
3,spsc_unaligned_65536_same-core_paced_itch,1,book,38.3333,39.1666,745
3,spsc_unaligned_65536_same-core_paced_itch,1,book,39.1666,40,729
3,spsc_unaligned_65536_same-core_paced_itch,1,book,40,40.8333,906
3,spsc_unaligned_65536_same-core_paced_itch,1,book,40.8333,41.6666,800
3,spsc_unaligned_65536_same-core_paced_itch,1,book,41.6666,42.5,994
3,spsc_unaligned_65536_same-core_paced_itch,1,book,42.5,43.3333,1000
3,spsc_unaligned_65536_same-core_paced_itch,1,book,43.3333,44.1666,1028
3,spsc_unaligned_65536_same-core_paced_itch,1,book,44.1666,45,1105
3,spsc_unaligned_65536_same-core_paced_itch,1,book,45,45.8333,1043
3,spsc_unaligned_65536_same-core_paced_itch,1,book,45.8333,46.6666,1118
3,spsc_unaligned_65536_same-core_paced_itch,1,book,46.6666,47.5,1117
3,spsc_unaligned_65536_same-core_paced_itch,1,book,47.5,48.3333,1115
3,spsc_unaligned_65536_same-core_paced_itch,1,book,48.3333,49.1666,1178
3,spsc_unaligned_65536_same-core_paced_itch,1,book,49.1666,50,1041
3,spsc_unaligned_65536_same-core_paced_itch,1,book,50,50.8333,1325
3,spsc_unaligned_65536_same-core_paced_itch,1,book,50.8333,51.6666,1196
3,spsc_unaligned_65536_same-core_paced_itch,1,book,51.6666,52.5,1386
3,spsc_unaligned_65536_same-core_paced_itch,1,book,52.5,53.3333,1343
3,spsc_unaligned_65536_same-core_paced_itch,1,book,53.3333,55,2812
3,spsc_unaligned_65536_same-core_paced_itch,1,book,55,56.6666,2906
3,spsc_unaligned_65536_same-core_paced_itch,1,book,56.6666,58.3333,2908
3,spsc_unaligned_65536_same-core_paced_itch,1,book,58.3333,60,2849
3,spsc_unaligned_65536_same-core_paced_itch,1,book,60,61.6666,2808
3,spsc_unaligned_65536_same-core_paced_itch,1,book,61.6666,63.3333,2626
3,spsc_unaligned_65536_same-core_paced_itch,1,book,63.3333,65,2631
3,spsc_unaligned_65536_same-core_paced_itch,1,book,65,66.6666,2598
3,spsc_unaligned_65536_same-core_paced_itch,1,book,66.6666,68.3333,2642
3,spsc_unaligned_65536_same-core_paced_itch,1,book,68.3333,70,2531
3,spsc_unaligned_65536_same-core_paced_itch,1,book,70,71.6666,2451
3,spsc_unaligned_65536_same-core_paced_itch,1,book,71.6666,73.3333,2404
3,spsc_unaligned_65536_same-core_paced_itch,1,book,73.3333,75,2268
3,spsc_unaligned_65536_same-core_paced_itch,1,book,75,76.6666,2096
3,spsc_unaligned_65536_same-core_paced_itch,1,book,76.6666,78.3333,1940
3,spsc_unaligned_65536_same-core_paced_itch,1,book,78.3333,80,1730
3,spsc_unaligned_65536_same-core_paced_itch,1,book,80,81.6666,1776
3,spsc_unaligned_65536_same-core_paced_itch,1,book,81.6666,83.3333,1623
3,spsc_unaligned_65536_same-core_paced_itch,1,book,83.3333,85,1598
3,spsc_unaligned_65536_same-core_paced_itch,1,book,85,86.6666,1484
3,spsc_unaligned_65536_same-core_paced_itch,1,book,86.6666,88.3333,1400
3,spsc_unaligned_65536_same-core_paced_itch,1,book,88.3333,90,1324
3,spsc_unaligned_65536_same-core_paced_itch,1,book,90,91.6666,1434
3,spsc_unaligned_65536_same-core_paced_itch,1,book,91.6666,93.3333,1411
3,spsc_unaligned_65536_same-core_paced_itch,1,book,93.3333,94.9999,1325
3,spsc_unaligned_65536_same-core_paced_itch,1,book,94.9999,96.6666,1218
3,spsc_unaligned_65536_same-core_paced_itch,1,book,96.6666,98.3333,1172
3,spsc_unaligned_65536_same-core_paced_itch,1,book,98.3333,99.9999,1160
3,spsc_unaligned_65536_same-core_paced_itch,1,book,99.9999,101.667,1143
3,spsc_unaligned_65536_same-core_paced_itch,1,book,101.667,103.333,1087
3,spsc_unaligned_65536_same-core_paced_itch,1,book,103.333,105,1106
3,spsc_unaligned_65536_same-core_paced_itch,1,book,105,106.667,988
3,spsc_unaligned_65536_same-core_paced_itch,1,book,106.667,110,1763
3,spsc_unaligned_65536_same-core_paced_itch,1,book,110,113.333,1838
3,spsc_unaligned_65536_same-core_paced_itch,1,book,113.333,116.667,2438
3,spsc_unaligned_65536_same-core_paced_itch,1,book,116.667,120,3638
3,spsc_unaligned_65536_same-core_paced_itch,1,book,120,123.333,4934
3,spsc_unaligned_65536_same-core_paced_itch,1,book,123.333,126.667,5349
3,spsc_unaligned_65536_same-core_paced_itch,1,book,126.667,130,6158
3,spsc_unaligned_65536_same-core_paced_itch,1,book,130,133.333,7291
3,spsc_unaligned_65536_same-core_paced_itch,1,book,133.333,136.667,8130
3,spsc_unaligned_65536_same-core_paced_itch,1,book,136.667,140,8582
3,spsc_unaligned_65536_same-core_paced_itch,1,book,140,143.333,8164
3,spsc_unaligned_65536_same-core_paced_itch,1,book,143.333,146.667,7484
3,spsc_unaligned_65536_same-core_paced_itch,1,book,146.667,150,7450
3,spsc_unaligned_65536_same-core_paced_itch,1,book,150,153.333,7321
3,spsc_unaligned_65536_same-core_paced_itch,1,book,153.333,156.667,5966
3,spsc_unaligned_65536_same-core_paced_itch,1,book,156.667,160,5034
3,spsc_unaligned_65536_same-core_paced_itch,1,book,160,163.333,3959
3,spsc_unaligned_65536_same-core_paced_itch,1,book,163.333,166.667,3026
3,spsc_unaligned_65536_same-core_paced_itch,1,book,166.667,170,2640
3,spsc_unaligned_65536_same-core_paced_itch,1,book,170,173.333,2377
3,spsc_unaligned_65536_same-core_paced_itch,1,book,173.333,176.667,2215
3,spsc_unaligned_65536_same-core_paced_itch,1,book,176.667,180,2088
3,spsc_unaligned_65536_same-core_paced_itch,1,book,180,183.333,1970
3,spsc_unaligned_65536_same-core_paced_itch,1,book,183.333,186.667,1873
3,spsc_unaligned_65536_same-core_paced_itch,1,book,186.667,190,1709
3,spsc_unaligned_65536_same-core_paced_itch,1,book,190,193.333,1664
3,spsc_unaligned_65536_same-core_paced_itch,1,book,193.333,196.667,1583
3,spsc_unaligned_65536_same-core_paced_itch,1,book,196.667,200,1475
3,spsc_unaligned_65536_same-core_paced_itch,1,book,200,203.333,1477
3,spsc_unaligned_65536_same-core_paced_itch,1,book,203.333,206.667,1402
3,spsc_unaligned_65536_same-core_paced_itch,1,book,206.667,210,1356
3,spsc_unaligned_65536_same-core_paced_itch,1,book,210,213.333,1291
3,spsc_unaligned_65536_same-core_paced_itch,1,book,213.333,220,2462
3,spsc_unaligned_65536_same-core_paced_itch,1,book,220,226.667,2247
3,spsc_unaligned_65536_same-core_paced_itch,1,book,226.667,233.333,2114
3,spsc_unaligned_65536_same-core_paced_itch,1,book,233.333,240,2011
3,spsc_unaligned_65536_same-core_paced_itch,1,book,240,246.667,1883
3,spsc_unaligned_65536_same-core_paced_itch,1,book,246.667,253.333,1739
3,spsc_unaligned_65536_same-core_paced_itch,1,book,253.333,260,1621
3,spsc_unaligned_65536_same-core_paced_itch,1,book,260,266.667,1435
3,spsc_unaligned_65536_same-core_paced_itch,1,book,266.667,273.333,1344
3,spsc_unaligned_65536_same-core_paced_itch,1,book,273.333,280,1271
3,spsc_unaligned_65536_same-core_paced_itch,1,book,280,286.667,1207
3,spsc_unaligned_65536_same-core_paced_itch,1,book,286.667,293.333,1061
3,spsc_unaligned_65536_same-core_paced_itch,1,book,293.333,300,1065
3,spsc_unaligned_65536_same-core_paced_itch,1,book,300,306.667,1041
3,spsc_unaligned_65536_same-core_paced_itch,1,book,306.667,313.333,906
3,spsc_unaligned_65536_same-core_paced_itch,1,book,313.333,320,889
3,spsc_unaligned_65536_same-core_paced_itch,1,book,320,326.666,810
3,spsc_unaligned_65536_same-core_paced_itch,1,book,326.666,333.333,786
3,spsc_unaligned_65536_same-core_paced_itch,1,book,333.333,340,747
3,spsc_unaligned_65536_same-core_paced_itch,1,book,340,346.666,721
3,spsc_unaligned_65536_same-core_paced_itch,1,book,346.666,353.333,652
3,spsc_unaligned_65536_same-core_paced_itch,1,book,353.333,360,603
3,spsc_unaligned_65536_same-core_paced_itch,1,book,360,366.666,589
3,spsc_unaligned_65536_same-core_paced_itch,1,book,366.666,373.333,593
3,spsc_unaligned_65536_same-core_paced_itch,1,book,373.333,380,554
3,spsc_unaligned_65536_same-core_paced_itch,1,book,380,386.666,481
3,spsc_unaligned_65536_same-core_paced_itch,1,book,386.666,393.333,381
3,spsc_unaligned_65536_same-core_paced_itch,1,book,393.333,400,376
3,spsc_unaligned_65536_same-core_paced_itch,1,book,400,406.666,345
3,spsc_unaligned_65536_same-core_paced_itch,1,book,406.666,413.333,352
3,spsc_unaligned_65536_same-core_paced_itch,1,book,413.333,420,327
3,spsc_unaligned_65536_same-core_paced_itch,1,book,420,426.666,314
3,spsc_unaligned_65536_same-core_paced_itch,1,book,426.666,440,502
3,spsc_unaligned_65536_same-core_paced_itch,1,book,440,453.333,315
3,spsc_unaligned_65536_same-core_paced_itch,1,book,453.333,466.666,230
3,spsc_unaligned_65536_same-core_paced_itch,1,book,466.666,480,210
3,spsc_unaligned_65536_same-core_paced_itch,1,book,480,493.333,171
3,spsc_unaligned_65536_same-core_paced_itch,1,book,493.333,506.666,159
3,spsc_unaligned_65536_same-core_paced_itch,1,book,506.666,520,138
3,spsc_unaligned_65536_same-core_paced_itch,1,book,520,533.333,116
3,spsc_unaligned_65536_same-core_paced_itch,1,book,533.333,546.666,108
3,spsc_unaligned_65536_same-core_paced_itch,1,book,546.666,560,95
3,spsc_unaligned_65536_same-core_paced_itch,1,book,560,573.333,63
3,spsc_unaligned_65536_same-core_paced_itch,1,book,573.333,586.666,51
3,spsc_unaligned_65536_same-core_paced_itch,1,book,586.666,600,46
3,spsc_unaligned_65536_same-core_paced_itch,1,book,600,613.333,41
3,spsc_unaligned_65536_same-core_paced_itch,1,book,613.333,626.666,34
3,spsc_unaligned_65536_same-core_paced_itch,1,book,626.666,640,22
3,spsc_unaligned_65536_same-core_paced_itch,1,book,640,653.333,21
3,spsc_unaligned_65536_same-core_paced_itch,1,book,653.333,666.666,31
3,spsc_unaligned_65536_same-core_paced_itch,1,book,666.666,680,13
3,spsc_unaligned_65536_same-core_paced_itch,1,book,680,693.333,26
3,spsc_unaligned_65536_same-core_paced_itch,1,book,693.333,706.666,13
3,spsc_unaligned_65536_same-core_paced_itch,1,book,706.666,720,14
3,spsc_unaligned_65536_same-core_paced_itch,1,book,720,733.333,14
3,spsc_unaligned_65536_same-core_paced_itch,1,book,733.333,746.666,11
3,spsc_unaligned_65536_same-core_paced_itch,1,book,746.666,760,22
3,spsc_unaligned_65536_same-core_paced_itch,1,book,760,773.333,24
3,spsc_unaligned_65536_same-core_paced_itch,1,book,773.333,786.666,28
3,spsc_unaligned_65536_same-core_paced_itch,1,book,786.666,800,28
3,spsc_unaligned_65536_same-core_paced_itch,1,book,800,813.333,26
3,spsc_unaligned_65536_same-core_paced_itch,1,book,813.333,826.666,32
3,spsc_unaligned_65536_same-core_paced_itch,1,book,826.666,840,31
3,spsc_unaligned_65536_same-core_paced_itch,1,book,840,853.333,39
3,spsc_unaligned_65536_same-core_paced_itch,1,book,853.333,880,64
3,spsc_unaligned_65536_same-core_paced_itch,1,book,880,906.666,71
3,spsc_unaligned_65536_same-core_paced_itch,1,book,906.666,933.333,72
3,spsc_unaligned_65536_same-core_paced_itch,1,book,933.333,959.999,65
3,spsc_unaligned_65536_same-core_paced_itch,1,book,959.999,986.666,52
3,spsc_unaligned_65536_same-core_paced_itch,1,book,986.666,1013.33,41
3,spsc_unaligned_65536_same-core_paced_itch,1,book,1013.33,1040,40
3,spsc_unaligned_65536_same-core_paced_itch,1,book,1040,1066.67,30
3,spsc_unaligned_65536_same-core_paced_itch,1,book,1066.67,1093.33,38
3,spsc_unaligned_65536_same-core_paced_itch,1,book,1093.33,1120,20
3,spsc_unaligned_65536_same-core_paced_itch,1,book,1120,1146.67,15
3,spsc_unaligned_65536_same-core_paced_itch,1,book,1146.67,1173.33,18
3,spsc_unaligned_65536_same-core_paced_itch,1,book,1173.33,1200,12
3,spsc_unaligned_65536_same-core_paced_itch,1,book,1200,1226.67,9
3,spsc_unaligned_65536_same-core_paced_itch,1,book,1226.67,1253.33,6
3,spsc_unaligned_65536_same-core_paced_itch,1,book,1253.33,1280,7
3,spsc_unaligned_65536_same-core_paced_itch,1,book,1280,1306.67,5
3,spsc_unaligned_65536_same-core_paced_itch,1,book,1306.67,1333.33,3
3,spsc_unaligned_65536_same-core_paced_itch,1,book,1333.33,1360,5
3,spsc_unaligned_65536_same-core_paced_itch,1,book,1360,1386.67,5
3,spsc_unaligned_65536_same-core_paced_itch,1,book,1386.67,1413.33,4
3,spsc_unaligned_65536_same-core_paced_itch,1,book,1413.33,1440,3
3,spsc_unaligned_65536_same-core_paced_itch,1,book,1440,1466.67,4
3,spsc_unaligned_65536_same-core_paced_itch,1,book,1466.67,1493.33,3
3,spsc_unaligned_65536_same-core_paced_itch,1,book,1493.33,1520,2
3,spsc_unaligned_65536_same-core_paced_itch,1,book,1520,1546.67,6
3,spsc_unaligned_65536_same-core_paced_itch,1,book,1546.67,1573.33,3
3,spsc_unaligned_65536_same-core_paced_itch,1,book,1573.33,1600,7
3,spsc_unaligned_65536_same-core_paced_itch,1,book,1600,1626.67,5
3,spsc_unaligned_65536_same-core_paced_itch,1,book,1626.67,1653.33,7
3,spsc_unaligned_65536_same-core_paced_itch,1,book,1653.33,1680,11
3,spsc_unaligned_65536_same-core_paced_itch,1,book,1680,1706.67,1
3,spsc_unaligned_65536_same-core_paced_itch,1,book,1706.67,1760,10
3,spsc_unaligned_65536_same-core_paced_itch,1,book,1760,1813.33,17
3,spsc_unaligned_65536_same-core_paced_itch,1,book,1813.33,1866.67,8
3,spsc_unaligned_65536_same-core_paced_itch,1,book,1866.67,1920,11
3,spsc_unaligned_65536_same-core_paced_itch,1,book,1920,1973.33,7
3,spsc_unaligned_65536_same-core_paced_itch,1,book,1973.33,2026.67,6
3,spsc_unaligned_65536_same-core_paced_itch,1,book,2026.67,2080,4
3,spsc_unaligned_65536_same-core_paced_itch,1,book,2080,2133.33,4
3,spsc_unaligned_65536_same-core_paced_itch,1,book,2186.67,2240,2
3,spsc_unaligned_65536_same-core_paced_itch,1,book,2240,2293.33,2
3,spsc_unaligned_65536_same-core_paced_itch,1,book,2293.33,2346.67,2
3,spsc_unaligned_65536_same-core_paced_itch,1,book,2346.67,2400,3
3,spsc_unaligned_65536_same-core_paced_itch,1,book,2400,2453.33,2
3,spsc_unaligned_65536_same-core_paced_itch,1,book,2506.67,2560,2
3,spsc_unaligned_65536_same-core_paced_itch,1,book,2560,2613.33,2
3,spsc_unaligned_65536_same-core_paced_itch,1,book,2613.33,2666.67,1
3,spsc_unaligned_65536_same-core_paced_itch,1,book,2666.67,2720,1
3,spsc_unaligned_65536_same-core_paced_itch,1,book,2720,2773.33,1
3,spsc_unaligned_65536_same-core_paced_itch,1,book,2773.33,2826.67,2
3,spsc_unaligned_65536_same-core_paced_itch,1,book,2826.67,2880,2
3,spsc_unaligned_65536_same-core_paced_itch,1,book,3200,3253.33,1
3,spsc_unaligned_65536_same-core_paced_itch,1,book,3253.33,3306.66,2
3,spsc_unaligned_65536_same-core_paced_itch,1,book,3306.66,3360,3
3,spsc_unaligned_65536_same-core_paced_itch,1,book,3360,3413.33,1
3,spsc_unaligned_65536_same-core_paced_itch,1,book,3413.33,3520,4
3,spsc_unaligned_65536_same-core_paced_itch,1,book,3520,3626.66,1
3,spsc_unaligned_65536_same-core_paced_itch,1,book,3626.66,3733.33,2
3,spsc_unaligned_65536_same-core_paced_itch,1,book,3733.33,3840,1
3,spsc_unaligned_65536_same-core_paced_itch,1,book,3840,3946.66,1
3,spsc_unaligned_65536_same-core_paced_itch,1,book,4160,4266.66,1
3,spsc_unaligned_65536_same-core_paced_itch,1,book,4266.66,4373.33,1
3,spsc_unaligned_65536_same-core_paced_itch,1,book,4373.33,4480,1
3,spsc_unaligned_65536_same-core_paced_itch,1,book,4480,4586.66,1
3,spsc_unaligned_65536_same-core_paced_itch,1,book,4693.33,4800,2
3,spsc_unaligned_65536_same-core_paced_itch,1,book,5013.33,5120,1
3,spsc_unaligned_65536_same-core_paced_itch,1,book,5226.66,5333.33,2
3,spsc_unaligned_65536_same-core_paced_itch,1,book,5653.33,5760,1
3,spsc_unaligned_65536_same-core_paced_itch,1,book,6293.33,6400,1
3,spsc_unaligned_65536_same-core_paced_itch,1,book,6400,6506.66,1
3,spsc_unaligned_65536_same-core_paced_itch,1,book,7040,7253.33,1
3,spsc_unaligned_65536_same-core_paced_itch,1,book,8106.66,8320,1
3,spsc_unaligned_65536_same-core_paced_itch,1,book,11946.7,12160,1
