run,label,median,metric,bucket_lo_ns,bucket_hi_ns,count
1,spsc_unaligned_1048576_cross-core_paced_itch,1,total,240.001,246.668,1
1,spsc_unaligned_1048576_cross-core_paced_itch,1,total,246.668,253.335,1
1,spsc_unaligned_1048576_cross-core_paced_itch,1,total,260.001,266.668,1
1,spsc_unaligned_1048576_cross-core_paced_itch,1,total,280.001,286.668,1
1,spsc_unaligned_1048576_cross-core_paced_itch,1,total,286.668,293.335,1
1,spsc_unaligned_1048576_cross-core_paced_itch,1,total,293.335,300.001,2
1,spsc_unaligned_1048576_cross-core_paced_itch,1,total,300.001,306.668,4
1,spsc_unaligned_1048576_cross-core_paced_itch,1,total,306.668,313.335,1
1,spsc_unaligned_1048576_cross-core_paced_itch,1,total,313.335,320.002,4
1,spsc_unaligned_1048576_cross-core_paced_itch,1,total,320.002,326.668,4
1,spsc_unaligned_1048576_cross-core_paced_itch,1,total,326.668,333.335,4
1,spsc_unaligned_1048576_cross-core_paced_itch,1,total,333.335,340.002,11
1,spsc_unaligned_1048576_cross-core_paced_itch,1,total,340.002,346.668,24
1,spsc_unaligned_1048576_cross-core_paced_itch,1,total,346.668,353.335,54
1,spsc_unaligned_1048576_cross-core_paced_itch,1,total,353.335,360.002,103
1,spsc_unaligned_1048576_cross-core_paced_itch,1,total,360.002,366.668,177
1,spsc_unaligned_1048576_cross-core_paced_itch,1,total,366.668,373.335,254
1,spsc_unaligned_1048576_cross-core_paced_itch,1,total,373.335,380.002,401
1,spsc_unaligned_1048576_cross-core_paced_itch,1,total,380.002,386.669,606
1,spsc_unaligned_1048576_cross-core_paced_itch,1,total,386.669,393.335,816
1,spsc_unaligned_1048576_cross-core_paced_itch,1,total,393.335,400.002,1073
1,spsc_unaligned_1048576_cross-core_paced_itch,1,total,400.002,406.669,1306
1,spsc_unaligned_1048576_cross-core_paced_itch,1,total,406.669,413.335,1510
1,spsc_unaligned_1048576_cross-core_paced_itch,1,total,413.335,420.002,1655
1,spsc_unaligned_1048576_cross-core_paced_itch,1,total,420.002,426.669,1729
1,spsc_unaligned_1048576_cross-core_paced_itch,1,total,426.669,440.002,3518
1,spsc_unaligned_1048576_cross-core_paced_itch,1,total,440.002,453.336,3232
1,spsc_unaligned_1048576_cross-core_paced_itch,1,total,453.336,466.669,2849
1,spsc_unaligned_1048576_cross-core_paced_itch,1,total,466.669,480.002,3219
1,spsc_unaligned_1048576_cross-core_paced_itch,1,total,480.002,493.336,4268
1,spsc_unaligned_1048576_cross-core_paced_itch,1,total,493.336,506.669,5593
1,spsc_unaligned_1048576_cross-core_paced_itch,1,total,506.669,520.003,6894
1,spsc_unaligned_1048576_cross-core_paced_itch,1,total,520.003,533.336,7409
1,spsc_unaligned_1048576_cross-core_paced_itch,1,total,533.336,546.669,7206
1,spsc_unaligned_1048576_cross-core_paced_itch,1,total,546.669,560.003,6796
1,spsc_unaligned_1048576_cross-core_paced_itch,1,total,560.003,573.336,5995
1,spsc_unaligned_1048576_cross-core_paced_itch,1,total,573.336,586.67,5340
1,spsc_unaligned_1048576_cross-core_paced_itch,1,total,586.67,600.003,4602
1,spsc_unaligned_1048576_cross-core_paced_itch,1,total,600.003,613.336,3923
1,spsc_unaligned_1048576_cross-core_paced_itch,1,total,613.336,626.67,3581
1,spsc_unaligned_1048576_cross-core_paced_itch,1,total,626.67,640.003,3592
1,spsc_unaligned_1048576_cross-core_paced_itch,1,total,640.003,653.337,4064
1,spsc_unaligned_1048576_cross-core_paced_itch,1,total,653.337,666.67,4479
1,spsc_unaligned_1048576_cross-core_paced_itch,1,total,666.67,680.003,4418
1,spsc_unaligned_1048576_cross-core_paced_itch,1,total,680.003,693.337,4159
1,spsc_unaligned_1048576_cross-core_paced_itch,1,total,693.337,706.67,3826
1,spsc_unaligned_1048576_cross-core_paced_itch,1,total,706.67,720.004,3507
1,spsc_unaligned_1048576_cross-core_paced_itch,1,total,720.004,733.337,3245
1,spsc_unaligned_1048576_cross-core_paced_itch,1,total,733.337,746.67,3062
1,spsc_unaligned_1048576_cross-core_paced_itch,1,total,746.67,760.004,2872
1,spsc_unaligned_1048576_cross-core_paced_itch,1,total,760.004,773.337,2660
1,spsc_unaligned_1048576_cross-core_paced_itch,1,total,773.337,786.671,2547
1,spsc_unaligned_1048576_cross-core_paced_itch,1,total,786.671,800.004,2584
1,spsc_unaligned_1048576_cross-core_paced_itch,1,total,800.004,813.337,2446
1,spsc_unaligned_1048576_cross-core_paced_itch,1,total,813.337,826.671,2283
1,spsc_unaligned_1048576_cross-core_paced_itch,1,total,826.671,840.004,2128
1,spsc_unaligned_1048576_cross-core_paced_itch,1,total,840.004,853.338,1989
1,spsc_unaligned_1048576_cross-core_paced_itch,1,total,853.338,880.004,3695
1,spsc_unaligned_1048576_cross-core_paced_itch,1,total,880.004,906.671,3433
1,spsc_unaligned_1048576_cross-core_paced_itch,1,total,906.671,933.338,3190
1,spsc_unaligned_1048576_cross-core_paced_itch,1,total,933.338,960.005,2640
1,spsc_unaligned_1048576_cross-core_paced_itch,1,total,960.005,986.672,2419
1,spsc_unaligned_1048576_cross-core_paced_itch,1,total,986.672,1013.34,2144
1,spsc_unaligned_1048576_cross-core_paced_itch,1,total,1013.34,1040.01,1964
1,spsc_unaligned_1048576_cross-core_paced_itch,1,total,1040.01,1066.67,1769
1,spsc_unaligned_1048576_cross-core_paced_itch,1,total,1066.67,1093.34,1678
1,spsc_unaligned_1048576_cross-core_paced_itch,1,total,1093.34,1120.01,1508
1,spsc_unaligned_1048576_cross-core_paced_itch,1,total,1120.01,1146.67,1351
1,spsc_unaligned_1048576_cross-core_paced_itch,1,total,1146.67,1173.34,1222
1,spsc_unaligned_1048576_cross-core_paced_itch,1,total,1173.34,1200.01,1175
1,spsc_unaligned_1048576_cross-core_paced_itch,1,total,1200.01,1226.67,1085
1,spsc_unaligned_1048576_cross-core_paced_itch,1,total,1226.67,1253.34,970
1,spsc_unaligned_1048576_cross-core_paced_itch,1,total,1253.34,1280.01,902
1,spsc_unaligned_1048576_cross-core_paced_itch,1,total,1280.01,1306.67,877
1,spsc_unaligned_1048576_cross-core_paced_itch,1,total,1306.67,1333.34,812
1,spsc_unaligned_1048576_cross-core_paced_itch,1,total,1333.34,1360.01,750
1,spsc_unaligned_1048576_cross-core_paced_itch,1,total,1360.01,1386.67,776
1,spsc_unaligned_1048576_cross-core_paced_itch,1,total,1386.67,1413.34,695
1,spsc_unaligned_1048576_cross-core_paced_itch,1,total,1413.34,1440.01,663
1,spsc_unaligned_1048576_cross-core_paced_itch,1,total,1440.01,1466.67,658
1,spsc_unaligned_1048576_cross-core_paced_itch,1,total,1466.67,1493.34,671
1,spsc_unaligned_1048576_cross-core_paced_itch,1,total,1493.34,1520.01,641
1,spsc_unaligned_1048576_cross-core_paced_itch,1,total,1520.01,1546.67,619
1,spsc_unaligned_1048576_cross-core_paced_itch,1,total,1546.67,1573.34,591
1,spsc_unaligned_1048576_cross-core_paced_itch,1,total,1573.34,1600.01,548
1,spsc_unaligned_1048576_cross-core_paced_itch,1,total,1600.01,1626.67,505
1,spsc_unaligned_1048576_cross-core_paced_itch,1,total,1626.67,1653.34,562
1,spsc_unaligned_1048576_cross-core_paced_itch,1,total,1653.34,1680.01,546
1,spsc_unaligned_1048576_cross-core_paced_itch,1,total,1680.01,1706.68,514
1,spsc_unaligned_1048576_cross-core_paced_itch,1,total,1706.68,1760.01,1030
1,spsc_unaligned_1048576_cross-core_paced_itch,1,total,1760.01,1813.34,1008
1,spsc_unaligned_1048576_cross-core_paced_itch,1,total,1813.34,1866.68,1022
1,spsc_unaligned_1048576_cross-core_paced_itch,1,total,1866.68,1920.01,901
1,spsc_unaligned_1048576_cross-core_paced_itch,1,total,1920.01,1973.34,935
1,spsc_unaligned_1048576_cross-core_paced_itch,1,total,1973.34,2026.68,931
1,spsc_unaligned_1048576_cross-core_paced_itch,1,total,2026.68,2080.01,909
1,spsc_unaligned_1048576_cross-core_paced_itch,1,total,2080.01,2133.34,806
1,spsc_unaligned_1048576_cross-core_paced_itch,1,total,2133.34,2186.68,828
1,spsc_unaligned_1048576_cross-core_paced_itch,1,total,2186.68,2240.01,821
1,spsc_unaligned_1048576_cross-core_paced_itch,1,total,2240.01,2293.34,815
1,spsc_unaligned_1048576_cross-core_paced_itch,1,total,2293.34,2346.68,802
1,spsc_unaligned_1048576_cross-core_paced_itch,1,total,2346.68,2400.01,755
1,spsc_unaligned_1048576_cross-core_paced_itch,1,total,2400.01,2453.35,731
1,spsc_unaligned_1048576_cross-core_paced_itch,1,total,2453.35,2506.68,760
1,spsc_unaligned_1048576_cross-core_paced_itch,1,total,2506.68,2560.01,731
1,spsc_unaligned_1048576_cross-core_paced_itch,1,total,2560.01,2613.35,765
1,spsc_unaligned_1048576_cross-core_paced_itch,1,total,2613.35,2666.68,751
1,spsc_unaligned_1048576_cross-core_paced_itch,1,total,2666.68,2720.01,709
1,spsc_unaligned_1048576_cross-core_paced_itch,1,total,2720.01,2773.35,706
1,spsc_unaligned_1048576_cross-core_paced_itch,1,total,2773.35,2826.68,661
1,spsc_unaligned_1048576_cross-core_paced_itch,1,total,2826.68,2880.01,676
1,spsc_unaligned_1048576_cross-core_paced_itch,1,total,2880.01,2933.35,649
1,spsc_unaligned_1048576_cross-core_paced_itch,1,total,2933.35,2986.68,643
1,spsc_unaligned_1048576_cross-core_paced_itch,1,total,2986.68,3040.02,643
1,spsc_unaligned_1048576_cross-core_paced_itch,1,total,3040.02,3093.35,645
1,spsc_unaligned_1048576_cross-core_paced_itch,1,total,3093.35,3146.68,606
1,spsc_unaligned_1048576_cross-core_paced_itch,1,total,3146.68,3200.02,632
1,spsc_unaligned_1048576_cross-core_paced_itch,1,total,3200.02,3253.35,564
1,spsc_unaligned_1048576_cross-core_paced_itch,1,total,3253.35,3306.68,554
1,spsc_unaligned_1048576_cross-core_paced_itch,1,total,3306.68,3360.02,640
1,spsc_unaligned_1048576_cross-core_paced_itch,1,total,3360.02,3413.35,580
1,spsc_unaligned_1048576_cross-core_paced_itch,1,total,3413.35,3520.02,1150
1,spsc_unaligned_1048576_cross-core_paced_itch,1,total,3520.02,3626.68,1140
1,spsc_unaligned_1048576_cross-core_paced_itch,1,total,3626.68,3733.35,1085
1,spsc_unaligned_1048576_cross-core_paced_itch,1,total,3733.35,3840.02,1087
1,spsc_unaligned_1048576_cross-core_paced_itch,1,total,3840.02,3946.69,1015
1,spsc_unaligned_1048576_cross-core_paced_itch,1,total,3946.69,4053.35,1001
1,spsc_unaligned_1048576_cross-core_paced_itch,1,total,4053.35,4160.02,924
1,spsc_unaligned_1048576_cross-core_paced_itch,1,total,4160.02,4266.69,902
1,spsc_unaligned_1048576_cross-core_paced_itch,1,total,4266.69,4373.35,918
1,spsc_unaligned_1048576_cross-core_paced_itch,1,total,4373.35,4480.02,888
1,spsc_unaligned_1048576_cross-core_paced_itch,1,total,4480.02,4586.69,835
1,spsc_unaligned_1048576_cross-core_paced_itch,1,total,4586.69,4693.36,784
1,spsc_unaligned_1048576_cross-core_paced_itch,1,total,4693.36,4800.02,785
1,spsc_unaligned_1048576_cross-core_paced_itch,1,total,4800.02,4906.69,763
1,spsc_unaligned_1048576_cross-core_paced_itch,1,total,4906.69,5013.36,742
1,spsc_unaligned_1048576_cross-core_paced_itch,1,total,5013.36,5120.03,712
1,spsc_unaligned_1048576_cross-core_paced_itch,1,total,5120.03,5226.69,698
1,spsc_unaligned_1048576_cross-core_paced_itch,1,total,5226.69,5333.36,647
1,spsc_unaligned_1048576_cross-core_paced_itch,1,total,5333.36,5440.03,632
1,spsc_unaligned_1048576_cross-core_paced_itch,1,total,5440.03,5546.69,618
1,spsc_unaligned_1048576_cross-core_paced_itch,1,total,5546.69,5653.36,612
1,spsc_unaligned_1048576_cross-core_paced_itch,1,total,5653.36,5760.03,606
1,spsc_unaligned_1048576_cross-core_paced_itch,1,total,5760.03,5866.7,553
1,spsc_unaligned_1048576_cross-core_paced_itch,1,total,5866.7,5973.36,535
1,spsc_unaligned_1048576_cross-core_paced_itch,1,total,5973.36,6080.03,522
1,spsc_unaligned_1048576_cross-core_paced_itch,1,total,6080.03,6186.7,535
1,spsc_unaligned_1048576_cross-core_paced_itch,1,total,6186.7,6293.36,513
1,spsc_unaligned_1048576_cross-core_paced_itch,1,total,6293.36,6400.03,547
1,spsc_unaligned_1048576_cross-core_paced_itch,1,total,6400.03,6506.7,508
1,spsc_unaligned_1048576_cross-core_paced_itch,1,total,6506.7,6613.37,466
1,spsc_unaligned_1048576_cross-core_paced_itch,1,total,6613.37,6720.03,453
1,spsc_unaligned_1048576_cross-core_paced_itch,1,total,6720.03,6826.7,529
1,spsc_unaligned_1048576_cross-core_paced_itch,1,total,6826.7,7040.03,873
1,spsc_unaligned_1048576_cross-core_paced_itch,1,total,7040.03,7253.37,812
1,spsc_unaligned_1048576_cross-core_paced_itch,1,total,7253.37,7466.7,805
1,spsc_unaligned_1048576_cross-core_paced_itch,1,total,7466.7,7680.04,776
1,spsc_unaligned_1048576_cross-core_paced_itch,1,total,7680.04,7893.37,738
1,spsc_unaligned_1048576_cross-core_paced_itch,1,total,7893.37,8106.71,683
1,spsc_unaligned_1048576_cross-core_paced_itch,1,total,8106.71,8320.04,676
1,spsc_unaligned_1048576_cross-core_paced_itch,1,total,8320.04,8533.38,673
1,spsc_unaligned_1048576_cross-core_paced_itch,1,total,8533.38,8746.71,623
1,spsc_unaligned_1048576_cross-core_paced_itch,1,total,8746.71,8960.04,637
1,spsc_unaligned_1048576_cross-core_paced_itch,1,total,8960.04,9173.38,603
1,spsc_unaligned_1048576_cross-core_paced_itch,1,total,9173.38,9386.71,500
1,spsc_unaligned_1048576_cross-core_paced_itch,1,total,9386.71,9600.05,533
1,spsc_unaligned_1048576_cross-core_paced_itch,1,total,9600.05,9813.38,486
1,spsc_unaligned_1048576_cross-core_paced_itch,1,total,9813.38,10026.7,477
1,spsc_unaligned_1048576_cross-core_paced_itch,1,total,10026.7,10240.1,430
1,spsc_unaligned_1048576_cross-core_paced_itch,1,total,10240.1,10453.4,437
1,spsc_unaligned_1048576_cross-core_paced_itch,1,total,10453.4,10666.7,443
1,spsc_unaligned_1048576_cross-core_paced_itch,1,total,10666.7,10880.1,396
1,spsc_unaligned_1048576_cross-core_paced_itch,1,total,10880.1,11093.4,417
1,spsc_unaligned_1048576_cross-core_paced_itch,1,total,11093.4,11306.7,411
1,spsc_unaligned_1048576_cross-core_paced_itch,1,total,11306.7,11520.1,348
1,spsc_unaligned_1048576_cross-core_paced_itch,1,total,11520.1,11733.4,354
1,spsc_unaligned_1048576_cross-core_paced_itch,1,total,11733.4,11946.7,327
1,spsc_unaligned_1048576_cross-core_paced_itch,1,total,11946.7,12160.1,323
1,spsc_unaligned_1048576_cross-core_paced_itch,1,total,12160.1,12373.4,315
1,spsc_unaligned_1048576_cross-core_paced_itch,1,total,12373.4,12586.7,283
1,spsc_unaligned_1048576_cross-core_paced_itch,1,total,12586.7,12800.1,262
1,spsc_unaligned_1048576_cross-core_paced_itch,1,total,12800.1,13013.4,195
1,spsc_unaligned_1048576_cross-core_paced_itch,1,total,13013.4,13226.7,178
1,spsc_unaligned_1048576_cross-core_paced_itch,1,total,13226.7,13440.1,172
1,spsc_unaligned_1048576_cross-core_paced_itch,1,total,13440.1,13653.4,139
1,spsc_unaligned_1048576_cross-core_paced_itch,1,total,13653.4,14080.1,268
1,spsc_unaligned_1048576_cross-core_paced_itch,1,total,14080.1,14506.7,240
1,spsc_unaligned_1048576_cross-core_paced_itch,1,total,14506.7,14933.4,212
1,spsc_unaligned_1048576_cross-core_paced_itch,1,total,14933.4,15360.1,202
1,spsc_unaligned_1048576_cross-core_paced_itch,1,total,15360.1,15786.7,175
1,spsc_unaligned_1048576_cross-core_paced_itch,1,total,15786.7,16213.4,156
1,spsc_unaligned_1048576_cross-core_paced_itch,1,total,16213.4,16640.1,161
1,spsc_unaligned_1048576_cross-core_paced_itch,1,total,16640.1,17066.8,118
1,spsc_unaligned_1048576_cross-core_paced_itch,1,total,17066.8,17493.4,138
1,spsc_unaligned_1048576_cross-core_paced_itch,1,total,17493.4,17920.1,122
1,spsc_unaligned_1048576_cross-core_paced_itch,1,total,17920.1,18346.8,130
1,spsc_unaligned_1048576_cross-core_paced_itch,1,total,18346.8,18773.4,146
1,spsc_unaligned_1048576_cross-core_paced_itch,1,total,18773.4,19200.1,114
1,spsc_unaligned_1048576_cross-core_paced_itch,1,total,19200.1,19626.8,115
1,spsc_unaligned_1048576_cross-core_paced_itch,1,total,19626.8,20053.4,138
1,spsc_unaligned_1048576_cross-core_paced_itch,1,total,20053.4,20480.1,105
1,spsc_unaligned_1048576_cross-core_paced_itch,1,total,20480.1,20906.8,107
1,spsc_unaligned_1048576_cross-core_paced_itch,1,total,20906.8,21333.4,98
1,spsc_unaligned_1048576_cross-core_paced_itch,1,total,21333.4,21760.1,92
1,spsc_unaligned_1048576_cross-core_paced_itch,1,total,21760.1,22186.8,76
1,spsc_unaligned_1048576_cross-core_paced_itch,1,total,22186.8,22613.4,89
1,spsc_unaligned_1048576_cross-core_paced_itch,1,total,22613.4,23040.1,107
1,spsc_unaligned_1048576_cross-core_paced_itch,1,total,23040.1,23466.8,70
1,spsc_unaligned_1048576_cross-core_paced_itch,1,total,23466.8,23893.5,83
1,spsc_unaligned_1048576_cross-core_paced_itch,1,total,23893.5,24320.1,90
1,spsc_unaligned_1048576_cross-core_paced_itch,1,total,24320.1,24746.8,71
1,spsc_unaligned_1048576_cross-core_paced_itch,1,total,24746.8,25173.5,65
1,spsc_unaligned_1048576_cross-core_paced_itch,1,total,25173.5,25600.1,71
1,spsc_unaligned_1048576_cross-core_paced_itch,1,total,25600.1,26026.8,58
1,spsc_unaligned_1048576_cross-core_paced_itch,1,total,26026.8,26453.5,64
1,spsc_unaligned_1048576_cross-core_paced_itch,1,total,26453.5,26880.1,60
1,spsc_unaligned_1048576_cross-core_paced_itch,1,total,26880.1,27306.8,68
1,spsc_unaligned_1048576_cross-core_paced_itch,1,total,27306.8,28160.1,115
1,spsc_unaligned_1048576_cross-core_paced_itch,1,total,28160.1,29013.5,127
1,spsc_unaligned_1048576_cross-core_paced_itch,1,total,29013.5,29866.8,94
1,spsc_unaligned_1048576_cross-core_paced_itch,1,total,29866.8,30720.2,76
1,spsc_unaligned_1048576_cross-core_paced_itch,1,total,30720.2,31573.5,73
1,spsc_unaligned_1048576_cross-core_paced_itch,1,total,31573.5,32426.8,60
1,spsc_unaligned_1048576_cross-core_paced_itch,1,total,32426.8,33280.2,61
1,spsc_unaligned_1048576_cross-core_paced_itch,1,total,33280.2,34133.5,61
1,spsc_unaligned_1048576_cross-core_paced_itch,1,total,34133.5,34986.8,64
1,spsc_unaligned_1048576_cross-core_paced_itch,1,total,34986.8,35840.2,64
1,spsc_unaligned_1048576_cross-core_paced_itch,1,total,35840.2,36693.5,76
1,spsc_unaligned_1048576_cross-core_paced_itch,1,total,36693.5,37546.9,64
1,spsc_unaligned_1048576_cross-core_paced_itch,1,total,37546.9,38400.2,53
1,spsc_unaligned_1048576_cross-core_paced_itch,1,total,38400.2,39253.5,47
1,spsc_unaligned_1048576_cross-core_paced_itch,1,total,39253.5,40106.9,52
1,spsc_unaligned_1048576_cross-core_paced_itch,1,total,40106.9,40960.2,49
1,spsc_unaligned_1048576_cross-core_paced_itch,1,total,40960.2,41813.5,52
1,spsc_unaligned_1048576_cross-core_paced_itch,1,total,41813.5,42666.9,53
1,spsc_unaligned_1048576_cross-core_paced_itch,1,total,42666.9,43520.2,55
1,spsc_unaligned_1048576_cross-core_paced_itch,1,total,43520.2,44373.6,53
1,spsc_unaligned_1048576_cross-core_paced_itch,1,total,44373.6,45226.9,60
1,spsc_unaligned_1048576_cross-core_paced_itch,1,total,45226.9,46080.2,51
1,spsc_unaligned_1048576_cross-core_paced_itch,1,total,46080.2,46933.6,57
1,spsc_unaligned_1048576_cross-core_paced_itch,1,total,46933.6,47786.9,52
1,spsc_unaligned_1048576_cross-core_paced_itch,1,total,47786.9,48640.2,65
1,spsc_unaligned_1048576_cross-core_paced_itch,1,total,48640.2,49493.6,68
1,spsc_unaligned_1048576_cross-core_paced_itch,1,total,49493.6,50346.9,46
1,spsc_unaligned_1048576_cross-core_paced_itch,1,total,50346.9,51200.3,59
1,spsc_unaligned_1048576_cross-core_paced_itch,1,total,51200.3,52053.6,46
1,spsc_unaligned_1048576_cross-core_paced_itch,1,total,52053.6,52906.9,61
1,spsc_unaligned_1048576_cross-core_paced_itch,1,total,52906.9,53760.3,34
1,spsc_unaligned_1048576_cross-core_paced_itch,1,total,53760.3,54613.6,39
1,spsc_unaligned_1048576_cross-core_paced_itch,1,total,54613.6,56320.3,107
1,spsc_unaligned_1048576_cross-core_paced_itch,1,total,56320.3,58027,114
1,spsc_unaligned_1048576_cross-core_paced_itch,1,total,58027,59733.6,116
1,spsc_unaligned_1048576_cross-core_paced_itch,1,total,59733.6,61440.3,105
1,spsc_unaligned_1048576_cross-core_paced_itch,1,total,61440.3,63147,117
1,spsc_unaligned_1048576_cross-core_paced_itch,1,total,63147,64853.7,108
1,spsc_unaligned_1048576_cross-core_paced_itch,1,total,64853.7,66560.3,116
1,spsc_unaligned_1048576_cross-core_paced_itch,1,total,66560.3,68267,111
1,spsc_unaligned_1048576_cross-core_paced_itch,1,total,68267,69973.7,86
1,spsc_unaligned_1048576_cross-core_paced_itch,1,total,69973.7,71680.4,80
1,spsc_unaligned_1048576_cross-core_paced_itch,1,total,71680.4,73387,41
1,spsc_unaligned_1048576_cross-core_paced_itch,1,total,73387,75093.7,30
1,spsc_unaligned_1048576_cross-core_paced_itch,1,total,75093.7,76800.4,21
1,spsc_unaligned_1048576_cross-core_paced_itch,1,total,76800.4,78507.1,23
1,spsc_unaligned_1048576_cross-core_paced_itch,1,total,78507.1,80213.7,26
1,spsc_unaligned_1048576_cross-core_paced_itch,1,total,80213.7,81920.4,25
1,spsc_unaligned_1048576_cross-core_paced_itch,1,total,81920.4,83627.1,15
1,spsc_unaligned_1048576_cross-core_paced_itch,1,total,83627.1,85333.8,17
1,spsc_unaligned_1048576_cross-core_paced_itch,1,total,85333.8,87040.4,25
1,spsc_unaligned_1048576_cross-core_paced_itch,1,total,87040.4,88747.1,29
1,spsc_unaligned_1048576_cross-core_paced_itch,1,total,88747.1,90453.8,27
1,spsc_unaligned_1048576_cross-core_paced_itch,1,total,90453.8,92160.5,26
1,spsc_unaligned_1048576_cross-core_paced_itch,1,total,92160.5,93867.1,22
1,spsc_unaligned_1048576_cross-core_paced_itch,1,total,93867.1,95573.8,25
1,spsc_unaligned_1048576_cross-core_paced_itch,1,total,95573.8,97280.5,16
1,spsc_unaligned_1048576_cross-core_paced_itch,1,total,97280.5,98987.2,16
1,spsc_unaligned_1048576_cross-core_paced_itch,1,total,98987.2,100694,25
1,spsc_unaligned_1048576_cross-core_paced_itch,1,total,100694,102401,25
1,spsc_unaligned_1048576_cross-core_paced_itch,1,total,102401,104107,23
1,spsc_unaligned_1048576_cross-core_paced_itch,1,total,104107,105814,19
1,spsc_unaligned_1048576_cross-core_paced_itch,1,total,105814,107521,15
1,spsc_unaligned_1048576_cross-core_paced_itch,1,total,107521,109227,13
1,spsc_unaligned_1048576_cross-core_paced_itch,1,total,109227,112641,16
1,spsc_unaligned_1048576_cross-core_paced_itch,1,total,112641,116054,51
1,spsc_unaligned_1048576_cross-core_paced_itch,1,total,116054,119467,40
1,spsc_unaligned_1048576_cross-core_paced_itch,1,total,119467,122881,30
1,spsc_unaligned_1048576_cross-core_paced_itch,1,total,122881,126294,25
1,spsc_unaligned_1048576_cross-core_paced_itch,1,total,126294,129707,34
1,spsc_unaligned_1048576_cross-core_paced_itch,1,total,129707,133121,20
1,spsc_unaligned_1048576_cross-core_paced_itch,1,total,133121,136534,41
1,spsc_unaligned_1048576_cross-core_paced_itch,1,total,136534,139947,22
1,spsc_unaligned_1048576_cross-core_paced_itch,1,total,139947,143361,24
1,spsc_unaligned_1048576_cross-core_paced_itch,1,total,143361,146774,45
1,spsc_unaligned_1048576_cross-core_paced_itch,1,total,146774,150187,48
1,spsc_unaligned_1048576_cross-core_paced_itch,1,total,150187,153601,23
1,spsc_unaligned_1048576_cross-core_paced_itch,1,total,153601,157014,29
1,spsc_unaligned_1048576_cross-core_paced_itch,1,total,157014,160427,27
1,spsc_unaligned_1048576_cross-core_paced_itch,1,total,160427,163841,15
1,spsc_unaligned_1048576_cross-core_paced_itch,1,total,163841,167254,12
1,spsc_unaligned_1048576_cross-core_paced_itch,1,total,167254,170668,41
1,spsc_unaligned_1048576_cross-core_paced_itch,1,total,170668,174081,34
1,spsc_unaligned_1048576_cross-core_paced_itch,1,total,174081,177494,29
1,spsc_unaligned_1048576_cross-core_paced_itch,1,total,177494,180908,49
1,spsc_unaligned_1048576_cross-core_paced_itch,1,total,180908,184321,33
1,spsc_unaligned_1048576_cross-core_paced_itch,1,total,184321,187734,20
1,spsc_unaligned_1048576_cross-core_paced_itch,1,total,187734,191148,15
1,spsc_unaligned_1048576_cross-core_paced_itch,1,total,191148,194561,28
1,spsc_unaligned_1048576_cross-core_paced_itch,1,total,194561,197974,20
1,spsc_unaligned_1048576_cross-core_paced_itch,1,total,197974,201388,25
1,spsc_unaligned_1048576_cross-core_paced_itch,1,total,201388,204801,39
1,spsc_unaligned_1048576_cross-core_paced_itch,1,total,204801,208214,42
1,spsc_unaligned_1048576_cross-core_paced_itch,1,total,208214,211628,35
1,spsc_unaligned_1048576_cross-core_paced_itch,1,total,211628,215041,18
1,spsc_unaligned_1048576_cross-core_paced_itch,1,total,215041,218454,24
1,spsc_unaligned_1048576_cross-core_paced_itch,1,total,218454,225281,71
1,spsc_unaligned_1048576_cross-core_paced_itch,1,total,225281,232108,37
1,spsc_unaligned_1048576_cross-core_paced_itch,1,total,232108,238935,68
1,spsc_unaligned_1048576_cross-core_paced_itch,1,total,238935,245761,48
1,spsc_unaligned_1048576_cross-core_paced_itch,1,total,245761,252588,58
1,spsc_unaligned_1048576_cross-core_paced_itch,1,total,252588,259415,53
1,spsc_unaligned_1048576_cross-core_paced_itch,1,total,259415,266241,25
1,spsc_unaligned_1048576_cross-core_paced_itch,1,total,266241,273068,77
1,spsc_unaligned_1048576_cross-core_paced_itch,1,total,273068,279895,98
1,spsc_unaligned_1048576_cross-core_paced_itch,1,total,279895,286721,54
1,spsc_unaligned_1048576_cross-core_paced_itch,1,total,286721,293548,40
1,spsc_unaligned_1048576_cross-core_paced_itch,1,total,293548,300375,25
1,spsc_unaligned_1048576_cross-core_paced_itch,1,total,300375,307202,61
1,spsc_unaligned_1048576_cross-core_paced_itch,1,total,307202,314028,78
1,spsc_unaligned_1048576_cross-core_paced_itch,1,total,314028,320855,163
1,spsc_unaligned_1048576_cross-core_paced_itch,1,total,320855,327682,161
1,spsc_unaligned_1048576_cross-core_paced_itch,1,total,327682,334508,120
1,spsc_unaligned_1048576_cross-core_paced_itch,1,total,334508,341335,111
1,spsc_unaligned_1048576_cross-core_paced_itch,1,total,341335,348162,135
1,spsc_unaligned_1048576_cross-core_paced_itch,1,total,348162,354988,227
1,spsc_unaligned_1048576_cross-core_paced_itch,1,total,354988,361815,157
1,spsc_unaligned_1048576_cross-core_paced_itch,1,total,361815,368642,130
1,spsc_unaligned_1048576_cross-core_paced_itch,1,total,368642,375469,88
1,spsc_unaligned_1048576_cross-core_paced_itch,1,total,375469,382295,86
1,spsc_unaligned_1048576_cross-core_paced_itch,1,total,382295,389122,72
1,spsc_unaligned_1048576_cross-core_paced_itch,1,total,389122,395949,83
1,spsc_unaligned_1048576_cross-core_paced_itch,1,total,395949,402775,74
1,spsc_unaligned_1048576_cross-core_paced_itch,1,total,402775,409602,64
1,spsc_unaligned_1048576_cross-core_paced_itch,1,total,409602,416429,94
1,spsc_unaligned_1048576_cross-core_paced_itch,1,total,416429,423255,72
1,spsc_unaligned_1048576_cross-core_paced_itch,1,total,423255,430082,81
1,spsc_unaligned_1048576_cross-core_paced_itch,1,total,430082,436909,87
1,spsc_unaligned_1048576_cross-core_paced_itch,1,total,436909,450562,181
1,spsc_unaligned_1048576_cross-core_paced_itch,1,total,450562,464216,190
1,spsc_unaligned_1048576_cross-core_paced_itch,1,total,464216,477869,65
1,spsc_unaligned_1048576_cross-core_paced_itch,1,total,477869,491522,120
1,spsc_unaligned_1048576_cross-core_paced_itch,1,total,491522,505176,95
1,spsc_unaligned_1048576_cross-core_paced_itch,1,total,505176,518829,155
1,spsc_unaligned_1048576_cross-core_paced_itch,1,total,518829,532483,180
1,spsc_unaligned_1048576_cross-core_paced_itch,1,total,532483,546136,125
1,spsc_unaligned_1048576_cross-core_paced_itch,1,total,546136,559789,285
1,spsc_unaligned_1048576_cross-core_paced_itch,1,total,559789,573443,245
1,spsc_unaligned_1048576_cross-core_paced_itch,1,total,573443,587096,214
1,spsc_unaligned_1048576_cross-core_paced_itch,1,total,587096,600750,511
1,spsc_unaligned_1048576_cross-core_paced_itch,1,total,600750,614403,398
1,spsc_unaligned_1048576_cross-core_paced_itch,1,total,614403,628056,388
1,spsc_unaligned_1048576_cross-core_paced_itch,1,total,628056,641710,340
1,spsc_unaligned_1048576_cross-core_paced_itch,1,total,641710,655363,384
1,spsc_unaligned_1048576_cross-core_paced_itch,1,total,655363,669017,439
1,spsc_unaligned_1048576_cross-core_paced_itch,1,total,669017,682670,343
1,spsc_unaligned_1048576_cross-core_paced_itch,1,total,682670,696323,215
1,spsc_unaligned_1048576_cross-core_paced_itch,1,total,696323,709977,316
1,spsc_unaligned_1048576_cross-core_paced_itch,1,total,709977,723630,180
1,spsc_unaligned_1048576_cross-core_paced_itch,1,total,723630,737284,114
1,spsc_unaligned_1048576_cross-core_paced_itch,1,total,737284,750937,255
1,spsc_unaligned_1048576_cross-core_paced_itch,1,total,750937,764590,230
1,spsc_unaligned_1048576_cross-core_paced_itch,1,total,764590,778244,153
1,spsc_unaligned_1048576_cross-core_paced_itch,1,total,778244,791897,250
1,spsc_unaligned_1048576_cross-core_paced_itch,1,total,791897,805551,181
1,spsc_unaligned_1048576_cross-core_paced_itch,1,total,805551,819204,37
1,spsc_unaligned_1048576_cross-core_paced_itch,1,total,819204,832857,39
1,spsc_unaligned_1048576_cross-core_paced_itch,1,total,832857,846511,27
1,spsc_unaligned_1048576_cross-core_paced_itch,1,total,846511,860164,26
1,spsc_unaligned_1048576_cross-core_paced_itch,1,total,860164,873818,51
1,spsc_unaligned_1048576_cross-core_paced_itch,1,total,873818,901124,331
1,spsc_unaligned_1048576_cross-core_paced_itch,1,total,901124,928431,40
1,spsc_unaligned_1048576_cross-core_paced_itch,1,queue,190.001,193.334,1
1,spsc_unaligned_1048576_cross-core_paced_itch,1,queue,210.001,213.334,2
1,spsc_unaligned_1048576_cross-core_paced_itch,1,queue,213.334,220.001,1
1,spsc_unaligned_1048576_cross-core_paced_itch,1,queue,226.668,233.334,4
1,spsc_unaligned_1048576_cross-core_paced_itch,1,queue,233.334,240.001,1
1,spsc_unaligned_1048576_cross-core_paced_itch,1,queue,240.001,246.668,4
1,spsc_unaligned_1048576_cross-core_paced_itch,1,queue,246.668,253.335,6
1,spsc_unaligned_1048576_cross-core_paced_itch,1,queue,253.335,260.001,17
1,spsc_unaligned_1048576_cross-core_paced_itch,1,queue,260.001,266.668,28
1,spsc_unaligned_1048576_cross-core_paced_itch,1,queue,266.668,273.335,54
1,spsc_unaligned_1048576_cross-core_paced_itch,1,queue,273.335,280.001,50
1,spsc_unaligned_1048576_cross-core_paced_itch,1,queue,280.001,286.668,76
1,spsc_unaligned_1048576_cross-core_paced_itch,1,queue,286.668,293.335,65
1,spsc_unaligned_1048576_cross-core_paced_itch,1,queue,293.335,300.001,64
1,spsc_unaligned_1048576_cross-core_paced_itch,1,queue,300.001,306.668,74
1,spsc_unaligned_1048576_cross-core_paced_itch,1,queue,306.668,313.335,113
1,spsc_unaligned_1048576_cross-core_paced_itch,1,queue,313.335,320.002,342
1,spsc_unaligned_1048576_cross-core_paced_itch,1,queue,320.002,326.668,1478
1,spsc_unaligned_1048576_cross-core_paced_itch,1,queue,326.668,333.335,3313
1,spsc_unaligned_1048576_cross-core_paced_itch,1,queue,333.335,340.002,4714
1,spsc_unaligned_1048576_cross-core_paced_itch,1,queue,340.002,346.668,6705
1,spsc_unaligned_1048576_cross-core_paced_itch,1,queue,346.668,353.335,8469
1,spsc_unaligned_1048576_cross-core_paced_itch,1,queue,353.335,360.002,10149
1,spsc_unaligned_1048576_cross-core_paced_itch,1,queue,360.002,366.668,11467
1,spsc_unaligned_1048576_cross-core_paced_itch,1,queue,366.668,373.335,12013
1,spsc_unaligned_1048576_cross-core_paced_itch,1,queue,373.335,380.002,11112
1,spsc_unaligned_1048576_cross-core_paced_itch,1,queue,380.002,386.669,8947
1,spsc_unaligned_1048576_cross-core_paced_itch,1,queue,386.669,393.335,6555
1,spsc_unaligned_1048576_cross-core_paced_itch,1,queue,393.335,400.002,4793
1,spsc_unaligned_1048576_cross-core_paced_itch,1,queue,400.002,406.669,3546
1,spsc_unaligned_1048576_cross-core_paced_itch,1,queue,406.669,413.335,2748
1,spsc_unaligned_1048576_cross-core_paced_itch,1,queue,413.335,420.002,2066
1,spsc_unaligned_1048576_cross-core_paced_itch,1,queue,420.002,426.669,1737
1,spsc_unaligned_1048576_cross-core_paced_itch,1,queue,426.669,440.002,2815
1,spsc_unaligned_1048576_cross-core_paced_itch,1,queue,440.002,453.336,2666
1,spsc_unaligned_1048576_cross-core_paced_itch,1,queue,453.336,466.669,2574
1,spsc_unaligned_1048576_cross-core_paced_itch,1,queue,466.669,480.002,2189
1,spsc_unaligned_1048576_cross-core_paced_itch,1,queue,480.002,493.336,3164
1,spsc_unaligned_1048576_cross-core_paced_itch,1,queue,493.336,506.669,6567
1,spsc_unaligned_1048576_cross-core_paced_itch,1,queue,506.669,520.003,8609
1,spsc_unaligned_1048576_cross-core_paced_itch,1,queue,520.003,533.336,6544
1,spsc_unaligned_1048576_cross-core_paced_itch,1,queue,533.336,546.669,3250
1,spsc_unaligned_1048576_cross-core_paced_itch,1,queue,546.669,560.003,1910
1,spsc_unaligned_1048576_cross-core_paced_itch,1,queue,560.003,573.336,1464
1,spsc_unaligned_1048576_cross-core_paced_itch,1,queue,573.336,586.67,1428
1,spsc_unaligned_1048576_cross-core_paced_itch,1,queue,586.67,600.003,1558
1,spsc_unaligned_1048576_cross-core_paced_itch,1,queue,600.003,613.336,1450
1,spsc_unaligned_1048576_cross-core_paced_itch,1,queue,613.336,626.67,1281
1,spsc_unaligned_1048576_cross-core_paced_itch,1,queue,626.67,640.003,1101
1,spsc_unaligned_1048576_cross-core_paced_itch,1,queue,640.003,653.337,973
1,spsc_unaligned_1048576_cross-core_paced_itch,1,queue,653.337,666.67,1166
1,spsc_unaligned_1048576_cross-core_paced_itch,1,queue,666.67,680.003,1349
1,spsc_unaligned_1048576_cross-core_paced_itch,1,queue,680.003,693.337,1348
1,spsc_unaligned_1048576_cross-core_paced_itch,1,queue,693.337,706.67,1235
1,spsc_unaligned_1048576_cross-core_paced_itch,1,queue,706.67,720.004,1099
1,spsc_unaligned_1048576_cross-core_paced_itch,1,queue,720.004,733.337,934
1,spsc_unaligned_1048576_cross-core_paced_itch,1,queue,733.337,746.67,778
1,spsc_unaligned_1048576_cross-core_paced_itch,1,queue,746.67,760.004,779
1,spsc_unaligned_1048576_cross-core_paced_itch,1,queue,760.004,773.337,689
1,spsc_unaligned_1048576_cross-core_paced_itch,1,queue,773.337,786.671,673
1,spsc_unaligned_1048576_cross-core_paced_itch,1,queue,786.671,800.004,618
1,spsc_unaligned_1048576_cross-core_paced_itch,1,queue,800.004,813.337,616
1,spsc_unaligned_1048576_cross-core_paced_itch,1,queue,813.337,826.671,574
1,spsc_unaligned_1048576_cross-core_paced_itch,1,queue,826.671,840.004,605
1,spsc_unaligned_1048576_cross-core_paced_itch,1,queue,840.004,853.338,547
1,spsc_unaligned_1048576_cross-core_paced_itch,1,queue,853.338,880.004,1127
1,spsc_unaligned_1048576_cross-core_paced_itch,1,queue,880.004,906.671,1047
1,spsc_unaligned_1048576_cross-core_paced_itch,1,queue,906.671,933.338,941
1,spsc_unaligned_1048576_cross-core_paced_itch,1,queue,933.338,960.005,901
1,spsc_unaligned_1048576_cross-core_paced_itch,1,queue,960.005,986.672,890
1,spsc_unaligned_1048576_cross-core_paced_itch,1,queue,986.672,1013.34,799
1,spsc_unaligned_1048576_cross-core_paced_itch,1,queue,1013.34,1040.01,789
1,spsc_unaligned_1048576_cross-core_paced_itch,1,queue,1040.01,1066.67,704
1,spsc_unaligned_1048576_cross-core_paced_itch,1,queue,1066.67,1093.34,704
1,spsc_unaligned_1048576_cross-core_paced_itch,1,queue,1093.34,1120.01,660
1,spsc_unaligned_1048576_cross-core_paced_itch,1,queue,1120.01,1146.67,644
1,spsc_unaligned_1048576_cross-core_paced_itch,1,queue,1146.67,1173.34,616
1,spsc_unaligned_1048576_cross-core_paced_itch,1,queue,1173.34,1200.01,603
1,spsc_unaligned_1048576_cross-core_paced_itch,1,queue,1200.01,1226.67,577
1,spsc_unaligned_1048576_cross-core_paced_itch,1,queue,1226.67,1253.34,573
1,spsc_unaligned_1048576_cross-core_paced_itch,1,queue,1253.34,1280.01,579
1,spsc_unaligned_1048576_cross-core_paced_itch,1,queue,1280.01,1306.67,511
1,spsc_unaligned_1048576_cross-core_paced_itch,1,queue,1306.67,1333.34,535
1,spsc_unaligned_1048576_cross-core_paced_itch,1,queue,1333.34,1360.01,535
1,spsc_unaligned_1048576_cross-core_paced_itch,1,queue,1360.01,1386.67,534
1,spsc_unaligned_1048576_cross-core_paced_itch,1,queue,1386.67,1413.34,510
1,spsc_unaligned_1048576_cross-core_paced_itch,1,queue,1413.34,1440.01,525
1,spsc_unaligned_1048576_cross-core_paced_itch,1,queue,1440.01,1466.67,497
1,spsc_unaligned_1048576_cross-core_paced_itch,1,queue,1466.67,1493.34,477
1,spsc_unaligned_1048576_cross-core_paced_itch,1,queue,1493.34,1520.01,466
1,spsc_unaligned_1048576_cross-core_paced_itch,1,queue,1520.01,1546.67,475
1,spsc_unaligned_1048576_cross-core_paced_itch,1,queue,1546.67,1573.34,474
1,spsc_unaligned_1048576_cross-core_paced_itch,1,queue,1573.34,1600.01,479
1,spsc_unaligned_1048576_cross-core_paced_itch,1,queue,1600.01,1626.67,450
1,spsc_unaligned_1048576_cross-core_paced_itch,1,queue,1626.67,1653.34,441
1,spsc_unaligned_1048576_cross-core_paced_itch,1,queue,1653.34,1680.01,446
1,spsc_unaligned_1048576_cross-core_paced_itch,1,queue,1680.01,1706.68,477
1,spsc_unaligned_1048576_cross-core_paced_itch,1,queue,1706.68,1760.01,926
1,spsc_unaligned_1048576_cross-core_paced_itch,1,queue,1760.01,1813.34,851
1,spsc_unaligned_1048576_cross-core_paced_itch,1,queue,1813.34,1866.68,906
1,spsc_unaligned_1048576_cross-core_paced_itch,1,queue,1866.68,1920.01,858
1,spsc_unaligned_1048576_cross-core_paced_itch,1,queue,1920.01,1973.34,786
1,spsc_unaligned_1048576_cross-core_paced_itch,1,queue,1973.34,2026.68,838
1,spsc_unaligned_1048576_cross-core_paced_itch,1,queue,2026.68,2080.01,830
1,spsc_unaligned_1048576_cross-core_paced_itch,1,queue,2080.01,2133.34,773
1,spsc_unaligned_1048576_cross-core_paced_itch,1,queue,2133.34,2186.68,767
1,spsc_unaligned_1048576_cross-core_paced_itch,1,queue,2186.68,2240.01,750
1,spsc_unaligned_1048576_cross-core_paced_itch,1,queue,2240.01,2293.34,780
1,spsc_unaligned_1048576_cross-core_paced_itch,1,queue,2293.34,2346.68,748
1,spsc_unaligned_1048576_cross-core_paced_itch,1,queue,2346.68,2400.01,700
1,spsc_unaligned_1048576_cross-core_paced_itch,1,queue,2400.01,2453.35,781
1,spsc_unaligned_1048576_cross-core_paced_itch,1,queue,2453.35,2506.68,719
1,spsc_unaligned_1048576_cross-core_paced_itch,1,queue,2506.68,2560.01,702
1,spsc_unaligned_1048576_cross-core_paced_itch,1,queue,2560.01,2613.35,708
1,spsc_unaligned_1048576_cross-core_paced_itch,1,queue,2613.35,2666.68,651
1,spsc_unaligned_1048576_cross-core_paced_itch,1,queue,2666.68,2720.01,688
1,spsc_unaligned_1048576_cross-core_paced_itch,1,queue,2720.01,2773.35,671
1,spsc_unaligned_1048576_cross-core_paced_itch,1,queue,2773.35,2826.68,587
1,spsc_unaligned_1048576_cross-core_paced_itch,1,queue,2826.68,2880.01,611
1,spsc_unaligned_1048576_cross-core_paced_itch,1,queue,2880.01,2933.35,610
1,spsc_unaligned_1048576_cross-core_paced_itch,1,queue,2933.35,2986.68,655
1,spsc_unaligned_1048576_cross-core_paced_itch,1,queue,2986.68,3040.02,619
1,spsc_unaligned_1048576_cross-core_paced_itch,1,queue,3040.02,3093.35,604
1,spsc_unaligned_1048576_cross-core_paced_itch,1,queue,3093.35,3146.68,572
1,spsc_unaligned_1048576_cross-core_paced_itch,1,queue,3146.68,3200.02,602
1,spsc_unaligned_1048576_cross-core_paced_itch,1,queue,3200.02,3253.35,583
1,spsc_unaligned_1048576_cross-core_paced_itch,1,queue,3253.35,3306.68,581
1,spsc_unaligned_1048576_cross-core_paced_itch,1,queue,3306.68,3360.02,540
1,spsc_unaligned_1048576_cross-core_paced_itch,1,queue,3360.02,3413.35,552
1,spsc_unaligned_1048576_cross-core_paced_itch,1,queue,3413.35,3520.02,1121
1,spsc_unaligned_1048576_cross-core_paced_itch,1,queue,3520.02,3626.68,1108
1,spsc_unaligned_1048576_cross-core_paced_itch,1,queue,3626.68,3733.35,1010
1,spsc_unaligned_1048576_cross-core_paced_itch,1,queue,3733.35,3840.02,991
1,spsc_unaligned_1048576_cross-core_paced_itch,1,queue,3840.02,3946.69,1002
1,spsc_unaligned_1048576_cross-core_paced_itch,1,queue,3946.69,4053.35,873
1,spsc_unaligned_1048576_cross-core_paced_itch,1,queue,4053.35,4160.02,933
1,spsc_unaligned_1048576_cross-core_paced_itch,1,queue,4160.02,4266.69,895
1,spsc_unaligned_1048576_cross-core_paced_itch,1,queue,4266.69,4373.35,853
1,spsc_unaligned_1048576_cross-core_paced_itch,1,queue,4373.35,4480.02,793
1,spsc_unaligned_1048576_cross-core_paced_itch,1,queue,4480.02,4586.69,785
1,spsc_unaligned_1048576_cross-core_paced_itch,1,queue,4586.69,4693.36,749
1,spsc_unaligned_1048576_cross-core_paced_itch,1,queue,4693.36,4800.02,756
1,spsc_unaligned_1048576_cross-core_paced_itch,1,queue,4800.02,4906.69,705
1,spsc_unaligned_1048576_cross-core_paced_itch,1,queue,4906.69,5013.36,695
1,spsc_unaligned_1048576_cross-core_paced_itch,1,queue,5013.36,5120.03,653
1,spsc_unaligned_1048576_cross-core_paced_itch,1,queue,5120.03,5226.69,686
1,spsc_unaligned_1048576_cross-core_paced_itch,1,queue,5226.69,5333.36,606
1,spsc_unaligned_1048576_cross-core_paced_itch,1,queue,5333.36,5440.03,624
1,spsc_unaligned_1048576_cross-core_paced_itch,1,queue,5440.03,5546.69,601
1,spsc_unaligned_1048576_cross-core_paced_itch,1,queue,5546.69,5653.36,539
1,spsc_unaligned_1048576_cross-core_paced_itch,1,queue,5653.36,5760.03,531
1,spsc_unaligned_1048576_cross-core_paced_itch,1,queue,5760.03,5866.7,531
1,spsc_unaligned_1048576_cross-core_paced_itch,1,queue,5866.7,5973.36,540
1,spsc_unaligned_1048576_cross-core_paced_itch,1,queue,5973.36,6080.03,525
1,spsc_unaligned_1048576_cross-core_paced_itch,1,queue,6080.03,6186.7,488
1,spsc_unaligned_1048576_cross-core_paced_itch,1,queue,6186.7,6293.36,501
1,spsc_unaligned_1048576_cross-core_paced_itch,1,queue,6293.36,6400.03,504
1,spsc_unaligned_1048576_cross-core_paced_itch,1,queue,6400.03,6506.7,469
1,spsc_unaligned_1048576_cross-core_paced_itch,1,queue,6506.7,6613.37,485
1,spsc_unaligned_1048576_cross-core_paced_itch,1,queue,6613.37,6720.03,447
1,spsc_unaligned_1048576_cross-core_paced_itch,1,queue,6720.03,6826.7,470
1,spsc_unaligned_1048576_cross-core_paced_itch,1,queue,6826.7,7040.03,827
1,spsc_unaligned_1048576_cross-core_paced_itch,1,queue,7040.03,7253.37,787
1,spsc_unaligned_1048576_cross-core_paced_itch,1,queue,7253.37,7466.7,759
1,spsc_unaligned_1048576_cross-core_paced_itch,1,queue,7466.7,7680.04,747
1,spsc_unaligned_1048576_cross-core_paced_itch,1,queue,7680.04,7893.37,703
1,spsc_unaligned_1048576_cross-core_paced_itch,1,queue,7893.37,8106.71,681
1,spsc_unaligned_1048576_cross-core_paced_itch,1,queue,8106.71,8320.04,651
1,spsc_unaligned_1048576_cross-core_paced_itch,1,queue,8320.04,8533.38,624
1,spsc_unaligned_1048576_cross-core_paced_itch,1,queue,8533.38,8746.71,644
1,spsc_unaligned_1048576_cross-core_paced_itch,1,queue,8746.71,8960.04,576
1,spsc_unaligned_1048576_cross-core_paced_itch,1,queue,8960.04,9173.38,542
1,spsc_unaligned_1048576_cross-core_paced_itch,1,queue,9173.38,9386.71,500
1,spsc_unaligned_1048576_cross-core_paced_itch,1,queue,9386.71,9600.05,469
1,spsc_unaligned_1048576_cross-core_paced_itch,1,queue,9600.05,9813.38,491
1,spsc_unaligned_1048576_cross-core_paced_itch,1,queue,9813.38,10026.7,465
1,spsc_unaligned_1048576_cross-core_paced_itch,1,queue,10026.7,10240.1,415
1,spsc_unaligned_1048576_cross-core_paced_itch,1,queue,10240.1,10453.4,433
1,spsc_unaligned_1048576_cross-core_paced_itch,1,queue,10453.4,10666.7,382
1,spsc_unaligned_1048576_cross-core_paced_itch,1,queue,10666.7,10880.1,443
1,spsc_unaligned_1048576_cross-core_paced_itch,1,queue,10880.1,11093.4,400
1,spsc_unaligned_1048576_cross-core_paced_itch,1,queue,11093.4,11306.7,360
1,spsc_unaligned_1048576_cross-core_paced_itch,1,queue,11306.7,11520.1,359
1,spsc_unaligned_1048576_cross-core_paced_itch,1,queue,11520.1,11733.4,328
1,spsc_unaligned_1048576_cross-core_paced_itch,1,queue,11733.4,11946.7,319
1,spsc_unaligned_1048576_cross-core_paced_itch,1,queue,11946.7,12160.1,337
1,spsc_unaligned_1048576_cross-core_paced_itch,1,queue,12160.1,12373.4,299
1,spsc_unaligned_1048576_cross-core_paced_itch,1,queue,12373.4,12586.7,263
1,spsc_unaligned_1048576_cross-core_paced_itch,1,queue,12586.7,12800.1,217
1,spsc_unaligned_1048576_cross-core_paced_itch,1,queue,12800.1,13013.4,196
1,spsc_unaligned_1048576_cross-core_paced_itch,1,queue,13013.4,13226.7,174
1,spsc_unaligned_1048576_cross-core_paced_itch,1,queue,13226.7,13440.1,147
1,spsc_unaligned_1048576_cross-core_paced_itch,1,queue,13440.1,13653.4,150
1,spsc_unaligned_1048576_cross-core_paced_itch,1,queue,13653.4,14080.1,232
1,spsc_unaligned_1048576_cross-core_paced_itch,1,queue,14080.1,14506.7,266
1,spsc_unaligned_1048576_cross-core_paced_itch,1,queue,14506.7,14933.4,208
1,spsc_unaligned_1048576_cross-core_paced_itch,1,queue,14933.4,15360.1,189
1,spsc_unaligned_1048576_cross-core_paced_itch,1,queue,15360.1,15786.7,148
1,spsc_unaligned_1048576_cross-core_paced_itch,1,queue,15786.7,16213.4,165
1,spsc_unaligned_1048576_cross-core_paced_itch,1,queue,16213.4,16640.1,142
1,spsc_unaligned_1048576_cross-core_paced_itch,1,queue,16640.1,17066.8,135
1,spsc_unaligned_1048576_cross-core_paced_itch,1,queue,17066.8,17493.4,119
1,spsc_unaligned_1048576_cross-core_paced_itch,1,queue,17493.4,17920.1,126
1,spsc_unaligned_1048576_cross-core_paced_itch,1,queue,17920.1,18346.8,133
1,spsc_unaligned_1048576_cross-core_paced_itch,1,queue,18346.8,18773.4,139
1,spsc_unaligned_1048576_cross-core_paced_itch,1,queue,18773.4,19200.1,107
1,spsc_unaligned_1048576_cross-core_paced_itch,1,queue,19200.1,19626.8,129
1,spsc_unaligned_1048576_cross-core_paced_itch,1,queue,19626.8,20053.4,129
1,spsc_unaligned_1048576_cross-core_paced_itch,1,queue,20053.4,20480.1,99
1,spsc_unaligned_1048576_cross-core_paced_itch,1,queue,20480.1,20906.8,107
1,spsc_unaligned_1048576_cross-core_paced_itch,1,queue,20906.8,21333.4,87
1,spsc_unaligned_1048576_cross-core_paced_itch,1,queue,21333.4,21760.1,88
1,spsc_unaligned_1048576_cross-core_paced_itch,1,queue,21760.1,22186.8,85
1,spsc_unaligned_1048576_cross-core_paced_itch,1,queue,22186.8,22613.4,95
1,spsc_unaligned_1048576_cross-core_paced_itch,1,queue,22613.4,23040.1,89
1,spsc_unaligned_1048576_cross-core_paced_itch,1,queue,23040.1,23466.8,81
1,spsc_unaligned_1048576_cross-core_paced_itch,1,queue,23466.8,23893.5,79
1,spsc_unaligned_1048576_cross-core_paced_itch,1,queue,23893.5,24320.1,87
1,spsc_unaligned_1048576_cross-core_paced_itch,1,queue,24320.1,24746.8,65
1,spsc_unaligned_1048576_cross-core_paced_itch,1,queue,24746.8,25173.5,76
1,spsc_unaligned_1048576_cross-core_paced_itch,1,queue,25173.5,25600.1,61
1,spsc_unaligned_1048576_cross-core_paced_itch,1,queue,25600.1,26026.8,59
1,spsc_unaligned_1048576_cross-core_paced_itch,1,queue,26026.8,26453.5,72
1,spsc_unaligned_1048576_cross-core_paced_itch,1,queue,26453.5,26880.1,62
1,spsc_unaligned_1048576_cross-core_paced_itch,1,queue,26880.1,27306.8,60
1,spsc_unaligned_1048576_cross-core_paced_itch,1,queue,27306.8,28160.1,116
1,spsc_unaligned_1048576_cross-core_paced_itch,1,queue,28160.1,29013.5,119
1,spsc_unaligned_1048576_cross-core_paced_itch,1,queue,29013.5,29866.8,89
1,spsc_unaligned_1048576_cross-core_paced_itch,1,queue,29866.8,30720.2,74
1,spsc_unaligned_1048576_cross-core_paced_itch,1,queue,30720.2,31573.5,74
1,spsc_unaligned_1048576_cross-core_paced_itch,1,queue,31573.5,32426.8,52
1,spsc_unaligned_1048576_cross-core_paced_itch,1,queue,32426.8,33280.2,74
1,spsc_unaligned_1048576_cross-core_paced_itch,1,queue,33280.2,34133.5,58
1,spsc_unaligned_1048576_cross-core_paced_itch,1,queue,34133.5,34986.8,56
1,spsc_unaligned_1048576_cross-core_paced_itch,1,queue,34986.8,35840.2,71
1,spsc_unaligned_1048576_cross-core_paced_itch,1,queue,35840.2,36693.5,72
1,spsc_unaligned_1048576_cross-core_paced_itch,1,queue,36693.5,37546.9,63
1,spsc_unaligned_1048576_cross-core_paced_itch,1,queue,37546.9,38400.2,52
1,spsc_unaligned_1048576_cross-core_paced_itch,1,queue,38400.2,39253.5,48
1,spsc_unaligned_1048576_cross-core_paced_itch,1,queue,39253.5,40106.9,52
1,spsc_unaligned_1048576_cross-core_paced_itch,1,queue,40106.9,40960.2,51
1,spsc_unaligned_1048576_cross-core_paced_itch,1,queue,40960.2,41813.5,49
1,spsc_unaligned_1048576_cross-core_paced_itch,1,queue,41813.5,42666.9,56
1,spsc_unaligned_1048576_cross-core_paced_itch,1,queue,42666.9,43520.2,50
1,spsc_unaligned_1048576_cross-core_paced_itch,1,queue,43520.2,44373.6,54
1,spsc_unaligned_1048576_cross-core_paced_itch,1,queue,44373.6,45226.9,62
1,spsc_unaligned_1048576_cross-core_paced_itch,1,queue,45226.9,46080.2,53
1,spsc_unaligned_1048576_cross-core_paced_itch,1,queue,46080.2,46933.6,60
1,spsc_unaligned_1048576_cross-core_paced_itch,1,queue,46933.6,47786.9,46
1,spsc_unaligned_1048576_cross-core_paced_itch,1,queue,47786.9,48640.2,80
1,spsc_unaligned_1048576_cross-core_paced_itch,1,queue,48640.2,49493.6,54
1,spsc_unaligned_1048576_cross-core_paced_itch,1,queue,49493.6,50346.9,46
1,spsc_unaligned_1048576_cross-core_paced_itch,1,queue,50346.9,51200.3,56
1,spsc_unaligned_1048576_cross-core_paced_itch,1,queue,51200.3,52053.6,55
1,spsc_unaligned_1048576_cross-core_paced_itch,1,queue,52053.6,52906.9,50
1,spsc_unaligned_1048576_cross-core_paced_itch,1,queue,52906.9,53760.3,33
1,spsc_unaligned_1048576_cross-core_paced_itch,1,queue,53760.3,54613.6,45
1,spsc_unaligned_1048576_cross-core_paced_itch,1,queue,54613.6,56320.3,104
1,spsc_unaligned_1048576_cross-core_paced_itch,1,queue,56320.3,58027,117
1,spsc_unaligned_1048576_cross-core_paced_itch,1,queue,58027,59733.6,116
1,spsc_unaligned_1048576_cross-core_paced_itch,1,queue,59733.6,61440.3,103
1,spsc_unaligned_1048576_cross-core_paced_itch,1,queue,61440.3,63147,122
1,spsc_unaligned_1048576_cross-core_paced_itch,1,queue,63147,64853.7,102
1,spsc_unaligned_1048576_cross-core_paced_itch,1,queue,64853.7,66560.3,125
1,spsc_unaligned_1048576_cross-core_paced_itch,1,queue,66560.3,68267,104
1,spsc_unaligned_1048576_cross-core_paced_itch,1,queue,68267,69973.7,80
1,spsc_unaligned_1048576_cross-core_paced_itch,1,queue,69973.7,71680.4,83
1,spsc_unaligned_1048576_cross-core_paced_itch,1,queue,71680.4,73387,41
1,spsc_unaligned_1048576_cross-core_paced_itch,1,queue,73387,75093.7,29
1,spsc_unaligned_1048576_cross-core_paced_itch,1,queue,75093.7,76800.4,17
1,spsc_unaligned_1048576_cross-core_paced_itch,1,queue,76800.4,78507.1,24
1,spsc_unaligned_1048576_cross-core_paced_itch,1,queue,78507.1,80213.7,26
1,spsc_unaligned_1048576_cross-core_paced_itch,1,queue,80213.7,81920.4,24
1,spsc_unaligned_1048576_cross-core_paced_itch,1,queue,81920.4,83627.1,14
1,spsc_unaligned_1048576_cross-core_paced_itch,1,queue,83627.1,85333.8,17
1,spsc_unaligned_1048576_cross-core_paced_itch,1,queue,85333.8,87040.4,26
1,spsc_unaligned_1048576_cross-core_paced_itch,1,queue,87040.4,88747.1,29
1,spsc_unaligned_1048576_cross-core_paced_itch,1,queue,88747.1,90453.8,30
1,spsc_unaligned_1048576_cross-core_paced_itch,1,queue,90453.8,92160.5,24
1,spsc_unaligned_1048576_cross-core_paced_itch,1,queue,92160.5,93867.1,22
1,spsc_unaligned_1048576_cross-core_paced_itch,1,queue,93867.1,95573.8,26
1,spsc_unaligned_1048576_cross-core_paced_itch,1,queue,95573.8,97280.5,17
1,spsc_unaligned_1048576_cross-core_paced_itch,1,queue,97280.5,98987.2,13
1,spsc_unaligned_1048576_cross-core_paced_itch,1,queue,98987.2,100694,26
1,spsc_unaligned_1048576_cross-core_paced_itch,1,queue,100694,102401,25
1,spsc_unaligned_1048576_cross-core_paced_itch,1,queue,102401,104107,22
1,spsc_unaligned_1048576_cross-core_paced_itch,1,queue,104107,105814,19
1,spsc_unaligned_1048576_cross-core_paced_itch,1,queue,105814,107521,14
1,spsc_unaligned_1048576_cross-core_paced_itch,1,queue,107521,109227,13
1,spsc_unaligned_1048576_cross-core_paced_itch,1,queue,109227,112641,16
1,spsc_unaligned_1048576_cross-core_paced_itch,1,queue,112641,116054,52
1,spsc_unaligned_1048576_cross-core_paced_itch,1,queue,116054,119467,41
1,spsc_unaligned_1048576_cross-core_paced_itch,1,queue,119467,122881,29
1,spsc_unaligned_1048576_cross-core_paced_itch,1,queue,122881,126294,24
1,spsc_unaligned_1048576_cross-core_paced_itch,1,queue,126294,129707,34
1,spsc_unaligned_1048576_cross-core_paced_itch,1,queue,129707,133121,20
1,spsc_unaligned_1048576_cross-core_paced_itch,1,queue,133121,136534,43
1,spsc_unaligned_1048576_cross-core_paced_itch,1,queue,136534,139947,20
1,spsc_unaligned_1048576_cross-core_paced_itch,1,queue,139947,143361,25
1,spsc_unaligned_1048576_cross-core_paced_itch,1,queue,143361,146774,47
1,spsc_unaligned_1048576_cross-core_paced_itch,1,queue,146774,150187,46
1,spsc_unaligned_1048576_cross-core_paced_itch,1,queue,150187,153601,24
1,spsc_unaligned_1048576_cross-core_paced_itch,1,queue,153601,157014,28
1,spsc_unaligned_1048576_cross-core_paced_itch,1,queue,157014,160427,26
1,spsc_unaligned_1048576_cross-core_paced_itch,1,queue,160427,163841,15
1,spsc_unaligned_1048576_cross-core_paced_itch,1,queue,163841,167254,12
1,spsc_unaligned_1048576_cross-core_paced_itch,1,queue,167254,170668,43
1,spsc_unaligned_1048576_cross-core_paced_itch,1,queue,170668,174081,34
1,spsc_unaligned_1048576_cross-core_paced_itch,1,queue,174081,177494,28
1,spsc_unaligned_1048576_cross-core_paced_itch,1,queue,177494,180908,51
1,spsc_unaligned_1048576_cross-core_paced_itch,1,queue,180908,184321,32
1,spsc_unaligned_1048576_cross-core_paced_itch,1,queue,184321,187734,17
1,spsc_unaligned_1048576_cross-core_paced_itch,1,queue,187734,191148,16
1,spsc_unaligned_1048576_cross-core_paced_itch,1,queue,191148,194561,29
1,spsc_unaligned_1048576_cross-core_paced_itch,1,queue,194561,197974,19
1,spsc_unaligned_1048576_cross-core_paced_itch,1,queue,197974,201388,25
1,spsc_unaligned_1048576_cross-core_paced_itch,1,queue,201388,204801,38
1,spsc_unaligned_1048576_cross-core_paced_itch,1,queue,204801,208214,43
1,spsc_unaligned_1048576_cross-core_paced_itch,1,queue,208214,211628,35
1,spsc_unaligned_1048576_cross-core_paced_itch,1,queue,211628,215041,17
1,spsc_unaligned_1048576_cross-core_paced_itch,1,queue,215041,218454,26
1,spsc_unaligned_1048576_cross-core_paced_itch,1,queue,218454,225281,69
1,spsc_unaligned_1048576_cross-core_paced_itch,1,queue,225281,232108,38
1,spsc_unaligned_1048576_cross-core_paced_itch,1,queue,232108,238935,67
1,spsc_unaligned_1048576_cross-core_paced_itch,1,queue,238935,245761,50
1,spsc_unaligned_1048576_cross-core_paced_itch,1,queue,245761,252588,58
1,spsc_unaligned_1048576_cross-core_paced_itch,1,queue,252588,259415,52
1,spsc_unaligned_1048576_cross-core_paced_itch,1,queue,259415,266241,24
1,spsc_unaligned_1048576_cross-core_paced_itch,1,queue,266241,273068,80
1,spsc_unaligned_1048576_cross-core_paced_itch,1,queue,273068,279895,97
1,spsc_unaligned_1048576_cross-core_paced_itch,1,queue,279895,286721,54
1,spsc_unaligned_1048576_cross-core_paced_itch,1,queue,286721,293548,38
1,spsc_unaligned_1048576_cross-core_paced_itch,1,queue,293548,300375,27
1,spsc_unaligned_1048576_cross-core_paced_itch,1,queue,300375,307202,60
1,spsc_unaligned_1048576_cross-core_paced_itch,1,queue,307202,314028,79
1,spsc_unaligned_1048576_cross-core_paced_itch,1,queue,314028,320855,164
1,spsc_unaligned_1048576_cross-core_paced_itch,1,queue,320855,327682,165
1,spsc_unaligned_1048576_cross-core_paced_itch,1,queue,327682,334508,115
1,spsc_unaligned_1048576_cross-core_paced_itch,1,queue,334508,341335,111
1,spsc_unaligned_1048576_cross-core_paced_itch,1,queue,341335,348162,142
1,spsc_unaligned_1048576_cross-core_paced_itch,1,queue,348162,354988,223
1,spsc_unaligned_1048576_cross-core_paced_itch,1,queue,354988,361815,155
1,spsc_unaligned_1048576_cross-core_paced_itch,1,queue,361815,368642,128
1,spsc_unaligned_1048576_cross-core_paced_itch,1,queue,368642,375469,92
1,spsc_unaligned_1048576_cross-core_paced_itch,1,queue,375469,382295,86
1,spsc_unaligned_1048576_cross-core_paced_itch,1,queue,382295,389122,67
1,spsc_unaligned_1048576_cross-core_paced_itch,1,queue,389122,395949,87
1,spsc_unaligned_1048576_cross-core_paced_itch,1,queue,395949,402775,72
1,spsc_unaligned_1048576_cross-core_paced_itch,1,queue,402775,409602,63
1,spsc_unaligned_1048576_cross-core_paced_itch,1,queue,409602,416429,96
1,spsc_unaligned_1048576_cross-core_paced_itch,1,queue,416429,423255,73
1,spsc_unaligned_1048576_cross-core_paced_itch,1,queue,423255,430082,78
1,spsc_unaligned_1048576_cross-core_paced_itch,1,queue,430082,436909,87
1,spsc_unaligned_1048576_cross-core_paced_itch,1,queue,436909,450562,185
1,spsc_unaligned_1048576_cross-core_paced_itch,1,queue,450562,464216,185
1,spsc_unaligned_1048576_cross-core_paced_itch,1,queue,464216,477869,65
1,spsc_unaligned_1048576_cross-core_paced_itch,1,queue,477869,491522,121
1,spsc_unaligned_1048576_cross-core_paced_itch,1,queue,491522,505176,95
1,spsc_unaligned_1048576_cross-core_paced_itch,1,queue,505176,518829,155
1,spsc_unaligned_1048576_cross-core_paced_itch,1,queue,518829,532483,180
1,spsc_unaligned_1048576_cross-core_paced_itch,1,queue,532483,546136,129
1,spsc_unaligned_1048576_cross-core_paced_itch,1,queue,546136,559789,285
1,spsc_unaligned_1048576_cross-core_paced_itch,1,queue,559789,573443,241
1,spsc_unaligned_1048576_cross-core_paced_itch,1,queue,573443,587096,217
1,spsc_unaligned_1048576_cross-core_paced_itch,1,queue,587096,600750,514
1,spsc_unaligned_1048576_cross-core_paced_itch,1,queue,600750,614403,394
1,spsc_unaligned_1048576_cross-core_paced_itch,1,queue,614403,628056,387
1,spsc_unaligned_1048576_cross-core_paced_itch,1,queue,628056,641710,343
1,spsc_unaligned_1048576_cross-core_paced_itch,1,queue,641710,655363,382
1,spsc_unaligned_1048576_cross-core_paced_itch,1,queue,655363,669017,441
1,spsc_unaligned_1048576_cross-core_paced_itch,1,queue,669017,682670,343
1,spsc_unaligned_1048576_cross-core_paced_itch,1,queue,682670,696323,214
1,spsc_unaligned_1048576_cross-core_paced_itch,1,queue,696323,709977,315
1,spsc_unaligned_1048576_cross-core_paced_itch,1,queue,709977,723630,180
1,spsc_unaligned_1048576_cross-core_paced_itch,1,queue,723630,737284,114
1,spsc_unaligned_1048576_cross-core_paced_itch,1,queue,737284,750937,255
1,spsc_unaligned_1048576_cross-core_paced_itch,1,queue,750937,764590,228
1,spsc_unaligned_1048576_cross-core_paced_itch,1,queue,764590,778244,156
1,spsc_unaligned_1048576_cross-core_paced_itch,1,queue,778244,791897,247
1,spsc_unaligned_1048576_cross-core_paced_itch,1,queue,791897,805551,180
1,spsc_unaligned_1048576_cross-core_paced_itch,1,queue,805551,819204,37
1,spsc_unaligned_1048576_cross-core_paced_itch,1,queue,819204,832857,39
1,spsc_unaligned_1048576_cross-core_paced_itch,1,queue,832857,846511,27
1,spsc_unaligned_1048576_cross-core_paced_itch,1,queue,846511,860164,26
1,spsc_unaligned_1048576_cross-core_paced_itch,1,queue,860164,873818,53
1,spsc_unaligned_1048576_cross-core_paced_itch,1,queue,873818,901124,333
1,spsc_unaligned_1048576_cross-core_paced_itch,1,queue,901124,928431,36
1,spsc_unaligned_1048576_cross-core_paced_itch,1,book,19.1668,19.5834,20
1,spsc_unaligned_1048576_cross-core_paced_itch,1,book,20.0001,20.4168,340
1,spsc_unaligned_1048576_cross-core_paced_itch,1,book,20.8334,21.2501,961
1,spsc_unaligned_1048576_cross-core_paced_itch,1,book,21.6668,22.0834,801
1,spsc_unaligned_1048576_cross-core_paced_itch,1,book,22.5001,22.9168,221
1,spsc_unaligned_1048576_cross-core_paced_itch,1,book,23.3334,23.7501,66
1,spsc_unaligned_1048576_cross-core_paced_itch,1,book,24.1668,24.5835,36
1,spsc_unaligned_1048576_cross-core_paced_itch,1,book,25.0001,25.4168,93
1,spsc_unaligned_1048576_cross-core_paced_itch,1,book,25.8335,26.2501,364
1,spsc_unaligned_1048576_cross-core_paced_itch,1,book,26.6668,27.5001,778
1,spsc_unaligned_1048576_cross-core_paced_itch,1,book,27.5001,28.3335,958
1,spsc_unaligned_1048576_cross-core_paced_itch,1,book,28.3335,29.1668,1377
1,spsc_unaligned_1048576_cross-core_paced_itch,1,book,29.1668,30.0001,1899
1,spsc_unaligned_1048576_cross-core_paced_itch,1,book,30.0001,30.8335,1578
1,spsc_unaligned_1048576_cross-core_paced_itch,1,book,30.8335,31.6668,1017
1,spsc_unaligned_1048576_cross-core_paced_itch,1,book,31.6668,32.5002,593
1,spsc_unaligned_1048576_cross-core_paced_itch,1,book,32.5002,33.3335,560
1,spsc_unaligned_1048576_cross-core_paced_itch,1,book,33.3335,34.1668,808
1,spsc_unaligned_1048576_cross-core_paced_itch,1,book,34.1668,35.0002,702
1,spsc_unaligned_1048576_cross-core_paced_itch,1,book,35.0002,35.8335,618
1,spsc_unaligned_1048576_cross-core_paced_itch,1,book,35.8335,36.6668,447
1,spsc_unaligned_1048576_cross-core_paced_itch,1,book,36.6668,37.5002,346
1,spsc_unaligned_1048576_cross-core_paced_itch,1,book,37.5002,38.3335,392
1,spsc_unaligned_1048576_cross-core_paced_itch,1,book,38.3335,39.1669,375
1,spsc_unaligned_1048576_cross-core_paced_itch,1,book,39.1669,40.0002,312
1,spsc_unaligned_1048576_cross-core_paced_itch,1,book,40.0002,40.8335,455
1,spsc_unaligned_1048576_cross-core_paced_itch,1,book,40.8335,41.6669,422
1,spsc_unaligned_1048576_cross-core_paced_itch,1,book,41.6669,42.5002,524
1,spsc_unaligned_1048576_cross-core_paced_itch,1,book,42.5002,43.3335,573
1,spsc_unaligned_1048576_cross-core_paced_itch,1,book,43.3335,44.1669,525
1,spsc_unaligned_1048576_cross-core_paced_itch,1,book,44.1669,45.0002,575
1,spsc_unaligned_1048576_cross-core_paced_itch,1,book,45.0002,45.8336,482
1,spsc_unaligned_1048576_cross-core_paced_itch,1,book,45.8336,46.6669,477
1,spsc_unaligned_1048576_cross-core_paced_itch,1,book,46.6669,47.5002,611
1,spsc_unaligned_1048576_cross-core_paced_itch,1,book,47.5002,48.3336,658
1,spsc_unaligned_1048576_cross-core_paced_itch,1,book,48.3336,49.1669,619
1,spsc_unaligned_1048576_cross-core_paced_itch,1,book,49.1669,50.0002,610
1,spsc_unaligned_1048576_cross-core_paced_itch,1,book,50.0002,50.8336,690
1,spsc_unaligned_1048576_cross-core_paced_itch,1,book,50.8336,51.6669,845
1,spsc_unaligned_1048576_cross-core_paced_itch,1,book,51.6669,52.5003,819
1,spsc_unaligned_1048576_cross-core_paced_itch,1,book,52.5003,53.3336,768
1,spsc_unaligned_1048576_cross-core_paced_itch,1,book,53.3336,55.0003,1495
1,spsc_unaligned_1048576_cross-core_paced_itch,1,book,55.0003,56.6669,1566
1,spsc_unaligned_1048576_cross-core_paced_itch,1,book,56.6669,58.3336,1614
1,spsc_unaligned_1048576_cross-core_paced_itch,1,book,58.3336,60.0003,1505
1,spsc_unaligned_1048576_cross-core_paced_itch,1,book,60.0003,61.667,1737
1,spsc_unaligned_1048576_cross-core_paced_itch,1,book,61.667,63.3336,1603
1,spsc_unaligned_1048576_cross-core_paced_itch,1,book,63.3336,65.0003,1445
1,spsc_unaligned_1048576_cross-core_paced_itch,1,book,65.0003,66.667,1486
1,spsc_unaligned_1048576_cross-core_paced_itch,1,book,66.667,68.3337,1484
1,spsc_unaligned_1048576_cross-core_paced_itch,1,book,68.3337,70.0003,1451
1,spsc_unaligned_1048576_cross-core_paced_itch,1,book,70.0003,71.667,1321
1,spsc_unaligned_1048576_cross-core_paced_itch,1,book,71.667,73.3337,1289
1,spsc_unaligned_1048576_cross-core_paced_itch,1,book,73.3337,75.0004,1143
1,spsc_unaligned_1048576_cross-core_paced_itch,1,book,75.0004,76.667,1116
1,spsc_unaligned_1048576_cross-core_paced_itch,1,book,76.667,78.3337,1048
1,spsc_unaligned_1048576_cross-core_paced_itch,1,book,78.3337,80.0004,940
1,spsc_unaligned_1048576_cross-core_paced_itch,1,book,80.0004,81.6671,944
1,spsc_unaligned_1048576_cross-core_paced_itch,1,book,81.6671,83.3337,879
1,spsc_unaligned_1048576_cross-core_paced_itch,1,book,83.3337,85.0004,762
1,spsc_unaligned_1048576_cross-core_paced_itch,1,book,85.0004,86.6671,659
1,spsc_unaligned_1048576_cross-core_paced_itch,1,book,86.6671,88.3338,594
1,spsc_unaligned_1048576_cross-core_paced_itch,1,book,88.3338,90.0004,567
1,spsc_unaligned_1048576_cross-core_paced_itch,1,book,90.0004,91.6671,538
1,spsc_unaligned_1048576_cross-core_paced_itch,1,book,91.6671,93.3338,494
1,spsc_unaligned_1048576_cross-core_paced_itch,1,book,93.3338,95.0005,477
1,spsc_unaligned_1048576_cross-core_paced_itch,1,book,95.0005,96.6671,477
1,spsc_unaligned_1048576_cross-core_paced_itch,1,book,96.6671,98.3338,474
1,spsc_unaligned_1048576_cross-core_paced_itch,1,book,98.3338,100,453
1,spsc_unaligned_1048576_cross-core_paced_itch,1,book,100,101.667,467
1,spsc_unaligned_1048576_cross-core_paced_itch,1,book,101.667,103.334,438
1,spsc_unaligned_1048576_cross-core_paced_itch,1,book,103.334,105.001,420
1,spsc_unaligned_1048576_cross-core_paced_itch,1,book,105.001,106.667,405
1,spsc_unaligned_1048576_cross-core_paced_itch,1,book,106.667,110.001,791
1,spsc_unaligned_1048576_cross-core_paced_itch,1,book,110.001,113.334,822
1,spsc_unaligned_1048576_cross-core_paced_itch,1,book,113.334,116.667,840
1,spsc_unaligned_1048576_cross-core_paced_itch,1,book,116.667,120.001,713
1,spsc_unaligned_1048576_cross-core_paced_itch,1,book,120.001,123.334,740
1,spsc_unaligned_1048576_cross-core_paced_itch,1,book,123.334,126.667,871
1,spsc_unaligned_1048576_cross-core_paced_itch,1,book,126.667,130.001,2148
1,spsc_unaligned_1048576_cross-core_paced_itch,1,book,130.001,133.334,3784
1,spsc_unaligned_1048576_cross-core_paced_itch,1,book,133.334,136.667,4390
1,spsc_unaligned_1048576_cross-core_paced_itch,1,book,136.667,140.001,4566
1,spsc_unaligned_1048576_cross-core_paced_itch,1,book,140.001,143.334,7499
1,spsc_unaligned_1048576_cross-core_paced_itch,1,book,143.334,146.667,9256
1,spsc_unaligned_1048576_cross-core_paced_itch,1,book,146.667,150.001,8929
1,spsc_unaligned_1048576_cross-core_paced_itch,1,book,150.001,153.334,8011
1,spsc_unaligned_1048576_cross-core_paced_itch,1,book,153.334,156.667,8663
1,spsc_unaligned_1048576_cross-core_paced_itch,1,book,156.667,160.001,8120
1,spsc_unaligned_1048576_cross-core_paced_itch,1,book,160.001,163.334,7091
1,spsc_unaligned_1048576_cross-core_paced_itch,1,book,163.334,166.667,5735
1,spsc_unaligned_1048576_cross-core_paced_itch,1,book,166.667,170.001,5124
1,spsc_unaligned_1048576_cross-core_paced_itch,1,book,170.001,173.334,4165
1,spsc_unaligned_1048576_cross-core_paced_itch,1,book,173.334,176.668,3955
1,spsc_unaligned_1048576_cross-core_paced_itch,1,book,176.668,180.001,3601
1,spsc_unaligned_1048576_cross-core_paced_itch,1,book,180.001,183.334,3499
1,spsc_unaligned_1048576_cross-core_paced_itch,1,book,183.334,186.668,3274
1,spsc_unaligned_1048576_cross-core_paced_itch,1,book,186.668,190.001,3160
1,spsc_unaligned_1048576_cross-core_paced_itch,1,book,190.001,193.334,2896
1,spsc_unaligned_1048576_cross-core_paced_itch,1,book,193.334,196.668,2812
1,spsc_unaligned_1048576_cross-core_paced_itch,1,book,196.668,200.001,2480
1,spsc_unaligned_1048576_cross-core_paced_itch,1,book,200.001,203.334,2498
1,spsc_unaligned_1048576_cross-core_paced_itch,1,book,203.334,206.668,2112
1,spsc_unaligned_1048576_cross-core_paced_itch,1,book,206.668,210.001,2123
1,spsc_unaligned_1048576_cross-core_paced_itch,1,book,210.001,213.334,1944
1,spsc_unaligned_1048576_cross-core_paced_itch,1,book,213.334,220.001,3724
1,spsc_unaligned_1048576_cross-core_paced_itch,1,book,220.001,226.668,3198
1,spsc_unaligned_1048576_cross-core_paced_itch,1,book,226.668,233.334,2876
1,spsc_unaligned_1048576_cross-core_paced_itch,1,book,233.334,240.001,2518
1,spsc_unaligned_1048576_cross-core_paced_itch,1,book,240.001,246.668,2249
1,spsc_unaligned_1048576_cross-core_paced_itch,1,book,246.668,253.335,2021
1,spsc_unaligned_1048576_cross-core_paced_itch,1,book,253.335,260.001,1832
1,spsc_unaligned_1048576_cross-core_paced_itch,1,book,260.001,266.668,1794
1,spsc_unaligned_1048576_cross-core_paced_itch,1,book,266.668,273.335,1796
1,spsc_unaligned_1048576_cross-core_paced_itch,1,book,273.335,280.001,1878
1,spsc_unaligned_1048576_cross-core_paced_itch,1,book,280.001,286.668,1811
1,spsc_unaligned_1048576_cross-core_paced_itch,1,book,286.668,293.335,1871
1,spsc_unaligned_1048576_cross-core_paced_itch,1,book,293.335,300.001,1954
1,spsc_unaligned_1048576_cross-core_paced_itch,1,book,300.001,306.668,2035
1,spsc_unaligned_1048576_cross-core_paced_itch,1,book,306.668,313.335,1969
1,spsc_unaligned_1048576_cross-core_paced_itch,1,book,313.335,320.002,1916
1,spsc_unaligned_1048576_cross-core_paced_itch,1,book,320.002,326.668,1835
1,spsc_unaligned_1048576_cross-core_paced_itch,1,book,326.668,333.335,1759
1,spsc_unaligned_1048576_cross-core_paced_itch,1,book,333.335,340.002,1690
1,spsc_unaligned_1048576_cross-core_paced_itch,1,book,340.002,346.668,1560
1,spsc_unaligned_1048576_cross-core_paced_itch,1,book,346.668,353.335,1610
1,spsc_unaligned_1048576_cross-core_paced_itch,1,book,353.335,360.002,1513
1,spsc_unaligned_1048576_cross-core_paced_itch,1,book,360.002,366.668,1368
1,spsc_unaligned_1048576_cross-core_paced_itch,1,book,366.668,373.335,1338
1,spsc_unaligned_1048576_cross-core_paced_itch,1,book,373.335,380.002,1217
1,spsc_unaligned_1048576_cross-core_paced_itch,1,book,380.002,386.669,1181
1,spsc_unaligned_1048576_cross-core_paced_itch,1,book,386.669,393.335,1193
1,spsc_unaligned_1048576_cross-core_paced_itch,1,book,393.335,400.002,1169
1,spsc_unaligned_1048576_cross-core_paced_itch,1,book,400.002,406.669,1151
1,spsc_unaligned_1048576_cross-core_paced_itch,1,book,406.669,413.335,1155
1,spsc_unaligned_1048576_cross-core_paced_itch,1,book,413.335,420.002,1086
1,spsc_unaligned_1048576_cross-core_paced_itch,1,book,420.002,426.669,1150
1,spsc_unaligned_1048576_cross-core_paced_itch,1,book,426.669,440.002,2203
1,spsc_unaligned_1048576_cross-core_paced_itch,1,book,440.002,453.336,1862
1,spsc_unaligned_1048576_cross-core_paced_itch,1,book,453.336,466.669,1520
1,spsc_unaligned_1048576_cross-core_paced_itch,1,book,466.669,480.002,1295
1,spsc_unaligned_1048576_cross-core_paced_itch,1,book,480.002,493.336,1179
1,spsc_unaligned_1048576_cross-core_paced_itch,1,book,493.336,506.669,992
1,spsc_unaligned_1048576_cross-core_paced_itch,1,book,506.669,520.003,885
1,spsc_unaligned_1048576_cross-core_paced_itch,1,book,520.003,533.336,873
1,spsc_unaligned_1048576_cross-core_paced_itch,1,book,533.336,546.669,785
1,spsc_unaligned_1048576_cross-core_paced_itch,1,book,546.669,560.003,776
1,spsc_unaligned_1048576_cross-core_paced_itch,1,book,560.003,573.336,710
1,spsc_unaligned_1048576_cross-core_paced_itch,1,book,573.336,586.67,697
1,spsc_unaligned_1048576_cross-core_paced_itch,1,book,586.67,600.003,584
1,spsc_unaligned_1048576_cross-core_paced_itch,1,book,600.003,613.336,529
1,spsc_unaligned_1048576_cross-core_paced_itch,1,book,613.336,626.67,492
1,spsc_unaligned_1048576_cross-core_paced_itch,1,book,626.67,640.003,412
1,spsc_unaligned_1048576_cross-core_paced_itch,1,book,640.003,653.337,399
1,spsc_unaligned_1048576_cross-core_paced_itch,1,book,653.337,666.67,382
1,spsc_unaligned_1048576_cross-core_paced_itch,1,book,666.67,680.003,363
1,spsc_unaligned_1048576_cross-core_paced_itch,1,book,680.003,693.337,286
1,spsc_unaligned_1048576_cross-core_paced_itch,1,book,693.337,706.67,286
1,spsc_unaligned_1048576_cross-core_paced_itch,1,book,706.67,720.004,241
1,spsc_unaligned_1048576_cross-core_paced_itch,1,book,720.004,733.337,255
1,spsc_unaligned_1048576_cross-core_paced_itch,1,book,733.337,746.67,231
1,spsc_unaligned_1048576_cross-core_paced_itch,1,book,746.67,760.004,176
1,spsc_unaligned_1048576_cross-core_paced_itch,1,book,760.004,773.337,169
1,spsc_unaligned_1048576_cross-core_paced_itch,1,book,773.337,786.671,140
1,spsc_unaligned_1048576_cross-core_paced_itch,1,book,786.671,800.004,131
1,spsc_unaligned_1048576_cross-core_paced_itch,1,book,800.004,813.337,123
1,spsc_unaligned_1048576_cross-core_paced_itch,1,book,813.337,826.671,114
1,spsc_unaligned_1048576_cross-core_paced_itch,1,book,826.671,840.004,83
1,spsc_unaligned_1048576_cross-core_paced_itch,1,book,840.004,853.338,87
1,spsc_unaligned_1048576_cross-core_paced_itch,1,book,853.338,880.004,143
1,spsc_unaligned_1048576_cross-core_paced_itch,1,book,880.004,906.671,138
1,spsc_unaligned_1048576_cross-core_paced_itch,1,book,906.671,933.338,77
1,spsc_unaligned_1048576_cross-core_paced_itch,1,book,933.338,960.005,86
1,spsc_unaligned_1048576_cross-core_paced_itch,1,book,960.005,986.672,56
1,spsc_unaligned_1048576_cross-core_paced_itch,1,book,986.672,1013.34,50
1,spsc_unaligned_1048576_cross-core_paced_itch,1,book,1013.34,1040.01,38
1,spsc_unaligned_1048576_cross-core_paced_itch,1,book,1040.01,1066.67,45
1,spsc_unaligned_1048576_cross-core_paced_itch,1,book,1066.67,1093.34,31
1,spsc_unaligned_1048576_cross-core_paced_itch,1,book,1093.34,1120.01,33
1,spsc_unaligned_1048576_cross-core_paced_itch,1,book,1120.01,1146.67,26
1,spsc_unaligned_1048576_cross-core_paced_itch,1,book,1146.67,1173.34,15
1,spsc_unaligned_1048576_cross-core_paced_itch,1,book,1173.34,1200.01,13
1,spsc_unaligned_1048576_cross-core_paced_itch,1,book,1200.01,1226.67,14
1,spsc_unaligned_1048576_cross-core_paced_itch,1,book,1226.67,1253.34,10
1,spsc_unaligned_1048576_cross-core_paced_itch,1,book,1253.34,1280.01,7
1,spsc_unaligned_1048576_cross-core_paced_itch,1,book,1280.01,1306.67,7
1,spsc_unaligned_1048576_cross-core_paced_itch,1,book,1306.67,1333.34,9
1,spsc_unaligned_1048576_cross-core_paced_itch,1,book,1333.34,1360.01,7
1,spsc_unaligned_1048576_cross-core_paced_itch,1,book,1360.01,1386.67,7
1,spsc_unaligned_1048576_cross-core_paced_itch,1,book,1386.67,1413.34,4
1,spsc_unaligned_1048576_cross-core_paced_itch,1,book,1413.34,1440.01,5
1,spsc_unaligned_1048576_cross-core_paced_itch,1,book,1440.01,1466.67,6
1,spsc_unaligned_1048576_cross-core_paced_itch,1,book,1466.67,1493.34,5
1,spsc_unaligned_1048576_cross-core_paced_itch,1,book,1493.34,1520.01,4
1,spsc_unaligned_1048576_cross-core_paced_itch,1,book,1520.01,1546.67,4
1,spsc_unaligned_1048576_cross-core_paced_itch,1,book,1546.67,1573.34,3
1,spsc_unaligned_1048576_cross-core_paced_itch,1,book,1573.34,1600.01,1
1,spsc_unaligned_1048576_cross-core_paced_itch,1,book,1626.67,1653.34,2
1,spsc_unaligned_1048576_cross-core_paced_itch,1,book,1653.34,1680.01,5
1,spsc_unaligned_1048576_cross-core_paced_itch,1,book,1680.01,1706.68,2
1,spsc_unaligned_1048576_cross-core_paced_itch,1,book,1706.68,1760.01,4
1,spsc_unaligned_1048576_cross-core_paced_itch,1,book,1760.01,1813.34,2
1,spsc_unaligned_1048576_cross-core_paced_itch,1,book,1866.68,1920.01,2
1,spsc_unaligned_1048576_cross-core_paced_itch,1,book,1920.01,1973.34,4
1,spsc_unaligned_1048576_cross-core_paced_itch,1,book,2026.68,2080.01,2
1,spsc_unaligned_1048576_cross-core_paced_itch,1,book,2080.01,2133.34,6
1,spsc_unaligned_1048576_cross-core_paced_itch,1,book,2133.34,2186.68,8
1,spsc_unaligned_1048576_cross-core_paced_itch,1,book,2186.68,2240.01,9
1,spsc_unaligned_1048576_cross-core_paced_itch,1,book,2240.01,2293.34,5
1,spsc_unaligned_1048576_cross-core_paced_itch,1,book,2293.34,2346.68,13
1,spsc_unaligned_1048576_cross-core_paced_itch,1,book,2346.68,2400.01,7
1,spsc_unaligned_1048576_cross-core_paced_itch,1,book,2400.01,2453.35,11
1,spsc_unaligned_1048576_cross-core_paced_itch,1,book,2453.35,2506.68,13
1,spsc_unaligned_1048576_cross-core_paced_itch,1,book,2506.68,2560.01,10
1,spsc_unaligned_1048576_cross-core_paced_itch,1,book,2560.01,2613.35,10
1,spsc_unaligned_1048576_cross-core_paced_itch,1,book,2613.35,2666.68,6
1,spsc_unaligned_1048576_cross-core_paced_itch,1,book,2666.68,2720.01,5
1,spsc_unaligned_1048576_cross-core_paced_itch,1,book,2720.01,2773.35,3
1,spsc_unaligned_1048576_cross-core_paced_itch,1,book,2773.35,2826.68,6
1,spsc_unaligned_1048576_cross-core_paced_itch,1,book,2826.68,2880.01,10
1,spsc_unaligned_1048576_cross-core_paced_itch,1,book,2880.01,2933.35,2
1,spsc_unaligned_1048576_cross-core_paced_itch,1,book,2933.35,2986.68,9
1,spsc_unaligned_1048576_cross-core_paced_itch,1,book,2986.68,3040.02,1
1,spsc_unaligned_1048576_cross-core_paced_itch,1,book,3040.02,3093.35,3
1,spsc_unaligned_1048576_cross-core_paced_itch,1,book,3093.35,3146.68,7
1,spsc_unaligned_1048576_cross-core_paced_itch,1,book,3146.68,3200.02,1
1,spsc_unaligned_1048576_cross-core_paced_itch,1,book,3253.35,3306.68,1
1,spsc_unaligned_1048576_cross-core_paced_itch,1,book,3306.68,3360.02,1
1,spsc_unaligned_1048576_cross-core_paced_itch,1,book,3360.02,3413.35,1
1,spsc_unaligned_1048576_cross-core_paced_itch,1,book,3413.35,3520.02,8
1,spsc_unaligned_1048576_cross-core_paced_itch,1,book,3520.02,3626.68,2
1,spsc_unaligned_1048576_cross-core_paced_itch,1,book,3626.68,3733.35,3
1,spsc_unaligned_1048576_cross-core_paced_itch,1,book,3733.35,3840.02,4
1,spsc_unaligned_1048576_cross-core_paced_itch,1,book,3946.69,4053.35,2
1,spsc_unaligned_1048576_cross-core_paced_itch,1,book,4053.35,4160.02,2
1,spsc_unaligned_1048576_cross-core_paced_itch,1,book,4160.02,4266.69,1
1,spsc_unaligned_1048576_cross-core_paced_itch,1,book,4373.35,4480.02,2
1,spsc_unaligned_1048576_cross-core_paced_itch,1,book,4586.69,4693.36,1
1,spsc_unaligned_1048576_cross-core_paced_itch,1,book,4800.02,4906.69,1
1,spsc_unaligned_1048576_cross-core_paced_itch,1,book,4906.69,5013.36,1
1,spsc_unaligned_1048576_cross-core_paced_itch,1,book,5226.69,5333.36,3
1,spsc_unaligned_1048576_cross-core_paced_itch,1,book,5333.36,5440.03,8
1,spsc_unaligned_1048576_cross-core_paced_itch,1,book,5440.03,5546.69,4
1,spsc_unaligned_1048576_cross-core_paced_itch,1,book,5546.69,5653.36,1
1,spsc_unaligned_1048576_cross-core_paced_itch,1,book,5653.36,5760.03,1
1,spsc_unaligned_1048576_cross-core_paced_itch,1,book,5760.03,5866.7,1
1,spsc_unaligned_1048576_cross-core_paced_itch,1,book,5866.7,5973.36,1
1,spsc_unaligned_1048576_cross-core_paced_itch,1,book,6080.03,6186.7,2
1,spsc_unaligned_1048576_cross-core_paced_itch,1,book,6186.7,6293.36,2
1,spsc_unaligned_1048576_cross-core_paced_itch,1,book,6400.03,6506.7,2
1,spsc_unaligned_1048576_cross-core_paced_itch,1,book,6506.7,6613.37,2
1,spsc_unaligned_1048576_cross-core_paced_itch,1,book,6613.37,6720.03,1
1,spsc_unaligned_1048576_cross-core_paced_itch,1,book,6720.03,6826.7,1
1,spsc_unaligned_1048576_cross-core_paced_itch,1,book,6826.7,7040.03,4
1,spsc_unaligned_1048576_cross-core_paced_itch,1,book,7040.03,7253.37,2
1,spsc_unaligned_1048576_cross-core_paced_itch,1,book,7466.7,7680.04,4
1,spsc_unaligned_1048576_cross-core_paced_itch,1,book,7680.04,7893.37,1
1,spsc_unaligned_1048576_cross-core_paced_itch,1,book,7893.37,8106.71,7
1,spsc_unaligned_1048576_cross-core_paced_itch,1,book,8106.71,8320.04,7
1,spsc_unaligned_1048576_cross-core_paced_itch,1,book,8320.04,8533.38,7
1,spsc_unaligned_1048576_cross-core_paced_itch,1,book,8533.38,8746.71,13
1,spsc_unaligned_1048576_cross-core_paced_itch,1,book,8746.71,8960.04,8
1,spsc_unaligned_1048576_cross-core_paced_itch,1,book,8960.04,9173.38,13
1,spsc_unaligned_1048576_cross-core_paced_itch,1,book,9173.38,9386.71,3
1,spsc_unaligned_1048576_cross-core_paced_itch,1,book,9386.71,9600.05,5
1,spsc_unaligned_1048576_cross-core_paced_itch,1,book,9600.05,9813.38,2
1,spsc_unaligned_1048576_cross-core_paced_itch,1,book,10026.7,10240.1,1
1,spsc_unaligned_1048576_cross-core_paced_itch,1,book,10240.1,10453.4,5
1,spsc_unaligned_1048576_cross-core_paced_itch,1,book,10666.7,10880.1,1
1,spsc_unaligned_1048576_cross-core_paced_itch,1,book,11733.4,11946.7,1
1,spsc_unaligned_1048576_cross-core_paced_itch,1,book,11946.7,12160.1,2
1,spsc_unaligned_1048576_cross-core_paced_itch,1,book,12160.1,12373.4,1
1,spsc_unaligned_1048576_cross-core_paced_itch,1,book,13226.7,13440.1,1
1,spsc_unaligned_1048576_cross-core_paced_itch,1,book,14506.7,14933.4,1
1,spsc_unaligned_1048576_cross-core_paced_itch,1,book,16213.4,16640.1,1
2,spsc_unaligned_1048576_cross-core_paced_itch,0,total,260.001,266.668,1
2,spsc_unaligned_1048576_cross-core_paced_itch,0,total,286.668,293.335,2
2,spsc_unaligned_1048576_cross-core_paced_itch,0,total,293.335,300.001,6
2,spsc_unaligned_1048576_cross-core_paced_itch,0,total,300.001,306.668,1
2,spsc_unaligned_1048576_cross-core_paced_itch,0,total,306.668,313.335,4
2,spsc_unaligned_1048576_cross-core_paced_itch,0,total,313.335,320.002,7
2,spsc_unaligned_1048576_cross-core_paced_itch,0,total,320.002,326.668,6
2,spsc_unaligned_1048576_cross-core_paced_itch,0,total,326.668,333.335,9
2,spsc_unaligned_1048576_cross-core_paced_itch,0,total,333.335,340.002,8
2,spsc_unaligned_1048576_cross-core_paced_itch,0,total,340.002,346.668,23
2,spsc_unaligned_1048576_cross-core_paced_itch,0,total,346.668,353.335,59
2,spsc_unaligned_1048576_cross-core_paced_itch,0,total,353.335,360.002,82
2,spsc_unaligned_1048576_cross-core_paced_itch,0,total,360.002,366.668,157
2,spsc_unaligned_1048576_cross-core_paced_itch,0,total,366.668,373.335,255
2,spsc_unaligned_1048576_cross-core_paced_itch,0,total,373.335,380.002,409
2,spsc_unaligned_1048576_cross-core_paced_itch,0,total,380.002,386.669,590
2,spsc_unaligned_1048576_cross-core_paced_itch,0,total,386.669,393.335,762
2,spsc_unaligned_1048576_cross-core_paced_itch,0,total,393.335,400.002,1008
2,spsc_unaligned_1048576_cross-core_paced_itch,0,total,400.002,406.669,1249
2,spsc_unaligned_1048576_cross-core_paced_itch,0,total,406.669,413.335,1489
2,spsc_unaligned_1048576_cross-core_paced_itch,0,total,413.335,420.002,1642
2,spsc_unaligned_1048576_cross-core_paced_itch,0,total,420.002,426.669,1754
2,spsc_unaligned_1048576_cross-core_paced_itch,0,total,426.669,440.002,3573
2,spsc_unaligned_1048576_cross-core_paced_itch,0,total,440.002,453.336,3247
2,spsc_unaligned_1048576_cross-core_paced_itch,0,total,453.336,466.669,2869
2,spsc_unaligned_1048576_cross-core_paced_itch,0,total,466.669,480.002,3237
2,spsc_unaligned_1048576_cross-core_paced_itch,0,total,480.002,493.336,4157
2,spsc_unaligned_1048576_cross-core_paced_itch,0,total,493.336,506.669,5675
2,spsc_unaligned_1048576_cross-core_paced_itch,0,total,506.669,520.003,6860
2,spsc_unaligned_1048576_cross-core_paced_itch,0,total,520.003,533.336,7461
2,spsc_unaligned_1048576_cross-core_paced_itch,0,total,533.336,546.669,7172
2,spsc_unaligned_1048576_cross-core_paced_itch,0,total,546.669,560.003,6668
2,spsc_unaligned_1048576_cross-core_paced_itch,0,total,560.003,573.336,6069
2,spsc_unaligned_1048576_cross-core_paced_itch,0,total,573.336,586.67,5409
2,spsc_unaligned_1048576_cross-core_paced_itch,0,total,586.67,600.003,4664
2,spsc_unaligned_1048576_cross-core_paced_itch,0,total,600.003,613.336,4031
2,spsc_unaligned_1048576_cross-core_paced_itch,0,total,613.336,626.67,3681
2,spsc_unaligned_1048576_cross-core_paced_itch,0,total,626.67,640.003,3605
2,spsc_unaligned_1048576_cross-core_paced_itch,0,total,640.003,653.337,4009
2,spsc_unaligned_1048576_cross-core_paced_itch,0,total,653.337,666.67,4425
2,spsc_unaligned_1048576_cross-core_paced_itch,0,total,666.67,680.003,4479
2,spsc_unaligned_1048576_cross-core_paced_itch,0,total,680.003,693.337,4147
2,spsc_unaligned_1048576_cross-core_paced_itch,0,total,693.337,706.67,3771
2,spsc_unaligned_1048576_cross-core_paced_itch,0,total,706.67,720.004,3498
2,spsc_unaligned_1048576_cross-core_paced_itch,0,total,720.004,733.337,3244
2,spsc_unaligned_1048576_cross-core_paced_itch,0,total,733.337,746.67,3059
2,spsc_unaligned_1048576_cross-core_paced_itch,0,total,746.67,760.004,2831
2,spsc_unaligned_1048576_cross-core_paced_itch,0,total,760.004,773.337,2688
2,spsc_unaligned_1048576_cross-core_paced_itch,0,total,773.337,786.671,2577
2,spsc_unaligned_1048576_cross-core_paced_itch,0,total,786.671,800.004,2410
2,spsc_unaligned_1048576_cross-core_paced_itch,0,total,800.004,813.337,2465
2,spsc_unaligned_1048576_cross-core_paced_itch,0,total,813.337,826.671,2241
2,spsc_unaligned_1048576_cross-core_paced_itch,0,total,826.671,840.004,2181
2,spsc_unaligned_1048576_cross-core_paced_itch,0,total,840.004,853.338,2150
2,spsc_unaligned_1048576_cross-core_paced_itch,0,total,853.338,880.004,3778
2,spsc_unaligned_1048576_cross-core_paced_itch,0,total,880.004,906.671,3316
2,spsc_unaligned_1048576_cross-core_paced_itch,0,total,906.671,933.338,3024
2,spsc_unaligned_1048576_cross-core_paced_itch,0,total,933.338,960.005,2778
2,spsc_unaligned_1048576_cross-core_paced_itch,0,total,960.005,986.672,2363
2,spsc_unaligned_1048576_cross-core_paced_itch,0,total,986.672,1013.34,2187
2,spsc_unaligned_1048576_cross-core_paced_itch,0,total,1013.34,1040.01,2005
2,spsc_unaligned_1048576_cross-core_paced_itch,0,total,1040.01,1066.67,1775
2,spsc_unaligned_1048576_cross-core_paced_itch,0,total,1066.67,1093.34,1637
2,spsc_unaligned_1048576_cross-core_paced_itch,0,total,1093.34,1120.01,1505
2,spsc_unaligned_1048576_cross-core_paced_itch,0,total,1120.01,1146.67,1333
2,spsc_unaligned_1048576_cross-core_paced_itch,0,total,1146.67,1173.34,1250
2,spsc_unaligned_1048576_cross-core_paced_itch,0,total,1173.34,1200.01,1161
2,spsc_unaligned_1048576_cross-core_paced_itch,0,total,1200.01,1226.67,1052
2,spsc_unaligned_1048576_cross-core_paced_itch,0,total,1226.67,1253.34,984
2,spsc_unaligned_1048576_cross-core_paced_itch,0,total,1253.34,1280.01,900
2,spsc_unaligned_1048576_cross-core_paced_itch,0,total,1280.01,1306.67,862
2,spsc_unaligned_1048576_cross-core_paced_itch,0,total,1306.67,1333.34,851
2,spsc_unaligned_1048576_cross-core_paced_itch,0,total,1333.34,1360.01,765
2,spsc_unaligned_1048576_cross-core_paced_itch,0,total,1360.01,1386.67,752
2,spsc_unaligned_1048576_cross-core_paced_itch,0,total,1386.67,1413.34,728
2,spsc_unaligned_1048576_cross-core_paced_itch,0,total,1413.34,1440.01,684
2,spsc_unaligned_1048576_cross-core_paced_itch,0,total,1440.01,1466.67,638
2,spsc_unaligned_1048576_cross-core_paced_itch,0,total,1466.67,1493.34,634
2,spsc_unaligned_1048576_cross-core_paced_itch,0,total,1493.34,1520.01,628
2,spsc_unaligned_1048576_cross-core_paced_itch,0,total,1520.01,1546.67,638
2,spsc_unaligned_1048576_cross-core_paced_itch,0,total,1546.67,1573.34,567
2,spsc_unaligned_1048576_cross-core_paced_itch,0,total,1573.34,1600.01,593
2,spsc_unaligned_1048576_cross-core_paced_itch,0,total,1600.01,1626.67,572
2,spsc_unaligned_1048576_cross-core_paced_itch,0,total,1626.67,1653.34,547
2,spsc_unaligned_1048576_cross-core_paced_itch,0,total,1653.34,1680.01,551
2,spsc_unaligned_1048576_cross-core_paced_itch,0,total,1680.01,1706.68,540
2,spsc_unaligned_1048576_cross-core_paced_itch,0,total,1706.68,1760.01,1053
2,spsc_unaligned_1048576_cross-core_paced_itch,0,total,1760.01,1813.34,995
2,spsc_unaligned_1048576_cross-core_paced_itch,0,total,1813.34,1866.68,1009
2,spsc_unaligned_1048576_cross-core_paced_itch,0,total,1866.68,1920.01,999
2,spsc_unaligned_1048576_cross-core_paced_itch,0,total,1920.01,1973.34,954
2,spsc_unaligned_1048576_cross-core_paced_itch,0,total,1973.34,2026.68,887
2,spsc_unaligned_1048576_cross-core_paced_itch,0,total,2026.68,2080.01,878
2,spsc_unaligned_1048576_cross-core_paced_itch,0,total,2080.01,2133.34,878
2,spsc_unaligned_1048576_cross-core_paced_itch,0,total,2133.34,2186.68,850
2,spsc_unaligned_1048576_cross-core_paced_itch,0,total,2186.68,2240.01,840
2,spsc_unaligned_1048576_cross-core_paced_itch,0,total,2240.01,2293.34,812
2,spsc_unaligned_1048576_cross-core_paced_itch,0,total,2293.34,2346.68,800
2,spsc_unaligned_1048576_cross-core_paced_itch,0,total,2346.68,2400.01,750
2,spsc_unaligned_1048576_cross-core_paced_itch,0,total,2400.01,2453.35,752
2,spsc_unaligned_1048576_cross-core_paced_itch,0,total,2453.35,2506.68,749
2,spsc_unaligned_1048576_cross-core_paced_itch,0,total,2506.68,2560.01,712
2,spsc_unaligned_1048576_cross-core_paced_itch,0,total,2560.01,2613.35,697
2,spsc_unaligned_1048576_cross-core_paced_itch,0,total,2613.35,2666.68,675
2,spsc_unaligned_1048576_cross-core_paced_itch,0,total,2666.68,2720.01,722
2,spsc_unaligned_1048576_cross-core_paced_itch,0,total,2720.01,2773.35,648
2,spsc_unaligned_1048576_cross-core_paced_itch,0,total,2773.35,2826.68,673
2,spsc_unaligned_1048576_cross-core_paced_itch,0,total,2826.68,2880.01,617
2,spsc_unaligned_1048576_cross-core_paced_itch,0,total,2880.01,2933.35,686
2,spsc_unaligned_1048576_cross-core_paced_itch,0,total,2933.35,2986.68,692
2,spsc_unaligned_1048576_cross-core_paced_itch,0,total,2986.68,3040.02,625
2,spsc_unaligned_1048576_cross-core_paced_itch,0,total,3040.02,3093.35,674
2,spsc_unaligned_1048576_cross-core_paced_itch,0,total,3093.35,3146.68,665
2,spsc_unaligned_1048576_cross-core_paced_itch,0,total,3146.68,3200.02,653
2,spsc_unaligned_1048576_cross-core_paced_itch,0,total,3200.02,3253.35,565
2,spsc_unaligned_1048576_cross-core_paced_itch,0,total,3253.35,3306.68,596
2,spsc_unaligned_1048576_cross-core_paced_itch,0,total,3306.68,3360.02,626
2,spsc_unaligned_1048576_cross-core_paced_itch,0,total,3360.02,3413.35,594
2,spsc_unaligned_1048576_cross-core_paced_itch,0,total,3413.35,3520.02,1206
2,spsc_unaligned_1048576_cross-core_paced_itch,0,total,3520.02,3626.68,1117
2,spsc_unaligned_1048576_cross-core_paced_itch,0,total,3626.68,3733.35,1169
2,spsc_unaligned_1048576_cross-core_paced_itch,0,total,3733.35,3840.02,1062
2,spsc_unaligned_1048576_cross-core_paced_itch,0,total,3840.02,3946.69,993
2,spsc_unaligned_1048576_cross-core_paced_itch,0,total,3946.69,4053.35,984
2,spsc_unaligned_1048576_cross-core_paced_itch,0,total,4053.35,4160.02,1018
2,spsc_unaligned_1048576_cross-core_paced_itch,0,total,4160.02,4266.69,919
2,spsc_unaligned_1048576_cross-core_paced_itch,0,total,4266.69,4373.35,900
2,spsc_unaligned_1048576_cross-core_paced_itch,0,total,4373.35,4480.02,856
2,spsc_unaligned_1048576_cross-core_paced_itch,0,total,4480.02,4586.69,883
2,spsc_unaligned_1048576_cross-core_paced_itch,0,total,4586.69,4693.36,812
2,spsc_unaligned_1048576_cross-core_paced_itch,0,total,4693.36,4800.02,821
2,spsc_unaligned_1048576_cross-core_paced_itch,0,total,4800.02,4906.69,792
2,spsc_unaligned_1048576_cross-core_paced_itch,0,total,4906.69,5013.36,730
2,spsc_unaligned_1048576_cross-core_paced_itch,0,total,5013.36,5120.03,738
2,spsc_unaligned_1048576_cross-core_paced_itch,0,total,5120.03,5226.69,700
2,spsc_unaligned_1048576_cross-core_paced_itch,0,total,5226.69,5333.36,647
2,spsc_unaligned_1048576_cross-core_paced_itch,0,total,5333.36,5440.03,588
2,spsc_unaligned_1048576_cross-core_paced_itch,0,total,5440.03,5546.69,656
2,spsc_unaligned_1048576_cross-core_paced_itch,0,total,5546.69,5653.36,593
2,spsc_unaligned_1048576_cross-core_paced_itch,0,total,5653.36,5760.03,605
2,spsc_unaligned_1048576_cross-core_paced_itch,0,total,5760.03,5866.7,586
2,spsc_unaligned_1048576_cross-core_paced_itch,0,total,5866.7,5973.36,565
2,spsc_unaligned_1048576_cross-core_paced_itch,0,total,5973.36,6080.03,553
2,spsc_unaligned_1048576_cross-core_paced_itch,0,total,6080.03,6186.7,519
2,spsc_unaligned_1048576_cross-core_paced_itch,0,total,6186.7,6293.36,521
2,spsc_unaligned_1048576_cross-core_paced_itch,0,total,6293.36,6400.03,493
2,spsc_unaligned_1048576_cross-core_paced_itch,0,total,6400.03,6506.7,482
2,spsc_unaligned_1048576_cross-core_paced_itch,0,total,6506.7,6613.37,493
2,spsc_unaligned_1048576_cross-core_paced_itch,0,total,6613.37,6720.03,473
2,spsc_unaligned_1048576_cross-core_paced_itch,0,total,6720.03,6826.7,498
2,spsc_unaligned_1048576_cross-core_paced_itch,0,total,6826.7,7040.03,929
2,spsc_unaligned_1048576_cross-core_paced_itch,0,total,7040.03,7253.37,766
2,spsc_unaligned_1048576_cross-core_paced_itch,0,total,7253.37,7466.7,774
2,spsc_unaligned_1048576_cross-core_paced_itch,0,total,7466.7,7680.04,736
2,spsc_unaligned_1048576_cross-core_paced_itch,0,total,7680.04,7893.37,687
2,spsc_unaligned_1048576_cross-core_paced_itch,0,total,7893.37,8106.71,710
2,spsc_unaligned_1048576_cross-core_paced_itch,0,total,8106.71,8320.04,629
2,spsc_unaligned_1048576_cross-core_paced_itch,0,total,8320.04,8533.38,605
2,spsc_unaligned_1048576_cross-core_paced_itch,0,total,8533.38,8746.71,606
2,spsc_unaligned_1048576_cross-core_paced_itch,0,total,8746.71,8960.04,617
2,spsc_unaligned_1048576_cross-core_paced_itch,0,total,8960.04,9173.38,535
2,spsc_unaligned_1048576_cross-core_paced_itch,0,total,9173.38,9386.71,527
2,spsc_unaligned_1048576_cross-core_paced_itch,0,total,9386.71,9600.05,513
2,spsc_unaligned_1048576_cross-core_paced_itch,0,total,9600.05,9813.38,516
2,spsc_unaligned_1048576_cross-core_paced_itch,0,total,9813.38,10026.7,451
2,spsc_unaligned_1048576_cross-core_paced_itch,0,total,10026.7,10240.1,467
2,spsc_unaligned_1048576_cross-core_paced_itch,0,total,10240.1,10453.4,425
2,spsc_unaligned_1048576_cross-core_paced_itch,0,total,10453.4,10666.7,405
2,spsc_unaligned_1048576_cross-core_paced_itch,0,total,10666.7,10880.1,408
2,spsc_unaligned_1048576_cross-core_paced_itch,0,total,10880.1,11093.4,330
2,spsc_unaligned_1048576_cross-core_paced_itch,0,total,11093.4,11306.7,344
2,spsc_unaligned_1048576_cross-core_paced_itch,0,total,11306.7,11520.1,381
2,spsc_unaligned_1048576_cross-core_paced_itch,0,total,11520.1,11733.4,320
2,spsc_unaligned_1048576_cross-core_paced_itch,0,total,11733.4,11946.7,349
2,spsc_unaligned_1048576_cross-core_paced_itch,0,total,11946.7,12160.1,294
2,spsc_unaligned_1048576_cross-core_paced_itch,0,total,12160.1,12373.4,277
2,spsc_unaligned_1048576_cross-core_paced_itch,0,total,12373.4,12586.7,290
2,spsc_unaligned_1048576_cross-core_paced_itch,0,total,12586.7,12800.1,233
2,spsc_unaligned_1048576_cross-core_paced_itch,0,total,12800.1,13013.4,205
2,spsc_unaligned_1048576_cross-core_paced_itch,0,total,13013.4,13226.7,179
2,spsc_unaligned_1048576_cross-core_paced_itch,0,total,13226.7,13440.1,157
2,spsc_unaligned_1048576_cross-core_paced_itch,0,total,13440.1,13653.4,148
2,spsc_unaligned_1048576_cross-core_paced_itch,0,total,13653.4,14080.1,240
2,spsc_unaligned_1048576_cross-core_paced_itch,0,total,14080.1,14506.7,221
2,spsc_unaligned_1048576_cross-core_paced_itch,0,total,14506.7,14933.4,207
2,spsc_unaligned_1048576_cross-core_paced_itch,0,total,14933.4,15360.1,181
2,spsc_unaligned_1048576_cross-core_paced_itch,0,total,15360.1,15786.7,191
2,spsc_unaligned_1048576_cross-core_paced_itch,0,total,15786.7,16213.4,161
2,spsc_unaligned_1048576_cross-core_paced_itch,0,total,16213.4,16640.1,168
2,spsc_unaligned_1048576_cross-core_paced_itch,0,total,16640.1,17066.8,168
2,spsc_unaligned_1048576_cross-core_paced_itch,0,total,17066.8,17493.4,154
2,spsc_unaligned_1048576_cross-core_paced_itch,0,total,17493.4,17920.1,161
2,spsc_unaligned_1048576_cross-core_paced_itch,0,total,17920.1,18346.8,145
2,spsc_unaligned_1048576_cross-core_paced_itch,0,total,18346.8,18773.4,156
2,spsc_unaligned_1048576_cross-core_paced_itch,0,total,18773.4,19200.1,134
2,spsc_unaligned_1048576_cross-core_paced_itch,0,total,19200.1,19626.8,144
2,spsc_unaligned_1048576_cross-core_paced_itch,0,total,19626.8,20053.4,111
2,spsc_unaligned_1048576_cross-core_paced_itch,0,total,20053.4,20480.1,111
2,spsc_unaligned_1048576_cross-core_paced_itch,0,total,20480.1,20906.8,125
2,spsc_unaligned_1048576_cross-core_paced_itch,0,total,20906.8,21333.4,132
2,spsc_unaligned_1048576_cross-core_paced_itch,0,total,21333.4,21760.1,117
2,spsc_unaligned_1048576_cross-core_paced_itch,0,total,21760.1,22186.8,113
2,spsc_unaligned_1048576_cross-core_paced_itch,0,total,22186.8,22613.4,111
2,spsc_unaligned_1048576_cross-core_paced_itch,0,total,22613.4,23040.1,96
2,spsc_unaligned_1048576_cross-core_paced_itch,0,total,23040.1,23466.8,80
2,spsc_unaligned_1048576_cross-core_paced_itch,0,total,23466.8,23893.5,59
2,spsc_unaligned_1048576_cross-core_paced_itch,0,total,23893.5,24320.1,87
2,spsc_unaligned_1048576_cross-core_paced_itch,0,total,24320.1,24746.8,63
2,spsc_unaligned_1048576_cross-core_paced_itch,0,total,24746.8,25173.5,52
2,spsc_unaligned_1048576_cross-core_paced_itch,0,total,25173.5,25600.1,51
2,spsc_unaligned_1048576_cross-core_paced_itch,0,total,25600.1,26026.8,57
2,spsc_unaligned_1048576_cross-core_paced_itch,0,total,26026.8,26453.5,57
2,spsc_unaligned_1048576_cross-core_paced_itch,0,total,26453.5,26880.1,48
2,spsc_unaligned_1048576_cross-core_paced_itch,0,total,26880.1,27306.8,46
2,spsc_unaligned_1048576_cross-core_paced_itch,0,total,27306.8,28160.1,118
2,spsc_unaligned_1048576_cross-core_paced_itch,0,total,28160.1,29013.5,76
2,spsc_unaligned_1048576_cross-core_paced_itch,0,total,29013.5,29866.8,80
2,spsc_unaligned_1048576_cross-core_paced_itch,0,total,29866.8,30720.2,82
2,spsc_unaligned_1048576_cross-core_paced_itch,0,total,30720.2,31573.5,54
2,spsc_unaligned_1048576_cross-core_paced_itch,0,total,31573.5,32426.8,53
2,spsc_unaligned_1048576_cross-core_paced_itch,0,total,32426.8,33280.2,95
2,spsc_unaligned_1048576_cross-core_paced_itch,0,total,33280.2,34133.5,57
2,spsc_unaligned_1048576_cross-core_paced_itch,0,total,34133.5,34986.8,60
2,spsc_unaligned_1048576_cross-core_paced_itch,0,total,34986.8,35840.2,67
2,spsc_unaligned_1048576_cross-core_paced_itch,0,total,35840.2,36693.5,61
2,spsc_unaligned_1048576_cross-core_paced_itch,0,total,36693.5,37546.9,74
2,spsc_unaligned_1048576_cross-core_paced_itch,0,total,37546.9,38400.2,71
2,spsc_unaligned_1048576_cross-core_paced_itch,0,total,38400.2,39253.5,84
2,spsc_unaligned_1048576_cross-core_paced_itch,0,total,39253.5,40106.9,64
2,spsc_unaligned_1048576_cross-core_paced_itch,0,total,40106.9,40960.2,60
2,spsc_unaligned_1048576_cross-core_paced_itch,0,total,40960.2,41813.5,85
2,spsc_unaligned_1048576_cross-core_paced_itch,0,total,41813.5,42666.9,68
2,spsc_unaligned_1048576_cross-core_paced_itch,0,total,42666.9,43520.2,71
2,spsc_unaligned_1048576_cross-core_paced_itch,0,total,43520.2,44373.6,91
2,spsc_unaligned_1048576_cross-core_paced_itch,0,total,44373.6,45226.9,80
2,spsc_unaligned_1048576_cross-core_paced_itch,0,total,45226.9,46080.2,73
2,spsc_unaligned_1048576_cross-core_paced_itch,0,total,46080.2,46933.6,68
2,spsc_unaligned_1048576_cross-core_paced_itch,0,total,46933.6,47786.9,89
2,spsc_unaligned_1048576_cross-core_paced_itch,0,total,47786.9,48640.2,81
2,spsc_unaligned_1048576_cross-core_paced_itch,0,total,48640.2,49493.6,79
2,spsc_unaligned_1048576_cross-core_paced_itch,0,total,49493.6,50346.9,62
2,spsc_unaligned_1048576_cross-core_paced_itch,0,total,50346.9,51200.3,58
2,spsc_unaligned_1048576_cross-core_paced_itch,0,total,51200.3,52053.6,53
2,spsc_unaligned_1048576_cross-core_paced_itch,0,total,52053.6,52906.9,49
2,spsc_unaligned_1048576_cross-core_paced_itch,0,total,52906.9,53760.3,49
2,spsc_unaligned_1048576_cross-core_paced_itch,0,total,53760.3,54613.6,50
2,spsc_unaligned_1048576_cross-core_paced_itch,0,total,54613.6,56320.3,82
2,spsc_unaligned_1048576_cross-core_paced_itch,0,total,56320.3,58027,99
2,spsc_unaligned_1048576_cross-core_paced_itch,0,total,58027,59733.6,88
2,spsc_unaligned_1048576_cross-core_paced_itch,0,total,59733.6,61440.3,83
2,spsc_unaligned_1048576_cross-core_paced_itch,0,total,61440.3,63147,63
2,spsc_unaligned_1048576_cross-core_paced_itch,0,total,63147,64853.7,76
2,spsc_unaligned_1048576_cross-core_paced_itch,0,total,64853.7,66560.3,57
2,spsc_unaligned_1048576_cross-core_paced_itch,0,total,66560.3,68267,59
2,spsc_unaligned_1048576_cross-core_paced_itch,0,total,68267,69973.7,53
2,spsc_unaligned_1048576_cross-core_paced_itch,0,total,69973.7,71680.4,40
2,spsc_unaligned_1048576_cross-core_paced_itch,0,total,71680.4,73387,61
2,spsc_unaligned_1048576_cross-core_paced_itch,0,total,73387,75093.7,56
2,spsc_unaligned_1048576_cross-core_paced_itch,0,total,75093.7,76800.4,52
2,spsc_unaligned_1048576_cross-core_paced_itch,0,total,76800.4,78507.1,48
2,spsc_unaligned_1048576_cross-core_paced_itch,0,total,78507.1,80213.7,40
2,spsc_unaligned_1048576_cross-core_paced_itch,0,total,80213.7,81920.4,37
2,spsc_unaligned_1048576_cross-core_paced_itch,0,total,81920.4,83627.1,46
2,spsc_unaligned_1048576_cross-core_paced_itch,0,total,83627.1,85333.8,64
2,spsc_unaligned_1048576_cross-core_paced_itch,0,total,85333.8,87040.4,65
2,spsc_unaligned_1048576_cross-core_paced_itch,0,total,87040.4,88747.1,31
2,spsc_unaligned_1048576_cross-core_paced_itch,0,total,88747.1,90453.8,52
2,spsc_unaligned_1048576_cross-core_paced_itch,0,total,90453.8,92160.5,35
2,spsc_unaligned_1048576_cross-core_paced_itch,0,total,92160.5,93867.1,44
2,spsc_unaligned_1048576_cross-core_paced_itch,0,total,93867.1,95573.8,40
2,spsc_unaligned_1048576_cross-core_paced_itch,0,total,95573.8,97280.5,33
2,spsc_unaligned_1048576_cross-core_paced_itch,0,total,97280.5,98987.2,34
2,spsc_unaligned_1048576_cross-core_paced_itch,0,total,98987.2,100694,29
2,spsc_unaligned_1048576_cross-core_paced_itch,0,total,100694,102401,20
2,spsc_unaligned_1048576_cross-core_paced_itch,0,total,102401,104107,17
2,spsc_unaligned_1048576_cross-core_paced_itch,0,total,104107,105814,19
2,spsc_unaligned_1048576_cross-core_paced_itch,0,total,105814,107521,21
2,spsc_unaligned_1048576_cross-core_paced_itch,0,total,107521,109227,17
2,spsc_unaligned_1048576_cross-core_paced_itch,0,total,109227,112641,46
2,spsc_unaligned_1048576_cross-core_paced_itch,0,total,112641,116054,23
2,spsc_unaligned_1048576_cross-core_paced_itch,0,total,116054,119467,31
2,spsc_unaligned_1048576_cross-core_paced_itch,0,total,119467,122881,33
2,spsc_unaligned_1048576_cross-core_paced_itch,0,total,122881,126294,38
2,spsc_unaligned_1048576_cross-core_paced_itch,0,total,126294,129707,41
2,spsc_unaligned_1048576_cross-core_paced_itch,0,total,129707,133121,23
2,spsc_unaligned_1048576_cross-core_paced_itch,0,total,133121,136534,33
2,spsc_unaligned_1048576_cross-core_paced_itch,0,total,136534,139947,45
2,spsc_unaligned_1048576_cross-core_paced_itch,0,total,139947,143361,46
2,spsc_unaligned_1048576_cross-core_paced_itch,0,total,143361,146774,41
2,spsc_unaligned_1048576_cross-core_paced_itch,0,total,146774,150187,34
2,spsc_unaligned_1048576_cross-core_paced_itch,0,total,150187,153601,34
2,spsc_unaligned_1048576_cross-core_paced_itch,0,total,153601,157014,74
2,spsc_unaligned_1048576_cross-core_paced_itch,0,total,157014,160427,39
2,spsc_unaligned_1048576_cross-core_paced_itch,0,total,160427,163841,50
2,spsc_unaligned_1048576_cross-core_paced_itch,0,total,163841,167254,25
2,spsc_unaligned_1048576_cross-core_paced_itch,0,total,167254,170668,19
2,spsc_unaligned_1048576_cross-core_paced_itch,0,total,170668,174081,12
2,spsc_unaligned_1048576_cross-core_paced_itch,0,total,174081,177494,9
2,spsc_unaligned_1048576_cross-core_paced_itch,0,total,177494,180908,16
2,spsc_unaligned_1048576_cross-core_paced_itch,0,total,180908,184321,22
2,spsc_unaligned_1048576_cross-core_paced_itch,0,total,184321,187734,39
2,spsc_unaligned_1048576_cross-core_paced_itch,0,total,187734,191148,31
2,spsc_unaligned_1048576_cross-core_paced_itch,0,total,191148,194561,29
2,spsc_unaligned_1048576_cross-core_paced_itch,0,total,194561,197974,18
2,spsc_unaligned_1048576_cross-core_paced_itch,0,total,197974,201388,21
2,spsc_unaligned_1048576_cross-core_paced_itch,0,total,201388,204801,14
2,spsc_unaligned_1048576_cross-core_paced_itch,0,total,204801,208214,31
2,spsc_unaligned_1048576_cross-core_paced_itch,0,total,208214,211628,31
2,spsc_unaligned_1048576_cross-core_paced_itch,0,total,211628,215041,33
2,spsc_unaligned_1048576_cross-core_paced_itch,0,total,215041,218454,31
2,spsc_unaligned_1048576_cross-core_paced_itch,0,total,218454,225281,44
2,spsc_unaligned_1048576_cross-core_paced_itch,0,total,225281,232108,89
2,spsc_unaligned_1048576_cross-core_paced_itch,0,total,232108,238935,46
2,spsc_unaligned_1048576_cross-core_paced_itch,0,total,238935,245761,33
2,spsc_unaligned_1048576_cross-core_paced_itch,0,total,245761,252588,23
2,spsc_unaligned_1048576_cross-core_paced_itch,0,total,252588,259415,53
2,spsc_unaligned_1048576_cross-core_paced_itch,0,total,259415,266241,37
2,spsc_unaligned_1048576_cross-core_paced_itch,0,total,266241,273068,29
2,spsc_unaligned_1048576_cross-core_paced_itch,0,total,273068,279895,48
2,spsc_unaligned_1048576_cross-core_paced_itch,0,total,279895,286721,31
2,spsc_unaligned_1048576_cross-core_paced_itch,0,total,286721,293548,68
2,spsc_unaligned_1048576_cross-core_paced_itch,0,total,293548,300375,81
2,spsc_unaligned_1048576_cross-core_paced_itch,0,total,300375,307202,76
2,spsc_unaligned_1048576_cross-core_paced_itch,0,total,307202,314028,65
2,spsc_unaligned_1048576_cross-core_paced_itch,0,total,314028,320855,62
2,spsc_unaligned_1048576_cross-core_paced_itch,0,total,320855,327682,63
2,spsc_unaligned_1048576_cross-core_paced_itch,0,total,327682,334508,76
2,spsc_unaligned_1048576_cross-core_paced_itch,0,total,334508,341335,203
2,spsc_unaligned_1048576_cross-core_paced_itch,0,total,341335,348162,171
2,spsc_unaligned_1048576_cross-core_paced_itch,0,total,348162,354988,122
2,spsc_unaligned_1048576_cross-core_paced_itch,0,total,354988,361815,119
2,spsc_unaligned_1048576_cross-core_paced_itch,0,total,361815,368642,107
2,spsc_unaligned_1048576_cross-core_paced_itch,0,total,368642,375469,154
2,spsc_unaligned_1048576_cross-core_paced_itch,0,total,375469,382295,187
2,spsc_unaligned_1048576_cross-core_paced_itch,0,total,382295,389122,134
2,spsc_unaligned_1048576_cross-core_paced_itch,0,total,389122,395949,132
2,spsc_unaligned_1048576_cross-core_paced_itch,0,total,395949,402775,158
2,spsc_unaligned_1048576_cross-core_paced_itch,0,total,402775,409602,63
2,spsc_unaligned_1048576_cross-core_paced_itch,0,total,409602,416429,102
2,spsc_unaligned_1048576_cross-core_paced_itch,0,total,416429,423255,207
2,spsc_unaligned_1048576_cross-core_paced_itch,0,total,423255,430082,288
2,spsc_unaligned_1048576_cross-core_paced_itch,0,total,430082,436909,224
2,spsc_unaligned_1048576_cross-core_paced_itch,0,total,436909,450562,320
2,spsc_unaligned_1048576_cross-core_paced_itch,0,total,450562,464216,287
2,spsc_unaligned_1048576_cross-core_paced_itch,0,total,464216,477869,321
2,spsc_unaligned_1048576_cross-core_paced_itch,0,total,477869,491522,336
2,spsc_unaligned_1048576_cross-core_paced_itch,0,total,491522,505176,200
2,spsc_unaligned_1048576_cross-core_paced_itch,0,total,505176,518829,248
2,spsc_unaligned_1048576_cross-core_paced_itch,0,total,518829,532483,273
2,spsc_unaligned_1048576_cross-core_paced_itch,0,total,532483,546136,370
2,spsc_unaligned_1048576_cross-core_paced_itch,0,total,546136,559789,503
2,spsc_unaligned_1048576_cross-core_paced_itch,0,total,559789,573443,322
2,spsc_unaligned_1048576_cross-core_paced_itch,0,total,573443,587096,628
2,spsc_unaligned_1048576_cross-core_paced_itch,0,total,587096,600750,555
2,spsc_unaligned_1048576_cross-core_paced_itch,0,total,600750,614403,369
2,spsc_unaligned_1048576_cross-core_paced_itch,0,total,614403,628056,236
2,spsc_unaligned_1048576_cross-core_paced_itch,0,total,628056,641710,261
2,spsc_unaligned_1048576_cross-core_paced_itch,0,total,641710,655363,112
2,spsc_unaligned_1048576_cross-core_paced_itch,0,total,655363,669017,60
2,spsc_unaligned_1048576_cross-core_paced_itch,0,total,669017,682670,38
2,spsc_unaligned_1048576_cross-core_paced_itch,0,total,682670,696323,53
2,spsc_unaligned_1048576_cross-core_paced_itch,0,total,696323,709977,17
2,spsc_unaligned_1048576_cross-core_paced_itch,0,total,709977,723630,34
2,spsc_unaligned_1048576_cross-core_paced_itch,0,total,723630,737284,19
2,spsc_unaligned_1048576_cross-core_paced_itch,0,total,737284,750937,45
2,spsc_unaligned_1048576_cross-core_paced_itch,0,total,750937,764590,33
2,spsc_unaligned_1048576_cross-core_paced_itch,0,total,764590,778244,27
2,spsc_unaligned_1048576_cross-core_paced_itch,0,total,778244,791897,27
2,spsc_unaligned_1048576_cross-core_paced_itch,0,total,791897,805551,28
2,spsc_unaligned_1048576_cross-core_paced_itch,0,total,805551,819204,38
2,spsc_unaligned_1048576_cross-core_paced_itch,0,total,819204,832857,32
2,spsc_unaligned_1048576_cross-core_paced_itch,0,total,832857,846511,96
2,spsc_unaligned_1048576_cross-core_paced_itch,0,total,846511,860164,202
2,spsc_unaligned_1048576_cross-core_paced_itch,0,total,860164,873818,104
2,spsc_unaligned_1048576_cross-core_paced_itch,0,queue,190.001,193.334,2
2,spsc_unaligned_1048576_cross-core_paced_itch,0,queue,213.334,220.001,3
2,spsc_unaligned_1048576_cross-core_paced_itch,0,queue,220.001,226.668,2
2,spsc_unaligned_1048576_cross-core_paced_itch,0,queue,233.334,240.001,1
2,spsc_unaligned_1048576_cross-core_paced_itch,0,queue,240.001,246.668,4
2,spsc_unaligned_1048576_cross-core_paced_itch,0,queue,246.668,253.335,4
2,spsc_unaligned_1048576_cross-core_paced_itch,0,queue,253.335,260.001,15
2,spsc_unaligned_1048576_cross-core_paced_itch,0,queue,260.001,266.668,36
2,spsc_unaligned_1048576_cross-core_paced_itch,0,queue,266.668,273.335,40
2,spsc_unaligned_1048576_cross-core_paced_itch,0,queue,273.335,280.001,69
2,spsc_unaligned_1048576_cross-core_paced_itch,0,queue,280.001,286.668,61
2,spsc_unaligned_1048576_cross-core_paced_itch,0,queue,286.668,293.335,76
2,spsc_unaligned_1048576_cross-core_paced_itch,0,queue,293.335,300.001,78
2,spsc_unaligned_1048576_cross-core_paced_itch,0,queue,300.001,306.668,81
2,spsc_unaligned_1048576_cross-core_paced_itch,0,queue,306.668,313.335,108
2,spsc_unaligned_1048576_cross-core_paced_itch,0,queue,313.335,320.002,347
2,spsc_unaligned_1048576_cross-core_paced_itch,0,queue,320.002,326.668,1515
2,spsc_unaligned_1048576_cross-core_paced_itch,0,queue,326.668,333.335,3275
2,spsc_unaligned_1048576_cross-core_paced_itch,0,queue,333.335,340.002,4916
2,spsc_unaligned_1048576_cross-core_paced_itch,0,queue,340.002,346.668,6381
2,spsc_unaligned_1048576_cross-core_paced_itch,0,queue,346.668,353.335,8586
2,spsc_unaligned_1048576_cross-core_paced_itch,0,queue,353.335,360.002,10043
2,spsc_unaligned_1048576_cross-core_paced_itch,0,queue,360.002,366.668,11527
2,spsc_unaligned_1048576_cross-core_paced_itch,0,queue,366.668,373.335,12136
2,spsc_unaligned_1048576_cross-core_paced_itch,0,queue,373.335,380.002,11228
2,spsc_unaligned_1048576_cross-core_paced_itch,0,queue,380.002,386.669,8898
2,spsc_unaligned_1048576_cross-core_paced_itch,0,queue,386.669,393.335,6575
2,spsc_unaligned_1048576_cross-core_paced_itch,0,queue,393.335,400.002,4703
2,spsc_unaligned_1048576_cross-core_paced_itch,0,queue,400.002,406.669,3445
2,spsc_unaligned_1048576_cross-core_paced_itch,0,queue,406.669,413.335,2658
2,spsc_unaligned_1048576_cross-core_paced_itch,0,queue,413.335,420.002,2175
2,spsc_unaligned_1048576_cross-core_paced_itch,0,queue,420.002,426.669,1732
2,spsc_unaligned_1048576_cross-core_paced_itch,0,queue,426.669,440.002,2726
2,spsc_unaligned_1048576_cross-core_paced_itch,0,queue,440.002,453.336,2673
2,spsc_unaligned_1048576_cross-core_paced_itch,0,queue,453.336,466.669,2602
2,spsc_unaligned_1048576_cross-core_paced_itch,0,queue,466.669,480.002,2310
2,spsc_unaligned_1048576_cross-core_paced_itch,0,queue,480.002,493.336,3153
2,spsc_unaligned_1048576_cross-core_paced_itch,0,queue,493.336,506.669,6525
2,spsc_unaligned_1048576_cross-core_paced_itch,0,queue,506.669,520.003,8720
2,spsc_unaligned_1048576_cross-core_paced_itch,0,queue,520.003,533.336,6460
2,spsc_unaligned_1048576_cross-core_paced_itch,0,queue,533.336,546.669,3427
2,spsc_unaligned_1048576_cross-core_paced_itch,0,queue,546.669,560.003,1920
2,spsc_unaligned_1048576_cross-core_paced_itch,0,queue,560.003,573.336,1444
2,spsc_unaligned_1048576_cross-core_paced_itch,0,queue,573.336,586.67,1329
2,spsc_unaligned_1048576_cross-core_paced_itch,0,queue,586.67,600.003,1504
2,spsc_unaligned_1048576_cross-core_paced_itch,0,queue,600.003,613.336,1423
2,spsc_unaligned_1048576_cross-core_paced_itch,0,queue,613.336,626.67,1300
2,spsc_unaligned_1048576_cross-core_paced_itch,0,queue,626.67,640.003,1167
2,spsc_unaligned_1048576_cross-core_paced_itch,0,queue,640.003,653.337,1035
2,spsc_unaligned_1048576_cross-core_paced_itch,0,queue,653.337,666.67,1168
2,spsc_unaligned_1048576_cross-core_paced_itch,0,queue,666.67,680.003,1233
2,spsc_unaligned_1048576_cross-core_paced_itch,0,queue,680.003,693.337,1347
2,spsc_unaligned_1048576_cross-core_paced_itch,0,queue,693.337,706.67,1172
2,spsc_unaligned_1048576_cross-core_paced_itch,0,queue,706.67,720.004,1141
2,spsc_unaligned_1048576_cross-core_paced_itch,0,queue,720.004,733.337,935
2,spsc_unaligned_1048576_cross-core_paced_itch,0,queue,733.337,746.67,828
2,spsc_unaligned_1048576_cross-core_paced_itch,0,queue,746.67,760.004,695
2,spsc_unaligned_1048576_cross-core_paced_itch,0,queue,760.004,773.337,678
2,spsc_unaligned_1048576_cross-core_paced_itch,0,queue,773.337,786.671,658
2,spsc_unaligned_1048576_cross-core_paced_itch,0,queue,786.671,800.004,639
2,spsc_unaligned_1048576_cross-core_paced_itch,0,queue,800.004,813.337,648
2,spsc_unaligned_1048576_cross-core_paced_itch,0,queue,813.337,826.671,631
2,spsc_unaligned_1048576_cross-core_paced_itch,0,queue,826.671,840.004,593
2,spsc_unaligned_1048576_cross-core_paced_itch,0,queue,840.004,853.338,563
2,spsc_unaligned_1048576_cross-core_paced_itch,0,queue,853.338,880.004,1073
2,spsc_unaligned_1048576_cross-core_paced_itch,0,queue,880.004,906.671,1028
2,spsc_unaligned_1048576_cross-core_paced_itch,0,queue,906.671,933.338,967
2,spsc_unaligned_1048576_cross-core_paced_itch,0,queue,933.338,960.005,893
2,spsc_unaligned_1048576_cross-core_paced_itch,0,queue,960.005,986.672,785
2,spsc_unaligned_1048576_cross-core_paced_itch,0,queue,986.672,1013.34,826
2,spsc_unaligned_1048576_cross-core_paced_itch,0,queue,1013.34,1040.01,760
2,spsc_unaligned_1048576_cross-core_paced_itch,0,queue,1040.01,1066.67,751
2,spsc_unaligned_1048576_cross-core_paced_itch,0,queue,1066.67,1093.34,670
2,spsc_unaligned_1048576_cross-core_paced_itch,0,queue,1093.34,1120.01,648
2,spsc_unaligned_1048576_cross-core_paced_itch,0,queue,1120.01,1146.67,668
2,spsc_unaligned_1048576_cross-core_paced_itch,0,queue,1146.67,1173.34,634
2,spsc_unaligned_1048576_cross-core_paced_itch,0,queue,1173.34,1200.01,594
2,spsc_unaligned_1048576_cross-core_paced_itch,0,queue,1200.01,1226.67,591
2,spsc_unaligned_1048576_cross-core_paced_itch,0,queue,1226.67,1253.34,561
2,spsc_unaligned_1048576_cross-core_paced_itch,0,queue,1253.34,1280.01,543
2,spsc_unaligned_1048576_cross-core_paced_itch,0,queue,1280.01,1306.67,555
2,spsc_unaligned_1048576_cross-core_paced_itch,0,queue,1306.67,1333.34,558
2,spsc_unaligned_1048576_cross-core_paced_itch,0,queue,1333.34,1360.01,525
2,spsc_unaligned_1048576_cross-core_paced_itch,0,queue,1360.01,1386.67,537
2,spsc_unaligned_1048576_cross-core_paced_itch,0,queue,1386.67,1413.34,530
2,spsc_unaligned_1048576_cross-core_paced_itch,0,queue,1413.34,1440.01,511
2,spsc_unaligned_1048576_cross-core_paced_itch,0,queue,1440.01,1466.67,530
2,spsc_unaligned_1048576_cross-core_paced_itch,0,queue,1466.67,1493.34,503
2,spsc_unaligned_1048576_cross-core_paced_itch,0,queue,1493.34,1520.01,456
2,spsc_unaligned_1048576_cross-core_paced_itch,0,queue,1520.01,1546.67,521
2,spsc_unaligned_1048576_cross-core_paced_itch,0,queue,1546.67,1573.34,478
2,spsc_unaligned_1048576_cross-core_paced_itch,0,queue,1573.34,1600.01,505
2,spsc_unaligned_1048576_cross-core_paced_itch,0,queue,1600.01,1626.67,487
2,spsc_unaligned_1048576_cross-core_paced_itch,0,queue,1626.67,1653.34,452
2,spsc_unaligned_1048576_cross-core_paced_itch,0,queue,1653.34,1680.01,445
2,spsc_unaligned_1048576_cross-core_paced_itch,0,queue,1680.01,1706.68,472
2,spsc_unaligned_1048576_cross-core_paced_itch,0,queue,1706.68,1760.01,948
2,spsc_unaligned_1048576_cross-core_paced_itch,0,queue,1760.01,1813.34,879
2,spsc_unaligned_1048576_cross-core_paced_itch,0,queue,1813.34,1866.68,878
2,spsc_unaligned_1048576_cross-core_paced_itch,0,queue,1866.68,1920.01,810
2,spsc_unaligned_1048576_cross-core_paced_itch,0,queue,1920.01,1973.34,867
2,spsc_unaligned_1048576_cross-core_paced_itch,0,queue,1973.34,2026.68,815
2,spsc_unaligned_1048576_cross-core_paced_itch,0,queue,2026.68,2080.01,836
2,spsc_unaligned_1048576_cross-core_paced_itch,0,queue,2080.01,2133.34,749
2,spsc_unaligned_1048576_cross-core_paced_itch,0,queue,2133.34,2186.68,785
2,spsc_unaligned_1048576_cross-core_paced_itch,0,queue,2186.68,2240.01,747
2,spsc_unaligned_1048576_cross-core_paced_itch,0,queue,2240.01,2293.34,762
2,spsc_unaligned_1048576_cross-core_paced_itch,0,queue,2293.34,2346.68,753
2,spsc_unaligned_1048576_cross-core_paced_itch,0,queue,2346.68,2400.01,703
2,spsc_unaligned_1048576_cross-core_paced_itch,0,queue,2400.01,2453.35,692
2,spsc_unaligned_1048576_cross-core_paced_itch,0,queue,2453.35,2506.68,679
2,spsc_unaligned_1048576_cross-core_paced_itch,0,queue,2506.68,2560.01,725
2,spsc_unaligned_1048576_cross-core_paced_itch,0,queue,2560.01,2613.35,647
2,spsc_unaligned_1048576_cross-core_paced_itch,0,queue,2613.35,2666.68,652
2,spsc_unaligned_1048576_cross-core_paced_itch,0,queue,2666.68,2720.01,665
2,spsc_unaligned_1048576_cross-core_paced_itch,0,queue,2720.01,2773.35,627
2,spsc_unaligned_1048576_cross-core_paced_itch,0,queue,2773.35,2826.68,686
2,spsc_unaligned_1048576_cross-core_paced_itch,0,queue,2826.68,2880.01,617
2,spsc_unaligned_1048576_cross-core_paced_itch,0,queue,2880.01,2933.35,649
2,spsc_unaligned_1048576_cross-core_paced_itch,0,queue,2933.35,2986.68,649
2,spsc_unaligned_1048576_cross-core_paced_itch,0,queue,2986.68,3040.02,659
2,spsc_unaligned_1048576_cross-core_paced_itch,0,queue,3040.02,3093.35,531
2,spsc_unaligned_1048576_cross-core_paced_itch,0,queue,3093.35,3146.68,624
2,spsc_unaligned_1048576_cross-core_paced_itch,0,queue,3146.68,3200.02,608
2,spsc_unaligned_1048576_cross-core_paced_itch,0,queue,3200.02,3253.35,654
2,spsc_unaligned_1048576_cross-core_paced_itch,0,queue,3253.35,3306.68,577
2,spsc_unaligned_1048576_cross-core_paced_itch,0,queue,3306.68,3360.02,566
2,spsc_unaligned_1048576_cross-core_paced_itch,0,queue,3360.02,3413.35,596
2,spsc_unaligned_1048576_cross-core_paced_itch,0,queue,3413.35,3520.02,1122
2,spsc_unaligned_1048576_cross-core_paced_itch,0,queue,3520.02,3626.68,1113
2,spsc_unaligned_1048576_cross-core_paced_itch,0,queue,3626.68,3733.35,1028
2,spsc_unaligned_1048576_cross-core_paced_itch,0,queue,3733.35,3840.02,976
2,spsc_unaligned_1048576_cross-core_paced_itch,0,queue,3840.02,3946.69,1022
2,spsc_unaligned_1048576_cross-core_paced_itch,0,queue,3946.69,4053.35,938
2,spsc_unaligned_1048576_cross-core_paced_itch,0,queue,4053.35,4160.02,912
2,spsc_unaligned_1048576_cross-core_paced_itch,0,queue,4160.02,4266.69,867
2,spsc_unaligned_1048576_cross-core_paced_itch,0,queue,4266.69,4373.35,878
2,spsc_unaligned_1048576_cross-core_paced_itch,0,queue,4373.35,4480.02,820
2,spsc_unaligned_1048576_cross-core_paced_itch,0,queue,4480.02,4586.69,816
2,spsc_unaligned_1048576_cross-core_paced_itch,0,queue,4586.69,4693.36,790
2,spsc_unaligned_1048576_cross-core_paced_itch,0,queue,4693.36,4800.02,745
2,spsc_unaligned_1048576_cross-core_paced_itch,0,queue,4800.02,4906.69,751
2,spsc_unaligned_1048576_cross-core_paced_itch,0,queue,4906.69,5013.36,715
2,spsc_unaligned_1048576_cross-core_paced_itch,0,queue,5013.36,5120.03,659
2,spsc_unaligned_1048576_cross-core_paced_itch,0,queue,5120.03,5226.69,635
2,spsc_unaligned_1048576_cross-core_paced_itch,0,queue,5226.69,5333.36,602
2,spsc_unaligned_1048576_cross-core_paced_itch,0,queue,5333.36,5440.03,625
2,spsc_unaligned_1048576_cross-core_paced_itch,0,queue,5440.03,5546.69,582
2,spsc_unaligned_1048576_cross-core_paced_itch,0,queue,5546.69,5653.36,607
2,spsc_unaligned_1048576_cross-core_paced_itch,0,queue,5653.36,5760.03,554
2,spsc_unaligned_1048576_cross-core_paced_itch,0,queue,5760.03,5866.7,536
2,spsc_unaligned_1048576_cross-core_paced_itch,0,queue,5866.7,5973.36,521
2,spsc_unaligned_1048576_cross-core_paced_itch,0,queue,5973.36,6080.03,529
2,spsc_unaligned_1048576_cross-core_paced_itch,0,queue,6080.03,6186.7,476
2,spsc_unaligned_1048576_cross-core_paced_itch,0,queue,6186.7,6293.36,480
2,spsc_unaligned_1048576_cross-core_paced_itch,0,queue,6293.36,6400.03,483
2,spsc_unaligned_1048576_cross-core_paced_itch,0,queue,6400.03,6506.7,511
2,spsc_unaligned_1048576_cross-core_paced_itch,0,queue,6506.7,6613.37,467
2,spsc_unaligned_1048576_cross-core_paced_itch,0,queue,6613.37,6720.03,461
2,spsc_unaligned_1048576_cross-core_paced_itch,0,queue,6720.03,6826.7,439
2,spsc_unaligned_1048576_cross-core_paced_itch,0,queue,6826.7,7040.03,819
2,spsc_unaligned_1048576_cross-core_paced_itch,0,queue,7040.03,7253.37,803
2,spsc_unaligned_1048576_cross-core_paced_itch,0,queue,7253.37,7466.7,712
2,spsc_unaligned_1048576_cross-core_paced_itch,0,queue,7466.7,7680.04,703
2,spsc_unaligned_1048576_cross-core_paced_itch,0,queue,7680.04,7893.37,693
2,spsc_unaligned_1048576_cross-core_paced_itch,0,queue,7893.37,8106.71,628
2,spsc_unaligned_1048576_cross-core_paced_itch,0,queue,8106.71,8320.04,615
2,spsc_unaligned_1048576_cross-core_paced_itch,0,queue,8320.04,8533.38,603
2,spsc_unaligned_1048576_cross-core_paced_itch,0,queue,8533.38,8746.71,627
2,spsc_unaligned_1048576_cross-core_paced_itch,0,queue,8746.71,8960.04,547
2,spsc_unaligned_1048576_cross-core_paced_itch,0,queue,8960.04,9173.38,514
2,spsc_unaligned_1048576_cross-core_paced_itch,0,queue,9173.38,9386.71,503
2,spsc_unaligned_1048576_cross-core_paced_itch,0,queue,9386.71,9600.05,474
2,spsc_unaligned_1048576_cross-core_paced_itch,0,queue,9600.05,9813.38,468
2,spsc_unaligned_1048576_cross-core_paced_itch,0,queue,9813.38,10026.7,475
2,spsc_unaligned_1048576_cross-core_paced_itch,0,queue,10026.7,10240.1,412
2,spsc_unaligned_1048576_cross-core_paced_itch,0,queue,10240.1,10453.4,409
2,spsc_unaligned_1048576_cross-core_paced_itch,0,queue,10453.4,10666.7,396
2,spsc_unaligned_1048576_cross-core_paced_itch,0,queue,10666.7,10880.1,381
2,spsc_unaligned_1048576_cross-core_paced_itch,0,queue,10880.1,11093.4,346
2,spsc_unaligned_1048576_cross-core_paced_itch,0,queue,11093.4,11306.7,360
2,spsc_unaligned_1048576_cross-core_paced_itch,0,queue,11306.7,11520.1,333
2,spsc_unaligned_1048576_cross-core_paced_itch,0,queue,11520.1,11733.4,354
2,spsc_unaligned_1048576_cross-core_paced_itch,0,queue,11733.4,11946.7,305
2,spsc_unaligned_1048576_cross-core_paced_itch,0,queue,11946.7,12160.1,293
2,spsc_unaligned_1048576_cross-core_paced_itch,0,queue,12160.1,12373.4,272
2,spsc_unaligned_1048576_cross-core_paced_itch,0,queue,12373.4,12586.7,282
2,spsc_unaligned_1048576_cross-core_paced_itch,0,queue,12586.7,12800.1,205
2,spsc_unaligned_1048576_cross-core_paced_itch,0,queue,12800.1,13013.4,196
2,spsc_unaligned_1048576_cross-core_paced_itch,0,queue,13013.4,13226.7,158
2,spsc_unaligned_1048576_cross-core_paced_itch,0,queue,13226.7,13440.1,149
2,spsc_unaligned_1048576_cross-core_paced_itch,0,queue,13440.1,13653.4,136
2,spsc_unaligned_1048576_cross-core_paced_itch,0,queue,13653.4,14080.1,237
2,spsc_unaligned_1048576_cross-core_paced_itch,0,queue,14080.1,14506.7,216
2,spsc_unaligned_1048576_cross-core_paced_itch,0,queue,14506.7,14933.4,191
2,spsc_unaligned_1048576_cross-core_paced_itch,0,queue,14933.4,15360.1,180
2,spsc_unaligned_1048576_cross-core_paced_itch,0,queue,15360.1,15786.7,183
2,spsc_unaligned_1048576_cross-core_paced_itch,0,queue,15786.7,16213.4,161
2,spsc_unaligned_1048576_cross-core_paced_itch,0,queue,16213.4,16640.1,164
2,spsc_unaligned_1048576_cross-core_paced_itch,0,queue,16640.1,17066.8,169
2,spsc_unaligned_1048576_cross-core_paced_itch,0,queue,17066.8,17493.4,170
2,spsc_unaligned_1048576_cross-core_paced_itch,0,queue,17493.4,17920.1,142
2,spsc_unaligned_1048576_cross-core_paced_itch,0,queue,17920.1,18346.8,151
2,spsc_unaligned_1048576_cross-core_paced_itch,0,queue,18346.8,18773.4,145
2,spsc_unaligned_1048576_cross-core_paced_itch,0,queue,18773.4,19200.1,144
2,spsc_unaligned_1048576_cross-core_paced_itch,0,queue,19200.1,19626.8,126
2,spsc_unaligned_1048576_cross-core_paced_itch,0,queue,19626.8,20053.4,106
2,spsc_unaligned_1048576_cross-core_paced_itch,0,queue,20053.4,20480.1,114
2,spsc_unaligned_1048576_cross-core_paced_itch,0,queue,20480.1,20906.8,133
2,spsc_unaligned_1048576_cross-core_paced_itch,0,queue,20906.8,21333.4,125
2,spsc_unaligned_1048576_cross-core_paced_itch,0,queue,21333.4,21760.1,110
2,spsc_unaligned_1048576_cross-core_paced_itch,0,queue,21760.1,22186.8,128
2,spsc_unaligned_1048576_cross-core_paced_itch,0,queue,22186.8,22613.4,97
2,spsc_unaligned_1048576_cross-core_paced_itch,0,queue,22613.4,23040.1,96
2,spsc_unaligned_1048576_cross-core_paced_itch,0,queue,23040.1,23466.8,60
2,spsc_unaligned_1048576_cross-core_paced_itch,0,queue,23466.8,23893.5,72
2,spsc_unaligned_1048576_cross-core_paced_itch,0,queue,23893.5,24320.1,77
2,spsc_unaligned_1048576_cross-core_paced_itch,0,queue,24320.1,24746.8,57
2,spsc_unaligned_1048576_cross-core_paced_itch,0,queue,24746.8,25173.5,55
2,spsc_unaligned_1048576_cross-core_paced_itch,0,queue,25173.5,25600.1,51
2,spsc_unaligned_1048576_cross-core_paced_itch,0,queue,25600.1,26026.8,58
2,spsc_unaligned_1048576_cross-core_paced_itch,0,queue,26026.8,26453.5,46
2,spsc_unaligned_1048576_cross-core_paced_itch,0,queue,26453.5,26880.1,54
2,spsc_unaligned_1048576_cross-core_paced_itch,0,queue,26880.1,27306.8,49
2,spsc_unaligned_1048576_cross-core_paced_itch,0,queue,27306.8,28160.1,115
2,spsc_unaligned_1048576_cross-core_paced_itch,0,queue,28160.1,29013.5,73
2,spsc_unaligned_1048576_cross-core_paced_itch,0,queue,29013.5,29866.8,88
2,spsc_unaligned_1048576_cross-core_paced_itch,0,queue,29866.8,30720.2,63
2,spsc_unaligned_1048576_cross-core_paced_itch,0,queue,30720.2,31573.5,58
2,spsc_unaligned_1048576_cross-core_paced_itch,0,queue,31573.5,32426.8,60
2,spsc_unaligned_1048576_cross-core_paced_itch,0,queue,32426.8,33280.2,90
2,spsc_unaligned_1048576_cross-core_paced_itch,0,queue,33280.2,34133.5,56
2,spsc_unaligned_1048576_cross-core_paced_itch,0,queue,34133.5,34986.8,56
2,spsc_unaligned_1048576_cross-core_paced_itch,0,queue,34986.8,35840.2,72
2,spsc_unaligned_1048576_cross-core_paced_itch,0,queue,35840.2,36693.5,66
2,spsc_unaligned_1048576_cross-core_paced_itch,0,queue,36693.5,37546.9,70
2,spsc_unaligned_1048576_cross-core_paced_itch,0,queue,37546.9,38400.2,67
2,spsc_unaligned_1048576_cross-core_paced_itch,0,queue,38400.2,39253.5,93
2,spsc_unaligned_1048576_cross-core_paced_itch,0,queue,39253.5,40106.9,55
2,spsc_unaligned_1048576_cross-core_paced_itch,0,queue,40106.9,40960.2,73
2,spsc_unaligned_1048576_cross-core_paced_itch,0,queue,40960.2,41813.5,71
2,spsc_unaligned_1048576_cross-core_paced_itch,0,queue,41813.5,42666.9,66
2,spsc_unaligned_1048576_cross-core_paced_itch,0,queue,42666.9,43520.2,81
2,spsc_unaligned_1048576_cross-core_paced_itch,0,queue,43520.2,44373.6,89
2,spsc_unaligned_1048576_cross-core_paced_itch,0,queue,44373.6,45226.9,88
2,spsc_unaligned_1048576_cross-core_paced_itch,0,queue,45226.9,46080.2,66
2,spsc_unaligned_1048576_cross-core_paced_itch,0,queue,46080.2,46933.6,77
2,spsc_unaligned_1048576_cross-core_paced_itch,0,queue,46933.6,47786.9,80
2,spsc_unaligned_1048576_cross-core_paced_itch,0,queue,47786.9,48640.2,86
2,spsc_unaligned_1048576_cross-core_paced_itch,0,queue,48640.2,49493.6,69
2,spsc_unaligned_1048576_cross-core_paced_itch,0,queue,49493.6,50346.9,66
2,spsc_unaligned_1048576_cross-core_paced_itch,0,queue,50346.9,51200.3,52
2,spsc_unaligned_1048576_cross-core_paced_itch,0,queue,51200.3,52053.6,54
2,spsc_unaligned_1048576_cross-core_paced_itch,0,queue,52053.6,52906.9,48
2,spsc_unaligned_1048576_cross-core_paced_itch,0,queue,52906.9,53760.3,52
2,spsc_unaligned_1048576_cross-core_paced_itch,0,queue,53760.3,54613.6,43
2,spsc_unaligned_1048576_cross-core_paced_itch,0,queue,54613.6,56320.3,86
2,spsc_unaligned_1048576_cross-core_paced_itch,0,queue,56320.3,58027,98
2,spsc_unaligned_1048576_cross-core_paced_itch,0,queue,58027,59733.6,85
2,spsc_unaligned_1048576_cross-core_paced_itch,0,queue,59733.6,61440.3,83
2,spsc_unaligned_1048576_cross-core_paced_itch,0,queue,61440.3,63147,61
2,spsc_unaligned_1048576_cross-core_paced_itch,0,queue,63147,64853.7,77
2,spsc_unaligned_1048576_cross-core_paced_itch,0,queue,64853.7,66560.3,57
2,spsc_unaligned_1048576_cross-core_paced_itch,0,queue,66560.3,68267,59
2,spsc_unaligned_1048576_cross-core_paced_itch,0,queue,68267,69973.7,51
2,spsc_unaligned_1048576_cross-core_paced_itch,0,queue,69973.7,71680.4,43
2,spsc_unaligned_1048576_cross-core_paced_itch,0,queue,71680.4,73387,65
2,spsc_unaligned_1048576_cross-core_paced_itch,0,queue,73387,75093.7,54
2,spsc_unaligned_1048576_cross-core_paced_itch,0,queue,75093.7,76800.4,50
2,spsc_unaligned_1048576_cross-core_paced_itch,0,queue,76800.4,78507.1,46
2,spsc_unaligned_1048576_cross-core_paced_itch,0,queue,78507.1,80213.7,40
2,spsc_unaligned_1048576_cross-core_paced_itch,0,queue,80213.7,81920.4,36
2,spsc_unaligned_1048576_cross-core_paced_itch,0,queue,81920.4,83627.1,50
2,spsc_unaligned_1048576_cross-core_paced_itch,0,queue,83627.1,85333.8,71
2,spsc_unaligned_1048576_cross-core_paced_itch,0,queue,85333.8,87040.4,54
2,spsc_unaligned_1048576_cross-core_paced_itch,0,queue,87040.4,88747.1,36
2,spsc_unaligned_1048576_cross-core_paced_itch,0,queue,88747.1,90453.8,48
2,spsc_unaligned_1048576_cross-core_paced_itch,0,queue,90453.8,92160.5,39
2,spsc_unaligned_1048576_cross-core_paced_itch,0,queue,92160.5,93867.1,44
2,spsc_unaligned_1048576_cross-core_paced_itch,0,queue,93867.1,95573.8,39
2,spsc_unaligned_1048576_cross-core_paced_itch,0,queue,95573.8,97280.5,29
2,spsc_unaligned_1048576_cross-core_paced_itch,0,queue,97280.5,98987.2,32
2,spsc_unaligned_1048576_cross-core_paced_itch,0,queue,98987.2,100694,32
2,spsc_unaligned_1048576_cross-core_paced_itch,0,queue,100694,102401,18
2,spsc_unaligned_1048576_cross-core_paced_itch,0,queue,102401,104107,16
2,spsc_unaligned_1048576_cross-core_paced_itch,0,queue,104107,105814,20
2,spsc_unaligned_1048576_cross-core_paced_itch,0,queue,105814,107521,20
2,spsc_unaligned_1048576_cross-core_paced_itch,0,queue,107521,109227,17
2,spsc_unaligned_1048576_cross-core_paced_itch,0,queue,109227,112641,45
2,spsc_unaligned_1048576_cross-core_paced_itch,0,queue,112641,116054,24
2,spsc_unaligned_1048576_cross-core_paced_itch,0,queue,116054,119467,30
2,spsc_unaligned_1048576_cross-core_paced_itch,0,queue,119467,122881,40
2,spsc_unaligned_1048576_cross-core_paced_itch,0,queue,122881,126294,33
2,spsc_unaligned_1048576_cross-core_paced_itch,0,queue,126294,129707,40
2,spsc_unaligned_1048576_cross-core_paced_itch,0,queue,129707,133121,26
2,spsc_unaligned_1048576_cross-core_paced_itch,0,queue,133121,136534,30
2,spsc_unaligned_1048576_cross-core_paced_itch,0,queue,136534,139947,45
2,spsc_unaligned_1048576_cross-core_paced_itch,0,queue,139947,143361,47
2,spsc_unaligned_1048576_cross-core_paced_itch,0,queue,143361,146774,41
2,spsc_unaligned_1048576_cross-core_paced_itch,0,queue,146774,150187,34
2,spsc_unaligned_1048576_cross-core_paced_itch,0,queue,150187,153601,34
2,spsc_unaligned_1048576_cross-core_paced_itch,0,queue,153601,157014,73
2,spsc_unaligned_1048576_cross-core_paced_itch,0,queue,157014,160427,42
2,spsc_unaligned_1048576_cross-core_paced_itch,0,queue,160427,163841,47
2,spsc_unaligned_1048576_cross-core_paced_itch,0,queue,163841,167254,28
2,spsc_unaligned_1048576_cross-core_paced_itch,0,queue,167254,170668,16
2,spsc_unaligned_1048576_cross-core_paced_itch,0,queue,170668,174081,11
2,spsc_unaligned_1048576_cross-core_paced_itch,0,queue,174081,177494,10
2,spsc_unaligned_1048576_cross-core_paced_itch,0,queue,177494,180908,16
2,spsc_unaligned_1048576_cross-core_paced_itch,0,queue,180908,184321,22
2,spsc_unaligned_1048576_cross-core_paced_itch,0,queue,184321,187734,39
2,spsc_unaligned_1048576_cross-core_paced_itch,0,queue,187734,191148,32
2,spsc_unaligned_1048576_cross-core_paced_itch,0,queue,191148,194561,29
2,spsc_unaligned_1048576_cross-core_paced_itch,0,queue,194561,197974,17
2,spsc_unaligned_1048576_cross-core_paced_itch,0,queue,197974,201388,21
2,spsc_unaligned_1048576_cross-core_paced_itch,0,queue,201388,204801,14
2,spsc_unaligned_1048576_cross-core_paced_itch,0,queue,204801,208214,34
2,spsc_unaligned_1048576_cross-core_paced_itch,0,queue,208214,211628,27
2,spsc_unaligned_1048576_cross-core_paced_itch,0,queue,211628,215041,34
2,spsc_unaligned_1048576_cross-core_paced_itch,0,queue,215041,218454,31
2,spsc_unaligned_1048576_cross-core_paced_itch,0,queue,218454,225281,43
2,spsc_unaligned_1048576_cross-core_paced_itch,0,queue,225281,232108,91
2,spsc_unaligned_1048576_cross-core_paced_itch,0,queue,232108,238935,45
2,spsc_unaligned_1048576_cross-core_paced_itch,0,queue,238935,245761,32
2,spsc_unaligned_1048576_cross-core_paced_itch,0,queue,245761,252588,23
2,spsc_unaligned_1048576_cross-core_paced_itch,0,queue,252588,259415,53
2,spsc_unaligned_1048576_cross-core_paced_itch,0,queue,259415,266241,38
2,spsc_unaligned_1048576_cross-core_paced_itch,0,queue,266241,273068,28
2,spsc_unaligned_1048576_cross-core_paced_itch,0,queue,273068,279895,49
2,spsc_unaligned_1048576_cross-core_paced_itch,0,queue,279895,286721,31
2,spsc_unaligned_1048576_cross-core_paced_itch,0,queue,286721,293548,71
2,spsc_unaligned_1048576_cross-core_paced_itch,0,queue,293548,300375,80
2,spsc_unaligned_1048576_cross-core_paced_itch,0,queue,300375,307202,75
2,spsc_unaligned_1048576_cross-core_paced_itch,0,queue,307202,314028,65
2,spsc_unaligned_1048576_cross-core_paced_itch,0,queue,314028,320855,61
2,spsc_unaligned_1048576_cross-core_paced_itch,0,queue,320855,327682,63
2,spsc_unaligned_1048576_cross-core_paced_itch,0,queue,327682,334508,77
2,spsc_unaligned_1048576_cross-core_paced_itch,0,queue,334508,341335,202
2,spsc_unaligned_1048576_cross-core_paced_itch,0,queue,341335,348162,172
2,spsc_unaligned_1048576_cross-core_paced_itch,0,queue,348162,354988,120
2,spsc_unaligned_1048576_cross-core_paced_itch,0,queue,354988,361815,124
2,spsc_unaligned_1048576_cross-core_paced_itch,0,queue,361815,368642,106
2,spsc_unaligned_1048576_cross-core_paced_itch,0,queue,368642,375469,152
2,spsc_unaligned_1048576_cross-core_paced_itch,0,queue,375469,382295,188
2,spsc_unaligned_1048576_cross-core_paced_itch,0,queue,382295,389122,135
2,spsc_unaligned_1048576_cross-core_paced_itch,0,queue,389122,395949,133
2,spsc_unaligned_1048576_cross-core_paced_itch,0,queue,395949,402775,156
2,spsc_unaligned_1048576_cross-core_paced_itch,0,queue,402775,409602,61
2,spsc_unaligned_1048576_cross-core_paced_itch,0,queue,409602,416429,111
2,spsc_unaligned_1048576_cross-core_paced_itch,0,queue,416429,423255,203
2,spsc_unaligned_1048576_cross-core_paced_itch,0,queue,423255,430082,287
2,spsc_unaligned_1048576_cross-core_paced_itch,0,queue,430082,436909,222
2,spsc_unaligned_1048576_cross-core_paced_itch,0,queue,436909,450562,319
2,spsc_unaligned_1048576_cross-core_paced_itch,0,queue,450562,464216,287
2,spsc_unaligned_1048576_cross-core_paced_itch,0,queue,464216,477869,323
2,spsc_unaligned_1048576_cross-core_paced_itch,0,queue,477869,491522,334
2,spsc_unaligned_1048576_cross-core_paced_itch,0,queue,491522,505176,199
2,spsc_unaligned_1048576_cross-core_paced_itch,0,queue,505176,518829,251
2,spsc_unaligned_1048576_cross-core_paced_itch,0,queue,518829,532483,272
2,spsc_unaligned_1048576_cross-core_paced_itch,0,queue,532483,546136,373
2,spsc_unaligned_1048576_cross-core_paced_itch,0,queue,546136,559789,502
2,spsc_unaligned_1048576_cross-core_paced_itch,0,queue,559789,573443,322
2,spsc_unaligned_1048576_cross-core_paced_itch,0,queue,573443,587096,634
2,spsc_unaligned_1048576_cross-core_paced_itch,0,queue,587096,600750,550
2,spsc_unaligned_1048576_cross-core_paced_itch,0,queue,600750,614403,367
2,spsc_unaligned_1048576_cross-core_paced_itch,0,queue,614403,628056,236
2,spsc_unaligned_1048576_cross-core_paced_itch,0,queue,628056,641710,257
2,spsc_unaligned_1048576_cross-core_paced_itch,0,queue,641710,655363,113
2,spsc_unaligned_1048576_cross-core_paced_itch,0,queue,655363,669017,60
2,spsc_unaligned_1048576_cross-core_paced_itch,0,queue,669017,682670,38
2,spsc_unaligned_1048576_cross-core_paced_itch,0,queue,682670,696323,52
2,spsc_unaligned_1048576_cross-core_paced_itch,0,queue,696323,709977,17
2,spsc_unaligned_1048576_cross-core_paced_itch,0,queue,709977,723630,34
2,spsc_unaligned_1048576_cross-core_paced_itch,0,queue,723630,737284,19
2,spsc_unaligned_1048576_cross-core_paced_itch,0,queue,737284,750937,45
2,spsc_unaligned_1048576_cross-core_paced_itch,0,queue,750937,764590,33
2,spsc_unaligned_1048576_cross-core_paced_itch,0,queue,764590,778244,27
2,spsc_unaligned_1048576_cross-core_paced_itch,0,queue,778244,791897,27
2,spsc_unaligned_1048576_cross-core_paced_itch,0,queue,791897,805551,29
2,spsc_unaligned_1048576_cross-core_paced_itch,0,queue,805551,819204,38
2,spsc_unaligned_1048576_cross-core_paced_itch,0,queue,819204,832857,33
2,spsc_unaligned_1048576_cross-core_paced_itch,0,queue,832857,846511,96
2,spsc_unaligned_1048576_cross-core_paced_itch,0,queue,846511,860164,201
2,spsc_unaligned_1048576_cross-core_paced_itch,0,queue,860164,873818,103
2,spsc_unaligned_1048576_cross-core_paced_itch,0,book,18.3334,18.7501,3
2,spsc_unaligned_1048576_cross-core_paced_itch,0,book,19.1668,19.5834,18
2,spsc_unaligned_1048576_cross-core_paced_itch,0,book,20.0001,20.4168,339
2,spsc_unaligned_1048576_cross-core_paced_itch,0,book,20.8334,21.2501,950
2,spsc_unaligned_1048576_cross-core_paced_itch,0,book,21.6668,22.0834,693
2,spsc_unaligned_1048576_cross-core_paced_itch,0,book,22.5001,22.9168,220
2,spsc_unaligned_1048576_cross-core_paced_itch,0,book,23.3334,23.7501,68
2,spsc_unaligned_1048576_cross-core_paced_itch,0,book,24.1668,24.5835,36
2,spsc_unaligned_1048576_cross-core_paced_itch,0,book,25.0001,25.4168,137
2,spsc_unaligned_1048576_cross-core_paced_itch,0,book,25.8335,26.2501,398
2,spsc_unaligned_1048576_cross-core_paced_itch,0,book,26.6668,27.5001,775
2,spsc_unaligned_1048576_cross-core_paced_itch,0,book,27.5001,28.3335,943
2,spsc_unaligned_1048576_cross-core_paced_itch,0,book,28.3335,29.1668,1382
2,spsc_unaligned_1048576_cross-core_paced_itch,0,book,29.1668,30.0001,1899
2,spsc_unaligned_1048576_cross-core_paced_itch,0,book,30.0001,30.8335,1633
2,spsc_unaligned_1048576_cross-core_paced_itch,0,book,30.8335,31.6668,1040
2,spsc_unaligned_1048576_cross-core_paced_itch,0,book,31.6668,32.5002,603
2,spsc_unaligned_1048576_cross-core_paced_itch,0,book,32.5002,33.3335,611
2,spsc_unaligned_1048576_cross-core_paced_itch,0,book,33.3335,34.1668,761
2,spsc_unaligned_1048576_cross-core_paced_itch,0,book,34.1668,35.0002,635
2,spsc_unaligned_1048576_cross-core_paced_itch,0,book,35.0002,35.8335,629
2,spsc_unaligned_1048576_cross-core_paced_itch,0,book,35.8335,36.6668,405
2,spsc_unaligned_1048576_cross-core_paced_itch,0,book,36.6668,37.5002,316
2,spsc_unaligned_1048576_cross-core_paced_itch,0,book,37.5002,38.3335,361
2,spsc_unaligned_1048576_cross-core_paced_itch,0,book,38.3335,39.1669,358
2,spsc_unaligned_1048576_cross-core_paced_itch,0,book,39.1669,40.0002,342
2,spsc_unaligned_1048576_cross-core_paced_itch,0,book,40.0002,40.8335,448
2,spsc_unaligned_1048576_cross-core_paced_itch,0,book,40.8335,41.6669,481
2,spsc_unaligned_1048576_cross-core_paced_itch,0,book,41.6669,42.5002,559
2,spsc_unaligned_1048576_cross-core_paced_itch,0,book,42.5002,43.3335,575
2,spsc_unaligned_1048576_cross-core_paced_itch,0,book,43.3335,44.1669,513
2,spsc_unaligned_1048576_cross-core_paced_itch,0,book,44.1669,45.0002,549
2,spsc_unaligned_1048576_cross-core_paced_itch,0,book,45.0002,45.8336,498
2,spsc_unaligned_1048576_cross-core_paced_itch,0,book,45.8336,46.6669,508
2,spsc_unaligned_1048576_cross-core_paced_itch,0,book,46.6669,47.5002,633
2,spsc_unaligned_1048576_cross-core_paced_itch,0,book,47.5002,48.3336,611
2,spsc_unaligned_1048576_cross-core_paced_itch,0,book,48.3336,49.1669,658
2,spsc_unaligned_1048576_cross-core_paced_itch,0,book,49.1669,50.0002,671
2,spsc_unaligned_1048576_cross-core_paced_itch,0,book,50.0002,50.8336,663
2,spsc_unaligned_1048576_cross-core_paced_itch,0,book,50.8336,51.6669,728
2,spsc_unaligned_1048576_cross-core_paced_itch,0,book,51.6669,52.5003,747
2,spsc_unaligned_1048576_cross-core_paced_itch,0,book,52.5003,53.3336,705
2,spsc_unaligned_1048576_cross-core_paced_itch,0,book,53.3336,55.0003,1520
2,spsc_unaligned_1048576_cross-core_paced_itch,0,book,55.0003,56.6669,1469
2,spsc_unaligned_1048576_cross-core_paced_itch,0,book,56.6669,58.3336,1510
2,spsc_unaligned_1048576_cross-core_paced_itch,0,book,58.3336,60.0003,1539
2,spsc_unaligned_1048576_cross-core_paced_itch,0,book,60.0003,61.667,1698
2,spsc_unaligned_1048576_cross-core_paced_itch,0,book,61.667,63.3336,1661
2,spsc_unaligned_1048576_cross-core_paced_itch,0,book,63.3336,65.0003,1494
2,spsc_unaligned_1048576_cross-core_paced_itch,0,book,65.0003,66.667,1436
2,spsc_unaligned_1048576_cross-core_paced_itch,0,book,66.667,68.3337,1494
2,spsc_unaligned_1048576_cross-core_paced_itch,0,book,68.3337,70.0003,1405
2,spsc_unaligned_1048576_cross-core_paced_itch,0,book,70.0003,71.667,1417
2,spsc_unaligned_1048576_cross-core_paced_itch,0,book,71.667,73.3337,1273
2,spsc_unaligned_1048576_cross-core_paced_itch,0,book,73.3337,75.0004,1204
2,spsc_unaligned_1048576_cross-core_paced_itch,0,book,75.0004,76.667,1107
2,spsc_unaligned_1048576_cross-core_paced_itch,0,book,76.667,78.3337,1071
2,spsc_unaligned_1048576_cross-core_paced_itch,0,book,78.3337,80.0004,933
2,spsc_unaligned_1048576_cross-core_paced_itch,0,book,80.0004,81.6671,920
2,spsc_unaligned_1048576_cross-core_paced_itch,0,book,81.6671,83.3337,866
2,spsc_unaligned_1048576_cross-core_paced_itch,0,book,83.3337,85.0004,722
2,spsc_unaligned_1048576_cross-core_paced_itch,0,book,85.0004,86.6671,688
2,spsc_unaligned_1048576_cross-core_paced_itch,0,book,86.6671,88.3338,642
2,spsc_unaligned_1048576_cross-core_paced_itch,0,book,88.3338,90.0004,597
2,spsc_unaligned_1048576_cross-core_paced_itch,0,book,90.0004,91.6671,492
2,spsc_unaligned_1048576_cross-core_paced_itch,0,book,91.6671,93.3338,530
2,spsc_unaligned_1048576_cross-core_paced_itch,0,book,93.3338,95.0005,533
2,spsc_unaligned_1048576_cross-core_paced_itch,0,book,95.0005,96.6671,478
2,spsc_unaligned_1048576_cross-core_paced_itch,0,book,96.6671,98.3338,491
2,spsc_unaligned_1048576_cross-core_paced_itch,0,book,98.3338,100,437
2,spsc_unaligned_1048576_cross-core_paced_itch,0,book,100,101.667,468
2,spsc_unaligned_1048576_cross-core_paced_itch,0,book,101.667,103.334,448
2,spsc_unaligned_1048576_cross-core_paced_itch,0,book,103.334,105.001,381
2,spsc_unaligned_1048576_cross-core_paced_itch,0,book,105.001,106.667,348
2,spsc_unaligned_1048576_cross-core_paced_itch,0,book,106.667,110.001,795
2,spsc_unaligned_1048576_cross-core_paced_itch,0,book,110.001,113.334,854
2,spsc_unaligned_1048576_cross-core_paced_itch,0,book,113.334,116.667,787
2,spsc_unaligned_1048576_cross-core_paced_itch,0,book,116.667,120.001,620
2,spsc_unaligned_1048576_cross-core_paced_itch,0,book,120.001,123.334,666
2,spsc_unaligned_1048576_cross-core_paced_itch,0,book,123.334,126.667,939
2,spsc_unaligned_1048576_cross-core_paced_itch,0,book,126.667,130.001,2029
2,spsc_unaligned_1048576_cross-core_paced_itch,0,book,130.001,133.334,3668
2,spsc_unaligned_1048576_cross-core_paced_itch,0,book,133.334,136.667,4270
2,spsc_unaligned_1048576_cross-core_paced_itch,0,book,136.667,140.001,4535
2,spsc_unaligned_1048576_cross-core_paced_itch,0,book,140.001,143.334,7202
2,spsc_unaligned_1048576_cross-core_paced_itch,0,book,143.334,146.667,8992
2,spsc_unaligned_1048576_cross-core_paced_itch,0,book,146.667,150.001,8816
2,spsc_unaligned_1048576_cross-core_paced_itch,0,book,150.001,153.334,8010
2,spsc_unaligned_1048576_cross-core_paced_itch,0,book,153.334,156.667,8766
2,spsc_unaligned_1048576_cross-core_paced_itch,0,book,156.667,160.001,7987
2,spsc_unaligned_1048576_cross-core_paced_itch,0,book,160.001,163.334,7251
2,spsc_unaligned_1048576_cross-core_paced_itch,0,book,163.334,166.667,6149
2,spsc_unaligned_1048576_cross-core_paced_itch,0,book,166.667,170.001,5268
2,spsc_unaligned_1048576_cross-core_paced_itch,0,book,170.001,173.334,4204
2,spsc_unaligned_1048576_cross-core_paced_itch,0,book,173.334,176.668,4028
2,spsc_unaligned_1048576_cross-core_paced_itch,0,book,176.668,180.001,3629
2,spsc_unaligned_1048576_cross-core_paced_itch,0,book,180.001,183.334,3603
2,spsc_unaligned_1048576_cross-core_paced_itch,0,book,183.334,186.668,3189
2,spsc_unaligned_1048576_cross-core_paced_itch,0,book,186.668,190.001,3228
2,spsc_unaligned_1048576_cross-core_paced_itch,0,book,190.001,193.334,2940
2,spsc_unaligned_1048576_cross-core_paced_itch,0,book,193.334,196.668,2862
2,spsc_unaligned_1048576_cross-core_paced_itch,0,book,196.668,200.001,2446
2,spsc_unaligned_1048576_cross-core_paced_itch,0,book,200.001,203.334,2481
2,spsc_unaligned_1048576_cross-core_paced_itch,0,book,203.334,206.668,2212
2,spsc_unaligned_1048576_cross-core_paced_itch,0,book,206.668,210.001,2069
2,spsc_unaligned_1048576_cross-core_paced_itch,0,book,210.001,213.334,1917
2,spsc_unaligned_1048576_cross-core_paced_itch,0,book,213.334,220.001,3617
2,spsc_unaligned_1048576_cross-core_paced_itch,0,book,220.001,226.668,3216
2,spsc_unaligned_1048576_cross-core_paced_itch,0,book,226.668,233.334,2853
2,spsc_unaligned_1048576_cross-core_paced_itch,0,book,233.334,240.001,2489
2,spsc_unaligned_1048576_cross-core_paced_itch,0,book,240.001,246.668,2207
2,spsc_unaligned_1048576_cross-core_paced_itch,0,book,246.668,253.335,2081
2,spsc_unaligned_1048576_cross-core_paced_itch,0,book,253.335,260.001,1881
2,spsc_unaligned_1048576_cross-core_paced_itch,0,book,260.001,266.668,1758
2,spsc_unaligned_1048576_cross-core_paced_itch,0,book,266.668,273.335,1824
2,spsc_unaligned_1048576_cross-core_paced_itch,0,book,273.335,280.001,1781
2,spsc_unaligned_1048576_cross-core_paced_itch,0,book,280.001,286.668,1840
2,spsc_unaligned_1048576_cross-core_paced_itch,0,book,286.668,293.335,1924
2,spsc_unaligned_1048576_cross-core_paced_itch,0,book,293.335,300.001,1981
2,spsc_unaligned_1048576_cross-core_paced_itch,0,book,300.001,306.668,2089
2,spsc_unaligned_1048576_cross-core_paced_itch,0,book,306.668,313.335,2029
2,spsc_unaligned_1048576_cross-core_paced_itch,0,book,313.335,320.002,1910
2,spsc_unaligned_1048576_cross-core_paced_itch,0,book,320.002,326.668,1867
2,spsc_unaligned_1048576_cross-core_paced_itch,0,book,326.668,333.335,1816
2,spsc_unaligned_1048576_cross-core_paced_itch,0,book,333.335,340.002,1733
2,spsc_unaligned_1048576_cross-core_paced_itch,0,book,340.002,346.668,1676
2,spsc_unaligned_1048576_cross-core_paced_itch,0,book,346.668,353.335,1520
2,spsc_unaligned_1048576_cross-core_paced_itch,0,book,353.335,360.002,1405
2,spsc_unaligned_1048576_cross-core_paced_itch,0,book,360.002,366.668,1394
2,spsc_unaligned_1048576_cross-core_paced_itch,0,book,366.668,373.335,1366
2,spsc_unaligned_1048576_cross-core_paced_itch,0,book,373.335,380.002,1343
2,spsc_unaligned_1048576_cross-core_paced_itch,0,book,380.002,386.669,1190
2,spsc_unaligned_1048576_cross-core_paced_itch,0,book,386.669,393.335,1210
2,spsc_unaligned_1048576_cross-core_paced_itch,0,book,393.335,400.002,1136
2,spsc_unaligned_1048576_cross-core_paced_itch,0,book,400.002,406.669,1129
2,spsc_unaligned_1048576_cross-core_paced_itch,0,book,406.669,413.335,1152
2,spsc_unaligned_1048576_cross-core_paced_itch,0,book,413.335,420.002,1028
2,spsc_unaligned_1048576_cross-core_paced_itch,0,book,420.002,426.669,1176
2,spsc_unaligned_1048576_cross-core_paced_itch,0,book,426.669,440.002,2190
2,spsc_unaligned_1048576_cross-core_paced_itch,0,book,440.002,453.336,1860
2,spsc_unaligned_1048576_cross-core_paced_itch,0,book,453.336,466.669,1610
2,spsc_unaligned_1048576_cross-core_paced_itch,0,book,466.669,480.002,1364
2,spsc_unaligned_1048576_cross-core_paced_itch,0,book,480.002,493.336,1126
2,spsc_unaligned_1048576_cross-core_paced_itch,0,book,493.336,506.669,1067
2,spsc_unaligned_1048576_cross-core_paced_itch,0,book,506.669,520.003,948
2,spsc_unaligned_1048576_cross-core_paced_itch,0,book,520.003,533.336,854
2,spsc_unaligned_1048576_cross-core_paced_itch,0,book,533.336,546.669,817
2,spsc_unaligned_1048576_cross-core_paced_itch,0,book,546.669,560.003,760
2,spsc_unaligned_1048576_cross-core_paced_itch,0,book,560.003,573.336,713
2,spsc_unaligned_1048576_cross-core_paced_itch,0,book,573.336,586.67,630
2,spsc_unaligned_1048576_cross-core_paced_itch,0,book,586.67,600.003,600
2,spsc_unaligned_1048576_cross-core_paced_itch,0,book,600.003,613.336,545
2,spsc_unaligned_1048576_cross-core_paced_itch,0,book,613.336,626.67,500
2,spsc_unaligned_1048576_cross-core_paced_itch,0,book,626.67,640.003,450
2,spsc_unaligned_1048576_cross-core_paced_itch,0,book,640.003,653.337,392
2,spsc_unaligned_1048576_cross-core_paced_itch,0,book,653.337,666.67,382
2,spsc_unaligned_1048576_cross-core_paced_itch,0,book,666.67,680.003,351
2,spsc_unaligned_1048576_cross-core_paced_itch,0,book,680.003,693.337,339
2,spsc_unaligned_1048576_cross-core_paced_itch,0,book,693.337,706.67,302
2,spsc_unaligned_1048576_cross-core_paced_itch,0,book,706.67,720.004,229
2,spsc_unaligned_1048576_cross-core_paced_itch,0,book,720.004,733.337,238
2,spsc_unaligned_1048576_cross-core_paced_itch,0,book,733.337,746.67,210
2,spsc_unaligned_1048576_cross-core_paced_itch,0,book,746.67,760.004,180
2,spsc_unaligned_1048576_cross-core_paced_itch,0,book,760.004,773.337,162
2,spsc_unaligned_1048576_cross-core_paced_itch,0,book,773.337,786.671,170
2,spsc_unaligned_1048576_cross-core_paced_itch,0,book,786.671,800.004,143
2,spsc_unaligned_1048576_cross-core_paced_itch,0,book,800.004,813.337,106
2,spsc_unaligned_1048576_cross-core_paced_itch,0,book,813.337,826.671,109
2,spsc_unaligned_1048576_cross-core_paced_itch,0,book,826.671,840.004,99
2,spsc_unaligned_1048576_cross-core_paced_itch,0,book,840.004,853.338,89
2,spsc_unaligned_1048576_cross-core_paced_itch,0,book,853.338,880.004,145
2,spsc_unaligned_1048576_cross-core_paced_itch,0,book,880.004,906.671,105
2,spsc_unaligned_1048576_cross-core_paced_itch,0,book,906.671,933.338,102
2,spsc_unaligned_1048576_cross-core_paced_itch,0,book,933.338,960.005,73
2,spsc_unaligned_1048576_cross-core_paced_itch,0,book,960.005,986.672,45
2,spsc_unaligned_1048576_cross-core_paced_itch,0,book,986.672,1013.34,56
2,spsc_unaligned_1048576_cross-core_paced_itch,0,book,1013.34,1040.01,33
2,spsc_unaligned_1048576_cross-core_paced_itch,0,book,1040.01,1066.67,38
2,spsc_unaligned_1048576_cross-core_paced_itch,0,book,1066.67,1093.34,27
2,spsc_unaligned_1048576_cross-core_paced_itch,0,book,1093.34,1120.01,25
2,spsc_unaligned_1048576_cross-core_paced_itch,0,book,1120.01,1146.67,21
2,spsc_unaligned_1048576_cross-core_paced_itch,0,book,1146.67,1173.34,12
2,spsc_unaligned_1048576_cross-core_paced_itch,0,book,1173.34,1200.01,14
2,spsc_unaligned_1048576_cross-core_paced_itch,0,book,1200.01,1226.67,16
2,spsc_unaligned_1048576_cross-core_paced_itch,0,book,1226.67,1253.34,7
2,spsc_unaligned_1048576_cross-core_paced_itch,0,book,1253.34,1280.01,7
2,spsc_unaligned_1048576_cross-core_paced_itch,0,book,1280.01,1306.67,8
2,spsc_unaligned_1048576_cross-core_paced_itch,0,book,1306.67,1333.34,6
2,spsc_unaligned_1048576_cross-core_paced_itch,0,book,1333.34,1360.01,4
2,spsc_unaligned_1048576_cross-core_paced_itch,0,book,1360.01,1386.67,6
2,spsc_unaligned_1048576_cross-core_paced_itch,0,book,1386.67,1413.34,5
2,spsc_unaligned_1048576_cross-core_paced_itch,0,book,1413.34,1440.01,10
2,spsc_unaligned_1048576_cross-core_paced_itch,0,book,1440.01,1466.67,2
2,spsc_unaligned_1048576_cross-core_paced_itch,0,book,1466.67,1493.34,2
2,spsc_unaligned_1048576_cross-core_paced_itch,0,book,1493.34,1520.01,9
2,spsc_unaligned_1048576_cross-core_paced_itch,0,book,1520.01,1546.67,1
2,spsc_unaligned_1048576_cross-core_paced_itch,0,book,1546.67,1573.34,6
2,spsc_unaligned_1048576_cross-core_paced_itch,0,book,1573.34,1600.01,12
2,spsc_unaligned_1048576_cross-core_paced_itch,0,book,1600.01,1626.67,13
2,spsc_unaligned_1048576_cross-core_paced_itch,0,book,1626.67,1653.34,9
2,spsc_unaligned_1048576_cross-core_paced_itch,0,book,1653.34,1680.01,9
2,spsc_unaligned_1048576_cross-core_paced_itch,0,book,1680.01,1706.68,10
2,spsc_unaligned_1048576_cross-core_paced_itch,0,book,1706.68,1760.01,12
2,spsc_unaligned_1048576_cross-core_paced_itch,0,book,1760.01,1813.34,18
2,spsc_unaligned_1048576_cross-core_paced_itch,0,book,1813.34,1866.68,14
2,spsc_unaligned_1048576_cross-core_paced_itch,0,book,1866.68,1920.01,7
2,spsc_unaligned_1048576_cross-core_paced_itch,0,book,1920.01,1973.34,12
2,spsc_unaligned_1048576_cross-core_paced_itch,0,book,1973.34,2026.68,9
2,spsc_unaligned_1048576_cross-core_paced_itch,0,book,2026.68,2080.01,9
2,spsc_unaligned_1048576_cross-core_paced_itch,0,book,2080.01,2133.34,6
2,spsc_unaligned_1048576_cross-core_paced_itch,0,book,2133.34,2186.68,6
2,spsc_unaligned_1048576_cross-core_paced_itch,0,book,2186.68,2240.01,6
2,spsc_unaligned_1048576_cross-core_paced_itch,0,book,2240.01,2293.34,4
2,spsc_unaligned_1048576_cross-core_paced_itch,0,book,2293.34,2346.68,1
2,spsc_unaligned_1048576_cross-core_paced_itch,0,book,2346.68,2400.01,3
2,spsc_unaligned_1048576_cross-core_paced_itch,0,book,2400.01,2453.35,2
2,spsc_unaligned_1048576_cross-core_paced_itch,0,book,2453.35,2506.68,1
2,spsc_unaligned_1048576_cross-core_paced_itch,0,book,2506.68,2560.01,2
2,spsc_unaligned_1048576_cross-core_paced_itch,0,book,2560.01,2613.35,2
2,spsc_unaligned_1048576_cross-core_paced_itch,0,book,2613.35,2666.68,2
2,spsc_unaligned_1048576_cross-core_paced_itch,0,book,2666.68,2720.01,3
2,spsc_unaligned_1048576_cross-core_paced_itch,0,book,2720.01,2773.35,1
2,spsc_unaligned_1048576_cross-core_paced_itch,0,book,2933.35,2986.68,1
2,spsc_unaligned_1048576_cross-core_paced_itch,0,book,2986.68,3040.02,1
2,spsc_unaligned_1048576_cross-core_paced_itch,0,book,3040.02,3093.35,1
2,spsc_unaligned_1048576_cross-core_paced_itch,0,book,3093.35,3146.68,1
2,spsc_unaligned_1048576_cross-core_paced_itch,0,book,3200.02,3253.35,1
2,spsc_unaligned_1048576_cross-core_paced_itch,0,book,3253.35,3306.68,3
2,spsc_unaligned_1048576_cross-core_paced_itch,0,book,3306.68,3360.02,3
2,spsc_unaligned_1048576_cross-core_paced_itch,0,book,3360.02,3413.35,1
2,spsc_unaligned_1048576_cross-core_paced_itch,0,book,3413.35,3520.02,4
2,spsc_unaligned_1048576_cross-core_paced_itch,0,book,3520.02,3626.68,1
2,spsc_unaligned_1048576_cross-core_paced_itch,0,book,3626.68,3733.35,1
2,spsc_unaligned_1048576_cross-core_paced_itch,0,book,3733.35,3840.02,1
2,spsc_unaligned_1048576_cross-core_paced_itch,0,book,3840.02,3946.69,1
2,spsc_unaligned_1048576_cross-core_paced_itch,0,book,3946.69,4053.35,1
2,spsc_unaligned_1048576_cross-core_paced_itch,0,book,4160.02,4266.69,1
2,spsc_unaligned_1048576_cross-core_paced_itch,0,book,4266.69,4373.35,4
2,spsc_unaligned_1048576_cross-core_paced_itch,0,book,4373.35,4480.02,3
2,spsc_unaligned_1048576_cross-core_paced_itch,0,book,4480.02,4586.69,1
2,spsc_unaligned_1048576_cross-core_paced_itch,0,book,4586.69,4693.36,1
2,spsc_unaligned_1048576_cross-core_paced_itch,0,book,4693.36,4800.02,3
2,spsc_unaligned_1048576_cross-core_paced_itch,0,book,4906.69,5013.36,4
2,spsc_unaligned_1048576_cross-core_paced_itch,0,book,5013.36,5120.03,3
2,spsc_unaligned_1048576_cross-core_paced_itch,0,book,5120.03,5226.69,1
2,spsc_unaligned_1048576_cross-core_paced_itch,0,book,5333.36,5440.03,5
2,spsc_unaligned_1048576_cross-core_paced_itch,0,book,5440.03,5546.69,4
2,spsc_unaligned_1048576_cross-core_paced_itch,0,book,5546.69,5653.36,3
2,spsc_unaligned_1048576_cross-core_paced_itch,0,book,5653.36,5760.03,3
2,spsc_unaligned_1048576_cross-core_paced_itch,0,book,5760.03,5866.7,2
2,spsc_unaligned_1048576_cross-core_paced_itch,0,book,5973.36,6080.03,1
2,spsc_unaligned_1048576_cross-core_paced_itch,0,book,6080.03,6186.7,2
2,spsc_unaligned_1048576_cross-core_paced_itch,0,book,6186.7,6293.36,1
2,spsc_unaligned_1048576_cross-core_paced_itch,0,book,6293.36,6400.03,1
2,spsc_unaligned_1048576_cross-core_paced_itch,0,book,6400.03,6506.7,2
2,spsc_unaligned_1048576_cross-core_paced_itch,0,book,6506.7,6613.37,1
2,spsc_unaligned_1048576_cross-core_paced_itch,0,book,6720.03,6826.7,3
2,spsc_unaligned_1048576_cross-core_paced_itch,0,book,6826.7,7040.03,1
2,spsc_unaligned_1048576_cross-core_paced_itch,0,book,7040.03,7253.37,6
2,spsc_unaligned_1048576_cross-core_paced_itch,0,book,7466.7,7680.04,2
2,spsc_unaligned_1048576_cross-core_paced_itch,0,book,7893.37,8106.71,2
2,spsc_unaligned_1048576_cross-core_paced_itch,0,book,8106.71,8320.04,6
2,spsc_unaligned_1048576_cross-core_paced_itch,0,book,8320.04,8533.38,7
2,spsc_unaligned_1048576_cross-core_paced_itch,0,book,8533.38,8746.71,6
2,spsc_unaligned_1048576_cross-core_paced_itch,0,book,8746.71,8960.04,6
2,spsc_unaligned_1048576_cross-core_paced_itch,0,book,8960.04,9173.38,8
2,spsc_unaligned_1048576_cross-core_paced_itch,0,book,9173.38,9386.71,11
2,spsc_unaligned_1048576_cross-core_paced_itch,0,book,9386.71,9600.05,5
2,spsc_unaligned_1048576_cross-core_paced_itch,0,book,9600.05,9813.38,2
2,spsc_unaligned_1048576_cross-core_paced_itch,0,book,9813.38,10026.7,4
2,spsc_unaligned_1048576_cross-core_paced_itch,0,book,10026.7,10240.1,3
2,spsc_unaligned_1048576_cross-core_paced_itch,0,book,10240.1,10453.4,6
2,spsc_unaligned_1048576_cross-core_paced_itch,0,book,10453.4,10666.7,1
2,spsc_unaligned_1048576_cross-core_paced_itch,0,book,10880.1,11093.4,2
2,spsc_unaligned_1048576_cross-core_paced_itch,0,book,11093.4,11306.7,1
2,spsc_unaligned_1048576_cross-core_paced_itch,0,book,11306.7,11520.1,2
2,spsc_unaligned_1048576_cross-core_paced_itch,0,book,11733.4,11946.7,1
2,spsc_unaligned_1048576_cross-core_paced_itch,0,book,11946.7,12160.1,1
2,spsc_unaligned_1048576_cross-core_paced_itch,0,book,12160.1,12373.4,1
2,spsc_unaligned_1048576_cross-core_paced_itch,0,book,14506.7,14933.4,1
2,spsc_unaligned_1048576_cross-core_paced_itch,0,book,15360.1,15786.7,1
3,spsc_unaligned_1048576_cross-core_paced_itch,0,total,220.001,226.668,1
3,spsc_unaligned_1048576_cross-core_paced_itch,0,total,280.001,286.668,4
3,spsc_unaligned_1048576_cross-core_paced_itch,0,total,286.668,293.335,1
3,spsc_unaligned_1048576_cross-core_paced_itch,0,total,293.335,300.001,2
3,spsc_unaligned_1048576_cross-core_paced_itch,0,total,300.001,306.668,2
3,spsc_unaligned_1048576_cross-core_paced_itch,0,total,306.668,313.335,7
3,spsc_unaligned_1048576_cross-core_paced_itch,0,total,313.335,320.002,4
3,spsc_unaligned_1048576_cross-core_paced_itch,0,total,320.002,326.668,4
3,spsc_unaligned_1048576_cross-core_paced_itch,0,total,326.668,333.335,7
3,spsc_unaligned_1048576_cross-core_paced_itch,0,total,333.335,340.002,9
3,spsc_unaligned_1048576_cross-core_paced_itch,0,total,340.002,346.668,24
3,spsc_unaligned_1048576_cross-core_paced_itch,0,total,346.668,353.335,39
3,spsc_unaligned_1048576_cross-core_paced_itch,0,total,353.335,360.002,96
3,spsc_unaligned_1048576_cross-core_paced_itch,0,total,360.002,366.668,157
3,spsc_unaligned_1048576_cross-core_paced_itch,0,total,366.668,373.335,278
3,spsc_unaligned_1048576_cross-core_paced_itch,0,total,373.335,380.002,389
3,spsc_unaligned_1048576_cross-core_paced_itch,0,total,380.002,386.669,597
3,spsc_unaligned_1048576_cross-core_paced_itch,0,total,386.669,393.335,777
3,spsc_unaligned_1048576_cross-core_paced_itch,0,total,393.335,400.002,1032
3,spsc_unaligned_1048576_cross-core_paced_itch,0,total,400.002,406.669,1285
3,spsc_unaligned_1048576_cross-core_paced_itch,0,total,406.669,413.335,1479
3,spsc_unaligned_1048576_cross-core_paced_itch,0,total,413.335,420.002,1624
3,spsc_unaligned_1048576_cross-core_paced_itch,0,total,420.002,426.669,1789
3,spsc_unaligned_1048576_cross-core_paced_itch,0,total,426.669,440.002,3597
3,spsc_unaligned_1048576_cross-core_paced_itch,0,total,440.002,453.336,3276
3,spsc_unaligned_1048576_cross-core_paced_itch,0,total,453.336,466.669,2951
3,spsc_unaligned_1048576_cross-core_paced_itch,0,total,466.669,480.002,3279
3,spsc_unaligned_1048576_cross-core_paced_itch,0,total,480.002,493.336,4256
3,spsc_unaligned_1048576_cross-core_paced_itch,0,total,493.336,506.669,5645
3,spsc_unaligned_1048576_cross-core_paced_itch,0,total,506.669,520.003,6836
3,spsc_unaligned_1048576_cross-core_paced_itch,0,total,520.003,533.336,7479
3,spsc_unaligned_1048576_cross-core_paced_itch,0,total,533.336,546.669,7276
3,spsc_unaligned_1048576_cross-core_paced_itch,0,total,546.669,560.003,6643
3,spsc_unaligned_1048576_cross-core_paced_itch,0,total,560.003,573.336,6254
3,spsc_unaligned_1048576_cross-core_paced_itch,0,total,573.336,586.67,5454
3,spsc_unaligned_1048576_cross-core_paced_itch,0,total,586.67,600.003,4655
3,spsc_unaligned_1048576_cross-core_paced_itch,0,total,600.003,613.336,4033
3,spsc_unaligned_1048576_cross-core_paced_itch,0,total,613.336,626.67,3649
3,spsc_unaligned_1048576_cross-core_paced_itch,0,total,626.67,640.003,3671
3,spsc_unaligned_1048576_cross-core_paced_itch,0,total,640.003,653.337,3892
3,spsc_unaligned_1048576_cross-core_paced_itch,0,total,653.337,666.67,4410
3,spsc_unaligned_1048576_cross-core_paced_itch,0,total,666.67,680.003,4482
3,spsc_unaligned_1048576_cross-core_paced_itch,0,total,680.003,693.337,4170
3,spsc_unaligned_1048576_cross-core_paced_itch,0,total,693.337,706.67,3671
3,spsc_unaligned_1048576_cross-core_paced_itch,0,total,706.67,720.004,3483
3,spsc_unaligned_1048576_cross-core_paced_itch,0,total,720.004,733.337,3163
3,spsc_unaligned_1048576_cross-core_paced_itch,0,total,733.337,746.67,2955
3,spsc_unaligned_1048576_cross-core_paced_itch,0,total,746.67,760.004,2752
3,spsc_unaligned_1048576_cross-core_paced_itch,0,total,760.004,773.337,2657
3,spsc_unaligned_1048576_cross-core_paced_itch,0,total,773.337,786.671,2578
3,spsc_unaligned_1048576_cross-core_paced_itch,0,total,786.671,800.004,2470
3,spsc_unaligned_1048576_cross-core_paced_itch,0,total,800.004,813.337,2430
3,spsc_unaligned_1048576_cross-core_paced_itch,0,total,813.337,826.671,2264
3,spsc_unaligned_1048576_cross-core_paced_itch,0,total,826.671,840.004,2191
3,spsc_unaligned_1048576_cross-core_paced_itch,0,total,840.004,853.338,2018
3,spsc_unaligned_1048576_cross-core_paced_itch,0,total,853.338,880.004,3752
3,spsc_unaligned_1048576_cross-core_paced_itch,0,total,880.004,906.671,3319
3,spsc_unaligned_1048576_cross-core_paced_itch,0,total,906.671,933.338,3086
3,spsc_unaligned_1048576_cross-core_paced_itch,0,total,933.338,960.005,2784
3,spsc_unaligned_1048576_cross-core_paced_itch,0,total,960.005,986.672,2477
3,spsc_unaligned_1048576_cross-core_paced_itch,0,total,986.672,1013.34,2120
3,spsc_unaligned_1048576_cross-core_paced_itch,0,total,1013.34,1040.01,1962
3,spsc_unaligned_1048576_cross-core_paced_itch,0,total,1040.01,1066.67,1751
3,spsc_unaligned_1048576_cross-core_paced_itch,0,total,1066.67,1093.34,1626
3,spsc_unaligned_1048576_cross-core_paced_itch,0,total,1093.34,1120.01,1519
3,spsc_unaligned_1048576_cross-core_paced_itch,0,total,1120.01,1146.67,1300
3,spsc_unaligned_1048576_cross-core_paced_itch,0,total,1146.67,1173.34,1278
3,spsc_unaligned_1048576_cross-core_paced_itch,0,total,1173.34,1200.01,1125
3,spsc_unaligned_1048576_cross-core_paced_itch,0,total,1200.01,1226.67,1053
3,spsc_unaligned_1048576_cross-core_paced_itch,0,total,1226.67,1253.34,991
3,spsc_unaligned_1048576_cross-core_paced_itch,0,total,1253.34,1280.01,881
3,spsc_unaligned_1048576_cross-core_paced_itch,0,total,1280.01,1306.67,897
3,spsc_unaligned_1048576_cross-core_paced_itch,0,total,1306.67,1333.34,808
3,spsc_unaligned_1048576_cross-core_paced_itch,0,total,1333.34,1360.01,757
3,spsc_unaligned_1048576_cross-core_paced_itch,0,total,1360.01,1386.67,724
3,spsc_unaligned_1048576_cross-core_paced_itch,0,total,1386.67,1413.34,724
3,spsc_unaligned_1048576_cross-core_paced_itch,0,total,1413.34,1440.01,664
3,spsc_unaligned_1048576_cross-core_paced_itch,0,total,1440.01,1466.67,652
3,spsc_unaligned_1048576_cross-core_paced_itch,0,total,1466.67,1493.34,586
3,spsc_unaligned_1048576_cross-core_paced_itch,0,total,1493.34,1520.01,651
3,spsc_unaligned_1048576_cross-core_paced_itch,0,total,1520.01,1546.67,613
3,spsc_unaligned_1048576_cross-core_paced_itch,0,total,1546.67,1573.34,582
3,spsc_unaligned_1048576_cross-core_paced_itch,0,total,1573.34,1600.01,601
3,spsc_unaligned_1048576_cross-core_paced_itch,0,total,1600.01,1626.67,589
3,spsc_unaligned_1048576_cross-core_paced_itch,0,total,1626.67,1653.34,555
3,spsc_unaligned_1048576_cross-core_paced_itch,0,total,1653.34,1680.01,603
3,spsc_unaligned_1048576_cross-core_paced_itch,0,total,1680.01,1706.68,511
3,spsc_unaligned_1048576_cross-core_paced_itch,0,total,1706.68,1760.01,1029
3,spsc_unaligned_1048576_cross-core_paced_itch,0,total,1760.01,1813.34,969
3,spsc_unaligned_1048576_cross-core_paced_itch,0,total,1813.34,1866.68,944
3,spsc_unaligned_1048576_cross-core_paced_itch,0,total,1866.68,1920.01,894
3,spsc_unaligned_1048576_cross-core_paced_itch,0,total,1920.01,1973.34,900
3,spsc_unaligned_1048576_cross-core_paced_itch,0,total,1973.34,2026.68,913
3,spsc_unaligned_1048576_cross-core_paced_itch,0,total,2026.68,2080.01,889
3,spsc_unaligned_1048576_cross-core_paced_itch,0,total,2080.01,2133.34,835
3,spsc_unaligned_1048576_cross-core_paced_itch,0,total,2133.34,2186.68,806
3,spsc_unaligned_1048576_cross-core_paced_itch,0,total,2186.68,2240.01,834
3,spsc_unaligned_1048576_cross-core_paced_itch,0,total,2240.01,2293.34,806
3,spsc_unaligned_1048576_cross-core_paced_itch,0,total,2293.34,2346.68,825
3,spsc_unaligned_1048576_cross-core_paced_itch,0,total,2346.68,2400.01,777
3,spsc_unaligned_1048576_cross-core_paced_itch,0,total,2400.01,2453.35,761
3,spsc_unaligned_1048576_cross-core_paced_itch,0,total,2453.35,2506.68,711
3,spsc_unaligned_1048576_cross-core_paced_itch,0,total,2506.68,2560.01,713
3,spsc_unaligned_1048576_cross-core_paced_itch,0,total,2560.01,2613.35,685
3,spsc_unaligned_1048576_cross-core_paced_itch,0,total,2613.35,2666.68,720
3,spsc_unaligned_1048576_cross-core_paced_itch,0,total,2666.68,2720.01,658
3,spsc_unaligned_1048576_cross-core_paced_itch,0,total,2720.01,2773.35,666
3,spsc_unaligned_1048576_cross-core_paced_itch,0,total,2773.35,2826.68,698
3,spsc_unaligned_1048576_cross-core_paced_itch,0,total,2826.68,2880.01,636
3,spsc_unaligned_1048576_cross-core_paced_itch,0,total,2880.01,2933.35,691
3,spsc_unaligned_1048576_cross-core_paced_itch,0,total,2933.35,2986.68,642
3,spsc_unaligned_1048576_cross-core_paced_itch,0,total,2986.68,3040.02,652
3,spsc_unaligned_1048576_cross-core_paced_itch,0,total,3040.02,3093.35,653
3,spsc_unaligned_1048576_cross-core_paced_itch,0,total,3093.35,3146.68,646
3,spsc_unaligned_1048576_cross-core_paced_itch,0,total,3146.68,3200.02,649
3,spsc_unaligned_1048576_cross-core_paced_itch,0,total,3200.02,3253.35,588
3,spsc_unaligned_1048576_cross-core_paced_itch,0,total,3253.35,3306.68,634
3,spsc_unaligned_1048576_cross-core_paced_itch,0,total,3306.68,3360.02,559
3,spsc_unaligned_1048576_cross-core_paced_itch,0,total,3360.02,3413.35,582
3,spsc_unaligned_1048576_cross-core_paced_itch,0,total,3413.35,3520.02,1153
3,spsc_unaligned_1048576_cross-core_paced_itch,0,total,3520.02,3626.68,1115
3,spsc_unaligned_1048576_cross-core_paced_itch,0,total,3626.68,3733.35,1125
3,spsc_unaligned_1048576_cross-core_paced_itch,0,total,3733.35,3840.02,1070
3,spsc_unaligned_1048576_cross-core_paced_itch,0,total,3840.02,3946.69,1064
3,spsc_unaligned_1048576_cross-core_paced_itch,0,total,3946.69,4053.35,1004
3,spsc_unaligned_1048576_cross-core_paced_itch,0,total,4053.35,4160.02,968
3,spsc_unaligned_1048576_cross-core_paced_itch,0,total,4160.02,4266.69,902
3,spsc_unaligned_1048576_cross-core_paced_itch,0,total,4266.69,4373.35,921
3,spsc_unaligned_1048576_cross-core_paced_itch,0,total,4373.35,4480.02,860
3,spsc_unaligned_1048576_cross-core_paced_itch,0,total,4480.02,4586.69,872
3,spsc_unaligned_1048576_cross-core_paced_itch,0,total,4586.69,4693.36,761
3,spsc_unaligned_1048576_cross-core_paced_itch,0,total,4693.36,4800.02,806
3,spsc_unaligned_1048576_cross-core_paced_itch,0,total,4800.02,4906.69,780
3,spsc_unaligned_1048576_cross-core_paced_itch,0,total,4906.69,5013.36,728
3,spsc_unaligned_1048576_cross-core_paced_itch,0,total,5013.36,5120.03,717
3,spsc_unaligned_1048576_cross-core_paced_itch,0,total,5120.03,5226.69,663
3,spsc_unaligned_1048576_cross-core_paced_itch,0,total,5226.69,5333.36,622
3,spsc_unaligned_1048576_cross-core_paced_itch,0,total,5333.36,5440.03,653
3,spsc_unaligned_1048576_cross-core_paced_itch,0,total,5440.03,5546.69,598
3,spsc_unaligned_1048576_cross-core_paced_itch,0,total,5546.69,5653.36,538
3,spsc_unaligned_1048576_cross-core_paced_itch,0,total,5653.36,5760.03,619
3,spsc_unaligned_1048576_cross-core_paced_itch,0,total,5760.03,5866.7,527
3,spsc_unaligned_1048576_cross-core_paced_itch,0,total,5866.7,5973.36,557
3,spsc_unaligned_1048576_cross-core_paced_itch,0,total,5973.36,6080.03,571
3,spsc_unaligned_1048576_cross-core_paced_itch,0,total,6080.03,6186.7,524
3,spsc_unaligned_1048576_cross-core_paced_itch,0,total,6186.7,6293.36,532
3,spsc_unaligned_1048576_cross-core_paced_itch,0,total,6293.36,6400.03,499
3,spsc_unaligned_1048576_cross-core_paced_itch,0,total,6400.03,6506.7,478
3,spsc_unaligned_1048576_cross-core_paced_itch,0,total,6506.7,6613.37,431
3,spsc_unaligned_1048576_cross-core_paced_itch,0,total,6613.37,6720.03,493
3,spsc_unaligned_1048576_cross-core_paced_itch,0,total,6720.03,6826.7,442
3,spsc_unaligned_1048576_cross-core_paced_itch,0,total,6826.7,7040.03,872
3,spsc_unaligned_1048576_cross-core_paced_itch,0,total,7040.03,7253.37,837
3,spsc_unaligned_1048576_cross-core_paced_itch,0,total,7253.37,7466.7,734
3,spsc_unaligned_1048576_cross-core_paced_itch,0,total,7466.7,7680.04,733
3,spsc_unaligned_1048576_cross-core_paced_itch,0,total,7680.04,7893.37,698
3,spsc_unaligned_1048576_cross-core_paced_itch,0,total,7893.37,8106.71,718
3,spsc_unaligned_1048576_cross-core_paced_itch,0,total,8106.71,8320.04,657
3,spsc_unaligned_1048576_cross-core_paced_itch,0,total,8320.04,8533.38,630
3,spsc_unaligned_1048576_cross-core_paced_itch,0,total,8533.38,8746.71,582
3,spsc_unaligned_1048576_cross-core_paced_itch,0,total,8746.71,8960.04,588
3,spsc_unaligned_1048576_cross-core_paced_itch,0,total,8960.04,9173.38,582
3,spsc_unaligned_1048576_cross-core_paced_itch,0,total,9173.38,9386.71,558
3,spsc_unaligned_1048576_cross-core_paced_itch,0,total,9386.71,9600.05,483
3,spsc_unaligned_1048576_cross-core_paced_itch,0,total,9600.05,9813.38,528
3,spsc_unaligned_1048576_cross-core_paced_itch,0,total,9813.38,10026.7,511
3,spsc_unaligned_1048576_cross-core_paced_itch,0,total,10026.7,10240.1,435
3,spsc_unaligned_1048576_cross-core_paced_itch,0,total,10240.1,10453.4,450
3,spsc_unaligned_1048576_cross-core_paced_itch,0,total,10453.4,10666.7,404
3,spsc_unaligned_1048576_cross-core_paced_itch,0,total,10666.7,10880.1,429
3,spsc_unaligned_1048576_cross-core_paced_itch,0,total,10880.1,11093.4,371
3,spsc_unaligned_1048576_cross-core_paced_itch,0,total,11093.4,11306.7,395
3,spsc_unaligned_1048576_cross-core_paced_itch,0,total,11306.7,11520.1,366
3,spsc_unaligned_1048576_cross-core_paced_itch,0,total,11520.1,11733.4,318
3,spsc_unaligned_1048576_cross-core_paced_itch,0,total,11733.4,11946.7,334
3,spsc_unaligned_1048576_cross-core_paced_itch,0,total,11946.7,12160.1,301
3,spsc_unaligned_1048576_cross-core_paced_itch,0,total,12160.1,12373.4,252
3,spsc_unaligned_1048576_cross-core_paced_itch,0,total,12373.4,12586.7,252
3,spsc_unaligned_1048576_cross-core_paced_itch,0,total,12586.7,12800.1,220
3,spsc_unaligned_1048576_cross-core_paced_itch,0,total,12800.1,13013.4,201
3,spsc_unaligned_1048576_cross-core_paced_itch,0,total,13013.4,13226.7,180
3,spsc_unaligned_1048576_cross-core_paced_itch,0,total,13226.7,13440.1,149
3,spsc_unaligned_1048576_cross-core_paced_itch,0,total,13440.1,13653.4,157
3,spsc_unaligned_1048576_cross-core_paced_itch,0,total,13653.4,14080.1,244
3,spsc_unaligned_1048576_cross-core_paced_itch,0,total,14080.1,14506.7,212
3,spsc_unaligned_1048576_cross-core_paced_itch,0,total,14506.7,14933.4,219
3,spsc_unaligned_1048576_cross-core_paced_itch,0,total,14933.4,15360.1,195
3,spsc_unaligned_1048576_cross-core_paced_itch,0,total,15360.1,15786.7,181
3,spsc_unaligned_1048576_cross-core_paced_itch,0,total,15786.7,16213.4,169
3,spsc_unaligned_1048576_cross-core_paced_itch,0,total,16213.4,16640.1,167
3,spsc_unaligned_1048576_cross-core_paced_itch,0,total,16640.1,17066.8,146
3,spsc_unaligned_1048576_cross-core_paced_itch,0,total,17066.8,17493.4,146
3,spsc_unaligned_1048576_cross-core_paced_itch,0,total,17493.4,17920.1,125
3,spsc_unaligned_1048576_cross-core_paced_itch,0,total,17920.1,18346.8,131
3,spsc_unaligned_1048576_cross-core_paced_itch,0,total,18346.8,18773.4,95
3,spsc_unaligned_1048576_cross-core_paced_itch,0,total,18773.4,19200.1,118
3,spsc_unaligned_1048576_cross-core_paced_itch,0,total,19200.1,19626.8,97
3,spsc_unaligned_1048576_cross-core_paced_itch,0,total,19626.8,20053.4,78
3,spsc_unaligned_1048576_cross-core_paced_itch,0,total,20053.4,20480.1,72
3,spsc_unaligned_1048576_cross-core_paced_itch,0,total,20480.1,20906.8,79
3,spsc_unaligned_1048576_cross-core_paced_itch,0,total,20906.8,21333.4,75
3,spsc_unaligned_1048576_cross-core_paced_itch,0,total,21333.4,21760.1,64
3,spsc_unaligned_1048576_cross-core_paced_itch,0,total,21760.1,22186.8,77
3,spsc_unaligned_1048576_cross-core_paced_itch,0,total,22186.8,22613.4,72
3,spsc_unaligned_1048576_cross-core_paced_itch,0,total,22613.4,23040.1,75
3,spsc_unaligned_1048576_cross-core_paced_itch,0,total,23040.1,23466.8,82
3,spsc_unaligned_1048576_cross-core_paced_itch,0,total,23466.8,23893.5,55
3,spsc_unaligned_1048576_cross-core_paced_itch,0,total,23893.5,24320.1,64
3,spsc_unaligned_1048576_cross-core_paced_itch,0,total,24320.1,24746.8,64
3,spsc_unaligned_1048576_cross-core_paced_itch,0,total,24746.8,25173.5,62
3,spsc_unaligned_1048576_cross-core_paced_itch,0,total,25173.5,25600.1,74
3,spsc_unaligned_1048576_cross-core_paced_itch,0,total,25600.1,26026.8,75
3,spsc_unaligned_1048576_cross-core_paced_itch,0,total,26026.8,26453.5,59
3,spsc_unaligned_1048576_cross-core_paced_itch,0,total,26453.5,26880.1,56
3,spsc_unaligned_1048576_cross-core_paced_itch,0,total,26880.1,27306.8,75
3,spsc_unaligned_1048576_cross-core_paced_itch,0,total,27306.8,28160.1,135
3,spsc_unaligned_1048576_cross-core_paced_itch,0,total,28160.1,29013.5,124
3,spsc_unaligned_1048576_cross-core_paced_itch,0,total,29013.5,29866.8,98
3,spsc_unaligned_1048576_cross-core_paced_itch,0,total,29866.8,30720.2,109
3,spsc_unaligned_1048576_cross-core_paced_itch,0,total,30720.2,31573.5,101
3,spsc_unaligned_1048576_cross-core_paced_itch,0,total,31573.5,32426.8,100
3,spsc_unaligned_1048576_cross-core_paced_itch,0,total,32426.8,33280.2,86
3,spsc_unaligned_1048576_cross-core_paced_itch,0,total,33280.2,34133.5,138
3,spsc_unaligned_1048576_cross-core_paced_itch,0,total,34133.5,34986.8,104
3,spsc_unaligned_1048576_cross-core_paced_itch,0,total,34986.8,35840.2,88
3,spsc_unaligned_1048576_cross-core_paced_itch,0,total,35840.2,36693.5,104
3,spsc_unaligned_1048576_cross-core_paced_itch,0,total,36693.5,37546.9,71
3,spsc_unaligned_1048576_cross-core_paced_itch,0,total,37546.9,38400.2,79
3,spsc_unaligned_1048576_cross-core_paced_itch,0,total,38400.2,39253.5,60
3,spsc_unaligned_1048576_cross-core_paced_itch,0,total,39253.5,40106.9,50
3,spsc_unaligned_1048576_cross-core_paced_itch,0,total,40106.9,40960.2,63
3,spsc_unaligned_1048576_cross-core_paced_itch,0,total,40960.2,41813.5,70
3,spsc_unaligned_1048576_cross-core_paced_itch,0,total,41813.5,42666.9,59
3,spsc_unaligned_1048576_cross-core_paced_itch,0,total,42666.9,43520.2,60
3,spsc_unaligned_1048576_cross-core_paced_itch,0,total,43520.2,44373.6,53
3,spsc_unaligned_1048576_cross-core_paced_itch,0,total,44373.6,45226.9,53
3,spsc_unaligned_1048576_cross-core_paced_itch,0,total,45226.9,46080.2,46
3,spsc_unaligned_1048576_cross-core_paced_itch,0,total,46080.2,46933.6,43
3,spsc_unaligned_1048576_cross-core_paced_itch,0,total,46933.6,47786.9,40
3,spsc_unaligned_1048576_cross-core_paced_itch,0,total,47786.9,48640.2,43
3,spsc_unaligned_1048576_cross-core_paced_itch,0,total,48640.2,49493.6,55
3,spsc_unaligned_1048576_cross-core_paced_itch,0,total,49493.6,50346.9,55
3,spsc_unaligned_1048576_cross-core_paced_itch,0,total,50346.9,51200.3,44
3,spsc_unaligned_1048576_cross-core_paced_itch,0,total,51200.3,52053.6,52
3,spsc_unaligned_1048576_cross-core_paced_itch,0,total,52053.6,52906.9,45
3,spsc_unaligned_1048576_cross-core_paced_itch,0,total,52906.9,53760.3,34
3,spsc_unaligned_1048576_cross-core_paced_itch,0,total,53760.3,54613.6,47
3,spsc_unaligned_1048576_cross-core_paced_itch,0,total,54613.6,56320.3,89
3,spsc_unaligned_1048576_cross-core_paced_itch,0,total,56320.3,58027,56
3,spsc_unaligned_1048576_cross-core_paced_itch,0,total,58027,59733.6,93
3,spsc_unaligned_1048576_cross-core_paced_itch,0,total,59733.6,61440.3,64
3,spsc_unaligned_1048576_cross-core_paced_itch,0,total,61440.3,63147,65
3,spsc_unaligned_1048576_cross-core_paced_itch,0,total,63147,64853.7,42
3,spsc_unaligned_1048576_cross-core_paced_itch,0,total,64853.7,66560.3,72
3,spsc_unaligned_1048576_cross-core_paced_itch,0,total,66560.3,68267,86
3,spsc_unaligned_1048576_cross-core_paced_itch,0,total,68267,69973.7,97
3,spsc_unaligned_1048576_cross-core_paced_itch,0,total,69973.7,71680.4,86
3,spsc_unaligned_1048576_cross-core_paced_itch,0,total,71680.4,73387,37
3,spsc_unaligned_1048576_cross-core_paced_itch,0,total,73387,75093.7,54
3,spsc_unaligned_1048576_cross-core_paced_itch,0,total,75093.7,76800.4,58
3,spsc_unaligned_1048576_cross-core_paced_itch,0,total,76800.4,78507.1,16
3,spsc_unaligned_1048576_cross-core_paced_itch,0,total,78507.1,80213.7,20
3,spsc_unaligned_1048576_cross-core_paced_itch,0,total,80213.7,81920.4,27
3,spsc_unaligned_1048576_cross-core_paced_itch,0,total,81920.4,83627.1,27
3,spsc_unaligned_1048576_cross-core_paced_itch,0,total,83627.1,85333.8,34
3,spsc_unaligned_1048576_cross-core_paced_itch,0,total,85333.8,87040.4,35
3,spsc_unaligned_1048576_cross-core_paced_itch,0,total,87040.4,88747.1,38
3,spsc_unaligned_1048576_cross-core_paced_itch,0,total,88747.1,90453.8,55
3,spsc_unaligned_1048576_cross-core_paced_itch,0,total,90453.8,92160.5,57
3,spsc_unaligned_1048576_cross-core_paced_itch,0,total,92160.5,93867.1,73
3,spsc_unaligned_1048576_cross-core_paced_itch,0,total,93867.1,95573.8,79
3,spsc_unaligned_1048576_cross-core_paced_itch,0,total,95573.8,97280.5,52
3,spsc_unaligned_1048576_cross-core_paced_itch,0,total,97280.5,98987.2,37
3,spsc_unaligned_1048576_cross-core_paced_itch,0,total,98987.2,100694,26
3,spsc_unaligned_1048576_cross-core_paced_itch,0,total,100694,102401,21
3,spsc_unaligned_1048576_cross-core_paced_itch,0,total,102401,104107,31
3,spsc_unaligned_1048576_cross-core_paced_itch,0,total,104107,105814,30
3,spsc_unaligned_1048576_cross-core_paced_itch,0,total,105814,107521,15
3,spsc_unaligned_1048576_cross-core_paced_itch,0,total,107521,109227,31
3,spsc_unaligned_1048576_cross-core_paced_itch,0,total,109227,112641,67
3,spsc_unaligned_1048576_cross-core_paced_itch,0,total,112641,116054,121
3,spsc_unaligned_1048576_cross-core_paced_itch,0,total,116054,119467,93
3,spsc_unaligned_1048576_cross-core_paced_itch,0,total,119467,122881,61
3,spsc_unaligned_1048576_cross-core_paced_itch,0,total,122881,126294,35
3,spsc_unaligned_1048576_cross-core_paced_itch,0,total,126294,129707,25
3,spsc_unaligned_1048576_cross-core_paced_itch,0,total,129707,133121,24
3,spsc_unaligned_1048576_cross-core_paced_itch,0,total,133121,136534,29
3,spsc_unaligned_1048576_cross-core_paced_itch,0,total,136534,139947,27
3,spsc_unaligned_1048576_cross-core_paced_itch,0,total,139947,143361,38
3,spsc_unaligned_1048576_cross-core_paced_itch,0,total,143361,146774,32
3,spsc_unaligned_1048576_cross-core_paced_itch,0,total,146774,150187,42
3,spsc_unaligned_1048576_cross-core_paced_itch,0,total,150187,153601,35
3,spsc_unaligned_1048576_cross-core_paced_itch,0,total,153601,157014,34
3,spsc_unaligned_1048576_cross-core_paced_itch,0,total,157014,160427,40
3,spsc_unaligned_1048576_cross-core_paced_itch,0,total,160427,163841,32
3,spsc_unaligned_1048576_cross-core_paced_itch,0,total,163841,167254,56
3,spsc_unaligned_1048576_cross-core_paced_itch,0,total,167254,170668,17
3,spsc_unaligned_1048576_cross-core_paced_itch,0,total,170668,174081,17
3,spsc_unaligned_1048576_cross-core_paced_itch,0,total,174081,177494,20
3,spsc_unaligned_1048576_cross-core_paced_itch,0,total,177494,180908,29
3,spsc_unaligned_1048576_cross-core_paced_itch,0,total,180908,184321,18
3,spsc_unaligned_1048576_cross-core_paced_itch,0,total,184321,187734,31
3,spsc_unaligned_1048576_cross-core_paced_itch,0,total,187734,191148,32
3,spsc_unaligned_1048576_cross-core_paced_itch,0,total,191148,194561,29
3,spsc_unaligned_1048576_cross-core_paced_itch,0,total,194561,197974,36
3,spsc_unaligned_1048576_cross-core_paced_itch,0,total,197974,201388,32
3,spsc_unaligned_1048576_cross-core_paced_itch,0,total,201388,204801,50
3,spsc_unaligned_1048576_cross-core_paced_itch,0,total,204801,208214,44
3,spsc_unaligned_1048576_cross-core_paced_itch,0,total,208214,211628,21
3,spsc_unaligned_1048576_cross-core_paced_itch,0,total,211628,215041,29
3,spsc_unaligned_1048576_cross-core_paced_itch,0,total,215041,218454,18
3,spsc_unaligned_1048576_cross-core_paced_itch,0,total,218454,225281,50
3,spsc_unaligned_1048576_cross-core_paced_itch,0,total,225281,232108,60
3,spsc_unaligned_1048576_cross-core_paced_itch,0,total,232108,238935,70
3,spsc_unaligned_1048576_cross-core_paced_itch,0,total,238935,245761,83
3,spsc_unaligned_1048576_cross-core_paced_itch,0,total,245761,252588,58
3,spsc_unaligned_1048576_cross-core_paced_itch,0,total,252588,259415,35
3,spsc_unaligned_1048576_cross-core_paced_itch,0,total,259415,266241,34
3,spsc_unaligned_1048576_cross-core_paced_itch,0,total,266241,273068,31
3,spsc_unaligned_1048576_cross-core_paced_itch,0,total,273068,279895,33
3,spsc_unaligned_1048576_cross-core_paced_itch,0,total,279895,286721,62
3,spsc_unaligned_1048576_cross-core_paced_itch,0,total,286721,293548,36
3,spsc_unaligned_1048576_cross-core_paced_itch,0,total,293548,300375,52
3,spsc_unaligned_1048576_cross-core_paced_itch,0,total,300375,307202,59
3,spsc_unaligned_1048576_cross-core_paced_itch,0,total,307202,314028,58
3,spsc_unaligned_1048576_cross-core_paced_itch,0,total,314028,320855,24
3,spsc_unaligned_1048576_cross-core_paced_itch,0,total,320855,327682,17
3,spsc_unaligned_1048576_cross-core_paced_itch,0,total,327682,334508,30
3,spsc_unaligned_1048576_cross-core_paced_itch,0,total,334508,341335,86
3,spsc_unaligned_1048576_cross-core_paced_itch,0,total,341335,348162,80
3,spsc_unaligned_1048576_cross-core_paced_itch,0,total,348162,354988,85
3,spsc_unaligned_1048576_cross-core_paced_itch,0,total,354988,361815,47
3,spsc_unaligned_1048576_cross-core_paced_itch,0,total,361815,368642,35
3,spsc_unaligned_1048576_cross-core_paced_itch,0,total,368642,375469,47
3,spsc_unaligned_1048576_cross-core_paced_itch,0,total,375469,382295,24
3,spsc_unaligned_1048576_cross-core_paced_itch,0,total,382295,389122,71
3,spsc_unaligned_1048576_cross-core_paced_itch,0,total,389122,395949,45
3,spsc_unaligned_1048576_cross-core_paced_itch,0,total,395949,402775,80
3,spsc_unaligned_1048576_cross-core_paced_itch,0,total,402775,409602,103
3,spsc_unaligned_1048576_cross-core_paced_itch,0,total,409602,416429,89
3,spsc_unaligned_1048576_cross-core_paced_itch,0,total,416429,423255,52
3,spsc_unaligned_1048576_cross-core_paced_itch,0,total,423255,430082,108
3,spsc_unaligned_1048576_cross-core_paced_itch,0,total,430082,436909,205
3,spsc_unaligned_1048576_cross-core_paced_itch,0,total,436909,450562,235
3,spsc_unaligned_1048576_cross-core_paced_itch,0,total,450562,464216,172
3,spsc_unaligned_1048576_cross-core_paced_itch,0,total,464216,477869,169
3,spsc_unaligned_1048576_cross-core_paced_itch,0,total,477869,491522,185
3,spsc_unaligned_1048576_cross-core_paced_itch,0,total,491522,505176,206
3,spsc_unaligned_1048576_cross-core_paced_itch,0,total,505176,518829,210
3,spsc_unaligned_1048576_cross-core_paced_itch,0,total,518829,532483,188
3,spsc_unaligned_1048576_cross-core_paced_itch,0,total,532483,546136,152
3,spsc_unaligned_1048576_cross-core_paced_itch,0,total,546136,559789,101
3,spsc_unaligned_1048576_cross-core_paced_itch,0,total,559789,573443,72
3,spsc_unaligned_1048576_cross-core_paced_itch,0,total,573443,587096,121
3,spsc_unaligned_1048576_cross-core_paced_itch,0,total,587096,600750,172
3,spsc_unaligned_1048576_cross-core_paced_itch,0,total,600750,614403,200
3,spsc_unaligned_1048576_cross-core_paced_itch,0,total,614403,628056,167
3,spsc_unaligned_1048576_cross-core_paced_itch,0,total,628056,641710,129
3,spsc_unaligned_1048576_cross-core_paced_itch,0,total,641710,655363,158
3,spsc_unaligned_1048576_cross-core_paced_itch,0,total,655363,669017,195
3,spsc_unaligned_1048576_cross-core_paced_itch,0,total,669017,682670,230
3,spsc_unaligned_1048576_cross-core_paced_itch,0,total,682670,696323,300
3,spsc_unaligned_1048576_cross-core_paced_itch,0,total,696323,709977,151
3,spsc_unaligned_1048576_cross-core_paced_itch,0,total,709977,723630,249
3,spsc_unaligned_1048576_cross-core_paced_itch,0,total,723630,737284,293
3,spsc_unaligned_1048576_cross-core_paced_itch,0,total,737284,750937,178
3,spsc_unaligned_1048576_cross-core_paced_itch,0,total,750937,764590,196
3,spsc_unaligned_1048576_cross-core_paced_itch,0,total,764590,778244,252
3,spsc_unaligned_1048576_cross-core_paced_itch,0,total,778244,791897,270
3,spsc_unaligned_1048576_cross-core_paced_itch,0,total,791897,805551,399
3,spsc_unaligned_1048576_cross-core_paced_itch,0,total,805551,819204,384
3,spsc_unaligned_1048576_cross-core_paced_itch,0,total,819204,832857,457
3,spsc_unaligned_1048576_cross-core_paced_itch,0,total,832857,846511,400
3,spsc_unaligned_1048576_cross-core_paced_itch,0,total,846511,860164,299
3,spsc_unaligned_1048576_cross-core_paced_itch,0,total,860164,873818,320
3,spsc_unaligned_1048576_cross-core_paced_itch,0,total,873818,901124,141
3,spsc_unaligned_1048576_cross-core_paced_itch,0,total,901124,928431,399
3,spsc_unaligned_1048576_cross-core_paced_itch,0,total,928431,955738,419
3,spsc_unaligned_1048576_cross-core_paced_itch,0,total,955738,983045,138
3,spsc_unaligned_1048576_cross-core_paced_itch,0,queue,180.001,183.334,1
3,spsc_unaligned_1048576_cross-core_paced_itch,0,queue,206.668,210.001,1
3,spsc_unaligned_1048576_cross-core_paced_itch,0,queue,213.334,220.001,4
3,spsc_unaligned_1048576_cross-core_paced_itch,0,queue,220.001,226.668,2
3,spsc_unaligned_1048576_cross-core_paced_itch,0,queue,233.334,240.001,1
3,spsc_unaligned_1048576_cross-core_paced_itch,0,queue,240.001,246.668,5
3,spsc_unaligned_1048576_cross-core_paced_itch,0,queue,246.668,253.335,7
3,spsc_unaligned_1048576_cross-core_paced_itch,0,queue,253.335,260.001,23
3,spsc_unaligned_1048576_cross-core_paced_itch,0,queue,260.001,266.668,38
3,spsc_unaligned_1048576_cross-core_paced_itch,0,queue,266.668,273.335,47
3,spsc_unaligned_1048576_cross-core_paced_itch,0,queue,273.335,280.001,67
3,spsc_unaligned_1048576_cross-core_paced_itch,0,queue,280.001,286.668,57
3,spsc_unaligned_1048576_cross-core_paced_itch,0,queue,286.668,293.335,69
3,spsc_unaligned_1048576_cross-core_paced_itch,0,queue,293.335,300.001,82
3,spsc_unaligned_1048576_cross-core_paced_itch,0,queue,300.001,306.668,75
3,spsc_unaligned_1048576_cross-core_paced_itch,0,queue,306.668,313.335,101
3,spsc_unaligned_1048576_cross-core_paced_itch,0,queue,313.335,320.002,347
3,spsc_unaligned_1048576_cross-core_paced_itch,0,queue,320.002,326.668,1361
3,spsc_unaligned_1048576_cross-core_paced_itch,0,queue,326.668,333.335,3279
3,spsc_unaligned_1048576_cross-core_paced_itch,0,queue,333.335,340.002,4864
3,spsc_unaligned_1048576_cross-core_paced_itch,0,queue,340.002,346.668,6493
3,spsc_unaligned_1048576_cross-core_paced_itch,0,queue,346.668,353.335,8296
3,spsc_unaligned_1048576_cross-core_paced_itch,0,queue,353.335,360.002,10100
3,spsc_unaligned_1048576_cross-core_paced_itch,0,queue,360.002,366.668,11528
3,spsc_unaligned_1048576_cross-core_paced_itch,0,queue,366.668,373.335,11923
3,spsc_unaligned_1048576_cross-core_paced_itch,0,queue,373.335,380.002,11359
3,spsc_unaligned_1048576_cross-core_paced_itch,0,queue,380.002,386.669,9116
3,spsc_unaligned_1048576_cross-core_paced_itch,0,queue,386.669,393.335,6674
3,spsc_unaligned_1048576_cross-core_paced_itch,0,queue,393.335,400.002,4849
3,spsc_unaligned_1048576_cross-core_paced_itch,0,queue,400.002,406.669,3586
3,spsc_unaligned_1048576_cross-core_paced_itch,0,queue,406.669,413.335,2765
3,spsc_unaligned_1048576_cross-core_paced_itch,0,queue,413.335,420.002,2099
3,spsc_unaligned_1048576_cross-core_paced_itch,0,queue,420.002,426.669,1739
3,spsc_unaligned_1048576_cross-core_paced_itch,0,queue,426.669,440.002,2856
3,spsc_unaligned_1048576_cross-core_paced_itch,0,queue,440.002,453.336,2656
3,spsc_unaligned_1048576_cross-core_paced_itch,0,queue,453.336,466.669,2586
3,spsc_unaligned_1048576_cross-core_paced_itch,0,queue,466.669,480.002,2344
3,spsc_unaligned_1048576_cross-core_paced_itch,0,queue,480.002,493.336,3152
3,spsc_unaligned_1048576_cross-core_paced_itch,0,queue,493.336,506.669,6390
3,spsc_unaligned_1048576_cross-core_paced_itch,0,queue,506.669,520.003,8626
3,spsc_unaligned_1048576_cross-core_paced_itch,0,queue,520.003,533.336,6444
3,spsc_unaligned_1048576_cross-core_paced_itch,0,queue,533.336,546.669,3322
3,spsc_unaligned_1048576_cross-core_paced_itch,0,queue,546.669,560.003,1880
3,spsc_unaligned_1048576_cross-core_paced_itch,0,queue,560.003,573.336,1467
3,spsc_unaligned_1048576_cross-core_paced_itch,0,queue,573.336,586.67,1353
3,spsc_unaligned_1048576_cross-core_paced_itch,0,queue,586.67,600.003,1492
3,spsc_unaligned_1048576_cross-core_paced_itch,0,queue,600.003,613.336,1463
3,spsc_unaligned_1048576_cross-core_paced_itch,0,queue,613.336,626.67,1290
3,spsc_unaligned_1048576_cross-core_paced_itch,0,queue,626.67,640.003,1099
3,spsc_unaligned_1048576_cross-core_paced_itch,0,queue,640.003,653.337,1028
3,spsc_unaligned_1048576_cross-core_paced_itch,0,queue,653.337,666.67,1085
3,spsc_unaligned_1048576_cross-core_paced_itch,0,queue,666.67,680.003,1245
3,spsc_unaligned_1048576_cross-core_paced_itch,0,queue,680.003,693.337,1331
3,spsc_unaligned_1048576_cross-core_paced_itch,0,queue,693.337,706.67,1181
3,spsc_unaligned_1048576_cross-core_paced_itch,0,queue,706.67,720.004,1125
3,spsc_unaligned_1048576_cross-core_paced_itch,0,queue,720.004,733.337,1001
3,spsc_unaligned_1048576_cross-core_paced_itch,0,queue,733.337,746.67,796
3,spsc_unaligned_1048576_cross-core_paced_itch,0,queue,746.67,760.004,714
3,spsc_unaligned_1048576_cross-core_paced_itch,0,queue,760.004,773.337,708
3,spsc_unaligned_1048576_cross-core_paced_itch,0,queue,773.337,786.671,644
3,spsc_unaligned_1048576_cross-core_paced_itch,0,queue,786.671,800.004,647
3,spsc_unaligned_1048576_cross-core_paced_itch,0,queue,800.004,813.337,634
3,spsc_unaligned_1048576_cross-core_paced_itch,0,queue,813.337,826.671,602
3,spsc_unaligned_1048576_cross-core_paced_itch,0,queue,826.671,840.004,553
3,spsc_unaligned_1048576_cross-core_paced_itch,0,queue,840.004,853.338,562
3,spsc_unaligned_1048576_cross-core_paced_itch,0,queue,853.338,880.004,1147
3,spsc_unaligned_1048576_cross-core_paced_itch,0,queue,880.004,906.671,1007
3,spsc_unaligned_1048576_cross-core_paced_itch,0,queue,906.671,933.338,993
3,spsc_unaligned_1048576_cross-core_paced_itch,0,queue,933.338,960.005,902
3,spsc_unaligned_1048576_cross-core_paced_itch,0,queue,960.005,986.672,819
3,spsc_unaligned_1048576_cross-core_paced_itch,0,queue,986.672,1013.34,818
3,spsc_unaligned_1048576_cross-core_paced_itch,0,queue,1013.34,1040.01,757
3,spsc_unaligned_1048576_cross-core_paced_itch,0,queue,1040.01,1066.67,732
3,spsc_unaligned_1048576_cross-core_paced_itch,0,queue,1066.67,1093.34,657
3,spsc_unaligned_1048576_cross-core_paced_itch,0,queue,1093.34,1120.01,679
3,spsc_unaligned_1048576_cross-core_paced_itch,0,queue,1120.01,1146.67,645
3,spsc_unaligned_1048576_cross-core_paced_itch,0,queue,1146.67,1173.34,640
3,spsc_unaligned_1048576_cross-core_paced_itch,0,queue,1173.34,1200.01,599
3,spsc_unaligned_1048576_cross-core_paced_itch,0,queue,1200.01,1226.67,582
3,spsc_unaligned_1048576_cross-core_paced_itch,0,queue,1226.67,1253.34,541
3,spsc_unaligned_1048576_cross-core_paced_itch,0,queue,1253.34,1280.01,569
3,spsc_unaligned_1048576_cross-core_paced_itch,0,queue,1280.01,1306.67,561
3,spsc_unaligned_1048576_cross-core_paced_itch,0,queue,1306.67,1333.34,551
3,spsc_unaligned_1048576_cross-core_paced_itch,0,queue,1333.34,1360.01,542
3,spsc_unaligned_1048576_cross-core_paced_itch,0,queue,1360.01,1386.67,529
3,spsc_unaligned_1048576_cross-core_paced_itch,0,queue,1386.67,1413.34,516
3,spsc_unaligned_1048576_cross-core_paced_itch,0,queue,1413.34,1440.01,526
3,spsc_unaligned_1048576_cross-core_paced_itch,0,queue,1440.01,1466.67,517
3,spsc_unaligned_1048576_cross-core_paced_itch,0,queue,1466.67,1493.34,486
3,spsc_unaligned_1048576_cross-core_paced_itch,0,queue,1493.34,1520.01,487
3,spsc_unaligned_1048576_cross-core_paced_itch,0,queue,1520.01,1546.67,480
3,spsc_unaligned_1048576_cross-core_paced_itch,0,queue,1546.67,1573.34,481
3,spsc_unaligned_1048576_cross-core_paced_itch,0,queue,1573.34,1600.01,517
3,spsc_unaligned_1048576_cross-core_paced_itch,0,queue,1600.01,1626.67,446
3,spsc_unaligned_1048576_cross-core_paced_itch,0,queue,1626.67,1653.34,466
3,spsc_unaligned_1048576_cross-core_paced_itch,0,queue,1653.34,1680.01,436
3,spsc_unaligned_1048576_cross-core_paced_itch,0,queue,1680.01,1706.68,446
3,spsc_unaligned_1048576_cross-core_paced_itch,0,queue,1706.68,1760.01,878
3,spsc_unaligned_1048576_cross-core_paced_itch,0,queue,1760.01,1813.34,820
3,spsc_unaligned_1048576_cross-core_paced_itch,0,queue,1813.34,1866.68,835
3,spsc_unaligned_1048576_cross-core_paced_itch,0,queue,1866.68,1920.01,834
3,spsc_unaligned_1048576_cross-core_paced_itch,0,queue,1920.01,1973.34,813
3,spsc_unaligned_1048576_cross-core_paced_itch,0,queue,1973.34,2026.68,837
3,spsc_unaligned_1048576_cross-core_paced_itch,0,queue,2026.68,2080.01,823
3,spsc_unaligned_1048576_cross-core_paced_itch,0,queue,2080.01,2133.34,735
3,spsc_unaligned_1048576_cross-core_paced_itch,0,queue,2133.34,2186.68,835
3,spsc_unaligned_1048576_cross-core_paced_itch,0,queue,2186.68,2240.01,751
3,spsc_unaligned_1048576_cross-core_paced_itch,0,queue,2240.01,2293.34,745
3,spsc_unaligned_1048576_cross-core_paced_itch,0,queue,2293.34,2346.68,695
3,spsc_unaligned_1048576_cross-core_paced_itch,0,queue,2346.68,2400.01,719
3,spsc_unaligned_1048576_cross-core_paced_itch,0,queue,2400.01,2453.35,709
3,spsc_unaligned_1048576_cross-core_paced_itch,0,queue,2453.35,2506.68,723
3,spsc_unaligned_1048576_cross-core_paced_itch,0,queue,2506.68,2560.01,644
3,spsc_unaligned_1048576_cross-core_paced_itch,0,queue,2560.01,2613.35,670
3,spsc_unaligned_1048576_cross-core_paced_itch,0,queue,2613.35,2666.68,657
3,spsc_unaligned_1048576_cross-core_paced_itch,0,queue,2666.68,2720.01,642
3,spsc_unaligned_1048576_cross-core_paced_itch,0,queue,2720.01,2773.35,676
3,spsc_unaligned_1048576_cross-core_paced_itch,0,queue,2773.35,2826.68,650
3,spsc_unaligned_1048576_cross-core_paced_itch,0,queue,2826.68,2880.01,669
3,spsc_unaligned_1048576_cross-core_paced_itch,0,queue,2880.01,2933.35,674
3,spsc_unaligned_1048576_cross-core_paced_itch,0,queue,2933.35,2986.68,609
3,spsc_unaligned_1048576_cross-core_paced_itch,0,queue,2986.68,3040.02,628
3,spsc_unaligned_1048576_cross-core_paced_itch,0,queue,3040.02,3093.35,589
3,spsc_unaligned_1048576_cross-core_paced_itch,0,queue,3093.35,3146.68,604
3,spsc_unaligned_1048576_cross-core_paced_itch,0,queue,3146.68,3200.02,587
3,spsc_unaligned_1048576_cross-core_paced_itch,0,queue,3200.02,3253.35,581
3,spsc_unaligned_1048576_cross-core_paced_itch,0,queue,3253.35,3306.68,599
3,spsc_unaligned_1048576_cross-core_paced_itch,0,queue,3306.68,3360.02,539
3,spsc_unaligned_1048576_cross-core_paced_itch,0,queue,3360.02,3413.35,549
3,spsc_unaligned_1048576_cross-core_paced_itch,0,queue,3413.35,3520.02,1153
3,spsc_unaligned_1048576_cross-core_paced_itch,0,queue,3520.02,3626.68,1083
3,spsc_unaligned_1048576_cross-core_paced_itch,0,queue,3626.68,3733.35,1036
3,spsc_unaligned_1048576_cross-core_paced_itch,0,queue,3733.35,3840.02,1003
3,spsc_unaligned_1048576_cross-core_paced_itch,0,queue,3840.02,3946.69,1006
3,spsc_unaligned_1048576_cross-core_paced_itch,0,queue,3946.69,4053.35,944
3,spsc_unaligned_1048576_cross-core_paced_itch,0,queue,4053.35,4160.02,877
3,spsc_unaligned_1048576_cross-core_paced_itch,0,queue,4160.02,4266.69,929
3,spsc_unaligned_1048576_cross-core_paced_itch,0,queue,4266.69,4373.35,841
3,spsc_unaligned_1048576_cross-core_paced_itch,0,queue,4373.35,4480.02,845
3,spsc_unaligned_1048576_cross-core_paced_itch,0,queue,4480.02,4586.69,783
3,spsc_unaligned_1048576_cross-core_paced_itch,0,queue,4586.69,4693.36,747
3,spsc_unaligned_1048576_cross-core_paced_itch,0,queue,4693.36,4800.02,722
3,spsc_unaligned_1048576_cross-core_paced_itch,0,queue,4800.02,4906.69,697
3,spsc_unaligned_1048576_cross-core_paced_itch,0,queue,4906.69,5013.36,722
3,spsc_unaligned_1048576_cross-core_paced_itch,0,queue,5013.36,5120.03,614
3,spsc_unaligned_1048576_cross-core_paced_itch,0,queue,5120.03,5226.69,655
3,spsc_unaligned_1048576_cross-core_paced_itch,0,queue,5226.69,5333.36,611
3,spsc_unaligned_1048576_cross-core_paced_itch,0,queue,5333.36,5440.03,576
3,spsc_unaligned_1048576_cross-core_paced_itch,0,queue,5440.03,5546.69,590
3,spsc_unaligned_1048576_cross-core_paced_itch,0,queue,5546.69,5653.36,535
3,spsc_unaligned_1048576_cross-core_paced_itch,0,queue,5653.36,5760.03,529
3,spsc_unaligned_1048576_cross-core_paced_itch,0,queue,5760.03,5866.7,559
3,spsc_unaligned_1048576_cross-core_paced_itch,0,queue,5866.7,5973.36,557
3,spsc_unaligned_1048576_cross-core_paced_itch,0,queue,5973.36,6080.03,530
3,spsc_unaligned_1048576_cross-core_paced_itch,0,queue,6080.03,6186.7,472
3,spsc_unaligned_1048576_cross-core_paced_itch,0,queue,6186.7,6293.36,481
3,spsc_unaligned_1048576_cross-core_paced_itch,0,queue,6293.36,6400.03,429
3,spsc_unaligned_1048576_cross-core_paced_itch,0,queue,6400.03,6506.7,443
3,spsc_unaligned_1048576_cross-core_paced_itch,0,queue,6506.7,6613.37,474
3,spsc_unaligned_1048576_cross-core_paced_itch,0,queue,6613.37,6720.03,446
3,spsc_unaligned_1048576_cross-core_paced_itch,0,queue,6720.03,6826.7,443
3,spsc_unaligned_1048576_cross-core_paced_itch,0,queue,6826.7,7040.03,829
3,spsc_unaligned_1048576_cross-core_paced_itch,0,queue,7040.03,7253.37,788
3,spsc_unaligned_1048576_cross-core_paced_itch,0,queue,7253.37,7466.7,719
3,spsc_unaligned_1048576_cross-core_paced_itch,0,queue,7466.7,7680.04,687
3,spsc_unaligned_1048576_cross-core_paced_itch,0,queue,7680.04,7893.37,734
3,spsc_unaligned_1048576_cross-core_paced_itch,0,queue,7893.37,8106.71,650
3,spsc_unaligned_1048576_cross-core_paced_itch,0,queue,8106.71,8320.04,637
3,spsc_unaligned_1048576_cross-core_paced_itch,0,queue,8320.04,8533.38,591
3,spsc_unaligned_1048576_cross-core_paced_itch,0,queue,8533.38,8746.71,566
3,spsc_unaligned_1048576_cross-core_paced_itch,0,queue,8746.71,8960.04,593
3,spsc_unaligned_1048576_cross-core_paced_itch,0,queue,8960.04,9173.38,520
3,spsc_unaligned_1048576_cross-core_paced_itch,0,queue,9173.38,9386.71,544
3,spsc_unaligned_1048576_cross-core_paced_itch,0,queue,9386.71,9600.05,507
3,spsc_unaligned_1048576_cross-core_paced_itch,0,queue,9600.05,9813.38,489
3,spsc_unaligned_1048576_cross-core_paced_itch,0,queue,9813.38,10026.7,438
3,spsc_unaligned_1048576_cross-core_paced_itch,0,queue,10026.7,10240.1,434
3,spsc_unaligned_1048576_cross-core_paced_itch,0,queue,10240.1,10453.4,425
3,spsc_unaligned_1048576_cross-core_paced_itch,0,queue,10453.4,10666.7,413
3,spsc_unaligned_1048576_cross-core_paced_itch,0,queue,10666.7,10880.1,402
3,spsc_unaligned_1048576_cross-core_paced_itch,0,queue,10880.1,11093.4,379
3,spsc_unaligned_1048576_cross-core_paced_itch,0,queue,11093.4,11306.7,344
3,spsc_unaligned_1048576_cross-core_paced_itch,0,queue,11306.7,11520.1,354
3,spsc_unaligned_1048576_cross-core_paced_itch,0,queue,11520.1,11733.4,335
3,spsc_unaligned_1048576_cross-core_paced_itch,0,queue,11733.4,11946.7,311
3,spsc_unaligned_1048576_cross-core_paced_itch,0,queue,11946.7,12160.1,277
3,spsc_unaligned_1048576_cross-core_paced_itch,0,queue,12160.1,12373.4,264
3,spsc_unaligned_1048576_cross-core_paced_itch,0,queue,12373.4,12586.7,219
3,spsc_unaligned_1048576_cross-core_paced_itch,0,queue,12586.7,12800.1,234
3,spsc_unaligned_1048576_cross-core_paced_itch,0,queue,12800.1,13013.4,175
3,spsc_unaligned_1048576_cross-core_paced_itch,0,queue,13013.4,13226.7,182
3,spsc_unaligned_1048576_cross-core_paced_itch,0,queue,13226.7,13440.1,151
3,spsc_unaligned_1048576_cross-core_paced_itch,0,queue,13440.1,13653.4,138
3,spsc_unaligned_1048576_cross-core_paced_itch,0,queue,13653.4,14080.1,225
3,spsc_unaligned_1048576_cross-core_paced_itch,0,queue,14080.1,14506.7,223
3,spsc_unaligned_1048576_cross-core_paced_itch,0,queue,14506.7,14933.4,199
3,spsc_unaligned_1048576_cross-core_paced_itch,0,queue,14933.4,15360.1,189
3,spsc_unaligned_1048576_cross-core_paced_itch,0,queue,15360.1,15786.7,172
3,spsc_unaligned_1048576_cross-core_paced_itch,0,queue,15786.7,16213.4,164
3,spsc_unaligned_1048576_cross-core_paced_itch,0,queue,16213.4,16640.1,156
3,spsc_unaligned_1048576_cross-core_paced_itch,0,queue,16640.1,17066.8,145
3,spsc_unaligned_1048576_cross-core_paced_itch,0,queue,17066.8,17493.4,141
3,spsc_unaligned_1048576_cross-core_paced_itch,0,queue,17493.4,17920.1,131
3,spsc_unaligned_1048576_cross-core_paced_itch,0,queue,17920.1,18346.8,109
3,spsc_unaligned_1048576_cross-core_paced_itch,0,queue,18346.8,18773.4,117
3,spsc_unaligned_1048576_cross-core_paced_itch,0,queue,18773.4,19200.1,100
3,spsc_unaligned_1048576_cross-core_paced_itch,0,queue,19200.1,19626.8,93
3,spsc_unaligned_1048576_cross-core_paced_itch,0,queue,19626.8,20053.4,73
3,spsc_unaligned_1048576_cross-core_paced_itch,0,queue,20053.4,20480.1,70
3,spsc_unaligned_1048576_cross-core_paced_itch,0,queue,20480.1,20906.8,81
3,spsc_unaligned_1048576_cross-core_paced_itch,0,queue,20906.8,21333.4,65
3,spsc_unaligned_1048576_cross-core_paced_itch,0,queue,21333.4,21760.1,73
3,spsc_unaligned_1048576_cross-core_paced_itch,0,queue,21760.1,22186.8,72
3,spsc_unaligned_1048576_cross-core_paced_itch,0,queue,22186.8,22613.4,79
3,spsc_unaligned_1048576_cross-core_paced_itch,0,queue,22613.4,23040.1,76
3,spsc_unaligned_1048576_cross-core_paced_itch,0,queue,23040.1,23466.8,72
3,spsc_unaligned_1048576_cross-core_paced_itch,0,queue,23466.8,23893.5,64
3,spsc_unaligned_1048576_cross-core_paced_itch,0,queue,23893.5,24320.1,65
3,spsc_unaligned_1048576_cross-core_paced_itch,0,queue,24320.1,24746.8,53
3,spsc_unaligned_1048576_cross-core_paced_itch,0,queue,24746.8,25173.5,69
3,spsc_unaligned_1048576_cross-core_paced_itch,0,queue,25173.5,25600.1,78
3,spsc_unaligned_1048576_cross-core_paced_itch,0,queue,25600.1,26026.8,68
3,spsc_unaligned_1048576_cross-core_paced_itch,0,queue,26026.8,26453.5,48
3,spsc_unaligned_1048576_cross-core_paced_itch,0,queue,26453.5,26880.1,76
3,spsc_unaligned_1048576_cross-core_paced_itch,0,queue,26880.1,27306.8,71
3,spsc_unaligned_1048576_cross-core_paced_itch,0,queue,27306.8,28160.1,126
3,spsc_unaligned_1048576_cross-core_paced_itch,0,queue,28160.1,29013.5,128
3,spsc_unaligned_1048576_cross-core_paced_itch,0,queue,29013.5,29866.8,95
3,spsc_unaligned_1048576_cross-core_paced_itch,0,queue,29866.8,30720.2,112
3,spsc_unaligned_1048576_cross-core_paced_itch,0,queue,30720.2,31573.5,98
3,spsc_unaligned_1048576_cross-core_paced_itch,0,queue,31573.5,32426.8,92
3,spsc_unaligned_1048576_cross-core_paced_itch,0,queue,32426.8,33280.2,98
3,spsc_unaligned_1048576_cross-core_paced_itch,0,queue,33280.2,34133.5,136
3,spsc_unaligned_1048576_cross-core_paced_itch,0,queue,34133.5,34986.8,91
3,spsc_unaligned_1048576_cross-core_paced_itch,0,queue,34986.8,35840.2,103
3,spsc_unaligned_1048576_cross-core_paced_itch,0,queue,35840.2,36693.5,92
3,spsc_unaligned_1048576_cross-core_paced_itch,0,queue,36693.5,37546.9,76
3,spsc_unaligned_1048576_cross-core_paced_itch,0,queue,37546.9,38400.2,73
3,spsc_unaligned_1048576_cross-core_paced_itch,0,queue,38400.2,39253.5,56
3,spsc_unaligned_1048576_cross-core_paced_itch,0,queue,39253.5,40106.9,57
3,spsc_unaligned_1048576_cross-core_paced_itch,0,queue,40106.9,40960.2,65
3,spsc_unaligned_1048576_cross-core_paced_itch,0,queue,40960.2,41813.5,62
3,spsc_unaligned_1048576_cross-core_paced_itch,0,queue,41813.5,42666.9,60
3,spsc_unaligned_1048576_cross-core_paced_itch,0,queue,42666.9,43520.2,66
3,spsc_unaligned_1048576_cross-core_paced_itch,0,queue,43520.2,44373.6,50
3,spsc_unaligned_1048576_cross-core_paced_itch,0,queue,44373.6,45226.9,52
3,spsc_unaligned_1048576_cross-core_paced_itch,0,queue,45226.9,46080.2,41
3,spsc_unaligned_1048576_cross-core_paced_itch,0,queue,46080.2,46933.6,42
3,spsc_unaligned_1048576_cross-core_paced_itch,0,queue,46933.6,47786.9,41
3,spsc_unaligned_1048576_cross-core_paced_itch,0,queue,47786.9,48640.2,43
3,spsc_unaligned_1048576_cross-core_paced_itch,0,queue,48640.2,49493.6,56
3,spsc_unaligned_1048576_cross-core_paced_itch,0,queue,49493.6,50346.9,55
3,spsc_unaligned_1048576_cross-core_paced_itch,0,queue,50346.9,51200.3,46
3,spsc_unaligned_1048576_cross-core_paced_itch,0,queue,51200.3,52053.6,50
3,spsc_unaligned_1048576_cross-core_paced_itch,0,queue,52053.6,52906.9,42
3,spsc_unaligned_1048576_cross-core_paced_itch,0,queue,52906.9,53760.3,38
3,spsc_unaligned_1048576_cross-core_paced_itch,0,queue,53760.3,54613.6,47
3,spsc_unaligned_1048576_cross-core_paced_itch,0,queue,54613.6,56320.3,81
3,spsc_unaligned_1048576_cross-core_paced_itch,0,queue,56320.3,58027,62
3,spsc_unaligned_1048576_cross-core_paced_itch,0,queue,58027,59733.6,96
3,spsc_unaligned_1048576_cross-core_paced_itch,0,queue,59733.6,61440.3,58
3,spsc_unaligned_1048576_cross-core_paced_itch,0,queue,61440.3,63147,66
3,spsc_unaligned_1048576_cross-core_paced_itch,0,queue,63147,64853.7,41
3,spsc_unaligned_1048576_cross-core_paced_itch,0,queue,64853.7,66560.3,74
3,spsc_unaligned_1048576_cross-core_paced_itch,0,queue,66560.3,68267,88
3,spsc_unaligned_1048576_cross-core_paced_itch,0,queue,68267,69973.7,104
3,spsc_unaligned_1048576_cross-core_paced_itch,0,queue,69973.7,71680.4,77
3,spsc_unaligned_1048576_cross-core_paced_itch,0,queue,71680.4,73387,33
3,spsc_unaligned_1048576_cross-core_paced_itch,0,queue,73387,75093.7,56
3,spsc_unaligned_1048576_cross-core_paced_itch,0,queue,75093.7,76800.4,56
3,spsc_unaligned_1048576_cross-core_paced_itch,0,queue,76800.4,78507.1,13
3,spsc_unaligned_1048576_cross-core_paced_itch,0,queue,78507.1,80213.7,19
3,spsc_unaligned_1048576_cross-core_paced_itch,0,queue,80213.7,81920.4,31
3,spsc_unaligned_1048576_cross-core_paced_itch,0,queue,81920.4,83627.1,25
3,spsc_unaligned_1048576_cross-core_paced_itch,0,queue,83627.1,85333.8,36
3,spsc_unaligned_1048576_cross-core_paced_itch,0,queue,85333.8,87040.4,32
3,spsc_unaligned_1048576_cross-core_paced_itch,0,queue,87040.4,88747.1,45
3,spsc_unaligned_1048576_cross-core_paced_itch,0,queue,88747.1,90453.8,53
3,spsc_unaligned_1048576_cross-core_paced_itch,0,queue,90453.8,92160.5,57
3,spsc_unaligned_1048576_cross-core_paced_itch,0,queue,92160.5,93867.1,77
3,spsc_unaligned_1048576_cross-core_paced_itch,0,queue,93867.1,95573.8,72
3,spsc_unaligned_1048576_cross-core_paced_itch,0,queue,95573.8,97280.5,53
3,spsc_unaligned_1048576_cross-core_paced_itch,0,queue,97280.5,98987.2,34
3,spsc_unaligned_1048576_cross-core_paced_itch,0,queue,98987.2,100694,26
3,spsc_unaligned_1048576_cross-core_paced_itch,0,queue,100694,102401,22
3,spsc_unaligned_1048576_cross-core_paced_itch,0,queue,102401,104107,32
3,spsc_unaligned_1048576_cross-core_paced_itch,0,queue,104107,105814,29
3,spsc_unaligned_1048576_cross-core_paced_itch,0,queue,105814,107521,16
3,spsc_unaligned_1048576_cross-core_paced_itch,0,queue,107521,109227,30
3,spsc_unaligned_1048576_cross-core_paced_itch,0,queue,109227,112641,68
3,spsc_unaligned_1048576_cross-core_paced_itch,0,queue,112641,116054,125
3,spsc_unaligned_1048576_cross-core_paced_itch,0,queue,116054,119467,88
3,spsc_unaligned_1048576_cross-core_paced_itch,0,queue,119467,122881,64
3,spsc_unaligned_1048576_cross-core_paced_itch,0,queue,122881,126294,32
3,spsc_unaligned_1048576_cross-core_paced_itch,0,queue,126294,129707,26
3,spsc_unaligned_1048576_cross-core_paced_itch,0,queue,129707,133121,24
3,spsc_unaligned_1048576_cross-core_paced_itch,0,queue,133121,136534,28
3,spsc_unaligned_1048576_cross-core_paced_itch,0,queue,136534,139947,28
3,spsc_unaligned_1048576_cross-core_paced_itch,0,queue,139947,143361,39
3,spsc_unaligned_1048576_cross-core_paced_itch,0,queue,143361,146774,30
3,spsc_unaligned_1048576_cross-core_paced_itch,0,queue,146774,150187,42
3,spsc_unaligned_1048576_cross-core_paced_itch,0,queue,150187,153601,36
3,spsc_unaligned_1048576_cross-core_paced_itch,0,queue,153601,157014,33
3,spsc_unaligned_1048576_cross-core_paced_itch,0,queue,157014,160427,41
3,spsc_unaligned_1048576_cross-core_paced_itch,0,queue,160427,163841,32
3,spsc_unaligned_1048576_cross-core_paced_itch,0,queue,163841,167254,55
3,spsc_unaligned_1048576_cross-core_paced_itch,0,queue,167254,170668,17
3,spsc_unaligned_1048576_cross-core_paced_itch,0,queue,170668,174081,16
3,spsc_unaligned_1048576_cross-core_paced_itch,0,queue,174081,177494,21
3,spsc_unaligned_1048576_cross-core_paced_itch,0,queue,177494,180908,28
3,spsc_unaligned_1048576_cross-core_paced_itch,0,queue,180908,184321,21
3,spsc_unaligned_1048576_cross-core_paced_itch,0,queue,184321,187734,28
3,spsc_unaligned_1048576_cross-core_paced_itch,0,queue,187734,191148,32
3,spsc_unaligned_1048576_cross-core_paced_itch,0,queue,191148,194561,31
3,spsc_unaligned_1048576_cross-core_paced_itch,0,queue,194561,197974,33
3,spsc_unaligned_1048576_cross-core_paced_itch,0,queue,197974,201388,33
3,spsc_unaligned_1048576_cross-core_paced_itch,0,queue,201388,204801,52
3,spsc_unaligned_1048576_cross-core_paced_itch,0,queue,204801,208214,42
3,spsc_unaligned_1048576_cross-core_paced_itch,0,queue,208214,211628,20
3,spsc_unaligned_1048576_cross-core_paced_itch,0,queue,211628,215041,29
3,spsc_unaligned_1048576_cross-core_paced_itch,0,queue,215041,218454,18
3,spsc_unaligned_1048576_cross-core_paced_itch,0,queue,218454,225281,51
3,spsc_unaligned_1048576_cross-core_paced_itch,0,queue,225281,232108,59
3,spsc_unaligned_1048576_cross-core_paced_itch,0,queue,232108,238935,71
3,spsc_unaligned_1048576_cross-core_paced_itch,0,queue,238935,245761,87
3,spsc_unaligned_1048576_cross-core_paced_itch,0,queue,245761,252588,54
3,spsc_unaligned_1048576_cross-core_paced_itch,0,queue,252588,259415,35
3,spsc_unaligned_1048576_cross-core_paced_itch,0,queue,259415,266241,35
3,spsc_unaligned_1048576_cross-core_paced_itch,0,queue,266241,273068,30
3,spsc_unaligned_1048576_cross-core_paced_itch,0,queue,273068,279895,32
3,spsc_unaligned_1048576_cross-core_paced_itch,0,queue,279895,286721,63
3,spsc_unaligned_1048576_cross-core_paced_itch,0,queue,286721,293548,35
3,spsc_unaligned_1048576_cross-core_paced_itch,0,queue,293548,300375,52
3,spsc_unaligned_1048576_cross-core_paced_itch,0,queue,300375,307202,61
3,spsc_unaligned_1048576_cross-core_paced_itch,0,queue,307202,314028,56
3,spsc_unaligned_1048576_cross-core_paced_itch,0,queue,314028,320855,25
3,spsc_unaligned_1048576_cross-core_paced_itch,0,queue,320855,327682,16
3,spsc_unaligned_1048576_cross-core_paced_itch,0,queue,327682,334508,32
3,spsc_unaligned_1048576_cross-core_paced_itch,0,queue,334508,341335,84
3,spsc_unaligned_1048576_cross-core_paced_itch,0,queue,341335,348162,82
3,spsc_unaligned_1048576_cross-core_paced_itch,0,queue,348162,354988,87
3,spsc_unaligned_1048576_cross-core_paced_itch,0,queue,354988,361815,43
3,spsc_unaligned_1048576_cross-core_paced_itch,0,queue,361815,368642,35
3,spsc_unaligned_1048576_cross-core_paced_itch,0,queue,368642,375469,50
3,spsc_unaligned_1048576_cross-core_paced_itch,0,queue,375469,382295,21
3,spsc_unaligned_1048576_cross-core_paced_itch,0,queue,382295,389122,72
3,spsc_unaligned_1048576_cross-core_paced_itch,0,queue,389122,395949,46
3,spsc_unaligned_1048576_cross-core_paced_itch,0,queue,395949,402775,81
3,spsc_unaligned_1048576_cross-core_paced_itch,0,queue,402775,409602,104
3,spsc_unaligned_1048576_cross-core_paced_itch,0,queue,409602,416429,85
3,spsc_unaligned_1048576_cross-core_paced_itch,0,queue,416429,423255,52
3,spsc_unaligned_1048576_cross-core_paced_itch,0,queue,423255,430082,111
3,spsc_unaligned_1048576_cross-core_paced_itch,0,queue,430082,436909,204
3,spsc_unaligned_1048576_cross-core_paced_itch,0,queue,436909,450562,236
3,spsc_unaligned_1048576_cross-core_paced_itch,0,queue,450562,464216,171
3,spsc_unaligned_1048576_cross-core_paced_itch,0,queue,464216,477869,169
3,spsc_unaligned_1048576_cross-core_paced_itch,0,queue,477869,491522,184
3,spsc_unaligned_1048576_cross-core_paced_itch,0,queue,491522,505176,208
3,spsc_unaligned_1048576_cross-core_paced_itch,0,queue,505176,518829,209
3,spsc_unaligned_1048576_cross-core_paced_itch,0,queue,518829,532483,187
3,spsc_unaligned_1048576_cross-core_paced_itch,0,queue,532483,546136,154
3,spsc_unaligned_1048576_cross-core_paced_itch,0,queue,546136,559789,101
3,spsc_unaligned_1048576_cross-core_paced_itch,0,queue,559789,573443,69
3,spsc_unaligned_1048576_cross-core_paced_itch,0,queue,573443,587096,123
3,spsc_unaligned_1048576_cross-core_paced_itch,0,queue,587096,600750,173
3,spsc_unaligned_1048576_cross-core_paced_itch,0,queue,600750,614403,204
3,spsc_unaligned_1048576_cross-core_paced_itch,0,queue,614403,628056,161
3,spsc_unaligned_1048576_cross-core_paced_itch,0,queue,628056,641710,129
3,spsc_unaligned_1048576_cross-core_paced_itch,0,queue,641710,655363,162
3,spsc_unaligned_1048576_cross-core_paced_itch,0,queue,655363,669017,190
3,spsc_unaligned_1048576_cross-core_paced_itch,0,queue,669017,682670,235
3,spsc_unaligned_1048576_cross-core_paced_itch,0,queue,682670,696323,299
3,spsc_unaligned_1048576_cross-core_paced_itch,0,queue,696323,709977,149
3,spsc_unaligned_1048576_cross-core_paced_itch,0,queue,709977,723630,250
3,spsc_unaligned_1048576_cross-core_paced_itch,0,queue,723630,737284,292
3,spsc_unaligned_1048576_cross-core_paced_itch,0,queue,737284,750937,178
3,spsc_unaligned_1048576_cross-core_paced_itch,0,queue,750937,764590,195
3,spsc_unaligned_1048576_cross-core_paced_itch,0,queue,764590,778244,253
3,spsc_unaligned_1048576_cross-core_paced_itch,0,queue,778244,791897,272
3,spsc_unaligned_1048576_cross-core_paced_itch,0,queue,791897,805551,401
3,spsc_unaligned_1048576_cross-core_paced_itch,0,queue,805551,819204,386
3,spsc_unaligned_1048576_cross-core_paced_itch,0,queue,819204,832857,457
3,spsc_unaligned_1048576_cross-core_paced_itch,0,queue,832857,846511,398
3,spsc_unaligned_1048576_cross-core_paced_itch,0,queue,846511,860164,295
3,spsc_unaligned_1048576_cross-core_paced_itch,0,queue,860164,873818,321
3,spsc_unaligned_1048576_cross-core_paced_itch,0,queue,873818,901124,140
3,spsc_unaligned_1048576_cross-core_paced_itch,0,queue,901124,928431,398
3,spsc_unaligned_1048576_cross-core_paced_itch,0,queue,928431,955738,419
3,spsc_unaligned_1048576_cross-core_paced_itch,0,queue,955738,983045,137
3,spsc_unaligned_1048576_cross-core_paced_itch,0,book,18.3334,18.7501,1
3,spsc_unaligned_1048576_cross-core_paced_itch,0,book,19.1668,19.5834,18
3,spsc_unaligned_1048576_cross-core_paced_itch,0,book,20.0001,20.4168,354
3,spsc_unaligned_1048576_cross-core_paced_itch,0,book,20.8334,21.2501,926
3,spsc_unaligned_1048576_cross-core_paced_itch,0,book,21.6668,22.0834,714
3,spsc_unaligned_1048576_cross-core_paced_itch,0,book,22.5001,22.9168,223
3,spsc_unaligned_1048576_cross-core_paced_itch,0,book,23.3334,23.7501,67
3,spsc_unaligned_1048576_cross-core_paced_itch,0,book,24.1668,24.5835,64
3,spsc_unaligned_1048576_cross-core_paced_itch,0,book,25.0001,25.4168,117
3,spsc_unaligned_1048576_cross-core_paced_itch,0,book,25.8335,26.2501,421
3,spsc_unaligned_1048576_cross-core_paced_itch,0,book,26.6668,27.5001,838
3,spsc_unaligned_1048576_cross-core_paced_itch,0,book,27.5001,28.3335,956
3,spsc_unaligned_1048576_cross-core_paced_itch,0,book,28.3335,29.1668,1407
3,spsc_unaligned_1048576_cross-core_paced_itch,0,book,29.1668,30.0001,1868
3,spsc_unaligned_1048576_cross-core_paced_itch,0,book,30.0001,30.8335,1631
3,spsc_unaligned_1048576_cross-core_paced_itch,0,book,30.8335,31.6668,1036
3,spsc_unaligned_1048576_cross-core_paced_itch,0,book,31.6668,32.5002,623
3,spsc_unaligned_1048576_cross-core_paced_itch,0,book,32.5002,33.3335,582
3,spsc_unaligned_1048576_cross-core_paced_itch,0,book,33.3335,34.1668,830
3,spsc_unaligned_1048576_cross-core_paced_itch,0,book,34.1668,35.0002,687
3,spsc_unaligned_1048576_cross-core_paced_itch,0,book,35.0002,35.8335,619
3,spsc_unaligned_1048576_cross-core_paced_itch,0,book,35.8335,36.6668,399
3,spsc_unaligned_1048576_cross-core_paced_itch,0,book,36.6668,37.5002,359
3,spsc_unaligned_1048576_cross-core_paced_itch,0,book,37.5002,38.3335,392
3,spsc_unaligned_1048576_cross-core_paced_itch,0,book,38.3335,39.1669,339
3,spsc_unaligned_1048576_cross-core_paced_itch,0,book,39.1669,40.0002,321
3,spsc_unaligned_1048576_cross-core_paced_itch,0,book,40.0002,40.8335,446
3,spsc_unaligned_1048576_cross-core_paced_itch,0,book,40.8335,41.6669,462
3,spsc_unaligned_1048576_cross-core_paced_itch,0,book,41.6669,42.5002,517
3,spsc_unaligned_1048576_cross-core_paced_itch,0,book,42.5002,43.3335,641
3,spsc_unaligned_1048576_cross-core_paced_itch,0,book,43.3335,44.1669,521
3,spsc_unaligned_1048576_cross-core_paced_itch,0,book,44.1669,45.0002,530
3,spsc_unaligned_1048576_cross-core_paced_itch,0,book,45.0002,45.8336,499
3,spsc_unaligned_1048576_cross-core_paced_itch,0,book,45.8336,46.6669,479
3,spsc_unaligned_1048576_cross-core_paced_itch,0,book,46.6669,47.5002,633
3,spsc_unaligned_1048576_cross-core_paced_itch,0,book,47.5002,48.3336,662
3,spsc_unaligned_1048576_cross-core_paced_itch,0,book,48.3336,49.1669,628
3,spsc_unaligned_1048576_cross-core_paced_itch,0,book,49.1669,50.0002,655
3,spsc_unaligned_1048576_cross-core_paced_itch,0,book,50.0002,50.8336,683
3,spsc_unaligned_1048576_cross-core_paced_itch,0,book,50.8336,51.6669,758
3,spsc_unaligned_1048576_cross-core_paced_itch,0,book,51.6669,52.5003,747
3,spsc_unaligned_1048576_cross-core_paced_itch,0,book,52.5003,53.3336,794
3,spsc_unaligned_1048576_cross-core_paced_itch,0,book,53.3336,55.0003,1432
3,spsc_unaligned_1048576_cross-core_paced_itch,0,book,55.0003,56.6669,1555
3,spsc_unaligned_1048576_cross-core_paced_itch,0,book,56.6669,58.3336,1604
3,spsc_unaligned_1048576_cross-core_paced_itch,0,book,58.3336,60.0003,1554
3,spsc_unaligned_1048576_cross-core_paced_itch,0,book,60.0003,61.667,1725
3,spsc_unaligned_1048576_cross-core_paced_itch,0,book,61.667,63.3336,1671
3,spsc_unaligned_1048576_cross-core_paced_itch,0,book,63.3336,65.0003,1481
3,spsc_unaligned_1048576_cross-core_paced_itch,0,book,65.0003,66.667,1493
3,spsc_unaligned_1048576_cross-core_paced_itch,0,book,66.667,68.3337,1481
3,spsc_unaligned_1048576_cross-core_paced_itch,0,book,68.3337,70.0003,1397
3,spsc_unaligned_1048576_cross-core_paced_itch,0,book,70.0003,71.667,1400
3,spsc_unaligned_1048576_cross-core_paced_itch,0,book,71.667,73.3337,1245
3,spsc_unaligned_1048576_cross-core_paced_itch,0,book,73.3337,75.0004,1166
3,spsc_unaligned_1048576_cross-core_paced_itch,0,book,75.0004,76.667,1093
3,spsc_unaligned_1048576_cross-core_paced_itch,0,book,76.667,78.3337,1062
3,spsc_unaligned_1048576_cross-core_paced_itch,0,book,78.3337,80.0004,977
3,spsc_unaligned_1048576_cross-core_paced_itch,0,book,80.0004,81.6671,968
3,spsc_unaligned_1048576_cross-core_paced_itch,0,book,81.6671,83.3337,823
3,spsc_unaligned_1048576_cross-core_paced_itch,0,book,83.3337,85.0004,731
3,spsc_unaligned_1048576_cross-core_paced_itch,0,book,85.0004,86.6671,677
3,spsc_unaligned_1048576_cross-core_paced_itch,0,book,86.6671,88.3338,662
3,spsc_unaligned_1048576_cross-core_paced_itch,0,book,88.3338,90.0004,617
3,spsc_unaligned_1048576_cross-core_paced_itch,0,book,90.0004,91.6671,546
3,spsc_unaligned_1048576_cross-core_paced_itch,0,book,91.6671,93.3338,505
3,spsc_unaligned_1048576_cross-core_paced_itch,0,book,93.3338,95.0005,486
3,spsc_unaligned_1048576_cross-core_paced_itch,0,book,95.0005,96.6671,493
3,spsc_unaligned_1048576_cross-core_paced_itch,0,book,96.6671,98.3338,519
3,spsc_unaligned_1048576_cross-core_paced_itch,0,book,98.3338,100,442
3,spsc_unaligned_1048576_cross-core_paced_itch,0,book,100,101.667,510
3,spsc_unaligned_1048576_cross-core_paced_itch,0,book,101.667,103.334,428
3,spsc_unaligned_1048576_cross-core_paced_itch,0,book,103.334,105.001,400
3,spsc_unaligned_1048576_cross-core_paced_itch,0,book,105.001,106.667,381
3,spsc_unaligned_1048576_cross-core_paced_itch,0,book,106.667,110.001,884
3,spsc_unaligned_1048576_cross-core_paced_itch,0,book,110.001,113.334,859
3,spsc_unaligned_1048576_cross-core_paced_itch,0,book,113.334,116.667,806
3,spsc_unaligned_1048576_cross-core_paced_itch,0,book,116.667,120.001,713
3,spsc_unaligned_1048576_cross-core_paced_itch,0,book,120.001,123.334,661
3,spsc_unaligned_1048576_cross-core_paced_itch,0,book,123.334,126.667,869
3,spsc_unaligned_1048576_cross-core_paced_itch,0,book,126.667,130.001,2166
3,spsc_unaligned_1048576_cross-core_paced_itch,0,book,130.001,133.334,3705
3,spsc_unaligned_1048576_cross-core_paced_itch,0,book,133.334,136.667,4286
3,spsc_unaligned_1048576_cross-core_paced_itch,0,book,136.667,140.001,4499
3,spsc_unaligned_1048576_cross-core_paced_itch,0,book,140.001,143.334,7098
3,spsc_unaligned_1048576_cross-core_paced_itch,0,book,143.334,146.667,8781
3,spsc_unaligned_1048576_cross-core_paced_itch,0,book,146.667,150.001,8965
3,spsc_unaligned_1048576_cross-core_paced_itch,0,book,150.001,153.334,8232
3,spsc_unaligned_1048576_cross-core_paced_itch,0,book,153.334,156.667,8609
3,spsc_unaligned_1048576_cross-core_paced_itch,0,book,156.667,160.001,8018
3,spsc_unaligned_1048576_cross-core_paced_itch,0,book,160.001,163.334,7198
3,spsc_unaligned_1048576_cross-core_paced_itch,0,book,163.334,166.667,5821
3,spsc_unaligned_1048576_cross-core_paced_itch,0,book,166.667,170.001,5180
3,spsc_unaligned_1048576_cross-core_paced_itch,0,book,170.001,173.334,4319
3,spsc_unaligned_1048576_cross-core_paced_itch,0,book,173.334,176.668,3971
3,spsc_unaligned_1048576_cross-core_paced_itch,0,book,176.668,180.001,3662
3,spsc_unaligned_1048576_cross-core_paced_itch,0,book,180.001,183.334,3516
3,spsc_unaligned_1048576_cross-core_paced_itch,0,book,183.334,186.668,3261
3,spsc_unaligned_1048576_cross-core_paced_itch,0,book,186.668,190.001,3114
3,spsc_unaligned_1048576_cross-core_paced_itch,0,book,190.001,193.334,2876
3,spsc_unaligned_1048576_cross-core_paced_itch,0,book,193.334,196.668,2877
3,spsc_unaligned_1048576_cross-core_paced_itch,0,book,196.668,200.001,2438
3,spsc_unaligned_1048576_cross-core_paced_itch,0,book,200.001,203.334,2385
3,spsc_unaligned_1048576_cross-core_paced_itch,0,book,203.334,206.668,2320
3,spsc_unaligned_1048576_cross-core_paced_itch,0,book,206.668,210.001,2230
3,spsc_unaligned_1048576_cross-core_paced_itch,0,book,210.001,213.334,2046
3,spsc_unaligned_1048576_cross-core_paced_itch,0,book,213.334,220.001,3562
3,spsc_unaligned_1048576_cross-core_paced_itch,0,book,220.001,226.668,3306
3,spsc_unaligned_1048576_cross-core_paced_itch,0,book,226.668,233.334,2781
3,spsc_unaligned_1048576_cross-core_paced_itch,0,book,233.334,240.001,2496
3,spsc_unaligned_1048576_cross-core_paced_itch,0,book,240.001,246.668,2206
3,spsc_unaligned_1048576_cross-core_paced_itch,0,book,246.668,253.335,2063
3,spsc_unaligned_1048576_cross-core_paced_itch,0,book,253.335,260.001,1820
3,spsc_unaligned_1048576_cross-core_paced_itch,0,book,260.001,266.668,1827
3,spsc_unaligned_1048576_cross-core_paced_itch,0,book,266.668,273.335,1705
3,spsc_unaligned_1048576_cross-core_paced_itch,0,book,273.335,280.001,1833
3,spsc_unaligned_1048576_cross-core_paced_itch,0,book,280.001,286.668,1831
3,spsc_unaligned_1048576_cross-core_paced_itch,0,book,286.668,293.335,1918
3,spsc_unaligned_1048576_cross-core_paced_itch,0,book,293.335,300.001,1923
3,spsc_unaligned_1048576_cross-core_paced_itch,0,book,300.001,306.668,2060
3,spsc_unaligned_1048576_cross-core_paced_itch,0,book,306.668,313.335,2010
3,spsc_unaligned_1048576_cross-core_paced_itch,0,book,313.335,320.002,1946
3,spsc_unaligned_1048576_cross-core_paced_itch,0,book,320.002,326.668,1799
3,spsc_unaligned_1048576_cross-core_paced_itch,0,book,326.668,333.335,1805
3,spsc_unaligned_1048576_cross-core_paced_itch,0,book,333.335,340.002,1644
3,spsc_unaligned_1048576_cross-core_paced_itch,0,book,340.002,346.668,1610
3,spsc_unaligned_1048576_cross-core_paced_itch,0,book,346.668,353.335,1505
3,spsc_unaligned_1048576_cross-core_paced_itch,0,book,353.335,360.002,1530
3,spsc_unaligned_1048576_cross-core_paced_itch,0,book,360.002,366.668,1359
3,spsc_unaligned_1048576_cross-core_paced_itch,0,book,366.668,373.335,1368
3,spsc_unaligned_1048576_cross-core_paced_itch,0,book,373.335,380.002,1246
3,spsc_unaligned_1048576_cross-core_paced_itch,0,book,380.002,386.669,1251
3,spsc_unaligned_1048576_cross-core_paced_itch,0,book,386.669,393.335,1175
3,spsc_unaligned_1048576_cross-core_paced_itch,0,book,393.335,400.002,1144
3,spsc_unaligned_1048576_cross-core_paced_itch,0,book,400.002,406.669,1128
3,spsc_unaligned_1048576_cross-core_paced_itch,0,book,406.669,413.335,1058
3,spsc_unaligned_1048576_cross-core_paced_itch,0,book,413.335,420.002,1185
3,spsc_unaligned_1048576_cross-core_paced_itch,0,book,420.002,426.669,1127
3,spsc_unaligned_1048576_cross-core_paced_itch,0,book,426.669,440.002,2186
3,spsc_unaligned_1048576_cross-core_paced_itch,0,book,440.002,453.336,1827
3,spsc_unaligned_1048576_cross-core_paced_itch,0,book,453.336,466.669,1634
3,spsc_unaligned_1048576_cross-core_paced_itch,0,book,466.669,480.002,1392
3,spsc_unaligned_1048576_cross-core_paced_itch,0,book,480.002,493.336,1174
3,spsc_unaligned_1048576_cross-core_paced_itch,0,book,493.336,506.669,948
3,spsc_unaligned_1048576_cross-core_paced_itch,0,book,506.669,520.003,934
3,spsc_unaligned_1048576_cross-core_paced_itch,0,book,520.003,533.336,867
3,spsc_unaligned_1048576_cross-core_paced_itch,0,book,533.336,546.669,848
3,spsc_unaligned_1048576_cross-core_paced_itch,0,book,546.669,560.003,753
3,spsc_unaligned_1048576_cross-core_paced_itch,0,book,560.003,573.336,752
3,spsc_unaligned_1048576_cross-core_paced_itch,0,book,573.336,586.67,606
3,spsc_unaligned_1048576_cross-core_paced_itch,0,book,586.67,600.003,606
3,spsc_unaligned_1048576_cross-core_paced_itch,0,book,600.003,613.336,548
3,spsc_unaligned_1048576_cross-core_paced_itch,0,book,613.336,626.67,500
3,spsc_unaligned_1048576_cross-core_paced_itch,0,book,626.67,640.003,438
3,spsc_unaligned_1048576_cross-core_paced_itch,0,book,640.003,653.337,366
3,spsc_unaligned_1048576_cross-core_paced_itch,0,book,653.337,666.67,355
3,spsc_unaligned_1048576_cross-core_paced_itch,0,book,666.67,680.003,342
3,spsc_unaligned_1048576_cross-core_paced_itch,0,book,680.003,693.337,299
3,spsc_unaligned_1048576_cross-core_paced_itch,0,book,693.337,706.67,294
3,spsc_unaligned_1048576_cross-core_paced_itch,0,book,706.67,720.004,242
3,spsc_unaligned_1048576_cross-core_paced_itch,0,book,720.004,733.337,236
3,spsc_unaligned_1048576_cross-core_paced_itch,0,book,733.337,746.67,203
3,spsc_unaligned_1048576_cross-core_paced_itch,0,book,746.67,760.004,159
3,spsc_unaligned_1048576_cross-core_paced_itch,0,book,760.004,773.337,154
3,spsc_unaligned_1048576_cross-core_paced_itch,0,book,773.337,786.671,147
3,spsc_unaligned_1048576_cross-core_paced_itch,0,book,786.671,800.004,127
3,spsc_unaligned_1048576_cross-core_paced_itch,0,book,800.004,813.337,114
3,spsc_unaligned_1048576_cross-core_paced_itch,0,book,813.337,826.671,100
3,spsc_unaligned_1048576_cross-core_paced_itch,0,book,826.671,840.004,96
3,spsc_unaligned_1048576_cross-core_paced_itch,0,book,840.004,853.338,96
3,spsc_unaligned_1048576_cross-core_paced_itch,0,book,853.338,880.004,143
3,spsc_unaligned_1048576_cross-core_paced_itch,0,book,880.004,906.671,130
3,spsc_unaligned_1048576_cross-core_paced_itch,0,book,906.671,933.338,81
3,spsc_unaligned_1048576_cross-core_paced_itch,0,book,933.338,960.005,71
3,spsc_unaligned_1048576_cross-core_paced_itch,0,book,960.005,986.672,66
3,spsc_unaligned_1048576_cross-core_paced_itch,0,book,986.672,1013.34,57
3,spsc_unaligned_1048576_cross-core_paced_itch,0,book,1013.34,1040.01,34
3,spsc_unaligned_1048576_cross-core_paced_itch,0,book,1040.01,1066.67,42
3,spsc_unaligned_1048576_cross-core_paced_itch,0,book,1066.67,1093.34,20
3,spsc_unaligned_1048576_cross-core_paced_itch,0,book,1093.34,1120.01,22
3,spsc_unaligned_1048576_cross-core_paced_itch,0,book,1120.01,1146.67,17
3,spsc_unaligned_1048576_cross-core_paced_itch,0,book,1146.67,1173.34,18
3,spsc_unaligned_1048576_cross-core_paced_itch,0,book,1173.34,1200.01,23
3,spsc_unaligned_1048576_cross-core_paced_itch,0,book,1200.01,1226.67,11
3,spsc_unaligned_1048576_cross-core_paced_itch,0,book,1226.67,1253.34,10
3,spsc_unaligned_1048576_cross-core_paced_itch,0,book,1253.34,1280.01,11
3,spsc_unaligned_1048576_cross-core_paced_itch,0,book,1280.01,1306.67,9
3,spsc_unaligned_1048576_cross-core_paced_itch,0,book,1306.67,1333.34,9
3,spsc_unaligned_1048576_cross-core_paced_itch,0,book,1333.34,1360.01,4
3,spsc_unaligned_1048576_cross-core_paced_itch,0,book,1360.01,1386.67,8
3,spsc_unaligned_1048576_cross-core_paced_itch,0,book,1386.67,1413.34,8
3,spsc_unaligned_1048576_cross-core_paced_itch,0,book,1413.34,1440.01,3
3,spsc_unaligned_1048576_cross-core_paced_itch,0,book,1440.01,1466.67,9
3,spsc_unaligned_1048576_cross-core_paced_itch,0,book,1466.67,1493.34,8
3,spsc_unaligned_1048576_cross-core_paced_itch,0,book,1493.34,1520.01,6
3,spsc_unaligned_1048576_cross-core_paced_itch,0,book,1520.01,1546.67,9
3,spsc_unaligned_1048576_cross-core_paced_itch,0,book,1546.67,1573.34,3
3,spsc_unaligned_1048576_cross-core_paced_itch,0,book,1573.34,1600.01,9
3,spsc_unaligned_1048576_cross-core_paced_itch,0,book,1600.01,1626.67,4
3,spsc_unaligned_1048576_cross-core_paced_itch,0,book,1626.67,1653.34,9
3,spsc_unaligned_1048576_cross-core_paced_itch,0,book,1653.34,1680.01,12
3,spsc_unaligned_1048576_cross-core_paced_itch,0,book,1680.01,1706.68,4
3,spsc_unaligned_1048576_cross-core_paced_itch,0,book,1706.68,1760.01,8
3,spsc_unaligned_1048576_cross-core_paced_itch,0,book,1760.01,1813.34,18
3,spsc_unaligned_1048576_cross-core_paced_itch,0,book,1813.34,1866.68,18
3,spsc_unaligned_1048576_cross-core_paced_itch,0,book,1866.68,1920.01,19
3,spsc_unaligned_1048576_cross-core_paced_itch,0,book,1920.01,1973.34,14
3,spsc_unaligned_1048576_cross-core_paced_itch,0,book,1973.34,2026.68,19
3,spsc_unaligned_1048576_cross-core_paced_itch,0,book,2026.68,2080.01,6
3,spsc_unaligned_1048576_cross-core_paced_itch,0,book,2080.01,2133.34,6
3,spsc_unaligned_1048576_cross-core_paced_itch,0,book,2133.34,2186.68,6
3,spsc_unaligned_1048576_cross-core_paced_itch,0,book,2186.68,2240.01,3
3,spsc_unaligned_1048576_cross-core_paced_itch,0,book,2240.01,2293.34,5
3,spsc_unaligned_1048576_cross-core_paced_itch,0,book,2293.34,2346.68,3
3,spsc_unaligned_1048576_cross-core_paced_itch,0,book,2346.68,2400.01,4
3,spsc_unaligned_1048576_cross-core_paced_itch,0,book,2400.01,2453.35,5
3,spsc_unaligned_1048576_cross-core_paced_itch,0,book,2453.35,2506.68,2
3,spsc_unaligned_1048576_cross-core_paced_itch,0,book,2506.68,2560.01,1
3,spsc_unaligned_1048576_cross-core_paced_itch,0,book,2613.35,2666.68,1
3,spsc_unaligned_1048576_cross-core_paced_itch,0,book,2666.68,2720.01,1
3,spsc_unaligned_1048576_cross-core_paced_itch,0,book,2773.35,2826.68,1
3,spsc_unaligned_1048576_cross-core_paced_itch,0,book,2933.35,2986.68,1
3,spsc_unaligned_1048576_cross-core_paced_itch,0,book,2986.68,3040.02,1
3,spsc_unaligned_1048576_cross-core_paced_itch,0,book,3040.02,3093.35,1
3,spsc_unaligned_1048576_cross-core_paced_itch,0,book,3093.35,3146.68,1
3,spsc_unaligned_1048576_cross-core_paced_itch,0,book,3200.02,3253.35,2
3,spsc_unaligned_1048576_cross-core_paced_itch,0,book,3253.35,3306.68,1
3,spsc_unaligned_1048576_cross-core_paced_itch,0,book,3306.68,3360.02,2
3,spsc_unaligned_1048576_cross-core_paced_itch,0,book,3360.02,3413.35,4
3,spsc_unaligned_1048576_cross-core_paced_itch,0,book,3413.35,3520.02,4
3,spsc_unaligned_1048576_cross-core_paced_itch,0,book,3520.02,3626.68,4
3,spsc_unaligned_1048576_cross-core_paced_itch,0,book,3626.68,3733.35,1
3,spsc_unaligned_1048576_cross-core_paced_itch,0,book,3733.35,3840.02,1
3,spsc_unaligned_1048576_cross-core_paced_itch,0,book,3840.02,3946.69,2
3,spsc_unaligned_1048576_cross-core_paced_itch,0,book,3946.69,4053.35,2
3,spsc_unaligned_1048576_cross-core_paced_itch,0,book,4053.35,4160.02,1
3,spsc_unaligned_1048576_cross-core_paced_itch,0,book,4160.02,4266.69,1
3,spsc_unaligned_1048576_cross-core_paced_itch,0,book,4480.02,4586.69,2
3,spsc_unaligned_1048576_cross-core_paced_itch,0,book,4586.69,4693.36,2
3,spsc_unaligned_1048576_cross-core_paced_itch,0,book,4693.36,4800.02,2
3,spsc_unaligned_1048576_cross-core_paced_itch,0,book,4800.02,4906.69,1
3,spsc_unaligned_1048576_cross-core_paced_itch,0,book,4906.69,5013.36,2
3,spsc_unaligned_1048576_cross-core_paced_itch,0,book,5226.69,5333.36,2
3,spsc_unaligned_1048576_cross-core_paced_itch,0,book,5333.36,5440.03,2
3,spsc_unaligned_1048576_cross-core_paced_itch,0,book,5440.03,5546.69,8
3,spsc_unaligned_1048576_cross-core_paced_itch,0,book,5546.69,5653.36,2
3,spsc_unaligned_1048576_cross-core_paced_itch,0,book,5653.36,5760.03,2
3,spsc_unaligned_1048576_cross-core_paced_itch,0,book,5760.03,5866.7,4
3,spsc_unaligned_1048576_cross-core_paced_itch,0,book,5866.7,5973.36,2
3,spsc_unaligned_1048576_cross-core_paced_itch,0,book,5973.36,6080.03,1
3,spsc_unaligned_1048576_cross-core_paced_itch,0,book,6080.03,6186.7,2
3,spsc_unaligned_1048576_cross-core_paced_itch,0,book,6186.7,6293.36,1
3,spsc_unaligned_1048576_cross-core_paced_itch,0,book,6293.36,6400.03,2
3,spsc_unaligned_1048576_cross-core_paced_itch,0,book,6506.7,6613.37,1
3,spsc_unaligned_1048576_cross-core_paced_itch,0,book,6613.37,6720.03,1
3,spsc_unaligned_1048576_cross-core_paced_itch,0,book,6720.03,6826.7,2
3,spsc_unaligned_1048576_cross-core_paced_itch,0,book,6826.7,7040.03,3
3,spsc_unaligned_1048576_cross-core_paced_itch,0,book,7040.03,7253.37,1
3,spsc_unaligned_1048576_cross-core_paced_itch,0,book,7253.37,7466.7,4
3,spsc_unaligned_1048576_cross-core_paced_itch,0,book,7466.7,7680.04,1
3,spsc_unaligned_1048576_cross-core_paced_itch,0,book,8106.71,8320.04,9
3,spsc_unaligned_1048576_cross-core_paced_itch,0,book,8320.04,8533.38,7
3,spsc_unaligned_1048576_cross-core_paced_itch,0,book,8533.38,8746.71,8
3,spsc_unaligned_1048576_cross-core_paced_itch,0,book,8746.71,8960.04,4
3,spsc_unaligned_1048576_cross-core_paced_itch,0,book,8960.04,9173.38,8
3,spsc_unaligned_1048576_cross-core_paced_itch,0,book,9173.38,9386.71,5
3,spsc_unaligned_1048576_cross-core_paced_itch,0,book,9386.71,9600.05,6
3,spsc_unaligned_1048576_cross-core_paced_itch,0,book,9600.05,9813.38,3
3,spsc_unaligned_1048576_cross-core_paced_itch,0,book,9813.38,10026.7,3
3,spsc_unaligned_1048576_cross-core_paced_itch,0,book,10240.1,10453.4,4
3,spsc_unaligned_1048576_cross-core_paced_itch,0,book,10453.4,10666.7,4
3,spsc_unaligned_1048576_cross-core_paced_itch,0,book,10666.7,10880.1,2
3,spsc_unaligned_1048576_cross-core_paced_itch,0,book,11093.4,11306.7,1
3,spsc_unaligned_1048576_cross-core_paced_itch,0,book,11946.7,12160.1,1
3,spsc_unaligned_1048576_cross-core_paced_itch,0,book,12160.1,12373.4,1
3,spsc_unaligned_1048576_cross-core_paced_itch,0,book,12373.4,12586.7,1
