run,label,median,metric,bucket_lo_ns,bucket_hi_ns,count
1,spsc_unaligned_65536_cross-core_unpaced,1,total,220.001,226.668,3
1,spsc_unaligned_65536_cross-core_unpaced,1,total,233.335,240.001,1
1,spsc_unaligned_65536_cross-core_unpaced,1,total,246.668,253.335,2
1,spsc_unaligned_65536_cross-core_unpaced,1,total,260.001,266.668,1
1,spsc_unaligned_65536_cross-core_unpaced,1,total,266.668,273.335,2
1,spsc_unaligned_65536_cross-core_unpaced,1,total,273.335,280.002,4
1,spsc_unaligned_65536_cross-core_unpaced,1,total,286.668,293.335,6
1,spsc_unaligned_65536_cross-core_unpaced,1,total,300.002,306.668,3
1,spsc_unaligned_65536_cross-core_unpaced,1,total,306.668,313.335,1
1,spsc_unaligned_65536_cross-core_unpaced,1,total,313.335,320.002,1
1,spsc_unaligned_65536_cross-core_unpaced,1,total,320.002,326.668,4
1,spsc_unaligned_65536_cross-core_unpaced,1,total,326.668,333.335,3
1,spsc_unaligned_65536_cross-core_unpaced,1,total,333.335,340.002,5
1,spsc_unaligned_65536_cross-core_unpaced,1,total,340.002,346.669,12
1,spsc_unaligned_65536_cross-core_unpaced,1,total,346.669,353.335,3
1,spsc_unaligned_65536_cross-core_unpaced,1,total,353.335,360.002,9
1,spsc_unaligned_65536_cross-core_unpaced,1,total,360.002,366.669,5
1,spsc_unaligned_65536_cross-core_unpaced,1,total,366.669,373.335,4
1,spsc_unaligned_65536_cross-core_unpaced,1,total,373.335,380.002,9
1,spsc_unaligned_65536_cross-core_unpaced,1,total,380.002,386.669,8
1,spsc_unaligned_65536_cross-core_unpaced,1,total,386.669,393.335,6
1,spsc_unaligned_65536_cross-core_unpaced,1,total,393.335,400.002,15
1,spsc_unaligned_65536_cross-core_unpaced,1,total,400.002,406.669,4
1,spsc_unaligned_65536_cross-core_unpaced,1,total,406.669,413.336,5
1,spsc_unaligned_65536_cross-core_unpaced,1,total,413.336,420.002,12
1,spsc_unaligned_65536_cross-core_unpaced,1,total,420.002,426.669,9
1,spsc_unaligned_65536_cross-core_unpaced,1,total,426.669,440.002,16
1,spsc_unaligned_65536_cross-core_unpaced,1,total,440.002,453.336,17
1,spsc_unaligned_65536_cross-core_unpaced,1,total,453.336,466.669,24
1,spsc_unaligned_65536_cross-core_unpaced,1,total,466.669,480.003,20
1,spsc_unaligned_65536_cross-core_unpaced,1,total,480.003,493.336,22
1,spsc_unaligned_65536_cross-core_unpaced,1,total,493.336,506.669,16
1,spsc_unaligned_65536_cross-core_unpaced,1,total,506.669,520.003,12
1,spsc_unaligned_65536_cross-core_unpaced,1,total,520.003,533.336,14
1,spsc_unaligned_65536_cross-core_unpaced,1,total,533.336,546.67,15
1,spsc_unaligned_65536_cross-core_unpaced,1,total,546.67,560.003,16
1,spsc_unaligned_65536_cross-core_unpaced,1,total,560.003,573.336,21
1,spsc_unaligned_65536_cross-core_unpaced,1,total,573.336,586.67,18
1,spsc_unaligned_65536_cross-core_unpaced,1,total,586.67,600.003,11
1,spsc_unaligned_65536_cross-core_unpaced,1,total,600.003,613.337,14
1,spsc_unaligned_65536_cross-core_unpaced,1,total,613.337,626.67,19
1,spsc_unaligned_65536_cross-core_unpaced,1,total,626.67,640.003,12
1,spsc_unaligned_65536_cross-core_unpaced,1,total,640.003,653.337,9
1,spsc_unaligned_65536_cross-core_unpaced,1,total,653.337,666.67,15
1,spsc_unaligned_65536_cross-core_unpaced,1,total,666.67,680.004,10
1,spsc_unaligned_65536_cross-core_unpaced,1,total,680.004,693.337,10
1,spsc_unaligned_65536_cross-core_unpaced,1,total,693.337,706.67,6
1,spsc_unaligned_65536_cross-core_unpaced,1,total,706.67,720.004,6
1,spsc_unaligned_65536_cross-core_unpaced,1,total,720.004,733.337,4
1,spsc_unaligned_65536_cross-core_unpaced,1,total,733.337,746.671,4
1,spsc_unaligned_65536_cross-core_unpaced,1,total,746.671,760.004,8
1,spsc_unaligned_65536_cross-core_unpaced,1,total,760.004,773.337,1
1,spsc_unaligned_65536_cross-core_unpaced,1,total,773.337,786.671,1
1,spsc_unaligned_65536_cross-core_unpaced,1,total,786.671,800.004,3
1,spsc_unaligned_65536_cross-core_unpaced,1,total,800.004,813.338,5
1,spsc_unaligned_65536_cross-core_unpaced,1,total,813.338,826.671,3
1,spsc_unaligned_65536_cross-core_unpaced,1,total,826.671,840.005,4
1,spsc_unaligned_65536_cross-core_unpaced,1,total,840.005,853.338,2
1,spsc_unaligned_65536_cross-core_unpaced,1,total,853.338,880.005,4
1,spsc_unaligned_65536_cross-core_unpaced,1,total,880.005,906.672,3
1,spsc_unaligned_65536_cross-core_unpaced,1,total,906.672,933.338,2
1,spsc_unaligned_65536_cross-core_unpaced,1,total,933.338,960.005,4
1,spsc_unaligned_65536_cross-core_unpaced,1,total,960.005,986.672,3
1,spsc_unaligned_65536_cross-core_unpaced,1,total,986.672,1013.34,3
1,spsc_unaligned_65536_cross-core_unpaced,1,total,1013.34,1040.01,1
1,spsc_unaligned_65536_cross-core_unpaced,1,total,1066.67,1093.34,2
1,spsc_unaligned_65536_cross-core_unpaced,1,total,1120.01,1146.67,1
1,spsc_unaligned_65536_cross-core_unpaced,1,total,1280.01,1306.67,2
1,spsc_unaligned_65536_cross-core_unpaced,1,total,1493.34,1520.01,2
1,spsc_unaligned_65536_cross-core_unpaced,1,total,1760.01,1813.34,2
1,spsc_unaligned_65536_cross-core_unpaced,1,total,1813.34,1866.68,2
1,spsc_unaligned_65536_cross-core_unpaced,1,total,15360.1,15786.8,1
1,spsc_unaligned_65536_cross-core_unpaced,1,total,15786.8,16213.4,1
1,spsc_unaligned_65536_cross-core_unpaced,1,total,16213.4,16640.1,1
1,spsc_unaligned_65536_cross-core_unpaced,1,total,18773.4,19200.1,1
1,spsc_unaligned_65536_cross-core_unpaced,1,total,19626.8,20053.4,1
1,spsc_unaligned_65536_cross-core_unpaced,1,total,23040.1,23466.8,1
1,spsc_unaligned_65536_cross-core_unpaced,1,total,23893.5,24320.1,1
1,spsc_unaligned_65536_cross-core_unpaced,1,total,24320.1,24746.8,1
1,spsc_unaligned_65536_cross-core_unpaced,1,total,26453.5,26880.1,1
1,spsc_unaligned_65536_cross-core_unpaced,1,total,34133.5,34986.9,1
1,spsc_unaligned_65536_cross-core_unpaced,1,total,34986.9,35840.2,1
1,spsc_unaligned_65536_cross-core_unpaced,1,total,39253.5,40106.9,1
1,spsc_unaligned_65536_cross-core_unpaced,1,total,44373.6,45226.9,3
1,spsc_unaligned_65536_cross-core_unpaced,1,total,45226.9,46080.2,1
1,spsc_unaligned_65536_cross-core_unpaced,1,total,49493.6,50346.9,1
1,spsc_unaligned_65536_cross-core_unpaced,1,total,50346.9,51200.3,1
1,spsc_unaligned_65536_cross-core_unpaced,1,total,52907,53760.3,1
1,spsc_unaligned_65536_cross-core_unpaced,1,total,53760.3,54613.6,1
1,spsc_unaligned_65536_cross-core_unpaced,1,total,54613.6,56320.3,2
1,spsc_unaligned_65536_cross-core_unpaced,1,total,56320.3,58027,1
1,spsc_unaligned_65536_cross-core_unpaced,1,total,61440.3,63147,1
1,spsc_unaligned_65536_cross-core_unpaced,1,total,63147,64853.7,1
1,spsc_unaligned_65536_cross-core_unpaced,1,total,68267,69973.7,2
1,spsc_unaligned_65536_cross-core_unpaced,1,total,69973.7,71680.4,1
1,spsc_unaligned_65536_cross-core_unpaced,1,total,71680.4,73387.1,2
1,spsc_unaligned_65536_cross-core_unpaced,1,total,73387.1,75093.7,1
1,spsc_unaligned_65536_cross-core_unpaced,1,total,75093.7,76800.4,1
1,spsc_unaligned_65536_cross-core_unpaced,1,total,76800.4,78507.1,1
1,spsc_unaligned_65536_cross-core_unpaced,1,total,78507.1,80213.8,1
1,spsc_unaligned_65536_cross-core_unpaced,1,total,80213.8,81920.4,1
1,spsc_unaligned_65536_cross-core_unpaced,1,total,83627.1,85333.8,1
1,spsc_unaligned_65536_cross-core_unpaced,1,total,85333.8,87040.5,1
1,spsc_unaligned_65536_cross-core_unpaced,1,total,88747.1,90453.8,2
1,spsc_unaligned_65536_cross-core_unpaced,1,total,90453.8,92160.5,2
1,spsc_unaligned_65536_cross-core_unpaced,1,total,93867.2,95573.8,3
1,spsc_unaligned_65536_cross-core_unpaced,1,total,95573.8,97280.5,1
1,spsc_unaligned_65536_cross-core_unpaced,1,total,97280.5,98987.2,2
1,spsc_unaligned_65536_cross-core_unpaced,1,total,98987.2,100694,1
1,spsc_unaligned_65536_cross-core_unpaced,1,total,102401,104107,1
1,spsc_unaligned_65536_cross-core_unpaced,1,total,104107,105814,2
1,spsc_unaligned_65536_cross-core_unpaced,1,total,107521,109227,2
1,spsc_unaligned_65536_cross-core_unpaced,1,total,109227,112641,1
1,spsc_unaligned_65536_cross-core_unpaced,1,total,112641,116054,3
1,spsc_unaligned_65536_cross-core_unpaced,1,total,116054,119467,3
1,spsc_unaligned_65536_cross-core_unpaced,1,total,119467,122881,1
1,spsc_unaligned_65536_cross-core_unpaced,1,total,122881,126294,1
1,spsc_unaligned_65536_cross-core_unpaced,1,total,126294,129707,4
1,spsc_unaligned_65536_cross-core_unpaced,1,total,129707,133121,5
1,spsc_unaligned_65536_cross-core_unpaced,1,total,133121,136534,2
1,spsc_unaligned_65536_cross-core_unpaced,1,total,136534,139947,4
1,spsc_unaligned_65536_cross-core_unpaced,1,total,139947,143361,2
1,spsc_unaligned_65536_cross-core_unpaced,1,total,143361,146774,3
1,spsc_unaligned_65536_cross-core_unpaced,1,total,146774,150187,1
1,spsc_unaligned_65536_cross-core_unpaced,1,total,150187,153601,3
1,spsc_unaligned_65536_cross-core_unpaced,1,total,153601,157014,2
1,spsc_unaligned_65536_cross-core_unpaced,1,total,157014,160428,1
1,spsc_unaligned_65536_cross-core_unpaced,1,total,160428,163841,4
1,spsc_unaligned_65536_cross-core_unpaced,1,total,170668,174081,4
1,spsc_unaligned_65536_cross-core_unpaced,1,total,174081,177494,1
1,spsc_unaligned_65536_cross-core_unpaced,1,total,177494,180908,8
1,spsc_unaligned_65536_cross-core_unpaced,1,total,180908,184321,4
1,spsc_unaligned_65536_cross-core_unpaced,1,total,184321,187734,6
1,spsc_unaligned_65536_cross-core_unpaced,1,total,187734,191148,1
1,spsc_unaligned_65536_cross-core_unpaced,1,total,191148,194561,4
1,spsc_unaligned_65536_cross-core_unpaced,1,total,194561,197974,2
1,spsc_unaligned_65536_cross-core_unpaced,1,total,197974,201388,3
1,spsc_unaligned_65536_cross-core_unpaced,1,total,201388,204801,1
1,spsc_unaligned_65536_cross-core_unpaced,1,total,204801,208214,1
1,spsc_unaligned_65536_cross-core_unpaced,1,total,208214,211628,3
1,spsc_unaligned_65536_cross-core_unpaced,1,total,211628,215041,3
1,spsc_unaligned_65536_cross-core_unpaced,1,total,215041,218455,5
1,spsc_unaligned_65536_cross-core_unpaced,1,total,218455,225281,8
1,spsc_unaligned_65536_cross-core_unpaced,1,total,225281,232108,5
1,spsc_unaligned_65536_cross-core_unpaced,1,total,232108,238935,4
1,spsc_unaligned_65536_cross-core_unpaced,1,total,238935,245761,5
1,spsc_unaligned_65536_cross-core_unpaced,1,total,245761,252588,8
1,spsc_unaligned_65536_cross-core_unpaced,1,total,252588,259415,6
1,spsc_unaligned_65536_cross-core_unpaced,1,total,259415,266241,15
1,spsc_unaligned_65536_cross-core_unpaced,1,total,266241,273068,13
1,spsc_unaligned_65536_cross-core_unpaced,1,total,273068,279895,4
1,spsc_unaligned_65536_cross-core_unpaced,1,total,279895,286722,9
1,spsc_unaligned_65536_cross-core_unpaced,1,total,286722,293548,5
1,spsc_unaligned_65536_cross-core_unpaced,1,total,293548,300375,7
1,spsc_unaligned_65536_cross-core_unpaced,1,total,300375,307202,6
1,spsc_unaligned_65536_cross-core_unpaced,1,total,307202,314028,5
1,spsc_unaligned_65536_cross-core_unpaced,1,total,314028,320855,8
1,spsc_unaligned_65536_cross-core_unpaced,1,total,320855,327682,8
1,spsc_unaligned_65536_cross-core_unpaced,1,total,327682,334508,10
1,spsc_unaligned_65536_cross-core_unpaced,1,total,334508,341335,6
1,spsc_unaligned_65536_cross-core_unpaced,1,total,341335,348162,7
1,spsc_unaligned_65536_cross-core_unpaced,1,total,348162,354989,7
1,spsc_unaligned_65536_cross-core_unpaced,1,total,354989,361815,5
1,spsc_unaligned_65536_cross-core_unpaced,1,total,361815,368642,11
1,spsc_unaligned_65536_cross-core_unpaced,1,total,368642,375469,6
1,spsc_unaligned_65536_cross-core_unpaced,1,total,375469,382295,9
1,spsc_unaligned_65536_cross-core_unpaced,1,total,382295,389122,9
1,spsc_unaligned_65536_cross-core_unpaced,1,total,389122,395949,5
1,spsc_unaligned_65536_cross-core_unpaced,1,total,395949,402775,6
1,spsc_unaligned_65536_cross-core_unpaced,1,total,402775,409602,5
1,spsc_unaligned_65536_cross-core_unpaced,1,total,409602,416429,9
1,spsc_unaligned_65536_cross-core_unpaced,1,total,416429,423256,7
1,spsc_unaligned_65536_cross-core_unpaced,1,total,423256,430082,6
1,spsc_unaligned_65536_cross-core_unpaced,1,total,430082,436909,6
1,spsc_unaligned_65536_cross-core_unpaced,1,total,436909,450562,14
1,spsc_unaligned_65536_cross-core_unpaced,1,total,450562,464216,16
1,spsc_unaligned_65536_cross-core_unpaced,1,total,464216,477869,7
1,spsc_unaligned_65536_cross-core_unpaced,1,total,477869,491523,14
1,spsc_unaligned_65536_cross-core_unpaced,1,total,491523,505176,21
1,spsc_unaligned_65536_cross-core_unpaced,1,total,505176,518829,14
1,spsc_unaligned_65536_cross-core_unpaced,1,total,518829,532483,31
1,spsc_unaligned_65536_cross-core_unpaced,1,total,532483,546136,22
1,spsc_unaligned_65536_cross-core_unpaced,1,total,546136,559790,16
1,spsc_unaligned_65536_cross-core_unpaced,1,total,559790,573443,23
1,spsc_unaligned_65536_cross-core_unpaced,1,total,573443,587096,26
1,spsc_unaligned_65536_cross-core_unpaced,1,total,587096,600750,19
1,spsc_unaligned_65536_cross-core_unpaced,1,total,600750,614403,21
1,spsc_unaligned_65536_cross-core_unpaced,1,total,614403,628057,18
1,spsc_unaligned_65536_cross-core_unpaced,1,total,628057,641710,14
1,spsc_unaligned_65536_cross-core_unpaced,1,total,641710,655364,27
1,spsc_unaligned_65536_cross-core_unpaced,1,total,655364,669017,25
1,spsc_unaligned_65536_cross-core_unpaced,1,total,669017,682670,34
1,spsc_unaligned_65536_cross-core_unpaced,1,total,682670,696324,24
1,spsc_unaligned_65536_cross-core_unpaced,1,total,696324,709977,26
1,spsc_unaligned_65536_cross-core_unpaced,1,total,709977,723631,20
1,spsc_unaligned_65536_cross-core_unpaced,1,total,723631,737284,31
1,spsc_unaligned_65536_cross-core_unpaced,1,total,737284,750937,11
1,spsc_unaligned_65536_cross-core_unpaced,1,total,750937,764591,20
1,spsc_unaligned_65536_cross-core_unpaced,1,total,764591,778244,21
1,spsc_unaligned_65536_cross-core_unpaced,1,total,778244,791898,21
1,spsc_unaligned_65536_cross-core_unpaced,1,total,791898,805551,14
1,spsc_unaligned_65536_cross-core_unpaced,1,total,805551,819204,50
1,spsc_unaligned_65536_cross-core_unpaced,1,total,819204,832858,26
1,spsc_unaligned_65536_cross-core_unpaced,1,total,832858,846511,34
1,spsc_unaligned_65536_cross-core_unpaced,1,total,846511,860165,42
1,spsc_unaligned_65536_cross-core_unpaced,1,total,860165,873818,29
1,spsc_unaligned_65536_cross-core_unpaced,1,total,873818,901125,35
1,spsc_unaligned_65536_cross-core_unpaced,1,total,901125,928432,49
1,spsc_unaligned_65536_cross-core_unpaced,1,total,928432,955738,39
1,spsc_unaligned_65536_cross-core_unpaced,1,total,955738,983045,57
1,spsc_unaligned_65536_cross-core_unpaced,1,total,983045,1.01035e+06,49
1,spsc_unaligned_65536_cross-core_unpaced,1,total,1.01035e+06,1.03766e+06,45
1,spsc_unaligned_65536_cross-core_unpaced,1,total,1.03766e+06,1.06497e+06,41
1,spsc_unaligned_65536_cross-core_unpaced,1,total,1.06497e+06,1.09227e+06,45
1,spsc_unaligned_65536_cross-core_unpaced,1,total,1.09227e+06,1.11958e+06,38
1,spsc_unaligned_65536_cross-core_unpaced,1,total,1.11958e+06,1.14689e+06,33
1,spsc_unaligned_65536_cross-core_unpaced,1,total,1.14689e+06,1.17419e+06,41
1,spsc_unaligned_65536_cross-core_unpaced,1,total,1.17419e+06,1.2015e+06,54
1,spsc_unaligned_65536_cross-core_unpaced,1,total,1.2015e+06,1.22881e+06,39
1,spsc_unaligned_65536_cross-core_unpaced,1,total,1.22881e+06,1.25611e+06,53
1,spsc_unaligned_65536_cross-core_unpaced,1,total,1.25611e+06,1.28342e+06,92
1,spsc_unaligned_65536_cross-core_unpaced,1,total,1.28342e+06,1.31073e+06,33
1,spsc_unaligned_65536_cross-core_unpaced,1,total,1.31073e+06,1.33803e+06,104
1,spsc_unaligned_65536_cross-core_unpaced,1,total,1.33803e+06,1.36534e+06,60
1,spsc_unaligned_65536_cross-core_unpaced,1,total,1.36534e+06,1.39265e+06,47
1,spsc_unaligned_65536_cross-core_unpaced,1,total,1.39265e+06,1.41995e+06,25
1,spsc_unaligned_65536_cross-core_unpaced,1,total,1.41995e+06,1.44726e+06,40
1,spsc_unaligned_65536_cross-core_unpaced,1,total,1.44726e+06,1.47457e+06,42
1,spsc_unaligned_65536_cross-core_unpaced,1,total,1.47457e+06,1.50187e+06,49
1,spsc_unaligned_65536_cross-core_unpaced,1,total,1.50187e+06,1.52918e+06,23
1,spsc_unaligned_65536_cross-core_unpaced,1,total,1.52918e+06,1.55649e+06,36
1,spsc_unaligned_65536_cross-core_unpaced,1,total,1.55649e+06,1.5838e+06,28
1,spsc_unaligned_65536_cross-core_unpaced,1,total,1.5838e+06,1.6111e+06,26
1,spsc_unaligned_65536_cross-core_unpaced,1,total,1.6111e+06,1.63841e+06,18
1,spsc_unaligned_65536_cross-core_unpaced,1,total,1.63841e+06,1.66572e+06,24
1,spsc_unaligned_65536_cross-core_unpaced,1,total,1.66572e+06,1.69302e+06,25
1,spsc_unaligned_65536_cross-core_unpaced,1,total,1.69302e+06,1.72033e+06,23
1,spsc_unaligned_65536_cross-core_unpaced,1,total,1.72033e+06,1.74764e+06,17
1,spsc_unaligned_65536_cross-core_unpaced,1,total,1.74764e+06,1.80225e+06,64
1,spsc_unaligned_65536_cross-core_unpaced,1,total,1.80225e+06,1.85686e+06,58
1,spsc_unaligned_65536_cross-core_unpaced,1,total,1.85686e+06,1.91148e+06,48
1,spsc_unaligned_65536_cross-core_unpaced,1,total,1.91148e+06,1.96609e+06,63
1,spsc_unaligned_65536_cross-core_unpaced,1,total,1.96609e+06,2.0207e+06,57
1,spsc_unaligned_65536_cross-core_unpaced,1,total,2.0207e+06,2.07532e+06,74
1,spsc_unaligned_65536_cross-core_unpaced,1,total,2.07532e+06,2.12993e+06,50
1,spsc_unaligned_65536_cross-core_unpaced,1,total,2.12993e+06,2.18455e+06,83
1,spsc_unaligned_65536_cross-core_unpaced,1,total,2.18455e+06,2.23916e+06,81
1,spsc_unaligned_65536_cross-core_unpaced,1,total,2.23916e+06,2.29377e+06,111
1,spsc_unaligned_65536_cross-core_unpaced,1,total,2.29377e+06,2.34839e+06,65
1,spsc_unaligned_65536_cross-core_unpaced,1,total,2.34839e+06,2.403e+06,66
1,spsc_unaligned_65536_cross-core_unpaced,1,total,2.403e+06,2.45761e+06,68
1,spsc_unaligned_65536_cross-core_unpaced,1,total,2.45761e+06,2.51223e+06,33
1,spsc_unaligned_65536_cross-core_unpaced,1,total,2.51223e+06,2.56684e+06,59
1,spsc_unaligned_65536_cross-core_unpaced,1,total,2.56684e+06,2.62145e+06,45
1,spsc_unaligned_65536_cross-core_unpaced,1,total,2.62145e+06,2.67607e+06,64
1,spsc_unaligned_65536_cross-core_unpaced,1,total,2.67607e+06,2.73068e+06,51
1,spsc_unaligned_65536_cross-core_unpaced,1,total,2.73068e+06,2.78529e+06,52
1,spsc_unaligned_65536_cross-core_unpaced,1,total,2.78529e+06,2.83991e+06,47
1,spsc_unaligned_65536_cross-core_unpaced,1,total,2.83991e+06,2.89452e+06,49
1,spsc_unaligned_65536_cross-core_unpaced,1,total,2.89452e+06,2.94914e+06,50
1,spsc_unaligned_65536_cross-core_unpaced,1,total,2.94914e+06,3.00375e+06,55
1,spsc_unaligned_65536_cross-core_unpaced,1,total,3.00375e+06,3.05836e+06,32
1,spsc_unaligned_65536_cross-core_unpaced,1,total,3.05836e+06,3.11298e+06,52
1,spsc_unaligned_65536_cross-core_unpaced,1,total,3.11298e+06,3.16759e+06,46
1,spsc_unaligned_65536_cross-core_unpaced,1,total,3.16759e+06,3.2222e+06,46
1,spsc_unaligned_65536_cross-core_unpaced,1,total,3.2222e+06,3.27682e+06,49
1,spsc_unaligned_65536_cross-core_unpaced,1,total,3.27682e+06,3.33143e+06,45
1,spsc_unaligned_65536_cross-core_unpaced,1,total,3.33143e+06,3.38604e+06,46
1,spsc_unaligned_65536_cross-core_unpaced,1,total,3.38604e+06,3.44066e+06,37
1,spsc_unaligned_65536_cross-core_unpaced,1,total,3.44066e+06,3.49527e+06,39
1,spsc_unaligned_65536_cross-core_unpaced,1,total,3.49527e+06,3.6045e+06,71
1,spsc_unaligned_65536_cross-core_unpaced,1,total,3.6045e+06,3.71373e+06,62
1,spsc_unaligned_65536_cross-core_unpaced,1,total,3.71373e+06,3.82295e+06,75
1,spsc_unaligned_65536_cross-core_unpaced,1,total,3.82295e+06,3.93218e+06,68
1,spsc_unaligned_65536_cross-core_unpaced,1,total,3.93218e+06,4.04141e+06,87
1,spsc_unaligned_65536_cross-core_unpaced,1,total,4.04141e+06,4.15064e+06,63
1,spsc_unaligned_65536_cross-core_unpaced,1,total,4.15064e+06,4.25986e+06,85
1,spsc_unaligned_65536_cross-core_unpaced,1,total,4.25986e+06,4.36909e+06,66
1,spsc_unaligned_65536_cross-core_unpaced,1,total,4.36909e+06,4.47832e+06,95
1,spsc_unaligned_65536_cross-core_unpaced,1,total,4.47832e+06,4.58754e+06,68
1,spsc_unaligned_65536_cross-core_unpaced,1,total,4.58754e+06,4.69677e+06,71
1,spsc_unaligned_65536_cross-core_unpaced,1,total,4.69677e+06,4.806e+06,67
1,spsc_unaligned_65536_cross-core_unpaced,1,total,4.806e+06,4.91523e+06,72
1,spsc_unaligned_65536_cross-core_unpaced,1,total,4.91523e+06,5.02445e+06,59
1,spsc_unaligned_65536_cross-core_unpaced,1,total,5.02445e+06,5.13368e+06,66
1,spsc_unaligned_65536_cross-core_unpaced,1,total,5.13368e+06,5.24291e+06,78
1,spsc_unaligned_65536_cross-core_unpaced,1,total,5.24291e+06,5.35214e+06,67
1,spsc_unaligned_65536_cross-core_unpaced,1,total,5.35214e+06,5.46136e+06,71
1,spsc_unaligned_65536_cross-core_unpaced,1,total,5.46136e+06,5.57059e+06,76
1,spsc_unaligned_65536_cross-core_unpaced,1,total,5.57059e+06,5.67982e+06,55
1,spsc_unaligned_65536_cross-core_unpaced,1,total,5.67982e+06,5.78904e+06,62
1,spsc_unaligned_65536_cross-core_unpaced,1,total,5.78904e+06,5.89827e+06,73
1,spsc_unaligned_65536_cross-core_unpaced,1,total,5.89827e+06,6.0075e+06,96
1,spsc_unaligned_65536_cross-core_unpaced,1,total,6.0075e+06,6.11673e+06,77
1,spsc_unaligned_65536_cross-core_unpaced,1,total,6.11673e+06,6.22595e+06,75
1,spsc_unaligned_65536_cross-core_unpaced,1,total,6.22595e+06,6.33518e+06,76
1,spsc_unaligned_65536_cross-core_unpaced,1,total,6.33518e+06,6.44441e+06,93
1,spsc_unaligned_65536_cross-core_unpaced,1,total,6.44441e+06,6.55364e+06,89
1,spsc_unaligned_65536_cross-core_unpaced,1,total,6.55364e+06,6.66286e+06,74
1,spsc_unaligned_65536_cross-core_unpaced,1,total,6.66286e+06,6.77209e+06,82
1,spsc_unaligned_65536_cross-core_unpaced,1,total,6.77209e+06,6.88132e+06,93
1,spsc_unaligned_65536_cross-core_unpaced,1,total,6.88132e+06,6.99054e+06,71
1,spsc_unaligned_65536_cross-core_unpaced,1,total,6.99054e+06,7.209e+06,156
1,spsc_unaligned_65536_cross-core_unpaced,1,total,7.209e+06,7.42745e+06,131
1,spsc_unaligned_65536_cross-core_unpaced,1,total,7.42745e+06,7.64591e+06,134
1,spsc_unaligned_65536_cross-core_unpaced,1,total,7.64591e+06,7.86436e+06,124
1,spsc_unaligned_65536_cross-core_unpaced,1,total,7.86436e+06,8.08282e+06,137
1,spsc_unaligned_65536_cross-core_unpaced,1,total,8.08282e+06,8.30127e+06,288
1,spsc_unaligned_65536_cross-core_unpaced,1,total,8.30127e+06,8.51973e+06,290
1,spsc_unaligned_65536_cross-core_unpaced,1,total,8.51973e+06,8.73818e+06,360
1,spsc_unaligned_65536_cross-core_unpaced,1,total,8.73818e+06,8.95663e+06,313
1,spsc_unaligned_65536_cross-core_unpaced,1,total,8.95663e+06,9.17509e+06,305
1,spsc_unaligned_65536_cross-core_unpaced,1,total,9.17509e+06,9.39354e+06,5511
1,spsc_unaligned_65536_cross-core_unpaced,1,total,9.39354e+06,9.612e+06,159152
1,spsc_unaligned_65536_cross-core_unpaced,1,total,9.612e+06,9.83045e+06,46835
1,spsc_unaligned_65536_cross-core_unpaced,1,total,9.83045e+06,1.00489e+07,25911
1,spsc_unaligned_65536_cross-core_unpaced,1,total,1.00489e+07,1.02674e+07,13138
1,spsc_unaligned_65536_cross-core_unpaced,1,total,1.02674e+07,1.04858e+07,10142
1,spsc_unaligned_65536_cross-core_unpaced,1,total,1.04858e+07,1.07043e+07,11655
1,spsc_unaligned_65536_cross-core_unpaced,1,total,1.07043e+07,1.09227e+07,12559
1,spsc_unaligned_65536_cross-core_unpaced,1,total,1.09227e+07,1.11412e+07,9449
1,spsc_unaligned_65536_cross-core_unpaced,1,total,1.11412e+07,1.13596e+07,6364
1,spsc_unaligned_65536_cross-core_unpaced,1,total,1.13596e+07,1.15781e+07,6500
1,spsc_unaligned_65536_cross-core_unpaced,1,total,1.15781e+07,1.17965e+07,3942
1,spsc_unaligned_65536_cross-core_unpaced,1,total,1.17965e+07,1.2015e+07,4573
1,spsc_unaligned_65536_cross-core_unpaced,1,total,1.2015e+07,1.22335e+07,2955
1,spsc_unaligned_65536_cross-core_unpaced,1,total,1.22335e+07,1.24519e+07,2854
1,spsc_unaligned_65536_cross-core_unpaced,1,total,1.24519e+07,1.26704e+07,3581
1,spsc_unaligned_65536_cross-core_unpaced,1,total,1.26704e+07,1.28888e+07,9785
1,spsc_unaligned_65536_cross-core_unpaced,1,total,1.28888e+07,1.31073e+07,57670
1,spsc_unaligned_65536_cross-core_unpaced,1,total,1.31073e+07,1.33257e+07,156588
1,spsc_unaligned_65536_cross-core_unpaced,1,total,1.33257e+07,1.35442e+07,301053
1,spsc_unaligned_65536_cross-core_unpaced,1,total,1.35442e+07,1.37626e+07,343310
1,spsc_unaligned_65536_cross-core_unpaced,1,total,1.37626e+07,1.39811e+07,400780
1,spsc_unaligned_65536_cross-core_unpaced,1,total,1.39811e+07,1.4418e+07,515818
1,spsc_unaligned_65536_cross-core_unpaced,1,total,1.4418e+07,1.48549e+07,171078
1,spsc_unaligned_65536_cross-core_unpaced,1,total,1.48549e+07,1.52918e+07,39918
1,spsc_unaligned_65536_cross-core_unpaced,1,total,1.52918e+07,1.57287e+07,16042
1,spsc_unaligned_65536_cross-core_unpaced,1,total,1.57287e+07,1.61656e+07,11424
1,spsc_unaligned_65536_cross-core_unpaced,1,total,1.61656e+07,1.66025e+07,6574
1,spsc_unaligned_65536_cross-core_unpaced,1,total,1.66025e+07,1.70395e+07,4113
1,spsc_unaligned_65536_cross-core_unpaced,1,total,1.70395e+07,1.74764e+07,2485
1,spsc_unaligned_65536_cross-core_unpaced,1,total,1.74764e+07,1.79133e+07,762
1,spsc_unaligned_65536_cross-core_unpaced,1,total,1.79133e+07,1.83502e+07,835
1,spsc_unaligned_65536_cross-core_unpaced,1,total,1.83502e+07,1.87871e+07,1093
1,spsc_unaligned_65536_cross-core_unpaced,1,total,1.87871e+07,1.9224e+07,1474
1,spsc_unaligned_65536_cross-core_unpaced,1,total,1.9224e+07,1.96609e+07,441
1,spsc_unaligned_65536_cross-core_unpaced,1,total,1.96609e+07,2.00978e+07,470
1,spsc_unaligned_65536_cross-core_unpaced,1,total,2.00978e+07,2.05347e+07,449
1,spsc_unaligned_65536_cross-core_unpaced,1,total,2.05347e+07,2.09716e+07,469
1,spsc_unaligned_65536_cross-core_unpaced,1,total,2.09716e+07,2.14085e+07,436
1,spsc_unaligned_65536_cross-core_unpaced,1,total,2.14085e+07,2.18455e+07,412
1,spsc_unaligned_65536_cross-core_unpaced,1,total,2.18455e+07,2.22824e+07,474
1,spsc_unaligned_65536_cross-core_unpaced,1,total,2.22824e+07,2.27193e+07,982
1,spsc_unaligned_65536_cross-core_unpaced,1,total,2.27193e+07,2.31562e+07,2320
1,spsc_unaligned_65536_cross-core_unpaced,1,queue,203.334,206.668,2
1,spsc_unaligned_65536_cross-core_unpaced,1,queue,206.668,210.001,1
1,spsc_unaligned_65536_cross-core_unpaced,1,queue,213.334,220.001,1
1,spsc_unaligned_65536_cross-core_unpaced,1,queue,220.001,226.668,1
1,spsc_unaligned_65536_cross-core_unpaced,1,queue,233.335,240.001,1
1,spsc_unaligned_65536_cross-core_unpaced,1,queue,246.668,253.335,2
1,spsc_unaligned_65536_cross-core_unpaced,1,queue,253.335,260.001,6
1,spsc_unaligned_65536_cross-core_unpaced,1,queue,260.001,266.668,1
1,spsc_unaligned_65536_cross-core_unpaced,1,queue,266.668,273.335,5
1,spsc_unaligned_65536_cross-core_unpaced,1,queue,273.335,280.002,5
1,spsc_unaligned_65536_cross-core_unpaced,1,queue,280.002,286.668,3
1,spsc_unaligned_65536_cross-core_unpaced,1,queue,286.668,293.335,5
1,spsc_unaligned_65536_cross-core_unpaced,1,queue,293.335,300.002,1
1,spsc_unaligned_65536_cross-core_unpaced,1,queue,300.002,306.668,4
1,spsc_unaligned_65536_cross-core_unpaced,1,queue,306.668,313.335,2
1,spsc_unaligned_65536_cross-core_unpaced,1,queue,313.335,320.002,3
1,spsc_unaligned_65536_cross-core_unpaced,1,queue,320.002,326.668,4
1,spsc_unaligned_65536_cross-core_unpaced,1,queue,326.668,333.335,9
1,spsc_unaligned_65536_cross-core_unpaced,1,queue,333.335,340.002,4
1,spsc_unaligned_65536_cross-core_unpaced,1,queue,340.002,346.669,10
1,spsc_unaligned_65536_cross-core_unpaced,1,queue,346.669,353.335,5
1,spsc_unaligned_65536_cross-core_unpaced,1,queue,353.335,360.002,8
1,spsc_unaligned_65536_cross-core_unpaced,1,queue,360.002,366.669,9
1,spsc_unaligned_65536_cross-core_unpaced,1,queue,366.669,373.335,11
1,spsc_unaligned_65536_cross-core_unpaced,1,queue,373.335,380.002,11
1,spsc_unaligned_65536_cross-core_unpaced,1,queue,380.002,386.669,15
1,spsc_unaligned_65536_cross-core_unpaced,1,queue,386.669,393.335,7
1,spsc_unaligned_65536_cross-core_unpaced,1,queue,393.335,400.002,10
1,spsc_unaligned_65536_cross-core_unpaced,1,queue,400.002,406.669,13
1,spsc_unaligned_65536_cross-core_unpaced,1,queue,406.669,413.336,8
1,spsc_unaligned_65536_cross-core_unpaced,1,queue,413.336,420.002,8
1,spsc_unaligned_65536_cross-core_unpaced,1,queue,420.002,426.669,11
1,spsc_unaligned_65536_cross-core_unpaced,1,queue,426.669,440.002,21
1,spsc_unaligned_65536_cross-core_unpaced,1,queue,440.002,453.336,21
1,spsc_unaligned_65536_cross-core_unpaced,1,queue,453.336,466.669,18
1,spsc_unaligned_65536_cross-core_unpaced,1,queue,466.669,480.003,13
1,spsc_unaligned_65536_cross-core_unpaced,1,queue,480.003,493.336,15
1,spsc_unaligned_65536_cross-core_unpaced,1,queue,493.336,506.669,18
1,spsc_unaligned_65536_cross-core_unpaced,1,queue,506.669,520.003,17
1,spsc_unaligned_65536_cross-core_unpaced,1,queue,520.003,533.336,13
1,spsc_unaligned_65536_cross-core_unpaced,1,queue,533.336,546.67,13
1,spsc_unaligned_65536_cross-core_unpaced,1,queue,546.67,560.003,17
1,spsc_unaligned_65536_cross-core_unpaced,1,queue,560.003,573.336,10
1,spsc_unaligned_65536_cross-core_unpaced,1,queue,573.336,586.67,11
1,spsc_unaligned_65536_cross-core_unpaced,1,queue,586.67,600.003,23
1,spsc_unaligned_65536_cross-core_unpaced,1,queue,600.003,613.337,11
1,spsc_unaligned_65536_cross-core_unpaced,1,queue,613.337,626.67,13
1,spsc_unaligned_65536_cross-core_unpaced,1,queue,626.67,640.003,9
1,spsc_unaligned_65536_cross-core_unpaced,1,queue,640.003,653.337,11
1,spsc_unaligned_65536_cross-core_unpaced,1,queue,653.337,666.67,6
1,spsc_unaligned_65536_cross-core_unpaced,1,queue,666.67,680.004,7
1,spsc_unaligned_65536_cross-core_unpaced,1,queue,680.004,693.337,4
1,spsc_unaligned_65536_cross-core_unpaced,1,queue,693.337,706.67,6
1,spsc_unaligned_65536_cross-core_unpaced,1,queue,706.67,720.004,4
1,spsc_unaligned_65536_cross-core_unpaced,1,queue,720.004,733.337,11
1,spsc_unaligned_65536_cross-core_unpaced,1,queue,733.337,746.671,4
1,spsc_unaligned_65536_cross-core_unpaced,1,queue,746.671,760.004,1
1,spsc_unaligned_65536_cross-core_unpaced,1,queue,760.004,773.337,2
1,spsc_unaligned_65536_cross-core_unpaced,1,queue,773.337,786.671,5
1,spsc_unaligned_65536_cross-core_unpaced,1,queue,786.671,800.004,1
1,spsc_unaligned_65536_cross-core_unpaced,1,queue,800.004,813.338,1
1,spsc_unaligned_65536_cross-core_unpaced,1,queue,813.338,826.671,3
1,spsc_unaligned_65536_cross-core_unpaced,1,queue,826.671,840.005,3
1,spsc_unaligned_65536_cross-core_unpaced,1,queue,840.005,853.338,3
1,spsc_unaligned_65536_cross-core_unpaced,1,queue,853.338,880.005,2
1,spsc_unaligned_65536_cross-core_unpaced,1,queue,880.005,906.672,4
1,spsc_unaligned_65536_cross-core_unpaced,1,queue,906.672,933.338,4
1,spsc_unaligned_65536_cross-core_unpaced,1,queue,933.338,960.005,2
1,spsc_unaligned_65536_cross-core_unpaced,1,queue,960.005,986.672,2
1,spsc_unaligned_65536_cross-core_unpaced,1,queue,986.672,1013.34,3
1,spsc_unaligned_65536_cross-core_unpaced,1,queue,1093.34,1120.01,1
1,spsc_unaligned_65536_cross-core_unpaced,1,queue,1253.34,1280.01,2
1,spsc_unaligned_65536_cross-core_unpaced,1,queue,1466.67,1493.34,2
1,spsc_unaligned_65536_cross-core_unpaced,1,queue,1760.01,1813.34,2
1,spsc_unaligned_65536_cross-core_unpaced,1,queue,1813.34,1866.68,2
1,spsc_unaligned_65536_cross-core_unpaced,1,queue,15786.8,16213.4,1
1,spsc_unaligned_65536_cross-core_unpaced,1,queue,16213.4,16640.1,1
1,spsc_unaligned_65536_cross-core_unpaced,1,queue,18346.8,18773.4,1
1,spsc_unaligned_65536_cross-core_unpaced,1,queue,19626.8,20053.4,1
1,spsc_unaligned_65536_cross-core_unpaced,1,queue,22613.5,23040.1,1
1,spsc_unaligned_65536_cross-core_unpaced,1,queue,23466.8,23893.5,1
1,spsc_unaligned_65536_cross-core_unpaced,1,queue,24320.1,24746.8,1
1,spsc_unaligned_65536_cross-core_unpaced,1,queue,26026.8,26453.5,1
1,spsc_unaligned_65536_cross-core_unpaced,1,queue,34133.5,34986.9,2
1,spsc_unaligned_65536_cross-core_unpaced,1,queue,39253.5,40106.9,1
1,spsc_unaligned_65536_cross-core_unpaced,1,queue,43520.2,44373.6,1
1,spsc_unaligned_65536_cross-core_unpaced,1,queue,44373.6,45226.9,2
1,spsc_unaligned_65536_cross-core_unpaced,1,queue,45226.9,46080.2,1
1,spsc_unaligned_65536_cross-core_unpaced,1,queue,49493.6,50346.9,1
1,spsc_unaligned_65536_cross-core_unpaced,1,queue,50346.9,51200.3,1
1,spsc_unaligned_65536_cross-core_unpaced,1,queue,52053.6,52907,1
1,spsc_unaligned_65536_cross-core_unpaced,1,queue,53760.3,54613.6,1
1,spsc_unaligned_65536_cross-core_unpaced,1,queue,54613.6,56320.3,2
1,spsc_unaligned_65536_cross-core_unpaced,1,queue,56320.3,58027,1
1,spsc_unaligned_65536_cross-core_unpaced,1,queue,61440.3,63147,1
1,spsc_unaligned_65536_cross-core_unpaced,1,queue,63147,64853.7,1
1,spsc_unaligned_65536_cross-core_unpaced,1,queue,66560.4,68267,1
1,spsc_unaligned_65536_cross-core_unpaced,1,queue,68267,69973.7,1
1,spsc_unaligned_65536_cross-core_unpaced,1,queue,69973.7,71680.4,1
1,spsc_unaligned_65536_cross-core_unpaced,1,queue,71680.4,73387.1,2
1,spsc_unaligned_65536_cross-core_unpaced,1,queue,73387.1,75093.7,1
1,spsc_unaligned_65536_cross-core_unpaced,1,queue,75093.7,76800.4,1
1,spsc_unaligned_65536_cross-core_unpaced,1,queue,76800.4,78507.1,1
1,spsc_unaligned_65536_cross-core_unpaced,1,queue,78507.1,80213.8,1
1,spsc_unaligned_65536_cross-core_unpaced,1,queue,80213.8,81920.4,1
1,spsc_unaligned_65536_cross-core_unpaced,1,queue,83627.1,85333.8,1
1,spsc_unaligned_65536_cross-core_unpaced,1,queue,85333.8,87040.5,1
1,spsc_unaligned_65536_cross-core_unpaced,1,queue,88747.1,90453.8,4
1,spsc_unaligned_65536_cross-core_unpaced,1,queue,93867.2,95573.8,3
1,spsc_unaligned_65536_cross-core_unpaced,1,queue,95573.8,97280.5,1
1,spsc_unaligned_65536_cross-core_unpaced,1,queue,97280.5,98987.2,2
1,spsc_unaligned_65536_cross-core_unpaced,1,queue,98987.2,100694,1
1,spsc_unaligned_65536_cross-core_unpaced,1,queue,102401,104107,1
1,spsc_unaligned_65536_cross-core_unpaced,1,queue,104107,105814,2
1,spsc_unaligned_65536_cross-core_unpaced,1,queue,105814,107521,1
1,spsc_unaligned_65536_cross-core_unpaced,1,queue,107521,109227,1
1,spsc_unaligned_65536_cross-core_unpaced,1,queue,109227,112641,1
1,spsc_unaligned_65536_cross-core_unpaced,1,queue,112641,116054,3
1,spsc_unaligned_65536_cross-core_unpaced,1,queue,116054,119467,3
1,spsc_unaligned_65536_cross-core_unpaced,1,queue,119467,122881,1
1,spsc_unaligned_65536_cross-core_unpaced,1,queue,122881,126294,2
1,spsc_unaligned_65536_cross-core_unpaced,1,queue,126294,129707,3
1,spsc_unaligned_65536_cross-core_unpaced,1,queue,129707,133121,5
1,spsc_unaligned_65536_cross-core_unpaced,1,queue,133121,136534,3
1,spsc_unaligned_65536_cross-core_unpaced,1,queue,136534,139947,4
1,spsc_unaligned_65536_cross-core_unpaced,1,queue,139947,143361,1
1,spsc_unaligned_65536_cross-core_unpaced,1,queue,143361,146774,4
1,spsc_unaligned_65536_cross-core_unpaced,1,queue,150187,153601,3
1,spsc_unaligned_65536_cross-core_unpaced,1,queue,153601,157014,2
1,spsc_unaligned_65536_cross-core_unpaced,1,queue,157014,160428,1
1,spsc_unaligned_65536_cross-core_unpaced,1,queue,160428,163841,4
1,spsc_unaligned_65536_cross-core_unpaced,1,queue,167254,170668,1
1,spsc_unaligned_65536_cross-core_unpaced,1,queue,170668,174081,3
1,spsc_unaligned_65536_cross-core_unpaced,1,queue,174081,177494,1
1,spsc_unaligned_65536_cross-core_unpaced,1,queue,177494,180908,8
1,spsc_unaligned_65536_cross-core_unpaced,1,queue,180908,184321,4
1,spsc_unaligned_65536_cross-core_unpaced,1,queue,184321,187734,6
1,spsc_unaligned_65536_cross-core_unpaced,1,queue,187734,191148,1
1,spsc_unaligned_65536_cross-core_unpaced,1,queue,191148,194561,4
1,spsc_unaligned_65536_cross-core_unpaced,1,queue,194561,197974,2
1,spsc_unaligned_65536_cross-core_unpaced,1,queue,197974,201388,3
1,spsc_unaligned_65536_cross-core_unpaced,1,queue,201388,204801,1
1,spsc_unaligned_65536_cross-core_unpaced,1,queue,204801,208214,2
1,spsc_unaligned_65536_cross-core_unpaced,1,queue,208214,211628,2
1,spsc_unaligned_65536_cross-core_unpaced,1,queue,211628,215041,3
1,spsc_unaligned_65536_cross-core_unpaced,1,queue,215041,218455,5
1,spsc_unaligned_65536_cross-core_unpaced,1,queue,218455,225281,8
1,spsc_unaligned_65536_cross-core_unpaced,1,queue,225281,232108,5
1,spsc_unaligned_65536_cross-core_unpaced,1,queue,232108,238935,4
1,spsc_unaligned_65536_cross-core_unpaced,1,queue,238935,245761,5
1,spsc_unaligned_65536_cross-core_unpaced,1,queue,245761,252588,9
1,spsc_unaligned_65536_cross-core_unpaced,1,queue,252588,259415,5
1,spsc_unaligned_65536_cross-core_unpaced,1,queue,259415,266241,15
1,spsc_unaligned_65536_cross-core_unpaced,1,queue,266241,273068,14
1,spsc_unaligned_65536_cross-core_unpaced,1,queue,273068,279895,3
1,spsc_unaligned_65536_cross-core_unpaced,1,queue,279895,286722,9
1,spsc_unaligned_65536_cross-core_unpaced,1,queue,286722,293548,5
1,spsc_unaligned_65536_cross-core_unpaced,1,queue,293548,300375,7
1,spsc_unaligned_65536_cross-core_unpaced,1,queue,300375,307202,6
1,spsc_unaligned_65536_cross-core_unpaced,1,queue,307202,314028,5
1,spsc_unaligned_65536_cross-core_unpaced,1,queue,314028,320855,8
1,spsc_unaligned_65536_cross-core_unpaced,1,queue,320855,327682,8
1,spsc_unaligned_65536_cross-core_unpaced,1,queue,327682,334508,10
1,spsc_unaligned_65536_cross-core_unpaced,1,queue,334508,341335,6
1,spsc_unaligned_65536_cross-core_unpaced,1,queue,341335,348162,9
1,spsc_unaligned_65536_cross-core_unpaced,1,queue,348162,354989,5
1,spsc_unaligned_65536_cross-core_unpaced,1,queue,354989,361815,5
1,spsc_unaligned_65536_cross-core_unpaced,1,queue,361815,368642,11
1,spsc_unaligned_65536_cross-core_unpaced,1,queue,368642,375469,6
1,spsc_unaligned_65536_cross-core_unpaced,1,queue,375469,382295,9
1,spsc_unaligned_65536_cross-core_unpaced,1,queue,382295,389122,9
1,spsc_unaligned_65536_cross-core_unpaced,1,queue,389122,395949,5
1,spsc_unaligned_65536_cross-core_unpaced,1,queue,395949,402775,6
1,spsc_unaligned_65536_cross-core_unpaced,1,queue,402775,409602,5
1,spsc_unaligned_65536_cross-core_unpaced,1,queue,409602,416429,10
1,spsc_unaligned_65536_cross-core_unpaced,1,queue,416429,423256,6
1,spsc_unaligned_65536_cross-core_unpaced,1,queue,423256,430082,6
1,spsc_unaligned_65536_cross-core_unpaced,1,queue,430082,436909,6
1,spsc_unaligned_65536_cross-core_unpaced,1,queue,436909,450562,14
1,spsc_unaligned_65536_cross-core_unpaced,1,queue,450562,464216,16
1,spsc_unaligned_65536_cross-core_unpaced,1,queue,464216,477869,7
1,spsc_unaligned_65536_cross-core_unpaced,1,queue,477869,491523,14
1,spsc_unaligned_65536_cross-core_unpaced,1,queue,491523,505176,21
1,spsc_unaligned_65536_cross-core_unpaced,1,queue,505176,518829,14
1,spsc_unaligned_65536_cross-core_unpaced,1,queue,518829,532483,32
1,spsc_unaligned_65536_cross-core_unpaced,1,queue,532483,546136,21
1,spsc_unaligned_65536_cross-core_unpaced,1,queue,546136,559790,19
1,spsc_unaligned_65536_cross-core_unpaced,1,queue,559790,573443,20
1,spsc_unaligned_65536_cross-core_unpaced,1,queue,573443,587096,26
1,spsc_unaligned_65536_cross-core_unpaced,1,queue,587096,600750,19
1,spsc_unaligned_65536_cross-core_unpaced,1,queue,600750,614403,21
1,spsc_unaligned_65536_cross-core_unpaced,1,queue,614403,628057,18
1,spsc_unaligned_65536_cross-core_unpaced,1,queue,628057,641710,14
1,spsc_unaligned_65536_cross-core_unpaced,1,queue,641710,655364,27
1,spsc_unaligned_65536_cross-core_unpaced,1,queue,655364,669017,25
1,spsc_unaligned_65536_cross-core_unpaced,1,queue,669017,682670,34
1,spsc_unaligned_65536_cross-core_unpaced,1,queue,682670,696324,25
1,spsc_unaligned_65536_cross-core_unpaced,1,queue,696324,709977,25
1,spsc_unaligned_65536_cross-core_unpaced,1,queue,709977,723631,21
1,spsc_unaligned_65536_cross-core_unpaced,1,queue,723631,737284,30
1,spsc_unaligned_65536_cross-core_unpaced,1,queue,737284,750937,11
1,spsc_unaligned_65536_cross-core_unpaced,1,queue,750937,764591,20
1,spsc_unaligned_65536_cross-core_unpaced,1,queue,764591,778244,21
1,spsc_unaligned_65536_cross-core_unpaced,1,queue,778244,791898,21
1,spsc_unaligned_65536_cross-core_unpaced,1,queue,791898,805551,15
1,spsc_unaligned_65536_cross-core_unpaced,1,queue,805551,819204,49
1,spsc_unaligned_65536_cross-core_unpaced,1,queue,819204,832858,26
1,spsc_unaligned_65536_cross-core_unpaced,1,queue,832858,846511,35
1,spsc_unaligned_65536_cross-core_unpaced,1,queue,846511,860165,43
1,spsc_unaligned_65536_cross-core_unpaced,1,queue,860165,873818,27
1,spsc_unaligned_65536_cross-core_unpaced,1,queue,873818,901125,35
1,spsc_unaligned_65536_cross-core_unpaced,1,queue,901125,928432,49
1,spsc_unaligned_65536_cross-core_unpaced,1,queue,928432,955738,39
1,spsc_unaligned_65536_cross-core_unpaced,1,queue,955738,983045,57
1,spsc_unaligned_65536_cross-core_unpaced,1,queue,983045,1.01035e+06,49
1,spsc_unaligned_65536_cross-core_unpaced,1,queue,1.01035e+06,1.03766e+06,45
1,spsc_unaligned_65536_cross-core_unpaced,1,queue,1.03766e+06,1.06497e+06,41
1,spsc_unaligned_65536_cross-core_unpaced,1,queue,1.06497e+06,1.09227e+06,45
1,spsc_unaligned_65536_cross-core_unpaced,1,queue,1.09227e+06,1.11958e+06,38
1,spsc_unaligned_65536_cross-core_unpaced,1,queue,1.11958e+06,1.14689e+06,35
1,spsc_unaligned_65536_cross-core_unpaced,1,queue,1.14689e+06,1.17419e+06,39
1,spsc_unaligned_65536_cross-core_unpaced,1,queue,1.17419e+06,1.2015e+06,54
1,spsc_unaligned_65536_cross-core_unpaced,1,queue,1.2015e+06,1.22881e+06,41
1,spsc_unaligned_65536_cross-core_unpaced,1,queue,1.22881e+06,1.25611e+06,51
1,spsc_unaligned_65536_cross-core_unpaced,1,queue,1.25611e+06,1.28342e+06,92
1,spsc_unaligned_65536_cross-core_unpaced,1,queue,1.28342e+06,1.31073e+06,33
1,spsc_unaligned_65536_cross-core_unpaced,1,queue,1.31073e+06,1.33803e+06,104
1,spsc_unaligned_65536_cross-core_unpaced,1,queue,1.33803e+06,1.36534e+06,61
1,spsc_unaligned_65536_cross-core_unpaced,1,queue,1.36534e+06,1.39265e+06,46
1,spsc_unaligned_65536_cross-core_unpaced,1,queue,1.39265e+06,1.41995e+06,25
1,spsc_unaligned_65536_cross-core_unpaced,1,queue,1.41995e+06,1.44726e+06,40
1,spsc_unaligned_65536_cross-core_unpaced,1,queue,1.44726e+06,1.47457e+06,42
1,spsc_unaligned_65536_cross-core_unpaced,1,queue,1.47457e+06,1.50187e+06,49
1,spsc_unaligned_65536_cross-core_unpaced,1,queue,1.50187e+06,1.52918e+06,23
1,spsc_unaligned_65536_cross-core_unpaced,1,queue,1.52918e+06,1.55649e+06,36
1,spsc_unaligned_65536_cross-core_unpaced,1,queue,1.55649e+06,1.5838e+06,28
1,spsc_unaligned_65536_cross-core_unpaced,1,queue,1.5838e+06,1.6111e+06,26
1,spsc_unaligned_65536_cross-core_unpaced,1,queue,1.6111e+06,1.63841e+06,18
1,spsc_unaligned_65536_cross-core_unpaced,1,queue,1.63841e+06,1.66572e+06,25
1,spsc_unaligned_65536_cross-core_unpaced,1,queue,1.66572e+06,1.69302e+06,24
1,spsc_unaligned_65536_cross-core_unpaced,1,queue,1.69302e+06,1.72033e+06,23
1,spsc_unaligned_65536_cross-core_unpaced,1,queue,1.72033e+06,1.74764e+06,18
1,spsc_unaligned_65536_cross-core_unpaced,1,queue,1.74764e+06,1.80225e+06,63
1,spsc_unaligned_65536_cross-core_unpaced,1,queue,1.80225e+06,1.85686e+06,58
1,spsc_unaligned_65536_cross-core_unpaced,1,queue,1.85686e+06,1.91148e+06,48
1,spsc_unaligned_65536_cross-core_unpaced,1,queue,1.91148e+06,1.96609e+06,63
1,spsc_unaligned_65536_cross-core_unpaced,1,queue,1.96609e+06,2.0207e+06,57
1,spsc_unaligned_65536_cross-core_unpaced,1,queue,2.0207e+06,2.07532e+06,74
1,spsc_unaligned_65536_cross-core_unpaced,1,queue,2.07532e+06,2.12993e+06,50
1,spsc_unaligned_65536_cross-core_unpaced,1,queue,2.12993e+06,2.18455e+06,83
1,spsc_unaligned_65536_cross-core_unpaced,1,queue,2.18455e+06,2.23916e+06,81
1,spsc_unaligned_65536_cross-core_unpaced,1,queue,2.23916e+06,2.29377e+06,112
1,spsc_unaligned_65536_cross-core_unpaced,1,queue,2.29377e+06,2.34839e+06,64
1,spsc_unaligned_65536_cross-core_unpaced,1,queue,2.34839e+06,2.403e+06,66
1,spsc_unaligned_65536_cross-core_unpaced,1,queue,2.403e+06,2.45761e+06,68
1,spsc_unaligned_65536_cross-core_unpaced,1,queue,2.45761e+06,2.51223e+06,33
1,spsc_unaligned_65536_cross-core_unpaced,1,queue,2.51223e+06,2.56684e+06,59
1,spsc_unaligned_65536_cross-core_unpaced,1,queue,2.56684e+06,2.62145e+06,45
1,spsc_unaligned_65536_cross-core_unpaced,1,queue,2.62145e+06,2.67607e+06,64
1,spsc_unaligned_65536_cross-core_unpaced,1,queue,2.67607e+06,2.73068e+06,51
1,spsc_unaligned_65536_cross-core_unpaced,1,queue,2.73068e+06,2.78529e+06,52
1,spsc_unaligned_65536_cross-core_unpaced,1,queue,2.78529e+06,2.83991e+06,47
1,spsc_unaligned_65536_cross-core_unpaced,1,queue,2.83991e+06,2.89452e+06,49
1,spsc_unaligned_65536_cross-core_unpaced,1,queue,2.89452e+06,2.94914e+06,50
1,spsc_unaligned_65536_cross-core_unpaced,1,queue,2.94914e+06,3.00375e+06,55
1,spsc_unaligned_65536_cross-core_unpaced,1,queue,3.00375e+06,3.05836e+06,33
1,spsc_unaligned_65536_cross-core_unpaced,1,queue,3.05836e+06,3.11298e+06,51
1,spsc_unaligned_65536_cross-core_unpaced,1,queue,3.11298e+06,3.16759e+06,46
1,spsc_unaligned_65536_cross-core_unpaced,1,queue,3.16759e+06,3.2222e+06,46
1,spsc_unaligned_65536_cross-core_unpaced,1,queue,3.2222e+06,3.27682e+06,49
1,spsc_unaligned_65536_cross-core_unpaced,1,queue,3.27682e+06,3.33143e+06,45
1,spsc_unaligned_65536_cross-core_unpaced,1,queue,3.33143e+06,3.38604e+06,46
1,spsc_unaligned_65536_cross-core_unpaced,1,queue,3.38604e+06,3.44066e+06,38
1,spsc_unaligned_65536_cross-core_unpaced,1,queue,3.44066e+06,3.49527e+06,38
1,spsc_unaligned_65536_cross-core_unpaced,1,queue,3.49527e+06,3.6045e+06,71
1,spsc_unaligned_65536_cross-core_unpaced,1,queue,3.6045e+06,3.71373e+06,62
1,spsc_unaligned_65536_cross-core_unpaced,1,queue,3.71373e+06,3.82295e+06,75
1,spsc_unaligned_65536_cross-core_unpaced,1,queue,3.82295e+06,3.93218e+06,68
1,spsc_unaligned_65536_cross-core_unpaced,1,queue,3.93218e+06,4.04141e+06,87
1,spsc_unaligned_65536_cross-core_unpaced,1,queue,4.04141e+06,4.15064e+06,63
1,spsc_unaligned_65536_cross-core_unpaced,1,queue,4.15064e+06,4.25986e+06,85
1,spsc_unaligned_65536_cross-core_unpaced,1,queue,4.25986e+06,4.36909e+06,66
1,spsc_unaligned_65536_cross-core_unpaced,1,queue,4.36909e+06,4.47832e+06,95
1,spsc_unaligned_65536_cross-core_unpaced,1,queue,4.47832e+06,4.58754e+06,68
1,spsc_unaligned_65536_cross-core_unpaced,1,queue,4.58754e+06,4.69677e+06,71
1,spsc_unaligned_65536_cross-core_unpaced,1,queue,4.69677e+06,4.806e+06,67
1,spsc_unaligned_65536_cross-core_unpaced,1,queue,4.806e+06,4.91523e+06,72
1,spsc_unaligned_65536_cross-core_unpaced,1,queue,4.91523e+06,5.02445e+06,59
1,spsc_unaligned_65536_cross-core_unpaced,1,queue,5.02445e+06,5.13368e+06,66
1,spsc_unaligned_65536_cross-core_unpaced,1,queue,5.13368e+06,5.24291e+06,78
1,spsc_unaligned_65536_cross-core_unpaced,1,queue,5.24291e+06,5.35214e+06,67
1,spsc_unaligned_65536_cross-core_unpaced,1,queue,5.35214e+06,5.46136e+06,71
1,spsc_unaligned_65536_cross-core_unpaced,1,queue,5.46136e+06,5.57059e+06,76
1,spsc_unaligned_65536_cross-core_unpaced,1,queue,5.57059e+06,5.67982e+06,55
1,spsc_unaligned_65536_cross-core_unpaced,1,queue,5.67982e+06,5.78904e+06,62
1,spsc_unaligned_65536_cross-core_unpaced,1,queue,5.78904e+06,5.89827e+06,73
1,spsc_unaligned_65536_cross-core_unpaced,1,queue,5.89827e+06,6.0075e+06,97
1,spsc_unaligned_65536_cross-core_unpaced,1,queue,6.0075e+06,6.11673e+06,77
1,spsc_unaligned_65536_cross-core_unpaced,1,queue,6.11673e+06,6.22595e+06,74
1,spsc_unaligned_65536_cross-core_unpaced,1,queue,6.22595e+06,6.33518e+06,76
1,spsc_unaligned_65536_cross-core_unpaced,1,queue,6.33518e+06,6.44441e+06,93
1,spsc_unaligned_65536_cross-core_unpaced,1,queue,6.44441e+06,6.55364e+06,89
1,spsc_unaligned_65536_cross-core_unpaced,1,queue,6.55364e+06,6.66286e+06,74
1,spsc_unaligned_65536_cross-core_unpaced,1,queue,6.66286e+06,6.77209e+06,82
1,spsc_unaligned_65536_cross-core_unpaced,1,queue,6.77209e+06,6.88132e+06,93
1,spsc_unaligned_65536_cross-core_unpaced,1,queue,6.88132e+06,6.99054e+06,71
1,spsc_unaligned_65536_cross-core_unpaced,1,queue,6.99054e+06,7.209e+06,156
1,spsc_unaligned_65536_cross-core_unpaced,1,queue,7.209e+06,7.42745e+06,131
1,spsc_unaligned_65536_cross-core_unpaced,1,queue,7.42745e+06,7.64591e+06,134
1,spsc_unaligned_65536_cross-core_unpaced,1,queue,7.64591e+06,7.86436e+06,124
1,spsc_unaligned_65536_cross-core_unpaced,1,queue,7.86436e+06,8.08282e+06,137
1,spsc_unaligned_65536_cross-core_unpaced,1,queue,8.08282e+06,8.30127e+06,288
1,spsc_unaligned_65536_cross-core_unpaced,1,queue,8.30127e+06,8.51973e+06,290
1,spsc_unaligned_65536_cross-core_unpaced,1,queue,8.51973e+06,8.73818e+06,360
1,spsc_unaligned_65536_cross-core_unpaced,1,queue,8.73818e+06,8.95663e+06,313
1,spsc_unaligned_65536_cross-core_unpaced,1,queue,8.95663e+06,9.17509e+06,305
1,spsc_unaligned_65536_cross-core_unpaced,1,queue,9.17509e+06,9.39354e+06,5558
1,spsc_unaligned_65536_cross-core_unpaced,1,queue,9.39354e+06,9.612e+06,159152
1,spsc_unaligned_65536_cross-core_unpaced,1,queue,9.612e+06,9.83045e+06,46812
1,spsc_unaligned_65536_cross-core_unpaced,1,queue,9.83045e+06,1.00489e+07,25895
1,spsc_unaligned_65536_cross-core_unpaced,1,queue,1.00489e+07,1.02674e+07,13135
1,spsc_unaligned_65536_cross-core_unpaced,1,queue,1.02674e+07,1.04858e+07,10146
1,spsc_unaligned_65536_cross-core_unpaced,1,queue,1.04858e+07,1.07043e+07,11651
1,spsc_unaligned_65536_cross-core_unpaced,1,queue,1.07043e+07,1.09227e+07,12573
1,spsc_unaligned_65536_cross-core_unpaced,1,queue,1.09227e+07,1.11412e+07,9432
1,spsc_unaligned_65536_cross-core_unpaced,1,queue,1.11412e+07,1.13596e+07,6370
1,spsc_unaligned_65536_cross-core_unpaced,1,queue,1.13596e+07,1.15781e+07,6494
1,spsc_unaligned_65536_cross-core_unpaced,1,queue,1.15781e+07,1.17965e+07,3942
1,spsc_unaligned_65536_cross-core_unpaced,1,queue,1.17965e+07,1.2015e+07,4572
1,spsc_unaligned_65536_cross-core_unpaced,1,queue,1.2015e+07,1.22335e+07,2957
1,spsc_unaligned_65536_cross-core_unpaced,1,queue,1.22335e+07,1.24519e+07,2851
1,spsc_unaligned_65536_cross-core_unpaced,1,queue,1.24519e+07,1.26704e+07,3585
1,spsc_unaligned_65536_cross-core_unpaced,1,queue,1.26704e+07,1.28888e+07,9804
1,spsc_unaligned_65536_cross-core_unpaced,1,queue,1.28888e+07,1.31073e+07,57697
1,spsc_unaligned_65536_cross-core_unpaced,1,queue,1.31073e+07,1.33257e+07,156741
1,spsc_unaligned_65536_cross-core_unpaced,1,queue,1.33257e+07,1.35442e+07,301191
1,spsc_unaligned_65536_cross-core_unpaced,1,queue,1.35442e+07,1.37626e+07,343298
1,spsc_unaligned_65536_cross-core_unpaced,1,queue,1.37626e+07,1.39811e+07,400730
1,spsc_unaligned_65536_cross-core_unpaced,1,queue,1.39811e+07,1.4418e+07,515671
1,spsc_unaligned_65536_cross-core_unpaced,1,queue,1.4418e+07,1.48549e+07,171009
1,spsc_unaligned_65536_cross-core_unpaced,1,queue,1.48549e+07,1.52918e+07,39865
1,spsc_unaligned_65536_cross-core_unpaced,1,queue,1.52918e+07,1.57287e+07,16038
1,spsc_unaligned_65536_cross-core_unpaced,1,queue,1.57287e+07,1.61656e+07,11424
1,spsc_unaligned_65536_cross-core_unpaced,1,queue,1.61656e+07,1.66025e+07,6570
1,spsc_unaligned_65536_cross-core_unpaced,1,queue,1.66025e+07,1.70395e+07,4112
1,spsc_unaligned_65536_cross-core_unpaced,1,queue,1.70395e+07,1.74764e+07,2484
1,spsc_unaligned_65536_cross-core_unpaced,1,queue,1.74764e+07,1.79133e+07,764
1,spsc_unaligned_65536_cross-core_unpaced,1,queue,1.79133e+07,1.83502e+07,834
1,spsc_unaligned_65536_cross-core_unpaced,1,queue,1.83502e+07,1.87871e+07,1092
1,spsc_unaligned_65536_cross-core_unpaced,1,queue,1.87871e+07,1.9224e+07,1475
1,spsc_unaligned_65536_cross-core_unpaced,1,queue,1.9224e+07,1.96609e+07,440
1,spsc_unaligned_65536_cross-core_unpaced,1,queue,1.96609e+07,2.00978e+07,470
1,spsc_unaligned_65536_cross-core_unpaced,1,queue,2.00978e+07,2.05347e+07,449
1,spsc_unaligned_65536_cross-core_unpaced,1,queue,2.05347e+07,2.09716e+07,469
1,spsc_unaligned_65536_cross-core_unpaced,1,queue,2.09716e+07,2.14085e+07,436
1,spsc_unaligned_65536_cross-core_unpaced,1,queue,2.14085e+07,2.18455e+07,412
1,spsc_unaligned_65536_cross-core_unpaced,1,queue,2.18455e+07,2.22824e+07,474
1,spsc_unaligned_65536_cross-core_unpaced,1,queue,2.22824e+07,2.27193e+07,983
1,spsc_unaligned_65536_cross-core_unpaced,1,queue,2.27193e+07,2.31562e+07,2319
1,spsc_unaligned_65536_cross-core_unpaced,1,book,15.8334,16.2501,11
1,spsc_unaligned_65536_cross-core_unpaced,1,book,16.6668,17.0834,223
1,spsc_unaligned_65536_cross-core_unpaced,1,book,17.5001,17.9168,132
1,spsc_unaligned_65536_cross-core_unpaced,1,book,18.3334,18.7501,68
1,spsc_unaligned_65536_cross-core_unpaced,1,book,19.1668,19.5834,410
1,spsc_unaligned_65536_cross-core_unpaced,1,book,20.0001,20.4168,3174
1,spsc_unaligned_65536_cross-core_unpaced,1,book,20.8334,21.2501,15450
1,spsc_unaligned_65536_cross-core_unpaced,1,book,21.6668,22.0835,16475
1,spsc_unaligned_65536_cross-core_unpaced,1,book,22.5001,22.9168,4869
1,spsc_unaligned_65536_cross-core_unpaced,1,book,23.3335,23.7501,931
1,spsc_unaligned_65536_cross-core_unpaced,1,book,24.1668,24.5835,345
1,spsc_unaligned_65536_cross-core_unpaced,1,book,25.0001,25.4168,391
1,spsc_unaligned_65536_cross-core_unpaced,1,book,25.8335,26.2501,535
1,spsc_unaligned_65536_cross-core_unpaced,1,book,26.6668,27.5001,714
1,spsc_unaligned_65536_cross-core_unpaced,1,book,27.5001,28.3335,758
1,spsc_unaligned_65536_cross-core_unpaced,1,book,28.3335,29.1668,1577
1,spsc_unaligned_65536_cross-core_unpaced,1,book,29.1668,30.0002,6386
1,spsc_unaligned_65536_cross-core_unpaced,1,book,30.0002,30.8335,5221
1,spsc_unaligned_65536_cross-core_unpaced,1,book,30.8335,31.6668,5017
1,spsc_unaligned_65536_cross-core_unpaced,1,book,31.6668,32.5002,8583
1,spsc_unaligned_65536_cross-core_unpaced,1,book,32.5002,33.3335,12559
1,spsc_unaligned_65536_cross-core_unpaced,1,book,33.3335,34.1669,13231
1,spsc_unaligned_65536_cross-core_unpaced,1,book,34.1669,35.0002,8636
1,spsc_unaligned_65536_cross-core_unpaced,1,book,35.0002,35.8335,5658
1,spsc_unaligned_65536_cross-core_unpaced,1,book,35.8335,36.6669,3410
1,spsc_unaligned_65536_cross-core_unpaced,1,book,36.6669,37.5002,2868
1,spsc_unaligned_65536_cross-core_unpaced,1,book,37.5002,38.3335,3568
1,spsc_unaligned_65536_cross-core_unpaced,1,book,38.3335,39.1669,3146
1,spsc_unaligned_65536_cross-core_unpaced,1,book,39.1669,40.0002,3716
1,spsc_unaligned_65536_cross-core_unpaced,1,book,40.0002,40.8336,5998
1,spsc_unaligned_65536_cross-core_unpaced,1,book,40.8336,41.6669,6501
1,spsc_unaligned_65536_cross-core_unpaced,1,book,41.6669,42.5002,7282
1,spsc_unaligned_65536_cross-core_unpaced,1,book,42.5002,43.3336,7506
1,spsc_unaligned_65536_cross-core_unpaced,1,book,43.3336,44.1669,6169
1,spsc_unaligned_65536_cross-core_unpaced,1,book,44.1669,45.0002,6124
1,spsc_unaligned_65536_cross-core_unpaced,1,book,45.0002,45.8336,5797
1,spsc_unaligned_65536_cross-core_unpaced,1,book,45.8336,46.6669,5965
1,spsc_unaligned_65536_cross-core_unpaced,1,book,46.6669,47.5003,7810
1,spsc_unaligned_65536_cross-core_unpaced,1,book,47.5003,48.3336,7542
1,spsc_unaligned_65536_cross-core_unpaced,1,book,48.3336,49.1669,7704
1,spsc_unaligned_65536_cross-core_unpaced,1,book,49.1669,50.0003,7992
1,spsc_unaligned_65536_cross-core_unpaced,1,book,50.0003,50.8336,8047
1,spsc_unaligned_65536_cross-core_unpaced,1,book,50.8336,51.6669,9283
1,spsc_unaligned_65536_cross-core_unpaced,1,book,51.6669,52.5003,9053
1,spsc_unaligned_65536_cross-core_unpaced,1,book,52.5003,53.3336,8668
1,spsc_unaligned_65536_cross-core_unpaced,1,book,53.3336,55.0003,16993
1,spsc_unaligned_65536_cross-core_unpaced,1,book,55.0003,56.667,17277
1,spsc_unaligned_65536_cross-core_unpaced,1,book,56.667,58.3336,17665
1,spsc_unaligned_65536_cross-core_unpaced,1,book,58.3336,60.0003,16975
1,spsc_unaligned_65536_cross-core_unpaced,1,book,60.0003,61.667,17742
1,spsc_unaligned_65536_cross-core_unpaced,1,book,61.667,63.3337,17149
1,spsc_unaligned_65536_cross-core_unpaced,1,book,63.3337,65.0003,15649
1,spsc_unaligned_65536_cross-core_unpaced,1,book,65.0003,66.667,15285
1,spsc_unaligned_65536_cross-core_unpaced,1,book,66.667,68.3337,15812
1,spsc_unaligned_65536_cross-core_unpaced,1,book,68.3337,70.0004,16007
1,spsc_unaligned_65536_cross-core_unpaced,1,book,70.0004,71.6671,15863
1,spsc_unaligned_65536_cross-core_unpaced,1,book,71.6671,73.3337,14424
1,spsc_unaligned_65536_cross-core_unpaced,1,book,73.3337,75.0004,13051
1,spsc_unaligned_65536_cross-core_unpaced,1,book,75.0004,76.6671,12878
1,spsc_unaligned_65536_cross-core_unpaced,1,book,76.6671,78.3338,12281
1,spsc_unaligned_65536_cross-core_unpaced,1,book,78.3338,80.0004,11681
1,spsc_unaligned_65536_cross-core_unpaced,1,book,80.0004,81.6671,12425
1,spsc_unaligned_65536_cross-core_unpaced,1,book,81.6671,83.3338,12223
1,spsc_unaligned_65536_cross-core_unpaced,1,book,83.3338,85.0005,10810
1,spsc_unaligned_65536_cross-core_unpaced,1,book,85.0005,86.6671,9963
1,spsc_unaligned_65536_cross-core_unpaced,1,book,86.6671,88.3338,9617
1,spsc_unaligned_65536_cross-core_unpaced,1,book,88.3338,90.0005,9057
1,spsc_unaligned_65536_cross-core_unpaced,1,book,90.0005,91.6672,8905
1,spsc_unaligned_65536_cross-core_unpaced,1,book,91.6672,93.3338,8463
1,spsc_unaligned_65536_cross-core_unpaced,1,book,93.3338,95.0005,8414
1,spsc_unaligned_65536_cross-core_unpaced,1,book,95.0005,96.6672,8288
1,spsc_unaligned_65536_cross-core_unpaced,1,book,96.6672,98.3339,8263
1,spsc_unaligned_65536_cross-core_unpaced,1,book,98.3339,100.001,8194
1,spsc_unaligned_65536_cross-core_unpaced,1,book,100.001,101.667,8295
1,spsc_unaligned_65536_cross-core_unpaced,1,book,101.667,103.334,8297
1,spsc_unaligned_65536_cross-core_unpaced,1,book,103.334,105.001,7898
1,spsc_unaligned_65536_cross-core_unpaced,1,book,105.001,106.667,7837
1,spsc_unaligned_65536_cross-core_unpaced,1,book,106.667,110.001,15652
1,spsc_unaligned_65536_cross-core_unpaced,1,book,110.001,113.334,14698
1,spsc_unaligned_65536_cross-core_unpaced,1,book,113.334,116.667,13802
1,spsc_unaligned_65536_cross-core_unpaced,1,book,116.667,120.001,12240
1,spsc_unaligned_65536_cross-core_unpaced,1,book,120.001,123.334,11614
1,spsc_unaligned_65536_cross-core_unpaced,1,book,123.334,126.667,12500
1,spsc_unaligned_65536_cross-core_unpaced,1,book,126.667,130.001,21745
1,spsc_unaligned_65536_cross-core_unpaced,1,book,130.001,133.334,25562
1,spsc_unaligned_65536_cross-core_unpaced,1,book,133.334,136.667,22801
1,spsc_unaligned_65536_cross-core_unpaced,1,book,136.667,140.001,33258
1,spsc_unaligned_65536_cross-core_unpaced,1,book,140.001,143.334,56495
1,spsc_unaligned_65536_cross-core_unpaced,1,book,143.334,146.667,53023
1,spsc_unaligned_65536_cross-core_unpaced,1,book,146.667,150.001,47649
1,spsc_unaligned_65536_cross-core_unpaced,1,book,150.001,153.334,58709
1,spsc_unaligned_65536_cross-core_unpaced,1,book,153.334,156.668,68415
1,spsc_unaligned_65536_cross-core_unpaced,1,book,156.668,160.001,54079
1,spsc_unaligned_65536_cross-core_unpaced,1,book,160.001,163.334,50028
1,spsc_unaligned_65536_cross-core_unpaced,1,book,163.334,166.668,50483
1,spsc_unaligned_65536_cross-core_unpaced,1,book,166.668,170.001,44417
1,spsc_unaligned_65536_cross-core_unpaced,1,book,170.001,173.334,37812
1,spsc_unaligned_65536_cross-core_unpaced,1,book,173.334,176.668,36958
1,spsc_unaligned_65536_cross-core_unpaced,1,book,176.668,180.001,33845
1,spsc_unaligned_65536_cross-core_unpaced,1,book,180.001,183.334,33786
1,spsc_unaligned_65536_cross-core_unpaced,1,book,183.334,186.668,31258
1,spsc_unaligned_65536_cross-core_unpaced,1,book,186.668,190.001,32897
1,spsc_unaligned_65536_cross-core_unpaced,1,book,190.001,193.334,33006
1,spsc_unaligned_65536_cross-core_unpaced,1,book,193.334,196.668,33463
1,spsc_unaligned_65536_cross-core_unpaced,1,book,196.668,200.001,31404
1,spsc_unaligned_65536_cross-core_unpaced,1,book,200.001,203.334,32487
1,spsc_unaligned_65536_cross-core_unpaced,1,book,203.334,206.668,30508
1,spsc_unaligned_65536_cross-core_unpaced,1,book,206.668,210.001,29234
1,spsc_unaligned_65536_cross-core_unpaced,1,book,210.001,213.334,26653
1,spsc_unaligned_65536_cross-core_unpaced,1,book,213.334,220.001,48614
1,spsc_unaligned_65536_cross-core_unpaced,1,book,220.001,226.668,41097
1,spsc_unaligned_65536_cross-core_unpaced,1,book,226.668,233.335,35541
1,spsc_unaligned_65536_cross-core_unpaced,1,book,233.335,240.001,31111
1,spsc_unaligned_65536_cross-core_unpaced,1,book,240.001,246.668,28059
1,spsc_unaligned_65536_cross-core_unpaced,1,book,246.668,253.335,25268
1,spsc_unaligned_65536_cross-core_unpaced,1,book,253.335,260.001,23293
1,spsc_unaligned_65536_cross-core_unpaced,1,book,260.001,266.668,21474
1,spsc_unaligned_65536_cross-core_unpaced,1,book,266.668,273.335,20148
1,spsc_unaligned_65536_cross-core_unpaced,1,book,273.335,280.002,18703
1,spsc_unaligned_65536_cross-core_unpaced,1,book,280.002,286.668,18000
1,spsc_unaligned_65536_cross-core_unpaced,1,book,286.668,293.335,16809
1,spsc_unaligned_65536_cross-core_unpaced,1,book,293.335,300.002,16156
1,spsc_unaligned_65536_cross-core_unpaced,1,book,300.002,306.668,15569
1,spsc_unaligned_65536_cross-core_unpaced,1,book,306.668,313.335,14941
1,spsc_unaligned_65536_cross-core_unpaced,1,book,313.335,320.002,14396
1,spsc_unaligned_65536_cross-core_unpaced,1,book,320.002,326.668,13883
1,spsc_unaligned_65536_cross-core_unpaced,1,book,326.668,333.335,13445
1,spsc_unaligned_65536_cross-core_unpaced,1,book,333.335,340.002,12839
1,spsc_unaligned_65536_cross-core_unpaced,1,book,340.002,346.669,12647
1,spsc_unaligned_65536_cross-core_unpaced,1,book,346.669,353.335,12178
1,spsc_unaligned_65536_cross-core_unpaced,1,book,353.335,360.002,11550
1,spsc_unaligned_65536_cross-core_unpaced,1,book,360.002,366.669,11126
1,spsc_unaligned_65536_cross-core_unpaced,1,book,366.669,373.335,10594
1,spsc_unaligned_65536_cross-core_unpaced,1,book,373.335,380.002,9991
1,spsc_unaligned_65536_cross-core_unpaced,1,book,380.002,386.669,9614
1,spsc_unaligned_65536_cross-core_unpaced,1,book,386.669,393.335,9241
1,spsc_unaligned_65536_cross-core_unpaced,1,book,393.335,400.002,8591
1,spsc_unaligned_65536_cross-core_unpaced,1,book,400.002,406.669,8239
1,spsc_unaligned_65536_cross-core_unpaced,1,book,406.669,413.336,7716
1,spsc_unaligned_65536_cross-core_unpaced,1,book,413.336,420.002,7355
1,spsc_unaligned_65536_cross-core_unpaced,1,book,420.002,426.669,7051
1,spsc_unaligned_65536_cross-core_unpaced,1,book,426.669,440.002,13061
1,spsc_unaligned_65536_cross-core_unpaced,1,book,440.002,453.336,11138
1,spsc_unaligned_65536_cross-core_unpaced,1,book,453.336,466.669,9310
1,spsc_unaligned_65536_cross-core_unpaced,1,book,466.669,480.003,7858
1,spsc_unaligned_65536_cross-core_unpaced,1,book,480.003,493.336,6856
1,spsc_unaligned_65536_cross-core_unpaced,1,book,493.336,506.669,5919
1,spsc_unaligned_65536_cross-core_unpaced,1,book,506.669,520.003,4975
1,spsc_unaligned_65536_cross-core_unpaced,1,book,520.003,533.336,4367
1,spsc_unaligned_65536_cross-core_unpaced,1,book,533.336,546.67,3817
1,spsc_unaligned_65536_cross-core_unpaced,1,book,546.67,560.003,3395
1,spsc_unaligned_65536_cross-core_unpaced,1,book,560.003,573.336,3074
1,spsc_unaligned_65536_cross-core_unpaced,1,book,573.336,586.67,2685
1,spsc_unaligned_65536_cross-core_unpaced,1,book,586.67,600.003,2327
1,spsc_unaligned_65536_cross-core_unpaced,1,book,600.003,613.337,2158
1,spsc_unaligned_65536_cross-core_unpaced,1,book,613.337,626.67,1840
1,spsc_unaligned_65536_cross-core_unpaced,1,book,626.67,640.003,1601
1,spsc_unaligned_65536_cross-core_unpaced,1,book,640.003,653.337,1456
1,spsc_unaligned_65536_cross-core_unpaced,1,book,653.337,666.67,1240
1,spsc_unaligned_65536_cross-core_unpaced,1,book,666.67,680.004,1028
1,spsc_unaligned_65536_cross-core_unpaced,1,book,680.004,693.337,947
1,spsc_unaligned_65536_cross-core_unpaced,1,book,693.337,706.67,871
1,spsc_unaligned_65536_cross-core_unpaced,1,book,706.67,720.004,734
1,spsc_unaligned_65536_cross-core_unpaced,1,book,720.004,733.337,668
1,spsc_unaligned_65536_cross-core_unpaced,1,book,733.337,746.671,568
1,spsc_unaligned_65536_cross-core_unpaced,1,book,746.671,760.004,513
1,spsc_unaligned_65536_cross-core_unpaced,1,book,760.004,773.337,443
1,spsc_unaligned_65536_cross-core_unpaced,1,book,773.337,786.671,380
1,spsc_unaligned_65536_cross-core_unpaced,1,book,786.671,800.004,342
1,spsc_unaligned_65536_cross-core_unpaced,1,book,800.004,813.338,252
1,spsc_unaligned_65536_cross-core_unpaced,1,book,813.338,826.671,263
1,spsc_unaligned_65536_cross-core_unpaced,1,book,826.671,840.005,238
1,spsc_unaligned_65536_cross-core_unpaced,1,book,840.005,853.338,212
1,spsc_unaligned_65536_cross-core_unpaced,1,book,853.338,880.005,315
1,spsc_unaligned_65536_cross-core_unpaced,1,book,880.005,906.672,256
1,spsc_unaligned_65536_cross-core_unpaced,1,book,906.672,933.338,200
1,spsc_unaligned_65536_cross-core_unpaced,1,book,933.338,960.005,135
1,spsc_unaligned_65536_cross-core_unpaced,1,book,960.005,986.672,114
1,spsc_unaligned_65536_cross-core_unpaced,1,book,986.672,1013.34,80
1,spsc_unaligned_65536_cross-core_unpaced,1,book,1013.34,1040.01,74
1,spsc_unaligned_65536_cross-core_unpaced,1,book,1040.01,1066.67,53
1,spsc_unaligned_65536_cross-core_unpaced,1,book,1066.67,1093.34,51
1,spsc_unaligned_65536_cross-core_unpaced,1,book,1093.34,1120.01,20
1,spsc_unaligned_65536_cross-core_unpaced,1,book,1120.01,1146.67,30
1,spsc_unaligned_65536_cross-core_unpaced,1,book,1146.67,1173.34,18
1,spsc_unaligned_65536_cross-core_unpaced,1,book,1173.34,1200.01,23
1,spsc_unaligned_65536_cross-core_unpaced,1,book,1200.01,1226.67,15
1,spsc_unaligned_65536_cross-core_unpaced,1,book,1226.67,1253.34,19
1,spsc_unaligned_65536_cross-core_unpaced,1,book,1253.34,1280.01,13
1,spsc_unaligned_65536_cross-core_unpaced,1,book,1280.01,1306.67,10
1,spsc_unaligned_65536_cross-core_unpaced,1,book,1306.67,1333.34,13
1,spsc_unaligned_65536_cross-core_unpaced,1,book,1333.34,1360.01,12
1,spsc_unaligned_65536_cross-core_unpaced,1,book,1360.01,1386.67,7
1,spsc_unaligned_65536_cross-core_unpaced,1,book,1386.67,1413.34,8
1,spsc_unaligned_65536_cross-core_unpaced,1,book,1413.34,1440.01,8
1,spsc_unaligned_65536_cross-core_unpaced,1,book,1440.01,1466.67,4
1,spsc_unaligned_65536_cross-core_unpaced,1,book,1466.67,1493.34,5
1,spsc_unaligned_65536_cross-core_unpaced,1,book,1493.34,1520.01,4
1,spsc_unaligned_65536_cross-core_unpaced,1,book,1520.01,1546.67,4
1,spsc_unaligned_65536_cross-core_unpaced,1,book,1546.67,1573.34,6
1,spsc_unaligned_65536_cross-core_unpaced,1,book,1573.34,1600.01,9
1,spsc_unaligned_65536_cross-core_unpaced,1,book,1600.01,1626.68,5
1,spsc_unaligned_65536_cross-core_unpaced,1,book,1626.68,1653.34,8
1,spsc_unaligned_65536_cross-core_unpaced,1,book,1653.34,1680.01,3
1,spsc_unaligned_65536_cross-core_unpaced,1,book,1680.01,1706.68,6
1,spsc_unaligned_65536_cross-core_unpaced,1,book,1706.68,1760.01,12
1,spsc_unaligned_65536_cross-core_unpaced,1,book,1760.01,1813.34,8
1,spsc_unaligned_65536_cross-core_unpaced,1,book,1813.34,1866.68,11
1,spsc_unaligned_65536_cross-core_unpaced,1,book,1866.68,1920.01,12
1,spsc_unaligned_65536_cross-core_unpaced,1,book,1920.01,1973.34,7
1,spsc_unaligned_65536_cross-core_unpaced,1,book,1973.34,2026.68,9
1,spsc_unaligned_65536_cross-core_unpaced,1,book,2026.68,2080.01,9
1,spsc_unaligned_65536_cross-core_unpaced,1,book,2080.01,2133.34,4
1,spsc_unaligned_65536_cross-core_unpaced,1,book,2133.34,2186.68,4
1,spsc_unaligned_65536_cross-core_unpaced,1,book,2186.68,2240.01,1
1,spsc_unaligned_65536_cross-core_unpaced,1,book,2240.01,2293.35,3
1,spsc_unaligned_65536_cross-core_unpaced,1,book,2293.35,2346.68,1
1,spsc_unaligned_65536_cross-core_unpaced,1,book,2346.68,2400.01,1
1,spsc_unaligned_65536_cross-core_unpaced,1,book,2400.01,2453.35,2
1,spsc_unaligned_65536_cross-core_unpaced,1,book,2453.35,2506.68,2
1,spsc_unaligned_65536_cross-core_unpaced,1,book,2560.01,2613.35,2
1,spsc_unaligned_65536_cross-core_unpaced,1,book,2613.35,2666.68,1
1,spsc_unaligned_65536_cross-core_unpaced,1,book,2666.68,2720.01,1
1,spsc_unaligned_65536_cross-core_unpaced,1,book,2773.35,2826.68,2
1,spsc_unaligned_65536_cross-core_unpaced,1,book,2986.68,3040.02,1
1,spsc_unaligned_65536_cross-core_unpaced,1,book,3040.02,3093.35,1
1,spsc_unaligned_65536_cross-core_unpaced,1,book,3093.35,3146.68,4
1,spsc_unaligned_65536_cross-core_unpaced,1,book,3146.68,3200.02,1
1,spsc_unaligned_65536_cross-core_unpaced,1,book,3200.02,3253.35,1
1,spsc_unaligned_65536_cross-core_unpaced,1,book,3360.02,3413.35,1
1,spsc_unaligned_65536_cross-core_unpaced,1,book,3413.35,3520.02,3
1,spsc_unaligned_65536_cross-core_unpaced,1,book,3520.02,3626.69,3
1,spsc_unaligned_65536_cross-core_unpaced,1,book,3626.69,3733.35,8
1,spsc_unaligned_65536_cross-core_unpaced,1,book,3733.35,3840.02,1
1,spsc_unaligned_65536_cross-core_unpaced,1,book,3946.69,4053.36,2
1,spsc_unaligned_65536_cross-core_unpaced,1,book,4053.36,4160.02,10
1,spsc_unaligned_65536_cross-core_unpaced,1,book,4160.02,4266.69,3
1,spsc_unaligned_65536_cross-core_unpaced,1,book,4266.69,4373.36,10
1,spsc_unaligned_65536_cross-core_unpaced,1,book,4373.36,4480.02,13
1,spsc_unaligned_65536_cross-core_unpaced,1,book,4480.02,4586.69,13
1,spsc_unaligned_65536_cross-core_unpaced,1,book,4586.69,4693.36,10
1,spsc_unaligned_65536_cross-core_unpaced,1,book,4693.36,4800.03,13
1,spsc_unaligned_65536_cross-core_unpaced,1,book,4800.03,4906.69,8
1,spsc_unaligned_65536_cross-core_unpaced,1,book,4906.69,5013.36,1
1,spsc_unaligned_65536_cross-core_unpaced,1,book,5013.36,5120.03,1
1,spsc_unaligned_65536_cross-core_unpaced,1,book,5120.03,5226.69,1
1,spsc_unaligned_65536_cross-core_unpaced,1,book,5226.69,5333.36,6
1,spsc_unaligned_65536_cross-core_unpaced,1,book,5333.36,5440.03,15
1,spsc_unaligned_65536_cross-core_unpaced,1,book,5440.03,5546.7,23
1,spsc_unaligned_65536_cross-core_unpaced,1,book,5546.7,5653.36,25
1,spsc_unaligned_65536_cross-core_unpaced,1,book,5653.36,5760.03,18
1,spsc_unaligned_65536_cross-core_unpaced,1,book,5760.03,5866.7,5
1,spsc_unaligned_65536_cross-core_unpaced,1,book,5866.7,5973.37,10
1,spsc_unaligned_65536_cross-core_unpaced,1,book,5973.37,6080.03,2
1,spsc_unaligned_65536_cross-core_unpaced,1,book,6080.03,6186.7,2
1,spsc_unaligned_65536_cross-core_unpaced,1,book,6186.7,6293.37,4
1,spsc_unaligned_65536_cross-core_unpaced,1,book,6293.37,6400.03,1
1,spsc_unaligned_65536_cross-core_unpaced,1,book,6506.7,6613.37,2
1,spsc_unaligned_65536_cross-core_unpaced,1,book,6613.37,6720.04,2
1,spsc_unaligned_65536_cross-core_unpaced,1,book,6720.04,6826.7,3
1,spsc_unaligned_65536_cross-core_unpaced,1,book,6826.7,7040.04,1
1,spsc_unaligned_65536_cross-core_unpaced,1,book,7040.04,7253.37,3
1,spsc_unaligned_65536_cross-core_unpaced,1,book,7253.37,7466.71,2
1,spsc_unaligned_65536_cross-core_unpaced,1,book,7466.71,7680.04,2
1,spsc_unaligned_65536_cross-core_unpaced,1,book,7680.04,7893.38,3
1,spsc_unaligned_65536_cross-core_unpaced,1,book,7893.38,8106.71,1
1,spsc_unaligned_65536_cross-core_unpaced,1,book,8106.71,8320.04,2
1,spsc_unaligned_65536_cross-core_unpaced,1,book,8320.04,8533.38,5
1,spsc_unaligned_65536_cross-core_unpaced,1,book,8533.38,8746.71,9
1,spsc_unaligned_65536_cross-core_unpaced,1,book,8746.71,8960.05,8
1,spsc_unaligned_65536_cross-core_unpaced,1,book,8960.05,9173.38,10
1,spsc_unaligned_65536_cross-core_unpaced,1,book,9173.38,9386.72,12
1,spsc_unaligned_65536_cross-core_unpaced,1,book,9386.72,9600.05,22
1,spsc_unaligned_65536_cross-core_unpaced,1,book,9600.05,9813.39,45
1,spsc_unaligned_65536_cross-core_unpaced,1,book,9813.39,10026.7,70
1,spsc_unaligned_65536_cross-core_unpaced,1,book,10026.7,10240.1,97
1,spsc_unaligned_65536_cross-core_unpaced,1,book,10240.1,10453.4,57
1,spsc_unaligned_65536_cross-core_unpaced,1,book,10453.4,10666.7,40
1,spsc_unaligned_65536_cross-core_unpaced,1,book,10666.7,10880.1,23
1,spsc_unaligned_65536_cross-core_unpaced,1,book,10880.1,11093.4,15
1,spsc_unaligned_65536_cross-core_unpaced,1,book,11093.4,11306.7,5
1,spsc_unaligned_65536_cross-core_unpaced,1,book,11306.7,11520.1,1
1,spsc_unaligned_65536_cross-core_unpaced,1,book,11520.1,11733.4,1
1,spsc_unaligned_65536_cross-core_unpaced,1,book,11733.4,11946.7,2
1,spsc_unaligned_65536_cross-core_unpaced,1,book,11946.7,12160.1,4
1,spsc_unaligned_65536_cross-core_unpaced,1,book,12373.4,12586.7,2
1,spsc_unaligned_65536_cross-core_unpaced,1,book,12586.7,12800.1,1
1,spsc_unaligned_65536_cross-core_unpaced,1,book,12800.1,13013.4,1
1,spsc_unaligned_65536_cross-core_unpaced,1,book,13013.4,13226.7,1
1,spsc_unaligned_65536_cross-core_unpaced,1,book,13226.7,13440.1,1
1,spsc_unaligned_65536_cross-core_unpaced,1,book,14080.1,14506.7,1
1,spsc_unaligned_65536_cross-core_unpaced,1,book,14506.7,14933.4,2
1,spsc_unaligned_65536_cross-core_unpaced,1,book,18346.8,18773.4,1
1,spsc_unaligned_65536_cross-core_unpaced,1,book,19626.8,20053.4,1
2,spsc_unaligned_65536_cross-core_unpaced,0,total,226.668,233.335,2
2,spsc_unaligned_65536_cross-core_unpaced,0,total,233.335,240.001,1
2,spsc_unaligned_65536_cross-core_unpaced,0,total,246.668,253.335,1
2,spsc_unaligned_65536_cross-core_unpaced,0,total,253.335,260.001,1
2,spsc_unaligned_65536_cross-core_unpaced,0,total,260.001,266.668,2
2,spsc_unaligned_65536_cross-core_unpaced,0,total,266.668,273.335,1
2,spsc_unaligned_65536_cross-core_unpaced,0,total,273.335,280.002,5
2,spsc_unaligned_65536_cross-core_unpaced,0,total,280.002,286.668,3
2,spsc_unaligned_65536_cross-core_unpaced,0,total,286.668,293.335,1
2,spsc_unaligned_65536_cross-core_unpaced,0,total,293.335,300.002,4
2,spsc_unaligned_65536_cross-core_unpaced,0,total,300.002,306.668,1
2,spsc_unaligned_65536_cross-core_unpaced,0,total,306.668,313.335,2
2,spsc_unaligned_65536_cross-core_unpaced,0,total,313.335,320.002,1
2,spsc_unaligned_65536_cross-core_unpaced,0,total,320.002,326.668,2
2,spsc_unaligned_65536_cross-core_unpaced,0,total,326.668,333.335,4
2,spsc_unaligned_65536_cross-core_unpaced,0,total,333.335,340.002,4
2,spsc_unaligned_65536_cross-core_unpaced,0,total,340.002,346.669,5
2,spsc_unaligned_65536_cross-core_unpaced,0,total,346.669,353.335,13
2,spsc_unaligned_65536_cross-core_unpaced,0,total,353.335,360.002,4
2,spsc_unaligned_65536_cross-core_unpaced,0,total,360.002,366.669,5
2,spsc_unaligned_65536_cross-core_unpaced,0,total,366.669,373.335,10
2,spsc_unaligned_65536_cross-core_unpaced,0,total,373.335,380.002,8
2,spsc_unaligned_65536_cross-core_unpaced,0,total,380.002,386.669,13
2,spsc_unaligned_65536_cross-core_unpaced,0,total,386.669,393.335,9
2,spsc_unaligned_65536_cross-core_unpaced,0,total,393.335,400.002,9
2,spsc_unaligned_65536_cross-core_unpaced,0,total,400.002,406.669,5
2,spsc_unaligned_65536_cross-core_unpaced,0,total,406.669,413.336,7
2,spsc_unaligned_65536_cross-core_unpaced,0,total,413.336,420.002,15
2,spsc_unaligned_65536_cross-core_unpaced,0,total,420.002,426.669,11
2,spsc_unaligned_65536_cross-core_unpaced,0,total,426.669,440.002,19
2,spsc_unaligned_65536_cross-core_unpaced,0,total,440.002,453.336,24
2,spsc_unaligned_65536_cross-core_unpaced,0,total,453.336,466.669,15
2,spsc_unaligned_65536_cross-core_unpaced,0,total,466.669,480.003,24
2,spsc_unaligned_65536_cross-core_unpaced,0,total,480.003,493.336,13
2,spsc_unaligned_65536_cross-core_unpaced,0,total,493.336,506.669,21
2,spsc_unaligned_65536_cross-core_unpaced,0,total,506.669,520.003,26
2,spsc_unaligned_65536_cross-core_unpaced,0,total,520.003,533.336,21
2,spsc_unaligned_65536_cross-core_unpaced,0,total,533.336,546.67,19
2,spsc_unaligned_65536_cross-core_unpaced,0,total,546.67,560.003,24
2,spsc_unaligned_65536_cross-core_unpaced,0,total,560.003,573.336,15
2,spsc_unaligned_65536_cross-core_unpaced,0,total,573.336,586.67,17
2,spsc_unaligned_65536_cross-core_unpaced,0,total,586.67,600.003,14
2,spsc_unaligned_65536_cross-core_unpaced,0,total,600.003,613.337,10
2,spsc_unaligned_65536_cross-core_unpaced,0,total,613.337,626.67,11
2,spsc_unaligned_65536_cross-core_unpaced,0,total,626.67,640.003,13
2,spsc_unaligned_65536_cross-core_unpaced,0,total,640.003,653.337,7
2,spsc_unaligned_65536_cross-core_unpaced,0,total,653.337,666.67,10
2,spsc_unaligned_65536_cross-core_unpaced,0,total,666.67,680.004,9
2,spsc_unaligned_65536_cross-core_unpaced,0,total,680.004,693.337,11
2,spsc_unaligned_65536_cross-core_unpaced,0,total,693.337,706.67,4
2,spsc_unaligned_65536_cross-core_unpaced,0,total,706.67,720.004,6
2,spsc_unaligned_65536_cross-core_unpaced,0,total,720.004,733.337,2
2,spsc_unaligned_65536_cross-core_unpaced,0,total,733.337,746.671,5
2,spsc_unaligned_65536_cross-core_unpaced,0,total,746.671,760.004,8
2,spsc_unaligned_65536_cross-core_unpaced,0,total,760.004,773.337,3
2,spsc_unaligned_65536_cross-core_unpaced,0,total,773.337,786.671,2
2,spsc_unaligned_65536_cross-core_unpaced,0,total,800.004,813.338,3
2,spsc_unaligned_65536_cross-core_unpaced,0,total,813.338,826.671,1
2,spsc_unaligned_65536_cross-core_unpaced,0,total,826.671,840.005,1
2,spsc_unaligned_65536_cross-core_unpaced,0,total,840.005,853.338,2
2,spsc_unaligned_65536_cross-core_unpaced,0,total,853.338,880.005,2
2,spsc_unaligned_65536_cross-core_unpaced,0,total,880.005,906.672,1
2,spsc_unaligned_65536_cross-core_unpaced,0,total,906.672,933.338,1
2,spsc_unaligned_65536_cross-core_unpaced,0,total,960.005,986.672,1
2,spsc_unaligned_65536_cross-core_unpaced,0,total,1013.34,1040.01,1
2,spsc_unaligned_65536_cross-core_unpaced,0,total,1040.01,1066.67,2
2,spsc_unaligned_65536_cross-core_unpaced,0,total,1120.01,1146.67,1
2,spsc_unaligned_65536_cross-core_unpaced,0,total,1253.34,1280.01,1
2,spsc_unaligned_65536_cross-core_unpaced,0,total,1386.67,1413.34,1
2,spsc_unaligned_65536_cross-core_unpaced,0,total,1413.34,1440.01,2
2,spsc_unaligned_65536_cross-core_unpaced,0,total,1866.68,1920.01,1
2,spsc_unaligned_65536_cross-core_unpaced,0,total,14506.7,14933.4,2
2,spsc_unaligned_65536_cross-core_unpaced,0,total,14933.4,15360.1,1
2,spsc_unaligned_65536_cross-core_unpaced,0,total,16640.1,17066.8,1
2,spsc_unaligned_65536_cross-core_unpaced,0,total,17493.4,17920.1,1
2,spsc_unaligned_65536_cross-core_unpaced,0,total,17920.1,18346.8,1
2,spsc_unaligned_65536_cross-core_unpaced,0,total,21333.4,21760.1,1
2,spsc_unaligned_65536_cross-core_unpaced,0,total,22186.8,22613.5,1
2,spsc_unaligned_65536_cross-core_unpaced,0,total,26453.5,26880.1,1
2,spsc_unaligned_65536_cross-core_unpaced,0,total,26880.1,27306.8,1
2,spsc_unaligned_65536_cross-core_unpaced,0,total,28160.2,29013.5,1
2,spsc_unaligned_65536_cross-core_unpaced,0,total,31573.5,32426.8,1
2,spsc_unaligned_65536_cross-core_unpaced,0,total,42666.9,43520.2,1
2,spsc_unaligned_65536_cross-core_unpaced,0,total,43520.2,44373.6,1
2,spsc_unaligned_65536_cross-core_unpaced,0,total,49493.6,50346.9,1
2,spsc_unaligned_65536_cross-core_unpaced,0,total,54613.6,56320.3,1
2,spsc_unaligned_65536_cross-core_unpaced,0,total,56320.3,58027,2
2,spsc_unaligned_65536_cross-core_unpaced,0,total,58027,59733.7,1
2,spsc_unaligned_65536_cross-core_unpaced,0,total,63147,64853.7,1
2,spsc_unaligned_65536_cross-core_unpaced,0,total,64853.7,66560.4,1
2,spsc_unaligned_65536_cross-core_unpaced,0,total,66560.4,68267,2
2,spsc_unaligned_65536_cross-core_unpaced,0,total,68267,69973.7,2
2,spsc_unaligned_65536_cross-core_unpaced,0,total,69973.7,71680.4,1
2,spsc_unaligned_65536_cross-core_unpaced,0,total,78507.1,80213.8,1
2,spsc_unaligned_65536_cross-core_unpaced,0,total,81920.4,83627.1,1
2,spsc_unaligned_65536_cross-core_unpaced,0,total,87040.5,88747.1,1
2,spsc_unaligned_65536_cross-core_unpaced,0,total,88747.1,90453.8,1
2,spsc_unaligned_65536_cross-core_unpaced,0,total,90453.8,92160.5,1
2,spsc_unaligned_65536_cross-core_unpaced,0,total,92160.5,93867.2,1
2,spsc_unaligned_65536_cross-core_unpaced,0,total,93867.2,95573.8,1
2,spsc_unaligned_65536_cross-core_unpaced,0,total,95573.8,97280.5,1
2,spsc_unaligned_65536_cross-core_unpaced,0,total,97280.5,98987.2,1
2,spsc_unaligned_65536_cross-core_unpaced,0,total,98987.2,100694,1
2,spsc_unaligned_65536_cross-core_unpaced,0,total,100694,102401,1
2,spsc_unaligned_65536_cross-core_unpaced,0,total,102401,104107,1
2,spsc_unaligned_65536_cross-core_unpaced,0,total,107521,109227,1
2,spsc_unaligned_65536_cross-core_unpaced,0,total,109227,112641,1
2,spsc_unaligned_65536_cross-core_unpaced,0,total,112641,116054,2
2,spsc_unaligned_65536_cross-core_unpaced,0,total,116054,119467,2
2,spsc_unaligned_65536_cross-core_unpaced,0,total,119467,122881,2
2,spsc_unaligned_65536_cross-core_unpaced,0,total,122881,126294,2
2,spsc_unaligned_65536_cross-core_unpaced,0,total,126294,129707,2
2,spsc_unaligned_65536_cross-core_unpaced,0,total,129707,133121,1
2,spsc_unaligned_65536_cross-core_unpaced,0,total,133121,136534,1
2,spsc_unaligned_65536_cross-core_unpaced,0,total,136534,139947,2
2,spsc_unaligned_65536_cross-core_unpaced,0,total,139947,143361,2
2,spsc_unaligned_65536_cross-core_unpaced,0,total,143361,146774,1
2,spsc_unaligned_65536_cross-core_unpaced,0,total,150187,153601,3
2,spsc_unaligned_65536_cross-core_unpaced,0,total,153601,157014,2
2,spsc_unaligned_65536_cross-core_unpaced,0,total,157014,160428,1
2,spsc_unaligned_65536_cross-core_unpaced,0,total,160428,163841,1
2,spsc_unaligned_65536_cross-core_unpaced,0,total,163841,167254,1
2,spsc_unaligned_65536_cross-core_unpaced,0,total,167254,170668,1
2,spsc_unaligned_65536_cross-core_unpaced,0,total,170668,174081,2
2,spsc_unaligned_65536_cross-core_unpaced,0,total,174081,177494,4
2,spsc_unaligned_65536_cross-core_unpaced,0,total,177494,180908,1
2,spsc_unaligned_65536_cross-core_unpaced,0,total,180908,184321,2
2,spsc_unaligned_65536_cross-core_unpaced,0,total,184321,187734,3
2,spsc_unaligned_65536_cross-core_unpaced,0,total,187734,191148,2
2,spsc_unaligned_65536_cross-core_unpaced,0,total,191148,194561,1
2,spsc_unaligned_65536_cross-core_unpaced,0,total,194561,197974,1
2,spsc_unaligned_65536_cross-core_unpaced,0,total,197974,201388,3
2,spsc_unaligned_65536_cross-core_unpaced,0,total,201388,204801,1
2,spsc_unaligned_65536_cross-core_unpaced,0,total,208214,211628,3
2,spsc_unaligned_65536_cross-core_unpaced,0,total,215041,218455,2
2,spsc_unaligned_65536_cross-core_unpaced,0,total,218455,225281,2
2,spsc_unaligned_65536_cross-core_unpaced,0,total,225281,232108,3
2,spsc_unaligned_65536_cross-core_unpaced,0,total,232108,238935,3
2,spsc_unaligned_65536_cross-core_unpaced,0,total,238935,245761,2
2,spsc_unaligned_65536_cross-core_unpaced,0,total,245761,252588,7
2,spsc_unaligned_65536_cross-core_unpaced,0,total,252588,259415,3
2,spsc_unaligned_65536_cross-core_unpaced,0,total,259415,266241,8
2,spsc_unaligned_65536_cross-core_unpaced,0,total,266241,273068,1
2,spsc_unaligned_65536_cross-core_unpaced,0,total,273068,279895,4
2,spsc_unaligned_65536_cross-core_unpaced,0,total,279895,286722,5
2,spsc_unaligned_65536_cross-core_unpaced,0,total,286722,293548,2
2,spsc_unaligned_65536_cross-core_unpaced,0,total,293548,300375,3
2,spsc_unaligned_65536_cross-core_unpaced,0,total,300375,307202,3
2,spsc_unaligned_65536_cross-core_unpaced,0,total,307202,314028,5
2,spsc_unaligned_65536_cross-core_unpaced,0,total,314028,320855,4
2,spsc_unaligned_65536_cross-core_unpaced,0,total,320855,327682,4
2,spsc_unaligned_65536_cross-core_unpaced,0,total,327682,334508,3
2,spsc_unaligned_65536_cross-core_unpaced,0,total,334508,341335,3
2,spsc_unaligned_65536_cross-core_unpaced,0,total,348162,354989,2
2,spsc_unaligned_65536_cross-core_unpaced,0,total,354989,361815,3
2,spsc_unaligned_65536_cross-core_unpaced,0,total,361815,368642,4
2,spsc_unaligned_65536_cross-core_unpaced,0,total,368642,375469,3
2,spsc_unaligned_65536_cross-core_unpaced,0,total,375469,382295,4
2,spsc_unaligned_65536_cross-core_unpaced,0,total,382295,389122,4
2,spsc_unaligned_65536_cross-core_unpaced,0,total,389122,395949,6
2,spsc_unaligned_65536_cross-core_unpaced,0,total,395949,402775,6
2,spsc_unaligned_65536_cross-core_unpaced,0,total,402775,409602,12
2,spsc_unaligned_65536_cross-core_unpaced,0,total,409602,416429,7
2,spsc_unaligned_65536_cross-core_unpaced,0,total,416429,423256,2
2,spsc_unaligned_65536_cross-core_unpaced,0,total,423256,430082,4
2,spsc_unaligned_65536_cross-core_unpaced,0,total,430082,436909,7
2,spsc_unaligned_65536_cross-core_unpaced,0,total,436909,450562,6
2,spsc_unaligned_65536_cross-core_unpaced,0,total,450562,464216,8
2,spsc_unaligned_65536_cross-core_unpaced,0,total,464216,477869,5
2,spsc_unaligned_65536_cross-core_unpaced,0,total,477869,491523,8
2,spsc_unaligned_65536_cross-core_unpaced,0,total,491523,505176,9
2,spsc_unaligned_65536_cross-core_unpaced,0,total,505176,518829,12
2,spsc_unaligned_65536_cross-core_unpaced,0,total,518829,532483,9
2,spsc_unaligned_65536_cross-core_unpaced,0,total,532483,546136,9
2,spsc_unaligned_65536_cross-core_unpaced,0,total,546136,559790,3
2,spsc_unaligned_65536_cross-core_unpaced,0,total,559790,573443,9
2,spsc_unaligned_65536_cross-core_unpaced,0,total,573443,587096,6
2,spsc_unaligned_65536_cross-core_unpaced,0,total,587096,600750,7
2,spsc_unaligned_65536_cross-core_unpaced,0,total,600750,614403,13
2,spsc_unaligned_65536_cross-core_unpaced,0,total,614403,628057,6
2,spsc_unaligned_65536_cross-core_unpaced,0,total,628057,641710,8
2,spsc_unaligned_65536_cross-core_unpaced,0,total,641710,655364,8
2,spsc_unaligned_65536_cross-core_unpaced,0,total,655364,669017,10
2,spsc_unaligned_65536_cross-core_unpaced,0,total,669017,682670,8
2,spsc_unaligned_65536_cross-core_unpaced,0,total,682670,696324,6
2,spsc_unaligned_65536_cross-core_unpaced,0,total,696324,709977,8
2,spsc_unaligned_65536_cross-core_unpaced,0,total,709977,723631,6
2,spsc_unaligned_65536_cross-core_unpaced,0,total,723631,737284,10
2,spsc_unaligned_65536_cross-core_unpaced,0,total,737284,750937,9
2,spsc_unaligned_65536_cross-core_unpaced,0,total,750937,764591,5
2,spsc_unaligned_65536_cross-core_unpaced,0,total,764591,778244,5
2,spsc_unaligned_65536_cross-core_unpaced,0,total,778244,791898,8
2,spsc_unaligned_65536_cross-core_unpaced,0,total,791898,805551,11
2,spsc_unaligned_65536_cross-core_unpaced,0,total,805551,819204,8
2,spsc_unaligned_65536_cross-core_unpaced,0,total,819204,832858,9
2,spsc_unaligned_65536_cross-core_unpaced,0,total,832858,846511,7
2,spsc_unaligned_65536_cross-core_unpaced,0,total,846511,860165,9
2,spsc_unaligned_65536_cross-core_unpaced,0,total,860165,873818,12
2,spsc_unaligned_65536_cross-core_unpaced,0,total,873818,901125,23
2,spsc_unaligned_65536_cross-core_unpaced,0,total,901125,928432,13
2,spsc_unaligned_65536_cross-core_unpaced,0,total,928432,955738,19
2,spsc_unaligned_65536_cross-core_unpaced,0,total,955738,983045,24
2,spsc_unaligned_65536_cross-core_unpaced,0,total,983045,1.01035e+06,23
2,spsc_unaligned_65536_cross-core_unpaced,0,total,1.01035e+06,1.03766e+06,18
2,spsc_unaligned_65536_cross-core_unpaced,0,total,1.03766e+06,1.06497e+06,20
2,spsc_unaligned_65536_cross-core_unpaced,0,total,1.06497e+06,1.09227e+06,15
2,spsc_unaligned_65536_cross-core_unpaced,0,total,1.09227e+06,1.11958e+06,16
2,spsc_unaligned_65536_cross-core_unpaced,0,total,1.11958e+06,1.14689e+06,25
2,spsc_unaligned_65536_cross-core_unpaced,0,total,1.14689e+06,1.17419e+06,13
2,spsc_unaligned_65536_cross-core_unpaced,0,total,1.17419e+06,1.2015e+06,28
2,spsc_unaligned_65536_cross-core_unpaced,0,total,1.2015e+06,1.22881e+06,44
2,spsc_unaligned_65536_cross-core_unpaced,0,total,1.22881e+06,1.25611e+06,25
2,spsc_unaligned_65536_cross-core_unpaced,0,total,1.25611e+06,1.28342e+06,25
2,spsc_unaligned_65536_cross-core_unpaced,0,total,1.28342e+06,1.31073e+06,25
2,spsc_unaligned_65536_cross-core_unpaced,0,total,1.31073e+06,1.33803e+06,14
2,spsc_unaligned_65536_cross-core_unpaced,0,total,1.33803e+06,1.36534e+06,31
2,spsc_unaligned_65536_cross-core_unpaced,0,total,1.36534e+06,1.39265e+06,21
2,spsc_unaligned_65536_cross-core_unpaced,0,total,1.39265e+06,1.41995e+06,20
2,spsc_unaligned_65536_cross-core_unpaced,0,total,1.41995e+06,1.44726e+06,30
2,spsc_unaligned_65536_cross-core_unpaced,0,total,1.44726e+06,1.47457e+06,23
2,spsc_unaligned_65536_cross-core_unpaced,0,total,1.47457e+06,1.50187e+06,21
2,spsc_unaligned_65536_cross-core_unpaced,0,total,1.50187e+06,1.52918e+06,18
2,spsc_unaligned_65536_cross-core_unpaced,0,total,1.52918e+06,1.55649e+06,29
2,spsc_unaligned_65536_cross-core_unpaced,0,total,1.55649e+06,1.5838e+06,19
2,spsc_unaligned_65536_cross-core_unpaced,0,total,1.5838e+06,1.6111e+06,19
2,spsc_unaligned_65536_cross-core_unpaced,0,total,1.6111e+06,1.63841e+06,23
2,spsc_unaligned_65536_cross-core_unpaced,0,total,1.63841e+06,1.66572e+06,21
2,spsc_unaligned_65536_cross-core_unpaced,0,total,1.66572e+06,1.69302e+06,16
2,spsc_unaligned_65536_cross-core_unpaced,0,total,1.69302e+06,1.72033e+06,21
2,spsc_unaligned_65536_cross-core_unpaced,0,total,1.72033e+06,1.74764e+06,29
2,spsc_unaligned_65536_cross-core_unpaced,0,total,1.74764e+06,1.80225e+06,57
2,spsc_unaligned_65536_cross-core_unpaced,0,total,1.80225e+06,1.85686e+06,67
2,spsc_unaligned_65536_cross-core_unpaced,0,total,1.85686e+06,1.91148e+06,51
2,spsc_unaligned_65536_cross-core_unpaced,0,total,1.91148e+06,1.96609e+06,53
2,spsc_unaligned_65536_cross-core_unpaced,0,total,1.96609e+06,2.0207e+06,46
2,spsc_unaligned_65536_cross-core_unpaced,0,total,2.0207e+06,2.07532e+06,38
2,spsc_unaligned_65536_cross-core_unpaced,0,total,2.07532e+06,2.12993e+06,47
2,spsc_unaligned_65536_cross-core_unpaced,0,total,2.12993e+06,2.18455e+06,46
2,spsc_unaligned_65536_cross-core_unpaced,0,total,2.18455e+06,2.23916e+06,60
2,spsc_unaligned_65536_cross-core_unpaced,0,total,2.23916e+06,2.29377e+06,56
2,spsc_unaligned_65536_cross-core_unpaced,0,total,2.29377e+06,2.34839e+06,47
2,spsc_unaligned_65536_cross-core_unpaced,0,total,2.34839e+06,2.403e+06,58
2,spsc_unaligned_65536_cross-core_unpaced,0,total,2.403e+06,2.45761e+06,35
2,spsc_unaligned_65536_cross-core_unpaced,0,total,2.45761e+06,2.51223e+06,49
2,spsc_unaligned_65536_cross-core_unpaced,0,total,2.51223e+06,2.56684e+06,43
2,spsc_unaligned_65536_cross-core_unpaced,0,total,2.56684e+06,2.62145e+06,42
2,spsc_unaligned_65536_cross-core_unpaced,0,total,2.62145e+06,2.67607e+06,40
2,spsc_unaligned_65536_cross-core_unpaced,0,total,2.67607e+06,2.73068e+06,46
2,spsc_unaligned_65536_cross-core_unpaced,0,total,2.73068e+06,2.78529e+06,37
2,spsc_unaligned_65536_cross-core_unpaced,0,total,2.78529e+06,2.83991e+06,42
2,spsc_unaligned_65536_cross-core_unpaced,0,total,2.83991e+06,2.89452e+06,26
2,spsc_unaligned_65536_cross-core_unpaced,0,total,2.89452e+06,2.94914e+06,42
2,spsc_unaligned_65536_cross-core_unpaced,0,total,2.94914e+06,3.00375e+06,35
2,spsc_unaligned_65536_cross-core_unpaced,0,total,3.00375e+06,3.05836e+06,49
2,spsc_unaligned_65536_cross-core_unpaced,0,total,3.05836e+06,3.11298e+06,39
2,spsc_unaligned_65536_cross-core_unpaced,0,total,3.11298e+06,3.16759e+06,43
2,spsc_unaligned_65536_cross-core_unpaced,0,total,3.16759e+06,3.2222e+06,35
2,spsc_unaligned_65536_cross-core_unpaced,0,total,3.2222e+06,3.27682e+06,37
2,spsc_unaligned_65536_cross-core_unpaced,0,total,3.27682e+06,3.33143e+06,49
2,spsc_unaligned_65536_cross-core_unpaced,0,total,3.33143e+06,3.38604e+06,52
2,spsc_unaligned_65536_cross-core_unpaced,0,total,3.38604e+06,3.44066e+06,25
2,spsc_unaligned_65536_cross-core_unpaced,0,total,3.44066e+06,3.49527e+06,33
2,spsc_unaligned_65536_cross-core_unpaced,0,total,3.49527e+06,3.6045e+06,71
2,spsc_unaligned_65536_cross-core_unpaced,0,total,3.6045e+06,3.71373e+06,79
2,spsc_unaligned_65536_cross-core_unpaced,0,total,3.71373e+06,3.82295e+06,65
2,spsc_unaligned_65536_cross-core_unpaced,0,total,3.82295e+06,3.93218e+06,77
2,spsc_unaligned_65536_cross-core_unpaced,0,total,3.93218e+06,4.04141e+06,65
2,spsc_unaligned_65536_cross-core_unpaced,0,total,4.04141e+06,4.15064e+06,83
2,spsc_unaligned_65536_cross-core_unpaced,0,total,4.15064e+06,4.25986e+06,59
2,spsc_unaligned_65536_cross-core_unpaced,0,total,4.25986e+06,4.36909e+06,89
2,spsc_unaligned_65536_cross-core_unpaced,0,total,4.36909e+06,4.47832e+06,91
2,spsc_unaligned_65536_cross-core_unpaced,0,total,4.47832e+06,4.58754e+06,72
2,spsc_unaligned_65536_cross-core_unpaced,0,total,4.58754e+06,4.69677e+06,83
2,spsc_unaligned_65536_cross-core_unpaced,0,total,4.69677e+06,4.806e+06,87
2,spsc_unaligned_65536_cross-core_unpaced,0,total,4.806e+06,4.91523e+06,97
2,spsc_unaligned_65536_cross-core_unpaced,0,total,4.91523e+06,5.02445e+06,87
2,spsc_unaligned_65536_cross-core_unpaced,0,total,5.02445e+06,5.13368e+06,87
2,spsc_unaligned_65536_cross-core_unpaced,0,total,5.13368e+06,5.24291e+06,66
2,spsc_unaligned_65536_cross-core_unpaced,0,total,5.24291e+06,5.35214e+06,65
2,spsc_unaligned_65536_cross-core_unpaced,0,total,5.35214e+06,5.46136e+06,64
2,spsc_unaligned_65536_cross-core_unpaced,0,total,5.46136e+06,5.57059e+06,68
2,spsc_unaligned_65536_cross-core_unpaced,0,total,5.57059e+06,5.67982e+06,82
2,spsc_unaligned_65536_cross-core_unpaced,0,total,5.67982e+06,5.78904e+06,76
2,spsc_unaligned_65536_cross-core_unpaced,0,total,5.78904e+06,5.89827e+06,69
2,spsc_unaligned_65536_cross-core_unpaced,0,total,5.89827e+06,6.0075e+06,60
2,spsc_unaligned_65536_cross-core_unpaced,0,total,6.0075e+06,6.11673e+06,63
2,spsc_unaligned_65536_cross-core_unpaced,0,total,6.11673e+06,6.22595e+06,66
2,spsc_unaligned_65536_cross-core_unpaced,0,total,6.22595e+06,6.33518e+06,93
2,spsc_unaligned_65536_cross-core_unpaced,0,total,6.33518e+06,6.44441e+06,63
2,spsc_unaligned_65536_cross-core_unpaced,0,total,6.44441e+06,6.55364e+06,86
2,spsc_unaligned_65536_cross-core_unpaced,0,total,6.55364e+06,6.66286e+06,76
2,spsc_unaligned_65536_cross-core_unpaced,0,total,6.66286e+06,6.77209e+06,83
2,spsc_unaligned_65536_cross-core_unpaced,0,total,6.77209e+06,6.88132e+06,73
2,spsc_unaligned_65536_cross-core_unpaced,0,total,6.88132e+06,6.99054e+06,74
2,spsc_unaligned_65536_cross-core_unpaced,0,total,6.99054e+06,7.209e+06,138
2,spsc_unaligned_65536_cross-core_unpaced,0,total,7.209e+06,7.42745e+06,143
2,spsc_unaligned_65536_cross-core_unpaced,0,total,7.42745e+06,7.64591e+06,161
2,spsc_unaligned_65536_cross-core_unpaced,0,total,7.64591e+06,7.86436e+06,136
2,spsc_unaligned_65536_cross-core_unpaced,0,total,7.86436e+06,8.08282e+06,168
2,spsc_unaligned_65536_cross-core_unpaced,0,total,8.08282e+06,8.30127e+06,331
2,spsc_unaligned_65536_cross-core_unpaced,0,total,8.30127e+06,8.51973e+06,288
2,spsc_unaligned_65536_cross-core_unpaced,0,total,8.51973e+06,8.73818e+06,358
2,spsc_unaligned_65536_cross-core_unpaced,0,total,8.73818e+06,8.95663e+06,316
2,spsc_unaligned_65536_cross-core_unpaced,0,total,8.95663e+06,9.17509e+06,303
2,spsc_unaligned_65536_cross-core_unpaced,0,total,9.17509e+06,9.39354e+06,7726
2,spsc_unaligned_65536_cross-core_unpaced,0,total,9.39354e+06,9.612e+06,166079
2,spsc_unaligned_65536_cross-core_unpaced,0,total,9.612e+06,9.83045e+06,48366
2,spsc_unaligned_65536_cross-core_unpaced,0,total,9.83045e+06,1.00489e+07,22425
2,spsc_unaligned_65536_cross-core_unpaced,0,total,1.00489e+07,1.02674e+07,13017
2,spsc_unaligned_65536_cross-core_unpaced,0,total,1.02674e+07,1.04858e+07,10159
2,spsc_unaligned_65536_cross-core_unpaced,0,total,1.04858e+07,1.07043e+07,12573
2,spsc_unaligned_65536_cross-core_unpaced,0,total,1.07043e+07,1.09227e+07,9936
2,spsc_unaligned_65536_cross-core_unpaced,0,total,1.09227e+07,1.11412e+07,7679
2,spsc_unaligned_65536_cross-core_unpaced,0,total,1.11412e+07,1.13596e+07,5236
2,spsc_unaligned_65536_cross-core_unpaced,0,total,1.13596e+07,1.15781e+07,4841
2,spsc_unaligned_65536_cross-core_unpaced,0,total,1.15781e+07,1.17965e+07,4276
2,spsc_unaligned_65536_cross-core_unpaced,0,total,1.17965e+07,1.2015e+07,4268
2,spsc_unaligned_65536_cross-core_unpaced,0,total,1.2015e+07,1.22335e+07,3322
2,spsc_unaligned_65536_cross-core_unpaced,0,total,1.22335e+07,1.24519e+07,1791
2,spsc_unaligned_65536_cross-core_unpaced,0,total,1.24519e+07,1.26704e+07,4918
2,spsc_unaligned_65536_cross-core_unpaced,0,total,1.26704e+07,1.28888e+07,14919
2,spsc_unaligned_65536_cross-core_unpaced,0,total,1.28888e+07,1.31073e+07,66235
2,spsc_unaligned_65536_cross-core_unpaced,0,total,1.31073e+07,1.33257e+07,171564
2,spsc_unaligned_65536_cross-core_unpaced,0,total,1.33257e+07,1.35442e+07,284741
2,spsc_unaligned_65536_cross-core_unpaced,0,total,1.35442e+07,1.37626e+07,334361
2,spsc_unaligned_65536_cross-core_unpaced,0,total,1.37626e+07,1.39811e+07,353909
2,spsc_unaligned_65536_cross-core_unpaced,0,total,1.39811e+07,1.4418e+07,550305
2,spsc_unaligned_65536_cross-core_unpaced,0,total,1.4418e+07,1.48549e+07,179532
2,spsc_unaligned_65536_cross-core_unpaced,0,total,1.48549e+07,1.52918e+07,39887
2,spsc_unaligned_65536_cross-core_unpaced,0,total,1.52918e+07,1.57287e+07,17648
2,spsc_unaligned_65536_cross-core_unpaced,0,total,1.57287e+07,1.61656e+07,10183
2,spsc_unaligned_65536_cross-core_unpaced,0,total,1.61656e+07,1.66025e+07,7974
2,spsc_unaligned_65536_cross-core_unpaced,0,total,1.66025e+07,1.70395e+07,2417
2,spsc_unaligned_65536_cross-core_unpaced,0,total,1.70395e+07,1.74764e+07,2906
2,spsc_unaligned_65536_cross-core_unpaced,0,total,1.74764e+07,1.79133e+07,752
2,spsc_unaligned_65536_cross-core_unpaced,0,total,1.79133e+07,1.83502e+07,766
2,spsc_unaligned_65536_cross-core_unpaced,0,total,1.83502e+07,1.87871e+07,1050
2,spsc_unaligned_65536_cross-core_unpaced,0,total,1.87871e+07,1.9224e+07,1423
2,spsc_unaligned_65536_cross-core_unpaced,0,total,1.9224e+07,1.96609e+07,768
2,spsc_unaligned_65536_cross-core_unpaced,0,total,1.96609e+07,2.00978e+07,464
2,spsc_unaligned_65536_cross-core_unpaced,0,total,2.00978e+07,2.05347e+07,419
2,spsc_unaligned_65536_cross-core_unpaced,0,total,2.05347e+07,2.09716e+07,454
2,spsc_unaligned_65536_cross-core_unpaced,0,total,2.09716e+07,2.14085e+07,440
2,spsc_unaligned_65536_cross-core_unpaced,0,total,2.14085e+07,2.18455e+07,373
2,spsc_unaligned_65536_cross-core_unpaced,0,total,2.18455e+07,2.22824e+07,742
2,spsc_unaligned_65536_cross-core_unpaced,0,total,2.22824e+07,2.27193e+07,788
2,spsc_unaligned_65536_cross-core_unpaced,0,total,2.27193e+07,2.31562e+07,2209
2,spsc_unaligned_65536_cross-core_unpaced,0,queue,206.668,210.001,1
2,spsc_unaligned_65536_cross-core_unpaced,0,queue,213.334,220.001,2
2,spsc_unaligned_65536_cross-core_unpaced,0,queue,226.668,233.335,1
2,spsc_unaligned_65536_cross-core_unpaced,0,queue,233.335,240.001,1
2,spsc_unaligned_65536_cross-core_unpaced,0,queue,240.001,246.668,1
2,spsc_unaligned_65536_cross-core_unpaced,0,queue,246.668,253.335,3
2,spsc_unaligned_65536_cross-core_unpaced,0,queue,253.335,260.001,5
2,spsc_unaligned_65536_cross-core_unpaced,0,queue,260.001,266.668,4
2,spsc_unaligned_65536_cross-core_unpaced,0,queue,266.668,273.335,3
2,spsc_unaligned_65536_cross-core_unpaced,0,queue,273.335,280.002,3
2,spsc_unaligned_65536_cross-core_unpaced,0,queue,280.002,286.668,4
2,spsc_unaligned_65536_cross-core_unpaced,0,queue,286.668,293.335,3
2,spsc_unaligned_65536_cross-core_unpaced,0,queue,293.335,300.002,4
2,spsc_unaligned_65536_cross-core_unpaced,0,queue,300.002,306.668,2
2,spsc_unaligned_65536_cross-core_unpaced,0,queue,306.668,313.335,2
2,spsc_unaligned_65536_cross-core_unpaced,0,queue,313.335,320.002,9
2,spsc_unaligned_65536_cross-core_unpaced,0,queue,320.002,326.668,5
2,spsc_unaligned_65536_cross-core_unpaced,0,queue,326.668,333.335,6
2,spsc_unaligned_65536_cross-core_unpaced,0,queue,333.335,340.002,9
2,spsc_unaligned_65536_cross-core_unpaced,0,queue,340.002,346.669,4
2,spsc_unaligned_65536_cross-core_unpaced,0,queue,346.669,353.335,7
2,spsc_unaligned_65536_cross-core_unpaced,0,queue,353.335,360.002,11
2,spsc_unaligned_65536_cross-core_unpaced,0,queue,360.002,366.669,6
2,spsc_unaligned_65536_cross-core_unpaced,0,queue,366.669,373.335,16
2,spsc_unaligned_65536_cross-core_unpaced,0,queue,373.335,380.002,7
2,spsc_unaligned_65536_cross-core_unpaced,0,queue,380.002,386.669,11
2,spsc_unaligned_65536_cross-core_unpaced,0,queue,386.669,393.335,5
2,spsc_unaligned_65536_cross-core_unpaced,0,queue,393.335,400.002,10
2,spsc_unaligned_65536_cross-core_unpaced,0,queue,400.002,406.669,15
2,spsc_unaligned_65536_cross-core_unpaced,0,queue,406.669,413.336,11
2,spsc_unaligned_65536_cross-core_unpaced,0,queue,413.336,420.002,8
2,spsc_unaligned_65536_cross-core_unpaced,0,queue,420.002,426.669,11
2,spsc_unaligned_65536_cross-core_unpaced,0,queue,426.669,440.002,17
2,spsc_unaligned_65536_cross-core_unpaced,0,queue,440.002,453.336,21
2,spsc_unaligned_65536_cross-core_unpaced,0,queue,453.336,466.669,24
2,spsc_unaligned_65536_cross-core_unpaced,0,queue,466.669,480.003,23
2,spsc_unaligned_65536_cross-core_unpaced,0,queue,480.003,493.336,27
2,spsc_unaligned_65536_cross-core_unpaced,0,queue,493.336,506.669,18
2,spsc_unaligned_65536_cross-core_unpaced,0,queue,506.669,520.003,21
2,spsc_unaligned_65536_cross-core_unpaced,0,queue,520.003,533.336,15
2,spsc_unaligned_65536_cross-core_unpaced,0,queue,533.336,546.67,15
2,spsc_unaligned_65536_cross-core_unpaced,0,queue,546.67,560.003,17
2,spsc_unaligned_65536_cross-core_unpaced,0,queue,560.003,573.336,18
2,spsc_unaligned_65536_cross-core_unpaced,0,queue,573.336,586.67,12
2,spsc_unaligned_65536_cross-core_unpaced,0,queue,586.67,600.003,9
2,spsc_unaligned_65536_cross-core_unpaced,0,queue,600.003,613.337,9
2,spsc_unaligned_65536_cross-core_unpaced,0,queue,613.337,626.67,11
2,spsc_unaligned_65536_cross-core_unpaced,0,queue,626.67,640.003,5
2,spsc_unaligned_65536_cross-core_unpaced,0,queue,640.003,653.337,10
2,spsc_unaligned_65536_cross-core_unpaced,0,queue,653.337,666.67,9
2,spsc_unaligned_65536_cross-core_unpaced,0,queue,666.67,680.004,8
2,spsc_unaligned_65536_cross-core_unpaced,0,queue,680.004,693.337,5
2,spsc_unaligned_65536_cross-core_unpaced,0,queue,693.337,706.67,3
2,spsc_unaligned_65536_cross-core_unpaced,0,queue,706.67,720.004,2
2,spsc_unaligned_65536_cross-core_unpaced,0,queue,720.004,733.337,6
2,spsc_unaligned_65536_cross-core_unpaced,0,queue,733.337,746.671,5
2,spsc_unaligned_65536_cross-core_unpaced,0,queue,746.671,760.004,3
2,spsc_unaligned_65536_cross-core_unpaced,0,queue,760.004,773.337,1
2,spsc_unaligned_65536_cross-core_unpaced,0,queue,773.337,786.671,1
2,spsc_unaligned_65536_cross-core_unpaced,0,queue,786.671,800.004,2
2,spsc_unaligned_65536_cross-core_unpaced,0,queue,800.004,813.338,1
2,spsc_unaligned_65536_cross-core_unpaced,0,queue,813.338,826.671,2
2,spsc_unaligned_65536_cross-core_unpaced,0,queue,840.005,853.338,1
2,spsc_unaligned_65536_cross-core_unpaced,0,queue,853.338,880.005,2
2,spsc_unaligned_65536_cross-core_unpaced,0,queue,880.005,906.672,1
2,spsc_unaligned_65536_cross-core_unpaced,0,queue,906.672,933.338,1
2,spsc_unaligned_65536_cross-core_unpaced,0,queue,960.005,986.672,2
2,spsc_unaligned_65536_cross-core_unpaced,0,queue,1013.34,1040.01,1
2,spsc_unaligned_65536_cross-core_unpaced,0,queue,1093.34,1120.01,1
2,spsc_unaligned_65536_cross-core_unpaced,0,queue,1200.01,1226.67,1
2,spsc_unaligned_65536_cross-core_unpaced,0,queue,1386.67,1413.34,2
2,spsc_unaligned_65536_cross-core_unpaced,0,queue,1413.34,1440.01,1
2,spsc_unaligned_65536_cross-core_unpaced,0,queue,1813.34,1866.68,1
2,spsc_unaligned_65536_cross-core_unpaced,0,queue,14506.7,14933.4,2
2,spsc_unaligned_65536_cross-core_unpaced,0,queue,14933.4,15360.1,1
2,spsc_unaligned_65536_cross-core_unpaced,0,queue,17493.4,17920.1,1
2,spsc_unaligned_65536_cross-core_unpaced,0,queue,17920.1,18346.8,1
2,spsc_unaligned_65536_cross-core_unpaced,0,queue,20906.8,21333.4,1
2,spsc_unaligned_65536_cross-core_unpaced,0,queue,21760.1,22186.8,1
2,spsc_unaligned_65536_cross-core_unpaced,0,queue,26026.8,26453.5,1
2,spsc_unaligned_65536_cross-core_unpaced,0,queue,26880.1,27306.8,1
2,spsc_unaligned_65536_cross-core_unpaced,0,queue,27306.8,28160.2,1
2,spsc_unaligned_65536_cross-core_unpaced,0,queue,31573.5,32426.8,1
2,spsc_unaligned_65536_cross-core_unpaced,0,queue,42666.9,43520.2,1
2,spsc_unaligned_65536_cross-core_unpaced,0,queue,43520.2,44373.6,1
2,spsc_unaligned_65536_cross-core_unpaced,0,queue,48640.3,49493.6,1
2,spsc_unaligned_65536_cross-core_unpaced,0,queue,54613.6,56320.3,1
2,spsc_unaligned_65536_cross-core_unpaced,0,queue,56320.3,58027,2
2,spsc_unaligned_65536_cross-core_unpaced,0,queue,58027,59733.7,1
2,spsc_unaligned_65536_cross-core_unpaced,0,queue,63147,64853.7,2
2,spsc_unaligned_65536_cross-core_unpaced,0,queue,64853.7,66560.4,1
2,spsc_unaligned_65536_cross-core_unpaced,0,queue,66560.4,68267,1
2,spsc_unaligned_65536_cross-core_unpaced,0,queue,68267,69973.7,2
2,spsc_unaligned_65536_cross-core_unpaced,0,queue,69973.7,71680.4,1
2,spsc_unaligned_65536_cross-core_unpaced,0,queue,78507.1,80213.8,1
2,spsc_unaligned_65536_cross-core_unpaced,0,queue,81920.4,83627.1,1
2,spsc_unaligned_65536_cross-core_unpaced,0,queue,87040.5,88747.1,1
2,spsc_unaligned_65536_cross-core_unpaced,0,queue,88747.1,90453.8,1
2,spsc_unaligned_65536_cross-core_unpaced,0,queue,90453.8,92160.5,1
2,spsc_unaligned_65536_cross-core_unpaced,0,queue,92160.5,93867.2,1
2,spsc_unaligned_65536_cross-core_unpaced,0,queue,93867.2,95573.8,1
2,spsc_unaligned_65536_cross-core_unpaced,0,queue,95573.8,97280.5,1
2,spsc_unaligned_65536_cross-core_unpaced,0,queue,97280.5,98987.2,1
2,spsc_unaligned_65536_cross-core_unpaced,0,queue,98987.2,100694,1
2,spsc_unaligned_65536_cross-core_unpaced,0,queue,100694,102401,1
2,spsc_unaligned_65536_cross-core_unpaced,0,queue,102401,104107,1
2,spsc_unaligned_65536_cross-core_unpaced,0,queue,107521,109227,1
2,spsc_unaligned_65536_cross-core_unpaced,0,queue,109227,112641,1
2,spsc_unaligned_65536_cross-core_unpaced,0,queue,112641,116054,2
2,spsc_unaligned_65536_cross-core_unpaced,0,queue,116054,119467,2
2,spsc_unaligned_65536_cross-core_unpaced,0,queue,119467,122881,2
2,spsc_unaligned_65536_cross-core_unpaced,0,queue,122881,126294,2
2,spsc_unaligned_65536_cross-core_unpaced,0,queue,126294,129707,2
2,spsc_unaligned_65536_cross-core_unpaced,0,queue,129707,133121,1
2,spsc_unaligned_65536_cross-core_unpaced,0,queue,133121,136534,1
2,spsc_unaligned_65536_cross-core_unpaced,0,queue,136534,139947,2
2,spsc_unaligned_65536_cross-core_unpaced,0,queue,139947,143361,2
2,spsc_unaligned_65536_cross-core_unpaced,0,queue,143361,146774,1
2,spsc_unaligned_65536_cross-core_unpaced,0,queue,150187,153601,3
2,spsc_unaligned_65536_cross-core_unpaced,0,queue,153601,157014,3
2,spsc_unaligned_65536_cross-core_unpaced,0,queue,160428,163841,1
2,spsc_unaligned_65536_cross-core_unpaced,0,queue,163841,167254,1
2,spsc_unaligned_65536_cross-core_unpaced,0,queue,167254,170668,1
2,spsc_unaligned_65536_cross-core_unpaced,0,queue,170668,174081,2
2,spsc_unaligned_65536_cross-core_unpaced,0,queue,174081,177494,4
2,spsc_unaligned_65536_cross-core_unpaced,0,queue,177494,180908,1
2,spsc_unaligned_65536_cross-core_unpaced,0,queue,180908,184321,2
2,spsc_unaligned_65536_cross-core_unpaced,0,queue,184321,187734,3
2,spsc_unaligned_65536_cross-core_unpaced,0,queue,187734,191148,2
2,spsc_unaligned_65536_cross-core_unpaced,0,queue,191148,194561,1
2,spsc_unaligned_65536_cross-core_unpaced,0,queue,194561,197974,1
2,spsc_unaligned_65536_cross-core_unpaced,0,queue,197974,201388,3
2,spsc_unaligned_65536_cross-core_unpaced,0,queue,201388,204801,1
2,spsc_unaligned_65536_cross-core_unpaced,0,queue,204801,208214,1
2,spsc_unaligned_65536_cross-core_unpaced,0,queue,208214,211628,2
2,spsc_unaligned_65536_cross-core_unpaced,0,queue,215041,218455,2
2,spsc_unaligned_65536_cross-core_unpaced,0,queue,218455,225281,2
2,spsc_unaligned_65536_cross-core_unpaced,0,queue,225281,232108,3
2,spsc_unaligned_65536_cross-core_unpaced,0,queue,232108,238935,3
2,spsc_unaligned_65536_cross-core_unpaced,0,queue,238935,245761,2
2,spsc_unaligned_65536_cross-core_unpaced,0,queue,245761,252588,7
2,spsc_unaligned_65536_cross-core_unpaced,0,queue,252588,259415,3
2,spsc_unaligned_65536_cross-core_unpaced,0,queue,259415,266241,8
2,spsc_unaligned_65536_cross-core_unpaced,0,queue,266241,273068,1
2,spsc_unaligned_65536_cross-core_unpaced,0,queue,273068,279895,4
2,spsc_unaligned_65536_cross-core_unpaced,0,queue,279895,286722,5
2,spsc_unaligned_65536_cross-core_unpaced,0,queue,286722,293548,2
2,spsc_unaligned_65536_cross-core_unpaced,0,queue,293548,300375,3
2,spsc_unaligned_65536_cross-core_unpaced,0,queue,300375,307202,3
2,spsc_unaligned_65536_cross-core_unpaced,0,queue,307202,314028,5
2,spsc_unaligned_65536_cross-core_unpaced,0,queue,314028,320855,5
2,spsc_unaligned_65536_cross-core_unpaced,0,queue,320855,327682,3
2,spsc_unaligned_65536_cross-core_unpaced,0,queue,327682,334508,3
2,spsc_unaligned_65536_cross-core_unpaced,0,queue,334508,341335,3
2,spsc_unaligned_65536_cross-core_unpaced,0,queue,348162,354989,2
2,spsc_unaligned_65536_cross-core_unpaced,0,queue,354989,361815,3
2,spsc_unaligned_65536_cross-core_unpaced,0,queue,361815,368642,4
2,spsc_unaligned_65536_cross-core_unpaced,0,queue,368642,375469,3
2,spsc_unaligned_65536_cross-core_unpaced,0,queue,375469,382295,4
2,spsc_unaligned_65536_cross-core_unpaced,0,queue,382295,389122,5
2,spsc_unaligned_65536_cross-core_unpaced,0,queue,389122,395949,5
2,spsc_unaligned_65536_cross-core_unpaced,0,queue,395949,402775,6
2,spsc_unaligned_65536_cross-core_unpaced,0,queue,402775,409602,12
2,spsc_unaligned_65536_cross-core_unpaced,0,queue,409602,416429,7
2,spsc_unaligned_65536_cross-core_unpaced,0,queue,416429,423256,2
2,spsc_unaligned_65536_cross-core_unpaced,0,queue,423256,430082,4
2,spsc_unaligned_65536_cross-core_unpaced,0,queue,430082,436909,7
2,spsc_unaligned_65536_cross-core_unpaced,0,queue,436909,450562,6
2,spsc_unaligned_65536_cross-core_unpaced,0,queue,450562,464216,8
2,spsc_unaligned_65536_cross-core_unpaced,0,queue,464216,477869,5
2,spsc_unaligned_65536_cross-core_unpaced,0,queue,477869,491523,8
2,spsc_unaligned_65536_cross-core_unpaced,0,queue,491523,505176,9
2,spsc_unaligned_65536_cross-core_unpaced,0,queue,505176,518829,13
2,spsc_unaligned_65536_cross-core_unpaced,0,queue,518829,532483,8
2,spsc_unaligned_65536_cross-core_unpaced,0,queue,532483,546136,9
2,spsc_unaligned_65536_cross-core_unpaced,0,queue,546136,559790,3
2,spsc_unaligned_65536_cross-core_unpaced,0,queue,559790,573443,9
2,spsc_unaligned_65536_cross-core_unpaced,0,queue,573443,587096,6
2,spsc_unaligned_65536_cross-core_unpaced,0,queue,587096,600750,8
2,spsc_unaligned_65536_cross-core_unpaced,0,queue,600750,614403,12
2,spsc_unaligned_65536_cross-core_unpaced,0,queue,614403,628057,6
2,spsc_unaligned_65536_cross-core_unpaced,0,queue,628057,641710,8
2,spsc_unaligned_65536_cross-core_unpaced,0,queue,641710,655364,8
2,spsc_unaligned_65536_cross-core_unpaced,0,queue,655364,669017,10
2,spsc_unaligned_65536_cross-core_unpaced,0,queue,669017,682670,9
2,spsc_unaligned_65536_cross-core_unpaced,0,queue,682670,696324,5
2,spsc_unaligned_65536_cross-core_unpaced,0,queue,696324,709977,8
2,spsc_unaligned_65536_cross-core_unpaced,0,queue,709977,723631,6
2,spsc_unaligned_65536_cross-core_unpaced,0,queue,723631,737284,10
2,spsc_unaligned_65536_cross-core_unpaced,0,queue,737284,750937,9
2,spsc_unaligned_65536_cross-core_unpaced,0,queue,750937,764591,5
2,spsc_unaligned_65536_cross-core_unpaced,0,queue,764591,778244,5
2,spsc_unaligned_65536_cross-core_unpaced,0,queue,778244,791898,8
2,spsc_unaligned_65536_cross-core_unpaced,0,queue,791898,805551,11
2,spsc_unaligned_65536_cross-core_unpaced,0,queue,805551,819204,8
2,spsc_unaligned_65536_cross-core_unpaced,0,queue,819204,832858,9
2,spsc_unaligned_65536_cross-core_unpaced,0,queue,832858,846511,7
2,spsc_unaligned_65536_cross-core_unpaced,0,queue,846511,860165,9
2,spsc_unaligned_65536_cross-core_unpaced,0,queue,860165,873818,12
2,spsc_unaligned_65536_cross-core_unpaced,0,queue,873818,901125,23
2,spsc_unaligned_65536_cross-core_unpaced,0,queue,901125,928432,13
2,spsc_unaligned_65536_cross-core_unpaced,0,queue,928432,955738,20
2,spsc_unaligned_65536_cross-core_unpaced,0,queue,955738,983045,23
2,spsc_unaligned_65536_cross-core_unpaced,0,queue,983045,1.01035e+06,23
2,spsc_unaligned_65536_cross-core_unpaced,0,queue,1.01035e+06,1.03766e+06,18
2,spsc_unaligned_65536_cross-core_unpaced,0,queue,1.03766e+06,1.06497e+06,20
2,spsc_unaligned_65536_cross-core_unpaced,0,queue,1.06497e+06,1.09227e+06,15
2,spsc_unaligned_65536_cross-core_unpaced,0,queue,1.09227e+06,1.11958e+06,16
2,spsc_unaligned_65536_cross-core_unpaced,0,queue,1.11958e+06,1.14689e+06,25
2,spsc_unaligned_65536_cross-core_unpaced,0,queue,1.14689e+06,1.17419e+06,13
2,spsc_unaligned_65536_cross-core_unpaced,0,queue,1.17419e+06,1.2015e+06,28
2,spsc_unaligned_65536_cross-core_unpaced,0,queue,1.2015e+06,1.22881e+06,44
2,spsc_unaligned_65536_cross-core_unpaced,0,queue,1.22881e+06,1.25611e+06,25
2,spsc_unaligned_65536_cross-core_unpaced,0,queue,1.25611e+06,1.28342e+06,25
2,spsc_unaligned_65536_cross-core_unpaced,0,queue,1.28342e+06,1.31073e+06,25
2,spsc_unaligned_65536_cross-core_unpaced,0,queue,1.31073e+06,1.33803e+06,14
2,spsc_unaligned_65536_cross-core_unpaced,0,queue,1.33803e+06,1.36534e+06,31
2,spsc_unaligned_65536_cross-core_unpaced,0,queue,1.36534e+06,1.39265e+06,21
2,spsc_unaligned_65536_cross-core_unpaced,0,queue,1.39265e+06,1.41995e+06,20
2,spsc_unaligned_65536_cross-core_unpaced,0,queue,1.41995e+06,1.44726e+06,30
2,spsc_unaligned_65536_cross-core_unpaced,0,queue,1.44726e+06,1.47457e+06,23
2,spsc_unaligned_65536_cross-core_unpaced,0,queue,1.47457e+06,1.50187e+06,21
2,spsc_unaligned_65536_cross-core_unpaced,0,queue,1.50187e+06,1.52918e+06,18
2,spsc_unaligned_65536_cross-core_unpaced,0,queue,1.52918e+06,1.55649e+06,30
2,spsc_unaligned_65536_cross-core_unpaced,0,queue,1.55649e+06,1.5838e+06,18
2,spsc_unaligned_65536_cross-core_unpaced,0,queue,1.5838e+06,1.6111e+06,19
2,spsc_unaligned_65536_cross-core_unpaced,0,queue,1.6111e+06,1.63841e+06,23
2,spsc_unaligned_65536_cross-core_unpaced,0,queue,1.63841e+06,1.66572e+06,21
2,spsc_unaligned_65536_cross-core_unpaced,0,queue,1.66572e+06,1.69302e+06,16
2,spsc_unaligned_65536_cross-core_unpaced,0,queue,1.69302e+06,1.72033e+06,22
2,spsc_unaligned_65536_cross-core_unpaced,0,queue,1.72033e+06,1.74764e+06,28
2,spsc_unaligned_65536_cross-core_unpaced,0,queue,1.74764e+06,1.80225e+06,57
2,spsc_unaligned_65536_cross-core_unpaced,0,queue,1.80225e+06,1.85686e+06,67
2,spsc_unaligned_65536_cross-core_unpaced,0,queue,1.85686e+06,1.91148e+06,51
2,spsc_unaligned_65536_cross-core_unpaced,0,queue,1.91148e+06,1.96609e+06,53
2,spsc_unaligned_65536_cross-core_unpaced,0,queue,1.96609e+06,2.0207e+06,46
2,spsc_unaligned_65536_cross-core_unpaced,0,queue,2.0207e+06,2.07532e+06,38
2,spsc_unaligned_65536_cross-core_unpaced,0,queue,2.07532e+06,2.12993e+06,47
2,spsc_unaligned_65536_cross-core_unpaced,0,queue,2.12993e+06,2.18455e+06,46
2,spsc_unaligned_65536_cross-core_unpaced,0,queue,2.18455e+06,2.23916e+06,60
2,spsc_unaligned_65536_cross-core_unpaced,0,queue,2.23916e+06,2.29377e+06,56
2,spsc_unaligned_65536_cross-core_unpaced,0,queue,2.29377e+06,2.34839e+06,47
2,spsc_unaligned_65536_cross-core_unpaced,0,queue,2.34839e+06,2.403e+06,58
2,spsc_unaligned_65536_cross-core_unpaced,0,queue,2.403e+06,2.45761e+06,35
2,spsc_unaligned_65536_cross-core_unpaced,0,queue,2.45761e+06,2.51223e+06,49
2,spsc_unaligned_65536_cross-core_unpaced,0,queue,2.51223e+06,2.56684e+06,43
2,spsc_unaligned_65536_cross-core_unpaced,0,queue,2.56684e+06,2.62145e+06,42
2,spsc_unaligned_65536_cross-core_unpaced,0,queue,2.62145e+06,2.67607e+06,40
2,spsc_unaligned_65536_cross-core_unpaced,0,queue,2.67607e+06,2.73068e+06,46
2,spsc_unaligned_65536_cross-core_unpaced,0,queue,2.73068e+06,2.78529e+06,37
2,spsc_unaligned_65536_cross-core_unpaced,0,queue,2.78529e+06,2.83991e+06,42
2,spsc_unaligned_65536_cross-core_unpaced,0,queue,2.83991e+06,2.89452e+06,26
2,spsc_unaligned_65536_cross-core_unpaced,0,queue,2.89452e+06,2.94914e+06,42
2,spsc_unaligned_65536_cross-core_unpaced,0,queue,2.94914e+06,3.00375e+06,35
2,spsc_unaligned_65536_cross-core_unpaced,0,queue,3.00375e+06,3.05836e+06,49
2,spsc_unaligned_65536_cross-core_unpaced,0,queue,3.05836e+06,3.11298e+06,39
2,spsc_unaligned_65536_cross-core_unpaced,0,queue,3.11298e+06,3.16759e+06,43
2,spsc_unaligned_65536_cross-core_unpaced,0,queue,3.16759e+06,3.2222e+06,35
2,spsc_unaligned_65536_cross-core_unpaced,0,queue,3.2222e+06,3.27682e+06,37
2,spsc_unaligned_65536_cross-core_unpaced,0,queue,3.27682e+06,3.33143e+06,49
2,spsc_unaligned_65536_cross-core_unpaced,0,queue,3.33143e+06,3.38604e+06,52
2,spsc_unaligned_65536_cross-core_unpaced,0,queue,3.38604e+06,3.44066e+06,25
2,spsc_unaligned_65536_cross-core_unpaced,0,queue,3.44066e+06,3.49527e+06,33
2,spsc_unaligned_65536_cross-core_unpaced,0,queue,3.49527e+06,3.6045e+06,71
2,spsc_unaligned_65536_cross-core_unpaced,0,queue,3.6045e+06,3.71373e+06,79
2,spsc_unaligned_65536_cross-core_unpaced,0,queue,3.71373e+06,3.82295e+06,65
2,spsc_unaligned_65536_cross-core_unpaced,0,queue,3.82295e+06,3.93218e+06,77
2,spsc_unaligned_65536_cross-core_unpaced,0,queue,3.93218e+06,4.04141e+06,65
2,spsc_unaligned_65536_cross-core_unpaced,0,queue,4.04141e+06,4.15064e+06,83
2,spsc_unaligned_65536_cross-core_unpaced,0,queue,4.15064e+06,4.25986e+06,59
2,spsc_unaligned_65536_cross-core_unpaced,0,queue,4.25986e+06,4.36909e+06,89
2,spsc_unaligned_65536_cross-core_unpaced,0,queue,4.36909e+06,4.47832e+06,91
2,spsc_unaligned_65536_cross-core_unpaced,0,queue,4.47832e+06,4.58754e+06,72
2,spsc_unaligned_65536_cross-core_unpaced,0,queue,4.58754e+06,4.69677e+06,83
2,spsc_unaligned_65536_cross-core_unpaced,0,queue,4.69677e+06,4.806e+06,87
2,spsc_unaligned_65536_cross-core_unpaced,0,queue,4.806e+06,4.91523e+06,97
2,spsc_unaligned_65536_cross-core_unpaced,0,queue,4.91523e+06,5.02445e+06,87
2,spsc_unaligned_65536_cross-core_unpaced,0,queue,5.02445e+06,5.13368e+06,87
2,spsc_unaligned_65536_cross-core_unpaced,0,queue,5.13368e+06,5.24291e+06,66
2,spsc_unaligned_65536_cross-core_unpaced,0,queue,5.24291e+06,5.35214e+06,65
2,spsc_unaligned_65536_cross-core_unpaced,0,queue,5.35214e+06,5.46136e+06,64
2,spsc_unaligned_65536_cross-core_unpaced,0,queue,5.46136e+06,5.57059e+06,68
2,spsc_unaligned_65536_cross-core_unpaced,0,queue,5.57059e+06,5.67982e+06,82
2,spsc_unaligned_65536_cross-core_unpaced,0,queue,5.67982e+06,5.78904e+06,76
2,spsc_unaligned_65536_cross-core_unpaced,0,queue,5.78904e+06,5.89827e+06,69
2,spsc_unaligned_65536_cross-core_unpaced,0,queue,5.89827e+06,6.0075e+06,60
2,spsc_unaligned_65536_cross-core_unpaced,0,queue,6.0075e+06,6.11673e+06,63
2,spsc_unaligned_65536_cross-core_unpaced,0,queue,6.11673e+06,6.22595e+06,66
2,spsc_unaligned_65536_cross-core_unpaced,0,queue,6.22595e+06,6.33518e+06,93
2,spsc_unaligned_65536_cross-core_unpaced,0,queue,6.33518e+06,6.44441e+06,63
2,spsc_unaligned_65536_cross-core_unpaced,0,queue,6.44441e+06,6.55364e+06,86
2,spsc_unaligned_65536_cross-core_unpaced,0,queue,6.55364e+06,6.66286e+06,76
2,spsc_unaligned_65536_cross-core_unpaced,0,queue,6.66286e+06,6.77209e+06,83
2,spsc_unaligned_65536_cross-core_unpaced,0,queue,6.77209e+06,6.88132e+06,73
2,spsc_unaligned_65536_cross-core_unpaced,0,queue,6.88132e+06,6.99054e+06,74
2,spsc_unaligned_65536_cross-core_unpaced,0,queue,6.99054e+06,7.209e+06,138
2,spsc_unaligned_65536_cross-core_unpaced,0,queue,7.209e+06,7.42745e+06,143
2,spsc_unaligned_65536_cross-core_unpaced,0,queue,7.42745e+06,7.64591e+06,161
2,spsc_unaligned_65536_cross-core_unpaced,0,queue,7.64591e+06,7.86436e+06,136
2,spsc_unaligned_65536_cross-core_unpaced,0,queue,7.86436e+06,8.08282e+06,168
2,spsc_unaligned_65536_cross-core_unpaced,0,queue,8.08282e+06,8.30127e+06,331
2,spsc_unaligned_65536_cross-core_unpaced,0,queue,8.30127e+06,8.51973e+06,288
2,spsc_unaligned_65536_cross-core_unpaced,0,queue,8.51973e+06,8.73818e+06,358
2,spsc_unaligned_65536_cross-core_unpaced,0,queue,8.73818e+06,8.95663e+06,317
2,spsc_unaligned_65536_cross-core_unpaced,0,queue,8.95663e+06,9.17509e+06,302
2,spsc_unaligned_65536_cross-core_unpaced,0,queue,9.17509e+06,9.39354e+06,7738
2,spsc_unaligned_65536_cross-core_unpaced,0,queue,9.39354e+06,9.612e+06,166100
2,spsc_unaligned_65536_cross-core_unpaced,0,queue,9.612e+06,9.83045e+06,48350
2,spsc_unaligned_65536_cross-core_unpaced,0,queue,9.83045e+06,1.00489e+07,22412
2,spsc_unaligned_65536_cross-core_unpaced,0,queue,1.00489e+07,1.02674e+07,13016
2,spsc_unaligned_65536_cross-core_unpaced,0,queue,1.02674e+07,1.04858e+07,10167
2,spsc_unaligned_65536_cross-core_unpaced,0,queue,1.04858e+07,1.07043e+07,12575
2,spsc_unaligned_65536_cross-core_unpaced,0,queue,1.07043e+07,1.09227e+07,9926
2,spsc_unaligned_65536_cross-core_unpaced,0,queue,1.09227e+07,1.11412e+07,7680
2,spsc_unaligned_65536_cross-core_unpaced,0,queue,1.11412e+07,1.13596e+07,5235
2,spsc_unaligned_65536_cross-core_unpaced,0,queue,1.13596e+07,1.15781e+07,4838
2,spsc_unaligned_65536_cross-core_unpaced,0,queue,1.15781e+07,1.17965e+07,4276
2,spsc_unaligned_65536_cross-core_unpaced,0,queue,1.17965e+07,1.2015e+07,4277
2,spsc_unaligned_65536_cross-core_unpaced,0,queue,1.2015e+07,1.22335e+07,3317
2,spsc_unaligned_65536_cross-core_unpaced,0,queue,1.22335e+07,1.24519e+07,1788
2,spsc_unaligned_65536_cross-core_unpaced,0,queue,1.24519e+07,1.26704e+07,4921
2,spsc_unaligned_65536_cross-core_unpaced,0,queue,1.26704e+07,1.28888e+07,14942
2,spsc_unaligned_65536_cross-core_unpaced,0,queue,1.28888e+07,1.31073e+07,66304
2,spsc_unaligned_65536_cross-core_unpaced,0,queue,1.31073e+07,1.33257e+07,171680
2,spsc_unaligned_65536_cross-core_unpaced,0,queue,1.33257e+07,1.35442e+07,284801
2,spsc_unaligned_65536_cross-core_unpaced,0,queue,1.35442e+07,1.37626e+07,334358
2,spsc_unaligned_65536_cross-core_unpaced,0,queue,1.37626e+07,1.39811e+07,353998
2,spsc_unaligned_65536_cross-core_unpaced,0,queue,1.39811e+07,1.4418e+07,550105
2,spsc_unaligned_65536_cross-core_unpaced,0,queue,1.4418e+07,1.48549e+07,179391
2,spsc_unaligned_65536_cross-core_unpaced,0,queue,1.48549e+07,1.52918e+07,39886
2,spsc_unaligned_65536_cross-core_unpaced,0,queue,1.52918e+07,1.57287e+07,17645
2,spsc_unaligned_65536_cross-core_unpaced,0,queue,1.57287e+07,1.61656e+07,10172
2,spsc_unaligned_65536_cross-core_unpaced,0,queue,1.61656e+07,1.66025e+07,7977
2,spsc_unaligned_65536_cross-core_unpaced,0,queue,1.66025e+07,1.70395e+07,2412
2,spsc_unaligned_65536_cross-core_unpaced,0,queue,1.70395e+07,1.74764e+07,2907
2,spsc_unaligned_65536_cross-core_unpaced,0,queue,1.74764e+07,1.79133e+07,751
2,spsc_unaligned_65536_cross-core_unpaced,0,queue,1.79133e+07,1.83502e+07,766
2,spsc_unaligned_65536_cross-core_unpaced,0,queue,1.83502e+07,1.87871e+07,1050
2,spsc_unaligned_65536_cross-core_unpaced,0,queue,1.87871e+07,1.9224e+07,1425
2,spsc_unaligned_65536_cross-core_unpaced,0,queue,1.9224e+07,1.96609e+07,766
2,spsc_unaligned_65536_cross-core_unpaced,0,queue,1.96609e+07,2.00978e+07,465
2,spsc_unaligned_65536_cross-core_unpaced,0,queue,2.00978e+07,2.05347e+07,418
2,spsc_unaligned_65536_cross-core_unpaced,0,queue,2.05347e+07,2.09716e+07,454
2,spsc_unaligned_65536_cross-core_unpaced,0,queue,2.09716e+07,2.14085e+07,440
2,spsc_unaligned_65536_cross-core_unpaced,0,queue,2.14085e+07,2.18455e+07,374
2,spsc_unaligned_65536_cross-core_unpaced,0,queue,2.18455e+07,2.22824e+07,741
2,spsc_unaligned_65536_cross-core_unpaced,0,queue,2.22824e+07,2.27193e+07,788
2,spsc_unaligned_65536_cross-core_unpaced,0,queue,2.27193e+07,2.31562e+07,2209
2,spsc_unaligned_65536_cross-core_unpaced,0,book,15.0001,15.4167,10
2,spsc_unaligned_65536_cross-core_unpaced,0,book,15.8334,16.2501,149
2,spsc_unaligned_65536_cross-core_unpaced,0,book,16.6668,17.0834,207
2,spsc_unaligned_65536_cross-core_unpaced,0,book,17.5001,17.9168,35
2,spsc_unaligned_65536_cross-core_unpaced,0,book,18.3334,18.7501,70
2,spsc_unaligned_65536_cross-core_unpaced,0,book,19.1668,19.5834,382
2,spsc_unaligned_65536_cross-core_unpaced,0,book,20.0001,20.4168,3132
2,spsc_unaligned_65536_cross-core_unpaced,0,book,20.8334,21.2501,15507
2,spsc_unaligned_65536_cross-core_unpaced,0,book,21.6668,22.0835,16811
2,spsc_unaligned_65536_cross-core_unpaced,0,book,22.5001,22.9168,4909
2,spsc_unaligned_65536_cross-core_unpaced,0,book,23.3335,23.7501,860
2,spsc_unaligned_65536_cross-core_unpaced,0,book,24.1668,24.5835,335
2,spsc_unaligned_65536_cross-core_unpaced,0,book,25.0001,25.4168,470
2,spsc_unaligned_65536_cross-core_unpaced,0,book,25.8335,26.2501,506
2,spsc_unaligned_65536_cross-core_unpaced,0,book,26.6668,27.5001,696
2,spsc_unaligned_65536_cross-core_unpaced,0,book,27.5001,28.3335,737
2,spsc_unaligned_65536_cross-core_unpaced,0,book,28.3335,29.1668,1638
2,spsc_unaligned_65536_cross-core_unpaced,0,book,29.1668,30.0002,6047
2,spsc_unaligned_65536_cross-core_unpaced,0,book,30.0002,30.8335,4935
2,spsc_unaligned_65536_cross-core_unpaced,0,book,30.8335,31.6668,4273
2,spsc_unaligned_65536_cross-core_unpaced,0,book,31.6668,32.5002,8033
2,spsc_unaligned_65536_cross-core_unpaced,0,book,32.5002,33.3335,12945
2,spsc_unaligned_65536_cross-core_unpaced,0,book,33.3335,34.1669,14046
2,spsc_unaligned_65536_cross-core_unpaced,0,book,34.1669,35.0002,8796
2,spsc_unaligned_65536_cross-core_unpaced,0,book,35.0002,35.8335,5801
2,spsc_unaligned_65536_cross-core_unpaced,0,book,35.8335,36.6669,3532
2,spsc_unaligned_65536_cross-core_unpaced,0,book,36.6669,37.5002,2842
2,spsc_unaligned_65536_cross-core_unpaced,0,book,37.5002,38.3335,3585
2,spsc_unaligned_65536_cross-core_unpaced,0,book,38.3335,39.1669,3209
2,spsc_unaligned_65536_cross-core_unpaced,0,book,39.1669,40.0002,3434
2,spsc_unaligned_65536_cross-core_unpaced,0,book,40.0002,40.8336,5593
2,spsc_unaligned_65536_cross-core_unpaced,0,book,40.8336,41.6669,6398
2,spsc_unaligned_65536_cross-core_unpaced,0,book,41.6669,42.5002,7226
2,spsc_unaligned_65536_cross-core_unpaced,0,book,42.5002,43.3336,7434
2,spsc_unaligned_65536_cross-core_unpaced,0,book,43.3336,44.1669,6264
2,spsc_unaligned_65536_cross-core_unpaced,0,book,44.1669,45.0002,6198
2,spsc_unaligned_65536_cross-core_unpaced,0,book,45.0002,45.8336,5792
2,spsc_unaligned_65536_cross-core_unpaced,0,book,45.8336,46.6669,5753
2,spsc_unaligned_65536_cross-core_unpaced,0,book,46.6669,47.5003,7590
2,spsc_unaligned_65536_cross-core_unpaced,0,book,47.5003,48.3336,7332
2,spsc_unaligned_65536_cross-core_unpaced,0,book,48.3336,49.1669,7716
2,spsc_unaligned_65536_cross-core_unpaced,0,book,49.1669,50.0003,7984
2,spsc_unaligned_65536_cross-core_unpaced,0,book,50.0003,50.8336,8159
2,spsc_unaligned_65536_cross-core_unpaced,0,book,50.8336,51.6669,9306
2,spsc_unaligned_65536_cross-core_unpaced,0,book,51.6669,52.5003,8972
2,spsc_unaligned_65536_cross-core_unpaced,0,book,52.5003,53.3336,8641
2,spsc_unaligned_65536_cross-core_unpaced,0,book,53.3336,55.0003,17085
2,spsc_unaligned_65536_cross-core_unpaced,0,book,55.0003,56.667,17566
2,spsc_unaligned_65536_cross-core_unpaced,0,book,56.667,58.3336,17614
2,spsc_unaligned_65536_cross-core_unpaced,0,book,58.3336,60.0003,16868
2,spsc_unaligned_65536_cross-core_unpaced,0,book,60.0003,61.667,17854
2,spsc_unaligned_65536_cross-core_unpaced,0,book,61.667,63.3337,17520
2,spsc_unaligned_65536_cross-core_unpaced,0,book,63.3337,65.0003,15838
2,spsc_unaligned_65536_cross-core_unpaced,0,book,65.0003,66.667,15238
2,spsc_unaligned_65536_cross-core_unpaced,0,book,66.667,68.3337,15700
2,spsc_unaligned_65536_cross-core_unpaced,0,book,68.3337,70.0004,16173
2,spsc_unaligned_65536_cross-core_unpaced,0,book,70.0004,71.6671,16085
2,spsc_unaligned_65536_cross-core_unpaced,0,book,71.6671,73.3337,14341
2,spsc_unaligned_65536_cross-core_unpaced,0,book,73.3337,75.0004,13438
2,spsc_unaligned_65536_cross-core_unpaced,0,book,75.0004,76.6671,12839
2,spsc_unaligned_65536_cross-core_unpaced,0,book,76.6671,78.3338,12283
2,spsc_unaligned_65536_cross-core_unpaced,0,book,78.3338,80.0004,11518
2,spsc_unaligned_65536_cross-core_unpaced,0,book,80.0004,81.6671,12491
2,spsc_unaligned_65536_cross-core_unpaced,0,book,81.6671,83.3338,12079
2,spsc_unaligned_65536_cross-core_unpaced,0,book,83.3338,85.0005,10745
2,spsc_unaligned_65536_cross-core_unpaced,0,book,85.0005,86.6671,9869
2,spsc_unaligned_65536_cross-core_unpaced,0,book,86.6671,88.3338,9595
2,spsc_unaligned_65536_cross-core_unpaced,0,book,88.3338,90.0005,9323
2,spsc_unaligned_65536_cross-core_unpaced,0,book,90.0005,91.6672,9156
2,spsc_unaligned_65536_cross-core_unpaced,0,book,91.6672,93.3338,8552
2,spsc_unaligned_65536_cross-core_unpaced,0,book,93.3338,95.0005,8464
2,spsc_unaligned_65536_cross-core_unpaced,0,book,95.0005,96.6672,8495
2,spsc_unaligned_65536_cross-core_unpaced,0,book,96.6672,98.3339,8350
2,spsc_unaligned_65536_cross-core_unpaced,0,book,98.3339,100.001,8075
2,spsc_unaligned_65536_cross-core_unpaced,0,book,100.001,101.667,8344
2,spsc_unaligned_65536_cross-core_unpaced,0,book,101.667,103.334,8234
2,spsc_unaligned_65536_cross-core_unpaced,0,book,103.334,105.001,8016
2,spsc_unaligned_65536_cross-core_unpaced,0,book,105.001,106.667,7856
2,spsc_unaligned_65536_cross-core_unpaced,0,book,106.667,110.001,15755
2,spsc_unaligned_65536_cross-core_unpaced,0,book,110.001,113.334,14557
2,spsc_unaligned_65536_cross-core_unpaced,0,book,113.334,116.667,13748
2,spsc_unaligned_65536_cross-core_unpaced,0,book,116.667,120.001,12377
2,spsc_unaligned_65536_cross-core_unpaced,0,book,120.001,123.334,11352
2,spsc_unaligned_65536_cross-core_unpaced,0,book,123.334,126.667,12556
2,spsc_unaligned_65536_cross-core_unpaced,0,book,126.667,130.001,21660
2,spsc_unaligned_65536_cross-core_unpaced,0,book,130.001,133.334,26138
2,spsc_unaligned_65536_cross-core_unpaced,0,book,133.334,136.667,22953
2,spsc_unaligned_65536_cross-core_unpaced,0,book,136.667,140.001,33116
2,spsc_unaligned_65536_cross-core_unpaced,0,book,140.001,143.334,56917
2,spsc_unaligned_65536_cross-core_unpaced,0,book,143.334,146.667,53514
2,spsc_unaligned_65536_cross-core_unpaced,0,book,146.667,150.001,47832
2,spsc_unaligned_65536_cross-core_unpaced,0,book,150.001,153.334,58955
2,spsc_unaligned_65536_cross-core_unpaced,0,book,153.334,156.668,68907
2,spsc_unaligned_65536_cross-core_unpaced,0,book,156.668,160.001,54485
2,spsc_unaligned_65536_cross-core_unpaced,0,book,160.001,163.334,50094
2,spsc_unaligned_65536_cross-core_unpaced,0,book,163.334,166.668,49792
2,spsc_unaligned_65536_cross-core_unpaced,0,book,166.668,170.001,44751
2,spsc_unaligned_65536_cross-core_unpaced,0,book,170.001,173.334,37457
2,spsc_unaligned_65536_cross-core_unpaced,0,book,173.334,176.668,36866
2,spsc_unaligned_65536_cross-core_unpaced,0,book,176.668,180.001,33941
2,spsc_unaligned_65536_cross-core_unpaced,0,book,180.001,183.334,33732
2,spsc_unaligned_65536_cross-core_unpaced,0,book,183.334,186.668,31770
2,spsc_unaligned_65536_cross-core_unpaced,0,book,186.668,190.001,33056
2,spsc_unaligned_65536_cross-core_unpaced,0,book,190.001,193.334,32985
2,spsc_unaligned_65536_cross-core_unpaced,0,book,193.334,196.668,33222
2,spsc_unaligned_65536_cross-core_unpaced,0,book,196.668,200.001,31054
2,spsc_unaligned_65536_cross-core_unpaced,0,book,200.001,203.334,32349
2,spsc_unaligned_65536_cross-core_unpaced,0,book,203.334,206.668,30539
2,spsc_unaligned_65536_cross-core_unpaced,0,book,206.668,210.001,29272
2,spsc_unaligned_65536_cross-core_unpaced,0,book,210.001,213.334,26440
2,spsc_unaligned_65536_cross-core_unpaced,0,book,213.334,220.001,48554
2,spsc_unaligned_65536_cross-core_unpaced,0,book,220.001,226.668,41262
2,spsc_unaligned_65536_cross-core_unpaced,0,book,226.668,233.335,35508
2,spsc_unaligned_65536_cross-core_unpaced,0,book,233.335,240.001,30731
2,spsc_unaligned_65536_cross-core_unpaced,0,book,240.001,246.668,28194
2,spsc_unaligned_65536_cross-core_unpaced,0,book,246.668,253.335,25364
2,spsc_unaligned_65536_cross-core_unpaced,0,book,253.335,260.001,22819
2,spsc_unaligned_65536_cross-core_unpaced,0,book,260.001,266.668,21398
2,spsc_unaligned_65536_cross-core_unpaced,0,book,266.668,273.335,20047
2,spsc_unaligned_65536_cross-core_unpaced,0,book,273.335,280.002,18917
2,spsc_unaligned_65536_cross-core_unpaced,0,book,280.002,286.668,17748
2,spsc_unaligned_65536_cross-core_unpaced,0,book,286.668,293.335,17020
2,spsc_unaligned_65536_cross-core_unpaced,0,book,293.335,300.002,15832
2,spsc_unaligned_65536_cross-core_unpaced,0,book,300.002,306.668,15466
2,spsc_unaligned_65536_cross-core_unpaced,0,book,306.668,313.335,14993
2,spsc_unaligned_65536_cross-core_unpaced,0,book,313.335,320.002,14191
2,spsc_unaligned_65536_cross-core_unpaced,0,book,320.002,326.668,13871
2,spsc_unaligned_65536_cross-core_unpaced,0,book,326.668,333.335,13357
2,spsc_unaligned_65536_cross-core_unpaced,0,book,333.335,340.002,13001
2,spsc_unaligned_65536_cross-core_unpaced,0,book,340.002,346.669,12608
2,spsc_unaligned_65536_cross-core_unpaced,0,book,346.669,353.335,11969
2,spsc_unaligned_65536_cross-core_unpaced,0,book,353.335,360.002,11446
2,spsc_unaligned_65536_cross-core_unpaced,0,book,360.002,366.669,11065
2,spsc_unaligned_65536_cross-core_unpaced,0,book,366.669,373.335,10531
2,spsc_unaligned_65536_cross-core_unpaced,0,book,373.335,380.002,10090
2,spsc_unaligned_65536_cross-core_unpaced,0,book,380.002,386.669,9487
2,spsc_unaligned_65536_cross-core_unpaced,0,book,386.669,393.335,9268
2,spsc_unaligned_65536_cross-core_unpaced,0,book,393.335,400.002,8541
2,spsc_unaligned_65536_cross-core_unpaced,0,book,400.002,406.669,8090
2,spsc_unaligned_65536_cross-core_unpaced,0,book,406.669,413.336,7686
2,spsc_unaligned_65536_cross-core_unpaced,0,book,413.336,420.002,7092
2,spsc_unaligned_65536_cross-core_unpaced,0,book,420.002,426.669,7166
2,spsc_unaligned_65536_cross-core_unpaced,0,book,426.669,440.002,13080
2,spsc_unaligned_65536_cross-core_unpaced,0,book,440.002,453.336,11165
2,spsc_unaligned_65536_cross-core_unpaced,0,book,453.336,466.669,9144
2,spsc_unaligned_65536_cross-core_unpaced,0,book,466.669,480.003,7823
2,spsc_unaligned_65536_cross-core_unpaced,0,book,480.003,493.336,6923
2,spsc_unaligned_65536_cross-core_unpaced,0,book,493.336,506.669,5878
2,spsc_unaligned_65536_cross-core_unpaced,0,book,506.669,520.003,4901
2,spsc_unaligned_65536_cross-core_unpaced,0,book,520.003,533.336,4242
2,spsc_unaligned_65536_cross-core_unpaced,0,book,533.336,546.67,3875
2,spsc_unaligned_65536_cross-core_unpaced,0,book,546.67,560.003,3420
2,spsc_unaligned_65536_cross-core_unpaced,0,book,560.003,573.336,3073
2,spsc_unaligned_65536_cross-core_unpaced,0,book,573.336,586.67,2647
2,spsc_unaligned_65536_cross-core_unpaced,0,book,586.67,600.003,2346
2,spsc_unaligned_65536_cross-core_unpaced,0,book,600.003,613.337,1991
2,spsc_unaligned_65536_cross-core_unpaced,0,book,613.337,626.67,1766
2,spsc_unaligned_65536_cross-core_unpaced,0,book,626.67,640.003,1588
2,spsc_unaligned_65536_cross-core_unpaced,0,book,640.003,653.337,1390
2,spsc_unaligned_65536_cross-core_unpaced,0,book,653.337,666.67,1196
2,spsc_unaligned_65536_cross-core_unpaced,0,book,666.67,680.004,1162
2,spsc_unaligned_65536_cross-core_unpaced,0,book,680.004,693.337,940
2,spsc_unaligned_65536_cross-core_unpaced,0,book,693.337,706.67,869
2,spsc_unaligned_65536_cross-core_unpaced,0,book,706.67,720.004,777
2,spsc_unaligned_65536_cross-core_unpaced,0,book,720.004,733.337,626
2,spsc_unaligned_65536_cross-core_unpaced,0,book,733.337,746.671,551
2,spsc_unaligned_65536_cross-core_unpaced,0,book,746.671,760.004,522
2,spsc_unaligned_65536_cross-core_unpaced,0,book,760.004,773.337,416
2,spsc_unaligned_65536_cross-core_unpaced,0,book,773.337,786.671,367
2,spsc_unaligned_65536_cross-core_unpaced,0,book,786.671,800.004,337
2,spsc_unaligned_65536_cross-core_unpaced,0,book,800.004,813.338,264
2,spsc_unaligned_65536_cross-core_unpaced,0,book,813.338,826.671,265
2,spsc_unaligned_65536_cross-core_unpaced,0,book,826.671,840.005,226
2,spsc_unaligned_65536_cross-core_unpaced,0,book,840.005,853.338,211
2,spsc_unaligned_65536_cross-core_unpaced,0,book,853.338,880.005,309
2,spsc_unaligned_65536_cross-core_unpaced,0,book,880.005,906.672,252
2,spsc_unaligned_65536_cross-core_unpaced,0,book,906.672,933.338,206
2,spsc_unaligned_65536_cross-core_unpaced,0,book,933.338,960.005,147
2,spsc_unaligned_65536_cross-core_unpaced,0,book,960.005,986.672,137
2,spsc_unaligned_65536_cross-core_unpaced,0,book,986.672,1013.34,85
2,spsc_unaligned_65536_cross-core_unpaced,0,book,1013.34,1040.01,77
2,spsc_unaligned_65536_cross-core_unpaced,0,book,1040.01,1066.67,54
2,spsc_unaligned_65536_cross-core_unpaced,0,book,1066.67,1093.34,52
2,spsc_unaligned_65536_cross-core_unpaced,0,book,1093.34,1120.01,42
2,spsc_unaligned_65536_cross-core_unpaced,0,book,1120.01,1146.67,24
2,spsc_unaligned_65536_cross-core_unpaced,0,book,1146.67,1173.34,23
2,spsc_unaligned_65536_cross-core_unpaced,0,book,1173.34,1200.01,21
2,spsc_unaligned_65536_cross-core_unpaced,0,book,1200.01,1226.67,18
2,spsc_unaligned_65536_cross-core_unpaced,0,book,1226.67,1253.34,22
2,spsc_unaligned_65536_cross-core_unpaced,0,book,1253.34,1280.01,15
2,spsc_unaligned_65536_cross-core_unpaced,0,book,1280.01,1306.67,5
2,spsc_unaligned_65536_cross-core_unpaced,0,book,1306.67,1333.34,13
2,spsc_unaligned_65536_cross-core_unpaced,0,book,1333.34,1360.01,10
2,spsc_unaligned_65536_cross-core_unpaced,0,book,1360.01,1386.67,5
2,spsc_unaligned_65536_cross-core_unpaced,0,book,1386.67,1413.34,11
2,spsc_unaligned_65536_cross-core_unpaced,0,book,1413.34,1440.01,11
2,spsc_unaligned_65536_cross-core_unpaced,0,book,1440.01,1466.67,5
2,spsc_unaligned_65536_cross-core_unpaced,0,book,1466.67,1493.34,4
2,spsc_unaligned_65536_cross-core_unpaced,0,book,1493.34,1520.01,4
2,spsc_unaligned_65536_cross-core_unpaced,0,book,1520.01,1546.67,7
2,spsc_unaligned_65536_cross-core_unpaced,0,book,1546.67,1573.34,8
2,spsc_unaligned_65536_cross-core_unpaced,0,book,1573.34,1600.01,9
2,spsc_unaligned_65536_cross-core_unpaced,0,book,1600.01,1626.68,7
2,spsc_unaligned_65536_cross-core_unpaced,0,book,1626.68,1653.34,8
2,spsc_unaligned_65536_cross-core_unpaced,0,book,1653.34,1680.01,8
2,spsc_unaligned_65536_cross-core_unpaced,0,book,1680.01,1706.68,5
2,spsc_unaligned_65536_cross-core_unpaced,0,book,1706.68,1760.01,11
2,spsc_unaligned_65536_cross-core_unpaced,0,book,1760.01,1813.34,6
2,spsc_unaligned_65536_cross-core_unpaced,0,book,1813.34,1866.68,9
2,spsc_unaligned_65536_cross-core_unpaced,0,book,1866.68,1920.01,11
2,spsc_unaligned_65536_cross-core_unpaced,0,book,1920.01,1973.34,9
2,spsc_unaligned_65536_cross-core_unpaced,0,book,1973.34,2026.68,9
2,spsc_unaligned_65536_cross-core_unpaced,0,book,2026.68,2080.01,2
2,spsc_unaligned_65536_cross-core_unpaced,0,book,2080.01,2133.34,3
2,spsc_unaligned_65536_cross-core_unpaced,0,book,2133.34,2186.68,5
2,spsc_unaligned_65536_cross-core_unpaced,0,book,2186.68,2240.01,5
2,spsc_unaligned_65536_cross-core_unpaced,0,book,2240.01,2293.35,4
2,spsc_unaligned_65536_cross-core_unpaced,0,book,2346.68,2400.01,2
2,spsc_unaligned_65536_cross-core_unpaced,0,book,2400.01,2453.35,2
2,spsc_unaligned_65536_cross-core_unpaced,0,book,2453.35,2506.68,1
2,spsc_unaligned_65536_cross-core_unpaced,0,book,2613.35,2666.68,1
2,spsc_unaligned_65536_cross-core_unpaced,0,book,2826.68,2880.02,3
2,spsc_unaligned_65536_cross-core_unpaced,0,book,2986.68,3040.02,1
2,spsc_unaligned_65536_cross-core_unpaced,0,book,3040.02,3093.35,1
2,spsc_unaligned_65536_cross-core_unpaced,0,book,3146.68,3200.02,2
2,spsc_unaligned_65536_cross-core_unpaced,0,book,3200.02,3253.35,4
2,spsc_unaligned_65536_cross-core_unpaced,0,book,3253.35,3306.68,2
2,spsc_unaligned_65536_cross-core_unpaced,0,book,3306.68,3360.02,1
2,spsc_unaligned_65536_cross-core_unpaced,0,book,3360.02,3413.35,1
2,spsc_unaligned_65536_cross-core_unpaced,0,book,3413.35,3520.02,1
2,spsc_unaligned_65536_cross-core_unpaced,0,book,3520.02,3626.69,2
2,spsc_unaligned_65536_cross-core_unpaced,0,book,3626.69,3733.35,3
2,spsc_unaligned_65536_cross-core_unpaced,0,book,3733.35,3840.02,2
2,spsc_unaligned_65536_cross-core_unpaced,0,book,3840.02,3946.69,2
2,spsc_unaligned_65536_cross-core_unpaced,0,book,3946.69,4053.36,2
2,spsc_unaligned_65536_cross-core_unpaced,0,book,4053.36,4160.02,3
2,spsc_unaligned_65536_cross-core_unpaced,0,book,4160.02,4266.69,3
2,spsc_unaligned_65536_cross-core_unpaced,0,book,4266.69,4373.36,9
2,spsc_unaligned_65536_cross-core_unpaced,0,book,4373.36,4480.02,16
2,spsc_unaligned_65536_cross-core_unpaced,0,book,4480.02,4586.69,16
2,spsc_unaligned_65536_cross-core_unpaced,0,book,4586.69,4693.36,12
2,spsc_unaligned_65536_cross-core_unpaced,0,book,4693.36,4800.03,16
2,spsc_unaligned_65536_cross-core_unpaced,0,book,4800.03,4906.69,14
2,spsc_unaligned_65536_cross-core_unpaced,0,book,4906.69,5013.36,7
2,spsc_unaligned_65536_cross-core_unpaced,0,book,5013.36,5120.03,6
2,spsc_unaligned_65536_cross-core_unpaced,0,book,5120.03,5226.69,4
2,spsc_unaligned_65536_cross-core_unpaced,0,book,5226.69,5333.36,6
2,spsc_unaligned_65536_cross-core_unpaced,0,book,5333.36,5440.03,24
2,spsc_unaligned_65536_cross-core_unpaced,0,book,5440.03,5546.7,21
2,spsc_unaligned_65536_cross-core_unpaced,0,book,5546.7,5653.36,20
2,spsc_unaligned_65536_cross-core_unpaced,0,book,5653.36,5760.03,18
2,spsc_unaligned_65536_cross-core_unpaced,0,book,5760.03,5866.7,11
2,spsc_unaligned_65536_cross-core_unpaced,0,book,5866.7,5973.37,7
2,spsc_unaligned_65536_cross-core_unpaced,0,book,5973.37,6080.03,6
2,spsc_unaligned_65536_cross-core_unpaced,0,book,6080.03,6186.7,3
2,spsc_unaligned_65536_cross-core_unpaced,0,book,6293.37,6400.03,5
2,spsc_unaligned_65536_cross-core_unpaced,0,book,6400.03,6506.7,2
2,spsc_unaligned_65536_cross-core_unpaced,0,book,6506.7,6613.37,1
2,spsc_unaligned_65536_cross-core_unpaced,0,book,6613.37,6720.04,3
2,spsc_unaligned_65536_cross-core_unpaced,0,book,6720.04,6826.7,2
2,spsc_unaligned_65536_cross-core_unpaced,0,book,6826.7,7040.04,2
2,spsc_unaligned_65536_cross-core_unpaced,0,book,7040.04,7253.37,3
2,spsc_unaligned_65536_cross-core_unpaced,0,book,7253.37,7466.71,2
2,spsc_unaligned_65536_cross-core_unpaced,0,book,7466.71,7680.04,5
2,spsc_unaligned_65536_cross-core_unpaced,0,book,7680.04,7893.38,2
2,spsc_unaligned_65536_cross-core_unpaced,0,book,7893.38,8106.71,4
2,spsc_unaligned_65536_cross-core_unpaced,0,book,8106.71,8320.04,2
2,spsc_unaligned_65536_cross-core_unpaced,0,book,8320.04,8533.38,1
2,spsc_unaligned_65536_cross-core_unpaced,0,book,8533.38,8746.71,2
2,spsc_unaligned_65536_cross-core_unpaced,0,book,8746.71,8960.05,2
2,spsc_unaligned_65536_cross-core_unpaced,0,book,8960.05,9173.38,7
2,spsc_unaligned_65536_cross-core_unpaced,0,book,9173.38,9386.72,9
2,spsc_unaligned_65536_cross-core_unpaced,0,book,9386.72,9600.05,9
2,spsc_unaligned_65536_cross-core_unpaced,0,book,9600.05,9813.39,17
2,spsc_unaligned_65536_cross-core_unpaced,0,book,9813.39,10026.7,43
2,spsc_unaligned_65536_cross-core_unpaced,0,book,10026.7,10240.1,77
2,spsc_unaligned_65536_cross-core_unpaced,0,book,10240.1,10453.4,69
2,spsc_unaligned_65536_cross-core_unpaced,0,book,10453.4,10666.7,78
2,spsc_unaligned_65536_cross-core_unpaced,0,book,10666.7,10880.1,56
2,spsc_unaligned_65536_cross-core_unpaced,0,book,10880.1,11093.4,28
2,spsc_unaligned_65536_cross-core_unpaced,0,book,11093.4,11306.7,12
2,spsc_unaligned_65536_cross-core_unpaced,0,book,11306.7,11520.1,9
2,spsc_unaligned_65536_cross-core_unpaced,0,book,11520.1,11733.4,3
2,spsc_unaligned_65536_cross-core_unpaced,0,book,11733.4,11946.7,5
2,spsc_unaligned_65536_cross-core_unpaced,0,book,11946.7,12160.1,1
2,spsc_unaligned_65536_cross-core_unpaced,0,book,12160.1,12373.4,3
2,spsc_unaligned_65536_cross-core_unpaced,0,book,12373.4,12586.7,1
2,spsc_unaligned_65536_cross-core_unpaced,0,book,12586.7,12800.1,1
2,spsc_unaligned_65536_cross-core_unpaced,0,book,12800.1,13013.4,1
2,spsc_unaligned_65536_cross-core_unpaced,0,book,14506.7,14933.4,1
2,spsc_unaligned_65536_cross-core_unpaced,0,book,14933.4,15360.1,1
2,spsc_unaligned_65536_cross-core_unpaced,0,book,15786.8,16213.4,1
2,spsc_unaligned_65536_cross-core_unpaced,0,book,16213.4,16640.1,1
2,spsc_unaligned_65536_cross-core_unpaced,0,book,17920.1,18346.8,1
2,spsc_unaligned_65536_cross-core_unpaced,0,book,19626.8,20053.4,1
2,spsc_unaligned_65536_cross-core_unpaced,0,book,21760.1,22186.8,1
2,spsc_unaligned_65536_cross-core_unpaced,0,book,23893.5,24320.1,1
2,spsc_unaligned_65536_cross-core_unpaced,0,book,32426.8,33280.2,1
3,spsc_unaligned_65536_cross-core_unpaced,0,total,203.334,206.668,1
3,spsc_unaligned_65536_cross-core_unpaced,0,total,210.001,213.334,1
3,spsc_unaligned_65536_cross-core_unpaced,0,total,213.334,220.001,1
3,spsc_unaligned_65536_cross-core_unpaced,0,total,220.001,226.668,2
3,spsc_unaligned_65536_cross-core_unpaced,0,total,233.335,240.001,3
3,spsc_unaligned_65536_cross-core_unpaced,0,total,240.001,246.668,1
3,spsc_unaligned_65536_cross-core_unpaced,0,total,253.335,260.001,2
3,spsc_unaligned_65536_cross-core_unpaced,0,total,260.001,266.668,1
3,spsc_unaligned_65536_cross-core_unpaced,0,total,266.668,273.335,1
3,spsc_unaligned_65536_cross-core_unpaced,0,total,273.335,280.002,2
3,spsc_unaligned_65536_cross-core_unpaced,0,total,280.002,286.668,2
3,spsc_unaligned_65536_cross-core_unpaced,0,total,286.668,293.335,3
3,spsc_unaligned_65536_cross-core_unpaced,0,total,293.335,300.002,9
3,spsc_unaligned_65536_cross-core_unpaced,0,total,300.002,306.668,4
3,spsc_unaligned_65536_cross-core_unpaced,0,total,306.668,313.335,6
3,spsc_unaligned_65536_cross-core_unpaced,0,total,313.335,320.002,4
3,spsc_unaligned_65536_cross-core_unpaced,0,total,320.002,326.668,2
3,spsc_unaligned_65536_cross-core_unpaced,0,total,326.668,333.335,4
3,spsc_unaligned_65536_cross-core_unpaced,0,total,333.335,340.002,4
3,spsc_unaligned_65536_cross-core_unpaced,0,total,340.002,346.669,3
3,spsc_unaligned_65536_cross-core_unpaced,0,total,346.669,353.335,7
3,spsc_unaligned_65536_cross-core_unpaced,0,total,353.335,360.002,9
3,spsc_unaligned_65536_cross-core_unpaced,0,total,360.002,366.669,8
3,spsc_unaligned_65536_cross-core_unpaced,0,total,366.669,373.335,10
3,spsc_unaligned_65536_cross-core_unpaced,0,total,373.335,380.002,5
3,spsc_unaligned_65536_cross-core_unpaced,0,total,380.002,386.669,6
3,spsc_unaligned_65536_cross-core_unpaced,0,total,386.669,393.335,12
3,spsc_unaligned_65536_cross-core_unpaced,0,total,393.335,400.002,10
3,spsc_unaligned_65536_cross-core_unpaced,0,total,400.002,406.669,5
3,spsc_unaligned_65536_cross-core_unpaced,0,total,406.669,413.336,7
3,spsc_unaligned_65536_cross-core_unpaced,0,total,413.336,420.002,17
3,spsc_unaligned_65536_cross-core_unpaced,0,total,420.002,426.669,5
3,spsc_unaligned_65536_cross-core_unpaced,0,total,426.669,440.002,20
3,spsc_unaligned_65536_cross-core_unpaced,0,total,440.002,453.336,24
3,spsc_unaligned_65536_cross-core_unpaced,0,total,453.336,466.669,16
3,spsc_unaligned_65536_cross-core_unpaced,0,total,466.669,480.003,23
3,spsc_unaligned_65536_cross-core_unpaced,0,total,480.003,493.336,24
3,spsc_unaligned_65536_cross-core_unpaced,0,total,493.336,506.669,15
3,spsc_unaligned_65536_cross-core_unpaced,0,total,506.669,520.003,20
3,spsc_unaligned_65536_cross-core_unpaced,0,total,520.003,533.336,25
3,spsc_unaligned_65536_cross-core_unpaced,0,total,533.336,546.67,21
3,spsc_unaligned_65536_cross-core_unpaced,0,total,546.67,560.003,17
3,spsc_unaligned_65536_cross-core_unpaced,0,total,560.003,573.336,22
3,spsc_unaligned_65536_cross-core_unpaced,0,total,573.336,586.67,13
3,spsc_unaligned_65536_cross-core_unpaced,0,total,586.67,600.003,9
3,spsc_unaligned_65536_cross-core_unpaced,0,total,600.003,613.337,10
3,spsc_unaligned_65536_cross-core_unpaced,0,total,613.337,626.67,18
3,spsc_unaligned_65536_cross-core_unpaced,0,total,626.67,640.003,10
3,spsc_unaligned_65536_cross-core_unpaced,0,total,640.003,653.337,12
3,spsc_unaligned_65536_cross-core_unpaced,0,total,653.337,666.67,18
3,spsc_unaligned_65536_cross-core_unpaced,0,total,666.67,680.004,5
3,spsc_unaligned_65536_cross-core_unpaced,0,total,680.004,693.337,4
3,spsc_unaligned_65536_cross-core_unpaced,0,total,693.337,706.67,9
3,spsc_unaligned_65536_cross-core_unpaced,0,total,706.67,720.004,2
3,spsc_unaligned_65536_cross-core_unpaced,0,total,720.004,733.337,5
3,spsc_unaligned_65536_cross-core_unpaced,0,total,733.337,746.671,4
3,spsc_unaligned_65536_cross-core_unpaced,0,total,746.671,760.004,6
3,spsc_unaligned_65536_cross-core_unpaced,0,total,760.004,773.337,4
3,spsc_unaligned_65536_cross-core_unpaced,0,total,773.337,786.671,1
3,spsc_unaligned_65536_cross-core_unpaced,0,total,786.671,800.004,1
3,spsc_unaligned_65536_cross-core_unpaced,0,total,800.004,813.338,4
3,spsc_unaligned_65536_cross-core_unpaced,0,total,813.338,826.671,1
3,spsc_unaligned_65536_cross-core_unpaced,0,total,826.671,840.005,2
3,spsc_unaligned_65536_cross-core_unpaced,0,total,853.338,880.005,1
3,spsc_unaligned_65536_cross-core_unpaced,0,total,880.005,906.672,1
3,spsc_unaligned_65536_cross-core_unpaced,0,total,933.338,960.005,1
3,spsc_unaligned_65536_cross-core_unpaced,0,total,1013.34,1040.01,1
3,spsc_unaligned_65536_cross-core_unpaced,0,total,17493.4,17920.1,1
3,spsc_unaligned_65536_cross-core_unpaced,0,total,18346.8,18773.4,1
3,spsc_unaligned_65536_cross-core_unpaced,0,total,18773.4,19200.1,1
3,spsc_unaligned_65536_cross-core_unpaced,0,total,21760.1,22186.8,1
3,spsc_unaligned_65536_cross-core_unpaced,0,total,23040.1,23466.8,1
3,spsc_unaligned_65536_cross-core_unpaced,0,total,27306.8,28160.2,2
3,spsc_unaligned_65536_cross-core_unpaced,0,total,28160.2,29013.5,1
3,spsc_unaligned_65536_cross-core_unpaced,0,total,32426.8,33280.2,1
3,spsc_unaligned_65536_cross-core_unpaced,0,total,43520.2,44373.6,1
3,spsc_unaligned_65536_cross-core_unpaced,0,total,44373.6,45226.9,1
3,spsc_unaligned_65536_cross-core_unpaced,0,total,49493.6,50346.9,1
3,spsc_unaligned_65536_cross-core_unpaced,0,total,54613.6,56320.3,2
3,spsc_unaligned_65536_cross-core_unpaced,0,total,56320.3,58027,1
3,spsc_unaligned_65536_cross-core_unpaced,0,total,58027,59733.7,1
3,spsc_unaligned_65536_cross-core_unpaced,0,total,61440.3,63147,1
3,spsc_unaligned_65536_cross-core_unpaced,0,total,63147,64853.7,1
3,spsc_unaligned_65536_cross-core_unpaced,0,total,64853.7,66560.4,1
3,spsc_unaligned_65536_cross-core_unpaced,0,total,66560.4,68267,3
3,spsc_unaligned_65536_cross-core_unpaced,0,total,68267,69973.7,1
3,spsc_unaligned_65536_cross-core_unpaced,0,total,75093.7,76800.4,1
3,spsc_unaligned_65536_cross-core_unpaced,0,total,78507.1,80213.8,1
3,spsc_unaligned_65536_cross-core_unpaced,0,total,83627.1,85333.8,1
3,spsc_unaligned_65536_cross-core_unpaced,0,total,85333.8,87040.5,1
3,spsc_unaligned_65536_cross-core_unpaced,0,total,87040.5,88747.1,1
3,spsc_unaligned_65536_cross-core_unpaced,0,total,88747.1,90453.8,1
3,spsc_unaligned_65536_cross-core_unpaced,0,total,90453.8,92160.5,2
3,spsc_unaligned_65536_cross-core_unpaced,0,total,93867.2,95573.8,2
3,spsc_unaligned_65536_cross-core_unpaced,0,total,97280.5,98987.2,1
3,spsc_unaligned_65536_cross-core_unpaced,0,total,98987.2,100694,1
3,spsc_unaligned_65536_cross-core_unpaced,0,total,104107,105814,1
3,spsc_unaligned_65536_cross-core_unpaced,0,total,105814,107521,1
3,spsc_unaligned_65536_cross-core_unpaced,0,total,109227,112641,2
3,spsc_unaligned_65536_cross-core_unpaced,0,total,112641,116054,2
3,spsc_unaligned_65536_cross-core_unpaced,0,total,116054,119467,3
3,spsc_unaligned_65536_cross-core_unpaced,0,total,119467,122881,2
3,spsc_unaligned_65536_cross-core_unpaced,0,total,122881,126294,2
3,spsc_unaligned_65536_cross-core_unpaced,0,total,129707,133121,3
3,spsc_unaligned_65536_cross-core_unpaced,0,total,133121,136534,1
3,spsc_unaligned_65536_cross-core_unpaced,0,total,136534,139947,1
3,spsc_unaligned_65536_cross-core_unpaced,0,total,139947,143361,1
3,spsc_unaligned_65536_cross-core_unpaced,0,total,143361,146774,2
3,spsc_unaligned_65536_cross-core_unpaced,0,total,146774,150187,2
3,spsc_unaligned_65536_cross-core_unpaced,0,total,150187,153601,2
3,spsc_unaligned_65536_cross-core_unpaced,0,total,153601,157014,1
3,spsc_unaligned_65536_cross-core_unpaced,0,total,157014,160428,1
3,spsc_unaligned_65536_cross-core_unpaced,0,total,160428,163841,1
3,spsc_unaligned_65536_cross-core_unpaced,0,total,163841,167254,1
3,spsc_unaligned_65536_cross-core_unpaced,0,total,167254,170668,4
3,spsc_unaligned_65536_cross-core_unpaced,0,total,170668,174081,2
3,spsc_unaligned_65536_cross-core_unpaced,0,total,174081,177494,2
3,spsc_unaligned_65536_cross-core_unpaced,0,total,177494,180908,3
3,spsc_unaligned_65536_cross-core_unpaced,0,total,180908,184321,2
3,spsc_unaligned_65536_cross-core_unpaced,0,total,184321,187734,1
3,spsc_unaligned_65536_cross-core_unpaced,0,total,191148,194561,4
3,spsc_unaligned_65536_cross-core_unpaced,0,total,194561,197974,1
3,spsc_unaligned_65536_cross-core_unpaced,0,total,201388,204801,2
3,spsc_unaligned_65536_cross-core_unpaced,0,total,204801,208214,1
3,spsc_unaligned_65536_cross-core_unpaced,0,total,208214,211628,1
3,spsc_unaligned_65536_cross-core_unpaced,0,total,211628,215041,2
3,spsc_unaligned_65536_cross-core_unpaced,0,total,215041,218455,1
3,spsc_unaligned_65536_cross-core_unpaced,0,total,218455,225281,3
3,spsc_unaligned_65536_cross-core_unpaced,0,total,232108,238935,4
3,spsc_unaligned_65536_cross-core_unpaced,0,total,238935,245761,6
3,spsc_unaligned_65536_cross-core_unpaced,0,total,245761,252588,4
3,spsc_unaligned_65536_cross-core_unpaced,0,total,252588,259415,7
3,spsc_unaligned_65536_cross-core_unpaced,0,total,259415,266241,3
3,spsc_unaligned_65536_cross-core_unpaced,0,total,266241,273068,4
3,spsc_unaligned_65536_cross-core_unpaced,0,total,273068,279895,4
3,spsc_unaligned_65536_cross-core_unpaced,0,total,279895,286722,2
3,spsc_unaligned_65536_cross-core_unpaced,0,total,286722,293548,3
3,spsc_unaligned_65536_cross-core_unpaced,0,total,293548,300375,4
3,spsc_unaligned_65536_cross-core_unpaced,0,total,300375,307202,5
3,spsc_unaligned_65536_cross-core_unpaced,0,total,307202,314028,4
3,spsc_unaligned_65536_cross-core_unpaced,0,total,314028,320855,4
3,spsc_unaligned_65536_cross-core_unpaced,0,total,320855,327682,4
3,spsc_unaligned_65536_cross-core_unpaced,0,total,327682,334508,3
3,spsc_unaligned_65536_cross-core_unpaced,0,total,334508,341335,4
3,spsc_unaligned_65536_cross-core_unpaced,0,total,341335,348162,2
3,spsc_unaligned_65536_cross-core_unpaced,0,total,348162,354989,5
3,spsc_unaligned_65536_cross-core_unpaced,0,total,354989,361815,6
3,spsc_unaligned_65536_cross-core_unpaced,0,total,361815,368642,4
3,spsc_unaligned_65536_cross-core_unpaced,0,total,368642,375469,6
3,spsc_unaligned_65536_cross-core_unpaced,0,total,375469,382295,11
3,spsc_unaligned_65536_cross-core_unpaced,0,total,382295,389122,9
3,spsc_unaligned_65536_cross-core_unpaced,0,total,389122,395949,5
3,spsc_unaligned_65536_cross-core_unpaced,0,total,395949,402775,1
3,spsc_unaligned_65536_cross-core_unpaced,0,total,402775,409602,8
3,spsc_unaligned_65536_cross-core_unpaced,0,total,409602,416429,4
3,spsc_unaligned_65536_cross-core_unpaced,0,total,416429,423256,2
3,spsc_unaligned_65536_cross-core_unpaced,0,total,423256,430082,3
3,spsc_unaligned_65536_cross-core_unpaced,0,total,430082,436909,5
3,spsc_unaligned_65536_cross-core_unpaced,0,total,436909,450562,7
3,spsc_unaligned_65536_cross-core_unpaced,0,total,450562,464216,8
3,spsc_unaligned_65536_cross-core_unpaced,0,total,464216,477869,11
3,spsc_unaligned_65536_cross-core_unpaced,0,total,477869,491523,11
3,spsc_unaligned_65536_cross-core_unpaced,0,total,491523,505176,11
3,spsc_unaligned_65536_cross-core_unpaced,0,total,505176,518829,7
3,spsc_unaligned_65536_cross-core_unpaced,0,total,518829,532483,7
3,spsc_unaligned_65536_cross-core_unpaced,0,total,532483,546136,9
3,spsc_unaligned_65536_cross-core_unpaced,0,total,546136,559790,5
3,spsc_unaligned_65536_cross-core_unpaced,0,total,559790,573443,13
3,spsc_unaligned_65536_cross-core_unpaced,0,total,573443,587096,7
3,spsc_unaligned_65536_cross-core_unpaced,0,total,587096,600750,7
3,spsc_unaligned_65536_cross-core_unpaced,0,total,600750,614403,6
3,spsc_unaligned_65536_cross-core_unpaced,0,total,614403,628057,10
3,spsc_unaligned_65536_cross-core_unpaced,0,total,628057,641710,7
3,spsc_unaligned_65536_cross-core_unpaced,0,total,641710,655364,7
3,spsc_unaligned_65536_cross-core_unpaced,0,total,655364,669017,8
3,spsc_unaligned_65536_cross-core_unpaced,0,total,669017,682670,7
3,spsc_unaligned_65536_cross-core_unpaced,0,total,682670,696324,8
3,spsc_unaligned_65536_cross-core_unpaced,0,total,696324,709977,11
3,spsc_unaligned_65536_cross-core_unpaced,0,total,709977,723631,5
3,spsc_unaligned_65536_cross-core_unpaced,0,total,723631,737284,7
3,spsc_unaligned_65536_cross-core_unpaced,0,total,737284,750937,9
3,spsc_unaligned_65536_cross-core_unpaced,0,total,750937,764591,10
3,spsc_unaligned_65536_cross-core_unpaced,0,total,764591,778244,10
3,spsc_unaligned_65536_cross-core_unpaced,0,total,778244,791898,9
3,spsc_unaligned_65536_cross-core_unpaced,0,total,791898,805551,5
3,spsc_unaligned_65536_cross-core_unpaced,0,total,805551,819204,9
3,spsc_unaligned_65536_cross-core_unpaced,0,total,819204,832858,13
3,spsc_unaligned_65536_cross-core_unpaced,0,total,832858,846511,8
3,spsc_unaligned_65536_cross-core_unpaced,0,total,846511,860165,16
3,spsc_unaligned_65536_cross-core_unpaced,0,total,860165,873818,7
3,spsc_unaligned_65536_cross-core_unpaced,0,total,873818,901125,13
3,spsc_unaligned_65536_cross-core_unpaced,0,total,901125,928432,27
3,spsc_unaligned_65536_cross-core_unpaced,0,total,928432,955738,28
3,spsc_unaligned_65536_cross-core_unpaced,0,total,955738,983045,18
3,spsc_unaligned_65536_cross-core_unpaced,0,total,983045,1.01035e+06,17
3,spsc_unaligned_65536_cross-core_unpaced,0,total,1.01035e+06,1.03766e+06,22
3,spsc_unaligned_65536_cross-core_unpaced,0,total,1.03766e+06,1.06497e+06,17
3,spsc_unaligned_65536_cross-core_unpaced,0,total,1.06497e+06,1.09227e+06,24
3,spsc_unaligned_65536_cross-core_unpaced,0,total,1.09227e+06,1.11958e+06,18
3,spsc_unaligned_65536_cross-core_unpaced,0,total,1.11958e+06,1.14689e+06,24
3,spsc_unaligned_65536_cross-core_unpaced,0,total,1.14689e+06,1.17419e+06,37
3,spsc_unaligned_65536_cross-core_unpaced,0,total,1.17419e+06,1.2015e+06,23
3,spsc_unaligned_65536_cross-core_unpaced,0,total,1.2015e+06,1.22881e+06,27
3,spsc_unaligned_65536_cross-core_unpaced,0,total,1.22881e+06,1.25611e+06,27
3,spsc_unaligned_65536_cross-core_unpaced,0,total,1.25611e+06,1.28342e+06,17
3,spsc_unaligned_65536_cross-core_unpaced,0,total,1.28342e+06,1.31073e+06,17
3,spsc_unaligned_65536_cross-core_unpaced,0,total,1.31073e+06,1.33803e+06,24
3,spsc_unaligned_65536_cross-core_unpaced,0,total,1.33803e+06,1.36534e+06,23
3,spsc_unaligned_65536_cross-core_unpaced,0,total,1.36534e+06,1.39265e+06,25
3,spsc_unaligned_65536_cross-core_unpaced,0,total,1.39265e+06,1.41995e+06,29
3,spsc_unaligned_65536_cross-core_unpaced,0,total,1.41995e+06,1.44726e+06,21
3,spsc_unaligned_65536_cross-core_unpaced,0,total,1.44726e+06,1.47457e+06,13
3,spsc_unaligned_65536_cross-core_unpaced,0,total,1.47457e+06,1.50187e+06,27
3,spsc_unaligned_65536_cross-core_unpaced,0,total,1.50187e+06,1.52918e+06,23
3,spsc_unaligned_65536_cross-core_unpaced,0,total,1.52918e+06,1.55649e+06,16
3,spsc_unaligned_65536_cross-core_unpaced,0,total,1.55649e+06,1.5838e+06,25
3,spsc_unaligned_65536_cross-core_unpaced,0,total,1.5838e+06,1.6111e+06,29
3,spsc_unaligned_65536_cross-core_unpaced,0,total,1.6111e+06,1.63841e+06,18
3,spsc_unaligned_65536_cross-core_unpaced,0,total,1.63841e+06,1.66572e+06,23
3,spsc_unaligned_65536_cross-core_unpaced,0,total,1.66572e+06,1.69302e+06,27
3,spsc_unaligned_65536_cross-core_unpaced,0,total,1.69302e+06,1.72033e+06,20
3,spsc_unaligned_65536_cross-core_unpaced,0,total,1.72033e+06,1.74764e+06,54
3,spsc_unaligned_65536_cross-core_unpaced,0,total,1.74764e+06,1.80225e+06,66
3,spsc_unaligned_65536_cross-core_unpaced,0,total,1.80225e+06,1.85686e+06,48
3,spsc_unaligned_65536_cross-core_unpaced,0,total,1.85686e+06,1.91148e+06,44
3,spsc_unaligned_65536_cross-core_unpaced,0,total,1.91148e+06,1.96609e+06,47
3,spsc_unaligned_65536_cross-core_unpaced,0,total,1.96609e+06,2.0207e+06,42
3,spsc_unaligned_65536_cross-core_unpaced,0,total,2.0207e+06,2.07532e+06,46
3,spsc_unaligned_65536_cross-core_unpaced,0,total,2.07532e+06,2.12993e+06,54
3,spsc_unaligned_65536_cross-core_unpaced,0,total,2.12993e+06,2.18455e+06,55
3,spsc_unaligned_65536_cross-core_unpaced,0,total,2.18455e+06,2.23916e+06,49
3,spsc_unaligned_65536_cross-core_unpaced,0,total,2.23916e+06,2.29377e+06,52
3,spsc_unaligned_65536_cross-core_unpaced,0,total,2.29377e+06,2.34839e+06,52
3,spsc_unaligned_65536_cross-core_unpaced,0,total,2.34839e+06,2.403e+06,39
3,spsc_unaligned_65536_cross-core_unpaced,0,total,2.403e+06,2.45761e+06,47
3,spsc_unaligned_65536_cross-core_unpaced,0,total,2.45761e+06,2.51223e+06,31
3,spsc_unaligned_65536_cross-core_unpaced,0,total,2.51223e+06,2.56684e+06,51
3,spsc_unaligned_65536_cross-core_unpaced,0,total,2.56684e+06,2.62145e+06,40
3,spsc_unaligned_65536_cross-core_unpaced,0,total,2.62145e+06,2.67607e+06,42
3,spsc_unaligned_65536_cross-core_unpaced,0,total,2.67607e+06,2.73068e+06,36
3,spsc_unaligned_65536_cross-core_unpaced,0,total,2.73068e+06,2.78529e+06,39
3,spsc_unaligned_65536_cross-core_unpaced,0,total,2.78529e+06,2.83991e+06,35
3,spsc_unaligned_65536_cross-core_unpaced,0,total,2.83991e+06,2.89452e+06,42
3,spsc_unaligned_65536_cross-core_unpaced,0,total,2.89452e+06,2.94914e+06,45
3,spsc_unaligned_65536_cross-core_unpaced,0,total,2.94914e+06,3.00375e+06,45
3,spsc_unaligned_65536_cross-core_unpaced,0,total,3.00375e+06,3.05836e+06,42
3,spsc_unaligned_65536_cross-core_unpaced,0,total,3.05836e+06,3.11298e+06,33
3,spsc_unaligned_65536_cross-core_unpaced,0,total,3.11298e+06,3.16759e+06,36
3,spsc_unaligned_65536_cross-core_unpaced,0,total,3.16759e+06,3.2222e+06,45
3,spsc_unaligned_65536_cross-core_unpaced,0,total,3.2222e+06,3.27682e+06,66
3,spsc_unaligned_65536_cross-core_unpaced,0,total,3.27682e+06,3.33143e+06,38
3,spsc_unaligned_65536_cross-core_unpaced,0,total,3.33143e+06,3.38604e+06,41
3,spsc_unaligned_65536_cross-core_unpaced,0,total,3.38604e+06,3.44066e+06,43
3,spsc_unaligned_65536_cross-core_unpaced,0,total,3.44066e+06,3.49527e+06,39
3,spsc_unaligned_65536_cross-core_unpaced,0,total,3.49527e+06,3.6045e+06,82
3,spsc_unaligned_65536_cross-core_unpaced,0,total,3.6045e+06,3.71373e+06,71
3,spsc_unaligned_65536_cross-core_unpaced,0,total,3.71373e+06,3.82295e+06,79
3,spsc_unaligned_65536_cross-core_unpaced,0,total,3.82295e+06,3.93218e+06,71
3,spsc_unaligned_65536_cross-core_unpaced,0,total,3.93218e+06,4.04141e+06,80
3,spsc_unaligned_65536_cross-core_unpaced,0,total,4.04141e+06,4.15064e+06,70
3,spsc_unaligned_65536_cross-core_unpaced,0,total,4.15064e+06,4.25986e+06,87
3,spsc_unaligned_65536_cross-core_unpaced,0,total,4.25986e+06,4.36909e+06,90
3,spsc_unaligned_65536_cross-core_unpaced,0,total,4.36909e+06,4.47832e+06,52
3,spsc_unaligned_65536_cross-core_unpaced,0,total,4.47832e+06,4.58754e+06,76
3,spsc_unaligned_65536_cross-core_unpaced,0,total,4.58754e+06,4.69677e+06,94
3,spsc_unaligned_65536_cross-core_unpaced,0,total,4.69677e+06,4.806e+06,87
3,spsc_unaligned_65536_cross-core_unpaced,0,total,4.806e+06,4.91523e+06,78
3,spsc_unaligned_65536_cross-core_unpaced,0,total,4.91523e+06,5.02445e+06,76
3,spsc_unaligned_65536_cross-core_unpaced,0,total,5.02445e+06,5.13368e+06,80
3,spsc_unaligned_65536_cross-core_unpaced,0,total,5.13368e+06,5.24291e+06,69
3,spsc_unaligned_65536_cross-core_unpaced,0,total,5.24291e+06,5.35214e+06,73
3,spsc_unaligned_65536_cross-core_unpaced,0,total,5.35214e+06,5.46136e+06,80
3,spsc_unaligned_65536_cross-core_unpaced,0,total,5.46136e+06,5.57059e+06,88
3,spsc_unaligned_65536_cross-core_unpaced,0,total,5.57059e+06,5.67982e+06,79
3,spsc_unaligned_65536_cross-core_unpaced,0,total,5.67982e+06,5.78904e+06,70
3,spsc_unaligned_65536_cross-core_unpaced,0,total,5.78904e+06,5.89827e+06,67
3,spsc_unaligned_65536_cross-core_unpaced,0,total,5.89827e+06,6.0075e+06,74
3,spsc_unaligned_65536_cross-core_unpaced,0,total,6.0075e+06,6.11673e+06,94
3,spsc_unaligned_65536_cross-core_unpaced,0,total,6.11673e+06,6.22595e+06,74
3,spsc_unaligned_65536_cross-core_unpaced,0,total,6.22595e+06,6.33518e+06,70
3,spsc_unaligned_65536_cross-core_unpaced,0,total,6.33518e+06,6.44441e+06,76
3,spsc_unaligned_65536_cross-core_unpaced,0,total,6.44441e+06,6.55364e+06,97
3,spsc_unaligned_65536_cross-core_unpaced,0,total,6.55364e+06,6.66286e+06,80
3,spsc_unaligned_65536_cross-core_unpaced,0,total,6.66286e+06,6.77209e+06,75
3,spsc_unaligned_65536_cross-core_unpaced,0,total,6.77209e+06,6.88132e+06,74
3,spsc_unaligned_65536_cross-core_unpaced,0,total,6.88132e+06,6.99054e+06,67
3,spsc_unaligned_65536_cross-core_unpaced,0,total,6.99054e+06,7.209e+06,158
3,spsc_unaligned_65536_cross-core_unpaced,0,total,7.209e+06,7.42745e+06,158
3,spsc_unaligned_65536_cross-core_unpaced,0,total,7.42745e+06,7.64591e+06,137
3,spsc_unaligned_65536_cross-core_unpaced,0,total,7.64591e+06,7.86436e+06,145
3,spsc_unaligned_65536_cross-core_unpaced,0,total,7.86436e+06,8.08282e+06,238
3,spsc_unaligned_65536_cross-core_unpaced,0,total,8.08282e+06,8.30127e+06,287
3,spsc_unaligned_65536_cross-core_unpaced,0,total,8.30127e+06,8.51973e+06,333
3,spsc_unaligned_65536_cross-core_unpaced,0,total,8.51973e+06,8.73818e+06,360
3,spsc_unaligned_65536_cross-core_unpaced,0,total,8.73818e+06,8.95663e+06,307
3,spsc_unaligned_65536_cross-core_unpaced,0,total,8.95663e+06,9.17509e+06,314
3,spsc_unaligned_65536_cross-core_unpaced,0,total,9.17509e+06,9.39354e+06,13616
3,spsc_unaligned_65536_cross-core_unpaced,0,total,9.39354e+06,9.612e+06,150936
3,spsc_unaligned_65536_cross-core_unpaced,0,total,9.612e+06,9.83045e+06,59158
3,spsc_unaligned_65536_cross-core_unpaced,0,total,9.83045e+06,1.00489e+07,23610
3,spsc_unaligned_65536_cross-core_unpaced,0,total,1.00489e+07,1.02674e+07,9322
3,spsc_unaligned_65536_cross-core_unpaced,0,total,1.02674e+07,1.04858e+07,11614
3,spsc_unaligned_65536_cross-core_unpaced,0,total,1.04858e+07,1.07043e+07,12465
3,spsc_unaligned_65536_cross-core_unpaced,0,total,1.07043e+07,1.09227e+07,9342
3,spsc_unaligned_65536_cross-core_unpaced,0,total,1.09227e+07,1.11412e+07,8122
3,spsc_unaligned_65536_cross-core_unpaced,0,total,1.11412e+07,1.13596e+07,5388
3,spsc_unaligned_65536_cross-core_unpaced,0,total,1.13596e+07,1.15781e+07,4711
3,spsc_unaligned_65536_cross-core_unpaced,0,total,1.15781e+07,1.17965e+07,4314
3,spsc_unaligned_65536_cross-core_unpaced,0,total,1.17965e+07,1.2015e+07,4393
3,spsc_unaligned_65536_cross-core_unpaced,0,total,1.2015e+07,1.22335e+07,3453
3,spsc_unaligned_65536_cross-core_unpaced,0,total,1.22335e+07,1.24519e+07,2275
3,spsc_unaligned_65536_cross-core_unpaced,0,total,1.24519e+07,1.26704e+07,651
3,spsc_unaligned_65536_cross-core_unpaced,0,total,1.26704e+07,1.28888e+07,8891
3,spsc_unaligned_65536_cross-core_unpaced,0,total,1.28888e+07,1.31073e+07,59735
3,spsc_unaligned_65536_cross-core_unpaced,0,total,1.31073e+07,1.33257e+07,147630
3,spsc_unaligned_65536_cross-core_unpaced,0,total,1.33257e+07,1.35442e+07,293081
3,spsc_unaligned_65536_cross-core_unpaced,0,total,1.35442e+07,1.37626e+07,388840
3,spsc_unaligned_65536_cross-core_unpaced,0,total,1.37626e+07,1.39811e+07,325931
3,spsc_unaligned_65536_cross-core_unpaced,0,total,1.39811e+07,1.4418e+07,535143
3,spsc_unaligned_65536_cross-core_unpaced,0,total,1.4418e+07,1.48549e+07,181381
3,spsc_unaligned_65536_cross-core_unpaced,0,total,1.48549e+07,1.52918e+07,58233
3,spsc_unaligned_65536_cross-core_unpaced,0,total,1.52918e+07,1.57287e+07,19229
3,spsc_unaligned_65536_cross-core_unpaced,0,total,1.57287e+07,1.61656e+07,12621
3,spsc_unaligned_65536_cross-core_unpaced,0,total,1.61656e+07,1.66025e+07,5185
3,spsc_unaligned_65536_cross-core_unpaced,0,total,1.66025e+07,1.70395e+07,1865
3,spsc_unaligned_65536_cross-core_unpaced,0,total,1.70395e+07,1.74764e+07,1959
3,spsc_unaligned_65536_cross-core_unpaced,0,total,1.74764e+07,1.79133e+07,805
3,spsc_unaligned_65536_cross-core_unpaced,0,total,1.79133e+07,1.83502e+07,923
3,spsc_unaligned_65536_cross-core_unpaced,0,total,1.83502e+07,1.87871e+07,1348
3,spsc_unaligned_65536_cross-core_unpaced,0,total,1.87871e+07,1.9224e+07,1051
3,spsc_unaligned_65536_cross-core_unpaced,0,total,1.9224e+07,1.96609e+07,418
3,spsc_unaligned_65536_cross-core_unpaced,0,total,1.96609e+07,2.00978e+07,484
3,spsc_unaligned_65536_cross-core_unpaced,0,total,2.00978e+07,2.05347e+07,411
3,spsc_unaligned_65536_cross-core_unpaced,0,total,2.05347e+07,2.09716e+07,457
3,spsc_unaligned_65536_cross-core_unpaced,0,total,2.09716e+07,2.14085e+07,452
3,spsc_unaligned_65536_cross-core_unpaced,0,total,2.14085e+07,2.18455e+07,394
3,spsc_unaligned_65536_cross-core_unpaced,0,total,2.18455e+07,2.22824e+07,470
3,spsc_unaligned_65536_cross-core_unpaced,0,total,2.22824e+07,2.27193e+07,989
3,spsc_unaligned_65536_cross-core_unpaced,0,total,2.27193e+07,2.31562e+07,2312
3,spsc_unaligned_65536_cross-core_unpaced,0,queue,163.334,166.668,1
3,spsc_unaligned_65536_cross-core_unpaced,0,queue,186.668,190.001,2
3,spsc_unaligned_65536_cross-core_unpaced,0,queue,190.001,193.334,1
3,spsc_unaligned_65536_cross-core_unpaced,0,queue,196.668,200.001,1
3,spsc_unaligned_65536_cross-core_unpaced,0,queue,206.668,210.001,2
3,spsc_unaligned_65536_cross-core_unpaced,0,queue,210.001,213.334,1
3,spsc_unaligned_65536_cross-core_unpaced,0,queue,213.334,220.001,3
3,spsc_unaligned_65536_cross-core_unpaced,0,queue,226.668,233.335,2
3,spsc_unaligned_65536_cross-core_unpaced,0,queue,233.335,240.001,2
3,spsc_unaligned_65536_cross-core_unpaced,0,queue,240.001,246.668,2
3,spsc_unaligned_65536_cross-core_unpaced,0,queue,246.668,253.335,2
3,spsc_unaligned_65536_cross-core_unpaced,0,queue,253.335,260.001,1
3,spsc_unaligned_65536_cross-core_unpaced,0,queue,260.001,266.668,2
3,spsc_unaligned_65536_cross-core_unpaced,0,queue,266.668,273.335,4
3,spsc_unaligned_65536_cross-core_unpaced,0,queue,273.335,280.002,5
3,spsc_unaligned_65536_cross-core_unpaced,0,queue,280.002,286.668,6
3,spsc_unaligned_65536_cross-core_unpaced,0,queue,286.668,293.335,4
3,spsc_unaligned_65536_cross-core_unpaced,0,queue,293.335,300.002,7
3,spsc_unaligned_65536_cross-core_unpaced,0,queue,300.002,306.668,7
3,spsc_unaligned_65536_cross-core_unpaced,0,queue,313.335,320.002,4
3,spsc_unaligned_65536_cross-core_unpaced,0,queue,320.002,326.668,4
3,spsc_unaligned_65536_cross-core_unpaced,0,queue,326.668,333.335,6
3,spsc_unaligned_65536_cross-core_unpaced,0,queue,333.335,340.002,7
3,spsc_unaligned_65536_cross-core_unpaced,0,queue,340.002,346.669,9
3,spsc_unaligned_65536_cross-core_unpaced,0,queue,346.669,353.335,11
3,spsc_unaligned_65536_cross-core_unpaced,0,queue,353.335,360.002,11
3,spsc_unaligned_65536_cross-core_unpaced,0,queue,360.002,366.669,7
3,spsc_unaligned_65536_cross-core_unpaced,0,queue,366.669,373.335,7
3,spsc_unaligned_65536_cross-core_unpaced,0,queue,373.335,380.002,14
3,spsc_unaligned_65536_cross-core_unpaced,0,queue,380.002,386.669,8
3,spsc_unaligned_65536_cross-core_unpaced,0,queue,386.669,393.335,6
3,spsc_unaligned_65536_cross-core_unpaced,0,queue,393.335,400.002,7
3,spsc_unaligned_65536_cross-core_unpaced,0,queue,400.002,406.669,9
3,spsc_unaligned_65536_cross-core_unpaced,0,queue,406.669,413.336,12
3,spsc_unaligned_65536_cross-core_unpaced,0,queue,413.336,420.002,10
3,spsc_unaligned_65536_cross-core_unpaced,0,queue,420.002,426.669,16
3,spsc_unaligned_65536_cross-core_unpaced,0,queue,426.669,440.002,26
3,spsc_unaligned_65536_cross-core_unpaced,0,queue,440.002,453.336,15
3,spsc_unaligned_65536_cross-core_unpaced,0,queue,453.336,466.669,25
3,spsc_unaligned_65536_cross-core_unpaced,0,queue,466.669,480.003,27
3,spsc_unaligned_65536_cross-core_unpaced,0,queue,480.003,493.336,14
3,spsc_unaligned_65536_cross-core_unpaced,0,queue,493.336,506.669,21
3,spsc_unaligned_65536_cross-core_unpaced,0,queue,506.669,520.003,18
3,spsc_unaligned_65536_cross-core_unpaced,0,queue,520.003,533.336,16
3,spsc_unaligned_65536_cross-core_unpaced,0,queue,533.336,546.67,24
3,spsc_unaligned_65536_cross-core_unpaced,0,queue,546.67,560.003,14
3,spsc_unaligned_65536_cross-core_unpaced,0,queue,560.003,573.336,8
3,spsc_unaligned_65536_cross-core_unpaced,0,queue,573.336,586.67,16
3,spsc_unaligned_65536_cross-core_unpaced,0,queue,586.67,600.003,12
3,spsc_unaligned_65536_cross-core_unpaced,0,queue,600.003,613.337,10
3,spsc_unaligned_65536_cross-core_unpaced,0,queue,613.337,626.67,8
3,spsc_unaligned_65536_cross-core_unpaced,0,queue,626.67,640.003,11
3,spsc_unaligned_65536_cross-core_unpaced,0,queue,640.003,653.337,9
3,spsc_unaligned_65536_cross-core_unpaced,0,queue,653.337,666.67,7
3,spsc_unaligned_65536_cross-core_unpaced,0,queue,666.67,680.004,6
3,spsc_unaligned_65536_cross-core_unpaced,0,queue,680.004,693.337,6
3,spsc_unaligned_65536_cross-core_unpaced,0,queue,693.337,706.67,4
3,spsc_unaligned_65536_cross-core_unpaced,0,queue,706.67,720.004,6
3,spsc_unaligned_65536_cross-core_unpaced,0,queue,720.004,733.337,5
3,spsc_unaligned_65536_cross-core_unpaced,0,queue,733.337,746.671,5
3,spsc_unaligned_65536_cross-core_unpaced,0,queue,746.671,760.004,3
3,spsc_unaligned_65536_cross-core_unpaced,0,queue,760.004,773.337,1
3,spsc_unaligned_65536_cross-core_unpaced,0,queue,786.671,800.004,2
3,spsc_unaligned_65536_cross-core_unpaced,0,queue,800.004,813.338,1
3,spsc_unaligned_65536_cross-core_unpaced,0,queue,853.338,880.005,2
3,spsc_unaligned_65536_cross-core_unpaced,0,queue,906.672,933.338,1
3,spsc_unaligned_65536_cross-core_unpaced,0,queue,1013.34,1040.01,1
3,spsc_unaligned_65536_cross-core_unpaced,0,queue,18346.8,18773.4,1
3,spsc_unaligned_65536_cross-core_unpaced,0,queue,18773.4,19200.1,1
3,spsc_unaligned_65536_cross-core_unpaced,0,queue,21760.1,22186.8,1
3,spsc_unaligned_65536_cross-core_unpaced,0,queue,22613.5,23040.1,1
3,spsc_unaligned_65536_cross-core_unpaced,0,queue,26880.1,27306.8,1
3,spsc_unaligned_65536_cross-core_unpaced,0,queue,27306.8,28160.2,1
3,spsc_unaligned_65536_cross-core_unpaced,0,queue,28160.2,29013.5,1
3,spsc_unaligned_65536_cross-core_unpaced,0,queue,32426.8,33280.2,1
3,spsc_unaligned_65536_cross-core_unpaced,0,queue,43520.2,44373.6,1
3,spsc_unaligned_65536_cross-core_unpaced,0,queue,44373.6,45226.9,1
3,spsc_unaligned_65536_cross-core_unpaced,0,queue,49493.6,50346.9,1
3,spsc_unaligned_65536_cross-core_unpaced,0,queue,54613.6,56320.3,2
3,spsc_unaligned_65536_cross-core_unpaced,0,queue,56320.3,58027,1
3,spsc_unaligned_65536_cross-core_unpaced,0,queue,58027,59733.7,1
3,spsc_unaligned_65536_cross-core_unpaced,0,queue,61440.3,63147,1
3,spsc_unaligned_65536_cross-core_unpaced,0,queue,63147,64853.7,1
3,spsc_unaligned_65536_cross-core_unpaced,0,queue,64853.7,66560.4,1
3,spsc_unaligned_65536_cross-core_unpaced,0,queue,66560.4,68267,3
3,spsc_unaligned_65536_cross-core_unpaced,0,queue,68267,69973.7,1
3,spsc_unaligned_65536_cross-core_unpaced,0,queue,75093.7,76800.4,1
3,spsc_unaligned_65536_cross-core_unpaced,0,queue,78507.1,80213.8,1
3,spsc_unaligned_65536_cross-core_unpaced,0,queue,83627.1,85333.8,1
3,spsc_unaligned_65536_cross-core_unpaced,0,queue,85333.8,87040.5,1
3,spsc_unaligned_65536_cross-core_unpaced,0,queue,87040.5,88747.1,1
3,spsc_unaligned_65536_cross-core_unpaced,0,queue,88747.1,90453.8,2
3,spsc_unaligned_65536_cross-core_unpaced,0,queue,90453.8,92160.5,1
3,spsc_unaligned_65536_cross-core_unpaced,0,queue,92160.5,93867.2,1
3,spsc_unaligned_65536_cross-core_unpaced,0,queue,93867.2,95573.8,1
3,spsc_unaligned_65536_cross-core_unpaced,0,queue,97280.5,98987.2,1
3,spsc_unaligned_65536_cross-core_unpaced,0,queue,98987.2,100694,1
3,spsc_unaligned_65536_cross-core_unpaced,0,queue,104107,105814,1
3,spsc_unaligned_65536_cross-core_unpaced,0,queue,105814,107521,1
3,spsc_unaligned_65536_cross-core_unpaced,0,queue,109227,112641,2
3,spsc_unaligned_65536_cross-core_unpaced,0,queue,112641,116054,2
3,spsc_unaligned_65536_cross-core_unpaced,0,queue,116054,119467,3
3,spsc_unaligned_65536_cross-core_unpaced,0,queue,119467,122881,2
3,spsc_unaligned_65536_cross-core_unpaced,0,queue,122881,126294,2
3,spsc_unaligned_65536_cross-core_unpaced,0,queue,129707,133121,3
3,spsc_unaligned_65536_cross-core_unpaced,0,queue,133121,136534,1
3,spsc_unaligned_65536_cross-core_unpaced,0,queue,136534,139947,1
3,spsc_unaligned_65536_cross-core_unpaced,0,queue,139947,143361,1
3,spsc_unaligned_65536_cross-core_unpaced,0,queue,143361,146774,2
3,spsc_unaligned_65536_cross-core_unpaced,0,queue,146774,150187,2
3,spsc_unaligned_65536_cross-core_unpaced,0,queue,150187,153601,2
3,spsc_unaligned_65536_cross-core_unpaced,0,queue,153601,157014,1
3,spsc_unaligned_65536_cross-core_unpaced,0,queue,157014,160428,1
3,spsc_unaligned_65536_cross-core_unpaced,0,queue,160428,163841,1
3,spsc_unaligned_65536_cross-core_unpaced,0,queue,163841,167254,2
3,spsc_unaligned_65536_cross-core_unpaced,0,queue,167254,170668,3
3,spsc_unaligned_65536_cross-core_unpaced,0,queue,170668,174081,2
3,spsc_unaligned_65536_cross-core_unpaced,0,queue,174081,177494,2
3,spsc_unaligned_65536_cross-core_unpaced,0,queue,177494,180908,3
3,spsc_unaligned_65536_cross-core_unpaced,0,queue,180908,184321,2
3,spsc_unaligned_65536_cross-core_unpaced,0,queue,184321,187734,1
3,spsc_unaligned_65536_cross-core_unpaced,0,queue,187734,191148,1
3,spsc_unaligned_65536_cross-core_unpaced,0,queue,191148,194561,3
3,spsc_unaligned_65536_cross-core_unpaced,0,queue,194561,197974,1
3,spsc_unaligned_65536_cross-core_unpaced,0,queue,201388,204801,3
3,spsc_unaligned_65536_cross-core_unpaced,0,queue,208214,211628,1
3,spsc_unaligned_65536_cross-core_unpaced,0,queue,211628,215041,2
3,spsc_unaligned_65536_cross-core_unpaced,0,queue,215041,218455,1
3,spsc_unaligned_65536_cross-core_unpaced,0,queue,218455,225281,3
3,spsc_unaligned_65536_cross-core_unpaced,0,queue,232108,238935,4
3,spsc_unaligned_65536_cross-core_unpaced,0,queue,238935,245761,6
3,spsc_unaligned_65536_cross-core_unpaced,0,queue,245761,252588,4
3,spsc_unaligned_65536_cross-core_unpaced,0,queue,252588,259415,8
3,spsc_unaligned_65536_cross-core_unpaced,0,queue,259415,266241,2
3,spsc_unaligned_65536_cross-core_unpaced,0,queue,266241,273068,5
3,spsc_unaligned_65536_cross-core_unpaced,0,queue,273068,279895,3
3,spsc_unaligned_65536_cross-core_unpaced,0,queue,279895,286722,2
3,spsc_unaligned_65536_cross-core_unpaced,0,queue,286722,293548,3
3,spsc_unaligned_65536_cross-core_unpaced,0,queue,293548,300375,4
3,spsc_unaligned_65536_cross-core_unpaced,0,queue,300375,307202,5
3,spsc_unaligned_65536_cross-core_unpaced,0,queue,307202,314028,4
3,spsc_unaligned_65536_cross-core_unpaced,0,queue,314028,320855,4
3,spsc_unaligned_65536_cross-core_unpaced,0,queue,320855,327682,4
3,spsc_unaligned_65536_cross-core_unpaced,0,queue,327682,334508,3
3,spsc_unaligned_65536_cross-core_unpaced,0,queue,334508,341335,4
3,spsc_unaligned_65536_cross-core_unpaced,0,queue,341335,348162,3
3,spsc_unaligned_65536_cross-core_unpaced,0,queue,348162,354989,4
3,spsc_unaligned_65536_cross-core_unpaced,0,queue,354989,361815,6
3,spsc_unaligned_65536_cross-core_unpaced,0,queue,361815,368642,4
3,spsc_unaligned_65536_cross-core_unpaced,0,queue,368642,375469,6
3,spsc_unaligned_65536_cross-core_unpaced,0,queue,375469,382295,12
3,spsc_unaligned_65536_cross-core_unpaced,0,queue,382295,389122,8
3,spsc_unaligned_65536_cross-core_unpaced,0,queue,389122,395949,5
3,spsc_unaligned_65536_cross-core_unpaced,0,queue,395949,402775,2
3,spsc_unaligned_65536_cross-core_unpaced,0,queue,402775,409602,7
3,spsc_unaligned_65536_cross-core_unpaced,0,queue,409602,416429,4
3,spsc_unaligned_65536_cross-core_unpaced,0,queue,416429,423256,2
3,spsc_unaligned_65536_cross-core_unpaced,0,queue,423256,430082,3
3,spsc_unaligned_65536_cross-core_unpaced,0,queue,430082,436909,5
3,spsc_unaligned_65536_cross-core_unpaced,0,queue,436909,450562,7
3,spsc_unaligned_65536_cross-core_unpaced,0,queue,450562,464216,9
3,spsc_unaligned_65536_cross-core_unpaced,0,queue,464216,477869,11
3,spsc_unaligned_65536_cross-core_unpaced,0,queue,477869,491523,11
3,spsc_unaligned_65536_cross-core_unpaced,0,queue,491523,505176,10
3,spsc_unaligned_65536_cross-core_unpaced,0,queue,505176,518829,7
3,spsc_unaligned_65536_cross-core_unpaced,0,queue,518829,532483,7
3,spsc_unaligned_65536_cross-core_unpaced,0,queue,532483,546136,9
3,spsc_unaligned_65536_cross-core_unpaced,0,queue,546136,559790,6
3,spsc_unaligned_65536_cross-core_unpaced,0,queue,559790,573443,12
3,spsc_unaligned_65536_cross-core_unpaced,0,queue,573443,587096,7
3,spsc_unaligned_65536_cross-core_unpaced,0,queue,587096,600750,7
3,spsc_unaligned_65536_cross-core_unpaced,0,queue,600750,614403,6
3,spsc_unaligned_65536_cross-core_unpaced,0,queue,614403,628057,10
3,spsc_unaligned_65536_cross-core_unpaced,0,queue,628057,641710,7
3,spsc_unaligned_65536_cross-core_unpaced,0,queue,641710,655364,7
3,spsc_unaligned_65536_cross-core_unpaced,0,queue,655364,669017,8
3,spsc_unaligned_65536_cross-core_unpaced,0,queue,669017,682670,8
3,spsc_unaligned_65536_cross-core_unpaced,0,queue,682670,696324,7
3,spsc_unaligned_65536_cross-core_unpaced,0,queue,696324,709977,11
3,spsc_unaligned_65536_cross-core_unpaced,0,queue,709977,723631,5
3,spsc_unaligned_65536_cross-core_unpaced,0,queue,723631,737284,7
3,spsc_unaligned_65536_cross-core_unpaced,0,queue,737284,750937,9
3,spsc_unaligned_65536_cross-core_unpaced,0,queue,750937,764591,10
3,spsc_unaligned_65536_cross-core_unpaced,0,queue,764591,778244,10
3,spsc_unaligned_65536_cross-core_unpaced,0,queue,778244,791898,9
3,spsc_unaligned_65536_cross-core_unpaced,0,queue,791898,805551,5
3,spsc_unaligned_65536_cross-core_unpaced,0,queue,805551,819204,10
3,spsc_unaligned_65536_cross-core_unpaced,0,queue,819204,832858,12
3,spsc_unaligned_65536_cross-core_unpaced,0,queue,832858,846511,9
3,spsc_unaligned_65536_cross-core_unpaced,0,queue,846511,860165,15
3,spsc_unaligned_65536_cross-core_unpaced,0,queue,860165,873818,7
3,spsc_unaligned_65536_cross-core_unpaced,0,queue,873818,901125,13
3,spsc_unaligned_65536_cross-core_unpaced,0,queue,901125,928432,27
3,spsc_unaligned_65536_cross-core_unpaced,0,queue,928432,955738,28
3,spsc_unaligned_65536_cross-core_unpaced,0,queue,955738,983045,18
3,spsc_unaligned_65536_cross-core_unpaced,0,queue,983045,1.01035e+06,17
3,spsc_unaligned_65536_cross-core_unpaced,0,queue,1.01035e+06,1.03766e+06,23
3,spsc_unaligned_65536_cross-core_unpaced,0,queue,1.03766e+06,1.06497e+06,16
3,spsc_unaligned_65536_cross-core_unpaced,0,queue,1.06497e+06,1.09227e+06,24
3,spsc_unaligned_65536_cross-core_unpaced,0,queue,1.09227e+06,1.11958e+06,18
3,spsc_unaligned_65536_cross-core_unpaced,0,queue,1.11958e+06,1.14689e+06,24
3,spsc_unaligned_65536_cross-core_unpaced,0,queue,1.14689e+06,1.17419e+06,37
3,spsc_unaligned_65536_cross-core_unpaced,0,queue,1.17419e+06,1.2015e+06,24
3,spsc_unaligned_65536_cross-core_unpaced,0,queue,1.2015e+06,1.22881e+06,26
3,spsc_unaligned_65536_cross-core_unpaced,0,queue,1.22881e+06,1.25611e+06,27
3,spsc_unaligned_65536_cross-core_unpaced,0,queue,1.25611e+06,1.28342e+06,17
3,spsc_unaligned_65536_cross-core_unpaced,0,queue,1.28342e+06,1.31073e+06,18
3,spsc_unaligned_65536_cross-core_unpaced,0,queue,1.31073e+06,1.33803e+06,23
3,spsc_unaligned_65536_cross-core_unpaced,0,queue,1.33803e+06,1.36534e+06,23
3,spsc_unaligned_65536_cross-core_unpaced,0,queue,1.36534e+06,1.39265e+06,25
3,spsc_unaligned_65536_cross-core_unpaced,0,queue,1.39265e+06,1.41995e+06,30
3,spsc_unaligned_65536_cross-core_unpaced,0,queue,1.41995e+06,1.44726e+06,20
3,spsc_unaligned_65536_cross-core_unpaced,0,queue,1.44726e+06,1.47457e+06,13
3,spsc_unaligned_65536_cross-core_unpaced,0,queue,1.47457e+06,1.50187e+06,27
3,spsc_unaligned_65536_cross-core_unpaced,0,queue,1.50187e+06,1.52918e+06,23
3,spsc_unaligned_65536_cross-core_unpaced,0,queue,1.52918e+06,1.55649e+06,16
3,spsc_unaligned_65536_cross-core_unpaced,0,queue,1.55649e+06,1.5838e+06,25
3,spsc_unaligned_65536_cross-core_unpaced,0,queue,1.5838e+06,1.6111e+06,29
3,spsc_unaligned_65536_cross-core_unpaced,0,queue,1.6111e+06,1.63841e+06,18
3,spsc_unaligned_65536_cross-core_unpaced,0,queue,1.63841e+06,1.66572e+06,23
3,spsc_unaligned_65536_cross-core_unpaced,0,queue,1.66572e+06,1.69302e+06,27
3,spsc_unaligned_65536_cross-core_unpaced,0,queue,1.69302e+06,1.72033e+06,20
3,spsc_unaligned_65536_cross-core_unpaced,0,queue,1.72033e+06,1.74764e+06,54
3,spsc_unaligned_65536_cross-core_unpaced,0,queue,1.74764e+06,1.80225e+06,66
3,spsc_unaligned_65536_cross-core_unpaced,0,queue,1.80225e+06,1.85686e+06,48
3,spsc_unaligned_65536_cross-core_unpaced,0,queue,1.85686e+06,1.91148e+06,44
3,spsc_unaligned_65536_cross-core_unpaced,0,queue,1.91148e+06,1.96609e+06,47
3,spsc_unaligned_65536_cross-core_unpaced,0,queue,1.96609e+06,2.0207e+06,42
3,spsc_unaligned_65536_cross-core_unpaced,0,queue,2.0207e+06,2.07532e+06,46
3,spsc_unaligned_65536_cross-core_unpaced,0,queue,2.07532e+06,2.12993e+06,55
3,spsc_unaligned_65536_cross-core_unpaced,0,queue,2.12993e+06,2.18455e+06,54
3,spsc_unaligned_65536_cross-core_unpaced,0,queue,2.18455e+06,2.23916e+06,49
3,spsc_unaligned_65536_cross-core_unpaced,0,queue,2.23916e+06,2.29377e+06,52
3,spsc_unaligned_65536_cross-core_unpaced,0,queue,2.29377e+06,2.34839e+06,52
3,spsc_unaligned_65536_cross-core_unpaced,0,queue,2.34839e+06,2.403e+06,39
3,spsc_unaligned_65536_cross-core_unpaced,0,queue,2.403e+06,2.45761e+06,47
3,spsc_unaligned_65536_cross-core_unpaced,0,queue,2.45761e+06,2.51223e+06,31
3,spsc_unaligned_65536_cross-core_unpaced,0,queue,2.51223e+06,2.56684e+06,51
3,spsc_unaligned_65536_cross-core_unpaced,0,queue,2.56684e+06,2.62145e+06,40
3,spsc_unaligned_65536_cross-core_unpaced,0,queue,2.62145e+06,2.67607e+06,42
3,spsc_unaligned_65536_cross-core_unpaced,0,queue,2.67607e+06,2.73068e+06,36
3,spsc_unaligned_65536_cross-core_unpaced,0,queue,2.73068e+06,2.78529e+06,39
3,spsc_unaligned_65536_cross-core_unpaced,0,queue,2.78529e+06,2.83991e+06,35
3,spsc_unaligned_65536_cross-core_unpaced,0,queue,2.83991e+06,2.89452e+06,42
3,spsc_unaligned_65536_cross-core_unpaced,0,queue,2.89452e+06,2.94914e+06,45
3,spsc_unaligned_65536_cross-core_unpaced,0,queue,2.94914e+06,3.00375e+06,45
3,spsc_unaligned_65536_cross-core_unpaced,0,queue,3.00375e+06,3.05836e+06,42
3,spsc_unaligned_65536_cross-core_unpaced,0,queue,3.05836e+06,3.11298e+06,33
3,spsc_unaligned_65536_cross-core_unpaced,0,queue,3.11298e+06,3.16759e+06,36
3,spsc_unaligned_65536_cross-core_unpaced,0,queue,3.16759e+06,3.2222e+06,45
3,spsc_unaligned_65536_cross-core_unpaced,0,queue,3.2222e+06,3.27682e+06,66
3,spsc_unaligned_65536_cross-core_unpaced,0,queue,3.27682e+06,3.33143e+06,38
3,spsc_unaligned_65536_cross-core_unpaced,0,queue,3.33143e+06,3.38604e+06,42
3,spsc_unaligned_65536_cross-core_unpaced,0,queue,3.38604e+06,3.44066e+06,42
3,spsc_unaligned_65536_cross-core_unpaced,0,queue,3.44066e+06,3.49527e+06,39
3,spsc_unaligned_65536_cross-core_unpaced,0,queue,3.49527e+06,3.6045e+06,82
3,spsc_unaligned_65536_cross-core_unpaced,0,queue,3.6045e+06,3.71373e+06,72
3,spsc_unaligned_65536_cross-core_unpaced,0,queue,3.71373e+06,3.82295e+06,78
3,spsc_unaligned_65536_cross-core_unpaced,0,queue,3.82295e+06,3.93218e+06,71
3,spsc_unaligned_65536_cross-core_unpaced,0,queue,3.93218e+06,4.04141e+06,80
3,spsc_unaligned_65536_cross-core_unpaced,0,queue,4.04141e+06,4.15064e+06,70
3,spsc_unaligned_65536_cross-core_unpaced,0,queue,4.15064e+06,4.25986e+06,87
3,spsc_unaligned_65536_cross-core_unpaced,0,queue,4.25986e+06,4.36909e+06,90
3,spsc_unaligned_65536_cross-core_unpaced,0,queue,4.36909e+06,4.47832e+06,52
3,spsc_unaligned_65536_cross-core_unpaced,0,queue,4.47832e+06,4.58754e+06,76
3,spsc_unaligned_65536_cross-core_unpaced,0,queue,4.58754e+06,4.69677e+06,95
3,spsc_unaligned_65536_cross-core_unpaced,0,queue,4.69677e+06,4.806e+06,86
3,spsc_unaligned_65536_cross-core_unpaced,0,queue,4.806e+06,4.91523e+06,78
3,spsc_unaligned_65536_cross-core_unpaced,0,queue,4.91523e+06,5.02445e+06,76
3,spsc_unaligned_65536_cross-core_unpaced,0,queue,5.02445e+06,5.13368e+06,80
3,spsc_unaligned_65536_cross-core_unpaced,0,queue,5.13368e+06,5.24291e+06,70
3,spsc_unaligned_65536_cross-core_unpaced,0,queue,5.24291e+06,5.35214e+06,72
3,spsc_unaligned_65536_cross-core_unpaced,0,queue,5.35214e+06,5.46136e+06,80
3,spsc_unaligned_65536_cross-core_unpaced,0,queue,5.46136e+06,5.57059e+06,88
3,spsc_unaligned_65536_cross-core_unpaced,0,queue,5.57059e+06,5.67982e+06,79
3,spsc_unaligned_65536_cross-core_unpaced,0,queue,5.67982e+06,5.78904e+06,70
3,spsc_unaligned_65536_cross-core_unpaced,0,queue,5.78904e+06,5.89827e+06,67
3,spsc_unaligned_65536_cross-core_unpaced,0,queue,5.89827e+06,6.0075e+06,74
3,spsc_unaligned_65536_cross-core_unpaced,0,queue,6.0075e+06,6.11673e+06,94
3,spsc_unaligned_65536_cross-core_unpaced,0,queue,6.11673e+06,6.22595e+06,75
3,spsc_unaligned_65536_cross-core_unpaced,0,queue,6.22595e+06,6.33518e+06,69
3,spsc_unaligned_65536_cross-core_unpaced,0,queue,6.33518e+06,6.44441e+06,76
3,spsc_unaligned_65536_cross-core_unpaced,0,queue,6.44441e+06,6.55364e+06,97
3,spsc_unaligned_65536_cross-core_unpaced,0,queue,6.55364e+06,6.66286e+06,80
3,spsc_unaligned_65536_cross-core_unpaced,0,queue,6.66286e+06,6.77209e+06,75
3,spsc_unaligned_65536_cross-core_unpaced,0,queue,6.77209e+06,6.88132e+06,74
3,spsc_unaligned_65536_cross-core_unpaced,0,queue,6.88132e+06,6.99054e+06,67
3,spsc_unaligned_65536_cross-core_unpaced,0,queue,6.99054e+06,7.209e+06,158
3,spsc_unaligned_65536_cross-core_unpaced,0,queue,7.209e+06,7.42745e+06,158
3,spsc_unaligned_65536_cross-core_unpaced,0,queue,7.42745e+06,7.64591e+06,137
3,spsc_unaligned_65536_cross-core_unpaced,0,queue,7.64591e+06,7.86436e+06,145
3,spsc_unaligned_65536_cross-core_unpaced,0,queue,7.86436e+06,8.08282e+06,238
3,spsc_unaligned_65536_cross-core_unpaced,0,queue,8.08282e+06,8.30127e+06,288
3,spsc_unaligned_65536_cross-core_unpaced,0,queue,8.30127e+06,8.51973e+06,333
3,spsc_unaligned_65536_cross-core_unpaced,0,queue,8.51973e+06,8.73818e+06,359
3,spsc_unaligned_65536_cross-core_unpaced,0,queue,8.73818e+06,8.95663e+06,307
3,spsc_unaligned_65536_cross-core_unpaced,0,queue,8.95663e+06,9.17509e+06,314
3,spsc_unaligned_65536_cross-core_unpaced,0,queue,9.17509e+06,9.39354e+06,13670
3,spsc_unaligned_65536_cross-core_unpaced,0,queue,9.39354e+06,9.612e+06,150977
3,spsc_unaligned_65536_cross-core_unpaced,0,queue,9.612e+06,9.83045e+06,59068
3,spsc_unaligned_65536_cross-core_unpaced,0,queue,9.83045e+06,1.00489e+07,23612
3,spsc_unaligned_65536_cross-core_unpaced,0,queue,1.00489e+07,1.02674e+07,9325
3,spsc_unaligned_65536_cross-core_unpaced,0,queue,1.02674e+07,1.04858e+07,11608
3,spsc_unaligned_65536_cross-core_unpaced,0,queue,1.04858e+07,1.07043e+07,12464
3,spsc_unaligned_65536_cross-core_unpaced,0,queue,1.07043e+07,1.09227e+07,9340
3,spsc_unaligned_65536_cross-core_unpaced,0,queue,1.09227e+07,1.11412e+07,8125
3,spsc_unaligned_65536_cross-core_unpaced,0,queue,1.11412e+07,1.13596e+07,5388
3,spsc_unaligned_65536_cross-core_unpaced,0,queue,1.13596e+07,1.15781e+07,4708
3,spsc_unaligned_65536_cross-core_unpaced,0,queue,1.15781e+07,1.17965e+07,4317
3,spsc_unaligned_65536_cross-core_unpaced,0,queue,1.17965e+07,1.2015e+07,4389
3,spsc_unaligned_65536_cross-core_unpaced,0,queue,1.2015e+07,1.22335e+07,3458
3,spsc_unaligned_65536_cross-core_unpaced,0,queue,1.22335e+07,1.24519e+07,2270
3,spsc_unaligned_65536_cross-core_unpaced,0,queue,1.24519e+07,1.26704e+07,652
3,spsc_unaligned_65536_cross-core_unpaced,0,queue,1.26704e+07,1.28888e+07,8904
3,spsc_unaligned_65536_cross-core_unpaced,0,queue,1.28888e+07,1.31073e+07,59809
3,spsc_unaligned_65536_cross-core_unpaced,0,queue,1.31073e+07,1.33257e+07,147691
3,spsc_unaligned_65536_cross-core_unpaced,0,queue,1.33257e+07,1.35442e+07,293272
3,spsc_unaligned_65536_cross-core_unpaced,0,queue,1.35442e+07,1.37626e+07,388757
3,spsc_unaligned_65536_cross-core_unpaced,0,queue,1.37626e+07,1.39811e+07,325958
3,spsc_unaligned_65536_cross-core_unpaced,0,queue,1.39811e+07,1.4418e+07,535016
3,spsc_unaligned_65536_cross-core_unpaced,0,queue,1.4418e+07,1.48549e+07,181293
3,spsc_unaligned_65536_cross-core_unpaced,0,queue,1.48549e+07,1.52918e+07,58177
3,spsc_unaligned_65536_cross-core_unpaced,0,queue,1.52918e+07,1.57287e+07,19225
3,spsc_unaligned_65536_cross-core_unpaced,0,queue,1.57287e+07,1.61656e+07,12614
3,spsc_unaligned_65536_cross-core_unpaced,0,queue,1.61656e+07,1.66025e+07,5183
3,spsc_unaligned_65536_cross-core_unpaced,0,queue,1.66025e+07,1.70395e+07,1867
3,spsc_unaligned_65536_cross-core_unpaced,0,queue,1.70395e+07,1.74764e+07,1958
3,spsc_unaligned_65536_cross-core_unpaced,0,queue,1.74764e+07,1.79133e+07,804
3,spsc_unaligned_65536_cross-core_unpaced,0,queue,1.79133e+07,1.83502e+07,924
3,spsc_unaligned_65536_cross-core_unpaced,0,queue,1.83502e+07,1.87871e+07,1348
3,spsc_unaligned_65536_cross-core_unpaced,0,queue,1.87871e+07,1.9224e+07,1050
3,spsc_unaligned_65536_cross-core_unpaced,0,queue,1.9224e+07,1.96609e+07,419
3,spsc_unaligned_65536_cross-core_unpaced,0,queue,1.96609e+07,2.00978e+07,483
3,spsc_unaligned_65536_cross-core_unpaced,0,queue,2.00978e+07,2.05347e+07,412
3,spsc_unaligned_65536_cross-core_unpaced,0,queue,2.05347e+07,2.09716e+07,456
3,spsc_unaligned_65536_cross-core_unpaced,0,queue,2.09716e+07,2.14085e+07,452
3,spsc_unaligned_65536_cross-core_unpaced,0,queue,2.14085e+07,2.18455e+07,394
3,spsc_unaligned_65536_cross-core_unpaced,0,queue,2.18455e+07,2.22824e+07,470
3,spsc_unaligned_65536_cross-core_unpaced,0,queue,2.22824e+07,2.27193e+07,991
3,spsc_unaligned_65536_cross-core_unpaced,0,queue,2.27193e+07,2.31562e+07,2310
3,spsc_unaligned_65536_cross-core_unpaced,0,book,15.0001,15.4167,22
3,spsc_unaligned_65536_cross-core_unpaced,0,book,15.8334,16.2501,259
3,spsc_unaligned_65536_cross-core_unpaced,0,book,16.6668,17.0834,94
3,spsc_unaligned_65536_cross-core_unpaced,0,book,17.5001,17.9168,10
3,spsc_unaligned_65536_cross-core_unpaced,0,book,18.3334,18.7501,75
3,spsc_unaligned_65536_cross-core_unpaced,0,book,19.1668,19.5834,386
3,spsc_unaligned_65536_cross-core_unpaced,0,book,20.0001,20.4168,3353
3,spsc_unaligned_65536_cross-core_unpaced,0,book,20.8334,21.2501,16055
3,spsc_unaligned_65536_cross-core_unpaced,0,book,21.6668,22.0835,17365
3,spsc_unaligned_65536_cross-core_unpaced,0,book,22.5001,22.9168,5272
3,spsc_unaligned_65536_cross-core_unpaced,0,book,23.3335,23.7501,962
3,spsc_unaligned_65536_cross-core_unpaced,0,book,24.1668,24.5835,348
3,spsc_unaligned_65536_cross-core_unpaced,0,book,25.0001,25.4168,463
3,spsc_unaligned_65536_cross-core_unpaced,0,book,25.8335,26.2501,554
3,spsc_unaligned_65536_cross-core_unpaced,0,book,26.6668,27.5001,701
3,spsc_unaligned_65536_cross-core_unpaced,0,book,27.5001,28.3335,749
3,spsc_unaligned_65536_cross-core_unpaced,0,book,28.3335,29.1668,1373
3,spsc_unaligned_65536_cross-core_unpaced,0,book,29.1668,30.0002,5571
3,spsc_unaligned_65536_cross-core_unpaced,0,book,30.0002,30.8335,4983
3,spsc_unaligned_65536_cross-core_unpaced,0,book,30.8335,31.6668,4821
3,spsc_unaligned_65536_cross-core_unpaced,0,book,31.6668,32.5002,8561
3,spsc_unaligned_65536_cross-core_unpaced,0,book,32.5002,33.3335,12957
3,spsc_unaligned_65536_cross-core_unpaced,0,book,33.3335,34.1669,14157
3,spsc_unaligned_65536_cross-core_unpaced,0,book,34.1669,35.0002,8925
3,spsc_unaligned_65536_cross-core_unpaced,0,book,35.0002,35.8335,5902
3,spsc_unaligned_65536_cross-core_unpaced,0,book,35.8335,36.6669,3469
3,spsc_unaligned_65536_cross-core_unpaced,0,book,36.6669,37.5002,2817
3,spsc_unaligned_65536_cross-core_unpaced,0,book,37.5002,38.3335,3547
3,spsc_unaligned_65536_cross-core_unpaced,0,book,38.3335,39.1669,3331
3,spsc_unaligned_65536_cross-core_unpaced,0,book,39.1669,40.0002,3565
3,spsc_unaligned_65536_cross-core_unpaced,0,book,40.0002,40.8336,5485
3,spsc_unaligned_65536_cross-core_unpaced,0,book,40.8336,41.6669,6018
3,spsc_unaligned_65536_cross-core_unpaced,0,book,41.6669,42.5002,7124
3,spsc_unaligned_65536_cross-core_unpaced,0,book,42.5002,43.3336,7408
3,spsc_unaligned_65536_cross-core_unpaced,0,book,43.3336,44.1669,6097
3,spsc_unaligned_65536_cross-core_unpaced,0,book,44.1669,45.0002,6242
3,spsc_unaligned_65536_cross-core_unpaced,0,book,45.0002,45.8336,5756
3,spsc_unaligned_65536_cross-core_unpaced,0,book,45.8336,46.6669,5933
3,spsc_unaligned_65536_cross-core_unpaced,0,book,46.6669,47.5003,7746
3,spsc_unaligned_65536_cross-core_unpaced,0,book,47.5003,48.3336,7607
3,spsc_unaligned_65536_cross-core_unpaced,0,book,48.3336,49.1669,7571
3,spsc_unaligned_65536_cross-core_unpaced,0,book,49.1669,50.0003,8249
3,spsc_unaligned_65536_cross-core_unpaced,0,book,50.0003,50.8336,8197
3,spsc_unaligned_65536_cross-core_unpaced,0,book,50.8336,51.6669,9203
3,spsc_unaligned_65536_cross-core_unpaced,0,book,51.6669,52.5003,9063
3,spsc_unaligned_65536_cross-core_unpaced,0,book,52.5003,53.3336,8811
3,spsc_unaligned_65536_cross-core_unpaced,0,book,53.3336,55.0003,17235
3,spsc_unaligned_65536_cross-core_unpaced,0,book,55.0003,56.667,17342
3,spsc_unaligned_65536_cross-core_unpaced,0,book,56.667,58.3336,17761
3,spsc_unaligned_65536_cross-core_unpaced,0,book,58.3336,60.0003,17220
3,spsc_unaligned_65536_cross-core_unpaced,0,book,60.0003,61.667,17677
3,spsc_unaligned_65536_cross-core_unpaced,0,book,61.667,63.3337,17278
3,spsc_unaligned_65536_cross-core_unpaced,0,book,63.3337,65.0003,15602
3,spsc_unaligned_65536_cross-core_unpaced,0,book,65.0003,66.667,15021
3,spsc_unaligned_65536_cross-core_unpaced,0,book,66.667,68.3337,15543
3,spsc_unaligned_65536_cross-core_unpaced,0,book,68.3337,70.0004,16130
3,spsc_unaligned_65536_cross-core_unpaced,0,book,70.0004,71.6671,15785
3,spsc_unaligned_65536_cross-core_unpaced,0,book,71.6671,73.3337,14442
3,spsc_unaligned_65536_cross-core_unpaced,0,book,73.3337,75.0004,13259
3,spsc_unaligned_65536_cross-core_unpaced,0,book,75.0004,76.6671,12569
3,spsc_unaligned_65536_cross-core_unpaced,0,book,76.6671,78.3338,12091
3,spsc_unaligned_65536_cross-core_unpaced,0,book,78.3338,80.0004,11427
3,spsc_unaligned_65536_cross-core_unpaced,0,book,80.0004,81.6671,12417
3,spsc_unaligned_65536_cross-core_unpaced,0,book,81.6671,83.3338,11861
3,spsc_unaligned_65536_cross-core_unpaced,0,book,83.3338,85.0005,10727
3,spsc_unaligned_65536_cross-core_unpaced,0,book,85.0005,86.6671,9778
3,spsc_unaligned_65536_cross-core_unpaced,0,book,86.6671,88.3338,9605
3,spsc_unaligned_65536_cross-core_unpaced,0,book,88.3338,90.0005,8921
3,spsc_unaligned_65536_cross-core_unpaced,0,book,90.0005,91.6672,8862
3,spsc_unaligned_65536_cross-core_unpaced,0,book,91.6672,93.3338,8316
3,spsc_unaligned_65536_cross-core_unpaced,0,book,93.3338,95.0005,8246
3,spsc_unaligned_65536_cross-core_unpaced,0,book,95.0005,96.6672,8317
3,spsc_unaligned_65536_cross-core_unpaced,0,book,96.6672,98.3339,7971
3,spsc_unaligned_65536_cross-core_unpaced,0,book,98.3339,100.001,7855
3,spsc_unaligned_65536_cross-core_unpaced,0,book,100.001,101.667,8274
3,spsc_unaligned_65536_cross-core_unpaced,0,book,101.667,103.334,8265
3,spsc_unaligned_65536_cross-core_unpaced,0,book,103.334,105.001,7654
3,spsc_unaligned_65536_cross-core_unpaced,0,book,105.001,106.667,7589
3,spsc_unaligned_65536_cross-core_unpaced,0,book,106.667,110.001,15321
3,spsc_unaligned_65536_cross-core_unpaced,0,book,110.001,113.334,14384
3,spsc_unaligned_65536_cross-core_unpaced,0,book,113.334,116.667,13346
3,spsc_unaligned_65536_cross-core_unpaced,0,book,116.667,120.001,11960
3,spsc_unaligned_65536_cross-core_unpaced,0,book,120.001,123.334,11212
3,spsc_unaligned_65536_cross-core_unpaced,0,book,123.334,126.667,12409
3,spsc_unaligned_65536_cross-core_unpaced,0,book,126.667,130.001,21802
3,spsc_unaligned_65536_cross-core_unpaced,0,book,130.001,133.334,26268
3,spsc_unaligned_65536_cross-core_unpaced,0,book,133.334,136.667,22783
3,spsc_unaligned_65536_cross-core_unpaced,0,book,136.667,140.001,33303
3,spsc_unaligned_65536_cross-core_unpaced,0,book,140.001,143.334,57925
3,spsc_unaligned_65536_cross-core_unpaced,0,book,143.334,146.667,53977
3,spsc_unaligned_65536_cross-core_unpaced,0,book,146.667,150.001,47319
3,spsc_unaligned_65536_cross-core_unpaced,0,book,150.001,153.334,58594
3,spsc_unaligned_65536_cross-core_unpaced,0,book,153.334,156.668,69093
3,spsc_unaligned_65536_cross-core_unpaced,0,book,156.668,160.001,54366
3,spsc_unaligned_65536_cross-core_unpaced,0,book,160.001,163.334,49408
3,spsc_unaligned_65536_cross-core_unpaced,0,book,163.334,166.668,49510
3,spsc_unaligned_65536_cross-core_unpaced,0,book,166.668,170.001,44524
3,spsc_unaligned_65536_cross-core_unpaced,0,book,170.001,173.334,37392
3,spsc_unaligned_65536_cross-core_unpaced,0,book,173.334,176.668,36442
3,spsc_unaligned_65536_cross-core_unpaced,0,book,176.668,180.001,33859
3,spsc_unaligned_65536_cross-core_unpaced,0,book,180.001,183.334,33740
3,spsc_unaligned_65536_cross-core_unpaced,0,book,183.334,186.668,31577
3,spsc_unaligned_65536_cross-core_unpaced,0,book,186.668,190.001,33161
3,spsc_unaligned_65536_cross-core_unpaced,0,book,190.001,193.334,33500
3,spsc_unaligned_65536_cross-core_unpaced,0,book,193.334,196.668,33263
3,spsc_unaligned_65536_cross-core_unpaced,0,book,196.668,200.001,31257
3,spsc_unaligned_65536_cross-core_unpaced,0,book,200.001,203.334,32437
3,spsc_unaligned_65536_cross-core_unpaced,0,book,203.334,206.668,30628
3,spsc_unaligned_65536_cross-core_unpaced,0,book,206.668,210.001,29287
3,spsc_unaligned_65536_cross-core_unpaced,0,book,210.001,213.334,26809
3,spsc_unaligned_65536_cross-core_unpaced,0,book,213.334,220.001,48746
3,spsc_unaligned_65536_cross-core_unpaced,0,book,220.001,226.668,40952
3,spsc_unaligned_65536_cross-core_unpaced,0,book,226.668,233.335,35600
3,spsc_unaligned_65536_cross-core_unpaced,0,book,233.335,240.001,30911
3,spsc_unaligned_65536_cross-core_unpaced,0,book,240.001,246.668,28097
3,spsc_unaligned_65536_cross-core_unpaced,0,book,246.668,253.335,25192
3,spsc_unaligned_65536_cross-core_unpaced,0,book,253.335,260.001,22933
3,spsc_unaligned_65536_cross-core_unpaced,0,book,260.001,266.668,21382
3,spsc_unaligned_65536_cross-core_unpaced,0,book,266.668,273.335,20051
3,spsc_unaligned_65536_cross-core_unpaced,0,book,273.335,280.002,18788
3,spsc_unaligned_65536_cross-core_unpaced,0,book,280.002,286.668,17765
3,spsc_unaligned_65536_cross-core_unpaced,0,book,286.668,293.335,16818
3,spsc_unaligned_65536_cross-core_unpaced,0,book,293.335,300.002,15808
3,spsc_unaligned_65536_cross-core_unpaced,0,book,300.002,306.668,15728
3,spsc_unaligned_65536_cross-core_unpaced,0,book,306.668,313.335,14905
3,spsc_unaligned_65536_cross-core_unpaced,0,book,313.335,320.002,14209
3,spsc_unaligned_65536_cross-core_unpaced,0,book,320.002,326.668,13844
3,spsc_unaligned_65536_cross-core_unpaced,0,book,326.668,333.335,13445
3,spsc_unaligned_65536_cross-core_unpaced,0,book,333.335,340.002,13054
3,spsc_unaligned_65536_cross-core_unpaced,0,book,340.002,346.669,12533
3,spsc_unaligned_65536_cross-core_unpaced,0,book,346.669,353.335,11973
3,spsc_unaligned_65536_cross-core_unpaced,0,book,353.335,360.002,11491
3,spsc_unaligned_65536_cross-core_unpaced,0,book,360.002,366.669,11147
3,spsc_unaligned_65536_cross-core_unpaced,0,book,366.669,373.335,10476
3,spsc_unaligned_65536_cross-core_unpaced,0,book,373.335,380.002,10106
3,spsc_unaligned_65536_cross-core_unpaced,0,book,380.002,386.669,9579
3,spsc_unaligned_65536_cross-core_unpaced,0,book,386.669,393.335,9234
3,spsc_unaligned_65536_cross-core_unpaced,0,book,393.335,400.002,8700
3,spsc_unaligned_65536_cross-core_unpaced,0,book,400.002,406.669,8238
3,spsc_unaligned_65536_cross-core_unpaced,0,book,406.669,413.336,7527
3,spsc_unaligned_65536_cross-core_unpaced,0,book,413.336,420.002,7249
3,spsc_unaligned_65536_cross-core_unpaced,0,book,420.002,426.669,7124
3,spsc_unaligned_65536_cross-core_unpaced,0,book,426.669,440.002,13253
3,spsc_unaligned_65536_cross-core_unpaced,0,book,440.002,453.336,11262
3,spsc_unaligned_65536_cross-core_unpaced,0,book,453.336,466.669,9345
3,spsc_unaligned_65536_cross-core_unpaced,0,book,466.669,480.003,8154
3,spsc_unaligned_65536_cross-core_unpaced,0,book,480.003,493.336,7047
3,spsc_unaligned_65536_cross-core_unpaced,0,book,493.336,506.669,5902
3,spsc_unaligned_65536_cross-core_unpaced,0,book,506.669,520.003,5206
3,spsc_unaligned_65536_cross-core_unpaced,0,book,520.003,533.336,4487
3,spsc_unaligned_65536_cross-core_unpaced,0,book,533.336,546.67,3946
3,spsc_unaligned_65536_cross-core_unpaced,0,book,546.67,560.003,3465
3,spsc_unaligned_65536_cross-core_unpaced,0,book,560.003,573.336,3102
3,spsc_unaligned_65536_cross-core_unpaced,0,book,573.336,586.67,2770
3,spsc_unaligned_65536_cross-core_unpaced,0,book,586.67,600.003,2372
3,spsc_unaligned_65536_cross-core_unpaced,0,book,600.003,613.337,2070
3,spsc_unaligned_65536_cross-core_unpaced,0,book,613.337,626.67,1856
3,spsc_unaligned_65536_cross-core_unpaced,0,book,626.67,640.003,1689
3,spsc_unaligned_65536_cross-core_unpaced,0,book,640.003,653.337,1482
3,spsc_unaligned_65536_cross-core_unpaced,0,book,653.337,666.67,1249
3,spsc_unaligned_65536_cross-core_unpaced,0,book,666.67,680.004,1093
3,spsc_unaligned_65536_cross-core_unpaced,0,book,680.004,693.337,1057
3,spsc_unaligned_65536_cross-core_unpaced,0,book,693.337,706.67,906
3,spsc_unaligned_65536_cross-core_unpaced,0,book,706.67,720.004,800
3,spsc_unaligned_65536_cross-core_unpaced,0,book,720.004,733.337,702
3,spsc_unaligned_65536_cross-core_unpaced,0,book,733.337,746.671,559
3,spsc_unaligned_65536_cross-core_unpaced,0,book,746.671,760.004,533
3,spsc_unaligned_65536_cross-core_unpaced,0,book,760.004,773.337,440
3,spsc_unaligned_65536_cross-core_unpaced,0,book,773.337,786.671,393
3,spsc_unaligned_65536_cross-core_unpaced,0,book,786.671,800.004,390
3,spsc_unaligned_65536_cross-core_unpaced,0,book,800.004,813.338,307
3,spsc_unaligned_65536_cross-core_unpaced,0,book,813.338,826.671,232
3,spsc_unaligned_65536_cross-core_unpaced,0,book,826.671,840.005,240
3,spsc_unaligned_65536_cross-core_unpaced,0,book,840.005,853.338,224
3,spsc_unaligned_65536_cross-core_unpaced,0,book,853.338,880.005,349
3,spsc_unaligned_65536_cross-core_unpaced,0,book,880.005,906.672,265
3,spsc_unaligned_65536_cross-core_unpaced,0,book,906.672,933.338,194
3,spsc_unaligned_65536_cross-core_unpaced,0,book,933.338,960.005,158
3,spsc_unaligned_65536_cross-core_unpaced,0,book,960.005,986.672,142
3,spsc_unaligned_65536_cross-core_unpaced,0,book,986.672,1013.34,93
3,spsc_unaligned_65536_cross-core_unpaced,0,book,1013.34,1040.01,84
3,spsc_unaligned_65536_cross-core_unpaced,0,book,1040.01,1066.67,86
3,spsc_unaligned_65536_cross-core_unpaced,0,book,1066.67,1093.34,53
3,spsc_unaligned_65536_cross-core_unpaced,0,book,1093.34,1120.01,39
3,spsc_unaligned_65536_cross-core_unpaced,0,book,1120.01,1146.67,44
3,spsc_unaligned_65536_cross-core_unpaced,0,book,1146.67,1173.34,23
3,spsc_unaligned_65536_cross-core_unpaced,0,book,1173.34,1200.01,23
3,spsc_unaligned_65536_cross-core_unpaced,0,book,1200.01,1226.67,28
3,spsc_unaligned_65536_cross-core_unpaced,0,book,1226.67,1253.34,18
3,spsc_unaligned_65536_cross-core_unpaced,0,book,1253.34,1280.01,9
3,spsc_unaligned_65536_cross-core_unpaced,0,book,1280.01,1306.67,14
3,spsc_unaligned_65536_cross-core_unpaced,0,book,1306.67,1333.34,10
3,spsc_unaligned_65536_cross-core_unpaced,0,book,1333.34,1360.01,6
3,spsc_unaligned_65536_cross-core_unpaced,0,book,1360.01,1386.67,5
3,spsc_unaligned_65536_cross-core_unpaced,0,book,1386.67,1413.34,9
3,spsc_unaligned_65536_cross-core_unpaced,0,book,1413.34,1440.01,11
3,spsc_unaligned_65536_cross-core_unpaced,0,book,1440.01,1466.67,8
3,spsc_unaligned_65536_cross-core_unpaced,0,book,1466.67,1493.34,4
3,spsc_unaligned_65536_cross-core_unpaced,0,book,1493.34,1520.01,7
3,spsc_unaligned_65536_cross-core_unpaced,0,book,1520.01,1546.67,3
3,spsc_unaligned_65536_cross-core_unpaced,0,book,1546.67,1573.34,6
3,spsc_unaligned_65536_cross-core_unpaced,0,book,1573.34,1600.01,7
3,spsc_unaligned_65536_cross-core_unpaced,0,book,1600.01,1626.68,7
3,spsc_unaligned_65536_cross-core_unpaced,0,book,1626.68,1653.34,7
3,spsc_unaligned_65536_cross-core_unpaced,0,book,1653.34,1680.01,4
3,spsc_unaligned_65536_cross-core_unpaced,0,book,1680.01,1706.68,10
3,spsc_unaligned_65536_cross-core_unpaced,0,book,1706.68,1760.01,14
3,spsc_unaligned_65536_cross-core_unpaced,0,book,1760.01,1813.34,11
3,spsc_unaligned_65536_cross-core_unpaced,0,book,1813.34,1866.68,13
3,spsc_unaligned_65536_cross-core_unpaced,0,book,1866.68,1920.01,10
3,spsc_unaligned_65536_cross-core_unpaced,0,book,1920.01,1973.34,5
3,spsc_unaligned_65536_cross-core_unpaced,0,book,1973.34,2026.68,4
3,spsc_unaligned_65536_cross-core_unpaced,0,book,2026.68,2080.01,5
3,spsc_unaligned_65536_cross-core_unpaced,0,book,2080.01,2133.34,3
3,spsc_unaligned_65536_cross-core_unpaced,0,book,2133.34,2186.68,2
3,spsc_unaligned_65536_cross-core_unpaced,0,book,2186.68,2240.01,3
3,spsc_unaligned_65536_cross-core_unpaced,0,book,2240.01,2293.35,5
3,spsc_unaligned_65536_cross-core_unpaced,0,book,2293.35,2346.68,2
3,spsc_unaligned_65536_cross-core_unpaced,0,book,2346.68,2400.01,3
3,spsc_unaligned_65536_cross-core_unpaced,0,book,2400.01,2453.35,1
3,spsc_unaligned_65536_cross-core_unpaced,0,book,2506.68,2560.01,2
3,spsc_unaligned_65536_cross-core_unpaced,0,book,2613.35,2666.68,1
3,spsc_unaligned_65536_cross-core_unpaced,0,book,2666.68,2720.01,1
3,spsc_unaligned_65536_cross-core_unpaced,0,book,2933.35,2986.68,1
3,spsc_unaligned_65536_cross-core_unpaced,0,book,2986.68,3040.02,1
3,spsc_unaligned_65536_cross-core_unpaced,0,book,3040.02,3093.35,1
3,spsc_unaligned_65536_cross-core_unpaced,0,book,3093.35,3146.68,2
3,spsc_unaligned_65536_cross-core_unpaced,0,book,3200.02,3253.35,2
3,spsc_unaligned_65536_cross-core_unpaced,0,book,3360.02,3413.35,1
3,spsc_unaligned_65536_cross-core_unpaced,0,book,3413.35,3520.02,3
3,spsc_unaligned_65536_cross-core_unpaced,0,book,3520.02,3626.69,4
3,spsc_unaligned_65536_cross-core_unpaced,0,book,3626.69,3733.35,2
3,spsc_unaligned_65536_cross-core_unpaced,0,book,3733.35,3840.02,2
3,spsc_unaligned_65536_cross-core_unpaced,0,book,3840.02,3946.69,5
3,spsc_unaligned_65536_cross-core_unpaced,0,book,3946.69,4053.36,3
3,spsc_unaligned_65536_cross-core_unpaced,0,book,4053.36,4160.02,6
3,spsc_unaligned_65536_cross-core_unpaced,0,book,4160.02,4266.69,12
3,spsc_unaligned_65536_cross-core_unpaced,0,book,4266.69,4373.36,7
3,spsc_unaligned_65536_cross-core_unpaced,0,book,4373.36,4480.02,15
3,spsc_unaligned_65536_cross-core_unpaced,0,book,4480.02,4586.69,15
3,spsc_unaligned_65536_cross-core_unpaced,0,book,4586.69,4693.36,8
3,spsc_unaligned_65536_cross-core_unpaced,0,book,4693.36,4800.03,10
3,spsc_unaligned_65536_cross-core_unpaced,0,book,4800.03,4906.69,11
3,spsc_unaligned_65536_cross-core_unpaced,0,book,4906.69,5013.36,2
3,spsc_unaligned_65536_cross-core_unpaced,0,book,5013.36,5120.03,3
3,spsc_unaligned_65536_cross-core_unpaced,0,book,5120.03,5226.69,2
3,spsc_unaligned_65536_cross-core_unpaced,0,book,5226.69,5333.36,6
3,spsc_unaligned_65536_cross-core_unpaced,0,book,5333.36,5440.03,15
3,spsc_unaligned_65536_cross-core_unpaced,0,book,5440.03,5546.7,19
3,spsc_unaligned_65536_cross-core_unpaced,0,book,5546.7,5653.36,26
3,spsc_unaligned_65536_cross-core_unpaced,0,book,5653.36,5760.03,16
3,spsc_unaligned_65536_cross-core_unpaced,0,book,5760.03,5866.7,9
3,spsc_unaligned_65536_cross-core_unpaced,0,book,5866.7,5973.37,5
3,spsc_unaligned_65536_cross-core_unpaced,0,book,5973.37,6080.03,3
3,spsc_unaligned_65536_cross-core_unpaced,0,book,6080.03,6186.7,5
3,spsc_unaligned_65536_cross-core_unpaced,0,book,6186.7,6293.37,3
3,spsc_unaligned_65536_cross-core_unpaced,0,book,6293.37,6400.03,4
3,spsc_unaligned_65536_cross-core_unpaced,0,book,6400.03,6506.7,2
3,spsc_unaligned_65536_cross-core_unpaced,0,book,6506.7,6613.37,1
3,spsc_unaligned_65536_cross-core_unpaced,0,book,6613.37,6720.04,3
3,spsc_unaligned_65536_cross-core_unpaced,0,book,6720.04,6826.7,1
3,spsc_unaligned_65536_cross-core_unpaced,0,book,6826.7,7040.04,1
3,spsc_unaligned_65536_cross-core_unpaced,0,book,7040.04,7253.37,4
3,spsc_unaligned_65536_cross-core_unpaced,0,book,7253.37,7466.71,2
3,spsc_unaligned_65536_cross-core_unpaced,0,book,7466.71,7680.04,1
3,spsc_unaligned_65536_cross-core_unpaced,0,book,7680.04,7893.38,4
3,spsc_unaligned_65536_cross-core_unpaced,0,book,7893.38,8106.71,3
3,spsc_unaligned_65536_cross-core_unpaced,0,book,8320.04,8533.38,1
3,spsc_unaligned_65536_cross-core_unpaced,0,book,8533.38,8746.71,6
3,spsc_unaligned_65536_cross-core_unpaced,0,book,8746.71,8960.05,10
3,spsc_unaligned_65536_cross-core_unpaced,0,book,8960.05,9173.38,14
3,spsc_unaligned_65536_cross-core_unpaced,0,book,9173.38,9386.72,10
3,spsc_unaligned_65536_cross-core_unpaced,0,book,9386.72,9600.05,9
3,spsc_unaligned_65536_cross-core_unpaced,0,book,9600.05,9813.39,26
3,spsc_unaligned_65536_cross-core_unpaced,0,book,9813.39,10026.7,55
3,spsc_unaligned_65536_cross-core_unpaced,0,book,10026.7,10240.1,92
3,spsc_unaligned_65536_cross-core_unpaced,0,book,10240.1,10453.4,82
3,spsc_unaligned_65536_cross-core_unpaced,0,book,10453.4,10666.7,64
3,spsc_unaligned_65536_cross-core_unpaced,0,book,10666.7,10880.1,46
3,spsc_unaligned_65536_cross-core_unpaced,0,book,10880.1,11093.4,29
3,spsc_unaligned_65536_cross-core_unpaced,0,book,11093.4,11306.7,13
3,spsc_unaligned_65536_cross-core_unpaced,0,book,11306.7,11520.1,3
3,spsc_unaligned_65536_cross-core_unpaced,0,book,11520.1,11733.4,5
3,spsc_unaligned_65536_cross-core_unpaced,0,book,11733.4,11946.7,3
3,spsc_unaligned_65536_cross-core_unpaced,0,book,11946.7,12160.1,2
3,spsc_unaligned_65536_cross-core_unpaced,0,book,12160.1,12373.4,2
3,spsc_unaligned_65536_cross-core_unpaced,0,book,12373.4,12586.7,2
3,spsc_unaligned_65536_cross-core_unpaced,0,book,12586.7,12800.1,3
3,spsc_unaligned_65536_cross-core_unpaced,0,book,12800.1,13013.4,1
3,spsc_unaligned_65536_cross-core_unpaced,0,book,14080.1,14506.7,1
3,spsc_unaligned_65536_cross-core_unpaced,0,book,14506.7,14933.4,3
3,spsc_unaligned_65536_cross-core_unpaced,0,book,15360.1,15786.8,1
3,spsc_unaligned_65536_cross-core_unpaced,0,book,16640.1,17066.8,1
3,spsc_unaligned_65536_cross-core_unpaced,0,book,26026.8,26453.5,1
