run,label,median,metric,bucket_lo_ns,bucket_hi_ns,count
1,unpaced_b8,1,total,506.667,520,1
1,unpaced_b8,1,total,520,533.333,1
1,unpaced_b8,1,total,533.333,546.667,2
1,unpaced_b8,1,total,586.667,600,2
1,unpaced_b8,1,total,600,613.333,1
1,unpaced_b8,1,total,613.333,626.667,1
1,unpaced_b8,1,total,626.667,640,1
1,unpaced_b8,1,total,640,653.333,3
1,unpaced_b8,1,total,653.333,666.667,2
1,unpaced_b8,1,total,746.667,760,2
1,unpaced_b8,1,total,813.333,826.667,2
1,unpaced_b8,1,total,826.667,840,2
1,unpaced_b8,1,total,840,853.333,1
1,unpaced_b8,1,total,853.333,880,4
1,unpaced_b8,1,total,880,906.667,3
1,unpaced_b8,1,total,906.667,933.333,2
1,unpaced_b8,1,total,933.333,960,1
1,unpaced_b8,1,total,960,986.667,3
1,unpaced_b8,1,total,986.667,1013.33,4
1,unpaced_b8,1,total,1013.33,1040,2
1,unpaced_b8,1,total,1040,1066.67,7
1,unpaced_b8,1,total,1066.67,1093.33,4
1,unpaced_b8,1,total,1093.33,1120,11
1,unpaced_b8,1,total,1120,1146.67,10
1,unpaced_b8,1,total,1146.67,1173.33,11
1,unpaced_b8,1,total,1173.33,1200,20
1,unpaced_b8,1,total,1200,1226.67,15
1,unpaced_b8,1,total,1226.67,1253.33,17
1,unpaced_b8,1,total,1253.33,1280,12
1,unpaced_b8,1,total,1280,1306.67,14
1,unpaced_b8,1,total,1306.67,1333.33,8
1,unpaced_b8,1,total,1333.33,1360,11
1,unpaced_b8,1,total,1360,1386.67,18
1,unpaced_b8,1,total,1386.67,1413.33,14
1,unpaced_b8,1,total,1413.33,1440,25
1,unpaced_b8,1,total,1440,1466.67,23
1,unpaced_b8,1,total,1466.67,1493.33,31
1,unpaced_b8,1,total,1493.33,1520,38
1,unpaced_b8,1,total,1520,1546.67,39
1,unpaced_b8,1,total,1546.67,1573.33,42
1,unpaced_b8,1,total,1573.33,1600,30
1,unpaced_b8,1,total,1600,1626.67,33
1,unpaced_b8,1,total,1626.67,1653.33,30
1,unpaced_b8,1,total,1653.33,1680,33
1,unpaced_b8,1,total,1680,1706.67,42
1,unpaced_b8,1,total,1706.67,1760,107
1,unpaced_b8,1,total,1760,1813.33,117
1,unpaced_b8,1,total,1813.33,1866.67,109
1,unpaced_b8,1,total,1866.67,1920,102
1,unpaced_b8,1,total,1920,1973.33,102
1,unpaced_b8,1,total,1973.33,2026.67,106
1,unpaced_b8,1,total,2026.67,2080,117
1,unpaced_b8,1,total,2080,2133.33,112
1,unpaced_b8,1,total,2133.33,2186.67,108
1,unpaced_b8,1,total,2186.67,2240,99
1,unpaced_b8,1,total,2240,2293.33,81
1,unpaced_b8,1,total,2293.33,2346.67,92
1,unpaced_b8,1,total,2346.67,2400,102
1,unpaced_b8,1,total,2400,2453.33,116
1,unpaced_b8,1,total,2453.33,2506.67,143
1,unpaced_b8,1,total,2506.67,2560,116
1,unpaced_b8,1,total,2560,2613.33,93
1,unpaced_b8,1,total,2613.33,2666.67,106
1,unpaced_b8,1,total,2666.67,2720,115
1,unpaced_b8,1,total,2720,2773.33,107
1,unpaced_b8,1,total,2773.33,2826.67,111
1,unpaced_b8,1,total,2826.67,2880,105
1,unpaced_b8,1,total,2880,2933.33,87
1,unpaced_b8,1,total,2933.33,2986.67,82
1,unpaced_b8,1,total,2986.67,3040,99
1,unpaced_b8,1,total,3040,3093.33,111
1,unpaced_b8,1,total,3093.33,3146.67,93
1,unpaced_b8,1,total,3146.67,3200,72
1,unpaced_b8,1,total,3200,3253.33,59
1,unpaced_b8,1,total,3253.33,3306.67,57
1,unpaced_b8,1,total,3306.67,3360,60
1,unpaced_b8,1,total,3360,3413.33,63
1,unpaced_b8,1,total,3413.33,3520,129
1,unpaced_b8,1,total,3520,3626.67,128
1,unpaced_b8,1,total,3626.67,3733.33,138
1,unpaced_b8,1,total,3733.33,3840,147
1,unpaced_b8,1,total,3840,3946.67,145
1,unpaced_b8,1,total,3946.67,4053.33,146
1,unpaced_b8,1,total,4053.33,4160,161
1,unpaced_b8,1,total,4160,4266.67,179
1,unpaced_b8,1,total,4266.67,4373.33,198
1,unpaced_b8,1,total,4373.33,4480,169
1,unpaced_b8,1,total,4480,4586.67,191
1,unpaced_b8,1,total,4586.67,4693.33,172
1,unpaced_b8,1,total,4693.33,4800,156
1,unpaced_b8,1,total,4800,4906.67,190
1,unpaced_b8,1,total,4906.67,5013.33,174
1,unpaced_b8,1,total,5013.33,5120,179
1,unpaced_b8,1,total,5120,5226.67,182
1,unpaced_b8,1,total,5226.67,5333.33,173
1,unpaced_b8,1,total,5333.33,5440,172
1,unpaced_b8,1,total,5440,5546.67,177
1,unpaced_b8,1,total,5546.67,5653.33,182
1,unpaced_b8,1,total,5653.33,5760,174
1,unpaced_b8,1,total,5760,5866.67,161
1,unpaced_b8,1,total,5866.67,5973.33,149
1,unpaced_b8,1,total,5973.33,6080,135
1,unpaced_b8,1,total,6080,6186.67,148
1,unpaced_b8,1,total,6186.67,6293.33,137
1,unpaced_b8,1,total,6293.33,6400,120
1,unpaced_b8,1,total,6400,6506.67,106
1,unpaced_b8,1,total,6506.67,6613.33,95
1,unpaced_b8,1,total,6613.33,6720,76
1,unpaced_b8,1,total,6720,6826.67,61
1,unpaced_b8,1,total,6826.67,7040,132
1,unpaced_b8,1,total,7040,7253.33,80
1,unpaced_b8,1,total,7253.33,7466.67,41
1,unpaced_b8,1,total,7466.67,7680,35
1,unpaced_b8,1,total,7680,7893.33,5
1,unpaced_b8,1,total,11946.7,12160,1
1,unpaced_b8,1,total,12160,12373.3,1
1,unpaced_b8,1,total,12373.3,12586.7,1
1,unpaced_b8,1,total,20906.7,21333.3,2
1,unpaced_b8,1,total,21333.3,21760,16
1,unpaced_b8,1,total,21760,22186.7,3
1,unpaced_b8,1,total,22186.7,22613.3,3
1,unpaced_b8,1,total,23040,23466.7,7
1,unpaced_b8,1,total,23466.7,23893.3,3
1,unpaced_b8,1,total,23893.3,24320,1
1,unpaced_b8,1,total,24320,24746.7,1
1,unpaced_b8,1,total,24746.7,25173.3,1
1,unpaced_b8,1,total,25173.3,25600,2
1,unpaced_b8,1,total,25600,26026.7,1
1,unpaced_b8,1,total,26026.7,26453.3,3
1,unpaced_b8,1,total,26453.3,26880,1
1,unpaced_b8,1,total,26880,27306.7,3
1,unpaced_b8,1,total,27306.7,28160,4
1,unpaced_b8,1,total,28160,29013.3,2
1,unpaced_b8,1,total,29013.3,29866.7,4
1,unpaced_b8,1,total,29866.7,30720,5
1,unpaced_b8,1,total,30720,31573.3,3
1,unpaced_b8,1,total,31573.3,32426.7,1
1,unpaced_b8,1,total,32426.7,33280,3
1,unpaced_b8,1,total,33280,34133.3,3
1,unpaced_b8,1,total,34133.3,34986.7,6
1,unpaced_b8,1,total,34986.7,35840,6
1,unpaced_b8,1,total,35840,36693.3,7
1,unpaced_b8,1,total,36693.3,37546.7,7
1,unpaced_b8,1,total,37546.7,38400,6
1,unpaced_b8,1,total,38400,39253.3,3
1,unpaced_b8,1,total,39253.3,40106.7,4
1,unpaced_b8,1,total,40106.7,40960,6
1,unpaced_b8,1,total,40960,41813.3,3
1,unpaced_b8,1,total,41813.3,42666.7,3
1,unpaced_b8,1,total,42666.7,43520,4
1,unpaced_b8,1,total,43520,44373.3,4
1,unpaced_b8,1,total,44373.3,45226.7,3
1,unpaced_b8,1,total,45226.7,46080,4
1,unpaced_b8,1,total,46080,46933.3,3
1,unpaced_b8,1,total,46933.3,47786.7,5
1,unpaced_b8,1,total,47786.7,48640,2
1,unpaced_b8,1,total,49493.3,50346.7,3
1,unpaced_b8,1,total,50346.7,51200,6
1,unpaced_b8,1,total,51200,52053.3,4
1,unpaced_b8,1,total,52053.3,52906.7,3
1,unpaced_b8,1,total,52906.7,53760,3
1,unpaced_b8,1,total,53760,54613.3,7
1,unpaced_b8,1,total,54613.3,56320,9
1,unpaced_b8,1,total,56320,58026.7,7
1,unpaced_b8,1,total,58026.7,59733.3,6
1,unpaced_b8,1,total,59733.3,61440,10
1,unpaced_b8,1,total,61440,63146.7,7
1,unpaced_b8,1,total,63146.7,64853.3,8
1,unpaced_b8,1,total,64853.3,66560,7
1,unpaced_b8,1,total,66560,68266.7,5
1,unpaced_b8,1,total,68266.7,69973.3,8
1,unpaced_b8,1,total,69973.3,71680,8
1,unpaced_b8,1,total,71680,73386.7,18
1,unpaced_b8,1,total,73386.7,75093.3,8
1,unpaced_b8,1,total,75093.3,76800,6
1,unpaced_b8,1,total,76800,78506.7,7
1,unpaced_b8,1,total,78506.7,80213.3,8
1,unpaced_b8,1,total,80213.3,81920,7
1,unpaced_b8,1,total,81920,83626.7,8
1,unpaced_b8,1,total,83626.7,85333.3,9
1,unpaced_b8,1,total,85333.3,87040,9
1,unpaced_b8,1,total,87040,88746.7,8
1,unpaced_b8,1,total,88746.7,90453.3,11
1,unpaced_b8,1,total,90453.3,92160,10
1,unpaced_b8,1,total,92160,93866.7,8
1,unpaced_b8,1,total,93866.7,95573.3,9
1,unpaced_b8,1,total,95573.3,97280,8
1,unpaced_b8,1,total,97280,98986.7,6
1,unpaced_b8,1,total,98986.7,100693,8
1,unpaced_b8,1,total,100693,102400,8
1,unpaced_b8,1,total,102400,104107,6
1,unpaced_b8,1,total,104107,105813,7
1,unpaced_b8,1,total,105813,107520,9
1,unpaced_b8,1,total,107520,109227,14
1,unpaced_b8,1,total,109227,112640,10
1,unpaced_b8,1,total,119467,122880,4
1,unpaced_b8,1,total,122880,126293,16
1,unpaced_b8,1,total,126293,129707,15
1,unpaced_b8,1,total,129707,133120,19
1,unpaced_b8,1,total,133120,136533,24
1,unpaced_b8,1,total,136533,139947,15
1,unpaced_b8,1,total,139947,143360,15
1,unpaced_b8,1,total,143360,146773,17
1,unpaced_b8,1,total,146773,150187,18
1,unpaced_b8,1,total,150187,153600,22
1,unpaced_b8,1,total,153600,157013,23
1,unpaced_b8,1,total,157013,160427,21
1,unpaced_b8,1,total,160427,163840,18
1,unpaced_b8,1,total,163840,167253,24
1,unpaced_b8,1,total,167253,170667,16
1,unpaced_b8,1,total,170667,174080,18
1,unpaced_b8,1,total,174080,177493,16
1,unpaced_b8,1,total,177493,180907,21
1,unpaced_b8,1,total,180907,184320,18
1,unpaced_b8,1,total,184320,187733,15
1,unpaced_b8,1,total,187733,191147,17
1,unpaced_b8,1,total,191147,194560,15
1,unpaced_b8,1,total,194560,197973,25
1,unpaced_b8,1,total,197973,201387,17
1,unpaced_b8,1,total,201387,204800,14
1,unpaced_b8,1,total,204800,208213,15
1,unpaced_b8,1,total,208213,211627,27
1,unpaced_b8,1,total,211627,215040,30
1,unpaced_b8,1,total,215040,218453,21
1,unpaced_b8,1,total,218453,225280,30
1,unpaced_b8,1,total,225280,232107,48
1,unpaced_b8,1,total,232107,238933,39
1,unpaced_b8,1,total,238933,245760,48
1,unpaced_b8,1,total,245760,252587,35
1,unpaced_b8,1,total,252587,259413,39
1,unpaced_b8,1,total,259413,266240,30
1,unpaced_b8,1,total,266240,273067,33
1,unpaced_b8,1,total,273067,279893,32
1,unpaced_b8,1,total,279893,286720,33
1,unpaced_b8,1,total,286720,293547,41
1,unpaced_b8,1,total,293547,300373,35
1,unpaced_b8,1,total,300373,307200,48
1,unpaced_b8,1,total,307200,314027,40
1,unpaced_b8,1,total,314027,320853,68
1,unpaced_b8,1,total,320853,327680,52
1,unpaced_b8,1,total,327680,334507,40
1,unpaced_b8,1,total,334507,341333,45
1,unpaced_b8,1,total,341333,348160,46
1,unpaced_b8,1,total,348160,354987,42
1,unpaced_b8,1,total,354987,361813,25
1,unpaced_b8,1,total,361813,368640,37
1,unpaced_b8,1,total,368640,375467,45
1,unpaced_b8,1,total,375467,382293,59
1,unpaced_b8,1,total,382293,389120,47
1,unpaced_b8,1,total,389120,395947,52
1,unpaced_b8,1,total,395947,402773,44
1,unpaced_b8,1,total,402773,409600,48
1,unpaced_b8,1,total,409600,416427,43
1,unpaced_b8,1,total,416427,423253,45
1,unpaced_b8,1,total,423253,430080,41
1,unpaced_b8,1,total,430080,436907,58
1,unpaced_b8,1,total,436907,450560,111
1,unpaced_b8,1,total,450560,464213,120
1,unpaced_b8,1,total,464213,477867,100
1,unpaced_b8,1,total,477867,491520,101
1,unpaced_b8,1,total,491520,505173,261
1,unpaced_b8,1,total,505173,518827,130
1,unpaced_b8,1,total,518827,532480,119
1,unpaced_b8,1,total,532480,546133,111
1,unpaced_b8,1,total,546133,559787,128
1,unpaced_b8,1,total,559787,573440,124
1,unpaced_b8,1,total,573440,587093,129
1,unpaced_b8,1,total,587093,600747,100
1,unpaced_b8,1,total,600747,614400,152
1,unpaced_b8,1,total,614400,628053,104
1,unpaced_b8,1,total,628053,641707,127
1,unpaced_b8,1,total,641707,655360,119
1,unpaced_b8,1,total,655360,669013,112
1,unpaced_b8,1,total,669013,682667,133
1,unpaced_b8,1,total,682667,696320,117
1,unpaced_b8,1,total,696320,709973,108
1,unpaced_b8,1,total,709973,723627,113
1,unpaced_b8,1,total,723627,737280,115
1,unpaced_b8,1,total,737280,750933,112
1,unpaced_b8,1,total,750933,764587,95
1,unpaced_b8,1,total,764587,778240,99
1,unpaced_b8,1,total,778240,791893,119
1,unpaced_b8,1,total,791893,805547,106
1,unpaced_b8,1,total,805547,819200,102
1,unpaced_b8,1,total,819200,832853,106
1,unpaced_b8,1,total,832853,846507,71
1,unpaced_b8,1,total,860160,873813,66
1,unpaced_b8,1,total,873813,901120,219
1,unpaced_b8,1,total,901120,928427,242
1,unpaced_b8,1,total,928427,955733,169
1,unpaced_b8,1,total,955733,983040,220
1,unpaced_b8,1,total,983040,1.01035e+06,244
1,unpaced_b8,1,total,1.01035e+06,1.03765e+06,226
1,unpaced_b8,1,total,1.03765e+06,1.06496e+06,221
1,unpaced_b8,1,total,1.06496e+06,1.09227e+06,211
1,unpaced_b8,1,total,1.09227e+06,1.11957e+06,198
1,unpaced_b8,1,total,1.11957e+06,1.14688e+06,226
1,unpaced_b8,1,total,1.14688e+06,1.17419e+06,225
1,unpaced_b8,1,total,1.17419e+06,1.20149e+06,208
1,unpaced_b8,1,total,1.20149e+06,1.2288e+06,244
1,unpaced_b8,1,total,1.2288e+06,1.25611e+06,215
1,unpaced_b8,1,total,1.25611e+06,1.28341e+06,230
1,unpaced_b8,1,total,1.28341e+06,1.31072e+06,225
1,unpaced_b8,1,total,1.31072e+06,1.33803e+06,200
1,unpaced_b8,1,total,1.33803e+06,1.36533e+06,240
1,unpaced_b8,1,total,1.36533e+06,1.39264e+06,212
1,unpaced_b8,1,total,1.39264e+06,1.41995e+06,203
1,unpaced_b8,1,total,1.41995e+06,1.44725e+06,236
1,unpaced_b8,1,total,1.44725e+06,1.47456e+06,207
1,unpaced_b8,1,total,1.47456e+06,1.50187e+06,232
1,unpaced_b8,1,total,1.50187e+06,1.52917e+06,198
1,unpaced_b8,1,total,1.52917e+06,1.55648e+06,179
1,unpaced_b8,1,total,1.55648e+06,1.58379e+06,250
1,unpaced_b8,1,total,1.58379e+06,1.61109e+06,215
1,unpaced_b8,1,total,1.61109e+06,1.6384e+06,146
1,unpaced_b8,1,total,1.6384e+06,1.66571e+06,234
1,unpaced_b8,1,total,1.66571e+06,1.69301e+06,214
1,unpaced_b8,1,total,1.69301e+06,1.72032e+06,238
1,unpaced_b8,1,total,1.72032e+06,1.74763e+06,268
1,unpaced_b8,1,total,1.74763e+06,1.80224e+06,429
1,unpaced_b8,1,total,1.80224e+06,1.85685e+06,440
1,unpaced_b8,1,total,1.85685e+06,1.91147e+06,351
1,unpaced_b8,1,total,1.91147e+06,1.96608e+06,418
1,unpaced_b8,1,total,1.96608e+06,2.02069e+06,393
1,unpaced_b8,1,total,2.02069e+06,2.07531e+06,359
1,unpaced_b8,1,total,2.07531e+06,2.12992e+06,459
1,unpaced_b8,1,total,2.12992e+06,2.18453e+06,442
1,unpaced_b8,1,total,2.18453e+06,2.23915e+06,415
1,unpaced_b8,1,total,2.23915e+06,2.29376e+06,473
1,unpaced_b8,1,total,2.29376e+06,2.34837e+06,475
1,unpaced_b8,1,total,2.34837e+06,2.40299e+06,480
1,unpaced_b8,1,total,2.40299e+06,2.4576e+06,33986
1,unpaced_b8,1,total,2.4576e+06,2.51221e+06,472103
1,unpaced_b8,1,total,2.51221e+06,2.56683e+06,1339242
1,unpaced_b8,1,total,2.56683e+06,2.62144e+06,905046
1,unpaced_b8,1,total,2.62144e+06,2.67605e+06,314939
1,unpaced_b8,1,total,2.67605e+06,2.73067e+06,303116
1,unpaced_b8,1,total,2.73067e+06,2.78528e+06,295131
1,unpaced_b8,1,total,2.78528e+06,2.83989e+06,232741
1,unpaced_b8,1,total,2.83989e+06,2.89451e+06,136305
1,unpaced_b8,1,total,2.89451e+06,2.94912e+06,75422
1,unpaced_b8,1,total,2.94912e+06,3.00373e+06,57280
1,unpaced_b8,1,total,3.00373e+06,3.05835e+06,79528
1,unpaced_b8,1,total,3.05835e+06,3.11296e+06,68996
1,unpaced_b8,1,total,3.11296e+06,3.16757e+06,45255
1,unpaced_b8,1,total,3.16757e+06,3.22219e+06,57526
1,unpaced_b8,1,total,3.22219e+06,3.2768e+06,84094
1,unpaced_b8,1,total,3.2768e+06,3.33141e+06,195928
1,unpaced_b8,1,total,3.33141e+06,3.38603e+06,468367
1,unpaced_b8,1,total,3.38603e+06,3.44064e+06,1252442
1,unpaced_b8,1,total,3.44064e+06,3.49525e+06,2628777
1,unpaced_b8,1,total,3.49525e+06,3.60448e+06,11081239
1,unpaced_b8,1,total,3.60448e+06,3.71371e+06,20035608
1,unpaced_b8,1,total,3.71371e+06,3.82293e+06,27552493
1,unpaced_b8,1,total,3.82293e+06,3.93216e+06,25438384
1,unpaced_b8,1,total,3.93216e+06,4.04139e+06,19298213
1,unpaced_b8,1,total,4.04139e+06,4.15061e+06,11004157
1,unpaced_b8,1,total,4.15061e+06,4.25984e+06,5091395
1,unpaced_b8,1,total,4.25984e+06,4.36907e+06,2086461
1,unpaced_b8,1,total,4.36907e+06,4.47829e+06,1010133
1,unpaced_b8,1,total,4.47829e+06,4.58752e+06,440433
1,unpaced_b8,1,total,4.58752e+06,4.69675e+06,199457
1,unpaced_b8,1,total,4.69675e+06,4.80597e+06,87806
1,unpaced_b8,1,total,4.80597e+06,4.9152e+06,64341
1,unpaced_b8,1,total,4.9152e+06,5.02443e+06,19841
1,unpaced_b8,1,total,5.02443e+06,5.13365e+06,20297
1,unpaced_b8,1,total,5.13365e+06,5.24288e+06,17926
1,unpaced_b8,1,total,5.24288e+06,5.35211e+06,8327
1,unpaced_b8,1,total,5.35211e+06,5.46133e+06,9644
1,unpaced_b8,1,total,5.46133e+06,5.57056e+06,5941
1,unpaced_b8,1,total,5.57056e+06,5.67979e+06,5981
1,unpaced_b8,1,total,5.67979e+06,5.78901e+06,1780
1,unpaced_b8,1,total,5.78901e+06,5.89824e+06,2955
1,unpaced_b8,1,total,5.89824e+06,6.00747e+06,24328
1,unpaced_b8,1,total,6.00747e+06,6.11669e+06,32574
1,unpaced_b8,1,total,6.11669e+06,6.22592e+06,34154
1,unpaced_b8,1,total,6.22592e+06,6.33515e+06,12483
1,unpaced_b8,1,queue,480,493.333,1
1,unpaced_b8,1,queue,506.667,520,3
1,unpaced_b8,1,queue,520,533.333,2
1,unpaced_b8,1,queue,560,573.333,1
1,unpaced_b8,1,queue,573.333,586.667,1
1,unpaced_b8,1,queue,586.667,600,1
1,unpaced_b8,1,queue,600,613.333,1
1,unpaced_b8,1,queue,613.333,626.667,2
1,unpaced_b8,1,queue,626.667,640,2
1,unpaced_b8,1,queue,640,653.333,1
1,unpaced_b8,1,queue,653.333,666.667,1
1,unpaced_b8,1,queue,706.667,720,1
1,unpaced_b8,1,queue,746.667,760,1
1,unpaced_b8,1,queue,786.667,800,2
1,unpaced_b8,1,queue,813.333,826.667,2
1,unpaced_b8,1,queue,826.667,840,1
1,unpaced_b8,1,queue,840,853.333,1
1,unpaced_b8,1,queue,853.333,880,4
1,unpaced_b8,1,queue,880,906.667,4
1,unpaced_b8,1,queue,906.667,933.333,1
1,unpaced_b8,1,queue,933.333,960,2
1,unpaced_b8,1,queue,960,986.667,4
1,unpaced_b8,1,queue,986.667,1013.33,3
1,unpaced_b8,1,queue,1013.33,1040,3
1,unpaced_b8,1,queue,1040,1066.67,6
1,unpaced_b8,1,queue,1066.67,1093.33,7
1,unpaced_b8,1,queue,1093.33,1120,10
1,unpaced_b8,1,queue,1120,1146.67,14
1,unpaced_b8,1,queue,1146.67,1173.33,15
1,unpaced_b8,1,queue,1173.33,1200,21
1,unpaced_b8,1,queue,1200,1226.67,14
1,unpaced_b8,1,queue,1226.67,1253.33,13
1,unpaced_b8,1,queue,1253.33,1280,13
1,unpaced_b8,1,queue,1280,1306.67,11
1,unpaced_b8,1,queue,1306.67,1333.33,9
1,unpaced_b8,1,queue,1333.33,1360,16
1,unpaced_b8,1,queue,1360,1386.67,14
1,unpaced_b8,1,queue,1386.67,1413.33,18
1,unpaced_b8,1,queue,1413.33,1440,29
1,unpaced_b8,1,queue,1440,1466.67,26
1,unpaced_b8,1,queue,1466.67,1493.33,40
1,unpaced_b8,1,queue,1493.33,1520,39
1,unpaced_b8,1,queue,1520,1546.67,42
1,unpaced_b8,1,queue,1546.67,1573.33,33
1,unpaced_b8,1,queue,1573.33,1600,34
1,unpaced_b8,1,queue,1600,1626.67,34
1,unpaced_b8,1,queue,1626.67,1653.33,31
1,unpaced_b8,1,queue,1653.33,1680,38
1,unpaced_b8,1,queue,1680,1706.67,45
1,unpaced_b8,1,queue,1706.67,1760,113
1,unpaced_b8,1,queue,1760,1813.33,115
1,unpaced_b8,1,queue,1813.33,1866.67,109
1,unpaced_b8,1,queue,1866.67,1920,100
1,unpaced_b8,1,queue,1920,1973.33,100
1,unpaced_b8,1,queue,1973.33,2026.67,111
1,unpaced_b8,1,queue,2026.67,2080,118
1,unpaced_b8,1,queue,2080,2133.33,112
1,unpaced_b8,1,queue,2133.33,2186.67,105
1,unpaced_b8,1,queue,2186.67,2240,96
1,unpaced_b8,1,queue,2240,2293.33,85
1,unpaced_b8,1,queue,2293.33,2346.67,91
1,unpaced_b8,1,queue,2346.67,2400,102
1,unpaced_b8,1,queue,2400,2453.33,126
1,unpaced_b8,1,queue,2453.33,2506.67,136
1,unpaced_b8,1,queue,2506.67,2560,118
1,unpaced_b8,1,queue,2560,2613.33,89
1,unpaced_b8,1,queue,2613.33,2666.67,106
1,unpaced_b8,1,queue,2666.67,2720,114
1,unpaced_b8,1,queue,2720,2773.33,110
1,unpaced_b8,1,queue,2773.33,2826.67,115
1,unpaced_b8,1,queue,2826.67,2880,100
1,unpaced_b8,1,queue,2880,2933.33,87
1,unpaced_b8,1,queue,2933.33,2986.67,81
1,unpaced_b8,1,queue,2986.67,3040,105
1,unpaced_b8,1,queue,3040,3093.33,108
1,unpaced_b8,1,queue,3093.33,3146.67,77
1,unpaced_b8,1,queue,3146.67,3200,71
1,unpaced_b8,1,queue,3200,3253.33,57
1,unpaced_b8,1,queue,3253.33,3306.67,56
1,unpaced_b8,1,queue,3306.67,3360,61
1,unpaced_b8,1,queue,3360,3413.33,60
1,unpaced_b8,1,queue,3413.33,3520,132
1,unpaced_b8,1,queue,3520,3626.67,124
1,unpaced_b8,1,queue,3626.67,3733.33,147
1,unpaced_b8,1,queue,3733.33,3840,144
1,unpaced_b8,1,queue,3840,3946.67,148
1,unpaced_b8,1,queue,3946.67,4053.33,148
1,unpaced_b8,1,queue,4053.33,4160,162
1,unpaced_b8,1,queue,4160,4266.67,187
1,unpaced_b8,1,queue,4266.67,4373.33,196
1,unpaced_b8,1,queue,4373.33,4480,168
1,unpaced_b8,1,queue,4480,4586.67,189
1,unpaced_b8,1,queue,4586.67,4693.33,168
1,unpaced_b8,1,queue,4693.33,4800,161
1,unpaced_b8,1,queue,4800,4906.67,192
1,unpaced_b8,1,queue,4906.67,5013.33,170
1,unpaced_b8,1,queue,5013.33,5120,178
1,unpaced_b8,1,queue,5120,5226.67,186
1,unpaced_b8,1,queue,5226.67,5333.33,168
1,unpaced_b8,1,queue,5333.33,5440,169
1,unpaced_b8,1,queue,5440,5546.67,181
1,unpaced_b8,1,queue,5546.67,5653.33,184
1,unpaced_b8,1,queue,5653.33,5760,170
1,unpaced_b8,1,queue,5760,5866.67,158
1,unpaced_b8,1,queue,5866.67,5973.33,148
1,unpaced_b8,1,queue,5973.33,6080,135
1,unpaced_b8,1,queue,6080,6186.67,146
1,unpaced_b8,1,queue,6186.67,6293.33,137
1,unpaced_b8,1,queue,6293.33,6400,117
1,unpaced_b8,1,queue,6400,6506.67,103
1,unpaced_b8,1,queue,6506.67,6613.33,92
1,unpaced_b8,1,queue,6613.33,6720,74
1,unpaced_b8,1,queue,6720,6826.67,58
1,unpaced_b8,1,queue,6826.67,7040,130
1,unpaced_b8,1,queue,7040,7253.33,75
1,unpaced_b8,1,queue,7253.33,7466.67,39
1,unpaced_b8,1,queue,7466.67,7680,33
1,unpaced_b8,1,queue,7680,7893.33,4
1,unpaced_b8,1,queue,11946.7,12160,1
1,unpaced_b8,1,queue,12160,12373.3,2
1,unpaced_b8,1,queue,20906.7,21333.3,3
1,unpaced_b8,1,queue,21333.3,21760,15
1,unpaced_b8,1,queue,21760,22186.7,5
1,unpaced_b8,1,queue,22186.7,22613.3,1
1,unpaced_b8,1,queue,23040,23466.7,7
1,unpaced_b8,1,queue,23466.7,23893.3,2
1,unpaced_b8,1,queue,23893.3,24320,1
1,unpaced_b8,1,queue,24320,24746.7,1
1,unpaced_b8,1,queue,24746.7,25173.3,1
1,unpaced_b8,1,queue,25173.3,25600,2
1,unpaced_b8,1,queue,25600,26026.7,1
1,unpaced_b8,1,queue,26026.7,26453.3,3
1,unpaced_b8,1,queue,26453.3,26880,2
1,unpaced_b8,1,queue,26880,27306.7,2
1,unpaced_b8,1,queue,27306.7,28160,4
1,unpaced_b8,1,queue,28160,29013.3,2
1,unpaced_b8,1,queue,29013.3,29866.7,4
1,unpaced_b8,1,queue,29866.7,30720,4
1,unpaced_b8,1,queue,30720,31573.3,4
1,unpaced_b8,1,queue,31573.3,32426.7,1
1,unpaced_b8,1,queue,32426.7,33280,3
1,unpaced_b8,1,queue,33280,34133.3,3
1,unpaced_b8,1,queue,34133.3,34986.7,7
1,unpaced_b8,1,queue,34986.7,35840,5
1,unpaced_b8,1,queue,35840,36693.3,8
1,unpaced_b8,1,queue,36693.3,37546.7,7
1,unpaced_b8,1,queue,37546.7,38400,5
1,unpaced_b8,1,queue,38400,39253.3,3
1,unpaced_b8,1,queue,39253.3,40106.7,4
1,unpaced_b8,1,queue,40106.7,40960,6
1,unpaced_b8,1,queue,40960,41813.3,3
1,unpaced_b8,1,queue,41813.3,42666.7,3
1,unpaced_b8,1,queue,42666.7,43520,4
1,unpaced_b8,1,queue,43520,44373.3,4
1,unpaced_b8,1,queue,44373.3,45226.7,3
1,unpaced_b8,1,queue,45226.7,46080,4
1,unpaced_b8,1,queue,46080,46933.3,3
1,unpaced_b8,1,queue,46933.3,47786.7,5
1,unpaced_b8,1,queue,47786.7,48640,1
1,unpaced_b8,1,queue,48640,49493.3,1
1,unpaced_b8,1,queue,49493.3,50346.7,3
1,unpaced_b8,1,queue,50346.7,51200,5
1,unpaced_b8,1,queue,51200,52053.3,5
1,unpaced_b8,1,queue,52053.3,52906.7,3
1,unpaced_b8,1,queue,52906.7,53760,3
1,unpaced_b8,1,queue,53760,54613.3,8
1,unpaced_b8,1,queue,54613.3,56320,8
1,unpaced_b8,1,queue,56320,58026.7,7
1,unpaced_b8,1,queue,58026.7,59733.3,6
1,unpaced_b8,1,queue,59733.3,61440,10
1,unpaced_b8,1,queue,61440,63146.7,7
1,unpaced_b8,1,queue,63146.7,64853.3,8
1,unpaced_b8,1,queue,64853.3,66560,7
1,unpaced_b8,1,queue,66560,68266.7,5
1,unpaced_b8,1,queue,68266.7,69973.3,8
1,unpaced_b8,1,queue,69973.3,71680,8
1,unpaced_b8,1,queue,71680,73386.7,18
1,unpaced_b8,1,queue,73386.7,75093.3,8
1,unpaced_b8,1,queue,75093.3,76800,6
1,unpaced_b8,1,queue,76800,78506.7,7
1,unpaced_b8,1,queue,78506.7,80213.3,8
1,unpaced_b8,1,queue,80213.3,81920,7
1,unpaced_b8,1,queue,81920,83626.7,8
1,unpaced_b8,1,queue,83626.7,85333.3,9
1,unpaced_b8,1,queue,85333.3,87040,9
1,unpaced_b8,1,queue,87040,88746.7,8
1,unpaced_b8,1,queue,88746.7,90453.3,12
1,unpaced_b8,1,queue,90453.3,92160,9
1,unpaced_b8,1,queue,92160,93866.7,8
1,unpaced_b8,1,queue,93866.7,95573.3,9
1,unpaced_b8,1,queue,95573.3,97280,8
1,unpaced_b8,1,queue,97280,98986.7,6
1,unpaced_b8,1,queue,98986.7,100693,8
1,unpaced_b8,1,queue,100693,102400,8
1,unpaced_b8,1,queue,102400,104107,6
1,unpaced_b8,1,queue,104107,105813,7
1,unpaced_b8,1,queue,105813,107520,10
1,unpaced_b8,1,queue,107520,109227,13
1,unpaced_b8,1,queue,109227,112640,10
1,unpaced_b8,1,queue,119467,122880,4
1,unpaced_b8,1,queue,122880,126293,16
1,unpaced_b8,1,queue,126293,129707,15
1,unpaced_b8,1,queue,129707,133120,19
1,unpaced_b8,1,queue,133120,136533,24
1,unpaced_b8,1,queue,136533,139947,16
1,unpaced_b8,1,queue,139947,143360,14
1,unpaced_b8,1,queue,143360,146773,17
1,unpaced_b8,1,queue,146773,150187,18
1,unpaced_b8,1,queue,150187,153600,22
1,unpaced_b8,1,queue,153600,157013,23
1,unpaced_b8,1,queue,157013,160427,21
1,unpaced_b8,1,queue,160427,163840,18
1,unpaced_b8,1,queue,163840,167253,24
1,unpaced_b8,1,queue,167253,170667,16
1,unpaced_b8,1,queue,170667,174080,18
1,unpaced_b8,1,queue,174080,177493,16
1,unpaced_b8,1,queue,177493,180907,22
1,unpaced_b8,1,queue,180907,184320,17
1,unpaced_b8,1,queue,184320,187733,15
1,unpaced_b8,1,queue,187733,191147,17
1,unpaced_b8,1,queue,191147,194560,15
1,unpaced_b8,1,queue,194560,197973,25
1,unpaced_b8,1,queue,197973,201387,17
1,unpaced_b8,1,queue,201387,204800,14
1,unpaced_b8,1,queue,204800,208213,15
1,unpaced_b8,1,queue,208213,211627,28
1,unpaced_b8,1,queue,211627,215040,29
1,unpaced_b8,1,queue,215040,218453,20
1,unpaced_b8,1,queue,218453,225280,30
1,unpaced_b8,1,queue,225280,232107,48
1,unpaced_b8,1,queue,232107,238933,40
1,unpaced_b8,1,queue,238933,245760,48
1,unpaced_b8,1,queue,245760,252587,35
1,unpaced_b8,1,queue,252587,259413,39
1,unpaced_b8,1,queue,259413,266240,30
1,unpaced_b8,1,queue,266240,273067,33
1,unpaced_b8,1,queue,273067,279893,32
1,unpaced_b8,1,queue,279893,286720,33
1,unpaced_b8,1,queue,286720,293547,41
1,unpaced_b8,1,queue,293547,300373,35
1,unpaced_b8,1,queue,300373,307200,48
1,unpaced_b8,1,queue,307200,314027,41
1,unpaced_b8,1,queue,314027,320853,67
1,unpaced_b8,1,queue,320853,327680,53
1,unpaced_b8,1,queue,327680,334507,39
1,unpaced_b8,1,queue,334507,341333,45
1,unpaced_b8,1,queue,341333,348160,46
1,unpaced_b8,1,queue,348160,354987,42
1,unpaced_b8,1,queue,354987,361813,25
1,unpaced_b8,1,queue,361813,368640,37
1,unpaced_b8,1,queue,368640,375467,45
1,unpaced_b8,1,queue,375467,382293,59
1,unpaced_b8,1,queue,382293,389120,47
1,unpaced_b8,1,queue,389120,395947,52
1,unpaced_b8,1,queue,395947,402773,45
1,unpaced_b8,1,queue,402773,409600,47
1,unpaced_b8,1,queue,409600,416427,43
1,unpaced_b8,1,queue,416427,423253,45
1,unpaced_b8,1,queue,423253,430080,43
1,unpaced_b8,1,queue,430080,436907,56
1,unpaced_b8,1,queue,436907,450560,111
1,unpaced_b8,1,queue,450560,464213,120
1,unpaced_b8,1,queue,464213,477867,100
1,unpaced_b8,1,queue,477867,491520,102
1,unpaced_b8,1,queue,491520,505173,261
1,unpaced_b8,1,queue,505173,518827,129
1,unpaced_b8,1,queue,518827,532480,119
1,unpaced_b8,1,queue,532480,546133,112
1,unpaced_b8,1,queue,546133,559787,127
1,unpaced_b8,1,queue,559787,573440,124
1,unpaced_b8,1,queue,573440,587093,129
1,unpaced_b8,1,queue,587093,600747,99
1,unpaced_b8,1,queue,600747,614400,153
1,unpaced_b8,1,queue,614400,628053,103
1,unpaced_b8,1,queue,628053,641707,129
1,unpaced_b8,1,queue,641707,655360,118
1,unpaced_b8,1,queue,655360,669013,111
1,unpaced_b8,1,queue,669013,682667,134
1,unpaced_b8,1,queue,682667,696320,117
1,unpaced_b8,1,queue,696320,709973,109
1,unpaced_b8,1,queue,709973,723627,112
1,unpaced_b8,1,queue,723627,737280,115
1,unpaced_b8,1,queue,737280,750933,112
1,unpaced_b8,1,queue,750933,764587,95
1,unpaced_b8,1,queue,764587,778240,99
1,unpaced_b8,1,queue,778240,791893,119
1,unpaced_b8,1,queue,791893,805547,107
1,unpaced_b8,1,queue,805547,819200,101
1,unpaced_b8,1,queue,819200,832853,106
1,unpaced_b8,1,queue,832853,846507,71
1,unpaced_b8,1,queue,860160,873813,65
1,unpaced_b8,1,queue,873813,901120,219
1,unpaced_b8,1,queue,901120,928427,243
1,unpaced_b8,1,queue,928427,955733,169
1,unpaced_b8,1,queue,955733,983040,221
1,unpaced_b8,1,queue,983040,1.01035e+06,243
1,unpaced_b8,1,queue,1.01035e+06,1.03765e+06,226
1,unpaced_b8,1,queue,1.03765e+06,1.06496e+06,221
1,unpaced_b8,1,queue,1.06496e+06,1.09227e+06,211
1,unpaced_b8,1,queue,1.09227e+06,1.11957e+06,198
1,unpaced_b8,1,queue,1.11957e+06,1.14688e+06,226
1,unpaced_b8,1,queue,1.14688e+06,1.17419e+06,225
1,unpaced_b8,1,queue,1.17419e+06,1.20149e+06,209
1,unpaced_b8,1,queue,1.20149e+06,1.2288e+06,243
1,unpaced_b8,1,queue,1.2288e+06,1.25611e+06,215
1,unpaced_b8,1,queue,1.25611e+06,1.28341e+06,230
1,unpaced_b8,1,queue,1.28341e+06,1.31072e+06,225
1,unpaced_b8,1,queue,1.31072e+06,1.33803e+06,201
1,unpaced_b8,1,queue,1.33803e+06,1.36533e+06,239
1,unpaced_b8,1,queue,1.36533e+06,1.39264e+06,211
1,unpaced_b8,1,queue,1.39264e+06,1.41995e+06,204
1,unpaced_b8,1,queue,1.41995e+06,1.44725e+06,235
1,unpaced_b8,1,queue,1.44725e+06,1.47456e+06,208
1,unpaced_b8,1,queue,1.47456e+06,1.50187e+06,232
1,unpaced_b8,1,queue,1.50187e+06,1.52917e+06,198
1,unpaced_b8,1,queue,1.52917e+06,1.55648e+06,179
1,unpaced_b8,1,queue,1.55648e+06,1.58379e+06,250
1,unpaced_b8,1,queue,1.58379e+06,1.61109e+06,215
1,unpaced_b8,1,queue,1.61109e+06,1.6384e+06,146
1,unpaced_b8,1,queue,1.6384e+06,1.66571e+06,234
1,unpaced_b8,1,queue,1.66571e+06,1.69301e+06,214
1,unpaced_b8,1,queue,1.69301e+06,1.72032e+06,238
1,unpaced_b8,1,queue,1.72032e+06,1.74763e+06,267
1,unpaced_b8,1,queue,1.74763e+06,1.80224e+06,430
1,unpaced_b8,1,queue,1.80224e+06,1.85685e+06,440
1,unpaced_b8,1,queue,1.85685e+06,1.91147e+06,351
1,unpaced_b8,1,queue,1.91147e+06,1.96608e+06,418
1,unpaced_b8,1,queue,1.96608e+06,2.02069e+06,393
1,unpaced_b8,1,queue,2.02069e+06,2.07531e+06,359
1,unpaced_b8,1,queue,2.07531e+06,2.12992e+06,458
1,unpaced_b8,1,queue,2.12992e+06,2.18453e+06,443
1,unpaced_b8,1,queue,2.18453e+06,2.23915e+06,415
1,unpaced_b8,1,queue,2.23915e+06,2.29376e+06,473
1,unpaced_b8,1,queue,2.29376e+06,2.34837e+06,475
1,unpaced_b8,1,queue,2.34837e+06,2.40299e+06,480
1,unpaced_b8,1,queue,2.40299e+06,2.4576e+06,34187
1,unpaced_b8,1,queue,2.4576e+06,2.51221e+06,474134
1,unpaced_b8,1,queue,2.51221e+06,2.56683e+06,1340132
1,unpaced_b8,1,queue,2.56683e+06,2.62144e+06,902984
1,unpaced_b8,1,queue,2.62144e+06,2.67605e+06,314299
1,unpaced_b8,1,queue,2.67605e+06,2.73067e+06,303726
1,unpaced_b8,1,queue,2.73067e+06,2.78528e+06,294671
1,unpaced_b8,1,queue,2.78528e+06,2.83989e+06,232528
1,unpaced_b8,1,queue,2.83989e+06,2.89451e+06,136096
1,unpaced_b8,1,queue,2.89451e+06,2.94912e+06,75438
1,unpaced_b8,1,queue,2.94912e+06,3.00373e+06,57357
1,unpaced_b8,1,queue,3.00373e+06,3.05835e+06,79464
1,unpaced_b8,1,queue,3.05835e+06,3.11296e+06,68913
1,unpaced_b8,1,queue,3.11296e+06,3.16757e+06,45248
1,unpaced_b8,1,queue,3.16757e+06,3.22219e+06,57617
1,unpaced_b8,1,queue,3.22219e+06,3.2768e+06,84364
1,unpaced_b8,1,queue,3.2768e+06,3.33141e+06,196524
1,unpaced_b8,1,queue,3.33141e+06,3.38603e+06,469174
1,unpaced_b8,1,queue,3.38603e+06,3.44064e+06,1256112
1,unpaced_b8,1,queue,3.44064e+06,3.49525e+06,2633963
1,unpaced_b8,1,queue,3.49525e+06,3.60448e+06,11096479
1,unpaced_b8,1,queue,3.60448e+06,3.71371e+06,20050494
1,unpaced_b8,1,queue,3.71371e+06,3.82293e+06,27559984
1,unpaced_b8,1,queue,3.82293e+06,3.93216e+06,25433264
1,unpaced_b8,1,queue,3.93216e+06,4.04139e+06,19282923
1,unpaced_b8,1,queue,4.04139e+06,4.15061e+06,10990428
1,unpaced_b8,1,queue,4.15061e+06,4.25984e+06,5082779
1,unpaced_b8,1,queue,4.25984e+06,4.36907e+06,2083806
1,unpaced_b8,1,queue,4.36907e+06,4.47829e+06,1008733
1,unpaced_b8,1,queue,4.47829e+06,4.58752e+06,439444
1,unpaced_b8,1,queue,4.58752e+06,4.69675e+06,199183
1,unpaced_b8,1,queue,4.69675e+06,4.80597e+06,87653
1,unpaced_b8,1,queue,4.80597e+06,4.9152e+06,64264
1,unpaced_b8,1,queue,4.9152e+06,5.02443e+06,19874
1,unpaced_b8,1,queue,5.02443e+06,5.13365e+06,20273
1,unpaced_b8,1,queue,5.13365e+06,5.24288e+06,17909
1,unpaced_b8,1,queue,5.24288e+06,5.35211e+06,8337
1,unpaced_b8,1,queue,5.35211e+06,5.46133e+06,9629
1,unpaced_b8,1,queue,5.46133e+06,5.57056e+06,5948
1,unpaced_b8,1,queue,5.57056e+06,5.67979e+06,5973
1,unpaced_b8,1,queue,5.67979e+06,5.78901e+06,1776
1,unpaced_b8,1,queue,5.78901e+06,5.89824e+06,2961
1,unpaced_b8,1,queue,5.89824e+06,6.00747e+06,24354
1,unpaced_b8,1,queue,6.00747e+06,6.11669e+06,32636
1,unpaced_b8,1,queue,6.11669e+06,6.22592e+06,34201
1,unpaced_b8,1,queue,6.22592e+06,6.33515e+06,12338
1,unpaced_b8,1,book,15,15.4167,6
1,unpaced_b8,1,book,15.8333,16.25,43
1,unpaced_b8,1,book,16.6667,17.0833,19
1,unpaced_b8,1,book,17.5,17.9167,468
1,unpaced_b8,1,book,18.3333,18.75,14202
1,unpaced_b8,1,book,19.1667,19.5833,55386
1,unpaced_b8,1,book,20,20.4167,181124
1,unpaced_b8,1,book,20.8333,21.25,290251
1,unpaced_b8,1,book,21.6667,22.0833,278407
1,unpaced_b8,1,book,22.5,22.9167,328045
1,unpaced_b8,1,book,23.3333,23.75,599635
1,unpaced_b8,1,book,24.1667,24.5833,1474210
1,unpaced_b8,1,book,25,25.4167,1655732
1,unpaced_b8,1,book,25.8333,26.25,679536
1,unpaced_b8,1,book,26.6667,27.5,207287
1,unpaced_b8,1,book,27.5,28.3333,110231
1,unpaced_b8,1,book,28.3333,29.1667,82050
1,unpaced_b8,1,book,29.1667,30,92574
1,unpaced_b8,1,book,30,30.8333,127178
1,unpaced_b8,1,book,30.8333,31.6667,127092
1,unpaced_b8,1,book,31.6667,32.5,110215
1,unpaced_b8,1,book,32.5,33.3333,143111
1,unpaced_b8,1,book,33.3333,34.1667,212796
1,unpaced_b8,1,book,34.1667,35,335089
1,unpaced_b8,1,book,35,35.8333,504621
1,unpaced_b8,1,book,35.8333,36.6667,607816
1,unpaced_b8,1,book,36.6667,37.5,686190
1,unpaced_b8,1,book,37.5,38.3333,948394
1,unpaced_b8,1,book,38.3333,39.1667,952339
1,unpaced_b8,1,book,39.1667,40,745384
1,unpaced_b8,1,book,40,40.8333,546278
1,unpaced_b8,1,book,40.8333,41.6667,273812
1,unpaced_b8,1,book,41.6667,42.5,250604
1,unpaced_b8,1,book,42.5,43.3333,258777
1,unpaced_b8,1,book,43.3333,44.1667,236465
1,unpaced_b8,1,book,44.1667,45,243148
1,unpaced_b8,1,book,45,45.8333,258925
1,unpaced_b8,1,book,45.8333,46.6667,270501
1,unpaced_b8,1,book,46.6667,47.5,304212
1,unpaced_b8,1,book,47.5,48.3333,329248
1,unpaced_b8,1,book,48.3333,49.1667,350207
1,unpaced_b8,1,book,49.1667,50,366431
1,unpaced_b8,1,book,50,50.8333,350872
1,unpaced_b8,1,book,50.8333,51.6667,371687
1,unpaced_b8,1,book,51.6667,52.5,404042
1,unpaced_b8,1,book,52.5,53.3333,438483
1,unpaced_b8,1,book,53.3333,55,869882
1,unpaced_b8,1,book,55,56.6667,899977
1,unpaced_b8,1,book,56.6667,58.3333,903865
1,unpaced_b8,1,book,58.3333,60,839227
1,unpaced_b8,1,book,60,61.6667,872675
1,unpaced_b8,1,book,61.6667,63.3333,866003
1,unpaced_b8,1,book,63.3333,65,821902
1,unpaced_b8,1,book,65,66.6667,812931
1,unpaced_b8,1,book,66.6667,68.3333,812912
1,unpaced_b8,1,book,68.3333,70,779221
1,unpaced_b8,1,book,70,71.6667,755804
1,unpaced_b8,1,book,71.6667,73.3333,715909
1,unpaced_b8,1,book,73.3333,75,698683
1,unpaced_b8,1,book,75,76.6667,680393
1,unpaced_b8,1,book,76.6667,78.3333,630624
1,unpaced_b8,1,book,78.3333,80,569798
1,unpaced_b8,1,book,80,81.6667,560594
1,unpaced_b8,1,book,81.6667,83.3333,517576
1,unpaced_b8,1,book,83.3333,85,467459
1,unpaced_b8,1,book,85,86.6667,448270
1,unpaced_b8,1,book,86.6667,88.3333,441927
1,unpaced_b8,1,book,88.3333,90,416853
1,unpaced_b8,1,book,90,91.6667,397594
1,unpaced_b8,1,book,91.6667,93.3333,373871
1,unpaced_b8,1,book,93.3333,95,360986
1,unpaced_b8,1,book,95,96.6667,353789
1,unpaced_b8,1,book,96.6667,98.3333,340132
1,unpaced_b8,1,book,98.3333,100,323294
1,unpaced_b8,1,book,100,101.667,333233
1,unpaced_b8,1,book,101.667,103.333,323182
1,unpaced_b8,1,book,103.333,105,302016
1,unpaced_b8,1,book,105,106.667,294239
1,unpaced_b8,1,book,106.667,110,575493
1,unpaced_b8,1,book,110,113.333,547431
1,unpaced_b8,1,book,113.333,116.667,523378
1,unpaced_b8,1,book,116.667,120,468493
1,unpaced_b8,1,book,120,123.333,462923
1,unpaced_b8,1,book,123.333,126.667,557667
1,unpaced_b8,1,book,126.667,130,973764
1,unpaced_b8,1,book,130,133.333,1434856
1,unpaced_b8,1,book,133.333,136.667,1542651
1,unpaced_b8,1,book,136.667,140,1636094
1,unpaced_b8,1,book,140,143.333,2344359
1,unpaced_b8,1,book,143.333,146.667,2795162
1,unpaced_b8,1,book,146.667,150,3047401
1,unpaced_b8,1,book,150,153.333,2989875
1,unpaced_b8,1,book,153.333,156.667,2964424
1,unpaced_b8,1,book,156.667,160,3301439
1,unpaced_b8,1,book,160,163.333,3605514
1,unpaced_b8,1,book,163.333,166.667,2921541
1,unpaced_b8,1,book,166.667,170,2688788
1,unpaced_b8,1,book,170,173.333,2642596
1,unpaced_b8,1,book,173.333,176.667,2402131
1,unpaced_b8,1,book,176.667,180,2092024
1,unpaced_b8,1,book,180,183.333,2000177
1,unpaced_b8,1,book,183.333,186.667,1814533
1,unpaced_b8,1,book,186.667,190,1759003
1,unpaced_b8,1,book,190,193.333,1640085
1,unpaced_b8,1,book,193.333,196.667,1551656
1,unpaced_b8,1,book,196.667,200,1421572
1,unpaced_b8,1,book,200,203.333,1375997
1,unpaced_b8,1,book,203.333,206.667,1240657
1,unpaced_b8,1,book,206.667,210,1191916
1,unpaced_b8,1,book,210,213.333,1119189
1,unpaced_b8,1,book,213.333,220,2095169
1,unpaced_b8,1,book,220,226.667,1954039
1,unpaced_b8,1,book,226.667,233.333,1831743
1,unpaced_b8,1,book,233.333,240,1742337
1,unpaced_b8,1,book,240,246.667,1678830
1,unpaced_b8,1,book,246.667,253.333,1583879
1,unpaced_b8,1,book,253.333,260,1472677
1,unpaced_b8,1,book,260,266.667,1396828
1,unpaced_b8,1,book,266.667,273.333,1321318
1,unpaced_b8,1,book,273.333,280,1239124
1,unpaced_b8,1,book,280,286.667,1165867
1,unpaced_b8,1,book,286.667,293.333,1089152
1,unpaced_b8,1,book,293.333,300,1030756
1,unpaced_b8,1,book,300,306.667,1000615
1,unpaced_b8,1,book,306.667,313.333,957387
1,unpaced_b8,1,book,313.333,320,911736
1,unpaced_b8,1,book,320,326.667,877888
1,unpaced_b8,1,book,326.667,333.333,840866
1,unpaced_b8,1,book,333.333,340,796442
1,unpaced_b8,1,book,340,346.667,770083
1,unpaced_b8,1,book,346.667,353.333,734964
1,unpaced_b8,1,book,353.333,360,701952
1,unpaced_b8,1,book,360,366.667,672572
1,unpaced_b8,1,book,366.667,373.333,634837
1,unpaced_b8,1,book,373.333,380,603934
1,unpaced_b8,1,book,380,386.667,579280
1,unpaced_b8,1,book,386.667,393.333,553600
1,unpaced_b8,1,book,393.333,400,523588
1,unpaced_b8,1,book,400,406.667,498077
1,unpaced_b8,1,book,406.667,413.333,477930
1,unpaced_b8,1,book,413.333,420,447440
1,unpaced_b8,1,book,420,426.667,435050
1,unpaced_b8,1,book,426.667,440,811513
1,unpaced_b8,1,book,440,453.333,722668
1,unpaced_b8,1,book,453.333,466.667,614686
1,unpaced_b8,1,book,466.667,480,532655
1,unpaced_b8,1,book,480,493.333,465422
1,unpaced_b8,1,book,493.333,506.667,407924
1,unpaced_b8,1,book,506.667,520,361119
1,unpaced_b8,1,book,520,533.333,322384
1,unpaced_b8,1,book,533.333,546.667,285814
1,unpaced_b8,1,book,546.667,560,256382
1,unpaced_b8,1,book,560,573.333,229659
1,unpaced_b8,1,book,573.333,586.667,202295
1,unpaced_b8,1,book,586.667,600,181526
1,unpaced_b8,1,book,600,613.333,160802
1,unpaced_b8,1,book,613.333,626.667,141657
1,unpaced_b8,1,book,626.667,640,126301
1,unpaced_b8,1,book,640,653.333,112371
1,unpaced_b8,1,book,653.333,666.667,97932
1,unpaced_b8,1,book,666.667,680,86838
1,unpaced_b8,1,book,680,693.333,77608
1,unpaced_b8,1,book,693.333,706.667,67502
1,unpaced_b8,1,book,706.667,720,60634
1,unpaced_b8,1,book,720,733.333,53267
1,unpaced_b8,1,book,733.333,746.667,46308
1,unpaced_b8,1,book,746.667,760,41577
1,unpaced_b8,1,book,760,773.333,36811
1,unpaced_b8,1,book,773.333,786.667,32053
1,unpaced_b8,1,book,786.667,800,28684
1,unpaced_b8,1,book,800,813.333,25298
1,unpaced_b8,1,book,813.333,826.667,22274
1,unpaced_b8,1,book,826.667,840,19690
1,unpaced_b8,1,book,840,853.333,17255
1,unpaced_b8,1,book,853.333,880,28644
1,unpaced_b8,1,book,880,906.667,22371
1,unpaced_b8,1,book,906.667,933.333,17428
1,unpaced_b8,1,book,933.333,960,13643
1,unpaced_b8,1,book,960,986.667,10502
1,unpaced_b8,1,book,986.667,1013.33,8176
1,unpaced_b8,1,book,1013.33,1040,6363
1,unpaced_b8,1,book,1040,1066.67,5046
1,unpaced_b8,1,book,1066.67,1093.33,3996
1,unpaced_b8,1,book,1093.33,1120,3156
1,unpaced_b8,1,book,1120,1146.67,2596
1,unpaced_b8,1,book,1146.67,1173.33,2130
1,unpaced_b8,1,book,1173.33,1200,1800
1,unpaced_b8,1,book,1200,1226.67,1399
1,unpaced_b8,1,book,1226.67,1253.33,1210
1,unpaced_b8,1,book,1253.33,1280,1009
1,unpaced_b8,1,book,1280,1306.67,870
1,unpaced_b8,1,book,1306.67,1333.33,781
1,unpaced_b8,1,book,1333.33,1360,654
1,unpaced_b8,1,book,1360,1386.67,604
1,unpaced_b8,1,book,1386.67,1413.33,509
1,unpaced_b8,1,book,1413.33,1440,483
1,unpaced_b8,1,book,1440,1466.67,434
1,unpaced_b8,1,book,1466.67,1493.33,390
1,unpaced_b8,1,book,1493.33,1520,384
1,unpaced_b8,1,book,1520,1546.67,359
1,unpaced_b8,1,book,1546.67,1573.33,322
1,unpaced_b8,1,book,1573.33,1600,260
1,unpaced_b8,1,book,1600,1626.67,286
1,unpaced_b8,1,book,1626.67,1653.33,249
1,unpaced_b8,1,book,1653.33,1680,248
1,unpaced_b8,1,book,1680,1706.67,253
1,unpaced_b8,1,book,1706.67,1760,397
1,unpaced_b8,1,book,1760,1813.33,411
1,unpaced_b8,1,book,1813.33,1866.67,388
1,unpaced_b8,1,book,1866.67,1920,341
1,unpaced_b8,1,book,1920,1973.33,345
1,unpaced_b8,1,book,1973.33,2026.67,299
1,unpaced_b8,1,book,2026.67,2080,303
1,unpaced_b8,1,book,2080,2133.33,255
1,unpaced_b8,1,book,2133.33,2186.67,235
1,unpaced_b8,1,book,2186.67,2240,198
1,unpaced_b8,1,book,2240,2293.33,182
1,unpaced_b8,1,book,2293.33,2346.67,194
1,unpaced_b8,1,book,2346.67,2400,150
1,unpaced_b8,1,book,2400,2453.33,153
1,unpaced_b8,1,book,2453.33,2506.67,144
1,unpaced_b8,1,book,2506.67,2560,116
1,unpaced_b8,1,book,2560,2613.33,104
1,unpaced_b8,1,book,2613.33,2666.67,86
1,unpaced_b8,1,book,2666.67,2720,85
1,unpaced_b8,1,book,2720,2773.33,86
1,unpaced_b8,1,book,2773.33,2826.67,72
1,unpaced_b8,1,book,2826.67,2880,77
1,unpaced_b8,1,book,2880,2933.33,48
1,unpaced_b8,1,book,2933.33,2986.67,66
1,unpaced_b8,1,book,2986.67,3040,60
1,unpaced_b8,1,book,3040,3093.33,68
1,unpaced_b8,1,book,3093.33,3146.67,50
1,unpaced_b8,1,book,3146.67,3200,53
1,unpaced_b8,1,book,3200,3253.33,36
1,unpaced_b8,1,book,3253.33,3306.67,47
1,unpaced_b8,1,book,3306.67,3360,61
1,unpaced_b8,1,book,3360,3413.33,40
1,unpaced_b8,1,book,3413.33,3520,88
1,unpaced_b8,1,book,3520,3626.67,56
1,unpaced_b8,1,book,3626.67,3733.33,49
1,unpaced_b8,1,book,3733.33,3840,49
1,unpaced_b8,1,book,3840,3946.67,31
1,unpaced_b8,1,book,3946.67,4053.33,37
1,unpaced_b8,1,book,4053.33,4160,20
1,unpaced_b8,1,book,4160,4266.67,27
1,unpaced_b8,1,book,4266.67,4373.33,26
1,unpaced_b8,1,book,4373.33,4480,22
1,unpaced_b8,1,book,4480,4586.67,20
1,unpaced_b8,1,book,4586.67,4693.33,17
1,unpaced_b8,1,book,4693.33,4800,17
1,unpaced_b8,1,book,4800,4906.67,19
1,unpaced_b8,1,book,4906.67,5013.33,43
1,unpaced_b8,1,book,5013.33,5120,64
1,unpaced_b8,1,book,5120,5226.67,64
1,unpaced_b8,1,book,5226.67,5333.33,125
1,unpaced_b8,1,book,5333.33,5440,168
1,unpaced_b8,1,book,5440,5546.67,224
1,unpaced_b8,1,book,5546.67,5653.33,235
1,unpaced_b8,1,book,5653.33,5760,193
1,unpaced_b8,1,book,5760,5866.67,160
1,unpaced_b8,1,book,5866.67,5973.33,107
1,unpaced_b8,1,book,5973.33,6080,58
1,unpaced_b8,1,book,6080,6186.67,63
1,unpaced_b8,1,book,6186.67,6293.33,41
1,unpaced_b8,1,book,6293.33,6400,41
1,unpaced_b8,1,book,6400,6506.67,29
1,unpaced_b8,1,book,6506.67,6613.33,25
1,unpaced_b8,1,book,6613.33,6720,26
1,unpaced_b8,1,book,6720,6826.67,21
1,unpaced_b8,1,book,6826.67,7040,35
1,unpaced_b8,1,book,7040,7253.33,35
1,unpaced_b8,1,book,7253.33,7466.67,28
1,unpaced_b8,1,book,7466.67,7680,43
1,unpaced_b8,1,book,7680,7893.33,37
1,unpaced_b8,1,book,7893.33,8106.67,30
1,unpaced_b8,1,book,8106.67,8320,26
1,unpaced_b8,1,book,8320,8533.33,49
1,unpaced_b8,1,book,8533.33,8746.67,83
1,unpaced_b8,1,book,8746.67,8960,207
1,unpaced_b8,1,book,8960,9173.33,516
1,unpaced_b8,1,book,9173.33,9386.67,1290
1,unpaced_b8,1,book,9386.67,9600,2462
1,unpaced_b8,1,book,9600,9813.33,3616
1,unpaced_b8,1,book,9813.33,10026.7,3656
1,unpaced_b8,1,book,10026.7,10240,2973
1,unpaced_b8,1,book,10240,10453.3,1905
1,unpaced_b8,1,book,10453.3,10666.7,1097
1,unpaced_b8,1,book,10666.7,10880,534
1,unpaced_b8,1,book,10880,11093.3,308
1,unpaced_b8,1,book,11093.3,11306.7,195
1,unpaced_b8,1,book,11306.7,11520,159
1,unpaced_b8,1,book,11520,11733.3,109
1,unpaced_b8,1,book,11733.3,11946.7,79
1,unpaced_b8,1,book,11946.7,12160,66
1,unpaced_b8,1,book,12160,12373.3,45
1,unpaced_b8,1,book,12373.3,12586.7,31
1,unpaced_b8,1,book,12586.7,12800,22
1,unpaced_b8,1,book,12800,13013.3,23
1,unpaced_b8,1,book,13013.3,13226.7,16
1,unpaced_b8,1,book,13226.7,13440,17
1,unpaced_b8,1,book,13440,13653.3,20
1,unpaced_b8,1,book,13653.3,14080,51
1,unpaced_b8,1,book,14080,14506.7,119
1,unpaced_b8,1,book,14506.7,14933.3,211
1,unpaced_b8,1,book,14933.3,15360,526
1,unpaced_b8,1,book,15360,15786.7,947
1,unpaced_b8,1,book,15786.7,16213.3,1418
1,unpaced_b8,1,book,16213.3,16640,1099
1,unpaced_b8,1,book,16640,17066.7,737
1,unpaced_b8,1,book,17066.7,17493.3,445
1,unpaced_b8,1,book,17493.3,17920,234
1,unpaced_b8,1,book,17920,18346.7,170
1,unpaced_b8,1,book,18346.7,18773.3,116
1,unpaced_b8,1,book,18773.3,19200,78
1,unpaced_b8,1,book,19200,19626.7,53
1,unpaced_b8,1,book,19626.7,20053.3,45
1,unpaced_b8,1,book,20053.3,20480,21
1,unpaced_b8,1,book,20480,20906.7,15
1,unpaced_b8,1,book,20906.7,21333.3,7
1,unpaced_b8,1,book,21333.3,21760,6
1,unpaced_b8,1,book,21760,22186.7,8
1,unpaced_b8,1,book,22186.7,22613.3,7
1,unpaced_b8,1,book,22613.3,23040,2
1,unpaced_b8,1,book,23893.3,24320,1
1,unpaced_b8,1,book,25173.3,25600,1
1,unpaced_b8,1,book,25600,26026.7,1
1,unpaced_b8,1,book,26453.3,26880,1
1,unpaced_b8,1,book,26880,27306.7,2
1,unpaced_b8,1,book,27306.7,28160,3
1,unpaced_b8,1,book,28160,29013.3,3
1,unpaced_b8,1,book,29013.3,29866.7,5
1,unpaced_b8,1,book,29866.7,30720,1
1,unpaced_b8,1,book,30720,31573.3,1
1,unpaced_b8,1,book,31573.3,32426.7,4
1,unpaced_b8,1,book,32426.7,33280,4
1,unpaced_b8,1,book,33280,34133.3,1
1,unpaced_b8,1,book,34133.3,34986.7,4
1,unpaced_b8,1,book,34986.7,35840,3
1,unpaced_b8,1,book,35840,36693.3,1
1,unpaced_b8,1,book,36693.3,37546.7,1
1,unpaced_b8,1,book,37546.7,38400,1
1,unpaced_b8,1,book,38400,39253.3,1
1,unpaced_b8,1,book,46080,46933.3,1
1,unpaced_b8,1,book,49493.3,50346.7,1
1,unpaced_b8,1,book,51200,52053.3,1
1,unpaced_b8,1,book,98986.7,100693,1
2,unpaced_b8,0,total,1280,1306.67,1
2,unpaced_b8,0,total,1466.67,1493.33,1
2,unpaced_b8,0,total,1573.33,1600,1
2,unpaced_b8,0,total,1600,1626.67,1
2,unpaced_b8,0,total,1626.67,1653.33,1
2,unpaced_b8,0,total,1680,1706.67,1
2,unpaced_b8,0,total,1760,1813.33,6
2,unpaced_b8,0,total,1813.33,1866.67,2
2,unpaced_b8,0,total,1866.67,1920,2
2,unpaced_b8,0,total,1920,1973.33,2
2,unpaced_b8,0,total,1973.33,2026.67,2
2,unpaced_b8,0,total,2080,2133.33,2
2,unpaced_b8,0,total,2133.33,2186.67,2
2,unpaced_b8,0,total,2186.67,2240,3
2,unpaced_b8,0,total,2240,2293.33,2
2,unpaced_b8,0,total,2293.33,2346.67,5
2,unpaced_b8,0,total,2346.67,2400,5
2,unpaced_b8,0,total,2400,2453.33,6
2,unpaced_b8,0,total,2453.33,2506.67,6
2,unpaced_b8,0,total,2506.67,2560,3
2,unpaced_b8,0,total,2560,2613.33,2
2,unpaced_b8,0,total,2720,2773.33,2
2,unpaced_b8,0,total,2773.33,2826.67,2
2,unpaced_b8,0,total,2826.67,2880,4
2,unpaced_b8,0,total,2880,2933.33,5
2,unpaced_b8,0,total,2933.33,2986.67,3
2,unpaced_b8,0,total,2986.67,3040,2
2,unpaced_b8,0,total,3040,3093.33,3
2,unpaced_b8,0,total,3093.33,3146.67,5
2,unpaced_b8,0,total,3146.67,3200,3
2,unpaced_b8,0,total,3200,3253.33,5
2,unpaced_b8,0,total,3253.33,3306.67,8
2,unpaced_b8,0,total,3306.67,3360,3
2,unpaced_b8,0,total,3360,3413.33,3
2,unpaced_b8,0,total,3413.33,3520,5
2,unpaced_b8,0,total,3520,3626.67,7
2,unpaced_b8,0,total,3626.67,3733.33,5
2,unpaced_b8,0,total,3733.33,3840,6
2,unpaced_b8,0,total,3840,3946.67,6
2,unpaced_b8,0,total,3946.67,4053.33,5
2,unpaced_b8,0,total,4053.33,4160,5
2,unpaced_b8,0,total,4160,4266.67,5
2,unpaced_b8,0,total,4266.67,4373.33,4
2,unpaced_b8,0,total,4373.33,4480,1
2,unpaced_b8,0,total,4480,4586.67,8
2,unpaced_b8,0,total,4586.67,4693.33,9
2,unpaced_b8,0,total,4693.33,4800,7
2,unpaced_b8,0,total,4800,4906.67,7
2,unpaced_b8,0,total,4906.67,5013.33,9
2,unpaced_b8,0,total,5013.33,5120,8
2,unpaced_b8,0,total,5120,5226.67,5
2,unpaced_b8,0,total,5226.67,5333.33,5
2,unpaced_b8,0,total,5333.33,5440,5
2,unpaced_b8,0,total,5440,5546.67,6
2,unpaced_b8,0,total,5546.67,5653.33,5
2,unpaced_b8,0,total,5653.33,5760,5
2,unpaced_b8,0,total,5760,5866.67,5
2,unpaced_b8,0,total,5866.67,5973.33,6
2,unpaced_b8,0,total,5973.33,6080,6
2,unpaced_b8,0,total,6080,6186.67,5
2,unpaced_b8,0,total,6186.67,6293.33,12
2,unpaced_b8,0,total,6293.33,6400,8
2,unpaced_b8,0,total,6400,6506.67,6
2,unpaced_b8,0,total,6506.67,6613.33,5
2,unpaced_b8,0,total,6613.33,6720,5
2,unpaced_b8,0,total,6720,6826.67,5
2,unpaced_b8,0,total,6826.67,7040,11
2,unpaced_b8,0,total,7040,7253.33,10
2,unpaced_b8,0,total,7253.33,7466.67,5
2,unpaced_b8,0,total,7466.67,7680,16
2,unpaced_b8,0,total,7680,7893.33,4
2,unpaced_b8,0,total,7893.33,8106.67,17
2,unpaced_b8,0,total,8106.67,8320,11
2,unpaced_b8,0,total,8320,8533.33,16
2,unpaced_b8,0,total,8533.33,8746.67,10
2,unpaced_b8,0,total,8746.67,8960,11
2,unpaced_b8,0,total,8960,9173.33,10
2,unpaced_b8,0,total,9173.33,9386.67,7
2,unpaced_b8,0,total,9386.67,9600,13
2,unpaced_b8,0,total,9600,9813.33,13
2,unpaced_b8,0,total,9813.33,10026.7,11
2,unpaced_b8,0,total,10026.7,10240,10
2,unpaced_b8,0,total,10240,10453.3,10
2,unpaced_b8,0,total,10453.3,10666.7,11
2,unpaced_b8,0,total,10666.7,10880,10
2,unpaced_b8,0,total,10880,11093.3,11
2,unpaced_b8,0,total,11093.3,11306.7,18
2,unpaced_b8,0,total,11306.7,11520,10
2,unpaced_b8,0,total,11520,11733.3,11
2,unpaced_b8,0,total,11733.3,11946.7,10
2,unpaced_b8,0,total,11946.7,12160,11
2,unpaced_b8,0,total,12160,12373.3,11
2,unpaced_b8,0,total,12373.3,12586.7,12
2,unpaced_b8,0,total,12586.7,12800,13
2,unpaced_b8,0,total,12800,13013.3,17
2,unpaced_b8,0,total,13013.3,13226.7,14
2,unpaced_b8,0,total,13226.7,13440,11
2,unpaced_b8,0,total,13440,13653.3,13
2,unpaced_b8,0,total,13653.3,14080,22
2,unpaced_b8,0,total,14080,14506.7,26
2,unpaced_b8,0,total,14506.7,14933.3,21
2,unpaced_b8,0,total,14933.3,15360,21
2,unpaced_b8,0,total,15360,15786.7,22
2,unpaced_b8,0,total,15786.7,16213.3,25
2,unpaced_b8,0,total,16213.3,16640,23
2,unpaced_b8,0,total,16640,17066.7,22
2,unpaced_b8,0,total,17066.7,17493.3,29
2,unpaced_b8,0,total,17493.3,17920,23
2,unpaced_b8,0,total,17920,18346.7,21
2,unpaced_b8,0,total,18346.7,18773.3,24
2,unpaced_b8,0,total,18773.3,19200,28
2,unpaced_b8,0,total,19200,19626.7,26
2,unpaced_b8,0,total,19626.7,20053.3,24
2,unpaced_b8,0,total,20053.3,20480,37
2,unpaced_b8,0,total,20480,20906.7,23
2,unpaced_b8,0,total,20906.7,21333.3,20
2,unpaced_b8,0,total,21333.3,21760,25
2,unpaced_b8,0,total,21760,22186.7,21
2,unpaced_b8,0,total,22186.7,22613.3,27
2,unpaced_b8,0,total,22613.3,23040,23
2,unpaced_b8,0,total,23040,23466.7,25
2,unpaced_b8,0,total,23466.7,23893.3,35
2,unpaced_b8,0,total,23893.3,24320,22
2,unpaced_b8,0,total,24320,24746.7,22
2,unpaced_b8,0,total,24746.7,25173.3,32
2,unpaced_b8,0,total,25173.3,25600,23
2,unpaced_b8,0,total,25600,26026.7,25
2,unpaced_b8,0,total,26026.7,26453.3,23
2,unpaced_b8,0,total,26453.3,26880,27
2,unpaced_b8,0,total,26880,27306.7,23
2,unpaced_b8,0,total,27306.7,28160,49
2,unpaced_b8,0,total,28160,29013.3,55
2,unpaced_b8,0,total,29013.3,29866.7,50
2,unpaced_b8,0,total,29866.7,30720,57
2,unpaced_b8,0,total,30720,31573.3,61
2,unpaced_b8,0,total,31573.3,32426.7,47
2,unpaced_b8,0,total,32426.7,33280,55
2,unpaced_b8,0,total,33280,34133.3,44
2,unpaced_b8,0,total,34133.3,34986.7,52
2,unpaced_b8,0,total,34986.7,35840,56
2,unpaced_b8,0,total,35840,36693.3,47
2,unpaced_b8,0,total,36693.3,37546.7,55
2,unpaced_b8,0,total,37546.7,38400,50
2,unpaced_b8,0,total,38400,39253.3,53
2,unpaced_b8,0,total,39253.3,40106.7,52
2,unpaced_b8,0,total,40106.7,40960,52
2,unpaced_b8,0,total,40960,41813.3,47
2,unpaced_b8,0,total,41813.3,42666.7,57
2,unpaced_b8,0,total,42666.7,43520,59
2,unpaced_b8,0,total,43520,44373.3,44
2,unpaced_b8,0,total,44373.3,45226.7,80
2,unpaced_b8,0,total,45226.7,46080,53
2,unpaced_b8,0,total,46080,46933.3,48
2,unpaced_b8,0,total,46933.3,47786.7,12
2,unpaced_b8,0,total,47786.7,48640,3
2,unpaced_b8,0,total,48640,49493.3,4
2,unpaced_b8,0,total,49493.3,50346.7,3
2,unpaced_b8,0,total,50346.7,51200,3
2,unpaced_b8,0,total,51200,52053.3,4
2,unpaced_b8,0,total,52053.3,52906.7,4
2,unpaced_b8,0,total,52906.7,53760,4
2,unpaced_b8,0,total,53760,54613.3,6
2,unpaced_b8,0,total,54613.3,56320,8
2,unpaced_b8,0,total,56320,58026.7,9
2,unpaced_b8,0,total,58026.7,59733.3,10
2,unpaced_b8,0,total,59733.3,61440,9
2,unpaced_b8,0,total,61440,63146.7,9
2,unpaced_b8,0,total,63146.7,64853.3,11
2,unpaced_b8,0,total,64853.3,66560,8
2,unpaced_b8,0,total,66560,68266.7,18
2,unpaced_b8,0,total,68266.7,69973.3,97
2,unpaced_b8,0,total,69973.3,71680,98
2,unpaced_b8,0,total,71680,73386.7,113
2,unpaced_b8,0,total,73386.7,75093.3,99
2,unpaced_b8,0,total,75093.3,76800,101
2,unpaced_b8,0,total,76800,78506.7,88
2,unpaced_b8,0,total,78506.7,80213.3,91
2,unpaced_b8,0,total,80213.3,81920,109
2,unpaced_b8,0,total,81920,83626.7,92
2,unpaced_b8,0,total,83626.7,85333.3,94
2,unpaced_b8,0,total,85333.3,87040,127
2,unpaced_b8,0,total,87040,88746.7,189
2,unpaced_b8,0,total,88746.7,90453.3,192
2,unpaced_b8,0,total,90453.3,92160,188
2,unpaced_b8,0,total,92160,93866.7,182
2,unpaced_b8,0,total,93866.7,95573.3,190
2,unpaced_b8,0,total,95573.3,97280,185
2,unpaced_b8,0,total,97280,98986.7,180
2,unpaced_b8,0,total,98986.7,100693,184
2,unpaced_b8,0,total,100693,102400,178
2,unpaced_b8,0,total,102400,104107,179
2,unpaced_b8,0,total,104107,105813,191
2,unpaced_b8,0,total,105813,107520,180
2,unpaced_b8,0,total,107520,109227,135
2,unpaced_b8,0,total,109227,112640,204
2,unpaced_b8,0,total,112640,116053,199
2,unpaced_b8,0,total,116053,119467,88
2,unpaced_b8,0,total,119467,122880,113
2,unpaced_b8,0,total,122880,126293,144
2,unpaced_b8,0,total,126293,129707,197
2,unpaced_b8,0,total,129707,133120,205
2,unpaced_b8,0,total,133120,136533,201
2,unpaced_b8,0,total,136533,139947,202
2,unpaced_b8,0,total,139947,143360,197
2,unpaced_b8,0,total,143360,146773,203
2,unpaced_b8,0,total,146773,150187,194
2,unpaced_b8,0,total,150187,153600,196
2,unpaced_b8,0,total,153600,157013,183
2,unpaced_b8,0,total,157013,160427,181
2,unpaced_b8,0,total,160427,163840,191
2,unpaced_b8,0,total,163840,167253,186
2,unpaced_b8,0,total,167253,170667,184
2,unpaced_b8,0,total,170667,174080,175
2,unpaced_b8,0,total,174080,177493,21
2,unpaced_b8,0,total,177493,180907,19
2,unpaced_b8,0,total,180907,184320,17
2,unpaced_b8,0,total,184320,187733,18
2,unpaced_b8,0,total,187733,191147,22
2,unpaced_b8,0,total,191147,194560,30
2,unpaced_b8,0,total,194560,197973,20
2,unpaced_b8,0,total,197973,201387,23
2,unpaced_b8,0,total,201387,204800,20
2,unpaced_b8,0,total,204800,208213,21
2,unpaced_b8,0,total,208213,211627,21
2,unpaced_b8,0,total,211627,215040,21
2,unpaced_b8,0,total,215040,218453,21
2,unpaced_b8,0,total,218453,225280,38
2,unpaced_b8,0,total,225280,232107,36
2,unpaced_b8,0,total,232107,238933,37
2,unpaced_b8,0,total,238933,245760,34
2,unpaced_b8,0,total,245760,252587,34
2,unpaced_b8,0,total,252587,259413,33
2,unpaced_b8,0,total,259413,266240,35
2,unpaced_b8,0,total,266240,273067,42
2,unpaced_b8,0,total,273067,279893,42
2,unpaced_b8,0,total,279893,286720,41
2,unpaced_b8,0,total,286720,293547,44
2,unpaced_b8,0,total,293547,300373,46
2,unpaced_b8,0,total,300373,307200,38
2,unpaced_b8,0,total,307200,314027,49
2,unpaced_b8,0,total,314027,320853,44
2,unpaced_b8,0,total,320853,327680,40
2,unpaced_b8,0,total,327680,334507,49
2,unpaced_b8,0,total,334507,341333,44
2,unpaced_b8,0,total,341333,348160,39
2,unpaced_b8,0,total,348160,354987,43
2,unpaced_b8,0,total,354987,361813,59
2,unpaced_b8,0,total,361813,368640,58
2,unpaced_b8,0,total,368640,375467,45
2,unpaced_b8,0,total,375467,382293,52
2,unpaced_b8,0,total,382293,389120,43
2,unpaced_b8,0,total,389120,395947,41
2,unpaced_b8,0,total,395947,402773,45
2,unpaced_b8,0,total,402773,409600,53
2,unpaced_b8,0,total,409600,416427,54
2,unpaced_b8,0,total,416427,423253,48
2,unpaced_b8,0,total,423253,430080,63
2,unpaced_b8,0,total,430080,436907,61
2,unpaced_b8,0,total,436907,450560,109
2,unpaced_b8,0,total,464213,477867,67
2,unpaced_b8,0,total,477867,491520,103
2,unpaced_b8,0,total,491520,505173,127
2,unpaced_b8,0,total,505173,518827,114
2,unpaced_b8,0,total,518827,532480,121
2,unpaced_b8,0,total,532480,546133,119
2,unpaced_b8,0,total,546133,559787,118
2,unpaced_b8,0,total,559787,573440,106
2,unpaced_b8,0,total,573440,587093,105
2,unpaced_b8,0,total,587093,600747,113
2,unpaced_b8,0,total,600747,614400,119
2,unpaced_b8,0,total,614400,628053,122
2,unpaced_b8,0,total,628053,641707,119
2,unpaced_b8,0,total,641707,655360,111
2,unpaced_b8,0,total,655360,669013,122
2,unpaced_b8,0,total,669013,682667,119
2,unpaced_b8,0,total,682667,696320,100
2,unpaced_b8,0,total,696320,709973,125
2,unpaced_b8,0,total,709973,723627,115
2,unpaced_b8,0,total,723627,737280,104
2,unpaced_b8,0,total,737280,750933,117
2,unpaced_b8,0,total,750933,764587,120
2,unpaced_b8,0,total,764587,778240,94
2,unpaced_b8,0,total,778240,791893,79
2,unpaced_b8,0,total,791893,805547,101
2,unpaced_b8,0,total,805547,819200,109
2,unpaced_b8,0,total,819200,832853,112
2,unpaced_b8,0,total,832853,846507,93
2,unpaced_b8,0,total,846507,860160,108
2,unpaced_b8,0,total,860160,873813,88
2,unpaced_b8,0,total,873813,901120,199
2,unpaced_b8,0,total,901120,928427,248
2,unpaced_b8,0,total,928427,955733,185
2,unpaced_b8,0,total,955733,983040,271
2,unpaced_b8,0,total,983040,1.01035e+06,265
2,unpaced_b8,0,total,1.01035e+06,1.03765e+06,232
2,unpaced_b8,0,total,1.03765e+06,1.06496e+06,250
2,unpaced_b8,0,total,1.06496e+06,1.09227e+06,222
2,unpaced_b8,0,total,1.09227e+06,1.11957e+06,262
2,unpaced_b8,0,total,1.11957e+06,1.14688e+06,249
2,unpaced_b8,0,total,1.14688e+06,1.17419e+06,239
2,unpaced_b8,0,total,1.17419e+06,1.20149e+06,271
2,unpaced_b8,0,total,1.20149e+06,1.2288e+06,252
2,unpaced_b8,0,total,1.2288e+06,1.25611e+06,138
2,unpaced_b8,0,total,1.25611e+06,1.28341e+06,255
2,unpaced_b8,0,total,1.28341e+06,1.31072e+06,230
2,unpaced_b8,0,total,1.31072e+06,1.33803e+06,233
2,unpaced_b8,0,total,1.33803e+06,1.36533e+06,234
2,unpaced_b8,0,total,1.36533e+06,1.39264e+06,229
2,unpaced_b8,0,total,1.39264e+06,1.41995e+06,244
2,unpaced_b8,0,total,1.41995e+06,1.44725e+06,239
2,unpaced_b8,0,total,1.44725e+06,1.47456e+06,239
2,unpaced_b8,0,total,1.47456e+06,1.50187e+06,223
2,unpaced_b8,0,total,1.50187e+06,1.52917e+06,250
2,unpaced_b8,0,total,1.52917e+06,1.55648e+06,250
2,unpaced_b8,0,total,1.55648e+06,1.58379e+06,268
2,unpaced_b8,0,total,1.58379e+06,1.61109e+06,252
2,unpaced_b8,0,total,1.61109e+06,1.6384e+06,227
2,unpaced_b8,0,total,1.6384e+06,1.66571e+06,263
2,unpaced_b8,0,total,1.66571e+06,1.69301e+06,250
2,unpaced_b8,0,total,1.69301e+06,1.72032e+06,212
2,unpaced_b8,0,total,1.72032e+06,1.74763e+06,239
2,unpaced_b8,0,total,1.74763e+06,1.80224e+06,412
2,unpaced_b8,0,total,1.80224e+06,1.85685e+06,461
2,unpaced_b8,0,total,1.85685e+06,1.91147e+06,450
2,unpaced_b8,0,total,1.91147e+06,1.96608e+06,404
2,unpaced_b8,0,total,1.96608e+06,2.02069e+06,485
2,unpaced_b8,0,total,2.02069e+06,2.07531e+06,417
2,unpaced_b8,0,total,2.07531e+06,2.12992e+06,751
2,unpaced_b8,0,total,2.12992e+06,2.18453e+06,540
2,unpaced_b8,0,total,2.18453e+06,2.23915e+06,499
2,unpaced_b8,0,total,2.23915e+06,2.29376e+06,521
2,unpaced_b8,0,total,2.29376e+06,2.34837e+06,500
2,unpaced_b8,0,total,2.34837e+06,2.40299e+06,24912
2,unpaced_b8,0,total,2.40299e+06,2.4576e+06,117701
2,unpaced_b8,0,total,2.4576e+06,2.51221e+06,540217
2,unpaced_b8,0,total,2.51221e+06,2.56683e+06,1010634
2,unpaced_b8,0,total,2.56683e+06,2.62144e+06,810186
2,unpaced_b8,0,total,2.62144e+06,2.67605e+06,850202
2,unpaced_b8,0,total,2.67605e+06,2.73067e+06,397872
2,unpaced_b8,0,total,2.73067e+06,2.78528e+06,252390
2,unpaced_b8,0,total,2.78528e+06,2.83989e+06,145483
2,unpaced_b8,0,total,2.83989e+06,2.89451e+06,91678
2,unpaced_b8,0,total,2.89451e+06,2.94912e+06,83753
2,unpaced_b8,0,total,2.94912e+06,3.00373e+06,76387
2,unpaced_b8,0,total,3.00373e+06,3.05835e+06,51265
2,unpaced_b8,0,total,3.05835e+06,3.11296e+06,62613
2,unpaced_b8,0,total,3.11296e+06,3.16757e+06,55188
2,unpaced_b8,0,total,3.16757e+06,3.22219e+06,78921
2,unpaced_b8,0,total,3.22219e+06,3.2768e+06,97801
2,unpaced_b8,0,total,3.2768e+06,3.33141e+06,344281
2,unpaced_b8,0,total,3.33141e+06,3.38603e+06,850585
2,unpaced_b8,0,total,3.38603e+06,3.44064e+06,1561206
2,unpaced_b8,0,total,3.44064e+06,3.49525e+06,2832010
2,unpaced_b8,0,total,3.49525e+06,3.60448e+06,11184605
2,unpaced_b8,0,total,3.60448e+06,3.71371e+06,21864370
2,unpaced_b8,0,total,3.71371e+06,3.82293e+06,28843904
2,unpaced_b8,0,total,3.82293e+06,3.93216e+06,25448504
2,unpaced_b8,0,total,3.93216e+06,4.04139e+06,17490751
2,unpaced_b8,0,total,4.04139e+06,4.15061e+06,9062309
2,unpaced_b8,0,total,4.15061e+06,4.25984e+06,4376647
2,unpaced_b8,0,total,4.25984e+06,4.36907e+06,1991434
2,unpaced_b8,0,total,4.36907e+06,4.47829e+06,906044
2,unpaced_b8,0,total,4.47829e+06,4.58752e+06,439118
2,unpaced_b8,0,total,4.58752e+06,4.69675e+06,266780
2,unpaced_b8,0,total,4.69675e+06,4.80597e+06,153473
2,unpaced_b8,0,total,4.80597e+06,4.9152e+06,61286
2,unpaced_b8,0,total,4.9152e+06,5.02443e+06,36268
2,unpaced_b8,0,total,5.02443e+06,5.13365e+06,12442
2,unpaced_b8,0,total,5.13365e+06,5.24288e+06,9794
2,unpaced_b8,0,total,5.24288e+06,5.35211e+06,5233
2,unpaced_b8,0,total,5.35211e+06,5.46133e+06,7917
2,unpaced_b8,0,total,5.46133e+06,5.57056e+06,11187
2,unpaced_b8,0,total,5.57056e+06,5.67979e+06,11593
2,unpaced_b8,0,total,5.67979e+06,5.78901e+06,12446
2,unpaced_b8,0,total,5.78901e+06,5.89824e+06,10862
2,unpaced_b8,0,total,5.89824e+06,6.00747e+06,55162
2,unpaced_b8,0,total,6.00747e+06,6.11669e+06,18139
2,unpaced_b8,0,total,6.11669e+06,6.22592e+06,2059
2,unpaced_b8,0,total,6.22592e+06,6.33515e+06,14081
2,unpaced_b8,0,queue,800,813.333,1
2,unpaced_b8,0,queue,1066.67,1093.33,1
2,unpaced_b8,0,queue,1413.33,1440,1
2,unpaced_b8,0,queue,1466.67,1493.33,1
2,unpaced_b8,0,queue,1546.67,1573.33,1
2,unpaced_b8,0,queue,1573.33,1600,2
2,unpaced_b8,0,queue,1680,1706.67,1
2,unpaced_b8,0,queue,1706.67,1760,1
2,unpaced_b8,0,queue,1760,1813.33,5
2,unpaced_b8,0,queue,1813.33,1866.67,3
2,unpaced_b8,0,queue,1866.67,1920,2
2,unpaced_b8,0,queue,1920,1973.33,2
2,unpaced_b8,0,queue,2080,2133.33,3
2,unpaced_b8,0,queue,2133.33,2186.67,2
2,unpaced_b8,0,queue,2186.67,2240,3
2,unpaced_b8,0,queue,2240,2293.33,2
2,unpaced_b8,0,queue,2293.33,2346.67,6
2,unpaced_b8,0,queue,2346.67,2400,6
2,unpaced_b8,0,queue,2400,2453.33,5
2,unpaced_b8,0,queue,2453.33,2506.67,5
2,unpaced_b8,0,queue,2506.67,2560,3
2,unpaced_b8,0,queue,2560,2613.33,1
2,unpaced_b8,0,queue,2613.33,2666.67,1
2,unpaced_b8,0,queue,2720,2773.33,2
2,unpaced_b8,0,queue,2773.33,2826.67,2
2,unpaced_b8,0,queue,2826.67,2880,4
2,unpaced_b8,0,queue,2880,2933.33,5
2,unpaced_b8,0,queue,2933.33,2986.67,3
2,unpaced_b8,0,queue,2986.67,3040,2
2,unpaced_b8,0,queue,3040,3093.33,3
2,unpaced_b8,0,queue,3093.33,3146.67,5
2,unpaced_b8,0,queue,3146.67,3200,3
2,unpaced_b8,0,queue,3200,3253.33,5
2,unpaced_b8,0,queue,3253.33,3306.67,8
2,unpaced_b8,0,queue,3306.67,3360,3
2,unpaced_b8,0,queue,3360,3413.33,3
2,unpaced_b8,0,queue,3413.33,3520,5
2,unpaced_b8,0,queue,3520,3626.67,7
2,unpaced_b8,0,queue,3626.67,3733.33,5
2,unpaced_b8,0,queue,3733.33,3840,6
2,unpaced_b8,0,queue,3840,3946.67,6
2,unpaced_b8,0,queue,3946.67,4053.33,5
2,unpaced_b8,0,queue,4053.33,4160,5
2,unpaced_b8,0,queue,4160,4266.67,5
2,unpaced_b8,0,queue,4266.67,4373.33,4
2,unpaced_b8,0,queue,4373.33,4480,1
2,unpaced_b8,0,queue,4480,4586.67,9
2,unpaced_b8,0,queue,4586.67,4693.33,8
2,unpaced_b8,0,queue,4693.33,4800,7
2,unpaced_b8,0,queue,4800,4906.67,8
2,unpaced_b8,0,queue,4906.67,5013.33,8
2,unpaced_b8,0,queue,5013.33,5120,8
2,unpaced_b8,0,queue,5120,5226.67,5
2,unpaced_b8,0,queue,5226.67,5333.33,5
2,unpaced_b8,0,queue,5333.33,5440,5
2,unpaced_b8,0,queue,5440,5546.67,6
2,unpaced_b8,0,queue,5546.67,5653.33,5
2,unpaced_b8,0,queue,5653.33,5760,5
2,unpaced_b8,0,queue,5760,5866.67,5
2,unpaced_b8,0,queue,5866.67,5973.33,6
2,unpaced_b8,0,queue,5973.33,6080,5
2,unpaced_b8,0,queue,6080,6186.67,6
2,unpaced_b8,0,queue,6186.67,6293.33,14
2,unpaced_b8,0,queue,6293.33,6400,6
2,unpaced_b8,0,queue,6400,6506.67,6
2,unpaced_b8,0,queue,6506.67,6613.33,5
2,unpaced_b8,0,queue,6613.33,6720,5
2,unpaced_b8,0,queue,6720,6826.67,5
2,unpaced_b8,0,queue,6826.67,7040,11
2,unpaced_b8,0,queue,7040,7253.33,10
2,unpaced_b8,0,queue,7253.33,7466.67,5
2,unpaced_b8,0,queue,7466.67,7680,16
2,unpaced_b8,0,queue,7680,7893.33,4
2,unpaced_b8,0,queue,7893.33,8106.67,17
2,unpaced_b8,0,queue,8106.67,8320,10
2,unpaced_b8,0,queue,8320,8533.33,17
2,unpaced_b8,0,queue,8533.33,8746.67,10
2,unpaced_b8,0,queue,8746.67,8960,10
2,unpaced_b8,0,queue,8960,9173.33,11
2,unpaced_b8,0,queue,9173.33,9386.67,7
2,unpaced_b8,0,queue,9386.67,9600,14
2,unpaced_b8,0,queue,9600,9813.33,12
2,unpaced_b8,0,queue,9813.33,10026.7,10
2,unpaced_b8,0,queue,10026.7,10240,11
2,unpaced_b8,0,queue,10240,10453.3,10
2,unpaced_b8,0,queue,10453.3,10666.7,11
2,unpaced_b8,0,queue,10666.7,10880,10
2,unpaced_b8,0,queue,10880,11093.3,11
2,unpaced_b8,0,queue,11093.3,11306.7,18
2,unpaced_b8,0,queue,11306.7,11520,10
2,unpaced_b8,0,queue,11520,11733.3,11
2,unpaced_b8,0,queue,11733.3,11946.7,10
2,unpaced_b8,0,queue,11946.7,12160,11
2,unpaced_b8,0,queue,12160,12373.3,13
2,unpaced_b8,0,queue,12373.3,12586.7,10
2,unpaced_b8,0,queue,12586.7,12800,13
2,unpaced_b8,0,queue,12800,13013.3,18
2,unpaced_b8,0,queue,13013.3,13226.7,13
2,unpaced_b8,0,queue,13226.7,13440,12
2,unpaced_b8,0,queue,13440,13653.3,12
2,unpaced_b8,0,queue,13653.3,14080,22
2,unpaced_b8,0,queue,14080,14506.7,26
2,unpaced_b8,0,queue,14506.7,14933.3,21
2,unpaced_b8,0,queue,14933.3,15360,21
2,unpaced_b8,0,queue,15360,15786.7,23
2,unpaced_b8,0,queue,15786.7,16213.3,24
2,unpaced_b8,0,queue,16213.3,16640,23
2,unpaced_b8,0,queue,16640,17066.7,22
2,unpaced_b8,0,queue,17066.7,17493.3,30
2,unpaced_b8,0,queue,17493.3,17920,22
2,unpaced_b8,0,queue,17920,18346.7,21
2,unpaced_b8,0,queue,18346.7,18773.3,24
2,unpaced_b8,0,queue,18773.3,19200,28
2,unpaced_b8,0,queue,19200,19626.7,26
2,unpaced_b8,0,queue,19626.7,20053.3,24
2,unpaced_b8,0,queue,20053.3,20480,37
2,unpaced_b8,0,queue,20480,20906.7,23
2,unpaced_b8,0,queue,20906.7,21333.3,20
2,unpaced_b8,0,queue,21333.3,21760,25
2,unpaced_b8,0,queue,21760,22186.7,21
2,unpaced_b8,0,queue,22186.7,22613.3,27
2,unpaced_b8,0,queue,22613.3,23040,23
2,unpaced_b8,0,queue,23040,23466.7,25
2,unpaced_b8,0,queue,23466.7,23893.3,35
2,unpaced_b8,0,queue,23893.3,24320,22
2,unpaced_b8,0,queue,24320,24746.7,22
2,unpaced_b8,0,queue,24746.7,25173.3,32
2,unpaced_b8,0,queue,25173.3,25600,24
2,unpaced_b8,0,queue,25600,26026.7,24
2,unpaced_b8,0,queue,26026.7,26453.3,23
2,unpaced_b8,0,queue,26453.3,26880,27
2,unpaced_b8,0,queue,26880,27306.7,23
2,unpaced_b8,0,queue,27306.7,28160,48
2,unpaced_b8,0,queue,28160,29013.3,57
2,unpaced_b8,0,queue,29013.3,29866.7,49
2,unpaced_b8,0,queue,29866.7,30720,58
2,unpaced_b8,0,queue,30720,31573.3,60
2,unpaced_b8,0,queue,31573.3,32426.7,47
2,unpaced_b8,0,queue,32426.7,33280,55
2,unpaced_b8,0,queue,33280,34133.3,46
2,unpaced_b8,0,queue,34133.3,34986.7,50
2,unpaced_b8,0,queue,34986.7,35840,56
2,unpaced_b8,0,queue,35840,36693.3,47
2,unpaced_b8,0,queue,36693.3,37546.7,55
2,unpaced_b8,0,queue,37546.7,38400,50
2,unpaced_b8,0,queue,38400,39253.3,52
2,unpaced_b8,0,queue,39253.3,40106.7,54
2,unpaced_b8,0,queue,40106.7,40960,51
2,unpaced_b8,0,queue,40960,41813.3,47
2,unpaced_b8,0,queue,41813.3,42666.7,58
2,unpaced_b8,0,queue,42666.7,43520,57
2,unpaced_b8,0,queue,43520,44373.3,45
2,unpaced_b8,0,queue,44373.3,45226.7,80
2,unpaced_b8,0,queue,45226.7,46080,53
2,unpaced_b8,0,queue,46080,46933.3,48
2,unpaced_b8,0,queue,46933.3,47786.7,11
2,unpaced_b8,0,queue,47786.7,48640,3
2,unpaced_b8,0,queue,48640,49493.3,4
2,unpaced_b8,0,queue,49493.3,50346.7,3
2,unpaced_b8,0,queue,50346.7,51200,3
2,unpaced_b8,0,queue,51200,52053.3,4
2,unpaced_b8,0,queue,52053.3,52906.7,4
2,unpaced_b8,0,queue,52906.7,53760,4
2,unpaced_b8,0,queue,53760,54613.3,6
2,unpaced_b8,0,queue,54613.3,56320,8
2,unpaced_b8,0,queue,56320,58026.7,9
2,unpaced_b8,0,queue,58026.7,59733.3,10
2,unpaced_b8,0,queue,59733.3,61440,9
2,unpaced_b8,0,queue,61440,63146.7,9
2,unpaced_b8,0,queue,63146.7,64853.3,11
2,unpaced_b8,0,queue,64853.3,66560,8
2,unpaced_b8,0,queue,66560,68266.7,19
2,unpaced_b8,0,queue,68266.7,69973.3,97
2,unpaced_b8,0,queue,69973.3,71680,99
2,unpaced_b8,0,queue,71680,73386.7,112
2,unpaced_b8,0,queue,73386.7,75093.3,99
2,unpaced_b8,0,queue,75093.3,76800,100
2,unpaced_b8,0,queue,76800,78506.7,89
2,unpaced_b8,0,queue,78506.7,80213.3,91
2,unpaced_b8,0,queue,80213.3,81920,109
2,unpaced_b8,0,queue,81920,83626.7,92
2,unpaced_b8,0,queue,83626.7,85333.3,94
2,unpaced_b8,0,queue,85333.3,87040,128
2,unpaced_b8,0,queue,87040,88746.7,189
2,unpaced_b8,0,queue,88746.7,90453.3,192
2,unpaced_b8,0,queue,90453.3,92160,188
2,unpaced_b8,0,queue,92160,93866.7,182
2,unpaced_b8,0,queue,93866.7,95573.3,190
2,unpaced_b8,0,queue,95573.3,97280,185
2,unpaced_b8,0,queue,97280,98986.7,180
2,unpaced_b8,0,queue,98986.7,100693,182
2,unpaced_b8,0,queue,100693,102400,180
2,unpaced_b8,0,queue,102400,104107,179
2,unpaced_b8,0,queue,104107,105813,191
2,unpaced_b8,0,queue,105813,107520,182
2,unpaced_b8,0,queue,107520,109227,132
2,unpaced_b8,0,queue,109227,112640,204
2,unpaced_b8,0,queue,112640,116053,199
2,unpaced_b8,0,queue,116053,119467,88
2,unpaced_b8,0,queue,119467,122880,113
2,unpaced_b8,0,queue,122880,126293,143
2,unpaced_b8,0,queue,126293,129707,198
2,unpaced_b8,0,queue,129707,133120,206
2,unpaced_b8,0,queue,133120,136533,200
2,unpaced_b8,0,queue,136533,139947,202
2,unpaced_b8,0,queue,139947,143360,197
2,unpaced_b8,0,queue,143360,146773,203
2,unpaced_b8,0,queue,146773,150187,194
2,unpaced_b8,0,queue,150187,153600,196
2,unpaced_b8,0,queue,153600,157013,183
2,unpaced_b8,0,queue,157013,160427,183
2,unpaced_b8,0,queue,160427,163840,189
2,unpaced_b8,0,queue,163840,167253,186
2,unpaced_b8,0,queue,167253,170667,184
2,unpaced_b8,0,queue,170667,174080,174
2,unpaced_b8,0,queue,174080,177493,21
2,unpaced_b8,0,queue,177493,180907,19
2,unpaced_b8,0,queue,180907,184320,17
2,unpaced_b8,0,queue,184320,187733,18
2,unpaced_b8,0,queue,187733,191147,23
2,unpaced_b8,0,queue,191147,194560,29
2,unpaced_b8,0,queue,194560,197973,20
2,unpaced_b8,0,queue,197973,201387,22
2,unpaced_b8,0,queue,201387,204800,21
2,unpaced_b8,0,queue,204800,208213,21
2,unpaced_b8,0,queue,208213,211627,20
2,unpaced_b8,0,queue,211627,215040,21
2,unpaced_b8,0,queue,215040,218453,21
2,unpaced_b8,0,queue,218453,225280,39
2,unpaced_b8,0,queue,225280,232107,36
2,unpaced_b8,0,queue,232107,238933,37
2,unpaced_b8,0,queue,238933,245760,34
2,unpaced_b8,0,queue,245760,252587,34
2,unpaced_b8,0,queue,252587,259413,33
2,unpaced_b8,0,queue,259413,266240,35
2,unpaced_b8,0,queue,266240,273067,42
2,unpaced_b8,0,queue,273067,279893,42
2,unpaced_b8,0,queue,279893,286720,41
2,unpaced_b8,0,queue,286720,293547,44
2,unpaced_b8,0,queue,293547,300373,46
2,unpaced_b8,0,queue,300373,307200,38
2,unpaced_b8,0,queue,307200,314027,50
2,unpaced_b8,0,queue,314027,320853,43
2,unpaced_b8,0,queue,320853,327680,40
2,unpaced_b8,0,queue,327680,334507,49
2,unpaced_b8,0,queue,334507,341333,44
2,unpaced_b8,0,queue,341333,348160,39
2,unpaced_b8,0,queue,348160,354987,43
2,unpaced_b8,0,queue,354987,361813,59
2,unpaced_b8,0,queue,361813,368640,57
2,unpaced_b8,0,queue,368640,375467,46
2,unpaced_b8,0,queue,375467,382293,52
2,unpaced_b8,0,queue,382293,389120,43
2,unpaced_b8,0,queue,389120,395947,41
2,unpaced_b8,0,queue,395947,402773,45
2,unpaced_b8,0,queue,402773,409600,53
2,unpaced_b8,0,queue,409600,416427,54
2,unpaced_b8,0,queue,416427,423253,49
2,unpaced_b8,0,queue,423253,430080,62
2,unpaced_b8,0,queue,430080,436907,61
2,unpaced_b8,0,queue,436907,450560,109
2,unpaced_b8,0,queue,464213,477867,67
2,unpaced_b8,0,queue,477867,491520,103
2,unpaced_b8,0,queue,491520,505173,127
2,unpaced_b8,0,queue,505173,518827,113
2,unpaced_b8,0,queue,518827,532480,122
2,unpaced_b8,0,queue,532480,546133,119
2,unpaced_b8,0,queue,546133,559787,118
2,unpaced_b8,0,queue,559787,573440,105
2,unpaced_b8,0,queue,573440,587093,106
2,unpaced_b8,0,queue,587093,600747,113
2,unpaced_b8,0,queue,600747,614400,119
2,unpaced_b8,0,queue,614400,628053,122
2,unpaced_b8,0,queue,628053,641707,119
2,unpaced_b8,0,queue,641707,655360,111
2,unpaced_b8,0,queue,655360,669013,122
2,unpaced_b8,0,queue,669013,682667,119
2,unpaced_b8,0,queue,682667,696320,100
2,unpaced_b8,0,queue,696320,709973,125
2,unpaced_b8,0,queue,709973,723627,115
2,unpaced_b8,0,queue,723627,737280,104
2,unpaced_b8,0,queue,737280,750933,117
2,unpaced_b8,0,queue,750933,764587,119
2,unpaced_b8,0,queue,764587,778240,95
2,unpaced_b8,0,queue,778240,791893,79
2,unpaced_b8,0,queue,791893,805547,101
2,unpaced_b8,0,queue,805547,819200,109
2,unpaced_b8,0,queue,819200,832853,112
2,unpaced_b8,0,queue,832853,846507,93
2,unpaced_b8,0,queue,846507,860160,108
2,unpaced_b8,0,queue,860160,873813,89
2,unpaced_b8,0,queue,873813,901120,198
2,unpaced_b8,0,queue,901120,928427,248
2,unpaced_b8,0,queue,928427,955733,185
2,unpaced_b8,0,queue,955733,983040,271
2,unpaced_b8,0,queue,983040,1.01035e+06,266
2,unpaced_b8,0,queue,1.01035e+06,1.03765e+06,231
2,unpaced_b8,0,queue,1.03765e+06,1.06496e+06,250
2,unpaced_b8,0,queue,1.06496e+06,1.09227e+06,222
2,unpaced_b8,0,queue,1.09227e+06,1.11957e+06,262
2,unpaced_b8,0,queue,1.11957e+06,1.14688e+06,249
2,unpaced_b8,0,queue,1.14688e+06,1.17419e+06,240
2,unpaced_b8,0,queue,1.17419e+06,1.20149e+06,270
2,unpaced_b8,0,queue,1.20149e+06,1.2288e+06,252
2,unpaced_b8,0,queue,1.2288e+06,1.25611e+06,138
2,unpaced_b8,0,queue,1.25611e+06,1.28341e+06,255
2,unpaced_b8,0,queue,1.28341e+06,1.31072e+06,230
2,unpaced_b8,0,queue,1.31072e+06,1.33803e+06,233
2,unpaced_b8,0,queue,1.33803e+06,1.36533e+06,234
2,unpaced_b8,0,queue,1.36533e+06,1.39264e+06,228
2,unpaced_b8,0,queue,1.39264e+06,1.41995e+06,244
2,unpaced_b8,0,queue,1.41995e+06,1.44725e+06,240
2,unpaced_b8,0,queue,1.44725e+06,1.47456e+06,238
2,unpaced_b8,0,queue,1.47456e+06,1.50187e+06,224
2,unpaced_b8,0,queue,1.50187e+06,1.52917e+06,249
2,unpaced_b8,0,queue,1.52917e+06,1.55648e+06,251
2,unpaced_b8,0,queue,1.55648e+06,1.58379e+06,268
2,unpaced_b8,0,queue,1.58379e+06,1.61109e+06,252
2,unpaced_b8,0,queue,1.61109e+06,1.6384e+06,227
2,unpaced_b8,0,queue,1.6384e+06,1.66571e+06,263
2,unpaced_b8,0,queue,1.66571e+06,1.69301e+06,250
2,unpaced_b8,0,queue,1.69301e+06,1.72032e+06,211
2,unpaced_b8,0,queue,1.72032e+06,1.74763e+06,240
2,unpaced_b8,0,queue,1.74763e+06,1.80224e+06,412
2,unpaced_b8,0,queue,1.80224e+06,1.85685e+06,461
2,unpaced_b8,0,queue,1.85685e+06,1.91147e+06,450
2,unpaced_b8,0,queue,1.91147e+06,1.96608e+06,404
2,unpaced_b8,0,queue,1.96608e+06,2.02069e+06,485
2,unpaced_b8,0,queue,2.02069e+06,2.07531e+06,417
2,unpaced_b8,0,queue,2.07531e+06,2.12992e+06,750
2,unpaced_b8,0,queue,2.12992e+06,2.18453e+06,541
2,unpaced_b8,0,queue,2.18453e+06,2.23915e+06,499
2,unpaced_b8,0,queue,2.23915e+06,2.29376e+06,521
2,unpaced_b8,0,queue,2.29376e+06,2.34837e+06,500
2,unpaced_b8,0,queue,2.34837e+06,2.40299e+06,25006
2,unpaced_b8,0,queue,2.40299e+06,2.4576e+06,117995
2,unpaced_b8,0,queue,2.4576e+06,2.51221e+06,541771
2,unpaced_b8,0,queue,2.51221e+06,2.56683e+06,1010514
2,unpaced_b8,0,queue,2.56683e+06,2.62144e+06,810423
2,unpaced_b8,0,queue,2.62144e+06,2.67605e+06,849204
2,unpaced_b8,0,queue,2.67605e+06,2.73067e+06,397375
2,unpaced_b8,0,queue,2.73067e+06,2.78528e+06,252154
2,unpaced_b8,0,queue,2.78528e+06,2.83989e+06,145417
2,unpaced_b8,0,queue,2.83989e+06,2.89451e+06,91726
2,unpaced_b8,0,queue,2.89451e+06,2.94912e+06,83731
2,unpaced_b8,0,queue,2.94912e+06,3.00373e+06,76208
2,unpaced_b8,0,queue,3.00373e+06,3.05835e+06,51311
2,unpaced_b8,0,queue,3.05835e+06,3.11296e+06,62576
2,unpaced_b8,0,queue,3.11296e+06,3.16757e+06,55226
2,unpaced_b8,0,queue,3.16757e+06,3.22219e+06,79067
2,unpaced_b8,0,queue,3.22219e+06,3.2768e+06,97874
2,unpaced_b8,0,queue,3.2768e+06,3.33141e+06,345889
2,unpaced_b8,0,queue,3.33141e+06,3.38603e+06,852111
2,unpaced_b8,0,queue,3.38603e+06,3.44064e+06,1565247
2,unpaced_b8,0,queue,3.44064e+06,3.49525e+06,2835387
2,unpaced_b8,0,queue,3.49525e+06,3.60448e+06,11199428
2,unpaced_b8,0,queue,3.60448e+06,3.71371e+06,21886075
2,unpaced_b8,0,queue,3.71371e+06,3.82293e+06,28844631
2,unpaced_b8,0,queue,3.82293e+06,3.93216e+06,25439243
2,unpaced_b8,0,queue,3.93216e+06,4.04139e+06,17477501
2,unpaced_b8,0,queue,4.04139e+06,4.15061e+06,9047867
2,unpaced_b8,0,queue,4.15061e+06,4.25984e+06,4371036
2,unpaced_b8,0,queue,4.25984e+06,4.36907e+06,1988102
2,unpaced_b8,0,queue,4.36907e+06,4.47829e+06,905125
2,unpaced_b8,0,queue,4.47829e+06,4.58752e+06,438263
2,unpaced_b8,0,queue,4.58752e+06,4.69675e+06,266907
2,unpaced_b8,0,queue,4.69675e+06,4.80597e+06,153207
2,unpaced_b8,0,queue,4.80597e+06,4.9152e+06,61013
2,unpaced_b8,0,queue,4.9152e+06,5.02443e+06,36212
2,unpaced_b8,0,queue,5.02443e+06,5.13365e+06,12412
2,unpaced_b8,0,queue,5.13365e+06,5.24288e+06,9791
2,unpaced_b8,0,queue,5.24288e+06,5.35211e+06,5233
2,unpaced_b8,0,queue,5.35211e+06,5.46133e+06,7917
2,unpaced_b8,0,queue,5.46133e+06,5.57056e+06,11187
2,unpaced_b8,0,queue,5.57056e+06,5.67979e+06,11634
2,unpaced_b8,0,queue,5.67979e+06,5.78901e+06,12458
2,unpaced_b8,0,queue,5.78901e+06,5.89824e+06,10854
2,unpaced_b8,0,queue,5.89824e+06,6.00747e+06,55253
2,unpaced_b8,0,queue,6.00747e+06,6.11669e+06,17998
2,unpaced_b8,0,queue,6.11669e+06,6.22592e+06,2082
2,unpaced_b8,0,queue,6.22592e+06,6.33515e+06,14051
2,unpaced_b8,0,book,15,15.4167,3
2,unpaced_b8,0,book,15.8333,16.25,20
2,unpaced_b8,0,book,16.6667,17.0833,26
2,unpaced_b8,0,book,17.5,17.9167,522
2,unpaced_b8,0,book,18.3333,18.75,14096
2,unpaced_b8,0,book,19.1667,19.5833,56518
2,unpaced_b8,0,book,20,20.4167,183751
2,unpaced_b8,0,book,20.8333,21.25,290329
2,unpaced_b8,0,book,21.6667,22.0833,281555
2,unpaced_b8,0,book,22.5,22.9167,336952
2,unpaced_b8,0,book,23.3333,23.75,611422
2,unpaced_b8,0,book,24.1667,24.5833,1480370
2,unpaced_b8,0,book,25,25.4167,1645614
2,unpaced_b8,0,book,25.8333,26.25,666654
2,unpaced_b8,0,book,26.6667,27.5,198700
2,unpaced_b8,0,book,27.5,28.3333,106884
2,unpaced_b8,0,book,28.3333,29.1667,80628
2,unpaced_b8,0,book,29.1667,30,97329
2,unpaced_b8,0,book,30,30.8333,139468
2,unpaced_b8,0,book,30.8333,31.6667,141325
2,unpaced_b8,0,book,31.6667,32.5,111687
2,unpaced_b8,0,book,32.5,33.3333,129092
2,unpaced_b8,0,book,33.3333,34.1667,204883
2,unpaced_b8,0,book,34.1667,35,331979
2,unpaced_b8,0,book,35,35.8333,511678
2,unpaced_b8,0,book,35.8333,36.6667,618827
2,unpaced_b8,0,book,36.6667,37.5,695688
2,unpaced_b8,0,book,37.5,38.3333,951818
2,unpaced_b8,0,book,38.3333,39.1667,947772
2,unpaced_b8,0,book,39.1667,40,741484
2,unpaced_b8,0,book,40,40.8333,542868
2,unpaced_b8,0,book,40.8333,41.6667,271687
2,unpaced_b8,0,book,41.6667,42.5,250257
2,unpaced_b8,0,book,42.5,43.3333,257931
2,unpaced_b8,0,book,43.3333,44.1667,236604
2,unpaced_b8,0,book,44.1667,45,243669
2,unpaced_b8,0,book,45,45.8333,258785
2,unpaced_b8,0,book,45.8333,46.6667,271983
2,unpaced_b8,0,book,46.6667,47.5,305370
2,unpaced_b8,0,book,47.5,48.3333,327094
2,unpaced_b8,0,book,48.3333,49.1667,351903
2,unpaced_b8,0,book,49.1667,50,369787
2,unpaced_b8,0,book,50,50.8333,354412
2,unpaced_b8,0,book,50.8333,51.6667,375604
2,unpaced_b8,0,book,51.6667,52.5,403880
2,unpaced_b8,0,book,52.5,53.3333,439924
2,unpaced_b8,0,book,53.3333,55,870690
2,unpaced_b8,0,book,55,56.6667,902910
2,unpaced_b8,0,book,56.6667,58.3333,902913
2,unpaced_b8,0,book,58.3333,60,839921
2,unpaced_b8,0,book,60,61.6667,871706
2,unpaced_b8,0,book,61.6667,63.3333,865918
2,unpaced_b8,0,book,63.3333,65,824451
2,unpaced_b8,0,book,65,66.6667,816703
2,unpaced_b8,0,book,66.6667,68.3333,817119
2,unpaced_b8,0,book,68.3333,70,780111
2,unpaced_b8,0,book,70,71.6667,756663
2,unpaced_b8,0,book,71.6667,73.3333,716503
2,unpaced_b8,0,book,73.3333,75,700328
2,unpaced_b8,0,book,75,76.6667,683175
2,unpaced_b8,0,book,76.6667,78.3333,633684
2,unpaced_b8,0,book,78.3333,80,575210
2,unpaced_b8,0,book,80,81.6667,566492
2,unpaced_b8,0,book,81.6667,83.3333,523971
2,unpaced_b8,0,book,83.3333,85,473416
2,unpaced_b8,0,book,85,86.6667,453598
2,unpaced_b8,0,book,86.6667,88.3333,447959
2,unpaced_b8,0,book,88.3333,90,422137
2,unpaced_b8,0,book,90,91.6667,404036
2,unpaced_b8,0,book,91.6667,93.3333,379987
2,unpaced_b8,0,book,93.3333,95,366037
2,unpaced_b8,0,book,95,96.6667,360622
2,unpaced_b8,0,book,96.6667,98.3333,347418
2,unpaced_b8,0,book,98.3333,100,329946
2,unpaced_b8,0,book,100,101.667,340452
2,unpaced_b8,0,book,101.667,103.333,330797
2,unpaced_b8,0,book,103.333,105,308947
2,unpaced_b8,0,book,105,106.667,300960
2,unpaced_b8,0,book,106.667,110,590818
2,unpaced_b8,0,book,110,113.333,561279
2,unpaced_b8,0,book,113.333,116.667,532659
2,unpaced_b8,0,book,116.667,120,479346
2,unpaced_b8,0,book,120,123.333,475079
2,unpaced_b8,0,book,123.333,126.667,572936
2,unpaced_b8,0,book,126.667,130,1000160
2,unpaced_b8,0,book,130,133.333,1458720
2,unpaced_b8,0,book,133.333,136.667,1562863
2,unpaced_b8,0,book,136.667,140,1663692
2,unpaced_b8,0,book,140,143.333,2374319
2,unpaced_b8,0,book,143.333,146.667,2821219
2,unpaced_b8,0,book,146.667,150,3071578
2,unpaced_b8,0,book,150,153.333,3002816
2,unpaced_b8,0,book,153.333,156.667,2977598
2,unpaced_b8,0,book,156.667,160,3318392
2,unpaced_b8,0,book,160,163.333,3610864
2,unpaced_b8,0,book,163.333,166.667,2915448
2,unpaced_b8,0,book,166.667,170,2687327
2,unpaced_b8,0,book,170,173.333,2633337
2,unpaced_b8,0,book,173.333,176.667,2391009
2,unpaced_b8,0,book,176.667,180,2083496
2,unpaced_b8,0,book,180,183.333,1994429
2,unpaced_b8,0,book,183.333,186.667,1805295
2,unpaced_b8,0,book,186.667,190,1748490
2,unpaced_b8,0,book,190,193.333,1627731
2,unpaced_b8,0,book,193.333,196.667,1540982
2,unpaced_b8,0,book,196.667,200,1409347
2,unpaced_b8,0,book,200,203.333,1369708
2,unpaced_b8,0,book,203.333,206.667,1235965
2,unpaced_b8,0,book,206.667,210,1184951
2,unpaced_b8,0,book,210,213.333,1110960
2,unpaced_b8,0,book,213.333,220,2081670
2,unpaced_b8,0,book,220,226.667,1943518
2,unpaced_b8,0,book,226.667,233.333,1824208
2,unpaced_b8,0,book,233.333,240,1733619
2,unpaced_b8,0,book,240,246.667,1671074
2,unpaced_b8,0,book,246.667,253.333,1582133
2,unpaced_b8,0,book,253.333,260,1470151
2,unpaced_b8,0,book,260,266.667,1396196
2,unpaced_b8,0,book,266.667,273.333,1319229
2,unpaced_b8,0,book,273.333,280,1235616
2,unpaced_b8,0,book,280,286.667,1162427
2,unpaced_b8,0,book,286.667,293.333,1084216
2,unpaced_b8,0,book,293.333,300,1026037
2,unpaced_b8,0,book,300,306.667,991789
2,unpaced_b8,0,book,306.667,313.333,949709
2,unpaced_b8,0,book,313.333,320,900774
2,unpaced_b8,0,book,320,326.667,869443
2,unpaced_b8,0,book,326.667,333.333,831741
2,unpaced_b8,0,book,333.333,340,790056
2,unpaced_b8,0,book,340,346.667,762841
2,unpaced_b8,0,book,346.667,353.333,729238
2,unpaced_b8,0,book,353.333,360,696483
2,unpaced_b8,0,book,360,366.667,666404
2,unpaced_b8,0,book,366.667,373.333,632125
2,unpaced_b8,0,book,373.333,380,599137
2,unpaced_b8,0,book,380,386.667,574133
2,unpaced_b8,0,book,386.667,393.333,548897
2,unpaced_b8,0,book,393.333,400,518177
2,unpaced_b8,0,book,400,406.667,490824
2,unpaced_b8,0,book,406.667,413.333,471894
2,unpaced_b8,0,book,413.333,420,441224
2,unpaced_b8,0,book,420,426.667,430169
2,unpaced_b8,0,book,426.667,440,799393
2,unpaced_b8,0,book,440,453.333,711139
2,unpaced_b8,0,book,453.333,466.667,604765
2,unpaced_b8,0,book,466.667,480,522838
2,unpaced_b8,0,book,480,493.333,456928
2,unpaced_b8,0,book,493.333,506.667,398030
2,unpaced_b8,0,book,506.667,520,352181
2,unpaced_b8,0,book,520,533.333,316223
2,unpaced_b8,0,book,533.333,546.667,279101
2,unpaced_b8,0,book,546.667,560,251420
2,unpaced_b8,0,book,560,573.333,224269
2,unpaced_b8,0,book,573.333,586.667,197777
2,unpaced_b8,0,book,586.667,600,175596
2,unpaced_b8,0,book,600,613.333,157217
2,unpaced_b8,0,book,613.333,626.667,137335
2,unpaced_b8,0,book,626.667,640,121416
2,unpaced_b8,0,book,640,653.333,107941
2,unpaced_b8,0,book,653.333,666.667,94708
2,unpaced_b8,0,book,666.667,680,85124
2,unpaced_b8,0,book,680,693.333,75038
2,unpaced_b8,0,book,693.333,706.667,65714
2,unpaced_b8,0,book,706.667,720,58531
2,unpaced_b8,0,book,720,733.333,51900
2,unpaced_b8,0,book,733.333,746.667,45263
2,unpaced_b8,0,book,746.667,760,40294
2,unpaced_b8,0,book,760,773.333,35210
2,unpaced_b8,0,book,773.333,786.667,30731
2,unpaced_b8,0,book,786.667,800,27621
2,unpaced_b8,0,book,800,813.333,24170
2,unpaced_b8,0,book,813.333,826.667,21486
2,unpaced_b8,0,book,826.667,840,18916
2,unpaced_b8,0,book,840,853.333,16762
2,unpaced_b8,0,book,853.333,880,27323
2,unpaced_b8,0,book,880,906.667,21382
2,unpaced_b8,0,book,906.667,933.333,16921
2,unpaced_b8,0,book,933.333,960,12827
2,unpaced_b8,0,book,960,986.667,9919
2,unpaced_b8,0,book,986.667,1013.33,7995
2,unpaced_b8,0,book,1013.33,1040,6239
2,unpaced_b8,0,book,1040,1066.67,4792
2,unpaced_b8,0,book,1066.67,1093.33,3798
2,unpaced_b8,0,book,1093.33,1120,3146
2,unpaced_b8,0,book,1120,1146.67,2433
2,unpaced_b8,0,book,1146.67,1173.33,1996
2,unpaced_b8,0,book,1173.33,1200,1607
2,unpaced_b8,0,book,1200,1226.67,1338
2,unpaced_b8,0,book,1226.67,1253.33,1122
2,unpaced_b8,0,book,1253.33,1280,932
2,unpaced_b8,0,book,1280,1306.67,777
2,unpaced_b8,0,book,1306.67,1333.33,720
2,unpaced_b8,0,book,1333.33,1360,610
2,unpaced_b8,0,book,1360,1386.67,554
2,unpaced_b8,0,book,1386.67,1413.33,517
2,unpaced_b8,0,book,1413.33,1440,450
2,unpaced_b8,0,book,1440,1466.67,439
2,unpaced_b8,0,book,1466.67,1493.33,354
2,unpaced_b8,0,book,1493.33,1520,345
2,unpaced_b8,0,book,1520,1546.67,340
2,unpaced_b8,0,book,1546.67,1573.33,306
2,unpaced_b8,0,book,1573.33,1600,272
2,unpaced_b8,0,book,1600,1626.67,251
2,unpaced_b8,0,book,1626.67,1653.33,271
2,unpaced_b8,0,book,1653.33,1680,226
2,unpaced_b8,0,book,1680,1706.67,205
2,unpaced_b8,0,book,1706.67,1760,383
2,unpaced_b8,0,book,1760,1813.33,359
2,unpaced_b8,0,book,1813.33,1866.67,278
2,unpaced_b8,0,book,1866.67,1920,301
2,unpaced_b8,0,book,1920,1973.33,261
2,unpaced_b8,0,book,1973.33,2026.67,234
2,unpaced_b8,0,book,2026.67,2080,211
2,unpaced_b8,0,book,2080,2133.33,197
2,unpaced_b8,0,book,2133.33,2186.67,205
2,unpaced_b8,0,book,2186.67,2240,192
2,unpaced_b8,0,book,2240,2293.33,172
2,unpaced_b8,0,book,2293.33,2346.67,137
2,unpaced_b8,0,book,2346.67,2400,134
2,unpaced_b8,0,book,2400,2453.33,147
2,unpaced_b8,0,book,2453.33,2506.67,122
2,unpaced_b8,0,book,2506.67,2560,120
2,unpaced_b8,0,book,2560,2613.33,92
2,unpaced_b8,0,book,2613.33,2666.67,86
2,unpaced_b8,0,book,2666.67,2720,85
2,unpaced_b8,0,book,2720,2773.33,72
2,unpaced_b8,0,book,2773.33,2826.67,75
2,unpaced_b8,0,book,2826.67,2880,58
2,unpaced_b8,0,book,2880,2933.33,82
2,unpaced_b8,0,book,2933.33,2986.67,64
2,unpaced_b8,0,book,2986.67,3040,54
2,unpaced_b8,0,book,3040,3093.33,57
2,unpaced_b8,0,book,3093.33,3146.67,56
2,unpaced_b8,0,book,3146.67,3200,46
2,unpaced_b8,0,book,3200,3253.33,44
2,unpaced_b8,0,book,3253.33,3306.67,47
2,unpaced_b8,0,book,3306.67,3360,37
2,unpaced_b8,0,book,3360,3413.33,41
2,unpaced_b8,0,book,3413.33,3520,80
2,unpaced_b8,0,book,3520,3626.67,70
2,unpaced_b8,0,book,3626.67,3733.33,61
2,unpaced_b8,0,book,3733.33,3840,44
2,unpaced_b8,0,book,3840,3946.67,36
2,unpaced_b8,0,book,3946.67,4053.33,34
2,unpaced_b8,0,book,4053.33,4160,30
2,unpaced_b8,0,book,4160,4266.67,27
2,unpaced_b8,0,book,4266.67,4373.33,27
2,unpaced_b8,0,book,4373.33,4480,16
2,unpaced_b8,0,book,4480,4586.67,17
2,unpaced_b8,0,book,4586.67,4693.33,17
2,unpaced_b8,0,book,4693.33,4800,17
2,unpaced_b8,0,book,4800,4906.67,32
2,unpaced_b8,0,book,4906.67,5013.33,50
2,unpaced_b8,0,book,5013.33,5120,97
2,unpaced_b8,0,book,5120,5226.67,135
2,unpaced_b8,0,book,5226.67,5333.33,162
2,unpaced_b8,0,book,5333.33,5440,184
2,unpaced_b8,0,book,5440,5546.67,219
2,unpaced_b8,0,book,5546.67,5653.33,210
2,unpaced_b8,0,book,5653.33,5760,164
2,unpaced_b8,0,book,5760,5866.67,130
2,unpaced_b8,0,book,5866.67,5973.33,103
2,unpaced_b8,0,book,5973.33,6080,63
2,unpaced_b8,0,book,6080,6186.67,41
2,unpaced_b8,0,book,6186.67,6293.33,38
2,unpaced_b8,0,book,6293.33,6400,21
2,unpaced_b8,0,book,6400,6506.67,30
2,unpaced_b8,0,book,6506.67,6613.33,20
2,unpaced_b8,0,book,6613.33,6720,25
2,unpaced_b8,0,book,6720,6826.67,28
2,unpaced_b8,0,book,6826.67,7040,25
2,unpaced_b8,0,book,7040,7253.33,46
2,unpaced_b8,0,book,7253.33,7466.67,20
2,unpaced_b8,0,book,7466.67,7680,35
2,unpaced_b8,0,book,7680,7893.33,37
2,unpaced_b8,0,book,7893.33,8106.67,48
2,unpaced_b8,0,book,8106.67,8320,40
2,unpaced_b8,0,book,8320,8533.33,60
2,unpaced_b8,0,book,8533.33,8746.67,128
2,unpaced_b8,0,book,8746.67,8960,275
2,unpaced_b8,0,book,8960,9173.33,661
2,unpaced_b8,0,book,9173.33,9386.67,1357
2,unpaced_b8,0,book,9386.67,9600,2660
2,unpaced_b8,0,book,9600,9813.33,3666
2,unpaced_b8,0,book,9813.33,10026.7,3696
2,unpaced_b8,0,book,10026.7,10240,2689
2,unpaced_b8,0,book,10240,10453.3,1684
2,unpaced_b8,0,book,10453.3,10666.7,919
2,unpaced_b8,0,book,10666.7,10880,446
2,unpaced_b8,0,book,10880,11093.3,283
2,unpaced_b8,0,book,11093.3,11306.7,155
2,unpaced_b8,0,book,11306.7,11520,110
2,unpaced_b8,0,book,11520,11733.3,94
2,unpaced_b8,0,book,11733.3,11946.7,78
2,unpaced_b8,0,book,11946.7,12160,67
2,unpaced_b8,0,book,12160,12373.3,33
2,unpaced_b8,0,book,12373.3,12586.7,30
2,unpaced_b8,0,book,12586.7,12800,14
2,unpaced_b8,0,book,12800,13013.3,12
2,unpaced_b8,0,book,13013.3,13226.7,10
2,unpaced_b8,0,book,13226.7,13440,13
2,unpaced_b8,0,book,13440,13653.3,19
2,unpaced_b8,0,book,13653.3,14080,37
2,unpaced_b8,0,book,14080,14506.7,67
2,unpaced_b8,0,book,14506.7,14933.3,184
2,unpaced_b8,0,book,14933.3,15360,462
2,unpaced_b8,0,book,15360,15786.7,1062
2,unpaced_b8,0,book,15786.7,16213.3,1504
2,unpaced_b8,0,book,16213.3,16640,1255
2,unpaced_b8,0,book,16640,17066.7,779
2,unpaced_b8,0,book,17066.7,17493.3,356
2,unpaced_b8,0,book,17493.3,17920,217
2,unpaced_b8,0,book,17920,18346.7,153
2,unpaced_b8,0,book,18346.7,18773.3,121
2,unpaced_b8,0,book,18773.3,19200,78
2,unpaced_b8,0,book,19200,19626.7,44
2,unpaced_b8,0,book,19626.7,20053.3,29
2,unpaced_b8,0,book,20053.3,20480,15
2,unpaced_b8,0,book,20480,20906.7,13
2,unpaced_b8,0,book,20906.7,21333.3,3
2,unpaced_b8,0,book,21333.3,21760,6
2,unpaced_b8,0,book,21760,22186.7,3
2,unpaced_b8,0,book,24746.7,25173.3,2
2,unpaced_b8,0,book,25173.3,25600,1
2,unpaced_b8,0,book,26026.7,26453.3,2
2,unpaced_b8,0,book,26453.3,26880,1
2,unpaced_b8,0,book,26880,27306.7,1
2,unpaced_b8,0,book,27306.7,28160,4
2,unpaced_b8,0,book,28160,29013.3,1
2,unpaced_b8,0,book,29013.3,29866.7,3
2,unpaced_b8,0,book,29866.7,30720,1
2,unpaced_b8,0,book,30720,31573.3,6
2,unpaced_b8,0,book,32426.7,33280,4
2,unpaced_b8,0,book,33280,34133.3,1
2,unpaced_b8,0,book,34133.3,34986.7,7
2,unpaced_b8,0,book,34986.7,35840,1
2,unpaced_b8,0,book,35840,36693.3,3
2,unpaced_b8,0,book,36693.3,37546.7,4
2,unpaced_b8,0,book,37546.7,38400,1
2,unpaced_b8,0,book,48640,49493.3,1
2,unpaced_b8,0,book,75093.3,76800,1
2,unpaced_b8,0,book,150187,153600,1
3,unpaced_b8,0,total,1226.67,1253.33,1
3,unpaced_b8,0,total,1360,1386.67,1
3,unpaced_b8,0,total,1440,1466.67,1
3,unpaced_b8,0,total,1520,1546.67,1
3,unpaced_b8,0,total,1573.33,1600,1
3,unpaced_b8,0,total,1600,1626.67,1
3,unpaced_b8,0,total,1680,1706.67,1
3,unpaced_b8,0,total,1760,1813.33,1
3,unpaced_b8,0,total,1813.33,1866.67,1
3,unpaced_b8,0,total,1866.67,1920,2
3,unpaced_b8,0,total,1973.33,2026.67,4
3,unpaced_b8,0,total,2133.33,2186.67,2
3,unpaced_b8,0,total,2186.67,2240,2
3,unpaced_b8,0,total,2240,2293.33,6
3,unpaced_b8,0,total,2293.33,2346.67,6
3,unpaced_b8,0,total,2346.67,2400,6
3,unpaced_b8,0,total,2400,2453.33,5
3,unpaced_b8,0,total,2453.33,2506.67,4
3,unpaced_b8,0,total,2506.67,2560,2
3,unpaced_b8,0,total,2560,2613.33,2
3,unpaced_b8,0,total,2613.33,2666.67,3
3,unpaced_b8,0,total,2666.67,2720,2
3,unpaced_b8,0,total,2720,2773.33,3
3,unpaced_b8,0,total,2773.33,2826.67,3
3,unpaced_b8,0,total,2826.67,2880,2
3,unpaced_b8,0,total,2880,2933.33,1
3,unpaced_b8,0,total,2986.67,3040,1
3,unpaced_b8,0,total,3040,3093.33,3
3,unpaced_b8,0,total,3093.33,3146.67,3
3,unpaced_b8,0,total,3146.67,3200,6
3,unpaced_b8,0,total,3200,3253.33,5
3,unpaced_b8,0,total,3253.33,3306.67,4
3,unpaced_b8,0,total,3306.67,3360,4
3,unpaced_b8,0,total,3360,3413.33,5
3,unpaced_b8,0,total,3413.33,3520,6
3,unpaced_b8,0,total,3520,3626.67,5
3,unpaced_b8,0,total,3626.67,3733.33,5
3,unpaced_b8,0,total,3733.33,3840,6
3,unpaced_b8,0,total,3840,3946.67,5
3,unpaced_b8,0,total,3946.67,4053.33,5
3,unpaced_b8,0,total,4053.33,4160,5
3,unpaced_b8,0,total,4160,4266.67,5
3,unpaced_b8,0,total,4266.67,4373.33,6
3,unpaced_b8,0,total,4373.33,4480,5
3,unpaced_b8,0,total,4480,4586.67,5
3,unpaced_b8,0,total,4586.67,4693.33,5
3,unpaced_b8,0,total,4693.33,4800,5
3,unpaced_b8,0,total,4800,4906.67,7
3,unpaced_b8,0,total,4906.67,5013.33,15
3,unpaced_b8,0,total,5013.33,5120,5
3,unpaced_b8,0,total,5120,5226.67,6
3,unpaced_b8,0,total,5226.67,5333.33,4
3,unpaced_b8,0,total,5333.33,5440,5
3,unpaced_b8,0,total,5440,5546.67,11
3,unpaced_b8,0,total,5546.67,5653.33,5
3,unpaced_b8,0,total,5653.33,5760,6
3,unpaced_b8,0,total,5760,5866.67,6
3,unpaced_b8,0,total,5866.67,5973.33,5
3,unpaced_b8,0,total,5973.33,6080,5
3,unpaced_b8,0,total,6080,6186.67,5
3,unpaced_b8,0,total,6186.67,6293.33,5
3,unpaced_b8,0,total,6293.33,6400,15
3,unpaced_b8,0,total,6400,6506.67,6
3,unpaced_b8,0,total,6506.67,6613.33,5
3,unpaced_b8,0,total,6613.33,6720,5
3,unpaced_b8,0,total,6720,6826.67,6
3,unpaced_b8,0,total,6826.67,7040,10
3,unpaced_b8,0,total,7040,7253.33,10
3,unpaced_b8,0,total,7253.33,7466.67,11
3,unpaced_b8,0,total,7466.67,7680,10
3,unpaced_b8,0,total,7680,7893.33,15
3,unpaced_b8,0,total,7893.33,8106.67,8
3,unpaced_b8,0,total,8106.67,8320,15
3,unpaced_b8,0,total,8320,8533.33,11
3,unpaced_b8,0,total,8533.33,8746.67,10
3,unpaced_b8,0,total,8746.67,8960,12
3,unpaced_b8,0,total,8960,9173.33,14
3,unpaced_b8,0,total,9173.33,9386.67,21
3,unpaced_b8,0,total,9386.67,9600,11
3,unpaced_b8,0,total,9600,9813.33,10
3,unpaced_b8,0,total,9813.33,10026.7,11
3,unpaced_b8,0,total,10026.7,10240,10
3,unpaced_b8,0,total,10240,10453.3,10
3,unpaced_b8,0,total,10453.3,10666.7,14
3,unpaced_b8,0,total,10666.7,10880,17
3,unpaced_b8,0,total,10880,11093.3,13
3,unpaced_b8,0,total,11093.3,11306.7,10
3,unpaced_b8,0,total,11306.7,11520,11
3,unpaced_b8,0,total,11520,11733.3,10
3,unpaced_b8,0,total,11733.3,11946.7,10
3,unpaced_b8,0,total,11946.7,12160,13
3,unpaced_b8,0,total,12160,12373.3,12
3,unpaced_b8,0,total,12373.3,12586.7,15
3,unpaced_b8,0,total,12586.7,12800,10
3,unpaced_b8,0,total,12800,13013.3,11
3,unpaced_b8,0,total,13013.3,13226.7,10
3,unpaced_b8,0,total,13226.7,13440,12
3,unpaced_b8,0,total,13440,13653.3,7
3,unpaced_b8,0,total,13653.3,14080,33
3,unpaced_b8,0,total,14080,14506.7,22
3,unpaced_b8,0,total,14506.7,14933.3,21
3,unpaced_b8,0,total,14933.3,15360,21
3,unpaced_b8,0,total,15360,15786.7,26
3,unpaced_b8,0,total,15786.7,16213.3,21
3,unpaced_b8,0,total,16213.3,16640,21
3,unpaced_b8,0,total,16640,17066.7,32
3,unpaced_b8,0,total,17066.7,17493.3,25
3,unpaced_b8,0,total,17493.3,17920,21
3,unpaced_b8,0,total,17920,18346.7,25
3,unpaced_b8,0,total,18346.7,18773.3,27
3,unpaced_b8,0,total,18773.3,19200,20
3,unpaced_b8,0,total,19200,19626.7,22
3,unpaced_b8,0,total,19626.7,20053.3,23
3,unpaced_b8,0,total,20053.3,20480,30
3,unpaced_b8,0,total,20480,20906.7,23
3,unpaced_b8,0,total,20906.7,21333.3,23
3,unpaced_b8,0,total,21333.3,21760,26
3,unpaced_b8,0,total,21760,22186.7,27
3,unpaced_b8,0,total,22186.7,22613.3,23
3,unpaced_b8,0,total,22613.3,23040,24
3,unpaced_b8,0,total,23040,23466.7,29
3,unpaced_b8,0,total,23466.7,23893.3,20
3,unpaced_b8,0,total,23893.3,24320,28
3,unpaced_b8,0,total,24320,24746.7,22
3,unpaced_b8,0,total,24746.7,25173.3,32
3,unpaced_b8,0,total,25173.3,25600,23
3,unpaced_b8,0,total,25600,26026.7,22
3,unpaced_b8,0,total,26026.7,26453.3,22
3,unpaced_b8,0,total,26453.3,26880,31
3,unpaced_b8,0,total,26880,27306.7,24
3,unpaced_b8,0,total,27306.7,28160,45
3,unpaced_b8,0,total,28160,29013.3,57
3,unpaced_b8,0,total,29013.3,29866.7,58
3,unpaced_b8,0,total,29866.7,30720,54
3,unpaced_b8,0,total,30720,31573.3,53
3,unpaced_b8,0,total,31573.3,32426.7,43
3,unpaced_b8,0,total,32426.7,33280,55
3,unpaced_b8,0,total,33280,34133.3,10
3,unpaced_b8,0,total,34133.3,34986.7,26
3,unpaced_b8,0,total,34986.7,35840,57
3,unpaced_b8,0,total,35840,36693.3,52
3,unpaced_b8,0,total,36693.3,37546.7,59
3,unpaced_b8,0,total,37546.7,38400,60
3,unpaced_b8,0,total,38400,39253.3,58
3,unpaced_b8,0,total,39253.3,40106.7,56
3,unpaced_b8,0,total,40106.7,40960,56
3,unpaced_b8,0,total,40960,41813.3,52
3,unpaced_b8,0,total,41813.3,42666.7,76
3,unpaced_b8,0,total,42666.7,43520,58
3,unpaced_b8,0,total,43520,44373.3,61
3,unpaced_b8,0,total,44373.3,45226.7,59
3,unpaced_b8,0,total,45226.7,46080,50
3,unpaced_b8,0,total,46080,46933.3,61
3,unpaced_b8,0,total,46933.3,47786.7,59
3,unpaced_b8,0,total,47786.7,48640,54
3,unpaced_b8,0,total,48640,49493.3,57
3,unpaced_b8,0,total,49493.3,50346.7,53
3,unpaced_b8,0,total,50346.7,51200,56
3,unpaced_b8,0,total,51200,52053.3,62
3,unpaced_b8,0,total,52053.3,52906.7,52
3,unpaced_b8,0,total,52906.7,53760,49
3,unpaced_b8,0,total,53760,54613.3,50
3,unpaced_b8,0,total,54613.3,56320,104
3,unpaced_b8,0,total,56320,58026.7,104
3,unpaced_b8,0,total,58026.7,59733.3,106
3,unpaced_b8,0,total,59733.3,61440,104
3,unpaced_b8,0,total,61440,63146.7,103
3,unpaced_b8,0,total,63146.7,64853.3,105
3,unpaced_b8,0,total,64853.3,66560,111
3,unpaced_b8,0,total,66560,68266.7,106
3,unpaced_b8,0,total,68266.7,69973.3,109
3,unpaced_b8,0,total,69973.3,71680,105
3,unpaced_b8,0,total,71680,73386.7,110
3,unpaced_b8,0,total,73386.7,75093.3,105
3,unpaced_b8,0,total,75093.3,76800,103
3,unpaced_b8,0,total,76800,78506.7,104
3,unpaced_b8,0,total,78506.7,80213.3,105
3,unpaced_b8,0,total,80213.3,81920,103
3,unpaced_b8,0,total,81920,83626.7,108
3,unpaced_b8,0,total,83626.7,85333.3,103
3,unpaced_b8,0,total,85333.3,87040,105
3,unpaced_b8,0,total,87040,88746.7,105
3,unpaced_b8,0,total,88746.7,90453.3,104
3,unpaced_b8,0,total,90453.3,92160,101
3,unpaced_b8,0,total,92160,93866.7,104
3,unpaced_b8,0,total,93866.7,95573.3,104
3,unpaced_b8,0,total,95573.3,97280,106
3,unpaced_b8,0,total,97280,98986.7,101
3,unpaced_b8,0,total,98986.7,100693,106
3,unpaced_b8,0,total,100693,102400,109
3,unpaced_b8,0,total,102400,104107,106
3,unpaced_b8,0,total,104107,105813,108
3,unpaced_b8,0,total,105813,107520,103
3,unpaced_b8,0,total,107520,109227,107
3,unpaced_b8,0,total,109227,112640,215
3,unpaced_b8,0,total,112640,116053,212
3,unpaced_b8,0,total,116053,119467,209
3,unpaced_b8,0,total,119467,122880,212
3,unpaced_b8,0,total,122880,126293,215
3,unpaced_b8,0,total,126293,129707,216
3,unpaced_b8,0,total,129707,133120,216
3,unpaced_b8,0,total,133120,136533,214
3,unpaced_b8,0,total,136533,139947,219
3,unpaced_b8,0,total,139947,143360,155
3,unpaced_b8,0,total,143360,146773,187
3,unpaced_b8,0,total,146773,150187,186
3,unpaced_b8,0,total,150187,153600,185
3,unpaced_b8,0,total,153600,157013,189
3,unpaced_b8,0,total,157013,160427,187
3,unpaced_b8,0,total,160427,163840,166
3,unpaced_b8,0,total,163840,167253,21
3,unpaced_b8,0,total,167253,170667,19
3,unpaced_b8,0,total,170667,174080,17
3,unpaced_b8,0,total,174080,177493,21
3,unpaced_b8,0,total,177493,180907,25
3,unpaced_b8,0,total,180907,184320,28
3,unpaced_b8,0,total,184320,187733,23
3,unpaced_b8,0,total,187733,191147,22
3,unpaced_b8,0,total,191147,194560,24
3,unpaced_b8,0,total,194560,197973,28
3,unpaced_b8,0,total,197973,201387,25
3,unpaced_b8,0,total,201387,204800,22
3,unpaced_b8,0,total,204800,208213,21
3,unpaced_b8,0,total,208213,211627,24
3,unpaced_b8,0,total,211627,215040,22
3,unpaced_b8,0,total,215040,218453,20
3,unpaced_b8,0,total,218453,225280,36
3,unpaced_b8,0,total,225280,232107,35
3,unpaced_b8,0,total,232107,238933,34
3,unpaced_b8,0,total,238933,245760,37
3,unpaced_b8,0,total,245760,252587,47
3,unpaced_b8,0,total,252587,259413,41
3,unpaced_b8,0,total,259413,266240,44
3,unpaced_b8,0,total,266240,273067,46
3,unpaced_b8,0,total,273067,279893,45
3,unpaced_b8,0,total,279893,286720,47
3,unpaced_b8,0,total,286720,293547,50
3,unpaced_b8,0,total,293547,300373,39
3,unpaced_b8,0,total,300373,307200,51
3,unpaced_b8,0,total,307200,314027,48
3,unpaced_b8,0,total,314027,320853,52
3,unpaced_b8,0,total,320853,327680,42
3,unpaced_b8,0,total,327680,334507,60
3,unpaced_b8,0,total,334507,341333,64
3,unpaced_b8,0,total,341333,348160,57
3,unpaced_b8,0,total,348160,354987,62
3,unpaced_b8,0,total,354987,361813,50
3,unpaced_b8,0,total,361813,368640,25
3,unpaced_b8,0,total,375467,382293,37
3,unpaced_b8,0,total,382293,389120,48
3,unpaced_b8,0,total,389120,395947,61
3,unpaced_b8,0,total,395947,402773,56
3,unpaced_b8,0,total,402773,409600,72
3,unpaced_b8,0,total,409600,416427,65
3,unpaced_b8,0,total,416427,423253,71
3,unpaced_b8,0,total,423253,430080,58
3,unpaced_b8,0,total,430080,436907,52
3,unpaced_b8,0,total,436907,450560,125
3,unpaced_b8,0,total,450560,464213,143
3,unpaced_b8,0,total,464213,477867,119
3,unpaced_b8,0,total,477867,491520,148
3,unpaced_b8,0,total,491520,505173,129
3,unpaced_b8,0,total,505173,518827,134
3,unpaced_b8,0,total,518827,532480,136
3,unpaced_b8,0,total,532480,546133,132
3,unpaced_b8,0,total,546133,559787,110
3,unpaced_b8,0,total,559787,573440,138
3,unpaced_b8,0,total,573440,587093,127
3,unpaced_b8,0,total,587093,600747,127
3,unpaced_b8,0,total,600747,614400,137
3,unpaced_b8,0,total,614400,628053,104
3,unpaced_b8,0,total,628053,641707,130
3,unpaced_b8,0,total,641707,655360,121
3,unpaced_b8,0,total,655360,669013,119
3,unpaced_b8,0,total,669013,682667,123
3,unpaced_b8,0,total,682667,696320,121
3,unpaced_b8,0,total,696320,709973,108
3,unpaced_b8,0,total,709973,723627,90
3,unpaced_b8,0,total,723627,737280,131
3,unpaced_b8,0,total,737280,750933,118
3,unpaced_b8,0,total,750933,764587,110
3,unpaced_b8,0,total,764587,778240,124
3,unpaced_b8,0,total,778240,791893,111
3,unpaced_b8,0,total,791893,805547,187
3,unpaced_b8,0,total,805547,819200,152
3,unpaced_b8,0,total,819200,832853,154
3,unpaced_b8,0,total,832853,846507,124
3,unpaced_b8,0,total,846507,860160,131
3,unpaced_b8,0,total,860160,873813,143
3,unpaced_b8,0,total,873813,901120,285
3,unpaced_b8,0,total,901120,928427,303
3,unpaced_b8,0,total,928427,955733,250
3,unpaced_b8,0,total,955733,983040,265
3,unpaced_b8,0,total,983040,1.01035e+06,286
3,unpaced_b8,0,total,1.01035e+06,1.03765e+06,267
3,unpaced_b8,0,total,1.03765e+06,1.06496e+06,282
3,unpaced_b8,0,total,1.06496e+06,1.09227e+06,278
3,unpaced_b8,0,total,1.09227e+06,1.11957e+06,267
3,unpaced_b8,0,total,1.11957e+06,1.14688e+06,183
3,unpaced_b8,0,total,1.14688e+06,1.17419e+06,241
3,unpaced_b8,0,total,1.17419e+06,1.20149e+06,252
3,unpaced_b8,0,total,1.20149e+06,1.2288e+06,242
3,unpaced_b8,0,total,1.2288e+06,1.25611e+06,262
3,unpaced_b8,0,total,1.25611e+06,1.28341e+06,261
3,unpaced_b8,0,total,1.28341e+06,1.31072e+06,259
3,unpaced_b8,0,total,1.31072e+06,1.33803e+06,243
3,unpaced_b8,0,total,1.33803e+06,1.36533e+06,234
3,unpaced_b8,0,total,1.36533e+06,1.39264e+06,268
3,unpaced_b8,0,total,1.39264e+06,1.41995e+06,279
3,unpaced_b8,0,total,1.41995e+06,1.44725e+06,278
3,unpaced_b8,0,total,1.44725e+06,1.47456e+06,234
3,unpaced_b8,0,total,1.47456e+06,1.50187e+06,316
3,unpaced_b8,0,total,1.50187e+06,1.52917e+06,293
3,unpaced_b8,0,total,1.52917e+06,1.55648e+06,251
3,unpaced_b8,0,total,1.55648e+06,1.58379e+06,399
3,unpaced_b8,0,total,1.58379e+06,1.61109e+06,223
3,unpaced_b8,0,total,1.61109e+06,1.6384e+06,265
3,unpaced_b8,0,total,1.6384e+06,1.66571e+06,259
3,unpaced_b8,0,total,1.66571e+06,1.69301e+06,260
3,unpaced_b8,0,total,1.69301e+06,1.72032e+06,217
3,unpaced_b8,0,total,1.72032e+06,1.74763e+06,254
3,unpaced_b8,0,total,1.74763e+06,1.80224e+06,589
3,unpaced_b8,0,total,1.80224e+06,1.85685e+06,567
3,unpaced_b8,0,total,1.85685e+06,1.91147e+06,486
3,unpaced_b8,0,total,1.91147e+06,1.96608e+06,591
3,unpaced_b8,0,total,1.96608e+06,2.02069e+06,537
3,unpaced_b8,0,total,2.02069e+06,2.07531e+06,522
3,unpaced_b8,0,total,2.07531e+06,2.12992e+06,551
3,unpaced_b8,0,total,2.12992e+06,2.18453e+06,2817
3,unpaced_b8,0,total,2.18453e+06,2.23915e+06,22691
3,unpaced_b8,0,total,2.23915e+06,2.29376e+06,4392
3,unpaced_b8,0,total,2.29376e+06,2.34837e+06,4050
3,unpaced_b8,0,total,2.34837e+06,2.40299e+06,22096
3,unpaced_b8,0,total,2.40299e+06,2.4576e+06,144197
3,unpaced_b8,0,total,2.4576e+06,2.51221e+06,397113
3,unpaced_b8,0,total,2.51221e+06,2.56683e+06,954216
3,unpaced_b8,0,total,2.56683e+06,2.62144e+06,1194081
3,unpaced_b8,0,total,2.62144e+06,2.67605e+06,642554
3,unpaced_b8,0,total,2.67605e+06,2.73067e+06,263030
3,unpaced_b8,0,total,2.73067e+06,2.78528e+06,255012
3,unpaced_b8,0,total,2.78528e+06,2.83989e+06,145610
3,unpaced_b8,0,total,2.83989e+06,2.89451e+06,133157
3,unpaced_b8,0,total,2.89451e+06,2.94912e+06,88725
3,unpaced_b8,0,total,2.94912e+06,3.00373e+06,65958
3,unpaced_b8,0,total,3.00373e+06,3.05835e+06,48315
3,unpaced_b8,0,total,3.05835e+06,3.11296e+06,51797
3,unpaced_b8,0,total,3.11296e+06,3.16757e+06,69296
3,unpaced_b8,0,total,3.16757e+06,3.22219e+06,47011
3,unpaced_b8,0,total,3.22219e+06,3.2768e+06,88294
3,unpaced_b8,0,total,3.2768e+06,3.33141e+06,283892
3,unpaced_b8,0,total,3.33141e+06,3.38603e+06,551839
3,unpaced_b8,0,total,3.38603e+06,3.44064e+06,1172214
3,unpaced_b8,0,total,3.44064e+06,3.49525e+06,2286468
3,unpaced_b8,0,total,3.49525e+06,3.60448e+06,9214916
3,unpaced_b8,0,total,3.60448e+06,3.71371e+06,18498233
3,unpaced_b8,0,total,3.71371e+06,3.82293e+06,27297771
3,unpaced_b8,0,total,3.82293e+06,3.93216e+06,27919064
3,unpaced_b8,0,total,3.93216e+06,4.04139e+06,19769070
3,unpaced_b8,0,total,4.04139e+06,4.15061e+06,11152581
3,unpaced_b8,0,total,4.15061e+06,4.25984e+06,5404929
3,unpaced_b8,0,total,4.25984e+06,4.36907e+06,2303813
3,unpaced_b8,0,total,4.36907e+06,4.47829e+06,1025715
3,unpaced_b8,0,total,4.47829e+06,4.58752e+06,493719
3,unpaced_b8,0,total,4.58752e+06,4.69675e+06,256741
3,unpaced_b8,0,total,4.69675e+06,4.80597e+06,121676
3,unpaced_b8,0,total,4.80597e+06,4.9152e+06,33400
3,unpaced_b8,0,total,4.9152e+06,5.02443e+06,28840
3,unpaced_b8,0,total,5.02443e+06,5.13365e+06,12030
3,unpaced_b8,0,total,5.13365e+06,5.24288e+06,11414
3,unpaced_b8,0,total,5.24288e+06,5.35211e+06,8623
3,unpaced_b8,0,total,5.35211e+06,5.46133e+06,11660
3,unpaced_b8,0,total,5.46133e+06,5.57056e+06,9815
3,unpaced_b8,0,total,5.57056e+06,5.67979e+06,6817
3,unpaced_b8,0,total,5.67979e+06,5.78901e+06,13093
3,unpaced_b8,0,total,5.78901e+06,5.89824e+06,6616
3,unpaced_b8,0,total,5.89824e+06,6.00747e+06,2725
3,unpaced_b8,0,total,6.00747e+06,6.11669e+06,37399
3,unpaced_b8,0,total,6.11669e+06,6.22592e+06,39941
3,unpaced_b8,0,total,6.22592e+06,6.33515e+06,5888
3,unpaced_b8,0,total,6.33515e+06,6.44437e+06,6218
3,unpaced_b8,0,queue,1013.33,1040,1
3,unpaced_b8,0,queue,1093.33,1120,1
3,unpaced_b8,0,queue,1253.33,1280,1
3,unpaced_b8,0,queue,1413.33,1440,1
3,unpaced_b8,0,queue,1440,1466.67,1
3,unpaced_b8,0,queue,1493.33,1520,1
3,unpaced_b8,0,queue,1546.67,1573.33,1
3,unpaced_b8,0,queue,1600,1626.67,1
3,unpaced_b8,0,queue,1760,1813.33,1
3,unpaced_b8,0,queue,1813.33,1866.67,2
3,unpaced_b8,0,queue,1866.67,1920,1
3,unpaced_b8,0,queue,1920,1973.33,1
3,unpaced_b8,0,queue,1973.33,2026.67,3
3,unpaced_b8,0,queue,2133.33,2186.67,3
3,unpaced_b8,0,queue,2186.67,2240,2
3,unpaced_b8,0,queue,2240,2293.33,7
3,unpaced_b8,0,queue,2293.33,2346.67,6
3,unpaced_b8,0,queue,2346.67,2400,6
3,unpaced_b8,0,queue,2400,2453.33,5
3,unpaced_b8,0,queue,2453.33,2506.67,3
3,unpaced_b8,0,queue,2506.67,2560,2
3,unpaced_b8,0,queue,2560,2613.33,2
3,unpaced_b8,0,queue,2613.33,2666.67,3
3,unpaced_b8,0,queue,2666.67,2720,2
3,unpaced_b8,0,queue,2720,2773.33,3
3,unpaced_b8,0,queue,2773.33,2826.67,2
3,unpaced_b8,0,queue,2826.67,2880,3
3,unpaced_b8,0,queue,2880,2933.33,1
3,unpaced_b8,0,queue,2986.67,3040,1
3,unpaced_b8,0,queue,3040,3093.33,2
3,unpaced_b8,0,queue,3093.33,3146.67,5
3,unpaced_b8,0,queue,3146.67,3200,5
3,unpaced_b8,0,queue,3200,3253.33,6
3,unpaced_b8,0,queue,3253.33,3306.67,4
3,unpaced_b8,0,queue,3306.67,3360,4
3,unpaced_b8,0,queue,3360,3413.33,5
3,unpaced_b8,0,queue,3413.33,3520,5
3,unpaced_b8,0,queue,3520,3626.67,5
3,unpaced_b8,0,queue,3626.67,3733.33,5
3,unpaced_b8,0,queue,3733.33,3840,6
3,unpaced_b8,0,queue,3840,3946.67,5
3,unpaced_b8,0,queue,3946.67,4053.33,5
3,unpaced_b8,0,queue,4053.33,4160,5
3,unpaced_b8,0,queue,4160,4266.67,5
3,unpaced_b8,0,queue,4266.67,4373.33,6
3,unpaced_b8,0,queue,4373.33,4480,5
3,unpaced_b8,0,queue,4480,4586.67,5
3,unpaced_b8,0,queue,4586.67,4693.33,5
3,unpaced_b8,0,queue,4693.33,4800,6
3,unpaced_b8,0,queue,4800,4906.67,10
3,unpaced_b8,0,queue,4906.67,5013.33,11
3,unpaced_b8,0,queue,5013.33,5120,5
3,unpaced_b8,0,queue,5120,5226.67,5
3,unpaced_b8,0,queue,5226.67,5333.33,5
3,unpaced_b8,0,queue,5333.33,5440,6
3,unpaced_b8,0,queue,5440,5546.67,9
3,unpaced_b8,0,queue,5546.67,5653.33,6
3,unpaced_b8,0,queue,5653.33,5760,6
3,unpaced_b8,0,queue,5760,5866.67,6
3,unpaced_b8,0,queue,5866.67,5973.33,5
3,unpaced_b8,0,queue,5973.33,6080,5
3,unpaced_b8,0,queue,6080,6186.67,5
3,unpaced_b8,0,queue,6186.67,6293.33,7
3,unpaced_b8,0,queue,6293.33,6400,13
3,unpaced_b8,0,queue,6400,6506.67,6
3,unpaced_b8,0,queue,6506.67,6613.33,5
3,unpaced_b8,0,queue,6613.33,6720,5
3,unpaced_b8,0,queue,6720,6826.67,5
3,unpaced_b8,0,queue,6826.67,7040,11
3,unpaced_b8,0,queue,7040,7253.33,10
3,unpaced_b8,0,queue,7253.33,7466.67,10
3,unpaced_b8,0,queue,7466.67,7680,11
3,unpaced_b8,0,queue,7680,7893.33,16
3,unpaced_b8,0,queue,7893.33,8106.67,7
3,unpaced_b8,0,queue,8106.67,8320,14
3,unpaced_b8,0,queue,8320,8533.33,12
3,unpaced_b8,0,queue,8533.33,8746.67,10
3,unpaced_b8,0,queue,8746.67,8960,13
3,unpaced_b8,0,queue,8960,9173.33,14
3,unpaced_b8,0,queue,9173.33,9386.67,20
3,unpaced_b8,0,queue,9386.67,9600,11
3,unpaced_b8,0,queue,9600,9813.33,10
3,unpaced_b8,0,queue,9813.33,10026.7,11
3,unpaced_b8,0,queue,10026.7,10240,10
3,unpaced_b8,0,queue,10240,10453.3,10
3,unpaced_b8,0,queue,10453.3,10666.7,15
3,unpaced_b8,0,queue,10666.7,10880,18
3,unpaced_b8,0,queue,10880,11093.3,11
3,unpaced_b8,0,queue,11093.3,11306.7,10
3,unpaced_b8,0,queue,11306.7,11520,11
3,unpaced_b8,0,queue,11520,11733.3,10
3,unpaced_b8,0,queue,11733.3,11946.7,10
3,unpaced_b8,0,queue,11946.7,12160,13
3,unpaced_b8,0,queue,12160,12373.3,12
3,unpaced_b8,0,queue,12373.3,12586.7,14
3,unpaced_b8,0,queue,12586.7,12800,12
3,unpaced_b8,0,queue,12800,13013.3,10
3,unpaced_b8,0,queue,13013.3,13226.7,10
3,unpaced_b8,0,queue,13226.7,13440,12
3,unpaced_b8,0,queue,13440,13653.3,7
3,unpaced_b8,0,queue,13653.3,14080,33
3,unpaced_b8,0,queue,14080,14506.7,22
3,unpaced_b8,0,queue,14506.7,14933.3,21
3,unpaced_b8,0,queue,14933.3,15360,20
3,unpaced_b8,0,queue,15360,15786.7,27
3,unpaced_b8,0,queue,15786.7,16213.3,21
3,unpaced_b8,0,queue,16213.3,16640,20
3,unpaced_b8,0,queue,16640,17066.7,36
3,unpaced_b8,0,queue,17066.7,17493.3,22
3,unpaced_b8,0,queue,17493.3,17920,21
3,unpaced_b8,0,queue,17920,18346.7,24
3,unpaced_b8,0,queue,18346.7,18773.3,27
3,unpaced_b8,0,queue,18773.3,19200,22
3,unpaced_b8,0,queue,19200,19626.7,21
3,unpaced_b8,0,queue,19626.7,20053.3,23
3,unpaced_b8,0,queue,20053.3,20480,30
3,unpaced_b8,0,queue,20480,20906.7,23
3,unpaced_b8,0,queue,20906.7,21333.3,23
3,unpaced_b8,0,queue,21333.3,21760,26
3,unpaced_b8,0,queue,21760,22186.7,27
3,unpaced_b8,0,queue,22186.7,22613.3,23
3,unpaced_b8,0,queue,22613.3,23040,24
3,unpaced_b8,0,queue,23040,23466.7,30
3,unpaced_b8,0,queue,23466.7,23893.3,19
3,unpaced_b8,0,queue,23893.3,24320,28
3,unpaced_b8,0,queue,24320,24746.7,22
3,unpaced_b8,0,queue,24746.7,25173.3,32
3,unpaced_b8,0,queue,25173.3,25600,22
3,unpaced_b8,0,queue,25600,26026.7,23
3,unpaced_b8,0,queue,26026.7,26453.3,22
3,unpaced_b8,0,queue,26453.3,26880,31
3,unpaced_b8,0,queue,26880,27306.7,24
3,unpaced_b8,0,queue,27306.7,28160,45
3,unpaced_b8,0,queue,28160,29013.3,57
3,unpaced_b8,0,queue,29013.3,29866.7,58
3,unpaced_b8,0,queue,29866.7,30720,54
3,unpaced_b8,0,queue,30720,31573.3,53
3,unpaced_b8,0,queue,31573.3,32426.7,43
3,unpaced_b8,0,queue,32426.7,33280,55
3,unpaced_b8,0,queue,33280,34133.3,10
3,unpaced_b8,0,queue,34133.3,34986.7,25
3,unpaced_b8,0,queue,34986.7,35840,59
3,unpaced_b8,0,queue,35840,36693.3,51
3,unpaced_b8,0,queue,36693.3,37546.7,59
3,unpaced_b8,0,queue,37546.7,38400,60
3,unpaced_b8,0,queue,38400,39253.3,58
3,unpaced_b8,0,queue,39253.3,40106.7,57
3,unpaced_b8,0,queue,40106.7,40960,56
3,unpaced_b8,0,queue,40960,41813.3,51
3,unpaced_b8,0,queue,41813.3,42666.7,76
3,unpaced_b8,0,queue,42666.7,43520,59
3,unpaced_b8,0,queue,43520,44373.3,60
3,unpaced_b8,0,queue,44373.3,45226.7,59
3,unpaced_b8,0,queue,45226.7,46080,50
3,unpaced_b8,0,queue,46080,46933.3,61
3,unpaced_b8,0,queue,46933.3,47786.7,59
3,unpaced_b8,0,queue,47786.7,48640,54
3,unpaced_b8,0,queue,48640,49493.3,57
3,unpaced_b8,0,queue,49493.3,50346.7,53
3,unpaced_b8,0,queue,50346.7,51200,56
3,unpaced_b8,0,queue,51200,52053.3,62
3,unpaced_b8,0,queue,52053.3,52906.7,52
3,unpaced_b8,0,queue,52906.7,53760,49
3,unpaced_b8,0,queue,53760,54613.3,50
3,unpaced_b8,0,queue,54613.3,56320,104
3,unpaced_b8,0,queue,56320,58026.7,104
3,unpaced_b8,0,queue,58026.7,59733.3,106
3,unpaced_b8,0,queue,59733.3,61440,104
3,unpaced_b8,0,queue,61440,63146.7,103
3,unpaced_b8,0,queue,63146.7,64853.3,105
3,unpaced_b8,0,queue,64853.3,66560,111
3,unpaced_b8,0,queue,66560,68266.7,107
3,unpaced_b8,0,queue,68266.7,69973.3,108
3,unpaced_b8,0,queue,69973.3,71680,104
3,unpaced_b8,0,queue,71680,73386.7,111
3,unpaced_b8,0,queue,73386.7,75093.3,105
3,unpaced_b8,0,queue,75093.3,76800,103
3,unpaced_b8,0,queue,76800,78506.7,104
3,unpaced_b8,0,queue,78506.7,80213.3,105
3,unpaced_b8,0,queue,80213.3,81920,104
3,unpaced_b8,0,queue,81920,83626.7,107
3,unpaced_b8,0,queue,83626.7,85333.3,103
3,unpaced_b8,0,queue,85333.3,87040,105
3,unpaced_b8,0,queue,87040,88746.7,104
3,unpaced_b8,0,queue,88746.7,90453.3,105
3,unpaced_b8,0,queue,90453.3,92160,101
3,unpaced_b8,0,queue,92160,93866.7,104
3,unpaced_b8,0,queue,93866.7,95573.3,104
3,unpaced_b8,0,queue,95573.3,97280,106
3,unpaced_b8,0,queue,97280,98986.7,101
3,unpaced_b8,0,queue,98986.7,100693,106
3,unpaced_b8,0,queue,100693,102400,109
3,unpaced_b8,0,queue,102400,104107,106
3,unpaced_b8,0,queue,104107,105813,106
3,unpaced_b8,0,queue,105813,107520,105
3,unpaced_b8,0,queue,107520,109227,107
3,unpaced_b8,0,queue,109227,112640,215
3,unpaced_b8,0,queue,112640,116053,212
3,unpaced_b8,0,queue,116053,119467,209
3,unpaced_b8,0,queue,119467,122880,212
3,unpaced_b8,0,queue,122880,126293,215
3,unpaced_b8,0,queue,126293,129707,216
3,unpaced_b8,0,queue,129707,133120,216
3,unpaced_b8,0,queue,133120,136533,214
3,unpaced_b8,0,queue,136533,139947,219
3,unpaced_b8,0,queue,139947,143360,155
3,unpaced_b8,0,queue,143360,146773,187
3,unpaced_b8,0,queue,146773,150187,186
3,unpaced_b8,0,queue,150187,153600,185
3,unpaced_b8,0,queue,153600,157013,189
3,unpaced_b8,0,queue,157013,160427,187
3,unpaced_b8,0,queue,160427,163840,165
3,unpaced_b8,0,queue,163840,167253,20
3,unpaced_b8,0,queue,167253,170667,20
3,unpaced_b8,0,queue,170667,174080,17
3,unpaced_b8,0,queue,174080,177493,21
3,unpaced_b8,0,queue,177493,180907,25
3,unpaced_b8,0,queue,180907,184320,28
3,unpaced_b8,0,queue,184320,187733,22
3,unpaced_b8,0,queue,187733,191147,22
3,unpaced_b8,0,queue,191147,194560,25
3,unpaced_b8,0,queue,194560,197973,27
3,unpaced_b8,0,queue,197973,201387,26
3,unpaced_b8,0,queue,201387,204800,22
3,unpaced_b8,0,queue,204800,208213,21
3,unpaced_b8,0,queue,208213,211627,24
3,unpaced_b8,0,queue,211627,215040,22
3,unpaced_b8,0,queue,215040,218453,20
3,unpaced_b8,0,queue,218453,225280,36
3,unpaced_b8,0,queue,225280,232107,34
3,unpaced_b8,0,queue,232107,238933,35
3,unpaced_b8,0,queue,238933,245760,37
3,unpaced_b8,0,queue,245760,252587,47
3,unpaced_b8,0,queue,252587,259413,41
3,unpaced_b8,0,queue,259413,266240,44
3,unpaced_b8,0,queue,266240,273067,46
3,unpaced_b8,0,queue,273067,279893,45
3,unpaced_b8,0,queue,279893,286720,47
3,unpaced_b8,0,queue,286720,293547,50
3,unpaced_b8,0,queue,293547,300373,39
3,unpaced_b8,0,queue,300373,307200,51
3,unpaced_b8,0,queue,307200,314027,48
3,unpaced_b8,0,queue,314027,320853,52
3,unpaced_b8,0,queue,320853,327680,42
3,unpaced_b8,0,queue,327680,334507,60
3,unpaced_b8,0,queue,334507,341333,64
3,unpaced_b8,0,queue,341333,348160,57
3,unpaced_b8,0,queue,348160,354987,62
3,unpaced_b8,0,queue,354987,361813,50
3,unpaced_b8,0,queue,361813,368640,25
3,unpaced_b8,0,queue,375467,382293,37
3,unpaced_b8,0,queue,382293,389120,48
3,unpaced_b8,0,queue,389120,395947,61
3,unpaced_b8,0,queue,395947,402773,56
3,unpaced_b8,0,queue,402773,409600,72
3,unpaced_b8,0,queue,409600,416427,64
3,unpaced_b8,0,queue,416427,423253,72
3,unpaced_b8,0,queue,423253,430080,58
3,unpaced_b8,0,queue,430080,436907,52
3,unpaced_b8,0,queue,436907,450560,125
3,unpaced_b8,0,queue,450560,464213,142
3,unpaced_b8,0,queue,464213,477867,120
3,unpaced_b8,0,queue,477867,491520,148
3,unpaced_b8,0,queue,491520,505173,130
3,unpaced_b8,0,queue,505173,518827,133
3,unpaced_b8,0,queue,518827,532480,136
3,unpaced_b8,0,queue,532480,546133,132
3,unpaced_b8,0,queue,546133,559787,111
3,unpaced_b8,0,queue,559787,573440,137
3,unpaced_b8,0,queue,573440,587093,126
3,unpaced_b8,0,queue,587093,600747,127
3,unpaced_b8,0,queue,600747,614400,138
3,unpaced_b8,0,queue,614400,628053,104
3,unpaced_b8,0,queue,628053,641707,130
3,unpaced_b8,0,queue,641707,655360,121
3,unpaced_b8,0,queue,655360,669013,119
3,unpaced_b8,0,queue,669013,682667,123
3,unpaced_b8,0,queue,682667,696320,121
3,unpaced_b8,0,queue,696320,709973,108
3,unpaced_b8,0,queue,709973,723627,90
3,unpaced_b8,0,queue,723627,737280,131
3,unpaced_b8,0,queue,737280,750933,118
3,unpaced_b8,0,queue,750933,764587,109
3,unpaced_b8,0,queue,764587,778240,124
3,unpaced_b8,0,queue,778240,791893,112
3,unpaced_b8,0,queue,791893,805547,189
3,unpaced_b8,0,queue,805547,819200,150
3,unpaced_b8,0,queue,819200,832853,154
3,unpaced_b8,0,queue,832853,846507,124
3,unpaced_b8,0,queue,846507,860160,131
3,unpaced_b8,0,queue,860160,873813,143
3,unpaced_b8,0,queue,873813,901120,285
3,unpaced_b8,0,queue,901120,928427,304
3,unpaced_b8,0,queue,928427,955733,249
3,unpaced_b8,0,queue,955733,983040,265
3,unpaced_b8,0,queue,983040,1.01035e+06,286
3,unpaced_b8,0,queue,1.01035e+06,1.03765e+06,267
3,unpaced_b8,0,queue,1.03765e+06,1.06496e+06,282
3,unpaced_b8,0,queue,1.06496e+06,1.09227e+06,278
3,unpaced_b8,0,queue,1.09227e+06,1.11957e+06,267
3,unpaced_b8,0,queue,1.11957e+06,1.14688e+06,183
3,unpaced_b8,0,queue,1.14688e+06,1.17419e+06,241
3,unpaced_b8,0,queue,1.17419e+06,1.20149e+06,252
3,unpaced_b8,0,queue,1.20149e+06,1.2288e+06,242
3,unpaced_b8,0,queue,1.2288e+06,1.25611e+06,262
3,unpaced_b8,0,queue,1.25611e+06,1.28341e+06,261
3,unpaced_b8,0,queue,1.28341e+06,1.31072e+06,259
3,unpaced_b8,0,queue,1.31072e+06,1.33803e+06,243
3,unpaced_b8,0,queue,1.33803e+06,1.36533e+06,234
3,unpaced_b8,0,queue,1.36533e+06,1.39264e+06,267
3,unpaced_b8,0,queue,1.39264e+06,1.41995e+06,280
3,unpaced_b8,0,queue,1.41995e+06,1.44725e+06,278
3,unpaced_b8,0,queue,1.44725e+06,1.47456e+06,234
3,unpaced_b8,0,queue,1.47456e+06,1.50187e+06,315
3,unpaced_b8,0,queue,1.50187e+06,1.52917e+06,294
3,unpaced_b8,0,queue,1.52917e+06,1.55648e+06,251
3,unpaced_b8,0,queue,1.55648e+06,1.58379e+06,398
3,unpaced_b8,0,queue,1.58379e+06,1.61109e+06,224
3,unpaced_b8,0,queue,1.61109e+06,1.6384e+06,264
3,unpaced_b8,0,queue,1.6384e+06,1.66571e+06,260
3,unpaced_b8,0,queue,1.66571e+06,1.69301e+06,259
3,unpaced_b8,0,queue,1.69301e+06,1.72032e+06,219
3,unpaced_b8,0,queue,1.72032e+06,1.74763e+06,253
3,unpaced_b8,0,queue,1.74763e+06,1.80224e+06,588
3,unpaced_b8,0,queue,1.80224e+06,1.85685e+06,568
3,unpaced_b8,0,queue,1.85685e+06,1.91147e+06,485
3,unpaced_b8,0,queue,1.91147e+06,1.96608e+06,593
3,unpaced_b8,0,queue,1.96608e+06,2.02069e+06,537
3,unpaced_b8,0,queue,2.02069e+06,2.07531e+06,521
3,unpaced_b8,0,queue,2.07531e+06,2.12992e+06,551
3,unpaced_b8,0,queue,2.12992e+06,2.18453e+06,2898
3,unpaced_b8,0,queue,2.18453e+06,2.23915e+06,22619
3,unpaced_b8,0,queue,2.23915e+06,2.29376e+06,4395
3,unpaced_b8,0,queue,2.29376e+06,2.34837e+06,4044
3,unpaced_b8,0,queue,2.34837e+06,2.40299e+06,22172
3,unpaced_b8,0,queue,2.40299e+06,2.4576e+06,144642
3,unpaced_b8,0,queue,2.4576e+06,2.51221e+06,397936
3,unpaced_b8,0,queue,2.51221e+06,2.56683e+06,955846
3,unpaced_b8,0,queue,2.56683e+06,2.62144e+06,1193148
3,unpaced_b8,0,queue,2.62144e+06,2.67605e+06,641680
3,unpaced_b8,0,queue,2.67605e+06,2.73067e+06,262491
3,unpaced_b8,0,queue,2.73067e+06,2.78528e+06,254859
3,unpaced_b8,0,queue,2.78528e+06,2.83989e+06,145294
3,unpaced_b8,0,queue,2.83989e+06,2.89451e+06,133339
3,unpaced_b8,0,queue,2.89451e+06,2.94912e+06,88504
3,unpaced_b8,0,queue,2.94912e+06,3.00373e+06,65974
3,unpaced_b8,0,queue,3.00373e+06,3.05835e+06,48281
3,unpaced_b8,0,queue,3.05835e+06,3.11296e+06,51834
3,unpaced_b8,0,queue,3.11296e+06,3.16757e+06,69328
3,unpaced_b8,0,queue,3.16757e+06,3.22219e+06,47030
3,unpaced_b8,0,queue,3.22219e+06,3.2768e+06,88463
3,unpaced_b8,0,queue,3.2768e+06,3.33141e+06,284642
3,unpaced_b8,0,queue,3.33141e+06,3.38603e+06,552109
3,unpaced_b8,0,queue,3.38603e+06,3.44064e+06,1176394
3,unpaced_b8,0,queue,3.44064e+06,3.49525e+06,2289373
3,unpaced_b8,0,queue,3.49525e+06,3.60448e+06,9227882
3,unpaced_b8,0,queue,3.60448e+06,3.71371e+06,18517732
3,unpaced_b8,0,queue,3.71371e+06,3.82293e+06,27307379
3,unpaced_b8,0,queue,3.82293e+06,3.93216e+06,27910497
3,unpaced_b8,0,queue,3.93216e+06,4.04139e+06,19754647
3,unpaced_b8,0,queue,4.04139e+06,4.15061e+06,11139759
3,unpaced_b8,0,queue,4.15061e+06,4.25984e+06,5397329
3,unpaced_b8,0,queue,4.25984e+06,4.36907e+06,2299352
3,unpaced_b8,0,queue,4.36907e+06,4.47829e+06,1024957
3,unpaced_b8,0,queue,4.47829e+06,4.58752e+06,492591
3,unpaced_b8,0,queue,4.58752e+06,4.69675e+06,256296
3,unpaced_b8,0,queue,4.69675e+06,4.80597e+06,121475
3,unpaced_b8,0,queue,4.80597e+06,4.9152e+06,33292
3,unpaced_b8,0,queue,4.9152e+06,5.02443e+06,28852
3,unpaced_b8,0,queue,5.02443e+06,5.13365e+06,12003
3,unpaced_b8,0,queue,5.13365e+06,5.24288e+06,11419
3,unpaced_b8,0,queue,5.24288e+06,5.35211e+06,8614
3,unpaced_b8,0,queue,5.35211e+06,5.46133e+06,11668
3,unpaced_b8,0,queue,5.46133e+06,5.57056e+06,9806
3,unpaced_b8,0,queue,5.57056e+06,5.67979e+06,6838
3,unpaced_b8,0,queue,5.67979e+06,5.78901e+06,13078
3,unpaced_b8,0,queue,5.78901e+06,5.89824e+06,6602
3,unpaced_b8,0,queue,5.89824e+06,6.00747e+06,2732
3,unpaced_b8,0,queue,6.00747e+06,6.11669e+06,37522
3,unpaced_b8,0,queue,6.11669e+06,6.22592e+06,39819
3,unpaced_b8,0,queue,6.22592e+06,6.33515e+06,5883
3,unpaced_b8,0,queue,6.33515e+06,6.44437e+06,6212
3,unpaced_b8,0,book,14.1667,14.5833,2
3,unpaced_b8,0,book,15,15.4167,14
3,unpaced_b8,0,book,15.8333,16.25,18
3,unpaced_b8,0,book,16.6667,17.0833,84
3,unpaced_b8,0,book,17.5,17.9167,2457
3,unpaced_b8,0,book,18.3333,18.75,20225
3,unpaced_b8,0,book,19.1667,19.5833,63966
3,unpaced_b8,0,book,20,20.4167,188175
3,unpaced_b8,0,book,20.8333,21.25,282267
3,unpaced_b8,0,book,21.6667,22.0833,285576
3,unpaced_b8,0,book,22.5,22.9167,388339
3,unpaced_b8,0,book,23.3333,23.75,659760
3,unpaced_b8,0,book,24.1667,24.5833,1448614
3,unpaced_b8,0,book,25,25.4167,1568973
3,unpaced_b8,0,book,25.8333,26.25,637202
3,unpaced_b8,0,book,26.6667,27.5,194421
3,unpaced_b8,0,book,27.5,28.3333,108945
3,unpaced_b8,0,book,28.3333,29.1667,83850
3,unpaced_b8,0,book,29.1667,30,96484
3,unpaced_b8,0,book,30,30.8333,127709
3,unpaced_b8,0,book,30.8333,31.6667,128421
3,unpaced_b8,0,book,31.6667,32.5,116696
3,unpaced_b8,0,book,32.5,33.3333,150939
3,unpaced_b8,0,book,33.3333,34.1667,230399
3,unpaced_b8,0,book,34.1667,35,360370
3,unpaced_b8,0,book,35,35.8333,537797
3,unpaced_b8,0,book,35.8333,36.6667,636638
3,unpaced_b8,0,book,36.6667,37.5,696538
3,unpaced_b8,0,book,37.5,38.3333,925430
3,unpaced_b8,0,book,38.3333,39.1667,916693
3,unpaced_b8,0,book,39.1667,40,711298
3,unpaced_b8,0,book,40,40.8333,526456
3,unpaced_b8,0,book,40.8333,41.6667,268188
3,unpaced_b8,0,book,41.6667,42.5,251989
3,unpaced_b8,0,book,42.5,43.3333,260001
3,unpaced_b8,0,book,43.3333,44.1667,240411
3,unpaced_b8,0,book,44.1667,45,245875
3,unpaced_b8,0,book,45,45.8333,264138
3,unpaced_b8,0,book,45.8333,46.6667,277522
3,unpaced_b8,0,book,46.6667,47.5,308741
3,unpaced_b8,0,book,47.5,48.3333,330686
3,unpaced_b8,0,book,48.3333,49.1667,355122
3,unpaced_b8,0,book,49.1667,50,373604
3,unpaced_b8,0,book,50,50.8333,354354
3,unpaced_b8,0,book,50.8333,51.6667,377401
3,unpaced_b8,0,book,51.6667,52.5,404725
3,unpaced_b8,0,book,52.5,53.3333,440424
3,unpaced_b8,0,book,53.3333,55,869823
3,unpaced_b8,0,book,55,56.6667,896963
3,unpaced_b8,0,book,56.6667,58.3333,897659
3,unpaced_b8,0,book,58.3333,60,838203
3,unpaced_b8,0,book,60,61.6667,867054
3,unpaced_b8,0,book,61.6667,63.3333,860492
3,unpaced_b8,0,book,63.3333,65,817307
3,unpaced_b8,0,book,65,66.6667,805301
3,unpaced_b8,0,book,66.6667,68.3333,806258
3,unpaced_b8,0,book,68.3333,70,770525
3,unpaced_b8,0,book,70,71.6667,743532
3,unpaced_b8,0,book,71.6667,73.3333,706579
3,unpaced_b8,0,book,73.3333,75,687617
3,unpaced_b8,0,book,75,76.6667,671702
3,unpaced_b8,0,book,76.6667,78.3333,620019
3,unpaced_b8,0,book,78.3333,80,561902
3,unpaced_b8,0,book,80,81.6667,550925
3,unpaced_b8,0,book,81.6667,83.3333,507467
3,unpaced_b8,0,book,83.3333,85,459958
3,unpaced_b8,0,book,85,86.6667,440277
3,unpaced_b8,0,book,86.6667,88.3333,433257
3,unpaced_b8,0,book,88.3333,90,406569
3,unpaced_b8,0,book,90,91.6667,389899
3,unpaced_b8,0,book,91.6667,93.3333,365727
3,unpaced_b8,0,book,93.3333,95,351230
3,unpaced_b8,0,book,95,96.6667,344652
3,unpaced_b8,0,book,96.6667,98.3333,332871
3,unpaced_b8,0,book,98.3333,100,315699
3,unpaced_b8,0,book,100,101.667,324486
3,unpaced_b8,0,book,101.667,103.333,313537
3,unpaced_b8,0,book,103.333,105,293238
3,unpaced_b8,0,book,105,106.667,286928
3,unpaced_b8,0,book,106.667,110,563956
3,unpaced_b8,0,book,110,113.333,536495
3,unpaced_b8,0,book,113.333,116.667,511697
3,unpaced_b8,0,book,116.667,120,458364
3,unpaced_b8,0,book,120,123.333,457169
3,unpaced_b8,0,book,123.333,126.667,562843
3,unpaced_b8,0,book,126.667,130,987679
3,unpaced_b8,0,book,130,133.333,1430685
3,unpaced_b8,0,book,133.333,136.667,1538887
3,unpaced_b8,0,book,136.667,140,1657202
3,unpaced_b8,0,book,140,143.333,2354758
3,unpaced_b8,0,book,143.333,146.667,2793805
3,unpaced_b8,0,book,146.667,150,3041495
3,unpaced_b8,0,book,150,153.333,2977759
3,unpaced_b8,0,book,153.333,156.667,2969748
3,unpaced_b8,0,book,156.667,160,3304249
3,unpaced_b8,0,book,160,163.333,3571180
3,unpaced_b8,0,book,163.333,166.667,2909599
3,unpaced_b8,0,book,166.667,170,2692046
3,unpaced_b8,0,book,170,173.333,2633743
3,unpaced_b8,0,book,173.333,176.667,2396509
3,unpaced_b8,0,book,176.667,180,2089785
3,unpaced_b8,0,book,180,183.333,2002023
3,unpaced_b8,0,book,183.333,186.667,1818938
3,unpaced_b8,0,book,186.667,190,1758892
3,unpaced_b8,0,book,190,193.333,1639158
3,unpaced_b8,0,book,193.333,196.667,1550745
3,unpaced_b8,0,book,196.667,200,1422047
3,unpaced_b8,0,book,200,203.333,1378607
3,unpaced_b8,0,book,203.333,206.667,1243574
3,unpaced_b8,0,book,206.667,210,1196310
3,unpaced_b8,0,book,210,213.333,1119459
3,unpaced_b8,0,book,213.333,220,2097818
3,unpaced_b8,0,book,220,226.667,1958242
3,unpaced_b8,0,book,226.667,233.333,1835077
3,unpaced_b8,0,book,233.333,240,1747582
3,unpaced_b8,0,book,240,246.667,1681681
3,unpaced_b8,0,book,246.667,253.333,1589426
3,unpaced_b8,0,book,253.333,260,1479244
3,unpaced_b8,0,book,260,266.667,1406542
3,unpaced_b8,0,book,266.667,273.333,1330535
3,unpaced_b8,0,book,273.333,280,1247111
3,unpaced_b8,0,book,280,286.667,1172686
3,unpaced_b8,0,book,286.667,293.333,1095916
3,unpaced_b8,0,book,293.333,300,1035045
3,unpaced_b8,0,book,300,306.667,1004047
3,unpaced_b8,0,book,306.667,313.333,962073
3,unpaced_b8,0,book,313.333,320,913479
3,unpaced_b8,0,book,320,326.667,882658
3,unpaced_b8,0,book,326.667,333.333,843869
3,unpaced_b8,0,book,333.333,340,802738
3,unpaced_b8,0,book,340,346.667,772570
3,unpaced_b8,0,book,346.667,353.333,738508
3,unpaced_b8,0,book,353.333,360,705498
3,unpaced_b8,0,book,360,366.667,676455
3,unpaced_b8,0,book,366.667,373.333,640808
3,unpaced_b8,0,book,373.333,380,607031
3,unpaced_b8,0,book,380,386.667,582740
3,unpaced_b8,0,book,386.667,393.333,558171
3,unpaced_b8,0,book,393.333,400,527274
3,unpaced_b8,0,book,400,406.667,501251
3,unpaced_b8,0,book,406.667,413.333,481013
3,unpaced_b8,0,book,413.333,420,453509
3,unpaced_b8,0,book,420,426.667,441257
3,unpaced_b8,0,book,426.667,440,821507
3,unpaced_b8,0,book,440,453.333,731798
3,unpaced_b8,0,book,453.333,466.667,621495
3,unpaced_b8,0,book,466.667,480,539604
3,unpaced_b8,0,book,480,493.333,472005
3,unpaced_b8,0,book,493.333,506.667,412705
3,unpaced_b8,0,book,506.667,520,365605
3,unpaced_b8,0,book,520,533.333,326945
3,unpaced_b8,0,book,533.333,546.667,290078
3,unpaced_b8,0,book,546.667,560,260851
3,unpaced_b8,0,book,560,573.333,233319
3,unpaced_b8,0,book,573.333,586.667,207954
3,unpaced_b8,0,book,586.667,600,184400
3,unpaced_b8,0,book,600,613.333,165360
3,unpaced_b8,0,book,613.333,626.667,144636
3,unpaced_b8,0,book,626.667,640,129237
3,unpaced_b8,0,book,640,653.333,114717
3,unpaced_b8,0,book,653.333,666.667,100203
3,unpaced_b8,0,book,666.667,680,89338
3,unpaced_b8,0,book,680,693.333,79695
3,unpaced_b8,0,book,693.333,706.667,69574
3,unpaced_b8,0,book,706.667,720,61921
3,unpaced_b8,0,book,720,733.333,55407
3,unpaced_b8,0,book,733.333,746.667,48561
3,unpaced_b8,0,book,746.667,760,43221
3,unpaced_b8,0,book,760,773.333,38287
3,unpaced_b8,0,book,773.333,786.667,33079
3,unpaced_b8,0,book,786.667,800,29502
3,unpaced_b8,0,book,800,813.333,26094
3,unpaced_b8,0,book,813.333,826.667,22672
3,unpaced_b8,0,book,826.667,840,20514
3,unpaced_b8,0,book,840,853.333,17878
3,unpaced_b8,0,book,853.333,880,29817
3,unpaced_b8,0,book,880,906.667,22927
3,unpaced_b8,0,book,906.667,933.333,18393
3,unpaced_b8,0,book,933.333,960,13869
3,unpaced_b8,0,book,960,986.667,11043
3,unpaced_b8,0,book,986.667,1013.33,8664
3,unpaced_b8,0,book,1013.33,1040,6709
3,unpaced_b8,0,book,1040,1066.67,5238
3,unpaced_b8,0,book,1066.67,1093.33,4287
3,unpaced_b8,0,book,1093.33,1120,3250
3,unpaced_b8,0,book,1120,1146.67,2664
3,unpaced_b8,0,book,1146.67,1173.33,2262
3,unpaced_b8,0,book,1173.33,1200,1813
3,unpaced_b8,0,book,1200,1226.67,1520
3,unpaced_b8,0,book,1226.67,1253.33,1235
3,unpaced_b8,0,book,1253.33,1280,1075
3,unpaced_b8,0,book,1280,1306.67,885
3,unpaced_b8,0,book,1306.67,1333.33,795
3,unpaced_b8,0,book,1333.33,1360,673
3,unpaced_b8,0,book,1360,1386.67,603
3,unpaced_b8,0,book,1386.67,1413.33,561
3,unpaced_b8,0,book,1413.33,1440,473
3,unpaced_b8,0,book,1440,1466.67,459
3,unpaced_b8,0,book,1466.67,1493.33,359
3,unpaced_b8,0,book,1493.33,1520,351
3,unpaced_b8,0,book,1520,1546.67,310
3,unpaced_b8,0,book,1546.67,1573.33,306
3,unpaced_b8,0,book,1573.33,1600,282
3,unpaced_b8,0,book,1600,1626.67,254
3,unpaced_b8,0,book,1626.67,1653.33,221
3,unpaced_b8,0,book,1653.33,1680,212
3,unpaced_b8,0,book,1680,1706.67,233
3,unpaced_b8,0,book,1706.67,1760,413
3,unpaced_b8,0,book,1760,1813.33,337
3,unpaced_b8,0,book,1813.33,1866.67,300
3,unpaced_b8,0,book,1866.67,1920,274
3,unpaced_b8,0,book,1920,1973.33,245
3,unpaced_b8,0,book,1973.33,2026.67,235
3,unpaced_b8,0,book,2026.67,2080,222
3,unpaced_b8,0,book,2080,2133.33,226
3,unpaced_b8,0,book,2133.33,2186.67,199
3,unpaced_b8,0,book,2186.67,2240,174
3,unpaced_b8,0,book,2240,2293.33,173
3,unpaced_b8,0,book,2293.33,2346.67,160
3,unpaced_b8,0,book,2346.67,2400,149
3,unpaced_b8,0,book,2400,2453.33,112
3,unpaced_b8,0,book,2453.33,2506.67,148
3,unpaced_b8,0,book,2506.67,2560,116
3,unpaced_b8,0,book,2560,2613.33,121
3,unpaced_b8,0,book,2613.33,2666.67,98
3,unpaced_b8,0,book,2666.67,2720,64
3,unpaced_b8,0,book,2720,2773.33,82
3,unpaced_b8,0,book,2773.33,2826.67,81
3,unpaced_b8,0,book,2826.67,2880,53
3,unpaced_b8,0,book,2880,2933.33,65
3,unpaced_b8,0,book,2933.33,2986.67,69
3,unpaced_b8,0,book,2986.67,3040,52
3,unpaced_b8,0,book,3040,3093.33,49
3,unpaced_b8,0,book,3093.33,3146.67,49
3,unpaced_b8,0,book,3146.67,3200,65
3,unpaced_b8,0,book,3200,3253.33,47
3,unpaced_b8,0,book,3253.33,3306.67,52
3,unpaced_b8,0,book,3306.67,3360,50
3,unpaced_b8,0,book,3360,3413.33,50
3,unpaced_b8,0,book,3413.33,3520,87
3,unpaced_b8,0,book,3520,3626.67,68
3,unpaced_b8,0,book,3626.67,3733.33,44
3,unpaced_b8,0,book,3733.33,3840,52
3,unpaced_b8,0,book,3840,3946.67,43
3,unpaced_b8,0,book,3946.67,4053.33,30
3,unpaced_b8,0,book,4053.33,4160,29
3,unpaced_b8,0,book,4160,4266.67,21
3,unpaced_b8,0,book,4266.67,4373.33,25
3,unpaced_b8,0,book,4373.33,4480,27
3,unpaced_b8,0,book,4480,4586.67,19
3,unpaced_b8,0,book,4586.67,4693.33,18
3,unpaced_b8,0,book,4693.33,4800,13
3,unpaced_b8,0,book,4800,4906.67,8
3,unpaced_b8,0,book,4906.67,5013.33,30
3,unpaced_b8,0,book,5013.33,5120,37
3,unpaced_b8,0,book,5120,5226.67,62
3,unpaced_b8,0,book,5226.67,5333.33,129
3,unpaced_b8,0,book,5333.33,5440,184
3,unpaced_b8,0,book,5440,5546.67,271
3,unpaced_b8,0,book,5546.67,5653.33,277
3,unpaced_b8,0,book,5653.33,5760,178
3,unpaced_b8,0,book,5760,5866.67,145
3,unpaced_b8,0,book,5866.67,5973.33,106
3,unpaced_b8,0,book,5973.33,6080,75
3,unpaced_b8,0,book,6080,6186.67,50
3,unpaced_b8,0,book,6186.67,6293.33,34
3,unpaced_b8,0,book,6293.33,6400,33
3,unpaced_b8,0,book,6400,6506.67,15
3,unpaced_b8,0,book,6506.67,6613.33,23
3,unpaced_b8,0,book,6613.33,6720,19
3,unpaced_b8,0,book,6720,6826.67,20
3,unpaced_b8,0,book,6826.67,7040,35
3,unpaced_b8,0,book,7040,7253.33,32
3,unpaced_b8,0,book,7253.33,7466.67,28
3,unpaced_b8,0,book,7466.67,7680,29
3,unpaced_b8,0,book,7680,7893.33,28
3,unpaced_b8,0,book,7893.33,8106.67,50
3,unpaced_b8,0,book,8106.67,8320,66
3,unpaced_b8,0,book,8320,8533.33,84
3,unpaced_b8,0,book,8533.33,8746.67,163
3,unpaced_b8,0,book,8746.67,8960,345
3,unpaced_b8,0,book,8960,9173.33,872
3,unpaced_b8,0,book,9173.33,9386.67,1716
3,unpaced_b8,0,book,9386.67,9600,2861
3,unpaced_b8,0,book,9600,9813.33,3733
3,unpaced_b8,0,book,9813.33,10026.7,3482
3,unpaced_b8,0,book,10026.7,10240,2582
3,unpaced_b8,0,book,10240,10453.3,1519
3,unpaced_b8,0,book,10453.3,10666.7,780
3,unpaced_b8,0,book,10666.7,10880,436
3,unpaced_b8,0,book,10880,11093.3,229
3,unpaced_b8,0,book,11093.3,11306.7,145
3,unpaced_b8,0,book,11306.7,11520,102
3,unpaced_b8,0,book,11520,11733.3,82
3,unpaced_b8,0,book,11733.3,11946.7,70
3,unpaced_b8,0,book,11946.7,12160,49
3,unpaced_b8,0,book,12160,12373.3,30
3,unpaced_b8,0,book,12373.3,12586.7,26
3,unpaced_b8,0,book,12586.7,12800,17
3,unpaced_b8,0,book,12800,13013.3,31
3,unpaced_b8,0,book,13013.3,13226.7,51
3,unpaced_b8,0,book,13226.7,13440,74
3,unpaced_b8,0,book,13440,13653.3,134
3,unpaced_b8,0,book,13653.3,14080,405
3,unpaced_b8,0,book,14080,14506.7,707
3,unpaced_b8,0,book,14506.7,14933.3,805
3,unpaced_b8,0,book,14933.3,15360,788
3,unpaced_b8,0,book,15360,15786.7,835
3,unpaced_b8,0,book,15786.7,16213.3,813
3,unpaced_b8,0,book,16213.3,16640,660
3,unpaced_b8,0,book,16640,17066.7,424
3,unpaced_b8,0,book,17066.7,17493.3,265
3,unpaced_b8,0,book,17493.3,17920,159
3,unpaced_b8,0,book,17920,18346.7,94
3,unpaced_b8,0,book,18346.7,18773.3,61
3,unpaced_b8,0,book,18773.3,19200,51
3,unpaced_b8,0,book,19200,19626.7,32
3,unpaced_b8,0,book,19626.7,20053.3,19
3,unpaced_b8,0,book,20053.3,20480,12
3,unpaced_b8,0,book,20480,20906.7,7
3,unpaced_b8,0,book,20906.7,21333.3,9
3,unpaced_b8,0,book,21333.3,21760,2
3,unpaced_b8,0,book,21760,22186.7,4
3,unpaced_b8,0,book,22186.7,22613.3,1
3,unpaced_b8,0,book,22613.3,23040,1
3,unpaced_b8,0,book,23040,23466.7,1
3,unpaced_b8,0,book,23466.7,23893.3,1
3,unpaced_b8,0,book,24320,24746.7,2
3,unpaced_b8,0,book,24746.7,25173.3,1
3,unpaced_b8,0,book,25173.3,25600,2
3,unpaced_b8,0,book,26026.7,26453.3,1
3,unpaced_b8,0,book,27306.7,28160,4
3,unpaced_b8,0,book,28160,29013.3,3
3,unpaced_b8,0,book,29866.7,30720,3
3,unpaced_b8,0,book,30720,31573.3,2
3,unpaced_b8,0,book,31573.3,32426.7,7
3,unpaced_b8,0,book,32426.7,33280,5
3,unpaced_b8,0,book,33280,34133.3,3
3,unpaced_b8,0,book,34133.3,34986.7,3
3,unpaced_b8,0,book,34986.7,35840,2
3,unpaced_b8,0,book,35840,36693.3,1
3,unpaced_b8,0,book,36693.3,37546.7,1
3,unpaced_b8,0,book,37546.7,38400,1
3,unpaced_b8,0,book,38400,39253.3,1
3,unpaced_b8,0,book,40106.7,40960,1
3,unpaced_b8,0,book,43520,44373.3,1
3,unpaced_b8,0,book,71680,73386.7,1
