run,label,median,metric,bucket_lo_ns,bucket_hi_ns,count
1,spsc_65536_cross-core_paced_itch,1,total,240.001,246.668,1
1,spsc_65536_cross-core_paced_itch,1,total,260.001,266.668,2
1,spsc_65536_cross-core_paced_itch,1,total,266.668,273.335,2
1,spsc_65536_cross-core_paced_itch,1,total,273.335,280.001,9
1,spsc_65536_cross-core_paced_itch,1,total,280.001,286.668,9
1,spsc_65536_cross-core_paced_itch,1,total,286.668,293.335,8
1,spsc_65536_cross-core_paced_itch,1,total,293.335,300.001,17
1,spsc_65536_cross-core_paced_itch,1,total,300.001,306.668,15
1,spsc_65536_cross-core_paced_itch,1,total,306.668,313.335,39
1,spsc_65536_cross-core_paced_itch,1,total,313.335,320.002,76
1,spsc_65536_cross-core_paced_itch,1,total,320.002,326.668,135
1,spsc_65536_cross-core_paced_itch,1,total,326.668,333.335,207
1,spsc_65536_cross-core_paced_itch,1,total,333.335,340.002,370
1,spsc_65536_cross-core_paced_itch,1,total,340.002,346.668,554
1,spsc_65536_cross-core_paced_itch,1,total,346.668,353.335,732
1,spsc_65536_cross-core_paced_itch,1,total,353.335,360.002,1100
1,spsc_65536_cross-core_paced_itch,1,total,360.002,366.668,1346
1,spsc_65536_cross-core_paced_itch,1,total,366.668,373.335,1575
1,spsc_65536_cross-core_paced_itch,1,total,373.335,380.002,1797
1,spsc_65536_cross-core_paced_itch,1,total,380.002,386.669,1992
1,spsc_65536_cross-core_paced_itch,1,total,386.669,393.335,2155
1,spsc_65536_cross-core_paced_itch,1,total,393.335,400.002,2212
1,spsc_65536_cross-core_paced_itch,1,total,400.002,406.669,2249
1,spsc_65536_cross-core_paced_itch,1,total,406.669,413.335,2247
1,spsc_65536_cross-core_paced_itch,1,total,413.335,420.002,2136
1,spsc_65536_cross-core_paced_itch,1,total,420.002,426.669,2056
1,spsc_65536_cross-core_paced_itch,1,total,426.669,440.002,4258
1,spsc_65536_cross-core_paced_itch,1,total,440.002,453.335,4830
1,spsc_65536_cross-core_paced_itch,1,total,453.335,466.669,6086
1,spsc_65536_cross-core_paced_itch,1,total,466.669,480.002,7502
1,spsc_65536_cross-core_paced_itch,1,total,480.002,493.336,8746
1,spsc_65536_cross-core_paced_itch,1,total,493.336,506.669,9075
1,spsc_65536_cross-core_paced_itch,1,total,506.669,520.002,8651
1,spsc_65536_cross-core_paced_itch,1,total,520.002,533.336,7545
1,spsc_65536_cross-core_paced_itch,1,total,533.336,546.669,6219
1,spsc_65536_cross-core_paced_itch,1,total,546.669,560.003,5134
1,spsc_65536_cross-core_paced_itch,1,total,560.003,573.336,4529
1,spsc_65536_cross-core_paced_itch,1,total,573.336,586.669,4069
1,spsc_65536_cross-core_paced_itch,1,total,586.669,600.003,3597
1,spsc_65536_cross-core_paced_itch,1,total,600.003,613.336,3700
1,spsc_65536_cross-core_paced_itch,1,total,613.336,626.67,3560
1,spsc_65536_cross-core_paced_itch,1,total,626.67,640.003,3515
1,spsc_65536_cross-core_paced_itch,1,total,640.003,653.336,3624
1,spsc_65536_cross-core_paced_itch,1,total,653.336,666.67,3408
1,spsc_65536_cross-core_paced_itch,1,total,666.67,680.003,3359
1,spsc_65536_cross-core_paced_itch,1,total,680.003,693.337,3234
1,spsc_65536_cross-core_paced_itch,1,total,693.337,706.67,3139
1,spsc_65536_cross-core_paced_itch,1,total,706.67,720.003,2924
1,spsc_65536_cross-core_paced_itch,1,total,720.003,733.337,2917
1,spsc_65536_cross-core_paced_itch,1,total,733.337,746.67,2763
1,spsc_65536_cross-core_paced_itch,1,total,746.67,760.004,2566
1,spsc_65536_cross-core_paced_itch,1,total,760.004,773.337,2457
1,spsc_65536_cross-core_paced_itch,1,total,773.337,786.67,2347
1,spsc_65536_cross-core_paced_itch,1,total,786.67,800.004,2172
1,spsc_65536_cross-core_paced_itch,1,total,800.004,813.337,1994
1,spsc_65536_cross-core_paced_itch,1,total,813.337,826.671,1831
1,spsc_65536_cross-core_paced_itch,1,total,826.671,840.004,1703
1,spsc_65536_cross-core_paced_itch,1,total,840.004,853.337,1642
1,spsc_65536_cross-core_paced_itch,1,total,853.337,880.004,3033
1,spsc_65536_cross-core_paced_itch,1,total,880.004,906.671,2735
1,spsc_65536_cross-core_paced_itch,1,total,906.671,933.338,2487
1,spsc_65536_cross-core_paced_itch,1,total,933.338,960.005,2325
1,spsc_65536_cross-core_paced_itch,1,total,960.005,986.671,2065
1,spsc_65536_cross-core_paced_itch,1,total,986.671,1013.34,1947
1,spsc_65536_cross-core_paced_itch,1,total,1013.34,1040,1689
1,spsc_65536_cross-core_paced_itch,1,total,1040,1066.67,1540
1,spsc_65536_cross-core_paced_itch,1,total,1066.67,1093.34,1472
1,spsc_65536_cross-core_paced_itch,1,total,1093.34,1120.01,1257
1,spsc_65536_cross-core_paced_itch,1,total,1120.01,1146.67,1214
1,spsc_65536_cross-core_paced_itch,1,total,1146.67,1173.34,1191
1,spsc_65536_cross-core_paced_itch,1,total,1173.34,1200.01,1109
1,spsc_65536_cross-core_paced_itch,1,total,1200.01,1226.67,1050
1,spsc_65536_cross-core_paced_itch,1,total,1226.67,1253.34,949
1,spsc_65536_cross-core_paced_itch,1,total,1253.34,1280.01,898
1,spsc_65536_cross-core_paced_itch,1,total,1280.01,1306.67,852
1,spsc_65536_cross-core_paced_itch,1,total,1306.67,1333.34,899
1,spsc_65536_cross-core_paced_itch,1,total,1333.34,1360.01,862
1,spsc_65536_cross-core_paced_itch,1,total,1360.01,1386.67,802
1,spsc_65536_cross-core_paced_itch,1,total,1386.67,1413.34,803
1,spsc_65536_cross-core_paced_itch,1,total,1413.34,1440.01,772
1,spsc_65536_cross-core_paced_itch,1,total,1440.01,1466.67,733
1,spsc_65536_cross-core_paced_itch,1,total,1466.67,1493.34,713
1,spsc_65536_cross-core_paced_itch,1,total,1493.34,1520.01,703
1,spsc_65536_cross-core_paced_itch,1,total,1520.01,1546.67,707
1,spsc_65536_cross-core_paced_itch,1,total,1546.67,1573.34,684
1,spsc_65536_cross-core_paced_itch,1,total,1573.34,1600.01,683
1,spsc_65536_cross-core_paced_itch,1,total,1600.01,1626.67,663
1,spsc_65536_cross-core_paced_itch,1,total,1626.67,1653.34,617
1,spsc_65536_cross-core_paced_itch,1,total,1653.34,1680.01,667
1,spsc_65536_cross-core_paced_itch,1,total,1680.01,1706.67,636
1,spsc_65536_cross-core_paced_itch,1,total,1706.67,1760.01,1220
1,spsc_65536_cross-core_paced_itch,1,total,1760.01,1813.34,1199
1,spsc_65536_cross-core_paced_itch,1,total,1813.34,1866.68,1136
1,spsc_65536_cross-core_paced_itch,1,total,1866.68,1920.01,1136
1,spsc_65536_cross-core_paced_itch,1,total,1920.01,1973.34,1116
1,spsc_65536_cross-core_paced_itch,1,total,1973.34,2026.68,1093
1,spsc_65536_cross-core_paced_itch,1,total,2026.68,2080.01,1140
1,spsc_65536_cross-core_paced_itch,1,total,2080.01,2133.34,1085
1,spsc_65536_cross-core_paced_itch,1,total,2133.34,2186.68,982
1,spsc_65536_cross-core_paced_itch,1,total,2186.68,2240.01,1021
1,spsc_65536_cross-core_paced_itch,1,total,2240.01,2293.34,958
1,spsc_65536_cross-core_paced_itch,1,total,2293.34,2346.68,951
1,spsc_65536_cross-core_paced_itch,1,total,2346.68,2400.01,955
1,spsc_65536_cross-core_paced_itch,1,total,2400.01,2453.34,912
1,spsc_65536_cross-core_paced_itch,1,total,2453.34,2506.68,919
1,spsc_65536_cross-core_paced_itch,1,total,2506.68,2560.01,868
1,spsc_65536_cross-core_paced_itch,1,total,2560.01,2613.35,947
1,spsc_65536_cross-core_paced_itch,1,total,2613.35,2666.68,886
1,spsc_65536_cross-core_paced_itch,1,total,2666.68,2720.01,864
1,spsc_65536_cross-core_paced_itch,1,total,2720.01,2773.35,823
1,spsc_65536_cross-core_paced_itch,1,total,2773.35,2826.68,828
1,spsc_65536_cross-core_paced_itch,1,total,2826.68,2880.01,832
1,spsc_65536_cross-core_paced_itch,1,total,2880.01,2933.35,798
1,spsc_65536_cross-core_paced_itch,1,total,2933.35,2986.68,805
1,spsc_65536_cross-core_paced_itch,1,total,2986.68,3040.01,752
1,spsc_65536_cross-core_paced_itch,1,total,3040.01,3093.35,710
1,spsc_65536_cross-core_paced_itch,1,total,3093.35,3146.68,713
1,spsc_65536_cross-core_paced_itch,1,total,3146.68,3200.02,764
1,spsc_65536_cross-core_paced_itch,1,total,3200.02,3253.35,681
1,spsc_65536_cross-core_paced_itch,1,total,3253.35,3306.68,666
1,spsc_65536_cross-core_paced_itch,1,total,3306.68,3360.02,680
1,spsc_65536_cross-core_paced_itch,1,total,3360.02,3413.35,701
1,spsc_65536_cross-core_paced_itch,1,total,3413.35,3520.02,1280
1,spsc_65536_cross-core_paced_itch,1,total,3520.02,3626.68,1197
1,spsc_65536_cross-core_paced_itch,1,total,3626.68,3733.35,1173
1,spsc_65536_cross-core_paced_itch,1,total,3733.35,3840.02,1106
1,spsc_65536_cross-core_paced_itch,1,total,3840.02,3946.69,1117
1,spsc_65536_cross-core_paced_itch,1,total,3946.69,4053.35,1014
1,spsc_65536_cross-core_paced_itch,1,total,4053.35,4160.02,995
1,spsc_65536_cross-core_paced_itch,1,total,4160.02,4266.69,903
1,spsc_65536_cross-core_paced_itch,1,total,4266.69,4373.35,876
1,spsc_65536_cross-core_paced_itch,1,total,4373.35,4480.02,871
1,spsc_65536_cross-core_paced_itch,1,total,4480.02,4586.69,845
1,spsc_65536_cross-core_paced_itch,1,total,4586.69,4693.36,824
1,spsc_65536_cross-core_paced_itch,1,total,4693.36,4800.02,762
1,spsc_65536_cross-core_paced_itch,1,total,4800.02,4906.69,776
1,spsc_65536_cross-core_paced_itch,1,total,4906.69,5013.36,693
1,spsc_65536_cross-core_paced_itch,1,total,5013.36,5120.02,680
1,spsc_65536_cross-core_paced_itch,1,total,5120.02,5226.69,685
1,spsc_65536_cross-core_paced_itch,1,total,5226.69,5333.36,610
1,spsc_65536_cross-core_paced_itch,1,total,5333.36,5440.03,603
1,spsc_65536_cross-core_paced_itch,1,total,5440.03,5546.69,617
1,spsc_65536_cross-core_paced_itch,1,total,5546.69,5653.36,594
1,spsc_65536_cross-core_paced_itch,1,total,5653.36,5760.03,534
1,spsc_65536_cross-core_paced_itch,1,total,5760.03,5866.69,538
1,spsc_65536_cross-core_paced_itch,1,total,5866.69,5973.36,534
1,spsc_65536_cross-core_paced_itch,1,total,5973.36,6080.03,485
1,spsc_65536_cross-core_paced_itch,1,total,6080.03,6186.7,446
1,spsc_65536_cross-core_paced_itch,1,total,6186.7,6293.36,413
1,spsc_65536_cross-core_paced_itch,1,total,6293.36,6400.03,418
1,spsc_65536_cross-core_paced_itch,1,total,6400.03,6506.7,382
1,spsc_65536_cross-core_paced_itch,1,total,6506.7,6613.36,403
1,spsc_65536_cross-core_paced_itch,1,total,6613.36,6720.03,360
1,spsc_65536_cross-core_paced_itch,1,total,6720.03,6826.7,364
1,spsc_65536_cross-core_paced_itch,1,total,6826.7,7040.03,673
1,spsc_65536_cross-core_paced_itch,1,total,7040.03,7253.37,675
1,spsc_65536_cross-core_paced_itch,1,total,7253.37,7466.7,591
1,spsc_65536_cross-core_paced_itch,1,total,7466.7,7680.04,593
1,spsc_65536_cross-core_paced_itch,1,total,7680.04,7893.37,583
1,spsc_65536_cross-core_paced_itch,1,total,7893.37,8106.71,549
1,spsc_65536_cross-core_paced_itch,1,total,8106.71,8320.04,509
1,spsc_65536_cross-core_paced_itch,1,total,8320.04,8533.37,510
1,spsc_65536_cross-core_paced_itch,1,total,8533.37,8746.71,450
1,spsc_65536_cross-core_paced_itch,1,total,8746.71,8960.04,448
1,spsc_65536_cross-core_paced_itch,1,total,8960.04,9173.38,466
1,spsc_65536_cross-core_paced_itch,1,total,9173.38,9386.71,407
1,spsc_65536_cross-core_paced_itch,1,total,9386.71,9600.05,384
1,spsc_65536_cross-core_paced_itch,1,total,9600.05,9813.38,378
1,spsc_65536_cross-core_paced_itch,1,total,9813.38,10026.7,343
1,spsc_65536_cross-core_paced_itch,1,total,10026.7,10240,318
1,spsc_65536_cross-core_paced_itch,1,total,10240,10453.4,250
1,spsc_65536_cross-core_paced_itch,1,total,10453.4,10666.7,232
1,spsc_65536_cross-core_paced_itch,1,total,10666.7,10880.1,219
1,spsc_65536_cross-core_paced_itch,1,total,10880.1,11093.4,186
1,spsc_65536_cross-core_paced_itch,1,total,11093.4,11306.7,172
1,spsc_65536_cross-core_paced_itch,1,total,11306.7,11520.1,140
1,spsc_65536_cross-core_paced_itch,1,total,11520.1,11733.4,111
1,spsc_65536_cross-core_paced_itch,1,total,11733.4,11946.7,107
1,spsc_65536_cross-core_paced_itch,1,total,11946.7,12160.1,100
1,spsc_65536_cross-core_paced_itch,1,total,12160.1,12373.4,109
1,spsc_65536_cross-core_paced_itch,1,total,12373.4,12586.7,85
1,spsc_65536_cross-core_paced_itch,1,total,12586.7,12800.1,109
1,spsc_65536_cross-core_paced_itch,1,total,12800.1,13013.4,79
1,spsc_65536_cross-core_paced_itch,1,total,13013.4,13226.7,61
1,spsc_65536_cross-core_paced_itch,1,total,13226.7,13440.1,66
1,spsc_65536_cross-core_paced_itch,1,total,13440.1,13653.4,70
1,spsc_65536_cross-core_paced_itch,1,total,13653.4,14080.1,109
1,spsc_65536_cross-core_paced_itch,1,total,14080.1,14506.7,124
1,spsc_65536_cross-core_paced_itch,1,total,14506.7,14933.4,114
1,spsc_65536_cross-core_paced_itch,1,total,14933.4,15360.1,92
1,spsc_65536_cross-core_paced_itch,1,total,15360.1,15786.7,101
1,spsc_65536_cross-core_paced_itch,1,total,15786.7,16213.4,94
1,spsc_65536_cross-core_paced_itch,1,total,16213.4,16640.1,74
1,spsc_65536_cross-core_paced_itch,1,total,16640.1,17066.7,53
1,spsc_65536_cross-core_paced_itch,1,total,17066.7,17493.4,66
1,spsc_65536_cross-core_paced_itch,1,total,17493.4,17920.1,67
1,spsc_65536_cross-core_paced_itch,1,total,17920.1,18346.8,58
1,spsc_65536_cross-core_paced_itch,1,total,18346.8,18773.4,67
1,spsc_65536_cross-core_paced_itch,1,total,18773.4,19200.1,51
1,spsc_65536_cross-core_paced_itch,1,total,19200.1,19626.8,68
1,spsc_65536_cross-core_paced_itch,1,total,19626.8,20053.4,53
1,spsc_65536_cross-core_paced_itch,1,total,20053.4,20480.1,50
1,spsc_65536_cross-core_paced_itch,1,total,20480.1,20906.8,61
1,spsc_65536_cross-core_paced_itch,1,total,20906.8,21333.4,55
1,spsc_65536_cross-core_paced_itch,1,total,21333.4,21760.1,30
1,spsc_65536_cross-core_paced_itch,1,total,21760.1,22186.8,49
1,spsc_65536_cross-core_paced_itch,1,total,22186.8,22613.4,44
1,spsc_65536_cross-core_paced_itch,1,total,22613.4,23040.1,28
1,spsc_65536_cross-core_paced_itch,1,total,23040.1,23466.8,26
1,spsc_65536_cross-core_paced_itch,1,total,23466.8,23893.4,13
1,spsc_65536_cross-core_paced_itch,1,total,23893.4,24320.1,13
1,spsc_65536_cross-core_paced_itch,1,total,24320.1,24746.8,24
1,spsc_65536_cross-core_paced_itch,1,total,24746.8,25173.5,10
1,spsc_65536_cross-core_paced_itch,1,total,25173.5,25600.1,17
1,spsc_65536_cross-core_paced_itch,1,total,25600.1,26026.8,19
1,spsc_65536_cross-core_paced_itch,1,total,26026.8,26453.5,12
1,spsc_65536_cross-core_paced_itch,1,total,26453.5,26880.1,13
1,spsc_65536_cross-core_paced_itch,1,total,26880.1,27306.8,12
1,spsc_65536_cross-core_paced_itch,1,total,27306.8,28160.1,21
1,spsc_65536_cross-core_paced_itch,1,total,28160.1,29013.5,17
1,spsc_65536_cross-core_paced_itch,1,total,29013.5,29866.8,23
1,spsc_65536_cross-core_paced_itch,1,total,29866.8,30720.1,47
1,spsc_65536_cross-core_paced_itch,1,total,30720.1,31573.5,22
1,spsc_65536_cross-core_paced_itch,1,total,31573.5,32426.8,21
1,spsc_65536_cross-core_paced_itch,1,total,32426.8,33280.2,10
1,spsc_65536_cross-core_paced_itch,1,total,33280.2,34133.5,13
1,spsc_65536_cross-core_paced_itch,1,total,34133.5,34986.8,7
1,spsc_65536_cross-core_paced_itch,1,total,34986.8,35840.2,8
1,spsc_65536_cross-core_paced_itch,1,total,35840.2,36693.5,8
1,spsc_65536_cross-core_paced_itch,1,total,36693.5,37546.8,15
1,spsc_65536_cross-core_paced_itch,1,total,37546.8,38400.2,19
1,spsc_65536_cross-core_paced_itch,1,total,38400.2,39253.5,17
1,spsc_65536_cross-core_paced_itch,1,total,39253.5,40106.9,7
1,spsc_65536_cross-core_paced_itch,1,total,40106.9,40960.2,6
1,spsc_65536_cross-core_paced_itch,1,total,40960.2,41813.5,11
1,spsc_65536_cross-core_paced_itch,1,total,41813.5,42666.9,10
1,spsc_65536_cross-core_paced_itch,1,total,42666.9,43520.2,10
1,spsc_65536_cross-core_paced_itch,1,total,43520.2,44373.5,16
1,spsc_65536_cross-core_paced_itch,1,total,44373.5,45226.9,13
1,spsc_65536_cross-core_paced_itch,1,total,45226.9,46080.2,11
1,spsc_65536_cross-core_paced_itch,1,total,46080.2,46933.6,21
1,spsc_65536_cross-core_paced_itch,1,total,46933.6,47786.9,13
1,spsc_65536_cross-core_paced_itch,1,total,47786.9,48640.2,20
1,spsc_65536_cross-core_paced_itch,1,total,48640.2,49493.6,6
1,spsc_65536_cross-core_paced_itch,1,total,49493.6,50346.9,12
1,spsc_65536_cross-core_paced_itch,1,total,50346.9,51200.2,10
1,spsc_65536_cross-core_paced_itch,1,total,51200.2,52053.6,7
1,spsc_65536_cross-core_paced_itch,1,total,52053.6,52906.9,8
1,spsc_65536_cross-core_paced_itch,1,total,52906.9,53760.3,13
1,spsc_65536_cross-core_paced_itch,1,total,53760.3,54613.6,9
1,spsc_65536_cross-core_paced_itch,1,total,54613.6,56320.3,23
1,spsc_65536_cross-core_paced_itch,1,total,56320.3,58026.9,21
1,spsc_65536_cross-core_paced_itch,1,total,58026.9,59733.6,12
1,spsc_65536_cross-core_paced_itch,1,total,59733.6,61440.3,8
1,spsc_65536_cross-core_paced_itch,1,total,61440.3,63147,14
1,spsc_65536_cross-core_paced_itch,1,total,63147,64853.6,15
1,spsc_65536_cross-core_paced_itch,1,total,64853.6,66560.3,18
1,spsc_65536_cross-core_paced_itch,1,total,66560.3,68267,33
1,spsc_65536_cross-core_paced_itch,1,total,68267,69973.7,16
1,spsc_65536_cross-core_paced_itch,1,total,69973.7,71680.3,24
1,spsc_65536_cross-core_paced_itch,1,total,71680.3,73387,21
1,spsc_65536_cross-core_paced_itch,1,total,73387,75093.7,13
1,spsc_65536_cross-core_paced_itch,1,total,75093.7,76800.4,14
1,spsc_65536_cross-core_paced_itch,1,total,76800.4,78507,15
1,spsc_65536_cross-core_paced_itch,1,total,78507,80213.7,11
1,spsc_65536_cross-core_paced_itch,1,total,80213.7,81920.4,21
1,spsc_65536_cross-core_paced_itch,1,total,81920.4,83627.1,17
1,spsc_65536_cross-core_paced_itch,1,total,83627.1,85333.7,12
1,spsc_65536_cross-core_paced_itch,1,total,85333.7,87040.4,10
1,spsc_65536_cross-core_paced_itch,1,total,87040.4,88747.1,18
1,spsc_65536_cross-core_paced_itch,1,total,88747.1,90453.8,27
1,spsc_65536_cross-core_paced_itch,1,total,90453.8,92160.4,32
1,spsc_65536_cross-core_paced_itch,1,total,92160.4,93867.1,36
1,spsc_65536_cross-core_paced_itch,1,total,93867.1,95573.8,26
1,spsc_65536_cross-core_paced_itch,1,total,95573.8,97280.5,19
1,spsc_65536_cross-core_paced_itch,1,total,97280.5,98987.1,17
1,spsc_65536_cross-core_paced_itch,1,total,98987.1,100694,11
1,spsc_65536_cross-core_paced_itch,1,total,100694,102400,13
1,spsc_65536_cross-core_paced_itch,1,total,102400,104107,18
1,spsc_65536_cross-core_paced_itch,1,total,104107,105814,24
1,spsc_65536_cross-core_paced_itch,1,total,105814,107521,39
1,spsc_65536_cross-core_paced_itch,1,total,107521,109227,15
1,spsc_65536_cross-core_paced_itch,1,total,109227,112641,30
1,spsc_65536_cross-core_paced_itch,1,total,112641,116054,27
1,spsc_65536_cross-core_paced_itch,1,total,116054,119467,30
1,spsc_65536_cross-core_paced_itch,1,total,119467,122881,15
1,spsc_65536_cross-core_paced_itch,1,total,122881,126294,5
1,spsc_65536_cross-core_paced_itch,1,total,126294,129707,8
1,spsc_65536_cross-core_paced_itch,1,total,129707,133121,27
1,spsc_65536_cross-core_paced_itch,1,total,133121,136534,16
1,spsc_65536_cross-core_paced_itch,1,total,136534,139947,29
1,spsc_65536_cross-core_paced_itch,1,total,139947,143361,25
1,spsc_65536_cross-core_paced_itch,1,total,143361,146774,12
1,spsc_65536_cross-core_paced_itch,1,total,146774,150187,6
1,spsc_65536_cross-core_paced_itch,1,total,150187,153601,3
1,spsc_65536_cross-core_paced_itch,1,total,153601,157014,12
1,spsc_65536_cross-core_paced_itch,1,total,157014,160427,6
1,spsc_65536_cross-core_paced_itch,1,total,160427,163841,6
1,spsc_65536_cross-core_paced_itch,1,total,163841,167254,9
1,spsc_65536_cross-core_paced_itch,1,total,167254,170667,8
1,spsc_65536_cross-core_paced_itch,1,total,170667,174081,6
1,spsc_65536_cross-core_paced_itch,1,total,174081,177494,13
1,spsc_65536_cross-core_paced_itch,1,total,177494,180908,5
1,spsc_65536_cross-core_paced_itch,1,total,180908,184321,7
1,spsc_65536_cross-core_paced_itch,1,total,184321,187734,3
1,spsc_65536_cross-core_paced_itch,1,total,187734,191148,11
1,spsc_65536_cross-core_paced_itch,1,total,191148,194561,14
1,spsc_65536_cross-core_paced_itch,1,total,194561,197974,9
1,spsc_65536_cross-core_paced_itch,1,total,197974,201388,6
1,spsc_65536_cross-core_paced_itch,1,total,201388,204801,9
1,spsc_65536_cross-core_paced_itch,1,total,204801,208214,4
1,spsc_65536_cross-core_paced_itch,1,total,208214,211628,4
1,spsc_65536_cross-core_paced_itch,1,total,211628,215041,11
1,spsc_65536_cross-core_paced_itch,1,total,215041,218454,7
1,spsc_65536_cross-core_paced_itch,1,total,218454,225281,22
1,spsc_65536_cross-core_paced_itch,1,total,225281,232108,3
1,spsc_65536_cross-core_paced_itch,1,total,232108,238934,28
1,spsc_65536_cross-core_paced_itch,1,total,238934,245761,14
1,spsc_65536_cross-core_paced_itch,1,total,245761,252588,11
1,spsc_65536_cross-core_paced_itch,1,total,252588,259415,10
1,spsc_65536_cross-core_paced_itch,1,total,259415,266241,15
1,spsc_65536_cross-core_paced_itch,1,total,266241,273068,12
1,spsc_65536_cross-core_paced_itch,1,total,273068,279895,13
1,spsc_65536_cross-core_paced_itch,1,total,279895,286721,9
1,spsc_65536_cross-core_paced_itch,1,total,286721,293548,14
1,spsc_65536_cross-core_paced_itch,1,total,293548,300375,28
1,spsc_65536_cross-core_paced_itch,1,total,300375,307201,17
1,spsc_65536_cross-core_paced_itch,1,total,307201,314028,12
1,spsc_65536_cross-core_paced_itch,1,total,314028,320855,35
1,spsc_65536_cross-core_paced_itch,1,total,320855,327682,13
1,spsc_65536_cross-core_paced_itch,1,total,327682,334508,14
1,spsc_65536_cross-core_paced_itch,1,total,334508,341335,14
1,spsc_65536_cross-core_paced_itch,1,total,341335,348162,32
1,spsc_65536_cross-core_paced_itch,1,total,348162,354988,61
1,spsc_65536_cross-core_paced_itch,1,total,354988,361815,40
1,spsc_65536_cross-core_paced_itch,1,total,361815,368642,41
1,spsc_65536_cross-core_paced_itch,1,total,368642,375468,35
1,spsc_65536_cross-core_paced_itch,1,total,375468,382295,29
1,spsc_65536_cross-core_paced_itch,1,total,382295,389122,42
1,spsc_65536_cross-core_paced_itch,1,total,389122,395949,15
1,spsc_65536_cross-core_paced_itch,1,total,395949,402775,34
1,spsc_65536_cross-core_paced_itch,1,total,402775,409602,17
1,spsc_65536_cross-core_paced_itch,1,total,409602,416429,28
1,spsc_65536_cross-core_paced_itch,1,total,416429,423255,21
1,spsc_65536_cross-core_paced_itch,1,total,423255,430082,12
1,spsc_65536_cross-core_paced_itch,1,total,430082,436909,31
1,spsc_65536_cross-core_paced_itch,1,total,436909,450562,95
1,spsc_65536_cross-core_paced_itch,1,total,450562,464216,19
1,spsc_65536_cross-core_paced_itch,1,queue,100,101.667,1
1,spsc_65536_cross-core_paced_itch,1,queue,153.334,156.667,1
1,spsc_65536_cross-core_paced_itch,1,queue,163.334,166.667,1
1,spsc_65536_cross-core_paced_itch,1,queue,173.334,176.668,1
1,spsc_65536_cross-core_paced_itch,1,queue,186.668,190.001,1
1,spsc_65536_cross-core_paced_itch,1,queue,190.001,193.334,1
1,spsc_65536_cross-core_paced_itch,1,queue,193.334,196.668,1
1,spsc_65536_cross-core_paced_itch,1,queue,200.001,203.334,2
1,spsc_65536_cross-core_paced_itch,1,queue,210.001,213.334,3
1,spsc_65536_cross-core_paced_itch,1,queue,213.334,220.001,10
1,spsc_65536_cross-core_paced_itch,1,queue,220.001,226.668,24
1,spsc_65536_cross-core_paced_itch,1,queue,226.668,233.334,77
1,spsc_65536_cross-core_paced_itch,1,queue,233.334,240.001,86
1,spsc_65536_cross-core_paced_itch,1,queue,240.001,246.668,97
1,spsc_65536_cross-core_paced_itch,1,queue,246.668,253.335,144
1,spsc_65536_cross-core_paced_itch,1,queue,253.335,260.001,139
1,spsc_65536_cross-core_paced_itch,1,queue,260.001,266.668,127
1,spsc_65536_cross-core_paced_itch,1,queue,266.668,273.335,126
1,spsc_65536_cross-core_paced_itch,1,queue,273.335,280.001,176
1,spsc_65536_cross-core_paced_itch,1,queue,280.001,286.668,569
1,spsc_65536_cross-core_paced_itch,1,queue,286.668,293.335,2152
1,spsc_65536_cross-core_paced_itch,1,queue,293.335,300.001,4206
1,spsc_65536_cross-core_paced_itch,1,queue,300.001,306.668,5978
1,spsc_65536_cross-core_paced_itch,1,queue,306.668,313.335,7704
1,spsc_65536_cross-core_paced_itch,1,queue,313.335,320.002,9996
1,spsc_65536_cross-core_paced_itch,1,queue,320.002,326.668,11565
1,spsc_65536_cross-core_paced_itch,1,queue,326.668,333.335,13177
1,spsc_65536_cross-core_paced_itch,1,queue,333.335,340.002,13526
1,spsc_65536_cross-core_paced_itch,1,queue,340.002,346.668,13053
1,spsc_65536_cross-core_paced_itch,1,queue,346.668,353.335,11421
1,spsc_65536_cross-core_paced_itch,1,queue,353.335,360.002,10394
1,spsc_65536_cross-core_paced_itch,1,queue,360.002,366.668,8978
1,spsc_65536_cross-core_paced_itch,1,queue,366.668,373.335,7429
1,spsc_65536_cross-core_paced_itch,1,queue,373.335,380.002,5386
1,spsc_65536_cross-core_paced_itch,1,queue,380.002,386.669,3295
1,spsc_65536_cross-core_paced_itch,1,queue,386.669,393.335,1976
1,spsc_65536_cross-core_paced_itch,1,queue,393.335,400.002,1407
1,spsc_65536_cross-core_paced_itch,1,queue,400.002,406.669,1097
1,spsc_65536_cross-core_paced_itch,1,queue,406.669,413.335,1006
1,spsc_65536_cross-core_paced_itch,1,queue,413.335,420.002,937
1,spsc_65536_cross-core_paced_itch,1,queue,420.002,426.669,959
1,spsc_65536_cross-core_paced_itch,1,queue,426.669,440.002,1735
1,spsc_65536_cross-core_paced_itch,1,queue,440.002,453.335,1645
1,spsc_65536_cross-core_paced_itch,1,queue,453.335,466.669,1685
1,spsc_65536_cross-core_paced_itch,1,queue,466.669,480.002,1661
1,spsc_65536_cross-core_paced_itch,1,queue,480.002,493.336,1716
1,spsc_65536_cross-core_paced_itch,1,queue,493.336,506.669,1873
1,spsc_65536_cross-core_paced_itch,1,queue,506.669,520.002,2125
1,spsc_65536_cross-core_paced_itch,1,queue,520.002,533.336,2400
1,spsc_65536_cross-core_paced_itch,1,queue,533.336,546.669,2467
1,spsc_65536_cross-core_paced_itch,1,queue,546.669,560.003,2327
1,spsc_65536_cross-core_paced_itch,1,queue,560.003,573.336,2173
1,spsc_65536_cross-core_paced_itch,1,queue,573.336,586.669,1936
1,spsc_65536_cross-core_paced_itch,1,queue,586.669,600.003,1769
1,spsc_65536_cross-core_paced_itch,1,queue,600.003,613.336,1243
1,spsc_65536_cross-core_paced_itch,1,queue,613.336,626.67,1114
1,spsc_65536_cross-core_paced_itch,1,queue,626.67,640.003,1027
1,spsc_65536_cross-core_paced_itch,1,queue,640.003,653.336,925
1,spsc_65536_cross-core_paced_itch,1,queue,653.336,666.67,915
1,spsc_65536_cross-core_paced_itch,1,queue,666.67,680.003,769
1,spsc_65536_cross-core_paced_itch,1,queue,680.003,693.337,774
1,spsc_65536_cross-core_paced_itch,1,queue,693.337,706.67,708
1,spsc_65536_cross-core_paced_itch,1,queue,706.67,720.003,684
1,spsc_65536_cross-core_paced_itch,1,queue,720.003,733.337,677
1,spsc_65536_cross-core_paced_itch,1,queue,733.337,746.67,655
1,spsc_65536_cross-core_paced_itch,1,queue,746.67,760.004,634
1,spsc_65536_cross-core_paced_itch,1,queue,760.004,773.337,621
1,spsc_65536_cross-core_paced_itch,1,queue,773.337,786.67,609
1,spsc_65536_cross-core_paced_itch,1,queue,786.67,800.004,574
1,spsc_65536_cross-core_paced_itch,1,queue,800.004,813.337,570
1,spsc_65536_cross-core_paced_itch,1,queue,813.337,826.671,577
1,spsc_65536_cross-core_paced_itch,1,queue,826.671,840.004,497
1,spsc_65536_cross-core_paced_itch,1,queue,840.004,853.337,532
1,spsc_65536_cross-core_paced_itch,1,queue,853.337,880.004,1008
1,spsc_65536_cross-core_paced_itch,1,queue,880.004,906.671,880
1,spsc_65536_cross-core_paced_itch,1,queue,906.671,933.338,894
1,spsc_65536_cross-core_paced_itch,1,queue,933.338,960.005,892
1,spsc_65536_cross-core_paced_itch,1,queue,960.005,986.671,809
1,spsc_65536_cross-core_paced_itch,1,queue,986.671,1013.34,827
1,spsc_65536_cross-core_paced_itch,1,queue,1013.34,1040,747
1,spsc_65536_cross-core_paced_itch,1,queue,1040,1066.67,702
1,spsc_65536_cross-core_paced_itch,1,queue,1066.67,1093.34,745
1,spsc_65536_cross-core_paced_itch,1,queue,1093.34,1120.01,716
1,spsc_65536_cross-core_paced_itch,1,queue,1120.01,1146.67,713
1,spsc_65536_cross-core_paced_itch,1,queue,1146.67,1173.34,711
1,spsc_65536_cross-core_paced_itch,1,queue,1173.34,1200.01,708
1,spsc_65536_cross-core_paced_itch,1,queue,1200.01,1226.67,710
1,spsc_65536_cross-core_paced_itch,1,queue,1226.67,1253.34,680
1,spsc_65536_cross-core_paced_itch,1,queue,1253.34,1280.01,694
1,spsc_65536_cross-core_paced_itch,1,queue,1280.01,1306.67,675
1,spsc_65536_cross-core_paced_itch,1,queue,1306.67,1333.34,685
1,spsc_65536_cross-core_paced_itch,1,queue,1333.34,1360.01,591
1,spsc_65536_cross-core_paced_itch,1,queue,1360.01,1386.67,633
1,spsc_65536_cross-core_paced_itch,1,queue,1386.67,1413.34,629
1,spsc_65536_cross-core_paced_itch,1,queue,1413.34,1440.01,619
1,spsc_65536_cross-core_paced_itch,1,queue,1440.01,1466.67,586
1,spsc_65536_cross-core_paced_itch,1,queue,1466.67,1493.34,622
1,spsc_65536_cross-core_paced_itch,1,queue,1493.34,1520.01,613
1,spsc_65536_cross-core_paced_itch,1,queue,1520.01,1546.67,626
1,spsc_65536_cross-core_paced_itch,1,queue,1546.67,1573.34,613
1,spsc_65536_cross-core_paced_itch,1,queue,1573.34,1600.01,597
1,spsc_65536_cross-core_paced_itch,1,queue,1600.01,1626.67,603
1,spsc_65536_cross-core_paced_itch,1,queue,1626.67,1653.34,562
1,spsc_65536_cross-core_paced_itch,1,queue,1653.34,1680.01,557
1,spsc_65536_cross-core_paced_itch,1,queue,1680.01,1706.67,531
1,spsc_65536_cross-core_paced_itch,1,queue,1706.67,1760.01,1148
1,spsc_65536_cross-core_paced_itch,1,queue,1760.01,1813.34,1032
1,spsc_65536_cross-core_paced_itch,1,queue,1813.34,1866.68,1088
1,spsc_65536_cross-core_paced_itch,1,queue,1866.68,1920.01,1070
1,spsc_65536_cross-core_paced_itch,1,queue,1920.01,1973.34,1056
1,spsc_65536_cross-core_paced_itch,1,queue,1973.34,2026.68,1015
1,spsc_65536_cross-core_paced_itch,1,queue,2026.68,2080.01,950
1,spsc_65536_cross-core_paced_itch,1,queue,2080.01,2133.34,972
1,spsc_65536_cross-core_paced_itch,1,queue,2133.34,2186.68,923
1,spsc_65536_cross-core_paced_itch,1,queue,2186.68,2240.01,949
1,spsc_65536_cross-core_paced_itch,1,queue,2240.01,2293.34,951
1,spsc_65536_cross-core_paced_itch,1,queue,2293.34,2346.68,913
1,spsc_65536_cross-core_paced_itch,1,queue,2346.68,2400.01,918
1,spsc_65536_cross-core_paced_itch,1,queue,2400.01,2453.34,922
1,spsc_65536_cross-core_paced_itch,1,queue,2453.34,2506.68,864
1,spsc_65536_cross-core_paced_itch,1,queue,2506.68,2560.01,865
1,spsc_65536_cross-core_paced_itch,1,queue,2560.01,2613.35,781
1,spsc_65536_cross-core_paced_itch,1,queue,2613.35,2666.68,814
1,spsc_65536_cross-core_paced_itch,1,queue,2666.68,2720.01,867
1,spsc_65536_cross-core_paced_itch,1,queue,2720.01,2773.35,796
1,spsc_65536_cross-core_paced_itch,1,queue,2773.35,2826.68,799
1,spsc_65536_cross-core_paced_itch,1,queue,2826.68,2880.01,727
1,spsc_65536_cross-core_paced_itch,1,queue,2880.01,2933.35,720
1,spsc_65536_cross-core_paced_itch,1,queue,2933.35,2986.68,708
1,spsc_65536_cross-core_paced_itch,1,queue,2986.68,3040.01,730
1,spsc_65536_cross-core_paced_itch,1,queue,3040.01,3093.35,672
1,spsc_65536_cross-core_paced_itch,1,queue,3093.35,3146.68,690
1,spsc_65536_cross-core_paced_itch,1,queue,3146.68,3200.02,700
1,spsc_65536_cross-core_paced_itch,1,queue,3200.02,3253.35,675
1,spsc_65536_cross-core_paced_itch,1,queue,3253.35,3306.68,652
1,spsc_65536_cross-core_paced_itch,1,queue,3306.68,3360.02,628
1,spsc_65536_cross-core_paced_itch,1,queue,3360.02,3413.35,659
1,spsc_65536_cross-core_paced_itch,1,queue,3413.35,3520.02,1177
1,spsc_65536_cross-core_paced_itch,1,queue,3520.02,3626.68,1060
1,spsc_65536_cross-core_paced_itch,1,queue,3626.68,3733.35,1066
1,spsc_65536_cross-core_paced_itch,1,queue,3733.35,3840.02,1076
1,spsc_65536_cross-core_paced_itch,1,queue,3840.02,3946.69,1005
1,spsc_65536_cross-core_paced_itch,1,queue,3946.69,4053.35,901
1,spsc_65536_cross-core_paced_itch,1,queue,4053.35,4160.02,912
1,spsc_65536_cross-core_paced_itch,1,queue,4160.02,4266.69,889
1,spsc_65536_cross-core_paced_itch,1,queue,4266.69,4373.35,854
1,spsc_65536_cross-core_paced_itch,1,queue,4373.35,4480.02,845
1,spsc_65536_cross-core_paced_itch,1,queue,4480.02,4586.69,783
1,spsc_65536_cross-core_paced_itch,1,queue,4586.69,4693.36,714
1,spsc_65536_cross-core_paced_itch,1,queue,4693.36,4800.02,711
1,spsc_65536_cross-core_paced_itch,1,queue,4800.02,4906.69,698
1,spsc_65536_cross-core_paced_itch,1,queue,4906.69,5013.36,637
1,spsc_65536_cross-core_paced_itch,1,queue,5013.36,5120.02,662
1,spsc_65536_cross-core_paced_itch,1,queue,5120.02,5226.69,615
1,spsc_65536_cross-core_paced_itch,1,queue,5226.69,5333.36,628
1,spsc_65536_cross-core_paced_itch,1,queue,5333.36,5440.03,574
1,spsc_65536_cross-core_paced_itch,1,queue,5440.03,5546.69,582
1,spsc_65536_cross-core_paced_itch,1,queue,5546.69,5653.36,527
1,spsc_65536_cross-core_paced_itch,1,queue,5653.36,5760.03,506
1,spsc_65536_cross-core_paced_itch,1,queue,5760.03,5866.69,470
1,spsc_65536_cross-core_paced_itch,1,queue,5866.69,5973.36,503
1,spsc_65536_cross-core_paced_itch,1,queue,5973.36,6080.03,392
1,spsc_65536_cross-core_paced_itch,1,queue,6080.03,6186.7,421
1,spsc_65536_cross-core_paced_itch,1,queue,6186.7,6293.36,405
1,spsc_65536_cross-core_paced_itch,1,queue,6293.36,6400.03,412
1,spsc_65536_cross-core_paced_itch,1,queue,6400.03,6506.7,353
1,spsc_65536_cross-core_paced_itch,1,queue,6506.7,6613.36,341
1,spsc_65536_cross-core_paced_itch,1,queue,6613.36,6720.03,357
1,spsc_65536_cross-core_paced_itch,1,queue,6720.03,6826.7,381
1,spsc_65536_cross-core_paced_itch,1,queue,6826.7,7040.03,645
1,spsc_65536_cross-core_paced_itch,1,queue,7040.03,7253.37,622
1,spsc_65536_cross-core_paced_itch,1,queue,7253.37,7466.7,557
1,spsc_65536_cross-core_paced_itch,1,queue,7466.7,7680.04,571
1,spsc_65536_cross-core_paced_itch,1,queue,7680.04,7893.37,586
1,spsc_65536_cross-core_paced_itch,1,queue,7893.37,8106.71,518
1,spsc_65536_cross-core_paced_itch,1,queue,8106.71,8320.04,493
1,spsc_65536_cross-core_paced_itch,1,queue,8320.04,8533.37,464
1,spsc_65536_cross-core_paced_itch,1,queue,8533.37,8746.71,432
1,spsc_65536_cross-core_paced_itch,1,queue,8746.71,8960.04,427
1,spsc_65536_cross-core_paced_itch,1,queue,8960.04,9173.38,435
1,spsc_65536_cross-core_paced_itch,1,queue,9173.38,9386.71,363
1,spsc_65536_cross-core_paced_itch,1,queue,9386.71,9600.05,406
1,spsc_65536_cross-core_paced_itch,1,queue,9600.05,9813.38,352
1,spsc_65536_cross-core_paced_itch,1,queue,9813.38,10026.7,319
1,spsc_65536_cross-core_paced_itch,1,queue,10026.7,10240,280
1,spsc_65536_cross-core_paced_itch,1,queue,10240,10453.4,257
1,spsc_65536_cross-core_paced_itch,1,queue,10453.4,10666.7,208
1,spsc_65536_cross-core_paced_itch,1,queue,10666.7,10880.1,204
1,spsc_65536_cross-core_paced_itch,1,queue,10880.1,11093.4,172
1,spsc_65536_cross-core_paced_itch,1,queue,11093.4,11306.7,156
1,spsc_65536_cross-core_paced_itch,1,queue,11306.7,11520.1,107
1,spsc_65536_cross-core_paced_itch,1,queue,11520.1,11733.4,123
1,spsc_65536_cross-core_paced_itch,1,queue,11733.4,11946.7,86
1,spsc_65536_cross-core_paced_itch,1,queue,11946.7,12160.1,111
1,spsc_65536_cross-core_paced_itch,1,queue,12160.1,12373.4,101
1,spsc_65536_cross-core_paced_itch,1,queue,12373.4,12586.7,91
1,spsc_65536_cross-core_paced_itch,1,queue,12586.7,12800.1,84
1,spsc_65536_cross-core_paced_itch,1,queue,12800.1,13013.4,59
1,spsc_65536_cross-core_paced_itch,1,queue,13013.4,13226.7,69
1,spsc_65536_cross-core_paced_itch,1,queue,13226.7,13440.1,74
1,spsc_65536_cross-core_paced_itch,1,queue,13440.1,13653.4,58
1,spsc_65536_cross-core_paced_itch,1,queue,13653.4,14080.1,119
1,spsc_65536_cross-core_paced_itch,1,queue,14080.1,14506.7,111
1,spsc_65536_cross-core_paced_itch,1,queue,14506.7,14933.4,93
1,spsc_65536_cross-core_paced_itch,1,queue,14933.4,15360.1,106
1,spsc_65536_cross-core_paced_itch,1,queue,15360.1,15786.7,95
1,spsc_65536_cross-core_paced_itch,1,queue,15786.7,16213.4,80
1,spsc_65536_cross-core_paced_itch,1,queue,16213.4,16640.1,72
1,spsc_65536_cross-core_paced_itch,1,queue,16640.1,17066.7,47
1,spsc_65536_cross-core_paced_itch,1,queue,17066.7,17493.4,77
1,spsc_65536_cross-core_paced_itch,1,queue,17493.4,17920.1,61
1,spsc_65536_cross-core_paced_itch,1,queue,17920.1,18346.8,59
1,spsc_65536_cross-core_paced_itch,1,queue,18346.8,18773.4,58
1,spsc_65536_cross-core_paced_itch,1,queue,18773.4,19200.1,58
1,spsc_65536_cross-core_paced_itch,1,queue,19200.1,19626.8,70
1,spsc_65536_cross-core_paced_itch,1,queue,19626.8,20053.4,45
1,spsc_65536_cross-core_paced_itch,1,queue,20053.4,20480.1,52
1,spsc_65536_cross-core_paced_itch,1,queue,20480.1,20906.8,61
1,spsc_65536_cross-core_paced_itch,1,queue,20906.8,21333.4,47
1,spsc_65536_cross-core_paced_itch,1,queue,21333.4,21760.1,41
1,spsc_65536_cross-core_paced_itch,1,queue,21760.1,22186.8,43
1,spsc_65536_cross-core_paced_itch,1,queue,22186.8,22613.4,45
1,spsc_65536_cross-core_paced_itch,1,queue,22613.4,23040.1,22
1,spsc_65536_cross-core_paced_itch,1,queue,23040.1,23466.8,22
1,spsc_65536_cross-core_paced_itch,1,queue,23466.8,23893.4,13
1,spsc_65536_cross-core_paced_itch,1,queue,23893.4,24320.1,15
1,spsc_65536_cross-core_paced_itch,1,queue,24320.1,24746.8,16
1,spsc_65536_cross-core_paced_itch,1,queue,24746.8,25173.5,13
1,spsc_65536_cross-core_paced_itch,1,queue,25173.5,25600.1,27
1,spsc_65536_cross-core_paced_itch,1,queue,25600.1,26026.8,9
1,spsc_65536_cross-core_paced_itch,1,queue,26026.8,26453.5,11
1,spsc_65536_cross-core_paced_itch,1,queue,26453.5,26880.1,15
1,spsc_65536_cross-core_paced_itch,1,queue,26880.1,27306.8,5
1,spsc_65536_cross-core_paced_itch,1,queue,27306.8,28160.1,26
1,spsc_65536_cross-core_paced_itch,1,queue,28160.1,29013.5,18
1,spsc_65536_cross-core_paced_itch,1,queue,29013.5,29866.8,31
1,spsc_65536_cross-core_paced_itch,1,queue,29866.8,30720.1,37
1,spsc_65536_cross-core_paced_itch,1,queue,30720.1,31573.5,25
1,spsc_65536_cross-core_paced_itch,1,queue,31573.5,32426.8,16
1,spsc_65536_cross-core_paced_itch,1,queue,32426.8,33280.2,13
1,spsc_65536_cross-core_paced_itch,1,queue,33280.2,34133.5,9
1,spsc_65536_cross-core_paced_itch,1,queue,34133.5,34986.8,8
1,spsc_65536_cross-core_paced_itch,1,queue,34986.8,35840.2,6
1,spsc_65536_cross-core_paced_itch,1,queue,35840.2,36693.5,11
1,spsc_65536_cross-core_paced_itch,1,queue,36693.5,37546.8,17
1,spsc_65536_cross-core_paced_itch,1,queue,37546.8,38400.2,15
1,spsc_65536_cross-core_paced_itch,1,queue,38400.2,39253.5,18
1,spsc_65536_cross-core_paced_itch,1,queue,39253.5,40106.9,5
1,spsc_65536_cross-core_paced_itch,1,queue,40106.9,40960.2,11
1,spsc_65536_cross-core_paced_itch,1,queue,40960.2,41813.5,7
1,spsc_65536_cross-core_paced_itch,1,queue,41813.5,42666.9,12
1,spsc_65536_cross-core_paced_itch,1,queue,42666.9,43520.2,13
1,spsc_65536_cross-core_paced_itch,1,queue,43520.2,44373.5,16
1,spsc_65536_cross-core_paced_itch,1,queue,44373.5,45226.9,11
1,spsc_65536_cross-core_paced_itch,1,queue,45226.9,46080.2,13
1,spsc_65536_cross-core_paced_itch,1,queue,46080.2,46933.6,22
1,spsc_65536_cross-core_paced_itch,1,queue,46933.6,47786.9,12
1,spsc_65536_cross-core_paced_itch,1,queue,47786.9,48640.2,15
1,spsc_65536_cross-core_paced_itch,1,queue,48640.2,49493.6,7
1,spsc_65536_cross-core_paced_itch,1,queue,49493.6,50346.9,12
1,spsc_65536_cross-core_paced_itch,1,queue,50346.9,51200.2,10
1,spsc_65536_cross-core_paced_itch,1,queue,51200.2,52053.6,9
1,spsc_65536_cross-core_paced_itch,1,queue,52053.6,52906.9,8
1,spsc_65536_cross-core_paced_itch,1,queue,52906.9,53760.3,11
1,spsc_65536_cross-core_paced_itch,1,queue,53760.3,54613.6,9
1,spsc_65536_cross-core_paced_itch,1,queue,54613.6,56320.3,23
1,spsc_65536_cross-core_paced_itch,1,queue,56320.3,58026.9,19
1,spsc_65536_cross-core_paced_itch,1,queue,58026.9,59733.6,12
1,spsc_65536_cross-core_paced_itch,1,queue,59733.6,61440.3,10
1,spsc_65536_cross-core_paced_itch,1,queue,61440.3,63147,14
1,spsc_65536_cross-core_paced_itch,1,queue,63147,64853.6,14
1,spsc_65536_cross-core_paced_itch,1,queue,64853.6,66560.3,22
1,spsc_65536_cross-core_paced_itch,1,queue,66560.3,68267,29
1,spsc_65536_cross-core_paced_itch,1,queue,68267,69973.7,16
1,spsc_65536_cross-core_paced_itch,1,queue,69973.7,71680.3,27
1,spsc_65536_cross-core_paced_itch,1,queue,71680.3,73387,18
1,spsc_65536_cross-core_paced_itch,1,queue,73387,75093.7,16
1,spsc_65536_cross-core_paced_itch,1,queue,75093.7,76800.4,11
1,spsc_65536_cross-core_paced_itch,1,queue,76800.4,78507,15
1,spsc_65536_cross-core_paced_itch,1,queue,78507,80213.7,15
1,spsc_65536_cross-core_paced_itch,1,queue,80213.7,81920.4,17
1,spsc_65536_cross-core_paced_itch,1,queue,81920.4,83627.1,17
1,spsc_65536_cross-core_paced_itch,1,queue,83627.1,85333.7,12
1,spsc_65536_cross-core_paced_itch,1,queue,85333.7,87040.4,10
1,spsc_65536_cross-core_paced_itch,1,queue,87040.4,88747.1,18
1,spsc_65536_cross-core_paced_itch,1,queue,88747.1,90453.8,31
1,spsc_65536_cross-core_paced_itch,1,queue,90453.8,92160.4,30
1,spsc_65536_cross-core_paced_itch,1,queue,92160.4,93867.1,35
1,spsc_65536_cross-core_paced_itch,1,queue,93867.1,95573.8,24
1,spsc_65536_cross-core_paced_itch,1,queue,95573.8,97280.5,21
1,spsc_65536_cross-core_paced_itch,1,queue,97280.5,98987.1,15
1,spsc_65536_cross-core_paced_itch,1,queue,98987.1,100694,13
1,spsc_65536_cross-core_paced_itch,1,queue,100694,102400,12
1,spsc_65536_cross-core_paced_itch,1,queue,102400,104107,17
1,spsc_65536_cross-core_paced_itch,1,queue,104107,105814,30
1,spsc_65536_cross-core_paced_itch,1,queue,105814,107521,34
1,spsc_65536_cross-core_paced_itch,1,queue,107521,109227,19
1,spsc_65536_cross-core_paced_itch,1,queue,109227,112641,27
1,spsc_65536_cross-core_paced_itch,1,queue,112641,116054,26
1,spsc_65536_cross-core_paced_itch,1,queue,116054,119467,29
1,spsc_65536_cross-core_paced_itch,1,queue,119467,122881,16
1,spsc_65536_cross-core_paced_itch,1,queue,122881,126294,6
1,spsc_65536_cross-core_paced_itch,1,queue,126294,129707,6
1,spsc_65536_cross-core_paced_itch,1,queue,129707,133121,30
1,spsc_65536_cross-core_paced_itch,1,queue,133121,136534,19
1,spsc_65536_cross-core_paced_itch,1,queue,136534,139947,24
1,spsc_65536_cross-core_paced_itch,1,queue,139947,143361,24
1,spsc_65536_cross-core_paced_itch,1,queue,143361,146774,13
1,spsc_65536_cross-core_paced_itch,1,queue,146774,150187,6
1,spsc_65536_cross-core_paced_itch,1,queue,150187,153601,2
1,spsc_65536_cross-core_paced_itch,1,queue,153601,157014,12
1,spsc_65536_cross-core_paced_itch,1,queue,157014,160427,6
1,spsc_65536_cross-core_paced_itch,1,queue,160427,163841,6
1,spsc_65536_cross-core_paced_itch,1,queue,163841,167254,9
1,spsc_65536_cross-core_paced_itch,1,queue,167254,170667,8
1,spsc_65536_cross-core_paced_itch,1,queue,170667,174081,9
1,spsc_65536_cross-core_paced_itch,1,queue,174081,177494,11
1,spsc_65536_cross-core_paced_itch,1,queue,177494,180908,4
1,spsc_65536_cross-core_paced_itch,1,queue,180908,184321,7
1,spsc_65536_cross-core_paced_itch,1,queue,184321,187734,3
1,spsc_65536_cross-core_paced_itch,1,queue,187734,191148,13
1,spsc_65536_cross-core_paced_itch,1,queue,191148,194561,12
1,spsc_65536_cross-core_paced_itch,1,queue,194561,197974,9
1,spsc_65536_cross-core_paced_itch,1,queue,197974,201388,7
1,spsc_65536_cross-core_paced_itch,1,queue,201388,204801,9
1,spsc_65536_cross-core_paced_itch,1,queue,204801,208214,3
1,spsc_65536_cross-core_paced_itch,1,queue,208214,211628,4
1,spsc_65536_cross-core_paced_itch,1,queue,211628,215041,11
1,spsc_65536_cross-core_paced_itch,1,queue,215041,218454,7
1,spsc_65536_cross-core_paced_itch,1,queue,218454,225281,22
1,spsc_65536_cross-core_paced_itch,1,queue,225281,232108,3
1,spsc_65536_cross-core_paced_itch,1,queue,232108,238934,28
1,spsc_65536_cross-core_paced_itch,1,queue,238934,245761,15
1,spsc_65536_cross-core_paced_itch,1,queue,245761,252588,10
1,spsc_65536_cross-core_paced_itch,1,queue,252588,259415,10
1,spsc_65536_cross-core_paced_itch,1,queue,259415,266241,15
1,spsc_65536_cross-core_paced_itch,1,queue,266241,273068,14
1,spsc_65536_cross-core_paced_itch,1,queue,273068,279895,11
1,spsc_65536_cross-core_paced_itch,1,queue,279895,286721,9
1,spsc_65536_cross-core_paced_itch,1,queue,286721,293548,14
1,spsc_65536_cross-core_paced_itch,1,queue,293548,300375,29
1,spsc_65536_cross-core_paced_itch,1,queue,300375,307201,17
1,spsc_65536_cross-core_paced_itch,1,queue,307201,314028,12
1,spsc_65536_cross-core_paced_itch,1,queue,314028,320855,35
1,spsc_65536_cross-core_paced_itch,1,queue,320855,327682,12
1,spsc_65536_cross-core_paced_itch,1,queue,327682,334508,14
1,spsc_65536_cross-core_paced_itch,1,queue,334508,341335,14
1,spsc_65536_cross-core_paced_itch,1,queue,341335,348162,33
1,spsc_65536_cross-core_paced_itch,1,queue,348162,354988,60
1,spsc_65536_cross-core_paced_itch,1,queue,354988,361815,40
1,spsc_65536_cross-core_paced_itch,1,queue,361815,368642,41
1,spsc_65536_cross-core_paced_itch,1,queue,368642,375468,37
1,spsc_65536_cross-core_paced_itch,1,queue,375468,382295,30
1,spsc_65536_cross-core_paced_itch,1,queue,382295,389122,40
1,spsc_65536_cross-core_paced_itch,1,queue,389122,395949,17
1,spsc_65536_cross-core_paced_itch,1,queue,395949,402775,31
1,spsc_65536_cross-core_paced_itch,1,queue,402775,409602,18
1,spsc_65536_cross-core_paced_itch,1,queue,409602,416429,28
1,spsc_65536_cross-core_paced_itch,1,queue,416429,423255,20
1,spsc_65536_cross-core_paced_itch,1,queue,423255,430082,12
1,spsc_65536_cross-core_paced_itch,1,queue,430082,436909,32
1,spsc_65536_cross-core_paced_itch,1,queue,436909,450562,97
1,spsc_65536_cross-core_paced_itch,1,queue,450562,464216,16
1,spsc_65536_cross-core_paced_itch,1,book,18.3334,18.7501,4
1,spsc_65536_cross-core_paced_itch,1,book,19.1668,19.5834,22
1,spsc_65536_cross-core_paced_itch,1,book,20.0001,20.4168,458
1,spsc_65536_cross-core_paced_itch,1,book,20.8334,21.2501,950
1,spsc_65536_cross-core_paced_itch,1,book,21.6668,22.0834,786
1,spsc_65536_cross-core_paced_itch,1,book,22.5001,22.9168,195
1,spsc_65536_cross-core_paced_itch,1,book,23.3334,23.7501,64
1,spsc_65536_cross-core_paced_itch,1,book,24.1668,24.5834,53
1,spsc_65536_cross-core_paced_itch,1,book,25.0001,25.4168,118
1,spsc_65536_cross-core_paced_itch,1,book,25.8335,26.2501,419
1,spsc_65536_cross-core_paced_itch,1,book,26.6668,27.5001,809
1,spsc_65536_cross-core_paced_itch,1,book,27.5001,28.3335,988
1,spsc_65536_cross-core_paced_itch,1,book,28.3335,29.1668,1377
1,spsc_65536_cross-core_paced_itch,1,book,29.1668,30.0001,1902
1,spsc_65536_cross-core_paced_itch,1,book,30.0001,30.8335,1603
1,spsc_65536_cross-core_paced_itch,1,book,30.8335,31.6668,971
1,spsc_65536_cross-core_paced_itch,1,book,31.6668,32.5002,583
1,spsc_65536_cross-core_paced_itch,1,book,32.5002,33.3335,692
1,spsc_65536_cross-core_paced_itch,1,book,33.3335,34.1668,863
1,spsc_65536_cross-core_paced_itch,1,book,34.1668,35.0002,694
1,spsc_65536_cross-core_paced_itch,1,book,35.0002,35.8335,606
1,spsc_65536_cross-core_paced_itch,1,book,35.8335,36.6668,457
1,spsc_65536_cross-core_paced_itch,1,book,36.6668,37.5002,346
1,spsc_65536_cross-core_paced_itch,1,book,37.5002,38.3335,381
1,spsc_65536_cross-core_paced_itch,1,book,38.3335,39.1669,359
1,spsc_65536_cross-core_paced_itch,1,book,39.1669,40.0002,341
1,spsc_65536_cross-core_paced_itch,1,book,40.0002,40.8335,465
1,spsc_65536_cross-core_paced_itch,1,book,40.8335,41.6669,481
1,spsc_65536_cross-core_paced_itch,1,book,41.6669,42.5002,565
1,spsc_65536_cross-core_paced_itch,1,book,42.5002,43.3335,571
1,spsc_65536_cross-core_paced_itch,1,book,43.3335,44.1669,521
1,spsc_65536_cross-core_paced_itch,1,book,44.1669,45.0002,480
1,spsc_65536_cross-core_paced_itch,1,book,45.0002,45.8336,533
1,spsc_65536_cross-core_paced_itch,1,book,45.8336,46.6669,492
1,spsc_65536_cross-core_paced_itch,1,book,46.6669,47.5002,644
1,spsc_65536_cross-core_paced_itch,1,book,47.5002,48.3336,612
1,spsc_65536_cross-core_paced_itch,1,book,48.3336,49.1669,624
1,spsc_65536_cross-core_paced_itch,1,book,49.1669,50.0002,693
1,spsc_65536_cross-core_paced_itch,1,book,50.0002,50.8336,696
1,spsc_65536_cross-core_paced_itch,1,book,50.8336,51.6669,842
1,spsc_65536_cross-core_paced_itch,1,book,51.6669,52.5002,755
1,spsc_65536_cross-core_paced_itch,1,book,52.5002,53.3336,791
1,spsc_65536_cross-core_paced_itch,1,book,53.3336,55.0003,1559
1,spsc_65536_cross-core_paced_itch,1,book,55.0003,56.6669,1587
1,spsc_65536_cross-core_paced_itch,1,book,56.6669,58.3336,1564
1,spsc_65536_cross-core_paced_itch,1,book,58.3336,60.0003,1553
1,spsc_65536_cross-core_paced_itch,1,book,60.0003,61.667,1733
1,spsc_65536_cross-core_paced_itch,1,book,61.667,63.3336,1680
1,spsc_65536_cross-core_paced_itch,1,book,63.3336,65.0003,1499
1,spsc_65536_cross-core_paced_itch,1,book,65.0003,66.667,1426
1,spsc_65536_cross-core_paced_itch,1,book,66.667,68.3337,1458
1,spsc_65536_cross-core_paced_itch,1,book,68.3337,70.0003,1431
1,spsc_65536_cross-core_paced_itch,1,book,70.0003,71.667,1325
1,spsc_65536_cross-core_paced_itch,1,book,71.667,73.3337,1165
1,spsc_65536_cross-core_paced_itch,1,book,73.3337,75.0004,1162
1,spsc_65536_cross-core_paced_itch,1,book,75.0004,76.667,1130
1,spsc_65536_cross-core_paced_itch,1,book,76.667,78.3337,1065
1,spsc_65536_cross-core_paced_itch,1,book,78.3337,80.0004,918
1,spsc_65536_cross-core_paced_itch,1,book,80.0004,81.6671,882
1,spsc_65536_cross-core_paced_itch,1,book,81.6671,83.3337,831
1,spsc_65536_cross-core_paced_itch,1,book,83.3337,85.0004,758
1,spsc_65536_cross-core_paced_itch,1,book,85.0004,86.6671,638
1,spsc_65536_cross-core_paced_itch,1,book,86.6671,88.3338,632
1,spsc_65536_cross-core_paced_itch,1,book,88.3338,90.0004,589
1,spsc_65536_cross-core_paced_itch,1,book,90.0004,91.6671,555
1,spsc_65536_cross-core_paced_itch,1,book,91.6671,93.3338,483
1,spsc_65536_cross-core_paced_itch,1,book,93.3338,95.0005,539
1,spsc_65536_cross-core_paced_itch,1,book,95.0005,96.6671,483
1,spsc_65536_cross-core_paced_itch,1,book,96.6671,98.3338,483
1,spsc_65536_cross-core_paced_itch,1,book,98.3338,100,462
1,spsc_65536_cross-core_paced_itch,1,book,100,101.667,481
1,spsc_65536_cross-core_paced_itch,1,book,101.667,103.334,423
1,spsc_65536_cross-core_paced_itch,1,book,103.334,105,405
1,spsc_65536_cross-core_paced_itch,1,book,105,106.667,384
1,spsc_65536_cross-core_paced_itch,1,book,106.667,110.001,915
1,spsc_65536_cross-core_paced_itch,1,book,110.001,113.334,976
1,spsc_65536_cross-core_paced_itch,1,book,113.334,116.667,944
1,spsc_65536_cross-core_paced_itch,1,book,116.667,120.001,764
1,spsc_65536_cross-core_paced_itch,1,book,120.001,123.334,733
1,spsc_65536_cross-core_paced_itch,1,book,123.334,126.667,917
1,spsc_65536_cross-core_paced_itch,1,book,126.667,130.001,2258
1,spsc_65536_cross-core_paced_itch,1,book,130.001,133.334,3815
1,spsc_65536_cross-core_paced_itch,1,book,133.334,136.667,4481
1,spsc_65536_cross-core_paced_itch,1,book,136.667,140.001,4615
1,spsc_65536_cross-core_paced_itch,1,book,140.001,143.334,7311
1,spsc_65536_cross-core_paced_itch,1,book,143.334,146.667,9149
1,spsc_65536_cross-core_paced_itch,1,book,146.667,150.001,8981
1,spsc_65536_cross-core_paced_itch,1,book,150.001,153.334,8059
1,spsc_65536_cross-core_paced_itch,1,book,153.334,156.667,8650
1,spsc_65536_cross-core_paced_itch,1,book,156.667,160.001,7852
1,spsc_65536_cross-core_paced_itch,1,book,160.001,163.334,7220
1,spsc_65536_cross-core_paced_itch,1,book,163.334,166.667,5790
1,spsc_65536_cross-core_paced_itch,1,book,166.667,170.001,5100
1,spsc_65536_cross-core_paced_itch,1,book,170.001,173.334,4185
1,spsc_65536_cross-core_paced_itch,1,book,173.334,176.668,3857
1,spsc_65536_cross-core_paced_itch,1,book,176.668,180.001,3648
1,spsc_65536_cross-core_paced_itch,1,book,180.001,183.334,3443
1,spsc_65536_cross-core_paced_itch,1,book,183.334,186.668,3267
1,spsc_65536_cross-core_paced_itch,1,book,186.668,190.001,3070
1,spsc_65536_cross-core_paced_itch,1,book,190.001,193.334,2992
1,spsc_65536_cross-core_paced_itch,1,book,193.334,196.668,2816
1,spsc_65536_cross-core_paced_itch,1,book,196.668,200.001,2503
1,spsc_65536_cross-core_paced_itch,1,book,200.001,203.334,2376
1,spsc_65536_cross-core_paced_itch,1,book,203.334,206.668,2144
1,spsc_65536_cross-core_paced_itch,1,book,206.668,210.001,2028
1,spsc_65536_cross-core_paced_itch,1,book,210.001,213.334,1948
1,spsc_65536_cross-core_paced_itch,1,book,213.334,220.001,3398
1,spsc_65536_cross-core_paced_itch,1,book,220.001,226.668,2991
1,spsc_65536_cross-core_paced_itch,1,book,226.668,233.334,2646
1,spsc_65536_cross-core_paced_itch,1,book,233.334,240.001,2417
1,spsc_65536_cross-core_paced_itch,1,book,240.001,246.668,2173
1,spsc_65536_cross-core_paced_itch,1,book,246.668,253.335,1963
1,spsc_65536_cross-core_paced_itch,1,book,253.335,260.001,1787
1,spsc_65536_cross-core_paced_itch,1,book,260.001,266.668,1775
1,spsc_65536_cross-core_paced_itch,1,book,266.668,273.335,1728
1,spsc_65536_cross-core_paced_itch,1,book,273.335,280.001,1782
1,spsc_65536_cross-core_paced_itch,1,book,280.001,286.668,1899
1,spsc_65536_cross-core_paced_itch,1,book,286.668,293.335,1919
1,spsc_65536_cross-core_paced_itch,1,book,293.335,300.001,2069
1,spsc_65536_cross-core_paced_itch,1,book,300.001,306.668,2048
1,spsc_65536_cross-core_paced_itch,1,book,306.668,313.335,1994
1,spsc_65536_cross-core_paced_itch,1,book,313.335,320.002,1970
1,spsc_65536_cross-core_paced_itch,1,book,320.002,326.668,1876
1,spsc_65536_cross-core_paced_itch,1,book,326.668,333.335,1821
1,spsc_65536_cross-core_paced_itch,1,book,333.335,340.002,1729
1,spsc_65536_cross-core_paced_itch,1,book,340.002,346.668,1673
1,spsc_65536_cross-core_paced_itch,1,book,346.668,353.335,1551
1,spsc_65536_cross-core_paced_itch,1,book,353.335,360.002,1473
1,spsc_65536_cross-core_paced_itch,1,book,360.002,366.668,1389
1,spsc_65536_cross-core_paced_itch,1,book,366.668,373.335,1254
1,spsc_65536_cross-core_paced_itch,1,book,373.335,380.002,1276
1,spsc_65536_cross-core_paced_itch,1,book,380.002,386.669,1259
1,spsc_65536_cross-core_paced_itch,1,book,386.669,393.335,1191
1,spsc_65536_cross-core_paced_itch,1,book,393.335,400.002,1151
1,spsc_65536_cross-core_paced_itch,1,book,400.002,406.669,1110
1,spsc_65536_cross-core_paced_itch,1,book,406.669,413.335,1136
1,spsc_65536_cross-core_paced_itch,1,book,413.335,420.002,1091
1,spsc_65536_cross-core_paced_itch,1,book,420.002,426.669,1103
1,spsc_65536_cross-core_paced_itch,1,book,426.669,440.002,2085
1,spsc_65536_cross-core_paced_itch,1,book,440.002,453.335,1797
1,spsc_65536_cross-core_paced_itch,1,book,453.335,466.669,1619
1,spsc_65536_cross-core_paced_itch,1,book,466.669,480.002,1309
1,spsc_65536_cross-core_paced_itch,1,book,480.002,493.336,1202
1,spsc_65536_cross-core_paced_itch,1,book,493.336,506.669,1038
1,spsc_65536_cross-core_paced_itch,1,book,506.669,520.002,924
1,spsc_65536_cross-core_paced_itch,1,book,520.002,533.336,867
1,spsc_65536_cross-core_paced_itch,1,book,533.336,546.669,783
1,spsc_65536_cross-core_paced_itch,1,book,546.669,560.003,786
1,spsc_65536_cross-core_paced_itch,1,book,560.003,573.336,727
1,spsc_65536_cross-core_paced_itch,1,book,573.336,586.669,677
1,spsc_65536_cross-core_paced_itch,1,book,586.669,600.003,596
1,spsc_65536_cross-core_paced_itch,1,book,600.003,613.336,510
1,spsc_65536_cross-core_paced_itch,1,book,613.336,626.67,486
1,spsc_65536_cross-core_paced_itch,1,book,626.67,640.003,470
1,spsc_65536_cross-core_paced_itch,1,book,640.003,653.336,414
1,spsc_65536_cross-core_paced_itch,1,book,653.336,666.67,390
1,spsc_65536_cross-core_paced_itch,1,book,666.67,680.003,341
1,spsc_65536_cross-core_paced_itch,1,book,680.003,693.337,322
1,spsc_65536_cross-core_paced_itch,1,book,693.337,706.67,290
1,spsc_65536_cross-core_paced_itch,1,book,706.67,720.003,257
1,spsc_65536_cross-core_paced_itch,1,book,720.003,733.337,254
1,spsc_65536_cross-core_paced_itch,1,book,733.337,746.67,182
1,spsc_65536_cross-core_paced_itch,1,book,746.67,760.004,175
1,spsc_65536_cross-core_paced_itch,1,book,760.004,773.337,174
1,spsc_65536_cross-core_paced_itch,1,book,773.337,786.67,134
1,spsc_65536_cross-core_paced_itch,1,book,786.67,800.004,123
1,spsc_65536_cross-core_paced_itch,1,book,800.004,813.337,113
1,spsc_65536_cross-core_paced_itch,1,book,813.337,826.671,125
1,spsc_65536_cross-core_paced_itch,1,book,826.671,840.004,85
1,spsc_65536_cross-core_paced_itch,1,book,840.004,853.337,93
1,spsc_65536_cross-core_paced_itch,1,book,853.337,880.004,167
1,spsc_65536_cross-core_paced_itch,1,book,880.004,906.671,116
1,spsc_65536_cross-core_paced_itch,1,book,906.671,933.338,106
1,spsc_65536_cross-core_paced_itch,1,book,933.338,960.005,92
1,spsc_65536_cross-core_paced_itch,1,book,960.005,986.671,59
1,spsc_65536_cross-core_paced_itch,1,book,986.671,1013.34,45
1,spsc_65536_cross-core_paced_itch,1,book,1013.34,1040,49
1,spsc_65536_cross-core_paced_itch,1,book,1040,1066.67,38
1,spsc_65536_cross-core_paced_itch,1,book,1066.67,1093.34,27
1,spsc_65536_cross-core_paced_itch,1,book,1093.34,1120.01,17
1,spsc_65536_cross-core_paced_itch,1,book,1120.01,1146.67,24
1,spsc_65536_cross-core_paced_itch,1,book,1146.67,1173.34,14
1,spsc_65536_cross-core_paced_itch,1,book,1173.34,1200.01,21
1,spsc_65536_cross-core_paced_itch,1,book,1200.01,1226.67,12
1,spsc_65536_cross-core_paced_itch,1,book,1226.67,1253.34,9
1,spsc_65536_cross-core_paced_itch,1,book,1253.34,1280.01,5
1,spsc_65536_cross-core_paced_itch,1,book,1280.01,1306.67,8
1,spsc_65536_cross-core_paced_itch,1,book,1306.67,1333.34,9
1,spsc_65536_cross-core_paced_itch,1,book,1333.34,1360.01,5
1,spsc_65536_cross-core_paced_itch,1,book,1360.01,1386.67,2
1,spsc_65536_cross-core_paced_itch,1,book,1386.67,1413.34,5
1,spsc_65536_cross-core_paced_itch,1,book,1413.34,1440.01,5
1,spsc_65536_cross-core_paced_itch,1,book,1440.01,1466.67,4
1,spsc_65536_cross-core_paced_itch,1,book,1466.67,1493.34,4
1,spsc_65536_cross-core_paced_itch,1,book,1493.34,1520.01,3
1,spsc_65536_cross-core_paced_itch,1,book,1520.01,1546.67,6
1,spsc_65536_cross-core_paced_itch,1,book,1546.67,1573.34,2
1,spsc_65536_cross-core_paced_itch,1,book,1573.34,1600.01,2
1,spsc_65536_cross-core_paced_itch,1,book,1600.01,1626.67,1
1,spsc_65536_cross-core_paced_itch,1,book,1626.67,1653.34,1
1,spsc_65536_cross-core_paced_itch,1,book,1653.34,1680.01,3
1,spsc_65536_cross-core_paced_itch,1,book,1680.01,1706.67,2
1,spsc_65536_cross-core_paced_itch,1,book,1706.67,1760.01,6
1,spsc_65536_cross-core_paced_itch,1,book,1760.01,1813.34,5
1,spsc_65536_cross-core_paced_itch,1,book,1813.34,1866.68,2
1,spsc_65536_cross-core_paced_itch,1,book,1866.68,1920.01,1
1,spsc_65536_cross-core_paced_itch,1,book,1973.34,2026.68,3
1,spsc_65536_cross-core_paced_itch,1,book,2080.01,2133.34,1
1,spsc_65536_cross-core_paced_itch,1,book,2133.34,2186.68,8
1,spsc_65536_cross-core_paced_itch,1,book,2186.68,2240.01,10
1,spsc_65536_cross-core_paced_itch,1,book,2240.01,2293.34,8
1,spsc_65536_cross-core_paced_itch,1,book,2293.34,2346.68,8
1,spsc_65536_cross-core_paced_itch,1,book,2346.68,2400.01,11
1,spsc_65536_cross-core_paced_itch,1,book,2400.01,2453.34,8
1,spsc_65536_cross-core_paced_itch,1,book,2453.34,2506.68,8
1,spsc_65536_cross-core_paced_itch,1,book,2506.68,2560.01,8
1,spsc_65536_cross-core_paced_itch,1,book,2560.01,2613.35,8
1,spsc_65536_cross-core_paced_itch,1,book,2613.35,2666.68,7
1,spsc_65536_cross-core_paced_itch,1,book,2666.68,2720.01,7
1,spsc_65536_cross-core_paced_itch,1,book,2720.01,2773.35,10
1,spsc_65536_cross-core_paced_itch,1,book,2773.35,2826.68,8
1,spsc_65536_cross-core_paced_itch,1,book,2826.68,2880.01,7
1,spsc_65536_cross-core_paced_itch,1,book,2880.01,2933.35,7
1,spsc_65536_cross-core_paced_itch,1,book,2933.35,2986.68,6
1,spsc_65536_cross-core_paced_itch,1,book,2986.68,3040.01,4
1,spsc_65536_cross-core_paced_itch,1,book,3040.01,3093.35,2
1,spsc_65536_cross-core_paced_itch,1,book,3093.35,3146.68,3
1,spsc_65536_cross-core_paced_itch,1,book,3146.68,3200.02,3
1,spsc_65536_cross-core_paced_itch,1,book,3200.02,3253.35,1
1,spsc_65536_cross-core_paced_itch,1,book,3253.35,3306.68,2
1,spsc_65536_cross-core_paced_itch,1,book,3306.68,3360.02,3
1,spsc_65536_cross-core_paced_itch,1,book,3360.02,3413.35,1
1,spsc_65536_cross-core_paced_itch,1,book,3413.35,3520.02,4
1,spsc_65536_cross-core_paced_itch,1,book,3520.02,3626.68,2
1,spsc_65536_cross-core_paced_itch,1,book,3626.68,3733.35,3
1,spsc_65536_cross-core_paced_itch,1,book,3733.35,3840.02,5
1,spsc_65536_cross-core_paced_itch,1,book,3840.02,3946.69,1
1,spsc_65536_cross-core_paced_itch,1,book,4160.02,4266.69,1
1,spsc_65536_cross-core_paced_itch,1,book,4266.69,4373.35,3
1,spsc_65536_cross-core_paced_itch,1,book,4373.35,4480.02,1
1,spsc_65536_cross-core_paced_itch,1,book,4586.69,4693.36,1
1,spsc_65536_cross-core_paced_itch,1,book,5120.02,5226.69,1
1,spsc_65536_cross-core_paced_itch,1,book,5226.69,5333.36,1
1,spsc_65536_cross-core_paced_itch,1,book,5333.36,5440.03,9
1,spsc_65536_cross-core_paced_itch,1,book,5440.03,5546.69,6
1,spsc_65536_cross-core_paced_itch,1,book,5546.69,5653.36,1
1,spsc_65536_cross-core_paced_itch,1,book,5653.36,5760.03,1
1,spsc_65536_cross-core_paced_itch,1,book,5760.03,5866.69,2
1,spsc_65536_cross-core_paced_itch,1,book,5866.69,5973.36,2
1,spsc_65536_cross-core_paced_itch,1,book,5973.36,6080.03,2
1,spsc_65536_cross-core_paced_itch,1,book,6080.03,6186.7,2
1,spsc_65536_cross-core_paced_itch,1,book,6186.7,6293.36,1
1,spsc_65536_cross-core_paced_itch,1,book,6400.03,6506.7,1
1,spsc_65536_cross-core_paced_itch,1,book,6506.7,6613.36,1
1,spsc_65536_cross-core_paced_itch,1,book,6613.36,6720.03,2
1,spsc_65536_cross-core_paced_itch,1,book,6720.03,6826.7,1
1,spsc_65536_cross-core_paced_itch,1,book,6826.7,7040.03,6
1,spsc_65536_cross-core_paced_itch,1,book,7040.03,7253.37,2
1,spsc_65536_cross-core_paced_itch,1,book,7253.37,7466.7,2
1,spsc_65536_cross-core_paced_itch,1,book,7466.7,7680.04,2
1,spsc_65536_cross-core_paced_itch,1,book,7893.37,8106.71,3
1,spsc_65536_cross-core_paced_itch,1,book,8106.71,8320.04,3
1,spsc_65536_cross-core_paced_itch,1,book,8320.04,8533.37,9
1,spsc_65536_cross-core_paced_itch,1,book,8533.37,8746.71,11
1,spsc_65536_cross-core_paced_itch,1,book,8746.71,8960.04,15
1,spsc_65536_cross-core_paced_itch,1,book,8960.04,9173.38,5
1,spsc_65536_cross-core_paced_itch,1,book,9173.38,9386.71,7
1,spsc_65536_cross-core_paced_itch,1,book,9386.71,9600.05,4
1,spsc_65536_cross-core_paced_itch,1,book,9600.05,9813.38,3
1,spsc_65536_cross-core_paced_itch,1,book,9813.38,10026.7,2
1,spsc_65536_cross-core_paced_itch,1,book,10026.7,10240,1
1,spsc_65536_cross-core_paced_itch,1,book,10240,10453.4,2
1,spsc_65536_cross-core_paced_itch,1,book,10453.4,10666.7,2
1,spsc_65536_cross-core_paced_itch,1,book,10666.7,10880.1,2
1,spsc_65536_cross-core_paced_itch,1,book,11306.7,11520.1,1
1,spsc_65536_cross-core_paced_itch,1,book,11520.1,11733.4,1
1,spsc_65536_cross-core_paced_itch,1,book,11733.4,11946.7,1
1,spsc_65536_cross-core_paced_itch,1,book,12160.1,12373.4,1
1,spsc_65536_cross-core_paced_itch,1,book,12373.4,12586.7,1
1,spsc_65536_cross-core_paced_itch,1,book,13653.4,14080.1,1
2,spsc_65536_cross-core_paced_itch,0,total,240.001,246.668,1
2,spsc_65536_cross-core_paced_itch,0,total,253.335,260.001,2
2,spsc_65536_cross-core_paced_itch,0,total,260.001,266.668,1
2,spsc_65536_cross-core_paced_itch,0,total,266.668,273.335,3
2,spsc_65536_cross-core_paced_itch,0,total,273.335,280.001,1
2,spsc_65536_cross-core_paced_itch,0,total,280.001,286.668,9
2,spsc_65536_cross-core_paced_itch,0,total,286.668,293.335,6
2,spsc_65536_cross-core_paced_itch,0,total,293.335,300.001,16
2,spsc_65536_cross-core_paced_itch,0,total,300.001,306.668,19
2,spsc_65536_cross-core_paced_itch,0,total,306.668,313.335,37
2,spsc_65536_cross-core_paced_itch,0,total,313.335,320.002,82
2,spsc_65536_cross-core_paced_itch,0,total,320.002,326.668,123
2,spsc_65536_cross-core_paced_itch,0,total,326.668,333.335,236
2,spsc_65536_cross-core_paced_itch,0,total,333.335,340.002,336
2,spsc_65536_cross-core_paced_itch,0,total,340.002,346.668,517
2,spsc_65536_cross-core_paced_itch,0,total,346.668,353.335,744
2,spsc_65536_cross-core_paced_itch,0,total,353.335,360.002,1029
2,spsc_65536_cross-core_paced_itch,0,total,360.002,366.668,1297
2,spsc_65536_cross-core_paced_itch,0,total,366.668,373.335,1460
2,spsc_65536_cross-core_paced_itch,0,total,373.335,380.002,1743
2,spsc_65536_cross-core_paced_itch,0,total,380.002,386.669,2035
2,spsc_65536_cross-core_paced_itch,0,total,386.669,393.335,2185
2,spsc_65536_cross-core_paced_itch,0,total,393.335,400.002,2233
2,spsc_65536_cross-core_paced_itch,0,total,400.002,406.669,2232
2,spsc_65536_cross-core_paced_itch,0,total,406.669,413.335,2226
2,spsc_65536_cross-core_paced_itch,0,total,413.335,420.002,2220
2,spsc_65536_cross-core_paced_itch,0,total,420.002,426.669,2068
2,spsc_65536_cross-core_paced_itch,0,total,426.669,440.002,4258
2,spsc_65536_cross-core_paced_itch,0,total,440.002,453.335,4816
2,spsc_65536_cross-core_paced_itch,0,total,453.335,466.669,6044
2,spsc_65536_cross-core_paced_itch,0,total,466.669,480.002,7397
2,spsc_65536_cross-core_paced_itch,0,total,480.002,493.336,8627
2,spsc_65536_cross-core_paced_itch,0,total,493.336,506.669,9090
2,spsc_65536_cross-core_paced_itch,0,total,506.669,520.002,8556
2,spsc_65536_cross-core_paced_itch,0,total,520.002,533.336,7518
2,spsc_65536_cross-core_paced_itch,0,total,533.336,546.669,6412
2,spsc_65536_cross-core_paced_itch,0,total,546.669,560.003,5344
2,spsc_65536_cross-core_paced_itch,0,total,560.003,573.336,4540
2,spsc_65536_cross-core_paced_itch,0,total,573.336,586.669,3876
2,spsc_65536_cross-core_paced_itch,0,total,586.669,600.003,3737
2,spsc_65536_cross-core_paced_itch,0,total,600.003,613.336,3563
2,spsc_65536_cross-core_paced_itch,0,total,613.336,626.67,3501
2,spsc_65536_cross-core_paced_itch,0,total,626.67,640.003,3560
2,spsc_65536_cross-core_paced_itch,0,total,640.003,653.336,3497
2,spsc_65536_cross-core_paced_itch,0,total,653.336,666.67,3520
2,spsc_65536_cross-core_paced_itch,0,total,666.67,680.003,3332
2,spsc_65536_cross-core_paced_itch,0,total,680.003,693.337,3299
2,spsc_65536_cross-core_paced_itch,0,total,693.337,706.67,3028
2,spsc_65536_cross-core_paced_itch,0,total,706.67,720.003,2886
2,spsc_65536_cross-core_paced_itch,0,total,720.003,733.337,2990
2,spsc_65536_cross-core_paced_itch,0,total,733.337,746.67,2730
2,spsc_65536_cross-core_paced_itch,0,total,746.67,760.004,2607
2,spsc_65536_cross-core_paced_itch,0,total,760.004,773.337,2536
2,spsc_65536_cross-core_paced_itch,0,total,773.337,786.67,2323
2,spsc_65536_cross-core_paced_itch,0,total,786.67,800.004,2106
2,spsc_65536_cross-core_paced_itch,0,total,800.004,813.337,2034
2,spsc_65536_cross-core_paced_itch,0,total,813.337,826.671,1914
2,spsc_65536_cross-core_paced_itch,0,total,826.671,840.004,1709
2,spsc_65536_cross-core_paced_itch,0,total,840.004,853.337,1646
2,spsc_65536_cross-core_paced_itch,0,total,853.337,880.004,3052
2,spsc_65536_cross-core_paced_itch,0,total,880.004,906.671,2677
2,spsc_65536_cross-core_paced_itch,0,total,906.671,933.338,2550
2,spsc_65536_cross-core_paced_itch,0,total,933.338,960.005,2284
2,spsc_65536_cross-core_paced_itch,0,total,960.005,986.671,2078
2,spsc_65536_cross-core_paced_itch,0,total,986.671,1013.34,1852
2,spsc_65536_cross-core_paced_itch,0,total,1013.34,1040,1643
2,spsc_65536_cross-core_paced_itch,0,total,1040,1066.67,1541
2,spsc_65536_cross-core_paced_itch,0,total,1066.67,1093.34,1416
2,spsc_65536_cross-core_paced_itch,0,total,1093.34,1120.01,1373
2,spsc_65536_cross-core_paced_itch,0,total,1120.01,1146.67,1167
2,spsc_65536_cross-core_paced_itch,0,total,1146.67,1173.34,1130
2,spsc_65536_cross-core_paced_itch,0,total,1173.34,1200.01,1103
2,spsc_65536_cross-core_paced_itch,0,total,1200.01,1226.67,1012
2,spsc_65536_cross-core_paced_itch,0,total,1226.67,1253.34,1000
2,spsc_65536_cross-core_paced_itch,0,total,1253.34,1280.01,978
2,spsc_65536_cross-core_paced_itch,0,total,1280.01,1306.67,884
2,spsc_65536_cross-core_paced_itch,0,total,1306.67,1333.34,842
2,spsc_65536_cross-core_paced_itch,0,total,1333.34,1360.01,871
2,spsc_65536_cross-core_paced_itch,0,total,1360.01,1386.67,820
2,spsc_65536_cross-core_paced_itch,0,total,1386.67,1413.34,784
2,spsc_65536_cross-core_paced_itch,0,total,1413.34,1440.01,769
2,spsc_65536_cross-core_paced_itch,0,total,1440.01,1466.67,743
2,spsc_65536_cross-core_paced_itch,0,total,1466.67,1493.34,746
2,spsc_65536_cross-core_paced_itch,0,total,1493.34,1520.01,725
2,spsc_65536_cross-core_paced_itch,0,total,1520.01,1546.67,682
2,spsc_65536_cross-core_paced_itch,0,total,1546.67,1573.34,662
2,spsc_65536_cross-core_paced_itch,0,total,1573.34,1600.01,668
2,spsc_65536_cross-core_paced_itch,0,total,1600.01,1626.67,648
2,spsc_65536_cross-core_paced_itch,0,total,1626.67,1653.34,633
2,spsc_65536_cross-core_paced_itch,0,total,1653.34,1680.01,643
2,spsc_65536_cross-core_paced_itch,0,total,1680.01,1706.67,683
2,spsc_65536_cross-core_paced_itch,0,total,1706.67,1760.01,1181
2,spsc_65536_cross-core_paced_itch,0,total,1760.01,1813.34,1190
2,spsc_65536_cross-core_paced_itch,0,total,1813.34,1866.68,1191
2,spsc_65536_cross-core_paced_itch,0,total,1866.68,1920.01,1141
2,spsc_65536_cross-core_paced_itch,0,total,1920.01,1973.34,1139
2,spsc_65536_cross-core_paced_itch,0,total,1973.34,2026.68,1137
2,spsc_65536_cross-core_paced_itch,0,total,2026.68,2080.01,1104
2,spsc_65536_cross-core_paced_itch,0,total,2080.01,2133.34,1065
2,spsc_65536_cross-core_paced_itch,0,total,2133.34,2186.68,1001
2,spsc_65536_cross-core_paced_itch,0,total,2186.68,2240.01,1013
2,spsc_65536_cross-core_paced_itch,0,total,2240.01,2293.34,977
2,spsc_65536_cross-core_paced_itch,0,total,2293.34,2346.68,980
2,spsc_65536_cross-core_paced_itch,0,total,2346.68,2400.01,958
2,spsc_65536_cross-core_paced_itch,0,total,2400.01,2453.34,933
2,spsc_65536_cross-core_paced_itch,0,total,2453.34,2506.68,892
2,spsc_65536_cross-core_paced_itch,0,total,2506.68,2560.01,954
2,spsc_65536_cross-core_paced_itch,0,total,2560.01,2613.35,878
2,spsc_65536_cross-core_paced_itch,0,total,2613.35,2666.68,839
2,spsc_65536_cross-core_paced_itch,0,total,2666.68,2720.01,867
2,spsc_65536_cross-core_paced_itch,0,total,2720.01,2773.35,823
2,spsc_65536_cross-core_paced_itch,0,total,2773.35,2826.68,801
2,spsc_65536_cross-core_paced_itch,0,total,2826.68,2880.01,807
2,spsc_65536_cross-core_paced_itch,0,total,2880.01,2933.35,805
2,spsc_65536_cross-core_paced_itch,0,total,2933.35,2986.68,750
2,spsc_65536_cross-core_paced_itch,0,total,2986.68,3040.01,763
2,spsc_65536_cross-core_paced_itch,0,total,3040.01,3093.35,721
2,spsc_65536_cross-core_paced_itch,0,total,3093.35,3146.68,731
2,spsc_65536_cross-core_paced_itch,0,total,3146.68,3200.02,720
2,spsc_65536_cross-core_paced_itch,0,total,3200.02,3253.35,706
2,spsc_65536_cross-core_paced_itch,0,total,3253.35,3306.68,665
2,spsc_65536_cross-core_paced_itch,0,total,3306.68,3360.02,701
2,spsc_65536_cross-core_paced_itch,0,total,3360.02,3413.35,734
2,spsc_65536_cross-core_paced_itch,0,total,3413.35,3520.02,1294
2,spsc_65536_cross-core_paced_itch,0,total,3520.02,3626.68,1204
2,spsc_65536_cross-core_paced_itch,0,total,3626.68,3733.35,1214
2,spsc_65536_cross-core_paced_itch,0,total,3733.35,3840.02,1113
2,spsc_65536_cross-core_paced_itch,0,total,3840.02,3946.69,1114
2,spsc_65536_cross-core_paced_itch,0,total,3946.69,4053.35,1005
2,spsc_65536_cross-core_paced_itch,0,total,4053.35,4160.02,995
2,spsc_65536_cross-core_paced_itch,0,total,4160.02,4266.69,972
2,spsc_65536_cross-core_paced_itch,0,total,4266.69,4373.35,882
2,spsc_65536_cross-core_paced_itch,0,total,4373.35,4480.02,887
2,spsc_65536_cross-core_paced_itch,0,total,4480.02,4586.69,804
2,spsc_65536_cross-core_paced_itch,0,total,4586.69,4693.36,862
2,spsc_65536_cross-core_paced_itch,0,total,4693.36,4800.02,734
2,spsc_65536_cross-core_paced_itch,0,total,4800.02,4906.69,728
2,spsc_65536_cross-core_paced_itch,0,total,4906.69,5013.36,665
2,spsc_65536_cross-core_paced_itch,0,total,5013.36,5120.02,712
2,spsc_65536_cross-core_paced_itch,0,total,5120.02,5226.69,681
2,spsc_65536_cross-core_paced_itch,0,total,5226.69,5333.36,606
2,spsc_65536_cross-core_paced_itch,0,total,5333.36,5440.03,617
2,spsc_65536_cross-core_paced_itch,0,total,5440.03,5546.69,583
2,spsc_65536_cross-core_paced_itch,0,total,5546.69,5653.36,531
2,spsc_65536_cross-core_paced_itch,0,total,5653.36,5760.03,559
2,spsc_65536_cross-core_paced_itch,0,total,5760.03,5866.69,527
2,spsc_65536_cross-core_paced_itch,0,total,5866.69,5973.36,469
2,spsc_65536_cross-core_paced_itch,0,total,5973.36,6080.03,469
2,spsc_65536_cross-core_paced_itch,0,total,6080.03,6186.7,419
2,spsc_65536_cross-core_paced_itch,0,total,6186.7,6293.36,425
2,spsc_65536_cross-core_paced_itch,0,total,6293.36,6400.03,425
2,spsc_65536_cross-core_paced_itch,0,total,6400.03,6506.7,383
2,spsc_65536_cross-core_paced_itch,0,total,6506.7,6613.36,404
2,spsc_65536_cross-core_paced_itch,0,total,6613.36,6720.03,382
2,spsc_65536_cross-core_paced_itch,0,total,6720.03,6826.7,351
2,spsc_65536_cross-core_paced_itch,0,total,6826.7,7040.03,682
2,spsc_65536_cross-core_paced_itch,0,total,7040.03,7253.37,630
2,spsc_65536_cross-core_paced_itch,0,total,7253.37,7466.7,584
2,spsc_65536_cross-core_paced_itch,0,total,7466.7,7680.04,568
2,spsc_65536_cross-core_paced_itch,0,total,7680.04,7893.37,545
2,spsc_65536_cross-core_paced_itch,0,total,7893.37,8106.71,544
2,spsc_65536_cross-core_paced_itch,0,total,8106.71,8320.04,545
2,spsc_65536_cross-core_paced_itch,0,total,8320.04,8533.37,528
2,spsc_65536_cross-core_paced_itch,0,total,8533.37,8746.71,480
2,spsc_65536_cross-core_paced_itch,0,total,8746.71,8960.04,462
2,spsc_65536_cross-core_paced_itch,0,total,8960.04,9173.38,417
2,spsc_65536_cross-core_paced_itch,0,total,9173.38,9386.71,473
2,spsc_65536_cross-core_paced_itch,0,total,9386.71,9600.05,412
2,spsc_65536_cross-core_paced_itch,0,total,9600.05,9813.38,339
2,spsc_65536_cross-core_paced_itch,0,total,9813.38,10026.7,323
2,spsc_65536_cross-core_paced_itch,0,total,10026.7,10240,263
2,spsc_65536_cross-core_paced_itch,0,total,10240,10453.4,259
2,spsc_65536_cross-core_paced_itch,0,total,10453.4,10666.7,257
2,spsc_65536_cross-core_paced_itch,0,total,10666.7,10880.1,221
2,spsc_65536_cross-core_paced_itch,0,total,10880.1,11093.4,220
2,spsc_65536_cross-core_paced_itch,0,total,11093.4,11306.7,172
2,spsc_65536_cross-core_paced_itch,0,total,11306.7,11520.1,142
2,spsc_65536_cross-core_paced_itch,0,total,11520.1,11733.4,110
2,spsc_65536_cross-core_paced_itch,0,total,11733.4,11946.7,123
2,spsc_65536_cross-core_paced_itch,0,total,11946.7,12160.1,112
2,spsc_65536_cross-core_paced_itch,0,total,12160.1,12373.4,94
2,spsc_65536_cross-core_paced_itch,0,total,12373.4,12586.7,92
2,spsc_65536_cross-core_paced_itch,0,total,12586.7,12800.1,85
2,spsc_65536_cross-core_paced_itch,0,total,12800.1,13013.4,84
2,spsc_65536_cross-core_paced_itch,0,total,13013.4,13226.7,81
2,spsc_65536_cross-core_paced_itch,0,total,13226.7,13440.1,85
2,spsc_65536_cross-core_paced_itch,0,total,13440.1,13653.4,73
2,spsc_65536_cross-core_paced_itch,0,total,13653.4,14080.1,142
2,spsc_65536_cross-core_paced_itch,0,total,14080.1,14506.7,122
2,spsc_65536_cross-core_paced_itch,0,total,14506.7,14933.4,112
2,spsc_65536_cross-core_paced_itch,0,total,14933.4,15360.1,113
2,spsc_65536_cross-core_paced_itch,0,total,15360.1,15786.7,109
2,spsc_65536_cross-core_paced_itch,0,total,15786.7,16213.4,101
2,spsc_65536_cross-core_paced_itch,0,total,16213.4,16640.1,106
2,spsc_65536_cross-core_paced_itch,0,total,16640.1,17066.7,89
2,spsc_65536_cross-core_paced_itch,0,total,17066.7,17493.4,82
2,spsc_65536_cross-core_paced_itch,0,total,17493.4,17920.1,80
2,spsc_65536_cross-core_paced_itch,0,total,17920.1,18346.8,81
2,spsc_65536_cross-core_paced_itch,0,total,18346.8,18773.4,94
2,spsc_65536_cross-core_paced_itch,0,total,18773.4,19200.1,71
2,spsc_65536_cross-core_paced_itch,0,total,19200.1,19626.8,67
2,spsc_65536_cross-core_paced_itch,0,total,19626.8,20053.4,55
2,spsc_65536_cross-core_paced_itch,0,total,20053.4,20480.1,51
2,spsc_65536_cross-core_paced_itch,0,total,20480.1,20906.8,43
2,spsc_65536_cross-core_paced_itch,0,total,20906.8,21333.4,37
2,spsc_65536_cross-core_paced_itch,0,total,21333.4,21760.1,39
2,spsc_65536_cross-core_paced_itch,0,total,21760.1,22186.8,35
2,spsc_65536_cross-core_paced_itch,0,total,22186.8,22613.4,49
2,spsc_65536_cross-core_paced_itch,0,total,22613.4,23040.1,30
2,spsc_65536_cross-core_paced_itch,0,total,23040.1,23466.8,23
2,spsc_65536_cross-core_paced_itch,0,total,23466.8,23893.4,30
2,spsc_65536_cross-core_paced_itch,0,total,23893.4,24320.1,24
2,spsc_65536_cross-core_paced_itch,0,total,24320.1,24746.8,38
2,spsc_65536_cross-core_paced_itch,0,total,24746.8,25173.5,34
2,spsc_65536_cross-core_paced_itch,0,total,25173.5,25600.1,31
2,spsc_65536_cross-core_paced_itch,0,total,25600.1,26026.8,36
2,spsc_65536_cross-core_paced_itch,0,total,26026.8,26453.5,32
2,spsc_65536_cross-core_paced_itch,0,total,26453.5,26880.1,35
2,spsc_65536_cross-core_paced_itch,0,total,26880.1,27306.8,19
2,spsc_65536_cross-core_paced_itch,0,total,27306.8,28160.1,63
2,spsc_65536_cross-core_paced_itch,0,total,28160.1,29013.5,43
2,spsc_65536_cross-core_paced_itch,0,total,29013.5,29866.8,25
2,spsc_65536_cross-core_paced_itch,0,total,29866.8,30720.1,24
2,spsc_65536_cross-core_paced_itch,0,total,30720.1,31573.5,24
2,spsc_65536_cross-core_paced_itch,0,total,31573.5,32426.8,21
2,spsc_65536_cross-core_paced_itch,0,total,32426.8,33280.2,24
2,spsc_65536_cross-core_paced_itch,0,total,33280.2,34133.5,29
2,spsc_65536_cross-core_paced_itch,0,total,34133.5,34986.8,19
2,spsc_65536_cross-core_paced_itch,0,total,34986.8,35840.2,9
2,spsc_65536_cross-core_paced_itch,0,total,35840.2,36693.5,17
2,spsc_65536_cross-core_paced_itch,0,total,36693.5,37546.8,12
2,spsc_65536_cross-core_paced_itch,0,total,37546.8,38400.2,15
2,spsc_65536_cross-core_paced_itch,0,total,38400.2,39253.5,20
2,spsc_65536_cross-core_paced_itch,0,total,39253.5,40106.9,26
2,spsc_65536_cross-core_paced_itch,0,total,40106.9,40960.2,30
2,spsc_65536_cross-core_paced_itch,0,total,40960.2,41813.5,25
2,spsc_65536_cross-core_paced_itch,0,total,41813.5,42666.9,27
2,spsc_65536_cross-core_paced_itch,0,total,42666.9,43520.2,19
2,spsc_65536_cross-core_paced_itch,0,total,43520.2,44373.5,24
2,spsc_65536_cross-core_paced_itch,0,total,44373.5,45226.9,8
2,spsc_65536_cross-core_paced_itch,0,total,45226.9,46080.2,20
2,spsc_65536_cross-core_paced_itch,0,total,46080.2,46933.6,12
2,spsc_65536_cross-core_paced_itch,0,total,46933.6,47786.9,11
2,spsc_65536_cross-core_paced_itch,0,total,47786.9,48640.2,16
2,spsc_65536_cross-core_paced_itch,0,total,48640.2,49493.6,19
2,spsc_65536_cross-core_paced_itch,0,total,49493.6,50346.9,23
2,spsc_65536_cross-core_paced_itch,0,total,50346.9,51200.2,25
2,spsc_65536_cross-core_paced_itch,0,total,51200.2,52053.6,18
2,spsc_65536_cross-core_paced_itch,0,total,52053.6,52906.9,17
2,spsc_65536_cross-core_paced_itch,0,total,52906.9,53760.3,19
2,spsc_65536_cross-core_paced_itch,0,total,53760.3,54613.6,8
2,spsc_65536_cross-core_paced_itch,0,total,54613.6,56320.3,12
2,spsc_65536_cross-core_paced_itch,0,total,56320.3,58026.9,14
2,spsc_65536_cross-core_paced_itch,0,total,58026.9,59733.6,23
2,spsc_65536_cross-core_paced_itch,0,total,59733.6,61440.3,20
2,spsc_65536_cross-core_paced_itch,0,total,61440.3,63147,14
2,spsc_65536_cross-core_paced_itch,0,total,63147,64853.6,17
2,spsc_65536_cross-core_paced_itch,0,total,64853.6,66560.3,24
2,spsc_65536_cross-core_paced_itch,0,total,66560.3,68267,21
2,spsc_65536_cross-core_paced_itch,0,total,68267,69973.7,25
2,spsc_65536_cross-core_paced_itch,0,total,69973.7,71680.3,21
2,spsc_65536_cross-core_paced_itch,0,total,71680.3,73387,20
2,spsc_65536_cross-core_paced_itch,0,total,73387,75093.7,19
2,spsc_65536_cross-core_paced_itch,0,total,75093.7,76800.4,22
2,spsc_65536_cross-core_paced_itch,0,total,76800.4,78507,22
2,spsc_65536_cross-core_paced_itch,0,total,78507,80213.7,20
2,spsc_65536_cross-core_paced_itch,0,total,80213.7,81920.4,22
2,spsc_65536_cross-core_paced_itch,0,total,81920.4,83627.1,15
2,spsc_65536_cross-core_paced_itch,0,total,83627.1,85333.7,21
2,spsc_65536_cross-core_paced_itch,0,total,85333.7,87040.4,14
2,spsc_65536_cross-core_paced_itch,0,total,87040.4,88747.1,9
2,spsc_65536_cross-core_paced_itch,0,total,88747.1,90453.8,18
2,spsc_65536_cross-core_paced_itch,0,total,90453.8,92160.4,25
2,spsc_65536_cross-core_paced_itch,0,total,92160.4,93867.1,19
2,spsc_65536_cross-core_paced_itch,0,total,93867.1,95573.8,18
2,spsc_65536_cross-core_paced_itch,0,total,95573.8,97280.5,28
2,spsc_65536_cross-core_paced_itch,0,total,97280.5,98987.1,25
2,spsc_65536_cross-core_paced_itch,0,total,98987.1,100694,22
2,spsc_65536_cross-core_paced_itch,0,total,100694,102400,13
2,spsc_65536_cross-core_paced_itch,0,total,102400,104107,10
2,spsc_65536_cross-core_paced_itch,0,total,104107,105814,11
2,spsc_65536_cross-core_paced_itch,0,total,105814,107521,2
2,spsc_65536_cross-core_paced_itch,0,total,107521,109227,7
2,spsc_65536_cross-core_paced_itch,0,total,109227,112641,7
2,spsc_65536_cross-core_paced_itch,0,total,112641,116054,11
2,spsc_65536_cross-core_paced_itch,0,total,116054,119467,13
2,spsc_65536_cross-core_paced_itch,0,total,119467,122881,16
2,spsc_65536_cross-core_paced_itch,0,total,122881,126294,12
2,spsc_65536_cross-core_paced_itch,0,total,126294,129707,4
2,spsc_65536_cross-core_paced_itch,0,total,129707,133121,1
2,spsc_65536_cross-core_paced_itch,0,total,133121,136534,7
2,spsc_65536_cross-core_paced_itch,0,total,136534,139947,16
2,spsc_65536_cross-core_paced_itch,0,total,139947,143361,33
2,spsc_65536_cross-core_paced_itch,0,total,143361,146774,16
2,spsc_65536_cross-core_paced_itch,0,total,146774,150187,26
2,spsc_65536_cross-core_paced_itch,0,total,150187,153601,21
2,spsc_65536_cross-core_paced_itch,0,total,153601,157014,21
2,spsc_65536_cross-core_paced_itch,0,total,157014,160427,10
2,spsc_65536_cross-core_paced_itch,0,total,160427,163841,10
2,spsc_65536_cross-core_paced_itch,0,total,163841,167254,3
2,spsc_65536_cross-core_paced_itch,0,total,167254,170667,5
2,spsc_65536_cross-core_paced_itch,0,total,170667,174081,9
2,spsc_65536_cross-core_paced_itch,0,total,174081,177494,10
2,spsc_65536_cross-core_paced_itch,0,total,177494,180908,7
2,spsc_65536_cross-core_paced_itch,0,total,180908,184321,9
2,spsc_65536_cross-core_paced_itch,0,total,184321,187734,8
2,spsc_65536_cross-core_paced_itch,0,total,187734,191148,5
2,spsc_65536_cross-core_paced_itch,0,total,191148,194561,11
2,spsc_65536_cross-core_paced_itch,0,total,194561,197974,7
2,spsc_65536_cross-core_paced_itch,0,total,197974,201388,13
2,spsc_65536_cross-core_paced_itch,0,total,201388,204801,13
2,spsc_65536_cross-core_paced_itch,0,total,204801,208214,10
2,spsc_65536_cross-core_paced_itch,0,total,208214,211628,5
2,spsc_65536_cross-core_paced_itch,0,total,211628,215041,10
2,spsc_65536_cross-core_paced_itch,0,total,215041,218454,9
2,spsc_65536_cross-core_paced_itch,0,total,218454,225281,16
2,spsc_65536_cross-core_paced_itch,0,total,225281,232108,10
2,spsc_65536_cross-core_paced_itch,0,total,232108,238934,32
2,spsc_65536_cross-core_paced_itch,0,total,238934,245761,19
2,spsc_65536_cross-core_paced_itch,0,total,245761,252588,14
2,spsc_65536_cross-core_paced_itch,0,total,252588,259415,18
2,spsc_65536_cross-core_paced_itch,0,total,259415,266241,20
2,spsc_65536_cross-core_paced_itch,0,total,266241,273068,21
2,spsc_65536_cross-core_paced_itch,0,total,273068,279895,21
2,spsc_65536_cross-core_paced_itch,0,total,279895,286721,33
2,spsc_65536_cross-core_paced_itch,0,total,286721,293548,13
2,spsc_65536_cross-core_paced_itch,0,total,293548,300375,24
2,spsc_65536_cross-core_paced_itch,0,total,300375,307201,40
2,spsc_65536_cross-core_paced_itch,0,total,307201,314028,65
2,spsc_65536_cross-core_paced_itch,0,total,314028,320855,66
2,spsc_65536_cross-core_paced_itch,0,total,320855,327682,26
2,spsc_65536_cross-core_paced_itch,0,total,327682,334508,40
2,spsc_65536_cross-core_paced_itch,0,total,334508,341335,21
2,spsc_65536_cross-core_paced_itch,0,total,341335,348162,15
2,spsc_65536_cross-core_paced_itch,0,total,348162,354988,22
2,spsc_65536_cross-core_paced_itch,0,total,354988,361815,27
2,spsc_65536_cross-core_paced_itch,0,total,361815,368642,20
2,spsc_65536_cross-core_paced_itch,0,total,368642,375468,56
2,spsc_65536_cross-core_paced_itch,0,total,375468,382295,44
2,spsc_65536_cross-core_paced_itch,0,total,382295,389122,12
2,spsc_65536_cross-core_paced_itch,0,total,389122,395949,24
2,spsc_65536_cross-core_paced_itch,0,queue,88.3338,90.0004,1
2,spsc_65536_cross-core_paced_itch,0,queue,153.334,156.667,1
2,spsc_65536_cross-core_paced_itch,0,queue,166.667,170.001,1
2,spsc_65536_cross-core_paced_itch,0,queue,170.001,173.334,2
2,spsc_65536_cross-core_paced_itch,0,queue,176.668,180.001,1
2,spsc_65536_cross-core_paced_itch,0,queue,183.334,186.668,1
2,spsc_65536_cross-core_paced_itch,0,queue,186.668,190.001,1
2,spsc_65536_cross-core_paced_itch,0,queue,196.668,200.001,1
2,spsc_65536_cross-core_paced_itch,0,queue,200.001,203.334,1
2,spsc_65536_cross-core_paced_itch,0,queue,203.334,206.668,1
2,spsc_65536_cross-core_paced_itch,0,queue,206.668,210.001,2
2,spsc_65536_cross-core_paced_itch,0,queue,213.334,220.001,12
2,spsc_65536_cross-core_paced_itch,0,queue,220.001,226.668,28
2,spsc_65536_cross-core_paced_itch,0,queue,226.668,233.334,78
2,spsc_65536_cross-core_paced_itch,0,queue,233.334,240.001,102
2,spsc_65536_cross-core_paced_itch,0,queue,240.001,246.668,119
2,spsc_65536_cross-core_paced_itch,0,queue,246.668,253.335,143
2,spsc_65536_cross-core_paced_itch,0,queue,253.335,260.001,124
2,spsc_65536_cross-core_paced_itch,0,queue,260.001,266.668,127
2,spsc_65536_cross-core_paced_itch,0,queue,266.668,273.335,167
2,spsc_65536_cross-core_paced_itch,0,queue,273.335,280.001,200
2,spsc_65536_cross-core_paced_itch,0,queue,280.001,286.668,576
2,spsc_65536_cross-core_paced_itch,0,queue,286.668,293.335,2116
2,spsc_65536_cross-core_paced_itch,0,queue,293.335,300.001,4215
2,spsc_65536_cross-core_paced_itch,0,queue,300.001,306.668,5826
2,spsc_65536_cross-core_paced_itch,0,queue,306.668,313.335,7780
2,spsc_65536_cross-core_paced_itch,0,queue,313.335,320.002,9744
2,spsc_65536_cross-core_paced_itch,0,queue,320.002,326.668,11641
2,spsc_65536_cross-core_paced_itch,0,queue,326.668,333.335,13126
2,spsc_65536_cross-core_paced_itch,0,queue,333.335,340.002,13645
2,spsc_65536_cross-core_paced_itch,0,queue,340.002,346.668,12973
2,spsc_65536_cross-core_paced_itch,0,queue,346.668,353.335,11329
2,spsc_65536_cross-core_paced_itch,0,queue,353.335,360.002,10295
2,spsc_65536_cross-core_paced_itch,0,queue,360.002,366.668,8969
2,spsc_65536_cross-core_paced_itch,0,queue,366.668,373.335,7460
2,spsc_65536_cross-core_paced_itch,0,queue,373.335,380.002,5297
2,spsc_65536_cross-core_paced_itch,0,queue,380.002,386.669,3419
2,spsc_65536_cross-core_paced_itch,0,queue,386.669,393.335,2054
2,spsc_65536_cross-core_paced_itch,0,queue,393.335,400.002,1369
2,spsc_65536_cross-core_paced_itch,0,queue,400.002,406.669,1072
2,spsc_65536_cross-core_paced_itch,0,queue,406.669,413.335,989
2,spsc_65536_cross-core_paced_itch,0,queue,413.335,420.002,945
2,spsc_65536_cross-core_paced_itch,0,queue,420.002,426.669,889
2,spsc_65536_cross-core_paced_itch,0,queue,426.669,440.002,1803
2,spsc_65536_cross-core_paced_itch,0,queue,440.002,453.335,1671
2,spsc_65536_cross-core_paced_itch,0,queue,453.335,466.669,1652
2,spsc_65536_cross-core_paced_itch,0,queue,466.669,480.002,1776
2,spsc_65536_cross-core_paced_itch,0,queue,480.002,493.336,1857
2,spsc_65536_cross-core_paced_itch,0,queue,493.336,506.669,1941
2,spsc_65536_cross-core_paced_itch,0,queue,506.669,520.002,2252
2,spsc_65536_cross-core_paced_itch,0,queue,520.002,533.336,2438
2,spsc_65536_cross-core_paced_itch,0,queue,533.336,546.669,2487
2,spsc_65536_cross-core_paced_itch,0,queue,546.669,560.003,2320
2,spsc_65536_cross-core_paced_itch,0,queue,560.003,573.336,2089
2,spsc_65536_cross-core_paced_itch,0,queue,573.336,586.669,1811
2,spsc_65536_cross-core_paced_itch,0,queue,586.669,600.003,1577
2,spsc_65536_cross-core_paced_itch,0,queue,600.003,613.336,1261
2,spsc_65536_cross-core_paced_itch,0,queue,613.336,626.67,1107
2,spsc_65536_cross-core_paced_itch,0,queue,626.67,640.003,1057
2,spsc_65536_cross-core_paced_itch,0,queue,640.003,653.336,884
2,spsc_65536_cross-core_paced_itch,0,queue,653.336,666.67,873
2,spsc_65536_cross-core_paced_itch,0,queue,666.67,680.003,795
2,spsc_65536_cross-core_paced_itch,0,queue,680.003,693.337,739
2,spsc_65536_cross-core_paced_itch,0,queue,693.337,706.67,683
2,spsc_65536_cross-core_paced_itch,0,queue,706.67,720.003,716
2,spsc_65536_cross-core_paced_itch,0,queue,720.003,733.337,661
2,spsc_65536_cross-core_paced_itch,0,queue,733.337,746.67,631
2,spsc_65536_cross-core_paced_itch,0,queue,746.67,760.004,636
2,spsc_65536_cross-core_paced_itch,0,queue,760.004,773.337,657
2,spsc_65536_cross-core_paced_itch,0,queue,773.337,786.67,622
2,spsc_65536_cross-core_paced_itch,0,queue,786.67,800.004,556
2,spsc_65536_cross-core_paced_itch,0,queue,800.004,813.337,570
2,spsc_65536_cross-core_paced_itch,0,queue,813.337,826.671,534
2,spsc_65536_cross-core_paced_itch,0,queue,826.671,840.004,448
2,spsc_65536_cross-core_paced_itch,0,queue,840.004,853.337,496
2,spsc_65536_cross-core_paced_itch,0,queue,853.337,880.004,930
2,spsc_65536_cross-core_paced_itch,0,queue,880.004,906.671,927
2,spsc_65536_cross-core_paced_itch,0,queue,906.671,933.338,932
2,spsc_65536_cross-core_paced_itch,0,queue,933.338,960.005,834
2,spsc_65536_cross-core_paced_itch,0,queue,960.005,986.671,792
2,spsc_65536_cross-core_paced_itch,0,queue,986.671,1013.34,837
2,spsc_65536_cross-core_paced_itch,0,queue,1013.34,1040,805
2,spsc_65536_cross-core_paced_itch,0,queue,1040,1066.67,776
2,spsc_65536_cross-core_paced_itch,0,queue,1066.67,1093.34,719
2,spsc_65536_cross-core_paced_itch,0,queue,1093.34,1120.01,720
2,spsc_65536_cross-core_paced_itch,0,queue,1120.01,1146.67,731
2,spsc_65536_cross-core_paced_itch,0,queue,1146.67,1173.34,722
2,spsc_65536_cross-core_paced_itch,0,queue,1173.34,1200.01,764
2,spsc_65536_cross-core_paced_itch,0,queue,1200.01,1226.67,676
2,spsc_65536_cross-core_paced_itch,0,queue,1226.67,1253.34,657
2,spsc_65536_cross-core_paced_itch,0,queue,1253.34,1280.01,696
2,spsc_65536_cross-core_paced_itch,0,queue,1280.01,1306.67,676
2,spsc_65536_cross-core_paced_itch,0,queue,1306.67,1333.34,627
2,spsc_65536_cross-core_paced_itch,0,queue,1333.34,1360.01,657
2,spsc_65536_cross-core_paced_itch,0,queue,1360.01,1386.67,643
2,spsc_65536_cross-core_paced_itch,0,queue,1386.67,1413.34,605
2,spsc_65536_cross-core_paced_itch,0,queue,1413.34,1440.01,619
2,spsc_65536_cross-core_paced_itch,0,queue,1440.01,1466.67,585
2,spsc_65536_cross-core_paced_itch,0,queue,1466.67,1493.34,606
2,spsc_65536_cross-core_paced_itch,0,queue,1493.34,1520.01,654
2,spsc_65536_cross-core_paced_itch,0,queue,1520.01,1546.67,576
2,spsc_65536_cross-core_paced_itch,0,queue,1546.67,1573.34,610
2,spsc_65536_cross-core_paced_itch,0,queue,1573.34,1600.01,546
2,spsc_65536_cross-core_paced_itch,0,queue,1600.01,1626.67,572
2,spsc_65536_cross-core_paced_itch,0,queue,1626.67,1653.34,606
2,spsc_65536_cross-core_paced_itch,0,queue,1653.34,1680.01,552
2,spsc_65536_cross-core_paced_itch,0,queue,1680.01,1706.67,573
2,spsc_65536_cross-core_paced_itch,0,queue,1706.67,1760.01,1130
2,spsc_65536_cross-core_paced_itch,0,queue,1760.01,1813.34,1130
2,spsc_65536_cross-core_paced_itch,0,queue,1813.34,1866.68,1083
2,spsc_65536_cross-core_paced_itch,0,queue,1866.68,1920.01,1060
2,spsc_65536_cross-core_paced_itch,0,queue,1920.01,1973.34,1037
2,spsc_65536_cross-core_paced_itch,0,queue,1973.34,2026.68,978
2,spsc_65536_cross-core_paced_itch,0,queue,2026.68,2080.01,1004
2,spsc_65536_cross-core_paced_itch,0,queue,2080.01,2133.34,966
2,spsc_65536_cross-core_paced_itch,0,queue,2133.34,2186.68,965
2,spsc_65536_cross-core_paced_itch,0,queue,2186.68,2240.01,924
2,spsc_65536_cross-core_paced_itch,0,queue,2240.01,2293.34,932
2,spsc_65536_cross-core_paced_itch,0,queue,2293.34,2346.68,905
2,spsc_65536_cross-core_paced_itch,0,queue,2346.68,2400.01,934
2,spsc_65536_cross-core_paced_itch,0,queue,2400.01,2453.34,880
2,spsc_65536_cross-core_paced_itch,0,queue,2453.34,2506.68,833
2,spsc_65536_cross-core_paced_itch,0,queue,2506.68,2560.01,888
2,spsc_65536_cross-core_paced_itch,0,queue,2560.01,2613.35,794
2,spsc_65536_cross-core_paced_itch,0,queue,2613.35,2666.68,828
2,spsc_65536_cross-core_paced_itch,0,queue,2666.68,2720.01,810
2,spsc_65536_cross-core_paced_itch,0,queue,2720.01,2773.35,753
2,spsc_65536_cross-core_paced_itch,0,queue,2773.35,2826.68,763
2,spsc_65536_cross-core_paced_itch,0,queue,2826.68,2880.01,785
2,spsc_65536_cross-core_paced_itch,0,queue,2880.01,2933.35,777
2,spsc_65536_cross-core_paced_itch,0,queue,2933.35,2986.68,701
2,spsc_65536_cross-core_paced_itch,0,queue,2986.68,3040.01,731
2,spsc_65536_cross-core_paced_itch,0,queue,3040.01,3093.35,700
2,spsc_65536_cross-core_paced_itch,0,queue,3093.35,3146.68,649
2,spsc_65536_cross-core_paced_itch,0,queue,3146.68,3200.02,694
2,spsc_65536_cross-core_paced_itch,0,queue,3200.02,3253.35,731
2,spsc_65536_cross-core_paced_itch,0,queue,3253.35,3306.68,634
2,spsc_65536_cross-core_paced_itch,0,queue,3306.68,3360.02,608
2,spsc_65536_cross-core_paced_itch,0,queue,3360.02,3413.35,620
2,spsc_65536_cross-core_paced_itch,0,queue,3413.35,3520.02,1205
2,spsc_65536_cross-core_paced_itch,0,queue,3520.02,3626.68,1136
2,spsc_65536_cross-core_paced_itch,0,queue,3626.68,3733.35,1116
2,spsc_65536_cross-core_paced_itch,0,queue,3733.35,3840.02,1062
2,spsc_65536_cross-core_paced_itch,0,queue,3840.02,3946.69,959
2,spsc_65536_cross-core_paced_itch,0,queue,3946.69,4053.35,982
2,spsc_65536_cross-core_paced_itch,0,queue,4053.35,4160.02,924
2,spsc_65536_cross-core_paced_itch,0,queue,4160.02,4266.69,877
2,spsc_65536_cross-core_paced_itch,0,queue,4266.69,4373.35,817
2,spsc_65536_cross-core_paced_itch,0,queue,4373.35,4480.02,776
2,spsc_65536_cross-core_paced_itch,0,queue,4480.02,4586.69,807
2,spsc_65536_cross-core_paced_itch,0,queue,4586.69,4693.36,730
2,spsc_65536_cross-core_paced_itch,0,queue,4693.36,4800.02,695
2,spsc_65536_cross-core_paced_itch,0,queue,4800.02,4906.69,684
2,spsc_65536_cross-core_paced_itch,0,queue,4906.69,5013.36,668
2,spsc_65536_cross-core_paced_itch,0,queue,5013.36,5120.02,641
2,spsc_65536_cross-core_paced_itch,0,queue,5120.02,5226.69,654
2,spsc_65536_cross-core_paced_itch,0,queue,5226.69,5333.36,549
2,spsc_65536_cross-core_paced_itch,0,queue,5333.36,5440.03,568
2,spsc_65536_cross-core_paced_itch,0,queue,5440.03,5546.69,540
2,spsc_65536_cross-core_paced_itch,0,queue,5546.69,5653.36,533
2,spsc_65536_cross-core_paced_itch,0,queue,5653.36,5760.03,487
2,spsc_65536_cross-core_paced_itch,0,queue,5760.03,5866.69,465
2,spsc_65536_cross-core_paced_itch,0,queue,5866.69,5973.36,426
2,spsc_65536_cross-core_paced_itch,0,queue,5973.36,6080.03,458
2,spsc_65536_cross-core_paced_itch,0,queue,6080.03,6186.7,384
2,spsc_65536_cross-core_paced_itch,0,queue,6186.7,6293.36,373
2,spsc_65536_cross-core_paced_itch,0,queue,6293.36,6400.03,415
2,spsc_65536_cross-core_paced_itch,0,queue,6400.03,6506.7,380
2,spsc_65536_cross-core_paced_itch,0,queue,6506.7,6613.36,396
2,spsc_65536_cross-core_paced_itch,0,queue,6613.36,6720.03,355
2,spsc_65536_cross-core_paced_itch,0,queue,6720.03,6826.7,337
2,spsc_65536_cross-core_paced_itch,0,queue,6826.7,7040.03,607
2,spsc_65536_cross-core_paced_itch,0,queue,7040.03,7253.37,607
2,spsc_65536_cross-core_paced_itch,0,queue,7253.37,7466.7,563
2,spsc_65536_cross-core_paced_itch,0,queue,7466.7,7680.04,575
2,spsc_65536_cross-core_paced_itch,0,queue,7680.04,7893.37,538
2,spsc_65536_cross-core_paced_itch,0,queue,7893.37,8106.71,523
2,spsc_65536_cross-core_paced_itch,0,queue,8106.71,8320.04,528
2,spsc_65536_cross-core_paced_itch,0,queue,8320.04,8533.37,493
2,spsc_65536_cross-core_paced_itch,0,queue,8533.37,8746.71,461
2,spsc_65536_cross-core_paced_itch,0,queue,8746.71,8960.04,425
2,spsc_65536_cross-core_paced_itch,0,queue,8960.04,9173.38,432
2,spsc_65536_cross-core_paced_itch,0,queue,9173.38,9386.71,405
2,spsc_65536_cross-core_paced_itch,0,queue,9386.71,9600.05,378
2,spsc_65536_cross-core_paced_itch,0,queue,9600.05,9813.38,316
2,spsc_65536_cross-core_paced_itch,0,queue,9813.38,10026.7,288
2,spsc_65536_cross-core_paced_itch,0,queue,10026.7,10240,273
2,spsc_65536_cross-core_paced_itch,0,queue,10240,10453.4,251
2,spsc_65536_cross-core_paced_itch,0,queue,10453.4,10666.7,236
2,spsc_65536_cross-core_paced_itch,0,queue,10666.7,10880.1,217
2,spsc_65536_cross-core_paced_itch,0,queue,10880.1,11093.4,191
2,spsc_65536_cross-core_paced_itch,0,queue,11093.4,11306.7,147
2,spsc_65536_cross-core_paced_itch,0,queue,11306.7,11520.1,131
2,spsc_65536_cross-core_paced_itch,0,queue,11520.1,11733.4,110
2,spsc_65536_cross-core_paced_itch,0,queue,11733.4,11946.7,112
2,spsc_65536_cross-core_paced_itch,0,queue,11946.7,12160.1,104
2,spsc_65536_cross-core_paced_itch,0,queue,12160.1,12373.4,83
2,spsc_65536_cross-core_paced_itch,0,queue,12373.4,12586.7,99
2,spsc_65536_cross-core_paced_itch,0,queue,12586.7,12800.1,73
2,spsc_65536_cross-core_paced_itch,0,queue,12800.1,13013.4,84
2,spsc_65536_cross-core_paced_itch,0,queue,13013.4,13226.7,81
2,spsc_65536_cross-core_paced_itch,0,queue,13226.7,13440.1,70
2,spsc_65536_cross-core_paced_itch,0,queue,13440.1,13653.4,76
2,spsc_65536_cross-core_paced_itch,0,queue,13653.4,14080.1,128
2,spsc_65536_cross-core_paced_itch,0,queue,14080.1,14506.7,120
2,spsc_65536_cross-core_paced_itch,0,queue,14506.7,14933.4,121
2,spsc_65536_cross-core_paced_itch,0,queue,14933.4,15360.1,102
2,spsc_65536_cross-core_paced_itch,0,queue,15360.1,15786.7,107
2,spsc_65536_cross-core_paced_itch,0,queue,15786.7,16213.4,92
2,spsc_65536_cross-core_paced_itch,0,queue,16213.4,16640.1,109
2,spsc_65536_cross-core_paced_itch,0,queue,16640.1,17066.7,89
2,spsc_65536_cross-core_paced_itch,0,queue,17066.7,17493.4,78
2,spsc_65536_cross-core_paced_itch,0,queue,17493.4,17920.1,86
2,spsc_65536_cross-core_paced_itch,0,queue,17920.1,18346.8,75
2,spsc_65536_cross-core_paced_itch,0,queue,18346.8,18773.4,87
2,spsc_65536_cross-core_paced_itch,0,queue,18773.4,19200.1,68
2,spsc_65536_cross-core_paced_itch,0,queue,19200.1,19626.8,64
2,spsc_65536_cross-core_paced_itch,0,queue,19626.8,20053.4,57
2,spsc_65536_cross-core_paced_itch,0,queue,20053.4,20480.1,48
2,spsc_65536_cross-core_paced_itch,0,queue,20480.1,20906.8,37
2,spsc_65536_cross-core_paced_itch,0,queue,20906.8,21333.4,40
2,spsc_65536_cross-core_paced_itch,0,queue,21333.4,21760.1,36
2,spsc_65536_cross-core_paced_itch,0,queue,21760.1,22186.8,46
2,spsc_65536_cross-core_paced_itch,0,queue,22186.8,22613.4,38
2,spsc_65536_cross-core_paced_itch,0,queue,22613.4,23040.1,26
2,spsc_65536_cross-core_paced_itch,0,queue,23040.1,23466.8,24
2,spsc_65536_cross-core_paced_itch,0,queue,23466.8,23893.4,26
2,spsc_65536_cross-core_paced_itch,0,queue,23893.4,24320.1,32
2,spsc_65536_cross-core_paced_itch,0,queue,24320.1,24746.8,36
2,spsc_65536_cross-core_paced_itch,0,queue,24746.8,25173.5,34
2,spsc_65536_cross-core_paced_itch,0,queue,25173.5,25600.1,32
2,spsc_65536_cross-core_paced_itch,0,queue,25600.1,26026.8,32
2,spsc_65536_cross-core_paced_itch,0,queue,26026.8,26453.5,37
2,spsc_65536_cross-core_paced_itch,0,queue,26453.5,26880.1,31
2,spsc_65536_cross-core_paced_itch,0,queue,26880.1,27306.8,19
2,spsc_65536_cross-core_paced_itch,0,queue,27306.8,28160.1,61
2,spsc_65536_cross-core_paced_itch,0,queue,28160.1,29013.5,38
2,spsc_65536_cross-core_paced_itch,0,queue,29013.5,29866.8,25
2,spsc_65536_cross-core_paced_itch,0,queue,29866.8,30720.1,22
2,spsc_65536_cross-core_paced_itch,0,queue,30720.1,31573.5,24
2,spsc_65536_cross-core_paced_itch,0,queue,31573.5,32426.8,21
2,spsc_65536_cross-core_paced_itch,0,queue,32426.8,33280.2,26
2,spsc_65536_cross-core_paced_itch,0,queue,33280.2,34133.5,27
2,spsc_65536_cross-core_paced_itch,0,queue,34133.5,34986.8,17
2,spsc_65536_cross-core_paced_itch,0,queue,34986.8,35840.2,10
2,spsc_65536_cross-core_paced_itch,0,queue,35840.2,36693.5,20
2,spsc_65536_cross-core_paced_itch,0,queue,36693.5,37546.8,10
2,spsc_65536_cross-core_paced_itch,0,queue,37546.8,38400.2,16
2,spsc_65536_cross-core_paced_itch,0,queue,38400.2,39253.5,20
2,spsc_65536_cross-core_paced_itch,0,queue,39253.5,40106.9,29
2,spsc_65536_cross-core_paced_itch,0,queue,40106.9,40960.2,26
2,spsc_65536_cross-core_paced_itch,0,queue,40960.2,41813.5,29
2,spsc_65536_cross-core_paced_itch,0,queue,41813.5,42666.9,24
2,spsc_65536_cross-core_paced_itch,0,queue,42666.9,43520.2,23
2,spsc_65536_cross-core_paced_itch,0,queue,43520.2,44373.5,18
2,spsc_65536_cross-core_paced_itch,0,queue,44373.5,45226.9,18
2,spsc_65536_cross-core_paced_itch,0,queue,45226.9,46080.2,10
2,spsc_65536_cross-core_paced_itch,0,queue,46080.2,46933.6,14
2,spsc_65536_cross-core_paced_itch,0,queue,46933.6,47786.9,13
2,spsc_65536_cross-core_paced_itch,0,queue,47786.9,48640.2,15
2,spsc_65536_cross-core_paced_itch,0,queue,48640.2,49493.6,17
2,spsc_65536_cross-core_paced_itch,0,queue,49493.6,50346.9,26
2,spsc_65536_cross-core_paced_itch,0,queue,50346.9,51200.2,25
2,spsc_65536_cross-core_paced_itch,0,queue,51200.2,52053.6,17
2,spsc_65536_cross-core_paced_itch,0,queue,52053.6,52906.9,19
2,spsc_65536_cross-core_paced_itch,0,queue,52906.9,53760.3,13
2,spsc_65536_cross-core_paced_itch,0,queue,53760.3,54613.6,9
2,spsc_65536_cross-core_paced_itch,0,queue,54613.6,56320.3,11
2,spsc_65536_cross-core_paced_itch,0,queue,56320.3,58026.9,16
2,spsc_65536_cross-core_paced_itch,0,queue,58026.9,59733.6,23
2,spsc_65536_cross-core_paced_itch,0,queue,59733.6,61440.3,19
2,spsc_65536_cross-core_paced_itch,0,queue,61440.3,63147,16
2,spsc_65536_cross-core_paced_itch,0,queue,63147,64853.6,18
2,spsc_65536_cross-core_paced_itch,0,queue,64853.6,66560.3,21
2,spsc_65536_cross-core_paced_itch,0,queue,66560.3,68267,23
2,spsc_65536_cross-core_paced_itch,0,queue,68267,69973.7,21
2,spsc_65536_cross-core_paced_itch,0,queue,69973.7,71680.3,22
2,spsc_65536_cross-core_paced_itch,0,queue,71680.3,73387,22
2,spsc_65536_cross-core_paced_itch,0,queue,73387,75093.7,18
2,spsc_65536_cross-core_paced_itch,0,queue,75093.7,76800.4,27
2,spsc_65536_cross-core_paced_itch,0,queue,76800.4,78507,19
2,spsc_65536_cross-core_paced_itch,0,queue,78507,80213.7,18
2,spsc_65536_cross-core_paced_itch,0,queue,80213.7,81920.4,21
2,spsc_65536_cross-core_paced_itch,0,queue,81920.4,83627.1,16
2,spsc_65536_cross-core_paced_itch,0,queue,83627.1,85333.7,22
2,spsc_65536_cross-core_paced_itch,0,queue,85333.7,87040.4,12
2,spsc_65536_cross-core_paced_itch,0,queue,87040.4,88747.1,10
2,spsc_65536_cross-core_paced_itch,0,queue,88747.1,90453.8,17
2,spsc_65536_cross-core_paced_itch,0,queue,90453.8,92160.4,26
2,spsc_65536_cross-core_paced_itch,0,queue,92160.4,93867.1,20
2,spsc_65536_cross-core_paced_itch,0,queue,93867.1,95573.8,19
2,spsc_65536_cross-core_paced_itch,0,queue,95573.8,97280.5,28
2,spsc_65536_cross-core_paced_itch,0,queue,97280.5,98987.1,22
2,spsc_65536_cross-core_paced_itch,0,queue,98987.1,100694,22
2,spsc_65536_cross-core_paced_itch,0,queue,100694,102400,13
2,spsc_65536_cross-core_paced_itch,0,queue,102400,104107,9
2,spsc_65536_cross-core_paced_itch,0,queue,104107,105814,11
2,spsc_65536_cross-core_paced_itch,0,queue,105814,107521,2
2,spsc_65536_cross-core_paced_itch,0,queue,107521,109227,6
2,spsc_65536_cross-core_paced_itch,0,queue,109227,112641,7
2,spsc_65536_cross-core_paced_itch,0,queue,112641,116054,12
2,spsc_65536_cross-core_paced_itch,0,queue,116054,119467,12
2,spsc_65536_cross-core_paced_itch,0,queue,119467,122881,17
2,spsc_65536_cross-core_paced_itch,0,queue,122881,126294,11
2,spsc_65536_cross-core_paced_itch,0,queue,126294,129707,4
2,spsc_65536_cross-core_paced_itch,0,queue,129707,133121,1
2,spsc_65536_cross-core_paced_itch,0,queue,133121,136534,8
2,spsc_65536_cross-core_paced_itch,0,queue,136534,139947,19
2,spsc_65536_cross-core_paced_itch,0,queue,139947,143361,31
2,spsc_65536_cross-core_paced_itch,0,queue,143361,146774,15
2,spsc_65536_cross-core_paced_itch,0,queue,146774,150187,27
2,spsc_65536_cross-core_paced_itch,0,queue,150187,153601,20
2,spsc_65536_cross-core_paced_itch,0,queue,153601,157014,20
2,spsc_65536_cross-core_paced_itch,0,queue,157014,160427,11
2,spsc_65536_cross-core_paced_itch,0,queue,160427,163841,9
2,spsc_65536_cross-core_paced_itch,0,queue,163841,167254,3
2,spsc_65536_cross-core_paced_itch,0,queue,167254,170667,5
2,spsc_65536_cross-core_paced_itch,0,queue,170667,174081,11
2,spsc_65536_cross-core_paced_itch,0,queue,174081,177494,8
2,spsc_65536_cross-core_paced_itch,0,queue,177494,180908,7
2,spsc_65536_cross-core_paced_itch,0,queue,180908,184321,9
2,spsc_65536_cross-core_paced_itch,0,queue,184321,187734,9
2,spsc_65536_cross-core_paced_itch,0,queue,187734,191148,5
2,spsc_65536_cross-core_paced_itch,0,queue,191148,194561,10
2,spsc_65536_cross-core_paced_itch,0,queue,194561,197974,7
2,spsc_65536_cross-core_paced_itch,0,queue,197974,201388,13
2,spsc_65536_cross-core_paced_itch,0,queue,201388,204801,14
2,spsc_65536_cross-core_paced_itch,0,queue,204801,208214,9
2,spsc_65536_cross-core_paced_itch,0,queue,208214,211628,5
2,spsc_65536_cross-core_paced_itch,0,queue,211628,215041,10
2,spsc_65536_cross-core_paced_itch,0,queue,215041,218454,10
2,spsc_65536_cross-core_paced_itch,0,queue,218454,225281,16
2,spsc_65536_cross-core_paced_itch,0,queue,225281,232108,10
2,spsc_65536_cross-core_paced_itch,0,queue,232108,238934,34
2,spsc_65536_cross-core_paced_itch,0,queue,238934,245761,17
2,spsc_65536_cross-core_paced_itch,0,queue,245761,252588,13
2,spsc_65536_cross-core_paced_itch,0,queue,252588,259415,18
2,spsc_65536_cross-core_paced_itch,0,queue,259415,266241,20
2,spsc_65536_cross-core_paced_itch,0,queue,266241,273068,22
2,spsc_65536_cross-core_paced_itch,0,queue,273068,279895,20
2,spsc_65536_cross-core_paced_itch,0,queue,279895,286721,33
2,spsc_65536_cross-core_paced_itch,0,queue,286721,293548,13
2,spsc_65536_cross-core_paced_itch,0,queue,293548,300375,24
2,spsc_65536_cross-core_paced_itch,0,queue,300375,307201,40
2,spsc_65536_cross-core_paced_itch,0,queue,307201,314028,69
2,spsc_65536_cross-core_paced_itch,0,queue,314028,320855,62
2,spsc_65536_cross-core_paced_itch,0,queue,320855,327682,28
2,spsc_65536_cross-core_paced_itch,0,queue,327682,334508,38
2,spsc_65536_cross-core_paced_itch,0,queue,334508,341335,21
2,spsc_65536_cross-core_paced_itch,0,queue,341335,348162,16
2,spsc_65536_cross-core_paced_itch,0,queue,348162,354988,21
2,spsc_65536_cross-core_paced_itch,0,queue,354988,361815,28
2,spsc_65536_cross-core_paced_itch,0,queue,361815,368642,19
2,spsc_65536_cross-core_paced_itch,0,queue,368642,375468,58
2,spsc_65536_cross-core_paced_itch,0,queue,375468,382295,42
2,spsc_65536_cross-core_paced_itch,0,queue,382295,389122,12
2,spsc_65536_cross-core_paced_itch,0,queue,389122,395949,24
2,spsc_65536_cross-core_paced_itch,0,book,18.3334,18.7501,1
2,spsc_65536_cross-core_paced_itch,0,book,19.1668,19.5834,19
2,spsc_65536_cross-core_paced_itch,0,book,20.0001,20.4168,403
2,spsc_65536_cross-core_paced_itch,0,book,20.8334,21.2501,927
2,spsc_65536_cross-core_paced_itch,0,book,21.6668,22.0834,773
2,spsc_65536_cross-core_paced_itch,0,book,22.5001,22.9168,224
2,spsc_65536_cross-core_paced_itch,0,book,23.3334,23.7501,76
2,spsc_65536_cross-core_paced_itch,0,book,24.1668,24.5834,59
2,spsc_65536_cross-core_paced_itch,0,book,25.0001,25.4168,96
2,spsc_65536_cross-core_paced_itch,0,book,25.8335,26.2501,436
2,spsc_65536_cross-core_paced_itch,0,book,26.6668,27.5001,851
2,spsc_65536_cross-core_paced_itch,0,book,27.5001,28.3335,901
2,spsc_65536_cross-core_paced_itch,0,book,28.3335,29.1668,1312
2,spsc_65536_cross-core_paced_itch,0,book,29.1668,30.0001,1877
2,spsc_65536_cross-core_paced_itch,0,book,30.0001,30.8335,1547
2,spsc_65536_cross-core_paced_itch,0,book,30.8335,31.6668,1071
2,spsc_65536_cross-core_paced_itch,0,book,31.6668,32.5002,623
2,spsc_65536_cross-core_paced_itch,0,book,32.5002,33.3335,638
2,spsc_65536_cross-core_paced_itch,0,book,33.3335,34.1668,916
2,spsc_65536_cross-core_paced_itch,0,book,34.1668,35.0002,704
2,spsc_65536_cross-core_paced_itch,0,book,35.0002,35.8335,642
2,spsc_65536_cross-core_paced_itch,0,book,35.8335,36.6668,447
2,spsc_65536_cross-core_paced_itch,0,book,36.6668,37.5002,348
2,spsc_65536_cross-core_paced_itch,0,book,37.5002,38.3335,366
2,spsc_65536_cross-core_paced_itch,0,book,38.3335,39.1669,349
2,spsc_65536_cross-core_paced_itch,0,book,39.1669,40.0002,295
2,spsc_65536_cross-core_paced_itch,0,book,40.0002,40.8335,391
2,spsc_65536_cross-core_paced_itch,0,book,40.8335,41.6669,425
2,spsc_65536_cross-core_paced_itch,0,book,41.6669,42.5002,522
2,spsc_65536_cross-core_paced_itch,0,book,42.5002,43.3335,620
2,spsc_65536_cross-core_paced_itch,0,book,43.3335,44.1669,534
2,spsc_65536_cross-core_paced_itch,0,book,44.1669,45.0002,555
2,spsc_65536_cross-core_paced_itch,0,book,45.0002,45.8336,497
2,spsc_65536_cross-core_paced_itch,0,book,45.8336,46.6669,513
2,spsc_65536_cross-core_paced_itch,0,book,46.6669,47.5002,618
2,spsc_65536_cross-core_paced_itch,0,book,47.5002,48.3336,612
2,spsc_65536_cross-core_paced_itch,0,book,48.3336,49.1669,637
2,spsc_65536_cross-core_paced_itch,0,book,49.1669,50.0002,701
2,spsc_65536_cross-core_paced_itch,0,book,50.0002,50.8336,692
2,spsc_65536_cross-core_paced_itch,0,book,50.8336,51.6669,720
2,spsc_65536_cross-core_paced_itch,0,book,51.6669,52.5002,798
2,spsc_65536_cross-core_paced_itch,0,book,52.5002,53.3336,766
2,spsc_65536_cross-core_paced_itch,0,book,53.3336,55.0003,1521
2,spsc_65536_cross-core_paced_itch,0,book,55.0003,56.6669,1525
2,spsc_65536_cross-core_paced_itch,0,book,56.6669,58.3336,1577
2,spsc_65536_cross-core_paced_itch,0,book,58.3336,60.0003,1550
2,spsc_65536_cross-core_paced_itch,0,book,60.0003,61.667,1690
2,spsc_65536_cross-core_paced_itch,0,book,61.667,63.3336,1630
2,spsc_65536_cross-core_paced_itch,0,book,63.3336,65.0003,1531
2,spsc_65536_cross-core_paced_itch,0,book,65.0003,66.667,1402
2,spsc_65536_cross-core_paced_itch,0,book,66.667,68.3337,1482
2,spsc_65536_cross-core_paced_itch,0,book,68.3337,70.0003,1416
2,spsc_65536_cross-core_paced_itch,0,book,70.0003,71.667,1397
2,spsc_65536_cross-core_paced_itch,0,book,71.667,73.3337,1238
2,spsc_65536_cross-core_paced_itch,0,book,73.3337,75.0004,1164
2,spsc_65536_cross-core_paced_itch,0,book,75.0004,76.667,1132
2,spsc_65536_cross-core_paced_itch,0,book,76.667,78.3337,1031
2,spsc_65536_cross-core_paced_itch,0,book,78.3337,80.0004,922
2,spsc_65536_cross-core_paced_itch,0,book,80.0004,81.6671,937
2,spsc_65536_cross-core_paced_itch,0,book,81.6671,83.3337,785
2,spsc_65536_cross-core_paced_itch,0,book,83.3337,85.0004,731
2,spsc_65536_cross-core_paced_itch,0,book,85.0004,86.6671,643
2,spsc_65536_cross-core_paced_itch,0,book,86.6671,88.3338,620
2,spsc_65536_cross-core_paced_itch,0,book,88.3338,90.0004,611
2,spsc_65536_cross-core_paced_itch,0,book,90.0004,91.6671,549
2,spsc_65536_cross-core_paced_itch,0,book,91.6671,93.3338,530
2,spsc_65536_cross-core_paced_itch,0,book,93.3338,95.0005,489
2,spsc_65536_cross-core_paced_itch,0,book,95.0005,96.6671,493
2,spsc_65536_cross-core_paced_itch,0,book,96.6671,98.3338,508
2,spsc_65536_cross-core_paced_itch,0,book,98.3338,100,462
2,spsc_65536_cross-core_paced_itch,0,book,100,101.667,501
2,spsc_65536_cross-core_paced_itch,0,book,101.667,103.334,452
2,spsc_65536_cross-core_paced_itch,0,book,103.334,105,439
2,spsc_65536_cross-core_paced_itch,0,book,105,106.667,417
2,spsc_65536_cross-core_paced_itch,0,book,106.667,110.001,905
2,spsc_65536_cross-core_paced_itch,0,book,110.001,113.334,946
2,spsc_65536_cross-core_paced_itch,0,book,113.334,116.667,919
2,spsc_65536_cross-core_paced_itch,0,book,116.667,120.001,762
2,spsc_65536_cross-core_paced_itch,0,book,120.001,123.334,743
2,spsc_65536_cross-core_paced_itch,0,book,123.334,126.667,896
2,spsc_65536_cross-core_paced_itch,0,book,126.667,130.001,2144
2,spsc_65536_cross-core_paced_itch,0,book,130.001,133.334,3839
2,spsc_65536_cross-core_paced_itch,0,book,133.334,136.667,4362
2,spsc_65536_cross-core_paced_itch,0,book,136.667,140.001,4492
2,spsc_65536_cross-core_paced_itch,0,book,140.001,143.334,7196
2,spsc_65536_cross-core_paced_itch,0,book,143.334,146.667,9038
2,spsc_65536_cross-core_paced_itch,0,book,146.667,150.001,8720
2,spsc_65536_cross-core_paced_itch,0,book,150.001,153.334,8058
2,spsc_65536_cross-core_paced_itch,0,book,153.334,156.667,8560
2,spsc_65536_cross-core_paced_itch,0,book,156.667,160.001,8022
2,spsc_65536_cross-core_paced_itch,0,book,160.001,163.334,7188
2,spsc_65536_cross-core_paced_itch,0,book,163.334,166.667,5831
2,spsc_65536_cross-core_paced_itch,0,book,166.667,170.001,5083
2,spsc_65536_cross-core_paced_itch,0,book,170.001,173.334,4181
2,spsc_65536_cross-core_paced_itch,0,book,173.334,176.668,4048
2,spsc_65536_cross-core_paced_itch,0,book,176.668,180.001,3618
2,spsc_65536_cross-core_paced_itch,0,book,180.001,183.334,3593
2,spsc_65536_cross-core_paced_itch,0,book,183.334,186.668,3333
2,spsc_65536_cross-core_paced_itch,0,book,186.668,190.001,3169
2,spsc_65536_cross-core_paced_itch,0,book,190.001,193.334,3000
2,spsc_65536_cross-core_paced_itch,0,book,193.334,196.668,2748
2,spsc_65536_cross-core_paced_itch,0,book,196.668,200.001,2500
2,spsc_65536_cross-core_paced_itch,0,book,200.001,203.334,2428
2,spsc_65536_cross-core_paced_itch,0,book,203.334,206.668,2214
2,spsc_65536_cross-core_paced_itch,0,book,206.668,210.001,2108
2,spsc_65536_cross-core_paced_itch,0,book,210.001,213.334,1841
2,spsc_65536_cross-core_paced_itch,0,book,213.334,220.001,3409
2,spsc_65536_cross-core_paced_itch,0,book,220.001,226.668,3054
2,spsc_65536_cross-core_paced_itch,0,book,226.668,233.334,2657
2,spsc_65536_cross-core_paced_itch,0,book,233.334,240.001,2365
2,spsc_65536_cross-core_paced_itch,0,book,240.001,246.668,2182
2,spsc_65536_cross-core_paced_itch,0,book,246.668,253.335,1994
2,spsc_65536_cross-core_paced_itch,0,book,253.335,260.001,1862
2,spsc_65536_cross-core_paced_itch,0,book,260.001,266.668,1804
2,spsc_65536_cross-core_paced_itch,0,book,266.668,273.335,1803
2,spsc_65536_cross-core_paced_itch,0,book,273.335,280.001,1837
2,spsc_65536_cross-core_paced_itch,0,book,280.001,286.668,1785
2,spsc_65536_cross-core_paced_itch,0,book,286.668,293.335,1972
2,spsc_65536_cross-core_paced_itch,0,book,293.335,300.001,2013
2,spsc_65536_cross-core_paced_itch,0,book,300.001,306.668,1992
2,spsc_65536_cross-core_paced_itch,0,book,306.668,313.335,1980
2,spsc_65536_cross-core_paced_itch,0,book,313.335,320.002,1954
2,spsc_65536_cross-core_paced_itch,0,book,320.002,326.668,1901
2,spsc_65536_cross-core_paced_itch,0,book,326.668,333.335,1924
2,spsc_65536_cross-core_paced_itch,0,book,333.335,340.002,1763
2,spsc_65536_cross-core_paced_itch,0,book,340.002,346.668,1593
2,spsc_65536_cross-core_paced_itch,0,book,346.668,353.335,1598
2,spsc_65536_cross-core_paced_itch,0,book,353.335,360.002,1512
2,spsc_65536_cross-core_paced_itch,0,book,360.002,366.668,1359
2,spsc_65536_cross-core_paced_itch,0,book,366.668,373.335,1259
2,spsc_65536_cross-core_paced_itch,0,book,373.335,380.002,1213
2,spsc_65536_cross-core_paced_itch,0,book,380.002,386.669,1198
2,spsc_65536_cross-core_paced_itch,0,book,386.669,393.335,1200
2,spsc_65536_cross-core_paced_itch,0,book,393.335,400.002,1167
2,spsc_65536_cross-core_paced_itch,0,book,400.002,406.669,1186
2,spsc_65536_cross-core_paced_itch,0,book,406.669,413.335,1119
2,spsc_65536_cross-core_paced_itch,0,book,413.335,420.002,1124
2,spsc_65536_cross-core_paced_itch,0,book,420.002,426.669,1198
2,spsc_65536_cross-core_paced_itch,0,book,426.669,440.002,2165
2,spsc_65536_cross-core_paced_itch,0,book,440.002,453.335,1864
2,spsc_65536_cross-core_paced_itch,0,book,453.335,466.669,1529
2,spsc_65536_cross-core_paced_itch,0,book,466.669,480.002,1327
2,spsc_65536_cross-core_paced_itch,0,book,480.002,493.336,1156
2,spsc_65536_cross-core_paced_itch,0,book,493.336,506.669,1024
2,spsc_65536_cross-core_paced_itch,0,book,506.669,520.002,942
2,spsc_65536_cross-core_paced_itch,0,book,520.002,533.336,882
2,spsc_65536_cross-core_paced_itch,0,book,533.336,546.669,825
2,spsc_65536_cross-core_paced_itch,0,book,546.669,560.003,798
2,spsc_65536_cross-core_paced_itch,0,book,560.003,573.336,724
2,spsc_65536_cross-core_paced_itch,0,book,573.336,586.669,668
2,spsc_65536_cross-core_paced_itch,0,book,586.669,600.003,637
2,spsc_65536_cross-core_paced_itch,0,book,600.003,613.336,581
2,spsc_65536_cross-core_paced_itch,0,book,613.336,626.67,528
2,spsc_65536_cross-core_paced_itch,0,book,626.67,640.003,421
2,spsc_65536_cross-core_paced_itch,0,book,640.003,653.336,389
2,spsc_65536_cross-core_paced_itch,0,book,653.336,666.67,385
2,spsc_65536_cross-core_paced_itch,0,book,666.67,680.003,323
2,spsc_65536_cross-core_paced_itch,0,book,680.003,693.337,302
2,spsc_65536_cross-core_paced_itch,0,book,693.337,706.67,311
2,spsc_65536_cross-core_paced_itch,0,book,706.67,720.003,219
2,spsc_65536_cross-core_paced_itch,0,book,720.003,733.337,240
2,spsc_65536_cross-core_paced_itch,0,book,733.337,746.67,205
2,spsc_65536_cross-core_paced_itch,0,book,746.67,760.004,185
2,spsc_65536_cross-core_paced_itch,0,book,760.004,773.337,170
2,spsc_65536_cross-core_paced_itch,0,book,773.337,786.67,152
2,spsc_65536_cross-core_paced_itch,0,book,786.67,800.004,138
2,spsc_65536_cross-core_paced_itch,0,book,800.004,813.337,113
2,spsc_65536_cross-core_paced_itch,0,book,813.337,826.671,115
2,spsc_65536_cross-core_paced_itch,0,book,826.671,840.004,94
2,spsc_65536_cross-core_paced_itch,0,book,840.004,853.337,92
2,spsc_65536_cross-core_paced_itch,0,book,853.337,880.004,146
2,spsc_65536_cross-core_paced_itch,0,book,880.004,906.671,139
2,spsc_65536_cross-core_paced_itch,0,book,906.671,933.338,113
2,spsc_65536_cross-core_paced_itch,0,book,933.338,960.005,90
2,spsc_65536_cross-core_paced_itch,0,book,960.005,986.671,65
2,spsc_65536_cross-core_paced_itch,0,book,986.671,1013.34,47
2,spsc_65536_cross-core_paced_itch,0,book,1013.34,1040,53
2,spsc_65536_cross-core_paced_itch,0,book,1040,1066.67,43
2,spsc_65536_cross-core_paced_itch,0,book,1066.67,1093.34,30
2,spsc_65536_cross-core_paced_itch,0,book,1093.34,1120.01,23
2,spsc_65536_cross-core_paced_itch,0,book,1120.01,1146.67,18
2,spsc_65536_cross-core_paced_itch,0,book,1146.67,1173.34,11
2,spsc_65536_cross-core_paced_itch,0,book,1173.34,1200.01,9
2,spsc_65536_cross-core_paced_itch,0,book,1200.01,1226.67,6
2,spsc_65536_cross-core_paced_itch,0,book,1226.67,1253.34,8
2,spsc_65536_cross-core_paced_itch,0,book,1253.34,1280.01,9
2,spsc_65536_cross-core_paced_itch,0,book,1280.01,1306.67,15
2,spsc_65536_cross-core_paced_itch,0,book,1306.67,1333.34,11
2,spsc_65536_cross-core_paced_itch,0,book,1333.34,1360.01,5
2,spsc_65536_cross-core_paced_itch,0,book,1360.01,1386.67,6
2,spsc_65536_cross-core_paced_itch,0,book,1386.67,1413.34,6
2,spsc_65536_cross-core_paced_itch,0,book,1413.34,1440.01,6
2,spsc_65536_cross-core_paced_itch,0,book,1440.01,1466.67,4
2,spsc_65536_cross-core_paced_itch,0,book,1466.67,1493.34,5
2,spsc_65536_cross-core_paced_itch,0,book,1493.34,1520.01,11
2,spsc_65536_cross-core_paced_itch,0,book,1520.01,1546.67,3
2,spsc_65536_cross-core_paced_itch,0,book,1546.67,1573.34,4
2,spsc_65536_cross-core_paced_itch,0,book,1573.34,1600.01,6
2,spsc_65536_cross-core_paced_itch,0,book,1600.01,1626.67,7
2,spsc_65536_cross-core_paced_itch,0,book,1626.67,1653.34,5
2,spsc_65536_cross-core_paced_itch,0,book,1653.34,1680.01,9
2,spsc_65536_cross-core_paced_itch,0,book,1680.01,1706.67,7
2,spsc_65536_cross-core_paced_itch,0,book,1706.67,1760.01,20
2,spsc_65536_cross-core_paced_itch,0,book,1760.01,1813.34,18
2,spsc_65536_cross-core_paced_itch,0,book,1813.34,1866.68,13
2,spsc_65536_cross-core_paced_itch,0,book,1866.68,1920.01,14
2,spsc_65536_cross-core_paced_itch,0,book,1920.01,1973.34,13
2,spsc_65536_cross-core_paced_itch,0,book,1973.34,2026.68,10
2,spsc_65536_cross-core_paced_itch,0,book,2026.68,2080.01,14
2,spsc_65536_cross-core_paced_itch,0,book,2080.01,2133.34,11
2,spsc_65536_cross-core_paced_itch,0,book,2133.34,2186.68,6
2,spsc_65536_cross-core_paced_itch,0,book,2186.68,2240.01,9
2,spsc_65536_cross-core_paced_itch,0,book,2240.01,2293.34,3
2,spsc_65536_cross-core_paced_itch,0,book,2346.68,2400.01,2
2,spsc_65536_cross-core_paced_itch,0,book,2400.01,2453.34,1
2,spsc_65536_cross-core_paced_itch,0,book,2453.34,2506.68,1
2,spsc_65536_cross-core_paced_itch,0,book,2506.68,2560.01,1
2,spsc_65536_cross-core_paced_itch,0,book,2560.01,2613.35,1
2,spsc_65536_cross-core_paced_itch,0,book,2720.01,2773.35,2
2,spsc_65536_cross-core_paced_itch,0,book,2826.68,2880.01,1
2,spsc_65536_cross-core_paced_itch,0,book,2880.01,2933.35,1
2,spsc_65536_cross-core_paced_itch,0,book,2933.35,2986.68,2
2,spsc_65536_cross-core_paced_itch,0,book,3040.01,3093.35,2
2,spsc_65536_cross-core_paced_itch,0,book,3093.35,3146.68,4
2,spsc_65536_cross-core_paced_itch,0,book,3146.68,3200.02,1
2,spsc_65536_cross-core_paced_itch,0,book,3200.02,3253.35,1
2,spsc_65536_cross-core_paced_itch,0,book,3253.35,3306.68,2
2,spsc_65536_cross-core_paced_itch,0,book,3306.68,3360.02,5
2,spsc_65536_cross-core_paced_itch,0,book,3360.02,3413.35,5
2,spsc_65536_cross-core_paced_itch,0,book,3413.35,3520.02,2
2,spsc_65536_cross-core_paced_itch,0,book,3520.02,3626.68,1
2,spsc_65536_cross-core_paced_itch,0,book,3626.68,3733.35,3
2,spsc_65536_cross-core_paced_itch,0,book,4053.35,4160.02,1
2,spsc_65536_cross-core_paced_itch,0,book,4373.35,4480.02,1
2,spsc_65536_cross-core_paced_itch,0,book,4480.02,4586.69,2
2,spsc_65536_cross-core_paced_itch,0,book,4693.36,4800.02,1
2,spsc_65536_cross-core_paced_itch,0,book,4800.02,4906.69,1
2,spsc_65536_cross-core_paced_itch,0,book,5013.36,5120.02,2
2,spsc_65536_cross-core_paced_itch,0,book,5226.69,5333.36,3
2,spsc_65536_cross-core_paced_itch,0,book,5333.36,5440.03,4
2,spsc_65536_cross-core_paced_itch,0,book,5440.03,5546.69,5
2,spsc_65536_cross-core_paced_itch,0,book,5546.69,5653.36,6
2,spsc_65536_cross-core_paced_itch,0,book,5653.36,5760.03,1
2,spsc_65536_cross-core_paced_itch,0,book,5760.03,5866.69,3
2,spsc_65536_cross-core_paced_itch,0,book,5866.69,5973.36,2
2,spsc_65536_cross-core_paced_itch,0,book,5973.36,6080.03,1
2,spsc_65536_cross-core_paced_itch,0,book,6080.03,6186.7,1
2,spsc_65536_cross-core_paced_itch,0,book,6186.7,6293.36,2
2,spsc_65536_cross-core_paced_itch,0,book,6400.03,6506.7,2
2,spsc_65536_cross-core_paced_itch,0,book,6506.7,6613.36,1
2,spsc_65536_cross-core_paced_itch,0,book,6720.03,6826.7,3
2,spsc_65536_cross-core_paced_itch,0,book,6826.7,7040.03,1
2,spsc_65536_cross-core_paced_itch,0,book,7040.03,7253.37,3
2,spsc_65536_cross-core_paced_itch,0,book,7253.37,7466.7,3
2,spsc_65536_cross-core_paced_itch,0,book,7466.7,7680.04,2
2,spsc_65536_cross-core_paced_itch,0,book,7680.04,7893.37,2
2,spsc_65536_cross-core_paced_itch,0,book,7893.37,8106.71,2
2,spsc_65536_cross-core_paced_itch,0,book,8106.71,8320.04,3
2,spsc_65536_cross-core_paced_itch,0,book,8320.04,8533.37,9
2,spsc_65536_cross-core_paced_itch,0,book,8533.37,8746.71,8
2,spsc_65536_cross-core_paced_itch,0,book,8746.71,8960.04,8
2,spsc_65536_cross-core_paced_itch,0,book,8960.04,9173.38,8
2,spsc_65536_cross-core_paced_itch,0,book,9173.38,9386.71,7
2,spsc_65536_cross-core_paced_itch,0,book,9386.71,9600.05,9
2,spsc_65536_cross-core_paced_itch,0,book,9600.05,9813.38,3
2,spsc_65536_cross-core_paced_itch,0,book,10026.7,10240,1
2,spsc_65536_cross-core_paced_itch,0,book,10240,10453.4,3
2,spsc_65536_cross-core_paced_itch,0,book,10666.7,10880.1,1
2,spsc_65536_cross-core_paced_itch,0,book,10880.1,11093.4,2
2,spsc_65536_cross-core_paced_itch,0,book,11306.7,11520.1,3
2,spsc_65536_cross-core_paced_itch,0,book,11733.4,11946.7,1
2,spsc_65536_cross-core_paced_itch,0,book,11946.7,12160.1,1
2,spsc_65536_cross-core_paced_itch,0,book,12160.1,12373.4,1
2,spsc_65536_cross-core_paced_itch,0,book,105814,107521,1
3,spsc_65536_cross-core_paced_itch,0,total,226.668,233.334,1
3,spsc_65536_cross-core_paced_itch,0,total,253.335,260.001,1
3,spsc_65536_cross-core_paced_itch,0,total,260.001,266.668,2
3,spsc_65536_cross-core_paced_itch,0,total,266.668,273.335,1
3,spsc_65536_cross-core_paced_itch,0,total,273.335,280.001,5
3,spsc_65536_cross-core_paced_itch,0,total,280.001,286.668,9
3,spsc_65536_cross-core_paced_itch,0,total,286.668,293.335,7
3,spsc_65536_cross-core_paced_itch,0,total,293.335,300.001,13
3,spsc_65536_cross-core_paced_itch,0,total,300.001,306.668,15
3,spsc_65536_cross-core_paced_itch,0,total,306.668,313.335,44
3,spsc_65536_cross-core_paced_itch,0,total,313.335,320.002,86
3,spsc_65536_cross-core_paced_itch,0,total,320.002,326.668,134
3,spsc_65536_cross-core_paced_itch,0,total,326.668,333.335,208
3,spsc_65536_cross-core_paced_itch,0,total,333.335,340.002,323
3,spsc_65536_cross-core_paced_itch,0,total,340.002,346.668,537
3,spsc_65536_cross-core_paced_itch,0,total,346.668,353.335,760
3,spsc_65536_cross-core_paced_itch,0,total,353.335,360.002,1000
3,spsc_65536_cross-core_paced_itch,0,total,360.002,366.668,1324
3,spsc_65536_cross-core_paced_itch,0,total,366.668,373.335,1522
3,spsc_65536_cross-core_paced_itch,0,total,373.335,380.002,1835
3,spsc_65536_cross-core_paced_itch,0,total,380.002,386.669,2019
3,spsc_65536_cross-core_paced_itch,0,total,386.669,393.335,2268
3,spsc_65536_cross-core_paced_itch,0,total,393.335,400.002,2281
3,spsc_65536_cross-core_paced_itch,0,total,400.002,406.669,2213
3,spsc_65536_cross-core_paced_itch,0,total,406.669,413.335,2322
3,spsc_65536_cross-core_paced_itch,0,total,413.335,420.002,2090
3,spsc_65536_cross-core_paced_itch,0,total,420.002,426.669,2118
3,spsc_65536_cross-core_paced_itch,0,total,426.669,440.002,4218
3,spsc_65536_cross-core_paced_itch,0,total,440.002,453.335,4896
3,spsc_65536_cross-core_paced_itch,0,total,453.335,466.669,6062
3,spsc_65536_cross-core_paced_itch,0,total,466.669,480.002,7519
3,spsc_65536_cross-core_paced_itch,0,total,480.002,493.336,8593
3,spsc_65536_cross-core_paced_itch,0,total,493.336,506.669,8854
3,spsc_65536_cross-core_paced_itch,0,total,506.669,520.002,8494
3,spsc_65536_cross-core_paced_itch,0,total,520.002,533.336,7508
3,spsc_65536_cross-core_paced_itch,0,total,533.336,546.669,6377
3,spsc_65536_cross-core_paced_itch,0,total,546.669,560.003,5230
3,spsc_65536_cross-core_paced_itch,0,total,560.003,573.336,4612
3,spsc_65536_cross-core_paced_itch,0,total,573.336,586.669,4022
3,spsc_65536_cross-core_paced_itch,0,total,586.669,600.003,3688
3,spsc_65536_cross-core_paced_itch,0,total,600.003,613.336,3604
3,spsc_65536_cross-core_paced_itch,0,total,613.336,626.67,3564
3,spsc_65536_cross-core_paced_itch,0,total,626.67,640.003,3496
3,spsc_65536_cross-core_paced_itch,0,total,640.003,653.336,3514
3,spsc_65536_cross-core_paced_itch,0,total,653.336,666.67,3431
3,spsc_65536_cross-core_paced_itch,0,total,666.67,680.003,3426
3,spsc_65536_cross-core_paced_itch,0,total,680.003,693.337,3341
3,spsc_65536_cross-core_paced_itch,0,total,693.337,706.67,3055
3,spsc_65536_cross-core_paced_itch,0,total,706.67,720.003,2874
3,spsc_65536_cross-core_paced_itch,0,total,720.003,733.337,2978
3,spsc_65536_cross-core_paced_itch,0,total,733.337,746.67,2794
3,spsc_65536_cross-core_paced_itch,0,total,746.67,760.004,2656
3,spsc_65536_cross-core_paced_itch,0,total,760.004,773.337,2393
3,spsc_65536_cross-core_paced_itch,0,total,773.337,786.67,2395
3,spsc_65536_cross-core_paced_itch,0,total,786.67,800.004,2221
3,spsc_65536_cross-core_paced_itch,0,total,800.004,813.337,2032
3,spsc_65536_cross-core_paced_itch,0,total,813.337,826.671,1954
3,spsc_65536_cross-core_paced_itch,0,total,826.671,840.004,1732
3,spsc_65536_cross-core_paced_itch,0,total,840.004,853.337,1556
3,spsc_65536_cross-core_paced_itch,0,total,853.337,880.004,3033
3,spsc_65536_cross-core_paced_itch,0,total,880.004,906.671,2706
3,spsc_65536_cross-core_paced_itch,0,total,906.671,933.338,2508
3,spsc_65536_cross-core_paced_itch,0,total,933.338,960.005,2234
3,spsc_65536_cross-core_paced_itch,0,total,960.005,986.671,2036
3,spsc_65536_cross-core_paced_itch,0,total,986.671,1013.34,1964
3,spsc_65536_cross-core_paced_itch,0,total,1013.34,1040,1726
3,spsc_65536_cross-core_paced_itch,0,total,1040,1066.67,1546
3,spsc_65536_cross-core_paced_itch,0,total,1066.67,1093.34,1364
3,spsc_65536_cross-core_paced_itch,0,total,1093.34,1120.01,1265
3,spsc_65536_cross-core_paced_itch,0,total,1120.01,1146.67,1195
3,spsc_65536_cross-core_paced_itch,0,total,1146.67,1173.34,1152
3,spsc_65536_cross-core_paced_itch,0,total,1173.34,1200.01,1095
3,spsc_65536_cross-core_paced_itch,0,total,1200.01,1226.67,1005
3,spsc_65536_cross-core_paced_itch,0,total,1226.67,1253.34,960
3,spsc_65536_cross-core_paced_itch,0,total,1253.34,1280.01,940
3,spsc_65536_cross-core_paced_itch,0,total,1280.01,1306.67,918
3,spsc_65536_cross-core_paced_itch,0,total,1306.67,1333.34,866
3,spsc_65536_cross-core_paced_itch,0,total,1333.34,1360.01,829
3,spsc_65536_cross-core_paced_itch,0,total,1360.01,1386.67,803
3,spsc_65536_cross-core_paced_itch,0,total,1386.67,1413.34,800
3,spsc_65536_cross-core_paced_itch,0,total,1413.34,1440.01,807
3,spsc_65536_cross-core_paced_itch,0,total,1440.01,1466.67,745
3,spsc_65536_cross-core_paced_itch,0,total,1466.67,1493.34,731
3,spsc_65536_cross-core_paced_itch,0,total,1493.34,1520.01,750
3,spsc_65536_cross-core_paced_itch,0,total,1520.01,1546.67,697
3,spsc_65536_cross-core_paced_itch,0,total,1546.67,1573.34,740
3,spsc_65536_cross-core_paced_itch,0,total,1573.34,1600.01,643
3,spsc_65536_cross-core_paced_itch,0,total,1600.01,1626.67,691
3,spsc_65536_cross-core_paced_itch,0,total,1626.67,1653.34,647
3,spsc_65536_cross-core_paced_itch,0,total,1653.34,1680.01,650
3,spsc_65536_cross-core_paced_itch,0,total,1680.01,1706.67,621
3,spsc_65536_cross-core_paced_itch,0,total,1706.67,1760.01,1199
3,spsc_65536_cross-core_paced_itch,0,total,1760.01,1813.34,1230
3,spsc_65536_cross-core_paced_itch,0,total,1813.34,1866.68,1150
3,spsc_65536_cross-core_paced_itch,0,total,1866.68,1920.01,1191
3,spsc_65536_cross-core_paced_itch,0,total,1920.01,1973.34,1114
3,spsc_65536_cross-core_paced_itch,0,total,1973.34,2026.68,1116
3,spsc_65536_cross-core_paced_itch,0,total,2026.68,2080.01,1081
3,spsc_65536_cross-core_paced_itch,0,total,2080.01,2133.34,1078
3,spsc_65536_cross-core_paced_itch,0,total,2133.34,2186.68,1055
3,spsc_65536_cross-core_paced_itch,0,total,2186.68,2240.01,984
3,spsc_65536_cross-core_paced_itch,0,total,2240.01,2293.34,995
3,spsc_65536_cross-core_paced_itch,0,total,2293.34,2346.68,991
3,spsc_65536_cross-core_paced_itch,0,total,2346.68,2400.01,936
3,spsc_65536_cross-core_paced_itch,0,total,2400.01,2453.34,988
3,spsc_65536_cross-core_paced_itch,0,total,2453.34,2506.68,891
3,spsc_65536_cross-core_paced_itch,0,total,2506.68,2560.01,856
3,spsc_65536_cross-core_paced_itch,0,total,2560.01,2613.35,906
3,spsc_65536_cross-core_paced_itch,0,total,2613.35,2666.68,882
3,spsc_65536_cross-core_paced_itch,0,total,2666.68,2720.01,861
3,spsc_65536_cross-core_paced_itch,0,total,2720.01,2773.35,875
3,spsc_65536_cross-core_paced_itch,0,total,2773.35,2826.68,879
3,spsc_65536_cross-core_paced_itch,0,total,2826.68,2880.01,841
3,spsc_65536_cross-core_paced_itch,0,total,2880.01,2933.35,796
3,spsc_65536_cross-core_paced_itch,0,total,2933.35,2986.68,808
3,spsc_65536_cross-core_paced_itch,0,total,2986.68,3040.01,765
3,spsc_65536_cross-core_paced_itch,0,total,3040.01,3093.35,760
3,spsc_65536_cross-core_paced_itch,0,total,3093.35,3146.68,757
3,spsc_65536_cross-core_paced_itch,0,total,3146.68,3200.02,724
3,spsc_65536_cross-core_paced_itch,0,total,3200.02,3253.35,687
3,spsc_65536_cross-core_paced_itch,0,total,3253.35,3306.68,751
3,spsc_65536_cross-core_paced_itch,0,total,3306.68,3360.02,702
3,spsc_65536_cross-core_paced_itch,0,total,3360.02,3413.35,670
3,spsc_65536_cross-core_paced_itch,0,total,3413.35,3520.02,1297
3,spsc_65536_cross-core_paced_itch,0,total,3520.02,3626.68,1270
3,spsc_65536_cross-core_paced_itch,0,total,3626.68,3733.35,1172
3,spsc_65536_cross-core_paced_itch,0,total,3733.35,3840.02,1143
3,spsc_65536_cross-core_paced_itch,0,total,3840.02,3946.69,1116
3,spsc_65536_cross-core_paced_itch,0,total,3946.69,4053.35,1016
3,spsc_65536_cross-core_paced_itch,0,total,4053.35,4160.02,1003
3,spsc_65536_cross-core_paced_itch,0,total,4160.02,4266.69,921
3,spsc_65536_cross-core_paced_itch,0,total,4266.69,4373.35,861
3,spsc_65536_cross-core_paced_itch,0,total,4373.35,4480.02,906
3,spsc_65536_cross-core_paced_itch,0,total,4480.02,4586.69,825
3,spsc_65536_cross-core_paced_itch,0,total,4586.69,4693.36,827
3,spsc_65536_cross-core_paced_itch,0,total,4693.36,4800.02,808
3,spsc_65536_cross-core_paced_itch,0,total,4800.02,4906.69,724
3,spsc_65536_cross-core_paced_itch,0,total,4906.69,5013.36,701
3,spsc_65536_cross-core_paced_itch,0,total,5013.36,5120.02,695
3,spsc_65536_cross-core_paced_itch,0,total,5120.02,5226.69,643
3,spsc_65536_cross-core_paced_itch,0,total,5226.69,5333.36,622
3,spsc_65536_cross-core_paced_itch,0,total,5333.36,5440.03,641
3,spsc_65536_cross-core_paced_itch,0,total,5440.03,5546.69,570
3,spsc_65536_cross-core_paced_itch,0,total,5546.69,5653.36,534
3,spsc_65536_cross-core_paced_itch,0,total,5653.36,5760.03,511
3,spsc_65536_cross-core_paced_itch,0,total,5760.03,5866.69,478
3,spsc_65536_cross-core_paced_itch,0,total,5866.69,5973.36,467
3,spsc_65536_cross-core_paced_itch,0,total,5973.36,6080.03,455
3,spsc_65536_cross-core_paced_itch,0,total,6080.03,6186.7,421
3,spsc_65536_cross-core_paced_itch,0,total,6186.7,6293.36,431
3,spsc_65536_cross-core_paced_itch,0,total,6293.36,6400.03,426
3,spsc_65536_cross-core_paced_itch,0,total,6400.03,6506.7,359
3,spsc_65536_cross-core_paced_itch,0,total,6506.7,6613.36,385
3,spsc_65536_cross-core_paced_itch,0,total,6613.36,6720.03,345
3,spsc_65536_cross-core_paced_itch,0,total,6720.03,6826.7,350
3,spsc_65536_cross-core_paced_itch,0,total,6826.7,7040.03,694
3,spsc_65536_cross-core_paced_itch,0,total,7040.03,7253.37,630
3,spsc_65536_cross-core_paced_itch,0,total,7253.37,7466.7,606
3,spsc_65536_cross-core_paced_itch,0,total,7466.7,7680.04,584
3,spsc_65536_cross-core_paced_itch,0,total,7680.04,7893.37,549
3,spsc_65536_cross-core_paced_itch,0,total,7893.37,8106.71,508
3,spsc_65536_cross-core_paced_itch,0,total,8106.71,8320.04,505
3,spsc_65536_cross-core_paced_itch,0,total,8320.04,8533.37,519
3,spsc_65536_cross-core_paced_itch,0,total,8533.37,8746.71,470
3,spsc_65536_cross-core_paced_itch,0,total,8746.71,8960.04,448
3,spsc_65536_cross-core_paced_itch,0,total,8960.04,9173.38,427
3,spsc_65536_cross-core_paced_itch,0,total,9173.38,9386.71,456
3,spsc_65536_cross-core_paced_itch,0,total,9386.71,9600.05,379
3,spsc_65536_cross-core_paced_itch,0,total,9600.05,9813.38,359
3,spsc_65536_cross-core_paced_itch,0,total,9813.38,10026.7,333
3,spsc_65536_cross-core_paced_itch,0,total,10026.7,10240,287
3,spsc_65536_cross-core_paced_itch,0,total,10240,10453.4,283
3,spsc_65536_cross-core_paced_itch,0,total,10453.4,10666.7,256
3,spsc_65536_cross-core_paced_itch,0,total,10666.7,10880.1,234
3,spsc_65536_cross-core_paced_itch,0,total,10880.1,11093.4,196
3,spsc_65536_cross-core_paced_itch,0,total,11093.4,11306.7,173
3,spsc_65536_cross-core_paced_itch,0,total,11306.7,11520.1,141
3,spsc_65536_cross-core_paced_itch,0,total,11520.1,11733.4,134
3,spsc_65536_cross-core_paced_itch,0,total,11733.4,11946.7,112
3,spsc_65536_cross-core_paced_itch,0,total,11946.7,12160.1,116
3,spsc_65536_cross-core_paced_itch,0,total,12160.1,12373.4,95
3,spsc_65536_cross-core_paced_itch,0,total,12373.4,12586.7,107
3,spsc_65536_cross-core_paced_itch,0,total,12586.7,12800.1,67
3,spsc_65536_cross-core_paced_itch,0,total,12800.1,13013.4,91
3,spsc_65536_cross-core_paced_itch,0,total,13013.4,13226.7,82
3,spsc_65536_cross-core_paced_itch,0,total,13226.7,13440.1,89
3,spsc_65536_cross-core_paced_itch,0,total,13440.1,13653.4,75
3,spsc_65536_cross-core_paced_itch,0,total,13653.4,14080.1,144
3,spsc_65536_cross-core_paced_itch,0,total,14080.1,14506.7,127
3,spsc_65536_cross-core_paced_itch,0,total,14506.7,14933.4,89
3,spsc_65536_cross-core_paced_itch,0,total,14933.4,15360.1,96
3,spsc_65536_cross-core_paced_itch,0,total,15360.1,15786.7,104
3,spsc_65536_cross-core_paced_itch,0,total,15786.7,16213.4,95
3,spsc_65536_cross-core_paced_itch,0,total,16213.4,16640.1,92
3,spsc_65536_cross-core_paced_itch,0,total,16640.1,17066.7,69
3,spsc_65536_cross-core_paced_itch,0,total,17066.7,17493.4,60
3,spsc_65536_cross-core_paced_itch,0,total,17493.4,17920.1,62
3,spsc_65536_cross-core_paced_itch,0,total,17920.1,18346.8,56
3,spsc_65536_cross-core_paced_itch,0,total,18346.8,18773.4,54
3,spsc_65536_cross-core_paced_itch,0,total,18773.4,19200.1,52
3,spsc_65536_cross-core_paced_itch,0,total,19200.1,19626.8,44
3,spsc_65536_cross-core_paced_itch,0,total,19626.8,20053.4,32
3,spsc_65536_cross-core_paced_itch,0,total,20053.4,20480.1,38
3,spsc_65536_cross-core_paced_itch,0,total,20480.1,20906.8,29
3,spsc_65536_cross-core_paced_itch,0,total,20906.8,21333.4,34
3,spsc_65536_cross-core_paced_itch,0,total,21333.4,21760.1,29
3,spsc_65536_cross-core_paced_itch,0,total,21760.1,22186.8,28
3,spsc_65536_cross-core_paced_itch,0,total,22186.8,22613.4,32
3,spsc_65536_cross-core_paced_itch,0,total,22613.4,23040.1,18
3,spsc_65536_cross-core_paced_itch,0,total,23040.1,23466.8,16
3,spsc_65536_cross-core_paced_itch,0,total,23466.8,23893.4,21
3,spsc_65536_cross-core_paced_itch,0,total,23893.4,24320.1,25
3,spsc_65536_cross-core_paced_itch,0,total,24320.1,24746.8,15
3,spsc_65536_cross-core_paced_itch,0,total,24746.8,25173.5,14
3,spsc_65536_cross-core_paced_itch,0,total,25173.5,25600.1,4
3,spsc_65536_cross-core_paced_itch,0,total,25600.1,26026.8,17
3,spsc_65536_cross-core_paced_itch,0,total,26026.8,26453.5,8
3,spsc_65536_cross-core_paced_itch,0,total,26453.5,26880.1,6
3,spsc_65536_cross-core_paced_itch,0,total,26880.1,27306.8,3
3,spsc_65536_cross-core_paced_itch,0,total,27306.8,28160.1,17
3,spsc_65536_cross-core_paced_itch,0,total,28160.1,29013.5,15
3,spsc_65536_cross-core_paced_itch,0,total,29013.5,29866.8,19
3,spsc_65536_cross-core_paced_itch,0,total,29866.8,30720.1,19
3,spsc_65536_cross-core_paced_itch,0,total,30720.1,31573.5,28
3,spsc_65536_cross-core_paced_itch,0,total,31573.5,32426.8,17
3,spsc_65536_cross-core_paced_itch,0,total,32426.8,33280.2,24
3,spsc_65536_cross-core_paced_itch,0,total,33280.2,34133.5,28
3,spsc_65536_cross-core_paced_itch,0,total,34133.5,34986.8,30
3,spsc_65536_cross-core_paced_itch,0,total,34986.8,35840.2,13
3,spsc_65536_cross-core_paced_itch,0,total,35840.2,36693.5,14
3,spsc_65536_cross-core_paced_itch,0,total,36693.5,37546.8,14
3,spsc_65536_cross-core_paced_itch,0,total,37546.8,38400.2,22
3,spsc_65536_cross-core_paced_itch,0,total,38400.2,39253.5,13
3,spsc_65536_cross-core_paced_itch,0,total,39253.5,40106.9,10
3,spsc_65536_cross-core_paced_itch,0,total,40106.9,40960.2,9
3,spsc_65536_cross-core_paced_itch,0,total,40960.2,41813.5,8
3,spsc_65536_cross-core_paced_itch,0,total,41813.5,42666.9,12
3,spsc_65536_cross-core_paced_itch,0,total,42666.9,43520.2,16
3,spsc_65536_cross-core_paced_itch,0,total,43520.2,44373.5,8
3,spsc_65536_cross-core_paced_itch,0,total,44373.5,45226.9,15
3,spsc_65536_cross-core_paced_itch,0,total,45226.9,46080.2,17
3,spsc_65536_cross-core_paced_itch,0,total,46080.2,46933.6,10
3,spsc_65536_cross-core_paced_itch,0,total,46933.6,47786.9,10
3,spsc_65536_cross-core_paced_itch,0,total,47786.9,48640.2,10
3,spsc_65536_cross-core_paced_itch,0,total,48640.2,49493.6,16
3,spsc_65536_cross-core_paced_itch,0,total,49493.6,50346.9,15
3,spsc_65536_cross-core_paced_itch,0,total,50346.9,51200.2,13
3,spsc_65536_cross-core_paced_itch,0,total,51200.2,52053.6,14
3,spsc_65536_cross-core_paced_itch,0,total,52053.6,52906.9,11
3,spsc_65536_cross-core_paced_itch,0,total,52906.9,53760.3,18
3,spsc_65536_cross-core_paced_itch,0,total,53760.3,54613.6,14
3,spsc_65536_cross-core_paced_itch,0,total,54613.6,56320.3,19
3,spsc_65536_cross-core_paced_itch,0,total,56320.3,58026.9,25
3,spsc_65536_cross-core_paced_itch,0,total,58026.9,59733.6,20
3,spsc_65536_cross-core_paced_itch,0,total,59733.6,61440.3,20
3,spsc_65536_cross-core_paced_itch,0,total,61440.3,63147,11
3,spsc_65536_cross-core_paced_itch,0,total,63147,64853.6,13
3,spsc_65536_cross-core_paced_itch,0,total,64853.6,66560.3,14
3,spsc_65536_cross-core_paced_itch,0,total,66560.3,68267,13
3,spsc_65536_cross-core_paced_itch,0,total,68267,69973.7,18
3,spsc_65536_cross-core_paced_itch,0,total,69973.7,71680.3,15
3,spsc_65536_cross-core_paced_itch,0,total,71680.3,73387,19
3,spsc_65536_cross-core_paced_itch,0,total,73387,75093.7,15
3,spsc_65536_cross-core_paced_itch,0,total,75093.7,76800.4,34
3,spsc_65536_cross-core_paced_itch,0,total,76800.4,78507,22
3,spsc_65536_cross-core_paced_itch,0,total,78507,80213.7,27
3,spsc_65536_cross-core_paced_itch,0,total,80213.7,81920.4,30
3,spsc_65536_cross-core_paced_itch,0,total,81920.4,83627.1,25
3,spsc_65536_cross-core_paced_itch,0,total,83627.1,85333.7,20
3,spsc_65536_cross-core_paced_itch,0,total,85333.7,87040.4,25
3,spsc_65536_cross-core_paced_itch,0,total,87040.4,88747.1,18
3,spsc_65536_cross-core_paced_itch,0,total,88747.1,90453.8,26
3,spsc_65536_cross-core_paced_itch,0,total,90453.8,92160.4,22
3,spsc_65536_cross-core_paced_itch,0,total,92160.4,93867.1,31
3,spsc_65536_cross-core_paced_itch,0,total,93867.1,95573.8,33
3,spsc_65536_cross-core_paced_itch,0,total,95573.8,97280.5,19
3,spsc_65536_cross-core_paced_itch,0,total,97280.5,98987.1,26
3,spsc_65536_cross-core_paced_itch,0,total,98987.1,100694,28
3,spsc_65536_cross-core_paced_itch,0,total,100694,102400,20
3,spsc_65536_cross-core_paced_itch,0,total,102400,104107,11
3,spsc_65536_cross-core_paced_itch,0,total,104107,105814,13
3,spsc_65536_cross-core_paced_itch,0,total,105814,107521,5
3,spsc_65536_cross-core_paced_itch,0,total,107521,109227,12
3,spsc_65536_cross-core_paced_itch,0,total,109227,112641,16
3,spsc_65536_cross-core_paced_itch,0,total,112641,116054,19
3,spsc_65536_cross-core_paced_itch,0,total,116054,119467,17
3,spsc_65536_cross-core_paced_itch,0,total,119467,122881,12
3,spsc_65536_cross-core_paced_itch,0,total,122881,126294,20
3,spsc_65536_cross-core_paced_itch,0,total,126294,129707,12
3,spsc_65536_cross-core_paced_itch,0,total,129707,133121,9
3,spsc_65536_cross-core_paced_itch,0,total,133121,136534,18
3,spsc_65536_cross-core_paced_itch,0,total,136534,139947,25
3,spsc_65536_cross-core_paced_itch,0,total,139947,143361,21
3,spsc_65536_cross-core_paced_itch,0,total,143361,146774,18
3,spsc_65536_cross-core_paced_itch,0,total,146774,150187,12
3,spsc_65536_cross-core_paced_itch,0,total,150187,153601,16
3,spsc_65536_cross-core_paced_itch,0,total,153601,157014,25
3,spsc_65536_cross-core_paced_itch,0,total,157014,160427,23
3,spsc_65536_cross-core_paced_itch,0,total,160427,163841,7
3,spsc_65536_cross-core_paced_itch,0,total,163841,167254,9
3,spsc_65536_cross-core_paced_itch,0,total,167254,170667,6
3,spsc_65536_cross-core_paced_itch,0,total,170667,174081,10
3,spsc_65536_cross-core_paced_itch,0,total,174081,177494,9
3,spsc_65536_cross-core_paced_itch,0,total,177494,180908,17
3,spsc_65536_cross-core_paced_itch,0,total,180908,184321,4
3,spsc_65536_cross-core_paced_itch,0,total,184321,187734,7
3,spsc_65536_cross-core_paced_itch,0,total,187734,191148,26
3,spsc_65536_cross-core_paced_itch,0,total,191148,194561,18
3,spsc_65536_cross-core_paced_itch,0,total,194561,197974,5
3,spsc_65536_cross-core_paced_itch,0,total,197974,201388,5
3,spsc_65536_cross-core_paced_itch,0,total,201388,204801,6
3,spsc_65536_cross-core_paced_itch,0,total,204801,208214,11
3,spsc_65536_cross-core_paced_itch,0,total,208214,211628,11
3,spsc_65536_cross-core_paced_itch,0,total,211628,215041,6
3,spsc_65536_cross-core_paced_itch,0,total,215041,218454,8
3,spsc_65536_cross-core_paced_itch,0,total,218454,225281,26
3,spsc_65536_cross-core_paced_itch,0,total,225281,232108,22
3,spsc_65536_cross-core_paced_itch,0,total,232108,238934,30
3,spsc_65536_cross-core_paced_itch,0,total,238934,245761,18
3,spsc_65536_cross-core_paced_itch,0,total,245761,252588,17
3,spsc_65536_cross-core_paced_itch,0,total,252588,259415,38
3,spsc_65536_cross-core_paced_itch,0,total,259415,266241,32
3,spsc_65536_cross-core_paced_itch,0,total,266241,273068,45
3,spsc_65536_cross-core_paced_itch,0,total,273068,279895,84
3,spsc_65536_cross-core_paced_itch,0,total,279895,286721,60
3,spsc_65536_cross-core_paced_itch,0,total,286721,293548,19
3,spsc_65536_cross-core_paced_itch,0,total,293548,300375,25
3,spsc_65536_cross-core_paced_itch,0,total,300375,307201,11
3,spsc_65536_cross-core_paced_itch,0,total,307201,314028,9
3,spsc_65536_cross-core_paced_itch,0,total,314028,320855,12
3,spsc_65536_cross-core_paced_itch,0,total,320855,327682,11
3,spsc_65536_cross-core_paced_itch,0,total,327682,334508,31
3,spsc_65536_cross-core_paced_itch,0,total,334508,341335,19
3,spsc_65536_cross-core_paced_itch,0,total,341335,348162,76
3,spsc_65536_cross-core_paced_itch,0,total,348162,354988,41
3,spsc_65536_cross-core_paced_itch,0,queue,166.667,170.001,1
3,spsc_65536_cross-core_paced_itch,0,queue,173.334,176.668,2
3,spsc_65536_cross-core_paced_itch,0,queue,176.668,180.001,1
3,spsc_65536_cross-core_paced_itch,0,queue,180.001,183.334,1
3,spsc_65536_cross-core_paced_itch,0,queue,183.334,186.668,1
3,spsc_65536_cross-core_paced_itch,0,queue,190.001,193.334,1
3,spsc_65536_cross-core_paced_itch,0,queue,193.334,196.668,1
3,spsc_65536_cross-core_paced_itch,0,queue,196.668,200.001,1
3,spsc_65536_cross-core_paced_itch,0,queue,200.001,203.334,2
3,spsc_65536_cross-core_paced_itch,0,queue,203.334,206.668,1
3,spsc_65536_cross-core_paced_itch,0,queue,210.001,213.334,1
3,spsc_65536_cross-core_paced_itch,0,queue,213.334,220.001,7
3,spsc_65536_cross-core_paced_itch,0,queue,220.001,226.668,38
3,spsc_65536_cross-core_paced_itch,0,queue,226.668,233.334,76
3,spsc_65536_cross-core_paced_itch,0,queue,233.334,240.001,87
3,spsc_65536_cross-core_paced_itch,0,queue,240.001,246.668,112
3,spsc_65536_cross-core_paced_itch,0,queue,246.668,253.335,128
3,spsc_65536_cross-core_paced_itch,0,queue,253.335,260.001,126
3,spsc_65536_cross-core_paced_itch,0,queue,260.001,266.668,135
3,spsc_65536_cross-core_paced_itch,0,queue,266.668,273.335,168
3,spsc_65536_cross-core_paced_itch,0,queue,273.335,280.001,195
3,spsc_65536_cross-core_paced_itch,0,queue,280.001,286.668,581
3,spsc_65536_cross-core_paced_itch,0,queue,286.668,293.335,2143
3,spsc_65536_cross-core_paced_itch,0,queue,293.335,300.001,4307
3,spsc_65536_cross-core_paced_itch,0,queue,300.001,306.668,5971
3,spsc_65536_cross-core_paced_itch,0,queue,306.668,313.335,7795
3,spsc_65536_cross-core_paced_itch,0,queue,313.335,320.002,9804
3,spsc_65536_cross-core_paced_itch,0,queue,320.002,326.668,11596
3,spsc_65536_cross-core_paced_itch,0,queue,326.668,333.335,13016
3,spsc_65536_cross-core_paced_itch,0,queue,333.335,340.002,13666
3,spsc_65536_cross-core_paced_itch,0,queue,340.002,346.668,12901
3,spsc_65536_cross-core_paced_itch,0,queue,346.668,353.335,11697
3,spsc_65536_cross-core_paced_itch,0,queue,353.335,360.002,10007
3,spsc_65536_cross-core_paced_itch,0,queue,360.002,366.668,9017
3,spsc_65536_cross-core_paced_itch,0,queue,366.668,373.335,7385
3,spsc_65536_cross-core_paced_itch,0,queue,373.335,380.002,5276
3,spsc_65536_cross-core_paced_itch,0,queue,380.002,386.669,3323
3,spsc_65536_cross-core_paced_itch,0,queue,386.669,393.335,2025
3,spsc_65536_cross-core_paced_itch,0,queue,393.335,400.002,1292
3,spsc_65536_cross-core_paced_itch,0,queue,400.002,406.669,1087
3,spsc_65536_cross-core_paced_itch,0,queue,406.669,413.335,980
3,spsc_65536_cross-core_paced_itch,0,queue,413.335,420.002,932
3,spsc_65536_cross-core_paced_itch,0,queue,420.002,426.669,941
3,spsc_65536_cross-core_paced_itch,0,queue,426.669,440.002,1773
3,spsc_65536_cross-core_paced_itch,0,queue,440.002,453.335,1710
3,spsc_65536_cross-core_paced_itch,0,queue,453.335,466.669,1674
3,spsc_65536_cross-core_paced_itch,0,queue,466.669,480.002,1746
3,spsc_65536_cross-core_paced_itch,0,queue,480.002,493.336,1744
3,spsc_65536_cross-core_paced_itch,0,queue,493.336,506.669,1908
3,spsc_65536_cross-core_paced_itch,0,queue,506.669,520.002,2224
3,spsc_65536_cross-core_paced_itch,0,queue,520.002,533.336,2430
3,spsc_65536_cross-core_paced_itch,0,queue,533.336,546.669,2410
3,spsc_65536_cross-core_paced_itch,0,queue,546.669,560.003,2344
3,spsc_65536_cross-core_paced_itch,0,queue,560.003,573.336,2176
3,spsc_65536_cross-core_paced_itch,0,queue,573.336,586.669,1895
3,spsc_65536_cross-core_paced_itch,0,queue,586.669,600.003,1654
3,spsc_65536_cross-core_paced_itch,0,queue,600.003,613.336,1304
3,spsc_65536_cross-core_paced_itch,0,queue,613.336,626.67,1095
3,spsc_65536_cross-core_paced_itch,0,queue,626.67,640.003,1072
3,spsc_65536_cross-core_paced_itch,0,queue,640.003,653.336,909
3,spsc_65536_cross-core_paced_itch,0,queue,653.336,666.67,881
3,spsc_65536_cross-core_paced_itch,0,queue,666.67,680.003,828
3,spsc_65536_cross-core_paced_itch,0,queue,680.003,693.337,776
3,spsc_65536_cross-core_paced_itch,0,queue,693.337,706.67,750
3,spsc_65536_cross-core_paced_itch,0,queue,706.67,720.003,703
3,spsc_65536_cross-core_paced_itch,0,queue,720.003,733.337,689
3,spsc_65536_cross-core_paced_itch,0,queue,733.337,746.67,686
3,spsc_65536_cross-core_paced_itch,0,queue,746.67,760.004,663
3,spsc_65536_cross-core_paced_itch,0,queue,760.004,773.337,685
3,spsc_65536_cross-core_paced_itch,0,queue,773.337,786.67,626
3,spsc_65536_cross-core_paced_itch,0,queue,786.67,800.004,585
3,spsc_65536_cross-core_paced_itch,0,queue,800.004,813.337,528
3,spsc_65536_cross-core_paced_itch,0,queue,813.337,826.671,495
3,spsc_65536_cross-core_paced_itch,0,queue,826.671,840.004,502
3,spsc_65536_cross-core_paced_itch,0,queue,840.004,853.337,460
3,spsc_65536_cross-core_paced_itch,0,queue,853.337,880.004,982
3,spsc_65536_cross-core_paced_itch,0,queue,880.004,906.671,925
3,spsc_65536_cross-core_paced_itch,0,queue,906.671,933.338,839
3,spsc_65536_cross-core_paced_itch,0,queue,933.338,960.005,857
3,spsc_65536_cross-core_paced_itch,0,queue,960.005,986.671,817
3,spsc_65536_cross-core_paced_itch,0,queue,986.671,1013.34,791
3,spsc_65536_cross-core_paced_itch,0,queue,1013.34,1040,831
3,spsc_65536_cross-core_paced_itch,0,queue,1040,1066.67,753
3,spsc_65536_cross-core_paced_itch,0,queue,1066.67,1093.34,762
3,spsc_65536_cross-core_paced_itch,0,queue,1093.34,1120.01,725
3,spsc_65536_cross-core_paced_itch,0,queue,1120.01,1146.67,746
3,spsc_65536_cross-core_paced_itch,0,queue,1146.67,1173.34,695
3,spsc_65536_cross-core_paced_itch,0,queue,1173.34,1200.01,725
3,spsc_65536_cross-core_paced_itch,0,queue,1200.01,1226.67,671
3,spsc_65536_cross-core_paced_itch,0,queue,1226.67,1253.34,666
3,spsc_65536_cross-core_paced_itch,0,queue,1253.34,1280.01,724
3,spsc_65536_cross-core_paced_itch,0,queue,1280.01,1306.67,657
3,spsc_65536_cross-core_paced_itch,0,queue,1306.67,1333.34,688
3,spsc_65536_cross-core_paced_itch,0,queue,1333.34,1360.01,649
3,spsc_65536_cross-core_paced_itch,0,queue,1360.01,1386.67,653
3,spsc_65536_cross-core_paced_itch,0,queue,1386.67,1413.34,619
3,spsc_65536_cross-core_paced_itch,0,queue,1413.34,1440.01,621
3,spsc_65536_cross-core_paced_itch,0,queue,1440.01,1466.67,637
3,spsc_65536_cross-core_paced_itch,0,queue,1466.67,1493.34,605
3,spsc_65536_cross-core_paced_itch,0,queue,1493.34,1520.01,600
3,spsc_65536_cross-core_paced_itch,0,queue,1520.01,1546.67,561
3,spsc_65536_cross-core_paced_itch,0,queue,1546.67,1573.34,591
3,spsc_65536_cross-core_paced_itch,0,queue,1573.34,1600.01,610
3,spsc_65536_cross-core_paced_itch,0,queue,1600.01,1626.67,565
3,spsc_65536_cross-core_paced_itch,0,queue,1626.67,1653.34,622
3,spsc_65536_cross-core_paced_itch,0,queue,1653.34,1680.01,595
3,spsc_65536_cross-core_paced_itch,0,queue,1680.01,1706.67,519
3,spsc_65536_cross-core_paced_itch,0,queue,1706.67,1760.01,1127
3,spsc_65536_cross-core_paced_itch,0,queue,1760.01,1813.34,1092
3,spsc_65536_cross-core_paced_itch,0,queue,1813.34,1866.68,1092
3,spsc_65536_cross-core_paced_itch,0,queue,1866.68,1920.01,1068
3,spsc_65536_cross-core_paced_itch,0,queue,1920.01,1973.34,1026
3,spsc_65536_cross-core_paced_itch,0,queue,1973.34,2026.68,1033
3,spsc_65536_cross-core_paced_itch,0,queue,2026.68,2080.01,1030
3,spsc_65536_cross-core_paced_itch,0,queue,2080.01,2133.34,1013
3,spsc_65536_cross-core_paced_itch,0,queue,2133.34,2186.68,952
3,spsc_65536_cross-core_paced_itch,0,queue,2186.68,2240.01,961
3,spsc_65536_cross-core_paced_itch,0,queue,2240.01,2293.34,915
3,spsc_65536_cross-core_paced_itch,0,queue,2293.34,2346.68,907
3,spsc_65536_cross-core_paced_itch,0,queue,2346.68,2400.01,851
3,spsc_65536_cross-core_paced_itch,0,queue,2400.01,2453.34,926
3,spsc_65536_cross-core_paced_itch,0,queue,2453.34,2506.68,851
3,spsc_65536_cross-core_paced_itch,0,queue,2506.68,2560.01,866
3,spsc_65536_cross-core_paced_itch,0,queue,2560.01,2613.35,860
3,spsc_65536_cross-core_paced_itch,0,queue,2613.35,2666.68,840
3,spsc_65536_cross-core_paced_itch,0,queue,2666.68,2720.01,876
3,spsc_65536_cross-core_paced_itch,0,queue,2720.01,2773.35,810
3,spsc_65536_cross-core_paced_itch,0,queue,2773.35,2826.68,767
3,spsc_65536_cross-core_paced_itch,0,queue,2826.68,2880.01,807
3,spsc_65536_cross-core_paced_itch,0,queue,2880.01,2933.35,741
3,spsc_65536_cross-core_paced_itch,0,queue,2933.35,2986.68,750
3,spsc_65536_cross-core_paced_itch,0,queue,2986.68,3040.01,736
3,spsc_65536_cross-core_paced_itch,0,queue,3040.01,3093.35,675
3,spsc_65536_cross-core_paced_itch,0,queue,3093.35,3146.68,720
3,spsc_65536_cross-core_paced_itch,0,queue,3146.68,3200.02,674
3,spsc_65536_cross-core_paced_itch,0,queue,3200.02,3253.35,691
3,spsc_65536_cross-core_paced_itch,0,queue,3253.35,3306.68,632
3,spsc_65536_cross-core_paced_itch,0,queue,3306.68,3360.02,617
3,spsc_65536_cross-core_paced_itch,0,queue,3360.02,3413.35,694
3,spsc_65536_cross-core_paced_itch,0,queue,3413.35,3520.02,1204
3,spsc_65536_cross-core_paced_itch,0,queue,3520.02,3626.68,1169
3,spsc_65536_cross-core_paced_itch,0,queue,3626.68,3733.35,1123
3,spsc_65536_cross-core_paced_itch,0,queue,3733.35,3840.02,1012
3,spsc_65536_cross-core_paced_itch,0,queue,3840.02,3946.69,1002
3,spsc_65536_cross-core_paced_itch,0,queue,3946.69,4053.35,988
3,spsc_65536_cross-core_paced_itch,0,queue,4053.35,4160.02,880
3,spsc_65536_cross-core_paced_itch,0,queue,4160.02,4266.69,865
3,spsc_65536_cross-core_paced_itch,0,queue,4266.69,4373.35,842
3,spsc_65536_cross-core_paced_itch,0,queue,4373.35,4480.02,833
3,spsc_65536_cross-core_paced_itch,0,queue,4480.02,4586.69,805
3,spsc_65536_cross-core_paced_itch,0,queue,4586.69,4693.36,743
3,spsc_65536_cross-core_paced_itch,0,queue,4693.36,4800.02,709
3,spsc_65536_cross-core_paced_itch,0,queue,4800.02,4906.69,671
3,spsc_65536_cross-core_paced_itch,0,queue,4906.69,5013.36,647
3,spsc_65536_cross-core_paced_itch,0,queue,5013.36,5120.02,633
3,spsc_65536_cross-core_paced_itch,0,queue,5120.02,5226.69,629
3,spsc_65536_cross-core_paced_itch,0,queue,5226.69,5333.36,621
3,spsc_65536_cross-core_paced_itch,0,queue,5333.36,5440.03,539
3,spsc_65536_cross-core_paced_itch,0,queue,5440.03,5546.69,495
3,spsc_65536_cross-core_paced_itch,0,queue,5546.69,5653.36,497
3,spsc_65536_cross-core_paced_itch,0,queue,5653.36,5760.03,484
3,spsc_65536_cross-core_paced_itch,0,queue,5760.03,5866.69,449
3,spsc_65536_cross-core_paced_itch,0,queue,5866.69,5973.36,427
3,spsc_65536_cross-core_paced_itch,0,queue,5973.36,6080.03,395
3,spsc_65536_cross-core_paced_itch,0,queue,6080.03,6186.7,431
3,spsc_65536_cross-core_paced_itch,0,queue,6186.7,6293.36,385
3,spsc_65536_cross-core_paced_itch,0,queue,6293.36,6400.03,373
3,spsc_65536_cross-core_paced_itch,0,queue,6400.03,6506.7,378
3,spsc_65536_cross-core_paced_itch,0,queue,6506.7,6613.36,357
3,spsc_65536_cross-core_paced_itch,0,queue,6613.36,6720.03,360
3,spsc_65536_cross-core_paced_itch,0,queue,6720.03,6826.7,319
3,spsc_65536_cross-core_paced_itch,0,queue,6826.7,7040.03,633
3,spsc_65536_cross-core_paced_itch,0,queue,7040.03,7253.37,597
3,spsc_65536_cross-core_paced_itch,0,queue,7253.37,7466.7,579
3,spsc_65536_cross-core_paced_itch,0,queue,7466.7,7680.04,553
3,spsc_65536_cross-core_paced_itch,0,queue,7680.04,7893.37,530
3,spsc_65536_cross-core_paced_itch,0,queue,7893.37,8106.71,507
3,spsc_65536_cross-core_paced_itch,0,queue,8106.71,8320.04,493
3,spsc_65536_cross-core_paced_itch,0,queue,8320.04,8533.37,509
3,spsc_65536_cross-core_paced_itch,0,queue,8533.37,8746.71,451
3,spsc_65536_cross-core_paced_itch,0,queue,8746.71,8960.04,415
3,spsc_65536_cross-core_paced_itch,0,queue,8960.04,9173.38,415
3,spsc_65536_cross-core_paced_itch,0,queue,9173.38,9386.71,414
3,spsc_65536_cross-core_paced_itch,0,queue,9386.71,9600.05,355
3,spsc_65536_cross-core_paced_itch,0,queue,9600.05,9813.38,336
3,spsc_65536_cross-core_paced_itch,0,queue,9813.38,10026.7,304
3,spsc_65536_cross-core_paced_itch,0,queue,10026.7,10240,284
3,spsc_65536_cross-core_paced_itch,0,queue,10240,10453.4,291
3,spsc_65536_cross-core_paced_itch,0,queue,10453.4,10666.7,225
3,spsc_65536_cross-core_paced_itch,0,queue,10666.7,10880.1,217
3,spsc_65536_cross-core_paced_itch,0,queue,10880.1,11093.4,172
3,spsc_65536_cross-core_paced_itch,0,queue,11093.4,11306.7,150
3,spsc_65536_cross-core_paced_itch,0,queue,11306.7,11520.1,148
3,spsc_65536_cross-core_paced_itch,0,queue,11520.1,11733.4,116
3,spsc_65536_cross-core_paced_itch,0,queue,11733.4,11946.7,117
3,spsc_65536_cross-core_paced_itch,0,queue,11946.7,12160.1,99
3,spsc_65536_cross-core_paced_itch,0,queue,12160.1,12373.4,101
3,spsc_65536_cross-core_paced_itch,0,queue,12373.4,12586.7,82
3,spsc_65536_cross-core_paced_itch,0,queue,12586.7,12800.1,73
3,spsc_65536_cross-core_paced_itch,0,queue,12800.1,13013.4,89
3,spsc_65536_cross-core_paced_itch,0,queue,13013.4,13226.7,80
3,spsc_65536_cross-core_paced_itch,0,queue,13226.7,13440.1,86
3,spsc_65536_cross-core_paced_itch,0,queue,13440.1,13653.4,76
3,spsc_65536_cross-core_paced_itch,0,queue,13653.4,14080.1,134
3,spsc_65536_cross-core_paced_itch,0,queue,14080.1,14506.7,115
3,spsc_65536_cross-core_paced_itch,0,queue,14506.7,14933.4,93
3,spsc_65536_cross-core_paced_itch,0,queue,14933.4,15360.1,95
3,spsc_65536_cross-core_paced_itch,0,queue,15360.1,15786.7,93
3,spsc_65536_cross-core_paced_itch,0,queue,15786.7,16213.4,98
3,spsc_65536_cross-core_paced_itch,0,queue,16213.4,16640.1,78
3,spsc_65536_cross-core_paced_itch,0,queue,16640.1,17066.7,68
3,spsc_65536_cross-core_paced_itch,0,queue,17066.7,17493.4,60
3,spsc_65536_cross-core_paced_itch,0,queue,17493.4,17920.1,60
3,spsc_65536_cross-core_paced_itch,0,queue,17920.1,18346.8,56
3,spsc_65536_cross-core_paced_itch,0,queue,18346.8,18773.4,47
3,spsc_65536_cross-core_paced_itch,0,queue,18773.4,19200.1,54
3,spsc_65536_cross-core_paced_itch,0,queue,19200.1,19626.8,36
3,spsc_65536_cross-core_paced_itch,0,queue,19626.8,20053.4,39
3,spsc_65536_cross-core_paced_itch,0,queue,20053.4,20480.1,29
3,spsc_65536_cross-core_paced_itch,0,queue,20480.1,20906.8,29
3,spsc_65536_cross-core_paced_itch,0,queue,20906.8,21333.4,33
3,spsc_65536_cross-core_paced_itch,0,queue,21333.4,21760.1,30
3,spsc_65536_cross-core_paced_itch,0,queue,21760.1,22186.8,26
3,spsc_65536_cross-core_paced_itch,0,queue,22186.8,22613.4,32
3,spsc_65536_cross-core_paced_itch,0,queue,22613.4,23040.1,16
3,spsc_65536_cross-core_paced_itch,0,queue,23040.1,23466.8,14
3,spsc_65536_cross-core_paced_itch,0,queue,23466.8,23893.4,24
3,spsc_65536_cross-core_paced_itch,0,queue,23893.4,24320.1,21
3,spsc_65536_cross-core_paced_itch,0,queue,24320.1,24746.8,15
3,spsc_65536_cross-core_paced_itch,0,queue,24746.8,25173.5,11
3,spsc_65536_cross-core_paced_itch,0,queue,25173.5,25600.1,9
3,spsc_65536_cross-core_paced_itch,0,queue,25600.1,26026.8,13
3,spsc_65536_cross-core_paced_itch,0,queue,26026.8,26453.5,8
3,spsc_65536_cross-core_paced_itch,0,queue,26453.5,26880.1,3
3,spsc_65536_cross-core_paced_itch,0,queue,26880.1,27306.8,8
3,spsc_65536_cross-core_paced_itch,0,queue,27306.8,28160.1,14
3,spsc_65536_cross-core_paced_itch,0,queue,28160.1,29013.5,13
3,spsc_65536_cross-core_paced_itch,0,queue,29013.5,29866.8,23
3,spsc_65536_cross-core_paced_itch,0,queue,29866.8,30720.1,22
3,spsc_65536_cross-core_paced_itch,0,queue,30720.1,31573.5,24
3,spsc_65536_cross-core_paced_itch,0,queue,31573.5,32426.8,16
3,spsc_65536_cross-core_paced_itch,0,queue,32426.8,33280.2,27
3,spsc_65536_cross-core_paced_itch,0,queue,33280.2,34133.5,27
3,spsc_65536_cross-core_paced_itch,0,queue,34133.5,34986.8,27
3,spsc_65536_cross-core_paced_itch,0,queue,34986.8,35840.2,17
3,spsc_65536_cross-core_paced_itch,0,queue,35840.2,36693.5,10
3,spsc_65536_cross-core_paced_itch,0,queue,36693.5,37546.8,20
3,spsc_65536_cross-core_paced_itch,0,queue,37546.8,38400.2,18
3,spsc_65536_cross-core_paced_itch,0,queue,38400.2,39253.5,10
3,spsc_65536_cross-core_paced_itch,0,queue,39253.5,40106.9,10
3,spsc_65536_cross-core_paced_itch,0,queue,40106.9,40960.2,11
3,spsc_65536_cross-core_paced_itch,0,queue,40960.2,41813.5,7
3,spsc_65536_cross-core_paced_itch,0,queue,41813.5,42666.9,16
3,spsc_65536_cross-core_paced_itch,0,queue,42666.9,43520.2,10
3,spsc_65536_cross-core_paced_itch,0,queue,43520.2,44373.5,10
3,spsc_65536_cross-core_paced_itch,0,queue,44373.5,45226.9,19
3,spsc_65536_cross-core_paced_itch,0,queue,45226.9,46080.2,16
3,spsc_65536_cross-core_paced_itch,0,queue,46080.2,46933.6,6
3,spsc_65536_cross-core_paced_itch,0,queue,46933.6,47786.9,11
3,spsc_65536_cross-core_paced_itch,0,queue,47786.9,48640.2,9
3,spsc_65536_cross-core_paced_itch,0,queue,48640.2,49493.6,19
3,spsc_65536_cross-core_paced_itch,0,queue,49493.6,50346.9,16
3,spsc_65536_cross-core_paced_itch,0,queue,50346.9,51200.2,10
3,spsc_65536_cross-core_paced_itch,0,queue,51200.2,52053.6,15
3,spsc_65536_cross-core_paced_itch,0,queue,52053.6,52906.9,13
3,spsc_65536_cross-core_paced_itch,0,queue,52906.9,53760.3,15
3,spsc_65536_cross-core_paced_itch,0,queue,53760.3,54613.6,14
3,spsc_65536_cross-core_paced_itch,0,queue,54613.6,56320.3,20
3,spsc_65536_cross-core_paced_itch,0,queue,56320.3,58026.9,24
3,spsc_65536_cross-core_paced_itch,0,queue,58026.9,59733.6,22
3,spsc_65536_cross-core_paced_itch,0,queue,59733.6,61440.3,19
3,spsc_65536_cross-core_paced_itch,0,queue,61440.3,63147,8
3,spsc_65536_cross-core_paced_itch,0,queue,63147,64853.6,15
3,spsc_65536_cross-core_paced_itch,0,queue,64853.6,66560.3,15
3,spsc_65536_cross-core_paced_itch,0,queue,66560.3,68267,11
3,spsc_65536_cross-core_paced_itch,0,queue,68267,69973.7,19
3,spsc_65536_cross-core_paced_itch,0,queue,69973.7,71680.3,14
3,spsc_65536_cross-core_paced_itch,0,queue,71680.3,73387,19
3,spsc_65536_cross-core_paced_itch,0,queue,73387,75093.7,19
3,spsc_65536_cross-core_paced_itch,0,queue,75093.7,76800.4,34
3,spsc_65536_cross-core_paced_itch,0,queue,76800.4,78507,21
3,spsc_65536_cross-core_paced_itch,0,queue,78507,80213.7,29
3,spsc_65536_cross-core_paced_itch,0,queue,80213.7,81920.4,26
3,spsc_65536_cross-core_paced_itch,0,queue,81920.4,83627.1,26
3,spsc_65536_cross-core_paced_itch,0,queue,83627.1,85333.7,20
3,spsc_65536_cross-core_paced_itch,0,queue,85333.7,87040.4,25
3,spsc_65536_cross-core_paced_itch,0,queue,87040.4,88747.1,17
3,spsc_65536_cross-core_paced_itch,0,queue,88747.1,90453.8,27
3,spsc_65536_cross-core_paced_itch,0,queue,90453.8,92160.4,22
3,spsc_65536_cross-core_paced_itch,0,queue,92160.4,93867.1,31
3,spsc_65536_cross-core_paced_itch,0,queue,93867.1,95573.8,32
3,spsc_65536_cross-core_paced_itch,0,queue,95573.8,97280.5,20
3,spsc_65536_cross-core_paced_itch,0,queue,97280.5,98987.1,26
3,spsc_65536_cross-core_paced_itch,0,queue,98987.1,100694,27
3,spsc_65536_cross-core_paced_itch,0,queue,100694,102400,19
3,spsc_65536_cross-core_paced_itch,0,queue,102400,104107,11
3,spsc_65536_cross-core_paced_itch,0,queue,104107,105814,12
3,spsc_65536_cross-core_paced_itch,0,queue,105814,107521,7
3,spsc_65536_cross-core_paced_itch,0,queue,107521,109227,9
3,spsc_65536_cross-core_paced_itch,0,queue,109227,112641,15
3,spsc_65536_cross-core_paced_itch,0,queue,112641,116054,20
3,spsc_65536_cross-core_paced_itch,0,queue,116054,119467,16
3,spsc_65536_cross-core_paced_itch,0,queue,119467,122881,13
3,spsc_65536_cross-core_paced_itch,0,queue,122881,126294,21
3,spsc_65536_cross-core_paced_itch,0,queue,126294,129707,11
3,spsc_65536_cross-core_paced_itch,0,queue,129707,133121,8
3,spsc_65536_cross-core_paced_itch,0,queue,133121,136534,21
3,spsc_65536_cross-core_paced_itch,0,queue,136534,139947,23
3,spsc_65536_cross-core_paced_itch,0,queue,139947,143361,22
3,spsc_65536_cross-core_paced_itch,0,queue,143361,146774,17
3,spsc_65536_cross-core_paced_itch,0,queue,146774,150187,12
3,spsc_65536_cross-core_paced_itch,0,queue,150187,153601,16
3,spsc_65536_cross-core_paced_itch,0,queue,153601,157014,27
3,spsc_65536_cross-core_paced_itch,0,queue,157014,160427,21
3,spsc_65536_cross-core_paced_itch,0,queue,160427,163841,6
3,spsc_65536_cross-core_paced_itch,0,queue,163841,167254,10
3,spsc_65536_cross-core_paced_itch,0,queue,167254,170667,6
3,spsc_65536_cross-core_paced_itch,0,queue,170667,174081,9
3,spsc_65536_cross-core_paced_itch,0,queue,174081,177494,11
3,spsc_65536_cross-core_paced_itch,0,queue,177494,180908,15
3,spsc_65536_cross-core_paced_itch,0,queue,180908,184321,4
3,spsc_65536_cross-core_paced_itch,0,queue,184321,187734,7
3,spsc_65536_cross-core_paced_itch,0,queue,187734,191148,29
3,spsc_65536_cross-core_paced_itch,0,queue,191148,194561,15
3,spsc_65536_cross-core_paced_itch,0,queue,194561,197974,5
3,spsc_65536_cross-core_paced_itch,0,queue,197974,201388,5
3,spsc_65536_cross-core_paced_itch,0,queue,201388,204801,7
3,spsc_65536_cross-core_paced_itch,0,queue,204801,208214,10
3,spsc_65536_cross-core_paced_itch,0,queue,208214,211628,12
3,spsc_65536_cross-core_paced_itch,0,queue,211628,215041,5
3,spsc_65536_cross-core_paced_itch,0,queue,215041,218454,8
3,spsc_65536_cross-core_paced_itch,0,queue,218454,225281,27
3,spsc_65536_cross-core_paced_itch,0,queue,225281,232108,21
3,spsc_65536_cross-core_paced_itch,0,queue,232108,238934,31
3,spsc_65536_cross-core_paced_itch,0,queue,238934,245761,18
3,spsc_65536_cross-core_paced_itch,0,queue,245761,252588,16
3,spsc_65536_cross-core_paced_itch,0,queue,252588,259415,38
3,spsc_65536_cross-core_paced_itch,0,queue,259415,266241,32
3,spsc_65536_cross-core_paced_itch,0,queue,266241,273068,48
3,spsc_65536_cross-core_paced_itch,0,queue,273068,279895,82
3,spsc_65536_cross-core_paced_itch,0,queue,279895,286721,60
3,spsc_65536_cross-core_paced_itch,0,queue,286721,293548,18
3,spsc_65536_cross-core_paced_itch,0,queue,293548,300375,25
3,spsc_65536_cross-core_paced_itch,0,queue,300375,307201,11
3,spsc_65536_cross-core_paced_itch,0,queue,307201,314028,9
3,spsc_65536_cross-core_paced_itch,0,queue,314028,320855,13
3,spsc_65536_cross-core_paced_itch,0,queue,320855,327682,10
3,spsc_65536_cross-core_paced_itch,0,queue,327682,334508,31
3,spsc_65536_cross-core_paced_itch,0,queue,334508,341335,19
3,spsc_65536_cross-core_paced_itch,0,queue,341335,348162,79
3,spsc_65536_cross-core_paced_itch,0,queue,348162,354988,38
3,spsc_65536_cross-core_paced_itch,0,book,18.3334,18.7501,2
3,spsc_65536_cross-core_paced_itch,0,book,19.1668,19.5834,21
3,spsc_65536_cross-core_paced_itch,0,book,20.0001,20.4168,417
3,spsc_65536_cross-core_paced_itch,0,book,20.8334,21.2501,935
3,spsc_65536_cross-core_paced_itch,0,book,21.6668,22.0834,819
3,spsc_65536_cross-core_paced_itch,0,book,22.5001,22.9168,250
3,spsc_65536_cross-core_paced_itch,0,book,23.3334,23.7501,51
3,spsc_65536_cross-core_paced_itch,0,book,24.1668,24.5834,63
3,spsc_65536_cross-core_paced_itch,0,book,25.0001,25.4168,100
3,spsc_65536_cross-core_paced_itch,0,book,25.8335,26.2501,407
3,spsc_65536_cross-core_paced_itch,0,book,26.6668,27.5001,848
3,spsc_65536_cross-core_paced_itch,0,book,27.5001,28.3335,971
3,spsc_65536_cross-core_paced_itch,0,book,28.3335,29.1668,1312
3,spsc_65536_cross-core_paced_itch,0,book,29.1668,30.0001,1842
3,spsc_65536_cross-core_paced_itch,0,book,30.0001,30.8335,1664
3,spsc_65536_cross-core_paced_itch,0,book,30.8335,31.6668,1050
3,spsc_65536_cross-core_paced_itch,0,book,31.6668,32.5002,612
3,spsc_65536_cross-core_paced_itch,0,book,32.5002,33.3335,693
3,spsc_65536_cross-core_paced_itch,0,book,33.3335,34.1668,902
3,spsc_65536_cross-core_paced_itch,0,book,34.1668,35.0002,749
3,spsc_65536_cross-core_paced_itch,0,book,35.0002,35.8335,623
3,spsc_65536_cross-core_paced_itch,0,book,35.8335,36.6668,446
3,spsc_65536_cross-core_paced_itch,0,book,36.6668,37.5002,319
3,spsc_65536_cross-core_paced_itch,0,book,37.5002,38.3335,400
3,spsc_65536_cross-core_paced_itch,0,book,38.3335,39.1669,375
3,spsc_65536_cross-core_paced_itch,0,book,39.1669,40.0002,336
3,spsc_65536_cross-core_paced_itch,0,book,40.0002,40.8335,444
3,spsc_65536_cross-core_paced_itch,0,book,40.8335,41.6669,412
3,spsc_65536_cross-core_paced_itch,0,book,41.6669,42.5002,518
3,spsc_65536_cross-core_paced_itch,0,book,42.5002,43.3335,600
3,spsc_65536_cross-core_paced_itch,0,book,43.3335,44.1669,545
3,spsc_65536_cross-core_paced_itch,0,book,44.1669,45.0002,543
3,spsc_65536_cross-core_paced_itch,0,book,45.0002,45.8336,552
3,spsc_65536_cross-core_paced_itch,0,book,45.8336,46.6669,474
3,spsc_65536_cross-core_paced_itch,0,book,46.6669,47.5002,672
3,spsc_65536_cross-core_paced_itch,0,book,47.5002,48.3336,686
3,spsc_65536_cross-core_paced_itch,0,book,48.3336,49.1669,638
3,spsc_65536_cross-core_paced_itch,0,book,49.1669,50.0002,660
3,spsc_65536_cross-core_paced_itch,0,book,50.0002,50.8336,715
3,spsc_65536_cross-core_paced_itch,0,book,50.8336,51.6669,762
3,spsc_65536_cross-core_paced_itch,0,book,51.6669,52.5002,764
3,spsc_65536_cross-core_paced_itch,0,book,52.5002,53.3336,746
3,spsc_65536_cross-core_paced_itch,0,book,53.3336,55.0003,1526
3,spsc_65536_cross-core_paced_itch,0,book,55.0003,56.6669,1574
3,spsc_65536_cross-core_paced_itch,0,book,56.6669,58.3336,1556
3,spsc_65536_cross-core_paced_itch,0,book,58.3336,60.0003,1553
3,spsc_65536_cross-core_paced_itch,0,book,60.0003,61.667,1647
3,spsc_65536_cross-core_paced_itch,0,book,61.667,63.3336,1607
3,spsc_65536_cross-core_paced_itch,0,book,63.3336,65.0003,1529
3,spsc_65536_cross-core_paced_itch,0,book,65.0003,66.667,1477
3,spsc_65536_cross-core_paced_itch,0,book,66.667,68.3337,1519
3,spsc_65536_cross-core_paced_itch,0,book,68.3337,70.0003,1438
3,spsc_65536_cross-core_paced_itch,0,book,70.0003,71.667,1348
3,spsc_65536_cross-core_paced_itch,0,book,71.667,73.3337,1160
3,spsc_65536_cross-core_paced_itch,0,book,73.3337,75.0004,1238
3,spsc_65536_cross-core_paced_itch,0,book,75.0004,76.667,1113
3,spsc_65536_cross-core_paced_itch,0,book,76.667,78.3337,1022
3,spsc_65536_cross-core_paced_itch,0,book,78.3337,80.0004,862
3,spsc_65536_cross-core_paced_itch,0,book,80.0004,81.6671,924
3,spsc_65536_cross-core_paced_itch,0,book,81.6671,83.3337,781
3,spsc_65536_cross-core_paced_itch,0,book,83.3337,85.0004,754
3,spsc_65536_cross-core_paced_itch,0,book,85.0004,86.6671,638
3,spsc_65536_cross-core_paced_itch,0,book,86.6671,88.3338,630
3,spsc_65536_cross-core_paced_itch,0,book,88.3338,90.0004,560
3,spsc_65536_cross-core_paced_itch,0,book,90.0004,91.6671,609
3,spsc_65536_cross-core_paced_itch,0,book,91.6671,93.3338,529
3,spsc_65536_cross-core_paced_itch,0,book,93.3338,95.0005,543
3,spsc_65536_cross-core_paced_itch,0,book,95.0005,96.6671,506
3,spsc_65536_cross-core_paced_itch,0,book,96.6671,98.3338,450
3,spsc_65536_cross-core_paced_itch,0,book,98.3338,100,453
3,spsc_65536_cross-core_paced_itch,0,book,100,101.667,438
3,spsc_65536_cross-core_paced_itch,0,book,101.667,103.334,451
3,spsc_65536_cross-core_paced_itch,0,book,103.334,105,398
3,spsc_65536_cross-core_paced_itch,0,book,105,106.667,426
3,spsc_65536_cross-core_paced_itch,0,book,106.667,110.001,841
3,spsc_65536_cross-core_paced_itch,0,book,110.001,113.334,976
3,spsc_65536_cross-core_paced_itch,0,book,113.334,116.667,878
3,spsc_65536_cross-core_paced_itch,0,book,116.667,120.001,795
3,spsc_65536_cross-core_paced_itch,0,book,120.001,123.334,773
3,spsc_65536_cross-core_paced_itch,0,book,123.334,126.667,951
3,spsc_65536_cross-core_paced_itch,0,book,126.667,130.001,2238
3,spsc_65536_cross-core_paced_itch,0,book,130.001,133.334,3836
3,spsc_65536_cross-core_paced_itch,0,book,133.334,136.667,4496
3,spsc_65536_cross-core_paced_itch,0,book,136.667,140.001,4697
3,spsc_65536_cross-core_paced_itch,0,book,140.001,143.334,7313
3,spsc_65536_cross-core_paced_itch,0,book,143.334,146.667,9238
3,spsc_65536_cross-core_paced_itch,0,book,146.667,150.001,8987
3,spsc_65536_cross-core_paced_itch,0,book,150.001,153.334,7886
3,spsc_65536_cross-core_paced_itch,0,book,153.334,156.667,8567
3,spsc_65536_cross-core_paced_itch,0,book,156.667,160.001,7905
3,spsc_65536_cross-core_paced_itch,0,book,160.001,163.334,7049
3,spsc_65536_cross-core_paced_itch,0,book,163.334,166.667,5769
3,spsc_65536_cross-core_paced_itch,0,book,166.667,170.001,4967
3,spsc_65536_cross-core_paced_itch,0,book,170.001,173.334,4139
3,spsc_65536_cross-core_paced_itch,0,book,173.334,176.668,3822
3,spsc_65536_cross-core_paced_itch,0,book,176.668,180.001,3605
3,spsc_65536_cross-core_paced_itch,0,book,180.001,183.334,3592
3,spsc_65536_cross-core_paced_itch,0,book,183.334,186.668,3333
3,spsc_65536_cross-core_paced_itch,0,book,186.668,190.001,3053
3,spsc_65536_cross-core_paced_itch,0,book,190.001,193.334,2784
3,spsc_65536_cross-core_paced_itch,0,book,193.334,196.668,2782
3,spsc_65536_cross-core_paced_itch,0,book,196.668,200.001,2532
3,spsc_65536_cross-core_paced_itch,0,book,200.001,203.334,2445
3,spsc_65536_cross-core_paced_itch,0,book,203.334,206.668,2136
3,spsc_65536_cross-core_paced_itch,0,book,206.668,210.001,2049
3,spsc_65536_cross-core_paced_itch,0,book,210.001,213.334,1880
3,spsc_65536_cross-core_paced_itch,0,book,213.334,220.001,3456
3,spsc_65536_cross-core_paced_itch,0,book,220.001,226.668,2960
3,spsc_65536_cross-core_paced_itch,0,book,226.668,233.334,2672
3,spsc_65536_cross-core_paced_itch,0,book,233.334,240.001,2329
3,spsc_65536_cross-core_paced_itch,0,book,240.001,246.668,2169
3,spsc_65536_cross-core_paced_itch,0,book,246.668,253.335,1999
3,spsc_65536_cross-core_paced_itch,0,book,253.335,260.001,1845
3,spsc_65536_cross-core_paced_itch,0,book,260.001,266.668,1770
3,spsc_65536_cross-core_paced_itch,0,book,266.668,273.335,1825
3,spsc_65536_cross-core_paced_itch,0,book,273.335,280.001,1763
3,spsc_65536_cross-core_paced_itch,0,book,280.001,286.668,1873
3,spsc_65536_cross-core_paced_itch,0,book,286.668,293.335,1960
3,spsc_65536_cross-core_paced_itch,0,book,293.335,300.001,2039
3,spsc_65536_cross-core_paced_itch,0,book,300.001,306.668,1966
3,spsc_65536_cross-core_paced_itch,0,book,306.668,313.335,1981
3,spsc_65536_cross-core_paced_itch,0,book,313.335,320.002,2037
3,spsc_65536_cross-core_paced_itch,0,book,320.002,326.668,1985
3,spsc_65536_cross-core_paced_itch,0,book,326.668,333.335,1848
3,spsc_65536_cross-core_paced_itch,0,book,333.335,340.002,1645
3,spsc_65536_cross-core_paced_itch,0,book,340.002,346.668,1712
3,spsc_65536_cross-core_paced_itch,0,book,346.668,353.335,1596
3,spsc_65536_cross-core_paced_itch,0,book,353.335,360.002,1452
3,spsc_65536_cross-core_paced_itch,0,book,360.002,366.668,1367
3,spsc_65536_cross-core_paced_itch,0,book,366.668,373.335,1336
3,spsc_65536_cross-core_paced_itch,0,book,373.335,380.002,1275
3,spsc_65536_cross-core_paced_itch,0,book,380.002,386.669,1243
3,spsc_65536_cross-core_paced_itch,0,book,386.669,393.335,1205
3,spsc_65536_cross-core_paced_itch,0,book,393.335,400.002,1210
3,spsc_65536_cross-core_paced_itch,0,book,400.002,406.669,1151
3,spsc_65536_cross-core_paced_itch,0,book,406.669,413.335,1090
3,spsc_65536_cross-core_paced_itch,0,book,413.335,420.002,1073
3,spsc_65536_cross-core_paced_itch,0,book,420.002,426.669,1170
3,spsc_65536_cross-core_paced_itch,0,book,426.669,440.002,2182
3,spsc_65536_cross-core_paced_itch,0,book,440.002,453.335,1860
3,spsc_65536_cross-core_paced_itch,0,book,453.335,466.669,1626
3,spsc_65536_cross-core_paced_itch,0,book,466.669,480.002,1326
3,spsc_65536_cross-core_paced_itch,0,book,480.002,493.336,1167
3,spsc_65536_cross-core_paced_itch,0,book,493.336,506.669,959
3,spsc_65536_cross-core_paced_itch,0,book,506.669,520.002,942
3,spsc_65536_cross-core_paced_itch,0,book,520.002,533.336,829
3,spsc_65536_cross-core_paced_itch,0,book,533.336,546.669,798
3,spsc_65536_cross-core_paced_itch,0,book,546.669,560.003,768
3,spsc_65536_cross-core_paced_itch,0,book,560.003,573.336,716
3,spsc_65536_cross-core_paced_itch,0,book,573.336,586.669,713
3,spsc_65536_cross-core_paced_itch,0,book,586.669,600.003,590
3,spsc_65536_cross-core_paced_itch,0,book,600.003,613.336,539
3,spsc_65536_cross-core_paced_itch,0,book,613.336,626.67,498
3,spsc_65536_cross-core_paced_itch,0,book,626.67,640.003,447
3,spsc_65536_cross-core_paced_itch,0,book,640.003,653.336,408
3,spsc_65536_cross-core_paced_itch,0,book,653.336,666.67,398
3,spsc_65536_cross-core_paced_itch,0,book,666.67,680.003,322
3,spsc_65536_cross-core_paced_itch,0,book,680.003,693.337,340
3,spsc_65536_cross-core_paced_itch,0,book,693.337,706.67,257
3,spsc_65536_cross-core_paced_itch,0,book,706.67,720.003,274
3,spsc_65536_cross-core_paced_itch,0,book,720.003,733.337,252
3,spsc_65536_cross-core_paced_itch,0,book,733.337,746.67,182
3,spsc_65536_cross-core_paced_itch,0,book,746.67,760.004,172
3,spsc_65536_cross-core_paced_itch,0,book,760.004,773.337,149
3,spsc_65536_cross-core_paced_itch,0,book,773.337,786.67,164
3,spsc_65536_cross-core_paced_itch,0,book,786.67,800.004,137
3,spsc_65536_cross-core_paced_itch,0,book,800.004,813.337,114
3,spsc_65536_cross-core_paced_itch,0,book,813.337,826.671,102
3,spsc_65536_cross-core_paced_itch,0,book,826.671,840.004,87
3,spsc_65536_cross-core_paced_itch,0,book,840.004,853.337,85
3,spsc_65536_cross-core_paced_itch,0,book,853.337,880.004,143
3,spsc_65536_cross-core_paced_itch,0,book,880.004,906.671,128
3,spsc_65536_cross-core_paced_itch,0,book,906.671,933.338,97
3,spsc_65536_cross-core_paced_itch,0,book,933.338,960.005,63
3,spsc_65536_cross-core_paced_itch,0,book,960.005,986.671,56
3,spsc_65536_cross-core_paced_itch,0,book,986.671,1013.34,60
3,spsc_65536_cross-core_paced_itch,0,book,1013.34,1040,39
3,spsc_65536_cross-core_paced_itch,0,book,1040,1066.67,34
3,spsc_65536_cross-core_paced_itch,0,book,1066.67,1093.34,30
3,spsc_65536_cross-core_paced_itch,0,book,1093.34,1120.01,20
3,spsc_65536_cross-core_paced_itch,0,book,1120.01,1146.67,28
3,spsc_65536_cross-core_paced_itch,0,book,1146.67,1173.34,16
3,spsc_65536_cross-core_paced_itch,0,book,1173.34,1200.01,11
3,spsc_65536_cross-core_paced_itch,0,book,1200.01,1226.67,9
3,spsc_65536_cross-core_paced_itch,0,book,1226.67,1253.34,14
3,spsc_65536_cross-core_paced_itch,0,book,1253.34,1280.01,8
3,spsc_65536_cross-core_paced_itch,0,book,1280.01,1306.67,10
3,spsc_65536_cross-core_paced_itch,0,book,1306.67,1333.34,5
3,spsc_65536_cross-core_paced_itch,0,book,1333.34,1360.01,4
3,spsc_65536_cross-core_paced_itch,0,book,1360.01,1386.67,6
3,spsc_65536_cross-core_paced_itch,0,book,1386.67,1413.34,7
3,spsc_65536_cross-core_paced_itch,0,book,1413.34,1440.01,4
3,spsc_65536_cross-core_paced_itch,0,book,1440.01,1466.67,3
3,spsc_65536_cross-core_paced_itch,0,book,1466.67,1493.34,7
3,spsc_65536_cross-core_paced_itch,0,book,1493.34,1520.01,3
3,spsc_65536_cross-core_paced_itch,0,book,1520.01,1546.67,5
3,spsc_65536_cross-core_paced_itch,0,book,1546.67,1573.34,6
3,spsc_65536_cross-core_paced_itch,0,book,1573.34,1600.01,9
3,spsc_65536_cross-core_paced_itch,0,book,1600.01,1626.67,8
3,spsc_65536_cross-core_paced_itch,0,book,1626.67,1653.34,5
3,spsc_65536_cross-core_paced_itch,0,book,1653.34,1680.01,6
3,spsc_65536_cross-core_paced_itch,0,book,1680.01,1706.67,5
3,spsc_65536_cross-core_paced_itch,0,book,1706.67,1760.01,19
3,spsc_65536_cross-core_paced_itch,0,book,1760.01,1813.34,19
3,spsc_65536_cross-core_paced_itch,0,book,1813.34,1866.68,17
3,spsc_65536_cross-core_paced_itch,0,book,1866.68,1920.01,9
3,spsc_65536_cross-core_paced_itch,0,book,1920.01,1973.34,13
3,spsc_65536_cross-core_paced_itch,0,book,1973.34,2026.68,11
3,spsc_65536_cross-core_paced_itch,0,book,2026.68,2080.01,11
3,spsc_65536_cross-core_paced_itch,0,book,2080.01,2133.34,5
3,spsc_65536_cross-core_paced_itch,0,book,2133.34,2186.68,5
3,spsc_65536_cross-core_paced_itch,0,book,2186.68,2240.01,12
3,spsc_65536_cross-core_paced_itch,0,book,2240.01,2293.34,7
3,spsc_65536_cross-core_paced_itch,0,book,2293.34,2346.68,5
3,spsc_65536_cross-core_paced_itch,0,book,2346.68,2400.01,3
3,spsc_65536_cross-core_paced_itch,0,book,2400.01,2453.34,1
3,spsc_65536_cross-core_paced_itch,0,book,2453.34,2506.68,1
3,spsc_65536_cross-core_paced_itch,0,book,2506.68,2560.01,3
3,spsc_65536_cross-core_paced_itch,0,book,2560.01,2613.35,1
3,spsc_65536_cross-core_paced_itch,0,book,2720.01,2773.35,1
3,spsc_65536_cross-core_paced_itch,0,book,2773.35,2826.68,1
3,spsc_65536_cross-core_paced_itch,0,book,2826.68,2880.01,2
3,spsc_65536_cross-core_paced_itch,0,book,2880.01,2933.35,1
3,spsc_65536_cross-core_paced_itch,0,book,2933.35,2986.68,1
3,spsc_65536_cross-core_paced_itch,0,book,2986.68,3040.01,3
3,spsc_65536_cross-core_paced_itch,0,book,3040.01,3093.35,1
3,spsc_65536_cross-core_paced_itch,0,book,3093.35,3146.68,4
3,spsc_65536_cross-core_paced_itch,0,book,3146.68,3200.02,2
3,spsc_65536_cross-core_paced_itch,0,book,3200.02,3253.35,2
3,spsc_65536_cross-core_paced_itch,0,book,3253.35,3306.68,2
3,spsc_65536_cross-core_paced_itch,0,book,3306.68,3360.02,4
3,spsc_65536_cross-core_paced_itch,0,book,3413.35,3520.02,4
3,spsc_65536_cross-core_paced_itch,0,book,3520.02,3626.68,2
3,spsc_65536_cross-core_paced_itch,0,book,3626.68,3733.35,4
3,spsc_65536_cross-core_paced_itch,0,book,3733.35,3840.02,1
3,spsc_65536_cross-core_paced_itch,0,book,3840.02,3946.69,2
3,spsc_65536_cross-core_paced_itch,0,book,4373.35,4480.02,3
3,spsc_65536_cross-core_paced_itch,0,book,4480.02,4586.69,1
3,spsc_65536_cross-core_paced_itch,0,book,4800.02,4906.69,1
3,spsc_65536_cross-core_paced_itch,0,book,4906.69,5013.36,1
3,spsc_65536_cross-core_paced_itch,0,book,5013.36,5120.02,1
3,spsc_65536_cross-core_paced_itch,0,book,5120.02,5226.69,2
3,spsc_65536_cross-core_paced_itch,0,book,5226.69,5333.36,2
3,spsc_65536_cross-core_paced_itch,0,book,5333.36,5440.03,1
3,spsc_65536_cross-core_paced_itch,0,book,5440.03,5546.69,8
3,spsc_65536_cross-core_paced_itch,0,book,5546.69,5653.36,2
3,spsc_65536_cross-core_paced_itch,0,book,5653.36,5760.03,2
3,spsc_65536_cross-core_paced_itch,0,book,5760.03,5866.69,2
3,spsc_65536_cross-core_paced_itch,0,book,5866.69,5973.36,1
3,spsc_65536_cross-core_paced_itch,0,book,5973.36,6080.03,1
3,spsc_65536_cross-core_paced_itch,0,book,6080.03,6186.7,1
3,spsc_65536_cross-core_paced_itch,0,book,6186.7,6293.36,1
3,spsc_65536_cross-core_paced_itch,0,book,6293.36,6400.03,1
3,spsc_65536_cross-core_paced_itch,0,book,6506.7,6613.36,2
3,spsc_65536_cross-core_paced_itch,0,book,6613.36,6720.03,2
3,spsc_65536_cross-core_paced_itch,0,book,6720.03,6826.7,2
3,spsc_65536_cross-core_paced_itch,0,book,6826.7,7040.03,3
3,spsc_65536_cross-core_paced_itch,0,book,7040.03,7253.37,2
3,spsc_65536_cross-core_paced_itch,0,book,7253.37,7466.7,1
3,spsc_65536_cross-core_paced_itch,0,book,7680.04,7893.37,1
3,spsc_65536_cross-core_paced_itch,0,book,7893.37,8106.71,4
3,spsc_65536_cross-core_paced_itch,0,book,8106.71,8320.04,2
3,spsc_65536_cross-core_paced_itch,0,book,8320.04,8533.37,6
3,spsc_65536_cross-core_paced_itch,0,book,8533.37,8746.71,7
3,spsc_65536_cross-core_paced_itch,0,book,8746.71,8960.04,14
3,spsc_65536_cross-core_paced_itch,0,book,8960.04,9173.38,7
3,spsc_65536_cross-core_paced_itch,0,book,9173.38,9386.71,8
3,spsc_65536_cross-core_paced_itch,0,book,9386.71,9600.05,3
3,spsc_65536_cross-core_paced_itch,0,book,9600.05,9813.38,1
3,spsc_65536_cross-core_paced_itch,0,book,10240,10453.4,1
3,spsc_65536_cross-core_paced_itch,0,book,10453.4,10666.7,1
3,spsc_65536_cross-core_paced_itch,0,book,10666.7,10880.1,4
3,spsc_65536_cross-core_paced_itch,0,book,10880.1,11093.4,1
3,spsc_65536_cross-core_paced_itch,0,book,11733.4,11946.7,1
3,spsc_65536_cross-core_paced_itch,0,book,11946.7,12160.1,1
3,spsc_65536_cross-core_paced_itch,0,book,12160.1,12373.4,1
3,spsc_65536_cross-core_paced_itch,0,book,13653.4,14080.1,1
3,spsc_65536_cross-core_paced_itch,0,book,14506.7,14933.4,1
3,spsc_65536_cross-core_paced_itch,0,book,14933.4,15360.1,1
3,spsc_65536_cross-core_paced_itch,0,book,16640.1,17066.7,1
3,spsc_65536_cross-core_paced_itch,0,book,104107,105814,1
3,spsc_65536_cross-core_paced_itch,0,book,105814,107521,1
