run,label,median,metric,bucket_lo_ns,bucket_hi_ns,count
1,unpaced_b1_smt,0,total,233.333,240,1
1,unpaced_b1_smt,0,total,333.333,340,1
1,unpaced_b1_smt,0,total,466.667,480,1
1,unpaced_b1_smt,0,total,546.666,560,1
1,unpaced_b1_smt,0,total,586.666,600,1
1,unpaced_b1_smt,0,total,706.666,720,1
1,unpaced_b1_smt,0,total,733.333,746.666,1
1,unpaced_b1_smt,0,total,773.333,786.666,1
1,unpaced_b1_smt,0,total,786.666,800,1
1,unpaced_b1_smt,0,total,826.666,840,1
1,unpaced_b1_smt,0,total,880,906.666,1
1,unpaced_b1_smt,0,total,906.666,933.333,2
1,unpaced_b1_smt,0,total,933.333,960,2
1,unpaced_b1_smt,0,total,960,986.666,1
1,unpaced_b1_smt,0,total,986.666,1013.33,1
1,unpaced_b1_smt,0,total,1013.33,1040,1
1,unpaced_b1_smt,0,total,1040,1066.67,3
1,unpaced_b1_smt,0,total,1066.67,1093.33,2
1,unpaced_b1_smt,0,total,1093.33,1120,3
1,unpaced_b1_smt,0,total,1120,1146.67,3
1,unpaced_b1_smt,0,total,1146.67,1173.33,2
1,unpaced_b1_smt,0,total,1173.33,1200,3
1,unpaced_b1_smt,0,total,1200,1226.67,3
1,unpaced_b1_smt,0,total,1226.67,1253.33,3
1,unpaced_b1_smt,0,total,1253.33,1280,3
1,unpaced_b1_smt,0,total,1280,1306.67,3
1,unpaced_b1_smt,0,total,1306.67,1333.33,2
1,unpaced_b1_smt,0,total,1333.33,1360,3
1,unpaced_b1_smt,0,total,1360,1386.67,3
1,unpaced_b1_smt,0,total,1386.67,1413.33,2
1,unpaced_b1_smt,0,total,1413.33,1440,2
1,unpaced_b1_smt,0,total,1440,1466.67,3
1,unpaced_b1_smt,0,total,1466.67,1493.33,3
1,unpaced_b1_smt,0,total,1493.33,1520,3
1,unpaced_b1_smt,0,total,1520,1546.67,3
1,unpaced_b1_smt,0,total,1546.67,1573.33,2
1,unpaced_b1_smt,0,total,1573.33,1600,3
1,unpaced_b1_smt,0,total,1600,1626.67,3
1,unpaced_b1_smt,0,total,1626.67,1653.33,2
1,unpaced_b1_smt,0,total,1653.33,1680,4
1,unpaced_b1_smt,0,total,1680,1706.67,5
1,unpaced_b1_smt,0,total,1706.67,1760,7
1,unpaced_b1_smt,0,total,1760,1813.33,8
1,unpaced_b1_smt,0,total,1813.33,1866.67,8
1,unpaced_b1_smt,0,total,1866.67,1920,9
1,unpaced_b1_smt,0,total,1920,1973.33,8
1,unpaced_b1_smt,0,total,1973.33,2026.67,7
1,unpaced_b1_smt,0,total,2026.67,2080,10
1,unpaced_b1_smt,0,total,2080,2133.33,8
1,unpaced_b1_smt,0,total,2133.33,2186.67,11
1,unpaced_b1_smt,0,total,2186.67,2240,13
1,unpaced_b1_smt,0,total,2240,2293.33,11
1,unpaced_b1_smt,0,total,2293.33,2346.67,11
1,unpaced_b1_smt,0,total,2346.67,2400,10
1,unpaced_b1_smt,0,total,2400,2453.33,14
1,unpaced_b1_smt,0,total,2453.33,2506.67,11
1,unpaced_b1_smt,0,total,2506.67,2560,13
1,unpaced_b1_smt,0,total,2560,2613.33,8
1,unpaced_b1_smt,0,total,2613.33,2666.67,13
1,unpaced_b1_smt,0,total,2666.67,2720,11
1,unpaced_b1_smt,0,total,2720,2773.33,14
1,unpaced_b1_smt,0,total,2773.33,2826.67,13
1,unpaced_b1_smt,0,total,2826.67,2880,13
1,unpaced_b1_smt,0,total,2880,2933.33,10
1,unpaced_b1_smt,0,total,2933.33,2986.67,11
1,unpaced_b1_smt,0,total,2986.67,3040,12
1,unpaced_b1_smt,0,total,3040,3093.33,10
1,unpaced_b1_smt,0,total,3093.33,3146.67,11
1,unpaced_b1_smt,0,total,3146.67,3200,13
1,unpaced_b1_smt,0,total,3200,3253.33,9
1,unpaced_b1_smt,0,total,3253.33,3306.67,6
1,unpaced_b1_smt,0,total,3306.67,3360,11
1,unpaced_b1_smt,0,total,3360,3413.33,9
1,unpaced_b1_smt,0,total,3413.33,3520,18
1,unpaced_b1_smt,0,total,3520,3626.67,16
1,unpaced_b1_smt,0,total,3626.67,3733.33,21
1,unpaced_b1_smt,0,total,3733.33,3840,19
1,unpaced_b1_smt,0,total,3840,3946.67,16
1,unpaced_b1_smt,0,total,3946.67,4053.33,17
1,unpaced_b1_smt,0,total,4053.33,4160,15
1,unpaced_b1_smt,0,total,4160,4266.67,17
1,unpaced_b1_smt,0,total,4266.67,4373.33,18
1,unpaced_b1_smt,0,total,4373.33,4480,19
1,unpaced_b1_smt,0,total,4480,4586.67,17
1,unpaced_b1_smt,0,total,4586.67,4693.33,17
1,unpaced_b1_smt,0,total,4693.33,4800,19
1,unpaced_b1_smt,0,total,4800,4906.66,15
1,unpaced_b1_smt,0,total,4906.66,5013.33,17
1,unpaced_b1_smt,0,total,5013.33,5120,16
1,unpaced_b1_smt,0,total,5120,5226.66,19
1,unpaced_b1_smt,0,total,5226.66,5333.33,12
1,unpaced_b1_smt,0,total,5333.33,5440,17
1,unpaced_b1_smt,0,total,5440,5546.66,18
1,unpaced_b1_smt,0,total,5546.66,5653.33,17
1,unpaced_b1_smt,0,total,5653.33,5760,21
1,unpaced_b1_smt,0,total,5760,5866.66,17
1,unpaced_b1_smt,0,total,5866.66,5973.33,19
1,unpaced_b1_smt,0,total,5973.33,6080,16
1,unpaced_b1_smt,0,total,6080,6186.66,18
1,unpaced_b1_smt,0,total,6186.66,6293.33,21
1,unpaced_b1_smt,0,total,6293.33,6400,21
1,unpaced_b1_smt,0,total,6400,6506.66,19
1,unpaced_b1_smt,0,total,6506.66,6613.33,22
1,unpaced_b1_smt,0,total,6613.33,6720,19
1,unpaced_b1_smt,0,total,6720,6826.66,21
1,unpaced_b1_smt,0,total,6826.66,7040,40
1,unpaced_b1_smt,0,total,7040,7253.33,43
1,unpaced_b1_smt,0,total,7253.33,7466.66,46
1,unpaced_b1_smt,0,total,7466.66,7680,49
1,unpaced_b1_smt,0,total,7680,7893.33,43
1,unpaced_b1_smt,0,total,7893.33,8106.66,41
1,unpaced_b1_smt,0,total,8106.66,8320,46
1,unpaced_b1_smt,0,total,8320,8533.33,43
1,unpaced_b1_smt,0,total,8533.33,8746.66,41
1,unpaced_b1_smt,0,total,8746.66,8960,42
1,unpaced_b1_smt,0,total,8960,9173.33,41
1,unpaced_b1_smt,0,total,9173.33,9386.66,40
1,unpaced_b1_smt,0,total,9386.66,9600,34
1,unpaced_b1_smt,0,total,9600,9813.33,35
1,unpaced_b1_smt,0,total,9813.33,10026.7,34
1,unpaced_b1_smt,0,total,10026.7,10240,44
1,unpaced_b1_smt,0,total,10240,10453.3,35
1,unpaced_b1_smt,0,total,10453.3,10666.7,44
1,unpaced_b1_smt,0,total,10666.7,10880,37
1,unpaced_b1_smt,0,total,10880,11093.3,52
1,unpaced_b1_smt,0,total,11093.3,11306.7,57
1,unpaced_b1_smt,0,total,11306.7,11520,59
1,unpaced_b1_smt,0,total,11520,11733.3,58
1,unpaced_b1_smt,0,total,11733.3,11946.7,63
1,unpaced_b1_smt,0,total,11946.7,12160,61
1,unpaced_b1_smt,0,total,12160,12373.3,69
1,unpaced_b1_smt,0,total,12373.3,12586.7,67
1,unpaced_b1_smt,0,total,12586.7,12800,62
1,unpaced_b1_smt,0,total,12800,13013.3,64
1,unpaced_b1_smt,0,total,13013.3,13226.7,63
1,unpaced_b1_smt,0,total,13226.7,13440,67
1,unpaced_b1_smt,0,total,13440,13653.3,60
1,unpaced_b1_smt,0,total,13653.3,14080,137
1,unpaced_b1_smt,0,total,14080,14506.7,126
1,unpaced_b1_smt,0,total,14506.7,14933.3,112
1,unpaced_b1_smt,0,total,14933.3,15360,99
1,unpaced_b1_smt,0,total,15360,15786.7,86
1,unpaced_b1_smt,0,total,15786.7,16213.3,89
1,unpaced_b1_smt,0,total,16213.3,16640,121
1,unpaced_b1_smt,0,total,16640,17066.7,134
1,unpaced_b1_smt,0,total,17066.7,17493.3,147
1,unpaced_b1_smt,0,total,17493.3,17920,160
1,unpaced_b1_smt,0,total,17920,18346.7,148
1,unpaced_b1_smt,0,total,18346.7,18773.3,136
1,unpaced_b1_smt,0,total,18773.3,19200,143
1,unpaced_b1_smt,0,total,19200,19626.7,145
1,unpaced_b1_smt,0,total,19626.7,20053.3,133
1,unpaced_b1_smt,0,total,20053.3,20480,118
1,unpaced_b1_smt,0,total,20480,20906.7,122
1,unpaced_b1_smt,0,total,20906.7,21333.3,113
1,unpaced_b1_smt,0,total,21333.3,21760,118
1,unpaced_b1_smt,0,total,21760,22186.7,119
1,unpaced_b1_smt,0,total,22186.7,22613.3,121
1,unpaced_b1_smt,0,total,22613.3,23040,112
1,unpaced_b1_smt,0,total,23040,23466.7,119
1,unpaced_b1_smt,0,total,23466.7,23893.3,115
1,unpaced_b1_smt,0,total,23893.3,24320,138
1,unpaced_b1_smt,0,total,24320,24746.7,210
1,unpaced_b1_smt,0,total,24746.7,25173.3,210
1,unpaced_b1_smt,0,total,25173.3,25600,206
1,unpaced_b1_smt,0,total,25600,26026.7,159
1,unpaced_b1_smt,0,total,26026.7,26453.3,103
1,unpaced_b1_smt,0,total,26453.3,26880,84
1,unpaced_b1_smt,0,total,26880,27306.7,90
1,unpaced_b1_smt,0,total,27306.7,28160,185
1,unpaced_b1_smt,0,total,28160,29013.3,144
1,unpaced_b1_smt,0,total,29013.3,29866.7,109
1,unpaced_b1_smt,0,total,29866.7,30720,116
1,unpaced_b1_smt,0,total,30720,31573.3,120
1,unpaced_b1_smt,0,total,31573.3,32426.7,170
1,unpaced_b1_smt,0,total,32426.7,33280,224
1,unpaced_b1_smt,0,total,33280,34133.3,236
1,unpaced_b1_smt,0,total,34133.3,34986.7,170
1,unpaced_b1_smt,0,total,34986.7,35840,97
1,unpaced_b1_smt,0,total,35840,36693.3,69
1,unpaced_b1_smt,0,total,36693.3,37546.7,72
1,unpaced_b1_smt,0,total,37546.7,38400,74
1,unpaced_b1_smt,0,total,38400,39253.3,74
1,unpaced_b1_smt,0,total,39253.3,40106.7,72
1,unpaced_b1_smt,0,total,40106.7,40960,76
1,unpaced_b1_smt,0,total,40960,41813.3,88
1,unpaced_b1_smt,0,total,41813.3,42666.7,91
1,unpaced_b1_smt,0,total,42666.7,43520,63
1,unpaced_b1_smt,0,total,43520,44373.3,16
1,unpaced_b1_smt,0,total,44373.3,45226.7,5
1,unpaced_b1_smt,0,total,45226.7,46080,3
1,unpaced_b1_smt,0,total,46080,46933.3,4
1,unpaced_b1_smt,0,total,46933.3,47786.7,5
1,unpaced_b1_smt,0,total,47786.7,48640,4
1,unpaced_b1_smt,0,total,48640,49493.3,3
1,unpaced_b1_smt,0,total,49493.3,50346.6,3
1,unpaced_b1_smt,0,total,50346.6,51200,6
1,unpaced_b1_smt,0,total,51200,52053.3,5
1,unpaced_b1_smt,0,total,52053.3,52906.6,7
1,unpaced_b1_smt,0,total,52906.6,53760,3
1,unpaced_b1_smt,0,total,53760,54613.3,2
1,unpaced_b1_smt,0,total,54613.3,56320,10
1,unpaced_b1_smt,0,total,56320,58026.6,10
1,unpaced_b1_smt,0,total,58026.6,59733.3,7
1,unpaced_b1_smt,0,total,59733.3,61440,8
1,unpaced_b1_smt,0,total,61440,63146.6,8
1,unpaced_b1_smt,0,total,63146.6,64853.3,8
1,unpaced_b1_smt,0,total,64853.3,66560,7
1,unpaced_b1_smt,0,total,66560,68266.6,12
1,unpaced_b1_smt,0,total,68266.6,69973.3,12
1,unpaced_b1_smt,0,total,69973.3,71680,9
1,unpaced_b1_smt,0,total,71680,73386.6,10
1,unpaced_b1_smt,0,total,73386.6,75093.3,8
1,unpaced_b1_smt,0,total,75093.3,76800,10
1,unpaced_b1_smt,0,total,76800,78506.6,9
1,unpaced_b1_smt,0,total,78506.6,80213.3,9
1,unpaced_b1_smt,0,total,80213.3,81920,7
1,unpaced_b1_smt,0,total,81920,83626.6,10
1,unpaced_b1_smt,0,total,83626.6,85333.3,13
1,unpaced_b1_smt,0,total,85333.3,87040,7
1,unpaced_b1_smt,0,total,87040,88746.6,8
1,unpaced_b1_smt,0,total,88746.6,90453.3,8
1,unpaced_b1_smt,0,total,90453.3,92160,8
1,unpaced_b1_smt,0,total,92160,93866.6,7
1,unpaced_b1_smt,0,total,93866.6,95573.3,7
1,unpaced_b1_smt,0,total,95573.3,97280,8
1,unpaced_b1_smt,0,total,97280,98986.6,6
1,unpaced_b1_smt,0,total,98986.6,100693,6
1,unpaced_b1_smt,0,total,100693,102400,8
1,unpaced_b1_smt,0,total,102400,104107,12
1,unpaced_b1_smt,0,total,104107,105813,10
1,unpaced_b1_smt,0,total,105813,107520,4
1,unpaced_b1_smt,0,total,107520,109227,9
1,unpaced_b1_smt,0,total,109227,112640,15
1,unpaced_b1_smt,0,total,112640,116053,17
1,unpaced_b1_smt,0,total,116053,119467,20
1,unpaced_b1_smt,0,total,119467,122880,20
1,unpaced_b1_smt,0,total,122880,126293,18
1,unpaced_b1_smt,0,total,126293,129707,17
1,unpaced_b1_smt,0,total,129707,133120,17
1,unpaced_b1_smt,0,total,133120,136533,25
1,unpaced_b1_smt,0,total,136533,139947,17
1,unpaced_b1_smt,0,total,139947,143360,17
1,unpaced_b1_smt,0,total,143360,146773,15
1,unpaced_b1_smt,0,total,146773,150187,21
1,unpaced_b1_smt,0,total,150187,153600,23
1,unpaced_b1_smt,0,total,153600,157013,18
1,unpaced_b1_smt,0,total,157013,160427,15
1,unpaced_b1_smt,0,total,160427,163840,14
1,unpaced_b1_smt,0,total,163840,167253,20
1,unpaced_b1_smt,0,total,167253,170667,18
1,unpaced_b1_smt,0,total,170667,174080,17
1,unpaced_b1_smt,0,total,174080,177493,14
1,unpaced_b1_smt,0,total,177493,180907,18
1,unpaced_b1_smt,0,total,180907,184320,22
1,unpaced_b1_smt,0,total,184320,187733,15
1,unpaced_b1_smt,0,total,187733,191147,15
1,unpaced_b1_smt,0,total,191147,194560,18
1,unpaced_b1_smt,0,total,194560,197973,22
1,unpaced_b1_smt,0,total,197973,201387,35
1,unpaced_b1_smt,0,total,201387,204800,20
1,unpaced_b1_smt,0,total,204800,208213,19
1,unpaced_b1_smt,0,total,208213,211627,27
1,unpaced_b1_smt,0,total,211627,215040,20
1,unpaced_b1_smt,0,total,215040,218453,21
1,unpaced_b1_smt,0,total,218453,225280,48
1,unpaced_b1_smt,0,total,225280,232107,34
1,unpaced_b1_smt,0,total,232107,238933,33
1,unpaced_b1_smt,0,total,238933,245760,37
1,unpaced_b1_smt,0,total,245760,252587,31
1,unpaced_b1_smt,0,total,252587,259413,34
1,unpaced_b1_smt,0,total,259413,266240,31
1,unpaced_b1_smt,0,total,266240,273067,37
1,unpaced_b1_smt,0,total,273067,279893,45
1,unpaced_b1_smt,0,total,279893,286720,35
1,unpaced_b1_smt,0,total,286720,293547,72
1,unpaced_b1_smt,0,total,293547,300373,103
1,unpaced_b1_smt,0,total,300373,307200,90
1,unpaced_b1_smt,0,total,307200,314027,69
1,unpaced_b1_smt,0,total,314027,320853,56
1,unpaced_b1_smt,0,total,320853,327680,39
1,unpaced_b1_smt,0,total,327680,334507,45
1,unpaced_b1_smt,0,total,334507,341333,62
1,unpaced_b1_smt,0,total,341333,348160,52
1,unpaced_b1_smt,0,total,348160,354987,48
1,unpaced_b1_smt,0,total,354987,361813,42
1,unpaced_b1_smt,0,total,361813,368640,50
1,unpaced_b1_smt,0,total,368640,375467,39
1,unpaced_b1_smt,0,total,375467,382293,43
1,unpaced_b1_smt,0,total,382293,389120,41
1,unpaced_b1_smt,0,total,389120,395947,53
1,unpaced_b1_smt,0,total,395947,402773,46
1,unpaced_b1_smt,0,total,402773,409600,53
1,unpaced_b1_smt,0,total,409600,416427,63
1,unpaced_b1_smt,0,total,416427,423253,51
1,unpaced_b1_smt,0,total,423253,430080,64
1,unpaced_b1_smt,0,total,430080,436907,54
1,unpaced_b1_smt,0,total,436907,450560,88
1,unpaced_b1_smt,0,total,450560,464213,121
1,unpaced_b1_smt,0,total,464213,477867,140
1,unpaced_b1_smt,0,total,477867,491520,101
1,unpaced_b1_smt,0,total,491520,505173,138
1,unpaced_b1_smt,0,total,505173,518826,109
1,unpaced_b1_smt,0,total,518826,532480,118
1,unpaced_b1_smt,0,total,532480,546133,136
1,unpaced_b1_smt,0,total,546133,559786,125
1,unpaced_b1_smt,0,total,559786,573440,116
1,unpaced_b1_smt,0,total,573440,587093,129
1,unpaced_b1_smt,0,total,587093,600746,142
1,unpaced_b1_smt,0,total,600746,614400,129
1,unpaced_b1_smt,0,total,614400,628053,127
1,unpaced_b1_smt,0,total,628053,641706,19
1,unpaced_b1_smt,0,total,641706,655360,76
1,unpaced_b1_smt,0,total,655360,669013,132
1,unpaced_b1_smt,0,total,669013,682666,124
1,unpaced_b1_smt,0,total,682666,696320,125
1,unpaced_b1_smt,0,total,696320,709973,139
1,unpaced_b1_smt,0,total,709973,723626,126
1,unpaced_b1_smt,0,total,723626,737280,111
1,unpaced_b1_smt,0,total,737280,750933,107
1,unpaced_b1_smt,0,total,750933,764586,150
1,unpaced_b1_smt,0,total,764586,778240,105
1,unpaced_b1_smt,0,total,778240,791893,118
1,unpaced_b1_smt,0,total,791893,805546,128
1,unpaced_b1_smt,0,total,805546,819200,108
1,unpaced_b1_smt,0,total,819200,832853,120
1,unpaced_b1_smt,0,total,832853,846506,125
1,unpaced_b1_smt,0,total,846506,860160,154
1,unpaced_b1_smt,0,total,860160,873813,115
1,unpaced_b1_smt,0,total,873813,901120,226
1,unpaced_b1_smt,0,total,901120,928426,325
1,unpaced_b1_smt,0,total,928426,955733,255
1,unpaced_b1_smt,0,total,955733,983040,258
1,unpaced_b1_smt,0,total,983040,1.01035e+06,233
1,unpaced_b1_smt,0,total,1.01035e+06,1.03765e+06,254
1,unpaced_b1_smt,0,total,1.03765e+06,1.06496e+06,262
1,unpaced_b1_smt,0,total,1.06496e+06,1.09227e+06,227
1,unpaced_b1_smt,0,total,1.09227e+06,1.11957e+06,292
1,unpaced_b1_smt,0,total,1.11957e+06,1.14688e+06,247
1,unpaced_b1_smt,0,total,1.14688e+06,1.17419e+06,254
1,unpaced_b1_smt,0,total,1.17419e+06,1.20149e+06,253
1,unpaced_b1_smt,0,total,1.20149e+06,1.2288e+06,237
1,unpaced_b1_smt,0,total,1.2288e+06,1.25611e+06,223
1,unpaced_b1_smt,0,total,1.25611e+06,1.28341e+06,218
1,unpaced_b1_smt,0,total,1.28341e+06,1.31072e+06,235
1,unpaced_b1_smt,0,total,1.31072e+06,1.33803e+06,243
1,unpaced_b1_smt,0,total,1.33803e+06,1.36533e+06,125
1,unpaced_b1_smt,0,total,1.36533e+06,1.39264e+06,230
1,unpaced_b1_smt,0,total,1.39264e+06,1.41995e+06,217
1,unpaced_b1_smt,0,total,1.41995e+06,1.44725e+06,224
1,unpaced_b1_smt,0,total,1.44725e+06,1.47456e+06,273
1,unpaced_b1_smt,0,total,1.47456e+06,1.50187e+06,252
1,unpaced_b1_smt,0,total,1.50187e+06,1.52917e+06,258
1,unpaced_b1_smt,0,total,1.52917e+06,1.55648e+06,217
1,unpaced_b1_smt,0,total,1.55648e+06,1.58379e+06,263
1,unpaced_b1_smt,0,total,1.58379e+06,1.61109e+06,278
1,unpaced_b1_smt,0,total,1.61109e+06,1.6384e+06,219
1,unpaced_b1_smt,0,total,1.6384e+06,1.66571e+06,248
1,unpaced_b1_smt,0,total,1.66571e+06,1.69301e+06,222
1,unpaced_b1_smt,0,total,1.69301e+06,1.72032e+06,188
1,unpaced_b1_smt,0,total,1.72032e+06,1.74763e+06,225
1,unpaced_b1_smt,0,total,1.74763e+06,1.80224e+06,480
1,unpaced_b1_smt,0,total,1.80224e+06,1.85685e+06,410
1,unpaced_b1_smt,0,total,1.85685e+06,1.91147e+06,479
1,unpaced_b1_smt,0,total,1.91147e+06,1.96608e+06,524
1,unpaced_b1_smt,0,total,1.96608e+06,2.02069e+06,498
1,unpaced_b1_smt,0,total,2.02069e+06,2.07531e+06,488
1,unpaced_b1_smt,0,total,2.07531e+06,2.12992e+06,362
1,unpaced_b1_smt,0,total,2.12992e+06,2.18453e+06,470
1,unpaced_b1_smt,0,total,2.18453e+06,2.23915e+06,477
1,unpaced_b1_smt,0,total,2.23915e+06,2.29376e+06,461
1,unpaced_b1_smt,0,total,2.29376e+06,2.34837e+06,475
1,unpaced_b1_smt,0,total,2.34837e+06,2.40299e+06,527
1,unpaced_b1_smt,0,total,2.40299e+06,2.4576e+06,2149
1,unpaced_b1_smt,0,total,2.4576e+06,2.51221e+06,22449
1,unpaced_b1_smt,0,total,2.51221e+06,2.56683e+06,59353
1,unpaced_b1_smt,0,total,2.56683e+06,2.62144e+06,546698
1,unpaced_b1_smt,0,total,2.62144e+06,2.67605e+06,1026371
1,unpaced_b1_smt,0,total,2.67605e+06,2.73067e+06,1094786
1,unpaced_b1_smt,0,total,2.73067e+06,2.78528e+06,533943
1,unpaced_b1_smt,0,total,2.78528e+06,2.83989e+06,287420
1,unpaced_b1_smt,0,total,2.83989e+06,2.89451e+06,248234
1,unpaced_b1_smt,0,total,2.89451e+06,2.94912e+06,155835
1,unpaced_b1_smt,0,total,2.94912e+06,3.00373e+06,162959
1,unpaced_b1_smt,0,total,3.00373e+06,3.05835e+06,98057
1,unpaced_b1_smt,0,total,3.05835e+06,3.11296e+06,99106
1,unpaced_b1_smt,0,total,3.11296e+06,3.16757e+06,68036
1,unpaced_b1_smt,0,total,3.16757e+06,3.22219e+06,43143
1,unpaced_b1_smt,0,total,3.22219e+06,3.2768e+06,34356
1,unpaced_b1_smt,0,total,3.2768e+06,3.33141e+06,42962
1,unpaced_b1_smt,0,total,3.33141e+06,3.38603e+06,69172
1,unpaced_b1_smt,0,total,3.38603e+06,3.44064e+06,108876
1,unpaced_b1_smt,0,total,3.44064e+06,3.49525e+06,258467
1,unpaced_b1_smt,0,total,3.49525e+06,3.60448e+06,2662986
1,unpaced_b1_smt,0,total,3.60448e+06,3.71371e+06,9354897
1,unpaced_b1_smt,0,total,3.71371e+06,3.82293e+06,20585993
1,unpaced_b1_smt,0,total,3.82293e+06,3.93216e+06,27602511
1,unpaced_b1_smt,0,total,3.93216e+06,4.04139e+06,26974380
1,unpaced_b1_smt,0,total,4.04139e+06,4.15061e+06,18180210
1,unpaced_b1_smt,0,total,4.15061e+06,4.25984e+06,10939462
1,unpaced_b1_smt,0,total,4.25984e+06,4.36907e+06,5672442
1,unpaced_b1_smt,0,total,4.36907e+06,4.47829e+06,3027702
1,unpaced_b1_smt,0,total,4.47829e+06,4.58752e+06,1269324
1,unpaced_b1_smt,0,total,4.58752e+06,4.69675e+06,607223
1,unpaced_b1_smt,0,total,4.69675e+06,4.80597e+06,339278
1,unpaced_b1_smt,0,total,4.80597e+06,4.9152e+06,156028
1,unpaced_b1_smt,0,total,4.9152e+06,5.02442e+06,78335
1,unpaced_b1_smt,0,total,5.02442e+06,5.13365e+06,38187
1,unpaced_b1_smt,0,total,5.13365e+06,5.24288e+06,27836
1,unpaced_b1_smt,0,total,5.24288e+06,5.3521e+06,21852
1,unpaced_b1_smt,0,total,5.3521e+06,5.46133e+06,2775
1,unpaced_b1_smt,0,total,5.46133e+06,5.57056e+06,4871
1,unpaced_b1_smt,0,total,5.57056e+06,5.67978e+06,4861
1,unpaced_b1_smt,0,total,5.67978e+06,5.78901e+06,6124
1,unpaced_b1_smt,0,total,5.78901e+06,5.89824e+06,2702
1,unpaced_b1_smt,0,total,5.89824e+06,6.00746e+06,19811
1,unpaced_b1_smt,0,total,6.00746e+06,6.11669e+06,37075
1,unpaced_b1_smt,0,total,6.11669e+06,6.22592e+06,22366
1,unpaced_b1_smt,0,total,6.22592e+06,6.33514e+06,2029
1,unpaced_b1_smt,0,total,6.33514e+06,6.44437e+06,13135
1,unpaced_b1_smt,0,total,6.44437e+06,6.5536e+06,3111
1,unpaced_b1_smt,0,total,6.5536e+06,6.66282e+06,4544
1,unpaced_b1_smt,0,total,6.66282e+06,6.77205e+06,6437
1,unpaced_b1_smt,0,queue,213.333,220,1
1,unpaced_b1_smt,0,queue,220,226.667,1
1,unpaced_b1_smt,0,queue,333.333,340,1
1,unpaced_b1_smt,0,queue,440,453.333,1
1,unpaced_b1_smt,0,queue,560,573.333,1
1,unpaced_b1_smt,0,queue,586.666,600,1
1,unpaced_b1_smt,0,queue,640,653.333,1
1,unpaced_b1_smt,0,queue,680,693.333,1
1,unpaced_b1_smt,0,queue,760,773.333,1
1,unpaced_b1_smt,0,queue,773.333,786.666,1
1,unpaced_b1_smt,0,queue,786.666,800,1
1,unpaced_b1_smt,0,queue,800,813.333,2
1,unpaced_b1_smt,0,queue,880,906.666,1
1,unpaced_b1_smt,0,queue,906.666,933.333,2
1,unpaced_b1_smt,0,queue,933.333,960,1
1,unpaced_b1_smt,0,queue,960,986.666,1
1,unpaced_b1_smt,0,queue,986.666,1013.33,1
1,unpaced_b1_smt,0,queue,1013.33,1040,3
1,unpaced_b1_smt,0,queue,1040,1066.67,2
1,unpaced_b1_smt,0,queue,1066.67,1093.33,2
1,unpaced_b1_smt,0,queue,1093.33,1120,4
1,unpaced_b1_smt,0,queue,1120,1146.67,2
1,unpaced_b1_smt,0,queue,1146.67,1173.33,3
1,unpaced_b1_smt,0,queue,1173.33,1200,3
1,unpaced_b1_smt,0,queue,1200,1226.67,3
1,unpaced_b1_smt,0,queue,1226.67,1253.33,3
1,unpaced_b1_smt,0,queue,1253.33,1280,3
1,unpaced_b1_smt,0,queue,1280,1306.67,2
1,unpaced_b1_smt,0,queue,1306.67,1333.33,3
1,unpaced_b1_smt,0,queue,1333.33,1360,3
1,unpaced_b1_smt,0,queue,1360,1386.67,1
1,unpaced_b1_smt,0,queue,1386.67,1413.33,3
1,unpaced_b1_smt,0,queue,1413.33,1440,3
1,unpaced_b1_smt,0,queue,1440,1466.67,3
1,unpaced_b1_smt,0,queue,1466.67,1493.33,2
1,unpaced_b1_smt,0,queue,1493.33,1520,4
1,unpaced_b1_smt,0,queue,1520,1546.67,2
1,unpaced_b1_smt,0,queue,1546.67,1573.33,3
1,unpaced_b1_smt,0,queue,1573.33,1600,3
1,unpaced_b1_smt,0,queue,1600,1626.67,2
1,unpaced_b1_smt,0,queue,1626.67,1653.33,4
1,unpaced_b1_smt,0,queue,1653.33,1680,4
1,unpaced_b1_smt,0,queue,1680,1706.67,4
1,unpaced_b1_smt,0,queue,1706.67,1760,8
1,unpaced_b1_smt,0,queue,1760,1813.33,8
1,unpaced_b1_smt,0,queue,1813.33,1866.67,9
1,unpaced_b1_smt,0,queue,1866.67,1920,8
1,unpaced_b1_smt,0,queue,1920,1973.33,7
1,unpaced_b1_smt,0,queue,1973.33,2026.67,9
1,unpaced_b1_smt,0,queue,2026.67,2080,9
1,unpaced_b1_smt,0,queue,2080,2133.33,9
1,unpaced_b1_smt,0,queue,2133.33,2186.67,11
1,unpaced_b1_smt,0,queue,2186.67,2240,12
1,unpaced_b1_smt,0,queue,2240,2293.33,11
1,unpaced_b1_smt,0,queue,2293.33,2346.67,11
1,unpaced_b1_smt,0,queue,2346.67,2400,11
1,unpaced_b1_smt,0,queue,2400,2453.33,15
1,unpaced_b1_smt,0,queue,2453.33,2506.67,12
1,unpaced_b1_smt,0,queue,2506.67,2560,10
1,unpaced_b1_smt,0,queue,2560,2613.33,9
1,unpaced_b1_smt,0,queue,2613.33,2666.67,13
1,unpaced_b1_smt,0,queue,2666.67,2720,11
1,unpaced_b1_smt,0,queue,2720,2773.33,14
1,unpaced_b1_smt,0,queue,2773.33,2826.67,13
1,unpaced_b1_smt,0,queue,2826.67,2880,13
1,unpaced_b1_smt,0,queue,2880,2933.33,9
1,unpaced_b1_smt,0,queue,2933.33,2986.67,12
1,unpaced_b1_smt,0,queue,2986.67,3040,12
1,unpaced_b1_smt,0,queue,3040,3093.33,11
1,unpaced_b1_smt,0,queue,3093.33,3146.67,10
1,unpaced_b1_smt,0,queue,3146.67,3200,10
1,unpaced_b1_smt,0,queue,3200,3253.33,9
1,unpaced_b1_smt,0,queue,3253.33,3306.67,9
1,unpaced_b1_smt,0,queue,3306.67,3360,10
1,unpaced_b1_smt,0,queue,3360,3413.33,10
1,unpaced_b1_smt,0,queue,3413.33,3520,17
1,unpaced_b1_smt,0,queue,3520,3626.67,17
1,unpaced_b1_smt,0,queue,3626.67,3733.33,21
1,unpaced_b1_smt,0,queue,3733.33,3840,18
1,unpaced_b1_smt,0,queue,3840,3946.67,16
1,unpaced_b1_smt,0,queue,3946.67,4053.33,16
1,unpaced_b1_smt,0,queue,4053.33,4160,16
1,unpaced_b1_smt,0,queue,4160,4266.67,18
1,unpaced_b1_smt,0,queue,4266.67,4373.33,19
1,unpaced_b1_smt,0,queue,4373.33,4480,17
1,unpaced_b1_smt,0,queue,4480,4586.67,17
1,unpaced_b1_smt,0,queue,4586.67,4693.33,16
1,unpaced_b1_smt,0,queue,4693.33,4800,18
1,unpaced_b1_smt,0,queue,4800,4906.66,17
1,unpaced_b1_smt,0,queue,4906.66,5013.33,17
1,unpaced_b1_smt,0,queue,5013.33,5120,17
1,unpaced_b1_smt,0,queue,5120,5226.66,16
1,unpaced_b1_smt,0,queue,5226.66,5333.33,15
1,unpaced_b1_smt,0,queue,5333.33,5440,16
1,unpaced_b1_smt,0,queue,5440,5546.66,18
1,unpaced_b1_smt,0,queue,5546.66,5653.33,19
1,unpaced_b1_smt,0,queue,5653.33,5760,19
1,unpaced_b1_smt,0,queue,5760,5866.66,17
1,unpaced_b1_smt,0,queue,5866.66,5973.33,19
1,unpaced_b1_smt,0,queue,5973.33,6080,16
1,unpaced_b1_smt,0,queue,6080,6186.66,18
1,unpaced_b1_smt,0,queue,6186.66,6293.33,23
1,unpaced_b1_smt,0,queue,6293.33,6400,19
1,unpaced_b1_smt,0,queue,6400,6506.66,19
1,unpaced_b1_smt,0,queue,6506.66,6613.33,22
1,unpaced_b1_smt,0,queue,6613.33,6720,21
1,unpaced_b1_smt,0,queue,6720,6826.66,20
1,unpaced_b1_smt,0,queue,6826.66,7040,39
1,unpaced_b1_smt,0,queue,7040,7253.33,42
1,unpaced_b1_smt,0,queue,7253.33,7466.66,46
1,unpaced_b1_smt,0,queue,7466.66,7680,49
1,unpaced_b1_smt,0,queue,7680,7893.33,43
1,unpaced_b1_smt,0,queue,7893.33,8106.66,43
1,unpaced_b1_smt,0,queue,8106.66,8320,46
1,unpaced_b1_smt,0,queue,8320,8533.33,43
1,unpaced_b1_smt,0,queue,8533.33,8746.66,41
1,unpaced_b1_smt,0,queue,8746.66,8960,42
1,unpaced_b1_smt,0,queue,8960,9173.33,40
1,unpaced_b1_smt,0,queue,9173.33,9386.66,42
1,unpaced_b1_smt,0,queue,9386.66,9600,33
1,unpaced_b1_smt,0,queue,9600,9813.33,34
1,unpaced_b1_smt,0,queue,9813.33,10026.7,34
1,unpaced_b1_smt,0,queue,10026.7,10240,44
1,unpaced_b1_smt,0,queue,10240,10453.3,35
1,unpaced_b1_smt,0,queue,10453.3,10666.7,46
1,unpaced_b1_smt,0,queue,10666.7,10880,36
1,unpaced_b1_smt,0,queue,10880,11093.3,53
1,unpaced_b1_smt,0,queue,11093.3,11306.7,60
1,unpaced_b1_smt,0,queue,11306.7,11520,57
1,unpaced_b1_smt,0,queue,11520,11733.3,57
1,unpaced_b1_smt,0,queue,11733.3,11946.7,67
1,unpaced_b1_smt,0,queue,11946.7,12160,58
1,unpaced_b1_smt,0,queue,12160,12373.3,69
1,unpaced_b1_smt,0,queue,12373.3,12586.7,68
1,unpaced_b1_smt,0,queue,12586.7,12800,62
1,unpaced_b1_smt,0,queue,12800,13013.3,64
1,unpaced_b1_smt,0,queue,13013.3,13226.7,63
1,unpaced_b1_smt,0,queue,13226.7,13440,67
1,unpaced_b1_smt,0,queue,13440,13653.3,59
1,unpaced_b1_smt,0,queue,13653.3,14080,139
1,unpaced_b1_smt,0,queue,14080,14506.7,121
1,unpaced_b1_smt,0,queue,14506.7,14933.3,113
1,unpaced_b1_smt,0,queue,14933.3,15360,100
1,unpaced_b1_smt,0,queue,15360,15786.7,83
1,unpaced_b1_smt,0,queue,15786.7,16213.3,92
1,unpaced_b1_smt,0,queue,16213.3,16640,124
1,unpaced_b1_smt,0,queue,16640,17066.7,133
1,unpaced_b1_smt,0,queue,17066.7,17493.3,149
1,unpaced_b1_smt,0,queue,17493.3,17920,159
1,unpaced_b1_smt,0,queue,17920,18346.7,148
1,unpaced_b1_smt,0,queue,18346.7,18773.3,136
1,unpaced_b1_smt,0,queue,18773.3,19200,141
1,unpaced_b1_smt,0,queue,19200,19626.7,144
1,unpaced_b1_smt,0,queue,19626.7,20053.3,133
1,unpaced_b1_smt,0,queue,20053.3,20480,119
1,unpaced_b1_smt,0,queue,20480,20906.7,122
1,unpaced_b1_smt,0,queue,20906.7,21333.3,114
1,unpaced_b1_smt,0,queue,21333.3,21760,116
1,unpaced_b1_smt,0,queue,21760,22186.7,119
1,unpaced_b1_smt,0,queue,22186.7,22613.3,121
1,unpaced_b1_smt,0,queue,22613.3,23040,113
1,unpaced_b1_smt,0,queue,23040,23466.7,119
1,unpaced_b1_smt,0,queue,23466.7,23893.3,116
1,unpaced_b1_smt,0,queue,23893.3,24320,139
1,unpaced_b1_smt,0,queue,24320,24746.7,212
1,unpaced_b1_smt,0,queue,24746.7,25173.3,209
1,unpaced_b1_smt,0,queue,25173.3,25600,209
1,unpaced_b1_smt,0,queue,25600,26026.7,152
1,unpaced_b1_smt,0,queue,26026.7,26453.3,103
1,unpaced_b1_smt,0,queue,26453.3,26880,82
1,unpaced_b1_smt,0,queue,26880,27306.7,92
1,unpaced_b1_smt,0,queue,27306.7,28160,183
1,unpaced_b1_smt,0,queue,28160,29013.3,142
1,unpaced_b1_smt,0,queue,29013.3,29866.7,110
1,unpaced_b1_smt,0,queue,29866.7,30720,115
1,unpaced_b1_smt,0,queue,30720,31573.3,123
1,unpaced_b1_smt,0,queue,31573.3,32426.7,168
1,unpaced_b1_smt,0,queue,32426.7,33280,228
1,unpaced_b1_smt,0,queue,33280,34133.3,235
1,unpaced_b1_smt,0,queue,34133.3,34986.7,169
1,unpaced_b1_smt,0,queue,34986.7,35840,94
1,unpaced_b1_smt,0,queue,35840,36693.3,70
1,unpaced_b1_smt,0,queue,36693.3,37546.7,71
1,unpaced_b1_smt,0,queue,37546.7,38400,74
1,unpaced_b1_smt,0,queue,38400,39253.3,73
1,unpaced_b1_smt,0,queue,39253.3,40106.7,74
1,unpaced_b1_smt,0,queue,40106.7,40960,76
1,unpaced_b1_smt,0,queue,40960,41813.3,88
1,unpaced_b1_smt,0,queue,41813.3,42666.7,90
1,unpaced_b1_smt,0,queue,42666.7,43520,61
1,unpaced_b1_smt,0,queue,43520,44373.3,16
1,unpaced_b1_smt,0,queue,44373.3,45226.7,5
1,unpaced_b1_smt,0,queue,45226.7,46080,3
1,unpaced_b1_smt,0,queue,46080,46933.3,4
1,unpaced_b1_smt,0,queue,46933.3,47786.7,4
1,unpaced_b1_smt,0,queue,47786.7,48640,5
1,unpaced_b1_smt,0,queue,48640,49493.3,3
1,unpaced_b1_smt,0,queue,49493.3,50346.6,3
1,unpaced_b1_smt,0,queue,50346.6,51200,6
1,unpaced_b1_smt,0,queue,51200,52053.3,6
1,unpaced_b1_smt,0,queue,52053.3,52906.6,6
1,unpaced_b1_smt,0,queue,52906.6,53760,3
1,unpaced_b1_smt,0,queue,53760,54613.3,2
1,unpaced_b1_smt,0,queue,54613.3,56320,10
1,unpaced_b1_smt,0,queue,56320,58026.6,10
1,unpaced_b1_smt,0,queue,58026.6,59733.3,7
1,unpaced_b1_smt,0,queue,59733.3,61440,8
1,unpaced_b1_smt,0,queue,61440,63146.6,7
1,unpaced_b1_smt,0,queue,63146.6,64853.3,9
1,unpaced_b1_smt,0,queue,64853.3,66560,7
1,unpaced_b1_smt,0,queue,66560,68266.6,13
1,unpaced_b1_smt,0,queue,68266.6,69973.3,11
1,unpaced_b1_smt,0,queue,69973.3,71680,9
1,unpaced_b1_smt,0,queue,71680,73386.6,10
1,unpaced_b1_smt,0,queue,73386.6,75093.3,8
1,unpaced_b1_smt,0,queue,75093.3,76800,10
1,unpaced_b1_smt,0,queue,76800,78506.6,9
1,unpaced_b1_smt,0,queue,78506.6,80213.3,9
1,unpaced_b1_smt,0,queue,80213.3,81920,7
1,unpaced_b1_smt,0,queue,81920,83626.6,11
1,unpaced_b1_smt,0,queue,83626.6,85333.3,11
1,unpaced_b1_smt,0,queue,85333.3,87040,8
1,unpaced_b1_smt,0,queue,87040,88746.6,8
1,unpaced_b1_smt,0,queue,88746.6,90453.3,8
1,unpaced_b1_smt,0,queue,90453.3,92160,8
1,unpaced_b1_smt,0,queue,92160,93866.6,7
1,unpaced_b1_smt,0,queue,93866.6,95573.3,7
1,unpaced_b1_smt,0,queue,95573.3,97280,8
1,unpaced_b1_smt,0,queue,97280,98986.6,6
1,unpaced_b1_smt,0,queue,98986.6,100693,6
1,unpaced_b1_smt,0,queue,100693,102400,9
1,unpaced_b1_smt,0,queue,102400,104107,11
1,unpaced_b1_smt,0,queue,104107,105813,10
1,unpaced_b1_smt,0,queue,105813,107520,4
1,unpaced_b1_smt,0,queue,107520,109227,9
1,unpaced_b1_smt,0,queue,109227,112640,15
1,unpaced_b1_smt,0,queue,112640,116053,17
1,unpaced_b1_smt,0,queue,116053,119467,21
1,unpaced_b1_smt,0,queue,119467,122880,19
1,unpaced_b1_smt,0,queue,122880,126293,18
1,unpaced_b1_smt,0,queue,126293,129707,17
1,unpaced_b1_smt,0,queue,129707,133120,17
1,unpaced_b1_smt,0,queue,133120,136533,25
1,unpaced_b1_smt,0,queue,136533,139947,16
1,unpaced_b1_smt,0,queue,139947,143360,18
1,unpaced_b1_smt,0,queue,143360,146773,15
1,unpaced_b1_smt,0,queue,146773,150187,22
1,unpaced_b1_smt,0,queue,150187,153600,21
1,unpaced_b1_smt,0,queue,153600,157013,19
1,unpaced_b1_smt,0,queue,157013,160427,15
1,unpaced_b1_smt,0,queue,160427,163840,14
1,unpaced_b1_smt,0,queue,163840,167253,21
1,unpaced_b1_smt,0,queue,167253,170667,17
1,unpaced_b1_smt,0,queue,170667,174080,17
1,unpaced_b1_smt,0,queue,174080,177493,14
1,unpaced_b1_smt,0,queue,177493,180907,18
1,unpaced_b1_smt,0,queue,180907,184320,23
1,unpaced_b1_smt,0,queue,184320,187733,14
1,unpaced_b1_smt,0,queue,187733,191147,15
1,unpaced_b1_smt,0,queue,191147,194560,18
1,unpaced_b1_smt,0,queue,194560,197973,23
1,unpaced_b1_smt,0,queue,197973,201387,33
1,unpaced_b1_smt,0,queue,201387,204800,21
1,unpaced_b1_smt,0,queue,204800,208213,19
1,unpaced_b1_smt,0,queue,208213,211627,27
1,unpaced_b1_smt,0,queue,211627,215040,20
1,unpaced_b1_smt,0,queue,215040,218453,21
1,unpaced_b1_smt,0,queue,218453,225280,47
1,unpaced_b1_smt,0,queue,225280,232107,35
1,unpaced_b1_smt,0,queue,232107,238933,33
1,unpaced_b1_smt,0,queue,238933,245760,37
1,unpaced_b1_smt,0,queue,245760,252587,31
1,unpaced_b1_smt,0,queue,252587,259413,34
1,unpaced_b1_smt,0,queue,259413,266240,31
1,unpaced_b1_smt,0,queue,266240,273067,37
1,unpaced_b1_smt,0,queue,273067,279893,45
1,unpaced_b1_smt,0,queue,279893,286720,35
1,unpaced_b1_smt,0,queue,286720,293547,73
1,unpaced_b1_smt,0,queue,293547,300373,104
1,unpaced_b1_smt,0,queue,300373,307200,90
1,unpaced_b1_smt,0,queue,307200,314027,67
1,unpaced_b1_smt,0,queue,314027,320853,56
1,unpaced_b1_smt,0,queue,320853,327680,39
1,unpaced_b1_smt,0,queue,327680,334507,45
1,unpaced_b1_smt,0,queue,334507,341333,63
1,unpaced_b1_smt,0,queue,341333,348160,51
1,unpaced_b1_smt,0,queue,348160,354987,48
1,unpaced_b1_smt,0,queue,354987,361813,41
1,unpaced_b1_smt,0,queue,361813,368640,51
1,unpaced_b1_smt,0,queue,368640,375467,39
1,unpaced_b1_smt,0,queue,375467,382293,44
1,unpaced_b1_smt,0,queue,382293,389120,40
1,unpaced_b1_smt,0,queue,389120,395947,53
1,unpaced_b1_smt,0,queue,395947,402773,47
1,unpaced_b1_smt,0,queue,402773,409600,51
1,unpaced_b1_smt,0,queue,409600,416427,63
1,unpaced_b1_smt,0,queue,416427,423253,53
1,unpaced_b1_smt,0,queue,423253,430080,63
1,unpaced_b1_smt,0,queue,430080,436907,54
1,unpaced_b1_smt,0,queue,436907,450560,87
1,unpaced_b1_smt,0,queue,450560,464213,122
1,unpaced_b1_smt,0,queue,464213,477867,140
1,unpaced_b1_smt,0,queue,477867,491520,101
1,unpaced_b1_smt,0,queue,491520,505173,138
1,unpaced_b1_smt,0,queue,505173,518826,108
1,unpaced_b1_smt,0,queue,518826,532480,119
1,unpaced_b1_smt,0,queue,532480,546133,136
1,unpaced_b1_smt,0,queue,546133,559786,125
1,unpaced_b1_smt,0,queue,559786,573440,115
1,unpaced_b1_smt,0,queue,573440,587093,130
1,unpaced_b1_smt,0,queue,587093,600746,141
1,unpaced_b1_smt,0,queue,600746,614400,131
1,unpaced_b1_smt,0,queue,614400,628053,125
1,unpaced_b1_smt,0,queue,628053,641706,20
1,unpaced_b1_smt,0,queue,641706,655360,76
1,unpaced_b1_smt,0,queue,655360,669013,134
1,unpaced_b1_smt,0,queue,669013,682666,123
1,unpaced_b1_smt,0,queue,682666,696320,125
1,unpaced_b1_smt,0,queue,696320,709973,137
1,unpaced_b1_smt,0,queue,709973,723626,126
1,unpaced_b1_smt,0,queue,723626,737280,112
1,unpaced_b1_smt,0,queue,737280,750933,107
1,unpaced_b1_smt,0,queue,750933,764586,150
1,unpaced_b1_smt,0,queue,764586,778240,104
1,unpaced_b1_smt,0,queue,778240,791893,120
1,unpaced_b1_smt,0,queue,791893,805546,127
1,unpaced_b1_smt,0,queue,805546,819200,108
1,unpaced_b1_smt,0,queue,819200,832853,120
1,unpaced_b1_smt,0,queue,832853,846506,125
1,unpaced_b1_smt,0,queue,846506,860160,154
1,unpaced_b1_smt,0,queue,860160,873813,116
1,unpaced_b1_smt,0,queue,873813,901120,225
1,unpaced_b1_smt,0,queue,901120,928426,324
1,unpaced_b1_smt,0,queue,928426,955733,256
1,unpaced_b1_smt,0,queue,955733,983040,258
1,unpaced_b1_smt,0,queue,983040,1.01035e+06,233
1,unpaced_b1_smt,0,queue,1.01035e+06,1.03765e+06,254
1,unpaced_b1_smt,0,queue,1.03765e+06,1.06496e+06,262
1,unpaced_b1_smt,0,queue,1.06496e+06,1.09227e+06,227
1,unpaced_b1_smt,0,queue,1.09227e+06,1.11957e+06,292
1,unpaced_b1_smt,0,queue,1.11957e+06,1.14688e+06,247
1,unpaced_b1_smt,0,queue,1.14688e+06,1.17419e+06,254
1,unpaced_b1_smt,0,queue,1.17419e+06,1.20149e+06,253
1,unpaced_b1_smt,0,queue,1.20149e+06,1.2288e+06,237
1,unpaced_b1_smt,0,queue,1.2288e+06,1.25611e+06,223
1,unpaced_b1_smt,0,queue,1.25611e+06,1.28341e+06,217
1,unpaced_b1_smt,0,queue,1.28341e+06,1.31072e+06,236
1,unpaced_b1_smt,0,queue,1.31072e+06,1.33803e+06,243
1,unpaced_b1_smt,0,queue,1.33803e+06,1.36533e+06,125
1,unpaced_b1_smt,0,queue,1.36533e+06,1.39264e+06,231
1,unpaced_b1_smt,0,queue,1.39264e+06,1.41995e+06,216
1,unpaced_b1_smt,0,queue,1.41995e+06,1.44725e+06,224
1,unpaced_b1_smt,0,queue,1.44725e+06,1.47456e+06,272
1,unpaced_b1_smt,0,queue,1.47456e+06,1.50187e+06,253
1,unpaced_b1_smt,0,queue,1.50187e+06,1.52917e+06,258
1,unpaced_b1_smt,0,queue,1.52917e+06,1.55648e+06,217
1,unpaced_b1_smt,0,queue,1.55648e+06,1.58379e+06,263
1,unpaced_b1_smt,0,queue,1.58379e+06,1.61109e+06,278
1,unpaced_b1_smt,0,queue,1.61109e+06,1.6384e+06,218
1,unpaced_b1_smt,0,queue,1.6384e+06,1.66571e+06,249
1,unpaced_b1_smt,0,queue,1.66571e+06,1.69301e+06,222
1,unpaced_b1_smt,0,queue,1.69301e+06,1.72032e+06,188
1,unpaced_b1_smt,0,queue,1.72032e+06,1.74763e+06,225
1,unpaced_b1_smt,0,queue,1.74763e+06,1.80224e+06,480
1,unpaced_b1_smt,0,queue,1.80224e+06,1.85685e+06,411
1,unpaced_b1_smt,0,queue,1.85685e+06,1.91147e+06,478
1,unpaced_b1_smt,0,queue,1.91147e+06,1.96608e+06,524
1,unpaced_b1_smt,0,queue,1.96608e+06,2.02069e+06,498
1,unpaced_b1_smt,0,queue,2.02069e+06,2.07531e+06,488
1,unpaced_b1_smt,0,queue,2.07531e+06,2.12992e+06,361
1,unpaced_b1_smt,0,queue,2.12992e+06,2.18453e+06,471
1,unpaced_b1_smt,0,queue,2.18453e+06,2.23915e+06,477
1,unpaced_b1_smt,0,queue,2.23915e+06,2.29376e+06,461
1,unpaced_b1_smt,0,queue,2.29376e+06,2.34837e+06,475
1,unpaced_b1_smt,0,queue,2.34837e+06,2.40299e+06,527
1,unpaced_b1_smt,0,queue,2.40299e+06,2.4576e+06,2218
1,unpaced_b1_smt,0,queue,2.4576e+06,2.51221e+06,22387
1,unpaced_b1_smt,0,queue,2.51221e+06,2.56683e+06,59879
1,unpaced_b1_smt,0,queue,2.56683e+06,2.62144e+06,548017
1,unpaced_b1_smt,0,queue,2.62144e+06,2.67605e+06,1027176
1,unpaced_b1_smt,0,queue,2.67605e+06,2.73067e+06,1093929
1,unpaced_b1_smt,0,queue,2.73067e+06,2.78528e+06,532902
1,unpaced_b1_smt,0,queue,2.78528e+06,2.83989e+06,287454
1,unpaced_b1_smt,0,queue,2.83989e+06,2.89451e+06,247821
1,unpaced_b1_smt,0,queue,2.89451e+06,2.94912e+06,155814
1,unpaced_b1_smt,0,queue,2.94912e+06,3.00373e+06,162907
1,unpaced_b1_smt,0,queue,3.00373e+06,3.05835e+06,97922
1,unpaced_b1_smt,0,queue,3.05835e+06,3.11296e+06,99217
1,unpaced_b1_smt,0,queue,3.11296e+06,3.16757e+06,67870
1,unpaced_b1_smt,0,queue,3.16757e+06,3.22219e+06,43156
1,unpaced_b1_smt,0,queue,3.22219e+06,3.2768e+06,34364
1,unpaced_b1_smt,0,queue,3.2768e+06,3.33141e+06,42997
1,unpaced_b1_smt,0,queue,3.33141e+06,3.38603e+06,69240
1,unpaced_b1_smt,0,queue,3.38603e+06,3.44064e+06,109005
1,unpaced_b1_smt,0,queue,3.44064e+06,3.49525e+06,259318
1,unpaced_b1_smt,0,queue,3.49525e+06,3.60448e+06,2670569
1,unpaced_b1_smt,0,queue,3.60448e+06,3.71371e+06,9371464
1,unpaced_b1_smt,0,queue,3.71371e+06,3.82293e+06,20605117
1,unpaced_b1_smt,0,queue,3.82293e+06,3.93216e+06,27608750
1,unpaced_b1_smt,0,queue,3.93216e+06,4.04139e+06,26965340
1,unpaced_b1_smt,0,queue,4.04139e+06,4.15061e+06,18164796
1,unpaced_b1_smt,0,queue,4.15061e+06,4.25984e+06,10928899
1,unpaced_b1_smt,0,queue,4.25984e+06,4.36907e+06,5665171
1,unpaced_b1_smt,0,queue,4.36907e+06,4.47829e+06,3023477
1,unpaced_b1_smt,0,queue,4.47829e+06,4.58752e+06,1266528
1,unpaced_b1_smt,0,queue,4.58752e+06,4.69675e+06,606923
1,unpaced_b1_smt,0,queue,4.69675e+06,4.80597e+06,338836
1,unpaced_b1_smt,0,queue,4.80597e+06,4.9152e+06,155622
1,unpaced_b1_smt,0,queue,4.9152e+06,5.02442e+06,78243
1,unpaced_b1_smt,0,queue,5.02442e+06,5.13365e+06,38077
1,unpaced_b1_smt,0,queue,5.13365e+06,5.24288e+06,27845
1,unpaced_b1_smt,0,queue,5.24288e+06,5.3521e+06,21775
1,unpaced_b1_smt,0,queue,5.3521e+06,5.46133e+06,2774
1,unpaced_b1_smt,0,queue,5.46133e+06,5.57056e+06,4867
1,unpaced_b1_smt,0,queue,5.57056e+06,5.67978e+06,4879
1,unpaced_b1_smt,0,queue,5.67978e+06,5.78901e+06,6114
1,unpaced_b1_smt,0,queue,5.78901e+06,5.89824e+06,2693
1,unpaced_b1_smt,0,queue,5.89824e+06,6.00746e+06,19939
1,unpaced_b1_smt,0,queue,6.00746e+06,6.11669e+06,37196
1,unpaced_b1_smt,0,queue,6.11669e+06,6.22592e+06,22118
1,unpaced_b1_smt,0,queue,6.22592e+06,6.33514e+06,2037
1,unpaced_b1_smt,0,queue,6.33514e+06,6.44437e+06,13126
1,unpaced_b1_smt,0,queue,6.44437e+06,6.5536e+06,3110
1,unpaced_b1_smt,0,queue,6.5536e+06,6.66282e+06,4551
1,unpaced_b1_smt,0,queue,6.66282e+06,6.77205e+06,6429
1,unpaced_b1_smt,0,book,15.8333,16.25,2
1,unpaced_b1_smt,0,book,16.6667,17.0833,10
1,unpaced_b1_smt,0,book,17.5,17.9167,60
1,unpaced_b1_smt,0,book,18.3333,18.75,153
1,unpaced_b1_smt,0,book,19.1667,19.5833,285
1,unpaced_b1_smt,0,book,20,20.4167,446
1,unpaced_b1_smt,0,book,20.8333,21.25,404
1,unpaced_b1_smt,0,book,21.6667,22.0833,533
1,unpaced_b1_smt,0,book,22.5,22.9167,1120
1,unpaced_b1_smt,0,book,23.3333,23.75,2086
1,unpaced_b1_smt,0,book,24.1667,24.5833,4608
1,unpaced_b1_smt,0,book,25,25.4167,10030
1,unpaced_b1_smt,0,book,25.8333,26.25,20371
1,unpaced_b1_smt,0,book,26.6667,27.5,51566
1,unpaced_b1_smt,0,book,27.5,28.3333,101144
1,unpaced_b1_smt,0,book,28.3333,29.1667,184627
1,unpaced_b1_smt,0,book,29.1667,30,296520
1,unpaced_b1_smt,0,book,30,30.8333,384760
1,unpaced_b1_smt,0,book,30.8333,31.6667,492078
1,unpaced_b1_smt,0,book,31.6667,32.5,539814
1,unpaced_b1_smt,0,book,32.5,33.3333,584660
1,unpaced_b1_smt,0,book,33.3333,34.1667,614164
1,unpaced_b1_smt,0,book,34.1667,35,559518
1,unpaced_b1_smt,0,book,35,35.8333,605803
1,unpaced_b1_smt,0,book,35.8333,36.6667,595789
1,unpaced_b1_smt,0,book,36.6667,37.5,517699
1,unpaced_b1_smt,0,book,37.5,38.3333,473627
1,unpaced_b1_smt,0,book,38.3333,39.1667,326110
1,unpaced_b1_smt,0,book,39.1667,40,240932
1,unpaced_b1_smt,0,book,40,40.8333,233744
1,unpaced_b1_smt,0,book,40.8333,41.6667,189523
1,unpaced_b1_smt,0,book,41.6667,42.5,222373
1,unpaced_b1_smt,0,book,42.5,43.3333,298076
1,unpaced_b1_smt,0,book,43.3333,44.1667,371117
1,unpaced_b1_smt,0,book,44.1667,45,535456
1,unpaced_b1_smt,0,book,45,45.8333,684681
1,unpaced_b1_smt,0,book,45.8333,46.6667,750000
1,unpaced_b1_smt,0,book,46.6667,47.5,896429
1,unpaced_b1_smt,0,book,47.5,48.3333,864504
1,unpaced_b1_smt,0,book,48.3333,49.1666,805879
1,unpaced_b1_smt,0,book,49.1666,50,742408
1,unpaced_b1_smt,0,book,50,50.8333,628348
1,unpaced_b1_smt,0,book,50.8333,51.6666,512597
1,unpaced_b1_smt,0,book,51.6666,52.5,406200
1,unpaced_b1_smt,0,book,52.5,53.3333,350545
1,unpaced_b1_smt,0,book,53.3333,55,590049
1,unpaced_b1_smt,0,book,55,56.6666,602079
1,unpaced_b1_smt,0,book,56.6666,58.3333,659873
1,unpaced_b1_smt,0,book,58.3333,60,722093
1,unpaced_b1_smt,0,book,60,61.6666,836336
1,unpaced_b1_smt,0,book,61.6666,63.3333,866984
1,unpaced_b1_smt,0,book,63.3333,65,853329
1,unpaced_b1_smt,0,book,65,66.6666,881894
1,unpaced_b1_smt,0,book,66.6666,68.3333,922160
1,unpaced_b1_smt,0,book,68.3333,70,906084
1,unpaced_b1_smt,0,book,70,71.6666,906690
1,unpaced_b1_smt,0,book,71.6666,73.3333,878886
1,unpaced_b1_smt,0,book,73.3333,75,872256
1,unpaced_b1_smt,0,book,75,76.6666,891289
1,unpaced_b1_smt,0,book,76.6666,78.3333,882167
1,unpaced_b1_smt,0,book,78.3333,80,841846
1,unpaced_b1_smt,0,book,80,81.6666,867253
1,unpaced_b1_smt,0,book,81.6666,83.3333,815955
1,unpaced_b1_smt,0,book,83.3333,85,730011
1,unpaced_b1_smt,0,book,85,86.6666,687012
1,unpaced_b1_smt,0,book,86.6666,88.3333,662121
1,unpaced_b1_smt,0,book,88.3333,90,608780
1,unpaced_b1_smt,0,book,90,91.6666,578158
1,unpaced_b1_smt,0,book,91.6666,93.3333,535220
1,unpaced_b1_smt,0,book,93.3333,95,502201
1,unpaced_b1_smt,0,book,95,96.6666,476293
1,unpaced_b1_smt,0,book,96.6666,98.3333,435257
1,unpaced_b1_smt,0,book,98.3333,100,389832
1,unpaced_b1_smt,0,book,100,101.667,385660
1,unpaced_b1_smt,0,book,101.667,103.333,361608
1,unpaced_b1_smt,0,book,103.333,105,328292
1,unpaced_b1_smt,0,book,105,106.667,314908
1,unpaced_b1_smt,0,book,106.667,110,591741
1,unpaced_b1_smt,0,book,110,113.333,524663
1,unpaced_b1_smt,0,book,113.333,116.667,471218
1,unpaced_b1_smt,0,book,116.667,120,412391
1,unpaced_b1_smt,0,book,120,123.333,387057
1,unpaced_b1_smt,0,book,123.333,126.667,331281
1,unpaced_b1_smt,0,book,126.667,130,302764
1,unpaced_b1_smt,0,book,130,133.333,310619
1,unpaced_b1_smt,0,book,133.333,136.667,477537
1,unpaced_b1_smt,0,book,136.667,140,792336
1,unpaced_b1_smt,0,book,140,143.333,1139823
1,unpaced_b1_smt,0,book,143.333,146.667,1297756
1,unpaced_b1_smt,0,book,146.667,150,1770824
1,unpaced_b1_smt,0,book,150,153.333,2579905
1,unpaced_b1_smt,0,book,153.333,156.667,3149749
1,unpaced_b1_smt,0,book,156.667,160,3053305
1,unpaced_b1_smt,0,book,160,163.333,3334732
1,unpaced_b1_smt,0,book,163.333,166.667,3720159
1,unpaced_b1_smt,0,book,166.667,170,3880755
1,unpaced_b1_smt,0,book,170,173.333,3418990
1,unpaced_b1_smt,0,book,173.333,176.667,3169658
1,unpaced_b1_smt,0,book,176.667,180,3008819
1,unpaced_b1_smt,0,book,180,183.333,2885026
1,unpaced_b1_smt,0,book,183.333,186.667,2491291
1,unpaced_b1_smt,0,book,186.667,190,2321792
1,unpaced_b1_smt,0,book,190,193.333,2125762
1,unpaced_b1_smt,0,book,193.333,196.667,1995269
1,unpaced_b1_smt,0,book,196.667,200,1818162
1,unpaced_b1_smt,0,book,200,203.333,1764011
1,unpaced_b1_smt,0,book,203.333,206.667,1570792
1,unpaced_b1_smt,0,book,206.667,210,1474776
1,unpaced_b1_smt,0,book,210,213.333,1343344
1,unpaced_b1_smt,0,book,213.333,220,2386471
1,unpaced_b1_smt,0,book,220,226.667,2069955
1,unpaced_b1_smt,0,book,226.667,233.333,1816523
1,unpaced_b1_smt,0,book,233.333,240,1611383
1,unpaced_b1_smt,0,book,240,246.667,1458655
1,unpaced_b1_smt,0,book,246.667,253.333,1326055
1,unpaced_b1_smt,0,book,253.333,260,1211024
1,unpaced_b1_smt,0,book,260,266.667,1124084
1,unpaced_b1_smt,0,book,266.667,273.333,1047359
1,unpaced_b1_smt,0,book,273.333,280,993507
1,unpaced_b1_smt,0,book,280,286.667,966754
1,unpaced_b1_smt,0,book,286.667,293.333,935148
1,unpaced_b1_smt,0,book,293.333,300,904868
1,unpaced_b1_smt,0,book,300,306.667,892544
1,unpaced_b1_smt,0,book,306.667,313.333,873215
1,unpaced_b1_smt,0,book,313.333,320,857631
1,unpaced_b1_smt,0,book,320,326.667,844639
1,unpaced_b1_smt,0,book,326.667,333.333,815993
1,unpaced_b1_smt,0,book,333.333,340,786808
1,unpaced_b1_smt,0,book,340,346.667,768807
1,unpaced_b1_smt,0,book,346.667,353.333,745326
1,unpaced_b1_smt,0,book,353.333,360,713686
1,unpaced_b1_smt,0,book,360,366.667,686666
1,unpaced_b1_smt,0,book,366.667,373.333,654176
1,unpaced_b1_smt,0,book,373.333,380,618021
1,unpaced_b1_smt,0,book,380,386.667,591770
1,unpaced_b1_smt,0,book,386.667,393.333,563256
1,unpaced_b1_smt,0,book,393.333,400,533786
1,unpaced_b1_smt,0,book,400,406.667,515303
1,unpaced_b1_smt,0,book,406.667,413.333,484225
1,unpaced_b1_smt,0,book,413.333,420,457786
1,unpaced_b1_smt,0,book,420,426.667,432333
1,unpaced_b1_smt,0,book,426.667,440,820119
1,unpaced_b1_smt,0,book,440,453.333,754795
1,unpaced_b1_smt,0,book,453.333,466.667,647266
1,unpaced_b1_smt,0,book,466.667,480,548064
1,unpaced_b1_smt,0,book,480,493.333,471799
1,unpaced_b1_smt,0,book,493.333,506.666,406749
1,unpaced_b1_smt,0,book,506.666,520,357812
1,unpaced_b1_smt,0,book,520,533.333,319531
1,unpaced_b1_smt,0,book,533.333,546.666,284133
1,unpaced_b1_smt,0,book,546.666,560,258439
1,unpaced_b1_smt,0,book,560,573.333,234191
1,unpaced_b1_smt,0,book,573.333,586.666,210402
1,unpaced_b1_smt,0,book,586.666,600,191427
1,unpaced_b1_smt,0,book,600,613.333,171069
1,unpaced_b1_smt,0,book,613.333,626.666,151935
1,unpaced_b1_smt,0,book,626.666,640,137204
1,unpaced_b1_smt,0,book,640,653.333,122714
1,unpaced_b1_smt,0,book,653.333,666.666,108459
1,unpaced_b1_smt,0,book,666.666,680,96701
1,unpaced_b1_smt,0,book,680,693.333,87264
1,unpaced_b1_smt,0,book,693.333,706.666,77331
1,unpaced_b1_smt,0,book,706.666,720,69476
1,unpaced_b1_smt,0,book,720,733.333,62894
1,unpaced_b1_smt,0,book,733.333,746.666,55240
1,unpaced_b1_smt,0,book,746.666,760,50221
1,unpaced_b1_smt,0,book,760,773.333,44201
1,unpaced_b1_smt,0,book,773.333,786.666,38860
1,unpaced_b1_smt,0,book,786.666,800,35210
1,unpaced_b1_smt,0,book,800,813.333,31585
1,unpaced_b1_smt,0,book,813.333,826.666,27866
1,unpaced_b1_smt,0,book,826.666,840,25126
1,unpaced_b1_smt,0,book,840,853.333,22593
1,unpaced_b1_smt,0,book,853.333,880,37649
1,unpaced_b1_smt,0,book,880,906.666,30061
1,unpaced_b1_smt,0,book,906.666,933.333,24223
1,unpaced_b1_smt,0,book,933.333,960,19305
1,unpaced_b1_smt,0,book,960,986.666,15435
1,unpaced_b1_smt,0,book,986.666,1013.33,12505
1,unpaced_b1_smt,0,book,1013.33,1040,10001
1,unpaced_b1_smt,0,book,1040,1066.67,7953
1,unpaced_b1_smt,0,book,1066.67,1093.33,6609
1,unpaced_b1_smt,0,book,1093.33,1120,5224
1,unpaced_b1_smt,0,book,1120,1146.67,4280
1,unpaced_b1_smt,0,book,1146.67,1173.33,3640
1,unpaced_b1_smt,0,book,1173.33,1200,3105
1,unpaced_b1_smt,0,book,1200,1226.67,2485
1,unpaced_b1_smt,0,book,1226.67,1253.33,2186
1,unpaced_b1_smt,0,book,1253.33,1280,1778
1,unpaced_b1_smt,0,book,1280,1306.67,1551
1,unpaced_b1_smt,0,book,1306.67,1333.33,1339
1,unpaced_b1_smt,0,book,1333.33,1360,1176
1,unpaced_b1_smt,0,book,1360,1386.67,1028
1,unpaced_b1_smt,0,book,1386.67,1413.33,942
1,unpaced_b1_smt,0,book,1413.33,1440,858
1,unpaced_b1_smt,0,book,1440,1466.67,712
1,unpaced_b1_smt,0,book,1466.67,1493.33,668
1,unpaced_b1_smt,0,book,1493.33,1520,622
1,unpaced_b1_smt,0,book,1520,1546.67,556
1,unpaced_b1_smt,0,book,1546.67,1573.33,467
1,unpaced_b1_smt,0,book,1573.33,1600,426
1,unpaced_b1_smt,0,book,1600,1626.67,389
1,unpaced_b1_smt,0,book,1626.67,1653.33,363
1,unpaced_b1_smt,0,book,1653.33,1680,339
1,unpaced_b1_smt,0,book,1680,1706.67,357
1,unpaced_b1_smt,0,book,1706.67,1760,589
1,unpaced_b1_smt,0,book,1760,1813.33,493
1,unpaced_b1_smt,0,book,1813.33,1866.67,512
1,unpaced_b1_smt,0,book,1866.67,1920,438
1,unpaced_b1_smt,0,book,1920,1973.33,421
1,unpaced_b1_smt,0,book,1973.33,2026.67,378
1,unpaced_b1_smt,0,book,2026.67,2080,356
1,unpaced_b1_smt,0,book,2080,2133.33,324
1,unpaced_b1_smt,0,book,2133.33,2186.67,296
1,unpaced_b1_smt,0,book,2186.67,2240,296
1,unpaced_b1_smt,0,book,2240,2293.33,247
1,unpaced_b1_smt,0,book,2293.33,2346.67,262
1,unpaced_b1_smt,0,book,2346.67,2400,195
1,unpaced_b1_smt,0,book,2400,2453.33,188
1,unpaced_b1_smt,0,book,2453.33,2506.67,163
1,unpaced_b1_smt,0,book,2506.67,2560,158
1,unpaced_b1_smt,0,book,2560,2613.33,123
1,unpaced_b1_smt,0,book,2613.33,2666.67,119
1,unpaced_b1_smt,0,book,2666.67,2720,105
1,unpaced_b1_smt,0,book,2720,2773.33,91
1,unpaced_b1_smt,0,book,2773.33,2826.67,86
1,unpaced_b1_smt,0,book,2826.67,2880,83
1,unpaced_b1_smt,0,book,2880,2933.33,87
1,unpaced_b1_smt,0,book,2933.33,2986.67,87
1,unpaced_b1_smt,0,book,2986.67,3040,49
1,unpaced_b1_smt,0,book,3040,3093.33,63
1,unpaced_b1_smt,0,book,3093.33,3146.67,71
1,unpaced_b1_smt,0,book,3146.67,3200,53
1,unpaced_b1_smt,0,book,3200,3253.33,61
1,unpaced_b1_smt,0,book,3253.33,3306.67,61
1,unpaced_b1_smt,0,book,3306.67,3360,58
1,unpaced_b1_smt,0,book,3360,3413.33,56
1,unpaced_b1_smt,0,book,3413.33,3520,106
1,unpaced_b1_smt,0,book,3520,3626.67,93
1,unpaced_b1_smt,0,book,3626.67,3733.33,83
1,unpaced_b1_smt,0,book,3733.33,3840,60
1,unpaced_b1_smt,0,book,3840,3946.67,62
1,unpaced_b1_smt,0,book,3946.67,4053.33,59
1,unpaced_b1_smt,0,book,4053.33,4160,42
1,unpaced_b1_smt,0,book,4160,4266.67,55
1,unpaced_b1_smt,0,book,4266.67,4373.33,70
1,unpaced_b1_smt,0,book,4373.33,4480,103
1,unpaced_b1_smt,0,book,4480,4586.67,153
1,unpaced_b1_smt,0,book,4586.67,4693.33,206
1,unpaced_b1_smt,0,book,4693.33,4800,252
1,unpaced_b1_smt,0,book,4800,4906.66,313
1,unpaced_b1_smt,0,book,4906.66,5013.33,404
1,unpaced_b1_smt,0,book,5013.33,5120,437
1,unpaced_b1_smt,0,book,5120,5226.66,553
1,unpaced_b1_smt,0,book,5226.66,5333.33,578
1,unpaced_b1_smt,0,book,5333.33,5440,603
1,unpaced_b1_smt,0,book,5440,5546.66,555
1,unpaced_b1_smt,0,book,5546.66,5653.33,446
1,unpaced_b1_smt,0,book,5653.33,5760,357
1,unpaced_b1_smt,0,book,5760,5866.66,275
1,unpaced_b1_smt,0,book,5866.66,5973.33,232
1,unpaced_b1_smt,0,book,5973.33,6080,193
1,unpaced_b1_smt,0,book,6080,6186.66,166
1,unpaced_b1_smt,0,book,6186.66,6293.33,125
1,unpaced_b1_smt,0,book,6293.33,6400,96
1,unpaced_b1_smt,0,book,6400,6506.66,82
1,unpaced_b1_smt,0,book,6506.66,6613.33,57
1,unpaced_b1_smt,0,book,6613.33,6720,60
1,unpaced_b1_smt,0,book,6720,6826.66,42
1,unpaced_b1_smt,0,book,6826.66,7040,91
1,unpaced_b1_smt,0,book,7040,7253.33,106
1,unpaced_b1_smt,0,book,7253.33,7466.66,156
1,unpaced_b1_smt,0,book,7466.66,7680,297
1,unpaced_b1_smt,0,book,7680,7893.33,525
1,unpaced_b1_smt,0,book,7893.33,8106.66,437
1,unpaced_b1_smt,0,book,8106.66,8320,256
1,unpaced_b1_smt,0,book,8320,8533.33,113
1,unpaced_b1_smt,0,book,8533.33,8746.66,70
1,unpaced_b1_smt,0,book,8746.66,8960,39
1,unpaced_b1_smt,0,book,8960,9173.33,33
1,unpaced_b1_smt,0,book,9173.33,9386.66,22
1,unpaced_b1_smt,0,book,9386.66,9600,26
1,unpaced_b1_smt,0,book,9600,9813.33,24
1,unpaced_b1_smt,0,book,9813.33,10026.7,15
1,unpaced_b1_smt,0,book,10026.7,10240,27
1,unpaced_b1_smt,0,book,10240,10453.3,42
1,unpaced_b1_smt,0,book,10453.3,10666.7,58
1,unpaced_b1_smt,0,book,10666.7,10880,114
1,unpaced_b1_smt,0,book,10880,11093.3,157
1,unpaced_b1_smt,0,book,11093.3,11306.7,223
1,unpaced_b1_smt,0,book,11306.7,11520,450
1,unpaced_b1_smt,0,book,11520,11733.3,1137
1,unpaced_b1_smt,0,book,11733.3,11946.7,2346
1,unpaced_b1_smt,0,book,11946.7,12160,3731
1,unpaced_b1_smt,0,book,12160,12373.3,4781
1,unpaced_b1_smt,0,book,12373.3,12586.7,4626
1,unpaced_b1_smt,0,book,12586.7,12800,3724
1,unpaced_b1_smt,0,book,12800,13013.3,2478
1,unpaced_b1_smt,0,book,13013.3,13226.7,1386
1,unpaced_b1_smt,0,book,13226.7,13440,692
1,unpaced_b1_smt,0,book,13440,13653.3,326
1,unpaced_b1_smt,0,book,13653.3,14080,320
1,unpaced_b1_smt,0,book,14080,14506.7,169
1,unpaced_b1_smt,0,book,14506.7,14933.3,158
1,unpaced_b1_smt,0,book,14933.3,15360,73
1,unpaced_b1_smt,0,book,15360,15786.7,53
1,unpaced_b1_smt,0,book,15786.7,16213.3,32
1,unpaced_b1_smt,0,book,16213.3,16640,20
1,unpaced_b1_smt,0,book,16640,17066.7,16
1,unpaced_b1_smt,0,book,17066.7,17493.3,21
1,unpaced_b1_smt,0,book,17493.3,17920,11
1,unpaced_b1_smt,0,book,17920,18346.7,15
1,unpaced_b1_smt,0,book,18346.7,18773.3,17
1,unpaced_b1_smt,0,book,18773.3,19200,10
1,unpaced_b1_smt,0,book,19200,19626.7,23
1,unpaced_b1_smt,0,book,19626.7,20053.3,30
1,unpaced_b1_smt,0,book,20053.3,20480,36
1,unpaced_b1_smt,0,book,20480,20906.7,29
1,unpaced_b1_smt,0,book,20906.7,21333.3,22
1,unpaced_b1_smt,0,book,21333.3,21760,12
1,unpaced_b1_smt,0,book,21760,22186.7,8
1,unpaced_b1_smt,0,book,22186.7,22613.3,10
1,unpaced_b1_smt,0,book,22613.3,23040,5
1,unpaced_b1_smt,0,book,23040,23466.7,2
1,unpaced_b1_smt,0,book,23466.7,23893.3,4
1,unpaced_b1_smt,0,book,23893.3,24320,3
1,unpaced_b1_smt,0,book,24320,24746.7,10
1,unpaced_b1_smt,0,book,24746.7,25173.3,3
1,unpaced_b1_smt,0,book,25173.3,25600,6
1,unpaced_b1_smt,0,book,25600,26026.7,5
1,unpaced_b1_smt,0,book,26026.7,26453.3,10
1,unpaced_b1_smt,0,book,26453.3,26880,9
1,unpaced_b1_smt,0,book,26880,27306.7,5
1,unpaced_b1_smt,0,book,27306.7,28160,12
1,unpaced_b1_smt,0,book,28160,29013.3,7
1,unpaced_b1_smt,0,book,29013.3,29866.7,3
1,unpaced_b1_smt,0,book,29866.7,30720,1
1,unpaced_b1_smt,0,book,30720,31573.3,4
1,unpaced_b1_smt,0,book,31573.3,32426.7,1
1,unpaced_b1_smt,0,book,32426.7,33280,4
1,unpaced_b1_smt,0,book,34133.3,34986.7,1
1,unpaced_b1_smt,0,book,34986.7,35840,4
1,unpaced_b1_smt,0,book,35840,36693.3,2
1,unpaced_b1_smt,0,book,36693.3,37546.7,3
1,unpaced_b1_smt,0,book,38400,39253.3,2
1,unpaced_b1_smt,0,book,39253.3,40106.7,1
1,unpaced_b1_smt,0,book,40106.7,40960,3
1,unpaced_b1_smt,0,book,48640,49493.3,1
1,unpaced_b1_smt,0,book,49493.3,50346.6,1
1,unpaced_b1_smt,0,book,51200,52053.3,1
1,unpaced_b1_smt,0,book,63146.6,64853.3,1
1,unpaced_b1_smt,0,book,78506.6,80213.3,1
2,unpaced_b1_smt,1,total,680,693.333,1
2,unpaced_b1_smt,1,total,933.333,960,1
2,unpaced_b1_smt,1,total,1066.67,1093.33,1
2,unpaced_b1_smt,1,total,1173.33,1200,2
2,unpaced_b1_smt,1,total,1253.33,1280,1
2,unpaced_b1_smt,1,total,1333.33,1360,1
2,unpaced_b1_smt,1,total,1413.33,1440,1
2,unpaced_b1_smt,1,total,1466.67,1493.33,1
2,unpaced_b1_smt,1,total,1520,1546.67,1
2,unpaced_b1_smt,1,total,1546.67,1573.33,1
2,unpaced_b1_smt,1,total,1653.33,1680,1
2,unpaced_b1_smt,1,total,1760,1813.33,1
2,unpaced_b1_smt,1,total,1813.33,1866.67,3
2,unpaced_b1_smt,1,total,1866.67,1920,3
2,unpaced_b1_smt,1,total,1920,1973.33,1
2,unpaced_b1_smt,1,total,2026.67,2080,2
2,unpaced_b1_smt,1,total,2080,2133.33,1
2,unpaced_b1_smt,1,total,2186.67,2240,3
2,unpaced_b1_smt,1,total,2240,2293.33,1
2,unpaced_b1_smt,1,total,2293.33,2346.67,3
2,unpaced_b1_smt,1,total,2346.67,2400,1
2,unpaced_b1_smt,1,total,2400,2453.33,2
2,unpaced_b1_smt,1,total,2453.33,2506.67,1
2,unpaced_b1_smt,1,total,2506.67,2560,2
2,unpaced_b1_smt,1,total,2560,2613.33,1
2,unpaced_b1_smt,1,total,2613.33,2666.67,2
2,unpaced_b1_smt,1,total,2666.67,2720,2
2,unpaced_b1_smt,1,total,2720,2773.33,1
2,unpaced_b1_smt,1,total,2773.33,2826.67,2
2,unpaced_b1_smt,1,total,2826.67,2880,2
2,unpaced_b1_smt,1,total,2880,2933.33,1
2,unpaced_b1_smt,1,total,2933.33,2986.67,2
2,unpaced_b1_smt,1,total,2986.67,3040,2
2,unpaced_b1_smt,1,total,3093.33,3146.67,1
2,unpaced_b1_smt,1,total,3200,3253.33,1
2,unpaced_b1_smt,1,total,3253.33,3306.67,1
2,unpaced_b1_smt,1,total,3306.67,3360,2
2,unpaced_b1_smt,1,total,3360,3413.33,2
2,unpaced_b1_smt,1,total,3413.33,3520,3
2,unpaced_b1_smt,1,total,3520,3626.67,4
2,unpaced_b1_smt,1,total,3626.67,3733.33,3
2,unpaced_b1_smt,1,total,3733.33,3840,5
2,unpaced_b1_smt,1,total,3840,3946.67,3
2,unpaced_b1_smt,1,total,3946.67,4053.33,6
2,unpaced_b1_smt,1,total,4053.33,4160,4
2,unpaced_b1_smt,1,total,4160,4266.67,4
2,unpaced_b1_smt,1,total,4266.67,4373.33,4
2,unpaced_b1_smt,1,total,4373.33,4480,4
2,unpaced_b1_smt,1,total,4480,4586.67,5
2,unpaced_b1_smt,1,total,4586.67,4693.33,4
2,unpaced_b1_smt,1,total,4693.33,4800,4
2,unpaced_b1_smt,1,total,4800,4906.66,4
2,unpaced_b1_smt,1,total,4906.66,5013.33,4
2,unpaced_b1_smt,1,total,5013.33,5120,4
2,unpaced_b1_smt,1,total,5120,5226.66,4
2,unpaced_b1_smt,1,total,5226.66,5333.33,4
2,unpaced_b1_smt,1,total,5333.33,5440,4
2,unpaced_b1_smt,1,total,5440,5546.66,4
2,unpaced_b1_smt,1,total,5546.66,5653.33,4
2,unpaced_b1_smt,1,total,5653.33,5760,3
2,unpaced_b1_smt,1,total,5760,5866.66,4
2,unpaced_b1_smt,1,total,5866.66,5973.33,3
2,unpaced_b1_smt,1,total,5973.33,6080,3
2,unpaced_b1_smt,1,total,6080,6186.66,5
2,unpaced_b1_smt,1,total,6186.66,6293.33,5
2,unpaced_b1_smt,1,total,6293.33,6400,3
2,unpaced_b1_smt,1,total,6400,6506.66,5
2,unpaced_b1_smt,1,total,6506.66,6613.33,6
2,unpaced_b1_smt,1,total,6613.33,6720,4
2,unpaced_b1_smt,1,total,6720,6826.66,5
2,unpaced_b1_smt,1,total,6826.66,7040,8
2,unpaced_b1_smt,1,total,7040,7253.33,7
2,unpaced_b1_smt,1,total,7253.33,7466.66,9
2,unpaced_b1_smt,1,total,7466.66,7680,8
2,unpaced_b1_smt,1,total,7680,7893.33,8
2,unpaced_b1_smt,1,total,7893.33,8106.66,7
2,unpaced_b1_smt,1,total,8106.66,8320,8
2,unpaced_b1_smt,1,total,8320,8533.33,8
2,unpaced_b1_smt,1,total,8533.33,8746.66,13
2,unpaced_b1_smt,1,total,8746.66,8960,9
2,unpaced_b1_smt,1,total,8960,9173.33,8
2,unpaced_b1_smt,1,total,9173.33,9386.66,8
2,unpaced_b1_smt,1,total,9386.66,9600,8
2,unpaced_b1_smt,1,total,9600,9813.33,8
2,unpaced_b1_smt,1,total,9813.33,10026.7,9
2,unpaced_b1_smt,1,total,10026.7,10240,7
2,unpaced_b1_smt,1,total,10240,10453.3,7
2,unpaced_b1_smt,1,total,10453.3,10666.7,9
2,unpaced_b1_smt,1,total,10666.7,10880,8
2,unpaced_b1_smt,1,total,10880,11093.3,12
2,unpaced_b1_smt,1,total,11093.3,11306.7,9
2,unpaced_b1_smt,1,total,11306.7,11520,8
2,unpaced_b1_smt,1,total,11520,11733.3,8
2,unpaced_b1_smt,1,total,11733.3,11946.7,8
2,unpaced_b1_smt,1,total,11946.7,12160,8
2,unpaced_b1_smt,1,total,12160,12373.3,9
2,unpaced_b1_smt,1,total,12373.3,12586.7,9
2,unpaced_b1_smt,1,total,12586.7,12800,8
2,unpaced_b1_smt,1,total,12800,13013.3,8
2,unpaced_b1_smt,1,total,13013.3,13226.7,11
2,unpaced_b1_smt,1,total,13226.7,13440,7
2,unpaced_b1_smt,1,total,13440,13653.3,11
2,unpaced_b1_smt,1,total,13653.3,14080,17
2,unpaced_b1_smt,1,total,14080,14506.7,16
2,unpaced_b1_smt,1,total,14506.7,14933.3,20
2,unpaced_b1_smt,1,total,14933.3,15360,21
2,unpaced_b1_smt,1,total,15360,15786.7,15
2,unpaced_b1_smt,1,total,15786.7,16213.3,17
2,unpaced_b1_smt,1,total,16213.3,16640,18
2,unpaced_b1_smt,1,total,16640,17066.7,20
2,unpaced_b1_smt,1,total,17066.7,17493.3,17
2,unpaced_b1_smt,1,total,17493.3,17920,17
2,unpaced_b1_smt,1,total,17920,18346.7,19
2,unpaced_b1_smt,1,total,18346.7,18773.3,15
2,unpaced_b1_smt,1,total,18773.3,19200,17
2,unpaced_b1_smt,1,total,19200,19626.7,19
2,unpaced_b1_smt,1,total,19626.7,20053.3,19
2,unpaced_b1_smt,1,total,20053.3,20480,16
2,unpaced_b1_smt,1,total,20480,20906.7,17
2,unpaced_b1_smt,1,total,20906.7,21333.3,16
2,unpaced_b1_smt,1,total,21333.3,21760,20
2,unpaced_b1_smt,1,total,21760,22186.7,17
2,unpaced_b1_smt,1,total,22186.7,22613.3,17
2,unpaced_b1_smt,1,total,22613.3,23040,19
2,unpaced_b1_smt,1,total,23040,23466.7,19
2,unpaced_b1_smt,1,total,23466.7,23893.3,22
2,unpaced_b1_smt,1,total,23893.3,24320,19
2,unpaced_b1_smt,1,total,24320,24746.7,20
2,unpaced_b1_smt,1,total,24746.7,25173.3,17
2,unpaced_b1_smt,1,total,25173.3,25600,18
2,unpaced_b1_smt,1,total,25600,26026.7,20
2,unpaced_b1_smt,1,total,26026.7,26453.3,17
2,unpaced_b1_smt,1,total,26453.3,26880,19
2,unpaced_b1_smt,1,total,26880,27306.7,17
2,unpaced_b1_smt,1,total,27306.7,28160,40
2,unpaced_b1_smt,1,total,28160,29013.3,36
2,unpaced_b1_smt,1,total,29013.3,29866.7,34
2,unpaced_b1_smt,1,total,29866.7,30720,38
2,unpaced_b1_smt,1,total,30720,31573.3,36
2,unpaced_b1_smt,1,total,31573.3,32426.7,46
2,unpaced_b1_smt,1,total,32426.7,33280,35
2,unpaced_b1_smt,1,total,33280,34133.3,41
2,unpaced_b1_smt,1,total,34133.3,34986.7,37
2,unpaced_b1_smt,1,total,34986.7,35840,41
2,unpaced_b1_smt,1,total,35840,36693.3,37
2,unpaced_b1_smt,1,total,36693.3,37546.7,37
2,unpaced_b1_smt,1,total,37546.7,38400,39
2,unpaced_b1_smt,1,total,38400,39253.3,36
2,unpaced_b1_smt,1,total,39253.3,40106.7,32
2,unpaced_b1_smt,1,total,40106.7,40960,41
2,unpaced_b1_smt,1,total,40960,41813.3,45
2,unpaced_b1_smt,1,total,41813.3,42666.7,41
2,unpaced_b1_smt,1,total,42666.7,43520,33
2,unpaced_b1_smt,1,total,43520,44373.3,35
2,unpaced_b1_smt,1,total,44373.3,45226.7,40
2,unpaced_b1_smt,1,total,45226.7,46080,34
2,unpaced_b1_smt,1,total,46080,46933.3,40
2,unpaced_b1_smt,1,total,46933.3,47786.7,37
2,unpaced_b1_smt,1,total,47786.7,48640,35
2,unpaced_b1_smt,1,total,48640,49493.3,42
2,unpaced_b1_smt,1,total,49493.3,50346.6,36
2,unpaced_b1_smt,1,total,50346.6,51200,39
2,unpaced_b1_smt,1,total,51200,52053.3,36
2,unpaced_b1_smt,1,total,52053.3,52906.6,34
2,unpaced_b1_smt,1,total,52906.6,53760,38
2,unpaced_b1_smt,1,total,53760,54613.3,39
2,unpaced_b1_smt,1,total,54613.3,56320,75
2,unpaced_b1_smt,1,total,56320,58026.6,74
2,unpaced_b1_smt,1,total,58026.6,59733.3,77
2,unpaced_b1_smt,1,total,59733.3,61440,75
2,unpaced_b1_smt,1,total,61440,63146.6,87
2,unpaced_b1_smt,1,total,63146.6,64853.3,74
2,unpaced_b1_smt,1,total,64853.3,66560,75
2,unpaced_b1_smt,1,total,66560,68266.6,75
2,unpaced_b1_smt,1,total,68266.6,69973.3,71
2,unpaced_b1_smt,1,total,69973.3,71680,75
2,unpaced_b1_smt,1,total,71680,73386.6,77
2,unpaced_b1_smt,1,total,73386.6,75093.3,77
2,unpaced_b1_smt,1,total,75093.3,76800,75
2,unpaced_b1_smt,1,total,76800,78506.6,70
2,unpaced_b1_smt,1,total,78506.6,80213.3,72
2,unpaced_b1_smt,1,total,80213.3,81920,70
2,unpaced_b1_smt,1,total,81920,83626.6,79
2,unpaced_b1_smt,1,total,83626.6,85333.3,71
2,unpaced_b1_smt,1,total,85333.3,87040,71
2,unpaced_b1_smt,1,total,87040,88746.6,72
2,unpaced_b1_smt,1,total,88746.6,90453.3,72
2,unpaced_b1_smt,1,total,90453.3,92160,70
2,unpaced_b1_smt,1,total,92160,93866.6,70
2,unpaced_b1_smt,1,total,93866.6,95573.3,71
2,unpaced_b1_smt,1,total,95573.3,97280,70
2,unpaced_b1_smt,1,total,97280,98986.6,72
2,unpaced_b1_smt,1,total,98986.6,100693,72
2,unpaced_b1_smt,1,total,100693,102400,71
2,unpaced_b1_smt,1,total,102400,104107,72
2,unpaced_b1_smt,1,total,104107,105813,71
2,unpaced_b1_smt,1,total,105813,107520,71
2,unpaced_b1_smt,1,total,107520,109227,73
2,unpaced_b1_smt,1,total,109227,112640,141
2,unpaced_b1_smt,1,total,112640,116053,141
2,unpaced_b1_smt,1,total,116053,119467,147
2,unpaced_b1_smt,1,total,119467,122880,142
2,unpaced_b1_smt,1,total,122880,126293,143
2,unpaced_b1_smt,1,total,126293,129707,136
2,unpaced_b1_smt,1,total,129707,133120,137
2,unpaced_b1_smt,1,total,133120,136533,137
2,unpaced_b1_smt,1,total,136533,139947,140
2,unpaced_b1_smt,1,total,139947,143360,135
2,unpaced_b1_smt,1,total,143360,146773,135
2,unpaced_b1_smt,1,total,146773,150187,136
2,unpaced_b1_smt,1,total,150187,153600,143
2,unpaced_b1_smt,1,total,153600,157013,135
2,unpaced_b1_smt,1,total,157013,160427,131
2,unpaced_b1_smt,1,total,160427,163840,134
2,unpaced_b1_smt,1,total,163840,167253,140
2,unpaced_b1_smt,1,total,167253,170667,141
2,unpaced_b1_smt,1,total,170667,174080,136
2,unpaced_b1_smt,1,total,174080,177493,141
2,unpaced_b1_smt,1,total,177493,180907,138
2,unpaced_b1_smt,1,total,180907,184320,143
2,unpaced_b1_smt,1,total,184320,187733,138
2,unpaced_b1_smt,1,total,187733,191147,139
2,unpaced_b1_smt,1,total,191147,194560,138
2,unpaced_b1_smt,1,total,194560,197973,144
2,unpaced_b1_smt,1,total,197973,201387,137
2,unpaced_b1_smt,1,total,201387,204800,136
2,unpaced_b1_smt,1,total,204800,208213,143
2,unpaced_b1_smt,1,total,208213,211627,116
2,unpaced_b1_smt,1,total,211627,215040,138
2,unpaced_b1_smt,1,total,215040,218453,134
2,unpaced_b1_smt,1,total,218453,225280,272
2,unpaced_b1_smt,1,total,225280,232107,291
2,unpaced_b1_smt,1,total,232107,238933,293
2,unpaced_b1_smt,1,total,238933,245760,40
2,unpaced_b1_smt,1,total,245760,252587,39
2,unpaced_b1_smt,1,total,252587,259413,39
2,unpaced_b1_smt,1,total,259413,266240,37
2,unpaced_b1_smt,1,total,266240,273067,32
2,unpaced_b1_smt,1,total,273067,279893,31
2,unpaced_b1_smt,1,total,279893,286720,27
2,unpaced_b1_smt,1,total,286720,293547,25
2,unpaced_b1_smt,1,total,293547,300373,27
2,unpaced_b1_smt,1,total,300373,307200,28
2,unpaced_b1_smt,1,total,307200,314027,32
2,unpaced_b1_smt,1,total,314027,320853,38
2,unpaced_b1_smt,1,total,320853,327680,32
2,unpaced_b1_smt,1,total,327680,334507,35
2,unpaced_b1_smt,1,total,334507,341333,37
2,unpaced_b1_smt,1,total,341333,348160,37
2,unpaced_b1_smt,1,total,348160,354987,28
2,unpaced_b1_smt,1,total,354987,361813,41
2,unpaced_b1_smt,1,total,361813,368640,44
2,unpaced_b1_smt,1,total,368640,375467,38
2,unpaced_b1_smt,1,total,375467,382293,39
2,unpaced_b1_smt,1,total,382293,389120,33
2,unpaced_b1_smt,1,total,389120,395947,36
2,unpaced_b1_smt,1,total,395947,402773,39
2,unpaced_b1_smt,1,total,402773,409600,35
2,unpaced_b1_smt,1,total,409600,416427,34
2,unpaced_b1_smt,1,total,416427,423253,41
2,unpaced_b1_smt,1,total,423253,430080,46
2,unpaced_b1_smt,1,total,430080,436907,51
2,unpaced_b1_smt,1,total,436907,450560,76
2,unpaced_b1_smt,1,total,450560,464213,73
2,unpaced_b1_smt,1,total,464213,477867,64
2,unpaced_b1_smt,1,total,477867,491520,83
2,unpaced_b1_smt,1,total,491520,505173,73
2,unpaced_b1_smt,1,total,505173,518826,91
2,unpaced_b1_smt,1,total,518826,532480,98
2,unpaced_b1_smt,1,total,532480,546133,88
2,unpaced_b1_smt,1,total,546133,559786,72
2,unpaced_b1_smt,1,total,559786,573440,102
2,unpaced_b1_smt,1,total,573440,587093,107
2,unpaced_b1_smt,1,total,587093,600746,91
2,unpaced_b1_smt,1,total,600746,614400,79
2,unpaced_b1_smt,1,total,614400,628053,105
2,unpaced_b1_smt,1,total,628053,641706,101
2,unpaced_b1_smt,1,total,641706,655360,102
2,unpaced_b1_smt,1,total,655360,669013,99
2,unpaced_b1_smt,1,total,682666,696320,40
2,unpaced_b1_smt,1,total,696320,709973,96
2,unpaced_b1_smt,1,total,709973,723626,110
2,unpaced_b1_smt,1,total,723626,737280,92
2,unpaced_b1_smt,1,total,737280,750933,111
2,unpaced_b1_smt,1,total,750933,764586,119
2,unpaced_b1_smt,1,total,764586,778240,85
2,unpaced_b1_smt,1,total,778240,791893,109
2,unpaced_b1_smt,1,total,791893,805546,108
2,unpaced_b1_smt,1,total,805546,819200,96
2,unpaced_b1_smt,1,total,819200,832853,96
2,unpaced_b1_smt,1,total,832853,846506,104
2,unpaced_b1_smt,1,total,846506,860160,102
2,unpaced_b1_smt,1,total,860160,873813,97
2,unpaced_b1_smt,1,total,873813,901120,196
2,unpaced_b1_smt,1,total,901120,928426,183
2,unpaced_b1_smt,1,total,928426,955733,204
2,unpaced_b1_smt,1,total,955733,983040,176
2,unpaced_b1_smt,1,total,983040,1.01035e+06,192
2,unpaced_b1_smt,1,total,1.01035e+06,1.03765e+06,182
2,unpaced_b1_smt,1,total,1.03765e+06,1.06496e+06,228
2,unpaced_b1_smt,1,total,1.06496e+06,1.09227e+06,203
2,unpaced_b1_smt,1,total,1.09227e+06,1.11957e+06,169
2,unpaced_b1_smt,1,total,1.11957e+06,1.14688e+06,397
2,unpaced_b1_smt,1,total,1.14688e+06,1.17419e+06,218
2,unpaced_b1_smt,1,total,1.17419e+06,1.20149e+06,225
2,unpaced_b1_smt,1,total,1.20149e+06,1.2288e+06,221
2,unpaced_b1_smt,1,total,1.2288e+06,1.25611e+06,213
2,unpaced_b1_smt,1,total,1.25611e+06,1.28341e+06,244
2,unpaced_b1_smt,1,total,1.28341e+06,1.31072e+06,229
2,unpaced_b1_smt,1,total,1.31072e+06,1.33803e+06,236
2,unpaced_b1_smt,1,total,1.33803e+06,1.36533e+06,262
2,unpaced_b1_smt,1,total,1.36533e+06,1.39264e+06,226
2,unpaced_b1_smt,1,total,1.39264e+06,1.41995e+06,235
2,unpaced_b1_smt,1,total,1.41995e+06,1.44725e+06,112
2,unpaced_b1_smt,1,total,1.44725e+06,1.47456e+06,216
2,unpaced_b1_smt,1,total,1.47456e+06,1.50187e+06,211
2,unpaced_b1_smt,1,total,1.50187e+06,1.52917e+06,188
2,unpaced_b1_smt,1,total,1.52917e+06,1.55648e+06,211
2,unpaced_b1_smt,1,total,1.55648e+06,1.58379e+06,207
2,unpaced_b1_smt,1,total,1.58379e+06,1.61109e+06,233
2,unpaced_b1_smt,1,total,1.61109e+06,1.6384e+06,205
2,unpaced_b1_smt,1,total,1.6384e+06,1.66571e+06,215
2,unpaced_b1_smt,1,total,1.66571e+06,1.69301e+06,194
2,unpaced_b1_smt,1,total,1.69301e+06,1.72032e+06,240
2,unpaced_b1_smt,1,total,1.72032e+06,1.74763e+06,220
2,unpaced_b1_smt,1,total,1.74763e+06,1.80224e+06,445
2,unpaced_b1_smt,1,total,1.80224e+06,1.85685e+06,421
2,unpaced_b1_smt,1,total,1.85685e+06,1.91147e+06,485
2,unpaced_b1_smt,1,total,1.91147e+06,1.96608e+06,426
2,unpaced_b1_smt,1,total,1.96608e+06,2.02069e+06,341
2,unpaced_b1_smt,1,total,2.02069e+06,2.07531e+06,391
2,unpaced_b1_smt,1,total,2.07531e+06,2.12992e+06,431
2,unpaced_b1_smt,1,total,2.12992e+06,2.18453e+06,378
2,unpaced_b1_smt,1,total,2.18453e+06,2.23915e+06,339
2,unpaced_b1_smt,1,total,2.23915e+06,2.29376e+06,470
2,unpaced_b1_smt,1,total,2.29376e+06,2.34837e+06,460
2,unpaced_b1_smt,1,total,2.34837e+06,2.40299e+06,421
2,unpaced_b1_smt,1,total,2.40299e+06,2.4576e+06,483
2,unpaced_b1_smt,1,total,2.4576e+06,2.51221e+06,1376
2,unpaced_b1_smt,1,total,2.51221e+06,2.56683e+06,102786
2,unpaced_b1_smt,1,total,2.56683e+06,2.62144e+06,907970
2,unpaced_b1_smt,1,total,2.62144e+06,2.67605e+06,1249111
2,unpaced_b1_smt,1,total,2.67605e+06,2.73067e+06,893352
2,unpaced_b1_smt,1,total,2.73067e+06,2.78528e+06,343779
2,unpaced_b1_smt,1,total,2.78528e+06,2.83989e+06,214329
2,unpaced_b1_smt,1,total,2.83989e+06,2.89451e+06,250278
2,unpaced_b1_smt,1,total,2.89451e+06,2.94912e+06,119173
2,unpaced_b1_smt,1,total,2.94912e+06,3.00373e+06,86616
2,unpaced_b1_smt,1,total,3.00373e+06,3.05835e+06,71353
2,unpaced_b1_smt,1,total,3.05835e+06,3.11296e+06,46077
2,unpaced_b1_smt,1,total,3.11296e+06,3.16757e+06,41379
2,unpaced_b1_smt,1,total,3.16757e+06,3.22219e+06,45923
2,unpaced_b1_smt,1,total,3.22219e+06,3.2768e+06,52057
2,unpaced_b1_smt,1,total,3.2768e+06,3.33141e+06,51801
2,unpaced_b1_smt,1,total,3.33141e+06,3.38603e+06,48893
2,unpaced_b1_smt,1,total,3.38603e+06,3.44064e+06,66913
2,unpaced_b1_smt,1,total,3.44064e+06,3.49525e+06,120726
2,unpaced_b1_smt,1,total,3.49525e+06,3.60448e+06,1433069
2,unpaced_b1_smt,1,total,3.60448e+06,3.71371e+06,6631531
2,unpaced_b1_smt,1,total,3.71371e+06,3.82293e+06,16372005
2,unpaced_b1_smt,1,total,3.82293e+06,3.93216e+06,26589164
2,unpaced_b1_smt,1,total,3.93216e+06,4.04139e+06,29992082
2,unpaced_b1_smt,1,total,4.04139e+06,4.15061e+06,21902046
2,unpaced_b1_smt,1,total,4.15061e+06,4.25984e+06,13071026
2,unpaced_b1_smt,1,total,4.25984e+06,4.36907e+06,6484102
2,unpaced_b1_smt,1,total,4.36907e+06,4.47829e+06,2844234
2,unpaced_b1_smt,1,total,4.47829e+06,4.58752e+06,1133089
2,unpaced_b1_smt,1,total,4.58752e+06,4.69675e+06,634286
2,unpaced_b1_smt,1,total,4.69675e+06,4.80597e+06,333871
2,unpaced_b1_smt,1,total,4.80597e+06,4.9152e+06,113508
2,unpaced_b1_smt,1,total,4.9152e+06,5.02442e+06,86761
2,unpaced_b1_smt,1,total,5.02442e+06,5.13365e+06,62219
2,unpaced_b1_smt,1,total,5.13365e+06,5.24288e+06,44439
2,unpaced_b1_smt,1,total,5.24288e+06,5.3521e+06,44057
2,unpaced_b1_smt,1,total,5.3521e+06,5.46133e+06,13655
2,unpaced_b1_smt,1,total,5.46133e+06,5.57056e+06,3634
2,unpaced_b1_smt,1,total,5.57056e+06,5.67978e+06,4735
2,unpaced_b1_smt,1,total,5.67978e+06,5.78901e+06,2979
2,unpaced_b1_smt,1,total,5.78901e+06,5.89824e+06,2162
2,unpaced_b1_smt,1,total,5.89824e+06,6.00746e+06,2135
2,unpaced_b1_smt,1,total,6.00746e+06,6.11669e+06,3468
2,unpaced_b1_smt,1,total,6.11669e+06,6.22592e+06,40156
2,unpaced_b1_smt,1,total,6.22592e+06,6.33514e+06,29557
2,unpaced_b1_smt,1,total,6.33514e+06,6.44437e+06,6166
2,unpaced_b1_smt,1,total,6.44437e+06,6.5536e+06,4911
2,unpaced_b1_smt,1,total,6.5536e+06,6.66282e+06,8105
2,unpaced_b1_smt,1,total,6.66282e+06,6.77205e+06,8083
2,unpaced_b1_smt,1,total,6.77205e+06,6.88128e+06,1867
2,unpaced_b1_smt,1,total,6.88128e+06,6.9905e+06,320
2,unpaced_b1_smt,1,total,6.9905e+06,7.20896e+06,3990
2,unpaced_b1_smt,1,total,7.20896e+06,7.42741e+06,12079
2,unpaced_b1_smt,1,queue,253.333,260,1
2,unpaced_b1_smt,1,queue,653.333,666.666,1
2,unpaced_b1_smt,1,queue,906.666,933.333,1
2,unpaced_b1_smt,1,queue,1066.67,1093.33,1
2,unpaced_b1_smt,1,queue,1120,1146.67,1
2,unpaced_b1_smt,1,queue,1146.67,1173.33,2
2,unpaced_b1_smt,1,queue,1226.67,1253.33,1
2,unpaced_b1_smt,1,queue,1333.33,1360,1
2,unpaced_b1_smt,1,queue,1386.67,1413.33,1
2,unpaced_b1_smt,1,queue,1440,1466.67,1
2,unpaced_b1_smt,1,queue,1520,1546.67,1
2,unpaced_b1_smt,1,queue,1546.67,1573.33,1
2,unpaced_b1_smt,1,queue,1653.33,1680,1
2,unpaced_b1_smt,1,queue,1760,1813.33,2
2,unpaced_b1_smt,1,queue,1813.33,1866.67,3
2,unpaced_b1_smt,1,queue,1866.67,1920,2
2,unpaced_b1_smt,1,queue,1920,1973.33,1
2,unpaced_b1_smt,1,queue,2026.67,2080,1
2,unpaced_b1_smt,1,queue,2080,2133.33,2
2,unpaced_b1_smt,1,queue,2133.33,2186.67,1
2,unpaced_b1_smt,1,queue,2186.67,2240,2
2,unpaced_b1_smt,1,queue,2240,2293.33,1
2,unpaced_b1_smt,1,queue,2293.33,2346.67,2
2,unpaced_b1_smt,1,queue,2346.67,2400,2
2,unpaced_b1_smt,1,queue,2400,2453.33,1
2,unpaced_b1_smt,1,queue,2453.33,2506.67,2
2,unpaced_b1_smt,1,queue,2506.67,2560,1
2,unpaced_b1_smt,1,queue,2560,2613.33,2
2,unpaced_b1_smt,1,queue,2613.33,2666.67,2
2,unpaced_b1_smt,1,queue,2666.67,2720,1
2,unpaced_b1_smt,1,queue,2720,2773.33,2
2,unpaced_b1_smt,1,queue,2773.33,2826.67,2
2,unpaced_b1_smt,1,queue,2826.67,2880,1
2,unpaced_b1_smt,1,queue,2880,2933.33,2
2,unpaced_b1_smt,1,queue,2933.33,2986.67,2
2,unpaced_b1_smt,1,queue,2986.67,3040,2
2,unpaced_b1_smt,1,queue,3093.33,3146.67,1
2,unpaced_b1_smt,1,queue,3200,3253.33,1
2,unpaced_b1_smt,1,queue,3253.33,3306.67,1
2,unpaced_b1_smt,1,queue,3306.67,3360,2
2,unpaced_b1_smt,1,queue,3360,3413.33,2
2,unpaced_b1_smt,1,queue,3413.33,3520,3
2,unpaced_b1_smt,1,queue,3520,3626.67,4
2,unpaced_b1_smt,1,queue,3626.67,3733.33,4
2,unpaced_b1_smt,1,queue,3733.33,3840,4
2,unpaced_b1_smt,1,queue,3840,3946.67,3
2,unpaced_b1_smt,1,queue,3946.67,4053.33,6
2,unpaced_b1_smt,1,queue,4053.33,4160,4
2,unpaced_b1_smt,1,queue,4160,4266.67,4
2,unpaced_b1_smt,1,queue,4266.67,4373.33,4
2,unpaced_b1_smt,1,queue,4373.33,4480,4
2,unpaced_b1_smt,1,queue,4480,4586.67,5
2,unpaced_b1_smt,1,queue,4586.67,4693.33,4
2,unpaced_b1_smt,1,queue,4693.33,4800,3
2,unpaced_b1_smt,1,queue,4800,4906.66,5
2,unpaced_b1_smt,1,queue,4906.66,5013.33,4
2,unpaced_b1_smt,1,queue,5013.33,5120,4
2,unpaced_b1_smt,1,queue,5120,5226.66,4
2,unpaced_b1_smt,1,queue,5226.66,5333.33,4
2,unpaced_b1_smt,1,queue,5333.33,5440,4
2,unpaced_b1_smt,1,queue,5440,5546.66,4
2,unpaced_b1_smt,1,queue,5546.66,5653.33,4
2,unpaced_b1_smt,1,queue,5653.33,5760,3
2,unpaced_b1_smt,1,queue,5760,5866.66,3
2,unpaced_b1_smt,1,queue,5866.66,5973.33,4
2,unpaced_b1_smt,1,queue,5973.33,6080,4
2,unpaced_b1_smt,1,queue,6080,6186.66,4
2,unpaced_b1_smt,1,queue,6186.66,6293.33,5
2,unpaced_b1_smt,1,queue,6293.33,6400,3
2,unpaced_b1_smt,1,queue,6400,6506.66,6
2,unpaced_b1_smt,1,queue,6506.66,6613.33,5
2,unpaced_b1_smt,1,queue,6613.33,6720,4
2,unpaced_b1_smt,1,queue,6720,6826.66,5
2,unpaced_b1_smt,1,queue,6826.66,7040,8
2,unpaced_b1_smt,1,queue,7040,7253.33,7
2,unpaced_b1_smt,1,queue,7253.33,7466.66,8
2,unpaced_b1_smt,1,queue,7466.66,7680,9
2,unpaced_b1_smt,1,queue,7680,7893.33,8
2,unpaced_b1_smt,1,queue,7893.33,8106.66,7
2,unpaced_b1_smt,1,queue,8106.66,8320,8
2,unpaced_b1_smt,1,queue,8320,8533.33,8
2,unpaced_b1_smt,1,queue,8533.33,8746.66,12
2,unpaced_b1_smt,1,queue,8746.66,8960,10
2,unpaced_b1_smt,1,queue,8960,9173.33,8
2,unpaced_b1_smt,1,queue,9173.33,9386.66,8
2,unpaced_b1_smt,1,queue,9386.66,9600,8
2,unpaced_b1_smt,1,queue,9600,9813.33,9
2,unpaced_b1_smt,1,queue,9813.33,10026.7,8
2,unpaced_b1_smt,1,queue,10026.7,10240,7
2,unpaced_b1_smt,1,queue,10240,10453.3,7
2,unpaced_b1_smt,1,queue,10453.3,10666.7,9
2,unpaced_b1_smt,1,queue,10666.7,10880,8
2,unpaced_b1_smt,1,queue,10880,11093.3,12
2,unpaced_b1_smt,1,queue,11093.3,11306.7,9
2,unpaced_b1_smt,1,queue,11306.7,11520,7
2,unpaced_b1_smt,1,queue,11520,11733.3,9
2,unpaced_b1_smt,1,queue,11733.3,11946.7,8
2,unpaced_b1_smt,1,queue,11946.7,12160,8
2,unpaced_b1_smt,1,queue,12160,12373.3,9
2,unpaced_b1_smt,1,queue,12373.3,12586.7,9
2,unpaced_b1_smt,1,queue,12586.7,12800,7
2,unpaced_b1_smt,1,queue,12800,13013.3,9
2,unpaced_b1_smt,1,queue,13013.3,13226.7,11
2,unpaced_b1_smt,1,queue,13226.7,13440,7
2,unpaced_b1_smt,1,queue,13440,13653.3,11
2,unpaced_b1_smt,1,queue,13653.3,14080,17
2,unpaced_b1_smt,1,queue,14080,14506.7,16
2,unpaced_b1_smt,1,queue,14506.7,14933.3,21
2,unpaced_b1_smt,1,queue,14933.3,15360,20
2,unpaced_b1_smt,1,queue,15360,15786.7,15
2,unpaced_b1_smt,1,queue,15786.7,16213.3,17
2,unpaced_b1_smt,1,queue,16213.3,16640,18
2,unpaced_b1_smt,1,queue,16640,17066.7,20
2,unpaced_b1_smt,1,queue,17066.7,17493.3,17
2,unpaced_b1_smt,1,queue,17493.3,17920,17
2,unpaced_b1_smt,1,queue,17920,18346.7,19
2,unpaced_b1_smt,1,queue,18346.7,18773.3,15
2,unpaced_b1_smt,1,queue,18773.3,19200,17
2,unpaced_b1_smt,1,queue,19200,19626.7,20
2,unpaced_b1_smt,1,queue,19626.7,20053.3,18
2,unpaced_b1_smt,1,queue,20053.3,20480,16
2,unpaced_b1_smt,1,queue,20480,20906.7,17
2,unpaced_b1_smt,1,queue,20906.7,21333.3,16
2,unpaced_b1_smt,1,queue,21333.3,21760,19
2,unpaced_b1_smt,1,queue,21760,22186.7,18
2,unpaced_b1_smt,1,queue,22186.7,22613.3,17
2,unpaced_b1_smt,1,queue,22613.3,23040,18
2,unpaced_b1_smt,1,queue,23040,23466.7,20
2,unpaced_b1_smt,1,queue,23466.7,23893.3,22
2,unpaced_b1_smt,1,queue,23893.3,24320,19
2,unpaced_b1_smt,1,queue,24320,24746.7,20
2,unpaced_b1_smt,1,queue,24746.7,25173.3,18
2,unpaced_b1_smt,1,queue,25173.3,25600,16
2,unpaced_b1_smt,1,queue,25600,26026.7,20
2,unpaced_b1_smt,1,queue,26026.7,26453.3,18
2,unpaced_b1_smt,1,queue,26453.3,26880,18
2,unpaced_b1_smt,1,queue,26880,27306.7,18
2,unpaced_b1_smt,1,queue,27306.7,28160,39
2,unpaced_b1_smt,1,queue,28160,29013.3,37
2,unpaced_b1_smt,1,queue,29013.3,29866.7,34
2,unpaced_b1_smt,1,queue,29866.7,30720,38
2,unpaced_b1_smt,1,queue,30720,31573.3,36
2,unpaced_b1_smt,1,queue,31573.3,32426.7,46
2,unpaced_b1_smt,1,queue,32426.7,33280,35
2,unpaced_b1_smt,1,queue,33280,34133.3,40
2,unpaced_b1_smt,1,queue,34133.3,34986.7,38
2,unpaced_b1_smt,1,queue,34986.7,35840,40
2,unpaced_b1_smt,1,queue,35840,36693.3,39
2,unpaced_b1_smt,1,queue,36693.3,37546.7,36
2,unpaced_b1_smt,1,queue,37546.7,38400,39
2,unpaced_b1_smt,1,queue,38400,39253.3,36
2,unpaced_b1_smt,1,queue,39253.3,40106.7,32
2,unpaced_b1_smt,1,queue,40106.7,40960,41
2,unpaced_b1_smt,1,queue,40960,41813.3,45
2,unpaced_b1_smt,1,queue,41813.3,42666.7,41
2,unpaced_b1_smt,1,queue,42666.7,43520,33
2,unpaced_b1_smt,1,queue,43520,44373.3,35
2,unpaced_b1_smt,1,queue,44373.3,45226.7,40
2,unpaced_b1_smt,1,queue,45226.7,46080,34
2,unpaced_b1_smt,1,queue,46080,46933.3,39
2,unpaced_b1_smt,1,queue,46933.3,47786.7,38
2,unpaced_b1_smt,1,queue,47786.7,48640,36
2,unpaced_b1_smt,1,queue,48640,49493.3,41
2,unpaced_b1_smt,1,queue,49493.3,50346.6,36
2,unpaced_b1_smt,1,queue,50346.6,51200,38
2,unpaced_b1_smt,1,queue,51200,52053.3,36
2,unpaced_b1_smt,1,queue,52053.3,52906.6,35
2,unpaced_b1_smt,1,queue,52906.6,53760,38
2,unpaced_b1_smt,1,queue,53760,54613.3,39
2,unpaced_b1_smt,1,queue,54613.3,56320,75
2,unpaced_b1_smt,1,queue,56320,58026.6,74
2,unpaced_b1_smt,1,queue,58026.6,59733.3,77
2,unpaced_b1_smt,1,queue,59733.3,61440,76
2,unpaced_b1_smt,1,queue,61440,63146.6,86
2,unpaced_b1_smt,1,queue,63146.6,64853.3,74
2,unpaced_b1_smt,1,queue,64853.3,66560,75
2,unpaced_b1_smt,1,queue,66560,68266.6,75
2,unpaced_b1_smt,1,queue,68266.6,69973.3,71
2,unpaced_b1_smt,1,queue,69973.3,71680,75
2,unpaced_b1_smt,1,queue,71680,73386.6,77
2,unpaced_b1_smt,1,queue,73386.6,75093.3,77
2,unpaced_b1_smt,1,queue,75093.3,76800,75
2,unpaced_b1_smt,1,queue,76800,78506.6,70
2,unpaced_b1_smt,1,queue,78506.6,80213.3,72
2,unpaced_b1_smt,1,queue,80213.3,81920,70
2,unpaced_b1_smt,1,queue,81920,83626.6,79
2,unpaced_b1_smt,1,queue,83626.6,85333.3,71
2,unpaced_b1_smt,1,queue,85333.3,87040,71
2,unpaced_b1_smt,1,queue,87040,88746.6,71
2,unpaced_b1_smt,1,queue,88746.6,90453.3,72
2,unpaced_b1_smt,1,queue,90453.3,92160,71
2,unpaced_b1_smt,1,queue,92160,93866.6,69
2,unpaced_b1_smt,1,queue,93866.6,95573.3,72
2,unpaced_b1_smt,1,queue,95573.3,97280,70
2,unpaced_b1_smt,1,queue,97280,98986.6,72
2,unpaced_b1_smt,1,queue,98986.6,100693,72
2,unpaced_b1_smt,1,queue,100693,102400,71
2,unpaced_b1_smt,1,queue,102400,104107,72
2,unpaced_b1_smt,1,queue,104107,105813,72
2,unpaced_b1_smt,1,queue,105813,107520,70
2,unpaced_b1_smt,1,queue,107520,109227,72
2,unpaced_b1_smt,1,queue,109227,112640,142
2,unpaced_b1_smt,1,queue,112640,116053,141
2,unpaced_b1_smt,1,queue,116053,119467,147
2,unpaced_b1_smt,1,queue,119467,122880,142
2,unpaced_b1_smt,1,queue,122880,126293,143
2,unpaced_b1_smt,1,queue,126293,129707,136
2,unpaced_b1_smt,1,queue,129707,133120,136
2,unpaced_b1_smt,1,queue,133120,136533,138
2,unpaced_b1_smt,1,queue,136533,139947,140
2,unpaced_b1_smt,1,queue,139947,143360,135
2,unpaced_b1_smt,1,queue,143360,146773,135
2,unpaced_b1_smt,1,queue,146773,150187,136
2,unpaced_b1_smt,1,queue,150187,153600,143
2,unpaced_b1_smt,1,queue,153600,157013,135
2,unpaced_b1_smt,1,queue,157013,160427,131
2,unpaced_b1_smt,1,queue,160427,163840,134
2,unpaced_b1_smt,1,queue,163840,167253,140
2,unpaced_b1_smt,1,queue,167253,170667,141
2,unpaced_b1_smt,1,queue,170667,174080,136
2,unpaced_b1_smt,1,queue,174080,177493,141
2,unpaced_b1_smt,1,queue,177493,180907,138
2,unpaced_b1_smt,1,queue,180907,184320,143
2,unpaced_b1_smt,1,queue,184320,187733,138
2,unpaced_b1_smt,1,queue,187733,191147,139
2,unpaced_b1_smt,1,queue,191147,194560,138
2,unpaced_b1_smt,1,queue,194560,197973,144
2,unpaced_b1_smt,1,queue,197973,201387,136
2,unpaced_b1_smt,1,queue,201387,204800,137
2,unpaced_b1_smt,1,queue,204800,208213,143
2,unpaced_b1_smt,1,queue,208213,211627,116
2,unpaced_b1_smt,1,queue,211627,215040,138
2,unpaced_b1_smt,1,queue,215040,218453,134
2,unpaced_b1_smt,1,queue,218453,225280,272
2,unpaced_b1_smt,1,queue,225280,232107,291
2,unpaced_b1_smt,1,queue,232107,238933,293
2,unpaced_b1_smt,1,queue,238933,245760,39
2,unpaced_b1_smt,1,queue,245760,252587,39
2,unpaced_b1_smt,1,queue,252587,259413,39
2,unpaced_b1_smt,1,queue,259413,266240,37
2,unpaced_b1_smt,1,queue,266240,273067,32
2,unpaced_b1_smt,1,queue,273067,279893,31
2,unpaced_b1_smt,1,queue,279893,286720,27
2,unpaced_b1_smt,1,queue,286720,293547,25
2,unpaced_b1_smt,1,queue,293547,300373,27
2,unpaced_b1_smt,1,queue,300373,307200,28
2,unpaced_b1_smt,1,queue,307200,314027,32
2,unpaced_b1_smt,1,queue,314027,320853,38
2,unpaced_b1_smt,1,queue,320853,327680,32
2,unpaced_b1_smt,1,queue,327680,334507,35
2,unpaced_b1_smt,1,queue,334507,341333,37
2,unpaced_b1_smt,1,queue,341333,348160,36
2,unpaced_b1_smt,1,queue,348160,354987,29
2,unpaced_b1_smt,1,queue,354987,361813,41
2,unpaced_b1_smt,1,queue,361813,368640,43
2,unpaced_b1_smt,1,queue,368640,375467,39
2,unpaced_b1_smt,1,queue,375467,382293,39
2,unpaced_b1_smt,1,queue,382293,389120,33
2,unpaced_b1_smt,1,queue,389120,395947,36
2,unpaced_b1_smt,1,queue,395947,402773,39
2,unpaced_b1_smt,1,queue,402773,409600,35
2,unpaced_b1_smt,1,queue,409600,416427,34
2,unpaced_b1_smt,1,queue,416427,423253,41
2,unpaced_b1_smt,1,queue,423253,430080,46
2,unpaced_b1_smt,1,queue,430080,436907,51
2,unpaced_b1_smt,1,queue,436907,450560,76
2,unpaced_b1_smt,1,queue,450560,464213,73
2,unpaced_b1_smt,1,queue,464213,477867,64
2,unpaced_b1_smt,1,queue,477867,491520,83
2,unpaced_b1_smt,1,queue,491520,505173,73
2,unpaced_b1_smt,1,queue,505173,518826,91
2,unpaced_b1_smt,1,queue,518826,532480,98
2,unpaced_b1_smt,1,queue,532480,546133,88
2,unpaced_b1_smt,1,queue,546133,559786,72
2,unpaced_b1_smt,1,queue,559786,573440,102
2,unpaced_b1_smt,1,queue,573440,587093,107
2,unpaced_b1_smt,1,queue,587093,600746,90
2,unpaced_b1_smt,1,queue,600746,614400,79
2,unpaced_b1_smt,1,queue,614400,628053,106
2,unpaced_b1_smt,1,queue,628053,641706,101
2,unpaced_b1_smt,1,queue,641706,655360,102
2,unpaced_b1_smt,1,queue,655360,669013,99
2,unpaced_b1_smt,1,queue,682666,696320,40
2,unpaced_b1_smt,1,queue,696320,709973,96
2,unpaced_b1_smt,1,queue,709973,723626,110
2,unpaced_b1_smt,1,queue,723626,737280,92
2,unpaced_b1_smt,1,queue,737280,750933,111
2,unpaced_b1_smt,1,queue,750933,764586,119
2,unpaced_b1_smt,1,queue,764586,778240,84
2,unpaced_b1_smt,1,queue,778240,791893,110
2,unpaced_b1_smt,1,queue,791893,805546,108
2,unpaced_b1_smt,1,queue,805546,819200,96
2,unpaced_b1_smt,1,queue,819200,832853,95
2,unpaced_b1_smt,1,queue,832853,846506,106
2,unpaced_b1_smt,1,queue,846506,860160,101
2,unpaced_b1_smt,1,queue,860160,873813,97
2,unpaced_b1_smt,1,queue,873813,901120,196
2,unpaced_b1_smt,1,queue,901120,928426,183
2,unpaced_b1_smt,1,queue,928426,955733,204
2,unpaced_b1_smt,1,queue,955733,983040,176
2,unpaced_b1_smt,1,queue,983040,1.01035e+06,192
2,unpaced_b1_smt,1,queue,1.01035e+06,1.03765e+06,182
2,unpaced_b1_smt,1,queue,1.03765e+06,1.06496e+06,228
2,unpaced_b1_smt,1,queue,1.06496e+06,1.09227e+06,203
2,unpaced_b1_smt,1,queue,1.09227e+06,1.11957e+06,169
2,unpaced_b1_smt,1,queue,1.11957e+06,1.14688e+06,397
2,unpaced_b1_smt,1,queue,1.14688e+06,1.17419e+06,219
2,unpaced_b1_smt,1,queue,1.17419e+06,1.20149e+06,224
2,unpaced_b1_smt,1,queue,1.20149e+06,1.2288e+06,220
2,unpaced_b1_smt,1,queue,1.2288e+06,1.25611e+06,214
2,unpaced_b1_smt,1,queue,1.25611e+06,1.28341e+06,244
2,unpaced_b1_smt,1,queue,1.28341e+06,1.31072e+06,229
2,unpaced_b1_smt,1,queue,1.31072e+06,1.33803e+06,236
2,unpaced_b1_smt,1,queue,1.33803e+06,1.36533e+06,263
2,unpaced_b1_smt,1,queue,1.36533e+06,1.39264e+06,225
2,unpaced_b1_smt,1,queue,1.39264e+06,1.41995e+06,234
2,unpaced_b1_smt,1,queue,1.41995e+06,1.44725e+06,112
2,unpaced_b1_smt,1,queue,1.44725e+06,1.47456e+06,217
2,unpaced_b1_smt,1,queue,1.47456e+06,1.50187e+06,211
2,unpaced_b1_smt,1,queue,1.50187e+06,1.52917e+06,188
2,unpaced_b1_smt,1,queue,1.52917e+06,1.55648e+06,211
2,unpaced_b1_smt,1,queue,1.55648e+06,1.58379e+06,207
2,unpaced_b1_smt,1,queue,1.58379e+06,1.61109e+06,232
2,unpaced_b1_smt,1,queue,1.61109e+06,1.6384e+06,206
2,unpaced_b1_smt,1,queue,1.6384e+06,1.66571e+06,215
2,unpaced_b1_smt,1,queue,1.66571e+06,1.69301e+06,194
2,unpaced_b1_smt,1,queue,1.69301e+06,1.72032e+06,240
2,unpaced_b1_smt,1,queue,1.72032e+06,1.74763e+06,221
2,unpaced_b1_smt,1,queue,1.74763e+06,1.80224e+06,443
2,unpaced_b1_smt,1,queue,1.80224e+06,1.85685e+06,422
2,unpaced_b1_smt,1,queue,1.85685e+06,1.91147e+06,485
2,unpaced_b1_smt,1,queue,1.91147e+06,1.96608e+06,426
2,unpaced_b1_smt,1,queue,1.96608e+06,2.02069e+06,340
2,unpaced_b1_smt,1,queue,2.02069e+06,2.07531e+06,391
2,unpaced_b1_smt,1,queue,2.07531e+06,2.12992e+06,432
2,unpaced_b1_smt,1,queue,2.12992e+06,2.18453e+06,378
2,unpaced_b1_smt,1,queue,2.18453e+06,2.23915e+06,338
2,unpaced_b1_smt,1,queue,2.23915e+06,2.29376e+06,471
2,unpaced_b1_smt,1,queue,2.29376e+06,2.34837e+06,460
2,unpaced_b1_smt,1,queue,2.34837e+06,2.40299e+06,421
2,unpaced_b1_smt,1,queue,2.40299e+06,2.4576e+06,483
2,unpaced_b1_smt,1,queue,2.4576e+06,2.51221e+06,1394
2,unpaced_b1_smt,1,queue,2.51221e+06,2.56683e+06,103404
2,unpaced_b1_smt,1,queue,2.56683e+06,2.62144e+06,909382
2,unpaced_b1_smt,1,queue,2.62144e+06,2.67605e+06,1250208
2,unpaced_b1_smt,1,queue,2.67605e+06,2.73067e+06,891439
2,unpaced_b1_smt,1,queue,2.73067e+06,2.78528e+06,343126
2,unpaced_b1_smt,1,queue,2.78528e+06,2.83989e+06,214232
2,unpaced_b1_smt,1,queue,2.83989e+06,2.89451e+06,250310
2,unpaced_b1_smt,1,queue,2.89451e+06,2.94912e+06,118877
2,unpaced_b1_smt,1,queue,2.94912e+06,3.00373e+06,86584
2,unpaced_b1_smt,1,queue,3.00373e+06,3.05835e+06,71222
2,unpaced_b1_smt,1,queue,3.05835e+06,3.11296e+06,46113
2,unpaced_b1_smt,1,queue,3.11296e+06,3.16757e+06,41553
2,unpaced_b1_smt,1,queue,3.16757e+06,3.22219e+06,45715
2,unpaced_b1_smt,1,queue,3.22219e+06,3.2768e+06,52084
2,unpaced_b1_smt,1,queue,3.2768e+06,3.33141e+06,51790
2,unpaced_b1_smt,1,queue,3.33141e+06,3.38603e+06,49031
2,unpaced_b1_smt,1,queue,3.38603e+06,3.44064e+06,67036
2,unpaced_b1_smt,1,queue,3.44064e+06,3.49525e+06,120918
2,unpaced_b1_smt,1,queue,3.49525e+06,3.60448e+06,1437212
2,unpaced_b1_smt,1,queue,3.60448e+06,3.71371e+06,6644116
2,unpaced_b1_smt,1,queue,3.71371e+06,3.82293e+06,16392517
2,unpaced_b1_smt,1,queue,3.82293e+06,3.93216e+06,26604954
2,unpaced_b1_smt,1,queue,3.93216e+06,4.04139e+06,29989169
2,unpaced_b1_smt,1,queue,4.04139e+06,4.15061e+06,21885081
2,unpaced_b1_smt,1,queue,4.15061e+06,4.25984e+06,13053965
2,unpaced_b1_smt,1,queue,4.25984e+06,4.36907e+06,6475881
2,unpaced_b1_smt,1,queue,4.36907e+06,4.47829e+06,2838961
2,unpaced_b1_smt,1,queue,4.47829e+06,4.58752e+06,1131672
2,unpaced_b1_smt,1,queue,4.58752e+06,4.69675e+06,633914
2,unpaced_b1_smt,1,queue,4.69675e+06,4.80597e+06,333065
2,unpaced_b1_smt,1,queue,4.80597e+06,4.9152e+06,113302
2,unpaced_b1_smt,1,queue,4.9152e+06,5.02442e+06,86580
2,unpaced_b1_smt,1,queue,5.02442e+06,5.13365e+06,62173
2,unpaced_b1_smt,1,queue,5.13365e+06,5.24288e+06,44400
2,unpaced_b1_smt,1,queue,5.24288e+06,5.3521e+06,44082
2,unpaced_b1_smt,1,queue,5.3521e+06,5.46133e+06,13585
2,unpaced_b1_smt,1,queue,5.46133e+06,5.57056e+06,3630
2,unpaced_b1_smt,1,queue,5.57056e+06,5.67978e+06,4748
2,unpaced_b1_smt,1,queue,5.67978e+06,5.78901e+06,2965
2,unpaced_b1_smt,1,queue,5.78901e+06,5.89824e+06,2169
2,unpaced_b1_smt,1,queue,5.89824e+06,6.00746e+06,2126
2,unpaced_b1_smt,1,queue,6.00746e+06,6.11669e+06,3493
2,unpaced_b1_smt,1,queue,6.11669e+06,6.22592e+06,40211
2,unpaced_b1_smt,1,queue,6.22592e+06,6.33514e+06,29496
2,unpaced_b1_smt,1,queue,6.33514e+06,6.44437e+06,6150
2,unpaced_b1_smt,1,queue,6.44437e+06,6.5536e+06,4918
2,unpaced_b1_smt,1,queue,6.5536e+06,6.66282e+06,8105
2,unpaced_b1_smt,1,queue,6.66282e+06,6.77205e+06,8079
2,unpaced_b1_smt,1,queue,6.77205e+06,6.88128e+06,1857
2,unpaced_b1_smt,1,queue,6.88128e+06,6.9905e+06,320
2,unpaced_b1_smt,1,queue,6.9905e+06,7.20896e+06,3991
2,unpaced_b1_smt,1,queue,7.20896e+06,7.42741e+06,12077
2,unpaced_b1_smt,1,book,16.6667,17.0833,4
2,unpaced_b1_smt,1,book,17.5,17.9167,11
2,unpaced_b1_smt,1,book,18.3333,18.75,45
2,unpaced_b1_smt,1,book,19.1667,19.5833,141
2,unpaced_b1_smt,1,book,20,20.4167,281
2,unpaced_b1_smt,1,book,20.8333,21.25,195
2,unpaced_b1_smt,1,book,21.6667,22.0833,282
2,unpaced_b1_smt,1,book,22.5,22.9167,675
2,unpaced_b1_smt,1,book,23.3333,23.75,1347
2,unpaced_b1_smt,1,book,24.1667,24.5833,3586
2,unpaced_b1_smt,1,book,25,25.4167,9219
2,unpaced_b1_smt,1,book,25.8333,26.25,19551
2,unpaced_b1_smt,1,book,26.6667,27.5,48303
2,unpaced_b1_smt,1,book,27.5,28.3333,95400
2,unpaced_b1_smt,1,book,28.3333,29.1667,176353
2,unpaced_b1_smt,1,book,29.1667,30,286473
2,unpaced_b1_smt,1,book,30,30.8333,379847
2,unpaced_b1_smt,1,book,30.8333,31.6667,484749
2,unpaced_b1_smt,1,book,31.6667,32.5,536267
2,unpaced_b1_smt,1,book,32.5,33.3333,587404
2,unpaced_b1_smt,1,book,33.3333,34.1667,611189
2,unpaced_b1_smt,1,book,34.1667,35,560963
2,unpaced_b1_smt,1,book,35,35.8333,610247
2,unpaced_b1_smt,1,book,35.8333,36.6667,597472
2,unpaced_b1_smt,1,book,36.6667,37.5,523011
2,unpaced_b1_smt,1,book,37.5,38.3333,482230
2,unpaced_b1_smt,1,book,38.3333,39.1667,330281
2,unpaced_b1_smt,1,book,39.1667,40,244188
2,unpaced_b1_smt,1,book,40,40.8333,232985
2,unpaced_b1_smt,1,book,40.8333,41.6667,187504
2,unpaced_b1_smt,1,book,41.6667,42.5,215050
2,unpaced_b1_smt,1,book,42.5,43.3333,288313
2,unpaced_b1_smt,1,book,43.3333,44.1667,359530
2,unpaced_b1_smt,1,book,44.1667,45,520967
2,unpaced_b1_smt,1,book,45,45.8333,674218
2,unpaced_b1_smt,1,book,45.8333,46.6667,744881
2,unpaced_b1_smt,1,book,46.6667,47.5,893798
2,unpaced_b1_smt,1,book,47.5,48.3333,874957
2,unpaced_b1_smt,1,book,48.3333,49.1666,815106
2,unpaced_b1_smt,1,book,49.1666,50,749137
2,unpaced_b1_smt,1,book,50,50.8333,642834
2,unpaced_b1_smt,1,book,50.8333,51.6666,519807
2,unpaced_b1_smt,1,book,51.6666,52.5,411154
2,unpaced_b1_smt,1,book,52.5,53.3333,354332
2,unpaced_b1_smt,1,book,53.3333,55,584662
2,unpaced_b1_smt,1,book,55,56.6666,592378
2,unpaced_b1_smt,1,book,56.6666,58.3333,650307
2,unpaced_b1_smt,1,book,58.3333,60,713915
2,unpaced_b1_smt,1,book,60,61.6666,830394
2,unpaced_b1_smt,1,book,61.6666,63.3333,864417
2,unpaced_b1_smt,1,book,63.3333,65,847664
2,unpaced_b1_smt,1,book,65,66.6666,876506
2,unpaced_b1_smt,1,book,66.6666,68.3333,919643
2,unpaced_b1_smt,1,book,68.3333,70,899556
2,unpaced_b1_smt,1,book,70,71.6666,904897
2,unpaced_b1_smt,1,book,71.6666,73.3333,876657
2,unpaced_b1_smt,1,book,73.3333,75,865386
2,unpaced_b1_smt,1,book,75,76.6666,885171
2,unpaced_b1_smt,1,book,76.6666,78.3333,877206
2,unpaced_b1_smt,1,book,78.3333,80,834382
2,unpaced_b1_smt,1,book,80,81.6666,862360
2,unpaced_b1_smt,1,book,81.6666,83.3333,813483
2,unpaced_b1_smt,1,book,83.3333,85,726065
2,unpaced_b1_smt,1,book,85,86.6666,683733
2,unpaced_b1_smt,1,book,86.6666,88.3333,654954
2,unpaced_b1_smt,1,book,88.3333,90,600786
2,unpaced_b1_smt,1,book,90,91.6666,572544
2,unpaced_b1_smt,1,book,91.6666,93.3333,528583
2,unpaced_b1_smt,1,book,93.3333,95,493442
2,unpaced_b1_smt,1,book,95,96.6666,469082
2,unpaced_b1_smt,1,book,96.6666,98.3333,427627
2,unpaced_b1_smt,1,book,98.3333,100,381244
2,unpaced_b1_smt,1,book,100,101.667,374080
2,unpaced_b1_smt,1,book,101.667,103.333,351544
2,unpaced_b1_smt,1,book,103.333,105,318402
2,unpaced_b1_smt,1,book,105,106.667,305552
2,unpaced_b1_smt,1,book,106.667,110,572117
2,unpaced_b1_smt,1,book,110,113.333,504189
2,unpaced_b1_smt,1,book,113.333,116.667,453303
2,unpaced_b1_smt,1,book,116.667,120,396373
2,unpaced_b1_smt,1,book,120,123.333,370520
2,unpaced_b1_smt,1,book,123.333,126.667,316769
2,unpaced_b1_smt,1,book,126.667,130,287869
2,unpaced_b1_smt,1,book,130,133.333,294316
2,unpaced_b1_smt,1,book,133.333,136.667,449522
2,unpaced_b1_smt,1,book,136.667,140,755649
2,unpaced_b1_smt,1,book,140,143.333,1103401
2,unpaced_b1_smt,1,book,143.333,146.667,1260328
2,unpaced_b1_smt,1,book,146.667,150,1707330
2,unpaced_b1_smt,1,book,150,153.333,2503398
2,unpaced_b1_smt,1,book,153.333,156.667,3096090
2,unpaced_b1_smt,1,book,156.667,160,3019437
2,unpaced_b1_smt,1,book,160,163.333,3284137
2,unpaced_b1_smt,1,book,163.333,166.667,3671359
2,unpaced_b1_smt,1,book,166.667,170,3860193
2,unpaced_b1_smt,1,book,170,173.333,3425963
2,unpaced_b1_smt,1,book,173.333,176.667,3164873
2,unpaced_b1_smt,1,book,176.667,180,3019335
2,unpaced_b1_smt,1,book,180,183.333,2907150
2,unpaced_b1_smt,1,book,183.333,186.667,2511222
2,unpaced_b1_smt,1,book,186.667,190,2345299
2,unpaced_b1_smt,1,book,190,193.333,2154190
2,unpaced_b1_smt,1,book,193.333,196.667,2016256
2,unpaced_b1_smt,1,book,196.667,200,1842565
2,unpaced_b1_smt,1,book,200,203.333,1783768
2,unpaced_b1_smt,1,book,203.333,206.667,1593909
2,unpaced_b1_smt,1,book,206.667,210,1496924
2,unpaced_b1_smt,1,book,210,213.333,1366408
2,unpaced_b1_smt,1,book,213.333,220,2426181
2,unpaced_b1_smt,1,book,220,226.667,2103216
2,unpaced_b1_smt,1,book,226.667,233.333,1845344
2,unpaced_b1_smt,1,book,233.333,240,1631539
2,unpaced_b1_smt,1,book,240,246.667,1476141
2,unpaced_b1_smt,1,book,246.667,253.333,1335675
2,unpaced_b1_smt,1,book,253.333,260,1215167
2,unpaced_b1_smt,1,book,260,266.667,1131148
2,unpaced_b1_smt,1,book,266.667,273.333,1053482
2,unpaced_b1_smt,1,book,273.333,280,997674
2,unpaced_b1_smt,1,book,280,286.667,967681
2,unpaced_b1_smt,1,book,286.667,293.333,935884
2,unpaced_b1_smt,1,book,293.333,300,906675
2,unpaced_b1_smt,1,book,300,306.667,898278
2,unpaced_b1_smt,1,book,306.667,313.333,882100
2,unpaced_b1_smt,1,book,313.333,320,866399
2,unpaced_b1_smt,1,book,320,326.667,853878
2,unpaced_b1_smt,1,book,326.667,333.333,825977
2,unpaced_b1_smt,1,book,333.333,340,798454
2,unpaced_b1_smt,1,book,340,346.667,779055
2,unpaced_b1_smt,1,book,346.667,353.333,755481
2,unpaced_b1_smt,1,book,353.333,360,723297
2,unpaced_b1_smt,1,book,360,366.667,698274
2,unpaced_b1_smt,1,book,366.667,373.333,665509
2,unpaced_b1_smt,1,book,373.333,380,625898
2,unpaced_b1_smt,1,book,380,386.667,602485
2,unpaced_b1_smt,1,book,386.667,393.333,572616
2,unpaced_b1_smt,1,book,393.333,400,542937
2,unpaced_b1_smt,1,book,400,406.667,524916
2,unpaced_b1_smt,1,book,406.667,413.333,494505
2,unpaced_b1_smt,1,book,413.333,420,467866
2,unpaced_b1_smt,1,book,420,426.667,443303
2,unpaced_b1_smt,1,book,426.667,440,839200
2,unpaced_b1_smt,1,book,440,453.333,773744
2,unpaced_b1_smt,1,book,453.333,466.667,666960
2,unpaced_b1_smt,1,book,466.667,480,564161
2,unpaced_b1_smt,1,book,480,493.333,487066
2,unpaced_b1_smt,1,book,493.333,506.666,419987
2,unpaced_b1_smt,1,book,506.666,520,369459
2,unpaced_b1_smt,1,book,520,533.333,329467
2,unpaced_b1_smt,1,book,533.333,546.666,294793
2,unpaced_b1_smt,1,book,546.666,560,267131
2,unpaced_b1_smt,1,book,560,573.333,242925
2,unpaced_b1_smt,1,book,573.333,586.666,218204
2,unpaced_b1_smt,1,book,586.666,600,198851
2,unpaced_b1_smt,1,book,600,613.333,179485
2,unpaced_b1_smt,1,book,613.333,626.666,159981
2,unpaced_b1_smt,1,book,626.666,640,144177
2,unpaced_b1_smt,1,book,640,653.333,128312
2,unpaced_b1_smt,1,book,653.333,666.666,114150
2,unpaced_b1_smt,1,book,666.666,680,102324
2,unpaced_b1_smt,1,book,680,693.333,91630
2,unpaced_b1_smt,1,book,693.333,706.666,81185
2,unpaced_b1_smt,1,book,706.666,720,73997
2,unpaced_b1_smt,1,book,720,733.333,65618
2,unpaced_b1_smt,1,book,733.333,746.666,58185
2,unpaced_b1_smt,1,book,746.666,760,52715
2,unpaced_b1_smt,1,book,760,773.333,46989
2,unpaced_b1_smt,1,book,773.333,786.666,41220
2,unpaced_b1_smt,1,book,786.666,800,37008
2,unpaced_b1_smt,1,book,800,813.333,33280
2,unpaced_b1_smt,1,book,813.333,826.666,29326
2,unpaced_b1_smt,1,book,826.666,840,26609
2,unpaced_b1_smt,1,book,840,853.333,23874
2,unpaced_b1_smt,1,book,853.333,880,40437
2,unpaced_b1_smt,1,book,880,906.666,32373
2,unpaced_b1_smt,1,book,906.666,933.333,25835
2,unpaced_b1_smt,1,book,933.333,960,20642
2,unpaced_b1_smt,1,book,960,986.666,16518
2,unpaced_b1_smt,1,book,986.666,1013.33,13196
2,unpaced_b1_smt,1,book,1013.33,1040,10617
2,unpaced_b1_smt,1,book,1040,1066.67,8814
2,unpaced_b1_smt,1,book,1066.67,1093.33,6981
2,unpaced_b1_smt,1,book,1093.33,1120,5735
2,unpaced_b1_smt,1,book,1120,1146.67,4664
2,unpaced_b1_smt,1,book,1146.67,1173.33,3900
2,unpaced_b1_smt,1,book,1173.33,1200,3285
2,unpaced_b1_smt,1,book,1200,1226.67,2708
2,unpaced_b1_smt,1,book,1226.67,1253.33,2346
2,unpaced_b1_smt,1,book,1253.33,1280,1946
2,unpaced_b1_smt,1,book,1280,1306.67,1623
2,unpaced_b1_smt,1,book,1306.67,1333.33,1443
2,unpaced_b1_smt,1,book,1333.33,1360,1259
2,unpaced_b1_smt,1,book,1360,1386.67,1152
2,unpaced_b1_smt,1,book,1386.67,1413.33,985
2,unpaced_b1_smt,1,book,1413.33,1440,865
2,unpaced_b1_smt,1,book,1440,1466.67,793
2,unpaced_b1_smt,1,book,1466.67,1493.33,718
2,unpaced_b1_smt,1,book,1493.33,1520,635
2,unpaced_b1_smt,1,book,1520,1546.67,626
2,unpaced_b1_smt,1,book,1546.67,1573.33,496
2,unpaced_b1_smt,1,book,1573.33,1600,464
2,unpaced_b1_smt,1,book,1600,1626.67,410
2,unpaced_b1_smt,1,book,1626.67,1653.33,405
2,unpaced_b1_smt,1,book,1653.33,1680,351
2,unpaced_b1_smt,1,book,1680,1706.67,348
2,unpaced_b1_smt,1,book,1706.67,1760,591
2,unpaced_b1_smt,1,book,1760,1813.33,527
2,unpaced_b1_smt,1,book,1813.33,1866.67,483
2,unpaced_b1_smt,1,book,1866.67,1920,468
2,unpaced_b1_smt,1,book,1920,1973.33,390
2,unpaced_b1_smt,1,book,1973.33,2026.67,395
2,unpaced_b1_smt,1,book,2026.67,2080,361
2,unpaced_b1_smt,1,book,2080,2133.33,312
2,unpaced_b1_smt,1,book,2133.33,2186.67,302
2,unpaced_b1_smt,1,book,2186.67,2240,277
2,unpaced_b1_smt,1,book,2240,2293.33,253
2,unpaced_b1_smt,1,book,2293.33,2346.67,229
2,unpaced_b1_smt,1,book,2346.67,2400,175
2,unpaced_b1_smt,1,book,2400,2453.33,173
2,unpaced_b1_smt,1,book,2453.33,2506.67,195
2,unpaced_b1_smt,1,book,2506.67,2560,131
2,unpaced_b1_smt,1,book,2560,2613.33,134
2,unpaced_b1_smt,1,book,2613.33,2666.67,120
2,unpaced_b1_smt,1,book,2666.67,2720,119
2,unpaced_b1_smt,1,book,2720,2773.33,78
2,unpaced_b1_smt,1,book,2773.33,2826.67,87
2,unpaced_b1_smt,1,book,2826.67,2880,80
2,unpaced_b1_smt,1,book,2880,2933.33,80
2,unpaced_b1_smt,1,book,2933.33,2986.67,65
2,unpaced_b1_smt,1,book,2986.67,3040,76
2,unpaced_b1_smt,1,book,3040,3093.33,56
2,unpaced_b1_smt,1,book,3093.33,3146.67,61
2,unpaced_b1_smt,1,book,3146.67,3200,52
2,unpaced_b1_smt,1,book,3200,3253.33,50
2,unpaced_b1_smt,1,book,3253.33,3306.67,47
2,unpaced_b1_smt,1,book,3306.67,3360,51
2,unpaced_b1_smt,1,book,3360,3413.33,61
2,unpaced_b1_smt,1,book,3413.33,3520,104
2,unpaced_b1_smt,1,book,3520,3626.67,80
2,unpaced_b1_smt,1,book,3626.67,3733.33,77
2,unpaced_b1_smt,1,book,3733.33,3840,67
2,unpaced_b1_smt,1,book,3840,3946.67,57
2,unpaced_b1_smt,1,book,3946.67,4053.33,54
2,unpaced_b1_smt,1,book,4053.33,4160,42
2,unpaced_b1_smt,1,book,4160,4266.67,55
2,unpaced_b1_smt,1,book,4266.67,4373.33,70
2,unpaced_b1_smt,1,book,4373.33,4480,105
2,unpaced_b1_smt,1,book,4480,4586.67,152
2,unpaced_b1_smt,1,book,4586.67,4693.33,175
2,unpaced_b1_smt,1,book,4693.33,4800,278
2,unpaced_b1_smt,1,book,4800,4906.66,333
2,unpaced_b1_smt,1,book,4906.66,5013.33,442
2,unpaced_b1_smt,1,book,5013.33,5120,531
2,unpaced_b1_smt,1,book,5120,5226.66,591
2,unpaced_b1_smt,1,book,5226.66,5333.33,631
2,unpaced_b1_smt,1,book,5333.33,5440,561
2,unpaced_b1_smt,1,book,5440,5546.66,532
2,unpaced_b1_smt,1,book,5546.66,5653.33,475
2,unpaced_b1_smt,1,book,5653.33,5760,372
2,unpaced_b1_smt,1,book,5760,5866.66,271
2,unpaced_b1_smt,1,book,5866.66,5973.33,218
2,unpaced_b1_smt,1,book,5973.33,6080,164
2,unpaced_b1_smt,1,book,6080,6186.66,129
2,unpaced_b1_smt,1,book,6186.66,6293.33,113
2,unpaced_b1_smt,1,book,6293.33,6400,73
2,unpaced_b1_smt,1,book,6400,6506.66,74
2,unpaced_b1_smt,1,book,6506.66,6613.33,53
2,unpaced_b1_smt,1,book,6613.33,6720,44
2,unpaced_b1_smt,1,book,6720,6826.66,41
2,unpaced_b1_smt,1,book,6826.66,7040,48
2,unpaced_b1_smt,1,book,7040,7253.33,41
2,unpaced_b1_smt,1,book,7253.33,7466.66,89
2,unpaced_b1_smt,1,book,7466.66,7680,231
2,unpaced_b1_smt,1,book,7680,7893.33,444
2,unpaced_b1_smt,1,book,7893.33,8106.66,418
2,unpaced_b1_smt,1,book,8106.66,8320,236
2,unpaced_b1_smt,1,book,8320,8533.33,103
2,unpaced_b1_smt,1,book,8533.33,8746.66,55
2,unpaced_b1_smt,1,book,8746.66,8960,37
2,unpaced_b1_smt,1,book,8960,9173.33,36
2,unpaced_b1_smt,1,book,9173.33,9386.66,14
2,unpaced_b1_smt,1,book,9386.66,9600,20
2,unpaced_b1_smt,1,book,9600,9813.33,22
2,unpaced_b1_smt,1,book,9813.33,10026.7,16
2,unpaced_b1_smt,1,book,10026.7,10240,31
2,unpaced_b1_smt,1,book,10240,10453.3,60
2,unpaced_b1_smt,1,book,10453.3,10666.7,115
2,unpaced_b1_smt,1,book,10666.7,10880,156
2,unpaced_b1_smt,1,book,10880,11093.3,168
2,unpaced_b1_smt,1,book,11093.3,11306.7,185
2,unpaced_b1_smt,1,book,11306.7,11520,385
2,unpaced_b1_smt,1,book,11520,11733.3,1032
2,unpaced_b1_smt,1,book,11733.3,11946.7,2228
2,unpaced_b1_smt,1,book,11946.7,12160,3648
2,unpaced_b1_smt,1,book,12160,12373.3,4645
2,unpaced_b1_smt,1,book,12373.3,12586.7,4785
2,unpaced_b1_smt,1,book,12586.7,12800,3745
2,unpaced_b1_smt,1,book,12800,13013.3,2428
2,unpaced_b1_smt,1,book,13013.3,13226.7,1434
2,unpaced_b1_smt,1,book,13226.7,13440,679
2,unpaced_b1_smt,1,book,13440,13653.3,345
2,unpaced_b1_smt,1,book,13653.3,14080,297
2,unpaced_b1_smt,1,book,14080,14506.7,208
2,unpaced_b1_smt,1,book,14506.7,14933.3,126
2,unpaced_b1_smt,1,book,14933.3,15360,83
2,unpaced_b1_smt,1,book,15360,15786.7,52
2,unpaced_b1_smt,1,book,15786.7,16213.3,45
2,unpaced_b1_smt,1,book,16213.3,16640,18
2,unpaced_b1_smt,1,book,16640,17066.7,17
2,unpaced_b1_smt,1,book,17066.7,17493.3,6
2,unpaced_b1_smt,1,book,17493.3,17920,7
2,unpaced_b1_smt,1,book,17920,18346.7,14
2,unpaced_b1_smt,1,book,18346.7,18773.3,36
2,unpaced_b1_smt,1,book,18773.3,19200,105
2,unpaced_b1_smt,1,book,19200,19626.7,162
2,unpaced_b1_smt,1,book,19626.7,20053.3,132
2,unpaced_b1_smt,1,book,20053.3,20480,52
2,unpaced_b1_smt,1,book,20480,20906.7,24
2,unpaced_b1_smt,1,book,20906.7,21333.3,16
2,unpaced_b1_smt,1,book,21333.3,21760,9
2,unpaced_b1_smt,1,book,21760,22186.7,2
2,unpaced_b1_smt,1,book,22186.7,22613.3,6
2,unpaced_b1_smt,1,book,22613.3,23040,1
2,unpaced_b1_smt,1,book,23040,23466.7,1
2,unpaced_b1_smt,1,book,23466.7,23893.3,2
2,unpaced_b1_smt,1,book,23893.3,24320,5
2,unpaced_b1_smt,1,book,24320,24746.7,5
2,unpaced_b1_smt,1,book,24746.7,25173.3,8
2,unpaced_b1_smt,1,book,25173.3,25600,7
2,unpaced_b1_smt,1,book,25600,26026.7,9
2,unpaced_b1_smt,1,book,26026.7,26453.3,13
2,unpaced_b1_smt,1,book,26453.3,26880,7
2,unpaced_b1_smt,1,book,26880,27306.7,4
2,unpaced_b1_smt,1,book,27306.7,28160,8
2,unpaced_b1_smt,1,book,28160,29013.3,2
2,unpaced_b1_smt,1,book,29013.3,29866.7,1
2,unpaced_b1_smt,1,book,29866.7,30720,6
2,unpaced_b1_smt,1,book,30720,31573.3,3
2,unpaced_b1_smt,1,book,31573.3,32426.7,1
2,unpaced_b1_smt,1,book,32426.7,33280,2
2,unpaced_b1_smt,1,book,33280,34133.3,5
2,unpaced_b1_smt,1,book,34133.3,34986.7,2
2,unpaced_b1_smt,1,book,34986.7,35840,3
2,unpaced_b1_smt,1,book,35840,36693.3,1
2,unpaced_b1_smt,1,book,36693.3,37546.7,3
2,unpaced_b1_smt,1,book,37546.7,38400,1
2,unpaced_b1_smt,1,book,38400,39253.3,2
2,unpaced_b1_smt,1,book,39253.3,40106.7,2
2,unpaced_b1_smt,1,book,40106.7,40960,1
2,unpaced_b1_smt,1,book,40960,41813.3,1
2,unpaced_b1_smt,1,book,42666.7,43520,1
2,unpaced_b1_smt,1,book,43520,44373.3,1
2,unpaced_b1_smt,1,book,44373.3,45226.7,1
2,unpaced_b1_smt,1,book,47786.7,48640,1
2,unpaced_b1_smt,1,book,49493.3,50346.6,1
2,unpaced_b1_smt,1,book,64853.3,66560,1
2,unpaced_b1_smt,1,book,75093.3,76800,1
2,unpaced_b1_smt,1,book,139947,143360,1
3,unpaced_b1_smt,0,total,586.666,600,1
3,unpaced_b1_smt,0,total,720,733.333,1
3,unpaced_b1_smt,0,total,800,813.333,1
3,unpaced_b1_smt,0,total,826.666,840,1
3,unpaced_b1_smt,0,total,840,853.333,1
3,unpaced_b1_smt,0,total,853.333,880,1
3,unpaced_b1_smt,0,total,880,906.666,2
3,unpaced_b1_smt,0,total,906.666,933.333,3
3,unpaced_b1_smt,0,total,933.333,960,3
3,unpaced_b1_smt,0,total,960,986.666,2
3,unpaced_b1_smt,0,total,986.666,1013.33,1
3,unpaced_b1_smt,0,total,1013.33,1040,1
3,unpaced_b1_smt,0,total,1066.67,1093.33,1
3,unpaced_b1_smt,0,total,1093.33,1120,1
3,unpaced_b1_smt,0,total,1120,1146.67,1
3,unpaced_b1_smt,0,total,1146.67,1173.33,1
3,unpaced_b1_smt,0,total,1173.33,1200,1
3,unpaced_b1_smt,0,total,1226.67,1253.33,1
3,unpaced_b1_smt,0,total,1253.33,1280,1
3,unpaced_b1_smt,0,total,1280,1306.67,1
3,unpaced_b1_smt,0,total,1306.67,1333.33,1
3,unpaced_b1_smt,0,total,1360,1386.67,1
3,unpaced_b1_smt,0,total,1386.67,1413.33,1
3,unpaced_b1_smt,0,total,1413.33,1440,1
3,unpaced_b1_smt,0,total,1440,1466.67,1
3,unpaced_b1_smt,0,total,1466.67,1493.33,1
3,unpaced_b1_smt,0,total,1520,1546.67,1
3,unpaced_b1_smt,0,total,1600,1626.67,1
3,unpaced_b1_smt,0,total,1626.67,1653.33,1
3,unpaced_b1_smt,0,total,1653.33,1680,1
3,unpaced_b1_smt,0,total,1680,1706.67,1
3,unpaced_b1_smt,0,total,1706.67,1760,2
3,unpaced_b1_smt,0,total,1760,1813.33,2
3,unpaced_b1_smt,0,total,1813.33,1866.67,2
3,unpaced_b1_smt,0,total,1866.67,1920,2
3,unpaced_b1_smt,0,total,1920,1973.33,2
3,unpaced_b1_smt,0,total,1973.33,2026.67,2
3,unpaced_b1_smt,0,total,2026.67,2080,2
3,unpaced_b1_smt,0,total,2080,2133.33,2
3,unpaced_b1_smt,0,total,2133.33,2186.67,2
3,unpaced_b1_smt,0,total,2186.67,2240,2
3,unpaced_b1_smt,0,total,2240,2293.33,2
3,unpaced_b1_smt,0,total,2293.33,2346.67,2
3,unpaced_b1_smt,0,total,2346.67,2400,2
3,unpaced_b1_smt,0,total,2400,2453.33,2
3,unpaced_b1_smt,0,total,2453.33,2506.67,2
3,unpaced_b1_smt,0,total,2506.67,2560,2
3,unpaced_b1_smt,0,total,2560,2613.33,1
3,unpaced_b1_smt,0,total,2613.33,2666.67,2
3,unpaced_b1_smt,0,total,2666.67,2720,2
3,unpaced_b1_smt,0,total,2720,2773.33,2
3,unpaced_b1_smt,0,total,2773.33,2826.67,2
3,unpaced_b1_smt,0,total,2826.67,2880,4
3,unpaced_b1_smt,0,total,2880,2933.33,2
3,unpaced_b1_smt,0,total,2933.33,2986.67,3
3,unpaced_b1_smt,0,total,2986.67,3040,3
3,unpaced_b1_smt,0,total,3040,3093.33,4
3,unpaced_b1_smt,0,total,3093.33,3146.67,2
3,unpaced_b1_smt,0,total,3146.67,3200,2
3,unpaced_b1_smt,0,total,3200,3253.33,2
3,unpaced_b1_smt,0,total,3253.33,3306.67,3
3,unpaced_b1_smt,0,total,3306.67,3360,2
3,unpaced_b1_smt,0,total,3360,3413.33,1
3,unpaced_b1_smt,0,total,3413.33,3520,4
3,unpaced_b1_smt,0,total,3520,3626.67,5
3,unpaced_b1_smt,0,total,3626.67,3733.33,4
3,unpaced_b1_smt,0,total,3733.33,3840,3
3,unpaced_b1_smt,0,total,3840,3946.67,5
3,unpaced_b1_smt,0,total,3946.67,4053.33,3
3,unpaced_b1_smt,0,total,4053.33,4160,5
3,unpaced_b1_smt,0,total,4160,4266.67,4
3,unpaced_b1_smt,0,total,4266.67,4373.33,4
3,unpaced_b1_smt,0,total,4373.33,4480,4
3,unpaced_b1_smt,0,total,4480,4586.67,4
3,unpaced_b1_smt,0,total,4586.67,4693.33,4
3,unpaced_b1_smt,0,total,4693.33,4800,4
3,unpaced_b1_smt,0,total,4800,4906.66,4
3,unpaced_b1_smt,0,total,4906.66,5013.33,5
3,unpaced_b1_smt,0,total,5013.33,5120,5
3,unpaced_b1_smt,0,total,5120,5226.66,5
3,unpaced_b1_smt,0,total,5226.66,5333.33,7
3,unpaced_b1_smt,0,total,5333.33,5440,5
3,unpaced_b1_smt,0,total,5440,5546.66,4
3,unpaced_b1_smt,0,total,5546.66,5653.33,4
3,unpaced_b1_smt,0,total,5653.33,5760,4
3,unpaced_b1_smt,0,total,5760,5866.66,4
3,unpaced_b1_smt,0,total,5866.66,5973.33,4
3,unpaced_b1_smt,0,total,5973.33,6080,4
3,unpaced_b1_smt,0,total,6080,6186.66,4
3,unpaced_b1_smt,0,total,6186.66,6293.33,4
3,unpaced_b1_smt,0,total,6293.33,6400,4
3,unpaced_b1_smt,0,total,6400,6506.66,4
3,unpaced_b1_smt,0,total,6506.66,6613.33,4
3,unpaced_b1_smt,0,total,6613.33,6720,5
3,unpaced_b1_smt,0,total,6720,6826.66,4
3,unpaced_b1_smt,0,total,6826.66,7040,8
3,unpaced_b1_smt,0,total,7040,7253.33,12
3,unpaced_b1_smt,0,total,7253.33,7466.66,10
3,unpaced_b1_smt,0,total,7466.66,7680,8
3,unpaced_b1_smt,0,total,7680,7893.33,8
3,unpaced_b1_smt,0,total,7893.33,8106.66,8
3,unpaced_b1_smt,0,total,8106.66,8320,8
3,unpaced_b1_smt,0,total,8320,8533.33,8
3,unpaced_b1_smt,0,total,8533.33,8746.66,8
3,unpaced_b1_smt,0,total,8746.66,8960,8
3,unpaced_b1_smt,0,total,8960,9173.33,11
3,unpaced_b1_smt,0,total,9173.33,9386.66,14
3,unpaced_b1_smt,0,total,9386.66,9600,8
3,unpaced_b1_smt,0,total,9600,9813.33,7
3,unpaced_b1_smt,0,total,9813.33,10026.7,8
3,unpaced_b1_smt,0,total,10026.7,10240,9
3,unpaced_b1_smt,0,total,10240,10453.3,8
3,unpaced_b1_smt,0,total,10453.3,10666.7,8
3,unpaced_b1_smt,0,total,10666.7,10880,9
3,unpaced_b1_smt,0,total,10880,11093.3,7
3,unpaced_b1_smt,0,total,11093.3,11306.7,8
3,unpaced_b1_smt,0,total,11306.7,11520,11
3,unpaced_b1_smt,0,total,11520,11733.3,8
3,unpaced_b1_smt,0,total,11733.3,11946.7,8
3,unpaced_b1_smt,0,total,11946.7,12160,8
3,unpaced_b1_smt,0,total,12160,12373.3,8
3,unpaced_b1_smt,0,total,12373.3,12586.7,8
3,unpaced_b1_smt,0,total,12586.7,12800,9
3,unpaced_b1_smt,0,total,12800,13013.3,8
3,unpaced_b1_smt,0,total,13013.3,13226.7,8
3,unpaced_b1_smt,0,total,13226.7,13440,8
3,unpaced_b1_smt,0,total,13440,13653.3,10
3,unpaced_b1_smt,0,total,13653.3,14080,18
3,unpaced_b1_smt,0,total,14080,14506.7,16
3,unpaced_b1_smt,0,total,14506.7,14933.3,18
3,unpaced_b1_smt,0,total,14933.3,15360,21
3,unpaced_b1_smt,0,total,15360,15786.7,18
3,unpaced_b1_smt,0,total,15786.7,16213.3,16
3,unpaced_b1_smt,0,total,16213.3,16640,16
3,unpaced_b1_smt,0,total,16640,17066.7,16
3,unpaced_b1_smt,0,total,17066.7,17493.3,17
3,unpaced_b1_smt,0,total,17493.3,17920,17
3,unpaced_b1_smt,0,total,17920,18346.7,17
3,unpaced_b1_smt,0,total,18346.7,18773.3,17
3,unpaced_b1_smt,0,total,18773.3,19200,17
3,unpaced_b1_smt,0,total,19200,19626.7,18
3,unpaced_b1_smt,0,total,19626.7,20053.3,22
3,unpaced_b1_smt,0,total,20053.3,20480,17
3,unpaced_b1_smt,0,total,20480,20906.7,15
3,unpaced_b1_smt,0,total,20906.7,21333.3,19
3,unpaced_b1_smt,0,total,21333.3,21760,18
3,unpaced_b1_smt,0,total,21760,22186.7,21
3,unpaced_b1_smt,0,total,22186.7,22613.3,19
3,unpaced_b1_smt,0,total,22613.3,23040,16
3,unpaced_b1_smt,0,total,23040,23466.7,20
3,unpaced_b1_smt,0,total,23466.7,23893.3,19
3,unpaced_b1_smt,0,total,23893.3,24320,20
3,unpaced_b1_smt,0,total,24320,24746.7,19
3,unpaced_b1_smt,0,total,24746.7,25173.3,21
3,unpaced_b1_smt,0,total,25173.3,25600,18
3,unpaced_b1_smt,0,total,25600,26026.7,24
3,unpaced_b1_smt,0,total,26026.7,26453.3,21
3,unpaced_b1_smt,0,total,26453.3,26880,17
3,unpaced_b1_smt,0,total,26880,27306.7,20
3,unpaced_b1_smt,0,total,27306.7,28160,38
3,unpaced_b1_smt,0,total,28160,29013.3,38
3,unpaced_b1_smt,0,total,29013.3,29866.7,35
3,unpaced_b1_smt,0,total,29866.7,30720,41
3,unpaced_b1_smt,0,total,30720,31573.3,36
3,unpaced_b1_smt,0,total,31573.3,32426.7,40
3,unpaced_b1_smt,0,total,32426.7,33280,38
3,unpaced_b1_smt,0,total,33280,34133.3,37
3,unpaced_b1_smt,0,total,34133.3,34986.7,45
3,unpaced_b1_smt,0,total,34986.7,35840,37
3,unpaced_b1_smt,0,total,35840,36693.3,39
3,unpaced_b1_smt,0,total,36693.3,37546.7,36
3,unpaced_b1_smt,0,total,37546.7,38400,36
3,unpaced_b1_smt,0,total,38400,39253.3,37
3,unpaced_b1_smt,0,total,39253.3,40106.7,41
3,unpaced_b1_smt,0,total,40106.7,40960,40
3,unpaced_b1_smt,0,total,40960,41813.3,37
3,unpaced_b1_smt,0,total,41813.3,42666.7,53
3,unpaced_b1_smt,0,total,42666.7,43520,34
3,unpaced_b1_smt,0,total,43520,44373.3,36
3,unpaced_b1_smt,0,total,44373.3,45226.7,39
3,unpaced_b1_smt,0,total,45226.7,46080,35
3,unpaced_b1_smt,0,total,46080,46933.3,37
3,unpaced_b1_smt,0,total,46933.3,47786.7,36
3,unpaced_b1_smt,0,total,47786.7,48640,37
3,unpaced_b1_smt,0,total,48640,49493.3,39
3,unpaced_b1_smt,0,total,49493.3,50346.6,35
3,unpaced_b1_smt,0,total,50346.6,51200,38
3,unpaced_b1_smt,0,total,51200,52053.3,37
3,unpaced_b1_smt,0,total,52053.3,52906.6,36
3,unpaced_b1_smt,0,total,52906.6,53760,41
3,unpaced_b1_smt,0,total,53760,54613.3,36
3,unpaced_b1_smt,0,total,54613.3,56320,75
3,unpaced_b1_smt,0,total,56320,58026.6,74
3,unpaced_b1_smt,0,total,58026.6,59733.3,73
3,unpaced_b1_smt,0,total,59733.3,61440,99
3,unpaced_b1_smt,0,total,61440,63146.6,78
3,unpaced_b1_smt,0,total,63146.6,64853.3,75
3,unpaced_b1_smt,0,total,64853.3,66560,79
3,unpaced_b1_smt,0,total,66560,68266.6,78
3,unpaced_b1_smt,0,total,68266.6,69973.3,72
3,unpaced_b1_smt,0,total,69973.3,71680,77
3,unpaced_b1_smt,0,total,71680,73386.6,76
3,unpaced_b1_smt,0,total,73386.6,75093.3,74
3,unpaced_b1_smt,0,total,75093.3,76800,75
3,unpaced_b1_smt,0,total,76800,78506.6,71
3,unpaced_b1_smt,0,total,78506.6,80213.3,75
3,unpaced_b1_smt,0,total,80213.3,81920,73
3,unpaced_b1_smt,0,total,81920,83626.6,77
3,unpaced_b1_smt,0,total,83626.6,85333.3,70
3,unpaced_b1_smt,0,total,85333.3,87040,72
3,unpaced_b1_smt,0,total,87040,88746.6,72
3,unpaced_b1_smt,0,total,88746.6,90453.3,73
3,unpaced_b1_smt,0,total,90453.3,92160,74
3,unpaced_b1_smt,0,total,92160,93866.6,76
3,unpaced_b1_smt,0,total,93866.6,95573.3,73
3,unpaced_b1_smt,0,total,95573.3,97280,71
3,unpaced_b1_smt,0,total,97280,98986.6,77
3,unpaced_b1_smt,0,total,98986.6,100693,71
3,unpaced_b1_smt,0,total,100693,102400,72
3,unpaced_b1_smt,0,total,102400,104107,72
3,unpaced_b1_smt,0,total,104107,105813,71
3,unpaced_b1_smt,0,total,105813,107520,71
3,unpaced_b1_smt,0,total,107520,109227,68
3,unpaced_b1_smt,0,total,109227,112640,154
3,unpaced_b1_smt,0,total,112640,116053,141
3,unpaced_b1_smt,0,total,116053,119467,131
3,unpaced_b1_smt,0,total,119467,122880,118
3,unpaced_b1_smt,0,total,122880,126293,132
3,unpaced_b1_smt,0,total,126293,129707,118
3,unpaced_b1_smt,0,total,129707,133120,127
3,unpaced_b1_smt,0,total,133120,136533,131
3,unpaced_b1_smt,0,total,136533,139947,140
3,unpaced_b1_smt,0,total,139947,143360,136
3,unpaced_b1_smt,0,total,143360,146773,138
3,unpaced_b1_smt,0,total,146773,150187,134
3,unpaced_b1_smt,0,total,150187,153600,130
3,unpaced_b1_smt,0,total,153600,157013,136
3,unpaced_b1_smt,0,total,157013,160427,140
3,unpaced_b1_smt,0,total,160427,163840,126
3,unpaced_b1_smt,0,total,163840,167253,133
3,unpaced_b1_smt,0,total,167253,170667,147
3,unpaced_b1_smt,0,total,170667,174080,136
3,unpaced_b1_smt,0,total,174080,177493,134
3,unpaced_b1_smt,0,total,177493,180907,140
3,unpaced_b1_smt,0,total,180907,184320,137
3,unpaced_b1_smt,0,total,184320,187733,138
3,unpaced_b1_smt,0,total,187733,191147,140
3,unpaced_b1_smt,0,total,191147,194560,136
3,unpaced_b1_smt,0,total,194560,197973,138
3,unpaced_b1_smt,0,total,197973,201387,132
3,unpaced_b1_smt,0,total,201387,204800,139
3,unpaced_b1_smt,0,total,204800,208213,135
3,unpaced_b1_smt,0,total,208213,211627,144
3,unpaced_b1_smt,0,total,211627,215040,135
3,unpaced_b1_smt,0,total,215040,218453,135
3,unpaced_b1_smt,0,total,218453,225280,284
3,unpaced_b1_smt,0,total,225280,232107,290
3,unpaced_b1_smt,0,total,232107,238933,263
3,unpaced_b1_smt,0,total,238933,245760,41
3,unpaced_b1_smt,0,total,245760,252587,40
3,unpaced_b1_smt,0,total,252587,259413,40
3,unpaced_b1_smt,0,total,259413,266240,35
3,unpaced_b1_smt,0,total,266240,273067,33
3,unpaced_b1_smt,0,total,273067,279893,32
3,unpaced_b1_smt,0,total,279893,286720,30
3,unpaced_b1_smt,0,total,286720,293547,29
3,unpaced_b1_smt,0,total,293547,300373,31
3,unpaced_b1_smt,0,total,300373,307200,36
3,unpaced_b1_smt,0,total,307200,314027,43
3,unpaced_b1_smt,0,total,314027,320853,36
3,unpaced_b1_smt,0,total,320853,327680,39
3,unpaced_b1_smt,0,total,327680,334507,37
3,unpaced_b1_smt,0,total,334507,341333,41
3,unpaced_b1_smt,0,total,341333,348160,41
3,unpaced_b1_smt,0,total,348160,354987,37
3,unpaced_b1_smt,0,total,354987,361813,49
3,unpaced_b1_smt,0,total,361813,368640,38
3,unpaced_b1_smt,0,total,368640,375467,42
3,unpaced_b1_smt,0,total,375467,382293,40
3,unpaced_b1_smt,0,total,382293,389120,39
3,unpaced_b1_smt,0,total,389120,395947,40
3,unpaced_b1_smt,0,total,395947,402773,33
3,unpaced_b1_smt,0,total,402773,409600,50
3,unpaced_b1_smt,0,total,409600,416427,48
3,unpaced_b1_smt,0,total,416427,423253,45
3,unpaced_b1_smt,0,total,423253,430080,40
3,unpaced_b1_smt,0,total,430080,436907,45
3,unpaced_b1_smt,0,total,436907,450560,73
3,unpaced_b1_smt,0,total,450560,464213,84
3,unpaced_b1_smt,0,total,464213,477867,87
3,unpaced_b1_smt,0,total,477867,491520,91
3,unpaced_b1_smt,0,total,491520,505173,103
3,unpaced_b1_smt,0,total,505173,518826,98
3,unpaced_b1_smt,0,total,518826,532480,87
3,unpaced_b1_smt,0,total,532480,546133,106
3,unpaced_b1_smt,0,total,546133,559786,110
3,unpaced_b1_smt,0,total,559786,573440,91
3,unpaced_b1_smt,0,total,573440,587093,95
3,unpaced_b1_smt,0,total,587093,600746,115
3,unpaced_b1_smt,0,total,600746,614400,88
3,unpaced_b1_smt,0,total,614400,628053,101
3,unpaced_b1_smt,0,total,628053,641706,114
3,unpaced_b1_smt,0,total,641706,655360,107
3,unpaced_b1_smt,0,total,655360,669013,123
3,unpaced_b1_smt,0,total,669013,682666,233
3,unpaced_b1_smt,0,total,682666,696320,152
3,unpaced_b1_smt,0,total,696320,709973,114
3,unpaced_b1_smt,0,total,709973,723626,122
3,unpaced_b1_smt,0,total,723626,737280,100
3,unpaced_b1_smt,0,total,737280,750933,118
3,unpaced_b1_smt,0,total,750933,764586,113
3,unpaced_b1_smt,0,total,764586,778240,117
3,unpaced_b1_smt,0,total,778240,791893,108
3,unpaced_b1_smt,0,total,791893,805546,129
3,unpaced_b1_smt,0,total,805546,819200,103
3,unpaced_b1_smt,0,total,819200,832853,101
3,unpaced_b1_smt,0,total,832853,846506,109
3,unpaced_b1_smt,0,total,846506,860160,106
3,unpaced_b1_smt,0,total,860160,873813,101
3,unpaced_b1_smt,0,total,873813,901120,216
3,unpaced_b1_smt,0,total,901120,928426,118
3,unpaced_b1_smt,0,total,928426,955733,325
3,unpaced_b1_smt,0,total,955733,983040,249
3,unpaced_b1_smt,0,total,983040,1.01035e+06,257
3,unpaced_b1_smt,0,total,1.01035e+06,1.03765e+06,279
3,unpaced_b1_smt,0,total,1.03765e+06,1.06496e+06,273
3,unpaced_b1_smt,0,total,1.06496e+06,1.09227e+06,256
3,unpaced_b1_smt,0,total,1.09227e+06,1.11957e+06,220
3,unpaced_b1_smt,0,total,1.11957e+06,1.14688e+06,261
3,unpaced_b1_smt,0,total,1.14688e+06,1.17419e+06,236
3,unpaced_b1_smt,0,total,1.17419e+06,1.20149e+06,244
3,unpaced_b1_smt,0,total,1.20149e+06,1.2288e+06,267
3,unpaced_b1_smt,0,total,1.2288e+06,1.25611e+06,247
3,unpaced_b1_smt,0,total,1.25611e+06,1.28341e+06,255
3,unpaced_b1_smt,0,total,1.28341e+06,1.31072e+06,235
3,unpaced_b1_smt,0,total,1.31072e+06,1.33803e+06,224
3,unpaced_b1_smt,0,total,1.33803e+06,1.36533e+06,231
3,unpaced_b1_smt,0,total,1.36533e+06,1.39264e+06,226
3,unpaced_b1_smt,0,total,1.39264e+06,1.41995e+06,233
3,unpaced_b1_smt,0,total,1.41995e+06,1.44725e+06,223
3,unpaced_b1_smt,0,total,1.44725e+06,1.47456e+06,243
3,unpaced_b1_smt,0,total,1.47456e+06,1.50187e+06,239
3,unpaced_b1_smt,0,total,1.50187e+06,1.52917e+06,208
3,unpaced_b1_smt,0,total,1.52917e+06,1.55648e+06,274
3,unpaced_b1_smt,0,total,1.55648e+06,1.58379e+06,243
3,unpaced_b1_smt,0,total,1.58379e+06,1.61109e+06,256
3,unpaced_b1_smt,0,total,1.61109e+06,1.6384e+06,222
3,unpaced_b1_smt,0,total,1.6384e+06,1.66571e+06,65
3,unpaced_b1_smt,0,total,1.66571e+06,1.69301e+06,245
3,unpaced_b1_smt,0,total,1.69301e+06,1.72032e+06,295
3,unpaced_b1_smt,0,total,1.72032e+06,1.74763e+06,234
3,unpaced_b1_smt,0,total,1.74763e+06,1.80224e+06,467
3,unpaced_b1_smt,0,total,1.80224e+06,1.85685e+06,394
3,unpaced_b1_smt,0,total,1.85685e+06,1.91147e+06,485
3,unpaced_b1_smt,0,total,1.91147e+06,1.96608e+06,433
3,unpaced_b1_smt,0,total,1.96608e+06,2.02069e+06,436
3,unpaced_b1_smt,0,total,2.02069e+06,2.07531e+06,499
3,unpaced_b1_smt,0,total,2.07531e+06,2.12992e+06,483
3,unpaced_b1_smt,0,total,2.12992e+06,2.18453e+06,482
3,unpaced_b1_smt,0,total,2.18453e+06,2.23915e+06,512
3,unpaced_b1_smt,0,total,2.23915e+06,2.29376e+06,480
3,unpaced_b1_smt,0,total,2.29376e+06,2.34837e+06,471
3,unpaced_b1_smt,0,total,2.34837e+06,2.40299e+06,451
3,unpaced_b1_smt,0,total,2.40299e+06,2.4576e+06,907
3,unpaced_b1_smt,0,total,2.4576e+06,2.51221e+06,79776
3,unpaced_b1_smt,0,total,2.51221e+06,2.56683e+06,215197
3,unpaced_b1_smt,0,total,2.56683e+06,2.62144e+06,878369
3,unpaced_b1_smt,0,total,2.62144e+06,2.67605e+06,1025105
3,unpaced_b1_smt,0,total,2.67605e+06,2.73067e+06,686878
3,unpaced_b1_smt,0,total,2.73067e+06,2.78528e+06,303410
3,unpaced_b1_smt,0,total,2.78528e+06,2.83989e+06,358703
3,unpaced_b1_smt,0,total,2.83989e+06,2.89451e+06,217819
3,unpaced_b1_smt,0,total,2.89451e+06,2.94912e+06,155811
3,unpaced_b1_smt,0,total,2.94912e+06,3.00373e+06,183241
3,unpaced_b1_smt,0,total,3.00373e+06,3.05835e+06,130920
3,unpaced_b1_smt,0,total,3.05835e+06,3.11296e+06,68346
3,unpaced_b1_smt,0,total,3.11296e+06,3.16757e+06,38134
3,unpaced_b1_smt,0,total,3.16757e+06,3.22219e+06,66288
3,unpaced_b1_smt,0,total,3.22219e+06,3.2768e+06,60763
3,unpaced_b1_smt,0,total,3.2768e+06,3.33141e+06,39027
3,unpaced_b1_smt,0,total,3.33141e+06,3.38603e+06,48774
3,unpaced_b1_smt,0,total,3.38603e+06,3.44064e+06,55112
3,unpaced_b1_smt,0,total,3.44064e+06,3.49525e+06,146898
3,unpaced_b1_smt,0,total,3.49525e+06,3.60448e+06,1390047
3,unpaced_b1_smt,0,total,3.60448e+06,3.71371e+06,5895883
3,unpaced_b1_smt,0,total,3.71371e+06,3.82293e+06,14405296
3,unpaced_b1_smt,0,total,3.82293e+06,3.93216e+06,25348149
3,unpaced_b1_smt,0,total,3.93216e+06,4.04139e+06,29132487
3,unpaced_b1_smt,0,total,4.04139e+06,4.15061e+06,23347973
3,unpaced_b1_smt,0,total,4.15061e+06,4.25984e+06,14885110
3,unpaced_b1_smt,0,total,4.25984e+06,4.36907e+06,7091848
3,unpaced_b1_smt,0,total,4.36907e+06,4.47829e+06,3317763
3,unpaced_b1_smt,0,total,4.47829e+06,4.58752e+06,1326349
3,unpaced_b1_smt,0,total,4.58752e+06,4.69675e+06,794755
3,unpaced_b1_smt,0,total,4.69675e+06,4.80597e+06,367712
3,unpaced_b1_smt,0,total,4.80597e+06,4.9152e+06,170453
3,unpaced_b1_smt,0,total,4.9152e+06,5.02442e+06,118361
3,unpaced_b1_smt,0,total,5.02442e+06,5.13365e+06,56163
3,unpaced_b1_smt,0,total,5.13365e+06,5.24288e+06,29105
3,unpaced_b1_smt,0,total,5.24288e+06,5.3521e+06,36424
3,unpaced_b1_smt,0,total,5.3521e+06,5.46133e+06,12404
3,unpaced_b1_smt,0,total,5.46133e+06,5.57056e+06,16047
3,unpaced_b1_smt,0,total,5.57056e+06,5.67978e+06,12208
3,unpaced_b1_smt,0,total,5.67978e+06,5.78901e+06,13942
3,unpaced_b1_smt,0,total,5.78901e+06,5.89824e+06,48518
3,unpaced_b1_smt,0,total,5.89824e+06,6.00746e+06,20857
3,unpaced_b1_smt,0,total,6.00746e+06,6.11669e+06,3510
3,unpaced_b1_smt,0,total,6.11669e+06,6.22592e+06,14258
3,unpaced_b1_smt,0,total,6.22592e+06,6.33514e+06,4077
3,unpaced_b1_smt,0,total,6.33514e+06,6.44437e+06,405
3,unpaced_b1_smt,0,total,6.44437e+06,6.5536e+06,1109
3,unpaced_b1_smt,0,total,6.5536e+06,6.66282e+06,2434
3,unpaced_b1_smt,0,total,6.66282e+06,6.77205e+06,4512
3,unpaced_b1_smt,0,total,6.77205e+06,6.88128e+06,4204
3,unpaced_b1_smt,0,queue,386.667,393.333,1
3,unpaced_b1_smt,0,queue,493.333,506.666,1
3,unpaced_b1_smt,0,queue,693.333,706.666,1
3,unpaced_b1_smt,0,queue,773.333,786.666,2
3,unpaced_b1_smt,0,queue,800,813.333,1
3,unpaced_b1_smt,0,queue,813.333,826.666,1
3,unpaced_b1_smt,0,queue,826.666,840,1
3,unpaced_b1_smt,0,queue,840,853.333,1
3,unpaced_b1_smt,0,queue,853.333,880,2
3,unpaced_b1_smt,0,queue,880,906.666,1
3,unpaced_b1_smt,0,queue,906.666,933.333,2
3,unpaced_b1_smt,0,queue,933.333,960,2
3,unpaced_b1_smt,0,queue,960,986.666,1
3,unpaced_b1_smt,0,queue,986.666,1013.33,1
3,unpaced_b1_smt,0,queue,1013.33,1040,1
3,unpaced_b1_smt,0,queue,1040,1066.67,1
3,unpaced_b1_smt,0,queue,1066.67,1093.33,1
3,unpaced_b1_smt,0,queue,1093.33,1120,1
3,unpaced_b1_smt,0,queue,1120,1146.67,1
3,unpaced_b1_smt,0,queue,1146.67,1173.33,1
3,unpaced_b1_smt,0,queue,1200,1226.67,1
3,unpaced_b1_smt,0,queue,1226.67,1253.33,1
3,unpaced_b1_smt,0,queue,1253.33,1280,1
3,unpaced_b1_smt,0,queue,1306.67,1333.33,1
3,unpaced_b1_smt,0,queue,1333.33,1360,1
3,unpaced_b1_smt,0,queue,1360,1386.67,1
3,unpaced_b1_smt,0,queue,1386.67,1413.33,1
3,unpaced_b1_smt,0,queue,1413.33,1440,1
3,unpaced_b1_smt,0,queue,1440,1466.67,1
3,unpaced_b1_smt,0,queue,1493.33,1520,1
3,unpaced_b1_smt,0,queue,1520,1546.67,1
3,unpaced_b1_smt,0,queue,1626.67,1653.33,1
3,unpaced_b1_smt,0,queue,1653.33,1680,1
3,unpaced_b1_smt,0,queue,1680,1706.67,1
3,unpaced_b1_smt,0,queue,1706.67,1760,2
3,unpaced_b1_smt,0,queue,1760,1813.33,3
3,unpaced_b1_smt,0,queue,1813.33,1866.67,2
3,unpaced_b1_smt,0,queue,1866.67,1920,2
3,unpaced_b1_smt,0,queue,1920,1973.33,2
3,unpaced_b1_smt,0,queue,1973.33,2026.67,2
3,unpaced_b1_smt,0,queue,2026.67,2080,2
3,unpaced_b1_smt,0,queue,2080,2133.33,2
3,unpaced_b1_smt,0,queue,2133.33,2186.67,2
3,unpaced_b1_smt,0,queue,2186.67,2240,2
3,unpaced_b1_smt,0,queue,2240,2293.33,2
3,unpaced_b1_smt,0,queue,2293.33,2346.67,2
3,unpaced_b1_smt,0,queue,2346.67,2400,2
3,unpaced_b1_smt,0,queue,2400,2453.33,2
3,unpaced_b1_smt,0,queue,2453.33,2506.67,2
3,unpaced_b1_smt,0,queue,2506.67,2560,1
3,unpaced_b1_smt,0,queue,2560,2613.33,2
3,unpaced_b1_smt,0,queue,2613.33,2666.67,2
3,unpaced_b1_smt,0,queue,2666.67,2720,2
3,unpaced_b1_smt,0,queue,2720,2773.33,2
3,unpaced_b1_smt,0,queue,2773.33,2826.67,2
3,unpaced_b1_smt,0,queue,2826.67,2880,4
3,unpaced_b1_smt,0,queue,2880,2933.33,2
3,unpaced_b1_smt,0,queue,2933.33,2986.67,4
3,unpaced_b1_smt,0,queue,2986.67,3040,3
3,unpaced_b1_smt,0,queue,3040,3093.33,2
3,unpaced_b1_smt,0,queue,3093.33,3146.67,3
3,unpaced_b1_smt,0,queue,3146.67,3200,2
3,unpaced_b1_smt,0,queue,3200,3253.33,2
3,unpaced_b1_smt,0,queue,3253.33,3306.67,2
3,unpaced_b1_smt,0,queue,3306.67,3360,2
3,unpaced_b1_smt,0,queue,3360,3413.33,3
3,unpaced_b1_smt,0,queue,3413.33,3520,3
3,unpaced_b1_smt,0,queue,3520,3626.67,4
3,unpaced_b1_smt,0,queue,3626.67,3733.33,4
3,unpaced_b1_smt,0,queue,3733.33,3840,4
3,unpaced_b1_smt,0,queue,3840,3946.67,5
3,unpaced_b1_smt,0,queue,3946.67,4053.33,3
3,unpaced_b1_smt,0,queue,4053.33,4160,5
3,unpaced_b1_smt,0,queue,4160,4266.67,4
3,unpaced_b1_smt,0,queue,4266.67,4373.33,4
3,unpaced_b1_smt,0,queue,4373.33,4480,4
3,unpaced_b1_smt,0,queue,4480,4586.67,4
3,unpaced_b1_smt,0,queue,4586.67,4693.33,4
3,unpaced_b1_smt,0,queue,4693.33,4800,4
3,unpaced_b1_smt,0,queue,4800,4906.66,4
3,unpaced_b1_smt,0,queue,4906.66,5013.33,5
3,unpaced_b1_smt,0,queue,5013.33,5120,5
3,unpaced_b1_smt,0,queue,5120,5226.66,6
3,unpaced_b1_smt,0,queue,5226.66,5333.33,6
3,unpaced_b1_smt,0,queue,5333.33,5440,4
3,unpaced_b1_smt,0,queue,5440,5546.66,5
3,unpaced_b1_smt,0,queue,5546.66,5653.33,4
3,unpaced_b1_smt,0,queue,5653.33,5760,4
3,unpaced_b1_smt,0,queue,5760,5866.66,3
3,unpaced_b1_smt,0,queue,5866.66,5973.33,5
3,unpaced_b1_smt,0,queue,5973.33,6080,4
3,unpaced_b1_smt,0,queue,6080,6186.66,4
3,unpaced_b1_smt,0,queue,6186.66,6293.33,4
3,unpaced_b1_smt,0,queue,6293.33,6400,4
3,unpaced_b1_smt,0,queue,6400,6506.66,4
3,unpaced_b1_smt,0,queue,6506.66,6613.33,5
3,unpaced_b1_smt,0,queue,6613.33,6720,4
3,unpaced_b1_smt,0,queue,6720,6826.66,4
3,unpaced_b1_smt,0,queue,6826.66,7040,8
3,unpaced_b1_smt,0,queue,7040,7253.33,13
3,unpaced_b1_smt,0,queue,7253.33,7466.66,8
3,unpaced_b1_smt,0,queue,7466.66,7680,9
3,unpaced_b1_smt,0,queue,7680,7893.33,8
3,unpaced_b1_smt,0,queue,7893.33,8106.66,8
3,unpaced_b1_smt,0,queue,8106.66,8320,8
3,unpaced_b1_smt,0,queue,8320,8533.33,8
3,unpaced_b1_smt,0,queue,8533.33,8746.66,8
3,unpaced_b1_smt,0,queue,8746.66,8960,8
3,unpaced_b1_smt,0,queue,8960,9173.33,12
3,unpaced_b1_smt,0,queue,9173.33,9386.66,13
3,unpaced_b1_smt,0,queue,9386.66,9600,8
3,unpaced_b1_smt,0,queue,9600,9813.33,7
3,unpaced_b1_smt,0,queue,9813.33,10026.7,9
3,unpaced_b1_smt,0,queue,10026.7,10240,8
3,unpaced_b1_smt,0,queue,10240,10453.3,8
3,unpaced_b1_smt,0,queue,10453.3,10666.7,8
3,unpaced_b1_smt,0,queue,10666.7,10880,8
3,unpaced_b1_smt,0,queue,10880,11093.3,8
3,unpaced_b1_smt,0,queue,11093.3,11306.7,8
3,unpaced_b1_smt,0,queue,11306.7,11520,11
3,unpaced_b1_smt,0,queue,11520,11733.3,8
3,unpaced_b1_smt,0,queue,11733.3,11946.7,8
3,unpaced_b1_smt,0,queue,11946.7,12160,8
3,unpaced_b1_smt,0,queue,12160,12373.3,8
3,unpaced_b1_smt,0,queue,12373.3,12586.7,8
3,unpaced_b1_smt,0,queue,12586.7,12800,10
3,unpaced_b1_smt,0,queue,12800,13013.3,7
3,unpaced_b1_smt,0,queue,13013.3,13226.7,8
3,unpaced_b1_smt,0,queue,13226.7,13440,8
3,unpaced_b1_smt,0,queue,13440,13653.3,10
3,unpaced_b1_smt,0,queue,13653.3,14080,18
3,unpaced_b1_smt,0,queue,14080,14506.7,16
3,unpaced_b1_smt,0,queue,14506.7,14933.3,18
3,unpaced_b1_smt,0,queue,14933.3,15360,21
3,unpaced_b1_smt,0,queue,15360,15786.7,18
3,unpaced_b1_smt,0,queue,15786.7,16213.3,16
3,unpaced_b1_smt,0,queue,16213.3,16640,16
3,unpaced_b1_smt,0,queue,16640,17066.7,16
3,unpaced_b1_smt,0,queue,17066.7,17493.3,17
3,unpaced_b1_smt,0,queue,17493.3,17920,17
3,unpaced_b1_smt,0,queue,17920,18346.7,17
3,unpaced_b1_smt,0,queue,18346.7,18773.3,17
3,unpaced_b1_smt,0,queue,18773.3,19200,17
3,unpaced_b1_smt,0,queue,19200,19626.7,18
3,unpaced_b1_smt,0,queue,19626.7,20053.3,22
3,unpaced_b1_smt,0,queue,20053.3,20480,16
3,unpaced_b1_smt,0,queue,20480,20906.7,16
3,unpaced_b1_smt,0,queue,20906.7,21333.3,19
3,unpaced_b1_smt,0,queue,21333.3,21760,18
3,unpaced_b1_smt,0,queue,21760,22186.7,21
3,unpaced_b1_smt,0,queue,22186.7,22613.3,19
3,unpaced_b1_smt,0,queue,22613.3,23040,16
3,unpaced_b1_smt,0,queue,23040,23466.7,19
3,unpaced_b1_smt,0,queue,23466.7,23893.3,20
3,unpaced_b1_smt,0,queue,23893.3,24320,20
3,unpaced_b1_smt,0,queue,24320,24746.7,19
3,unpaced_b1_smt,0,queue,24746.7,25173.3,21
3,unpaced_b1_smt,0,queue,25173.3,25600,18
3,unpaced_b1_smt,0,queue,25600,26026.7,25
3,unpaced_b1_smt,0,queue,26026.7,26453.3,20
3,unpaced_b1_smt,0,queue,26453.3,26880,17
3,unpaced_b1_smt,0,queue,26880,27306.7,20
3,unpaced_b1_smt,0,queue,27306.7,28160,38
3,unpaced_b1_smt,0,queue,28160,29013.3,38
3,unpaced_b1_smt,0,queue,29013.3,29866.7,35
3,unpaced_b1_smt,0,queue,29866.7,30720,41
3,unpaced_b1_smt,0,queue,30720,31573.3,36
3,unpaced_b1_smt,0,queue,31573.3,32426.7,40
3,unpaced_b1_smt,0,queue,32426.7,33280,38
3,unpaced_b1_smt,0,queue,33280,34133.3,37
3,unpaced_b1_smt,0,queue,34133.3,34986.7,46
3,unpaced_b1_smt,0,queue,34986.7,35840,36
3,unpaced_b1_smt,0,queue,35840,36693.3,38
3,unpaced_b1_smt,0,queue,36693.3,37546.7,37
3,unpaced_b1_smt,0,queue,37546.7,38400,36
3,unpaced_b1_smt,0,queue,38400,39253.3,36
3,unpaced_b1_smt,0,queue,39253.3,40106.7,42
3,unpaced_b1_smt,0,queue,40106.7,40960,40
3,unpaced_b1_smt,0,queue,40960,41813.3,37
3,unpaced_b1_smt,0,queue,41813.3,42666.7,53
3,unpaced_b1_smt,0,queue,42666.7,43520,34
3,unpaced_b1_smt,0,queue,43520,44373.3,36
3,unpaced_b1_smt,0,queue,44373.3,45226.7,39
3,unpaced_b1_smt,0,queue,45226.7,46080,35
3,unpaced_b1_smt,0,queue,46080,46933.3,37
3,unpaced_b1_smt,0,queue,46933.3,47786.7,36
3,unpaced_b1_smt,0,queue,47786.7,48640,37
3,unpaced_b1_smt,0,queue,48640,49493.3,39
3,unpaced_b1_smt,0,queue,49493.3,50346.6,35
3,unpaced_b1_smt,0,queue,50346.6,51200,38
3,unpaced_b1_smt,0,queue,51200,52053.3,37
3,unpaced_b1_smt,0,queue,52053.3,52906.6,36
3,unpaced_b1_smt,0,queue,52906.6,53760,41
3,unpaced_b1_smt,0,queue,53760,54613.3,36
3,unpaced_b1_smt,0,queue,54613.3,56320,75
3,unpaced_b1_smt,0,queue,56320,58026.6,75
3,unpaced_b1_smt,0,queue,58026.6,59733.3,72
3,unpaced_b1_smt,0,queue,59733.3,61440,98
3,unpaced_b1_smt,0,queue,61440,63146.6,79
3,unpaced_b1_smt,0,queue,63146.6,64853.3,74
3,unpaced_b1_smt,0,queue,64853.3,66560,80
3,unpaced_b1_smt,0,queue,66560,68266.6,78
3,unpaced_b1_smt,0,queue,68266.6,69973.3,72
3,unpaced_b1_smt,0,queue,69973.3,71680,77
3,unpaced_b1_smt,0,queue,71680,73386.6,76
3,unpaced_b1_smt,0,queue,73386.6,75093.3,74
3,unpaced_b1_smt,0,queue,75093.3,76800,75
3,unpaced_b1_smt,0,queue,76800,78506.6,71
3,unpaced_b1_smt,0,queue,78506.6,80213.3,75
3,unpaced_b1_smt,0,queue,80213.3,81920,73
3,unpaced_b1_smt,0,queue,81920,83626.6,77
3,unpaced_b1_smt,0,queue,83626.6,85333.3,70
3,unpaced_b1_smt,0,queue,85333.3,87040,72
3,unpaced_b1_smt,0,queue,87040,88746.6,72
3,unpaced_b1_smt,0,queue,88746.6,90453.3,73
3,unpaced_b1_smt,0,queue,90453.3,92160,73
3,unpaced_b1_smt,0,queue,92160,93866.6,77
3,unpaced_b1_smt,0,queue,93866.6,95573.3,73
3,unpaced_b1_smt,0,queue,95573.3,97280,70
3,unpaced_b1_smt,0,queue,97280,98986.6,77
3,unpaced_b1_smt,0,queue,98986.6,100693,72
3,unpaced_b1_smt,0,queue,100693,102400,72
3,unpaced_b1_smt,0,queue,102400,104107,72
3,unpaced_b1_smt,0,queue,104107,105813,71
3,unpaced_b1_smt,0,queue,105813,107520,71
3,unpaced_b1_smt,0,queue,107520,109227,68
3,unpaced_b1_smt,0,queue,109227,112640,153
3,unpaced_b1_smt,0,queue,112640,116053,142
3,unpaced_b1_smt,0,queue,116053,119467,131
3,unpaced_b1_smt,0,queue,119467,122880,118
3,unpaced_b1_smt,0,queue,122880,126293,132
3,unpaced_b1_smt,0,queue,126293,129707,118
3,unpaced_b1_smt,0,queue,129707,133120,127
3,unpaced_b1_smt,0,queue,133120,136533,131
3,unpaced_b1_smt,0,queue,136533,139947,139
3,unpaced_b1_smt,0,queue,139947,143360,137
3,unpaced_b1_smt,0,queue,143360,146773,137
3,unpaced_b1_smt,0,queue,146773,150187,133
3,unpaced_b1_smt,0,queue,150187,153600,132
3,unpaced_b1_smt,0,queue,153600,157013,136
3,unpaced_b1_smt,0,queue,157013,160427,139
3,unpaced_b1_smt,0,queue,160427,163840,126
3,unpaced_b1_smt,0,queue,163840,167253,133
3,unpaced_b1_smt,0,queue,167253,170667,147
3,unpaced_b1_smt,0,queue,170667,174080,137
3,unpaced_b1_smt,0,queue,174080,177493,134
3,unpaced_b1_smt,0,queue,177493,180907,139
3,unpaced_b1_smt,0,queue,180907,184320,138
3,unpaced_b1_smt,0,queue,184320,187733,138
3,unpaced_b1_smt,0,queue,187733,191147,139
3,unpaced_b1_smt,0,queue,191147,194560,137
3,unpaced_b1_smt,0,queue,194560,197973,138
3,unpaced_b1_smt,0,queue,197973,201387,131
3,unpaced_b1_smt,0,queue,201387,204800,139
3,unpaced_b1_smt,0,queue,204800,208213,136
3,unpaced_b1_smt,0,queue,208213,211627,144
3,unpaced_b1_smt,0,queue,211627,215040,135
3,unpaced_b1_smt,0,queue,215040,218453,135
3,unpaced_b1_smt,0,queue,218453,225280,282
3,unpaced_b1_smt,0,queue,225280,232107,292
3,unpaced_b1_smt,0,queue,232107,238933,261
3,unpaced_b1_smt,0,queue,238933,245760,42
3,unpaced_b1_smt,0,queue,245760,252587,40
3,unpaced_b1_smt,0,queue,252587,259413,40
3,unpaced_b1_smt,0,queue,259413,266240,35
3,unpaced_b1_smt,0,queue,266240,273067,33
3,unpaced_b1_smt,0,queue,273067,279893,32
3,unpaced_b1_smt,0,queue,279893,286720,30
3,unpaced_b1_smt,0,queue,286720,293547,29
3,unpaced_b1_smt,0,queue,293547,300373,31
3,unpaced_b1_smt,0,queue,300373,307200,36
3,unpaced_b1_smt,0,queue,307200,314027,44
3,unpaced_b1_smt,0,queue,314027,320853,35
3,unpaced_b1_smt,0,queue,320853,327680,39
3,unpaced_b1_smt,0,queue,327680,334507,37
3,unpaced_b1_smt,0,queue,334507,341333,41
3,unpaced_b1_smt,0,queue,341333,348160,41
3,unpaced_b1_smt,0,queue,348160,354987,37
3,unpaced_b1_smt,0,queue,354987,361813,49
3,unpaced_b1_smt,0,queue,361813,368640,37
3,unpaced_b1_smt,0,queue,368640,375467,43
3,unpaced_b1_smt,0,queue,375467,382293,40
3,unpaced_b1_smt,0,queue,382293,389120,39
3,unpaced_b1_smt,0,queue,389120,395947,39
3,unpaced_b1_smt,0,queue,395947,402773,34
3,unpaced_b1_smt,0,queue,402773,409600,50
3,unpaced_b1_smt,0,queue,409600,416427,48
3,unpaced_b1_smt,0,queue,416427,423253,45
3,unpaced_b1_smt,0,queue,423253,430080,40
3,unpaced_b1_smt,0,queue,430080,436907,45
3,unpaced_b1_smt,0,queue,436907,450560,73
3,unpaced_b1_smt,0,queue,450560,464213,83
3,unpaced_b1_smt,0,queue,464213,477867,88
3,unpaced_b1_smt,0,queue,477867,491520,92
3,unpaced_b1_smt,0,queue,491520,505173,102
3,unpaced_b1_smt,0,queue,505173,518826,98
3,unpaced_b1_smt,0,queue,518826,532480,87
3,unpaced_b1_smt,0,queue,532480,546133,106
3,unpaced_b1_smt,0,queue,546133,559786,110
3,unpaced_b1_smt,0,queue,559786,573440,91
3,unpaced_b1_smt,0,queue,573440,587093,95
3,unpaced_b1_smt,0,queue,587093,600746,114
3,unpaced_b1_smt,0,queue,600746,614400,89
3,unpaced_b1_smt,0,queue,614400,628053,101
3,unpaced_b1_smt,0,queue,628053,641706,113
3,unpaced_b1_smt,0,queue,641706,655360,108
3,unpaced_b1_smt,0,queue,655360,669013,124
3,unpaced_b1_smt,0,queue,669013,682666,234
3,unpaced_b1_smt,0,queue,682666,696320,150
3,unpaced_b1_smt,0,queue,696320,709973,114
3,unpaced_b1_smt,0,queue,709973,723626,122
3,unpaced_b1_smt,0,queue,723626,737280,100
3,unpaced_b1_smt,0,queue,737280,750933,118
3,unpaced_b1_smt,0,queue,750933,764586,113
3,unpaced_b1_smt,0,queue,764586,778240,117
3,unpaced_b1_smt,0,queue,778240,791893,108
3,unpaced_b1_smt,0,queue,791893,805546,129
3,unpaced_b1_smt,0,queue,805546,819200,103
3,unpaced_b1_smt,0,queue,819200,832853,101
3,unpaced_b1_smt,0,queue,832853,846506,109
3,unpaced_b1_smt,0,queue,846506,860160,106
3,unpaced_b1_smt,0,queue,860160,873813,101
3,unpaced_b1_smt,0,queue,873813,901120,215
3,unpaced_b1_smt,0,queue,901120,928426,120
3,unpaced_b1_smt,0,queue,928426,955733,324
3,unpaced_b1_smt,0,queue,955733,983040,249
3,unpaced_b1_smt,0,queue,983040,1.01035e+06,257
3,unpaced_b1_smt,0,queue,1.01035e+06,1.03765e+06,280
3,unpaced_b1_smt,0,queue,1.03765e+06,1.06496e+06,273
3,unpaced_b1_smt,0,queue,1.06496e+06,1.09227e+06,254
3,unpaced_b1_smt,0,queue,1.09227e+06,1.11957e+06,221
3,unpaced_b1_smt,0,queue,1.11957e+06,1.14688e+06,261
3,unpaced_b1_smt,0,queue,1.14688e+06,1.17419e+06,235
3,unpaced_b1_smt,0,queue,1.17419e+06,1.20149e+06,245
3,unpaced_b1_smt,0,queue,1.20149e+06,1.2288e+06,267
3,unpaced_b1_smt,0,queue,1.2288e+06,1.25611e+06,246
3,unpaced_b1_smt,0,queue,1.25611e+06,1.28341e+06,256
3,unpaced_b1_smt,0,queue,1.28341e+06,1.31072e+06,235
3,unpaced_b1_smt,0,queue,1.31072e+06,1.33803e+06,224
3,unpaced_b1_smt,0,queue,1.33803e+06,1.36533e+06,231
3,unpaced_b1_smt,0,queue,1.36533e+06,1.39264e+06,225
3,unpaced_b1_smt,0,queue,1.39264e+06,1.41995e+06,234
3,unpaced_b1_smt,0,queue,1.41995e+06,1.44725e+06,222
3,unpaced_b1_smt,0,queue,1.44725e+06,1.47456e+06,244
3,unpaced_b1_smt,0,queue,1.47456e+06,1.50187e+06,239
3,unpaced_b1_smt,0,queue,1.50187e+06,1.52917e+06,208
3,unpaced_b1_smt,0,queue,1.52917e+06,1.55648e+06,274
3,unpaced_b1_smt,0,queue,1.55648e+06,1.58379e+06,243
3,unpaced_b1_smt,0,queue,1.58379e+06,1.61109e+06,256
3,unpaced_b1_smt,0,queue,1.61109e+06,1.6384e+06,222
3,unpaced_b1_smt,0,queue,1.6384e+06,1.66571e+06,65
3,unpaced_b1_smt,0,queue,1.66571e+06,1.69301e+06,245
3,unpaced_b1_smt,0,queue,1.69301e+06,1.72032e+06,294
3,unpaced_b1_smt,0,queue,1.72032e+06,1.74763e+06,235
3,unpaced_b1_smt,0,queue,1.74763e+06,1.80224e+06,466
3,unpaced_b1_smt,0,queue,1.80224e+06,1.85685e+06,395
3,unpaced_b1_smt,0,queue,1.85685e+06,1.91147e+06,485
3,unpaced_b1_smt,0,queue,1.91147e+06,1.96608e+06,432
3,unpaced_b1_smt,0,queue,1.96608e+06,2.02069e+06,437
3,unpaced_b1_smt,0,queue,2.02069e+06,2.07531e+06,499
3,unpaced_b1_smt,0,queue,2.07531e+06,2.12992e+06,483
3,unpaced_b1_smt,0,queue,2.12992e+06,2.18453e+06,481
3,unpaced_b1_smt,0,queue,2.18453e+06,2.23915e+06,513
3,unpaced_b1_smt,0,queue,2.23915e+06,2.29376e+06,481
3,unpaced_b1_smt,0,queue,2.29376e+06,2.34837e+06,469
3,unpaced_b1_smt,0,queue,2.34837e+06,2.40299e+06,452
3,unpaced_b1_smt,0,queue,2.40299e+06,2.4576e+06,931
3,unpaced_b1_smt,0,queue,2.4576e+06,2.51221e+06,79898
3,unpaced_b1_smt,0,queue,2.51221e+06,2.56683e+06,215774
3,unpaced_b1_smt,0,queue,2.56683e+06,2.62144e+06,879873
3,unpaced_b1_smt,0,queue,2.62144e+06,2.67605e+06,1025178
3,unpaced_b1_smt,0,queue,2.67605e+06,2.73067e+06,684923
3,unpaced_b1_smt,0,queue,2.73067e+06,2.78528e+06,303752
3,unpaced_b1_smt,0,queue,2.78528e+06,2.83989e+06,358722
3,unpaced_b1_smt,0,queue,2.83989e+06,2.89451e+06,217504
3,unpaced_b1_smt,0,queue,2.89451e+06,2.94912e+06,155728
3,unpaced_b1_smt,0,queue,2.94912e+06,3.00373e+06,183310
3,unpaced_b1_smt,0,queue,3.00373e+06,3.05835e+06,130843
3,unpaced_b1_smt,0,queue,3.05835e+06,3.11296e+06,68138
3,unpaced_b1_smt,0,queue,3.11296e+06,3.16757e+06,38158
3,unpaced_b1_smt,0,queue,3.16757e+06,3.22219e+06,66352
3,unpaced_b1_smt,0,queue,3.22219e+06,3.2768e+06,60800
3,unpaced_b1_smt,0,queue,3.2768e+06,3.33141e+06,38903
3,unpaced_b1_smt,0,queue,3.33141e+06,3.38603e+06,48841
3,unpaced_b1_smt,0,queue,3.38603e+06,3.44064e+06,55206
3,unpaced_b1_smt,0,queue,3.44064e+06,3.49525e+06,147348
3,unpaced_b1_smt,0,queue,3.49525e+06,3.60448e+06,1394296
3,unpaced_b1_smt,0,queue,3.60448e+06,3.71371e+06,5906767
3,unpaced_b1_smt,0,queue,3.71371e+06,3.82293e+06,14420984
3,unpaced_b1_smt,0,queue,3.82293e+06,3.93216e+06,25366667
3,unpaced_b1_smt,0,queue,3.93216e+06,4.04139e+06,29129862
3,unpaced_b1_smt,0,queue,4.04139e+06,4.15061e+06,23339056
3,unpaced_b1_smt,0,queue,4.15061e+06,4.25984e+06,14865278
3,unpaced_b1_smt,0,queue,4.25984e+06,4.36907e+06,7082751
3,unpaced_b1_smt,0,queue,4.36907e+06,4.47829e+06,3312023
3,unpaced_b1_smt,0,queue,4.47829e+06,4.58752e+06,1324568
3,unpaced_b1_smt,0,queue,4.58752e+06,4.69675e+06,794032
3,unpaced_b1_smt,0,queue,4.69675e+06,4.80597e+06,366969
3,unpaced_b1_smt,0,queue,4.80597e+06,4.9152e+06,170144
3,unpaced_b1_smt,0,queue,4.9152e+06,5.02442e+06,118274
3,unpaced_b1_smt,0,queue,5.02442e+06,5.13365e+06,56038
3,unpaced_b1_smt,0,queue,5.13365e+06,5.24288e+06,29124
3,unpaced_b1_smt,0,queue,5.24288e+06,5.3521e+06,36419
3,unpaced_b1_smt,0,queue,5.3521e+06,5.46133e+06,12405
3,unpaced_b1_smt,0,queue,5.46133e+06,5.57056e+06,16002
3,unpaced_b1_smt,0,queue,5.57056e+06,5.67978e+06,12187
3,unpaced_b1_smt,0,queue,5.67978e+06,5.78901e+06,14094
3,unpaced_b1_smt,0,queue,5.78901e+06,5.89824e+06,48400
3,unpaced_b1_smt,0,queue,5.89824e+06,6.00746e+06,20817
3,unpaced_b1_smt,0,queue,6.00746e+06,6.11669e+06,3511
3,unpaced_b1_smt,0,queue,6.11669e+06,6.22592e+06,14333
3,unpaced_b1_smt,0,queue,6.22592e+06,6.33514e+06,3994
3,unpaced_b1_smt,0,queue,6.33514e+06,6.44437e+06,405
3,unpaced_b1_smt,0,queue,6.44437e+06,6.5536e+06,1109
3,unpaced_b1_smt,0,queue,6.5536e+06,6.66282e+06,2451
3,unpaced_b1_smt,0,queue,6.66282e+06,6.77205e+06,4503
3,unpaced_b1_smt,0,queue,6.77205e+06,6.88128e+06,4195
3,unpaced_b1_smt,0,book,15.8333,16.25,1
3,unpaced_b1_smt,0,book,16.6667,17.0833,3
3,unpaced_b1_smt,0,book,17.5,17.9167,8
3,unpaced_b1_smt,0,book,18.3333,18.75,37
3,unpaced_b1_smt,0,book,19.1667,19.5833,82
3,unpaced_b1_smt,0,book,20,20.4167,217
3,unpaced_b1_smt,0,book,20.8333,21.25,178
3,unpaced_b1_smt,0,book,21.6667,22.0833,256
3,unpaced_b1_smt,0,book,22.5,22.9167,707
3,unpaced_b1_smt,0,book,23.3333,23.75,1612
3,unpaced_b1_smt,0,book,24.1667,24.5833,4130
3,unpaced_b1_smt,0,book,25,25.4167,9611
3,unpaced_b1_smt,0,book,25.8333,26.25,20092
3,unpaced_b1_smt,0,book,26.6667,27.5,48921
3,unpaced_b1_smt,0,book,27.5,28.3333,95902
3,unpaced_b1_smt,0,book,28.3333,29.1667,178220
3,unpaced_b1_smt,0,book,29.1667,30,288813
3,unpaced_b1_smt,0,book,30,30.8333,382019
3,unpaced_b1_smt,0,book,30.8333,31.6667,486939
3,unpaced_b1_smt,0,book,31.6667,32.5,535983
3,unpaced_b1_smt,0,book,32.5,33.3333,588583
3,unpaced_b1_smt,0,book,33.3333,34.1667,614681
3,unpaced_b1_smt,0,book,34.1667,35,561195
3,unpaced_b1_smt,0,book,35,35.8333,609662
3,unpaced_b1_smt,0,book,35.8333,36.6667,597588
3,unpaced_b1_smt,0,book,36.6667,37.5,521810
3,unpaced_b1_smt,0,book,37.5,38.3333,483336
3,unpaced_b1_smt,0,book,38.3333,39.1667,330967
3,unpaced_b1_smt,0,book,39.1667,40,243762
3,unpaced_b1_smt,0,book,40,40.8333,233245
3,unpaced_b1_smt,0,book,40.8333,41.6667,188241
3,unpaced_b1_smt,0,book,41.6667,42.5,216572
3,unpaced_b1_smt,0,book,42.5,43.3333,288913
3,unpaced_b1_smt,0,book,43.3333,44.1667,360502
3,unpaced_b1_smt,0,book,44.1667,45,520967
3,unpaced_b1_smt,0,book,45,45.8333,675472
3,unpaced_b1_smt,0,book,45.8333,46.6667,745516
3,unpaced_b1_smt,0,book,46.6667,47.5,892963
3,unpaced_b1_smt,0,book,47.5,48.3333,873512
3,unpaced_b1_smt,0,book,48.3333,49.1666,813541
3,unpaced_b1_smt,0,book,49.1666,50,749550
3,unpaced_b1_smt,0,book,50,50.8333,640816
3,unpaced_b1_smt,0,book,50.8333,51.6666,518412
3,unpaced_b1_smt,0,book,51.6666,52.5,410339
3,unpaced_b1_smt,0,book,52.5,53.3333,352275
3,unpaced_b1_smt,0,book,53.3333,55,587236
3,unpaced_b1_smt,0,book,55,56.6666,596783
3,unpaced_b1_smt,0,book,56.6666,58.3333,653587
3,unpaced_b1_smt,0,book,58.3333,60,715823
3,unpaced_b1_smt,0,book,60,61.6666,832715
3,unpaced_b1_smt,0,book,61.6666,63.3333,864083
3,unpaced_b1_smt,0,book,63.3333,65,846460
3,unpaced_b1_smt,0,book,65,66.6666,877925
3,unpaced_b1_smt,0,book,66.6666,68.3333,916730
3,unpaced_b1_smt,0,book,68.3333,70,895504
3,unpaced_b1_smt,0,book,70,71.6666,899092
3,unpaced_b1_smt,0,book,71.6666,73.3333,872781
3,unpaced_b1_smt,0,book,73.3333,75,862382
3,unpaced_b1_smt,0,book,75,76.6666,879181
3,unpaced_b1_smt,0,book,76.6666,78.3333,872847
3,unpaced_b1_smt,0,book,78.3333,80,831395
3,unpaced_b1_smt,0,book,80,81.6666,857322
3,unpaced_b1_smt,0,book,81.6666,83.3333,807579
3,unpaced_b1_smt,0,book,83.3333,85,719742
3,unpaced_b1_smt,0,book,85,86.6666,676474
3,unpaced_b1_smt,0,book,86.6666,88.3333,649015
3,unpaced_b1_smt,0,book,88.3333,90,593462
3,unpaced_b1_smt,0,book,90,91.6666,563868
3,unpaced_b1_smt,0,book,91.6666,93.3333,522402
3,unpaced_b1_smt,0,book,93.3333,95,485786
3,unpaced_b1_smt,0,book,95,96.6666,462160
3,unpaced_b1_smt,0,book,96.6666,98.3333,421622
3,unpaced_b1_smt,0,book,98.3333,100,375072
3,unpaced_b1_smt,0,book,100,101.667,367347
3,unpaced_b1_smt,0,book,101.667,103.333,343628
3,unpaced_b1_smt,0,book,103.333,105,311882
3,unpaced_b1_smt,0,book,105,106.667,298533
3,unpaced_b1_smt,0,book,106.667,110,558181
3,unpaced_b1_smt,0,book,110,113.333,492509
3,unpaced_b1_smt,0,book,113.333,116.667,440231
3,unpaced_b1_smt,0,book,116.667,120,385761
3,unpaced_b1_smt,0,book,120,123.333,359836
3,unpaced_b1_smt,0,book,123.333,126.667,307792
3,unpaced_b1_smt,0,book,126.667,130,279870
3,unpaced_b1_smt,0,book,130,133.333,285913
3,unpaced_b1_smt,0,book,133.333,136.667,439361
3,unpaced_b1_smt,0,book,136.667,140,742037
3,unpaced_b1_smt,0,book,140,143.333,1089053
3,unpaced_b1_smt,0,book,143.333,146.667,1248188
3,unpaced_b1_smt,0,book,146.667,150,1689720
3,unpaced_b1_smt,0,book,150,153.333,2474482
3,unpaced_b1_smt,0,book,153.333,156.667,3062509
3,unpaced_b1_smt,0,book,156.667,160,2998669
3,unpaced_b1_smt,0,book,160,163.333,3263791
3,unpaced_b1_smt,0,book,163.333,166.667,3641804
3,unpaced_b1_smt,0,book,166.667,170,3829675
3,unpaced_b1_smt,0,book,170,173.333,3416150
3,unpaced_b1_smt,0,book,173.333,176.667,3156676
3,unpaced_b1_smt,0,book,176.667,180,3007823
3,unpaced_b1_smt,0,book,180,183.333,2903073
3,unpaced_b1_smt,0,book,183.333,186.667,2518133
3,unpaced_b1_smt,0,book,186.667,190,2351514
3,unpaced_b1_smt,0,book,190,193.333,2162999
3,unpaced_b1_smt,0,book,193.333,196.667,2027266
3,unpaced_b1_smt,0,book,196.667,200,1852348
3,unpaced_b1_smt,0,book,200,203.333,1800074
3,unpaced_b1_smt,0,book,203.333,206.667,1608531
3,unpaced_b1_smt,0,book,206.667,210,1510968
3,unpaced_b1_smt,0,book,210,213.333,1383451
3,unpaced_b1_smt,0,book,213.333,220,2448564
3,unpaced_b1_smt,0,book,220,226.667,2127139
3,unpaced_b1_smt,0,book,226.667,233.333,1865646
3,unpaced_b1_smt,0,book,233.333,240,1647541
3,unpaced_b1_smt,0,book,240,246.667,1487460
3,unpaced_b1_smt,0,book,246.667,253.333,1347419
3,unpaced_b1_smt,0,book,253.333,260,1222605
3,unpaced_b1_smt,0,book,260,266.667,1134630
3,unpaced_b1_smt,0,book,266.667,273.333,1056784
3,unpaced_b1_smt,0,book,273.333,280,997382
3,unpaced_b1_smt,0,book,280,286.667,968143
3,unpaced_b1_smt,0,book,286.667,293.333,937171
3,unpaced_b1_smt,0,book,293.333,300,908902
3,unpaced_b1_smt,0,book,300,306.667,898571
3,unpaced_b1_smt,0,book,306.667,313.333,882683
3,unpaced_b1_smt,0,book,313.333,320,868545
3,unpaced_b1_smt,0,book,320,326.667,857870
3,unpaced_b1_smt,0,book,326.667,333.333,830168
3,unpaced_b1_smt,0,book,333.333,340,801125
3,unpaced_b1_smt,0,book,340,346.667,784490
3,unpaced_b1_smt,0,book,346.667,353.333,759587
3,unpaced_b1_smt,0,book,353.333,360,728873
3,unpaced_b1_smt,0,book,360,366.667,701392
3,unpaced_b1_smt,0,book,366.667,373.333,670106
3,unpaced_b1_smt,0,book,373.333,380,631644
3,unpaced_b1_smt,0,book,380,386.667,604502
3,unpaced_b1_smt,0,book,386.667,393.333,576709
3,unpaced_b1_smt,0,book,393.333,400,547588
3,unpaced_b1_smt,0,book,400,406.667,529794
3,unpaced_b1_smt,0,book,406.667,413.333,498731
3,unpaced_b1_smt,0,book,413.333,420,471771
3,unpaced_b1_smt,0,book,420,426.667,448911
3,unpaced_b1_smt,0,book,426.667,440,848544
3,unpaced_b1_smt,0,book,440,453.333,787707
3,unpaced_b1_smt,0,book,453.333,466.667,677485
3,unpaced_b1_smt,0,book,466.667,480,575458
3,unpaced_b1_smt,0,book,480,493.333,497430
3,unpaced_b1_smt,0,book,493.333,506.666,428444
3,unpaced_b1_smt,0,book,506.666,520,377349
3,unpaced_b1_smt,0,book,520,533.333,335416
3,unpaced_b1_smt,0,book,533.333,546.666,299310
3,unpaced_b1_smt,0,book,546.666,560,272045
3,unpaced_b1_smt,0,book,560,573.333,248200
3,unpaced_b1_smt,0,book,573.333,586.666,223343
3,unpaced_b1_smt,0,book,586.666,600,203479
3,unpaced_b1_smt,0,book,600,613.333,184448
3,unpaced_b1_smt,0,book,613.333,626.666,164120
3,unpaced_b1_smt,0,book,626.666,640,147264
3,unpaced_b1_smt,0,book,640,653.333,132633
3,unpaced_b1_smt,0,book,653.333,666.666,117564
3,unpaced_b1_smt,0,book,666.666,680,106019
3,unpaced_b1_smt,0,book,680,693.333,95036
3,unpaced_b1_smt,0,book,693.333,706.666,84258
3,unpaced_b1_smt,0,book,706.666,720,76285
3,unpaced_b1_smt,0,book,720,733.333,68855
3,unpaced_b1_smt,0,book,733.333,746.666,60152
3,unpaced_b1_smt,0,book,746.666,760,54397
3,unpaced_b1_smt,0,book,760,773.333,48899
3,unpaced_b1_smt,0,book,773.333,786.666,43031
3,unpaced_b1_smt,0,book,786.666,800,38952
3,unpaced_b1_smt,0,book,800,813.333,34908
3,unpaced_b1_smt,0,book,813.333,826.666,30403
3,unpaced_b1_smt,0,book,826.666,840,28027
3,unpaced_b1_smt,0,book,840,853.333,24955
3,unpaced_b1_smt,0,book,853.333,880,42150
3,unpaced_b1_smt,0,book,880,906.666,33667
3,unpaced_b1_smt,0,book,906.666,933.333,27070
3,unpaced_b1_smt,0,book,933.333,960,21739
3,unpaced_b1_smt,0,book,960,986.666,17353
3,unpaced_b1_smt,0,book,986.666,1013.33,14019
3,unpaced_b1_smt,0,book,1013.33,1040,11279
3,unpaced_b1_smt,0,book,1040,1066.67,9080
3,unpaced_b1_smt,0,book,1066.67,1093.33,7498
3,unpaced_b1_smt,0,book,1093.33,1120,6084
3,unpaced_b1_smt,0,book,1120,1146.67,5058
3,unpaced_b1_smt,0,book,1146.67,1173.33,4163
3,unpaced_b1_smt,0,book,1173.33,1200,3535
3,unpaced_b1_smt,0,book,1200,1226.67,2929
3,unpaced_b1_smt,0,book,1226.67,1253.33,2459
3,unpaced_b1_smt,0,book,1253.33,1280,2120
3,unpaced_b1_smt,0,book,1280,1306.67,1819
3,unpaced_b1_smt,0,book,1306.67,1333.33,1613
3,unpaced_b1_smt,0,book,1333.33,1360,1374
3,unpaced_b1_smt,0,book,1360,1386.67,1186
3,unpaced_b1_smt,0,book,1386.67,1413.33,1136
3,unpaced_b1_smt,0,book,1413.33,1440,886
3,unpaced_b1_smt,0,book,1440,1466.67,897
3,unpaced_b1_smt,0,book,1466.67,1493.33,695
3,unpaced_b1_smt,0,book,1493.33,1520,672
3,unpaced_b1_smt,0,book,1520,1546.67,597
3,unpaced_b1_smt,0,book,1546.67,1573.33,551
3,unpaced_b1_smt,0,book,1573.33,1600,485
3,unpaced_b1_smt,0,book,1600,1626.67,460
3,unpaced_b1_smt,0,book,1626.67,1653.33,430
3,unpaced_b1_smt,0,book,1653.33,1680,389
3,unpaced_b1_smt,0,book,1680,1706.67,376
3,unpaced_b1_smt,0,book,1706.67,1760,698
3,unpaced_b1_smt,0,book,1760,1813.33,559
3,unpaced_b1_smt,0,book,1813.33,1866.67,580
3,unpaced_b1_smt,0,book,1866.67,1920,484
3,unpaced_b1_smt,0,book,1920,1973.33,440
3,unpaced_b1_smt,0,book,1973.33,2026.67,412
3,unpaced_b1_smt,0,book,2026.67,2080,389
3,unpaced_b1_smt,0,book,2080,2133.33,330
3,unpaced_b1_smt,0,book,2133.33,2186.67,356
3,unpaced_b1_smt,0,book,2186.67,2240,312
3,unpaced_b1_smt,0,book,2240,2293.33,292
3,unpaced_b1_smt,0,book,2293.33,2346.67,226
3,unpaced_b1_smt,0,book,2346.67,2400,201
3,unpaced_b1_smt,0,book,2400,2453.33,196
3,unpaced_b1_smt,0,book,2453.33,2506.67,165
3,unpaced_b1_smt,0,book,2506.67,2560,170
3,unpaced_b1_smt,0,book,2560,2613.33,139
3,unpaced_b1_smt,0,book,2613.33,2666.67,133
3,unpaced_b1_smt,0,book,2666.67,2720,100
3,unpaced_b1_smt,0,book,2720,2773.33,94
3,unpaced_b1_smt,0,book,2773.33,2826.67,103
3,unpaced_b1_smt,0,book,2826.67,2880,73
3,unpaced_b1_smt,0,book,2880,2933.33,88
3,unpaced_b1_smt,0,book,2933.33,2986.67,80
3,unpaced_b1_smt,0,book,2986.67,3040,69
3,unpaced_b1_smt,0,book,3040,3093.33,70
3,unpaced_b1_smt,0,book,3093.33,3146.67,72
3,unpaced_b1_smt,0,book,3146.67,3200,48
3,unpaced_b1_smt,0,book,3200,3253.33,54
3,unpaced_b1_smt,0,book,3253.33,3306.67,52
3,unpaced_b1_smt,0,book,3306.67,3360,68
3,unpaced_b1_smt,0,book,3360,3413.33,50
3,unpaced_b1_smt,0,book,3413.33,3520,103
3,unpaced_b1_smt,0,book,3520,3626.67,103
3,unpaced_b1_smt,0,book,3626.67,3733.33,81
3,unpaced_b1_smt,0,book,3733.33,3840,62
3,unpaced_b1_smt,0,book,3840,3946.67,51
3,unpaced_b1_smt,0,book,3946.67,4053.33,51
3,unpaced_b1_smt,0,book,4053.33,4160,35
3,unpaced_b1_smt,0,book,4160,4266.67,64
3,unpaced_b1_smt,0,book,4266.67,4373.33,65
3,unpaced_b1_smt,0,book,4373.33,4480,92
3,unpaced_b1_smt,0,book,4480,4586.67,139
3,unpaced_b1_smt,0,book,4586.67,4693.33,187
3,unpaced_b1_smt,0,book,4693.33,4800,260
3,unpaced_b1_smt,0,book,4800,4906.66,321
3,unpaced_b1_smt,0,book,4906.66,5013.33,385
3,unpaced_b1_smt,0,book,5013.33,5120,501
3,unpaced_b1_smt,0,book,5120,5226.66,569
3,unpaced_b1_smt,0,book,5226.66,5333.33,611
3,unpaced_b1_smt,0,book,5333.33,5440,602
3,unpaced_b1_smt,0,book,5440,5546.66,535
3,unpaced_b1_smt,0,book,5546.66,5653.33,409
3,unpaced_b1_smt,0,book,5653.33,5760,341
3,unpaced_b1_smt,0,book,5760,5866.66,322
3,unpaced_b1_smt,0,book,5866.66,5973.33,262
3,unpaced_b1_smt,0,book,5973.33,6080,206
3,unpaced_b1_smt,0,book,6080,6186.66,144
3,unpaced_b1_smt,0,book,6186.66,6293.33,117
3,unpaced_b1_smt,0,book,6293.33,6400,109
3,unpaced_b1_smt,0,book,6400,6506.66,86
3,unpaced_b1_smt,0,book,6506.66,6613.33,59
3,unpaced_b1_smt,0,book,6613.33,6720,54
3,unpaced_b1_smt,0,book,6720,6826.66,57
3,unpaced_b1_smt,0,book,6826.66,7040,103
3,unpaced_b1_smt,0,book,7040,7253.33,92
3,unpaced_b1_smt,0,book,7253.33,7466.66,115
3,unpaced_b1_smt,0,book,7466.66,7680,273
3,unpaced_b1_smt,0,book,7680,7893.33,479
3,unpaced_b1_smt,0,book,7893.33,8106.66,424
3,unpaced_b1_smt,0,book,8106.66,8320,294
3,unpaced_b1_smt,0,book,8320,8533.33,163
3,unpaced_b1_smt,0,book,8533.33,8746.66,69
3,unpaced_b1_smt,0,book,8746.66,8960,51
3,unpaced_b1_smt,0,book,8960,9173.33,31
3,unpaced_b1_smt,0,book,9173.33,9386.66,28
3,unpaced_b1_smt,0,book,9386.66,9600,19
3,unpaced_b1_smt,0,book,9600,9813.33,24
3,unpaced_b1_smt,0,book,9813.33,10026.7,27
3,unpaced_b1_smt,0,book,10026.7,10240,51
3,unpaced_b1_smt,0,book,10240,10453.3,84
3,unpaced_b1_smt,0,book,10453.3,10666.7,102
3,unpaced_b1_smt,0,book,10666.7,10880,126
3,unpaced_b1_smt,0,book,10880,11093.3,152
3,unpaced_b1_smt,0,book,11093.3,11306.7,202
3,unpaced_b1_smt,0,book,11306.7,11520,466
3,unpaced_b1_smt,0,book,11520,11733.3,1167
3,unpaced_b1_smt,0,book,11733.3,11946.7,2399
3,unpaced_b1_smt,0,book,11946.7,12160,3980
3,unpaced_b1_smt,0,book,12160,12373.3,4943
3,unpaced_b1_smt,0,book,12373.3,12586.7,4778
3,unpaced_b1_smt,0,book,12586.7,12800,3654
3,unpaced_b1_smt,0,book,12800,13013.3,2337
3,unpaced_b1_smt,0,book,13013.3,13226.7,1203
3,unpaced_b1_smt,0,book,13226.7,13440,535
3,unpaced_b1_smt,0,book,13440,13653.3,311
3,unpaced_b1_smt,0,book,13653.3,14080,287
3,unpaced_b1_smt,0,book,14080,14506.7,208
3,unpaced_b1_smt,0,book,14506.7,14933.3,136
3,unpaced_b1_smt,0,book,14933.3,15360,74
3,unpaced_b1_smt,0,book,15360,15786.7,58
3,unpaced_b1_smt,0,book,15786.7,16213.3,25
3,unpaced_b1_smt,0,book,16213.3,16640,22
3,unpaced_b1_smt,0,book,16640,17066.7,9
3,unpaced_b1_smt,0,book,17066.7,17493.3,16
3,unpaced_b1_smt,0,book,17493.3,17920,13
3,unpaced_b1_smt,0,book,17920,18346.7,5
3,unpaced_b1_smt,0,book,18346.7,18773.3,12
3,unpaced_b1_smt,0,book,18773.3,19200,10
3,unpaced_b1_smt,0,book,19200,19626.7,14
3,unpaced_b1_smt,0,book,19626.7,20053.3,44
3,unpaced_b1_smt,0,book,20053.3,20480,62
3,unpaced_b1_smt,0,book,20480,20906.7,25
3,unpaced_b1_smt,0,book,20906.7,21333.3,28
3,unpaced_b1_smt,0,book,21333.3,21760,16
3,unpaced_b1_smt,0,book,21760,22186.7,8
3,unpaced_b1_smt,0,book,22186.7,22613.3,7
3,unpaced_b1_smt,0,book,22613.3,23040,6
3,unpaced_b1_smt,0,book,23040,23466.7,2
3,unpaced_b1_smt,0,book,23466.7,23893.3,6
3,unpaced_b1_smt,0,book,23893.3,24320,5
3,unpaced_b1_smt,0,book,24320,24746.7,4
3,unpaced_b1_smt,0,book,24746.7,25173.3,10
3,unpaced_b1_smt,0,book,25173.3,25600,8
3,unpaced_b1_smt,0,book,25600,26026.7,8
3,unpaced_b1_smt,0,book,26026.7,26453.3,4
3,unpaced_b1_smt,0,book,26453.3,26880,7
3,unpaced_b1_smt,0,book,26880,27306.7,6
3,unpaced_b1_smt,0,book,27306.7,28160,6
3,unpaced_b1_smt,0,book,28160,29013.3,1
3,unpaced_b1_smt,0,book,29013.3,29866.7,1
3,unpaced_b1_smt,0,book,30720,31573.3,2
3,unpaced_b1_smt,0,book,31573.3,32426.7,1
3,unpaced_b1_smt,0,book,32426.7,33280,4
3,unpaced_b1_smt,0,book,33280,34133.3,6
3,unpaced_b1_smt,0,book,34133.3,34986.7,3
3,unpaced_b1_smt,0,book,34986.7,35840,4
3,unpaced_b1_smt,0,book,35840,36693.3,1
3,unpaced_b1_smt,0,book,37546.7,38400,2
3,unpaced_b1_smt,0,book,38400,39253.3,1
3,unpaced_b1_smt,0,book,39253.3,40106.7,2
3,unpaced_b1_smt,0,book,40106.7,40960,1
3,unpaced_b1_smt,0,book,40960,41813.3,1
3,unpaced_b1_smt,0,book,41813.3,42666.7,1
3,unpaced_b1_smt,0,book,46080,46933.3,1
3,unpaced_b1_smt,0,book,47786.7,48640,1
3,unpaced_b1_smt,0,book,64853.3,66560,1
3,unpaced_b1_smt,0,book,75093.3,76800,1
