run,label,median,metric,bucket_lo_ns,bucket_hi_ns,count
1,mutex_1048576_same-core_unpaced,0,total,2880.01,2933.35,1
1,mutex_1048576_same-core_unpaced,0,total,5120.03,5226.69,1
1,mutex_1048576_same-core_unpaced,0,total,5333.36,5440.03,1
1,mutex_1048576_same-core_unpaced,0,total,7040.04,7253.37,2
1,mutex_1048576_same-core_unpaced,0,total,7466.7,7680.04,1
1,mutex_1048576_same-core_unpaced,0,total,7893.37,8106.71,3
1,mutex_1048576_same-core_unpaced,0,total,8106.71,8320.04,2
1,mutex_1048576_same-core_unpaced,0,total,8320.04,8533.38,2
1,mutex_1048576_same-core_unpaced,0,total,8533.38,8746.71,4
1,mutex_1048576_same-core_unpaced,0,total,8746.71,8960.05,2
1,mutex_1048576_same-core_unpaced,0,total,9173.38,9386.71,5
1,mutex_1048576_same-core_unpaced,0,total,9386.71,9600.05,1
1,mutex_1048576_same-core_unpaced,0,total,9600.05,9813.38,3
1,mutex_1048576_same-core_unpaced,0,total,10026.7,10240.1,4
1,mutex_1048576_same-core_unpaced,0,total,10240.1,10453.4,1
1,mutex_1048576_same-core_unpaced,0,total,10453.4,10666.7,9
1,mutex_1048576_same-core_unpaced,0,total,10666.7,10880.1,4
1,mutex_1048576_same-core_unpaced,0,total,10880.1,11093.4,1
1,mutex_1048576_same-core_unpaced,0,total,11093.4,11306.7,1
1,mutex_1048576_same-core_unpaced,0,total,11306.7,11520.1,3
1,mutex_1048576_same-core_unpaced,0,total,11520.1,11733.4,3
1,mutex_1048576_same-core_unpaced,0,total,11733.4,11946.7,1
1,mutex_1048576_same-core_unpaced,0,total,11946.7,12160.1,2
1,mutex_1048576_same-core_unpaced,0,total,12160.1,12373.4,4
1,mutex_1048576_same-core_unpaced,0,total,12373.4,12586.7,1
1,mutex_1048576_same-core_unpaced,0,total,12586.7,12800.1,3
1,mutex_1048576_same-core_unpaced,0,total,12800.1,13013.4,1
1,mutex_1048576_same-core_unpaced,0,total,13013.4,13226.7,6
1,mutex_1048576_same-core_unpaced,0,total,13226.7,13440.1,4
1,mutex_1048576_same-core_unpaced,0,total,13440.1,13653.4,1
1,mutex_1048576_same-core_unpaced,0,total,13653.4,14080.1,6
1,mutex_1048576_same-core_unpaced,0,total,14080.1,14506.7,5
1,mutex_1048576_same-core_unpaced,0,total,14506.7,14933.4,1
1,mutex_1048576_same-core_unpaced,0,total,14933.4,15360.1,5
1,mutex_1048576_same-core_unpaced,0,total,15360.1,15786.7,1
1,mutex_1048576_same-core_unpaced,0,total,15786.7,16213.4,1
1,mutex_1048576_same-core_unpaced,0,total,16213.4,16640.1,5
1,mutex_1048576_same-core_unpaced,0,total,16640.1,17066.8,1
1,mutex_1048576_same-core_unpaced,0,total,17066.8,17493.4,2
1,mutex_1048576_same-core_unpaced,0,total,17493.4,17920.1,1
1,mutex_1048576_same-core_unpaced,0,total,17920.1,18346.8,1
1,mutex_1048576_same-core_unpaced,0,total,18346.8,18773.4,3
1,mutex_1048576_same-core_unpaced,0,total,18773.4,19200.1,3
1,mutex_1048576_same-core_unpaced,0,total,19200.1,19626.8,2
1,mutex_1048576_same-core_unpaced,0,total,20053.4,20480.1,1
1,mutex_1048576_same-core_unpaced,0,total,20906.8,21333.4,2
1,mutex_1048576_same-core_unpaced,0,total,21333.4,21760.1,3
1,mutex_1048576_same-core_unpaced,0,total,21760.1,22186.8,2
1,mutex_1048576_same-core_unpaced,0,total,22186.8,22613.4,7
1,mutex_1048576_same-core_unpaced,0,total,22613.4,23040.1,5
1,mutex_1048576_same-core_unpaced,0,total,23040.1,23466.8,2
1,mutex_1048576_same-core_unpaced,0,total,23466.8,23893.5,5
1,mutex_1048576_same-core_unpaced,0,total,23893.5,24320.1,2
1,mutex_1048576_same-core_unpaced,0,total,24320.1,24746.8,6
1,mutex_1048576_same-core_unpaced,0,total,24746.8,25173.5,6
1,mutex_1048576_same-core_unpaced,0,total,25173.5,25600.1,1
1,mutex_1048576_same-core_unpaced,0,total,25600.1,26026.8,3
1,mutex_1048576_same-core_unpaced,0,total,26453.5,26880.1,1
1,mutex_1048576_same-core_unpaced,0,total,27306.8,28160.1,7
1,mutex_1048576_same-core_unpaced,0,total,28160.1,29013.5,4
1,mutex_1048576_same-core_unpaced,0,total,29013.5,29866.8,1
1,mutex_1048576_same-core_unpaced,0,total,29866.8,30720.2,3
1,mutex_1048576_same-core_unpaced,0,total,30720.2,31573.5,1
1,mutex_1048576_same-core_unpaced,0,total,31573.5,32426.8,2
1,mutex_1048576_same-core_unpaced,0,total,32426.8,33280.2,7
1,mutex_1048576_same-core_unpaced,0,total,33280.2,34133.5,8
1,mutex_1048576_same-core_unpaced,0,total,34133.5,34986.8,11
1,mutex_1048576_same-core_unpaced,0,total,34986.8,35840.2,19
1,mutex_1048576_same-core_unpaced,0,total,35840.2,36693.5,11
1,mutex_1048576_same-core_unpaced,0,total,36693.5,37546.9,11
1,mutex_1048576_same-core_unpaced,0,total,37546.9,38400.2,8
1,mutex_1048576_same-core_unpaced,0,total,38400.2,39253.5,5
1,mutex_1048576_same-core_unpaced,0,total,39253.5,40106.9,4
1,mutex_1048576_same-core_unpaced,0,total,40106.9,40960.2,11
1,mutex_1048576_same-core_unpaced,0,total,40960.2,41813.5,5
1,mutex_1048576_same-core_unpaced,0,total,41813.5,42666.9,3
1,mutex_1048576_same-core_unpaced,0,total,42666.9,43520.2,4
1,mutex_1048576_same-core_unpaced,0,total,43520.2,44373.6,7
1,mutex_1048576_same-core_unpaced,0,total,44373.6,45226.9,6
1,mutex_1048576_same-core_unpaced,0,total,45226.9,46080.2,19
1,mutex_1048576_same-core_unpaced,0,total,46080.2,46933.6,11
1,mutex_1048576_same-core_unpaced,0,total,46933.6,47786.9,6
1,mutex_1048576_same-core_unpaced,0,total,47786.9,48640.2,3
1,mutex_1048576_same-core_unpaced,0,total,48640.2,49493.6,3
1,mutex_1048576_same-core_unpaced,0,total,49493.6,50346.9,2
1,mutex_1048576_same-core_unpaced,0,total,50346.9,51200.3,1
1,mutex_1048576_same-core_unpaced,0,total,51200.3,52053.6,1
1,mutex_1048576_same-core_unpaced,0,total,52053.6,52906.9,1
1,mutex_1048576_same-core_unpaced,0,total,54613.6,56320.3,4
1,mutex_1048576_same-core_unpaced,0,total,56320.3,58027,4
1,mutex_1048576_same-core_unpaced,0,total,58027,59733.6,2
1,mutex_1048576_same-core_unpaced,0,total,59733.6,61440.3,2
1,mutex_1048576_same-core_unpaced,0,total,61440.3,63147,1
1,mutex_1048576_same-core_unpaced,0,total,63147,64853.7,2
1,mutex_1048576_same-core_unpaced,0,total,64853.7,66560.3,7
1,mutex_1048576_same-core_unpaced,0,total,66560.3,68267,2
1,mutex_1048576_same-core_unpaced,0,total,68267,69973.7,1
1,mutex_1048576_same-core_unpaced,0,total,69973.7,71680.4,1
1,mutex_1048576_same-core_unpaced,0,total,71680.4,73387,8
1,mutex_1048576_same-core_unpaced,0,total,73387,75093.7,5
1,mutex_1048576_same-core_unpaced,0,total,75093.7,76800.4,5
1,mutex_1048576_same-core_unpaced,0,total,76800.4,78507.1,1
1,mutex_1048576_same-core_unpaced,0,total,78507.1,80213.7,4
1,mutex_1048576_same-core_unpaced,0,total,81920.4,83627.1,3
1,mutex_1048576_same-core_unpaced,0,total,83627.1,85333.8,2
1,mutex_1048576_same-core_unpaced,0,total,87040.4,88747.1,2
1,mutex_1048576_same-core_unpaced,0,total,88747.1,90453.8,2
1,mutex_1048576_same-core_unpaced,0,total,90453.8,92160.5,4
1,mutex_1048576_same-core_unpaced,0,total,92160.5,93867.1,5
1,mutex_1048576_same-core_unpaced,0,total,95573.8,97280.5,6
1,mutex_1048576_same-core_unpaced,0,total,97280.5,98987.2,10
1,mutex_1048576_same-core_unpaced,0,total,98987.2,100694,1
1,mutex_1048576_same-core_unpaced,0,total,100694,102401,1
1,mutex_1048576_same-core_unpaced,0,total,102401,104107,5
1,mutex_1048576_same-core_unpaced,0,total,104107,105814,1
1,mutex_1048576_same-core_unpaced,0,total,105814,107521,2
1,mutex_1048576_same-core_unpaced,0,total,107521,109227,1
1,mutex_1048576_same-core_unpaced,0,total,109227,112641,4
1,mutex_1048576_same-core_unpaced,0,total,112641,116054,6
1,mutex_1048576_same-core_unpaced,0,total,116054,119467,14
1,mutex_1048576_same-core_unpaced,0,total,119467,122881,13
1,mutex_1048576_same-core_unpaced,0,total,122881,126294,3
1,mutex_1048576_same-core_unpaced,0,total,126294,129707,11
1,mutex_1048576_same-core_unpaced,0,total,129707,133121,3
1,mutex_1048576_same-core_unpaced,0,total,133121,136534,1
1,mutex_1048576_same-core_unpaced,0,total,136534,139947,2
1,mutex_1048576_same-core_unpaced,0,total,139947,143361,2
1,mutex_1048576_same-core_unpaced,0,total,143361,146774,2
1,mutex_1048576_same-core_unpaced,0,total,146774,150187,6
1,mutex_1048576_same-core_unpaced,0,total,150187,153601,8
1,mutex_1048576_same-core_unpaced,0,total,153601,157014,17
1,mutex_1048576_same-core_unpaced,0,total,157014,160427,4
1,mutex_1048576_same-core_unpaced,0,total,160427,163841,5
1,mutex_1048576_same-core_unpaced,0,total,163841,167254,9
1,mutex_1048576_same-core_unpaced,0,total,167254,170668,2
1,mutex_1048576_same-core_unpaced,0,total,177494,180908,2
1,mutex_1048576_same-core_unpaced,0,total,184321,187734,1
1,mutex_1048576_same-core_unpaced,0,total,187734,191148,2
1,mutex_1048576_same-core_unpaced,0,total,191148,194561,1
1,mutex_1048576_same-core_unpaced,0,total,194561,197974,1
1,mutex_1048576_same-core_unpaced,0,total,197974,201388,1
1,mutex_1048576_same-core_unpaced,0,total,201388,204801,1
1,mutex_1048576_same-core_unpaced,0,total,204801,208214,1
1,mutex_1048576_same-core_unpaced,0,total,215041,218454,1
1,mutex_1048576_same-core_unpaced,0,total,218454,225281,1
1,mutex_1048576_same-core_unpaced,0,total,225281,232108,1
1,mutex_1048576_same-core_unpaced,0,total,232108,238935,3
1,mutex_1048576_same-core_unpaced,0,total,245761,252588,3
1,mutex_1048576_same-core_unpaced,0,total,252588,259415,2
1,mutex_1048576_same-core_unpaced,0,total,259415,266241,1
1,mutex_1048576_same-core_unpaced,0,total,266241,273068,1
1,mutex_1048576_same-core_unpaced,0,total,279895,286721,2
1,mutex_1048576_same-core_unpaced,0,total,286721,293548,2
1,mutex_1048576_same-core_unpaced,0,total,293548,300375,1
1,mutex_1048576_same-core_unpaced,0,total,307202,314028,1
1,mutex_1048576_same-core_unpaced,0,total,314028,320855,1
1,mutex_1048576_same-core_unpaced,0,total,320855,327682,3
1,mutex_1048576_same-core_unpaced,0,total,327682,334508,1
1,mutex_1048576_same-core_unpaced,0,total,334508,341335,1
1,mutex_1048576_same-core_unpaced,0,total,341335,348162,1
1,mutex_1048576_same-core_unpaced,0,total,348162,354988,1
1,mutex_1048576_same-core_unpaced,0,total,354988,361815,1
1,mutex_1048576_same-core_unpaced,0,total,361815,368642,1
1,mutex_1048576_same-core_unpaced,0,total,368642,375469,2
1,mutex_1048576_same-core_unpaced,0,total,375469,382295,3
1,mutex_1048576_same-core_unpaced,0,total,382295,389122,1
1,mutex_1048576_same-core_unpaced,0,total,389122,395949,1
1,mutex_1048576_same-core_unpaced,0,total,395949,402775,1
1,mutex_1048576_same-core_unpaced,0,total,402775,409602,3
1,mutex_1048576_same-core_unpaced,0,total,409602,416429,1
1,mutex_1048576_same-core_unpaced,0,total,416429,423255,2
1,mutex_1048576_same-core_unpaced,0,total,430082,436909,4
1,mutex_1048576_same-core_unpaced,0,total,436909,450562,1
1,mutex_1048576_same-core_unpaced,0,total,450562,464216,3
1,mutex_1048576_same-core_unpaced,0,total,477869,491522,3
1,mutex_1048576_same-core_unpaced,0,total,491522,505176,4
1,mutex_1048576_same-core_unpaced,0,total,518829,532483,1
1,mutex_1048576_same-core_unpaced,0,total,532483,546136,3
1,mutex_1048576_same-core_unpaced,0,total,546136,559790,1
1,mutex_1048576_same-core_unpaced,0,total,559790,573443,8
1,mutex_1048576_same-core_unpaced,0,total,573443,587096,1
1,mutex_1048576_same-core_unpaced,0,total,587096,600750,4
1,mutex_1048576_same-core_unpaced,0,total,600750,614403,5
1,mutex_1048576_same-core_unpaced,0,total,614403,628057,2
1,mutex_1048576_same-core_unpaced,0,total,628057,641710,5
1,mutex_1048576_same-core_unpaced,0,total,641710,655363,2
1,mutex_1048576_same-core_unpaced,0,total,655363,669017,2
1,mutex_1048576_same-core_unpaced,0,total,669017,682670,3
1,mutex_1048576_same-core_unpaced,0,total,682670,696324,3
1,mutex_1048576_same-core_unpaced,0,total,696324,709977,2
1,mutex_1048576_same-core_unpaced,0,total,709977,723630,4
1,mutex_1048576_same-core_unpaced,0,total,723630,737284,4
1,mutex_1048576_same-core_unpaced,0,total,737284,750937,4
1,mutex_1048576_same-core_unpaced,0,total,750937,764591,2
1,mutex_1048576_same-core_unpaced,0,total,764591,778244,3
1,mutex_1048576_same-core_unpaced,0,total,778244,791897,3
1,mutex_1048576_same-core_unpaced,0,total,791897,805551,3
1,mutex_1048576_same-core_unpaced,0,total,805551,819204,2
1,mutex_1048576_same-core_unpaced,0,total,819204,832858,5
1,mutex_1048576_same-core_unpaced,0,total,832858,846511,4
1,mutex_1048576_same-core_unpaced,0,total,846511,860164,2
1,mutex_1048576_same-core_unpaced,0,total,860164,873818,4
1,mutex_1048576_same-core_unpaced,0,total,873818,901125,10
1,mutex_1048576_same-core_unpaced,0,total,901125,928431,14
1,mutex_1048576_same-core_unpaced,0,total,928431,955738,7
1,mutex_1048576_same-core_unpaced,0,total,955738,983045,10
1,mutex_1048576_same-core_unpaced,0,total,983045,1.01035e+06,5
1,mutex_1048576_same-core_unpaced,0,total,1.01035e+06,1.03766e+06,6
1,mutex_1048576_same-core_unpaced,0,total,1.03766e+06,1.06497e+06,4
1,mutex_1048576_same-core_unpaced,0,total,1.06497e+06,1.09227e+06,6
1,mutex_1048576_same-core_unpaced,0,total,1.09227e+06,1.11958e+06,7
1,mutex_1048576_same-core_unpaced,0,total,1.11958e+06,1.14689e+06,9
1,mutex_1048576_same-core_unpaced,0,total,1.14689e+06,1.17419e+06,11
1,mutex_1048576_same-core_unpaced,0,total,1.17419e+06,1.2015e+06,6
1,mutex_1048576_same-core_unpaced,0,total,1.2015e+06,1.22881e+06,6
1,mutex_1048576_same-core_unpaced,0,total,1.22881e+06,1.25611e+06,8
1,mutex_1048576_same-core_unpaced,0,total,1.25611e+06,1.28342e+06,3
1,mutex_1048576_same-core_unpaced,0,total,1.28342e+06,1.31073e+06,6
1,mutex_1048576_same-core_unpaced,0,total,1.31073e+06,1.33803e+06,7
1,mutex_1048576_same-core_unpaced,0,total,1.33803e+06,1.36534e+06,5
1,mutex_1048576_same-core_unpaced,0,total,1.36534e+06,1.39265e+06,8
1,mutex_1048576_same-core_unpaced,0,total,1.39265e+06,1.41995e+06,8
1,mutex_1048576_same-core_unpaced,0,total,1.41995e+06,1.44726e+06,7
1,mutex_1048576_same-core_unpaced,0,total,1.44726e+06,1.47457e+06,8
1,mutex_1048576_same-core_unpaced,0,total,1.47457e+06,1.50187e+06,7
1,mutex_1048576_same-core_unpaced,0,total,1.50187e+06,1.52918e+06,10
1,mutex_1048576_same-core_unpaced,0,total,1.52918e+06,1.55649e+06,7
1,mutex_1048576_same-core_unpaced,0,total,1.55649e+06,1.58379e+06,7
1,mutex_1048576_same-core_unpaced,0,total,1.58379e+06,1.6111e+06,7
1,mutex_1048576_same-core_unpaced,0,total,1.6111e+06,1.63841e+06,6
1,mutex_1048576_same-core_unpaced,0,total,1.63841e+06,1.66572e+06,4
1,mutex_1048576_same-core_unpaced,0,total,1.66572e+06,1.69302e+06,10
1,mutex_1048576_same-core_unpaced,0,total,1.69302e+06,1.72033e+06,5
1,mutex_1048576_same-core_unpaced,0,total,1.72033e+06,1.74764e+06,6
1,mutex_1048576_same-core_unpaced,0,total,1.74764e+06,1.80225e+06,13
1,mutex_1048576_same-core_unpaced,0,total,1.80225e+06,1.85686e+06,18
1,mutex_1048576_same-core_unpaced,0,total,1.85686e+06,1.91148e+06,11
1,mutex_1048576_same-core_unpaced,0,total,1.91148e+06,1.96609e+06,7
1,mutex_1048576_same-core_unpaced,0,total,1.96609e+06,2.0207e+06,21
1,mutex_1048576_same-core_unpaced,0,total,2.0207e+06,2.07532e+06,22
1,mutex_1048576_same-core_unpaced,0,total,2.07532e+06,2.12993e+06,12
1,mutex_1048576_same-core_unpaced,0,total,2.12993e+06,2.18454e+06,11
1,mutex_1048576_same-core_unpaced,0,total,2.18454e+06,2.23916e+06,26
1,mutex_1048576_same-core_unpaced,0,total,2.23916e+06,2.29377e+06,16
1,mutex_1048576_same-core_unpaced,0,total,2.29377e+06,2.34839e+06,22
1,mutex_1048576_same-core_unpaced,0,total,2.34839e+06,2.403e+06,13
1,mutex_1048576_same-core_unpaced,0,total,2.403e+06,2.45761e+06,16
1,mutex_1048576_same-core_unpaced,0,total,2.45761e+06,2.51223e+06,16
1,mutex_1048576_same-core_unpaced,0,total,2.51223e+06,2.56684e+06,13
1,mutex_1048576_same-core_unpaced,0,total,2.56684e+06,2.62145e+06,10
1,mutex_1048576_same-core_unpaced,0,total,2.62145e+06,2.67607e+06,16
1,mutex_1048576_same-core_unpaced,0,total,2.67607e+06,2.73068e+06,9
1,mutex_1048576_same-core_unpaced,0,total,2.73068e+06,2.78529e+06,19
1,mutex_1048576_same-core_unpaced,0,total,2.78529e+06,2.83991e+06,15
1,mutex_1048576_same-core_unpaced,0,total,2.83991e+06,2.89452e+06,24
1,mutex_1048576_same-core_unpaced,0,total,2.89452e+06,2.94913e+06,21
1,mutex_1048576_same-core_unpaced,0,total,2.94913e+06,3.00375e+06,23
1,mutex_1048576_same-core_unpaced,0,total,3.00375e+06,3.05836e+06,12
1,mutex_1048576_same-core_unpaced,0,total,3.05836e+06,3.11298e+06,25
1,mutex_1048576_same-core_unpaced,0,total,3.11298e+06,3.16759e+06,17
1,mutex_1048576_same-core_unpaced,0,total,3.16759e+06,3.2222e+06,11
1,mutex_1048576_same-core_unpaced,0,total,3.2222e+06,3.27682e+06,19
1,mutex_1048576_same-core_unpaced,0,total,3.27682e+06,3.33143e+06,19
1,mutex_1048576_same-core_unpaced,0,total,3.33143e+06,3.38604e+06,17
1,mutex_1048576_same-core_unpaced,0,total,3.38604e+06,3.44066e+06,17
1,mutex_1048576_same-core_unpaced,0,total,3.44066e+06,3.49527e+06,21
1,mutex_1048576_same-core_unpaced,0,total,3.49527e+06,3.6045e+06,38
1,mutex_1048576_same-core_unpaced,0,total,3.6045e+06,3.71373e+06,20
1,mutex_1048576_same-core_unpaced,0,total,3.71373e+06,3.82295e+06,48
1,mutex_1048576_same-core_unpaced,0,total,3.82295e+06,3.93218e+06,32
1,mutex_1048576_same-core_unpaced,0,total,3.93218e+06,4.04141e+06,39
1,mutex_1048576_same-core_unpaced,0,total,4.04141e+06,4.15063e+06,29
1,mutex_1048576_same-core_unpaced,0,total,4.15063e+06,4.25986e+06,37
1,mutex_1048576_same-core_unpaced,0,total,4.25986e+06,4.36909e+06,37
1,mutex_1048576_same-core_unpaced,0,total,4.36909e+06,4.47832e+06,45
1,mutex_1048576_same-core_unpaced,0,total,4.47832e+06,4.58754e+06,34
1,mutex_1048576_same-core_unpaced,0,total,4.58754e+06,4.69677e+06,33
1,mutex_1048576_same-core_unpaced,0,total,4.69677e+06,4.806e+06,32
1,mutex_1048576_same-core_unpaced,0,total,4.806e+06,4.91522e+06,39
1,mutex_1048576_same-core_unpaced,0,total,4.91522e+06,5.02445e+06,44
1,mutex_1048576_same-core_unpaced,0,total,5.02445e+06,5.13368e+06,32
1,mutex_1048576_same-core_unpaced,0,total,5.13368e+06,5.24291e+06,25
1,mutex_1048576_same-core_unpaced,0,total,5.24291e+06,5.35213e+06,38
1,mutex_1048576_same-core_unpaced,0,total,5.35213e+06,5.46136e+06,31
1,mutex_1048576_same-core_unpaced,0,total,5.46136e+06,5.57059e+06,43
1,mutex_1048576_same-core_unpaced,0,total,5.57059e+06,5.67982e+06,45
1,mutex_1048576_same-core_unpaced,0,total,5.67982e+06,5.78904e+06,40
1,mutex_1048576_same-core_unpaced,0,total,5.78904e+06,5.89827e+06,29
1,mutex_1048576_same-core_unpaced,0,total,5.89827e+06,6.0075e+06,36
1,mutex_1048576_same-core_unpaced,0,total,6.0075e+06,6.11672e+06,44
1,mutex_1048576_same-core_unpaced,0,total,6.11672e+06,6.22595e+06,28
1,mutex_1048576_same-core_unpaced,0,total,6.22595e+06,6.33518e+06,23
1,mutex_1048576_same-core_unpaced,0,total,6.33518e+06,6.44441e+06,39
1,mutex_1048576_same-core_unpaced,0,total,6.44441e+06,6.55363e+06,21
1,mutex_1048576_same-core_unpaced,0,total,6.55363e+06,6.66286e+06,28
1,mutex_1048576_same-core_unpaced,0,total,6.66286e+06,6.77209e+06,39
1,mutex_1048576_same-core_unpaced,0,total,6.77209e+06,6.88131e+06,24
1,mutex_1048576_same-core_unpaced,0,total,6.88131e+06,6.99054e+06,33
1,mutex_1048576_same-core_unpaced,0,total,6.99054e+06,7.209e+06,55
1,mutex_1048576_same-core_unpaced,0,total,7.209e+06,7.42745e+06,58
1,mutex_1048576_same-core_unpaced,0,total,7.42745e+06,7.64591e+06,63
1,mutex_1048576_same-core_unpaced,0,total,7.64591e+06,7.86436e+06,63
1,mutex_1048576_same-core_unpaced,0,total,7.86436e+06,8.08281e+06,62
1,mutex_1048576_same-core_unpaced,0,total,8.08281e+06,8.30127e+06,56
1,mutex_1048576_same-core_unpaced,0,total,8.30127e+06,8.51972e+06,49
1,mutex_1048576_same-core_unpaced,0,total,8.51972e+06,8.73818e+06,77
1,mutex_1048576_same-core_unpaced,0,total,8.73818e+06,8.95663e+06,52
1,mutex_1048576_same-core_unpaced,0,total,8.95663e+06,9.17509e+06,70
1,mutex_1048576_same-core_unpaced,0,total,9.17509e+06,9.39354e+06,63
1,mutex_1048576_same-core_unpaced,0,total,9.39354e+06,9.612e+06,74
1,mutex_1048576_same-core_unpaced,0,total,9.612e+06,9.83045e+06,59
1,mutex_1048576_same-core_unpaced,0,total,9.83045e+06,1.00489e+07,73
1,mutex_1048576_same-core_unpaced,0,total,1.00489e+07,1.02674e+07,70
1,mutex_1048576_same-core_unpaced,0,total,1.02674e+07,1.04858e+07,71
1,mutex_1048576_same-core_unpaced,0,total,1.04858e+07,1.07043e+07,62
1,mutex_1048576_same-core_unpaced,0,total,1.07043e+07,1.09227e+07,79
1,mutex_1048576_same-core_unpaced,0,total,1.09227e+07,1.11412e+07,70
1,mutex_1048576_same-core_unpaced,0,total,1.11412e+07,1.13596e+07,72
1,mutex_1048576_same-core_unpaced,0,total,1.13596e+07,1.15781e+07,64
1,mutex_1048576_same-core_unpaced,0,total,1.15781e+07,1.17965e+07,53
1,mutex_1048576_same-core_unpaced,0,total,1.17965e+07,1.2015e+07,74
1,mutex_1048576_same-core_unpaced,0,total,1.2015e+07,1.22334e+07,68
1,mutex_1048576_same-core_unpaced,0,total,1.22334e+07,1.24519e+07,59
1,mutex_1048576_same-core_unpaced,0,total,1.24519e+07,1.26704e+07,65
1,mutex_1048576_same-core_unpaced,0,total,1.26704e+07,1.28888e+07,84
1,mutex_1048576_same-core_unpaced,0,total,1.28888e+07,1.31073e+07,61
1,mutex_1048576_same-core_unpaced,0,total,1.31073e+07,1.33257e+07,64
1,mutex_1048576_same-core_unpaced,0,total,1.33257e+07,1.35442e+07,72
1,mutex_1048576_same-core_unpaced,0,total,1.35442e+07,1.37626e+07,64
1,mutex_1048576_same-core_unpaced,0,total,1.37626e+07,1.39811e+07,71
1,mutex_1048576_same-core_unpaced,0,total,1.39811e+07,1.4418e+07,128
1,mutex_1048576_same-core_unpaced,0,total,1.4418e+07,1.48549e+07,119
1,mutex_1048576_same-core_unpaced,0,total,1.48549e+07,1.52918e+07,119
1,mutex_1048576_same-core_unpaced,0,total,1.52918e+07,1.57287e+07,146
1,mutex_1048576_same-core_unpaced,0,total,1.57287e+07,1.61656e+07,137
1,mutex_1048576_same-core_unpaced,0,total,1.61656e+07,1.66025e+07,157
1,mutex_1048576_same-core_unpaced,0,total,1.66025e+07,1.70394e+07,137
1,mutex_1048576_same-core_unpaced,0,total,1.70394e+07,1.74764e+07,114
1,mutex_1048576_same-core_unpaced,0,total,1.74764e+07,1.79133e+07,120
1,mutex_1048576_same-core_unpaced,0,total,1.79133e+07,1.83502e+07,140
1,mutex_1048576_same-core_unpaced,0,total,1.83502e+07,1.87871e+07,131
1,mutex_1048576_same-core_unpaced,0,total,1.87871e+07,1.9224e+07,120
1,mutex_1048576_same-core_unpaced,0,total,1.9224e+07,1.96609e+07,157
1,mutex_1048576_same-core_unpaced,0,total,1.96609e+07,2.00978e+07,132
1,mutex_1048576_same-core_unpaced,0,total,2.00978e+07,2.05347e+07,125
1,mutex_1048576_same-core_unpaced,0,total,2.05347e+07,2.09716e+07,147
1,mutex_1048576_same-core_unpaced,0,total,2.09716e+07,2.14085e+07,134
1,mutex_1048576_same-core_unpaced,0,total,2.14085e+07,2.18454e+07,144
1,mutex_1048576_same-core_unpaced,0,total,2.18454e+07,2.22824e+07,130
1,mutex_1048576_same-core_unpaced,0,total,2.22824e+07,2.27193e+07,121
1,mutex_1048576_same-core_unpaced,0,total,2.27193e+07,2.31562e+07,146
1,mutex_1048576_same-core_unpaced,0,total,2.31562e+07,2.35931e+07,108
1,mutex_1048576_same-core_unpaced,0,total,2.35931e+07,2.403e+07,120
1,mutex_1048576_same-core_unpaced,0,total,2.403e+07,2.44669e+07,97
1,mutex_1048576_same-core_unpaced,0,total,2.44669e+07,2.49038e+07,117
1,mutex_1048576_same-core_unpaced,0,total,2.49038e+07,2.53407e+07,137
1,mutex_1048576_same-core_unpaced,0,total,2.53407e+07,2.57776e+07,138
1,mutex_1048576_same-core_unpaced,0,total,2.57776e+07,2.62145e+07,128
1,mutex_1048576_same-core_unpaced,0,total,2.62145e+07,2.66514e+07,134
1,mutex_1048576_same-core_unpaced,0,total,2.66514e+07,2.70884e+07,130
1,mutex_1048576_same-core_unpaced,0,total,2.70884e+07,2.75253e+07,108
1,mutex_1048576_same-core_unpaced,0,total,2.75253e+07,2.79622e+07,129
1,mutex_1048576_same-core_unpaced,0,total,2.79622e+07,2.8836e+07,257
1,mutex_1048576_same-core_unpaced,0,total,2.8836e+07,2.97098e+07,264
1,mutex_1048576_same-core_unpaced,0,total,2.97098e+07,3.05836e+07,250
1,mutex_1048576_same-core_unpaced,0,total,3.05836e+07,3.14574e+07,248
1,mutex_1048576_same-core_unpaced,0,total,3.14574e+07,3.23313e+07,266
1,mutex_1048576_same-core_unpaced,0,total,3.23313e+07,3.32051e+07,263
1,mutex_1048576_same-core_unpaced,0,total,3.32051e+07,3.40789e+07,283
1,mutex_1048576_same-core_unpaced,0,total,3.40789e+07,3.49527e+07,268
1,mutex_1048576_same-core_unpaced,0,total,3.49527e+07,3.58265e+07,260
1,mutex_1048576_same-core_unpaced,0,total,3.58265e+07,3.67003e+07,297
1,mutex_1048576_same-core_unpaced,0,total,3.67003e+07,3.75742e+07,250
1,mutex_1048576_same-core_unpaced,0,total,3.75742e+07,3.8448e+07,255
1,mutex_1048576_same-core_unpaced,0,total,3.8448e+07,3.93218e+07,247
1,mutex_1048576_same-core_unpaced,0,total,3.93218e+07,4.01956e+07,277
1,mutex_1048576_same-core_unpaced,0,total,4.01956e+07,4.10694e+07,253
1,mutex_1048576_same-core_unpaced,0,total,4.10694e+07,4.19433e+07,263
1,mutex_1048576_same-core_unpaced,0,total,4.19433e+07,4.28171e+07,262
1,mutex_1048576_same-core_unpaced,0,total,4.28171e+07,4.36909e+07,253
1,mutex_1048576_same-core_unpaced,0,total,4.36909e+07,4.45647e+07,240
1,mutex_1048576_same-core_unpaced,0,total,4.45647e+07,4.54385e+07,242
1,mutex_1048576_same-core_unpaced,0,total,4.54385e+07,4.63123e+07,269
1,mutex_1048576_same-core_unpaced,0,total,4.63123e+07,4.71862e+07,266
1,mutex_1048576_same-core_unpaced,0,total,4.71862e+07,4.806e+07,267
1,mutex_1048576_same-core_unpaced,0,total,4.806e+07,4.89338e+07,258
1,mutex_1048576_same-core_unpaced,0,total,4.89338e+07,4.98076e+07,266
1,mutex_1048576_same-core_unpaced,0,total,4.98076e+07,5.06814e+07,232
1,mutex_1048576_same-core_unpaced,0,total,5.06814e+07,5.15552e+07,238
1,mutex_1048576_same-core_unpaced,0,total,5.15552e+07,5.24291e+07,284
1,mutex_1048576_same-core_unpaced,0,total,5.24291e+07,5.33029e+07,255
1,mutex_1048576_same-core_unpaced,0,total,5.33029e+07,5.41767e+07,267
1,mutex_1048576_same-core_unpaced,0,total,5.41767e+07,5.50505e+07,260
1,mutex_1048576_same-core_unpaced,0,total,5.50505e+07,5.59243e+07,272
1,mutex_1048576_same-core_unpaced,0,total,5.59243e+07,5.7672e+07,548
1,mutex_1048576_same-core_unpaced,0,total,5.7672e+07,5.94196e+07,516
1,mutex_1048576_same-core_unpaced,0,total,5.94196e+07,6.11672e+07,536
1,mutex_1048576_same-core_unpaced,0,total,6.11672e+07,6.29149e+07,492
1,mutex_1048576_same-core_unpaced,0,total,6.29149e+07,6.46625e+07,515
1,mutex_1048576_same-core_unpaced,0,total,6.46625e+07,6.64101e+07,529
1,mutex_1048576_same-core_unpaced,0,total,6.64101e+07,6.81578e+07,540
1,mutex_1048576_same-core_unpaced,0,total,6.81578e+07,6.99054e+07,532
1,mutex_1048576_same-core_unpaced,0,total,6.99054e+07,7.16531e+07,516
1,mutex_1048576_same-core_unpaced,0,total,7.16531e+07,7.34007e+07,511
1,mutex_1048576_same-core_unpaced,0,total,7.34007e+07,7.51483e+07,572
1,mutex_1048576_same-core_unpaced,0,total,7.51483e+07,7.6896e+07,558
1,mutex_1048576_same-core_unpaced,0,total,7.6896e+07,7.86436e+07,537
1,mutex_1048576_same-core_unpaced,0,total,7.86436e+07,8.03912e+07,488
1,mutex_1048576_same-core_unpaced,0,total,8.03912e+07,8.21389e+07,556
1,mutex_1048576_same-core_unpaced,0,total,8.21389e+07,8.38865e+07,529
1,mutex_1048576_same-core_unpaced,0,total,8.38865e+07,8.56341e+07,545
1,mutex_1048576_same-core_unpaced,0,total,8.56341e+07,8.73818e+07,546
1,mutex_1048576_same-core_unpaced,0,total,8.73818e+07,8.91294e+07,555
1,mutex_1048576_same-core_unpaced,0,total,8.91294e+07,9.0877e+07,512
1,mutex_1048576_same-core_unpaced,0,total,9.0877e+07,9.26247e+07,532
1,mutex_1048576_same-core_unpaced,0,total,9.26247e+07,9.43723e+07,553
1,mutex_1048576_same-core_unpaced,0,total,9.43723e+07,9.612e+07,552
1,mutex_1048576_same-core_unpaced,0,total,9.612e+07,9.78676e+07,538
1,mutex_1048576_same-core_unpaced,0,total,9.78676e+07,9.96152e+07,528
1,mutex_1048576_same-core_unpaced,0,total,9.96152e+07,1.01363e+08,544
1,mutex_1048576_same-core_unpaced,0,total,1.01363e+08,1.0311e+08,534
1,mutex_1048576_same-core_unpaced,0,total,1.0311e+08,1.04858e+08,524
1,mutex_1048576_same-core_unpaced,0,total,1.04858e+08,1.06606e+08,506
1,mutex_1048576_same-core_unpaced,0,total,1.06606e+08,1.08353e+08,461
1,mutex_1048576_same-core_unpaced,0,total,1.08353e+08,1.10101e+08,572
1,mutex_1048576_same-core_unpaced,0,total,1.10101e+08,1.11849e+08,537
1,mutex_1048576_same-core_unpaced,0,total,1.11849e+08,1.15344e+08,1081
1,mutex_1048576_same-core_unpaced,0,total,1.15344e+08,1.18839e+08,1252
1,mutex_1048576_same-core_unpaced,0,total,1.18839e+08,1.22334e+08,1180
1,mutex_1048576_same-core_unpaced,0,total,1.22334e+08,1.2583e+08,1229
1,mutex_1048576_same-core_unpaced,0,total,1.2583e+08,1.29325e+08,1276
1,mutex_1048576_same-core_unpaced,0,total,1.29325e+08,1.3282e+08,1336
1,mutex_1048576_same-core_unpaced,0,total,1.3282e+08,1.36316e+08,1228
1,mutex_1048576_same-core_unpaced,0,total,1.36316e+08,1.39811e+08,1279
1,mutex_1048576_same-core_unpaced,0,total,1.39811e+08,1.43306e+08,1315
1,mutex_1048576_same-core_unpaced,0,total,1.43306e+08,1.46801e+08,1258
1,mutex_1048576_same-core_unpaced,0,total,1.46801e+08,1.50297e+08,1333
1,mutex_1048576_same-core_unpaced,0,total,1.50297e+08,1.53792e+08,1949
1,mutex_1048576_same-core_unpaced,0,total,1.53792e+08,1.57287e+08,2248
1,mutex_1048576_same-core_unpaced,0,total,1.57287e+08,1.60782e+08,2127
1,mutex_1048576_same-core_unpaced,0,total,1.60782e+08,1.64278e+08,2258
1,mutex_1048576_same-core_unpaced,0,total,1.64278e+08,1.67773e+08,2206
1,mutex_1048576_same-core_unpaced,0,total,1.67773e+08,1.71268e+08,2172
1,mutex_1048576_same-core_unpaced,0,total,1.71268e+08,1.74764e+08,2203
1,mutex_1048576_same-core_unpaced,0,total,1.74764e+08,1.78259e+08,2251
1,mutex_1048576_same-core_unpaced,0,total,1.78259e+08,1.81754e+08,2545
1,mutex_1048576_same-core_unpaced,0,total,1.81754e+08,1.85249e+08,2212
1,mutex_1048576_same-core_unpaced,0,total,1.85249e+08,1.88745e+08,2390
1,mutex_1048576_same-core_unpaced,0,total,1.88745e+08,1.9224e+08,2194
1,mutex_1048576_same-core_unpaced,0,total,1.9224e+08,1.95735e+08,2235
1,mutex_1048576_same-core_unpaced,0,total,1.95735e+08,1.9923e+08,2047
1,mutex_1048576_same-core_unpaced,0,total,1.9923e+08,2.02726e+08,2161
1,mutex_1048576_same-core_unpaced,0,total,2.02726e+08,2.06221e+08,2149
1,mutex_1048576_same-core_unpaced,0,total,2.06221e+08,2.09716e+08,2151
1,mutex_1048576_same-core_unpaced,0,total,2.09716e+08,2.13212e+08,2112
1,mutex_1048576_same-core_unpaced,0,total,2.13212e+08,2.16707e+08,2137
1,mutex_1048576_same-core_unpaced,0,total,2.16707e+08,2.20202e+08,2260
1,mutex_1048576_same-core_unpaced,0,total,2.20202e+08,2.23697e+08,2099
1,mutex_1048576_same-core_unpaced,0,total,2.23697e+08,2.30688e+08,4251
1,mutex_1048576_same-core_unpaced,0,total,2.30688e+08,2.37678e+08,4410
1,mutex_1048576_same-core_unpaced,0,total,2.37678e+08,2.44669e+08,4289
1,mutex_1048576_same-core_unpaced,0,total,2.44669e+08,2.5166e+08,4206
1,mutex_1048576_same-core_unpaced,0,total,2.5166e+08,2.5865e+08,4108
1,mutex_1048576_same-core_unpaced,0,total,2.5865e+08,2.65641e+08,4043
1,mutex_1048576_same-core_unpaced,0,total,2.65641e+08,2.72631e+08,4217
1,mutex_1048576_same-core_unpaced,0,total,2.72631e+08,2.79622e+08,4277
1,mutex_1048576_same-core_unpaced,0,total,2.79622e+08,2.86612e+08,4142
1,mutex_1048576_same-core_unpaced,0,total,2.86612e+08,2.93603e+08,4108
1,mutex_1048576_same-core_unpaced,0,total,2.93603e+08,3.00593e+08,51209
1,mutex_1048576_same-core_unpaced,0,total,3.00593e+08,3.07584e+08,55518
1,mutex_1048576_same-core_unpaced,0,total,3.07584e+08,3.14574e+08,34901
1,mutex_1048576_same-core_unpaced,0,total,3.14574e+08,3.21565e+08,16774
1,mutex_1048576_same-core_unpaced,0,total,3.21565e+08,3.28555e+08,22080
1,mutex_1048576_same-core_unpaced,0,total,3.28555e+08,3.35546e+08,14352
1,mutex_1048576_same-core_unpaced,0,total,3.35546e+08,3.42537e+08,10319
1,mutex_1048576_same-core_unpaced,0,total,3.42537e+08,3.49527e+08,11230
1,mutex_1048576_same-core_unpaced,0,total,3.49527e+08,3.56518e+08,10375
1,mutex_1048576_same-core_unpaced,0,total,3.56518e+08,3.63508e+08,12075
1,mutex_1048576_same-core_unpaced,0,total,3.63508e+08,3.70499e+08,5641
1,mutex_1048576_same-core_unpaced,0,total,3.70499e+08,3.77489e+08,5250
1,mutex_1048576_same-core_unpaced,0,total,3.77489e+08,3.8448e+08,6043
1,mutex_1048576_same-core_unpaced,0,total,3.8448e+08,3.9147e+08,6698
1,mutex_1048576_same-core_unpaced,0,total,3.9147e+08,3.98461e+08,24010
1,mutex_1048576_same-core_unpaced,0,total,3.98461e+08,4.05451e+08,64640
1,mutex_1048576_same-core_unpaced,0,total,4.05451e+08,4.12442e+08,270893
1,mutex_1048576_same-core_unpaced,0,total,4.12442e+08,4.19433e+08,971651
1,mutex_1048576_same-core_unpaced,0,total,4.19433e+08,4.26423e+08,429239
1,mutex_1048576_same-core_unpaced,0,total,4.26423e+08,4.33414e+08,91824
1,mutex_1048576_same-core_unpaced,0,total,4.33414e+08,4.40404e+08,42493
1,mutex_1048576_same-core_unpaced,0,total,4.40404e+08,4.47395e+08,88438
1,mutex_1048576_same-core_unpaced,0,queue,2880.01,2933.35,1
1,mutex_1048576_same-core_unpaced,0,queue,5120.03,5226.69,1
1,mutex_1048576_same-core_unpaced,0,queue,5226.69,5333.36,1
1,mutex_1048576_same-core_unpaced,0,queue,7040.04,7253.37,2
1,mutex_1048576_same-core_unpaced,0,queue,7466.7,7680.04,1
1,mutex_1048576_same-core_unpaced,0,queue,7893.37,8106.71,3
1,mutex_1048576_same-core_unpaced,0,queue,8106.71,8320.04,2
1,mutex_1048576_same-core_unpaced,0,queue,8320.04,8533.38,2
1,mutex_1048576_same-core_unpaced,0,queue,8533.38,8746.71,4
1,mutex_1048576_same-core_unpaced,0,queue,8746.71,8960.05,2
1,mutex_1048576_same-core_unpaced,0,queue,9173.38,9386.71,5
1,mutex_1048576_same-core_unpaced,0,queue,9386.71,9600.05,1
1,mutex_1048576_same-core_unpaced,0,queue,9600.05,9813.38,3
1,mutex_1048576_same-core_unpaced,0,queue,9813.38,10026.7,1
1,mutex_1048576_same-core_unpaced,0,queue,10026.7,10240.1,3
1,mutex_1048576_same-core_unpaced,0,queue,10240.1,10453.4,3
1,mutex_1048576_same-core_unpaced,0,queue,10453.4,10666.7,8
1,mutex_1048576_same-core_unpaced,0,queue,10666.7,10880.1,3
1,mutex_1048576_same-core_unpaced,0,queue,10880.1,11093.4,1
1,mutex_1048576_same-core_unpaced,0,queue,11093.4,11306.7,2
1,mutex_1048576_same-core_unpaced,0,queue,11306.7,11520.1,2
1,mutex_1048576_same-core_unpaced,0,queue,11520.1,11733.4,3
1,mutex_1048576_same-core_unpaced,0,queue,11733.4,11946.7,1
1,mutex_1048576_same-core_unpaced,0,queue,11946.7,12160.1,2
1,mutex_1048576_same-core_unpaced,0,queue,12160.1,12373.4,4
1,mutex_1048576_same-core_unpaced,0,queue,12373.4,12586.7,2
1,mutex_1048576_same-core_unpaced,0,queue,12586.7,12800.1,2
1,mutex_1048576_same-core_unpaced,0,queue,12800.1,13013.4,1
1,mutex_1048576_same-core_unpaced,0,queue,13013.4,13226.7,6
1,mutex_1048576_same-core_unpaced,0,queue,13226.7,13440.1,4
1,mutex_1048576_same-core_unpaced,0,queue,13440.1,13653.4,2
1,mutex_1048576_same-core_unpaced,0,queue,13653.4,14080.1,5
1,mutex_1048576_same-core_unpaced,0,queue,14080.1,14506.7,5
1,mutex_1048576_same-core_unpaced,0,queue,14506.7,14933.4,1
1,mutex_1048576_same-core_unpaced,0,queue,14933.4,15360.1,5
1,mutex_1048576_same-core_unpaced,0,queue,15360.1,15786.7,1
1,mutex_1048576_same-core_unpaced,0,queue,15786.7,16213.4,2
1,mutex_1048576_same-core_unpaced,0,queue,16213.4,16640.1,4
1,mutex_1048576_same-core_unpaced,0,queue,16640.1,17066.8,2
1,mutex_1048576_same-core_unpaced,0,queue,17066.8,17493.4,2
1,mutex_1048576_same-core_unpaced,0,queue,17493.4,17920.1,1
1,mutex_1048576_same-core_unpaced,0,queue,17920.1,18346.8,1
1,mutex_1048576_same-core_unpaced,0,queue,18346.8,18773.4,6
1,mutex_1048576_same-core_unpaced,0,queue,19200.1,19626.8,2
1,mutex_1048576_same-core_unpaced,0,queue,20053.4,20480.1,1
1,mutex_1048576_same-core_unpaced,0,queue,20906.8,21333.4,2
1,mutex_1048576_same-core_unpaced,0,queue,21333.4,21760.1,4
1,mutex_1048576_same-core_unpaced,0,queue,21760.1,22186.8,1
1,mutex_1048576_same-core_unpaced,0,queue,22186.8,22613.4,7
1,mutex_1048576_same-core_unpaced,0,queue,22613.4,23040.1,5
1,mutex_1048576_same-core_unpaced,0,queue,23040.1,23466.8,3
1,mutex_1048576_same-core_unpaced,0,queue,23466.8,23893.5,4
1,mutex_1048576_same-core_unpaced,0,queue,23893.5,24320.1,2
1,mutex_1048576_same-core_unpaced,0,queue,24320.1,24746.8,7
1,mutex_1048576_same-core_unpaced,0,queue,24746.8,25173.5,5
1,mutex_1048576_same-core_unpaced,0,queue,25173.5,25600.1,1
1,mutex_1048576_same-core_unpaced,0,queue,25600.1,26026.8,3
1,mutex_1048576_same-core_unpaced,0,queue,26453.5,26880.1,1
1,mutex_1048576_same-core_unpaced,0,queue,26880.1,27306.8,1
1,mutex_1048576_same-core_unpaced,0,queue,27306.8,28160.1,6
1,mutex_1048576_same-core_unpaced,0,queue,28160.1,29013.5,4
1,mutex_1048576_same-core_unpaced,0,queue,29013.5,29866.8,1
1,mutex_1048576_same-core_unpaced,0,queue,29866.8,30720.2,3
1,mutex_1048576_same-core_unpaced,0,queue,30720.2,31573.5,1
1,mutex_1048576_same-core_unpaced,0,queue,31573.5,32426.8,2
1,mutex_1048576_same-core_unpaced,0,queue,32426.8,33280.2,7
1,mutex_1048576_same-core_unpaced,0,queue,33280.2,34133.5,8
1,mutex_1048576_same-core_unpaced,0,queue,34133.5,34986.8,11
1,mutex_1048576_same-core_unpaced,0,queue,34986.8,35840.2,18
1,mutex_1048576_same-core_unpaced,0,queue,35840.2,36693.5,11
1,mutex_1048576_same-core_unpaced,0,queue,36693.5,37546.9,11
1,mutex_1048576_same-core_unpaced,0,queue,37546.9,38400.2,8
1,mutex_1048576_same-core_unpaced,0,queue,38400.2,39253.5,5
1,mutex_1048576_same-core_unpaced,0,queue,39253.5,40106.9,5
1,mutex_1048576_same-core_unpaced,0,queue,40106.9,40960.2,11
1,mutex_1048576_same-core_unpaced,0,queue,40960.2,41813.5,4
1,mutex_1048576_same-core_unpaced,0,queue,41813.5,42666.9,3
1,mutex_1048576_same-core_unpaced,0,queue,42666.9,43520.2,4
1,mutex_1048576_same-core_unpaced,0,queue,43520.2,44373.6,8
1,mutex_1048576_same-core_unpaced,0,queue,44373.6,45226.9,6
1,mutex_1048576_same-core_unpaced,0,queue,45226.9,46080.2,18
1,mutex_1048576_same-core_unpaced,0,queue,46080.2,46933.6,11
1,mutex_1048576_same-core_unpaced,0,queue,46933.6,47786.9,7
1,mutex_1048576_same-core_unpaced,0,queue,47786.9,48640.2,2
1,mutex_1048576_same-core_unpaced,0,queue,48640.2,49493.6,3
1,mutex_1048576_same-core_unpaced,0,queue,49493.6,50346.9,2
1,mutex_1048576_same-core_unpaced,0,queue,50346.9,51200.3,1
1,mutex_1048576_same-core_unpaced,0,queue,51200.3,52053.6,1
1,mutex_1048576_same-core_unpaced,0,queue,52053.6,52906.9,1
1,mutex_1048576_same-core_unpaced,0,queue,54613.6,56320.3,4
1,mutex_1048576_same-core_unpaced,0,queue,56320.3,58027,4
1,mutex_1048576_same-core_unpaced,0,queue,58027,59733.6,2
1,mutex_1048576_same-core_unpaced,0,queue,59733.6,61440.3,2
1,mutex_1048576_same-core_unpaced,0,queue,61440.3,63147,1
1,mutex_1048576_same-core_unpaced,0,queue,63147,64853.7,2
1,mutex_1048576_same-core_unpaced,0,queue,64853.7,66560.3,7
1,mutex_1048576_same-core_unpaced,0,queue,66560.3,68267,2
1,mutex_1048576_same-core_unpaced,0,queue,68267,69973.7,1
1,mutex_1048576_same-core_unpaced,0,queue,69973.7,71680.4,1
1,mutex_1048576_same-core_unpaced,0,queue,71680.4,73387,8
1,mutex_1048576_same-core_unpaced,0,queue,73387,75093.7,5
1,mutex_1048576_same-core_unpaced,0,queue,75093.7,76800.4,5
1,mutex_1048576_same-core_unpaced,0,queue,76800.4,78507.1,1
1,mutex_1048576_same-core_unpaced,0,queue,78507.1,80213.7,4
1,mutex_1048576_same-core_unpaced,0,queue,81920.4,83627.1,3
1,mutex_1048576_same-core_unpaced,0,queue,83627.1,85333.8,2
1,mutex_1048576_same-core_unpaced,0,queue,87040.4,88747.1,2
1,mutex_1048576_same-core_unpaced,0,queue,88747.1,90453.8,2
1,mutex_1048576_same-core_unpaced,0,queue,90453.8,92160.5,4
1,mutex_1048576_same-core_unpaced,0,queue,92160.5,93867.1,5
1,mutex_1048576_same-core_unpaced,0,queue,95573.8,97280.5,6
1,mutex_1048576_same-core_unpaced,0,queue,97280.5,98987.2,10
1,mutex_1048576_same-core_unpaced,0,queue,98987.2,100694,1
1,mutex_1048576_same-core_unpaced,0,queue,100694,102401,1
1,mutex_1048576_same-core_unpaced,0,queue,102401,104107,5
1,mutex_1048576_same-core_unpaced,0,queue,104107,105814,1
1,mutex_1048576_same-core_unpaced,0,queue,105814,107521,2
1,mutex_1048576_same-core_unpaced,0,queue,107521,109227,2
1,mutex_1048576_same-core_unpaced,0,queue,109227,112641,3
1,mutex_1048576_same-core_unpaced,0,queue,112641,116054,6
1,mutex_1048576_same-core_unpaced,0,queue,116054,119467,14
1,mutex_1048576_same-core_unpaced,0,queue,119467,122881,13
1,mutex_1048576_same-core_unpaced,0,queue,122881,126294,3
1,mutex_1048576_same-core_unpaced,0,queue,126294,129707,11
1,mutex_1048576_same-core_unpaced,0,queue,129707,133121,3
1,mutex_1048576_same-core_unpaced,0,queue,133121,136534,1
1,mutex_1048576_same-core_unpaced,0,queue,136534,139947,2
1,mutex_1048576_same-core_unpaced,0,queue,139947,143361,2
1,mutex_1048576_same-core_unpaced,0,queue,143361,146774,2
1,mutex_1048576_same-core_unpaced,0,queue,146774,150187,6
1,mutex_1048576_same-core_unpaced,0,queue,150187,153601,8
1,mutex_1048576_same-core_unpaced,0,queue,153601,157014,17
1,mutex_1048576_same-core_unpaced,0,queue,157014,160427,5
1,mutex_1048576_same-core_unpaced,0,queue,160427,163841,4
1,mutex_1048576_same-core_unpaced,0,queue,163841,167254,9
1,mutex_1048576_same-core_unpaced,0,queue,167254,170668,2
1,mutex_1048576_same-core_unpaced,0,queue,177494,180908,2
1,mutex_1048576_same-core_unpaced,0,queue,184321,187734,1
1,mutex_1048576_same-core_unpaced,0,queue,187734,191148,2
1,mutex_1048576_same-core_unpaced,0,queue,191148,194561,1
1,mutex_1048576_same-core_unpaced,0,queue,194561,197974,1
1,mutex_1048576_same-core_unpaced,0,queue,197974,201388,1
1,mutex_1048576_same-core_unpaced,0,queue,201388,204801,1
1,mutex_1048576_same-core_unpaced,0,queue,204801,208214,1
1,mutex_1048576_same-core_unpaced,0,queue,215041,218454,1
1,mutex_1048576_same-core_unpaced,0,queue,218454,225281,1
1,mutex_1048576_same-core_unpaced,0,queue,225281,232108,1
1,mutex_1048576_same-core_unpaced,0,queue,232108,238935,3
1,mutex_1048576_same-core_unpaced,0,queue,245761,252588,3
1,mutex_1048576_same-core_unpaced,0,queue,252588,259415,2
1,mutex_1048576_same-core_unpaced,0,queue,259415,266241,1
1,mutex_1048576_same-core_unpaced,0,queue,266241,273068,1
1,mutex_1048576_same-core_unpaced,0,queue,279895,286721,2
1,mutex_1048576_same-core_unpaced,0,queue,286721,293548,2
1,mutex_1048576_same-core_unpaced,0,queue,293548,300375,1
1,mutex_1048576_same-core_unpaced,0,queue,307202,314028,1
1,mutex_1048576_same-core_unpaced,0,queue,314028,320855,1
1,mutex_1048576_same-core_unpaced,0,queue,320855,327682,3
1,mutex_1048576_same-core_unpaced,0,queue,327682,334508,1
1,mutex_1048576_same-core_unpaced,0,queue,334508,341335,1
1,mutex_1048576_same-core_unpaced,0,queue,341335,348162,1
1,mutex_1048576_same-core_unpaced,0,queue,348162,354988,1
1,mutex_1048576_same-core_unpaced,0,queue,354988,361815,1
1,mutex_1048576_same-core_unpaced,0,queue,361815,368642,1
1,mutex_1048576_same-core_unpaced,0,queue,368642,375469,2
1,mutex_1048576_same-core_unpaced,0,queue,375469,382295,3
1,mutex_1048576_same-core_unpaced,0,queue,382295,389122,1
1,mutex_1048576_same-core_unpaced,0,queue,389122,395949,1
1,mutex_1048576_same-core_unpaced,0,queue,395949,402775,1
1,mutex_1048576_same-core_unpaced,0,queue,402775,409602,3
1,mutex_1048576_same-core_unpaced,0,queue,409602,416429,1
1,mutex_1048576_same-core_unpaced,0,queue,416429,423255,2
1,mutex_1048576_same-core_unpaced,0,queue,430082,436909,4
1,mutex_1048576_same-core_unpaced,0,queue,436909,450562,1
1,mutex_1048576_same-core_unpaced,0,queue,450562,464216,3
1,mutex_1048576_same-core_unpaced,0,queue,477869,491522,3
1,mutex_1048576_same-core_unpaced,0,queue,491522,505176,4
1,mutex_1048576_same-core_unpaced,0,queue,518829,532483,1
1,mutex_1048576_same-core_unpaced,0,queue,532483,546136,3
1,mutex_1048576_same-core_unpaced,0,queue,546136,559790,1
1,mutex_1048576_same-core_unpaced,0,queue,559790,573443,8
1,mutex_1048576_same-core_unpaced,0,queue,573443,587096,2
1,mutex_1048576_same-core_unpaced,0,queue,587096,600750,3
1,mutex_1048576_same-core_unpaced,0,queue,600750,614403,5
1,mutex_1048576_same-core_unpaced,0,queue,614403,628057,2
1,mutex_1048576_same-core_unpaced,0,queue,628057,641710,5
1,mutex_1048576_same-core_unpaced,0,queue,641710,655363,2
1,mutex_1048576_same-core_unpaced,0,queue,655363,669017,2
1,mutex_1048576_same-core_unpaced,0,queue,669017,682670,3
1,mutex_1048576_same-core_unpaced,0,queue,682670,696324,3
1,mutex_1048576_same-core_unpaced,0,queue,696324,709977,2
1,mutex_1048576_same-core_unpaced,0,queue,709977,723630,4
1,mutex_1048576_same-core_unpaced,0,queue,723630,737284,4
1,mutex_1048576_same-core_unpaced,0,queue,737284,750937,4
1,mutex_1048576_same-core_unpaced,0,queue,750937,764591,2
1,mutex_1048576_same-core_unpaced,0,queue,764591,778244,3
1,mutex_1048576_same-core_unpaced,0,queue,778244,791897,3
1,mutex_1048576_same-core_unpaced,0,queue,791897,805551,3
1,mutex_1048576_same-core_unpaced,0,queue,805551,819204,2
1,mutex_1048576_same-core_unpaced,0,queue,819204,832858,5
1,mutex_1048576_same-core_unpaced,0,queue,832858,846511,4
1,mutex_1048576_same-core_unpaced,0,queue,846511,860164,2
1,mutex_1048576_same-core_unpaced,0,queue,860164,873818,4
1,mutex_1048576_same-core_unpaced,0,queue,873818,901125,10
1,mutex_1048576_same-core_unpaced,0,queue,901125,928431,14
1,mutex_1048576_same-core_unpaced,0,queue,928431,955738,7
1,mutex_1048576_same-core_unpaced,0,queue,955738,983045,10
1,mutex_1048576_same-core_unpaced,0,queue,983045,1.01035e+06,5
1,mutex_1048576_same-core_unpaced,0,queue,1.01035e+06,1.03766e+06,6
1,mutex_1048576_same-core_unpaced,0,queue,1.03766e+06,1.06497e+06,4
1,mutex_1048576_same-core_unpaced,0,queue,1.06497e+06,1.09227e+06,6
1,mutex_1048576_same-core_unpaced,0,queue,1.09227e+06,1.11958e+06,7
1,mutex_1048576_same-core_unpaced,0,queue,1.11958e+06,1.14689e+06,9
1,mutex_1048576_same-core_unpaced,0,queue,1.14689e+06,1.17419e+06,11
1,mutex_1048576_same-core_unpaced,0,queue,1.17419e+06,1.2015e+06,7
1,mutex_1048576_same-core_unpaced,0,queue,1.2015e+06,1.22881e+06,5
1,mutex_1048576_same-core_unpaced,0,queue,1.22881e+06,1.25611e+06,8
1,mutex_1048576_same-core_unpaced,0,queue,1.25611e+06,1.28342e+06,3
1,mutex_1048576_same-core_unpaced,0,queue,1.28342e+06,1.31073e+06,6
1,mutex_1048576_same-core_unpaced,0,queue,1.31073e+06,1.33803e+06,7
1,mutex_1048576_same-core_unpaced,0,queue,1.33803e+06,1.36534e+06,5
1,mutex_1048576_same-core_unpaced,0,queue,1.36534e+06,1.39265e+06,8
1,mutex_1048576_same-core_unpaced,0,queue,1.39265e+06,1.41995e+06,8
1,mutex_1048576_same-core_unpaced,0,queue,1.41995e+06,1.44726e+06,7
1,mutex_1048576_same-core_unpaced,0,queue,1.44726e+06,1.47457e+06,8
1,mutex_1048576_same-core_unpaced,0,queue,1.47457e+06,1.50187e+06,7
1,mutex_1048576_same-core_unpaced,0,queue,1.50187e+06,1.52918e+06,10
1,mutex_1048576_same-core_unpaced,0,queue,1.52918e+06,1.55649e+06,7
1,mutex_1048576_same-core_unpaced,0,queue,1.55649e+06,1.58379e+06,7
1,mutex_1048576_same-core_unpaced,0,queue,1.58379e+06,1.6111e+06,7
1,mutex_1048576_same-core_unpaced,0,queue,1.6111e+06,1.63841e+06,6
1,mutex_1048576_same-core_unpaced,0,queue,1.63841e+06,1.66572e+06,4
1,mutex_1048576_same-core_unpaced,0,queue,1.66572e+06,1.69302e+06,10
1,mutex_1048576_same-core_unpaced,0,queue,1.69302e+06,1.72033e+06,5
1,mutex_1048576_same-core_unpaced,0,queue,1.72033e+06,1.74764e+06,6
1,mutex_1048576_same-core_unpaced,0,queue,1.74764e+06,1.80225e+06,13
1,mutex_1048576_same-core_unpaced,0,queue,1.80225e+06,1.85686e+06,18
1,mutex_1048576_same-core_unpaced,0,queue,1.85686e+06,1.91148e+06,11
1,mutex_1048576_same-core_unpaced,0,queue,1.91148e+06,1.96609e+06,7
1,mutex_1048576_same-core_unpaced,0,queue,1.96609e+06,2.0207e+06,21
1,mutex_1048576_same-core_unpaced,0,queue,2.0207e+06,2.07532e+06,22
1,mutex_1048576_same-core_unpaced,0,queue,2.07532e+06,2.12993e+06,12
1,mutex_1048576_same-core_unpaced,0,queue,2.12993e+06,2.18454e+06,11
1,mutex_1048576_same-core_unpaced,0,queue,2.18454e+06,2.23916e+06,26
1,mutex_1048576_same-core_unpaced,0,queue,2.23916e+06,2.29377e+06,16
1,mutex_1048576_same-core_unpaced,0,queue,2.29377e+06,2.34839e+06,22
1,mutex_1048576_same-core_unpaced,0,queue,2.34839e+06,2.403e+06,13
1,mutex_1048576_same-core_unpaced,0,queue,2.403e+06,2.45761e+06,16
1,mutex_1048576_same-core_unpaced,0,queue,2.45761e+06,2.51223e+06,16
1,mutex_1048576_same-core_unpaced,0,queue,2.51223e+06,2.56684e+06,13
1,mutex_1048576_same-core_unpaced,0,queue,2.56684e+06,2.62145e+06,10
1,mutex_1048576_same-core_unpaced,0,queue,2.62145e+06,2.67607e+06,16
1,mutex_1048576_same-core_unpaced,0,queue,2.67607e+06,2.73068e+06,9
1,mutex_1048576_same-core_unpaced,0,queue,2.73068e+06,2.78529e+06,19
1,mutex_1048576_same-core_unpaced,0,queue,2.78529e+06,2.83991e+06,15
1,mutex_1048576_same-core_unpaced,0,queue,2.83991e+06,2.89452e+06,24
1,mutex_1048576_same-core_unpaced,0,queue,2.89452e+06,2.94913e+06,21
1,mutex_1048576_same-core_unpaced,0,queue,2.94913e+06,3.00375e+06,23
1,mutex_1048576_same-core_unpaced,0,queue,3.00375e+06,3.05836e+06,13
1,mutex_1048576_same-core_unpaced,0,queue,3.05836e+06,3.11298e+06,24
1,mutex_1048576_same-core_unpaced,0,queue,3.11298e+06,3.16759e+06,17
1,mutex_1048576_same-core_unpaced,0,queue,3.16759e+06,3.2222e+06,11
1,mutex_1048576_same-core_unpaced,0,queue,3.2222e+06,3.27682e+06,19
1,mutex_1048576_same-core_unpaced,0,queue,3.27682e+06,3.33143e+06,19
1,mutex_1048576_same-core_unpaced,0,queue,3.33143e+06,3.38604e+06,17
1,mutex_1048576_same-core_unpaced,0,queue,3.38604e+06,3.44066e+06,17
1,mutex_1048576_same-core_unpaced,0,queue,3.44066e+06,3.49527e+06,21
1,mutex_1048576_same-core_unpaced,0,queue,3.49527e+06,3.6045e+06,38
1,mutex_1048576_same-core_unpaced,0,queue,3.6045e+06,3.71373e+06,20
1,mutex_1048576_same-core_unpaced,0,queue,3.71373e+06,3.82295e+06,48
1,mutex_1048576_same-core_unpaced,0,queue,3.82295e+06,3.93218e+06,32
1,mutex_1048576_same-core_unpaced,0,queue,3.93218e+06,4.04141e+06,39
1,mutex_1048576_same-core_unpaced,0,queue,4.04141e+06,4.15063e+06,30
1,mutex_1048576_same-core_unpaced,0,queue,4.15063e+06,4.25986e+06,36
1,mutex_1048576_same-core_unpaced,0,queue,4.25986e+06,4.36909e+06,37
1,mutex_1048576_same-core_unpaced,0,queue,4.36909e+06,4.47832e+06,45
1,mutex_1048576_same-core_unpaced,0,queue,4.47832e+06,4.58754e+06,34
1,mutex_1048576_same-core_unpaced,0,queue,4.58754e+06,4.69677e+06,33
1,mutex_1048576_same-core_unpaced,0,queue,4.69677e+06,4.806e+06,32
1,mutex_1048576_same-core_unpaced,0,queue,4.806e+06,4.91522e+06,40
1,mutex_1048576_same-core_unpaced,0,queue,4.91522e+06,5.02445e+06,43
1,mutex_1048576_same-core_unpaced,0,queue,5.02445e+06,5.13368e+06,32
1,mutex_1048576_same-core_unpaced,0,queue,5.13368e+06,5.24291e+06,25
1,mutex_1048576_same-core_unpaced,0,queue,5.24291e+06,5.35213e+06,38
1,mutex_1048576_same-core_unpaced,0,queue,5.35213e+06,5.46136e+06,31
1,mutex_1048576_same-core_unpaced,0,queue,5.46136e+06,5.57059e+06,43
1,mutex_1048576_same-core_unpaced,0,queue,5.57059e+06,5.67982e+06,45
1,mutex_1048576_same-core_unpaced,0,queue,5.67982e+06,5.78904e+06,40
1,mutex_1048576_same-core_unpaced,0,queue,5.78904e+06,5.89827e+06,29
1,mutex_1048576_same-core_unpaced,0,queue,5.89827e+06,6.0075e+06,37
1,mutex_1048576_same-core_unpaced,0,queue,6.0075e+06,6.11672e+06,43
1,mutex_1048576_same-core_unpaced,0,queue,6.11672e+06,6.22595e+06,28
1,mutex_1048576_same-core_unpaced,0,queue,6.22595e+06,6.33518e+06,23
1,mutex_1048576_same-core_unpaced,0,queue,6.33518e+06,6.44441e+06,39
1,mutex_1048576_same-core_unpaced,0,queue,6.44441e+06,6.55363e+06,21
1,mutex_1048576_same-core_unpaced,0,queue,6.55363e+06,6.66286e+06,28
1,mutex_1048576_same-core_unpaced,0,queue,6.66286e+06,6.77209e+06,39
1,mutex_1048576_same-core_unpaced,0,queue,6.77209e+06,6.88131e+06,24
1,mutex_1048576_same-core_unpaced,0,queue,6.88131e+06,6.99054e+06,33
1,mutex_1048576_same-core_unpaced,0,queue,6.99054e+06,7.209e+06,55
1,mutex_1048576_same-core_unpaced,0,queue,7.209e+06,7.42745e+06,58
1,mutex_1048576_same-core_unpaced,0,queue,7.42745e+06,7.64591e+06,63
1,mutex_1048576_same-core_unpaced,0,queue,7.64591e+06,7.86436e+06,63
1,mutex_1048576_same-core_unpaced,0,queue,7.86436e+06,8.08281e+06,62
1,mutex_1048576_same-core_unpaced,0,queue,8.08281e+06,8.30127e+06,56
1,mutex_1048576_same-core_unpaced,0,queue,8.30127e+06,8.51972e+06,49
1,mutex_1048576_same-core_unpaced,0,queue,8.51972e+06,8.73818e+06,77
1,mutex_1048576_same-core_unpaced,0,queue,8.73818e+06,8.95663e+06,52
1,mutex_1048576_same-core_unpaced,0,queue,8.95663e+06,9.17509e+06,70
1,mutex_1048576_same-core_unpaced,0,queue,9.17509e+06,9.39354e+06,63
1,mutex_1048576_same-core_unpaced,0,queue,9.39354e+06,9.612e+06,74
1,mutex_1048576_same-core_unpaced,0,queue,9.612e+06,9.83045e+06,59
1,mutex_1048576_same-core_unpaced,0,queue,9.83045e+06,1.00489e+07,73
1,mutex_1048576_same-core_unpaced,0,queue,1.00489e+07,1.02674e+07,70
1,mutex_1048576_same-core_unpaced,0,queue,1.02674e+07,1.04858e+07,71
1,mutex_1048576_same-core_unpaced,0,queue,1.04858e+07,1.07043e+07,62
1,mutex_1048576_same-core_unpaced,0,queue,1.07043e+07,1.09227e+07,79
1,mutex_1048576_same-core_unpaced,0,queue,1.09227e+07,1.11412e+07,70
1,mutex_1048576_same-core_unpaced,0,queue,1.11412e+07,1.13596e+07,72
1,mutex_1048576_same-core_unpaced,0,queue,1.13596e+07,1.15781e+07,64
1,mutex_1048576_same-core_unpaced,0,queue,1.15781e+07,1.17965e+07,53
1,mutex_1048576_same-core_unpaced,0,queue,1.17965e+07,1.2015e+07,74
1,mutex_1048576_same-core_unpaced,0,queue,1.2015e+07,1.22334e+07,68
1,mutex_1048576_same-core_unpaced,0,queue,1.22334e+07,1.24519e+07,59
1,mutex_1048576_same-core_unpaced,0,queue,1.24519e+07,1.26704e+07,65
1,mutex_1048576_same-core_unpaced,0,queue,1.26704e+07,1.28888e+07,84
1,mutex_1048576_same-core_unpaced,0,queue,1.28888e+07,1.31073e+07,61
1,mutex_1048576_same-core_unpaced,0,queue,1.31073e+07,1.33257e+07,64
1,mutex_1048576_same-core_unpaced,0,queue,1.33257e+07,1.35442e+07,72
1,mutex_1048576_same-core_unpaced,0,queue,1.35442e+07,1.37626e+07,64
1,mutex_1048576_same-core_unpaced,0,queue,1.37626e+07,1.39811e+07,71
1,mutex_1048576_same-core_unpaced,0,queue,1.39811e+07,1.4418e+07,128
1,mutex_1048576_same-core_unpaced,0,queue,1.4418e+07,1.48549e+07,119
1,mutex_1048576_same-core_unpaced,0,queue,1.48549e+07,1.52918e+07,119
1,mutex_1048576_same-core_unpaced,0,queue,1.52918e+07,1.57287e+07,146
1,mutex_1048576_same-core_unpaced,0,queue,1.57287e+07,1.61656e+07,137
1,mutex_1048576_same-core_unpaced,0,queue,1.61656e+07,1.66025e+07,157
1,mutex_1048576_same-core_unpaced,0,queue,1.66025e+07,1.70394e+07,137
1,mutex_1048576_same-core_unpaced,0,queue,1.70394e+07,1.74764e+07,114
1,mutex_1048576_same-core_unpaced,0,queue,1.74764e+07,1.79133e+07,120
1,mutex_1048576_same-core_unpaced,0,queue,1.79133e+07,1.83502e+07,140
1,mutex_1048576_same-core_unpaced,0,queue,1.83502e+07,1.87871e+07,131
1,mutex_1048576_same-core_unpaced,0,queue,1.87871e+07,1.9224e+07,120
1,mutex_1048576_same-core_unpaced,0,queue,1.9224e+07,1.96609e+07,157
1,mutex_1048576_same-core_unpaced,0,queue,1.96609e+07,2.00978e+07,132
1,mutex_1048576_same-core_unpaced,0,queue,2.00978e+07,2.05347e+07,125
1,mutex_1048576_same-core_unpaced,0,queue,2.05347e+07,2.09716e+07,147
1,mutex_1048576_same-core_unpaced,0,queue,2.09716e+07,2.14085e+07,134
1,mutex_1048576_same-core_unpaced,0,queue,2.14085e+07,2.18454e+07,144
1,mutex_1048576_same-core_unpaced,0,queue,2.18454e+07,2.22824e+07,130
1,mutex_1048576_same-core_unpaced,0,queue,2.22824e+07,2.27193e+07,121
1,mutex_1048576_same-core_unpaced,0,queue,2.27193e+07,2.31562e+07,146
1,mutex_1048576_same-core_unpaced,0,queue,2.31562e+07,2.35931e+07,108
1,mutex_1048576_same-core_unpaced,0,queue,2.35931e+07,2.403e+07,120
1,mutex_1048576_same-core_unpaced,0,queue,2.403e+07,2.44669e+07,97
1,mutex_1048576_same-core_unpaced,0,queue,2.44669e+07,2.49038e+07,117
1,mutex_1048576_same-core_unpaced,0,queue,2.49038e+07,2.53407e+07,137
1,mutex_1048576_same-core_unpaced,0,queue,2.53407e+07,2.57776e+07,138
1,mutex_1048576_same-core_unpaced,0,queue,2.57776e+07,2.62145e+07,128
1,mutex_1048576_same-core_unpaced,0,queue,2.62145e+07,2.66514e+07,134
1,mutex_1048576_same-core_unpaced,0,queue,2.66514e+07,2.70884e+07,130
1,mutex_1048576_same-core_unpaced,0,queue,2.70884e+07,2.75253e+07,108
1,mutex_1048576_same-core_unpaced,0,queue,2.75253e+07,2.79622e+07,129
1,mutex_1048576_same-core_unpaced,0,queue,2.79622e+07,2.8836e+07,257
1,mutex_1048576_same-core_unpaced,0,queue,2.8836e+07,2.97098e+07,264
1,mutex_1048576_same-core_unpaced,0,queue,2.97098e+07,3.05836e+07,250
1,mutex_1048576_same-core_unpaced,0,queue,3.05836e+07,3.14574e+07,248
1,mutex_1048576_same-core_unpaced,0,queue,3.14574e+07,3.23313e+07,266
1,mutex_1048576_same-core_unpaced,0,queue,3.23313e+07,3.32051e+07,263
1,mutex_1048576_same-core_unpaced,0,queue,3.32051e+07,3.40789e+07,283
1,mutex_1048576_same-core_unpaced,0,queue,3.40789e+07,3.49527e+07,268
1,mutex_1048576_same-core_unpaced,0,queue,3.49527e+07,3.58265e+07,260
1,mutex_1048576_same-core_unpaced,0,queue,3.58265e+07,3.67003e+07,297
1,mutex_1048576_same-core_unpaced,0,queue,3.67003e+07,3.75742e+07,250
1,mutex_1048576_same-core_unpaced,0,queue,3.75742e+07,3.8448e+07,255
1,mutex_1048576_same-core_unpaced,0,queue,3.8448e+07,3.93218e+07,247
1,mutex_1048576_same-core_unpaced,0,queue,3.93218e+07,4.01956e+07,277
1,mutex_1048576_same-core_unpaced,0,queue,4.01956e+07,4.10694e+07,253
1,mutex_1048576_same-core_unpaced,0,queue,4.10694e+07,4.19433e+07,264
1,mutex_1048576_same-core_unpaced,0,queue,4.19433e+07,4.28171e+07,261
1,mutex_1048576_same-core_unpaced,0,queue,4.28171e+07,4.36909e+07,253
1,mutex_1048576_same-core_unpaced,0,queue,4.36909e+07,4.45647e+07,240
1,mutex_1048576_same-core_unpaced,0,queue,4.45647e+07,4.54385e+07,242
1,mutex_1048576_same-core_unpaced,0,queue,4.54385e+07,4.63123e+07,269
1,mutex_1048576_same-core_unpaced,0,queue,4.63123e+07,4.71862e+07,266
1,mutex_1048576_same-core_unpaced,0,queue,4.71862e+07,4.806e+07,267
1,mutex_1048576_same-core_unpaced,0,queue,4.806e+07,4.89338e+07,258
1,mutex_1048576_same-core_unpaced,0,queue,4.89338e+07,4.98076e+07,266
1,mutex_1048576_same-core_unpaced,0,queue,4.98076e+07,5.06814e+07,232
1,mutex_1048576_same-core_unpaced,0,queue,5.06814e+07,5.15552e+07,238
1,mutex_1048576_same-core_unpaced,0,queue,5.15552e+07,5.24291e+07,284
1,mutex_1048576_same-core_unpaced,0,queue,5.24291e+07,5.33029e+07,255
1,mutex_1048576_same-core_unpaced,0,queue,5.33029e+07,5.41767e+07,267
1,mutex_1048576_same-core_unpaced,0,queue,5.41767e+07,5.50505e+07,260
1,mutex_1048576_same-core_unpaced,0,queue,5.50505e+07,5.59243e+07,272
1,mutex_1048576_same-core_unpaced,0,queue,5.59243e+07,5.7672e+07,548
1,mutex_1048576_same-core_unpaced,0,queue,5.7672e+07,5.94196e+07,516
1,mutex_1048576_same-core_unpaced,0,queue,5.94196e+07,6.11672e+07,536
1,mutex_1048576_same-core_unpaced,0,queue,6.11672e+07,6.29149e+07,492
1,mutex_1048576_same-core_unpaced,0,queue,6.29149e+07,6.46625e+07,515
1,mutex_1048576_same-core_unpaced,0,queue,6.46625e+07,6.64101e+07,529
1,mutex_1048576_same-core_unpaced,0,queue,6.64101e+07,6.81578e+07,540
1,mutex_1048576_same-core_unpaced,0,queue,6.81578e+07,6.99054e+07,532
1,mutex_1048576_same-core_unpaced,0,queue,6.99054e+07,7.16531e+07,516
1,mutex_1048576_same-core_unpaced,0,queue,7.16531e+07,7.34007e+07,511
1,mutex_1048576_same-core_unpaced,0,queue,7.34007e+07,7.51483e+07,572
1,mutex_1048576_same-core_unpaced,0,queue,7.51483e+07,7.6896e+07,558
1,mutex_1048576_same-core_unpaced,0,queue,7.6896e+07,7.86436e+07,537
1,mutex_1048576_same-core_unpaced,0,queue,7.86436e+07,8.03912e+07,488
1,mutex_1048576_same-core_unpaced,0,queue,8.03912e+07,8.21389e+07,556
1,mutex_1048576_same-core_unpaced,0,queue,8.21389e+07,8.38865e+07,529
1,mutex_1048576_same-core_unpaced,0,queue,8.38865e+07,8.56341e+07,545
1,mutex_1048576_same-core_unpaced,0,queue,8.56341e+07,8.73818e+07,546
1,mutex_1048576_same-core_unpaced,0,queue,8.73818e+07,8.91294e+07,555
1,mutex_1048576_same-core_unpaced,0,queue,8.91294e+07,9.0877e+07,514
1,mutex_1048576_same-core_unpaced,0,queue,9.0877e+07,9.26247e+07,530
1,mutex_1048576_same-core_unpaced,0,queue,9.26247e+07,9.43723e+07,553
1,mutex_1048576_same-core_unpaced,0,queue,9.43723e+07,9.612e+07,552
1,mutex_1048576_same-core_unpaced,0,queue,9.612e+07,9.78676e+07,538
1,mutex_1048576_same-core_unpaced,0,queue,9.78676e+07,9.96152e+07,528
1,mutex_1048576_same-core_unpaced,0,queue,9.96152e+07,1.01363e+08,544
1,mutex_1048576_same-core_unpaced,0,queue,1.01363e+08,1.0311e+08,534
1,mutex_1048576_same-core_unpaced,0,queue,1.0311e+08,1.04858e+08,524
1,mutex_1048576_same-core_unpaced,0,queue,1.04858e+08,1.06606e+08,506
1,mutex_1048576_same-core_unpaced,0,queue,1.06606e+08,1.08353e+08,461
1,mutex_1048576_same-core_unpaced,0,queue,1.08353e+08,1.10101e+08,572
1,mutex_1048576_same-core_unpaced,0,queue,1.10101e+08,1.11849e+08,537
1,mutex_1048576_same-core_unpaced,0,queue,1.11849e+08,1.15344e+08,1081
1,mutex_1048576_same-core_unpaced,0,queue,1.15344e+08,1.18839e+08,1252
1,mutex_1048576_same-core_unpaced,0,queue,1.18839e+08,1.22334e+08,1180
1,mutex_1048576_same-core_unpaced,0,queue,1.22334e+08,1.2583e+08,1229
1,mutex_1048576_same-core_unpaced,0,queue,1.2583e+08,1.29325e+08,1276
1,mutex_1048576_same-core_unpaced,0,queue,1.29325e+08,1.3282e+08,1336
1,mutex_1048576_same-core_unpaced,0,queue,1.3282e+08,1.36316e+08,1228
1,mutex_1048576_same-core_unpaced,0,queue,1.36316e+08,1.39811e+08,1279
1,mutex_1048576_same-core_unpaced,0,queue,1.39811e+08,1.43306e+08,1315
1,mutex_1048576_same-core_unpaced,0,queue,1.43306e+08,1.46801e+08,1258
1,mutex_1048576_same-core_unpaced,0,queue,1.46801e+08,1.50297e+08,1333
1,mutex_1048576_same-core_unpaced,0,queue,1.50297e+08,1.53792e+08,1949
1,mutex_1048576_same-core_unpaced,0,queue,1.53792e+08,1.57287e+08,2248
1,mutex_1048576_same-core_unpaced,0,queue,1.57287e+08,1.60782e+08,2127
1,mutex_1048576_same-core_unpaced,0,queue,1.60782e+08,1.64278e+08,2258
1,mutex_1048576_same-core_unpaced,0,queue,1.64278e+08,1.67773e+08,2206
1,mutex_1048576_same-core_unpaced,0,queue,1.67773e+08,1.71268e+08,2172
1,mutex_1048576_same-core_unpaced,0,queue,1.71268e+08,1.74764e+08,2203
1,mutex_1048576_same-core_unpaced,0,queue,1.74764e+08,1.78259e+08,2251
1,mutex_1048576_same-core_unpaced,0,queue,1.78259e+08,1.81754e+08,2545
1,mutex_1048576_same-core_unpaced,0,queue,1.81754e+08,1.85249e+08,2212
1,mutex_1048576_same-core_unpaced,0,queue,1.85249e+08,1.88745e+08,2390
1,mutex_1048576_same-core_unpaced,0,queue,1.88745e+08,1.9224e+08,2194
1,mutex_1048576_same-core_unpaced,0,queue,1.9224e+08,1.95735e+08,2235
1,mutex_1048576_same-core_unpaced,0,queue,1.95735e+08,1.9923e+08,2047
1,mutex_1048576_same-core_unpaced,0,queue,1.9923e+08,2.02726e+08,2161
1,mutex_1048576_same-core_unpaced,0,queue,2.02726e+08,2.06221e+08,2149
1,mutex_1048576_same-core_unpaced,0,queue,2.06221e+08,2.09716e+08,2151
1,mutex_1048576_same-core_unpaced,0,queue,2.09716e+08,2.13212e+08,2112
1,mutex_1048576_same-core_unpaced,0,queue,2.13212e+08,2.16707e+08,2137
1,mutex_1048576_same-core_unpaced,0,queue,2.16707e+08,2.20202e+08,2260
1,mutex_1048576_same-core_unpaced,0,queue,2.20202e+08,2.23697e+08,2099
1,mutex_1048576_same-core_unpaced,0,queue,2.23697e+08,2.30688e+08,4251
1,mutex_1048576_same-core_unpaced,0,queue,2.30688e+08,2.37678e+08,4410
1,mutex_1048576_same-core_unpaced,0,queue,2.37678e+08,2.44669e+08,4289
1,mutex_1048576_same-core_unpaced,0,queue,2.44669e+08,2.5166e+08,4206
1,mutex_1048576_same-core_unpaced,0,queue,2.5166e+08,2.5865e+08,4108
1,mutex_1048576_same-core_unpaced,0,queue,2.5865e+08,2.65641e+08,4043
1,mutex_1048576_same-core_unpaced,0,queue,2.65641e+08,2.72631e+08,4218
1,mutex_1048576_same-core_unpaced,0,queue,2.72631e+08,2.79622e+08,4276
1,mutex_1048576_same-core_unpaced,0,queue,2.79622e+08,2.86612e+08,4142
1,mutex_1048576_same-core_unpaced,0,queue,2.86612e+08,2.93603e+08,4108
1,mutex_1048576_same-core_unpaced,0,queue,2.93603e+08,3.00593e+08,51213
1,mutex_1048576_same-core_unpaced,0,queue,3.00593e+08,3.07584e+08,55515
1,mutex_1048576_same-core_unpaced,0,queue,3.07584e+08,3.14574e+08,34904
1,mutex_1048576_same-core_unpaced,0,queue,3.14574e+08,3.21565e+08,16770
1,mutex_1048576_same-core_unpaced,0,queue,3.21565e+08,3.28555e+08,22085
1,mutex_1048576_same-core_unpaced,0,queue,3.28555e+08,3.35546e+08,14347
1,mutex_1048576_same-core_unpaced,0,queue,3.35546e+08,3.42537e+08,10319
1,mutex_1048576_same-core_unpaced,0,queue,3.42537e+08,3.49527e+08,11230
1,mutex_1048576_same-core_unpaced,0,queue,3.49527e+08,3.56518e+08,10375
1,mutex_1048576_same-core_unpaced,0,queue,3.56518e+08,3.63508e+08,12075
1,mutex_1048576_same-core_unpaced,0,queue,3.63508e+08,3.70499e+08,5641
1,mutex_1048576_same-core_unpaced,0,queue,3.70499e+08,3.77489e+08,5250
1,mutex_1048576_same-core_unpaced,0,queue,3.77489e+08,3.8448e+08,6043
1,mutex_1048576_same-core_unpaced,0,queue,3.8448e+08,3.9147e+08,6698
1,mutex_1048576_same-core_unpaced,0,queue,3.9147e+08,3.98461e+08,24017
1,mutex_1048576_same-core_unpaced,0,queue,3.98461e+08,4.05451e+08,64635
1,mutex_1048576_same-core_unpaced,0,queue,4.05451e+08,4.12442e+08,270904
1,mutex_1048576_same-core_unpaced,0,queue,4.12442e+08,4.19433e+08,971666
1,mutex_1048576_same-core_unpaced,0,queue,4.19433e+08,4.26423e+08,429216
1,mutex_1048576_same-core_unpaced,0,queue,4.26423e+08,4.33414e+08,91821
1,mutex_1048576_same-core_unpaced,0,queue,4.33414e+08,4.40404e+08,42492
1,mutex_1048576_same-core_unpaced,0,queue,4.40404e+08,4.47395e+08,88437
1,mutex_1048576_same-core_unpaced,0,book,15.0001,15.4167,2
1,mutex_1048576_same-core_unpaced,0,book,15.8334,16.2501,5
1,mutex_1048576_same-core_unpaced,0,book,16.6668,17.0834,14
1,mutex_1048576_same-core_unpaced,0,book,17.5001,17.9168,22
1,mutex_1048576_same-core_unpaced,0,book,18.3334,18.7501,33
1,mutex_1048576_same-core_unpaced,0,book,19.1668,19.5834,59
1,mutex_1048576_same-core_unpaced,0,book,20.0001,20.4168,159
1,mutex_1048576_same-core_unpaced,0,book,20.8334,21.2501,847
1,mutex_1048576_same-core_unpaced,0,book,21.6668,22.0834,1420
1,mutex_1048576_same-core_unpaced,0,book,22.5001,22.9168,618
1,mutex_1048576_same-core_unpaced,0,book,23.3335,23.7501,326
1,mutex_1048576_same-core_unpaced,0,book,24.1668,24.5835,436
1,mutex_1048576_same-core_unpaced,0,book,25.0001,25.4168,540
1,mutex_1048576_same-core_unpaced,0,book,25.8335,26.2501,676
1,mutex_1048576_same-core_unpaced,0,book,26.6668,27.5001,1114
1,mutex_1048576_same-core_unpaced,0,book,27.5001,28.3335,1376
1,mutex_1048576_same-core_unpaced,0,book,28.3335,29.1668,1981
1,mutex_1048576_same-core_unpaced,0,book,29.1668,30.0002,3606
1,mutex_1048576_same-core_unpaced,0,book,30.0002,30.8335,4720
1,mutex_1048576_same-core_unpaced,0,book,30.8335,31.6668,5814
1,mutex_1048576_same-core_unpaced,0,book,31.6668,32.5002,5246
1,mutex_1048576_same-core_unpaced,0,book,32.5002,33.3335,4347
1,mutex_1048576_same-core_unpaced,0,book,33.3335,34.1668,3542
1,mutex_1048576_same-core_unpaced,0,book,34.1668,35.0002,2162
1,mutex_1048576_same-core_unpaced,0,book,35.0002,35.8335,1541
1,mutex_1048576_same-core_unpaced,0,book,35.8335,36.6669,1113
1,mutex_1048576_same-core_unpaced,0,book,36.6669,37.5002,945
1,mutex_1048576_same-core_unpaced,0,book,37.5002,38.3335,1044
1,mutex_1048576_same-core_unpaced,0,book,38.3335,39.1669,1029
1,mutex_1048576_same-core_unpaced,0,book,39.1669,40.0002,1033
1,mutex_1048576_same-core_unpaced,0,book,40.0002,40.8335,1356
1,mutex_1048576_same-core_unpaced,0,book,40.8335,41.6669,1454
1,mutex_1048576_same-core_unpaced,0,book,41.6669,42.5002,1763
1,mutex_1048576_same-core_unpaced,0,book,42.5002,43.3336,2283
1,mutex_1048576_same-core_unpaced,0,book,43.3336,44.1669,2318
1,mutex_1048576_same-core_unpaced,0,book,44.1669,45.0002,2960
1,mutex_1048576_same-core_unpaced,0,book,45.0002,45.8336,3415
1,mutex_1048576_same-core_unpaced,0,book,45.8336,46.6669,3650
1,mutex_1048576_same-core_unpaced,0,book,46.6669,47.5002,4770
1,mutex_1048576_same-core_unpaced,0,book,47.5002,48.3336,4569
1,mutex_1048576_same-core_unpaced,0,book,48.3336,49.1669,5014
1,mutex_1048576_same-core_unpaced,0,book,49.1669,50.0003,5388
1,mutex_1048576_same-core_unpaced,0,book,50.0003,50.8336,5093
1,mutex_1048576_same-core_unpaced,0,book,50.8336,51.6669,5302
1,mutex_1048576_same-core_unpaced,0,book,51.6669,52.5003,5018
1,mutex_1048576_same-core_unpaced,0,book,52.5003,53.3336,4890
1,mutex_1048576_same-core_unpaced,0,book,53.3336,55.0003,9751
1,mutex_1048576_same-core_unpaced,0,book,55.0003,56.667,9476
1,mutex_1048576_same-core_unpaced,0,book,56.667,58.3336,9131
1,mutex_1048576_same-core_unpaced,0,book,58.3336,60.0003,9112
1,mutex_1048576_same-core_unpaced,0,book,60.0003,61.667,10303
1,mutex_1048576_same-core_unpaced,0,book,61.667,63.3337,11521
1,mutex_1048576_same-core_unpaced,0,book,63.3337,65.0003,12238
1,mutex_1048576_same-core_unpaced,0,book,65.0003,66.667,13280
1,mutex_1048576_same-core_unpaced,0,book,66.667,68.3337,14571
1,mutex_1048576_same-core_unpaced,0,book,68.3337,70.0004,14785
1,mutex_1048576_same-core_unpaced,0,book,70.0004,71.667,15551
1,mutex_1048576_same-core_unpaced,0,book,71.667,73.3337,15347
1,mutex_1048576_same-core_unpaced,0,book,73.3337,75.0004,15704
1,mutex_1048576_same-core_unpaced,0,book,75.0004,76.6671,16069
1,mutex_1048576_same-core_unpaced,0,book,76.6671,78.3337,15669
1,mutex_1048576_same-core_unpaced,0,book,78.3337,80.0004,15012
1,mutex_1048576_same-core_unpaced,0,book,80.0004,81.6671,16116
1,mutex_1048576_same-core_unpaced,0,book,81.6671,83.3338,16073
1,mutex_1048576_same-core_unpaced,0,book,83.3338,85.0004,14931
1,mutex_1048576_same-core_unpaced,0,book,85.0004,86.6671,14485
1,mutex_1048576_same-core_unpaced,0,book,86.6671,88.3338,14165
1,mutex_1048576_same-core_unpaced,0,book,88.3338,90.0005,13353
1,mutex_1048576_same-core_unpaced,0,book,90.0005,91.6671,12426
1,mutex_1048576_same-core_unpaced,0,book,91.6671,93.3338,11412
1,mutex_1048576_same-core_unpaced,0,book,93.3338,95.0005,10988
1,mutex_1048576_same-core_unpaced,0,book,95.0005,96.6672,10301
1,mutex_1048576_same-core_unpaced,0,book,96.6672,98.3338,9345
1,mutex_1048576_same-core_unpaced,0,book,98.3338,100.001,8313
1,mutex_1048576_same-core_unpaced,0,book,100.001,101.667,8535
1,mutex_1048576_same-core_unpaced,0,book,101.667,103.334,7804
1,mutex_1048576_same-core_unpaced,0,book,103.334,105.001,6786
1,mutex_1048576_same-core_unpaced,0,book,105.001,106.667,6382
1,mutex_1048576_same-core_unpaced,0,book,106.667,110.001,11497
1,mutex_1048576_same-core_unpaced,0,book,110.001,113.334,9737
1,mutex_1048576_same-core_unpaced,0,book,113.334,116.667,8781
1,mutex_1048576_same-core_unpaced,0,book,116.667,120.001,7398
1,mutex_1048576_same-core_unpaced,0,book,120.001,123.334,6782
1,mutex_1048576_same-core_unpaced,0,book,123.334,126.667,5896
1,mutex_1048576_same-core_unpaced,0,book,126.667,130.001,6242
1,mutex_1048576_same-core_unpaced,0,book,130.001,133.334,7926
1,mutex_1048576_same-core_unpaced,0,book,133.334,136.667,12473
1,mutex_1048576_same-core_unpaced,0,book,136.667,140.001,16228
1,mutex_1048576_same-core_unpaced,0,book,140.001,143.334,18405
1,mutex_1048576_same-core_unpaced,0,book,143.334,146.667,20522
1,mutex_1048576_same-core_unpaced,0,book,146.667,150.001,28981
1,mutex_1048576_same-core_unpaced,0,book,150.001,153.334,36360
1,mutex_1048576_same-core_unpaced,0,book,153.334,156.667,41826
1,mutex_1048576_same-core_unpaced,0,book,156.667,160.001,39598
1,mutex_1048576_same-core_unpaced,0,book,160.001,163.334,43073
1,mutex_1048576_same-core_unpaced,0,book,163.334,166.668,49007
1,mutex_1048576_same-core_unpaced,0,book,166.668,170.001,55121
1,mutex_1048576_same-core_unpaced,0,book,170.001,173.334,50000
1,mutex_1048576_same-core_unpaced,0,book,173.334,176.668,47839
1,mutex_1048576_same-core_unpaced,0,book,176.668,180.001,47291
1,mutex_1048576_same-core_unpaced,0,book,180.001,183.334,50980
1,mutex_1048576_same-core_unpaced,0,book,183.334,186.668,48367
1,mutex_1048576_same-core_unpaced,0,book,186.668,190.001,46905
1,mutex_1048576_same-core_unpaced,0,book,190.001,193.334,43957
1,mutex_1048576_same-core_unpaced,0,book,193.334,196.668,44859
1,mutex_1048576_same-core_unpaced,0,book,196.668,200.001,41933
1,mutex_1048576_same-core_unpaced,0,book,200.001,203.334,42545
1,mutex_1048576_same-core_unpaced,0,book,203.334,206.668,38741
1,mutex_1048576_same-core_unpaced,0,book,206.668,210.001,38019
1,mutex_1048576_same-core_unpaced,0,book,210.001,213.334,35226
1,mutex_1048576_same-core_unpaced,0,book,213.334,220.001,63772
1,mutex_1048576_same-core_unpaced,0,book,220.001,226.668,55060
1,mutex_1048576_same-core_unpaced,0,book,226.668,233.335,47776
1,mutex_1048576_same-core_unpaced,0,book,233.335,240.001,40398
1,mutex_1048576_same-core_unpaced,0,book,240.001,246.668,35866
1,mutex_1048576_same-core_unpaced,0,book,246.668,253.335,31705
1,mutex_1048576_same-core_unpaced,0,book,253.335,260.001,28070
1,mutex_1048576_same-core_unpaced,0,book,260.001,266.668,25687
1,mutex_1048576_same-core_unpaced,0,book,266.668,273.335,23747
1,mutex_1048576_same-core_unpaced,0,book,273.335,280.001,21910
1,mutex_1048576_same-core_unpaced,0,book,280.001,286.668,20476
1,mutex_1048576_same-core_unpaced,0,book,286.668,293.335,19247
1,mutex_1048576_same-core_unpaced,0,book,293.335,300.002,18224
1,mutex_1048576_same-core_unpaced,0,book,300.002,306.668,17585
1,mutex_1048576_same-core_unpaced,0,book,306.668,313.335,17081
1,mutex_1048576_same-core_unpaced,0,book,313.335,320.002,16707
1,mutex_1048576_same-core_unpaced,0,book,320.002,326.668,16552
1,mutex_1048576_same-core_unpaced,0,book,326.668,333.335,16166
1,mutex_1048576_same-core_unpaced,0,book,333.335,340.002,16042
1,mutex_1048576_same-core_unpaced,0,book,340.002,346.668,15885
1,mutex_1048576_same-core_unpaced,0,book,346.668,353.335,15429
1,mutex_1048576_same-core_unpaced,0,book,353.335,360.002,15059
1,mutex_1048576_same-core_unpaced,0,book,360.002,366.669,14971
1,mutex_1048576_same-core_unpaced,0,book,366.669,373.335,14440
1,mutex_1048576_same-core_unpaced,0,book,373.335,380.002,13961
1,mutex_1048576_same-core_unpaced,0,book,380.002,386.669,13383
1,mutex_1048576_same-core_unpaced,0,book,386.669,393.335,12832
1,mutex_1048576_same-core_unpaced,0,book,393.335,400.002,12507
1,mutex_1048576_same-core_unpaced,0,book,400.002,406.669,11945
1,mutex_1048576_same-core_unpaced,0,book,406.669,413.335,11207
1,mutex_1048576_same-core_unpaced,0,book,413.335,420.002,10641
1,mutex_1048576_same-core_unpaced,0,book,420.002,426.669,10324
1,mutex_1048576_same-core_unpaced,0,book,426.669,440.002,18857
1,mutex_1048576_same-core_unpaced,0,book,440.002,453.336,17154
1,mutex_1048576_same-core_unpaced,0,book,453.336,466.669,15375
1,mutex_1048576_same-core_unpaced,0,book,466.669,480.002,13654
1,mutex_1048576_same-core_unpaced,0,book,480.002,493.336,12120
1,mutex_1048576_same-core_unpaced,0,book,493.336,506.669,10444
1,mutex_1048576_same-core_unpaced,0,book,506.669,520.003,8841
1,mutex_1048576_same-core_unpaced,0,book,520.003,533.336,8027
1,mutex_1048576_same-core_unpaced,0,book,533.336,546.669,7034
1,mutex_1048576_same-core_unpaced,0,book,546.669,560.003,6222
1,mutex_1048576_same-core_unpaced,0,book,560.003,573.336,5672
1,mutex_1048576_same-core_unpaced,0,book,573.336,586.67,5254
1,mutex_1048576_same-core_unpaced,0,book,586.67,600.003,4627
1,mutex_1048576_same-core_unpaced,0,book,600.003,613.336,4394
1,mutex_1048576_same-core_unpaced,0,book,613.336,626.67,3963
1,mutex_1048576_same-core_unpaced,0,book,626.67,640.003,3593
1,mutex_1048576_same-core_unpaced,0,book,640.003,653.337,3245
1,mutex_1048576_same-core_unpaced,0,book,653.337,666.67,2920
1,mutex_1048576_same-core_unpaced,0,book,666.67,680.003,2707
1,mutex_1048576_same-core_unpaced,0,book,680.003,693.337,2389
1,mutex_1048576_same-core_unpaced,0,book,693.337,706.67,2222
1,mutex_1048576_same-core_unpaced,0,book,706.67,720.004,1980
1,mutex_1048576_same-core_unpaced,0,book,720.004,733.337,1756
1,mutex_1048576_same-core_unpaced,0,book,733.337,746.67,1640
1,mutex_1048576_same-core_unpaced,0,book,746.67,760.004,1531
1,mutex_1048576_same-core_unpaced,0,book,760.004,773.337,1369
1,mutex_1048576_same-core_unpaced,0,book,773.337,786.671,1168
1,mutex_1048576_same-core_unpaced,0,book,786.671,800.004,1069
1,mutex_1048576_same-core_unpaced,0,book,800.004,813.337,1030
1,mutex_1048576_same-core_unpaced,0,book,813.337,826.671,949
1,mutex_1048576_same-core_unpaced,0,book,826.671,840.004,778
1,mutex_1048576_same-core_unpaced,0,book,840.004,853.338,759
1,mutex_1048576_same-core_unpaced,0,book,853.338,880.004,1190
1,mutex_1048576_same-core_unpaced,0,book,880.004,906.671,1016
1,mutex_1048576_same-core_unpaced,0,book,906.671,933.338,789
1,mutex_1048576_same-core_unpaced,0,book,933.338,960.005,668
1,mutex_1048576_same-core_unpaced,0,book,960.005,986.672,565
1,mutex_1048576_same-core_unpaced,0,book,986.672,1013.34,418
1,mutex_1048576_same-core_unpaced,0,book,1013.34,1040.01,376
1,mutex_1048576_same-core_unpaced,0,book,1040.01,1066.67,274
1,mutex_1048576_same-core_unpaced,0,book,1066.67,1093.34,257
1,mutex_1048576_same-core_unpaced,0,book,1093.34,1120.01,182
1,mutex_1048576_same-core_unpaced,0,book,1120.01,1146.67,156
1,mutex_1048576_same-core_unpaced,0,book,1146.67,1173.34,135
1,mutex_1048576_same-core_unpaced,0,book,1173.34,1200.01,129
1,mutex_1048576_same-core_unpaced,0,book,1200.01,1226.67,92
1,mutex_1048576_same-core_unpaced,0,book,1226.67,1253.34,70
1,mutex_1048576_same-core_unpaced,0,book,1253.34,1280.01,75
1,mutex_1048576_same-core_unpaced,0,book,1280.01,1306.67,57
1,mutex_1048576_same-core_unpaced,0,book,1306.67,1333.34,53
1,mutex_1048576_same-core_unpaced,0,book,1333.34,1360.01,47
1,mutex_1048576_same-core_unpaced,0,book,1360.01,1386.67,43
1,mutex_1048576_same-core_unpaced,0,book,1386.67,1413.34,31
1,mutex_1048576_same-core_unpaced,0,book,1413.34,1440.01,24
1,mutex_1048576_same-core_unpaced,0,book,1440.01,1466.67,26
1,mutex_1048576_same-core_unpaced,0,book,1466.67,1493.34,15
1,mutex_1048576_same-core_unpaced,0,book,1493.34,1520.01,19
1,mutex_1048576_same-core_unpaced,0,book,1520.01,1546.67,13
1,mutex_1048576_same-core_unpaced,0,book,1546.67,1573.34,22
1,mutex_1048576_same-core_unpaced,0,book,1573.34,1600.01,17
1,mutex_1048576_same-core_unpaced,0,book,1600.01,1626.67,13
1,mutex_1048576_same-core_unpaced,0,book,1626.67,1653.34,11
1,mutex_1048576_same-core_unpaced,0,book,1653.34,1680.01,11
1,mutex_1048576_same-core_unpaced,0,book,1680.01,1706.68,15
1,mutex_1048576_same-core_unpaced,0,book,1706.68,1760.01,16
1,mutex_1048576_same-core_unpaced,0,book,1760.01,1813.34,10
1,mutex_1048576_same-core_unpaced,0,book,1813.34,1866.68,12
1,mutex_1048576_same-core_unpaced,0,book,1866.68,1920.01,15
1,mutex_1048576_same-core_unpaced,0,book,1920.01,1973.34,8
1,mutex_1048576_same-core_unpaced,0,book,1973.34,2026.68,13
1,mutex_1048576_same-core_unpaced,0,book,2026.68,2080.01,9
1,mutex_1048576_same-core_unpaced,0,book,2080.01,2133.34,13
1,mutex_1048576_same-core_unpaced,0,book,2133.34,2186.68,15
1,mutex_1048576_same-core_unpaced,0,book,2186.68,2240.01,11
1,mutex_1048576_same-core_unpaced,0,book,2240.01,2293.34,12
1,mutex_1048576_same-core_unpaced,0,book,2293.34,2346.68,7
1,mutex_1048576_same-core_unpaced,0,book,2346.68,2400.01,8
1,mutex_1048576_same-core_unpaced,0,book,2400.01,2453.35,6
1,mutex_1048576_same-core_unpaced,0,book,2453.35,2506.68,4
1,mutex_1048576_same-core_unpaced,0,book,2506.68,2560.01,9
1,mutex_1048576_same-core_unpaced,0,book,2560.01,2613.35,7
1,mutex_1048576_same-core_unpaced,0,book,2613.35,2666.68,6
1,mutex_1048576_same-core_unpaced,0,book,2666.68,2720.01,5
1,mutex_1048576_same-core_unpaced,0,book,2720.01,2773.35,2
1,mutex_1048576_same-core_unpaced,0,book,2773.35,2826.68,1
1,mutex_1048576_same-core_unpaced,0,book,2826.68,2880.01,3
1,mutex_1048576_same-core_unpaced,0,book,2880.01,2933.35,1
1,mutex_1048576_same-core_unpaced,0,book,2933.35,2986.68,4
1,mutex_1048576_same-core_unpaced,0,book,2986.68,3040.02,1
1,mutex_1048576_same-core_unpaced,0,book,3093.35,3146.68,2
1,mutex_1048576_same-core_unpaced,0,book,3200.02,3253.35,1
1,mutex_1048576_same-core_unpaced,0,book,3253.35,3306.68,1
1,mutex_1048576_same-core_unpaced,0,book,3306.68,3360.02,2
1,mutex_1048576_same-core_unpaced,0,book,3360.02,3413.35,1
1,mutex_1048576_same-core_unpaced,0,book,3520.02,3626.69,1
1,mutex_1048576_same-core_unpaced,0,book,3626.69,3733.35,4
1,mutex_1048576_same-core_unpaced,0,book,3733.35,3840.02,3
1,mutex_1048576_same-core_unpaced,0,book,3840.02,3946.69,5
1,mutex_1048576_same-core_unpaced,0,book,3946.69,4053.35,1
1,mutex_1048576_same-core_unpaced,0,book,4053.35,4160.02,6
1,mutex_1048576_same-core_unpaced,0,book,4160.02,4266.69,9
1,mutex_1048576_same-core_unpaced,0,book,4266.69,4373.36,7
1,mutex_1048576_same-core_unpaced,0,book,4373.36,4480.02,7
1,mutex_1048576_same-core_unpaced,0,book,4480.02,4586.69,14
1,mutex_1048576_same-core_unpaced,0,book,4586.69,4693.36,18
1,mutex_1048576_same-core_unpaced,0,book,4693.36,4800.02,15
1,mutex_1048576_same-core_unpaced,0,book,4800.02,4906.69,16
1,mutex_1048576_same-core_unpaced,0,book,4906.69,5013.36,15
1,mutex_1048576_same-core_unpaced,0,book,5013.36,5120.03,9
1,mutex_1048576_same-core_unpaced,0,book,5120.03,5226.69,6
1,mutex_1048576_same-core_unpaced,0,book,5226.69,5333.36,3
1,mutex_1048576_same-core_unpaced,0,book,5333.36,5440.03,1
1,mutex_1048576_same-core_unpaced,0,book,5440.03,5546.69,2
1,mutex_1048576_same-core_unpaced,0,book,5546.69,5653.36,2
1,mutex_1048576_same-core_unpaced,0,book,5653.36,5760.03,2
1,mutex_1048576_same-core_unpaced,0,book,5760.03,5866.7,1
1,mutex_1048576_same-core_unpaced,0,book,5973.36,6080.03,2
1,mutex_1048576_same-core_unpaced,0,book,6080.03,6186.7,1
1,mutex_1048576_same-core_unpaced,0,book,6186.7,6293.37,1
1,mutex_1048576_same-core_unpaced,0,book,6293.37,6400.03,3
1,mutex_1048576_same-core_unpaced,0,book,6400.03,6506.7,4
1,mutex_1048576_same-core_unpaced,0,book,6506.7,6613.37,3
1,mutex_1048576_same-core_unpaced,0,book,6613.37,6720.03,2
1,mutex_1048576_same-core_unpaced,0,book,6720.03,6826.7,7
1,mutex_1048576_same-core_unpaced,0,book,6826.7,7040.04,11
1,mutex_1048576_same-core_unpaced,0,book,7040.04,7253.37,12
1,mutex_1048576_same-core_unpaced,0,book,7253.37,7466.7,9
1,mutex_1048576_same-core_unpaced,0,book,7466.7,7680.04,8
1,mutex_1048576_same-core_unpaced,0,book,7680.04,7893.37,5
1,mutex_1048576_same-core_unpaced,0,book,7893.37,8106.71,3
1,mutex_1048576_same-core_unpaced,0,book,8106.71,8320.04,17
1,mutex_1048576_same-core_unpaced,0,book,8320.04,8533.38,16
1,mutex_1048576_same-core_unpaced,0,book,8533.38,8746.71,12
1,mutex_1048576_same-core_unpaced,0,book,8746.71,8960.05,7
1,mutex_1048576_same-core_unpaced,0,book,8960.05,9173.38,5
1,mutex_1048576_same-core_unpaced,0,book,9173.38,9386.71,3
1,mutex_1048576_same-core_unpaced,0,book,9386.71,9600.05,2
1,mutex_1048576_same-core_unpaced,0,book,9600.05,9813.38,1
1,mutex_1048576_same-core_unpaced,0,book,9813.38,10026.7,1
1,mutex_1048576_same-core_unpaced,0,book,10026.7,10240.1,6
1,mutex_1048576_same-core_unpaced,0,book,10240.1,10453.4,10
1,mutex_1048576_same-core_unpaced,0,book,10453.4,10666.7,29
1,mutex_1048576_same-core_unpaced,0,book,10666.7,10880.1,88
1,mutex_1048576_same-core_unpaced,0,book,10880.1,11093.4,112
1,mutex_1048576_same-core_unpaced,0,book,11093.4,11306.7,99
1,mutex_1048576_same-core_unpaced,0,book,11306.7,11520.1,83
1,mutex_1048576_same-core_unpaced,0,book,11520.1,11733.4,50
1,mutex_1048576_same-core_unpaced,0,book,11733.4,11946.7,32
1,mutex_1048576_same-core_unpaced,0,book,11946.7,12160.1,19
1,mutex_1048576_same-core_unpaced,0,book,12160.1,12373.4,9
1,mutex_1048576_same-core_unpaced,0,book,12373.4,12586.7,6
1,mutex_1048576_same-core_unpaced,0,book,12586.7,12800.1,2
1,mutex_1048576_same-core_unpaced,0,book,12800.1,13013.4,7
1,mutex_1048576_same-core_unpaced,0,book,13013.4,13226.7,3
1,mutex_1048576_same-core_unpaced,0,book,13226.7,13440.1,5
1,mutex_1048576_same-core_unpaced,0,book,13440.1,13653.4,2
1,mutex_1048576_same-core_unpaced,0,book,13653.4,14080.1,3
1,mutex_1048576_same-core_unpaced,0,book,14080.1,14506.7,1
1,mutex_1048576_same-core_unpaced,0,book,14506.7,14933.4,2
1,mutex_1048576_same-core_unpaced,0,book,14933.4,15360.1,1
1,mutex_1048576_same-core_unpaced,0,book,15360.1,15786.7,1
1,mutex_1048576_same-core_unpaced,0,book,15786.7,16213.4,1
1,mutex_1048576_same-core_unpaced,0,book,17493.4,17920.1,2
1,mutex_1048576_same-core_unpaced,0,book,17920.1,18346.8,1
1,mutex_1048576_same-core_unpaced,0,book,18346.8,18773.4,2
1,mutex_1048576_same-core_unpaced,0,book,21760.1,22186.8,2
1,mutex_1048576_same-core_unpaced,0,book,34986.8,35840.2,1
1,mutex_1048576_same-core_unpaced,0,book,93867.1,95573.8,1
1,mutex_1048576_same-core_unpaced,0,book,143361,146774,1
2,mutex_1048576_same-core_unpaced,1,total,11306.7,11520.1,1
2,mutex_1048576_same-core_unpaced,1,total,12373.4,12586.7,1
2,mutex_1048576_same-core_unpaced,1,total,13440.1,13653.4,1
2,mutex_1048576_same-core_unpaced,1,total,17066.8,17493.4,1
2,mutex_1048576_same-core_unpaced,1,total,19626.8,20053.4,1
2,mutex_1048576_same-core_unpaced,1,total,21760.1,22186.8,1
2,mutex_1048576_same-core_unpaced,1,total,22613.4,23040.1,1
2,mutex_1048576_same-core_unpaced,1,total,23466.8,23893.5,1
2,mutex_1048576_same-core_unpaced,1,total,25173.5,25600.1,1
2,mutex_1048576_same-core_unpaced,1,total,28160.1,29013.5,2
2,mutex_1048576_same-core_unpaced,1,total,30720.2,31573.5,1
2,mutex_1048576_same-core_unpaced,1,total,31573.5,32426.8,1
2,mutex_1048576_same-core_unpaced,1,total,33280.2,34133.5,1
2,mutex_1048576_same-core_unpaced,1,total,34986.8,35840.2,1
2,mutex_1048576_same-core_unpaced,1,total,35840.2,36693.5,1
2,mutex_1048576_same-core_unpaced,1,total,40106.9,40960.2,1
2,mutex_1048576_same-core_unpaced,1,total,41813.5,42666.9,3
2,mutex_1048576_same-core_unpaced,1,total,42666.9,43520.2,1
2,mutex_1048576_same-core_unpaced,1,total,43520.2,44373.6,1
2,mutex_1048576_same-core_unpaced,1,total,44373.6,45226.9,1
2,mutex_1048576_same-core_unpaced,1,total,45226.9,46080.2,5
2,mutex_1048576_same-core_unpaced,1,total,46080.2,46933.6,3
2,mutex_1048576_same-core_unpaced,1,total,46933.6,47786.9,3
2,mutex_1048576_same-core_unpaced,1,total,47786.9,48640.2,2
2,mutex_1048576_same-core_unpaced,1,total,51200.3,52053.6,4
2,mutex_1048576_same-core_unpaced,1,total,52053.6,52906.9,3
2,mutex_1048576_same-core_unpaced,1,total,52906.9,53760.3,2
2,mutex_1048576_same-core_unpaced,1,total,53760.3,54613.6,1
2,mutex_1048576_same-core_unpaced,1,total,54613.6,56320.3,4
2,mutex_1048576_same-core_unpaced,1,total,56320.3,58027,1
2,mutex_1048576_same-core_unpaced,1,total,58027,59733.6,4
2,mutex_1048576_same-core_unpaced,1,total,59733.6,61440.3,3
2,mutex_1048576_same-core_unpaced,1,total,61440.3,63147,2
2,mutex_1048576_same-core_unpaced,1,total,63147,64853.7,3
2,mutex_1048576_same-core_unpaced,1,total,64853.7,66560.3,11
2,mutex_1048576_same-core_unpaced,1,total,66560.3,68267,5
2,mutex_1048576_same-core_unpaced,1,total,68267,69973.7,1
2,mutex_1048576_same-core_unpaced,1,total,69973.7,71680.4,1
2,mutex_1048576_same-core_unpaced,1,total,71680.4,73387,9
2,mutex_1048576_same-core_unpaced,1,total,73387,75093.7,3
2,mutex_1048576_same-core_unpaced,1,total,75093.7,76800.4,5
2,mutex_1048576_same-core_unpaced,1,total,76800.4,78507.1,9
2,mutex_1048576_same-core_unpaced,1,total,78507.1,80213.7,7
2,mutex_1048576_same-core_unpaced,1,total,80213.7,81920.4,5
2,mutex_1048576_same-core_unpaced,1,total,81920.4,83627.1,1
2,mutex_1048576_same-core_unpaced,1,total,85333.8,87040.4,4
2,mutex_1048576_same-core_unpaced,1,total,87040.4,88747.1,4
2,mutex_1048576_same-core_unpaced,1,total,88747.1,90453.8,16
2,mutex_1048576_same-core_unpaced,1,total,90453.8,92160.5,11
2,mutex_1048576_same-core_unpaced,1,total,92160.5,93867.1,13
2,mutex_1048576_same-core_unpaced,1,total,93867.1,95573.8,9
2,mutex_1048576_same-core_unpaced,1,total,95573.8,97280.5,6
2,mutex_1048576_same-core_unpaced,1,total,97280.5,98987.2,5
2,mutex_1048576_same-core_unpaced,1,total,98987.2,100694,9
2,mutex_1048576_same-core_unpaced,1,total,100694,102401,10
2,mutex_1048576_same-core_unpaced,1,total,102401,104107,10
2,mutex_1048576_same-core_unpaced,1,total,104107,105814,15
2,mutex_1048576_same-core_unpaced,1,total,105814,107521,8
2,mutex_1048576_same-core_unpaced,1,total,107521,109227,6
2,mutex_1048576_same-core_unpaced,1,total,109227,112641,17
2,mutex_1048576_same-core_unpaced,1,total,112641,116054,5
2,mutex_1048576_same-core_unpaced,1,total,116054,119467,11
2,mutex_1048576_same-core_unpaced,1,total,119467,122881,20
2,mutex_1048576_same-core_unpaced,1,total,122881,126294,4
2,mutex_1048576_same-core_unpaced,1,total,126294,129707,15
2,mutex_1048576_same-core_unpaced,1,total,129707,133121,2
2,mutex_1048576_same-core_unpaced,1,total,133121,136534,1
2,mutex_1048576_same-core_unpaced,1,total,136534,139947,2
2,mutex_1048576_same-core_unpaced,1,total,139947,143361,2
2,mutex_1048576_same-core_unpaced,1,total,143361,146774,5
2,mutex_1048576_same-core_unpaced,1,total,146774,150187,3
2,mutex_1048576_same-core_unpaced,1,total,150187,153601,3
2,mutex_1048576_same-core_unpaced,1,total,153601,157014,3
2,mutex_1048576_same-core_unpaced,1,total,157014,160427,3
2,mutex_1048576_same-core_unpaced,1,total,160427,163841,16
2,mutex_1048576_same-core_unpaced,1,total,163841,167254,4
2,mutex_1048576_same-core_unpaced,1,total,167254,170668,1
2,mutex_1048576_same-core_unpaced,1,total,170668,174081,13
2,mutex_1048576_same-core_unpaced,1,total,174081,177494,13
2,mutex_1048576_same-core_unpaced,1,total,177494,180908,9
2,mutex_1048576_same-core_unpaced,1,total,180908,184321,27
2,mutex_1048576_same-core_unpaced,1,total,184321,187734,6
2,mutex_1048576_same-core_unpaced,1,total,187734,191148,2
2,mutex_1048576_same-core_unpaced,1,total,191148,194561,2
2,mutex_1048576_same-core_unpaced,1,total,194561,197974,1
2,mutex_1048576_same-core_unpaced,1,total,197974,201388,5
2,mutex_1048576_same-core_unpaced,1,total,201388,204801,6
2,mutex_1048576_same-core_unpaced,1,total,204801,208214,4
2,mutex_1048576_same-core_unpaced,1,total,208214,211628,1
2,mutex_1048576_same-core_unpaced,1,total,211628,215041,5
2,mutex_1048576_same-core_unpaced,1,total,215041,218454,3
2,mutex_1048576_same-core_unpaced,1,total,218454,225281,6
2,mutex_1048576_same-core_unpaced,1,total,225281,232108,10
2,mutex_1048576_same-core_unpaced,1,total,232108,238935,5
2,mutex_1048576_same-core_unpaced,1,total,238935,245761,17
2,mutex_1048576_same-core_unpaced,1,total,245761,252588,32
2,mutex_1048576_same-core_unpaced,1,total,252588,259415,20
2,mutex_1048576_same-core_unpaced,1,total,259415,266241,7
2,mutex_1048576_same-core_unpaced,1,total,266241,273068,13
2,mutex_1048576_same-core_unpaced,1,total,273068,279895,2
2,mutex_1048576_same-core_unpaced,1,total,279895,286721,1
2,mutex_1048576_same-core_unpaced,1,total,286721,293548,1
2,mutex_1048576_same-core_unpaced,1,total,300375,307202,2
2,mutex_1048576_same-core_unpaced,1,total,307202,314028,1
2,mutex_1048576_same-core_unpaced,1,total,314028,320855,2
2,mutex_1048576_same-core_unpaced,1,total,327682,334508,1
2,mutex_1048576_same-core_unpaced,1,total,334508,341335,1
2,mutex_1048576_same-core_unpaced,1,total,341335,348162,2
2,mutex_1048576_same-core_unpaced,1,total,348162,354988,2
2,mutex_1048576_same-core_unpaced,1,total,354988,361815,1
2,mutex_1048576_same-core_unpaced,1,total,361815,368642,1
2,mutex_1048576_same-core_unpaced,1,total,368642,375469,1
2,mutex_1048576_same-core_unpaced,1,total,382295,389122,3
2,mutex_1048576_same-core_unpaced,1,total,389122,395949,4
2,mutex_1048576_same-core_unpaced,1,total,395949,402775,1
2,mutex_1048576_same-core_unpaced,1,total,402775,409602,1
2,mutex_1048576_same-core_unpaced,1,total,409602,416429,2
2,mutex_1048576_same-core_unpaced,1,total,416429,423255,2
2,mutex_1048576_same-core_unpaced,1,total,423255,430082,2
2,mutex_1048576_same-core_unpaced,1,total,430082,436909,1
2,mutex_1048576_same-core_unpaced,1,total,436909,450562,4
2,mutex_1048576_same-core_unpaced,1,total,450562,464216,3
2,mutex_1048576_same-core_unpaced,1,total,464216,477869,2
2,mutex_1048576_same-core_unpaced,1,total,477869,491522,3
2,mutex_1048576_same-core_unpaced,1,total,491522,505176,3
2,mutex_1048576_same-core_unpaced,1,total,518829,532483,3
2,mutex_1048576_same-core_unpaced,1,total,532483,546136,2
2,mutex_1048576_same-core_unpaced,1,total,546136,559790,4
2,mutex_1048576_same-core_unpaced,1,total,559790,573443,4
2,mutex_1048576_same-core_unpaced,1,total,573443,587096,4
2,mutex_1048576_same-core_unpaced,1,total,587096,600750,6
2,mutex_1048576_same-core_unpaced,1,total,600750,614403,1
2,mutex_1048576_same-core_unpaced,1,total,614403,628057,4
2,mutex_1048576_same-core_unpaced,1,total,628057,641710,2
2,mutex_1048576_same-core_unpaced,1,total,641710,655363,3
2,mutex_1048576_same-core_unpaced,1,total,655363,669017,3
2,mutex_1048576_same-core_unpaced,1,total,669017,682670,5
2,mutex_1048576_same-core_unpaced,1,total,682670,696324,5
2,mutex_1048576_same-core_unpaced,1,total,696324,709977,4
2,mutex_1048576_same-core_unpaced,1,total,709977,723630,4
2,mutex_1048576_same-core_unpaced,1,total,723630,737284,2
2,mutex_1048576_same-core_unpaced,1,total,737284,750937,3
2,mutex_1048576_same-core_unpaced,1,total,750937,764591,4
2,mutex_1048576_same-core_unpaced,1,total,764591,778244,2
2,mutex_1048576_same-core_unpaced,1,total,778244,791897,5
2,mutex_1048576_same-core_unpaced,1,total,791897,805551,2
2,mutex_1048576_same-core_unpaced,1,total,805551,819204,5
2,mutex_1048576_same-core_unpaced,1,total,819204,832858,4
2,mutex_1048576_same-core_unpaced,1,total,832858,846511,7
2,mutex_1048576_same-core_unpaced,1,total,846511,860164,7
2,mutex_1048576_same-core_unpaced,1,total,860164,873818,9
2,mutex_1048576_same-core_unpaced,1,total,873818,901125,9
2,mutex_1048576_same-core_unpaced,1,total,901125,928431,3
2,mutex_1048576_same-core_unpaced,1,total,928431,955738,11
2,mutex_1048576_same-core_unpaced,1,total,955738,983045,3
2,mutex_1048576_same-core_unpaced,1,total,983045,1.01035e+06,7
2,mutex_1048576_same-core_unpaced,1,total,1.01035e+06,1.03766e+06,6
2,mutex_1048576_same-core_unpaced,1,total,1.03766e+06,1.06497e+06,6
2,mutex_1048576_same-core_unpaced,1,total,1.06497e+06,1.09227e+06,7
2,mutex_1048576_same-core_unpaced,1,total,1.09227e+06,1.11958e+06,10
2,mutex_1048576_same-core_unpaced,1,total,1.11958e+06,1.14689e+06,10
2,mutex_1048576_same-core_unpaced,1,total,1.14689e+06,1.17419e+06,6
2,mutex_1048576_same-core_unpaced,1,total,1.17419e+06,1.2015e+06,9
2,mutex_1048576_same-core_unpaced,1,total,1.2015e+06,1.22881e+06,2
2,mutex_1048576_same-core_unpaced,1,total,1.22881e+06,1.25611e+06,10
2,mutex_1048576_same-core_unpaced,1,total,1.25611e+06,1.28342e+06,7
2,mutex_1048576_same-core_unpaced,1,total,1.28342e+06,1.31073e+06,10
2,mutex_1048576_same-core_unpaced,1,total,1.31073e+06,1.33803e+06,8
2,mutex_1048576_same-core_unpaced,1,total,1.33803e+06,1.36534e+06,8
2,mutex_1048576_same-core_unpaced,1,total,1.36534e+06,1.39265e+06,6
2,mutex_1048576_same-core_unpaced,1,total,1.39265e+06,1.41995e+06,6
2,mutex_1048576_same-core_unpaced,1,total,1.41995e+06,1.44726e+06,12
2,mutex_1048576_same-core_unpaced,1,total,1.44726e+06,1.47457e+06,7
2,mutex_1048576_same-core_unpaced,1,total,1.47457e+06,1.50187e+06,6
2,mutex_1048576_same-core_unpaced,1,total,1.50187e+06,1.52918e+06,5
2,mutex_1048576_same-core_unpaced,1,total,1.52918e+06,1.55649e+06,5
2,mutex_1048576_same-core_unpaced,1,total,1.55649e+06,1.58379e+06,7
2,mutex_1048576_same-core_unpaced,1,total,1.58379e+06,1.6111e+06,4
2,mutex_1048576_same-core_unpaced,1,total,1.6111e+06,1.63841e+06,8
2,mutex_1048576_same-core_unpaced,1,total,1.63841e+06,1.66572e+06,5
2,mutex_1048576_same-core_unpaced,1,total,1.66572e+06,1.69302e+06,3
2,mutex_1048576_same-core_unpaced,1,total,1.69302e+06,1.72033e+06,6
2,mutex_1048576_same-core_unpaced,1,total,1.72033e+06,1.74764e+06,6
2,mutex_1048576_same-core_unpaced,1,total,1.74764e+06,1.80225e+06,20
2,mutex_1048576_same-core_unpaced,1,total,1.80225e+06,1.85686e+06,12
2,mutex_1048576_same-core_unpaced,1,total,1.85686e+06,1.91148e+06,15
2,mutex_1048576_same-core_unpaced,1,total,1.91148e+06,1.96609e+06,21
2,mutex_1048576_same-core_unpaced,1,total,1.96609e+06,2.0207e+06,19
2,mutex_1048576_same-core_unpaced,1,total,2.0207e+06,2.07532e+06,10
2,mutex_1048576_same-core_unpaced,1,total,2.07532e+06,2.12993e+06,20
2,mutex_1048576_same-core_unpaced,1,total,2.12993e+06,2.18454e+06,15
2,mutex_1048576_same-core_unpaced,1,total,2.18454e+06,2.23916e+06,22
2,mutex_1048576_same-core_unpaced,1,total,2.23916e+06,2.29377e+06,15
2,mutex_1048576_same-core_unpaced,1,total,2.29377e+06,2.34839e+06,14
2,mutex_1048576_same-core_unpaced,1,total,2.34839e+06,2.403e+06,16
2,mutex_1048576_same-core_unpaced,1,total,2.403e+06,2.45761e+06,15
2,mutex_1048576_same-core_unpaced,1,total,2.45761e+06,2.51223e+06,14
2,mutex_1048576_same-core_unpaced,1,total,2.51223e+06,2.56684e+06,14
2,mutex_1048576_same-core_unpaced,1,total,2.56684e+06,2.62145e+06,16
2,mutex_1048576_same-core_unpaced,1,total,2.62145e+06,2.67607e+06,12
2,mutex_1048576_same-core_unpaced,1,total,2.67607e+06,2.73068e+06,20
2,mutex_1048576_same-core_unpaced,1,total,2.73068e+06,2.78529e+06,20
2,mutex_1048576_same-core_unpaced,1,total,2.78529e+06,2.83991e+06,23
2,mutex_1048576_same-core_unpaced,1,total,2.83991e+06,2.89452e+06,18
2,mutex_1048576_same-core_unpaced,1,total,2.89452e+06,2.94913e+06,17
2,mutex_1048576_same-core_unpaced,1,total,2.94913e+06,3.00375e+06,18
2,mutex_1048576_same-core_unpaced,1,total,3.00375e+06,3.05836e+06,23
2,mutex_1048576_same-core_unpaced,1,total,3.05836e+06,3.11298e+06,17
2,mutex_1048576_same-core_unpaced,1,total,3.11298e+06,3.16759e+06,16
2,mutex_1048576_same-core_unpaced,1,total,3.16759e+06,3.2222e+06,24
2,mutex_1048576_same-core_unpaced,1,total,3.2222e+06,3.27682e+06,12
2,mutex_1048576_same-core_unpaced,1,total,3.27682e+06,3.33143e+06,17
2,mutex_1048576_same-core_unpaced,1,total,3.33143e+06,3.38604e+06,17
2,mutex_1048576_same-core_unpaced,1,total,3.38604e+06,3.44066e+06,21
2,mutex_1048576_same-core_unpaced,1,total,3.44066e+06,3.49527e+06,19
2,mutex_1048576_same-core_unpaced,1,total,3.49527e+06,3.6045e+06,26
2,mutex_1048576_same-core_unpaced,1,total,3.6045e+06,3.71373e+06,39
2,mutex_1048576_same-core_unpaced,1,total,3.71373e+06,3.82295e+06,29
2,mutex_1048576_same-core_unpaced,1,total,3.82295e+06,3.93218e+06,44
2,mutex_1048576_same-core_unpaced,1,total,3.93218e+06,4.04141e+06,30
2,mutex_1048576_same-core_unpaced,1,total,4.04141e+06,4.15063e+06,36
2,mutex_1048576_same-core_unpaced,1,total,4.15063e+06,4.25986e+06,35
2,mutex_1048576_same-core_unpaced,1,total,4.25986e+06,4.36909e+06,36
2,mutex_1048576_same-core_unpaced,1,total,4.36909e+06,4.47832e+06,41
2,mutex_1048576_same-core_unpaced,1,total,4.47832e+06,4.58754e+06,41
2,mutex_1048576_same-core_unpaced,1,total,4.58754e+06,4.69677e+06,37
2,mutex_1048576_same-core_unpaced,1,total,4.69677e+06,4.806e+06,37
2,mutex_1048576_same-core_unpaced,1,total,4.806e+06,4.91522e+06,52
2,mutex_1048576_same-core_unpaced,1,total,4.91522e+06,5.02445e+06,30
2,mutex_1048576_same-core_unpaced,1,total,5.02445e+06,5.13368e+06,25
2,mutex_1048576_same-core_unpaced,1,total,5.13368e+06,5.24291e+06,34
2,mutex_1048576_same-core_unpaced,1,total,5.24291e+06,5.35213e+06,33
2,mutex_1048576_same-core_unpaced,1,total,5.35213e+06,5.46136e+06,39
2,mutex_1048576_same-core_unpaced,1,total,5.46136e+06,5.57059e+06,36
2,mutex_1048576_same-core_unpaced,1,total,5.57059e+06,5.67982e+06,37
2,mutex_1048576_same-core_unpaced,1,total,5.67982e+06,5.78904e+06,36
2,mutex_1048576_same-core_unpaced,1,total,5.78904e+06,5.89827e+06,41
2,mutex_1048576_same-core_unpaced,1,total,5.89827e+06,6.0075e+06,42
2,mutex_1048576_same-core_unpaced,1,total,6.0075e+06,6.11672e+06,32
2,mutex_1048576_same-core_unpaced,1,total,6.11672e+06,6.22595e+06,22
2,mutex_1048576_same-core_unpaced,1,total,6.22595e+06,6.33518e+06,33
2,mutex_1048576_same-core_unpaced,1,total,6.33518e+06,6.44441e+06,28
2,mutex_1048576_same-core_unpaced,1,total,6.44441e+06,6.55363e+06,28
2,mutex_1048576_same-core_unpaced,1,total,6.55363e+06,6.66286e+06,41
2,mutex_1048576_same-core_unpaced,1,total,6.66286e+06,6.77209e+06,33
2,mutex_1048576_same-core_unpaced,1,total,6.77209e+06,6.88131e+06,40
2,mutex_1048576_same-core_unpaced,1,total,6.88131e+06,6.99054e+06,17
2,mutex_1048576_same-core_unpaced,1,total,6.99054e+06,7.209e+06,69
2,mutex_1048576_same-core_unpaced,1,total,7.209e+06,7.42745e+06,58
2,mutex_1048576_same-core_unpaced,1,total,7.42745e+06,7.64591e+06,59
2,mutex_1048576_same-core_unpaced,1,total,7.64591e+06,7.86436e+06,64
2,mutex_1048576_same-core_unpaced,1,total,7.86436e+06,8.08281e+06,52
2,mutex_1048576_same-core_unpaced,1,total,8.08281e+06,8.30127e+06,45
2,mutex_1048576_same-core_unpaced,1,total,8.30127e+06,8.51972e+06,72
2,mutex_1048576_same-core_unpaced,1,total,8.51972e+06,8.73818e+06,64
2,mutex_1048576_same-core_unpaced,1,total,8.73818e+06,8.95663e+06,61
2,mutex_1048576_same-core_unpaced,1,total,8.95663e+06,9.17509e+06,73
2,mutex_1048576_same-core_unpaced,1,total,9.17509e+06,9.39354e+06,67
2,mutex_1048576_same-core_unpaced,1,total,9.39354e+06,9.612e+06,63
2,mutex_1048576_same-core_unpaced,1,total,9.612e+06,9.83045e+06,71
2,mutex_1048576_same-core_unpaced,1,total,9.83045e+06,1.00489e+07,64
2,mutex_1048576_same-core_unpaced,1,total,1.00489e+07,1.02674e+07,62
2,mutex_1048576_same-core_unpaced,1,total,1.02674e+07,1.04858e+07,64
2,mutex_1048576_same-core_unpaced,1,total,1.04858e+07,1.07043e+07,72
2,mutex_1048576_same-core_unpaced,1,total,1.07043e+07,1.09227e+07,67
2,mutex_1048576_same-core_unpaced,1,total,1.09227e+07,1.11412e+07,80
2,mutex_1048576_same-core_unpaced,1,total,1.11412e+07,1.13596e+07,56
2,mutex_1048576_same-core_unpaced,1,total,1.13596e+07,1.15781e+07,67
2,mutex_1048576_same-core_unpaced,1,total,1.15781e+07,1.17965e+07,74
2,mutex_1048576_same-core_unpaced,1,total,1.17965e+07,1.2015e+07,69
2,mutex_1048576_same-core_unpaced,1,total,1.2015e+07,1.22334e+07,58
2,mutex_1048576_same-core_unpaced,1,total,1.22334e+07,1.24519e+07,76
2,mutex_1048576_same-core_unpaced,1,total,1.24519e+07,1.26704e+07,81
2,mutex_1048576_same-core_unpaced,1,total,1.26704e+07,1.28888e+07,72
2,mutex_1048576_same-core_unpaced,1,total,1.28888e+07,1.31073e+07,62
2,mutex_1048576_same-core_unpaced,1,total,1.31073e+07,1.33257e+07,70
2,mutex_1048576_same-core_unpaced,1,total,1.33257e+07,1.35442e+07,64
2,mutex_1048576_same-core_unpaced,1,total,1.35442e+07,1.37626e+07,77
2,mutex_1048576_same-core_unpaced,1,total,1.37626e+07,1.39811e+07,73
2,mutex_1048576_same-core_unpaced,1,total,1.39811e+07,1.4418e+07,125
2,mutex_1048576_same-core_unpaced,1,total,1.4418e+07,1.48549e+07,127
2,mutex_1048576_same-core_unpaced,1,total,1.48549e+07,1.52918e+07,142
2,mutex_1048576_same-core_unpaced,1,total,1.52918e+07,1.57287e+07,135
2,mutex_1048576_same-core_unpaced,1,total,1.57287e+07,1.61656e+07,139
2,mutex_1048576_same-core_unpaced,1,total,1.61656e+07,1.66025e+07,155
2,mutex_1048576_same-core_unpaced,1,total,1.66025e+07,1.70394e+07,113
2,mutex_1048576_same-core_unpaced,1,total,1.70394e+07,1.74764e+07,134
2,mutex_1048576_same-core_unpaced,1,total,1.74764e+07,1.79133e+07,138
2,mutex_1048576_same-core_unpaced,1,total,1.79133e+07,1.83502e+07,127
2,mutex_1048576_same-core_unpaced,1,total,1.83502e+07,1.87871e+07,114
2,mutex_1048576_same-core_unpaced,1,total,1.87871e+07,1.9224e+07,135
2,mutex_1048576_same-core_unpaced,1,total,1.9224e+07,1.96609e+07,139
2,mutex_1048576_same-core_unpaced,1,total,1.96609e+07,2.00978e+07,133
2,mutex_1048576_same-core_unpaced,1,total,2.00978e+07,2.05347e+07,160
2,mutex_1048576_same-core_unpaced,1,total,2.05347e+07,2.09716e+07,140
2,mutex_1048576_same-core_unpaced,1,total,2.09716e+07,2.14085e+07,154
2,mutex_1048576_same-core_unpaced,1,total,2.14085e+07,2.18454e+07,158
2,mutex_1048576_same-core_unpaced,1,total,2.18454e+07,2.22824e+07,120
2,mutex_1048576_same-core_unpaced,1,total,2.22824e+07,2.27193e+07,127
2,mutex_1048576_same-core_unpaced,1,total,2.27193e+07,2.31562e+07,117
2,mutex_1048576_same-core_unpaced,1,total,2.31562e+07,2.35931e+07,111
2,mutex_1048576_same-core_unpaced,1,total,2.35931e+07,2.403e+07,110
2,mutex_1048576_same-core_unpaced,1,total,2.403e+07,2.44669e+07,124
2,mutex_1048576_same-core_unpaced,1,total,2.44669e+07,2.49038e+07,117
2,mutex_1048576_same-core_unpaced,1,total,2.49038e+07,2.53407e+07,130
2,mutex_1048576_same-core_unpaced,1,total,2.53407e+07,2.57776e+07,115
2,mutex_1048576_same-core_unpaced,1,total,2.57776e+07,2.62145e+07,118
2,mutex_1048576_same-core_unpaced,1,total,2.62145e+07,2.66514e+07,113
2,mutex_1048576_same-core_unpaced,1,total,2.66514e+07,2.70884e+07,130
2,mutex_1048576_same-core_unpaced,1,total,2.70884e+07,2.75253e+07,125
2,mutex_1048576_same-core_unpaced,1,total,2.75253e+07,2.79622e+07,131
2,mutex_1048576_same-core_unpaced,1,total,2.79622e+07,2.8836e+07,271
2,mutex_1048576_same-core_unpaced,1,total,2.8836e+07,2.97098e+07,277
2,mutex_1048576_same-core_unpaced,1,total,2.97098e+07,3.05836e+07,263
2,mutex_1048576_same-core_unpaced,1,total,3.05836e+07,3.14574e+07,242
2,mutex_1048576_same-core_unpaced,1,total,3.14574e+07,3.23313e+07,241
2,mutex_1048576_same-core_unpaced,1,total,3.23313e+07,3.32051e+07,258
2,mutex_1048576_same-core_unpaced,1,total,3.32051e+07,3.40789e+07,285
2,mutex_1048576_same-core_unpaced,1,total,3.40789e+07,3.49527e+07,246
2,mutex_1048576_same-core_unpaced,1,total,3.49527e+07,3.58265e+07,259
2,mutex_1048576_same-core_unpaced,1,total,3.58265e+07,3.67003e+07,284
2,mutex_1048576_same-core_unpaced,1,total,3.67003e+07,3.75742e+07,259
2,mutex_1048576_same-core_unpaced,1,total,3.75742e+07,3.8448e+07,263
2,mutex_1048576_same-core_unpaced,1,total,3.8448e+07,3.93218e+07,248
2,mutex_1048576_same-core_unpaced,1,total,3.93218e+07,4.01956e+07,282
2,mutex_1048576_same-core_unpaced,1,total,4.01956e+07,4.10694e+07,222
2,mutex_1048576_same-core_unpaced,1,total,4.10694e+07,4.19433e+07,255
2,mutex_1048576_same-core_unpaced,1,total,4.19433e+07,4.28171e+07,257
2,mutex_1048576_same-core_unpaced,1,total,4.28171e+07,4.36909e+07,257
2,mutex_1048576_same-core_unpaced,1,total,4.36909e+07,4.45647e+07,233
2,mutex_1048576_same-core_unpaced,1,total,4.45647e+07,4.54385e+07,254
2,mutex_1048576_same-core_unpaced,1,total,4.54385e+07,4.63123e+07,277
2,mutex_1048576_same-core_unpaced,1,total,4.63123e+07,4.71862e+07,254
2,mutex_1048576_same-core_unpaced,1,total,4.71862e+07,4.806e+07,290
2,mutex_1048576_same-core_unpaced,1,total,4.806e+07,4.89338e+07,273
2,mutex_1048576_same-core_unpaced,1,total,4.89338e+07,4.98076e+07,248
2,mutex_1048576_same-core_unpaced,1,total,4.98076e+07,5.06814e+07,241
2,mutex_1048576_same-core_unpaced,1,total,5.06814e+07,5.15552e+07,239
2,mutex_1048576_same-core_unpaced,1,total,5.15552e+07,5.24291e+07,304
2,mutex_1048576_same-core_unpaced,1,total,5.24291e+07,5.33029e+07,285
2,mutex_1048576_same-core_unpaced,1,total,5.33029e+07,5.41767e+07,271
2,mutex_1048576_same-core_unpaced,1,total,5.41767e+07,5.50505e+07,266
2,mutex_1048576_same-core_unpaced,1,total,5.50505e+07,5.59243e+07,270
2,mutex_1048576_same-core_unpaced,1,total,5.59243e+07,5.7672e+07,524
2,mutex_1048576_same-core_unpaced,1,total,5.7672e+07,5.94196e+07,537
2,mutex_1048576_same-core_unpaced,1,total,5.94196e+07,6.11672e+07,523
2,mutex_1048576_same-core_unpaced,1,total,6.11672e+07,6.29149e+07,506
2,mutex_1048576_same-core_unpaced,1,total,6.29149e+07,6.46625e+07,542
2,mutex_1048576_same-core_unpaced,1,total,6.46625e+07,6.64101e+07,516
2,mutex_1048576_same-core_unpaced,1,total,6.64101e+07,6.81578e+07,532
2,mutex_1048576_same-core_unpaced,1,total,6.81578e+07,6.99054e+07,539
2,mutex_1048576_same-core_unpaced,1,total,6.99054e+07,7.16531e+07,528
2,mutex_1048576_same-core_unpaced,1,total,7.16531e+07,7.34007e+07,505
2,mutex_1048576_same-core_unpaced,1,total,7.34007e+07,7.51483e+07,592
2,mutex_1048576_same-core_unpaced,1,total,7.51483e+07,7.6896e+07,548
2,mutex_1048576_same-core_unpaced,1,total,7.6896e+07,7.86436e+07,534
2,mutex_1048576_same-core_unpaced,1,total,7.86436e+07,8.03912e+07,531
2,mutex_1048576_same-core_unpaced,1,total,8.03912e+07,8.21389e+07,556
2,mutex_1048576_same-core_unpaced,1,total,8.21389e+07,8.38865e+07,550
2,mutex_1048576_same-core_unpaced,1,total,8.38865e+07,8.56341e+07,528
2,mutex_1048576_same-core_unpaced,1,total,8.56341e+07,8.73818e+07,546
2,mutex_1048576_same-core_unpaced,1,total,8.73818e+07,8.91294e+07,532
2,mutex_1048576_same-core_unpaced,1,total,8.91294e+07,9.0877e+07,545
2,mutex_1048576_same-core_unpaced,1,total,9.0877e+07,9.26247e+07,530
2,mutex_1048576_same-core_unpaced,1,total,9.26247e+07,9.43723e+07,547
2,mutex_1048576_same-core_unpaced,1,total,9.43723e+07,9.612e+07,547
2,mutex_1048576_same-core_unpaced,1,total,9.612e+07,9.78676e+07,547
2,mutex_1048576_same-core_unpaced,1,total,9.78676e+07,9.96152e+07,543
2,mutex_1048576_same-core_unpaced,1,total,9.96152e+07,1.01363e+08,505
2,mutex_1048576_same-core_unpaced,1,total,1.01363e+08,1.0311e+08,498
2,mutex_1048576_same-core_unpaced,1,total,1.0311e+08,1.04858e+08,552
2,mutex_1048576_same-core_unpaced,1,total,1.04858e+08,1.06606e+08,528
2,mutex_1048576_same-core_unpaced,1,total,1.06606e+08,1.08353e+08,491
2,mutex_1048576_same-core_unpaced,1,total,1.08353e+08,1.10101e+08,534
2,mutex_1048576_same-core_unpaced,1,total,1.10101e+08,1.11849e+08,548
2,mutex_1048576_same-core_unpaced,1,total,1.11849e+08,1.15344e+08,1076
2,mutex_1048576_same-core_unpaced,1,total,1.15344e+08,1.18839e+08,1256
2,mutex_1048576_same-core_unpaced,1,total,1.18839e+08,1.22334e+08,1214
2,mutex_1048576_same-core_unpaced,1,total,1.22334e+08,1.2583e+08,1269
2,mutex_1048576_same-core_unpaced,1,total,1.2583e+08,1.29325e+08,1353
2,mutex_1048576_same-core_unpaced,1,total,1.29325e+08,1.3282e+08,1299
2,mutex_1048576_same-core_unpaced,1,total,1.3282e+08,1.36316e+08,1245
2,mutex_1048576_same-core_unpaced,1,total,1.36316e+08,1.39811e+08,1352
2,mutex_1048576_same-core_unpaced,1,total,1.39811e+08,1.43306e+08,1233
2,mutex_1048576_same-core_unpaced,1,total,1.43306e+08,1.46801e+08,1331
2,mutex_1048576_same-core_unpaced,1,total,1.46801e+08,1.50297e+08,1307
2,mutex_1048576_same-core_unpaced,1,total,1.50297e+08,1.53792e+08,1319
2,mutex_1048576_same-core_unpaced,1,total,1.53792e+08,1.57287e+08,2038
2,mutex_1048576_same-core_unpaced,1,total,1.57287e+08,1.60782e+08,2133
2,mutex_1048576_same-core_unpaced,1,total,1.60782e+08,1.64278e+08,2071
2,mutex_1048576_same-core_unpaced,1,total,1.64278e+08,1.67773e+08,2190
2,mutex_1048576_same-core_unpaced,1,total,1.67773e+08,1.71268e+08,2172
2,mutex_1048576_same-core_unpaced,1,total,1.71268e+08,1.74764e+08,2117
2,mutex_1048576_same-core_unpaced,1,total,1.74764e+08,1.78259e+08,2197
2,mutex_1048576_same-core_unpaced,1,total,1.78259e+08,1.81754e+08,2266
2,mutex_1048576_same-core_unpaced,1,total,1.81754e+08,1.85249e+08,2287
2,mutex_1048576_same-core_unpaced,1,total,1.85249e+08,1.88745e+08,2439
2,mutex_1048576_same-core_unpaced,1,total,1.88745e+08,1.9224e+08,2316
2,mutex_1048576_same-core_unpaced,1,total,1.9224e+08,1.95735e+08,2227
2,mutex_1048576_same-core_unpaced,1,total,1.95735e+08,1.9923e+08,2053
2,mutex_1048576_same-core_unpaced,1,total,1.9923e+08,2.02726e+08,2100
2,mutex_1048576_same-core_unpaced,1,total,2.02726e+08,2.06221e+08,2149
2,mutex_1048576_same-core_unpaced,1,total,2.06221e+08,2.09716e+08,2167
2,mutex_1048576_same-core_unpaced,1,total,2.09716e+08,2.13212e+08,2112
2,mutex_1048576_same-core_unpaced,1,total,2.13212e+08,2.16707e+08,2172
2,mutex_1048576_same-core_unpaced,1,total,2.16707e+08,2.20202e+08,2087
2,mutex_1048576_same-core_unpaced,1,total,2.20202e+08,2.23697e+08,2041
2,mutex_1048576_same-core_unpaced,1,total,2.23697e+08,2.30688e+08,4416
2,mutex_1048576_same-core_unpaced,1,total,2.30688e+08,2.37678e+08,4267
2,mutex_1048576_same-core_unpaced,1,total,2.37678e+08,2.44669e+08,4317
2,mutex_1048576_same-core_unpaced,1,total,2.44669e+08,2.5166e+08,4245
2,mutex_1048576_same-core_unpaced,1,total,2.5166e+08,2.5865e+08,4165
2,mutex_1048576_same-core_unpaced,1,total,2.5865e+08,2.65641e+08,4073
2,mutex_1048576_same-core_unpaced,1,total,2.65641e+08,2.72631e+08,4029
2,mutex_1048576_same-core_unpaced,1,total,2.72631e+08,2.79622e+08,4151
2,mutex_1048576_same-core_unpaced,1,total,2.79622e+08,2.86612e+08,4326
2,mutex_1048576_same-core_unpaced,1,total,2.86612e+08,2.93603e+08,4203
2,mutex_1048576_same-core_unpaced,1,total,2.93603e+08,3.00593e+08,59008
2,mutex_1048576_same-core_unpaced,1,total,3.00593e+08,3.07584e+08,50912
2,mutex_1048576_same-core_unpaced,1,total,3.07584e+08,3.14574e+08,40031
2,mutex_1048576_same-core_unpaced,1,total,3.14574e+08,3.21565e+08,22701
2,mutex_1048576_same-core_unpaced,1,total,3.21565e+08,3.28555e+08,17232
2,mutex_1048576_same-core_unpaced,1,total,3.28555e+08,3.35546e+08,12796
2,mutex_1048576_same-core_unpaced,1,total,3.35546e+08,3.42537e+08,11041
2,mutex_1048576_same-core_unpaced,1,total,3.42537e+08,3.49527e+08,10281
2,mutex_1048576_same-core_unpaced,1,total,3.49527e+08,3.56518e+08,12101
2,mutex_1048576_same-core_unpaced,1,total,3.56518e+08,3.63508e+08,6077
2,mutex_1048576_same-core_unpaced,1,total,3.63508e+08,3.70499e+08,5057
2,mutex_1048576_same-core_unpaced,1,total,3.70499e+08,3.77489e+08,6514
2,mutex_1048576_same-core_unpaced,1,total,3.77489e+08,3.8448e+08,6327
2,mutex_1048576_same-core_unpaced,1,total,3.8448e+08,3.9147e+08,5903
2,mutex_1048576_same-core_unpaced,1,total,3.9147e+08,3.98461e+08,10131
2,mutex_1048576_same-core_unpaced,1,total,3.98461e+08,4.05451e+08,59063
2,mutex_1048576_same-core_unpaced,1,total,4.05451e+08,4.12442e+08,377988
2,mutex_1048576_same-core_unpaced,1,total,4.12442e+08,4.19433e+08,774710
2,mutex_1048576_same-core_unpaced,1,total,4.19433e+08,4.26423e+08,524488
2,mutex_1048576_same-core_unpaced,1,total,4.26423e+08,4.33414e+08,107464
2,mutex_1048576_same-core_unpaced,1,total,4.33414e+08,4.40404e+08,78776
2,mutex_1048576_same-core_unpaced,1,total,4.40404e+08,4.47395e+08,48014
2,mutex_1048576_same-core_unpaced,1,queue,11306.7,11520.1,1
2,mutex_1048576_same-core_unpaced,1,queue,12373.4,12586.7,1
2,mutex_1048576_same-core_unpaced,1,queue,13440.1,13653.4,1
2,mutex_1048576_same-core_unpaced,1,queue,16640.1,17066.8,1
2,mutex_1048576_same-core_unpaced,1,queue,17066.8,17493.4,1
2,mutex_1048576_same-core_unpaced,1,queue,19626.8,20053.4,1
2,mutex_1048576_same-core_unpaced,1,queue,21760.1,22186.8,1
2,mutex_1048576_same-core_unpaced,1,queue,22613.4,23040.1,1
2,mutex_1048576_same-core_unpaced,1,queue,23466.8,23893.5,1
2,mutex_1048576_same-core_unpaced,1,queue,25173.5,25600.1,1
2,mutex_1048576_same-core_unpaced,1,queue,28160.1,29013.5,2
2,mutex_1048576_same-core_unpaced,1,queue,30720.2,31573.5,1
2,mutex_1048576_same-core_unpaced,1,queue,31573.5,32426.8,1
2,mutex_1048576_same-core_unpaced,1,queue,34133.5,34986.8,1
2,mutex_1048576_same-core_unpaced,1,queue,34986.8,35840.2,1
2,mutex_1048576_same-core_unpaced,1,queue,40106.9,40960.2,1
2,mutex_1048576_same-core_unpaced,1,queue,40960.2,41813.5,1
2,mutex_1048576_same-core_unpaced,1,queue,41813.5,42666.9,2
2,mutex_1048576_same-core_unpaced,1,queue,42666.9,43520.2,2
2,mutex_1048576_same-core_unpaced,1,queue,44373.6,45226.9,1
2,mutex_1048576_same-core_unpaced,1,queue,45226.9,46080.2,5
2,mutex_1048576_same-core_unpaced,1,queue,46080.2,46933.6,3
2,mutex_1048576_same-core_unpaced,1,queue,46933.6,47786.9,3
2,mutex_1048576_same-core_unpaced,1,queue,47786.9,48640.2,2
2,mutex_1048576_same-core_unpaced,1,queue,51200.3,52053.6,5
2,mutex_1048576_same-core_unpaced,1,queue,52053.6,52906.9,2
2,mutex_1048576_same-core_unpaced,1,queue,52906.9,53760.3,2
2,mutex_1048576_same-core_unpaced,1,queue,53760.3,54613.6,1
2,mutex_1048576_same-core_unpaced,1,queue,54613.6,56320.3,4
2,mutex_1048576_same-core_unpaced,1,queue,56320.3,58027,1
2,mutex_1048576_same-core_unpaced,1,queue,58027,59733.6,4
2,mutex_1048576_same-core_unpaced,1,queue,59733.6,61440.3,3
2,mutex_1048576_same-core_unpaced,1,queue,61440.3,63147,2
2,mutex_1048576_same-core_unpaced,1,queue,63147,64853.7,4
2,mutex_1048576_same-core_unpaced,1,queue,64853.7,66560.3,10
2,mutex_1048576_same-core_unpaced,1,queue,66560.3,68267,5
2,mutex_1048576_same-core_unpaced,1,queue,68267,69973.7,1
2,mutex_1048576_same-core_unpaced,1,queue,69973.7,71680.4,1
2,mutex_1048576_same-core_unpaced,1,queue,71680.4,73387,9
2,mutex_1048576_same-core_unpaced,1,queue,73387,75093.7,4
2,mutex_1048576_same-core_unpaced,1,queue,75093.7,76800.4,4
2,mutex_1048576_same-core_unpaced,1,queue,76800.4,78507.1,9
2,mutex_1048576_same-core_unpaced,1,queue,78507.1,80213.7,7
2,mutex_1048576_same-core_unpaced,1,queue,80213.7,81920.4,5
2,mutex_1048576_same-core_unpaced,1,queue,81920.4,83627.1,1
2,mutex_1048576_same-core_unpaced,1,queue,85333.8,87040.4,4
2,mutex_1048576_same-core_unpaced,1,queue,87040.4,88747.1,4
2,mutex_1048576_same-core_unpaced,1,queue,88747.1,90453.8,16
2,mutex_1048576_same-core_unpaced,1,queue,90453.8,92160.5,11
2,mutex_1048576_same-core_unpaced,1,queue,92160.5,93867.1,13
2,mutex_1048576_same-core_unpaced,1,queue,93867.1,95573.8,9
2,mutex_1048576_same-core_unpaced,1,queue,95573.8,97280.5,6
2,mutex_1048576_same-core_unpaced,1,queue,97280.5,98987.2,5
2,mutex_1048576_same-core_unpaced,1,queue,98987.2,100694,9
2,mutex_1048576_same-core_unpaced,1,queue,100694,102401,10
2,mutex_1048576_same-core_unpaced,1,queue,102401,104107,10
2,mutex_1048576_same-core_unpaced,1,queue,104107,105814,15
2,mutex_1048576_same-core_unpaced,1,queue,105814,107521,8
2,mutex_1048576_same-core_unpaced,1,queue,107521,109227,6
2,mutex_1048576_same-core_unpaced,1,queue,109227,112641,18
2,mutex_1048576_same-core_unpaced,1,queue,112641,116054,5
2,mutex_1048576_same-core_unpaced,1,queue,116054,119467,10
2,mutex_1048576_same-core_unpaced,1,queue,119467,122881,20
2,mutex_1048576_same-core_unpaced,1,queue,122881,126294,4
2,mutex_1048576_same-core_unpaced,1,queue,126294,129707,15
2,mutex_1048576_same-core_unpaced,1,queue,129707,133121,2
2,mutex_1048576_same-core_unpaced,1,queue,133121,136534,1
2,mutex_1048576_same-core_unpaced,1,queue,136534,139947,2
2,mutex_1048576_same-core_unpaced,1,queue,139947,143361,2
2,mutex_1048576_same-core_unpaced,1,queue,143361,146774,5
2,mutex_1048576_same-core_unpaced,1,queue,146774,150187,3
2,mutex_1048576_same-core_unpaced,1,queue,150187,153601,3
2,mutex_1048576_same-core_unpaced,1,queue,153601,157014,3
2,mutex_1048576_same-core_unpaced,1,queue,157014,160427,4
2,mutex_1048576_same-core_unpaced,1,queue,160427,163841,15
2,mutex_1048576_same-core_unpaced,1,queue,163841,167254,4
2,mutex_1048576_same-core_unpaced,1,queue,167254,170668,1
2,mutex_1048576_same-core_unpaced,1,queue,170668,174081,13
2,mutex_1048576_same-core_unpaced,1,queue,174081,177494,13
2,mutex_1048576_same-core_unpaced,1,queue,177494,180908,9
2,mutex_1048576_same-core_unpaced,1,queue,180908,184321,27
2,mutex_1048576_same-core_unpaced,1,queue,184321,187734,6
2,mutex_1048576_same-core_unpaced,1,queue,187734,191148,2
2,mutex_1048576_same-core_unpaced,1,queue,191148,194561,2
2,mutex_1048576_same-core_unpaced,1,queue,194561,197974,2
2,mutex_1048576_same-core_unpaced,1,queue,197974,201388,4
2,mutex_1048576_same-core_unpaced,1,queue,201388,204801,6
2,mutex_1048576_same-core_unpaced,1,queue,204801,208214,4
2,mutex_1048576_same-core_unpaced,1,queue,208214,211628,1
2,mutex_1048576_same-core_unpaced,1,queue,211628,215041,5
2,mutex_1048576_same-core_unpaced,1,queue,215041,218454,4
2,mutex_1048576_same-core_unpaced,1,queue,218454,225281,5
2,mutex_1048576_same-core_unpaced,1,queue,225281,232108,10
2,mutex_1048576_same-core_unpaced,1,queue,232108,238935,5
2,mutex_1048576_same-core_unpaced,1,queue,238935,245761,17
2,mutex_1048576_same-core_unpaced,1,queue,245761,252588,32
2,mutex_1048576_same-core_unpaced,1,queue,252588,259415,20
2,mutex_1048576_same-core_unpaced,1,queue,259415,266241,7
2,mutex_1048576_same-core_unpaced,1,queue,266241,273068,13
2,mutex_1048576_same-core_unpaced,1,queue,273068,279895,2
2,mutex_1048576_same-core_unpaced,1,queue,279895,286721,1
2,mutex_1048576_same-core_unpaced,1,queue,286721,293548,1
2,mutex_1048576_same-core_unpaced,1,queue,300375,307202,2
2,mutex_1048576_same-core_unpaced,1,queue,307202,314028,1
2,mutex_1048576_same-core_unpaced,1,queue,314028,320855,2
2,mutex_1048576_same-core_unpaced,1,queue,327682,334508,1
2,mutex_1048576_same-core_unpaced,1,queue,334508,341335,1
2,mutex_1048576_same-core_unpaced,1,queue,341335,348162,2
2,mutex_1048576_same-core_unpaced,1,queue,348162,354988,2
2,mutex_1048576_same-core_unpaced,1,queue,354988,361815,1
2,mutex_1048576_same-core_unpaced,1,queue,361815,368642,1
2,mutex_1048576_same-core_unpaced,1,queue,368642,375469,1
2,mutex_1048576_same-core_unpaced,1,queue,375469,382295,1
2,mutex_1048576_same-core_unpaced,1,queue,382295,389122,2
2,mutex_1048576_same-core_unpaced,1,queue,389122,395949,4
2,mutex_1048576_same-core_unpaced,1,queue,395949,402775,1
2,mutex_1048576_same-core_unpaced,1,queue,402775,409602,1
2,mutex_1048576_same-core_unpaced,1,queue,409602,416429,2
2,mutex_1048576_same-core_unpaced,1,queue,416429,423255,2
2,mutex_1048576_same-core_unpaced,1,queue,423255,430082,2
2,mutex_1048576_same-core_unpaced,1,queue,430082,436909,1
2,mutex_1048576_same-core_unpaced,1,queue,436909,450562,4
2,mutex_1048576_same-core_unpaced,1,queue,450562,464216,3
2,mutex_1048576_same-core_unpaced,1,queue,464216,477869,3
2,mutex_1048576_same-core_unpaced,1,queue,477869,491522,2
2,mutex_1048576_same-core_unpaced,1,queue,491522,505176,3
2,mutex_1048576_same-core_unpaced,1,queue,518829,532483,3
2,mutex_1048576_same-core_unpaced,1,queue,532483,546136,2
2,mutex_1048576_same-core_unpaced,1,queue,546136,559790,5
2,mutex_1048576_same-core_unpaced,1,queue,559790,573443,3
2,mutex_1048576_same-core_unpaced,1,queue,573443,587096,4
2,mutex_1048576_same-core_unpaced,1,queue,587096,600750,6
2,mutex_1048576_same-core_unpaced,1,queue,600750,614403,1
2,mutex_1048576_same-core_unpaced,1,queue,614403,628057,4
2,mutex_1048576_same-core_unpaced,1,queue,628057,641710,2
2,mutex_1048576_same-core_unpaced,1,queue,641710,655363,3
2,mutex_1048576_same-core_unpaced,1,queue,655363,669017,3
2,mutex_1048576_same-core_unpaced,1,queue,669017,682670,5
2,mutex_1048576_same-core_unpaced,1,queue,682670,696324,5
2,mutex_1048576_same-core_unpaced,1,queue,696324,709977,4
2,mutex_1048576_same-core_unpaced,1,queue,709977,723630,4
2,mutex_1048576_same-core_unpaced,1,queue,723630,737284,2
2,mutex_1048576_same-core_unpaced,1,queue,737284,750937,3
2,mutex_1048576_same-core_unpaced,1,queue,750937,764591,4
2,mutex_1048576_same-core_unpaced,1,queue,764591,778244,2
2,mutex_1048576_same-core_unpaced,1,queue,778244,791897,5
2,mutex_1048576_same-core_unpaced,1,queue,791897,805551,2
2,mutex_1048576_same-core_unpaced,1,queue,805551,819204,5
2,mutex_1048576_same-core_unpaced,1,queue,819204,832858,4
2,mutex_1048576_same-core_unpaced,1,queue,832858,846511,7
2,mutex_1048576_same-core_unpaced,1,queue,846511,860164,8
2,mutex_1048576_same-core_unpaced,1,queue,860164,873818,8
2,mutex_1048576_same-core_unpaced,1,queue,873818,901125,9
2,mutex_1048576_same-core_unpaced,1,queue,901125,928431,3
2,mutex_1048576_same-core_unpaced,1,queue,928431,955738,11
2,mutex_1048576_same-core_unpaced,1,queue,955738,983045,3
2,mutex_1048576_same-core_unpaced,1,queue,983045,1.01035e+06,7
2,mutex_1048576_same-core_unpaced,1,queue,1.01035e+06,1.03766e+06,6
2,mutex_1048576_same-core_unpaced,1,queue,1.03766e+06,1.06497e+06,6
2,mutex_1048576_same-core_unpaced,1,queue,1.06497e+06,1.09227e+06,7
2,mutex_1048576_same-core_unpaced,1,queue,1.09227e+06,1.11958e+06,10
2,mutex_1048576_same-core_unpaced,1,queue,1.11958e+06,1.14689e+06,10
2,mutex_1048576_same-core_unpaced,1,queue,1.14689e+06,1.17419e+06,6
2,mutex_1048576_same-core_unpaced,1,queue,1.17419e+06,1.2015e+06,9
2,mutex_1048576_same-core_unpaced,1,queue,1.2015e+06,1.22881e+06,2
2,mutex_1048576_same-core_unpaced,1,queue,1.22881e+06,1.25611e+06,10
2,mutex_1048576_same-core_unpaced,1,queue,1.25611e+06,1.28342e+06,7
2,mutex_1048576_same-core_unpaced,1,queue,1.28342e+06,1.31073e+06,10
2,mutex_1048576_same-core_unpaced,1,queue,1.31073e+06,1.33803e+06,8
2,mutex_1048576_same-core_unpaced,1,queue,1.33803e+06,1.36534e+06,8
2,mutex_1048576_same-core_unpaced,1,queue,1.36534e+06,1.39265e+06,6
2,mutex_1048576_same-core_unpaced,1,queue,1.39265e+06,1.41995e+06,6
2,mutex_1048576_same-core_unpaced,1,queue,1.41995e+06,1.44726e+06,12
2,mutex_1048576_same-core_unpaced,1,queue,1.44726e+06,1.47457e+06,7
2,mutex_1048576_same-core_unpaced,1,queue,1.47457e+06,1.50187e+06,6
2,mutex_1048576_same-core_unpaced,1,queue,1.50187e+06,1.52918e+06,5
2,mutex_1048576_same-core_unpaced,1,queue,1.52918e+06,1.55649e+06,6
2,mutex_1048576_same-core_unpaced,1,queue,1.55649e+06,1.58379e+06,6
2,mutex_1048576_same-core_unpaced,1,queue,1.58379e+06,1.6111e+06,4
2,mutex_1048576_same-core_unpaced,1,queue,1.6111e+06,1.63841e+06,8
2,mutex_1048576_same-core_unpaced,1,queue,1.63841e+06,1.66572e+06,5
2,mutex_1048576_same-core_unpaced,1,queue,1.66572e+06,1.69302e+06,3
2,mutex_1048576_same-core_unpaced,1,queue,1.69302e+06,1.72033e+06,6
2,mutex_1048576_same-core_unpaced,1,queue,1.72033e+06,1.74764e+06,6
2,mutex_1048576_same-core_unpaced,1,queue,1.74764e+06,1.80225e+06,20
2,mutex_1048576_same-core_unpaced,1,queue,1.80225e+06,1.85686e+06,12
2,mutex_1048576_same-core_unpaced,1,queue,1.85686e+06,1.91148e+06,15
2,mutex_1048576_same-core_unpaced,1,queue,1.91148e+06,1.96609e+06,21
2,mutex_1048576_same-core_unpaced,1,queue,1.96609e+06,2.0207e+06,19
2,mutex_1048576_same-core_unpaced,1,queue,2.0207e+06,2.07532e+06,10
2,mutex_1048576_same-core_unpaced,1,queue,2.07532e+06,2.12993e+06,20
2,mutex_1048576_same-core_unpaced,1,queue,2.12993e+06,2.18454e+06,16
2,mutex_1048576_same-core_unpaced,1,queue,2.18454e+06,2.23916e+06,21
2,mutex_1048576_same-core_unpaced,1,queue,2.23916e+06,2.29377e+06,15
2,mutex_1048576_same-core_unpaced,1,queue,2.29377e+06,2.34839e+06,14
2,mutex_1048576_same-core_unpaced,1,queue,2.34839e+06,2.403e+06,16
2,mutex_1048576_same-core_unpaced,1,queue,2.403e+06,2.45761e+06,15
2,mutex_1048576_same-core_unpaced,1,queue,2.45761e+06,2.51223e+06,14
2,mutex_1048576_same-core_unpaced,1,queue,2.51223e+06,2.56684e+06,14
2,mutex_1048576_same-core_unpaced,1,queue,2.56684e+06,2.62145e+06,16
2,mutex_1048576_same-core_unpaced,1,queue,2.62145e+06,2.67607e+06,12
2,mutex_1048576_same-core_unpaced,1,queue,2.67607e+06,2.73068e+06,20
2,mutex_1048576_same-core_unpaced,1,queue,2.73068e+06,2.78529e+06,20
2,mutex_1048576_same-core_unpaced,1,queue,2.78529e+06,2.83991e+06,23
2,mutex_1048576_same-core_unpaced,1,queue,2.83991e+06,2.89452e+06,18
2,mutex_1048576_same-core_unpaced,1,queue,2.89452e+06,2.94913e+06,17
2,mutex_1048576_same-core_unpaced,1,queue,2.94913e+06,3.00375e+06,18
2,mutex_1048576_same-core_unpaced,1,queue,3.00375e+06,3.05836e+06,23
2,mutex_1048576_same-core_unpaced,1,queue,3.05836e+06,3.11298e+06,17
2,mutex_1048576_same-core_unpaced,1,queue,3.11298e+06,3.16759e+06,16
2,mutex_1048576_same-core_unpaced,1,queue,3.16759e+06,3.2222e+06,24
2,mutex_1048576_same-core_unpaced,1,queue,3.2222e+06,3.27682e+06,13
2,mutex_1048576_same-core_unpaced,1,queue,3.27682e+06,3.33143e+06,16
2,mutex_1048576_same-core_unpaced,1,queue,3.33143e+06,3.38604e+06,17
2,mutex_1048576_same-core_unpaced,1,queue,3.38604e+06,3.44066e+06,21
2,mutex_1048576_same-core_unpaced,1,queue,3.44066e+06,3.49527e+06,19
2,mutex_1048576_same-core_unpaced,1,queue,3.49527e+06,3.6045e+06,26
2,mutex_1048576_same-core_unpaced,1,queue,3.6045e+06,3.71373e+06,39
2,mutex_1048576_same-core_unpaced,1,queue,3.71373e+06,3.82295e+06,29
2,mutex_1048576_same-core_unpaced,1,queue,3.82295e+06,3.93218e+06,44
2,mutex_1048576_same-core_unpaced,1,queue,3.93218e+06,4.04141e+06,30
2,mutex_1048576_same-core_unpaced,1,queue,4.04141e+06,4.15063e+06,36
2,mutex_1048576_same-core_unpaced,1,queue,4.15063e+06,4.25986e+06,36
2,mutex_1048576_same-core_unpaced,1,queue,4.25986e+06,4.36909e+06,35
2,mutex_1048576_same-core_unpaced,1,queue,4.36909e+06,4.47832e+06,41
2,mutex_1048576_same-core_unpaced,1,queue,4.47832e+06,4.58754e+06,41
2,mutex_1048576_same-core_unpaced,1,queue,4.58754e+06,4.69677e+06,37
2,mutex_1048576_same-core_unpaced,1,queue,4.69677e+06,4.806e+06,37
2,mutex_1048576_same-core_unpaced,1,queue,4.806e+06,4.91522e+06,52
2,mutex_1048576_same-core_unpaced,1,queue,4.91522e+06,5.02445e+06,31
2,mutex_1048576_same-core_unpaced,1,queue,5.02445e+06,5.13368e+06,24
2,mutex_1048576_same-core_unpaced,1,queue,5.13368e+06,5.24291e+06,34
2,mutex_1048576_same-core_unpaced,1,queue,5.24291e+06,5.35213e+06,33
2,mutex_1048576_same-core_unpaced,1,queue,5.35213e+06,5.46136e+06,39
2,mutex_1048576_same-core_unpaced,1,queue,5.46136e+06,5.57059e+06,36
2,mutex_1048576_same-core_unpaced,1,queue,5.57059e+06,5.67982e+06,37
2,mutex_1048576_same-core_unpaced,1,queue,5.67982e+06,5.78904e+06,36
2,mutex_1048576_same-core_unpaced,1,queue,5.78904e+06,5.89827e+06,41
2,mutex_1048576_same-core_unpaced,1,queue,5.89827e+06,6.0075e+06,42
2,mutex_1048576_same-core_unpaced,1,queue,6.0075e+06,6.11672e+06,32
2,mutex_1048576_same-core_unpaced,1,queue,6.11672e+06,6.22595e+06,22
2,mutex_1048576_same-core_unpaced,1,queue,6.22595e+06,6.33518e+06,33
2,mutex_1048576_same-core_unpaced,1,queue,6.33518e+06,6.44441e+06,28
2,mutex_1048576_same-core_unpaced,1,queue,6.44441e+06,6.55363e+06,28
2,mutex_1048576_same-core_unpaced,1,queue,6.55363e+06,6.66286e+06,41
2,mutex_1048576_same-core_unpaced,1,queue,6.66286e+06,6.77209e+06,33
2,mutex_1048576_same-core_unpaced,1,queue,6.77209e+06,6.88131e+06,40
2,mutex_1048576_same-core_unpaced,1,queue,6.88131e+06,6.99054e+06,17
2,mutex_1048576_same-core_unpaced,1,queue,6.99054e+06,7.209e+06,69
2,mutex_1048576_same-core_unpaced,1,queue,7.209e+06,7.42745e+06,58
2,mutex_1048576_same-core_unpaced,1,queue,7.42745e+06,7.64591e+06,59
2,mutex_1048576_same-core_unpaced,1,queue,7.64591e+06,7.86436e+06,64
2,mutex_1048576_same-core_unpaced,1,queue,7.86436e+06,8.08281e+06,52
2,mutex_1048576_same-core_unpaced,1,queue,8.08281e+06,8.30127e+06,46
2,mutex_1048576_same-core_unpaced,1,queue,8.30127e+06,8.51972e+06,71
2,mutex_1048576_same-core_unpaced,1,queue,8.51972e+06,8.73818e+06,64
2,mutex_1048576_same-core_unpaced,1,queue,8.73818e+06,8.95663e+06,61
2,mutex_1048576_same-core_unpaced,1,queue,8.95663e+06,9.17509e+06,73
2,mutex_1048576_same-core_unpaced,1,queue,9.17509e+06,9.39354e+06,67
2,mutex_1048576_same-core_unpaced,1,queue,9.39354e+06,9.612e+06,63
2,mutex_1048576_same-core_unpaced,1,queue,9.612e+06,9.83045e+06,71
2,mutex_1048576_same-core_unpaced,1,queue,9.83045e+06,1.00489e+07,64
2,mutex_1048576_same-core_unpaced,1,queue,1.00489e+07,1.02674e+07,62
2,mutex_1048576_same-core_unpaced,1,queue,1.02674e+07,1.04858e+07,64
2,mutex_1048576_same-core_unpaced,1,queue,1.04858e+07,1.07043e+07,72
2,mutex_1048576_same-core_unpaced,1,queue,1.07043e+07,1.09227e+07,67
2,mutex_1048576_same-core_unpaced,1,queue,1.09227e+07,1.11412e+07,80
2,mutex_1048576_same-core_unpaced,1,queue,1.11412e+07,1.13596e+07,56
2,mutex_1048576_same-core_unpaced,1,queue,1.13596e+07,1.15781e+07,67
2,mutex_1048576_same-core_unpaced,1,queue,1.15781e+07,1.17965e+07,74
2,mutex_1048576_same-core_unpaced,1,queue,1.17965e+07,1.2015e+07,69
2,mutex_1048576_same-core_unpaced,1,queue,1.2015e+07,1.22334e+07,58
2,mutex_1048576_same-core_unpaced,1,queue,1.22334e+07,1.24519e+07,76
2,mutex_1048576_same-core_unpaced,1,queue,1.24519e+07,1.26704e+07,81
2,mutex_1048576_same-core_unpaced,1,queue,1.26704e+07,1.28888e+07,72
2,mutex_1048576_same-core_unpaced,1,queue,1.28888e+07,1.31073e+07,62
2,mutex_1048576_same-core_unpaced,1,queue,1.31073e+07,1.33257e+07,70
2,mutex_1048576_same-core_unpaced,1,queue,1.33257e+07,1.35442e+07,64
2,mutex_1048576_same-core_unpaced,1,queue,1.35442e+07,1.37626e+07,77
2,mutex_1048576_same-core_unpaced,1,queue,1.37626e+07,1.39811e+07,73
2,mutex_1048576_same-core_unpaced,1,queue,1.39811e+07,1.4418e+07,125
2,mutex_1048576_same-core_unpaced,1,queue,1.4418e+07,1.48549e+07,127
2,mutex_1048576_same-core_unpaced,1,queue,1.48549e+07,1.52918e+07,142
2,mutex_1048576_same-core_unpaced,1,queue,1.52918e+07,1.57287e+07,135
2,mutex_1048576_same-core_unpaced,1,queue,1.57287e+07,1.61656e+07,139
2,mutex_1048576_same-core_unpaced,1,queue,1.61656e+07,1.66025e+07,155
2,mutex_1048576_same-core_unpaced,1,queue,1.66025e+07,1.70394e+07,113
2,mutex_1048576_same-core_unpaced,1,queue,1.70394e+07,1.74764e+07,134
2,mutex_1048576_same-core_unpaced,1,queue,1.74764e+07,1.79133e+07,138
2,mutex_1048576_same-core_unpaced,1,queue,1.79133e+07,1.83502e+07,127
2,mutex_1048576_same-core_unpaced,1,queue,1.83502e+07,1.87871e+07,114
2,mutex_1048576_same-core_unpaced,1,queue,1.87871e+07,1.9224e+07,135
2,mutex_1048576_same-core_unpaced,1,queue,1.9224e+07,1.96609e+07,139
2,mutex_1048576_same-core_unpaced,1,queue,1.96609e+07,2.00978e+07,133
2,mutex_1048576_same-core_unpaced,1,queue,2.00978e+07,2.05347e+07,160
2,mutex_1048576_same-core_unpaced,1,queue,2.05347e+07,2.09716e+07,140
2,mutex_1048576_same-core_unpaced,1,queue,2.09716e+07,2.14085e+07,154
2,mutex_1048576_same-core_unpaced,1,queue,2.14085e+07,2.18454e+07,158
2,mutex_1048576_same-core_unpaced,1,queue,2.18454e+07,2.22824e+07,120
2,mutex_1048576_same-core_unpaced,1,queue,2.22824e+07,2.27193e+07,127
2,mutex_1048576_same-core_unpaced,1,queue,2.27193e+07,2.31562e+07,117
2,mutex_1048576_same-core_unpaced,1,queue,2.31562e+07,2.35931e+07,111
2,mutex_1048576_same-core_unpaced,1,queue,2.35931e+07,2.403e+07,110
2,mutex_1048576_same-core_unpaced,1,queue,2.403e+07,2.44669e+07,124
2,mutex_1048576_same-core_unpaced,1,queue,2.44669e+07,2.49038e+07,117
2,mutex_1048576_same-core_unpaced,1,queue,2.49038e+07,2.53407e+07,130
2,mutex_1048576_same-core_unpaced,1,queue,2.53407e+07,2.57776e+07,115
2,mutex_1048576_same-core_unpaced,1,queue,2.57776e+07,2.62145e+07,118
2,mutex_1048576_same-core_unpaced,1,queue,2.62145e+07,2.66514e+07,113
2,mutex_1048576_same-core_unpaced,1,queue,2.66514e+07,2.70884e+07,130
2,mutex_1048576_same-core_unpaced,1,queue,2.70884e+07,2.75253e+07,125
2,mutex_1048576_same-core_unpaced,1,queue,2.75253e+07,2.79622e+07,131
2,mutex_1048576_same-core_unpaced,1,queue,2.79622e+07,2.8836e+07,271
2,mutex_1048576_same-core_unpaced,1,queue,2.8836e+07,2.97098e+07,277
2,mutex_1048576_same-core_unpaced,1,queue,2.97098e+07,3.05836e+07,263
2,mutex_1048576_same-core_unpaced,1,queue,3.05836e+07,3.14574e+07,242
2,mutex_1048576_same-core_unpaced,1,queue,3.14574e+07,3.23313e+07,241
2,mutex_1048576_same-core_unpaced,1,queue,3.23313e+07,3.32051e+07,258
2,mutex_1048576_same-core_unpaced,1,queue,3.32051e+07,3.40789e+07,285
2,mutex_1048576_same-core_unpaced,1,queue,3.40789e+07,3.49527e+07,246
2,mutex_1048576_same-core_unpaced,1,queue,3.49527e+07,3.58265e+07,259
2,mutex_1048576_same-core_unpaced,1,queue,3.58265e+07,3.67003e+07,284
2,mutex_1048576_same-core_unpaced,1,queue,3.67003e+07,3.75742e+07,259
2,mutex_1048576_same-core_unpaced,1,queue,3.75742e+07,3.8448e+07,263
2,mutex_1048576_same-core_unpaced,1,queue,3.8448e+07,3.93218e+07,248
2,mutex_1048576_same-core_unpaced,1,queue,3.93218e+07,4.01956e+07,282
2,mutex_1048576_same-core_unpaced,1,queue,4.01956e+07,4.10694e+07,222
2,mutex_1048576_same-core_unpaced,1,queue,4.10694e+07,4.19433e+07,255
2,mutex_1048576_same-core_unpaced,1,queue,4.19433e+07,4.28171e+07,257
2,mutex_1048576_same-core_unpaced,1,queue,4.28171e+07,4.36909e+07,257
2,mutex_1048576_same-core_unpaced,1,queue,4.36909e+07,4.45647e+07,233
2,mutex_1048576_same-core_unpaced,1,queue,4.45647e+07,4.54385e+07,254
2,mutex_1048576_same-core_unpaced,1,queue,4.54385e+07,4.63123e+07,277
2,mutex_1048576_same-core_unpaced,1,queue,4.63123e+07,4.71862e+07,254
2,mutex_1048576_same-core_unpaced,1,queue,4.71862e+07,4.806e+07,290
2,mutex_1048576_same-core_unpaced,1,queue,4.806e+07,4.89338e+07,273
2,mutex_1048576_same-core_unpaced,1,queue,4.89338e+07,4.98076e+07,248
2,mutex_1048576_same-core_unpaced,1,queue,4.98076e+07,5.06814e+07,241
2,mutex_1048576_same-core_unpaced,1,queue,5.06814e+07,5.15552e+07,239
2,mutex_1048576_same-core_unpaced,1,queue,5.15552e+07,5.24291e+07,304
2,mutex_1048576_same-core_unpaced,1,queue,5.24291e+07,5.33029e+07,285
2,mutex_1048576_same-core_unpaced,1,queue,5.33029e+07,5.41767e+07,271
2,mutex_1048576_same-core_unpaced,1,queue,5.41767e+07,5.50505e+07,266
2,mutex_1048576_same-core_unpaced,1,queue,5.50505e+07,5.59243e+07,270
2,mutex_1048576_same-core_unpaced,1,queue,5.59243e+07,5.7672e+07,524
2,mutex_1048576_same-core_unpaced,1,queue,5.7672e+07,5.94196e+07,537
2,mutex_1048576_same-core_unpaced,1,queue,5.94196e+07,6.11672e+07,523
2,mutex_1048576_same-core_unpaced,1,queue,6.11672e+07,6.29149e+07,506
2,mutex_1048576_same-core_unpaced,1,queue,6.29149e+07,6.46625e+07,542
2,mutex_1048576_same-core_unpaced,1,queue,6.46625e+07,6.64101e+07,516
2,mutex_1048576_same-core_unpaced,1,queue,6.64101e+07,6.81578e+07,532
2,mutex_1048576_same-core_unpaced,1,queue,6.81578e+07,6.99054e+07,539
2,mutex_1048576_same-core_unpaced,1,queue,6.99054e+07,7.16531e+07,528
2,mutex_1048576_same-core_unpaced,1,queue,7.16531e+07,7.34007e+07,505
2,mutex_1048576_same-core_unpaced,1,queue,7.34007e+07,7.51483e+07,592
2,mutex_1048576_same-core_unpaced,1,queue,7.51483e+07,7.6896e+07,548
2,mutex_1048576_same-core_unpaced,1,queue,7.6896e+07,7.86436e+07,534
2,mutex_1048576_same-core_unpaced,1,queue,7.86436e+07,8.03912e+07,531
2,mutex_1048576_same-core_unpaced,1,queue,8.03912e+07,8.21389e+07,556
2,mutex_1048576_same-core_unpaced,1,queue,8.21389e+07,8.38865e+07,550
2,mutex_1048576_same-core_unpaced,1,queue,8.38865e+07,8.56341e+07,528
2,mutex_1048576_same-core_unpaced,1,queue,8.56341e+07,8.73818e+07,546
2,mutex_1048576_same-core_unpaced,1,queue,8.73818e+07,8.91294e+07,532
2,mutex_1048576_same-core_unpaced,1,queue,8.91294e+07,9.0877e+07,545
2,mutex_1048576_same-core_unpaced,1,queue,9.0877e+07,9.26247e+07,530
2,mutex_1048576_same-core_unpaced,1,queue,9.26247e+07,9.43723e+07,547
2,mutex_1048576_same-core_unpaced,1,queue,9.43723e+07,9.612e+07,548
2,mutex_1048576_same-core_unpaced,1,queue,9.612e+07,9.78676e+07,546
2,mutex_1048576_same-core_unpaced,1,queue,9.78676e+07,9.96152e+07,543
2,mutex_1048576_same-core_unpaced,1,queue,9.96152e+07,1.01363e+08,505
2,mutex_1048576_same-core_unpaced,1,queue,1.01363e+08,1.0311e+08,498
2,mutex_1048576_same-core_unpaced,1,queue,1.0311e+08,1.04858e+08,552
2,mutex_1048576_same-core_unpaced,1,queue,1.04858e+08,1.06606e+08,528
2,mutex_1048576_same-core_unpaced,1,queue,1.06606e+08,1.08353e+08,491
2,mutex_1048576_same-core_unpaced,1,queue,1.08353e+08,1.10101e+08,534
2,mutex_1048576_same-core_unpaced,1,queue,1.10101e+08,1.11849e+08,548
2,mutex_1048576_same-core_unpaced,1,queue,1.11849e+08,1.15344e+08,1076
2,mutex_1048576_same-core_unpaced,1,queue,1.15344e+08,1.18839e+08,1256
2,mutex_1048576_same-core_unpaced,1,queue,1.18839e+08,1.22334e+08,1214
2,mutex_1048576_same-core_unpaced,1,queue,1.22334e+08,1.2583e+08,1269
2,mutex_1048576_same-core_unpaced,1,queue,1.2583e+08,1.29325e+08,1353
2,mutex_1048576_same-core_unpaced,1,queue,1.29325e+08,1.3282e+08,1299
2,mutex_1048576_same-core_unpaced,1,queue,1.3282e+08,1.36316e+08,1246
2,mutex_1048576_same-core_unpaced,1,queue,1.36316e+08,1.39811e+08,1351
2,mutex_1048576_same-core_unpaced,1,queue,1.39811e+08,1.43306e+08,1233
2,mutex_1048576_same-core_unpaced,1,queue,1.43306e+08,1.46801e+08,1331
2,mutex_1048576_same-core_unpaced,1,queue,1.46801e+08,1.50297e+08,1307
2,mutex_1048576_same-core_unpaced,1,queue,1.50297e+08,1.53792e+08,1319
2,mutex_1048576_same-core_unpaced,1,queue,1.53792e+08,1.57287e+08,2039
2,mutex_1048576_same-core_unpaced,1,queue,1.57287e+08,1.60782e+08,2132
2,mutex_1048576_same-core_unpaced,1,queue,1.60782e+08,1.64278e+08,2071
2,mutex_1048576_same-core_unpaced,1,queue,1.64278e+08,1.67773e+08,2190
2,mutex_1048576_same-core_unpaced,1,queue,1.67773e+08,1.71268e+08,2172
2,mutex_1048576_same-core_unpaced,1,queue,1.71268e+08,1.74764e+08,2117
2,mutex_1048576_same-core_unpaced,1,queue,1.74764e+08,1.78259e+08,2197
2,mutex_1048576_same-core_unpaced,1,queue,1.78259e+08,1.81754e+08,2266
2,mutex_1048576_same-core_unpaced,1,queue,1.81754e+08,1.85249e+08,2288
2,mutex_1048576_same-core_unpaced,1,queue,1.85249e+08,1.88745e+08,2438
2,mutex_1048576_same-core_unpaced,1,queue,1.88745e+08,1.9224e+08,2316
2,mutex_1048576_same-core_unpaced,1,queue,1.9224e+08,1.95735e+08,2227
2,mutex_1048576_same-core_unpaced,1,queue,1.95735e+08,1.9923e+08,2053
2,mutex_1048576_same-core_unpaced,1,queue,1.9923e+08,2.02726e+08,2100
2,mutex_1048576_same-core_unpaced,1,queue,2.02726e+08,2.06221e+08,2149
2,mutex_1048576_same-core_unpaced,1,queue,2.06221e+08,2.09716e+08,2167
2,mutex_1048576_same-core_unpaced,1,queue,2.09716e+08,2.13212e+08,2112
2,mutex_1048576_same-core_unpaced,1,queue,2.13212e+08,2.16707e+08,2172
2,mutex_1048576_same-core_unpaced,1,queue,2.16707e+08,2.20202e+08,2087
2,mutex_1048576_same-core_unpaced,1,queue,2.20202e+08,2.23697e+08,2041
2,mutex_1048576_same-core_unpaced,1,queue,2.23697e+08,2.30688e+08,4416
2,mutex_1048576_same-core_unpaced,1,queue,2.30688e+08,2.37678e+08,4267
2,mutex_1048576_same-core_unpaced,1,queue,2.37678e+08,2.44669e+08,4317
2,mutex_1048576_same-core_unpaced,1,queue,2.44669e+08,2.5166e+08,4245
2,mutex_1048576_same-core_unpaced,1,queue,2.5166e+08,2.5865e+08,4165
2,mutex_1048576_same-core_unpaced,1,queue,2.5865e+08,2.65641e+08,4073
2,mutex_1048576_same-core_unpaced,1,queue,2.65641e+08,2.72631e+08,4029
2,mutex_1048576_same-core_unpaced,1,queue,2.72631e+08,2.79622e+08,4151
2,mutex_1048576_same-core_unpaced,1,queue,2.79622e+08,2.86612e+08,4326
2,mutex_1048576_same-core_unpaced,1,queue,2.86612e+08,2.93603e+08,4203
2,mutex_1048576_same-core_unpaced,1,queue,2.93603e+08,3.00593e+08,59012
2,mutex_1048576_same-core_unpaced,1,queue,3.00593e+08,3.07584e+08,50908
2,mutex_1048576_same-core_unpaced,1,queue,3.07584e+08,3.14574e+08,40033
2,mutex_1048576_same-core_unpaced,1,queue,3.14574e+08,3.21565e+08,22699
2,mutex_1048576_same-core_unpaced,1,queue,3.21565e+08,3.28555e+08,17233
2,mutex_1048576_same-core_unpaced,1,queue,3.28555e+08,3.35546e+08,12795
2,mutex_1048576_same-core_unpaced,1,queue,3.35546e+08,3.42537e+08,11042
2,mutex_1048576_same-core_unpaced,1,queue,3.42537e+08,3.49527e+08,10280
2,mutex_1048576_same-core_unpaced,1,queue,3.49527e+08,3.56518e+08,12101
2,mutex_1048576_same-core_unpaced,1,queue,3.56518e+08,3.63508e+08,6077
2,mutex_1048576_same-core_unpaced,1,queue,3.63508e+08,3.70499e+08,5059
2,mutex_1048576_same-core_unpaced,1,queue,3.70499e+08,3.77489e+08,6514
2,mutex_1048576_same-core_unpaced,1,queue,3.77489e+08,3.8448e+08,6325
2,mutex_1048576_same-core_unpaced,1,queue,3.8448e+08,3.9147e+08,5903
2,mutex_1048576_same-core_unpaced,1,queue,3.9147e+08,3.98461e+08,10133
2,mutex_1048576_same-core_unpaced,1,queue,3.98461e+08,4.05451e+08,59063
2,mutex_1048576_same-core_unpaced,1,queue,4.05451e+08,4.12442e+08,378000
2,mutex_1048576_same-core_unpaced,1,queue,4.12442e+08,4.19433e+08,774708
2,mutex_1048576_same-core_unpaced,1,queue,4.19433e+08,4.26423e+08,524480
2,mutex_1048576_same-core_unpaced,1,queue,4.26423e+08,4.33414e+08,107460
2,mutex_1048576_same-core_unpaced,1,queue,4.33414e+08,4.40404e+08,78776
2,mutex_1048576_same-core_unpaced,1,queue,4.40404e+08,4.47395e+08,48014
2,mutex_1048576_same-core_unpaced,1,book,14.1667,14.5834,1
2,mutex_1048576_same-core_unpaced,1,book,15.8334,16.2501,4
2,mutex_1048576_same-core_unpaced,1,book,16.6668,17.0834,14
2,mutex_1048576_same-core_unpaced,1,book,17.5001,17.9168,32
2,mutex_1048576_same-core_unpaced,1,book,18.3334,18.7501,41
2,mutex_1048576_same-core_unpaced,1,book,19.1668,19.5834,78
2,mutex_1048576_same-core_unpaced,1,book,20.0001,20.4168,140
2,mutex_1048576_same-core_unpaced,1,book,20.8334,21.2501,892
2,mutex_1048576_same-core_unpaced,1,book,21.6668,22.0834,1437
2,mutex_1048576_same-core_unpaced,1,book,22.5001,22.9168,605
2,mutex_1048576_same-core_unpaced,1,book,23.3335,23.7501,314
2,mutex_1048576_same-core_unpaced,1,book,24.1668,24.5835,469
2,mutex_1048576_same-core_unpaced,1,book,25.0001,25.4168,570
2,mutex_1048576_same-core_unpaced,1,book,25.8335,26.2501,667
2,mutex_1048576_same-core_unpaced,1,book,26.6668,27.5001,1038
2,mutex_1048576_same-core_unpaced,1,book,27.5001,28.3335,1263
2,mutex_1048576_same-core_unpaced,1,book,28.3335,29.1668,2046
2,mutex_1048576_same-core_unpaced,1,book,29.1668,30.0002,3401
2,mutex_1048576_same-core_unpaced,1,book,30.0002,30.8335,4618
2,mutex_1048576_same-core_unpaced,1,book,30.8335,31.6668,5731
2,mutex_1048576_same-core_unpaced,1,book,31.6668,32.5002,5351
2,mutex_1048576_same-core_unpaced,1,book,32.5002,33.3335,4634
2,mutex_1048576_same-core_unpaced,1,book,33.3335,34.1668,3577
2,mutex_1048576_same-core_unpaced,1,book,34.1668,35.0002,2128
2,mutex_1048576_same-core_unpaced,1,book,35.0002,35.8335,1577
2,mutex_1048576_same-core_unpaced,1,book,35.8335,36.6669,1253
2,mutex_1048576_same-core_unpaced,1,book,36.6669,37.5002,982
2,mutex_1048576_same-core_unpaced,1,book,37.5002,38.3335,970
2,mutex_1048576_same-core_unpaced,1,book,38.3335,39.1669,994
2,mutex_1048576_same-core_unpaced,1,book,39.1669,40.0002,1038
2,mutex_1048576_same-core_unpaced,1,book,40.0002,40.8335,1313
2,mutex_1048576_same-core_unpaced,1,book,40.8335,41.6669,1465
2,mutex_1048576_same-core_unpaced,1,book,41.6669,42.5002,1727
2,mutex_1048576_same-core_unpaced,1,book,42.5002,43.3336,2245
2,mutex_1048576_same-core_unpaced,1,book,43.3336,44.1669,2312
2,mutex_1048576_same-core_unpaced,1,book,44.1669,45.0002,2963
2,mutex_1048576_same-core_unpaced,1,book,45.0002,45.8336,3412
2,mutex_1048576_same-core_unpaced,1,book,45.8336,46.6669,3864
2,mutex_1048576_same-core_unpaced,1,book,46.6669,47.5002,4861
2,mutex_1048576_same-core_unpaced,1,book,47.5002,48.3336,4799
2,mutex_1048576_same-core_unpaced,1,book,48.3336,49.1669,4994
2,mutex_1048576_same-core_unpaced,1,book,49.1669,50.0003,5500
2,mutex_1048576_same-core_unpaced,1,book,50.0003,50.8336,5184
2,mutex_1048576_same-core_unpaced,1,book,50.8336,51.6669,5373
2,mutex_1048576_same-core_unpaced,1,book,51.6669,52.5003,5062
2,mutex_1048576_same-core_unpaced,1,book,52.5003,53.3336,4941
2,mutex_1048576_same-core_unpaced,1,book,53.3336,55.0003,9706
2,mutex_1048576_same-core_unpaced,1,book,55.0003,56.667,9720
2,mutex_1048576_same-core_unpaced,1,book,56.667,58.3336,9191
2,mutex_1048576_same-core_unpaced,1,book,58.3336,60.0003,9179
2,mutex_1048576_same-core_unpaced,1,book,60.0003,61.667,10497
2,mutex_1048576_same-core_unpaced,1,book,61.667,63.3337,11783
2,mutex_1048576_same-core_unpaced,1,book,63.3337,65.0003,12227
2,mutex_1048576_same-core_unpaced,1,book,65.0003,66.667,13111
2,mutex_1048576_same-core_unpaced,1,book,66.667,68.3337,14644
2,mutex_1048576_same-core_unpaced,1,book,68.3337,70.0004,15100
2,mutex_1048576_same-core_unpaced,1,book,70.0004,71.667,15467
2,mutex_1048576_same-core_unpaced,1,book,71.667,73.3337,15489
2,mutex_1048576_same-core_unpaced,1,book,73.3337,75.0004,15790
2,mutex_1048576_same-core_unpaced,1,book,75.0004,76.6671,15968
2,mutex_1048576_same-core_unpaced,1,book,76.6671,78.3337,15648
2,mutex_1048576_same-core_unpaced,1,book,78.3337,80.0004,14963
2,mutex_1048576_same-core_unpaced,1,book,80.0004,81.6671,16070
2,mutex_1048576_same-core_unpaced,1,book,81.6671,83.3338,15616
2,mutex_1048576_same-core_unpaced,1,book,83.3338,85.0004,14763
2,mutex_1048576_same-core_unpaced,1,book,85.0004,86.6671,14388
2,mutex_1048576_same-core_unpaced,1,book,86.6671,88.3338,14217
2,mutex_1048576_same-core_unpaced,1,book,88.3338,90.0005,13278
2,mutex_1048576_same-core_unpaced,1,book,90.0005,91.6671,12289
2,mutex_1048576_same-core_unpaced,1,book,91.6671,93.3338,11280
2,mutex_1048576_same-core_unpaced,1,book,93.3338,95.0005,10797
2,mutex_1048576_same-core_unpaced,1,book,95.0005,96.6672,10357
2,mutex_1048576_same-core_unpaced,1,book,96.6672,98.3338,9299
2,mutex_1048576_same-core_unpaced,1,book,98.3338,100.001,8352
2,mutex_1048576_same-core_unpaced,1,book,100.001,101.667,8118
2,mutex_1048576_same-core_unpaced,1,book,101.667,103.334,7722
2,mutex_1048576_same-core_unpaced,1,book,103.334,105.001,6687
2,mutex_1048576_same-core_unpaced,1,book,105.001,106.667,6384
2,mutex_1048576_same-core_unpaced,1,book,106.667,110.001,11493
2,mutex_1048576_same-core_unpaced,1,book,110.001,113.334,9568
2,mutex_1048576_same-core_unpaced,1,book,113.334,116.667,8547
2,mutex_1048576_same-core_unpaced,1,book,116.667,120.001,7240
2,mutex_1048576_same-core_unpaced,1,book,120.001,123.334,6614
2,mutex_1048576_same-core_unpaced,1,book,123.334,126.667,5823
2,mutex_1048576_same-core_unpaced,1,book,126.667,130.001,6139
2,mutex_1048576_same-core_unpaced,1,book,130.001,133.334,7681
2,mutex_1048576_same-core_unpaced,1,book,133.334,136.667,12247
2,mutex_1048576_same-core_unpaced,1,book,136.667,140.001,16452
2,mutex_1048576_same-core_unpaced,1,book,140.001,143.334,18483
2,mutex_1048576_same-core_unpaced,1,book,143.334,146.667,20185
2,mutex_1048576_same-core_unpaced,1,book,146.667,150.001,28884
2,mutex_1048576_same-core_unpaced,1,book,150.001,153.334,36428
2,mutex_1048576_same-core_unpaced,1,book,153.334,156.667,41459
2,mutex_1048576_same-core_unpaced,1,book,156.667,160.001,39544
2,mutex_1048576_same-core_unpaced,1,book,160.001,163.334,42947
2,mutex_1048576_same-core_unpaced,1,book,163.334,166.668,48937
2,mutex_1048576_same-core_unpaced,1,book,166.668,170.001,54733
2,mutex_1048576_same-core_unpaced,1,book,170.001,173.334,50353
2,mutex_1048576_same-core_unpaced,1,book,173.334,176.668,47872
2,mutex_1048576_same-core_unpaced,1,book,176.668,180.001,46784
2,mutex_1048576_same-core_unpaced,1,book,180.001,183.334,51329
2,mutex_1048576_same-core_unpaced,1,book,183.334,186.668,48732
2,mutex_1048576_same-core_unpaced,1,book,186.668,190.001,47170
2,mutex_1048576_same-core_unpaced,1,book,190.001,193.334,43651
2,mutex_1048576_same-core_unpaced,1,book,193.334,196.668,44673
2,mutex_1048576_same-core_unpaced,1,book,196.668,200.001,42438
2,mutex_1048576_same-core_unpaced,1,book,200.001,203.334,42902
2,mutex_1048576_same-core_unpaced,1,book,203.334,206.668,38822
2,mutex_1048576_same-core_unpaced,1,book,206.668,210.001,38026
2,mutex_1048576_same-core_unpaced,1,book,210.001,213.334,34748
2,mutex_1048576_same-core_unpaced,1,book,213.334,220.001,63602
2,mutex_1048576_same-core_unpaced,1,book,220.001,226.668,54942
2,mutex_1048576_same-core_unpaced,1,book,226.668,233.335,47422
2,mutex_1048576_same-core_unpaced,1,book,233.335,240.001,40886
2,mutex_1048576_same-core_unpaced,1,book,240.001,246.668,36124
2,mutex_1048576_same-core_unpaced,1,book,246.668,253.335,31788
2,mutex_1048576_same-core_unpaced,1,book,253.335,260.001,28260
2,mutex_1048576_same-core_unpaced,1,book,260.001,266.668,25740
2,mutex_1048576_same-core_unpaced,1,book,266.668,273.335,23660
2,mutex_1048576_same-core_unpaced,1,book,273.335,280.001,21649
2,mutex_1048576_same-core_unpaced,1,book,280.001,286.668,20260
2,mutex_1048576_same-core_unpaced,1,book,286.668,293.335,18876
2,mutex_1048576_same-core_unpaced,1,book,293.335,300.002,17717
2,mutex_1048576_same-core_unpaced,1,book,300.002,306.668,17358
2,mutex_1048576_same-core_unpaced,1,book,306.668,313.335,17043
2,mutex_1048576_same-core_unpaced,1,book,313.335,320.002,16568
2,mutex_1048576_same-core_unpaced,1,book,320.002,326.668,16680
2,mutex_1048576_same-core_unpaced,1,book,326.668,333.335,16143
2,mutex_1048576_same-core_unpaced,1,book,333.335,340.002,16112
2,mutex_1048576_same-core_unpaced,1,book,340.002,346.668,15910
2,mutex_1048576_same-core_unpaced,1,book,346.668,353.335,15775
2,mutex_1048576_same-core_unpaced,1,book,353.335,360.002,15289
2,mutex_1048576_same-core_unpaced,1,book,360.002,366.669,14936
2,mutex_1048576_same-core_unpaced,1,book,366.669,373.335,14589
2,mutex_1048576_same-core_unpaced,1,book,373.335,380.002,14058
2,mutex_1048576_same-core_unpaced,1,book,380.002,386.669,13675
2,mutex_1048576_same-core_unpaced,1,book,386.669,393.335,13006
2,mutex_1048576_same-core_unpaced,1,book,393.335,400.002,12199
2,mutex_1048576_same-core_unpaced,1,book,400.002,406.669,11741
2,mutex_1048576_same-core_unpaced,1,book,406.669,413.335,11087
2,mutex_1048576_same-core_unpaced,1,book,413.335,420.002,10603
2,mutex_1048576_same-core_unpaced,1,book,420.002,426.669,9988
2,mutex_1048576_same-core_unpaced,1,book,426.669,440.002,18979
2,mutex_1048576_same-core_unpaced,1,book,440.002,453.336,17537
2,mutex_1048576_same-core_unpaced,1,book,453.336,466.669,15493
2,mutex_1048576_same-core_unpaced,1,book,466.669,480.002,13834
2,mutex_1048576_same-core_unpaced,1,book,480.002,493.336,12098
2,mutex_1048576_same-core_unpaced,1,book,493.336,506.669,10654
2,mutex_1048576_same-core_unpaced,1,book,506.669,520.003,9071
2,mutex_1048576_same-core_unpaced,1,book,520.003,533.336,8122
2,mutex_1048576_same-core_unpaced,1,book,533.336,546.669,7034
2,mutex_1048576_same-core_unpaced,1,book,546.669,560.003,6317
2,mutex_1048576_same-core_unpaced,1,book,560.003,573.336,5856
2,mutex_1048576_same-core_unpaced,1,book,573.336,586.67,5221
2,mutex_1048576_same-core_unpaced,1,book,586.67,600.003,4830
2,mutex_1048576_same-core_unpaced,1,book,600.003,613.336,4433
2,mutex_1048576_same-core_unpaced,1,book,613.336,626.67,3896
2,mutex_1048576_same-core_unpaced,1,book,626.67,640.003,3641
2,mutex_1048576_same-core_unpaced,1,book,640.003,653.337,3347
2,mutex_1048576_same-core_unpaced,1,book,653.337,666.67,2926
2,mutex_1048576_same-core_unpaced,1,book,666.67,680.003,2712
2,mutex_1048576_same-core_unpaced,1,book,680.003,693.337,2497
2,mutex_1048576_same-core_unpaced,1,book,693.337,706.67,2258
2,mutex_1048576_same-core_unpaced,1,book,706.67,720.004,2032
2,mutex_1048576_same-core_unpaced,1,book,720.004,733.337,1854
2,mutex_1048576_same-core_unpaced,1,book,733.337,746.67,1648
2,mutex_1048576_same-core_unpaced,1,book,746.67,760.004,1495
2,mutex_1048576_same-core_unpaced,1,book,760.004,773.337,1408
2,mutex_1048576_same-core_unpaced,1,book,773.337,786.671,1311
2,mutex_1048576_same-core_unpaced,1,book,786.671,800.004,1098
2,mutex_1048576_same-core_unpaced,1,book,800.004,813.337,1001
2,mutex_1048576_same-core_unpaced,1,book,813.337,826.671,870
2,mutex_1048576_same-core_unpaced,1,book,826.671,840.004,831
2,mutex_1048576_same-core_unpaced,1,book,840.004,853.338,747
2,mutex_1048576_same-core_unpaced,1,book,853.338,880.004,1269
2,mutex_1048576_same-core_unpaced,1,book,880.004,906.671,1065
2,mutex_1048576_same-core_unpaced,1,book,906.671,933.338,907
2,mutex_1048576_same-core_unpaced,1,book,933.338,960.005,665
2,mutex_1048576_same-core_unpaced,1,book,960.005,986.672,551
2,mutex_1048576_same-core_unpaced,1,book,986.672,1013.34,479
2,mutex_1048576_same-core_unpaced,1,book,1013.34,1040.01,337
2,mutex_1048576_same-core_unpaced,1,book,1040.01,1066.67,279
2,mutex_1048576_same-core_unpaced,1,book,1066.67,1093.34,262
2,mutex_1048576_same-core_unpaced,1,book,1093.34,1120.01,194
2,mutex_1048576_same-core_unpaced,1,book,1120.01,1146.67,163
2,mutex_1048576_same-core_unpaced,1,book,1146.67,1173.34,144
2,mutex_1048576_same-core_unpaced,1,book,1173.34,1200.01,113
2,mutex_1048576_same-core_unpaced,1,book,1200.01,1226.67,102
2,mutex_1048576_same-core_unpaced,1,book,1226.67,1253.34,81
2,mutex_1048576_same-core_unpaced,1,book,1253.34,1280.01,76
2,mutex_1048576_same-core_unpaced,1,book,1280.01,1306.67,65
2,mutex_1048576_same-core_unpaced,1,book,1306.67,1333.34,61
2,mutex_1048576_same-core_unpaced,1,book,1333.34,1360.01,37
2,mutex_1048576_same-core_unpaced,1,book,1360.01,1386.67,36
2,mutex_1048576_same-core_unpaced,1,book,1386.67,1413.34,26
2,mutex_1048576_same-core_unpaced,1,book,1413.34,1440.01,36
2,mutex_1048576_same-core_unpaced,1,book,1440.01,1466.67,25
2,mutex_1048576_same-core_unpaced,1,book,1466.67,1493.34,28
2,mutex_1048576_same-core_unpaced,1,book,1493.34,1520.01,19
2,mutex_1048576_same-core_unpaced,1,book,1520.01,1546.67,14
2,mutex_1048576_same-core_unpaced,1,book,1546.67,1573.34,24
2,mutex_1048576_same-core_unpaced,1,book,1573.34,1600.01,8
2,mutex_1048576_same-core_unpaced,1,book,1600.01,1626.67,10
2,mutex_1048576_same-core_unpaced,1,book,1626.67,1653.34,6
2,mutex_1048576_same-core_unpaced,1,book,1653.34,1680.01,14
2,mutex_1048576_same-core_unpaced,1,book,1680.01,1706.68,8
2,mutex_1048576_same-core_unpaced,1,book,1706.68,1760.01,17
2,mutex_1048576_same-core_unpaced,1,book,1760.01,1813.34,11
2,mutex_1048576_same-core_unpaced,1,book,1813.34,1866.68,8
2,mutex_1048576_same-core_unpaced,1,book,1866.68,1920.01,16
2,mutex_1048576_same-core_unpaced,1,book,1920.01,1973.34,11
2,mutex_1048576_same-core_unpaced,1,book,1973.34,2026.68,7
2,mutex_1048576_same-core_unpaced,1,book,2026.68,2080.01,18
2,mutex_1048576_same-core_unpaced,1,book,2080.01,2133.34,6
2,mutex_1048576_same-core_unpaced,1,book,2133.34,2186.68,17
2,mutex_1048576_same-core_unpaced,1,book,2186.68,2240.01,10
2,mutex_1048576_same-core_unpaced,1,book,2240.01,2293.34,11
2,mutex_1048576_same-core_unpaced,1,book,2293.34,2346.68,16
2,mutex_1048576_same-core_unpaced,1,book,2346.68,2400.01,7
2,mutex_1048576_same-core_unpaced,1,book,2400.01,2453.35,5
2,mutex_1048576_same-core_unpaced,1,book,2453.35,2506.68,4
2,mutex_1048576_same-core_unpaced,1,book,2506.68,2560.01,6
2,mutex_1048576_same-core_unpaced,1,book,2560.01,2613.35,4
2,mutex_1048576_same-core_unpaced,1,book,2613.35,2666.68,1
2,mutex_1048576_same-core_unpaced,1,book,2666.68,2720.01,1
2,mutex_1048576_same-core_unpaced,1,book,2720.01,2773.35,5
2,mutex_1048576_same-core_unpaced,1,book,2773.35,2826.68,4
2,mutex_1048576_same-core_unpaced,1,book,2880.01,2933.35,5
2,mutex_1048576_same-core_unpaced,1,book,2933.35,2986.68,1
2,mutex_1048576_same-core_unpaced,1,book,2986.68,3040.02,1
2,mutex_1048576_same-core_unpaced,1,book,3040.02,3093.35,2
2,mutex_1048576_same-core_unpaced,1,book,3146.68,3200.02,1
2,mutex_1048576_same-core_unpaced,1,book,3200.02,3253.35,3
2,mutex_1048576_same-core_unpaced,1,book,3306.68,3360.02,1
2,mutex_1048576_same-core_unpaced,1,book,3413.35,3520.02,1
2,mutex_1048576_same-core_unpaced,1,book,3520.02,3626.69,2
2,mutex_1048576_same-core_unpaced,1,book,3626.69,3733.35,2
2,mutex_1048576_same-core_unpaced,1,book,3733.35,3840.02,3
2,mutex_1048576_same-core_unpaced,1,book,3840.02,3946.69,5
2,mutex_1048576_same-core_unpaced,1,book,3946.69,4053.35,4
2,mutex_1048576_same-core_unpaced,1,book,4053.35,4160.02,8
2,mutex_1048576_same-core_unpaced,1,book,4160.02,4266.69,7
2,mutex_1048576_same-core_unpaced,1,book,4266.69,4373.36,6
2,mutex_1048576_same-core_unpaced,1,book,4373.36,4480.02,13
2,mutex_1048576_same-core_unpaced,1,book,4480.02,4586.69,8
2,mutex_1048576_same-core_unpaced,1,book,4586.69,4693.36,20
2,mutex_1048576_same-core_unpaced,1,book,4693.36,4800.02,18
2,mutex_1048576_same-core_unpaced,1,book,4800.02,4906.69,8
2,mutex_1048576_same-core_unpaced,1,book,4906.69,5013.36,9
2,mutex_1048576_same-core_unpaced,1,book,5013.36,5120.03,8
2,mutex_1048576_same-core_unpaced,1,book,5120.03,5226.69,5
2,mutex_1048576_same-core_unpaced,1,book,5226.69,5333.36,6
2,mutex_1048576_same-core_unpaced,1,book,5333.36,5440.03,3
2,mutex_1048576_same-core_unpaced,1,book,5653.36,5760.03,3
2,mutex_1048576_same-core_unpaced,1,book,6080.03,6186.7,1
2,mutex_1048576_same-core_unpaced,1,book,6186.7,6293.37,2
2,mutex_1048576_same-core_unpaced,1,book,6293.37,6400.03,2
2,mutex_1048576_same-core_unpaced,1,book,6400.03,6506.7,4
2,mutex_1048576_same-core_unpaced,1,book,6506.7,6613.37,1
2,mutex_1048576_same-core_unpaced,1,book,6613.37,6720.03,6
2,mutex_1048576_same-core_unpaced,1,book,6720.03,6826.7,9
2,mutex_1048576_same-core_unpaced,1,book,6826.7,7040.04,12
2,mutex_1048576_same-core_unpaced,1,book,7040.04,7253.37,9
2,mutex_1048576_same-core_unpaced,1,book,7253.37,7466.7,12
2,mutex_1048576_same-core_unpaced,1,book,7466.7,7680.04,4
2,mutex_1048576_same-core_unpaced,1,book,7680.04,7893.37,3
2,mutex_1048576_same-core_unpaced,1,book,7893.37,8106.71,5
2,mutex_1048576_same-core_unpaced,1,book,8106.71,8320.04,16
2,mutex_1048576_same-core_unpaced,1,book,8320.04,8533.38,20
2,mutex_1048576_same-core_unpaced,1,book,8533.38,8746.71,11
2,mutex_1048576_same-core_unpaced,1,book,8746.71,8960.05,9
2,mutex_1048576_same-core_unpaced,1,book,8960.05,9173.38,3
2,mutex_1048576_same-core_unpaced,1,book,9173.38,9386.71,3
2,mutex_1048576_same-core_unpaced,1,book,9386.71,9600.05,4
2,mutex_1048576_same-core_unpaced,1,book,10026.7,10240.1,6
2,mutex_1048576_same-core_unpaced,1,book,10240.1,10453.4,6
2,mutex_1048576_same-core_unpaced,1,book,10453.4,10666.7,28
2,mutex_1048576_same-core_unpaced,1,book,10666.7,10880.1,65
2,mutex_1048576_same-core_unpaced,1,book,10880.1,11093.4,97
2,mutex_1048576_same-core_unpaced,1,book,11093.4,11306.7,94
2,mutex_1048576_same-core_unpaced,1,book,11306.7,11520.1,88
2,mutex_1048576_same-core_unpaced,1,book,11520.1,11733.4,48
2,mutex_1048576_same-core_unpaced,1,book,11733.4,11946.7,31
2,mutex_1048576_same-core_unpaced,1,book,11946.7,12160.1,18
2,mutex_1048576_same-core_unpaced,1,book,12160.1,12373.4,11
2,mutex_1048576_same-core_unpaced,1,book,12373.4,12586.7,4
2,mutex_1048576_same-core_unpaced,1,book,12586.7,12800.1,6
2,mutex_1048576_same-core_unpaced,1,book,12800.1,13013.4,7
2,mutex_1048576_same-core_unpaced,1,book,13013.4,13226.7,3
2,mutex_1048576_same-core_unpaced,1,book,13226.7,13440.1,3
2,mutex_1048576_same-core_unpaced,1,book,13440.1,13653.4,4
2,mutex_1048576_same-core_unpaced,1,book,13653.4,14080.1,1
2,mutex_1048576_same-core_unpaced,1,book,14080.1,14506.7,1
2,mutex_1048576_same-core_unpaced,1,book,14506.7,14933.4,3
2,mutex_1048576_same-core_unpaced,1,book,14933.4,15360.1,2
2,mutex_1048576_same-core_unpaced,1,book,15360.1,15786.7,1
2,mutex_1048576_same-core_unpaced,1,book,16213.4,16640.1,1
2,mutex_1048576_same-core_unpaced,1,book,16640.1,17066.8,2
2,mutex_1048576_same-core_unpaced,1,book,17066.8,17493.4,1
2,mutex_1048576_same-core_unpaced,1,book,18773.4,19200.1,1
2,mutex_1048576_same-core_unpaced,1,book,20906.8,21333.4,1
2,mutex_1048576_same-core_unpaced,1,book,21760.1,22186.8,1
2,mutex_1048576_same-core_unpaced,1,book,27306.8,28160.1,2
2,mutex_1048576_same-core_unpaced,1,book,30720.2,31573.5,1
2,mutex_1048576_same-core_unpaced,1,book,31573.5,32426.8,1
2,mutex_1048576_same-core_unpaced,1,book,33280.2,34133.5,1
3,mutex_1048576_same-core_unpaced,0,total,10026.7,10240.1,1
3,mutex_1048576_same-core_unpaced,0,total,10880.1,11093.4,1
3,mutex_1048576_same-core_unpaced,0,total,13653.4,14080.1,1
3,mutex_1048576_same-core_unpaced,0,total,17920.1,18346.8,1
3,mutex_1048576_same-core_unpaced,0,total,21760.1,22186.8,1
3,mutex_1048576_same-core_unpaced,0,total,22613.4,23040.1,1
3,mutex_1048576_same-core_unpaced,0,total,23040.1,23466.8,1
3,mutex_1048576_same-core_unpaced,0,total,23466.8,23893.5,2
3,mutex_1048576_same-core_unpaced,0,total,25600.1,26026.8,2
3,mutex_1048576_same-core_unpaced,0,total,26026.8,26453.5,1
3,mutex_1048576_same-core_unpaced,0,total,26880.1,27306.8,1
3,mutex_1048576_same-core_unpaced,0,total,27306.8,28160.1,5
3,mutex_1048576_same-core_unpaced,0,total,28160.1,29013.5,1
3,mutex_1048576_same-core_unpaced,0,total,29866.8,30720.2,1
3,mutex_1048576_same-core_unpaced,0,total,31573.5,32426.8,1
3,mutex_1048576_same-core_unpaced,0,total,32426.8,33280.2,2
3,mutex_1048576_same-core_unpaced,0,total,33280.2,34133.5,3
3,mutex_1048576_same-core_unpaced,0,total,34133.5,34986.8,4
3,mutex_1048576_same-core_unpaced,0,total,34986.8,35840.2,8
3,mutex_1048576_same-core_unpaced,0,total,35840.2,36693.5,5
3,mutex_1048576_same-core_unpaced,0,total,36693.5,37546.9,7
3,mutex_1048576_same-core_unpaced,0,total,37546.9,38400.2,3
3,mutex_1048576_same-core_unpaced,0,total,38400.2,39253.5,5
3,mutex_1048576_same-core_unpaced,0,total,39253.5,40106.9,1
3,mutex_1048576_same-core_unpaced,0,total,40106.9,40960.2,4
3,mutex_1048576_same-core_unpaced,0,total,40960.2,41813.5,4
3,mutex_1048576_same-core_unpaced,0,total,41813.5,42666.9,3
3,mutex_1048576_same-core_unpaced,0,total,42666.9,43520.2,1
3,mutex_1048576_same-core_unpaced,0,total,43520.2,44373.6,2
3,mutex_1048576_same-core_unpaced,0,total,44373.6,45226.9,2
3,mutex_1048576_same-core_unpaced,0,total,45226.9,46080.2,8
3,mutex_1048576_same-core_unpaced,0,total,46080.2,46933.6,3
3,mutex_1048576_same-core_unpaced,0,total,47786.9,48640.2,1
3,mutex_1048576_same-core_unpaced,0,total,48640.2,49493.6,2
3,mutex_1048576_same-core_unpaced,0,total,49493.6,50346.9,7
3,mutex_1048576_same-core_unpaced,0,total,50346.9,51200.3,5
3,mutex_1048576_same-core_unpaced,0,total,51200.3,52053.6,9
3,mutex_1048576_same-core_unpaced,0,total,52053.6,52906.9,13
3,mutex_1048576_same-core_unpaced,0,total,52906.9,53760.3,13
3,mutex_1048576_same-core_unpaced,0,total,53760.3,54613.6,6
3,mutex_1048576_same-core_unpaced,0,total,54613.6,56320.3,6
3,mutex_1048576_same-core_unpaced,0,total,56320.3,58027,11
3,mutex_1048576_same-core_unpaced,0,total,58027,59733.6,10
3,mutex_1048576_same-core_unpaced,0,total,59733.6,61440.3,20
3,mutex_1048576_same-core_unpaced,0,total,61440.3,63147,13
3,mutex_1048576_same-core_unpaced,0,total,63147,64853.7,5
3,mutex_1048576_same-core_unpaced,0,total,64853.7,66560.3,6
3,mutex_1048576_same-core_unpaced,0,total,66560.3,68267,10
3,mutex_1048576_same-core_unpaced,0,total,68267,69973.7,18
3,mutex_1048576_same-core_unpaced,0,total,69973.7,71680.4,2
3,mutex_1048576_same-core_unpaced,0,total,71680.4,73387,1
3,mutex_1048576_same-core_unpaced,0,total,73387,75093.7,1
3,mutex_1048576_same-core_unpaced,0,total,75093.7,76800.4,1
3,mutex_1048576_same-core_unpaced,0,total,76800.4,78507.1,5
3,mutex_1048576_same-core_unpaced,0,total,78507.1,80213.7,2
3,mutex_1048576_same-core_unpaced,0,total,80213.7,81920.4,9
3,mutex_1048576_same-core_unpaced,0,total,81920.4,83627.1,8
3,mutex_1048576_same-core_unpaced,0,total,83627.1,85333.8,7
3,mutex_1048576_same-core_unpaced,0,total,85333.8,87040.4,5
3,mutex_1048576_same-core_unpaced,0,total,87040.4,88747.1,3
3,mutex_1048576_same-core_unpaced,0,total,88747.1,90453.8,2
3,mutex_1048576_same-core_unpaced,0,total,90453.8,92160.5,3
3,mutex_1048576_same-core_unpaced,0,total,95573.8,97280.5,2
3,mutex_1048576_same-core_unpaced,0,total,97280.5,98987.2,4
3,mutex_1048576_same-core_unpaced,0,total,98987.2,100694,1
3,mutex_1048576_same-core_unpaced,0,total,102401,104107,1
3,mutex_1048576_same-core_unpaced,0,total,104107,105814,4
3,mutex_1048576_same-core_unpaced,0,total,107521,109227,3
3,mutex_1048576_same-core_unpaced,0,total,109227,112641,1
3,mutex_1048576_same-core_unpaced,0,total,112641,116054,14
3,mutex_1048576_same-core_unpaced,0,total,116054,119467,23
3,mutex_1048576_same-core_unpaced,0,total,119467,122881,20
3,mutex_1048576_same-core_unpaced,0,total,122881,126294,11
3,mutex_1048576_same-core_unpaced,0,total,126294,129707,6
3,mutex_1048576_same-core_unpaced,0,total,129707,133121,4
3,mutex_1048576_same-core_unpaced,0,total,133121,136534,22
3,mutex_1048576_same-core_unpaced,0,total,136534,139947,14
3,mutex_1048576_same-core_unpaced,0,total,139947,143361,14
3,mutex_1048576_same-core_unpaced,0,total,143361,146774,21
3,mutex_1048576_same-core_unpaced,0,total,146774,150187,10
3,mutex_1048576_same-core_unpaced,0,total,150187,153601,4
3,mutex_1048576_same-core_unpaced,0,total,153601,157014,6
3,mutex_1048576_same-core_unpaced,0,total,157014,160427,16
3,mutex_1048576_same-core_unpaced,0,total,160427,163841,11
3,mutex_1048576_same-core_unpaced,0,total,163841,167254,21
3,mutex_1048576_same-core_unpaced,0,total,167254,170668,20
3,mutex_1048576_same-core_unpaced,0,total,170668,174081,5
3,mutex_1048576_same-core_unpaced,0,total,174081,177494,1
3,mutex_1048576_same-core_unpaced,0,total,177494,180908,2
3,mutex_1048576_same-core_unpaced,0,total,184321,187734,1
3,mutex_1048576_same-core_unpaced,0,total,187734,191148,1
3,mutex_1048576_same-core_unpaced,0,total,191148,194561,1
3,mutex_1048576_same-core_unpaced,0,total,194561,197974,1
3,mutex_1048576_same-core_unpaced,0,total,197974,201388,1
3,mutex_1048576_same-core_unpaced,0,total,201388,204801,1
3,mutex_1048576_same-core_unpaced,0,total,204801,208214,1
3,mutex_1048576_same-core_unpaced,0,total,208214,211628,1
3,mutex_1048576_same-core_unpaced,0,total,215041,218454,1
3,mutex_1048576_same-core_unpaced,0,total,218454,225281,1
3,mutex_1048576_same-core_unpaced,0,total,225281,232108,1
3,mutex_1048576_same-core_unpaced,0,total,232108,238935,1
3,mutex_1048576_same-core_unpaced,0,total,238935,245761,1
3,mutex_1048576_same-core_unpaced,0,total,245761,252588,3
3,mutex_1048576_same-core_unpaced,0,total,259415,266241,3
3,mutex_1048576_same-core_unpaced,0,total,266241,273068,2
3,mutex_1048576_same-core_unpaced,0,total,273068,279895,1
3,mutex_1048576_same-core_unpaced,0,total,279895,286721,1
3,mutex_1048576_same-core_unpaced,0,total,293548,300375,3
3,mutex_1048576_same-core_unpaced,0,total,300375,307202,1
3,mutex_1048576_same-core_unpaced,0,total,307202,314028,1
3,mutex_1048576_same-core_unpaced,0,total,314028,320855,1
3,mutex_1048576_same-core_unpaced,0,total,320855,327682,1
3,mutex_1048576_same-core_unpaced,0,total,327682,334508,2
3,mutex_1048576_same-core_unpaced,0,total,334508,341335,2
3,mutex_1048576_same-core_unpaced,0,total,341335,348162,1
3,mutex_1048576_same-core_unpaced,0,total,354988,361815,1
3,mutex_1048576_same-core_unpaced,0,total,361815,368642,1
3,mutex_1048576_same-core_unpaced,0,total,368642,375469,1
3,mutex_1048576_same-core_unpaced,0,total,375469,382295,1
3,mutex_1048576_same-core_unpaced,0,total,395949,402775,2
3,mutex_1048576_same-core_unpaced,0,total,402775,409602,3
3,mutex_1048576_same-core_unpaced,0,total,409602,416429,1
3,mutex_1048576_same-core_unpaced,0,total,416429,423255,1
3,mutex_1048576_same-core_unpaced,0,total,423255,430082,1
3,mutex_1048576_same-core_unpaced,0,total,430082,436909,1
3,mutex_1048576_same-core_unpaced,0,total,436909,450562,2
3,mutex_1048576_same-core_unpaced,0,total,450562,464216,3
3,mutex_1048576_same-core_unpaced,0,total,464216,477869,4
3,mutex_1048576_same-core_unpaced,0,total,477869,491522,1
3,mutex_1048576_same-core_unpaced,0,total,491522,505176,3
3,mutex_1048576_same-core_unpaced,0,total,505176,518829,3
3,mutex_1048576_same-core_unpaced,0,total,518829,532483,1
3,mutex_1048576_same-core_unpaced,0,total,532483,546136,3
3,mutex_1048576_same-core_unpaced,0,total,559790,573443,3
3,mutex_1048576_same-core_unpaced,0,total,573443,587096,2
3,mutex_1048576_same-core_unpaced,0,total,587096,600750,8
3,mutex_1048576_same-core_unpaced,0,total,600750,614403,1
3,mutex_1048576_same-core_unpaced,0,total,614403,628057,4
3,mutex_1048576_same-core_unpaced,0,total,628057,641710,5
3,mutex_1048576_same-core_unpaced,0,total,641710,655363,1
3,mutex_1048576_same-core_unpaced,0,total,655363,669017,4
3,mutex_1048576_same-core_unpaced,0,total,669017,682670,2
3,mutex_1048576_same-core_unpaced,0,total,682670,696324,3
3,mutex_1048576_same-core_unpaced,0,total,696324,709977,1
3,mutex_1048576_same-core_unpaced,0,total,709977,723630,3
3,mutex_1048576_same-core_unpaced,0,total,723630,737284,2
3,mutex_1048576_same-core_unpaced,0,total,737284,750937,3
3,mutex_1048576_same-core_unpaced,0,total,750937,764591,4
3,mutex_1048576_same-core_unpaced,0,total,764591,778244,5
3,mutex_1048576_same-core_unpaced,0,total,778244,791897,4
3,mutex_1048576_same-core_unpaced,0,total,791897,805551,2
3,mutex_1048576_same-core_unpaced,0,total,805551,819204,3
3,mutex_1048576_same-core_unpaced,0,total,819204,832858,2
3,mutex_1048576_same-core_unpaced,0,total,832858,846511,3
3,mutex_1048576_same-core_unpaced,0,total,846511,860164,2
3,mutex_1048576_same-core_unpaced,0,total,860164,873818,4
3,mutex_1048576_same-core_unpaced,0,total,873818,901125,10
3,mutex_1048576_same-core_unpaced,0,total,901125,928431,10
3,mutex_1048576_same-core_unpaced,0,total,928431,955738,16
3,mutex_1048576_same-core_unpaced,0,total,955738,983045,6
3,mutex_1048576_same-core_unpaced,0,total,983045,1.01035e+06,11
3,mutex_1048576_same-core_unpaced,0,total,1.01035e+06,1.03766e+06,6
3,mutex_1048576_same-core_unpaced,0,total,1.03766e+06,1.06497e+06,5
3,mutex_1048576_same-core_unpaced,0,total,1.06497e+06,1.09227e+06,6
3,mutex_1048576_same-core_unpaced,0,total,1.09227e+06,1.11958e+06,7
3,mutex_1048576_same-core_unpaced,0,total,1.11958e+06,1.14689e+06,4
3,mutex_1048576_same-core_unpaced,0,total,1.14689e+06,1.17419e+06,5
3,mutex_1048576_same-core_unpaced,0,total,1.17419e+06,1.2015e+06,7
3,mutex_1048576_same-core_unpaced,0,total,1.2015e+06,1.22881e+06,12
3,mutex_1048576_same-core_unpaced,0,total,1.22881e+06,1.25611e+06,8
3,mutex_1048576_same-core_unpaced,0,total,1.25611e+06,1.28342e+06,7
3,mutex_1048576_same-core_unpaced,0,total,1.28342e+06,1.31073e+06,2
3,mutex_1048576_same-core_unpaced,0,total,1.31073e+06,1.33803e+06,9
3,mutex_1048576_same-core_unpaced,0,total,1.33803e+06,1.36534e+06,6
3,mutex_1048576_same-core_unpaced,0,total,1.36534e+06,1.39265e+06,6
3,mutex_1048576_same-core_unpaced,0,total,1.39265e+06,1.41995e+06,11
3,mutex_1048576_same-core_unpaced,0,total,1.41995e+06,1.44726e+06,6
3,mutex_1048576_same-core_unpaced,0,total,1.44726e+06,1.47457e+06,5
3,mutex_1048576_same-core_unpaced,0,total,1.47457e+06,1.50187e+06,5
3,mutex_1048576_same-core_unpaced,0,total,1.50187e+06,1.52918e+06,12
3,mutex_1048576_same-core_unpaced,0,total,1.52918e+06,1.55649e+06,8
3,mutex_1048576_same-core_unpaced,0,total,1.55649e+06,1.58379e+06,7
3,mutex_1048576_same-core_unpaced,0,total,1.58379e+06,1.6111e+06,6
3,mutex_1048576_same-core_unpaced,0,total,1.6111e+06,1.63841e+06,4
3,mutex_1048576_same-core_unpaced,0,total,1.63841e+06,1.66572e+06,9
3,mutex_1048576_same-core_unpaced,0,total,1.66572e+06,1.69302e+06,5
3,mutex_1048576_same-core_unpaced,0,total,1.69302e+06,1.72033e+06,9
3,mutex_1048576_same-core_unpaced,0,total,1.72033e+06,1.74764e+06,5
3,mutex_1048576_same-core_unpaced,0,total,1.74764e+06,1.80225e+06,9
3,mutex_1048576_same-core_unpaced,0,total,1.80225e+06,1.85686e+06,10
3,mutex_1048576_same-core_unpaced,0,total,1.85686e+06,1.91148e+06,17
3,mutex_1048576_same-core_unpaced,0,total,1.91148e+06,1.96609e+06,12
3,mutex_1048576_same-core_unpaced,0,total,1.96609e+06,2.0207e+06,15
3,mutex_1048576_same-core_unpaced,0,total,2.0207e+06,2.07532e+06,19
3,mutex_1048576_same-core_unpaced,0,total,2.07532e+06,2.12993e+06,21
3,mutex_1048576_same-core_unpaced,0,total,2.12993e+06,2.18454e+06,12
3,mutex_1048576_same-core_unpaced,0,total,2.18454e+06,2.23916e+06,20
3,mutex_1048576_same-core_unpaced,0,total,2.23916e+06,2.29377e+06,17
3,mutex_1048576_same-core_unpaced,0,total,2.29377e+06,2.34839e+06,21
3,mutex_1048576_same-core_unpaced,0,total,2.34839e+06,2.403e+06,13
3,mutex_1048576_same-core_unpaced,0,total,2.403e+06,2.45761e+06,18
3,mutex_1048576_same-core_unpaced,0,total,2.45761e+06,2.51223e+06,15
3,mutex_1048576_same-core_unpaced,0,total,2.51223e+06,2.56684e+06,12
3,mutex_1048576_same-core_unpaced,0,total,2.56684e+06,2.62145e+06,13
3,mutex_1048576_same-core_unpaced,0,total,2.62145e+06,2.67607e+06,14
3,mutex_1048576_same-core_unpaced,0,total,2.67607e+06,2.73068e+06,14
3,mutex_1048576_same-core_unpaced,0,total,2.73068e+06,2.78529e+06,14
3,mutex_1048576_same-core_unpaced,0,total,2.78529e+06,2.83991e+06,20
3,mutex_1048576_same-core_unpaced,0,total,2.83991e+06,2.89452e+06,23
3,mutex_1048576_same-core_unpaced,0,total,2.89452e+06,2.94913e+06,25
3,mutex_1048576_same-core_unpaced,0,total,2.94913e+06,3.00375e+06,17
3,mutex_1048576_same-core_unpaced,0,total,3.00375e+06,3.05836e+06,14
3,mutex_1048576_same-core_unpaced,0,total,3.05836e+06,3.11298e+06,25
3,mutex_1048576_same-core_unpaced,0,total,3.11298e+06,3.16759e+06,19
3,mutex_1048576_same-core_unpaced,0,total,3.16759e+06,3.2222e+06,11
3,mutex_1048576_same-core_unpaced,0,total,3.2222e+06,3.27682e+06,18
3,mutex_1048576_same-core_unpaced,0,total,3.27682e+06,3.33143e+06,19
3,mutex_1048576_same-core_unpaced,0,total,3.33143e+06,3.38604e+06,13
3,mutex_1048576_same-core_unpaced,0,total,3.38604e+06,3.44066e+06,17
3,mutex_1048576_same-core_unpaced,0,total,3.44066e+06,3.49527e+06,17
3,mutex_1048576_same-core_unpaced,0,total,3.49527e+06,3.6045e+06,39
3,mutex_1048576_same-core_unpaced,0,total,3.6045e+06,3.71373e+06,29
3,mutex_1048576_same-core_unpaced,0,total,3.71373e+06,3.82295e+06,42
3,mutex_1048576_same-core_unpaced,0,total,3.82295e+06,3.93218e+06,28
3,mutex_1048576_same-core_unpaced,0,total,3.93218e+06,4.04141e+06,30
3,mutex_1048576_same-core_unpaced,0,total,4.04141e+06,4.15063e+06,38
3,mutex_1048576_same-core_unpaced,0,total,4.15063e+06,4.25986e+06,34
3,mutex_1048576_same-core_unpaced,0,total,4.25986e+06,4.36909e+06,33
3,mutex_1048576_same-core_unpaced,0,total,4.36909e+06,4.47832e+06,50
3,mutex_1048576_same-core_unpaced,0,total,4.47832e+06,4.58754e+06,34
3,mutex_1048576_same-core_unpaced,0,total,4.58754e+06,4.69677e+06,37
3,mutex_1048576_same-core_unpaced,0,total,4.69677e+06,4.806e+06,34
3,mutex_1048576_same-core_unpaced,0,total,4.806e+06,4.91522e+06,43
3,mutex_1048576_same-core_unpaced,0,total,4.91522e+06,5.02445e+06,43
3,mutex_1048576_same-core_unpaced,0,total,5.02445e+06,5.13368e+06,30
3,mutex_1048576_same-core_unpaced,0,total,5.13368e+06,5.24291e+06,27
3,mutex_1048576_same-core_unpaced,0,total,5.24291e+06,5.35213e+06,29
3,mutex_1048576_same-core_unpaced,0,total,5.35213e+06,5.46136e+06,35
3,mutex_1048576_same-core_unpaced,0,total,5.46136e+06,5.57059e+06,42
3,mutex_1048576_same-core_unpaced,0,total,5.57059e+06,5.67982e+06,45
3,mutex_1048576_same-core_unpaced,0,total,5.67982e+06,5.78904e+06,41
3,mutex_1048576_same-core_unpaced,0,total,5.78904e+06,5.89827e+06,30
3,mutex_1048576_same-core_unpaced,0,total,5.89827e+06,6.0075e+06,44
3,mutex_1048576_same-core_unpaced,0,total,6.0075e+06,6.11672e+06,53
3,mutex_1048576_same-core_unpaced,0,total,6.11672e+06,6.22595e+06,28
3,mutex_1048576_same-core_unpaced,0,total,6.22595e+06,6.33518e+06,31
3,mutex_1048576_same-core_unpaced,0,total,6.33518e+06,6.44441e+06,29
3,mutex_1048576_same-core_unpaced,0,total,6.44441e+06,6.55363e+06,20
3,mutex_1048576_same-core_unpaced,0,total,6.55363e+06,6.66286e+06,43
3,mutex_1048576_same-core_unpaced,0,total,6.66286e+06,6.77209e+06,38
3,mutex_1048576_same-core_unpaced,0,total,6.77209e+06,6.88131e+06,36
3,mutex_1048576_same-core_unpaced,0,total,6.88131e+06,6.99054e+06,29
3,mutex_1048576_same-core_unpaced,0,total,6.99054e+06,7.209e+06,62
3,mutex_1048576_same-core_unpaced,0,total,7.209e+06,7.42745e+06,53
3,mutex_1048576_same-core_unpaced,0,total,7.42745e+06,7.64591e+06,65
3,mutex_1048576_same-core_unpaced,0,total,7.64591e+06,7.86436e+06,68
3,mutex_1048576_same-core_unpaced,0,total,7.86436e+06,8.08281e+06,64
3,mutex_1048576_same-core_unpaced,0,total,8.08281e+06,8.30127e+06,52
3,mutex_1048576_same-core_unpaced,0,total,8.30127e+06,8.51972e+06,77
3,mutex_1048576_same-core_unpaced,0,total,8.51972e+06,8.73818e+06,59
3,mutex_1048576_same-core_unpaced,0,total,8.73818e+06,8.95663e+06,71
3,mutex_1048576_same-core_unpaced,0,total,8.95663e+06,9.17509e+06,67
3,mutex_1048576_same-core_unpaced,0,total,9.17509e+06,9.39354e+06,65
3,mutex_1048576_same-core_unpaced,0,total,9.39354e+06,9.612e+06,61
3,mutex_1048576_same-core_unpaced,0,total,9.612e+06,9.83045e+06,67
3,mutex_1048576_same-core_unpaced,0,total,9.83045e+06,1.00489e+07,67
3,mutex_1048576_same-core_unpaced,0,total,1.00489e+07,1.02674e+07,75
3,mutex_1048576_same-core_unpaced,0,total,1.02674e+07,1.04858e+07,62
3,mutex_1048576_same-core_unpaced,0,total,1.04858e+07,1.07043e+07,66
3,mutex_1048576_same-core_unpaced,0,total,1.07043e+07,1.09227e+07,79
3,mutex_1048576_same-core_unpaced,0,total,1.09227e+07,1.11412e+07,81
3,mutex_1048576_same-core_unpaced,0,total,1.11412e+07,1.13596e+07,49
3,mutex_1048576_same-core_unpaced,0,total,1.13596e+07,1.15781e+07,69
3,mutex_1048576_same-core_unpaced,0,total,1.15781e+07,1.17965e+07,76
3,mutex_1048576_same-core_unpaced,0,total,1.17965e+07,1.2015e+07,60
3,mutex_1048576_same-core_unpaced,0,total,1.2015e+07,1.22334e+07,71
3,mutex_1048576_same-core_unpaced,0,total,1.22334e+07,1.24519e+07,67
3,mutex_1048576_same-core_unpaced,0,total,1.24519e+07,1.26704e+07,75
3,mutex_1048576_same-core_unpaced,0,total,1.26704e+07,1.28888e+07,69
3,mutex_1048576_same-core_unpaced,0,total,1.28888e+07,1.31073e+07,55
3,mutex_1048576_same-core_unpaced,0,total,1.31073e+07,1.33257e+07,78
3,mutex_1048576_same-core_unpaced,0,total,1.33257e+07,1.35442e+07,65
3,mutex_1048576_same-core_unpaced,0,total,1.35442e+07,1.37626e+07,76
3,mutex_1048576_same-core_unpaced,0,total,1.37626e+07,1.39811e+07,66
3,mutex_1048576_same-core_unpaced,0,total,1.39811e+07,1.4418e+07,135
3,mutex_1048576_same-core_unpaced,0,total,1.4418e+07,1.48549e+07,129
3,mutex_1048576_same-core_unpaced,0,total,1.48549e+07,1.52918e+07,133
3,mutex_1048576_same-core_unpaced,0,total,1.52918e+07,1.57287e+07,136
3,mutex_1048576_same-core_unpaced,0,total,1.57287e+07,1.61656e+07,154
3,mutex_1048576_same-core_unpaced,0,total,1.61656e+07,1.66025e+07,140
3,mutex_1048576_same-core_unpaced,0,total,1.66025e+07,1.70394e+07,115
3,mutex_1048576_same-core_unpaced,0,total,1.70394e+07,1.74764e+07,132
3,mutex_1048576_same-core_unpaced,0,total,1.74764e+07,1.79133e+07,136
3,mutex_1048576_same-core_unpaced,0,total,1.79133e+07,1.83502e+07,124
3,mutex_1048576_same-core_unpaced,0,total,1.83502e+07,1.87871e+07,120
3,mutex_1048576_same-core_unpaced,0,total,1.87871e+07,1.9224e+07,130
3,mutex_1048576_same-core_unpaced,0,total,1.9224e+07,1.96609e+07,151
3,mutex_1048576_same-core_unpaced,0,total,1.96609e+07,2.00978e+07,126
3,mutex_1048576_same-core_unpaced,0,total,2.00978e+07,2.05347e+07,141
3,mutex_1048576_same-core_unpaced,0,total,2.05347e+07,2.09716e+07,135
3,mutex_1048576_same-core_unpaced,0,total,2.09716e+07,2.14085e+07,144
3,mutex_1048576_same-core_unpaced,0,total,2.14085e+07,2.18454e+07,135
3,mutex_1048576_same-core_unpaced,0,total,2.18454e+07,2.22824e+07,136
3,mutex_1048576_same-core_unpaced,0,total,2.22824e+07,2.27193e+07,125
3,mutex_1048576_same-core_unpaced,0,total,2.27193e+07,2.31562e+07,121
3,mutex_1048576_same-core_unpaced,0,total,2.31562e+07,2.35931e+07,105
3,mutex_1048576_same-core_unpaced,0,total,2.35931e+07,2.403e+07,111
3,mutex_1048576_same-core_unpaced,0,total,2.403e+07,2.44669e+07,119
3,mutex_1048576_same-core_unpaced,0,total,2.44669e+07,2.49038e+07,106
3,mutex_1048576_same-core_unpaced,0,total,2.49038e+07,2.53407e+07,132
3,mutex_1048576_same-core_unpaced,0,total,2.53407e+07,2.57776e+07,128
3,mutex_1048576_same-core_unpaced,0,total,2.57776e+07,2.62145e+07,129
3,mutex_1048576_same-core_unpaced,0,total,2.62145e+07,2.66514e+07,126
3,mutex_1048576_same-core_unpaced,0,total,2.66514e+07,2.70884e+07,136
3,mutex_1048576_same-core_unpaced,0,total,2.70884e+07,2.75253e+07,120
3,mutex_1048576_same-core_unpaced,0,total,2.75253e+07,2.79622e+07,130
3,mutex_1048576_same-core_unpaced,0,total,2.79622e+07,2.8836e+07,270
3,mutex_1048576_same-core_unpaced,0,total,2.8836e+07,2.97098e+07,279
3,mutex_1048576_same-core_unpaced,0,total,2.97098e+07,3.05836e+07,262
3,mutex_1048576_same-core_unpaced,0,total,3.05836e+07,3.14574e+07,252
3,mutex_1048576_same-core_unpaced,0,total,3.14574e+07,3.23313e+07,252
3,mutex_1048576_same-core_unpaced,0,total,3.23313e+07,3.32051e+07,274
3,mutex_1048576_same-core_unpaced,0,total,3.32051e+07,3.40789e+07,284
3,mutex_1048576_same-core_unpaced,0,total,3.40789e+07,3.49527e+07,267
3,mutex_1048576_same-core_unpaced,0,total,3.49527e+07,3.58265e+07,261
3,mutex_1048576_same-core_unpaced,0,total,3.58265e+07,3.67003e+07,277
3,mutex_1048576_same-core_unpaced,0,total,3.67003e+07,3.75742e+07,268
3,mutex_1048576_same-core_unpaced,0,total,3.75742e+07,3.8448e+07,262
3,mutex_1048576_same-core_unpaced,0,total,3.8448e+07,3.93218e+07,243
3,mutex_1048576_same-core_unpaced,0,total,3.93218e+07,4.01956e+07,309
3,mutex_1048576_same-core_unpaced,0,total,4.01956e+07,4.10694e+07,231
3,mutex_1048576_same-core_unpaced,0,total,4.10694e+07,4.19433e+07,255
3,mutex_1048576_same-core_unpaced,0,total,4.19433e+07,4.28171e+07,249
3,mutex_1048576_same-core_unpaced,0,total,4.28171e+07,4.36909e+07,249
3,mutex_1048576_same-core_unpaced,0,total,4.36909e+07,4.45647e+07,245
3,mutex_1048576_same-core_unpaced,0,total,4.45647e+07,4.54385e+07,261
3,mutex_1048576_same-core_unpaced,0,total,4.54385e+07,4.63123e+07,271
3,mutex_1048576_same-core_unpaced,0,total,4.63123e+07,4.71862e+07,251
3,mutex_1048576_same-core_unpaced,0,total,4.71862e+07,4.806e+07,266
3,mutex_1048576_same-core_unpaced,0,total,4.806e+07,4.89338e+07,263
3,mutex_1048576_same-core_unpaced,0,total,4.89338e+07,4.98076e+07,265
3,mutex_1048576_same-core_unpaced,0,total,4.98076e+07,5.06814e+07,249
3,mutex_1048576_same-core_unpaced,0,total,5.06814e+07,5.15552e+07,252
3,mutex_1048576_same-core_unpaced,0,total,5.15552e+07,5.24291e+07,293
3,mutex_1048576_same-core_unpaced,0,total,5.24291e+07,5.33029e+07,290
3,mutex_1048576_same-core_unpaced,0,total,5.33029e+07,5.41767e+07,242
3,mutex_1048576_same-core_unpaced,0,total,5.41767e+07,5.50505e+07,256
3,mutex_1048576_same-core_unpaced,0,total,5.50505e+07,5.59243e+07,264
3,mutex_1048576_same-core_unpaced,0,total,5.59243e+07,5.7672e+07,496
3,mutex_1048576_same-core_unpaced,0,total,5.7672e+07,5.94196e+07,536
3,mutex_1048576_same-core_unpaced,0,total,5.94196e+07,6.11672e+07,518
3,mutex_1048576_same-core_unpaced,0,total,6.11672e+07,6.29149e+07,470
3,mutex_1048576_same-core_unpaced,0,total,6.29149e+07,6.46625e+07,508
3,mutex_1048576_same-core_unpaced,0,total,6.46625e+07,6.64101e+07,516
3,mutex_1048576_same-core_unpaced,0,total,6.64101e+07,6.81578e+07,527
3,mutex_1048576_same-core_unpaced,0,total,6.81578e+07,6.99054e+07,544
3,mutex_1048576_same-core_unpaced,0,total,6.99054e+07,7.16531e+07,494
3,mutex_1048576_same-core_unpaced,0,total,7.16531e+07,7.34007e+07,522
3,mutex_1048576_same-core_unpaced,0,total,7.34007e+07,7.51483e+07,567
3,mutex_1048576_same-core_unpaced,0,total,7.51483e+07,7.6896e+07,558
3,mutex_1048576_same-core_unpaced,0,total,7.6896e+07,7.86436e+07,546
3,mutex_1048576_same-core_unpaced,0,total,7.86436e+07,8.03912e+07,512
3,mutex_1048576_same-core_unpaced,0,total,8.03912e+07,8.21389e+07,570
3,mutex_1048576_same-core_unpaced,0,total,8.21389e+07,8.38865e+07,546
3,mutex_1048576_same-core_unpaced,0,total,8.38865e+07,8.56341e+07,520
3,mutex_1048576_same-core_unpaced,0,total,8.56341e+07,8.73818e+07,548
3,mutex_1048576_same-core_unpaced,0,total,8.73818e+07,8.91294e+07,565
3,mutex_1048576_same-core_unpaced,0,total,8.91294e+07,9.0877e+07,512
3,mutex_1048576_same-core_unpaced,0,total,9.0877e+07,9.26247e+07,533
3,mutex_1048576_same-core_unpaced,0,total,9.26247e+07,9.43723e+07,523
3,mutex_1048576_same-core_unpaced,0,total,9.43723e+07,9.612e+07,567
3,mutex_1048576_same-core_unpaced,0,total,9.612e+07,9.78676e+07,539
3,mutex_1048576_same-core_unpaced,0,total,9.78676e+07,9.96152e+07,512
3,mutex_1048576_same-core_unpaced,0,total,9.96152e+07,1.01363e+08,547
3,mutex_1048576_same-core_unpaced,0,total,1.01363e+08,1.0311e+08,497
3,mutex_1048576_same-core_unpaced,0,total,1.0311e+08,1.04858e+08,521
3,mutex_1048576_same-core_unpaced,0,total,1.04858e+08,1.06606e+08,535
3,mutex_1048576_same-core_unpaced,0,total,1.06606e+08,1.08353e+08,471
3,mutex_1048576_same-core_unpaced,0,total,1.08353e+08,1.10101e+08,571
3,mutex_1048576_same-core_unpaced,0,total,1.10101e+08,1.11849e+08,553
3,mutex_1048576_same-core_unpaced,0,total,1.11849e+08,1.15344e+08,1134
3,mutex_1048576_same-core_unpaced,0,total,1.15344e+08,1.18839e+08,1229
3,mutex_1048576_same-core_unpaced,0,total,1.18839e+08,1.22334e+08,1195
3,mutex_1048576_same-core_unpaced,0,total,1.22334e+08,1.2583e+08,1232
3,mutex_1048576_same-core_unpaced,0,total,1.2583e+08,1.29325e+08,1328
3,mutex_1048576_same-core_unpaced,0,total,1.29325e+08,1.3282e+08,1293
3,mutex_1048576_same-core_unpaced,0,total,1.3282e+08,1.36316e+08,1229
3,mutex_1048576_same-core_unpaced,0,total,1.36316e+08,1.39811e+08,1295
3,mutex_1048576_same-core_unpaced,0,total,1.39811e+08,1.43306e+08,1286
3,mutex_1048576_same-core_unpaced,0,total,1.43306e+08,1.46801e+08,1270
3,mutex_1048576_same-core_unpaced,0,total,1.46801e+08,1.50297e+08,1310
3,mutex_1048576_same-core_unpaced,0,total,1.50297e+08,1.53792e+08,1265
3,mutex_1048576_same-core_unpaced,0,total,1.53792e+08,1.57287e+08,1698
3,mutex_1048576_same-core_unpaced,0,total,1.57287e+08,1.60782e+08,2192
3,mutex_1048576_same-core_unpaced,0,total,1.60782e+08,1.64278e+08,2109
3,mutex_1048576_same-core_unpaced,0,total,1.64278e+08,1.67773e+08,2182
3,mutex_1048576_same-core_unpaced,0,total,1.67773e+08,1.71268e+08,2197
3,mutex_1048576_same-core_unpaced,0,total,1.71268e+08,1.74764e+08,2102
3,mutex_1048576_same-core_unpaced,0,total,1.74764e+08,1.78259e+08,2218
3,mutex_1048576_same-core_unpaced,0,total,1.78259e+08,1.81754e+08,2271
3,mutex_1048576_same-core_unpaced,0,total,1.81754e+08,1.85249e+08,2170
3,mutex_1048576_same-core_unpaced,0,total,1.85249e+08,1.88745e+08,2450
3,mutex_1048576_same-core_unpaced,0,total,1.88745e+08,1.9224e+08,2205
3,mutex_1048576_same-core_unpaced,0,total,1.9224e+08,1.95735e+08,2264
3,mutex_1048576_same-core_unpaced,0,total,1.95735e+08,1.9923e+08,2092
3,mutex_1048576_same-core_unpaced,0,total,1.9923e+08,2.02726e+08,2025
3,mutex_1048576_same-core_unpaced,0,total,2.02726e+08,2.06221e+08,2106
3,mutex_1048576_same-core_unpaced,0,total,2.06221e+08,2.09716e+08,2161
3,mutex_1048576_same-core_unpaced,0,total,2.09716e+08,2.13212e+08,2126
3,mutex_1048576_same-core_unpaced,0,total,2.13212e+08,2.16707e+08,2143
3,mutex_1048576_same-core_unpaced,0,total,2.16707e+08,2.20202e+08,2085
3,mutex_1048576_same-core_unpaced,0,total,2.20202e+08,2.23697e+08,2067
3,mutex_1048576_same-core_unpaced,0,total,2.23697e+08,2.30688e+08,4417
3,mutex_1048576_same-core_unpaced,0,total,2.30688e+08,2.37678e+08,4321
3,mutex_1048576_same-core_unpaced,0,total,2.37678e+08,2.44669e+08,4463
3,mutex_1048576_same-core_unpaced,0,total,2.44669e+08,2.5166e+08,4464
3,mutex_1048576_same-core_unpaced,0,total,2.5166e+08,2.5865e+08,4266
3,mutex_1048576_same-core_unpaced,0,total,2.5865e+08,2.65641e+08,4083
3,mutex_1048576_same-core_unpaced,0,total,2.65641e+08,2.72631e+08,4138
3,mutex_1048576_same-core_unpaced,0,total,2.72631e+08,2.79622e+08,4308
3,mutex_1048576_same-core_unpaced,0,total,2.79622e+08,2.86612e+08,4278
3,mutex_1048576_same-core_unpaced,0,total,2.86612e+08,2.93603e+08,4217
3,mutex_1048576_same-core_unpaced,0,total,2.93603e+08,3.00593e+08,52798
3,mutex_1048576_same-core_unpaced,0,total,3.00593e+08,3.07584e+08,56151
3,mutex_1048576_same-core_unpaced,0,total,3.07584e+08,3.14574e+08,38389
3,mutex_1048576_same-core_unpaced,0,total,3.14574e+08,3.21565e+08,22821
3,mutex_1048576_same-core_unpaced,0,total,3.21565e+08,3.28555e+08,18899
3,mutex_1048576_same-core_unpaced,0,total,3.28555e+08,3.35546e+08,12858
3,mutex_1048576_same-core_unpaced,0,total,3.35546e+08,3.42537e+08,12248
3,mutex_1048576_same-core_unpaced,0,total,3.42537e+08,3.49527e+08,9805
3,mutex_1048576_same-core_unpaced,0,total,3.49527e+08,3.56518e+08,13589
3,mutex_1048576_same-core_unpaced,0,total,3.56518e+08,3.63508e+08,5512
3,mutex_1048576_same-core_unpaced,0,total,3.63508e+08,3.70499e+08,5205
3,mutex_1048576_same-core_unpaced,0,total,3.70499e+08,3.77489e+08,6723
3,mutex_1048576_same-core_unpaced,0,total,3.77489e+08,3.8448e+08,6464
3,mutex_1048576_same-core_unpaced,0,total,3.8448e+08,3.9147e+08,6619
3,mutex_1048576_same-core_unpaced,0,total,3.9147e+08,3.98461e+08,10102
3,mutex_1048576_same-core_unpaced,0,total,3.98461e+08,4.05451e+08,83675
3,mutex_1048576_same-core_unpaced,0,total,4.05451e+08,4.12442e+08,358943
3,mutex_1048576_same-core_unpaced,0,total,4.12442e+08,4.19433e+08,874502
3,mutex_1048576_same-core_unpaced,0,total,4.19433e+08,4.26423e+08,375195
3,mutex_1048576_same-core_unpaced,0,total,4.26423e+08,4.33414e+08,148327
3,mutex_1048576_same-core_unpaced,0,total,4.33414e+08,4.40404e+08,64922
3,mutex_1048576_same-core_unpaced,0,total,4.40404e+08,4.47395e+08,9949
3,mutex_1048576_same-core_unpaced,0,total,4.47395e+08,4.61376e+08,52932
3,mutex_1048576_same-core_unpaced,0,queue,9813.38,10026.7,1
3,mutex_1048576_same-core_unpaced,0,queue,10880.1,11093.4,1
3,mutex_1048576_same-core_unpaced,0,queue,13653.4,14080.1,1
3,mutex_1048576_same-core_unpaced,0,queue,17066.8,17493.4,1
3,mutex_1048576_same-core_unpaced,0,queue,17920.1,18346.8,1
3,mutex_1048576_same-core_unpaced,0,queue,21760.1,22186.8,1
3,mutex_1048576_same-core_unpaced,0,queue,22613.4,23040.1,1
3,mutex_1048576_same-core_unpaced,0,queue,23040.1,23466.8,2
3,mutex_1048576_same-core_unpaced,0,queue,23466.8,23893.5,1
3,mutex_1048576_same-core_unpaced,0,queue,25600.1,26026.8,2
3,mutex_1048576_same-core_unpaced,0,queue,26026.8,26453.5,1
3,mutex_1048576_same-core_unpaced,0,queue,26880.1,27306.8,1
3,mutex_1048576_same-core_unpaced,0,queue,27306.8,28160.1,5
3,mutex_1048576_same-core_unpaced,0,queue,28160.1,29013.5,1
3,mutex_1048576_same-core_unpaced,0,queue,29866.8,30720.2,1
3,mutex_1048576_same-core_unpaced,0,queue,31573.5,32426.8,1
3,mutex_1048576_same-core_unpaced,0,queue,32426.8,33280.2,2
3,mutex_1048576_same-core_unpaced,0,queue,33280.2,34133.5,3
3,mutex_1048576_same-core_unpaced,0,queue,34133.5,34986.8,4
3,mutex_1048576_same-core_unpaced,0,queue,34986.8,35840.2,7
3,mutex_1048576_same-core_unpaced,0,queue,35840.2,36693.5,6
3,mutex_1048576_same-core_unpaced,0,queue,36693.5,37546.9,6
3,mutex_1048576_same-core_unpaced,0,queue,37546.9,38400.2,3
3,mutex_1048576_same-core_unpaced,0,queue,38400.2,39253.5,5
3,mutex_1048576_same-core_unpaced,0,queue,39253.5,40106.9,1
3,mutex_1048576_same-core_unpaced,0,queue,40106.9,40960.2,4
3,mutex_1048576_same-core_unpaced,0,queue,40960.2,41813.5,4
3,mutex_1048576_same-core_unpaced,0,queue,41813.5,42666.9,3
3,mutex_1048576_same-core_unpaced,0,queue,42666.9,43520.2,1
3,mutex_1048576_same-core_unpaced,0,queue,43520.2,44373.6,2
3,mutex_1048576_same-core_unpaced,0,queue,44373.6,45226.9,4
3,mutex_1048576_same-core_unpaced,0,queue,45226.9,46080.2,6
3,mutex_1048576_same-core_unpaced,0,queue,46080.2,46933.6,3
3,mutex_1048576_same-core_unpaced,0,queue,47786.9,48640.2,1
3,mutex_1048576_same-core_unpaced,0,queue,48640.2,49493.6,2
3,mutex_1048576_same-core_unpaced,0,queue,49493.6,50346.9,7
3,mutex_1048576_same-core_unpaced,0,queue,50346.9,51200.3,5
3,mutex_1048576_same-core_unpaced,0,queue,51200.3,52053.6,10
3,mutex_1048576_same-core_unpaced,0,queue,52053.6,52906.9,14
3,mutex_1048576_same-core_unpaced,0,queue,52906.9,53760.3,11
3,mutex_1048576_same-core_unpaced,0,queue,53760.3,54613.6,7
3,mutex_1048576_same-core_unpaced,0,queue,54613.6,56320.3,5
3,mutex_1048576_same-core_unpaced,0,queue,56320.3,58027,11
3,mutex_1048576_same-core_unpaced,0,queue,58027,59733.6,11
3,mutex_1048576_same-core_unpaced,0,queue,59733.6,61440.3,19
3,mutex_1048576_same-core_unpaced,0,queue,61440.3,63147,13
3,mutex_1048576_same-core_unpaced,0,queue,63147,64853.7,5
3,mutex_1048576_same-core_unpaced,0,queue,64853.7,66560.3,6
3,mutex_1048576_same-core_unpaced,0,queue,66560.3,68267,10
3,mutex_1048576_same-core_unpaced,0,queue,68267,69973.7,18
3,mutex_1048576_same-core_unpaced,0,queue,69973.7,71680.4,2
3,mutex_1048576_same-core_unpaced,0,queue,71680.4,73387,1
3,mutex_1048576_same-core_unpaced,0,queue,73387,75093.7,1
3,mutex_1048576_same-core_unpaced,0,queue,75093.7,76800.4,1
3,mutex_1048576_same-core_unpaced,0,queue,76800.4,78507.1,5
3,mutex_1048576_same-core_unpaced,0,queue,78507.1,80213.7,2
3,mutex_1048576_same-core_unpaced,0,queue,80213.7,81920.4,11
3,mutex_1048576_same-core_unpaced,0,queue,81920.4,83627.1,6
3,mutex_1048576_same-core_unpaced,0,queue,83627.1,85333.8,7
3,mutex_1048576_same-core_unpaced,0,queue,85333.8,87040.4,5
3,mutex_1048576_same-core_unpaced,0,queue,87040.4,88747.1,3
3,mutex_1048576_same-core_unpaced,0,queue,88747.1,90453.8,2
3,mutex_1048576_same-core_unpaced,0,queue,90453.8,92160.5,3
3,mutex_1048576_same-core_unpaced,0,queue,95573.8,97280.5,3
3,mutex_1048576_same-core_unpaced,0,queue,97280.5,98987.2,3
3,mutex_1048576_same-core_unpaced,0,queue,98987.2,100694,1
3,mutex_1048576_same-core_unpaced,0,queue,102401,104107,1
3,mutex_1048576_same-core_unpaced,0,queue,104107,105814,4
3,mutex_1048576_same-core_unpaced,0,queue,107521,109227,3
3,mutex_1048576_same-core_unpaced,0,queue,109227,112641,1
3,mutex_1048576_same-core_unpaced,0,queue,112641,116054,14
3,mutex_1048576_same-core_unpaced,0,queue,116054,119467,23
3,mutex_1048576_same-core_unpaced,0,queue,119467,122881,20
3,mutex_1048576_same-core_unpaced,0,queue,122881,126294,11
3,mutex_1048576_same-core_unpaced,0,queue,126294,129707,6
3,mutex_1048576_same-core_unpaced,0,queue,129707,133121,4
3,mutex_1048576_same-core_unpaced,0,queue,133121,136534,22
3,mutex_1048576_same-core_unpaced,0,queue,136534,139947,14
3,mutex_1048576_same-core_unpaced,0,queue,139947,143361,15
3,mutex_1048576_same-core_unpaced,0,queue,143361,146774,21
3,mutex_1048576_same-core_unpaced,0,queue,146774,150187,9
3,mutex_1048576_same-core_unpaced,0,queue,150187,153601,4
3,mutex_1048576_same-core_unpaced,0,queue,153601,157014,6
3,mutex_1048576_same-core_unpaced,0,queue,157014,160427,16
3,mutex_1048576_same-core_unpaced,0,queue,160427,163841,11
3,mutex_1048576_same-core_unpaced,0,queue,163841,167254,22
3,mutex_1048576_same-core_unpaced,0,queue,167254,170668,19
3,mutex_1048576_same-core_unpaced,0,queue,170668,174081,5
3,mutex_1048576_same-core_unpaced,0,queue,174081,177494,1
3,mutex_1048576_same-core_unpaced,0,queue,177494,180908,2
3,mutex_1048576_same-core_unpaced,0,queue,184321,187734,2
3,mutex_1048576_same-core_unpaced,0,queue,191148,194561,1
3,mutex_1048576_same-core_unpaced,0,queue,194561,197974,1
3,mutex_1048576_same-core_unpaced,0,queue,197974,201388,1
3,mutex_1048576_same-core_unpaced,0,queue,201388,204801,1
3,mutex_1048576_same-core_unpaced,0,queue,204801,208214,1
3,mutex_1048576_same-core_unpaced,0,queue,208214,211628,1
3,mutex_1048576_same-core_unpaced,0,queue,211628,215041,1
3,mutex_1048576_same-core_unpaced,0,queue,218454,225281,1
3,mutex_1048576_same-core_unpaced,0,queue,225281,232108,1
3,mutex_1048576_same-core_unpaced,0,queue,232108,238935,1
3,mutex_1048576_same-core_unpaced,0,queue,238935,245761,1
3,mutex_1048576_same-core_unpaced,0,queue,245761,252588,3
3,mutex_1048576_same-core_unpaced,0,queue,259415,266241,3
3,mutex_1048576_same-core_unpaced,0,queue,266241,273068,2
3,mutex_1048576_same-core_unpaced,0,queue,273068,279895,1
3,mutex_1048576_same-core_unpaced,0,queue,279895,286721,1
3,mutex_1048576_same-core_unpaced,0,queue,293548,300375,3
3,mutex_1048576_same-core_unpaced,0,queue,300375,307202,1
3,mutex_1048576_same-core_unpaced,0,queue,307202,314028,1
3,mutex_1048576_same-core_unpaced,0,queue,314028,320855,1
3,mutex_1048576_same-core_unpaced,0,queue,320855,327682,1
3,mutex_1048576_same-core_unpaced,0,queue,327682,334508,2
3,mutex_1048576_same-core_unpaced,0,queue,334508,341335,2
3,mutex_1048576_same-core_unpaced,0,queue,341335,348162,1
3,mutex_1048576_same-core_unpaced,0,queue,354988,361815,1
3,mutex_1048576_same-core_unpaced,0,queue,361815,368642,1
3,mutex_1048576_same-core_unpaced,0,queue,368642,375469,1
3,mutex_1048576_same-core_unpaced,0,queue,375469,382295,1
3,mutex_1048576_same-core_unpaced,0,queue,395949,402775,2
3,mutex_1048576_same-core_unpaced,0,queue,402775,409602,3
3,mutex_1048576_same-core_unpaced,0,queue,409602,416429,1
3,mutex_1048576_same-core_unpaced,0,queue,416429,423255,1
3,mutex_1048576_same-core_unpaced,0,queue,423255,430082,1
3,mutex_1048576_same-core_unpaced,0,queue,430082,436909,1
3,mutex_1048576_same-core_unpaced,0,queue,436909,450562,2
3,mutex_1048576_same-core_unpaced,0,queue,450562,464216,3
3,mutex_1048576_same-core_unpaced,0,queue,464216,477869,4
3,mutex_1048576_same-core_unpaced,0,queue,477869,491522,1
3,mutex_1048576_same-core_unpaced,0,queue,491522,505176,3
3,mutex_1048576_same-core_unpaced,0,queue,505176,518829,3
3,mutex_1048576_same-core_unpaced,0,queue,518829,532483,1
3,mutex_1048576_same-core_unpaced,0,queue,532483,546136,3
3,mutex_1048576_same-core_unpaced,0,queue,559790,573443,3
3,mutex_1048576_same-core_unpaced,0,queue,573443,587096,2
3,mutex_1048576_same-core_unpaced,0,queue,587096,600750,8
3,mutex_1048576_same-core_unpaced,0,queue,600750,614403,1
3,mutex_1048576_same-core_unpaced,0,queue,614403,628057,4
3,mutex_1048576_same-core_unpaced,0,queue,628057,641710,5
3,mutex_1048576_same-core_unpaced,0,queue,641710,655363,1
3,mutex_1048576_same-core_unpaced,0,queue,655363,669017,4
3,mutex_1048576_same-core_unpaced,0,queue,669017,682670,2
3,mutex_1048576_same-core_unpaced,0,queue,682670,696324,3
3,mutex_1048576_same-core_unpaced,0,queue,696324,709977,1
3,mutex_1048576_same-core_unpaced,0,queue,709977,723630,3
3,mutex_1048576_same-core_unpaced,0,queue,723630,737284,2
3,mutex_1048576_same-core_unpaced,0,queue,737284,750937,3
3,mutex_1048576_same-core_unpaced,0,queue,750937,764591,4
3,mutex_1048576_same-core_unpaced,0,queue,764591,778244,5
3,mutex_1048576_same-core_unpaced,0,queue,778244,791897,4
3,mutex_1048576_same-core_unpaced,0,queue,791897,805551,2
3,mutex_1048576_same-core_unpaced,0,queue,805551,819204,3
3,mutex_1048576_same-core_unpaced,0,queue,819204,832858,2
3,mutex_1048576_same-core_unpaced,0,queue,832858,846511,3
3,mutex_1048576_same-core_unpaced,0,queue,846511,860164,2
3,mutex_1048576_same-core_unpaced,0,queue,860164,873818,4
3,mutex_1048576_same-core_unpaced,0,queue,873818,901125,10
3,mutex_1048576_same-core_unpaced,0,queue,901125,928431,10
3,mutex_1048576_same-core_unpaced,0,queue,928431,955738,17
3,mutex_1048576_same-core_unpaced,0,queue,955738,983045,6
3,mutex_1048576_same-core_unpaced,0,queue,983045,1.01035e+06,11
3,mutex_1048576_same-core_unpaced,0,queue,1.01035e+06,1.03766e+06,5
3,mutex_1048576_same-core_unpaced,0,queue,1.03766e+06,1.06497e+06,5
3,mutex_1048576_same-core_unpaced,0,queue,1.06497e+06,1.09227e+06,6
3,mutex_1048576_same-core_unpaced,0,queue,1.09227e+06,1.11958e+06,7
3,mutex_1048576_same-core_unpaced,0,queue,1.11958e+06,1.14689e+06,4
3,mutex_1048576_same-core_unpaced,0,queue,1.14689e+06,1.17419e+06,5
3,mutex_1048576_same-core_unpaced,0,queue,1.17419e+06,1.2015e+06,7
3,mutex_1048576_same-core_unpaced,0,queue,1.2015e+06,1.22881e+06,12
3,mutex_1048576_same-core_unpaced,0,queue,1.22881e+06,1.25611e+06,8
3,mutex_1048576_same-core_unpaced,0,queue,1.25611e+06,1.28342e+06,7
3,mutex_1048576_same-core_unpaced,0,queue,1.28342e+06,1.31073e+06,2
3,mutex_1048576_same-core_unpaced,0,queue,1.31073e+06,1.33803e+06,9
3,mutex_1048576_same-core_unpaced,0,queue,1.33803e+06,1.36534e+06,6
3,mutex_1048576_same-core_unpaced,0,queue,1.36534e+06,1.39265e+06,6
3,mutex_1048576_same-core_unpaced,0,queue,1.39265e+06,1.41995e+06,11
3,mutex_1048576_same-core_unpaced,0,queue,1.41995e+06,1.44726e+06,7
3,mutex_1048576_same-core_unpaced,0,queue,1.44726e+06,1.47457e+06,4
3,mutex_1048576_same-core_unpaced,0,queue,1.47457e+06,1.50187e+06,5
3,mutex_1048576_same-core_unpaced,0,queue,1.50187e+06,1.52918e+06,12
3,mutex_1048576_same-core_unpaced,0,queue,1.52918e+06,1.55649e+06,8
3,mutex_1048576_same-core_unpaced,0,queue,1.55649e+06,1.58379e+06,7
3,mutex_1048576_same-core_unpaced,0,queue,1.58379e+06,1.6111e+06,6
3,mutex_1048576_same-core_unpaced,0,queue,1.6111e+06,1.63841e+06,4
3,mutex_1048576_same-core_unpaced,0,queue,1.63841e+06,1.66572e+06,9
3,mutex_1048576_same-core_unpaced,0,queue,1.66572e+06,1.69302e+06,5
3,mutex_1048576_same-core_unpaced,0,queue,1.69302e+06,1.72033e+06,9
3,mutex_1048576_same-core_unpaced,0,queue,1.72033e+06,1.74764e+06,6
3,mutex_1048576_same-core_unpaced,0,queue,1.74764e+06,1.80225e+06,8
3,mutex_1048576_same-core_unpaced,0,queue,1.80225e+06,1.85686e+06,10
3,mutex_1048576_same-core_unpaced,0,queue,1.85686e+06,1.91148e+06,17
3,mutex_1048576_same-core_unpaced,0,queue,1.91148e+06,1.96609e+06,12
3,mutex_1048576_same-core_unpaced,0,queue,1.96609e+06,2.0207e+06,15
3,mutex_1048576_same-core_unpaced,0,queue,2.0207e+06,2.07532e+06,19
3,mutex_1048576_same-core_unpaced,0,queue,2.07532e+06,2.12993e+06,21
3,mutex_1048576_same-core_unpaced,0,queue,2.12993e+06,2.18454e+06,12
3,mutex_1048576_same-core_unpaced,0,queue,2.18454e+06,2.23916e+06,20
3,mutex_1048576_same-core_unpaced,0,queue,2.23916e+06,2.29377e+06,17
3,mutex_1048576_same-core_unpaced,0,queue,2.29377e+06,2.34839e+06,21
3,mutex_1048576_same-core_unpaced,0,queue,2.34839e+06,2.403e+06,13
3,mutex_1048576_same-core_unpaced,0,queue,2.403e+06,2.45761e+06,18
3,mutex_1048576_same-core_unpaced,0,queue,2.45761e+06,2.51223e+06,15
3,mutex_1048576_same-core_unpaced,0,queue,2.51223e+06,2.56684e+06,12
3,mutex_1048576_same-core_unpaced,0,queue,2.56684e+06,2.62145e+06,13
3,mutex_1048576_same-core_unpaced,0,queue,2.62145e+06,2.67607e+06,14
3,mutex_1048576_same-core_unpaced,0,queue,2.67607e+06,2.73068e+06,14
3,mutex_1048576_same-core_unpaced,0,queue,2.73068e+06,2.78529e+06,14
3,mutex_1048576_same-core_unpaced,0,queue,2.78529e+06,2.83991e+06,21
3,mutex_1048576_same-core_unpaced,0,queue,2.83991e+06,2.89452e+06,22
3,mutex_1048576_same-core_unpaced,0,queue,2.89452e+06,2.94913e+06,25
3,mutex_1048576_same-core_unpaced,0,queue,2.94913e+06,3.00375e+06,17
3,mutex_1048576_same-core_unpaced,0,queue,3.00375e+06,3.05836e+06,14
3,mutex_1048576_same-core_unpaced,0,queue,3.05836e+06,3.11298e+06,25
3,mutex_1048576_same-core_unpaced,0,queue,3.11298e+06,3.16759e+06,20
3,mutex_1048576_same-core_unpaced,0,queue,3.16759e+06,3.2222e+06,10
3,mutex_1048576_same-core_unpaced,0,queue,3.2222e+06,3.27682e+06,19
3,mutex_1048576_same-core_unpaced,0,queue,3.27682e+06,3.33143e+06,18
3,mutex_1048576_same-core_unpaced,0,queue,3.33143e+06,3.38604e+06,13
3,mutex_1048576_same-core_unpaced,0,queue,3.38604e+06,3.44066e+06,17
3,mutex_1048576_same-core_unpaced,0,queue,3.44066e+06,3.49527e+06,17
3,mutex_1048576_same-core_unpaced,0,queue,3.49527e+06,3.6045e+06,39
3,mutex_1048576_same-core_unpaced,0,queue,3.6045e+06,3.71373e+06,29
3,mutex_1048576_same-core_unpaced,0,queue,3.71373e+06,3.82295e+06,42
3,mutex_1048576_same-core_unpaced,0,queue,3.82295e+06,3.93218e+06,28
3,mutex_1048576_same-core_unpaced,0,queue,3.93218e+06,4.04141e+06,30
3,mutex_1048576_same-core_unpaced,0,queue,4.04141e+06,4.15063e+06,38
3,mutex_1048576_same-core_unpaced,0,queue,4.15063e+06,4.25986e+06,34
3,mutex_1048576_same-core_unpaced,0,queue,4.25986e+06,4.36909e+06,33
3,mutex_1048576_same-core_unpaced,0,queue,4.36909e+06,4.47832e+06,50
3,mutex_1048576_same-core_unpaced,0,queue,4.47832e+06,4.58754e+06,34
3,mutex_1048576_same-core_unpaced,0,queue,4.58754e+06,4.69677e+06,37
3,mutex_1048576_same-core_unpaced,0,queue,4.69677e+06,4.806e+06,34
3,mutex_1048576_same-core_unpaced,0,queue,4.806e+06,4.91522e+06,43
3,mutex_1048576_same-core_unpaced,0,queue,4.91522e+06,5.02445e+06,43
3,mutex_1048576_same-core_unpaced,0,queue,5.02445e+06,5.13368e+06,30
3,mutex_1048576_same-core_unpaced,0,queue,5.13368e+06,5.24291e+06,27
3,mutex_1048576_same-core_unpaced,0,queue,5.24291e+06,5.35213e+06,29
3,mutex_1048576_same-core_unpaced,0,queue,5.35213e+06,5.46136e+06,35
3,mutex_1048576_same-core_unpaced,0,queue,5.46136e+06,5.57059e+06,42
3,mutex_1048576_same-core_unpaced,0,queue,5.57059e+06,5.67982e+06,45
3,mutex_1048576_same-core_unpaced,0,queue,5.67982e+06,5.78904e+06,41
3,mutex_1048576_same-core_unpaced,0,queue,5.78904e+06,5.89827e+06,30
3,mutex_1048576_same-core_unpaced,0,queue,5.89827e+06,6.0075e+06,44
3,mutex_1048576_same-core_unpaced,0,queue,6.0075e+06,6.11672e+06,53
3,mutex_1048576_same-core_unpaced,0,queue,6.11672e+06,6.22595e+06,28
3,mutex_1048576_same-core_unpaced,0,queue,6.22595e+06,6.33518e+06,31
3,mutex_1048576_same-core_unpaced,0,queue,6.33518e+06,6.44441e+06,29
3,mutex_1048576_same-core_unpaced,0,queue,6.44441e+06,6.55363e+06,20
3,mutex_1048576_same-core_unpaced,0,queue,6.55363e+06,6.66286e+06,43
3,mutex_1048576_same-core_unpaced,0,queue,6.66286e+06,6.77209e+06,38
3,mutex_1048576_same-core_unpaced,0,queue,6.77209e+06,6.88131e+06,36
3,mutex_1048576_same-core_unpaced,0,queue,6.88131e+06,6.99054e+06,29
3,mutex_1048576_same-core_unpaced,0,queue,6.99054e+06,7.209e+06,62
3,mutex_1048576_same-core_unpaced,0,queue,7.209e+06,7.42745e+06,53
3,mutex_1048576_same-core_unpaced,0,queue,7.42745e+06,7.64591e+06,65
3,mutex_1048576_same-core_unpaced,0,queue,7.64591e+06,7.86436e+06,68
3,mutex_1048576_same-core_unpaced,0,queue,7.86436e+06,8.08281e+06,64
3,mutex_1048576_same-core_unpaced,0,queue,8.08281e+06,8.30127e+06,52
3,mutex_1048576_same-core_unpaced,0,queue,8.30127e+06,8.51972e+06,77
3,mutex_1048576_same-core_unpaced,0,queue,8.51972e+06,8.73818e+06,59
3,mutex_1048576_same-core_unpaced,0,queue,8.73818e+06,8.95663e+06,71
3,mutex_1048576_same-core_unpaced,0,queue,8.95663e+06,9.17509e+06,67
3,mutex_1048576_same-core_unpaced,0,queue,9.17509e+06,9.39354e+06,65
3,mutex_1048576_same-core_unpaced,0,queue,9.39354e+06,9.612e+06,61
3,mutex_1048576_same-core_unpaced,0,queue,9.612e+06,9.83045e+06,67
3,mutex_1048576_same-core_unpaced,0,queue,9.83045e+06,1.00489e+07,67
3,mutex_1048576_same-core_unpaced,0,queue,1.00489e+07,1.02674e+07,75
3,mutex_1048576_same-core_unpaced,0,queue,1.02674e+07,1.04858e+07,62
3,mutex_1048576_same-core_unpaced,0,queue,1.04858e+07,1.07043e+07,66
3,mutex_1048576_same-core_unpaced,0,queue,1.07043e+07,1.09227e+07,79
3,mutex_1048576_same-core_unpaced,0,queue,1.09227e+07,1.11412e+07,81
3,mutex_1048576_same-core_unpaced,0,queue,1.11412e+07,1.13596e+07,49
3,mutex_1048576_same-core_unpaced,0,queue,1.13596e+07,1.15781e+07,69
3,mutex_1048576_same-core_unpaced,0,queue,1.15781e+07,1.17965e+07,76
3,mutex_1048576_same-core_unpaced,0,queue,1.17965e+07,1.2015e+07,60
3,mutex_1048576_same-core_unpaced,0,queue,1.2015e+07,1.22334e+07,71
3,mutex_1048576_same-core_unpaced,0,queue,1.22334e+07,1.24519e+07,67
3,mutex_1048576_same-core_unpaced,0,queue,1.24519e+07,1.26704e+07,75
3,mutex_1048576_same-core_unpaced,0,queue,1.26704e+07,1.28888e+07,69
3,mutex_1048576_same-core_unpaced,0,queue,1.28888e+07,1.31073e+07,55
3,mutex_1048576_same-core_unpaced,0,queue,1.31073e+07,1.33257e+07,78
3,mutex_1048576_same-core_unpaced,0,queue,1.33257e+07,1.35442e+07,65
3,mutex_1048576_same-core_unpaced,0,queue,1.35442e+07,1.37626e+07,76
3,mutex_1048576_same-core_unpaced,0,queue,1.37626e+07,1.39811e+07,66
3,mutex_1048576_same-core_unpaced,0,queue,1.39811e+07,1.4418e+07,135
3,mutex_1048576_same-core_unpaced,0,queue,1.4418e+07,1.48549e+07,129
3,mutex_1048576_same-core_unpaced,0,queue,1.48549e+07,1.52918e+07,133
3,mutex_1048576_same-core_unpaced,0,queue,1.52918e+07,1.57287e+07,136
3,mutex_1048576_same-core_unpaced,0,queue,1.57287e+07,1.61656e+07,154
3,mutex_1048576_same-core_unpaced,0,queue,1.61656e+07,1.66025e+07,140
3,mutex_1048576_same-core_unpaced,0,queue,1.66025e+07,1.70394e+07,115
3,mutex_1048576_same-core_unpaced,0,queue,1.70394e+07,1.74764e+07,132
3,mutex_1048576_same-core_unpaced,0,queue,1.74764e+07,1.79133e+07,136
3,mutex_1048576_same-core_unpaced,0,queue,1.79133e+07,1.83502e+07,124
3,mutex_1048576_same-core_unpaced,0,queue,1.83502e+07,1.87871e+07,120
3,mutex_1048576_same-core_unpaced,0,queue,1.87871e+07,1.9224e+07,130
3,mutex_1048576_same-core_unpaced,0,queue,1.9224e+07,1.96609e+07,151
3,mutex_1048576_same-core_unpaced,0,queue,1.96609e+07,2.00978e+07,126
3,mutex_1048576_same-core_unpaced,0,queue,2.00978e+07,2.05347e+07,141
3,mutex_1048576_same-core_unpaced,0,queue,2.05347e+07,2.09716e+07,135
3,mutex_1048576_same-core_unpaced,0,queue,2.09716e+07,2.14085e+07,144
3,mutex_1048576_same-core_unpaced,0,queue,2.14085e+07,2.18454e+07,135
3,mutex_1048576_same-core_unpaced,0,queue,2.18454e+07,2.22824e+07,136
3,mutex_1048576_same-core_unpaced,0,queue,2.22824e+07,2.27193e+07,125
3,mutex_1048576_same-core_unpaced,0,queue,2.27193e+07,2.31562e+07,121
3,mutex_1048576_same-core_unpaced,0,queue,2.31562e+07,2.35931e+07,105
3,mutex_1048576_same-core_unpaced,0,queue,2.35931e+07,2.403e+07,111
3,mutex_1048576_same-core_unpaced,0,queue,2.403e+07,2.44669e+07,119
3,mutex_1048576_same-core_unpaced,0,queue,2.44669e+07,2.49038e+07,106
3,mutex_1048576_same-core_unpaced,0,queue,2.49038e+07,2.53407e+07,132
3,mutex_1048576_same-core_unpaced,0,queue,2.53407e+07,2.57776e+07,128
3,mutex_1048576_same-core_unpaced,0,queue,2.57776e+07,2.62145e+07,129
3,mutex_1048576_same-core_unpaced,0,queue,2.62145e+07,2.66514e+07,126
3,mutex_1048576_same-core_unpaced,0,queue,2.66514e+07,2.70884e+07,136
3,mutex_1048576_same-core_unpaced,0,queue,2.70884e+07,2.75253e+07,120
3,mutex_1048576_same-core_unpaced,0,queue,2.75253e+07,2.79622e+07,130
3,mutex_1048576_same-core_unpaced,0,queue,2.79622e+07,2.8836e+07,270
3,mutex_1048576_same-core_unpaced,0,queue,2.8836e+07,2.97098e+07,279
3,mutex_1048576_same-core_unpaced,0,queue,2.97098e+07,3.05836e+07,263
3,mutex_1048576_same-core_unpaced,0,queue,3.05836e+07,3.14574e+07,251
3,mutex_1048576_same-core_unpaced,0,queue,3.14574e+07,3.23313e+07,252
3,mutex_1048576_same-core_unpaced,0,queue,3.23313e+07,3.32051e+07,274
3,mutex_1048576_same-core_unpaced,0,queue,3.32051e+07,3.40789e+07,284
3,mutex_1048576_same-core_unpaced,0,queue,3.40789e+07,3.49527e+07,267
3,mutex_1048576_same-core_unpaced,0,queue,3.49527e+07,3.58265e+07,261
3,mutex_1048576_same-core_unpaced,0,queue,3.58265e+07,3.67003e+07,277
3,mutex_1048576_same-core_unpaced,0,queue,3.67003e+07,3.75742e+07,268
3,mutex_1048576_same-core_unpaced,0,queue,3.75742e+07,3.8448e+07,262
3,mutex_1048576_same-core_unpaced,0,queue,3.8448e+07,3.93218e+07,243
3,mutex_1048576_same-core_unpaced,0,queue,3.93218e+07,4.01956e+07,309
3,mutex_1048576_same-core_unpaced,0,queue,4.01956e+07,4.10694e+07,231
3,mutex_1048576_same-core_unpaced,0,queue,4.10694e+07,4.19433e+07,255
3,mutex_1048576_same-core_unpaced,0,queue,4.19433e+07,4.28171e+07,249
3,mutex_1048576_same-core_unpaced,0,queue,4.28171e+07,4.36909e+07,249
3,mutex_1048576_same-core_unpaced,0,queue,4.36909e+07,4.45647e+07,245
3,mutex_1048576_same-core_unpaced,0,queue,4.45647e+07,4.54385e+07,261
3,mutex_1048576_same-core_unpaced,0,queue,4.54385e+07,4.63123e+07,271
3,mutex_1048576_same-core_unpaced,0,queue,4.63123e+07,4.71862e+07,251
3,mutex_1048576_same-core_unpaced,0,queue,4.71862e+07,4.806e+07,266
3,mutex_1048576_same-core_unpaced,0,queue,4.806e+07,4.89338e+07,263
3,mutex_1048576_same-core_unpaced,0,queue,4.89338e+07,4.98076e+07,265
3,mutex_1048576_same-core_unpaced,0,queue,4.98076e+07,5.06814e+07,249
3,mutex_1048576_same-core_unpaced,0,queue,5.06814e+07,5.15552e+07,252
3,mutex_1048576_same-core_unpaced,0,queue,5.15552e+07,5.24291e+07,293
3,mutex_1048576_same-core_unpaced,0,queue,5.24291e+07,5.33029e+07,290
3,mutex_1048576_same-core_unpaced,0,queue,5.33029e+07,5.41767e+07,242
3,mutex_1048576_same-core_unpaced,0,queue,5.41767e+07,5.50505e+07,256
3,mutex_1048576_same-core_unpaced,0,queue,5.50505e+07,5.59243e+07,264
3,mutex_1048576_same-core_unpaced,0,queue,5.59243e+07,5.7672e+07,496
3,mutex_1048576_same-core_unpaced,0,queue,5.7672e+07,5.94196e+07,536
3,mutex_1048576_same-core_unpaced,0,queue,5.94196e+07,6.11672e+07,518
3,mutex_1048576_same-core_unpaced,0,queue,6.11672e+07,6.29149e+07,470
3,mutex_1048576_same-core_unpaced,0,queue,6.29149e+07,6.46625e+07,508
3,mutex_1048576_same-core_unpaced,0,queue,6.46625e+07,6.64101e+07,516
3,mutex_1048576_same-core_unpaced,0,queue,6.64101e+07,6.81578e+07,527
3,mutex_1048576_same-core_unpaced,0,queue,6.81578e+07,6.99054e+07,544
3,mutex_1048576_same-core_unpaced,0,queue,6.99054e+07,7.16531e+07,494
3,mutex_1048576_same-core_unpaced,0,queue,7.16531e+07,7.34007e+07,522
3,mutex_1048576_same-core_unpaced,0,queue,7.34007e+07,7.51483e+07,567
3,mutex_1048576_same-core_unpaced,0,queue,7.51483e+07,7.6896e+07,558
3,mutex_1048576_same-core_unpaced,0,queue,7.6896e+07,7.86436e+07,546
3,mutex_1048576_same-core_unpaced,0,queue,7.86436e+07,8.03912e+07,512
3,mutex_1048576_same-core_unpaced,0,queue,8.03912e+07,8.21389e+07,570
3,mutex_1048576_same-core_unpaced,0,queue,8.21389e+07,8.38865e+07,546
3,mutex_1048576_same-core_unpaced,0,queue,8.38865e+07,8.56341e+07,520
3,mutex_1048576_same-core_unpaced,0,queue,8.56341e+07,8.73818e+07,549
3,mutex_1048576_same-core_unpaced,0,queue,8.73818e+07,8.91294e+07,564
3,mutex_1048576_same-core_unpaced,0,queue,8.91294e+07,9.0877e+07,512
3,mutex_1048576_same-core_unpaced,0,queue,9.0877e+07,9.26247e+07,533
3,mutex_1048576_same-core_unpaced,0,queue,9.26247e+07,9.43723e+07,523
3,mutex_1048576_same-core_unpaced,0,queue,9.43723e+07,9.612e+07,567
3,mutex_1048576_same-core_unpaced,0,queue,9.612e+07,9.78676e+07,539
3,mutex_1048576_same-core_unpaced,0,queue,9.78676e+07,9.96152e+07,512
3,mutex_1048576_same-core_unpaced,0,queue,9.96152e+07,1.01363e+08,547
3,mutex_1048576_same-core_unpaced,0,queue,1.01363e+08,1.0311e+08,497
3,mutex_1048576_same-core_unpaced,0,queue,1.0311e+08,1.04858e+08,522
3,mutex_1048576_same-core_unpaced,0,queue,1.04858e+08,1.06606e+08,534
3,mutex_1048576_same-core_unpaced,0,queue,1.06606e+08,1.08353e+08,471
3,mutex_1048576_same-core_unpaced,0,queue,1.08353e+08,1.10101e+08,571
3,mutex_1048576_same-core_unpaced,0,queue,1.10101e+08,1.11849e+08,553
3,mutex_1048576_same-core_unpaced,0,queue,1.11849e+08,1.15344e+08,1134
3,mutex_1048576_same-core_unpaced,0,queue,1.15344e+08,1.18839e+08,1229
3,mutex_1048576_same-core_unpaced,0,queue,1.18839e+08,1.22334e+08,1195
3,mutex_1048576_same-core_unpaced,0,queue,1.22334e+08,1.2583e+08,1232
3,mutex_1048576_same-core_unpaced,0,queue,1.2583e+08,1.29325e+08,1328
3,mutex_1048576_same-core_unpaced,0,queue,1.29325e+08,1.3282e+08,1293
3,mutex_1048576_same-core_unpaced,0,queue,1.3282e+08,1.36316e+08,1229
3,mutex_1048576_same-core_unpaced,0,queue,1.36316e+08,1.39811e+08,1295
3,mutex_1048576_same-core_unpaced,0,queue,1.39811e+08,1.43306e+08,1286
3,mutex_1048576_same-core_unpaced,0,queue,1.43306e+08,1.46801e+08,1270
3,mutex_1048576_same-core_unpaced,0,queue,1.46801e+08,1.50297e+08,1310
3,mutex_1048576_same-core_unpaced,0,queue,1.50297e+08,1.53792e+08,1265
3,mutex_1048576_same-core_unpaced,0,queue,1.53792e+08,1.57287e+08,1698
3,mutex_1048576_same-core_unpaced,0,queue,1.57287e+08,1.60782e+08,2192
3,mutex_1048576_same-core_unpaced,0,queue,1.60782e+08,1.64278e+08,2109
3,mutex_1048576_same-core_unpaced,0,queue,1.64278e+08,1.67773e+08,2182
3,mutex_1048576_same-core_unpaced,0,queue,1.67773e+08,1.71268e+08,2197
3,mutex_1048576_same-core_unpaced,0,queue,1.71268e+08,1.74764e+08,2102
3,mutex_1048576_same-core_unpaced,0,queue,1.74764e+08,1.78259e+08,2218
3,mutex_1048576_same-core_unpaced,0,queue,1.78259e+08,1.81754e+08,2271
3,mutex_1048576_same-core_unpaced,0,queue,1.81754e+08,1.85249e+08,2170
3,mutex_1048576_same-core_unpaced,0,queue,1.85249e+08,1.88745e+08,2450
3,mutex_1048576_same-core_unpaced,0,queue,1.88745e+08,1.9224e+08,2205
3,mutex_1048576_same-core_unpaced,0,queue,1.9224e+08,1.95735e+08,2264
3,mutex_1048576_same-core_unpaced,0,queue,1.95735e+08,1.9923e+08,2092
3,mutex_1048576_same-core_unpaced,0,queue,1.9923e+08,2.02726e+08,2025
3,mutex_1048576_same-core_unpaced,0,queue,2.02726e+08,2.06221e+08,2106
3,mutex_1048576_same-core_unpaced,0,queue,2.06221e+08,2.09716e+08,2161
3,mutex_1048576_same-core_unpaced,0,queue,2.09716e+08,2.13212e+08,2126
3,mutex_1048576_same-core_unpaced,0,queue,2.13212e+08,2.16707e+08,2143
3,mutex_1048576_same-core_unpaced,0,queue,2.16707e+08,2.20202e+08,2085
3,mutex_1048576_same-core_unpaced,0,queue,2.20202e+08,2.23697e+08,2067
3,mutex_1048576_same-core_unpaced,0,queue,2.23697e+08,2.30688e+08,4417
3,mutex_1048576_same-core_unpaced,0,queue,2.30688e+08,2.37678e+08,4321
3,mutex_1048576_same-core_unpaced,0,queue,2.37678e+08,2.44669e+08,4463
3,mutex_1048576_same-core_unpaced,0,queue,2.44669e+08,2.5166e+08,4464
3,mutex_1048576_same-core_unpaced,0,queue,2.5166e+08,2.5865e+08,4266
3,mutex_1048576_same-core_unpaced,0,queue,2.5865e+08,2.65641e+08,4083
3,mutex_1048576_same-core_unpaced,0,queue,2.65641e+08,2.72631e+08,4138
3,mutex_1048576_same-core_unpaced,0,queue,2.72631e+08,2.79622e+08,4308
3,mutex_1048576_same-core_unpaced,0,queue,2.79622e+08,2.86612e+08,4278
3,mutex_1048576_same-core_unpaced,0,queue,2.86612e+08,2.93603e+08,4217
3,mutex_1048576_same-core_unpaced,0,queue,2.93603e+08,3.00593e+08,52798
3,mutex_1048576_same-core_unpaced,0,queue,3.00593e+08,3.07584e+08,56151
3,mutex_1048576_same-core_unpaced,0,queue,3.07584e+08,3.14574e+08,38389
3,mutex_1048576_same-core_unpaced,0,queue,3.14574e+08,3.21565e+08,22821
3,mutex_1048576_same-core_unpaced,0,queue,3.21565e+08,3.28555e+08,18899
3,mutex_1048576_same-core_unpaced,0,queue,3.28555e+08,3.35546e+08,12858
3,mutex_1048576_same-core_unpaced,0,queue,3.35546e+08,3.42537e+08,12248
3,mutex_1048576_same-core_unpaced,0,queue,3.42537e+08,3.49527e+08,9806
3,mutex_1048576_same-core_unpaced,0,queue,3.49527e+08,3.56518e+08,13588
3,mutex_1048576_same-core_unpaced,0,queue,3.56518e+08,3.63508e+08,5512
3,mutex_1048576_same-core_unpaced,0,queue,3.63508e+08,3.70499e+08,5205
3,mutex_1048576_same-core_unpaced,0,queue,3.70499e+08,3.77489e+08,6724
3,mutex_1048576_same-core_unpaced,0,queue,3.77489e+08,3.8448e+08,6463
3,mutex_1048576_same-core_unpaced,0,queue,3.8448e+08,3.9147e+08,6621
3,mutex_1048576_same-core_unpaced,0,queue,3.9147e+08,3.98461e+08,10100
3,mutex_1048576_same-core_unpaced,0,queue,3.98461e+08,4.05451e+08,83677
3,mutex_1048576_same-core_unpaced,0,queue,4.05451e+08,4.12442e+08,358969
3,mutex_1048576_same-core_unpaced,0,queue,4.12442e+08,4.19433e+08,874484
3,mutex_1048576_same-core_unpaced,0,queue,4.19433e+08,4.26423e+08,375193
3,mutex_1048576_same-core_unpaced,0,queue,4.26423e+08,4.33414e+08,148321
3,mutex_1048576_same-core_unpaced,0,queue,4.33414e+08,4.40404e+08,64920
3,mutex_1048576_same-core_unpaced,0,queue,4.40404e+08,4.47395e+08,9949
3,mutex_1048576_same-core_unpaced,0,queue,4.47395e+08,4.61376e+08,52932
3,mutex_1048576_same-core_unpaced,0,book,15.0001,15.4167,1
3,mutex_1048576_same-core_unpaced,0,book,15.8334,16.2501,16
3,mutex_1048576_same-core_unpaced,0,book,16.6668,17.0834,19
3,mutex_1048576_same-core_unpaced,0,book,17.5001,17.9168,29
3,mutex_1048576_same-core_unpaced,0,book,18.3334,18.7501,36
3,mutex_1048576_same-core_unpaced,0,book,19.1668,19.5834,64
3,mutex_1048576_same-core_unpaced,0,book,20.0001,20.4168,136
3,mutex_1048576_same-core_unpaced,0,book,20.8334,21.2501,811
3,mutex_1048576_same-core_unpaced,0,book,21.6668,22.0834,1442
3,mutex_1048576_same-core_unpaced,0,book,22.5001,22.9168,636
3,mutex_1048576_same-core_unpaced,0,book,23.3335,23.7501,270
3,mutex_1048576_same-core_unpaced,0,book,24.1668,24.5835,433
3,mutex_1048576_same-core_unpaced,0,book,25.0001,25.4168,555
3,mutex_1048576_same-core_unpaced,0,book,25.8335,26.2501,717
3,mutex_1048576_same-core_unpaced,0,book,26.6668,27.5001,1026
3,mutex_1048576_same-core_unpaced,0,book,27.5001,28.3335,1403
3,mutex_1048576_same-core_unpaced,0,book,28.3335,29.1668,1988
3,mutex_1048576_same-core_unpaced,0,book,29.1668,30.0002,3666
3,mutex_1048576_same-core_unpaced,0,book,30.0002,30.8335,4705
3,mutex_1048576_same-core_unpaced,0,book,30.8335,31.6668,5902
3,mutex_1048576_same-core_unpaced,0,book,31.6668,32.5002,5261
3,mutex_1048576_same-core_unpaced,0,book,32.5002,33.3335,4540
3,mutex_1048576_same-core_unpaced,0,book,33.3335,34.1668,3560
3,mutex_1048576_same-core_unpaced,0,book,34.1668,35.0002,2215
3,mutex_1048576_same-core_unpaced,0,book,35.0002,35.8335,1584
3,mutex_1048576_same-core_unpaced,0,book,35.8335,36.6669,1144
3,mutex_1048576_same-core_unpaced,0,book,36.6669,37.5002,902
3,mutex_1048576_same-core_unpaced,0,book,37.5002,38.3335,999
3,mutex_1048576_same-core_unpaced,0,book,38.3335,39.1669,954
3,mutex_1048576_same-core_unpaced,0,book,39.1669,40.0002,1014
3,mutex_1048576_same-core_unpaced,0,book,40.0002,40.8335,1382
3,mutex_1048576_same-core_unpaced,0,book,40.8335,41.6669,1380
3,mutex_1048576_same-core_unpaced,0,book,41.6669,42.5002,1730
3,mutex_1048576_same-core_unpaced,0,book,42.5002,43.3336,2116
3,mutex_1048576_same-core_unpaced,0,book,43.3336,44.1669,2266
3,mutex_1048576_same-core_unpaced,0,book,44.1669,45.0002,3020
3,mutex_1048576_same-core_unpaced,0,book,45.0002,45.8336,3511
3,mutex_1048576_same-core_unpaced,0,book,45.8336,46.6669,3733
3,mutex_1048576_same-core_unpaced,0,book,46.6669,47.5002,4766
3,mutex_1048576_same-core_unpaced,0,book,47.5002,48.3336,4769
3,mutex_1048576_same-core_unpaced,0,book,48.3336,49.1669,5011
3,mutex_1048576_same-core_unpaced,0,book,49.1669,50.0003,5519
3,mutex_1048576_same-core_unpaced,0,book,50.0003,50.8336,5260
3,mutex_1048576_same-core_unpaced,0,book,50.8336,51.6669,5413
3,mutex_1048576_same-core_unpaced,0,book,51.6669,52.5003,5087
3,mutex_1048576_same-core_unpaced,0,book,52.5003,53.3336,4953
3,mutex_1048576_same-core_unpaced,0,book,53.3336,55.0003,9516
3,mutex_1048576_same-core_unpaced,0,book,55.0003,56.667,9408
3,mutex_1048576_same-core_unpaced,0,book,56.667,58.3336,9132
3,mutex_1048576_same-core_unpaced,0,book,58.3336,60.0003,9156
3,mutex_1048576_same-core_unpaced,0,book,60.0003,61.667,10391
3,mutex_1048576_same-core_unpaced,0,book,61.667,63.3337,11603
3,mutex_1048576_same-core_unpaced,0,book,63.3337,65.0003,12244
3,mutex_1048576_same-core_unpaced,0,book,65.0003,66.667,13434
3,mutex_1048576_same-core_unpaced,0,book,66.667,68.3337,14745
3,mutex_1048576_same-core_unpaced,0,book,68.3337,70.0004,15239
3,mutex_1048576_same-core_unpaced,0,book,70.0004,71.667,15411
3,mutex_1048576_same-core_unpaced,0,book,71.667,73.3337,15383
3,mutex_1048576_same-core_unpaced,0,book,73.3337,75.0004,15779
3,mutex_1048576_same-core_unpaced,0,book,75.0004,76.6671,15973
3,mutex_1048576_same-core_unpaced,0,book,76.6671,78.3337,15531
3,mutex_1048576_same-core_unpaced,0,book,78.3337,80.0004,15121
3,mutex_1048576_same-core_unpaced,0,book,80.0004,81.6671,15747
3,mutex_1048576_same-core_unpaced,0,book,81.6671,83.3338,15699
3,mutex_1048576_same-core_unpaced,0,book,83.3338,85.0004,14788
3,mutex_1048576_same-core_unpaced,0,book,85.0004,86.6671,14394
3,mutex_1048576_same-core_unpaced,0,book,86.6671,88.3338,14267
3,mutex_1048576_same-core_unpaced,0,book,88.3338,90.0005,13258
3,mutex_1048576_same-core_unpaced,0,book,90.0005,91.6671,12324
3,mutex_1048576_same-core_unpaced,0,book,91.6671,93.3338,11362
3,mutex_1048576_same-core_unpaced,0,book,93.3338,95.0005,10828
3,mutex_1048576_same-core_unpaced,0,book,95.0005,96.6672,10210
3,mutex_1048576_same-core_unpaced,0,book,96.6672,98.3338,9475
3,mutex_1048576_same-core_unpaced,0,book,98.3338,100.001,8445
3,mutex_1048576_same-core_unpaced,0,book,100.001,101.667,8302
3,mutex_1048576_same-core_unpaced,0,book,101.667,103.334,7642
3,mutex_1048576_same-core_unpaced,0,book,103.334,105.001,6747
3,mutex_1048576_same-core_unpaced,0,book,105.001,106.667,6334
3,mutex_1048576_same-core_unpaced,0,book,106.667,110.001,11385
3,mutex_1048576_same-core_unpaced,0,book,110.001,113.334,9561
3,mutex_1048576_same-core_unpaced,0,book,113.334,116.667,8837
3,mutex_1048576_same-core_unpaced,0,book,116.667,120.001,7285
3,mutex_1048576_same-core_unpaced,0,book,120.001,123.334,6700
3,mutex_1048576_same-core_unpaced,0,book,123.334,126.667,5805
3,mutex_1048576_same-core_unpaced,0,book,126.667,130.001,6119
3,mutex_1048576_same-core_unpaced,0,book,130.001,133.334,7843
3,mutex_1048576_same-core_unpaced,0,book,133.334,136.667,12653
3,mutex_1048576_same-core_unpaced,0,book,136.667,140.001,16285
3,mutex_1048576_same-core_unpaced,0,book,140.001,143.334,18655
3,mutex_1048576_same-core_unpaced,0,book,143.334,146.667,20196
3,mutex_1048576_same-core_unpaced,0,book,146.667,150.001,28754
3,mutex_1048576_same-core_unpaced,0,book,150.001,153.334,36491
3,mutex_1048576_same-core_unpaced,0,book,153.334,156.667,41674
3,mutex_1048576_same-core_unpaced,0,book,156.667,160.001,39587
3,mutex_1048576_same-core_unpaced,0,book,160.001,163.334,43146
3,mutex_1048576_same-core_unpaced,0,book,163.334,166.668,49198
3,mutex_1048576_same-core_unpaced,0,book,166.668,170.001,54836
3,mutex_1048576_same-core_unpaced,0,book,170.001,173.334,50197
3,mutex_1048576_same-core_unpaced,0,book,173.334,176.668,47971
3,mutex_1048576_same-core_unpaced,0,book,176.668,180.001,47366
3,mutex_1048576_same-core_unpaced,0,book,180.001,183.334,51513
3,mutex_1048576_same-core_unpaced,0,book,183.334,186.668,49270
3,mutex_1048576_same-core_unpaced,0,book,186.668,190.001,46830
3,mutex_1048576_same-core_unpaced,0,book,190.001,193.334,43811
3,mutex_1048576_same-core_unpaced,0,book,193.334,196.668,44745
3,mutex_1048576_same-core_unpaced,0,book,196.668,200.001,42365
3,mutex_1048576_same-core_unpaced,0,book,200.001,203.334,42227
3,mutex_1048576_same-core_unpaced,0,book,203.334,206.668,38754
3,mutex_1048576_same-core_unpaced,0,book,206.668,210.001,37937
3,mutex_1048576_same-core_unpaced,0,book,210.001,213.334,35055
3,mutex_1048576_same-core_unpaced,0,book,213.334,220.001,63757
3,mutex_1048576_same-core_unpaced,0,book,220.001,226.668,55295
3,mutex_1048576_same-core_unpaced,0,book,226.668,233.335,47238
3,mutex_1048576_same-core_unpaced,0,book,233.335,240.001,40393
3,mutex_1048576_same-core_unpaced,0,book,240.001,246.668,35512
3,mutex_1048576_same-core_unpaced,0,book,246.668,253.335,31455
3,mutex_1048576_same-core_unpaced,0,book,253.335,260.001,28354
3,mutex_1048576_same-core_unpaced,0,book,260.001,266.668,25549
3,mutex_1048576_same-core_unpaced,0,book,266.668,273.335,23478
3,mutex_1048576_same-core_unpaced,0,book,273.335,280.001,21521
3,mutex_1048576_same-core_unpaced,0,book,280.001,286.668,20382
3,mutex_1048576_same-core_unpaced,0,book,286.668,293.335,19399
3,mutex_1048576_same-core_unpaced,0,book,293.335,300.002,17919
3,mutex_1048576_same-core_unpaced,0,book,300.002,306.668,17338
3,mutex_1048576_same-core_unpaced,0,book,306.668,313.335,17051
3,mutex_1048576_same-core_unpaced,0,book,313.335,320.002,16571
3,mutex_1048576_same-core_unpaced,0,book,320.002,326.668,16447
3,mutex_1048576_same-core_unpaced,0,book,326.668,333.335,16299
3,mutex_1048576_same-core_unpaced,0,book,333.335,340.002,16004
3,mutex_1048576_same-core_unpaced,0,book,340.002,346.668,15865
3,mutex_1048576_same-core_unpaced,0,book,346.668,353.335,15442
3,mutex_1048576_same-core_unpaced,0,book,353.335,360.002,15142
3,mutex_1048576_same-core_unpaced,0,book,360.002,366.669,15020
3,mutex_1048576_same-core_unpaced,0,book,366.669,373.335,14665
3,mutex_1048576_same-core_unpaced,0,book,373.335,380.002,13981
3,mutex_1048576_same-core_unpaced,0,book,380.002,386.669,13458
3,mutex_1048576_same-core_unpaced,0,book,386.669,393.335,12882
3,mutex_1048576_same-core_unpaced,0,book,393.335,400.002,12300
3,mutex_1048576_same-core_unpaced,0,book,400.002,406.669,11722
3,mutex_1048576_same-core_unpaced,0,book,406.669,413.335,11278
3,mutex_1048576_same-core_unpaced,0,book,413.335,420.002,10846
3,mutex_1048576_same-core_unpaced,0,book,420.002,426.669,10201
3,mutex_1048576_same-core_unpaced,0,book,426.669,440.002,19065
3,mutex_1048576_same-core_unpaced,0,book,440.002,453.336,17257
3,mutex_1048576_same-core_unpaced,0,book,453.336,466.669,15313
3,mutex_1048576_same-core_unpaced,0,book,466.669,480.002,13701
3,mutex_1048576_same-core_unpaced,0,book,480.002,493.336,11966
3,mutex_1048576_same-core_unpaced,0,book,493.336,506.669,10373
3,mutex_1048576_same-core_unpaced,0,book,506.669,520.003,8929
3,mutex_1048576_same-core_unpaced,0,book,520.003,533.336,8096
3,mutex_1048576_same-core_unpaced,0,book,533.336,546.669,7072
3,mutex_1048576_same-core_unpaced,0,book,546.669,560.003,6424
3,mutex_1048576_same-core_unpaced,0,book,560.003,573.336,5836
3,mutex_1048576_same-core_unpaced,0,book,573.336,586.67,5247
3,mutex_1048576_same-core_unpaced,0,book,586.67,600.003,4694
3,mutex_1048576_same-core_unpaced,0,book,600.003,613.336,4338
3,mutex_1048576_same-core_unpaced,0,book,613.336,626.67,4021
3,mutex_1048576_same-core_unpaced,0,book,626.67,640.003,3616
3,mutex_1048576_same-core_unpaced,0,book,640.003,653.337,3257
3,mutex_1048576_same-core_unpaced,0,book,653.337,666.67,2966
3,mutex_1048576_same-core_unpaced,0,book,666.67,680.003,2699
3,mutex_1048576_same-core_unpaced,0,book,680.003,693.337,2497
3,mutex_1048576_same-core_unpaced,0,book,693.337,706.67,2221
3,mutex_1048576_same-core_unpaced,0,book,706.67,720.004,2014
3,mutex_1048576_same-core_unpaced,0,book,720.004,733.337,1849
3,mutex_1048576_same-core_unpaced,0,book,733.337,746.67,1621
3,mutex_1048576_same-core_unpaced,0,book,746.67,760.004,1455
3,mutex_1048576_same-core_unpaced,0,book,760.004,773.337,1366
3,mutex_1048576_same-core_unpaced,0,book,773.337,786.671,1278
3,mutex_1048576_same-core_unpaced,0,book,786.671,800.004,1110
3,mutex_1048576_same-core_unpaced,0,book,800.004,813.337,1047
3,mutex_1048576_same-core_unpaced,0,book,813.337,826.671,914
3,mutex_1048576_same-core_unpaced,0,book,826.671,840.004,809
3,mutex_1048576_same-core_unpaced,0,book,840.004,853.338,743
3,mutex_1048576_same-core_unpaced,0,book,853.338,880.004,1243
3,mutex_1048576_same-core_unpaced,0,book,880.004,906.671,1125
3,mutex_1048576_same-core_unpaced,0,book,906.671,933.338,842
3,mutex_1048576_same-core_unpaced,0,book,933.338,960.005,696
3,mutex_1048576_same-core_unpaced,0,book,960.005,986.672,579
3,mutex_1048576_same-core_unpaced,0,book,986.672,1013.34,497
3,mutex_1048576_same-core_unpaced,0,book,1013.34,1040.01,362
3,mutex_1048576_same-core_unpaced,0,book,1040.01,1066.67,297
3,mutex_1048576_same-core_unpaced,0,book,1066.67,1093.34,259
3,mutex_1048576_same-core_unpaced,0,book,1093.34,1120.01,193
3,mutex_1048576_same-core_unpaced,0,book,1120.01,1146.67,185
3,mutex_1048576_same-core_unpaced,0,book,1146.67,1173.34,134
3,mutex_1048576_same-core_unpaced,0,book,1173.34,1200.01,128
3,mutex_1048576_same-core_unpaced,0,book,1200.01,1226.67,103
3,mutex_1048576_same-core_unpaced,0,book,1226.67,1253.34,80
3,mutex_1048576_same-core_unpaced,0,book,1253.34,1280.01,74
3,mutex_1048576_same-core_unpaced,0,book,1280.01,1306.67,63
3,mutex_1048576_same-core_unpaced,0,book,1306.67,1333.34,49
3,mutex_1048576_same-core_unpaced,0,book,1333.34,1360.01,46
3,mutex_1048576_same-core_unpaced,0,book,1360.01,1386.67,24
3,mutex_1048576_same-core_unpaced,0,book,1386.67,1413.34,35
3,mutex_1048576_same-core_unpaced,0,book,1413.34,1440.01,30
3,mutex_1048576_same-core_unpaced,0,book,1440.01,1466.67,27
3,mutex_1048576_same-core_unpaced,0,book,1466.67,1493.34,22
3,mutex_1048576_same-core_unpaced,0,book,1493.34,1520.01,22
3,mutex_1048576_same-core_unpaced,0,book,1520.01,1546.67,11
3,mutex_1048576_same-core_unpaced,0,book,1546.67,1573.34,21
3,mutex_1048576_same-core_unpaced,0,book,1573.34,1600.01,15
3,mutex_1048576_same-core_unpaced,0,book,1600.01,1626.67,18
3,mutex_1048576_same-core_unpaced,0,book,1626.67,1653.34,8
3,mutex_1048576_same-core_unpaced,0,book,1653.34,1680.01,13
3,mutex_1048576_same-core_unpaced,0,book,1680.01,1706.68,14
3,mutex_1048576_same-core_unpaced,0,book,1706.68,1760.01,13
3,mutex_1048576_same-core_unpaced,0,book,1760.01,1813.34,12
3,mutex_1048576_same-core_unpaced,0,book,1813.34,1866.68,15
3,mutex_1048576_same-core_unpaced,0,book,1866.68,1920.01,16
3,mutex_1048576_same-core_unpaced,0,book,1920.01,1973.34,14
3,mutex_1048576_same-core_unpaced,0,book,1973.34,2026.68,7
3,mutex_1048576_same-core_unpaced,0,book,2026.68,2080.01,16
3,mutex_1048576_same-core_unpaced,0,book,2080.01,2133.34,15
3,mutex_1048576_same-core_unpaced,0,book,2133.34,2186.68,11
3,mutex_1048576_same-core_unpaced,0,book,2186.68,2240.01,9
3,mutex_1048576_same-core_unpaced,0,book,2240.01,2293.34,11
3,mutex_1048576_same-core_unpaced,0,book,2293.34,2346.68,12
3,mutex_1048576_same-core_unpaced,0,book,2346.68,2400.01,10
3,mutex_1048576_same-core_unpaced,0,book,2400.01,2453.35,4
3,mutex_1048576_same-core_unpaced,0,book,2453.35,2506.68,10
3,mutex_1048576_same-core_unpaced,0,book,2506.68,2560.01,6
3,mutex_1048576_same-core_unpaced,0,book,2560.01,2613.35,8
3,mutex_1048576_same-core_unpaced,0,book,2613.35,2666.68,3
3,mutex_1048576_same-core_unpaced,0,book,2666.68,2720.01,3
3,mutex_1048576_same-core_unpaced,0,book,2720.01,2773.35,3
3,mutex_1048576_same-core_unpaced,0,book,2773.35,2826.68,2
3,mutex_1048576_same-core_unpaced,0,book,2826.68,2880.01,2
3,mutex_1048576_same-core_unpaced,0,book,2880.01,2933.35,2
3,mutex_1048576_same-core_unpaced,0,book,2933.35,2986.68,4
3,mutex_1048576_same-core_unpaced,0,book,2986.68,3040.02,1
3,mutex_1048576_same-core_unpaced,0,book,3040.02,3093.35,1
3,mutex_1048576_same-core_unpaced,0,book,3093.35,3146.68,1
3,mutex_1048576_same-core_unpaced,0,book,3146.68,3200.02,1
3,mutex_1048576_same-core_unpaced,0,book,3200.02,3253.35,5
3,mutex_1048576_same-core_unpaced,0,book,3253.35,3306.68,1
3,mutex_1048576_same-core_unpaced,0,book,3413.35,3520.02,2
3,mutex_1048576_same-core_unpaced,0,book,3520.02,3626.69,1
3,mutex_1048576_same-core_unpaced,0,book,3626.69,3733.35,2
3,mutex_1048576_same-core_unpaced,0,book,3733.35,3840.02,2
3,mutex_1048576_same-core_unpaced,0,book,3840.02,3946.69,7
3,mutex_1048576_same-core_unpaced,0,book,3946.69,4053.35,5
3,mutex_1048576_same-core_unpaced,0,book,4053.35,4160.02,7
3,mutex_1048576_same-core_unpaced,0,book,4160.02,4266.69,10
3,mutex_1048576_same-core_unpaced,0,book,4266.69,4373.36,13
3,mutex_1048576_same-core_unpaced,0,book,4373.36,4480.02,9
3,mutex_1048576_same-core_unpaced,0,book,4480.02,4586.69,18
3,mutex_1048576_same-core_unpaced,0,book,4586.69,4693.36,22
3,mutex_1048576_same-core_unpaced,0,book,4693.36,4800.02,11
3,mutex_1048576_same-core_unpaced,0,book,4800.02,4906.69,9
3,mutex_1048576_same-core_unpaced,0,book,4906.69,5013.36,12
3,mutex_1048576_same-core_unpaced,0,book,5013.36,5120.03,11
3,mutex_1048576_same-core_unpaced,0,book,5120.03,5226.69,6
3,mutex_1048576_same-core_unpaced,0,book,5226.69,5333.36,7
3,mutex_1048576_same-core_unpaced,0,book,5333.36,5440.03,2
3,mutex_1048576_same-core_unpaced,0,book,5546.69,5653.36,2
3,mutex_1048576_same-core_unpaced,0,book,5866.7,5973.36,2
3,mutex_1048576_same-core_unpaced,0,book,5973.36,6080.03,1
3,mutex_1048576_same-core_unpaced,0,book,6186.7,6293.37,1
3,mutex_1048576_same-core_unpaced,0,book,6293.37,6400.03,1
3,mutex_1048576_same-core_unpaced,0,book,6400.03,6506.7,2
3,mutex_1048576_same-core_unpaced,0,book,6506.7,6613.37,2
3,mutex_1048576_same-core_unpaced,0,book,6613.37,6720.03,3
3,mutex_1048576_same-core_unpaced,0,book,6720.03,6826.7,7
3,mutex_1048576_same-core_unpaced,0,book,6826.7,7040.04,14
3,mutex_1048576_same-core_unpaced,0,book,7040.04,7253.37,13
3,mutex_1048576_same-core_unpaced,0,book,7253.37,7466.7,12
3,mutex_1048576_same-core_unpaced,0,book,7466.7,7680.04,3
3,mutex_1048576_same-core_unpaced,0,book,7680.04,7893.37,6
3,mutex_1048576_same-core_unpaced,0,book,7893.37,8106.71,6
3,mutex_1048576_same-core_unpaced,0,book,8106.71,8320.04,11
3,mutex_1048576_same-core_unpaced,0,book,8320.04,8533.38,20
3,mutex_1048576_same-core_unpaced,0,book,8533.38,8746.71,14
3,mutex_1048576_same-core_unpaced,0,book,8746.71,8960.05,6
3,mutex_1048576_same-core_unpaced,0,book,8960.05,9173.38,5
3,mutex_1048576_same-core_unpaced,0,book,9173.38,9386.71,4
3,mutex_1048576_same-core_unpaced,0,book,9386.71,9600.05,1
3,mutex_1048576_same-core_unpaced,0,book,10026.7,10240.1,2
3,mutex_1048576_same-core_unpaced,0,book,10240.1,10453.4,13
3,mutex_1048576_same-core_unpaced,0,book,10453.4,10666.7,48
3,mutex_1048576_same-core_unpaced,0,book,10666.7,10880.1,80
3,mutex_1048576_same-core_unpaced,0,book,10880.1,11093.4,115
3,mutex_1048576_same-core_unpaced,0,book,11093.4,11306.7,113
3,mutex_1048576_same-core_unpaced,0,book,11306.7,11520.1,59
3,mutex_1048576_same-core_unpaced,0,book,11520.1,11733.4,45
3,mutex_1048576_same-core_unpaced,0,book,11733.4,11946.7,21
3,mutex_1048576_same-core_unpaced,0,book,11946.7,12160.1,12
3,mutex_1048576_same-core_unpaced,0,book,12160.1,12373.4,11
3,mutex_1048576_same-core_unpaced,0,book,12373.4,12586.7,4
3,mutex_1048576_same-core_unpaced,0,book,12586.7,12800.1,5
3,mutex_1048576_same-core_unpaced,0,book,12800.1,13013.4,4
3,mutex_1048576_same-core_unpaced,0,book,13013.4,13226.7,7
3,mutex_1048576_same-core_unpaced,0,book,13226.7,13440.1,2
3,mutex_1048576_same-core_unpaced,0,book,13440.1,13653.4,4
3,mutex_1048576_same-core_unpaced,0,book,13653.4,14080.1,5
3,mutex_1048576_same-core_unpaced,0,book,14080.1,14506.7,6
3,mutex_1048576_same-core_unpaced,0,book,14506.7,14933.4,2
3,mutex_1048576_same-core_unpaced,0,book,14933.4,15360.1,3
3,mutex_1048576_same-core_unpaced,0,book,16213.4,16640.1,1
3,mutex_1048576_same-core_unpaced,0,book,17066.8,17493.4,2
3,mutex_1048576_same-core_unpaced,0,book,17493.4,17920.1,2
3,mutex_1048576_same-core_unpaced,0,book,18773.4,19200.1,1
3,mutex_1048576_same-core_unpaced,0,book,19200.1,19626.8,1
3,mutex_1048576_same-core_unpaced,0,book,19626.8,20053.4,1
3,mutex_1048576_same-core_unpaced,0,book,35840.2,36693.5,1
3,mutex_1048576_same-core_unpaced,0,book,64853.7,66560.3,1
3,mutex_1048576_same-core_unpaced,0,book,174081,177494,1
