run,label,median,metric,bucket_lo_ns,bucket_hi_ns,count
1,spsc_1024_cross-core_paced_itch,1,total,196.668,200.001,1
1,spsc_1024_cross-core_paced_itch,1,total,203.334,206.668,3
1,spsc_1024_cross-core_paced_itch,1,total,206.668,210.001,2
1,spsc_1024_cross-core_paced_itch,1,total,210.001,213.334,1
1,spsc_1024_cross-core_paced_itch,1,total,213.334,220.001,3
1,spsc_1024_cross-core_paced_itch,1,total,220.001,226.668,26
1,spsc_1024_cross-core_paced_itch,1,total,226.668,233.334,57
1,spsc_1024_cross-core_paced_itch,1,total,233.334,240.001,96
1,spsc_1024_cross-core_paced_itch,1,total,240.001,246.668,196
1,spsc_1024_cross-core_paced_itch,1,total,246.668,253.335,250
1,spsc_1024_cross-core_paced_itch,1,total,253.335,260.001,380
1,spsc_1024_cross-core_paced_itch,1,total,260.001,266.668,469
1,spsc_1024_cross-core_paced_itch,1,total,266.668,273.335,574
1,spsc_1024_cross-core_paced_itch,1,total,273.335,280.001,636
1,spsc_1024_cross-core_paced_itch,1,total,280.001,286.668,729
1,spsc_1024_cross-core_paced_itch,1,total,286.668,293.335,639
1,spsc_1024_cross-core_paced_itch,1,total,293.335,300.001,563
1,spsc_1024_cross-core_paced_itch,1,total,300.001,306.668,524
1,spsc_1024_cross-core_paced_itch,1,total,306.668,313.335,440
1,spsc_1024_cross-core_paced_itch,1,total,313.335,320.002,362
1,spsc_1024_cross-core_paced_itch,1,total,320.002,326.668,361
1,spsc_1024_cross-core_paced_itch,1,total,326.668,333.335,370
1,spsc_1024_cross-core_paced_itch,1,total,333.335,340.002,477
1,spsc_1024_cross-core_paced_itch,1,total,340.002,346.668,608
1,spsc_1024_cross-core_paced_itch,1,total,346.668,353.335,908
1,spsc_1024_cross-core_paced_itch,1,total,353.335,360.002,1301
1,spsc_1024_cross-core_paced_itch,1,total,360.002,366.668,1623
1,spsc_1024_cross-core_paced_itch,1,total,366.668,373.335,2111
1,spsc_1024_cross-core_paced_itch,1,total,373.335,380.002,2316
1,spsc_1024_cross-core_paced_itch,1,total,380.002,386.669,2476
1,spsc_1024_cross-core_paced_itch,1,total,386.669,393.335,2623
1,spsc_1024_cross-core_paced_itch,1,total,393.335,400.002,2721
1,spsc_1024_cross-core_paced_itch,1,total,400.002,406.669,2657
1,spsc_1024_cross-core_paced_itch,1,total,406.669,413.335,2737
1,spsc_1024_cross-core_paced_itch,1,total,413.335,420.002,2726
1,spsc_1024_cross-core_paced_itch,1,total,420.002,426.669,2487
1,spsc_1024_cross-core_paced_itch,1,total,426.669,440.002,4870
1,spsc_1024_cross-core_paced_itch,1,total,440.002,453.336,4762
1,spsc_1024_cross-core_paced_itch,1,total,453.336,466.669,4836
1,spsc_1024_cross-core_paced_itch,1,total,466.669,480.002,5947
1,spsc_1024_cross-core_paced_itch,1,total,480.002,493.336,7402
1,spsc_1024_cross-core_paced_itch,1,total,493.336,506.669,7897
1,spsc_1024_cross-core_paced_itch,1,total,506.669,520.003,7639
1,spsc_1024_cross-core_paced_itch,1,total,520.003,533.336,7755
1,spsc_1024_cross-core_paced_itch,1,total,533.336,546.669,7358
1,spsc_1024_cross-core_paced_itch,1,total,546.669,560.003,6507
1,spsc_1024_cross-core_paced_itch,1,total,560.003,573.336,5593
1,spsc_1024_cross-core_paced_itch,1,total,573.336,586.67,4796
1,spsc_1024_cross-core_paced_itch,1,total,586.67,600.003,4328
1,spsc_1024_cross-core_paced_itch,1,total,600.003,613.336,3753
1,spsc_1024_cross-core_paced_itch,1,total,613.336,626.67,3299
1,spsc_1024_cross-core_paced_itch,1,total,626.67,640.003,3353
1,spsc_1024_cross-core_paced_itch,1,total,640.003,653.337,3249
1,spsc_1024_cross-core_paced_itch,1,total,653.337,666.67,3170
1,spsc_1024_cross-core_paced_itch,1,total,666.67,680.003,3036
1,spsc_1024_cross-core_paced_itch,1,total,680.003,693.337,2842
1,spsc_1024_cross-core_paced_itch,1,total,693.337,706.67,2714
1,spsc_1024_cross-core_paced_itch,1,total,706.67,720.004,2537
1,spsc_1024_cross-core_paced_itch,1,total,720.004,733.337,2349
1,spsc_1024_cross-core_paced_itch,1,total,733.337,746.67,2163
1,spsc_1024_cross-core_paced_itch,1,total,746.67,760.004,2236
1,spsc_1024_cross-core_paced_itch,1,total,760.004,773.337,2238
1,spsc_1024_cross-core_paced_itch,1,total,773.337,786.671,2071
1,spsc_1024_cross-core_paced_itch,1,total,786.671,800.004,1974
1,spsc_1024_cross-core_paced_itch,1,total,800.004,813.337,1790
1,spsc_1024_cross-core_paced_itch,1,total,813.337,826.671,1708
1,spsc_1024_cross-core_paced_itch,1,total,826.671,840.004,1629
1,spsc_1024_cross-core_paced_itch,1,total,840.004,853.338,1522
1,spsc_1024_cross-core_paced_itch,1,total,853.338,880.004,2663
1,spsc_1024_cross-core_paced_itch,1,total,880.004,906.671,2446
1,spsc_1024_cross-core_paced_itch,1,total,906.671,933.338,2134
1,spsc_1024_cross-core_paced_itch,1,total,933.338,960.005,2014
1,spsc_1024_cross-core_paced_itch,1,total,960.005,986.672,1802
1,spsc_1024_cross-core_paced_itch,1,total,986.672,1013.34,1665
1,spsc_1024_cross-core_paced_itch,1,total,1013.34,1040.01,1571
1,spsc_1024_cross-core_paced_itch,1,total,1040.01,1066.67,1426
1,spsc_1024_cross-core_paced_itch,1,total,1066.67,1093.34,1274
1,spsc_1024_cross-core_paced_itch,1,total,1093.34,1120.01,1185
1,spsc_1024_cross-core_paced_itch,1,total,1120.01,1146.67,1129
1,spsc_1024_cross-core_paced_itch,1,total,1146.67,1173.34,1095
1,spsc_1024_cross-core_paced_itch,1,total,1173.34,1200.01,963
1,spsc_1024_cross-core_paced_itch,1,total,1200.01,1226.67,919
1,spsc_1024_cross-core_paced_itch,1,total,1226.67,1253.34,964
1,spsc_1024_cross-core_paced_itch,1,total,1253.34,1280.01,858
1,spsc_1024_cross-core_paced_itch,1,total,1280.01,1306.67,883
1,spsc_1024_cross-core_paced_itch,1,total,1306.67,1333.34,866
1,spsc_1024_cross-core_paced_itch,1,total,1333.34,1360.01,807
1,spsc_1024_cross-core_paced_itch,1,total,1360.01,1386.67,770
1,spsc_1024_cross-core_paced_itch,1,total,1386.67,1413.34,769
1,spsc_1024_cross-core_paced_itch,1,total,1413.34,1440.01,755
1,spsc_1024_cross-core_paced_itch,1,total,1440.01,1466.67,739
1,spsc_1024_cross-core_paced_itch,1,total,1466.67,1493.34,679
1,spsc_1024_cross-core_paced_itch,1,total,1493.34,1520.01,713
1,spsc_1024_cross-core_paced_itch,1,total,1520.01,1546.67,676
1,spsc_1024_cross-core_paced_itch,1,total,1546.67,1573.34,661
1,spsc_1024_cross-core_paced_itch,1,total,1573.34,1600.01,691
1,spsc_1024_cross-core_paced_itch,1,total,1600.01,1626.67,678
1,spsc_1024_cross-core_paced_itch,1,total,1626.67,1653.34,645
1,spsc_1024_cross-core_paced_itch,1,total,1653.34,1680.01,667
1,spsc_1024_cross-core_paced_itch,1,total,1680.01,1706.68,659
1,spsc_1024_cross-core_paced_itch,1,total,1706.68,1760.01,1221
1,spsc_1024_cross-core_paced_itch,1,total,1760.01,1813.34,1195
1,spsc_1024_cross-core_paced_itch,1,total,1813.34,1866.68,1142
1,spsc_1024_cross-core_paced_itch,1,total,1866.68,1920.01,1148
1,spsc_1024_cross-core_paced_itch,1,total,1920.01,1973.34,1095
1,spsc_1024_cross-core_paced_itch,1,total,1973.34,2026.68,1147
1,spsc_1024_cross-core_paced_itch,1,total,2026.68,2080.01,1025
1,spsc_1024_cross-core_paced_itch,1,total,2080.01,2133.34,1014
1,spsc_1024_cross-core_paced_itch,1,total,2133.34,2186.68,1034
1,spsc_1024_cross-core_paced_itch,1,total,2186.68,2240.01,1019
1,spsc_1024_cross-core_paced_itch,1,total,2240.01,2293.34,964
1,spsc_1024_cross-core_paced_itch,1,total,2293.34,2346.68,983
1,spsc_1024_cross-core_paced_itch,1,total,2346.68,2400.01,980
1,spsc_1024_cross-core_paced_itch,1,total,2400.01,2453.35,970
1,spsc_1024_cross-core_paced_itch,1,total,2453.35,2506.68,980
1,spsc_1024_cross-core_paced_itch,1,total,2506.68,2560.01,878
1,spsc_1024_cross-core_paced_itch,1,total,2560.01,2613.35,875
1,spsc_1024_cross-core_paced_itch,1,total,2613.35,2666.68,840
1,spsc_1024_cross-core_paced_itch,1,total,2666.68,2720.01,822
1,spsc_1024_cross-core_paced_itch,1,total,2720.01,2773.35,832
1,spsc_1024_cross-core_paced_itch,1,total,2773.35,2826.68,840
1,spsc_1024_cross-core_paced_itch,1,total,2826.68,2880.01,776
1,spsc_1024_cross-core_paced_itch,1,total,2880.01,2933.35,794
1,spsc_1024_cross-core_paced_itch,1,total,2933.35,2986.68,761
1,spsc_1024_cross-core_paced_itch,1,total,2986.68,3040.02,773
1,spsc_1024_cross-core_paced_itch,1,total,3040.02,3093.35,753
1,spsc_1024_cross-core_paced_itch,1,total,3093.35,3146.68,720
1,spsc_1024_cross-core_paced_itch,1,total,3146.68,3200.02,720
1,spsc_1024_cross-core_paced_itch,1,total,3200.02,3253.35,667
1,spsc_1024_cross-core_paced_itch,1,total,3253.35,3306.68,723
1,spsc_1024_cross-core_paced_itch,1,total,3306.68,3360.02,668
1,spsc_1024_cross-core_paced_itch,1,total,3360.02,3413.35,650
1,spsc_1024_cross-core_paced_itch,1,total,3413.35,3520.02,1246
1,spsc_1024_cross-core_paced_itch,1,total,3520.02,3626.68,1151
1,spsc_1024_cross-core_paced_itch,1,total,3626.68,3733.35,1139
1,spsc_1024_cross-core_paced_itch,1,total,3733.35,3840.02,1055
1,spsc_1024_cross-core_paced_itch,1,total,3840.02,3946.69,1073
1,spsc_1024_cross-core_paced_itch,1,total,3946.69,4053.35,967
1,spsc_1024_cross-core_paced_itch,1,total,4053.35,4160.02,932
1,spsc_1024_cross-core_paced_itch,1,total,4160.02,4266.69,875
1,spsc_1024_cross-core_paced_itch,1,total,4266.69,4373.36,868
1,spsc_1024_cross-core_paced_itch,1,total,4373.36,4480.02,809
1,spsc_1024_cross-core_paced_itch,1,total,4480.02,4586.69,751
1,spsc_1024_cross-core_paced_itch,1,total,4586.69,4693.36,728
1,spsc_1024_cross-core_paced_itch,1,total,4693.36,4800.02,737
1,spsc_1024_cross-core_paced_itch,1,total,4800.02,4906.69,705
1,spsc_1024_cross-core_paced_itch,1,total,4906.69,5013.36,637
1,spsc_1024_cross-core_paced_itch,1,total,5013.36,5120.03,623
1,spsc_1024_cross-core_paced_itch,1,total,5120.03,5226.69,627
1,spsc_1024_cross-core_paced_itch,1,total,5226.69,5333.36,576
1,spsc_1024_cross-core_paced_itch,1,total,5333.36,5440.03,583
1,spsc_1024_cross-core_paced_itch,1,total,5440.03,5546.69,510
1,spsc_1024_cross-core_paced_itch,1,total,5546.69,5653.36,508
1,spsc_1024_cross-core_paced_itch,1,total,5653.36,5760.03,497
1,spsc_1024_cross-core_paced_itch,1,total,5760.03,5866.7,456
1,spsc_1024_cross-core_paced_itch,1,total,5866.7,5973.36,453
1,spsc_1024_cross-core_paced_itch,1,total,5973.36,6080.03,442
1,spsc_1024_cross-core_paced_itch,1,total,6080.03,6186.7,407
1,spsc_1024_cross-core_paced_itch,1,total,6186.7,6293.36,407
1,spsc_1024_cross-core_paced_itch,1,total,6293.36,6400.03,352
1,spsc_1024_cross-core_paced_itch,1,total,6400.03,6506.7,384
1,spsc_1024_cross-core_paced_itch,1,total,6506.7,6613.37,360
1,spsc_1024_cross-core_paced_itch,1,total,6613.37,6720.03,317
1,spsc_1024_cross-core_paced_itch,1,total,6720.03,6826.7,347
1,spsc_1024_cross-core_paced_itch,1,total,6826.7,7040.03,683
1,spsc_1024_cross-core_paced_itch,1,total,7040.03,7253.37,633
1,spsc_1024_cross-core_paced_itch,1,total,7253.37,7466.7,554
1,spsc_1024_cross-core_paced_itch,1,total,7466.7,7680.04,530
1,spsc_1024_cross-core_paced_itch,1,total,7680.04,7893.37,532
1,spsc_1024_cross-core_paced_itch,1,total,7893.37,8106.71,520
1,spsc_1024_cross-core_paced_itch,1,total,8106.71,8320.04,519
1,spsc_1024_cross-core_paced_itch,1,total,8320.04,8533.38,469
1,spsc_1024_cross-core_paced_itch,1,total,8533.38,8746.71,483
1,spsc_1024_cross-core_paced_itch,1,total,8746.71,8960.04,465
1,spsc_1024_cross-core_paced_itch,1,total,8960.04,9173.38,416
1,spsc_1024_cross-core_paced_itch,1,total,9173.38,9386.71,363
1,spsc_1024_cross-core_paced_itch,1,total,9386.71,9600.05,398
1,spsc_1024_cross-core_paced_itch,1,total,9600.05,9813.38,313
1,spsc_1024_cross-core_paced_itch,1,total,9813.38,10026.7,301
1,spsc_1024_cross-core_paced_itch,1,total,10026.7,10240.1,261
1,spsc_1024_cross-core_paced_itch,1,total,10240.1,10453.4,233
1,spsc_1024_cross-core_paced_itch,1,total,10453.4,10666.7,197
1,spsc_1024_cross-core_paced_itch,1,total,10666.7,10880.1,165
1,spsc_1024_cross-core_paced_itch,1,total,10880.1,11093.4,156
1,spsc_1024_cross-core_paced_itch,1,total,11093.4,11306.7,133
1,spsc_1024_cross-core_paced_itch,1,total,11306.7,11520.1,106
1,spsc_1024_cross-core_paced_itch,1,total,11520.1,11733.4,85
1,spsc_1024_cross-core_paced_itch,1,total,11733.4,11946.7,84
1,spsc_1024_cross-core_paced_itch,1,total,11946.7,12160.1,97
1,spsc_1024_cross-core_paced_itch,1,total,12160.1,12373.4,86
1,spsc_1024_cross-core_paced_itch,1,total,12373.4,12586.7,67
1,spsc_1024_cross-core_paced_itch,1,total,12586.7,12800.1,62
1,spsc_1024_cross-core_paced_itch,1,total,12800.1,13013.4,65
1,spsc_1024_cross-core_paced_itch,1,total,13013.4,13226.7,42
1,spsc_1024_cross-core_paced_itch,1,total,13226.7,13440.1,40
1,spsc_1024_cross-core_paced_itch,1,total,13440.1,13653.4,49
1,spsc_1024_cross-core_paced_itch,1,total,13653.4,14080.1,92
1,spsc_1024_cross-core_paced_itch,1,total,14080.1,14506.7,82
1,spsc_1024_cross-core_paced_itch,1,total,14506.7,14933.4,76
1,spsc_1024_cross-core_paced_itch,1,total,14933.4,15360.1,61
1,spsc_1024_cross-core_paced_itch,1,total,15360.1,15786.7,49
1,spsc_1024_cross-core_paced_itch,1,total,15786.7,16213.4,55
1,spsc_1024_cross-core_paced_itch,1,total,16213.4,16640.1,41
1,spsc_1024_cross-core_paced_itch,1,total,16640.1,17066.8,32
1,spsc_1024_cross-core_paced_itch,1,total,17066.8,17493.4,35
1,spsc_1024_cross-core_paced_itch,1,total,17493.4,17920.1,40
1,spsc_1024_cross-core_paced_itch,1,total,17920.1,18346.8,43
1,spsc_1024_cross-core_paced_itch,1,total,18346.8,18773.4,54
1,spsc_1024_cross-core_paced_itch,1,total,18773.4,19200.1,36
1,spsc_1024_cross-core_paced_itch,1,total,19200.1,19626.8,37
1,spsc_1024_cross-core_paced_itch,1,total,19626.8,20053.4,40
1,spsc_1024_cross-core_paced_itch,1,total,20053.4,20480.1,30
1,spsc_1024_cross-core_paced_itch,1,total,20480.1,20906.8,36
1,spsc_1024_cross-core_paced_itch,1,total,20906.8,21333.4,30
1,spsc_1024_cross-core_paced_itch,1,total,21333.4,21760.1,26
1,spsc_1024_cross-core_paced_itch,1,total,21760.1,22186.8,28
1,spsc_1024_cross-core_paced_itch,1,total,22186.8,22613.4,22
1,spsc_1024_cross-core_paced_itch,1,total,22613.4,23040.1,17
1,spsc_1024_cross-core_paced_itch,1,total,23040.1,23466.8,28
1,spsc_1024_cross-core_paced_itch,1,total,23466.8,23893.5,34
1,spsc_1024_cross-core_paced_itch,1,total,23893.5,24320.1,22
1,spsc_1024_cross-core_paced_itch,1,total,24320.1,24746.8,30
1,spsc_1024_cross-core_paced_itch,1,total,24746.8,25173.5,17
1,spsc_1024_cross-core_paced_itch,1,total,25173.5,25600.1,13
1,spsc_1024_cross-core_paced_itch,1,total,25600.1,26026.8,21
1,spsc_1024_cross-core_paced_itch,1,total,26026.8,26453.5,28
1,spsc_1024_cross-core_paced_itch,1,total,26453.5,26880.1,17
1,spsc_1024_cross-core_paced_itch,1,total,26880.1,27306.8,12
1,spsc_1024_cross-core_paced_itch,1,total,27306.8,28160.1,27
1,spsc_1024_cross-core_paced_itch,1,total,28160.1,29013.5,19
1,spsc_1024_cross-core_paced_itch,1,total,29013.5,29866.8,13
1,spsc_1024_cross-core_paced_itch,1,total,29866.8,30720.2,12
1,spsc_1024_cross-core_paced_itch,1,total,30720.2,31573.5,19
1,spsc_1024_cross-core_paced_itch,1,total,31573.5,32426.8,10
1,spsc_1024_cross-core_paced_itch,1,total,32426.8,33280.2,10
1,spsc_1024_cross-core_paced_itch,1,total,33280.2,34133.5,7
1,spsc_1024_cross-core_paced_itch,1,total,34133.5,34986.8,8
1,spsc_1024_cross-core_paced_itch,1,total,34986.8,35840.2,13
1,spsc_1024_cross-core_paced_itch,1,total,35840.2,36693.5,7
1,spsc_1024_cross-core_paced_itch,1,total,36693.5,37546.9,10
1,spsc_1024_cross-core_paced_itch,1,total,37546.9,38400.2,8
1,spsc_1024_cross-core_paced_itch,1,total,38400.2,39253.5,9
1,spsc_1024_cross-core_paced_itch,1,total,39253.5,40106.9,7
1,spsc_1024_cross-core_paced_itch,1,total,40106.9,40960.2,12
1,spsc_1024_cross-core_paced_itch,1,total,40960.2,41813.5,10
1,spsc_1024_cross-core_paced_itch,1,total,41813.5,42666.9,5
1,spsc_1024_cross-core_paced_itch,1,total,42666.9,43520.2,21
1,spsc_1024_cross-core_paced_itch,1,total,43520.2,44373.6,12
1,spsc_1024_cross-core_paced_itch,1,total,44373.6,45226.9,12
1,spsc_1024_cross-core_paced_itch,1,total,45226.9,46080.2,14
1,spsc_1024_cross-core_paced_itch,1,total,46080.2,46933.6,3
1,spsc_1024_cross-core_paced_itch,1,total,46933.6,47786.9,11
1,spsc_1024_cross-core_paced_itch,1,total,47786.9,48640.2,15
1,spsc_1024_cross-core_paced_itch,1,total,48640.2,49493.6,10
1,spsc_1024_cross-core_paced_itch,1,total,49493.6,50346.9,5
1,spsc_1024_cross-core_paced_itch,1,total,50346.9,51200.3,9
1,spsc_1024_cross-core_paced_itch,1,total,51200.3,52053.6,2
1,spsc_1024_cross-core_paced_itch,1,total,52053.6,52906.9,15
1,spsc_1024_cross-core_paced_itch,1,total,52906.9,53760.3,12
1,spsc_1024_cross-core_paced_itch,1,total,53760.3,54613.6,11
1,spsc_1024_cross-core_paced_itch,1,total,54613.6,56320.3,22
1,spsc_1024_cross-core_paced_itch,1,total,56320.3,58027,32
1,spsc_1024_cross-core_paced_itch,1,total,58027,59733.6,15
1,spsc_1024_cross-core_paced_itch,1,total,59733.6,61440.3,24
1,spsc_1024_cross-core_paced_itch,1,total,61440.3,63147,19
1,spsc_1024_cross-core_paced_itch,1,total,63147,64853.7,22
1,spsc_1024_cross-core_paced_itch,1,total,64853.7,66560.3,14
1,spsc_1024_cross-core_paced_itch,1,total,66560.3,68267,11
1,spsc_1024_cross-core_paced_itch,1,total,68267,69973.7,15
1,spsc_1024_cross-core_paced_itch,1,total,69973.7,71680.4,16
1,spsc_1024_cross-core_paced_itch,1,total,71680.4,73387,9
1,spsc_1024_cross-core_paced_itch,1,total,73387,75093.7,8
1,spsc_1024_cross-core_paced_itch,1,total,75093.7,76800.4,3
1,spsc_1024_cross-core_paced_itch,1,total,76800.4,78507.1,6
1,spsc_1024_cross-core_paced_itch,1,total,78507.1,80213.7,8
1,spsc_1024_cross-core_paced_itch,1,total,80213.7,81920.4,3
1,spsc_1024_cross-core_paced_itch,1,total,81920.4,83627.1,8
1,spsc_1024_cross-core_paced_itch,1,total,83627.1,85333.8,9
1,spsc_1024_cross-core_paced_itch,1,total,85333.8,87040.4,8
1,spsc_1024_cross-core_paced_itch,1,total,87040.4,88747.1,5
1,spsc_1024_cross-core_paced_itch,1,total,88747.1,90453.8,13
1,spsc_1024_cross-core_paced_itch,1,total,90453.8,92160.5,9
1,spsc_1024_cross-core_paced_itch,1,total,92160.5,93867.1,2
1,spsc_1024_cross-core_paced_itch,1,total,93867.1,95573.8,12
1,spsc_1024_cross-core_paced_itch,1,total,95573.8,97280.5,13
1,spsc_1024_cross-core_paced_itch,1,total,97280.5,98987.2,11
1,spsc_1024_cross-core_paced_itch,1,total,98987.2,100694,25
1,spsc_1024_cross-core_paced_itch,1,total,100694,102401,5
1,spsc_1024_cross-core_paced_itch,1,total,102401,104107,18
1,spsc_1024_cross-core_paced_itch,1,total,104107,105814,25
1,spsc_1024_cross-core_paced_itch,1,total,105814,107521,29
1,spsc_1024_cross-core_paced_itch,1,total,107521,109227,14
1,spsc_1024_cross-core_paced_itch,1,total,109227,112641,36
1,spsc_1024_cross-core_paced_itch,1,total,112641,116054,19
1,spsc_1024_cross-core_paced_itch,1,total,116054,119467,20
1,spsc_1024_cross-core_paced_itch,1,total,119467,122881,22
1,spsc_1024_cross-core_paced_itch,1,total,122881,126294,13
1,spsc_1024_cross-core_paced_itch,1,total,126294,129707,18
1,spsc_1024_cross-core_paced_itch,1,total,129707,133121,13
1,spsc_1024_cross-core_paced_itch,1,total,133121,136534,8
1,spsc_1024_cross-core_paced_itch,1,total,136534,139947,20
1,spsc_1024_cross-core_paced_itch,1,total,139947,143361,27
1,spsc_1024_cross-core_paced_itch,1,total,143361,146774,11
1,spsc_1024_cross-core_paced_itch,1,total,146774,150187,18
1,spsc_1024_cross-core_paced_itch,1,total,150187,153601,20
1,spsc_1024_cross-core_paced_itch,1,total,153601,157014,20
1,spsc_1024_cross-core_paced_itch,1,total,157014,160427,17
1,spsc_1024_cross-core_paced_itch,1,total,160427,163841,7
1,spsc_1024_cross-core_paced_itch,1,total,163841,167254,10
1,spsc_1024_cross-core_paced_itch,1,total,167254,170668,7
1,spsc_1024_cross-core_paced_itch,1,total,170668,174081,4
1,spsc_1024_cross-core_paced_itch,1,total,174081,177494,11
1,spsc_1024_cross-core_paced_itch,1,total,177494,180908,7
1,spsc_1024_cross-core_paced_itch,1,total,180908,184321,14
1,spsc_1024_cross-core_paced_itch,1,total,184321,187734,11
1,spsc_1024_cross-core_paced_itch,1,total,187734,191148,13
1,spsc_1024_cross-core_paced_itch,1,total,191148,194561,9
1,spsc_1024_cross-core_paced_itch,1,total,194561,197974,10
1,spsc_1024_cross-core_paced_itch,1,total,197974,201388,11
1,spsc_1024_cross-core_paced_itch,1,total,201388,204801,13
1,spsc_1024_cross-core_paced_itch,1,total,204801,208214,7
1,spsc_1024_cross-core_paced_itch,1,total,208214,211628,3
1,spsc_1024_cross-core_paced_itch,1,total,211628,215041,10
1,spsc_1024_cross-core_paced_itch,1,total,215041,218454,12
1,spsc_1024_cross-core_paced_itch,1,total,218454,225281,30
1,spsc_1024_cross-core_paced_itch,1,total,225281,232108,24
1,spsc_1024_cross-core_paced_itch,1,total,232108,238935,23
1,spsc_1024_cross-core_paced_itch,1,total,238935,245761,17
1,spsc_1024_cross-core_paced_itch,1,total,245761,252588,56
1,spsc_1024_cross-core_paced_itch,1,total,252588,259415,56
1,spsc_1024_cross-core_paced_itch,1,total,259415,266241,36
1,spsc_1024_cross-core_paced_itch,1,total,266241,273068,34
1,spsc_1024_cross-core_paced_itch,1,total,273068,279895,12
1,spsc_1024_cross-core_paced_itch,1,total,279895,286721,8
1,spsc_1024_cross-core_paced_itch,1,total,286721,293548,6
1,spsc_1024_cross-core_paced_itch,1,total,293548,300375,1
1,spsc_1024_cross-core_paced_itch,1,total,300375,307202,8
1,spsc_1024_cross-core_paced_itch,1,total,307202,314028,8
1,spsc_1024_cross-core_paced_itch,1,total,314028,320855,6
1,spsc_1024_cross-core_paced_itch,1,total,320855,327682,20
1,spsc_1024_cross-core_paced_itch,1,total,327682,334508,43
1,spsc_1024_cross-core_paced_itch,1,total,334508,341335,22
1,spsc_1024_cross-core_paced_itch,1,total,341335,348162,10
1,spsc_1024_cross-core_paced_itch,1,total,348162,354988,34
1,spsc_1024_cross-core_paced_itch,1,total,354988,361815,20
1,spsc_1024_cross-core_paced_itch,1,total,361815,368642,33
1,spsc_1024_cross-core_paced_itch,1,total,368642,375469,33
1,spsc_1024_cross-core_paced_itch,1,total,375469,382295,19
1,spsc_1024_cross-core_paced_itch,1,total,382295,389122,40
1,spsc_1024_cross-core_paced_itch,1,total,389122,395949,25
1,spsc_1024_cross-core_paced_itch,1,total,395949,402775,7
1,spsc_1024_cross-core_paced_itch,1,total,402775,409602,18
1,spsc_1024_cross-core_paced_itch,1,total,409602,416429,37
1,spsc_1024_cross-core_paced_itch,1,total,416429,423255,5
1,spsc_1024_cross-core_paced_itch,1,total,423255,430082,13
1,spsc_1024_cross-core_paced_itch,1,total,430082,436909,26
1,spsc_1024_cross-core_paced_itch,1,total,436909,450562,50
1,spsc_1024_cross-core_paced_itch,1,total,450562,464216,41
1,spsc_1024_cross-core_paced_itch,1,total,464216,477869,38
1,spsc_1024_cross-core_paced_itch,1,total,477869,491522,31
1,spsc_1024_cross-core_paced_itch,1,total,491522,505176,15
1,spsc_1024_cross-core_paced_itch,1,total,505176,518829,38
1,spsc_1024_cross-core_paced_itch,1,total,518829,532483,25
1,spsc_1024_cross-core_paced_itch,1,total,532483,546136,23
1,spsc_1024_cross-core_paced_itch,1,total,546136,559789,40
1,spsc_1024_cross-core_paced_itch,1,total,559789,573443,26
1,spsc_1024_cross-core_paced_itch,1,total,573443,587096,78
1,spsc_1024_cross-core_paced_itch,1,total,587096,600750,125
1,spsc_1024_cross-core_paced_itch,1,total,600750,614403,188
1,spsc_1024_cross-core_paced_itch,1,total,614403,628056,12
1,spsc_1024_cross-core_paced_itch,1,queue,123.334,126.667,1
1,spsc_1024_cross-core_paced_itch,1,queue,140.001,143.334,2
1,spsc_1024_cross-core_paced_itch,1,queue,146.667,150.001,2
1,spsc_1024_cross-core_paced_itch,1,queue,150.001,153.334,8
1,spsc_1024_cross-core_paced_itch,1,queue,153.334,156.667,4
1,spsc_1024_cross-core_paced_itch,1,queue,156.667,160.001,15
1,spsc_1024_cross-core_paced_itch,1,queue,160.001,163.334,9
1,spsc_1024_cross-core_paced_itch,1,queue,163.334,166.667,8
1,spsc_1024_cross-core_paced_itch,1,queue,166.667,170.001,11
1,spsc_1024_cross-core_paced_itch,1,queue,170.001,173.334,10
1,spsc_1024_cross-core_paced_itch,1,queue,173.334,176.668,10
1,spsc_1024_cross-core_paced_itch,1,queue,176.668,180.001,10
1,spsc_1024_cross-core_paced_itch,1,queue,180.001,183.334,16
1,spsc_1024_cross-core_paced_itch,1,queue,183.334,186.668,12
1,spsc_1024_cross-core_paced_itch,1,queue,186.668,190.001,15
1,spsc_1024_cross-core_paced_itch,1,queue,190.001,193.334,21
1,spsc_1024_cross-core_paced_itch,1,queue,193.334,196.668,51
1,spsc_1024_cross-core_paced_itch,1,queue,196.668,200.001,183
1,spsc_1024_cross-core_paced_itch,1,queue,200.001,203.334,447
1,spsc_1024_cross-core_paced_itch,1,queue,203.334,206.668,921
1,spsc_1024_cross-core_paced_itch,1,queue,206.668,210.001,1538
1,spsc_1024_cross-core_paced_itch,1,queue,210.001,213.334,2287
1,spsc_1024_cross-core_paced_itch,1,queue,213.334,220.001,5580
1,spsc_1024_cross-core_paced_itch,1,queue,220.001,226.668,6321
1,spsc_1024_cross-core_paced_itch,1,queue,226.668,233.334,5681
1,spsc_1024_cross-core_paced_itch,1,queue,233.334,240.001,3744
1,spsc_1024_cross-core_paced_itch,1,queue,240.001,246.668,1711
1,spsc_1024_cross-core_paced_itch,1,queue,246.668,253.335,741
1,spsc_1024_cross-core_paced_itch,1,queue,253.335,260.001,575
1,spsc_1024_cross-core_paced_itch,1,queue,260.001,266.668,586
1,spsc_1024_cross-core_paced_itch,1,queue,266.668,273.335,616
1,spsc_1024_cross-core_paced_itch,1,queue,273.335,280.001,636
1,spsc_1024_cross-core_paced_itch,1,queue,280.001,286.668,670
1,spsc_1024_cross-core_paced_itch,1,queue,286.668,293.335,680
1,spsc_1024_cross-core_paced_itch,1,queue,293.335,300.001,710
1,spsc_1024_cross-core_paced_itch,1,queue,300.001,306.668,786
1,spsc_1024_cross-core_paced_itch,1,queue,306.668,313.335,996
1,spsc_1024_cross-core_paced_itch,1,queue,313.335,320.002,1973
1,spsc_1024_cross-core_paced_itch,1,queue,320.002,326.668,4763
1,spsc_1024_cross-core_paced_itch,1,queue,326.668,333.335,8677
1,spsc_1024_cross-core_paced_itch,1,queue,333.335,340.002,12387
1,spsc_1024_cross-core_paced_itch,1,queue,340.002,346.668,13674
1,spsc_1024_cross-core_paced_itch,1,queue,346.668,353.335,12441
1,spsc_1024_cross-core_paced_itch,1,queue,353.335,360.002,9021
1,spsc_1024_cross-core_paced_itch,1,queue,360.002,366.668,6178
1,spsc_1024_cross-core_paced_itch,1,queue,366.668,373.335,5687
1,spsc_1024_cross-core_paced_itch,1,queue,373.335,380.002,6544
1,spsc_1024_cross-core_paced_itch,1,queue,380.002,386.669,7661
1,spsc_1024_cross-core_paced_itch,1,queue,386.669,393.335,7620
1,spsc_1024_cross-core_paced_itch,1,queue,393.335,400.002,6483
1,spsc_1024_cross-core_paced_itch,1,queue,400.002,406.669,4661
1,spsc_1024_cross-core_paced_itch,1,queue,406.669,413.335,2932
1,spsc_1024_cross-core_paced_itch,1,queue,413.335,420.002,1778
1,spsc_1024_cross-core_paced_itch,1,queue,420.002,426.669,1406
1,spsc_1024_cross-core_paced_itch,1,queue,426.669,440.002,2280
1,spsc_1024_cross-core_paced_itch,1,queue,440.002,453.336,2057
1,spsc_1024_cross-core_paced_itch,1,queue,453.336,466.669,1749
1,spsc_1024_cross-core_paced_itch,1,queue,466.669,480.002,1546
1,spsc_1024_cross-core_paced_itch,1,queue,480.002,493.336,1570
1,spsc_1024_cross-core_paced_itch,1,queue,493.336,506.669,1437
1,spsc_1024_cross-core_paced_itch,1,queue,506.669,520.003,1313
1,spsc_1024_cross-core_paced_itch,1,queue,520.003,533.336,1230
1,spsc_1024_cross-core_paced_itch,1,queue,533.336,546.669,1166
1,spsc_1024_cross-core_paced_itch,1,queue,546.669,560.003,1152
1,spsc_1024_cross-core_paced_itch,1,queue,560.003,573.336,1000
1,spsc_1024_cross-core_paced_itch,1,queue,573.336,586.67,1008
1,spsc_1024_cross-core_paced_itch,1,queue,586.67,600.003,1033
1,spsc_1024_cross-core_paced_itch,1,queue,600.003,613.336,934
1,spsc_1024_cross-core_paced_itch,1,queue,613.336,626.67,824
1,spsc_1024_cross-core_paced_itch,1,queue,626.67,640.003,807
1,spsc_1024_cross-core_paced_itch,1,queue,640.003,653.337,719
1,spsc_1024_cross-core_paced_itch,1,queue,653.337,666.67,714
1,spsc_1024_cross-core_paced_itch,1,queue,666.67,680.003,645
1,spsc_1024_cross-core_paced_itch,1,queue,680.003,693.337,643
1,spsc_1024_cross-core_paced_itch,1,queue,693.337,706.67,616
1,spsc_1024_cross-core_paced_itch,1,queue,706.67,720.004,604
1,spsc_1024_cross-core_paced_itch,1,queue,720.004,733.337,579
1,spsc_1024_cross-core_paced_itch,1,queue,733.337,746.67,609
1,spsc_1024_cross-core_paced_itch,1,queue,746.67,760.004,535
1,spsc_1024_cross-core_paced_itch,1,queue,760.004,773.337,540
1,spsc_1024_cross-core_paced_itch,1,queue,773.337,786.671,481
1,spsc_1024_cross-core_paced_itch,1,queue,786.671,800.004,529
1,spsc_1024_cross-core_paced_itch,1,queue,800.004,813.337,507
1,spsc_1024_cross-core_paced_itch,1,queue,813.337,826.671,505
1,spsc_1024_cross-core_paced_itch,1,queue,826.671,840.004,502
1,spsc_1024_cross-core_paced_itch,1,queue,840.004,853.338,441
1,spsc_1024_cross-core_paced_itch,1,queue,853.338,880.004,918
1,spsc_1024_cross-core_paced_itch,1,queue,880.004,906.671,865
1,spsc_1024_cross-core_paced_itch,1,queue,906.671,933.338,804
1,spsc_1024_cross-core_paced_itch,1,queue,933.338,960.005,792
1,spsc_1024_cross-core_paced_itch,1,queue,960.005,986.672,772
1,spsc_1024_cross-core_paced_itch,1,queue,986.672,1013.34,754
1,spsc_1024_cross-core_paced_itch,1,queue,1013.34,1040.01,756
1,spsc_1024_cross-core_paced_itch,1,queue,1040.01,1066.67,747
1,spsc_1024_cross-core_paced_itch,1,queue,1066.67,1093.34,777
1,spsc_1024_cross-core_paced_itch,1,queue,1093.34,1120.01,708
1,spsc_1024_cross-core_paced_itch,1,queue,1120.01,1146.67,726
1,spsc_1024_cross-core_paced_itch,1,queue,1146.67,1173.34,684
1,spsc_1024_cross-core_paced_itch,1,queue,1173.34,1200.01,698
1,spsc_1024_cross-core_paced_itch,1,queue,1200.01,1226.67,704
1,spsc_1024_cross-core_paced_itch,1,queue,1226.67,1253.34,698
1,spsc_1024_cross-core_paced_itch,1,queue,1253.34,1280.01,683
1,spsc_1024_cross-core_paced_itch,1,queue,1280.01,1306.67,599
1,spsc_1024_cross-core_paced_itch,1,queue,1306.67,1333.34,661
1,spsc_1024_cross-core_paced_itch,1,queue,1333.34,1360.01,615
1,spsc_1024_cross-core_paced_itch,1,queue,1360.01,1386.67,663
1,spsc_1024_cross-core_paced_itch,1,queue,1386.67,1413.34,617
1,spsc_1024_cross-core_paced_itch,1,queue,1413.34,1440.01,620
1,spsc_1024_cross-core_paced_itch,1,queue,1440.01,1466.67,598
1,spsc_1024_cross-core_paced_itch,1,queue,1466.67,1493.34,677
1,spsc_1024_cross-core_paced_itch,1,queue,1493.34,1520.01,602
1,spsc_1024_cross-core_paced_itch,1,queue,1520.01,1546.67,602
1,spsc_1024_cross-core_paced_itch,1,queue,1546.67,1573.34,590
1,spsc_1024_cross-core_paced_itch,1,queue,1573.34,1600.01,610
1,spsc_1024_cross-core_paced_itch,1,queue,1600.01,1626.67,577
1,spsc_1024_cross-core_paced_itch,1,queue,1626.67,1653.34,564
1,spsc_1024_cross-core_paced_itch,1,queue,1653.34,1680.01,544
1,spsc_1024_cross-core_paced_itch,1,queue,1680.01,1706.68,581
1,spsc_1024_cross-core_paced_itch,1,queue,1706.68,1760.01,1219
1,spsc_1024_cross-core_paced_itch,1,queue,1760.01,1813.34,1060
1,spsc_1024_cross-core_paced_itch,1,queue,1813.34,1866.68,1072
1,spsc_1024_cross-core_paced_itch,1,queue,1866.68,1920.01,1047
1,spsc_1024_cross-core_paced_itch,1,queue,1920.01,1973.34,1018
1,spsc_1024_cross-core_paced_itch,1,queue,1973.34,2026.68,974
1,spsc_1024_cross-core_paced_itch,1,queue,2026.68,2080.01,1006
1,spsc_1024_cross-core_paced_itch,1,queue,2080.01,2133.34,954
1,spsc_1024_cross-core_paced_itch,1,queue,2133.34,2186.68,963
1,spsc_1024_cross-core_paced_itch,1,queue,2186.68,2240.01,956
1,spsc_1024_cross-core_paced_itch,1,queue,2240.01,2293.34,1003
1,spsc_1024_cross-core_paced_itch,1,queue,2293.34,2346.68,969
1,spsc_1024_cross-core_paced_itch,1,queue,2346.68,2400.01,892
1,spsc_1024_cross-core_paced_itch,1,queue,2400.01,2453.35,901
1,spsc_1024_cross-core_paced_itch,1,queue,2453.35,2506.68,852
1,spsc_1024_cross-core_paced_itch,1,queue,2506.68,2560.01,839
1,spsc_1024_cross-core_paced_itch,1,queue,2560.01,2613.35,793
1,spsc_1024_cross-core_paced_itch,1,queue,2613.35,2666.68,754
1,spsc_1024_cross-core_paced_itch,1,queue,2666.68,2720.01,820
1,spsc_1024_cross-core_paced_itch,1,queue,2720.01,2773.35,864
1,spsc_1024_cross-core_paced_itch,1,queue,2773.35,2826.68,713
1,spsc_1024_cross-core_paced_itch,1,queue,2826.68,2880.01,749
1,spsc_1024_cross-core_paced_itch,1,queue,2880.01,2933.35,777
1,spsc_1024_cross-core_paced_itch,1,queue,2933.35,2986.68,735
1,spsc_1024_cross-core_paced_itch,1,queue,2986.68,3040.02,721
1,spsc_1024_cross-core_paced_itch,1,queue,3040.02,3093.35,635
1,spsc_1024_cross-core_paced_itch,1,queue,3093.35,3146.68,691
1,spsc_1024_cross-core_paced_itch,1,queue,3146.68,3200.02,658
1,spsc_1024_cross-core_paced_itch,1,queue,3200.02,3253.35,647
1,spsc_1024_cross-core_paced_itch,1,queue,3253.35,3306.68,642
1,spsc_1024_cross-core_paced_itch,1,queue,3306.68,3360.02,603
1,spsc_1024_cross-core_paced_itch,1,queue,3360.02,3413.35,591
1,spsc_1024_cross-core_paced_itch,1,queue,3413.35,3520.02,1116
1,spsc_1024_cross-core_paced_itch,1,queue,3520.02,3626.68,1116
1,spsc_1024_cross-core_paced_itch,1,queue,3626.68,3733.35,1023
1,spsc_1024_cross-core_paced_itch,1,queue,3733.35,3840.02,979
1,spsc_1024_cross-core_paced_itch,1,queue,3840.02,3946.69,965
1,spsc_1024_cross-core_paced_itch,1,queue,3946.69,4053.35,873
1,spsc_1024_cross-core_paced_itch,1,queue,4053.35,4160.02,867
1,spsc_1024_cross-core_paced_itch,1,queue,4160.02,4266.69,844
1,spsc_1024_cross-core_paced_itch,1,queue,4266.69,4373.36,771
1,spsc_1024_cross-core_paced_itch,1,queue,4373.36,4480.02,733
1,spsc_1024_cross-core_paced_itch,1,queue,4480.02,4586.69,738
1,spsc_1024_cross-core_paced_itch,1,queue,4586.69,4693.36,694
1,spsc_1024_cross-core_paced_itch,1,queue,4693.36,4800.02,661
1,spsc_1024_cross-core_paced_itch,1,queue,4800.02,4906.69,632
1,spsc_1024_cross-core_paced_itch,1,queue,4906.69,5013.36,594
1,spsc_1024_cross-core_paced_itch,1,queue,5013.36,5120.03,589
1,spsc_1024_cross-core_paced_itch,1,queue,5120.03,5226.69,593
1,spsc_1024_cross-core_paced_itch,1,queue,5226.69,5333.36,485
1,spsc_1024_cross-core_paced_itch,1,queue,5333.36,5440.03,499
1,spsc_1024_cross-core_paced_itch,1,queue,5440.03,5546.69,529
1,spsc_1024_cross-core_paced_itch,1,queue,5546.69,5653.36,474
1,spsc_1024_cross-core_paced_itch,1,queue,5653.36,5760.03,457
1,spsc_1024_cross-core_paced_itch,1,queue,5760.03,5866.7,433
1,spsc_1024_cross-core_paced_itch,1,queue,5866.7,5973.36,424
1,spsc_1024_cross-core_paced_itch,1,queue,5973.36,6080.03,415
1,spsc_1024_cross-core_paced_itch,1,queue,6080.03,6186.7,374
1,spsc_1024_cross-core_paced_itch,1,queue,6186.7,6293.36,369
1,spsc_1024_cross-core_paced_itch,1,queue,6293.36,6400.03,358
1,spsc_1024_cross-core_paced_itch,1,queue,6400.03,6506.7,323
1,spsc_1024_cross-core_paced_itch,1,queue,6506.7,6613.37,349
1,spsc_1024_cross-core_paced_itch,1,queue,6613.37,6720.03,342
1,spsc_1024_cross-core_paced_itch,1,queue,6720.03,6826.7,315
1,spsc_1024_cross-core_paced_itch,1,queue,6826.7,7040.03,630
1,spsc_1024_cross-core_paced_itch,1,queue,7040.03,7253.37,587
1,spsc_1024_cross-core_paced_itch,1,queue,7253.37,7466.7,522
1,spsc_1024_cross-core_paced_itch,1,queue,7466.7,7680.04,539
1,spsc_1024_cross-core_paced_itch,1,queue,7680.04,7893.37,511
1,spsc_1024_cross-core_paced_itch,1,queue,7893.37,8106.71,531
1,spsc_1024_cross-core_paced_itch,1,queue,8106.71,8320.04,482
1,spsc_1024_cross-core_paced_itch,1,queue,8320.04,8533.38,483
1,spsc_1024_cross-core_paced_itch,1,queue,8533.38,8746.71,435
1,spsc_1024_cross-core_paced_itch,1,queue,8746.71,8960.04,421
1,spsc_1024_cross-core_paced_itch,1,queue,8960.04,9173.38,375
1,spsc_1024_cross-core_paced_itch,1,queue,9173.38,9386.71,365
1,spsc_1024_cross-core_paced_itch,1,queue,9386.71,9600.05,345
1,spsc_1024_cross-core_paced_itch,1,queue,9600.05,9813.38,295
1,spsc_1024_cross-core_paced_itch,1,queue,9813.38,10026.7,290
1,spsc_1024_cross-core_paced_itch,1,queue,10026.7,10240.1,242
1,spsc_1024_cross-core_paced_itch,1,queue,10240.1,10453.4,214
1,spsc_1024_cross-core_paced_itch,1,queue,10453.4,10666.7,170
1,spsc_1024_cross-core_paced_itch,1,queue,10666.7,10880.1,164
1,spsc_1024_cross-core_paced_itch,1,queue,10880.1,11093.4,147
1,spsc_1024_cross-core_paced_itch,1,queue,11093.4,11306.7,112
1,spsc_1024_cross-core_paced_itch,1,queue,11306.7,11520.1,84
1,spsc_1024_cross-core_paced_itch,1,queue,11520.1,11733.4,91
1,spsc_1024_cross-core_paced_itch,1,queue,11733.4,11946.7,75
1,spsc_1024_cross-core_paced_itch,1,queue,11946.7,12160.1,98
1,spsc_1024_cross-core_paced_itch,1,queue,12160.1,12373.4,81
1,spsc_1024_cross-core_paced_itch,1,queue,12373.4,12586.7,51
1,spsc_1024_cross-core_paced_itch,1,queue,12586.7,12800.1,69
1,spsc_1024_cross-core_paced_itch,1,queue,12800.1,13013.4,36
1,spsc_1024_cross-core_paced_itch,1,queue,13013.4,13226.7,51
1,spsc_1024_cross-core_paced_itch,1,queue,13226.7,13440.1,48
1,spsc_1024_cross-core_paced_itch,1,queue,13440.1,13653.4,46
1,spsc_1024_cross-core_paced_itch,1,queue,13653.4,14080.1,89
1,spsc_1024_cross-core_paced_itch,1,queue,14080.1,14506.7,70
1,spsc_1024_cross-core_paced_itch,1,queue,14506.7,14933.4,79
1,spsc_1024_cross-core_paced_itch,1,queue,14933.4,15360.1,47
1,spsc_1024_cross-core_paced_itch,1,queue,15360.1,15786.7,57
1,spsc_1024_cross-core_paced_itch,1,queue,15786.7,16213.4,49
1,spsc_1024_cross-core_paced_itch,1,queue,16213.4,16640.1,36
1,spsc_1024_cross-core_paced_itch,1,queue,16640.1,17066.8,37
1,spsc_1024_cross-core_paced_itch,1,queue,17066.8,17493.4,34
1,spsc_1024_cross-core_paced_itch,1,queue,17493.4,17920.1,45
1,spsc_1024_cross-core_paced_itch,1,queue,17920.1,18346.8,52
1,spsc_1024_cross-core_paced_itch,1,queue,18346.8,18773.4,39
1,spsc_1024_cross-core_paced_itch,1,queue,18773.4,19200.1,34
1,spsc_1024_cross-core_paced_itch,1,queue,19200.1,19626.8,37
1,spsc_1024_cross-core_paced_itch,1,queue,19626.8,20053.4,40
1,spsc_1024_cross-core_paced_itch,1,queue,20053.4,20480.1,37
1,spsc_1024_cross-core_paced_itch,1,queue,20480.1,20906.8,26
1,spsc_1024_cross-core_paced_itch,1,queue,20906.8,21333.4,36
1,spsc_1024_cross-core_paced_itch,1,queue,21333.4,21760.1,28
1,spsc_1024_cross-core_paced_itch,1,queue,21760.1,22186.8,19
1,spsc_1024_cross-core_paced_itch,1,queue,22186.8,22613.4,21
1,spsc_1024_cross-core_paced_itch,1,queue,22613.4,23040.1,16
1,spsc_1024_cross-core_paced_itch,1,queue,23040.1,23466.8,43
1,spsc_1024_cross-core_paced_itch,1,queue,23466.8,23893.5,19
1,spsc_1024_cross-core_paced_itch,1,queue,23893.5,24320.1,30
1,spsc_1024_cross-core_paced_itch,1,queue,24320.1,24746.8,20
1,spsc_1024_cross-core_paced_itch,1,queue,24746.8,25173.5,18
1,spsc_1024_cross-core_paced_itch,1,queue,25173.5,25600.1,11
1,spsc_1024_cross-core_paced_itch,1,queue,25600.1,26026.8,30
1,spsc_1024_cross-core_paced_itch,1,queue,26026.8,26453.5,21
1,spsc_1024_cross-core_paced_itch,1,queue,26453.5,26880.1,15
1,spsc_1024_cross-core_paced_itch,1,queue,26880.1,27306.8,12
1,spsc_1024_cross-core_paced_itch,1,queue,27306.8,28160.1,27
1,spsc_1024_cross-core_paced_itch,1,queue,28160.1,29013.5,14
1,spsc_1024_cross-core_paced_itch,1,queue,29013.5,29866.8,17
1,spsc_1024_cross-core_paced_itch,1,queue,29866.8,30720.2,8
1,spsc_1024_cross-core_paced_itch,1,queue,30720.2,31573.5,20
1,spsc_1024_cross-core_paced_itch,1,queue,31573.5,32426.8,9
1,spsc_1024_cross-core_paced_itch,1,queue,32426.8,33280.2,10
1,spsc_1024_cross-core_paced_itch,1,queue,33280.2,34133.5,6
1,spsc_1024_cross-core_paced_itch,1,queue,34133.5,34986.8,11
1,spsc_1024_cross-core_paced_itch,1,queue,34986.8,35840.2,12
1,spsc_1024_cross-core_paced_itch,1,queue,35840.2,36693.5,7
1,spsc_1024_cross-core_paced_itch,1,queue,36693.5,37546.9,9
1,spsc_1024_cross-core_paced_itch,1,queue,37546.9,38400.2,8
1,spsc_1024_cross-core_paced_itch,1,queue,38400.2,39253.5,10
1,spsc_1024_cross-core_paced_itch,1,queue,39253.5,40106.9,6
1,spsc_1024_cross-core_paced_itch,1,queue,40106.9,40960.2,14
1,spsc_1024_cross-core_paced_itch,1,queue,40960.2,41813.5,7
1,spsc_1024_cross-core_paced_itch,1,queue,41813.5,42666.9,8
1,spsc_1024_cross-core_paced_itch,1,queue,42666.9,43520.2,19
1,spsc_1024_cross-core_paced_itch,1,queue,43520.2,44373.6,15
1,spsc_1024_cross-core_paced_itch,1,queue,44373.6,45226.9,14
1,spsc_1024_cross-core_paced_itch,1,queue,45226.9,46080.2,10
1,spsc_1024_cross-core_paced_itch,1,queue,46080.2,46933.6,5
1,spsc_1024_cross-core_paced_itch,1,queue,46933.6,47786.9,10
1,spsc_1024_cross-core_paced_itch,1,queue,47786.9,48640.2,13
1,spsc_1024_cross-core_paced_itch,1,queue,48640.2,49493.6,9
1,spsc_1024_cross-core_paced_itch,1,queue,49493.6,50346.9,7
1,spsc_1024_cross-core_paced_itch,1,queue,50346.9,51200.3,7
1,spsc_1024_cross-core_paced_itch,1,queue,51200.3,52053.6,3
1,spsc_1024_cross-core_paced_itch,1,queue,52053.6,52906.9,16
1,spsc_1024_cross-core_paced_itch,1,queue,52906.9,53760.3,12
1,spsc_1024_cross-core_paced_itch,1,queue,53760.3,54613.6,10
1,spsc_1024_cross-core_paced_itch,1,queue,54613.6,56320.3,24
1,spsc_1024_cross-core_paced_itch,1,queue,56320.3,58027,30
1,spsc_1024_cross-core_paced_itch,1,queue,58027,59733.6,18
1,spsc_1024_cross-core_paced_itch,1,queue,59733.6,61440.3,21
1,spsc_1024_cross-core_paced_itch,1,queue,61440.3,63147,22
1,spsc_1024_cross-core_paced_itch,1,queue,63147,64853.7,18
1,spsc_1024_cross-core_paced_itch,1,queue,64853.7,66560.3,15
1,spsc_1024_cross-core_paced_itch,1,queue,66560.3,68267,13
1,spsc_1024_cross-core_paced_itch,1,queue,68267,69973.7,12
1,spsc_1024_cross-core_paced_itch,1,queue,69973.7,71680.4,18
1,spsc_1024_cross-core_paced_itch,1,queue,71680.4,73387,8
1,spsc_1024_cross-core_paced_itch,1,queue,73387,75093.7,7
1,spsc_1024_cross-core_paced_itch,1,queue,75093.7,76800.4,3
1,spsc_1024_cross-core_paced_itch,1,queue,76800.4,78507.1,6
1,spsc_1024_cross-core_paced_itch,1,queue,78507.1,80213.7,8
1,spsc_1024_cross-core_paced_itch,1,queue,80213.7,81920.4,3
1,spsc_1024_cross-core_paced_itch,1,queue,81920.4,83627.1,9
1,spsc_1024_cross-core_paced_itch,1,queue,83627.1,85333.8,8
1,spsc_1024_cross-core_paced_itch,1,queue,85333.8,87040.4,8
1,spsc_1024_cross-core_paced_itch,1,queue,87040.4,88747.1,5
1,spsc_1024_cross-core_paced_itch,1,queue,88747.1,90453.8,15
1,spsc_1024_cross-core_paced_itch,1,queue,90453.8,92160.5,7
1,spsc_1024_cross-core_paced_itch,1,queue,92160.5,93867.1,3
1,spsc_1024_cross-core_paced_itch,1,queue,93867.1,95573.8,11
1,spsc_1024_cross-core_paced_itch,1,queue,95573.8,97280.5,17
1,spsc_1024_cross-core_paced_itch,1,queue,97280.5,98987.2,11
1,spsc_1024_cross-core_paced_itch,1,queue,98987.2,100694,22
1,spsc_1024_cross-core_paced_itch,1,queue,100694,102401,6
1,spsc_1024_cross-core_paced_itch,1,queue,102401,104107,17
1,spsc_1024_cross-core_paced_itch,1,queue,104107,105814,25
1,spsc_1024_cross-core_paced_itch,1,queue,105814,107521,30
1,spsc_1024_cross-core_paced_itch,1,queue,107521,109227,13
1,spsc_1024_cross-core_paced_itch,1,queue,109227,112641,37
1,spsc_1024_cross-core_paced_itch,1,queue,112641,116054,19
1,spsc_1024_cross-core_paced_itch,1,queue,116054,119467,19
1,spsc_1024_cross-core_paced_itch,1,queue,119467,122881,23
1,spsc_1024_cross-core_paced_itch,1,queue,122881,126294,15
1,spsc_1024_cross-core_paced_itch,1,queue,126294,129707,17
1,spsc_1024_cross-core_paced_itch,1,queue,129707,133121,11
1,spsc_1024_cross-core_paced_itch,1,queue,133121,136534,7
1,spsc_1024_cross-core_paced_itch,1,queue,136534,139947,23
1,spsc_1024_cross-core_paced_itch,1,queue,139947,143361,25
1,spsc_1024_cross-core_paced_itch,1,queue,143361,146774,10
1,spsc_1024_cross-core_paced_itch,1,queue,146774,150187,18
1,spsc_1024_cross-core_paced_itch,1,queue,150187,153601,21
1,spsc_1024_cross-core_paced_itch,1,queue,153601,157014,21
1,spsc_1024_cross-core_paced_itch,1,queue,157014,160427,15
1,spsc_1024_cross-core_paced_itch,1,queue,160427,163841,7
1,spsc_1024_cross-core_paced_itch,1,queue,163841,167254,10
1,spsc_1024_cross-core_paced_itch,1,queue,167254,170668,8
1,spsc_1024_cross-core_paced_itch,1,queue,170668,174081,3
1,spsc_1024_cross-core_paced_itch,1,queue,174081,177494,12
1,spsc_1024_cross-core_paced_itch,1,queue,177494,180908,6
1,spsc_1024_cross-core_paced_itch,1,queue,180908,184321,14
1,spsc_1024_cross-core_paced_itch,1,queue,184321,187734,12
1,spsc_1024_cross-core_paced_itch,1,queue,187734,191148,14
1,spsc_1024_cross-core_paced_itch,1,queue,191148,194561,8
1,spsc_1024_cross-core_paced_itch,1,queue,194561,197974,10
1,spsc_1024_cross-core_paced_itch,1,queue,197974,201388,11
1,spsc_1024_cross-core_paced_itch,1,queue,201388,204801,12
1,spsc_1024_cross-core_paced_itch,1,queue,204801,208214,7
1,spsc_1024_cross-core_paced_itch,1,queue,208214,211628,3
1,spsc_1024_cross-core_paced_itch,1,queue,211628,215041,11
1,spsc_1024_cross-core_paced_itch,1,queue,215041,218454,13
1,spsc_1024_cross-core_paced_itch,1,queue,218454,225281,28
1,spsc_1024_cross-core_paced_itch,1,queue,225281,232108,24
1,spsc_1024_cross-core_paced_itch,1,queue,232108,238935,23
1,spsc_1024_cross-core_paced_itch,1,queue,238935,245761,18
1,spsc_1024_cross-core_paced_itch,1,queue,245761,252588,57
1,spsc_1024_cross-core_paced_itch,1,queue,252588,259415,55
1,spsc_1024_cross-core_paced_itch,1,queue,259415,266241,37
1,spsc_1024_cross-core_paced_itch,1,queue,266241,273068,34
1,spsc_1024_cross-core_paced_itch,1,queue,273068,279895,10
1,spsc_1024_cross-core_paced_itch,1,queue,279895,286721,8
1,spsc_1024_cross-core_paced_itch,1,queue,286721,293548,6
1,spsc_1024_cross-core_paced_itch,1,queue,293548,300375,1
1,spsc_1024_cross-core_paced_itch,1,queue,300375,307202,8
1,spsc_1024_cross-core_paced_itch,1,queue,307202,314028,8
1,spsc_1024_cross-core_paced_itch,1,queue,314028,320855,6
1,spsc_1024_cross-core_paced_itch,1,queue,320855,327682,21
1,spsc_1024_cross-core_paced_itch,1,queue,327682,334508,42
1,spsc_1024_cross-core_paced_itch,1,queue,334508,341335,23
1,spsc_1024_cross-core_paced_itch,1,queue,341335,348162,9
1,spsc_1024_cross-core_paced_itch,1,queue,348162,354988,36
1,spsc_1024_cross-core_paced_itch,1,queue,354988,361815,18
1,spsc_1024_cross-core_paced_itch,1,queue,361815,368642,33
1,spsc_1024_cross-core_paced_itch,1,queue,368642,375469,33
1,spsc_1024_cross-core_paced_itch,1,queue,375469,382295,19
1,spsc_1024_cross-core_paced_itch,1,queue,382295,389122,41
1,spsc_1024_cross-core_paced_itch,1,queue,389122,395949,25
1,spsc_1024_cross-core_paced_itch,1,queue,395949,402775,6
1,spsc_1024_cross-core_paced_itch,1,queue,402775,409602,19
1,spsc_1024_cross-core_paced_itch,1,queue,409602,416429,36
1,spsc_1024_cross-core_paced_itch,1,queue,416429,423255,5
1,spsc_1024_cross-core_paced_itch,1,queue,423255,430082,14
1,spsc_1024_cross-core_paced_itch,1,queue,430082,436909,26
1,spsc_1024_cross-core_paced_itch,1,queue,436909,450562,49
1,spsc_1024_cross-core_paced_itch,1,queue,450562,464216,41
1,spsc_1024_cross-core_paced_itch,1,queue,464216,477869,38
1,spsc_1024_cross-core_paced_itch,1,queue,477869,491522,32
1,spsc_1024_cross-core_paced_itch,1,queue,491522,505176,14
1,spsc_1024_cross-core_paced_itch,1,queue,505176,518829,38
1,spsc_1024_cross-core_paced_itch,1,queue,518829,532483,25
1,spsc_1024_cross-core_paced_itch,1,queue,532483,546136,24
1,spsc_1024_cross-core_paced_itch,1,queue,546136,559789,39
1,spsc_1024_cross-core_paced_itch,1,queue,559789,573443,27
1,spsc_1024_cross-core_paced_itch,1,queue,573443,587096,78
1,spsc_1024_cross-core_paced_itch,1,queue,587096,600750,125
1,spsc_1024_cross-core_paced_itch,1,queue,600750,614403,187
1,spsc_1024_cross-core_paced_itch,1,queue,614403,628056,12
1,spsc_1024_cross-core_paced_itch,1,book,18.3334,18.7501,4
1,spsc_1024_cross-core_paced_itch,1,book,19.1668,19.5834,22
1,spsc_1024_cross-core_paced_itch,1,book,20.0001,20.4168,456
1,spsc_1024_cross-core_paced_itch,1,book,20.8334,21.2501,1192
1,spsc_1024_cross-core_paced_itch,1,book,21.6668,22.0834,854
1,spsc_1024_cross-core_paced_itch,1,book,22.5001,22.9168,243
1,spsc_1024_cross-core_paced_itch,1,book,23.3334,23.7501,85
1,spsc_1024_cross-core_paced_itch,1,book,24.1668,24.5835,50
1,spsc_1024_cross-core_paced_itch,1,book,25.0001,25.4168,112
1,spsc_1024_cross-core_paced_itch,1,book,25.8335,26.2501,354
1,spsc_1024_cross-core_paced_itch,1,book,26.6668,27.5001,883
1,spsc_1024_cross-core_paced_itch,1,book,27.5001,28.3335,1035
1,spsc_1024_cross-core_paced_itch,1,book,28.3335,29.1668,1330
1,spsc_1024_cross-core_paced_itch,1,book,29.1668,30.0001,1890
1,spsc_1024_cross-core_paced_itch,1,book,30.0001,30.8335,1622
1,spsc_1024_cross-core_paced_itch,1,book,30.8335,31.6668,1132
1,spsc_1024_cross-core_paced_itch,1,book,31.6668,32.5002,714
1,spsc_1024_cross-core_paced_itch,1,book,32.5002,33.3335,745
1,spsc_1024_cross-core_paced_itch,1,book,33.3335,34.1668,862
1,spsc_1024_cross-core_paced_itch,1,book,34.1668,35.0002,800
1,spsc_1024_cross-core_paced_itch,1,book,35.0002,35.8335,613
1,spsc_1024_cross-core_paced_itch,1,book,35.8335,36.6668,435
1,spsc_1024_cross-core_paced_itch,1,book,36.6668,37.5002,335
1,spsc_1024_cross-core_paced_itch,1,book,37.5002,38.3335,393
1,spsc_1024_cross-core_paced_itch,1,book,38.3335,39.1669,340
1,spsc_1024_cross-core_paced_itch,1,book,39.1669,40.0002,354
1,spsc_1024_cross-core_paced_itch,1,book,40.0002,40.8335,456
1,spsc_1024_cross-core_paced_itch,1,book,40.8335,41.6669,425
1,spsc_1024_cross-core_paced_itch,1,book,41.6669,42.5002,453
1,spsc_1024_cross-core_paced_itch,1,book,42.5002,43.3335,540
1,spsc_1024_cross-core_paced_itch,1,book,43.3335,44.1669,565
1,spsc_1024_cross-core_paced_itch,1,book,44.1669,45.0002,571
1,spsc_1024_cross-core_paced_itch,1,book,45.0002,45.8336,511
1,spsc_1024_cross-core_paced_itch,1,book,45.8336,46.6669,454
1,spsc_1024_cross-core_paced_itch,1,book,46.6669,47.5002,674
1,spsc_1024_cross-core_paced_itch,1,book,47.5002,48.3336,689
1,spsc_1024_cross-core_paced_itch,1,book,48.3336,49.1669,637
1,spsc_1024_cross-core_paced_itch,1,book,49.1669,50.0002,685
1,spsc_1024_cross-core_paced_itch,1,book,50.0002,50.8336,748
1,spsc_1024_cross-core_paced_itch,1,book,50.8336,51.6669,742
1,spsc_1024_cross-core_paced_itch,1,book,51.6669,52.5003,752
1,spsc_1024_cross-core_paced_itch,1,book,52.5003,53.3336,817
1,spsc_1024_cross-core_paced_itch,1,book,53.3336,55.0003,1585
1,spsc_1024_cross-core_paced_itch,1,book,55.0003,56.6669,1554
1,spsc_1024_cross-core_paced_itch,1,book,56.6669,58.3336,1591
1,spsc_1024_cross-core_paced_itch,1,book,58.3336,60.0003,1547
1,spsc_1024_cross-core_paced_itch,1,book,60.0003,61.667,1687
1,spsc_1024_cross-core_paced_itch,1,book,61.667,63.3336,1702
1,spsc_1024_cross-core_paced_itch,1,book,63.3336,65.0003,1496
1,spsc_1024_cross-core_paced_itch,1,book,65.0003,66.667,1400
1,spsc_1024_cross-core_paced_itch,1,book,66.667,68.3337,1506
1,spsc_1024_cross-core_paced_itch,1,book,68.3337,70.0003,1365
1,spsc_1024_cross-core_paced_itch,1,book,70.0003,71.667,1249
1,spsc_1024_cross-core_paced_itch,1,book,71.667,73.3337,1233
1,spsc_1024_cross-core_paced_itch,1,book,73.3337,75.0004,1127
1,spsc_1024_cross-core_paced_itch,1,book,75.0004,76.667,1113
1,spsc_1024_cross-core_paced_itch,1,book,76.667,78.3337,971
1,spsc_1024_cross-core_paced_itch,1,book,78.3337,80.0004,902
1,spsc_1024_cross-core_paced_itch,1,book,80.0004,81.6671,857
1,spsc_1024_cross-core_paced_itch,1,book,81.6671,83.3337,835
1,spsc_1024_cross-core_paced_itch,1,book,83.3337,85.0004,698
1,spsc_1024_cross-core_paced_itch,1,book,85.0004,86.6671,662
1,spsc_1024_cross-core_paced_itch,1,book,86.6671,88.3338,678
1,spsc_1024_cross-core_paced_itch,1,book,88.3338,90.0004,557
1,spsc_1024_cross-core_paced_itch,1,book,90.0004,91.6671,485
1,spsc_1024_cross-core_paced_itch,1,book,91.6671,93.3338,476
1,spsc_1024_cross-core_paced_itch,1,book,93.3338,95.0005,553
1,spsc_1024_cross-core_paced_itch,1,book,95.0005,96.6671,471
1,spsc_1024_cross-core_paced_itch,1,book,96.6671,98.3338,461
1,spsc_1024_cross-core_paced_itch,1,book,98.3338,100,464
1,spsc_1024_cross-core_paced_itch,1,book,100,101.667,475
1,spsc_1024_cross-core_paced_itch,1,book,101.667,103.334,426
1,spsc_1024_cross-core_paced_itch,1,book,103.334,105.001,443
1,spsc_1024_cross-core_paced_itch,1,book,105.001,106.667,435
1,spsc_1024_cross-core_paced_itch,1,book,106.667,110.001,964
1,spsc_1024_cross-core_paced_itch,1,book,110.001,113.334,987
1,spsc_1024_cross-core_paced_itch,1,book,113.334,116.667,951
1,spsc_1024_cross-core_paced_itch,1,book,116.667,120.001,757
1,spsc_1024_cross-core_paced_itch,1,book,120.001,123.334,733
1,spsc_1024_cross-core_paced_itch,1,book,123.334,126.667,1012
1,spsc_1024_cross-core_paced_itch,1,book,126.667,130.001,2299
1,spsc_1024_cross-core_paced_itch,1,book,130.001,133.334,4121
1,spsc_1024_cross-core_paced_itch,1,book,133.334,136.667,4681
1,spsc_1024_cross-core_paced_itch,1,book,136.667,140.001,4829
1,spsc_1024_cross-core_paced_itch,1,book,140.001,143.334,7634
1,spsc_1024_cross-core_paced_itch,1,book,143.334,146.667,9404
1,spsc_1024_cross-core_paced_itch,1,book,146.667,150.001,9305
1,spsc_1024_cross-core_paced_itch,1,book,150.001,153.334,7946
1,spsc_1024_cross-core_paced_itch,1,book,153.334,156.667,8659
1,spsc_1024_cross-core_paced_itch,1,book,156.667,160.001,8093
1,spsc_1024_cross-core_paced_itch,1,book,160.001,163.334,6872
1,spsc_1024_cross-core_paced_itch,1,book,163.334,166.667,5686
1,spsc_1024_cross-core_paced_itch,1,book,166.667,170.001,4906
1,spsc_1024_cross-core_paced_itch,1,book,170.001,173.334,4068
1,spsc_1024_cross-core_paced_itch,1,book,173.334,176.668,3786
1,spsc_1024_cross-core_paced_itch,1,book,176.668,180.001,3499
1,spsc_1024_cross-core_paced_itch,1,book,180.001,183.334,3468
1,spsc_1024_cross-core_paced_itch,1,book,183.334,186.668,3156
1,spsc_1024_cross-core_paced_itch,1,book,186.668,190.001,3102
1,spsc_1024_cross-core_paced_itch,1,book,190.001,193.334,2876
1,spsc_1024_cross-core_paced_itch,1,book,193.334,196.668,2660
1,spsc_1024_cross-core_paced_itch,1,book,196.668,200.001,2482
1,spsc_1024_cross-core_paced_itch,1,book,200.001,203.334,2319
1,spsc_1024_cross-core_paced_itch,1,book,203.334,206.668,2138
1,spsc_1024_cross-core_paced_itch,1,book,206.668,210.001,2036
1,spsc_1024_cross-core_paced_itch,1,book,210.001,213.334,1890
1,spsc_1024_cross-core_paced_itch,1,book,213.334,220.001,3299
1,spsc_1024_cross-core_paced_itch,1,book,220.001,226.668,3163
1,spsc_1024_cross-core_paced_itch,1,book,226.668,233.334,2659
1,spsc_1024_cross-core_paced_itch,1,book,233.334,240.001,2333
1,spsc_1024_cross-core_paced_itch,1,book,240.001,246.668,2173
1,spsc_1024_cross-core_paced_itch,1,book,246.668,253.335,1987
1,spsc_1024_cross-core_paced_itch,1,book,253.335,260.001,1862
1,spsc_1024_cross-core_paced_itch,1,book,260.001,266.668,1811
1,spsc_1024_cross-core_paced_itch,1,book,266.668,273.335,1774
1,spsc_1024_cross-core_paced_itch,1,book,273.335,280.001,1752
1,spsc_1024_cross-core_paced_itch,1,book,280.001,286.668,1815
1,spsc_1024_cross-core_paced_itch,1,book,286.668,293.335,1962
1,spsc_1024_cross-core_paced_itch,1,book,293.335,300.001,1985
1,spsc_1024_cross-core_paced_itch,1,book,300.001,306.668,1995
1,spsc_1024_cross-core_paced_itch,1,book,306.668,313.335,1977
1,spsc_1024_cross-core_paced_itch,1,book,313.335,320.002,1859
1,spsc_1024_cross-core_paced_itch,1,book,320.002,326.668,1870
1,spsc_1024_cross-core_paced_itch,1,book,326.668,333.335,1802
1,spsc_1024_cross-core_paced_itch,1,book,333.335,340.002,1642
1,spsc_1024_cross-core_paced_itch,1,book,340.002,346.668,1610
1,spsc_1024_cross-core_paced_itch,1,book,346.668,353.335,1535
1,spsc_1024_cross-core_paced_itch,1,book,353.335,360.002,1452
1,spsc_1024_cross-core_paced_itch,1,book,360.002,366.668,1377
1,spsc_1024_cross-core_paced_itch,1,book,366.668,373.335,1245
1,spsc_1024_cross-core_paced_itch,1,book,373.335,380.002,1273
1,spsc_1024_cross-core_paced_itch,1,book,380.002,386.669,1290
1,spsc_1024_cross-core_paced_itch,1,book,386.669,393.335,1175
1,spsc_1024_cross-core_paced_itch,1,book,393.335,400.002,1186
1,spsc_1024_cross-core_paced_itch,1,book,400.002,406.669,1147
1,spsc_1024_cross-core_paced_itch,1,book,406.669,413.335,1027
1,spsc_1024_cross-core_paced_itch,1,book,413.335,420.002,1157
1,spsc_1024_cross-core_paced_itch,1,book,420.002,426.669,1086
1,spsc_1024_cross-core_paced_itch,1,book,426.669,440.002,2048
1,spsc_1024_cross-core_paced_itch,1,book,440.002,453.336,1890
1,spsc_1024_cross-core_paced_itch,1,book,453.336,466.669,1507
1,spsc_1024_cross-core_paced_itch,1,book,466.669,480.002,1334
1,spsc_1024_cross-core_paced_itch,1,book,480.002,493.336,1118
1,spsc_1024_cross-core_paced_itch,1,book,493.336,506.669,930
1,spsc_1024_cross-core_paced_itch,1,book,506.669,520.003,890
1,spsc_1024_cross-core_paced_itch,1,book,520.003,533.336,812
1,spsc_1024_cross-core_paced_itch,1,book,533.336,546.669,762
1,spsc_1024_cross-core_paced_itch,1,book,546.669,560.003,682
1,spsc_1024_cross-core_paced_itch,1,book,560.003,573.336,703
1,spsc_1024_cross-core_paced_itch,1,book,573.336,586.67,614
1,spsc_1024_cross-core_paced_itch,1,book,586.67,600.003,617
1,spsc_1024_cross-core_paced_itch,1,book,600.003,613.336,509
1,spsc_1024_cross-core_paced_itch,1,book,613.336,626.67,487
1,spsc_1024_cross-core_paced_itch,1,book,626.67,640.003,452
1,spsc_1024_cross-core_paced_itch,1,book,640.003,653.337,418
1,spsc_1024_cross-core_paced_itch,1,book,653.337,666.67,350
1,spsc_1024_cross-core_paced_itch,1,book,666.67,680.003,335
1,spsc_1024_cross-core_paced_itch,1,book,680.003,693.337,274
1,spsc_1024_cross-core_paced_itch,1,book,693.337,706.67,300
1,spsc_1024_cross-core_paced_itch,1,book,706.67,720.004,239
1,spsc_1024_cross-core_paced_itch,1,book,720.004,733.337,236
1,spsc_1024_cross-core_paced_itch,1,book,733.337,746.67,164
1,spsc_1024_cross-core_paced_itch,1,book,746.67,760.004,187
1,spsc_1024_cross-core_paced_itch,1,book,760.004,773.337,157
1,spsc_1024_cross-core_paced_itch,1,book,773.337,786.671,125
1,spsc_1024_cross-core_paced_itch,1,book,786.671,800.004,145
1,spsc_1024_cross-core_paced_itch,1,book,800.004,813.337,115
1,spsc_1024_cross-core_paced_itch,1,book,813.337,826.671,104
1,spsc_1024_cross-core_paced_itch,1,book,826.671,840.004,113
1,spsc_1024_cross-core_paced_itch,1,book,840.004,853.338,93
1,spsc_1024_cross-core_paced_itch,1,book,853.338,880.004,138
1,spsc_1024_cross-core_paced_itch,1,book,880.004,906.671,114
1,spsc_1024_cross-core_paced_itch,1,book,906.671,933.338,105
1,spsc_1024_cross-core_paced_itch,1,book,933.338,960.005,85
1,spsc_1024_cross-core_paced_itch,1,book,960.005,986.672,66
1,spsc_1024_cross-core_paced_itch,1,book,986.672,1013.34,47
1,spsc_1024_cross-core_paced_itch,1,book,1013.34,1040.01,44
1,spsc_1024_cross-core_paced_itch,1,book,1040.01,1066.67,46
1,spsc_1024_cross-core_paced_itch,1,book,1066.67,1093.34,36
1,spsc_1024_cross-core_paced_itch,1,book,1093.34,1120.01,19
1,spsc_1024_cross-core_paced_itch,1,book,1120.01,1146.67,21
1,spsc_1024_cross-core_paced_itch,1,book,1146.67,1173.34,18
1,spsc_1024_cross-core_paced_itch,1,book,1173.34,1200.01,12
1,spsc_1024_cross-core_paced_itch,1,book,1200.01,1226.67,11
1,spsc_1024_cross-core_paced_itch,1,book,1226.67,1253.34,11
1,spsc_1024_cross-core_paced_itch,1,book,1253.34,1280.01,7
1,spsc_1024_cross-core_paced_itch,1,book,1280.01,1306.67,13
1,spsc_1024_cross-core_paced_itch,1,book,1306.67,1333.34,6
1,spsc_1024_cross-core_paced_itch,1,book,1333.34,1360.01,4
1,spsc_1024_cross-core_paced_itch,1,book,1360.01,1386.67,4
1,spsc_1024_cross-core_paced_itch,1,book,1386.67,1413.34,5
1,spsc_1024_cross-core_paced_itch,1,book,1413.34,1440.01,5
1,spsc_1024_cross-core_paced_itch,1,book,1440.01,1466.67,4
1,spsc_1024_cross-core_paced_itch,1,book,1466.67,1493.34,5
1,spsc_1024_cross-core_paced_itch,1,book,1493.34,1520.01,3
1,spsc_1024_cross-core_paced_itch,1,book,1520.01,1546.67,4
1,spsc_1024_cross-core_paced_itch,1,book,1546.67,1573.34,3
1,spsc_1024_cross-core_paced_itch,1,book,1600.01,1626.67,1
1,spsc_1024_cross-core_paced_itch,1,book,1626.67,1653.34,5
1,spsc_1024_cross-core_paced_itch,1,book,1653.34,1680.01,3
1,spsc_1024_cross-core_paced_itch,1,book,1680.01,1706.68,2
1,spsc_1024_cross-core_paced_itch,1,book,1706.68,1760.01,3
1,spsc_1024_cross-core_paced_itch,1,book,1760.01,1813.34,2
1,spsc_1024_cross-core_paced_itch,1,book,1813.34,1866.68,3
1,spsc_1024_cross-core_paced_itch,1,book,1866.68,1920.01,6
1,spsc_1024_cross-core_paced_itch,1,book,1920.01,1973.34,1
1,spsc_1024_cross-core_paced_itch,1,book,1973.34,2026.68,1
1,spsc_1024_cross-core_paced_itch,1,book,2026.68,2080.01,2
1,spsc_1024_cross-core_paced_itch,1,book,2080.01,2133.34,2
1,spsc_1024_cross-core_paced_itch,1,book,2133.34,2186.68,6
1,spsc_1024_cross-core_paced_itch,1,book,2186.68,2240.01,4
1,spsc_1024_cross-core_paced_itch,1,book,2240.01,2293.34,8
1,spsc_1024_cross-core_paced_itch,1,book,2293.34,2346.68,19
1,spsc_1024_cross-core_paced_itch,1,book,2346.68,2400.01,12
1,spsc_1024_cross-core_paced_itch,1,book,2400.01,2453.35,11
1,spsc_1024_cross-core_paced_itch,1,book,2453.35,2506.68,11
1,spsc_1024_cross-core_paced_itch,1,book,2506.68,2560.01,10
1,spsc_1024_cross-core_paced_itch,1,book,2560.01,2613.35,6
1,spsc_1024_cross-core_paced_itch,1,book,2613.35,2666.68,5
1,spsc_1024_cross-core_paced_itch,1,book,2666.68,2720.01,6
1,spsc_1024_cross-core_paced_itch,1,book,2720.01,2773.35,6
1,spsc_1024_cross-core_paced_itch,1,book,2773.35,2826.68,7
1,spsc_1024_cross-core_paced_itch,1,book,2826.68,2880.01,3
1,spsc_1024_cross-core_paced_itch,1,book,2880.01,2933.35,9
1,spsc_1024_cross-core_paced_itch,1,book,2933.35,2986.68,1
1,spsc_1024_cross-core_paced_itch,1,book,2986.68,3040.02,7
1,spsc_1024_cross-core_paced_itch,1,book,3040.02,3093.35,4
1,spsc_1024_cross-core_paced_itch,1,book,3093.35,3146.68,4
1,spsc_1024_cross-core_paced_itch,1,book,3146.68,3200.02,4
1,spsc_1024_cross-core_paced_itch,1,book,3200.02,3253.35,3
1,spsc_1024_cross-core_paced_itch,1,book,3253.35,3306.68,2
1,spsc_1024_cross-core_paced_itch,1,book,3306.68,3360.02,1
1,spsc_1024_cross-core_paced_itch,1,book,3360.02,3413.35,2
1,spsc_1024_cross-core_paced_itch,1,book,3413.35,3520.02,3
1,spsc_1024_cross-core_paced_itch,1,book,3520.02,3626.68,2
1,spsc_1024_cross-core_paced_itch,1,book,3626.68,3733.35,3
1,spsc_1024_cross-core_paced_itch,1,book,3733.35,3840.02,3
1,spsc_1024_cross-core_paced_itch,1,book,3840.02,3946.69,1
1,spsc_1024_cross-core_paced_itch,1,book,3946.69,4053.35,1
1,spsc_1024_cross-core_paced_itch,1,book,4053.35,4160.02,3
1,spsc_1024_cross-core_paced_itch,1,book,4160.02,4266.69,2
1,spsc_1024_cross-core_paced_itch,1,book,4373.36,4480.02,2
1,spsc_1024_cross-core_paced_itch,1,book,4586.69,4693.36,2
1,spsc_1024_cross-core_paced_itch,1,book,4693.36,4800.02,1
1,spsc_1024_cross-core_paced_itch,1,book,4906.69,5013.36,1
1,spsc_1024_cross-core_paced_itch,1,book,5226.69,5333.36,1
1,spsc_1024_cross-core_paced_itch,1,book,5333.36,5440.03,8
1,spsc_1024_cross-core_paced_itch,1,book,5440.03,5546.69,4
1,spsc_1024_cross-core_paced_itch,1,book,5546.69,5653.36,5
1,spsc_1024_cross-core_paced_itch,1,book,5653.36,5760.03,4
1,spsc_1024_cross-core_paced_itch,1,book,5866.7,5973.36,2
1,spsc_1024_cross-core_paced_itch,1,book,5973.36,6080.03,2
1,spsc_1024_cross-core_paced_itch,1,book,6080.03,6186.7,1
1,spsc_1024_cross-core_paced_itch,1,book,6186.7,6293.36,1
1,spsc_1024_cross-core_paced_itch,1,book,6400.03,6506.7,1
1,spsc_1024_cross-core_paced_itch,1,book,6506.7,6613.37,1
1,spsc_1024_cross-core_paced_itch,1,book,6613.37,6720.03,2
1,spsc_1024_cross-core_paced_itch,1,book,6720.03,6826.7,3
1,spsc_1024_cross-core_paced_itch,1,book,6826.7,7040.03,6
1,spsc_1024_cross-core_paced_itch,1,book,7040.03,7253.37,1
1,spsc_1024_cross-core_paced_itch,1,book,7253.37,7466.7,2
1,spsc_1024_cross-core_paced_itch,1,book,7680.04,7893.37,2
1,spsc_1024_cross-core_paced_itch,1,book,7893.37,8106.71,3
1,spsc_1024_cross-core_paced_itch,1,book,8106.71,8320.04,7
1,spsc_1024_cross-core_paced_itch,1,book,8320.04,8533.38,7
1,spsc_1024_cross-core_paced_itch,1,book,8533.38,8746.71,14
1,spsc_1024_cross-core_paced_itch,1,book,8746.71,8960.04,13
1,spsc_1024_cross-core_paced_itch,1,book,8960.04,9173.38,6
1,spsc_1024_cross-core_paced_itch,1,book,9173.38,9386.71,7
1,spsc_1024_cross-core_paced_itch,1,book,9386.71,9600.05,5
1,spsc_1024_cross-core_paced_itch,1,book,9600.05,9813.38,4
1,spsc_1024_cross-core_paced_itch,1,book,9813.38,10026.7,4
1,spsc_1024_cross-core_paced_itch,1,book,10026.7,10240.1,3
1,spsc_1024_cross-core_paced_itch,1,book,10240.1,10453.4,1
1,spsc_1024_cross-core_paced_itch,1,book,10453.4,10666.7,1
1,spsc_1024_cross-core_paced_itch,1,book,10666.7,10880.1,1
1,spsc_1024_cross-core_paced_itch,1,book,11093.4,11306.7,2
1,spsc_1024_cross-core_paced_itch,1,book,11733.4,11946.7,1
1,spsc_1024_cross-core_paced_itch,1,book,12160.1,12373.4,1
1,spsc_1024_cross-core_paced_itch,1,book,12373.4,12586.7,1
2,spsc_1024_cross-core_paced_itch,0,total,193.334,196.668,2
2,spsc_1024_cross-core_paced_itch,0,total,206.668,210.001,1
2,spsc_1024_cross-core_paced_itch,0,total,213.334,220.001,2
2,spsc_1024_cross-core_paced_itch,0,total,220.001,226.668,23
2,spsc_1024_cross-core_paced_itch,0,total,226.668,233.334,48
2,spsc_1024_cross-core_paced_itch,0,total,233.334,240.001,121
2,spsc_1024_cross-core_paced_itch,0,total,240.001,246.668,198
2,spsc_1024_cross-core_paced_itch,0,total,246.668,253.335,303
2,spsc_1024_cross-core_paced_itch,0,total,253.335,260.001,398
2,spsc_1024_cross-core_paced_itch,0,total,260.001,266.668,500
2,spsc_1024_cross-core_paced_itch,0,total,266.668,273.335,651
2,spsc_1024_cross-core_paced_itch,0,total,273.335,280.001,663
2,spsc_1024_cross-core_paced_itch,0,total,280.001,286.668,688
2,spsc_1024_cross-core_paced_itch,0,total,286.668,293.335,642
2,spsc_1024_cross-core_paced_itch,0,total,293.335,300.001,580
2,spsc_1024_cross-core_paced_itch,0,total,300.001,306.668,481
2,spsc_1024_cross-core_paced_itch,0,total,306.668,313.335,394
2,spsc_1024_cross-core_paced_itch,0,total,313.335,320.002,378
2,spsc_1024_cross-core_paced_itch,0,total,320.002,326.668,414
2,spsc_1024_cross-core_paced_itch,0,total,326.668,333.335,399
2,spsc_1024_cross-core_paced_itch,0,total,333.335,340.002,496
2,spsc_1024_cross-core_paced_itch,0,total,340.002,346.668,642
2,spsc_1024_cross-core_paced_itch,0,total,346.668,353.335,985
2,spsc_1024_cross-core_paced_itch,0,total,353.335,360.002,1260
2,spsc_1024_cross-core_paced_itch,0,total,360.002,366.668,1743
2,spsc_1024_cross-core_paced_itch,0,total,366.668,373.335,2092
2,spsc_1024_cross-core_paced_itch,0,total,373.335,380.002,2308
2,spsc_1024_cross-core_paced_itch,0,total,380.002,386.669,2533
2,spsc_1024_cross-core_paced_itch,0,total,386.669,393.335,2646
2,spsc_1024_cross-core_paced_itch,0,total,393.335,400.002,2737
2,spsc_1024_cross-core_paced_itch,0,total,400.002,406.669,2733
2,spsc_1024_cross-core_paced_itch,0,total,406.669,413.335,2665
2,spsc_1024_cross-core_paced_itch,0,total,413.335,420.002,2612
2,spsc_1024_cross-core_paced_itch,0,total,420.002,426.669,2475
2,spsc_1024_cross-core_paced_itch,0,total,426.669,440.002,4617
2,spsc_1024_cross-core_paced_itch,0,total,440.002,453.336,4585
2,spsc_1024_cross-core_paced_itch,0,total,453.336,466.669,4987
2,spsc_1024_cross-core_paced_itch,0,total,466.669,480.002,6055
2,spsc_1024_cross-core_paced_itch,0,total,480.002,493.336,7199
2,spsc_1024_cross-core_paced_itch,0,total,493.336,506.669,7818
2,spsc_1024_cross-core_paced_itch,0,total,506.669,520.003,7720
2,spsc_1024_cross-core_paced_itch,0,total,520.003,533.336,7684
2,spsc_1024_cross-core_paced_itch,0,total,533.336,546.669,7441
2,spsc_1024_cross-core_paced_itch,0,total,546.669,560.003,6711
2,spsc_1024_cross-core_paced_itch,0,total,560.003,573.336,5722
2,spsc_1024_cross-core_paced_itch,0,total,573.336,586.67,4786
2,spsc_1024_cross-core_paced_itch,0,total,586.67,600.003,4209
2,spsc_1024_cross-core_paced_itch,0,total,600.003,613.336,3727
2,spsc_1024_cross-core_paced_itch,0,total,613.336,626.67,3472
2,spsc_1024_cross-core_paced_itch,0,total,626.67,640.003,3335
2,spsc_1024_cross-core_paced_itch,0,total,640.003,653.337,3356
2,spsc_1024_cross-core_paced_itch,0,total,653.337,666.67,3184
2,spsc_1024_cross-core_paced_itch,0,total,666.67,680.003,3020
2,spsc_1024_cross-core_paced_itch,0,total,680.003,693.337,2892
2,spsc_1024_cross-core_paced_itch,0,total,693.337,706.67,2754
2,spsc_1024_cross-core_paced_itch,0,total,706.67,720.004,2641
2,spsc_1024_cross-core_paced_itch,0,total,720.004,733.337,2441
2,spsc_1024_cross-core_paced_itch,0,total,733.337,746.67,2319
2,spsc_1024_cross-core_paced_itch,0,total,746.67,760.004,2332
2,spsc_1024_cross-core_paced_itch,0,total,760.004,773.337,2221
2,spsc_1024_cross-core_paced_itch,0,total,773.337,786.671,2092
2,spsc_1024_cross-core_paced_itch,0,total,786.671,800.004,1925
2,spsc_1024_cross-core_paced_itch,0,total,800.004,813.337,1868
2,spsc_1024_cross-core_paced_itch,0,total,813.337,826.671,1753
2,spsc_1024_cross-core_paced_itch,0,total,826.671,840.004,1606
2,spsc_1024_cross-core_paced_itch,0,total,840.004,853.338,1413
2,spsc_1024_cross-core_paced_itch,0,total,853.338,880.004,2667
2,spsc_1024_cross-core_paced_itch,0,total,880.004,906.671,2501
2,spsc_1024_cross-core_paced_itch,0,total,906.671,933.338,2208
2,spsc_1024_cross-core_paced_itch,0,total,933.338,960.005,2011
2,spsc_1024_cross-core_paced_itch,0,total,960.005,986.672,1939
2,spsc_1024_cross-core_paced_itch,0,total,986.672,1013.34,1715
2,spsc_1024_cross-core_paced_itch,0,total,1013.34,1040.01,1496
2,spsc_1024_cross-core_paced_itch,0,total,1040.01,1066.67,1426
2,spsc_1024_cross-core_paced_itch,0,total,1066.67,1093.34,1264
2,spsc_1024_cross-core_paced_itch,0,total,1093.34,1120.01,1176
2,spsc_1024_cross-core_paced_itch,0,total,1120.01,1146.67,1110
2,spsc_1024_cross-core_paced_itch,0,total,1146.67,1173.34,1099
2,spsc_1024_cross-core_paced_itch,0,total,1173.34,1200.01,1000
2,spsc_1024_cross-core_paced_itch,0,total,1200.01,1226.67,997
2,spsc_1024_cross-core_paced_itch,0,total,1226.67,1253.34,931
2,spsc_1024_cross-core_paced_itch,0,total,1253.34,1280.01,886
2,spsc_1024_cross-core_paced_itch,0,total,1280.01,1306.67,880
2,spsc_1024_cross-core_paced_itch,0,total,1306.67,1333.34,815
2,spsc_1024_cross-core_paced_itch,0,total,1333.34,1360.01,761
2,spsc_1024_cross-core_paced_itch,0,total,1360.01,1386.67,830
2,spsc_1024_cross-core_paced_itch,0,total,1386.67,1413.34,752
2,spsc_1024_cross-core_paced_itch,0,total,1413.34,1440.01,757
2,spsc_1024_cross-core_paced_itch,0,total,1440.01,1466.67,728
2,spsc_1024_cross-core_paced_itch,0,total,1466.67,1493.34,763
2,spsc_1024_cross-core_paced_itch,0,total,1493.34,1520.01,658
2,spsc_1024_cross-core_paced_itch,0,total,1520.01,1546.67,703
2,spsc_1024_cross-core_paced_itch,0,total,1546.67,1573.34,669
2,spsc_1024_cross-core_paced_itch,0,total,1573.34,1600.01,686
2,spsc_1024_cross-core_paced_itch,0,total,1600.01,1626.67,677
2,spsc_1024_cross-core_paced_itch,0,total,1626.67,1653.34,613
2,spsc_1024_cross-core_paced_itch,0,total,1653.34,1680.01,710
2,spsc_1024_cross-core_paced_itch,0,total,1680.01,1706.68,635
2,spsc_1024_cross-core_paced_itch,0,total,1706.68,1760.01,1249
2,spsc_1024_cross-core_paced_itch,0,total,1760.01,1813.34,1232
2,spsc_1024_cross-core_paced_itch,0,total,1813.34,1866.68,1178
2,spsc_1024_cross-core_paced_itch,0,total,1866.68,1920.01,1145
2,spsc_1024_cross-core_paced_itch,0,total,1920.01,1973.34,1125
2,spsc_1024_cross-core_paced_itch,0,total,1973.34,2026.68,1073
2,spsc_1024_cross-core_paced_itch,0,total,2026.68,2080.01,1074
2,spsc_1024_cross-core_paced_itch,0,total,2080.01,2133.34,1115
2,spsc_1024_cross-core_paced_itch,0,total,2133.34,2186.68,1072
2,spsc_1024_cross-core_paced_itch,0,total,2186.68,2240.01,986
2,spsc_1024_cross-core_paced_itch,0,total,2240.01,2293.34,1004
2,spsc_1024_cross-core_paced_itch,0,total,2293.34,2346.68,958
2,spsc_1024_cross-core_paced_itch,0,total,2346.68,2400.01,919
2,spsc_1024_cross-core_paced_itch,0,total,2400.01,2453.35,903
2,spsc_1024_cross-core_paced_itch,0,total,2453.35,2506.68,899
2,spsc_1024_cross-core_paced_itch,0,total,2506.68,2560.01,962
2,spsc_1024_cross-core_paced_itch,0,total,2560.01,2613.35,886
2,spsc_1024_cross-core_paced_itch,0,total,2613.35,2666.68,842
2,spsc_1024_cross-core_paced_itch,0,total,2666.68,2720.01,846
2,spsc_1024_cross-core_paced_itch,0,total,2720.01,2773.35,850
2,spsc_1024_cross-core_paced_itch,0,total,2773.35,2826.68,833
2,spsc_1024_cross-core_paced_itch,0,total,2826.68,2880.01,790
2,spsc_1024_cross-core_paced_itch,0,total,2880.01,2933.35,751
2,spsc_1024_cross-core_paced_itch,0,total,2933.35,2986.68,810
2,spsc_1024_cross-core_paced_itch,0,total,2986.68,3040.02,743
2,spsc_1024_cross-core_paced_itch,0,total,3040.02,3093.35,768
2,spsc_1024_cross-core_paced_itch,0,total,3093.35,3146.68,709
2,spsc_1024_cross-core_paced_itch,0,total,3146.68,3200.02,700
2,spsc_1024_cross-core_paced_itch,0,total,3200.02,3253.35,719
2,spsc_1024_cross-core_paced_itch,0,total,3253.35,3306.68,668
2,spsc_1024_cross-core_paced_itch,0,total,3306.68,3360.02,638
2,spsc_1024_cross-core_paced_itch,0,total,3360.02,3413.35,649
2,spsc_1024_cross-core_paced_itch,0,total,3413.35,3520.02,1334
2,spsc_1024_cross-core_paced_itch,0,total,3520.02,3626.68,1147
2,spsc_1024_cross-core_paced_itch,0,total,3626.68,3733.35,1112
2,spsc_1024_cross-core_paced_itch,0,total,3733.35,3840.02,1043
2,spsc_1024_cross-core_paced_itch,0,total,3840.02,3946.69,1028
2,spsc_1024_cross-core_paced_itch,0,total,3946.69,4053.35,1041
2,spsc_1024_cross-core_paced_itch,0,total,4053.35,4160.02,931
2,spsc_1024_cross-core_paced_itch,0,total,4160.02,4266.69,913
2,spsc_1024_cross-core_paced_itch,0,total,4266.69,4373.36,853
2,spsc_1024_cross-core_paced_itch,0,total,4373.36,4480.02,792
2,spsc_1024_cross-core_paced_itch,0,total,4480.02,4586.69,752
2,spsc_1024_cross-core_paced_itch,0,total,4586.69,4693.36,713
2,spsc_1024_cross-core_paced_itch,0,total,4693.36,4800.02,735
2,spsc_1024_cross-core_paced_itch,0,total,4800.02,4906.69,679
2,spsc_1024_cross-core_paced_itch,0,total,4906.69,5013.36,659
2,spsc_1024_cross-core_paced_itch,0,total,5013.36,5120.03,600
2,spsc_1024_cross-core_paced_itch,0,total,5120.03,5226.69,566
2,spsc_1024_cross-core_paced_itch,0,total,5226.69,5333.36,527
2,spsc_1024_cross-core_paced_itch,0,total,5333.36,5440.03,536
2,spsc_1024_cross-core_paced_itch,0,total,5440.03,5546.69,500
2,spsc_1024_cross-core_paced_itch,0,total,5546.69,5653.36,492
2,spsc_1024_cross-core_paced_itch,0,total,5653.36,5760.03,475
2,spsc_1024_cross-core_paced_itch,0,total,5760.03,5866.7,447
2,spsc_1024_cross-core_paced_itch,0,total,5866.7,5973.36,429
2,spsc_1024_cross-core_paced_itch,0,total,5973.36,6080.03,409
2,spsc_1024_cross-core_paced_itch,0,total,6080.03,6186.7,392
2,spsc_1024_cross-core_paced_itch,0,total,6186.7,6293.36,423
2,spsc_1024_cross-core_paced_itch,0,total,6293.36,6400.03,351
2,spsc_1024_cross-core_paced_itch,0,total,6400.03,6506.7,355
2,spsc_1024_cross-core_paced_itch,0,total,6506.7,6613.37,364
2,spsc_1024_cross-core_paced_itch,0,total,6613.37,6720.03,358
2,spsc_1024_cross-core_paced_itch,0,total,6720.03,6826.7,304
2,spsc_1024_cross-core_paced_itch,0,total,6826.7,7040.03,638
2,spsc_1024_cross-core_paced_itch,0,total,7040.03,7253.37,626
2,spsc_1024_cross-core_paced_itch,0,total,7253.37,7466.7,576
2,spsc_1024_cross-core_paced_itch,0,total,7466.7,7680.04,579
2,spsc_1024_cross-core_paced_itch,0,total,7680.04,7893.37,527
2,spsc_1024_cross-core_paced_itch,0,total,7893.37,8106.71,517
2,spsc_1024_cross-core_paced_itch,0,total,8106.71,8320.04,501
2,spsc_1024_cross-core_paced_itch,0,total,8320.04,8533.38,469
2,spsc_1024_cross-core_paced_itch,0,total,8533.38,8746.71,453
2,spsc_1024_cross-core_paced_itch,0,total,8746.71,8960.04,408
2,spsc_1024_cross-core_paced_itch,0,total,8960.04,9173.38,384
2,spsc_1024_cross-core_paced_itch,0,total,9173.38,9386.71,383
2,spsc_1024_cross-core_paced_itch,0,total,9386.71,9600.05,342
2,spsc_1024_cross-core_paced_itch,0,total,9600.05,9813.38,321
2,spsc_1024_cross-core_paced_itch,0,total,9813.38,10026.7,295
2,spsc_1024_cross-core_paced_itch,0,total,10026.7,10240.1,235
2,spsc_1024_cross-core_paced_itch,0,total,10240.1,10453.4,230
2,spsc_1024_cross-core_paced_itch,0,total,10453.4,10666.7,203
2,spsc_1024_cross-core_paced_itch,0,total,10666.7,10880.1,174
2,spsc_1024_cross-core_paced_itch,0,total,10880.1,11093.4,145
2,spsc_1024_cross-core_paced_itch,0,total,11093.4,11306.7,138
2,spsc_1024_cross-core_paced_itch,0,total,11306.7,11520.1,118
2,spsc_1024_cross-core_paced_itch,0,total,11520.1,11733.4,88
2,spsc_1024_cross-core_paced_itch,0,total,11733.4,11946.7,95
2,spsc_1024_cross-core_paced_itch,0,total,11946.7,12160.1,75
2,spsc_1024_cross-core_paced_itch,0,total,12160.1,12373.4,72
2,spsc_1024_cross-core_paced_itch,0,total,12373.4,12586.7,65
2,spsc_1024_cross-core_paced_itch,0,total,12586.7,12800.1,54
2,spsc_1024_cross-core_paced_itch,0,total,12800.1,13013.4,52
2,spsc_1024_cross-core_paced_itch,0,total,13013.4,13226.7,57
2,spsc_1024_cross-core_paced_itch,0,total,13226.7,13440.1,39
2,spsc_1024_cross-core_paced_itch,0,total,13440.1,13653.4,45
2,spsc_1024_cross-core_paced_itch,0,total,13653.4,14080.1,81
2,spsc_1024_cross-core_paced_itch,0,total,14080.1,14506.7,75
2,spsc_1024_cross-core_paced_itch,0,total,14506.7,14933.4,62
2,spsc_1024_cross-core_paced_itch,0,total,14933.4,15360.1,65
2,spsc_1024_cross-core_paced_itch,0,total,15360.1,15786.7,63
2,spsc_1024_cross-core_paced_itch,0,total,15786.7,16213.4,50
2,spsc_1024_cross-core_paced_itch,0,total,16213.4,16640.1,36
2,spsc_1024_cross-core_paced_itch,0,total,16640.1,17066.8,40
2,spsc_1024_cross-core_paced_itch,0,total,17066.8,17493.4,44
2,spsc_1024_cross-core_paced_itch,0,total,17493.4,17920.1,24
2,spsc_1024_cross-core_paced_itch,0,total,17920.1,18346.8,41
2,spsc_1024_cross-core_paced_itch,0,total,18346.8,18773.4,56
2,spsc_1024_cross-core_paced_itch,0,total,18773.4,19200.1,23
2,spsc_1024_cross-core_paced_itch,0,total,19200.1,19626.8,20
2,spsc_1024_cross-core_paced_itch,0,total,19626.8,20053.4,18
2,spsc_1024_cross-core_paced_itch,0,total,20053.4,20480.1,12
2,spsc_1024_cross-core_paced_itch,0,total,20480.1,20906.8,12
2,spsc_1024_cross-core_paced_itch,0,total,20906.8,21333.4,12
2,spsc_1024_cross-core_paced_itch,0,total,21333.4,21760.1,12
2,spsc_1024_cross-core_paced_itch,0,total,21760.1,22186.8,23
2,spsc_1024_cross-core_paced_itch,0,total,22186.8,22613.4,10
2,spsc_1024_cross-core_paced_itch,0,total,22613.4,23040.1,19
2,spsc_1024_cross-core_paced_itch,0,total,23040.1,23466.8,11
2,spsc_1024_cross-core_paced_itch,0,total,23466.8,23893.5,24
2,spsc_1024_cross-core_paced_itch,0,total,23893.5,24320.1,18
2,spsc_1024_cross-core_paced_itch,0,total,24320.1,24746.8,24
2,spsc_1024_cross-core_paced_itch,0,total,24746.8,25173.5,10
2,spsc_1024_cross-core_paced_itch,0,total,25173.5,25600.1,13
2,spsc_1024_cross-core_paced_itch,0,total,25600.1,26026.8,12
2,spsc_1024_cross-core_paced_itch,0,total,26026.8,26453.5,8
2,spsc_1024_cross-core_paced_itch,0,total,26453.5,26880.1,11
2,spsc_1024_cross-core_paced_itch,0,total,26880.1,27306.8,8
2,spsc_1024_cross-core_paced_itch,0,total,27306.8,28160.1,16
2,spsc_1024_cross-core_paced_itch,0,total,28160.1,29013.5,11
2,spsc_1024_cross-core_paced_itch,0,total,29013.5,29866.8,12
2,spsc_1024_cross-core_paced_itch,0,total,29866.8,30720.2,17
2,spsc_1024_cross-core_paced_itch,0,total,30720.2,31573.5,13
2,spsc_1024_cross-core_paced_itch,0,total,31573.5,32426.8,8
2,spsc_1024_cross-core_paced_itch,0,total,32426.8,33280.2,3
2,spsc_1024_cross-core_paced_itch,0,total,33280.2,34133.5,13
2,spsc_1024_cross-core_paced_itch,0,total,34133.5,34986.8,16
2,spsc_1024_cross-core_paced_itch,0,total,34986.8,35840.2,9
2,spsc_1024_cross-core_paced_itch,0,total,35840.2,36693.5,6
2,spsc_1024_cross-core_paced_itch,0,total,36693.5,37546.9,6
2,spsc_1024_cross-core_paced_itch,0,total,37546.9,38400.2,15
2,spsc_1024_cross-core_paced_itch,0,total,38400.2,39253.5,12
2,spsc_1024_cross-core_paced_itch,0,total,39253.5,40106.9,8
2,spsc_1024_cross-core_paced_itch,0,total,40106.9,40960.2,12
2,spsc_1024_cross-core_paced_itch,0,total,40960.2,41813.5,5
2,spsc_1024_cross-core_paced_itch,0,total,41813.5,42666.9,8
2,spsc_1024_cross-core_paced_itch,0,total,42666.9,43520.2,5
2,spsc_1024_cross-core_paced_itch,0,total,43520.2,44373.6,6
2,spsc_1024_cross-core_paced_itch,0,total,44373.6,45226.9,12
2,spsc_1024_cross-core_paced_itch,0,total,45226.9,46080.2,11
2,spsc_1024_cross-core_paced_itch,0,total,46080.2,46933.6,12
2,spsc_1024_cross-core_paced_itch,0,total,46933.6,47786.9,7
2,spsc_1024_cross-core_paced_itch,0,total,47786.9,48640.2,5
2,spsc_1024_cross-core_paced_itch,0,total,48640.2,49493.6,5
2,spsc_1024_cross-core_paced_itch,0,total,49493.6,50346.9,7
2,spsc_1024_cross-core_paced_itch,0,total,50346.9,51200.3,4
2,spsc_1024_cross-core_paced_itch,0,total,51200.3,52053.6,14
2,spsc_1024_cross-core_paced_itch,0,total,52053.6,52906.9,6
2,spsc_1024_cross-core_paced_itch,0,total,52906.9,53760.3,9
2,spsc_1024_cross-core_paced_itch,0,total,53760.3,54613.6,1
2,spsc_1024_cross-core_paced_itch,0,total,54613.6,56320.3,18
2,spsc_1024_cross-core_paced_itch,0,total,56320.3,58027,14
2,spsc_1024_cross-core_paced_itch,0,total,58027,59733.6,16
2,spsc_1024_cross-core_paced_itch,0,total,59733.6,61440.3,14
2,spsc_1024_cross-core_paced_itch,0,total,61440.3,63147,13
2,spsc_1024_cross-core_paced_itch,0,total,63147,64853.7,22
2,spsc_1024_cross-core_paced_itch,0,total,64853.7,66560.3,17
2,spsc_1024_cross-core_paced_itch,0,total,66560.3,68267,15
2,spsc_1024_cross-core_paced_itch,0,total,68267,69973.7,23
2,spsc_1024_cross-core_paced_itch,0,total,69973.7,71680.4,17
2,spsc_1024_cross-core_paced_itch,0,total,71680.4,73387,21
2,spsc_1024_cross-core_paced_itch,0,total,73387,75093.7,22
2,spsc_1024_cross-core_paced_itch,0,total,75093.7,76800.4,39
2,spsc_1024_cross-core_paced_itch,0,total,76800.4,78507.1,34
2,spsc_1024_cross-core_paced_itch,0,total,78507.1,80213.7,37
2,spsc_1024_cross-core_paced_itch,0,total,80213.7,81920.4,21
2,spsc_1024_cross-core_paced_itch,0,total,81920.4,83627.1,34
2,spsc_1024_cross-core_paced_itch,0,total,83627.1,85333.8,11
2,spsc_1024_cross-core_paced_itch,0,total,85333.8,87040.4,18
2,spsc_1024_cross-core_paced_itch,0,total,87040.4,88747.1,6
2,spsc_1024_cross-core_paced_itch,0,total,88747.1,90453.8,22
2,spsc_1024_cross-core_paced_itch,0,total,90453.8,92160.5,12
2,spsc_1024_cross-core_paced_itch,0,total,92160.5,93867.1,18
2,spsc_1024_cross-core_paced_itch,0,total,93867.1,95573.8,28
2,spsc_1024_cross-core_paced_itch,0,total,95573.8,97280.5,12
2,spsc_1024_cross-core_paced_itch,0,total,97280.5,98987.2,14
2,spsc_1024_cross-core_paced_itch,0,total,98987.2,100694,15
2,spsc_1024_cross-core_paced_itch,0,total,100694,102401,12
2,spsc_1024_cross-core_paced_itch,0,total,102401,104107,3
2,spsc_1024_cross-core_paced_itch,0,total,104107,105814,5
2,spsc_1024_cross-core_paced_itch,0,total,105814,107521,6
2,spsc_1024_cross-core_paced_itch,0,total,107521,109227,6
2,spsc_1024_cross-core_paced_itch,0,total,109227,112641,8
2,spsc_1024_cross-core_paced_itch,0,total,112641,116054,16
2,spsc_1024_cross-core_paced_itch,0,total,116054,119467,7
2,spsc_1024_cross-core_paced_itch,0,total,119467,122881,13
2,spsc_1024_cross-core_paced_itch,0,total,122881,126294,8
2,spsc_1024_cross-core_paced_itch,0,total,126294,129707,11
2,spsc_1024_cross-core_paced_itch,0,total,129707,133121,24
2,spsc_1024_cross-core_paced_itch,0,total,133121,136534,23
2,spsc_1024_cross-core_paced_itch,0,total,136534,139947,14
2,spsc_1024_cross-core_paced_itch,0,total,139947,143361,13
2,spsc_1024_cross-core_paced_itch,0,total,143361,146774,18
2,spsc_1024_cross-core_paced_itch,0,total,146774,150187,19
2,spsc_1024_cross-core_paced_itch,0,total,150187,153601,10
2,spsc_1024_cross-core_paced_itch,0,total,153601,157014,9
2,spsc_1024_cross-core_paced_itch,0,total,157014,160427,4
2,spsc_1024_cross-core_paced_itch,0,total,160427,163841,3
2,spsc_1024_cross-core_paced_itch,0,total,163841,167254,7
2,spsc_1024_cross-core_paced_itch,0,total,167254,170668,6
2,spsc_1024_cross-core_paced_itch,0,total,170668,174081,4
2,spsc_1024_cross-core_paced_itch,0,total,174081,177494,14
2,spsc_1024_cross-core_paced_itch,0,total,177494,180908,7
2,spsc_1024_cross-core_paced_itch,0,total,180908,184321,7
2,spsc_1024_cross-core_paced_itch,0,total,184321,187734,13
2,spsc_1024_cross-core_paced_itch,0,total,187734,191148,6
2,spsc_1024_cross-core_paced_itch,0,total,191148,194561,3
2,spsc_1024_cross-core_paced_itch,0,total,194561,197974,10
2,spsc_1024_cross-core_paced_itch,0,total,197974,201388,7
2,spsc_1024_cross-core_paced_itch,0,total,201388,204801,2
2,spsc_1024_cross-core_paced_itch,0,total,204801,208214,2
2,spsc_1024_cross-core_paced_itch,0,total,208214,211628,10
2,spsc_1024_cross-core_paced_itch,0,total,211628,215041,8
2,spsc_1024_cross-core_paced_itch,0,total,215041,218454,23
2,spsc_1024_cross-core_paced_itch,0,total,218454,225281,14
2,spsc_1024_cross-core_paced_itch,0,total,225281,232108,18
2,spsc_1024_cross-core_paced_itch,0,total,232108,238935,15
2,spsc_1024_cross-core_paced_itch,0,total,238935,245761,9
2,spsc_1024_cross-core_paced_itch,0,total,245761,252588,15
2,spsc_1024_cross-core_paced_itch,0,total,252588,259415,22
2,spsc_1024_cross-core_paced_itch,0,total,259415,266241,3
2,spsc_1024_cross-core_paced_itch,0,total,266241,273068,10
2,spsc_1024_cross-core_paced_itch,0,total,273068,279895,11
2,spsc_1024_cross-core_paced_itch,0,total,279895,286721,6
2,spsc_1024_cross-core_paced_itch,0,total,286721,293548,22
2,spsc_1024_cross-core_paced_itch,0,total,293548,300375,21
2,spsc_1024_cross-core_paced_itch,0,total,300375,307202,12
2,spsc_1024_cross-core_paced_itch,0,total,307202,314028,7
2,spsc_1024_cross-core_paced_itch,0,total,314028,320855,14
2,spsc_1024_cross-core_paced_itch,0,total,320855,327682,16
2,spsc_1024_cross-core_paced_itch,0,total,327682,334508,4
2,spsc_1024_cross-core_paced_itch,0,total,334508,341335,11
2,spsc_1024_cross-core_paced_itch,0,total,341335,348162,5
2,spsc_1024_cross-core_paced_itch,0,total,348162,354988,18
2,spsc_1024_cross-core_paced_itch,0,total,354988,361815,18
2,spsc_1024_cross-core_paced_itch,0,total,361815,368642,16
2,spsc_1024_cross-core_paced_itch,0,total,368642,375469,37
2,spsc_1024_cross-core_paced_itch,0,total,375469,382295,29
2,spsc_1024_cross-core_paced_itch,0,total,382295,389122,21
2,spsc_1024_cross-core_paced_itch,0,total,389122,395949,19
2,spsc_1024_cross-core_paced_itch,0,total,395949,402775,22
2,spsc_1024_cross-core_paced_itch,0,total,402775,409602,7
2,spsc_1024_cross-core_paced_itch,0,total,409602,416429,17
2,spsc_1024_cross-core_paced_itch,0,total,416429,423255,24
2,spsc_1024_cross-core_paced_itch,0,total,423255,430082,23
2,spsc_1024_cross-core_paced_itch,0,total,430082,436909,18
2,spsc_1024_cross-core_paced_itch,0,total,436909,450562,87
2,spsc_1024_cross-core_paced_itch,0,total,450562,464216,166
2,spsc_1024_cross-core_paced_itch,0,total,464216,477869,68
2,spsc_1024_cross-core_paced_itch,0,total,477869,491522,45
2,spsc_1024_cross-core_paced_itch,0,total,491522,505176,40
2,spsc_1024_cross-core_paced_itch,0,queue,136.667,140.001,3
2,spsc_1024_cross-core_paced_itch,0,queue,140.001,143.334,3
2,spsc_1024_cross-core_paced_itch,0,queue,143.334,146.667,2
2,spsc_1024_cross-core_paced_itch,0,queue,146.667,150.001,2
2,spsc_1024_cross-core_paced_itch,0,queue,150.001,153.334,3
2,spsc_1024_cross-core_paced_itch,0,queue,153.334,156.667,4
2,spsc_1024_cross-core_paced_itch,0,queue,156.667,160.001,7
2,spsc_1024_cross-core_paced_itch,0,queue,160.001,163.334,12
2,spsc_1024_cross-core_paced_itch,0,queue,163.334,166.667,14
2,spsc_1024_cross-core_paced_itch,0,queue,166.667,170.001,9
2,spsc_1024_cross-core_paced_itch,0,queue,170.001,173.334,12
2,spsc_1024_cross-core_paced_itch,0,queue,173.334,176.668,23
2,spsc_1024_cross-core_paced_itch,0,queue,176.668,180.001,13
2,spsc_1024_cross-core_paced_itch,0,queue,180.001,183.334,12
2,spsc_1024_cross-core_paced_itch,0,queue,183.334,186.668,15
2,spsc_1024_cross-core_paced_itch,0,queue,186.668,190.001,15
2,spsc_1024_cross-core_paced_itch,0,queue,190.001,193.334,33
2,spsc_1024_cross-core_paced_itch,0,queue,193.334,196.668,109
2,spsc_1024_cross-core_paced_itch,0,queue,196.668,200.001,267
2,spsc_1024_cross-core_paced_itch,0,queue,200.001,203.334,654
2,spsc_1024_cross-core_paced_itch,0,queue,203.334,206.668,1354
2,spsc_1024_cross-core_paced_itch,0,queue,206.668,210.001,1923
2,spsc_1024_cross-core_paced_itch,0,queue,210.001,213.334,2575
2,spsc_1024_cross-core_paced_itch,0,queue,213.334,220.001,5815
2,spsc_1024_cross-core_paced_itch,0,queue,220.001,226.668,6326
2,spsc_1024_cross-core_paced_itch,0,queue,226.668,233.334,5488
2,spsc_1024_cross-core_paced_itch,0,queue,233.334,240.001,3207
2,spsc_1024_cross-core_paced_itch,0,queue,240.001,246.668,1426
2,spsc_1024_cross-core_paced_itch,0,queue,246.668,253.335,765
2,spsc_1024_cross-core_paced_itch,0,queue,253.335,260.001,690
2,spsc_1024_cross-core_paced_itch,0,queue,260.001,266.668,674
2,spsc_1024_cross-core_paced_itch,0,queue,266.668,273.335,673
2,spsc_1024_cross-core_paced_itch,0,queue,273.335,280.001,691
2,spsc_1024_cross-core_paced_itch,0,queue,280.001,286.668,630
2,spsc_1024_cross-core_paced_itch,0,queue,286.668,293.335,656
2,spsc_1024_cross-core_paced_itch,0,queue,293.335,300.001,709
2,spsc_1024_cross-core_paced_itch,0,queue,300.001,306.668,779
2,spsc_1024_cross-core_paced_itch,0,queue,306.668,313.335,992
2,spsc_1024_cross-core_paced_itch,0,queue,313.335,320.002,2211
2,spsc_1024_cross-core_paced_itch,0,queue,320.002,326.668,4849
2,spsc_1024_cross-core_paced_itch,0,queue,326.668,333.335,8449
2,spsc_1024_cross-core_paced_itch,0,queue,333.335,340.002,11753
2,spsc_1024_cross-core_paced_itch,0,queue,340.002,346.668,13042
2,spsc_1024_cross-core_paced_itch,0,queue,346.668,353.335,11558
2,spsc_1024_cross-core_paced_itch,0,queue,353.335,360.002,8887
2,spsc_1024_cross-core_paced_itch,0,queue,360.002,366.668,6251
2,spsc_1024_cross-core_paced_itch,0,queue,366.668,373.335,5249
2,spsc_1024_cross-core_paced_itch,0,queue,373.335,380.002,5897
2,spsc_1024_cross-core_paced_itch,0,queue,380.002,386.669,6982
2,spsc_1024_cross-core_paced_itch,0,queue,386.669,393.335,7309
2,spsc_1024_cross-core_paced_itch,0,queue,393.335,400.002,7116
2,spsc_1024_cross-core_paced_itch,0,queue,400.002,406.669,5672
2,spsc_1024_cross-core_paced_itch,0,queue,406.669,413.335,3795
2,spsc_1024_cross-core_paced_itch,0,queue,413.335,420.002,2358
2,spsc_1024_cross-core_paced_itch,0,queue,420.002,426.669,1559
2,spsc_1024_cross-core_paced_itch,0,queue,426.669,440.002,2144
2,spsc_1024_cross-core_paced_itch,0,queue,440.002,453.336,1868
2,spsc_1024_cross-core_paced_itch,0,queue,453.336,466.669,1650
2,spsc_1024_cross-core_paced_itch,0,queue,466.669,480.002,1594
2,spsc_1024_cross-core_paced_itch,0,queue,480.002,493.336,1569
2,spsc_1024_cross-core_paced_itch,0,queue,493.336,506.669,1441
2,spsc_1024_cross-core_paced_itch,0,queue,506.669,520.003,1341
2,spsc_1024_cross-core_paced_itch,0,queue,520.003,533.336,1369
2,spsc_1024_cross-core_paced_itch,0,queue,533.336,546.669,1346
2,spsc_1024_cross-core_paced_itch,0,queue,546.669,560.003,1280
2,spsc_1024_cross-core_paced_itch,0,queue,560.003,573.336,1102
2,spsc_1024_cross-core_paced_itch,0,queue,573.336,586.67,1106
2,spsc_1024_cross-core_paced_itch,0,queue,586.67,600.003,1085
2,spsc_1024_cross-core_paced_itch,0,queue,600.003,613.336,1071
2,spsc_1024_cross-core_paced_itch,0,queue,613.336,626.67,941
2,spsc_1024_cross-core_paced_itch,0,queue,626.67,640.003,861
2,spsc_1024_cross-core_paced_itch,0,queue,640.003,653.337,742
2,spsc_1024_cross-core_paced_itch,0,queue,653.337,666.67,722
2,spsc_1024_cross-core_paced_itch,0,queue,666.67,680.003,669
2,spsc_1024_cross-core_paced_itch,0,queue,680.003,693.337,685
2,spsc_1024_cross-core_paced_itch,0,queue,693.337,706.67,626
2,spsc_1024_cross-core_paced_itch,0,queue,706.67,720.004,627
2,spsc_1024_cross-core_paced_itch,0,queue,720.004,733.337,623
2,spsc_1024_cross-core_paced_itch,0,queue,733.337,746.67,582
2,spsc_1024_cross-core_paced_itch,0,queue,746.67,760.004,593
2,spsc_1024_cross-core_paced_itch,0,queue,760.004,773.337,529
2,spsc_1024_cross-core_paced_itch,0,queue,773.337,786.671,546
2,spsc_1024_cross-core_paced_itch,0,queue,786.671,800.004,508
2,spsc_1024_cross-core_paced_itch,0,queue,800.004,813.337,489
2,spsc_1024_cross-core_paced_itch,0,queue,813.337,826.671,527
2,spsc_1024_cross-core_paced_itch,0,queue,826.671,840.004,496
2,spsc_1024_cross-core_paced_itch,0,queue,840.004,853.338,470
2,spsc_1024_cross-core_paced_itch,0,queue,853.338,880.004,888
2,spsc_1024_cross-core_paced_itch,0,queue,880.004,906.671,840
2,spsc_1024_cross-core_paced_itch,0,queue,906.671,933.338,900
2,spsc_1024_cross-core_paced_itch,0,queue,933.338,960.005,792
2,spsc_1024_cross-core_paced_itch,0,queue,960.005,986.672,776
2,spsc_1024_cross-core_paced_itch,0,queue,986.672,1013.34,775
2,spsc_1024_cross-core_paced_itch,0,queue,1013.34,1040.01,735
2,spsc_1024_cross-core_paced_itch,0,queue,1040.01,1066.67,790
2,spsc_1024_cross-core_paced_itch,0,queue,1066.67,1093.34,738
2,spsc_1024_cross-core_paced_itch,0,queue,1093.34,1120.01,698
2,spsc_1024_cross-core_paced_itch,0,queue,1120.01,1146.67,734
2,spsc_1024_cross-core_paced_itch,0,queue,1146.67,1173.34,751
2,spsc_1024_cross-core_paced_itch,0,queue,1173.34,1200.01,676
2,spsc_1024_cross-core_paced_itch,0,queue,1200.01,1226.67,728
2,spsc_1024_cross-core_paced_itch,0,queue,1226.67,1253.34,675
2,spsc_1024_cross-core_paced_itch,0,queue,1253.34,1280.01,694
2,spsc_1024_cross-core_paced_itch,0,queue,1280.01,1306.67,623
2,spsc_1024_cross-core_paced_itch,0,queue,1306.67,1333.34,698
2,spsc_1024_cross-core_paced_itch,0,queue,1333.34,1360.01,692
2,spsc_1024_cross-core_paced_itch,0,queue,1360.01,1386.67,667
2,spsc_1024_cross-core_paced_itch,0,queue,1386.67,1413.34,630
2,spsc_1024_cross-core_paced_itch,0,queue,1413.34,1440.01,620
2,spsc_1024_cross-core_paced_itch,0,queue,1440.01,1466.67,634
2,spsc_1024_cross-core_paced_itch,0,queue,1466.67,1493.34,596
2,spsc_1024_cross-core_paced_itch,0,queue,1493.34,1520.01,673
2,spsc_1024_cross-core_paced_itch,0,queue,1520.01,1546.67,636
2,spsc_1024_cross-core_paced_itch,0,queue,1546.67,1573.34,540
2,spsc_1024_cross-core_paced_itch,0,queue,1573.34,1600.01,615
2,spsc_1024_cross-core_paced_itch,0,queue,1600.01,1626.67,616
2,spsc_1024_cross-core_paced_itch,0,queue,1626.67,1653.34,582
2,spsc_1024_cross-core_paced_itch,0,queue,1653.34,1680.01,546
2,spsc_1024_cross-core_paced_itch,0,queue,1680.01,1706.68,551
2,spsc_1024_cross-core_paced_itch,0,queue,1706.68,1760.01,1140
2,spsc_1024_cross-core_paced_itch,0,queue,1760.01,1813.34,1133
2,spsc_1024_cross-core_paced_itch,0,queue,1813.34,1866.68,1055
2,spsc_1024_cross-core_paced_itch,0,queue,1866.68,1920.01,1111
2,spsc_1024_cross-core_paced_itch,0,queue,1920.01,1973.34,1064
2,spsc_1024_cross-core_paced_itch,0,queue,1973.34,2026.68,1045
2,spsc_1024_cross-core_paced_itch,0,queue,2026.68,2080.01,1040
2,spsc_1024_cross-core_paced_itch,0,queue,2080.01,2133.34,945
2,spsc_1024_cross-core_paced_itch,0,queue,2133.34,2186.68,902
2,spsc_1024_cross-core_paced_itch,0,queue,2186.68,2240.01,958
2,spsc_1024_cross-core_paced_itch,0,queue,2240.01,2293.34,907
2,spsc_1024_cross-core_paced_itch,0,queue,2293.34,2346.68,928
2,spsc_1024_cross-core_paced_itch,0,queue,2346.68,2400.01,876
2,spsc_1024_cross-core_paced_itch,0,queue,2400.01,2453.35,905
2,spsc_1024_cross-core_paced_itch,0,queue,2453.35,2506.68,867
2,spsc_1024_cross-core_paced_itch,0,queue,2506.68,2560.01,835
2,spsc_1024_cross-core_paced_itch,0,queue,2560.01,2613.35,836
2,spsc_1024_cross-core_paced_itch,0,queue,2613.35,2666.68,770
2,spsc_1024_cross-core_paced_itch,0,queue,2666.68,2720.01,832
2,spsc_1024_cross-core_paced_itch,0,queue,2720.01,2773.35,807
2,spsc_1024_cross-core_paced_itch,0,queue,2773.35,2826.68,792
2,spsc_1024_cross-core_paced_itch,0,queue,2826.68,2880.01,759
2,spsc_1024_cross-core_paced_itch,0,queue,2880.01,2933.35,761
2,spsc_1024_cross-core_paced_itch,0,queue,2933.35,2986.68,706
2,spsc_1024_cross-core_paced_itch,0,queue,2986.68,3040.02,670
2,spsc_1024_cross-core_paced_itch,0,queue,3040.02,3093.35,707
2,spsc_1024_cross-core_paced_itch,0,queue,3093.35,3146.68,683
2,spsc_1024_cross-core_paced_itch,0,queue,3146.68,3200.02,636
2,spsc_1024_cross-core_paced_itch,0,queue,3200.02,3253.35,635
2,spsc_1024_cross-core_paced_itch,0,queue,3253.35,3306.68,665
2,spsc_1024_cross-core_paced_itch,0,queue,3306.68,3360.02,648
2,spsc_1024_cross-core_paced_itch,0,queue,3360.02,3413.35,590
2,spsc_1024_cross-core_paced_itch,0,queue,3413.35,3520.02,1120
2,spsc_1024_cross-core_paced_itch,0,queue,3520.02,3626.68,1068
2,spsc_1024_cross-core_paced_itch,0,queue,3626.68,3733.35,1030
2,spsc_1024_cross-core_paced_itch,0,queue,3733.35,3840.02,1009
2,spsc_1024_cross-core_paced_itch,0,queue,3840.02,3946.69,963
2,spsc_1024_cross-core_paced_itch,0,queue,3946.69,4053.35,931
2,spsc_1024_cross-core_paced_itch,0,queue,4053.35,4160.02,844
2,spsc_1024_cross-core_paced_itch,0,queue,4160.02,4266.69,850
2,spsc_1024_cross-core_paced_itch,0,queue,4266.69,4373.36,732
2,spsc_1024_cross-core_paced_itch,0,queue,4373.36,4480.02,743
2,spsc_1024_cross-core_paced_itch,0,queue,4480.02,4586.69,698
2,spsc_1024_cross-core_paced_itch,0,queue,4586.69,4693.36,695
2,spsc_1024_cross-core_paced_itch,0,queue,4693.36,4800.02,667
2,spsc_1024_cross-core_paced_itch,0,queue,4800.02,4906.69,639
2,spsc_1024_cross-core_paced_itch,0,queue,4906.69,5013.36,568
2,spsc_1024_cross-core_paced_itch,0,queue,5013.36,5120.03,541
2,spsc_1024_cross-core_paced_itch,0,queue,5120.03,5226.69,503
2,spsc_1024_cross-core_paced_itch,0,queue,5226.69,5333.36,523
2,spsc_1024_cross-core_paced_itch,0,queue,5333.36,5440.03,494
2,spsc_1024_cross-core_paced_itch,0,queue,5440.03,5546.69,483
2,spsc_1024_cross-core_paced_itch,0,queue,5546.69,5653.36,454
2,spsc_1024_cross-core_paced_itch,0,queue,5653.36,5760.03,410
2,spsc_1024_cross-core_paced_itch,0,queue,5760.03,5866.7,429
2,spsc_1024_cross-core_paced_itch,0,queue,5866.7,5973.36,385
2,spsc_1024_cross-core_paced_itch,0,queue,5973.36,6080.03,412
2,spsc_1024_cross-core_paced_itch,0,queue,6080.03,6186.7,384
2,spsc_1024_cross-core_paced_itch,0,queue,6186.7,6293.36,344
2,spsc_1024_cross-core_paced_itch,0,queue,6293.36,6400.03,362
2,spsc_1024_cross-core_paced_itch,0,queue,6400.03,6506.7,359
2,spsc_1024_cross-core_paced_itch,0,queue,6506.7,6613.37,343
2,spsc_1024_cross-core_paced_itch,0,queue,6613.37,6720.03,297
2,spsc_1024_cross-core_paced_itch,0,queue,6720.03,6826.7,323
2,spsc_1024_cross-core_paced_itch,0,queue,6826.7,7040.03,626
2,spsc_1024_cross-core_paced_itch,0,queue,7040.03,7253.37,575
2,spsc_1024_cross-core_paced_itch,0,queue,7253.37,7466.7,587
2,spsc_1024_cross-core_paced_itch,0,queue,7466.7,7680.04,532
2,spsc_1024_cross-core_paced_itch,0,queue,7680.04,7893.37,524
2,spsc_1024_cross-core_paced_itch,0,queue,7893.37,8106.71,499
2,spsc_1024_cross-core_paced_itch,0,queue,8106.71,8320.04,455
2,spsc_1024_cross-core_paced_itch,0,queue,8320.04,8533.38,462
2,spsc_1024_cross-core_paced_itch,0,queue,8533.38,8746.71,420
2,spsc_1024_cross-core_paced_itch,0,queue,8746.71,8960.04,367
2,spsc_1024_cross-core_paced_itch,0,queue,8960.04,9173.38,389
2,spsc_1024_cross-core_paced_itch,0,queue,9173.38,9386.71,351
2,spsc_1024_cross-core_paced_itch,0,queue,9386.71,9600.05,322
2,spsc_1024_cross-core_paced_itch,0,queue,9600.05,9813.38,298
2,spsc_1024_cross-core_paced_itch,0,queue,9813.38,10026.7,255
2,spsc_1024_cross-core_paced_itch,0,queue,10026.7,10240.1,245
2,spsc_1024_cross-core_paced_itch,0,queue,10240.1,10453.4,204
2,spsc_1024_cross-core_paced_itch,0,queue,10453.4,10666.7,177
2,spsc_1024_cross-core_paced_itch,0,queue,10666.7,10880.1,166
2,spsc_1024_cross-core_paced_itch,0,queue,10880.1,11093.4,144
2,spsc_1024_cross-core_paced_itch,0,queue,11093.4,11306.7,121
2,spsc_1024_cross-core_paced_itch,0,queue,11306.7,11520.1,95
2,spsc_1024_cross-core_paced_itch,0,queue,11520.1,11733.4,93
2,spsc_1024_cross-core_paced_itch,0,queue,11733.4,11946.7,75
2,spsc_1024_cross-core_paced_itch,0,queue,11946.7,12160.1,84
2,spsc_1024_cross-core_paced_itch,0,queue,12160.1,12373.4,59
2,spsc_1024_cross-core_paced_itch,0,queue,12373.4,12586.7,55
2,spsc_1024_cross-core_paced_itch,0,queue,12586.7,12800.1,52
2,spsc_1024_cross-core_paced_itch,0,queue,12800.1,13013.4,56
2,spsc_1024_cross-core_paced_itch,0,queue,13013.4,13226.7,36
2,spsc_1024_cross-core_paced_itch,0,queue,13226.7,13440.1,45
2,spsc_1024_cross-core_paced_itch,0,queue,13440.1,13653.4,50
2,spsc_1024_cross-core_paced_itch,0,queue,13653.4,14080.1,78
2,spsc_1024_cross-core_paced_itch,0,queue,14080.1,14506.7,61
2,spsc_1024_cross-core_paced_itch,0,queue,14506.7,14933.4,67
2,spsc_1024_cross-core_paced_itch,0,queue,14933.4,15360.1,62
2,spsc_1024_cross-core_paced_itch,0,queue,15360.1,15786.7,57
2,spsc_1024_cross-core_paced_itch,0,queue,15786.7,16213.4,45
2,spsc_1024_cross-core_paced_itch,0,queue,16213.4,16640.1,42
2,spsc_1024_cross-core_paced_itch,0,queue,16640.1,17066.8,36
2,spsc_1024_cross-core_paced_itch,0,queue,17066.8,17493.4,34
2,spsc_1024_cross-core_paced_itch,0,queue,17493.4,17920.1,34
2,spsc_1024_cross-core_paced_itch,0,queue,17920.1,18346.8,45
2,spsc_1024_cross-core_paced_itch,0,queue,18346.8,18773.4,42
2,spsc_1024_cross-core_paced_itch,0,queue,18773.4,19200.1,27
2,spsc_1024_cross-core_paced_itch,0,queue,19200.1,19626.8,18
2,spsc_1024_cross-core_paced_itch,0,queue,19626.8,20053.4,11
2,spsc_1024_cross-core_paced_itch,0,queue,20053.4,20480.1,15
2,spsc_1024_cross-core_paced_itch,0,queue,20480.1,20906.8,11
2,spsc_1024_cross-core_paced_itch,0,queue,20906.8,21333.4,10
2,spsc_1024_cross-core_paced_itch,0,queue,21333.4,21760.1,14
2,spsc_1024_cross-core_paced_itch,0,queue,21760.1,22186.8,22
2,spsc_1024_cross-core_paced_itch,0,queue,22186.8,22613.4,16
2,spsc_1024_cross-core_paced_itch,0,queue,22613.4,23040.1,12
2,spsc_1024_cross-core_paced_itch,0,queue,23040.1,23466.8,18
2,spsc_1024_cross-core_paced_itch,0,queue,23466.8,23893.5,22
2,spsc_1024_cross-core_paced_itch,0,queue,23893.5,24320.1,23
2,spsc_1024_cross-core_paced_itch,0,queue,24320.1,24746.8,15
2,spsc_1024_cross-core_paced_itch,0,queue,24746.8,25173.5,12
2,spsc_1024_cross-core_paced_itch,0,queue,25173.5,25600.1,12
2,spsc_1024_cross-core_paced_itch,0,queue,25600.1,26026.8,11
2,spsc_1024_cross-core_paced_itch,0,queue,26026.8,26453.5,7
2,spsc_1024_cross-core_paced_itch,0,queue,26453.5,26880.1,13
2,spsc_1024_cross-core_paced_itch,0,queue,26880.1,27306.8,6
2,spsc_1024_cross-core_paced_itch,0,queue,27306.8,28160.1,15
2,spsc_1024_cross-core_paced_itch,0,queue,28160.1,29013.5,13
2,spsc_1024_cross-core_paced_itch,0,queue,29013.5,29866.8,9
2,spsc_1024_cross-core_paced_itch,0,queue,29866.8,30720.2,18
2,spsc_1024_cross-core_paced_itch,0,queue,30720.2,31573.5,13
2,spsc_1024_cross-core_paced_itch,0,queue,31573.5,32426.8,6
2,spsc_1024_cross-core_paced_itch,0,queue,32426.8,33280.2,5
2,spsc_1024_cross-core_paced_itch,0,queue,33280.2,34133.5,15
2,spsc_1024_cross-core_paced_itch,0,queue,34133.5,34986.8,14
2,spsc_1024_cross-core_paced_itch,0,queue,34986.8,35840.2,7
2,spsc_1024_cross-core_paced_itch,0,queue,35840.2,36693.5,6
2,spsc_1024_cross-core_paced_itch,0,queue,36693.5,37546.9,10
2,spsc_1024_cross-core_paced_itch,0,queue,37546.9,38400.2,13
2,spsc_1024_cross-core_paced_itch,0,queue,38400.2,39253.5,12
2,spsc_1024_cross-core_paced_itch,0,queue,39253.5,40106.9,9
2,spsc_1024_cross-core_paced_itch,0,queue,40106.9,40960.2,11
2,spsc_1024_cross-core_paced_itch,0,queue,40960.2,41813.5,6
2,spsc_1024_cross-core_paced_itch,0,queue,41813.5,42666.9,6
2,spsc_1024_cross-core_paced_itch,0,queue,42666.9,43520.2,6
2,spsc_1024_cross-core_paced_itch,0,queue,43520.2,44373.6,4
2,spsc_1024_cross-core_paced_itch,0,queue,44373.6,45226.9,18
2,spsc_1024_cross-core_paced_itch,0,queue,45226.9,46080.2,8
2,spsc_1024_cross-core_paced_itch,0,queue,46080.2,46933.6,12
2,spsc_1024_cross-core_paced_itch,0,queue,46933.6,47786.9,5
2,spsc_1024_cross-core_paced_itch,0,queue,47786.9,48640.2,5
2,spsc_1024_cross-core_paced_itch,0,queue,48640.2,49493.6,5
2,spsc_1024_cross-core_paced_itch,0,queue,49493.6,50346.9,6
2,spsc_1024_cross-core_paced_itch,0,queue,50346.9,51200.3,8
2,spsc_1024_cross-core_paced_itch,0,queue,51200.3,52053.6,13
2,spsc_1024_cross-core_paced_itch,0,queue,52053.6,52906.9,4
2,spsc_1024_cross-core_paced_itch,0,queue,52906.9,53760.3,9
2,spsc_1024_cross-core_paced_itch,0,queue,54613.6,56320.3,22
2,spsc_1024_cross-core_paced_itch,0,queue,56320.3,58027,13
2,spsc_1024_cross-core_paced_itch,0,queue,58027,59733.6,16
2,spsc_1024_cross-core_paced_itch,0,queue,59733.6,61440.3,13
2,spsc_1024_cross-core_paced_itch,0,queue,61440.3,63147,13
2,spsc_1024_cross-core_paced_itch,0,queue,63147,64853.7,25
2,spsc_1024_cross-core_paced_itch,0,queue,64853.7,66560.3,12
2,spsc_1024_cross-core_paced_itch,0,queue,66560.3,68267,17
2,spsc_1024_cross-core_paced_itch,0,queue,68267,69973.7,24
2,spsc_1024_cross-core_paced_itch,0,queue,69973.7,71680.4,15
2,spsc_1024_cross-core_paced_itch,0,queue,71680.4,73387,22
2,spsc_1024_cross-core_paced_itch,0,queue,73387,75093.7,22
2,spsc_1024_cross-core_paced_itch,0,queue,75093.7,76800.4,44
2,spsc_1024_cross-core_paced_itch,0,queue,76800.4,78507.1,30
2,spsc_1024_cross-core_paced_itch,0,queue,78507.1,80213.7,37
2,spsc_1024_cross-core_paced_itch,0,queue,80213.7,81920.4,22
2,spsc_1024_cross-core_paced_itch,0,queue,81920.4,83627.1,30
2,spsc_1024_cross-core_paced_itch,0,queue,83627.1,85333.8,14
2,spsc_1024_cross-core_paced_itch,0,queue,85333.8,87040.4,15
2,spsc_1024_cross-core_paced_itch,0,queue,87040.4,88747.1,8
2,spsc_1024_cross-core_paced_itch,0,queue,88747.1,90453.8,21
2,spsc_1024_cross-core_paced_itch,0,queue,90453.8,92160.5,14
2,spsc_1024_cross-core_paced_itch,0,queue,92160.5,93867.1,17
2,spsc_1024_cross-core_paced_itch,0,queue,93867.1,95573.8,28
2,spsc_1024_cross-core_paced_itch,0,queue,95573.8,97280.5,15
2,spsc_1024_cross-core_paced_itch,0,queue,97280.5,98987.2,9
2,spsc_1024_cross-core_paced_itch,0,queue,98987.2,100694,17
2,spsc_1024_cross-core_paced_itch,0,queue,100694,102401,11
2,spsc_1024_cross-core_paced_itch,0,queue,102401,104107,4
2,spsc_1024_cross-core_paced_itch,0,queue,104107,105814,3
2,spsc_1024_cross-core_paced_itch,0,queue,105814,107521,6
2,spsc_1024_cross-core_paced_itch,0,queue,107521,109227,8
2,spsc_1024_cross-core_paced_itch,0,queue,109227,112641,7
2,spsc_1024_cross-core_paced_itch,0,queue,112641,116054,15
2,spsc_1024_cross-core_paced_itch,0,queue,116054,119467,9
2,spsc_1024_cross-core_paced_itch,0,queue,119467,122881,13
2,spsc_1024_cross-core_paced_itch,0,queue,122881,126294,7
2,spsc_1024_cross-core_paced_itch,0,queue,126294,129707,10
2,spsc_1024_cross-core_paced_itch,0,queue,129707,133121,25
2,spsc_1024_cross-core_paced_itch,0,queue,133121,136534,22
2,spsc_1024_cross-core_paced_itch,0,queue,136534,139947,14
2,spsc_1024_cross-core_paced_itch,0,queue,139947,143361,14
2,spsc_1024_cross-core_paced_itch,0,queue,143361,146774,18
2,spsc_1024_cross-core_paced_itch,0,queue,146774,150187,20
2,spsc_1024_cross-core_paced_itch,0,queue,150187,153601,8
2,spsc_1024_cross-core_paced_itch,0,queue,153601,157014,9
2,spsc_1024_cross-core_paced_itch,0,queue,157014,160427,5
2,spsc_1024_cross-core_paced_itch,0,queue,160427,163841,2
2,spsc_1024_cross-core_paced_itch,0,queue,163841,167254,7
2,spsc_1024_cross-core_paced_itch,0,queue,167254,170668,7
2,spsc_1024_cross-core_paced_itch,0,queue,170668,174081,3
2,spsc_1024_cross-core_paced_itch,0,queue,174081,177494,14
2,spsc_1024_cross-core_paced_itch,0,queue,177494,180908,7
2,spsc_1024_cross-core_paced_itch,0,queue,180908,184321,7
2,spsc_1024_cross-core_paced_itch,0,queue,184321,187734,13
2,spsc_1024_cross-core_paced_itch,0,queue,187734,191148,6
2,spsc_1024_cross-core_paced_itch,0,queue,191148,194561,4
2,spsc_1024_cross-core_paced_itch,0,queue,194561,197974,9
2,spsc_1024_cross-core_paced_itch,0,queue,197974,201388,7
2,spsc_1024_cross-core_paced_itch,0,queue,201388,204801,2
2,spsc_1024_cross-core_paced_itch,0,queue,204801,208214,2
2,spsc_1024_cross-core_paced_itch,0,queue,208214,211628,11
2,spsc_1024_cross-core_paced_itch,0,queue,211628,215041,8
2,spsc_1024_cross-core_paced_itch,0,queue,215041,218454,22
2,spsc_1024_cross-core_paced_itch,0,queue,218454,225281,14
2,spsc_1024_cross-core_paced_itch,0,queue,225281,232108,18
2,spsc_1024_cross-core_paced_itch,0,queue,232108,238935,16
2,spsc_1024_cross-core_paced_itch,0,queue,238935,245761,8
2,spsc_1024_cross-core_paced_itch,0,queue,245761,252588,16
2,spsc_1024_cross-core_paced_itch,0,queue,252588,259415,21
2,spsc_1024_cross-core_paced_itch,0,queue,259415,266241,3
2,spsc_1024_cross-core_paced_itch,0,queue,266241,273068,11
2,spsc_1024_cross-core_paced_itch,0,queue,273068,279895,10
2,spsc_1024_cross-core_paced_itch,0,queue,279895,286721,8
2,spsc_1024_cross-core_paced_itch,0,queue,286721,293548,20
2,spsc_1024_cross-core_paced_itch,0,queue,293548,300375,21
2,spsc_1024_cross-core_paced_itch,0,queue,300375,307202,12
2,spsc_1024_cross-core_paced_itch,0,queue,307202,314028,7
2,spsc_1024_cross-core_paced_itch,0,queue,314028,320855,15
2,spsc_1024_cross-core_paced_itch,0,queue,320855,327682,15
2,spsc_1024_cross-core_paced_itch,0,queue,327682,334508,4
2,spsc_1024_cross-core_paced_itch,0,queue,334508,341335,11
2,spsc_1024_cross-core_paced_itch,0,queue,341335,348162,6
2,spsc_1024_cross-core_paced_itch,0,queue,348162,354988,18
2,spsc_1024_cross-core_paced_itch,0,queue,354988,361815,17
2,spsc_1024_cross-core_paced_itch,0,queue,361815,368642,16
2,spsc_1024_cross-core_paced_itch,0,queue,368642,375469,37
2,spsc_1024_cross-core_paced_itch,0,queue,375469,382295,29
2,spsc_1024_cross-core_paced_itch,0,queue,382295,389122,21
2,spsc_1024_cross-core_paced_itch,0,queue,389122,395949,20
2,spsc_1024_cross-core_paced_itch,0,queue,395949,402775,21
2,spsc_1024_cross-core_paced_itch,0,queue,402775,409602,7
2,spsc_1024_cross-core_paced_itch,0,queue,409602,416429,17
2,spsc_1024_cross-core_paced_itch,0,queue,416429,423255,25
2,spsc_1024_cross-core_paced_itch,0,queue,423255,430082,22
2,spsc_1024_cross-core_paced_itch,0,queue,430082,436909,19
2,spsc_1024_cross-core_paced_itch,0,queue,436909,450562,90
2,spsc_1024_cross-core_paced_itch,0,queue,450562,464216,162
2,spsc_1024_cross-core_paced_itch,0,queue,464216,477869,68
2,spsc_1024_cross-core_paced_itch,0,queue,477869,491522,46
2,spsc_1024_cross-core_paced_itch,0,queue,491522,505176,39
2,spsc_1024_cross-core_paced_itch,0,book,18.3334,18.7501,5
2,spsc_1024_cross-core_paced_itch,0,book,19.1668,19.5834,18
2,spsc_1024_cross-core_paced_itch,0,book,20.0001,20.4168,407
2,spsc_1024_cross-core_paced_itch,0,book,20.8334,21.2501,1169
2,spsc_1024_cross-core_paced_itch,0,book,21.6668,22.0834,844
2,spsc_1024_cross-core_paced_itch,0,book,22.5001,22.9168,211
2,spsc_1024_cross-core_paced_itch,0,book,23.3334,23.7501,63
2,spsc_1024_cross-core_paced_itch,0,book,24.1668,24.5835,53
2,spsc_1024_cross-core_paced_itch,0,book,25.0001,25.4168,112
2,spsc_1024_cross-core_paced_itch,0,book,25.8335,26.2501,382
2,spsc_1024_cross-core_paced_itch,0,book,26.6668,27.5001,831
2,spsc_1024_cross-core_paced_itch,0,book,27.5001,28.3335,1042
2,spsc_1024_cross-core_paced_itch,0,book,28.3335,29.1668,1463
2,spsc_1024_cross-core_paced_itch,0,book,29.1668,30.0001,1821
2,spsc_1024_cross-core_paced_itch,0,book,30.0001,30.8335,1510
2,spsc_1024_cross-core_paced_itch,0,book,30.8335,31.6668,998
2,spsc_1024_cross-core_paced_itch,0,book,31.6668,32.5002,715
2,spsc_1024_cross-core_paced_itch,0,book,32.5002,33.3335,712
2,spsc_1024_cross-core_paced_itch,0,book,33.3335,34.1668,895
2,spsc_1024_cross-core_paced_itch,0,book,34.1668,35.0002,766
2,spsc_1024_cross-core_paced_itch,0,book,35.0002,35.8335,636
2,spsc_1024_cross-core_paced_itch,0,book,35.8335,36.6668,416
2,spsc_1024_cross-core_paced_itch,0,book,36.6668,37.5002,351
2,spsc_1024_cross-core_paced_itch,0,book,37.5002,38.3335,382
2,spsc_1024_cross-core_paced_itch,0,book,38.3335,39.1669,357
2,spsc_1024_cross-core_paced_itch,0,book,39.1669,40.0002,350
2,spsc_1024_cross-core_paced_itch,0,book,40.0002,40.8335,441
2,spsc_1024_cross-core_paced_itch,0,book,40.8335,41.6669,397
2,spsc_1024_cross-core_paced_itch,0,book,41.6669,42.5002,477
2,spsc_1024_cross-core_paced_itch,0,book,42.5002,43.3335,549
2,spsc_1024_cross-core_paced_itch,0,book,43.3335,44.1669,489
2,spsc_1024_cross-core_paced_itch,0,book,44.1669,45.0002,597
2,spsc_1024_cross-core_paced_itch,0,book,45.0002,45.8336,522
2,spsc_1024_cross-core_paced_itch,0,book,45.8336,46.6669,475
2,spsc_1024_cross-core_paced_itch,0,book,46.6669,47.5002,625
2,spsc_1024_cross-core_paced_itch,0,book,47.5002,48.3336,655
2,spsc_1024_cross-core_paced_itch,0,book,48.3336,49.1669,719
2,spsc_1024_cross-core_paced_itch,0,book,49.1669,50.0002,642
2,spsc_1024_cross-core_paced_itch,0,book,50.0002,50.8336,724
2,spsc_1024_cross-core_paced_itch,0,book,50.8336,51.6669,816
2,spsc_1024_cross-core_paced_itch,0,book,51.6669,52.5003,781
2,spsc_1024_cross-core_paced_itch,0,book,52.5003,53.3336,783
2,spsc_1024_cross-core_paced_itch,0,book,53.3336,55.0003,1580
2,spsc_1024_cross-core_paced_itch,0,book,55.0003,56.6669,1540
2,spsc_1024_cross-core_paced_itch,0,book,56.6669,58.3336,1588
2,spsc_1024_cross-core_paced_itch,0,book,58.3336,60.0003,1608
2,spsc_1024_cross-core_paced_itch,0,book,60.0003,61.667,1644
2,spsc_1024_cross-core_paced_itch,0,book,61.667,63.3336,1667
2,spsc_1024_cross-core_paced_itch,0,book,63.3336,65.0003,1549
2,spsc_1024_cross-core_paced_itch,0,book,65.0003,66.667,1412
2,spsc_1024_cross-core_paced_itch,0,book,66.667,68.3337,1494
2,spsc_1024_cross-core_paced_itch,0,book,68.3337,70.0003,1412
2,spsc_1024_cross-core_paced_itch,0,book,70.0003,71.667,1329
2,spsc_1024_cross-core_paced_itch,0,book,71.667,73.3337,1210
2,spsc_1024_cross-core_paced_itch,0,book,73.3337,75.0004,1157
2,spsc_1024_cross-core_paced_itch,0,book,75.0004,76.667,1115
2,spsc_1024_cross-core_paced_itch,0,book,76.667,78.3337,1055
2,spsc_1024_cross-core_paced_itch,0,book,78.3337,80.0004,906
2,spsc_1024_cross-core_paced_itch,0,book,80.0004,81.6671,893
2,spsc_1024_cross-core_paced_itch,0,book,81.6671,83.3337,811
2,spsc_1024_cross-core_paced_itch,0,book,83.3337,85.0004,730
2,spsc_1024_cross-core_paced_itch,0,book,85.0004,86.6671,678
2,spsc_1024_cross-core_paced_itch,0,book,86.6671,88.3338,610
2,spsc_1024_cross-core_paced_itch,0,book,88.3338,90.0004,592
2,spsc_1024_cross-core_paced_itch,0,book,90.0004,91.6671,547
2,spsc_1024_cross-core_paced_itch,0,book,91.6671,93.3338,519
2,spsc_1024_cross-core_paced_itch,0,book,93.3338,95.0005,512
2,spsc_1024_cross-core_paced_itch,0,book,95.0005,96.6671,454
2,spsc_1024_cross-core_paced_itch,0,book,96.6671,98.3338,458
2,spsc_1024_cross-core_paced_itch,0,book,98.3338,100,453
2,spsc_1024_cross-core_paced_itch,0,book,100,101.667,476
2,spsc_1024_cross-core_paced_itch,0,book,101.667,103.334,500
2,spsc_1024_cross-core_paced_itch,0,book,103.334,105.001,421
2,spsc_1024_cross-core_paced_itch,0,book,105.001,106.667,440
2,spsc_1024_cross-core_paced_itch,0,book,106.667,110.001,874
2,spsc_1024_cross-core_paced_itch,0,book,110.001,113.334,942
2,spsc_1024_cross-core_paced_itch,0,book,113.334,116.667,897
2,spsc_1024_cross-core_paced_itch,0,book,116.667,120.001,754
2,spsc_1024_cross-core_paced_itch,0,book,120.001,123.334,706
2,spsc_1024_cross-core_paced_itch,0,book,123.334,126.667,970
2,spsc_1024_cross-core_paced_itch,0,book,126.667,130.001,2481
2,spsc_1024_cross-core_paced_itch,0,book,130.001,133.334,4195
2,spsc_1024_cross-core_paced_itch,0,book,133.334,136.667,4705
2,spsc_1024_cross-core_paced_itch,0,book,136.667,140.001,4857
2,spsc_1024_cross-core_paced_itch,0,book,140.001,143.334,7818
2,spsc_1024_cross-core_paced_itch,0,book,143.334,146.667,9519
2,spsc_1024_cross-core_paced_itch,0,book,146.667,150.001,9288
2,spsc_1024_cross-core_paced_itch,0,book,150.001,153.334,8178
2,spsc_1024_cross-core_paced_itch,0,book,153.334,156.667,8882
2,spsc_1024_cross-core_paced_itch,0,book,156.667,160.001,8372
2,spsc_1024_cross-core_paced_itch,0,book,160.001,163.334,7158
2,spsc_1024_cross-core_paced_itch,0,book,163.334,166.667,5723
2,spsc_1024_cross-core_paced_itch,0,book,166.667,170.001,4983
2,spsc_1024_cross-core_paced_itch,0,book,170.001,173.334,4070
2,spsc_1024_cross-core_paced_itch,0,book,173.334,176.668,3822
2,spsc_1024_cross-core_paced_itch,0,book,176.668,180.001,3518
2,spsc_1024_cross-core_paced_itch,0,book,180.001,183.334,3487
2,spsc_1024_cross-core_paced_itch,0,book,183.334,186.668,3152
2,spsc_1024_cross-core_paced_itch,0,book,186.668,190.001,3139
2,spsc_1024_cross-core_paced_itch,0,book,190.001,193.334,2847
2,spsc_1024_cross-core_paced_itch,0,book,193.334,196.668,2617
2,spsc_1024_cross-core_paced_itch,0,book,196.668,200.001,2382
2,spsc_1024_cross-core_paced_itch,0,book,200.001,203.334,2409
2,spsc_1024_cross-core_paced_itch,0,book,203.334,206.668,2144
2,spsc_1024_cross-core_paced_itch,0,book,206.668,210.001,2032
2,spsc_1024_cross-core_paced_itch,0,book,210.001,213.334,1755
2,spsc_1024_cross-core_paced_itch,0,book,213.334,220.001,3451
2,spsc_1024_cross-core_paced_itch,0,book,220.001,226.668,2912
2,spsc_1024_cross-core_paced_itch,0,book,226.668,233.334,2669
2,spsc_1024_cross-core_paced_itch,0,book,233.334,240.001,2263
2,spsc_1024_cross-core_paced_itch,0,book,240.001,246.668,2178
2,spsc_1024_cross-core_paced_itch,0,book,246.668,253.335,2022
2,spsc_1024_cross-core_paced_itch,0,book,253.335,260.001,1825
2,spsc_1024_cross-core_paced_itch,0,book,260.001,266.668,1715
2,spsc_1024_cross-core_paced_itch,0,book,266.668,273.335,1793
2,spsc_1024_cross-core_paced_itch,0,book,273.335,280.001,1902
2,spsc_1024_cross-core_paced_itch,0,book,280.001,286.668,1878
2,spsc_1024_cross-core_paced_itch,0,book,286.668,293.335,1888
2,spsc_1024_cross-core_paced_itch,0,book,293.335,300.001,1940
2,spsc_1024_cross-core_paced_itch,0,book,300.001,306.668,2016
2,spsc_1024_cross-core_paced_itch,0,book,306.668,313.335,1988
2,spsc_1024_cross-core_paced_itch,0,book,313.335,320.002,1845
2,spsc_1024_cross-core_paced_itch,0,book,320.002,326.668,1782
2,spsc_1024_cross-core_paced_itch,0,book,326.668,333.335,1753
2,spsc_1024_cross-core_paced_itch,0,book,333.335,340.002,1654
2,spsc_1024_cross-core_paced_itch,0,book,340.002,346.668,1587
2,spsc_1024_cross-core_paced_itch,0,book,346.668,353.335,1463
2,spsc_1024_cross-core_paced_itch,0,book,353.335,360.002,1403
2,spsc_1024_cross-core_paced_itch,0,book,360.002,366.668,1350
2,spsc_1024_cross-core_paced_itch,0,book,366.668,373.335,1247
2,spsc_1024_cross-core_paced_itch,0,book,373.335,380.002,1159
2,spsc_1024_cross-core_paced_itch,0,book,380.002,386.669,1171
2,spsc_1024_cross-core_paced_itch,0,book,386.669,393.335,1201
2,spsc_1024_cross-core_paced_itch,0,book,393.335,400.002,1143
2,spsc_1024_cross-core_paced_itch,0,book,400.002,406.669,1081
2,spsc_1024_cross-core_paced_itch,0,book,406.669,413.335,1170
2,spsc_1024_cross-core_paced_itch,0,book,413.335,420.002,1111
2,spsc_1024_cross-core_paced_itch,0,book,420.002,426.669,1116
2,spsc_1024_cross-core_paced_itch,0,book,426.669,440.002,2042
2,spsc_1024_cross-core_paced_itch,0,book,440.002,453.336,1707
2,spsc_1024_cross-core_paced_itch,0,book,453.336,466.669,1488
2,spsc_1024_cross-core_paced_itch,0,book,466.669,480.002,1242
2,spsc_1024_cross-core_paced_itch,0,book,480.002,493.336,1107
2,spsc_1024_cross-core_paced_itch,0,book,493.336,506.669,957
2,spsc_1024_cross-core_paced_itch,0,book,506.669,520.003,856
2,spsc_1024_cross-core_paced_itch,0,book,520.003,533.336,857
2,spsc_1024_cross-core_paced_itch,0,book,533.336,546.669,772
2,spsc_1024_cross-core_paced_itch,0,book,546.669,560.003,711
2,spsc_1024_cross-core_paced_itch,0,book,560.003,573.336,649
2,spsc_1024_cross-core_paced_itch,0,book,573.336,586.67,631
2,spsc_1024_cross-core_paced_itch,0,book,586.67,600.003,591
2,spsc_1024_cross-core_paced_itch,0,book,600.003,613.336,499
2,spsc_1024_cross-core_paced_itch,0,book,613.336,626.67,464
2,spsc_1024_cross-core_paced_itch,0,book,626.67,640.003,378
2,spsc_1024_cross-core_paced_itch,0,book,640.003,653.337,417
2,spsc_1024_cross-core_paced_itch,0,book,653.337,666.67,328
2,spsc_1024_cross-core_paced_itch,0,book,666.67,680.003,291
2,spsc_1024_cross-core_paced_itch,0,book,680.003,693.337,283
2,spsc_1024_cross-core_paced_itch,0,book,693.337,706.67,244
2,spsc_1024_cross-core_paced_itch,0,book,706.67,720.004,226
2,spsc_1024_cross-core_paced_itch,0,book,720.004,733.337,189
2,spsc_1024_cross-core_paced_itch,0,book,733.337,746.67,186
2,spsc_1024_cross-core_paced_itch,0,book,746.67,760.004,164
2,spsc_1024_cross-core_paced_itch,0,book,760.004,773.337,158
2,spsc_1024_cross-core_paced_itch,0,book,773.337,786.671,135
2,spsc_1024_cross-core_paced_itch,0,book,786.671,800.004,122
2,spsc_1024_cross-core_paced_itch,0,book,800.004,813.337,107
2,spsc_1024_cross-core_paced_itch,0,book,813.337,826.671,90
2,spsc_1024_cross-core_paced_itch,0,book,826.671,840.004,86
2,spsc_1024_cross-core_paced_itch,0,book,840.004,853.338,79
2,spsc_1024_cross-core_paced_itch,0,book,853.338,880.004,147
2,spsc_1024_cross-core_paced_itch,0,book,880.004,906.671,103
2,spsc_1024_cross-core_paced_itch,0,book,906.671,933.338,85
2,spsc_1024_cross-core_paced_itch,0,book,933.338,960.005,62
2,spsc_1024_cross-core_paced_itch,0,book,960.005,986.672,74
2,spsc_1024_cross-core_paced_itch,0,book,986.672,1013.34,43
2,spsc_1024_cross-core_paced_itch,0,book,1013.34,1040.01,44
2,spsc_1024_cross-core_paced_itch,0,book,1040.01,1066.67,35
2,spsc_1024_cross-core_paced_itch,0,book,1066.67,1093.34,25
2,spsc_1024_cross-core_paced_itch,0,book,1093.34,1120.01,17
2,spsc_1024_cross-core_paced_itch,0,book,1120.01,1146.67,18
2,spsc_1024_cross-core_paced_itch,0,book,1146.67,1173.34,15
2,spsc_1024_cross-core_paced_itch,0,book,1173.34,1200.01,12
2,spsc_1024_cross-core_paced_itch,0,book,1200.01,1226.67,10
2,spsc_1024_cross-core_paced_itch,0,book,1226.67,1253.34,6
2,spsc_1024_cross-core_paced_itch,0,book,1253.34,1280.01,6
2,spsc_1024_cross-core_paced_itch,0,book,1280.01,1306.67,10
2,spsc_1024_cross-core_paced_itch,0,book,1306.67,1333.34,11
2,spsc_1024_cross-core_paced_itch,0,book,1333.34,1360.01,5
2,spsc_1024_cross-core_paced_itch,0,book,1360.01,1386.67,5
2,spsc_1024_cross-core_paced_itch,0,book,1386.67,1413.34,4
2,spsc_1024_cross-core_paced_itch,0,book,1413.34,1440.01,5
2,spsc_1024_cross-core_paced_itch,0,book,1440.01,1466.67,6
2,spsc_1024_cross-core_paced_itch,0,book,1466.67,1493.34,5
2,spsc_1024_cross-core_paced_itch,0,book,1493.34,1520.01,5
2,spsc_1024_cross-core_paced_itch,0,book,1520.01,1546.67,5
2,spsc_1024_cross-core_paced_itch,0,book,1546.67,1573.34,8
2,spsc_1024_cross-core_paced_itch,0,book,1573.34,1600.01,9
2,spsc_1024_cross-core_paced_itch,0,book,1600.01,1626.67,5
2,spsc_1024_cross-core_paced_itch,0,book,1626.67,1653.34,2
2,spsc_1024_cross-core_paced_itch,0,book,1653.34,1680.01,10
2,spsc_1024_cross-core_paced_itch,0,book,1680.01,1706.68,10
2,spsc_1024_cross-core_paced_itch,0,book,1706.68,1760.01,9
2,spsc_1024_cross-core_paced_itch,0,book,1760.01,1813.34,12
2,spsc_1024_cross-core_paced_itch,0,book,1813.34,1866.68,14
2,spsc_1024_cross-core_paced_itch,0,book,1866.68,1920.01,19
2,spsc_1024_cross-core_paced_itch,0,book,1920.01,1973.34,11
2,spsc_1024_cross-core_paced_itch,0,book,1973.34,2026.68,10
2,spsc_1024_cross-core_paced_itch,0,book,2026.68,2080.01,9
2,spsc_1024_cross-core_paced_itch,0,book,2080.01,2133.34,4
2,spsc_1024_cross-core_paced_itch,0,book,2133.34,2186.68,6
2,spsc_1024_cross-core_paced_itch,0,book,2186.68,2240.01,4
2,spsc_1024_cross-core_paced_itch,0,book,2240.01,2293.34,5
2,spsc_1024_cross-core_paced_itch,0,book,2293.34,2346.68,2
2,spsc_1024_cross-core_paced_itch,0,book,2346.68,2400.01,3
2,spsc_1024_cross-core_paced_itch,0,book,2400.01,2453.35,1
2,spsc_1024_cross-core_paced_itch,0,book,2453.35,2506.68,1
2,spsc_1024_cross-core_paced_itch,0,book,2506.68,2560.01,2
2,spsc_1024_cross-core_paced_itch,0,book,2560.01,2613.35,1
2,spsc_1024_cross-core_paced_itch,0,book,2613.35,2666.68,1
2,spsc_1024_cross-core_paced_itch,0,book,2773.35,2826.68,1
2,spsc_1024_cross-core_paced_itch,0,book,2880.01,2933.35,1
2,spsc_1024_cross-core_paced_itch,0,book,2986.68,3040.02,2
2,spsc_1024_cross-core_paced_itch,0,book,3040.02,3093.35,2
2,spsc_1024_cross-core_paced_itch,0,book,3093.35,3146.68,4
2,spsc_1024_cross-core_paced_itch,0,book,3146.68,3200.02,2
2,spsc_1024_cross-core_paced_itch,0,book,3200.02,3253.35,2
2,spsc_1024_cross-core_paced_itch,0,book,3253.35,3306.68,3
2,spsc_1024_cross-core_paced_itch,0,book,3306.68,3360.02,2
2,spsc_1024_cross-core_paced_itch,0,book,3360.02,3413.35,1
2,spsc_1024_cross-core_paced_itch,0,book,3413.35,3520.02,2
2,spsc_1024_cross-core_paced_itch,0,book,3520.02,3626.68,2
2,spsc_1024_cross-core_paced_itch,0,book,3626.68,3733.35,4
2,spsc_1024_cross-core_paced_itch,0,book,3733.35,3840.02,2
2,spsc_1024_cross-core_paced_itch,0,book,3946.69,4053.35,2
2,spsc_1024_cross-core_paced_itch,0,book,4160.02,4266.69,2
2,spsc_1024_cross-core_paced_itch,0,book,4373.36,4480.02,2
2,spsc_1024_cross-core_paced_itch,0,book,4480.02,4586.69,3
2,spsc_1024_cross-core_paced_itch,0,book,4586.69,4693.36,1
2,spsc_1024_cross-core_paced_itch,0,book,4800.02,4906.69,1
2,spsc_1024_cross-core_paced_itch,0,book,4906.69,5013.36,2
2,spsc_1024_cross-core_paced_itch,0,book,5013.36,5120.03,2
2,spsc_1024_cross-core_paced_itch,0,book,5226.69,5333.36,1
2,spsc_1024_cross-core_paced_itch,0,book,5333.36,5440.03,4
2,spsc_1024_cross-core_paced_itch,0,book,5440.03,5546.69,5
2,spsc_1024_cross-core_paced_itch,0,book,5546.69,5653.36,8
2,spsc_1024_cross-core_paced_itch,0,book,5866.7,5973.36,3
2,spsc_1024_cross-core_paced_itch,0,book,5973.36,6080.03,1
2,spsc_1024_cross-core_paced_itch,0,book,6080.03,6186.7,1
2,spsc_1024_cross-core_paced_itch,0,book,6186.7,6293.36,2
2,spsc_1024_cross-core_paced_itch,0,book,6293.36,6400.03,1
2,spsc_1024_cross-core_paced_itch,0,book,6400.03,6506.7,1
2,spsc_1024_cross-core_paced_itch,0,book,6506.7,6613.37,1
2,spsc_1024_cross-core_paced_itch,0,book,6613.37,6720.03,3
2,spsc_1024_cross-core_paced_itch,0,book,6720.03,6826.7,1
2,spsc_1024_cross-core_paced_itch,0,book,6826.7,7040.03,5
2,spsc_1024_cross-core_paced_itch,0,book,7040.03,7253.37,1
2,spsc_1024_cross-core_paced_itch,0,book,7466.7,7680.04,2
2,spsc_1024_cross-core_paced_itch,0,book,7680.04,7893.37,2
2,spsc_1024_cross-core_paced_itch,0,book,7893.37,8106.71,6
2,spsc_1024_cross-core_paced_itch,0,book,8106.71,8320.04,9
2,spsc_1024_cross-core_paced_itch,0,book,8320.04,8533.38,10
2,spsc_1024_cross-core_paced_itch,0,book,8533.38,8746.71,12
2,spsc_1024_cross-core_paced_itch,0,book,8746.71,8960.04,8
2,spsc_1024_cross-core_paced_itch,0,book,8960.04,9173.38,9
2,spsc_1024_cross-core_paced_itch,0,book,9173.38,9386.71,6
2,spsc_1024_cross-core_paced_itch,0,book,9386.71,9600.05,4
2,spsc_1024_cross-core_paced_itch,0,book,9600.05,9813.38,2
2,spsc_1024_cross-core_paced_itch,0,book,9813.38,10026.7,3
2,spsc_1024_cross-core_paced_itch,0,book,10026.7,10240.1,1
2,spsc_1024_cross-core_paced_itch,0,book,10240.1,10453.4,2
2,spsc_1024_cross-core_paced_itch,0,book,10453.4,10666.7,1
2,spsc_1024_cross-core_paced_itch,0,book,10666.7,10880.1,1
2,spsc_1024_cross-core_paced_itch,0,book,10880.1,11093.4,2
2,spsc_1024_cross-core_paced_itch,0,book,11946.7,12160.1,2
2,spsc_1024_cross-core_paced_itch,0,book,12160.1,12373.4,1
3,spsc_1024_cross-core_paced_itch,0,total,160.001,163.334,1
3,spsc_1024_cross-core_paced_itch,0,total,183.334,186.668,1
3,spsc_1024_cross-core_paced_itch,0,total,196.668,200.001,1
3,spsc_1024_cross-core_paced_itch,0,total,206.668,210.001,1
3,spsc_1024_cross-core_paced_itch,0,total,213.334,220.001,6
3,spsc_1024_cross-core_paced_itch,0,total,220.001,226.668,28
3,spsc_1024_cross-core_paced_itch,0,total,226.668,233.334,54
3,spsc_1024_cross-core_paced_itch,0,total,233.334,240.001,140
3,spsc_1024_cross-core_paced_itch,0,total,240.001,246.668,232
3,spsc_1024_cross-core_paced_itch,0,total,246.668,253.335,321
3,spsc_1024_cross-core_paced_itch,0,total,253.335,260.001,397
3,spsc_1024_cross-core_paced_itch,0,total,260.001,266.668,495
3,spsc_1024_cross-core_paced_itch,0,total,266.668,273.335,601
3,spsc_1024_cross-core_paced_itch,0,total,273.335,280.001,667
3,spsc_1024_cross-core_paced_itch,0,total,280.001,286.668,725
3,spsc_1024_cross-core_paced_itch,0,total,286.668,293.335,647
3,spsc_1024_cross-core_paced_itch,0,total,293.335,300.001,575
3,spsc_1024_cross-core_paced_itch,0,total,300.001,306.668,521
3,spsc_1024_cross-core_paced_itch,0,total,306.668,313.335,419
3,spsc_1024_cross-core_paced_itch,0,total,313.335,320.002,367
3,spsc_1024_cross-core_paced_itch,0,total,320.002,326.668,372
3,spsc_1024_cross-core_paced_itch,0,total,326.668,333.335,383
3,spsc_1024_cross-core_paced_itch,0,total,333.335,340.002,531
3,spsc_1024_cross-core_paced_itch,0,total,340.002,346.668,676
3,spsc_1024_cross-core_paced_itch,0,total,346.668,353.335,973
3,spsc_1024_cross-core_paced_itch,0,total,353.335,360.002,1324
3,spsc_1024_cross-core_paced_itch,0,total,360.002,366.668,1788
3,spsc_1024_cross-core_paced_itch,0,total,366.668,373.335,2097
3,spsc_1024_cross-core_paced_itch,0,total,373.335,380.002,2294
3,spsc_1024_cross-core_paced_itch,0,total,380.002,386.669,2380
3,spsc_1024_cross-core_paced_itch,0,total,386.669,393.335,2467
3,spsc_1024_cross-core_paced_itch,0,total,393.335,400.002,2523
3,spsc_1024_cross-core_paced_itch,0,total,400.002,406.669,2562
3,spsc_1024_cross-core_paced_itch,0,total,406.669,413.335,2573
3,spsc_1024_cross-core_paced_itch,0,total,413.335,420.002,2533
3,spsc_1024_cross-core_paced_itch,0,total,420.002,426.669,2351
3,spsc_1024_cross-core_paced_itch,0,total,426.669,440.002,4722
3,spsc_1024_cross-core_paced_itch,0,total,440.002,453.336,4588
3,spsc_1024_cross-core_paced_itch,0,total,453.336,466.669,5045
3,spsc_1024_cross-core_paced_itch,0,total,466.669,480.002,5926
3,spsc_1024_cross-core_paced_itch,0,total,480.002,493.336,7141
3,spsc_1024_cross-core_paced_itch,0,total,493.336,506.669,7497
3,spsc_1024_cross-core_paced_itch,0,total,506.669,520.003,7457
3,spsc_1024_cross-core_paced_itch,0,total,520.003,533.336,7329
3,spsc_1024_cross-core_paced_itch,0,total,533.336,546.669,7259
3,spsc_1024_cross-core_paced_itch,0,total,546.669,560.003,6715
3,spsc_1024_cross-core_paced_itch,0,total,560.003,573.336,5737
3,spsc_1024_cross-core_paced_itch,0,total,573.336,586.67,4836
3,spsc_1024_cross-core_paced_itch,0,total,586.67,600.003,4280
3,spsc_1024_cross-core_paced_itch,0,total,600.003,613.336,3879
3,spsc_1024_cross-core_paced_itch,0,total,613.336,626.67,3484
3,spsc_1024_cross-core_paced_itch,0,total,626.67,640.003,3312
3,spsc_1024_cross-core_paced_itch,0,total,640.003,653.337,3158
3,spsc_1024_cross-core_paced_itch,0,total,653.337,666.67,3147
3,spsc_1024_cross-core_paced_itch,0,total,666.67,680.003,3037
3,spsc_1024_cross-core_paced_itch,0,total,680.003,693.337,2858
3,spsc_1024_cross-core_paced_itch,0,total,693.337,706.67,2750
3,spsc_1024_cross-core_paced_itch,0,total,706.67,720.004,2597
3,spsc_1024_cross-core_paced_itch,0,total,720.004,733.337,2425
3,spsc_1024_cross-core_paced_itch,0,total,733.337,746.67,2268
3,spsc_1024_cross-core_paced_itch,0,total,746.67,760.004,2237
3,spsc_1024_cross-core_paced_itch,0,total,760.004,773.337,2146
3,spsc_1024_cross-core_paced_itch,0,total,773.337,786.671,2148
3,spsc_1024_cross-core_paced_itch,0,total,786.671,800.004,1996
3,spsc_1024_cross-core_paced_itch,0,total,800.004,813.337,1897
3,spsc_1024_cross-core_paced_itch,0,total,813.337,826.671,1636
3,spsc_1024_cross-core_paced_itch,0,total,826.671,840.004,1561
3,spsc_1024_cross-core_paced_itch,0,total,840.004,853.338,1504
3,spsc_1024_cross-core_paced_itch,0,total,853.338,880.004,2649
3,spsc_1024_cross-core_paced_itch,0,total,880.004,906.671,2426
3,spsc_1024_cross-core_paced_itch,0,total,906.671,933.338,2241
3,spsc_1024_cross-core_paced_itch,0,total,933.338,960.005,2048
3,spsc_1024_cross-core_paced_itch,0,total,960.005,986.672,1781
3,spsc_1024_cross-core_paced_itch,0,total,986.672,1013.34,1632
3,spsc_1024_cross-core_paced_itch,0,total,1013.34,1040.01,1517
3,spsc_1024_cross-core_paced_itch,0,total,1040.01,1066.67,1323
3,spsc_1024_cross-core_paced_itch,0,total,1066.67,1093.34,1327
3,spsc_1024_cross-core_paced_itch,0,total,1093.34,1120.01,1220
3,spsc_1024_cross-core_paced_itch,0,total,1120.01,1146.67,1104
3,spsc_1024_cross-core_paced_itch,0,total,1146.67,1173.34,981
3,spsc_1024_cross-core_paced_itch,0,total,1173.34,1200.01,958
3,spsc_1024_cross-core_paced_itch,0,total,1200.01,1226.67,938
3,spsc_1024_cross-core_paced_itch,0,total,1226.67,1253.34,862
3,spsc_1024_cross-core_paced_itch,0,total,1253.34,1280.01,856
3,spsc_1024_cross-core_paced_itch,0,total,1280.01,1306.67,811
3,spsc_1024_cross-core_paced_itch,0,total,1306.67,1333.34,750
3,spsc_1024_cross-core_paced_itch,0,total,1333.34,1360.01,785
3,spsc_1024_cross-core_paced_itch,0,total,1360.01,1386.67,758
3,spsc_1024_cross-core_paced_itch,0,total,1386.67,1413.34,730
3,spsc_1024_cross-core_paced_itch,0,total,1413.34,1440.01,696
3,spsc_1024_cross-core_paced_itch,0,total,1440.01,1466.67,666
3,spsc_1024_cross-core_paced_itch,0,total,1466.67,1493.34,614
3,spsc_1024_cross-core_paced_itch,0,total,1493.34,1520.01,702
3,spsc_1024_cross-core_paced_itch,0,total,1520.01,1546.67,686
3,spsc_1024_cross-core_paced_itch,0,total,1546.67,1573.34,700
3,spsc_1024_cross-core_paced_itch,0,total,1573.34,1600.01,649
3,spsc_1024_cross-core_paced_itch,0,total,1600.01,1626.67,605
3,spsc_1024_cross-core_paced_itch,0,total,1626.67,1653.34,614
3,spsc_1024_cross-core_paced_itch,0,total,1653.34,1680.01,545
3,spsc_1024_cross-core_paced_itch,0,total,1680.01,1706.68,618
3,spsc_1024_cross-core_paced_itch,0,total,1706.68,1760.01,1185
3,spsc_1024_cross-core_paced_itch,0,total,1760.01,1813.34,1125
3,spsc_1024_cross-core_paced_itch,0,total,1813.34,1866.68,1084
3,spsc_1024_cross-core_paced_itch,0,total,1866.68,1920.01,1040
3,spsc_1024_cross-core_paced_itch,0,total,1920.01,1973.34,1057
3,spsc_1024_cross-core_paced_itch,0,total,1973.34,2026.68,1007
3,spsc_1024_cross-core_paced_itch,0,total,2026.68,2080.01,957
3,spsc_1024_cross-core_paced_itch,0,total,2080.01,2133.34,1008
3,spsc_1024_cross-core_paced_itch,0,total,2133.34,2186.68,963
3,spsc_1024_cross-core_paced_itch,0,total,2186.68,2240.01,921
3,spsc_1024_cross-core_paced_itch,0,total,2240.01,2293.34,925
3,spsc_1024_cross-core_paced_itch,0,total,2293.34,2346.68,890
3,spsc_1024_cross-core_paced_itch,0,total,2346.68,2400.01,828
3,spsc_1024_cross-core_paced_itch,0,total,2400.01,2453.35,869
3,spsc_1024_cross-core_paced_itch,0,total,2453.35,2506.68,809
3,spsc_1024_cross-core_paced_itch,0,total,2506.68,2560.01,821
3,spsc_1024_cross-core_paced_itch,0,total,2560.01,2613.35,833
3,spsc_1024_cross-core_paced_itch,0,total,2613.35,2666.68,800
3,spsc_1024_cross-core_paced_itch,0,total,2666.68,2720.01,782
3,spsc_1024_cross-core_paced_itch,0,total,2720.01,2773.35,772
3,spsc_1024_cross-core_paced_itch,0,total,2773.35,2826.68,763
3,spsc_1024_cross-core_paced_itch,0,total,2826.68,2880.01,765
3,spsc_1024_cross-core_paced_itch,0,total,2880.01,2933.35,721
3,spsc_1024_cross-core_paced_itch,0,total,2933.35,2986.68,708
3,spsc_1024_cross-core_paced_itch,0,total,2986.68,3040.02,740
3,spsc_1024_cross-core_paced_itch,0,total,3040.02,3093.35,667
3,spsc_1024_cross-core_paced_itch,0,total,3093.35,3146.68,695
3,spsc_1024_cross-core_paced_itch,0,total,3146.68,3200.02,632
3,spsc_1024_cross-core_paced_itch,0,total,3200.02,3253.35,630
3,spsc_1024_cross-core_paced_itch,0,total,3253.35,3306.68,634
3,spsc_1024_cross-core_paced_itch,0,total,3306.68,3360.02,638
3,spsc_1024_cross-core_paced_itch,0,total,3360.02,3413.35,592
3,spsc_1024_cross-core_paced_itch,0,total,3413.35,3520.02,1189
3,spsc_1024_cross-core_paced_itch,0,total,3520.02,3626.68,1086
3,spsc_1024_cross-core_paced_itch,0,total,3626.68,3733.35,1054
3,spsc_1024_cross-core_paced_itch,0,total,3733.35,3840.02,952
3,spsc_1024_cross-core_paced_itch,0,total,3840.02,3946.69,890
3,spsc_1024_cross-core_paced_itch,0,total,3946.69,4053.35,873
3,spsc_1024_cross-core_paced_itch,0,total,4053.35,4160.02,894
3,spsc_1024_cross-core_paced_itch,0,total,4160.02,4266.69,763
3,spsc_1024_cross-core_paced_itch,0,total,4266.69,4373.36,766
3,spsc_1024_cross-core_paced_itch,0,total,4373.36,4480.02,791
3,spsc_1024_cross-core_paced_itch,0,total,4480.02,4586.69,702
3,spsc_1024_cross-core_paced_itch,0,total,4586.69,4693.36,621
3,spsc_1024_cross-core_paced_itch,0,total,4693.36,4800.02,621
3,spsc_1024_cross-core_paced_itch,0,total,4800.02,4906.69,596
3,spsc_1024_cross-core_paced_itch,0,total,4906.69,5013.36,539
3,spsc_1024_cross-core_paced_itch,0,total,5013.36,5120.03,564
3,spsc_1024_cross-core_paced_itch,0,total,5120.03,5226.69,512
3,spsc_1024_cross-core_paced_itch,0,total,5226.69,5333.36,534
3,spsc_1024_cross-core_paced_itch,0,total,5333.36,5440.03,499
3,spsc_1024_cross-core_paced_itch,0,total,5440.03,5546.69,489
3,spsc_1024_cross-core_paced_itch,0,total,5546.69,5653.36,440
3,spsc_1024_cross-core_paced_itch,0,total,5653.36,5760.03,420
3,spsc_1024_cross-core_paced_itch,0,total,5760.03,5866.7,402
3,spsc_1024_cross-core_paced_itch,0,total,5866.7,5973.36,397
3,spsc_1024_cross-core_paced_itch,0,total,5973.36,6080.03,368
3,spsc_1024_cross-core_paced_itch,0,total,6080.03,6186.7,382
3,spsc_1024_cross-core_paced_itch,0,total,6186.7,6293.36,351
3,spsc_1024_cross-core_paced_itch,0,total,6293.36,6400.03,341
3,spsc_1024_cross-core_paced_itch,0,total,6400.03,6506.7,322
3,spsc_1024_cross-core_paced_itch,0,total,6506.7,6613.37,304
3,spsc_1024_cross-core_paced_itch,0,total,6613.37,6720.03,323
3,spsc_1024_cross-core_paced_itch,0,total,6720.03,6826.7,286
3,spsc_1024_cross-core_paced_itch,0,total,6826.7,7040.03,555
3,spsc_1024_cross-core_paced_itch,0,total,7040.03,7253.37,571
3,spsc_1024_cross-core_paced_itch,0,total,7253.37,7466.7,559
3,spsc_1024_cross-core_paced_itch,0,total,7466.7,7680.04,461
3,spsc_1024_cross-core_paced_itch,0,total,7680.04,7893.37,477
3,spsc_1024_cross-core_paced_itch,0,total,7893.37,8106.71,443
3,spsc_1024_cross-core_paced_itch,0,total,8106.71,8320.04,386
3,spsc_1024_cross-core_paced_itch,0,total,8320.04,8533.38,441
3,spsc_1024_cross-core_paced_itch,0,total,8533.38,8746.71,423
3,spsc_1024_cross-core_paced_itch,0,total,8746.71,8960.04,392
3,spsc_1024_cross-core_paced_itch,0,total,8960.04,9173.38,370
3,spsc_1024_cross-core_paced_itch,0,total,9173.38,9386.71,338
3,spsc_1024_cross-core_paced_itch,0,total,9386.71,9600.05,330
3,spsc_1024_cross-core_paced_itch,0,total,9600.05,9813.38,324
3,spsc_1024_cross-core_paced_itch,0,total,9813.38,10026.7,254
3,spsc_1024_cross-core_paced_itch,0,total,10026.7,10240.1,265
3,spsc_1024_cross-core_paced_itch,0,total,10240.1,10453.4,221
3,spsc_1024_cross-core_paced_itch,0,total,10453.4,10666.7,203
3,spsc_1024_cross-core_paced_itch,0,total,10666.7,10880.1,143
3,spsc_1024_cross-core_paced_itch,0,total,10880.1,11093.4,140
3,spsc_1024_cross-core_paced_itch,0,total,11093.4,11306.7,122
3,spsc_1024_cross-core_paced_itch,0,total,11306.7,11520.1,103
3,spsc_1024_cross-core_paced_itch,0,total,11520.1,11733.4,88
3,spsc_1024_cross-core_paced_itch,0,total,11733.4,11946.7,89
3,spsc_1024_cross-core_paced_itch,0,total,11946.7,12160.1,78
3,spsc_1024_cross-core_paced_itch,0,total,12160.1,12373.4,69
3,spsc_1024_cross-core_paced_itch,0,total,12373.4,12586.7,53
3,spsc_1024_cross-core_paced_itch,0,total,12586.7,12800.1,44
3,spsc_1024_cross-core_paced_itch,0,total,12800.1,13013.4,48
3,spsc_1024_cross-core_paced_itch,0,total,13013.4,13226.7,43
3,spsc_1024_cross-core_paced_itch,0,total,13226.7,13440.1,49
3,spsc_1024_cross-core_paced_itch,0,total,13440.1,13653.4,51
3,spsc_1024_cross-core_paced_itch,0,total,13653.4,14080.1,75
3,spsc_1024_cross-core_paced_itch,0,total,14080.1,14506.7,52
3,spsc_1024_cross-core_paced_itch,0,total,14506.7,14933.4,52
3,spsc_1024_cross-core_paced_itch,0,total,14933.4,15360.1,67
3,spsc_1024_cross-core_paced_itch,0,total,15360.1,15786.7,71
3,spsc_1024_cross-core_paced_itch,0,total,15786.7,16213.4,46
3,spsc_1024_cross-core_paced_itch,0,total,16213.4,16640.1,41
3,spsc_1024_cross-core_paced_itch,0,total,16640.1,17066.8,37
3,spsc_1024_cross-core_paced_itch,0,total,17066.8,17493.4,34
3,spsc_1024_cross-core_paced_itch,0,total,17493.4,17920.1,23
3,spsc_1024_cross-core_paced_itch,0,total,17920.1,18346.8,36
3,spsc_1024_cross-core_paced_itch,0,total,18346.8,18773.4,26
3,spsc_1024_cross-core_paced_itch,0,total,18773.4,19200.1,23
3,spsc_1024_cross-core_paced_itch,0,total,19200.1,19626.8,22
3,spsc_1024_cross-core_paced_itch,0,total,19626.8,20053.4,25
3,spsc_1024_cross-core_paced_itch,0,total,20053.4,20480.1,31
3,spsc_1024_cross-core_paced_itch,0,total,20480.1,20906.8,25
3,spsc_1024_cross-core_paced_itch,0,total,20906.8,21333.4,24
3,spsc_1024_cross-core_paced_itch,0,total,21333.4,21760.1,26
3,spsc_1024_cross-core_paced_itch,0,total,21760.1,22186.8,34
3,spsc_1024_cross-core_paced_itch,0,total,22186.8,22613.4,28
3,spsc_1024_cross-core_paced_itch,0,total,22613.4,23040.1,24
3,spsc_1024_cross-core_paced_itch,0,total,23040.1,23466.8,15
3,spsc_1024_cross-core_paced_itch,0,total,23466.8,23893.5,20
3,spsc_1024_cross-core_paced_itch,0,total,23893.5,24320.1,16
3,spsc_1024_cross-core_paced_itch,0,total,24320.1,24746.8,14
3,spsc_1024_cross-core_paced_itch,0,total,24746.8,25173.5,14
3,spsc_1024_cross-core_paced_itch,0,total,25173.5,25600.1,23
3,spsc_1024_cross-core_paced_itch,0,total,25600.1,26026.8,17
3,spsc_1024_cross-core_paced_itch,0,total,26026.8,26453.5,30
3,spsc_1024_cross-core_paced_itch,0,total,26453.5,26880.1,25
3,spsc_1024_cross-core_paced_itch,0,total,26880.1,27306.8,26
3,spsc_1024_cross-core_paced_itch,0,total,27306.8,28160.1,46
3,spsc_1024_cross-core_paced_itch,0,total,28160.1,29013.5,72
3,spsc_1024_cross-core_paced_itch,0,total,29013.5,29866.8,61
3,spsc_1024_cross-core_paced_itch,0,total,29866.8,30720.2,29
3,spsc_1024_cross-core_paced_itch,0,total,30720.2,31573.5,24
3,spsc_1024_cross-core_paced_itch,0,total,31573.5,32426.8,12
3,spsc_1024_cross-core_paced_itch,0,total,32426.8,33280.2,20
3,spsc_1024_cross-core_paced_itch,0,total,33280.2,34133.5,26
3,spsc_1024_cross-core_paced_itch,0,total,34133.5,34986.8,28
3,spsc_1024_cross-core_paced_itch,0,total,34986.8,35840.2,18
3,spsc_1024_cross-core_paced_itch,0,total,35840.2,36693.5,19
3,spsc_1024_cross-core_paced_itch,0,total,36693.5,37546.9,18
3,spsc_1024_cross-core_paced_itch,0,total,37546.9,38400.2,14
3,spsc_1024_cross-core_paced_itch,0,total,38400.2,39253.5,18
3,spsc_1024_cross-core_paced_itch,0,total,39253.5,40106.9,31
3,spsc_1024_cross-core_paced_itch,0,total,40106.9,40960.2,24
3,spsc_1024_cross-core_paced_itch,0,total,40960.2,41813.5,13
3,spsc_1024_cross-core_paced_itch,0,total,41813.5,42666.9,11
3,spsc_1024_cross-core_paced_itch,0,total,42666.9,43520.2,7
3,spsc_1024_cross-core_paced_itch,0,total,43520.2,44373.6,14
3,spsc_1024_cross-core_paced_itch,0,total,44373.6,45226.9,8
3,spsc_1024_cross-core_paced_itch,0,total,45226.9,46080.2,18
3,spsc_1024_cross-core_paced_itch,0,total,46080.2,46933.6,14
3,spsc_1024_cross-core_paced_itch,0,total,46933.6,47786.9,20
3,spsc_1024_cross-core_paced_itch,0,total,47786.9,48640.2,10
3,spsc_1024_cross-core_paced_itch,0,total,48640.2,49493.6,14
3,spsc_1024_cross-core_paced_itch,0,total,49493.6,50346.9,7
3,spsc_1024_cross-core_paced_itch,0,total,50346.9,51200.3,13
3,spsc_1024_cross-core_paced_itch,0,total,51200.3,52053.6,31
3,spsc_1024_cross-core_paced_itch,0,total,52053.6,52906.9,15
3,spsc_1024_cross-core_paced_itch,0,total,52906.9,53760.3,14
3,spsc_1024_cross-core_paced_itch,0,total,53760.3,54613.6,17
3,spsc_1024_cross-core_paced_itch,0,total,54613.6,56320.3,25
3,spsc_1024_cross-core_paced_itch,0,total,56320.3,58027,33
3,spsc_1024_cross-core_paced_itch,0,total,58027,59733.6,17
3,spsc_1024_cross-core_paced_itch,0,total,59733.6,61440.3,25
3,spsc_1024_cross-core_paced_itch,0,total,61440.3,63147,23
3,spsc_1024_cross-core_paced_itch,0,total,63147,64853.7,45
3,spsc_1024_cross-core_paced_itch,0,total,64853.7,66560.3,27
3,spsc_1024_cross-core_paced_itch,0,total,66560.3,68267,26
3,spsc_1024_cross-core_paced_itch,0,total,68267,69973.7,32
3,spsc_1024_cross-core_paced_itch,0,total,69973.7,71680.4,32
3,spsc_1024_cross-core_paced_itch,0,total,71680.4,73387,22
3,spsc_1024_cross-core_paced_itch,0,total,73387,75093.7,17
3,spsc_1024_cross-core_paced_itch,0,total,75093.7,76800.4,19
3,spsc_1024_cross-core_paced_itch,0,total,76800.4,78507.1,30
3,spsc_1024_cross-core_paced_itch,0,total,78507.1,80213.7,32
3,spsc_1024_cross-core_paced_itch,0,total,80213.7,81920.4,59
3,spsc_1024_cross-core_paced_itch,0,total,81920.4,83627.1,51
3,spsc_1024_cross-core_paced_itch,0,total,83627.1,85333.8,47
3,spsc_1024_cross-core_paced_itch,0,total,85333.8,87040.4,39
3,spsc_1024_cross-core_paced_itch,0,total,87040.4,88747.1,37
3,spsc_1024_cross-core_paced_itch,0,total,88747.1,90453.8,23
3,spsc_1024_cross-core_paced_itch,0,total,90453.8,92160.5,23
3,spsc_1024_cross-core_paced_itch,0,total,92160.5,93867.1,23
3,spsc_1024_cross-core_paced_itch,0,total,93867.1,95573.8,18
3,spsc_1024_cross-core_paced_itch,0,total,95573.8,97280.5,25
3,spsc_1024_cross-core_paced_itch,0,total,97280.5,98987.2,26
3,spsc_1024_cross-core_paced_itch,0,total,98987.2,100694,21
3,spsc_1024_cross-core_paced_itch,0,total,100694,102401,24
3,spsc_1024_cross-core_paced_itch,0,total,102401,104107,17
3,spsc_1024_cross-core_paced_itch,0,total,104107,105814,42
3,spsc_1024_cross-core_paced_itch,0,total,105814,107521,26
3,spsc_1024_cross-core_paced_itch,0,total,107521,109227,21
3,spsc_1024_cross-core_paced_itch,0,total,109227,112641,63
3,spsc_1024_cross-core_paced_itch,0,total,112641,116054,57
3,spsc_1024_cross-core_paced_itch,0,total,116054,119467,47
3,spsc_1024_cross-core_paced_itch,0,total,119467,122881,38
3,spsc_1024_cross-core_paced_itch,0,total,122881,126294,60
3,spsc_1024_cross-core_paced_itch,0,total,126294,129707,80
3,spsc_1024_cross-core_paced_itch,0,total,129707,133121,87
3,spsc_1024_cross-core_paced_itch,0,total,133121,136534,63
3,spsc_1024_cross-core_paced_itch,0,total,136534,139947,42
3,spsc_1024_cross-core_paced_itch,0,total,139947,143361,43
3,spsc_1024_cross-core_paced_itch,0,total,143361,146774,28
3,spsc_1024_cross-core_paced_itch,0,total,146774,150187,24
3,spsc_1024_cross-core_paced_itch,0,total,150187,153601,27
3,spsc_1024_cross-core_paced_itch,0,total,153601,157014,20
3,spsc_1024_cross-core_paced_itch,0,total,157014,160427,16
3,spsc_1024_cross-core_paced_itch,0,total,160427,163841,43
3,spsc_1024_cross-core_paced_itch,0,total,163841,167254,20
3,spsc_1024_cross-core_paced_itch,0,total,167254,170668,15
3,spsc_1024_cross-core_paced_itch,0,total,170668,174081,36
3,spsc_1024_cross-core_paced_itch,0,total,174081,177494,23
3,spsc_1024_cross-core_paced_itch,0,total,177494,180908,6
3,spsc_1024_cross-core_paced_itch,0,total,180908,184321,18
3,spsc_1024_cross-core_paced_itch,0,total,184321,187734,13
3,spsc_1024_cross-core_paced_itch,0,total,187734,191148,23
3,spsc_1024_cross-core_paced_itch,0,total,191148,194561,35
3,spsc_1024_cross-core_paced_itch,0,total,194561,197974,22
3,spsc_1024_cross-core_paced_itch,0,total,197974,201388,16
3,spsc_1024_cross-core_paced_itch,0,total,201388,204801,17
3,spsc_1024_cross-core_paced_itch,0,total,204801,208214,19
3,spsc_1024_cross-core_paced_itch,0,total,208214,211628,26
3,spsc_1024_cross-core_paced_itch,0,total,211628,215041,72
3,spsc_1024_cross-core_paced_itch,0,total,215041,218454,30
3,spsc_1024_cross-core_paced_itch,0,total,218454,225281,39
3,spsc_1024_cross-core_paced_itch,0,total,225281,232108,40
3,spsc_1024_cross-core_paced_itch,0,total,232108,238935,21
3,spsc_1024_cross-core_paced_itch,0,total,238935,245761,20
3,spsc_1024_cross-core_paced_itch,0,total,245761,252588,20
3,spsc_1024_cross-core_paced_itch,0,total,252588,259415,9
3,spsc_1024_cross-core_paced_itch,0,total,259415,266241,11
3,spsc_1024_cross-core_paced_itch,0,total,266241,273068,14
3,spsc_1024_cross-core_paced_itch,0,total,273068,279895,39
3,spsc_1024_cross-core_paced_itch,0,total,279895,286721,43
3,spsc_1024_cross-core_paced_itch,0,total,286721,293548,14
3,spsc_1024_cross-core_paced_itch,0,total,293548,300375,25
3,spsc_1024_cross-core_paced_itch,0,total,300375,307202,25
3,spsc_1024_cross-core_paced_itch,0,total,307202,314028,16
3,spsc_1024_cross-core_paced_itch,0,total,314028,320855,27
3,spsc_1024_cross-core_paced_itch,0,total,320855,327682,17
3,spsc_1024_cross-core_paced_itch,0,total,327682,334508,28
3,spsc_1024_cross-core_paced_itch,0,total,334508,341335,20
3,spsc_1024_cross-core_paced_itch,0,total,341335,348162,26
3,spsc_1024_cross-core_paced_itch,0,total,348162,354988,27
3,spsc_1024_cross-core_paced_itch,0,total,354988,361815,30
3,spsc_1024_cross-core_paced_itch,0,total,361815,368642,19
3,spsc_1024_cross-core_paced_itch,0,total,368642,375469,23
3,spsc_1024_cross-core_paced_itch,0,total,375469,382295,26
3,spsc_1024_cross-core_paced_itch,0,total,382295,389122,43
3,spsc_1024_cross-core_paced_itch,0,total,389122,395949,42
3,spsc_1024_cross-core_paced_itch,0,total,395949,402775,43
3,spsc_1024_cross-core_paced_itch,0,total,402775,409602,42
3,spsc_1024_cross-core_paced_itch,0,total,409602,416429,41
3,spsc_1024_cross-core_paced_itch,0,total,416429,423255,47
3,spsc_1024_cross-core_paced_itch,0,total,423255,430082,27
3,spsc_1024_cross-core_paced_itch,0,total,430082,436909,55
3,spsc_1024_cross-core_paced_itch,0,total,436909,450562,136
3,spsc_1024_cross-core_paced_itch,0,total,450562,464216,123
3,spsc_1024_cross-core_paced_itch,0,total,464216,477869,122
3,spsc_1024_cross-core_paced_itch,0,total,477869,491522,168
3,spsc_1024_cross-core_paced_itch,0,total,491522,505176,112
3,spsc_1024_cross-core_paced_itch,0,total,505176,518829,84
3,spsc_1024_cross-core_paced_itch,0,total,518829,532483,49
3,spsc_1024_cross-core_paced_itch,0,total,532483,546136,15
3,spsc_1024_cross-core_paced_itch,0,total,546136,559789,22
3,spsc_1024_cross-core_paced_itch,0,total,559789,573443,19
3,spsc_1024_cross-core_paced_itch,0,total,573443,587096,16
3,spsc_1024_cross-core_paced_itch,0,total,587096,600750,26
3,spsc_1024_cross-core_paced_itch,0,total,600750,614403,68
3,spsc_1024_cross-core_paced_itch,0,total,614403,628056,170
3,spsc_1024_cross-core_paced_itch,0,total,628056,641710,92
3,spsc_1024_cross-core_paced_itch,0,total,641710,655363,28
3,spsc_1024_cross-core_paced_itch,0,total,655363,669017,53
3,spsc_1024_cross-core_paced_itch,0,total,669017,682670,34
3,spsc_1024_cross-core_paced_itch,0,total,682670,696323,25
3,spsc_1024_cross-core_paced_itch,0,total,696323,709977,18
3,spsc_1024_cross-core_paced_itch,0,total,709977,723630,23
3,spsc_1024_cross-core_paced_itch,0,total,723630,737284,14
3,spsc_1024_cross-core_paced_itch,0,total,737284,750937,25
3,spsc_1024_cross-core_paced_itch,0,total,750937,764590,30
3,spsc_1024_cross-core_paced_itch,0,total,764590,778244,56
3,spsc_1024_cross-core_paced_itch,0,total,778244,791897,16
3,spsc_1024_cross-core_paced_itch,0,total,791897,805551,30
3,spsc_1024_cross-core_paced_itch,0,total,805551,819204,17
3,spsc_1024_cross-core_paced_itch,0,total,819204,832857,39
3,spsc_1024_cross-core_paced_itch,0,total,832857,846511,120
3,spsc_1024_cross-core_paced_itch,0,total,846511,860164,182
3,spsc_1024_cross-core_paced_itch,0,total,860164,873818,113
3,spsc_1024_cross-core_paced_itch,0,total,873818,901124,148
3,spsc_1024_cross-core_paced_itch,0,total,901124,928431,36
3,spsc_1024_cross-core_paced_itch,0,total,928431,955738,58
3,spsc_1024_cross-core_paced_itch,0,total,955738,983045,108
3,spsc_1024_cross-core_paced_itch,0,total,983045,1.01035e+06,126
3,spsc_1024_cross-core_paced_itch,0,total,1.01035e+06,1.03766e+06,37
3,spsc_1024_cross-core_paced_itch,0,total,1.03766e+06,1.06497e+06,33
3,spsc_1024_cross-core_paced_itch,0,total,1.06497e+06,1.09227e+06,32
3,spsc_1024_cross-core_paced_itch,0,total,1.09227e+06,1.11958e+06,34
3,spsc_1024_cross-core_paced_itch,0,total,1.11958e+06,1.14689e+06,67
3,spsc_1024_cross-core_paced_itch,0,total,1.14689e+06,1.17419e+06,28
3,spsc_1024_cross-core_paced_itch,0,total,1.17419e+06,1.2015e+06,138
3,spsc_1024_cross-core_paced_itch,0,total,1.2015e+06,1.22881e+06,83
3,spsc_1024_cross-core_paced_itch,0,total,1.22881e+06,1.25611e+06,68
3,spsc_1024_cross-core_paced_itch,0,total,1.25611e+06,1.28342e+06,94
3,spsc_1024_cross-core_paced_itch,0,total,1.28342e+06,1.31073e+06,32
3,spsc_1024_cross-core_paced_itch,0,total,1.31073e+06,1.33803e+06,39
3,spsc_1024_cross-core_paced_itch,0,total,1.33803e+06,1.36534e+06,54
3,spsc_1024_cross-core_paced_itch,0,total,1.36534e+06,1.39265e+06,55
3,spsc_1024_cross-core_paced_itch,0,total,1.39265e+06,1.41995e+06,40
3,spsc_1024_cross-core_paced_itch,0,total,1.41995e+06,1.44726e+06,32
3,spsc_1024_cross-core_paced_itch,0,total,1.44726e+06,1.47457e+06,30
3,spsc_1024_cross-core_paced_itch,0,total,1.47457e+06,1.50187e+06,23
3,spsc_1024_cross-core_paced_itch,0,total,1.50187e+06,1.52918e+06,45
3,spsc_1024_cross-core_paced_itch,0,total,1.52918e+06,1.55649e+06,25
3,spsc_1024_cross-core_paced_itch,0,total,1.55649e+06,1.58379e+06,33
3,spsc_1024_cross-core_paced_itch,0,total,1.58379e+06,1.6111e+06,50
3,spsc_1024_cross-core_paced_itch,0,total,1.6111e+06,1.63841e+06,109
3,spsc_1024_cross-core_paced_itch,0,total,1.63841e+06,1.66571e+06,83
3,spsc_1024_cross-core_paced_itch,0,total,1.66571e+06,1.69302e+06,200
3,spsc_1024_cross-core_paced_itch,0,total,1.69302e+06,1.72033e+06,367
3,spsc_1024_cross-core_paced_itch,0,total,1.72033e+06,1.74764e+06,345
3,spsc_1024_cross-core_paced_itch,0,total,1.74764e+06,1.80225e+06,819
3,spsc_1024_cross-core_paced_itch,0,total,1.80225e+06,1.85686e+06,473
3,spsc_1024_cross-core_paced_itch,0,total,1.85686e+06,1.91148e+06,398
3,spsc_1024_cross-core_paced_itch,0,total,1.91148e+06,1.96609e+06,331
3,spsc_1024_cross-core_paced_itch,0,queue,140.001,143.334,2
3,spsc_1024_cross-core_paced_itch,0,queue,143.334,146.667,1
3,spsc_1024_cross-core_paced_itch,0,queue,146.667,150.001,5
3,spsc_1024_cross-core_paced_itch,0,queue,150.001,153.334,4
3,spsc_1024_cross-core_paced_itch,0,queue,153.334,156.667,4
3,spsc_1024_cross-core_paced_itch,0,queue,156.667,160.001,6
3,spsc_1024_cross-core_paced_itch,0,queue,160.001,163.334,9
3,spsc_1024_cross-core_paced_itch,0,queue,163.334,166.667,8
3,spsc_1024_cross-core_paced_itch,0,queue,166.667,170.001,6
3,spsc_1024_cross-core_paced_itch,0,queue,170.001,173.334,5
3,spsc_1024_cross-core_paced_itch,0,queue,173.334,176.668,14
3,spsc_1024_cross-core_paced_itch,0,queue,176.668,180.001,11
3,spsc_1024_cross-core_paced_itch,0,queue,180.001,183.334,11
3,spsc_1024_cross-core_paced_itch,0,queue,183.334,186.668,13
3,spsc_1024_cross-core_paced_itch,0,queue,186.668,190.001,9
3,spsc_1024_cross-core_paced_itch,0,queue,190.001,193.334,29
3,spsc_1024_cross-core_paced_itch,0,queue,193.334,196.668,100
3,spsc_1024_cross-core_paced_itch,0,queue,196.668,200.001,295
3,spsc_1024_cross-core_paced_itch,0,queue,200.001,203.334,785
3,spsc_1024_cross-core_paced_itch,0,queue,203.334,206.668,1479
3,spsc_1024_cross-core_paced_itch,0,queue,206.668,210.001,2070
3,spsc_1024_cross-core_paced_itch,0,queue,210.001,213.334,2608
3,spsc_1024_cross-core_paced_itch,0,queue,213.334,220.001,6133
3,spsc_1024_cross-core_paced_itch,0,queue,220.001,226.668,6464
3,spsc_1024_cross-core_paced_itch,0,queue,226.668,233.334,5299
3,spsc_1024_cross-core_paced_itch,0,queue,233.334,240.001,2760
3,spsc_1024_cross-core_paced_itch,0,queue,240.001,246.668,1206
3,spsc_1024_cross-core_paced_itch,0,queue,246.668,253.335,742
3,spsc_1024_cross-core_paced_itch,0,queue,253.335,260.001,658
3,spsc_1024_cross-core_paced_itch,0,queue,260.001,266.668,623
3,spsc_1024_cross-core_paced_itch,0,queue,266.668,273.335,669
3,spsc_1024_cross-core_paced_itch,0,queue,273.335,280.001,605
3,spsc_1024_cross-core_paced_itch,0,queue,280.001,286.668,618
3,spsc_1024_cross-core_paced_itch,0,queue,286.668,293.335,627
3,spsc_1024_cross-core_paced_itch,0,queue,293.335,300.001,626
3,spsc_1024_cross-core_paced_itch,0,queue,300.001,306.668,731
3,spsc_1024_cross-core_paced_itch,0,queue,306.668,313.335,1014
3,spsc_1024_cross-core_paced_itch,0,queue,313.335,320.002,2329
3,spsc_1024_cross-core_paced_itch,0,queue,320.002,326.668,5142
3,spsc_1024_cross-core_paced_itch,0,queue,326.668,333.335,8278
3,spsc_1024_cross-core_paced_itch,0,queue,333.335,340.002,10890
3,spsc_1024_cross-core_paced_itch,0,queue,340.002,346.668,12429
3,spsc_1024_cross-core_paced_itch,0,queue,346.668,353.335,11046
3,spsc_1024_cross-core_paced_itch,0,queue,353.335,360.002,8467
3,spsc_1024_cross-core_paced_itch,0,queue,360.002,366.668,6206
3,spsc_1024_cross-core_paced_itch,0,queue,366.668,373.335,5064
3,spsc_1024_cross-core_paced_itch,0,queue,373.335,380.002,5493
3,spsc_1024_cross-core_paced_itch,0,queue,380.002,386.669,6608
3,spsc_1024_cross-core_paced_itch,0,queue,386.669,393.335,7428
3,spsc_1024_cross-core_paced_itch,0,queue,393.335,400.002,7135
3,spsc_1024_cross-core_paced_itch,0,queue,400.002,406.669,6087
3,spsc_1024_cross-core_paced_itch,0,queue,406.669,413.335,4462
3,spsc_1024_cross-core_paced_itch,0,queue,413.335,420.002,2778
3,spsc_1024_cross-core_paced_itch,0,queue,420.002,426.669,1722
3,spsc_1024_cross-core_paced_itch,0,queue,426.669,440.002,2194
3,spsc_1024_cross-core_paced_itch,0,queue,440.002,453.336,1887
3,spsc_1024_cross-core_paced_itch,0,queue,453.336,466.669,1736
3,spsc_1024_cross-core_paced_itch,0,queue,466.669,480.002,1617
3,spsc_1024_cross-core_paced_itch,0,queue,480.002,493.336,1566
3,spsc_1024_cross-core_paced_itch,0,queue,493.336,506.669,1434
3,spsc_1024_cross-core_paced_itch,0,queue,506.669,520.003,1294
3,spsc_1024_cross-core_paced_itch,0,queue,520.003,533.336,1386
3,spsc_1024_cross-core_paced_itch,0,queue,533.336,546.669,1383
3,spsc_1024_cross-core_paced_itch,0,queue,546.669,560.003,1293
3,spsc_1024_cross-core_paced_itch,0,queue,560.003,573.336,1149
3,spsc_1024_cross-core_paced_itch,0,queue,573.336,586.67,1053
3,spsc_1024_cross-core_paced_itch,0,queue,586.67,600.003,1078
3,spsc_1024_cross-core_paced_itch,0,queue,600.003,613.336,1072
3,spsc_1024_cross-core_paced_itch,0,queue,613.336,626.67,881
3,spsc_1024_cross-core_paced_itch,0,queue,626.67,640.003,785
3,spsc_1024_cross-core_paced_itch,0,queue,640.003,653.337,766
3,spsc_1024_cross-core_paced_itch,0,queue,653.337,666.67,748
3,spsc_1024_cross-core_paced_itch,0,queue,666.67,680.003,646
3,spsc_1024_cross-core_paced_itch,0,queue,680.003,693.337,625
3,spsc_1024_cross-core_paced_itch,0,queue,693.337,706.67,602
3,spsc_1024_cross-core_paced_itch,0,queue,706.67,720.004,576
3,spsc_1024_cross-core_paced_itch,0,queue,720.004,733.337,575
3,spsc_1024_cross-core_paced_itch,0,queue,733.337,746.67,573
3,spsc_1024_cross-core_paced_itch,0,queue,746.67,760.004,544
3,spsc_1024_cross-core_paced_itch,0,queue,760.004,773.337,535
3,spsc_1024_cross-core_paced_itch,0,queue,773.337,786.671,503
3,spsc_1024_cross-core_paced_itch,0,queue,786.671,800.004,504
3,spsc_1024_cross-core_paced_itch,0,queue,800.004,813.337,461
3,spsc_1024_cross-core_paced_itch,0,queue,813.337,826.671,452
3,spsc_1024_cross-core_paced_itch,0,queue,826.671,840.004,474
3,spsc_1024_cross-core_paced_itch,0,queue,840.004,853.338,443
3,spsc_1024_cross-core_paced_itch,0,queue,853.338,880.004,832
3,spsc_1024_cross-core_paced_itch,0,queue,880.004,906.671,793
3,spsc_1024_cross-core_paced_itch,0,queue,906.671,933.338,811
3,spsc_1024_cross-core_paced_itch,0,queue,933.338,960.005,773
3,spsc_1024_cross-core_paced_itch,0,queue,960.005,986.672,717
3,spsc_1024_cross-core_paced_itch,0,queue,986.672,1013.34,735
3,spsc_1024_cross-core_paced_itch,0,queue,1013.34,1040.01,686
3,spsc_1024_cross-core_paced_itch,0,queue,1040.01,1066.67,744
3,spsc_1024_cross-core_paced_itch,0,queue,1066.67,1093.34,696
3,spsc_1024_cross-core_paced_itch,0,queue,1093.34,1120.01,710
3,spsc_1024_cross-core_paced_itch,0,queue,1120.01,1146.67,653
3,spsc_1024_cross-core_paced_itch,0,queue,1146.67,1173.34,664
3,spsc_1024_cross-core_paced_itch,0,queue,1173.34,1200.01,628
3,spsc_1024_cross-core_paced_itch,0,queue,1200.01,1226.67,649
3,spsc_1024_cross-core_paced_itch,0,queue,1226.67,1253.34,613
3,spsc_1024_cross-core_paced_itch,0,queue,1253.34,1280.01,647
3,spsc_1024_cross-core_paced_itch,0,queue,1280.01,1306.67,617
3,spsc_1024_cross-core_paced_itch,0,queue,1306.67,1333.34,573
3,spsc_1024_cross-core_paced_itch,0,queue,1333.34,1360.01,604
3,spsc_1024_cross-core_paced_itch,0,queue,1360.01,1386.67,634
3,spsc_1024_cross-core_paced_itch,0,queue,1386.67,1413.34,620
3,spsc_1024_cross-core_paced_itch,0,queue,1413.34,1440.01,629
3,spsc_1024_cross-core_paced_itch,0,queue,1440.01,1466.67,573
3,spsc_1024_cross-core_paced_itch,0,queue,1466.67,1493.34,565
3,spsc_1024_cross-core_paced_itch,0,queue,1493.34,1520.01,555
3,spsc_1024_cross-core_paced_itch,0,queue,1520.01,1546.67,562
3,spsc_1024_cross-core_paced_itch,0,queue,1546.67,1573.34,561
3,spsc_1024_cross-core_paced_itch,0,queue,1573.34,1600.01,552
3,spsc_1024_cross-core_paced_itch,0,queue,1600.01,1626.67,565
3,spsc_1024_cross-core_paced_itch,0,queue,1626.67,1653.34,592
3,spsc_1024_cross-core_paced_itch,0,queue,1653.34,1680.01,528
3,spsc_1024_cross-core_paced_itch,0,queue,1680.01,1706.68,518
3,spsc_1024_cross-core_paced_itch,0,queue,1706.68,1760.01,1018
3,spsc_1024_cross-core_paced_itch,0,queue,1760.01,1813.34,966
3,spsc_1024_cross-core_paced_itch,0,queue,1813.34,1866.68,1013
3,spsc_1024_cross-core_paced_itch,0,queue,1866.68,1920.01,991
3,spsc_1024_cross-core_paced_itch,0,queue,1920.01,1973.34,956
3,spsc_1024_cross-core_paced_itch,0,queue,1973.34,2026.68,960
3,spsc_1024_cross-core_paced_itch,0,queue,2026.68,2080.01,951
3,spsc_1024_cross-core_paced_itch,0,queue,2080.01,2133.34,880
3,spsc_1024_cross-core_paced_itch,0,queue,2133.34,2186.68,861
3,spsc_1024_cross-core_paced_itch,0,queue,2186.68,2240.01,832
3,spsc_1024_cross-core_paced_itch,0,queue,2240.01,2293.34,869
3,spsc_1024_cross-core_paced_itch,0,queue,2293.34,2346.68,888
3,spsc_1024_cross-core_paced_itch,0,queue,2346.68,2400.01,799
3,spsc_1024_cross-core_paced_itch,0,queue,2400.01,2453.35,780
3,spsc_1024_cross-core_paced_itch,0,queue,2453.35,2506.68,826
3,spsc_1024_cross-core_paced_itch,0,queue,2506.68,2560.01,761
3,spsc_1024_cross-core_paced_itch,0,queue,2560.01,2613.35,785
3,spsc_1024_cross-core_paced_itch,0,queue,2613.35,2666.68,750
3,spsc_1024_cross-core_paced_itch,0,queue,2666.68,2720.01,780
3,spsc_1024_cross-core_paced_itch,0,queue,2720.01,2773.35,714
3,spsc_1024_cross-core_paced_itch,0,queue,2773.35,2826.68,693
3,spsc_1024_cross-core_paced_itch,0,queue,2826.68,2880.01,742
3,spsc_1024_cross-core_paced_itch,0,queue,2880.01,2933.35,695
3,spsc_1024_cross-core_paced_itch,0,queue,2933.35,2986.68,663
3,spsc_1024_cross-core_paced_itch,0,queue,2986.68,3040.02,644
3,spsc_1024_cross-core_paced_itch,0,queue,3040.02,3093.35,614
3,spsc_1024_cross-core_paced_itch,0,queue,3093.35,3146.68,611
3,spsc_1024_cross-core_paced_itch,0,queue,3146.68,3200.02,625
3,spsc_1024_cross-core_paced_itch,0,queue,3200.02,3253.35,571
3,spsc_1024_cross-core_paced_itch,0,queue,3253.35,3306.68,591
3,spsc_1024_cross-core_paced_itch,0,queue,3306.68,3360.02,608
3,spsc_1024_cross-core_paced_itch,0,queue,3360.02,3413.35,553
3,spsc_1024_cross-core_paced_itch,0,queue,3413.35,3520.02,1036
3,spsc_1024_cross-core_paced_itch,0,queue,3520.02,3626.68,1029
3,spsc_1024_cross-core_paced_itch,0,queue,3626.68,3733.35,920
3,spsc_1024_cross-core_paced_itch,0,queue,3733.35,3840.02,892
3,spsc_1024_cross-core_paced_itch,0,queue,3840.02,3946.69,846
3,spsc_1024_cross-core_paced_itch,0,queue,3946.69,4053.35,819
3,spsc_1024_cross-core_paced_itch,0,queue,4053.35,4160.02,756
3,spsc_1024_cross-core_paced_itch,0,queue,4160.02,4266.69,754
3,spsc_1024_cross-core_paced_itch,0,queue,4266.69,4373.36,711
3,spsc_1024_cross-core_paced_itch,0,queue,4373.36,4480.02,693
3,spsc_1024_cross-core_paced_itch,0,queue,4480.02,4586.69,623
3,spsc_1024_cross-core_paced_itch,0,queue,4586.69,4693.36,557
3,spsc_1024_cross-core_paced_itch,0,queue,4693.36,4800.02,562
3,spsc_1024_cross-core_paced_itch,0,queue,4800.02,4906.69,544
3,spsc_1024_cross-core_paced_itch,0,queue,4906.69,5013.36,560
3,spsc_1024_cross-core_paced_itch,0,queue,5013.36,5120.03,503
3,spsc_1024_cross-core_paced_itch,0,queue,5120.03,5226.69,516
3,spsc_1024_cross-core_paced_itch,0,queue,5226.69,5333.36,484
3,spsc_1024_cross-core_paced_itch,0,queue,5333.36,5440.03,457
3,spsc_1024_cross-core_paced_itch,0,queue,5440.03,5546.69,416
3,spsc_1024_cross-core_paced_itch,0,queue,5546.69,5653.36,392
3,spsc_1024_cross-core_paced_itch,0,queue,5653.36,5760.03,417
3,spsc_1024_cross-core_paced_itch,0,queue,5760.03,5866.7,383
3,spsc_1024_cross-core_paced_itch,0,queue,5866.7,5973.36,351
3,spsc_1024_cross-core_paced_itch,0,queue,5973.36,6080.03,351
3,spsc_1024_cross-core_paced_itch,0,queue,6080.03,6186.7,343
3,spsc_1024_cross-core_paced_itch,0,queue,6186.7,6293.36,356
3,spsc_1024_cross-core_paced_itch,0,queue,6293.36,6400.03,302
3,spsc_1024_cross-core_paced_itch,0,queue,6400.03,6506.7,325
3,spsc_1024_cross-core_paced_itch,0,queue,6506.7,6613.37,291
3,spsc_1024_cross-core_paced_itch,0,queue,6613.37,6720.03,285
3,spsc_1024_cross-core_paced_itch,0,queue,6720.03,6826.7,244
3,spsc_1024_cross-core_paced_itch,0,queue,6826.7,7040.03,609
3,spsc_1024_cross-core_paced_itch,0,queue,7040.03,7253.37,529
3,spsc_1024_cross-core_paced_itch,0,queue,7253.37,7466.7,480
3,spsc_1024_cross-core_paced_itch,0,queue,7466.7,7680.04,490
3,spsc_1024_cross-core_paced_itch,0,queue,7680.04,7893.37,450
3,spsc_1024_cross-core_paced_itch,0,queue,7893.37,8106.71,418
3,spsc_1024_cross-core_paced_itch,0,queue,8106.71,8320.04,395
3,spsc_1024_cross-core_paced_itch,0,queue,8320.04,8533.38,416
3,spsc_1024_cross-core_paced_itch,0,queue,8533.38,8746.71,413
3,spsc_1024_cross-core_paced_itch,0,queue,8746.71,8960.04,367
3,spsc_1024_cross-core_paced_itch,0,queue,8960.04,9173.38,357
3,spsc_1024_cross-core_paced_itch,0,queue,9173.38,9386.71,310
3,spsc_1024_cross-core_paced_itch,0,queue,9386.71,9600.05,326
3,spsc_1024_cross-core_paced_itch,0,queue,9600.05,9813.38,283
3,spsc_1024_cross-core_paced_itch,0,queue,9813.38,10026.7,249
3,spsc_1024_cross-core_paced_itch,0,queue,10026.7,10240.1,214
3,spsc_1024_cross-core_paced_itch,0,queue,10240.1,10453.4,212
3,spsc_1024_cross-core_paced_itch,0,queue,10453.4,10666.7,185
3,spsc_1024_cross-core_paced_itch,0,queue,10666.7,10880.1,132
3,spsc_1024_cross-core_paced_itch,0,queue,10880.1,11093.4,133
3,spsc_1024_cross-core_paced_itch,0,queue,11093.4,11306.7,105
3,spsc_1024_cross-core_paced_itch,0,queue,11306.7,11520.1,96
3,spsc_1024_cross-core_paced_itch,0,queue,11520.1,11733.4,80
3,spsc_1024_cross-core_paced_itch,0,queue,11733.4,11946.7,90
3,spsc_1024_cross-core_paced_itch,0,queue,11946.7,12160.1,66
3,spsc_1024_cross-core_paced_itch,0,queue,12160.1,12373.4,62
3,spsc_1024_cross-core_paced_itch,0,queue,12373.4,12586.7,45
3,spsc_1024_cross-core_paced_itch,0,queue,12586.7,12800.1,47
3,spsc_1024_cross-core_paced_itch,0,queue,12800.1,13013.4,42
3,spsc_1024_cross-core_paced_itch,0,queue,13013.4,13226.7,46
3,spsc_1024_cross-core_paced_itch,0,queue,13226.7,13440.1,54
3,spsc_1024_cross-core_paced_itch,0,queue,13440.1,13653.4,34
3,spsc_1024_cross-core_paced_itch,0,queue,13653.4,14080.1,63
3,spsc_1024_cross-core_paced_itch,0,queue,14080.1,14506.7,57
3,spsc_1024_cross-core_paced_itch,0,queue,14506.7,14933.4,50
3,spsc_1024_cross-core_paced_itch,0,queue,14933.4,15360.1,74
3,spsc_1024_cross-core_paced_itch,0,queue,15360.1,15786.7,63
3,spsc_1024_cross-core_paced_itch,0,queue,15786.7,16213.4,40
3,spsc_1024_cross-core_paced_itch,0,queue,16213.4,16640.1,40
3,spsc_1024_cross-core_paced_itch,0,queue,16640.1,17066.8,38
3,spsc_1024_cross-core_paced_itch,0,queue,17066.8,17493.4,27
3,spsc_1024_cross-core_paced_itch,0,queue,17493.4,17920.1,25
3,spsc_1024_cross-core_paced_itch,0,queue,17920.1,18346.8,37
3,spsc_1024_cross-core_paced_itch,0,queue,18346.8,18773.4,26
3,spsc_1024_cross-core_paced_itch,0,queue,18773.4,19200.1,15
3,spsc_1024_cross-core_paced_itch,0,queue,19200.1,19626.8,25
3,spsc_1024_cross-core_paced_itch,0,queue,19626.8,20053.4,28
3,spsc_1024_cross-core_paced_itch,0,queue,20053.4,20480.1,26
3,spsc_1024_cross-core_paced_itch,0,queue,20480.1,20906.8,29
3,spsc_1024_cross-core_paced_itch,0,queue,20906.8,21333.4,24
3,spsc_1024_cross-core_paced_itch,0,queue,21333.4,21760.1,30
3,spsc_1024_cross-core_paced_itch,0,queue,21760.1,22186.8,33
3,spsc_1024_cross-core_paced_itch,0,queue,22186.8,22613.4,22
3,spsc_1024_cross-core_paced_itch,0,queue,22613.4,23040.1,23
3,spsc_1024_cross-core_paced_itch,0,queue,23040.1,23466.8,16
3,spsc_1024_cross-core_paced_itch,0,queue,23466.8,23893.5,15
3,spsc_1024_cross-core_paced_itch,0,queue,23893.5,24320.1,22
3,spsc_1024_cross-core_paced_itch,0,queue,24320.1,24746.8,12
3,spsc_1024_cross-core_paced_itch,0,queue,24746.8,25173.5,15
3,spsc_1024_cross-core_paced_itch,0,queue,25173.5,25600.1,20
3,spsc_1024_cross-core_paced_itch,0,queue,25600.1,26026.8,27
3,spsc_1024_cross-core_paced_itch,0,queue,26026.8,26453.5,29
3,spsc_1024_cross-core_paced_itch,0,queue,26453.5,26880.1,24
3,spsc_1024_cross-core_paced_itch,0,queue,26880.1,27306.8,26
3,spsc_1024_cross-core_paced_itch,0,queue,27306.8,28160.1,49
3,spsc_1024_cross-core_paced_itch,0,queue,28160.1,29013.5,72
3,spsc_1024_cross-core_paced_itch,0,queue,29013.5,29866.8,47
3,spsc_1024_cross-core_paced_itch,0,queue,29866.8,30720.2,35
3,spsc_1024_cross-core_paced_itch,0,queue,30720.2,31573.5,19
3,spsc_1024_cross-core_paced_itch,0,queue,31573.5,32426.8,15
3,spsc_1024_cross-core_paced_itch,0,queue,32426.8,33280.2,21
3,spsc_1024_cross-core_paced_itch,0,queue,33280.2,34133.5,26
3,spsc_1024_cross-core_paced_itch,0,queue,34133.5,34986.8,23
3,spsc_1024_cross-core_paced_itch,0,queue,34986.8,35840.2,20
3,spsc_1024_cross-core_paced_itch,0,queue,35840.2,36693.5,16
3,spsc_1024_cross-core_paced_itch,0,queue,36693.5,37546.9,21
3,spsc_1024_cross-core_paced_itch,0,queue,37546.9,38400.2,11
3,spsc_1024_cross-core_paced_itch,0,queue,38400.2,39253.5,22
3,spsc_1024_cross-core_paced_itch,0,queue,39253.5,40106.9,33
3,spsc_1024_cross-core_paced_itch,0,queue,40106.9,40960.2,22
3,spsc_1024_cross-core_paced_itch,0,queue,40960.2,41813.5,10
3,spsc_1024_cross-core_paced_itch,0,queue,41813.5,42666.9,10
3,spsc_1024_cross-core_paced_itch,0,queue,42666.9,43520.2,7
3,spsc_1024_cross-core_paced_itch,0,queue,43520.2,44373.6,14
3,spsc_1024_cross-core_paced_itch,0,queue,44373.6,45226.9,10
3,spsc_1024_cross-core_paced_itch,0,queue,45226.9,46080.2,20
3,spsc_1024_cross-core_paced_itch,0,queue,46080.2,46933.6,16
3,spsc_1024_cross-core_paced_itch,0,queue,46933.6,47786.9,16
3,spsc_1024_cross-core_paced_itch,0,queue,47786.9,48640.2,8
3,spsc_1024_cross-core_paced_itch,0,queue,48640.2,49493.6,14
3,spsc_1024_cross-core_paced_itch,0,queue,49493.6,50346.9,7
3,spsc_1024_cross-core_paced_itch,0,queue,50346.9,51200.3,16
3,spsc_1024_cross-core_paced_itch,0,queue,51200.3,52053.6,28
3,spsc_1024_cross-core_paced_itch,0,queue,52053.6,52906.9,16
3,spsc_1024_cross-core_paced_itch,0,queue,52906.9,53760.3,17
3,spsc_1024_cross-core_paced_itch,0,queue,53760.3,54613.6,11
3,spsc_1024_cross-core_paced_itch,0,queue,54613.6,56320.3,31
3,spsc_1024_cross-core_paced_itch,0,queue,56320.3,58027,33
3,spsc_1024_cross-core_paced_itch,0,queue,58027,59733.6,18
3,spsc_1024_cross-core_paced_itch,0,queue,59733.6,61440.3,19
3,spsc_1024_cross-core_paced_itch,0,queue,61440.3,63147,29
3,spsc_1024_cross-core_paced_itch,0,queue,63147,64853.7,43
3,spsc_1024_cross-core_paced_itch,0,queue,64853.7,66560.3,27
3,spsc_1024_cross-core_paced_itch,0,queue,66560.3,68267,23
3,spsc_1024_cross-core_paced_itch,0,queue,68267,69973.7,32
3,spsc_1024_cross-core_paced_itch,0,queue,69973.7,71680.4,30
3,spsc_1024_cross-core_paced_itch,0,queue,71680.4,73387,27
3,spsc_1024_cross-core_paced_itch,0,queue,73387,75093.7,13
3,spsc_1024_cross-core_paced_itch,0,queue,75093.7,76800.4,24
3,spsc_1024_cross-core_paced_itch,0,queue,76800.4,78507.1,28
3,spsc_1024_cross-core_paced_itch,0,queue,78507.1,80213.7,32
3,spsc_1024_cross-core_paced_itch,0,queue,80213.7,81920.4,59
3,spsc_1024_cross-core_paced_itch,0,queue,81920.4,83627.1,50
3,spsc_1024_cross-core_paced_itch,0,queue,83627.1,85333.8,49
3,spsc_1024_cross-core_paced_itch,0,queue,85333.8,87040.4,37
3,spsc_1024_cross-core_paced_itch,0,queue,87040.4,88747.1,36
3,spsc_1024_cross-core_paced_itch,0,queue,88747.1,90453.8,24
3,spsc_1024_cross-core_paced_itch,0,queue,90453.8,92160.5,20
3,spsc_1024_cross-core_paced_itch,0,queue,92160.5,93867.1,23
3,spsc_1024_cross-core_paced_itch,0,queue,93867.1,95573.8,18
3,spsc_1024_cross-core_paced_itch,0,queue,95573.8,97280.5,29
3,spsc_1024_cross-core_paced_itch,0,queue,97280.5,98987.2,27
3,spsc_1024_cross-core_paced_itch,0,queue,98987.2,100694,19
3,spsc_1024_cross-core_paced_itch,0,queue,100694,102401,27
3,spsc_1024_cross-core_paced_itch,0,queue,102401,104107,14
3,spsc_1024_cross-core_paced_itch,0,queue,104107,105814,48
3,spsc_1024_cross-core_paced_itch,0,queue,105814,107521,18
3,spsc_1024_cross-core_paced_itch,0,queue,107521,109227,27
3,spsc_1024_cross-core_paced_itch,0,queue,109227,112641,57
3,spsc_1024_cross-core_paced_itch,0,queue,112641,116054,58
3,spsc_1024_cross-core_paced_itch,0,queue,116054,119467,47
3,spsc_1024_cross-core_paced_itch,0,queue,119467,122881,40
3,spsc_1024_cross-core_paced_itch,0,queue,122881,126294,62
3,spsc_1024_cross-core_paced_itch,0,queue,126294,129707,79
3,spsc_1024_cross-core_paced_itch,0,queue,129707,133121,90
3,spsc_1024_cross-core_paced_itch,0,queue,133121,136534,57
3,spsc_1024_cross-core_paced_itch,0,queue,136534,139947,42
3,spsc_1024_cross-core_paced_itch,0,queue,139947,143361,45
3,spsc_1024_cross-core_paced_itch,0,queue,143361,146774,26
3,spsc_1024_cross-core_paced_itch,0,queue,146774,150187,23
3,spsc_1024_cross-core_paced_itch,0,queue,150187,153601,28
3,spsc_1024_cross-core_paced_itch,0,queue,153601,157014,20
3,spsc_1024_cross-core_paced_itch,0,queue,157014,160427,17
3,spsc_1024_cross-core_paced_itch,0,queue,160427,163841,41
3,spsc_1024_cross-core_paced_itch,0,queue,163841,167254,20
3,spsc_1024_cross-core_paced_itch,0,queue,167254,170668,16
3,spsc_1024_cross-core_paced_itch,0,queue,170668,174081,36
3,spsc_1024_cross-core_paced_itch,0,queue,174081,177494,21
3,spsc_1024_cross-core_paced_itch,0,queue,177494,180908,6
3,spsc_1024_cross-core_paced_itch,0,queue,180908,184321,19
3,spsc_1024_cross-core_paced_itch,0,queue,184321,187734,13
3,spsc_1024_cross-core_paced_itch,0,queue,187734,191148,22
3,spsc_1024_cross-core_paced_itch,0,queue,191148,194561,36
3,spsc_1024_cross-core_paced_itch,0,queue,194561,197974,22
3,spsc_1024_cross-core_paced_itch,0,queue,197974,201388,15
3,spsc_1024_cross-core_paced_itch,0,queue,201388,204801,18
3,spsc_1024_cross-core_paced_itch,0,queue,204801,208214,20
3,spsc_1024_cross-core_paced_itch,0,queue,208214,211628,28
3,spsc_1024_cross-core_paced_itch,0,queue,211628,215041,71
3,spsc_1024_cross-core_paced_itch,0,queue,215041,218454,28
3,spsc_1024_cross-core_paced_itch,0,queue,218454,225281,39
3,spsc_1024_cross-core_paced_itch,0,queue,225281,232108,40
3,spsc_1024_cross-core_paced_itch,0,queue,232108,238935,20
3,spsc_1024_cross-core_paced_itch,0,queue,238935,245761,20
3,spsc_1024_cross-core_paced_itch,0,queue,245761,252588,21
3,spsc_1024_cross-core_paced_itch,0,queue,252588,259415,8
3,spsc_1024_cross-core_paced_itch,0,queue,259415,266241,11
3,spsc_1024_cross-core_paced_itch,0,queue,266241,273068,15
3,spsc_1024_cross-core_paced_itch,0,queue,273068,279895,39
3,spsc_1024_cross-core_paced_itch,0,queue,279895,286721,43
3,spsc_1024_cross-core_paced_itch,0,queue,286721,293548,14
3,spsc_1024_cross-core_paced_itch,0,queue,293548,300375,24
3,spsc_1024_cross-core_paced_itch,0,queue,300375,307202,25
3,spsc_1024_cross-core_paced_itch,0,queue,307202,314028,16
3,spsc_1024_cross-core_paced_itch,0,queue,314028,320855,28
3,spsc_1024_cross-core_paced_itch,0,queue,320855,327682,17
3,spsc_1024_cross-core_paced_itch,0,queue,327682,334508,27
3,spsc_1024_cross-core_paced_itch,0,queue,334508,341335,21
3,spsc_1024_cross-core_paced_itch,0,queue,341335,348162,27
3,spsc_1024_cross-core_paced_itch,0,queue,348162,354988,25
3,spsc_1024_cross-core_paced_itch,0,queue,354988,361815,31
3,spsc_1024_cross-core_paced_itch,0,queue,361815,368642,18
3,spsc_1024_cross-core_paced_itch,0,queue,368642,375469,23
3,spsc_1024_cross-core_paced_itch,0,queue,375469,382295,26
3,spsc_1024_cross-core_paced_itch,0,queue,382295,389122,43
3,spsc_1024_cross-core_paced_itch,0,queue,389122,395949,42
3,spsc_1024_cross-core_paced_itch,0,queue,395949,402775,44
3,spsc_1024_cross-core_paced_itch,0,queue,402775,409602,42
3,spsc_1024_cross-core_paced_itch,0,queue,409602,416429,41
3,spsc_1024_cross-core_paced_itch,0,queue,416429,423255,46
3,spsc_1024_cross-core_paced_itch,0,queue,423255,430082,28
3,spsc_1024_cross-core_paced_itch,0,queue,430082,436909,60
3,spsc_1024_cross-core_paced_itch,0,queue,436909,450562,134
3,spsc_1024_cross-core_paced_itch,0,queue,450562,464216,122
3,spsc_1024_cross-core_paced_itch,0,queue,464216,477869,123
3,spsc_1024_cross-core_paced_itch,0,queue,477869,491522,165
3,spsc_1024_cross-core_paced_itch,0,queue,491522,505176,112
3,spsc_1024_cross-core_paced_itch,0,queue,505176,518829,84
3,spsc_1024_cross-core_paced_itch,0,queue,518829,532483,48
3,spsc_1024_cross-core_paced_itch,0,queue,532483,546136,16
3,spsc_1024_cross-core_paced_itch,0,queue,546136,559789,21
3,spsc_1024_cross-core_paced_itch,0,queue,559789,573443,19
3,spsc_1024_cross-core_paced_itch,0,queue,573443,587096,16
3,spsc_1024_cross-core_paced_itch,0,queue,587096,600750,27
3,spsc_1024_cross-core_paced_itch,0,queue,600750,614403,68
3,spsc_1024_cross-core_paced_itch,0,queue,614403,628056,171
3,spsc_1024_cross-core_paced_itch,0,queue,628056,641710,90
3,spsc_1024_cross-core_paced_itch,0,queue,641710,655363,30
3,spsc_1024_cross-core_paced_itch,0,queue,655363,669017,51
3,spsc_1024_cross-core_paced_itch,0,queue,669017,682670,34
3,spsc_1024_cross-core_paced_itch,0,queue,682670,696323,26
3,spsc_1024_cross-core_paced_itch,0,queue,696323,709977,17
3,spsc_1024_cross-core_paced_itch,0,queue,709977,723630,23
3,spsc_1024_cross-core_paced_itch,0,queue,723630,737284,15
3,spsc_1024_cross-core_paced_itch,0,queue,737284,750937,24
3,spsc_1024_cross-core_paced_itch,0,queue,750937,764590,32
3,spsc_1024_cross-core_paced_itch,0,queue,764590,778244,54
3,spsc_1024_cross-core_paced_itch,0,queue,778244,791897,16
3,spsc_1024_cross-core_paced_itch,0,queue,791897,805551,31
3,spsc_1024_cross-core_paced_itch,0,queue,805551,819204,16
3,spsc_1024_cross-core_paced_itch,0,queue,819204,832857,40
3,spsc_1024_cross-core_paced_itch,0,queue,832857,846511,126
3,spsc_1024_cross-core_paced_itch,0,queue,846511,860164,179
3,spsc_1024_cross-core_paced_itch,0,queue,860164,873818,110
3,spsc_1024_cross-core_paced_itch,0,queue,873818,901124,148
3,spsc_1024_cross-core_paced_itch,0,queue,901124,928431,35
3,spsc_1024_cross-core_paced_itch,0,queue,928431,955738,59
3,spsc_1024_cross-core_paced_itch,0,queue,955738,983045,108
3,spsc_1024_cross-core_paced_itch,0,queue,983045,1.01035e+06,125
3,spsc_1024_cross-core_paced_itch,0,queue,1.01035e+06,1.03766e+06,37
3,spsc_1024_cross-core_paced_itch,0,queue,1.03766e+06,1.06497e+06,33
3,spsc_1024_cross-core_paced_itch,0,queue,1.06497e+06,1.09227e+06,32
3,spsc_1024_cross-core_paced_itch,0,queue,1.09227e+06,1.11958e+06,35
3,spsc_1024_cross-core_paced_itch,0,queue,1.11958e+06,1.14689e+06,67
3,spsc_1024_cross-core_paced_itch,0,queue,1.14689e+06,1.17419e+06,27
3,spsc_1024_cross-core_paced_itch,0,queue,1.17419e+06,1.2015e+06,145
3,spsc_1024_cross-core_paced_itch,0,queue,1.2015e+06,1.22881e+06,76
3,spsc_1024_cross-core_paced_itch,0,queue,1.22881e+06,1.25611e+06,68
3,spsc_1024_cross-core_paced_itch,0,queue,1.25611e+06,1.28342e+06,94
3,spsc_1024_cross-core_paced_itch,0,queue,1.28342e+06,1.31073e+06,32
3,spsc_1024_cross-core_paced_itch,0,queue,1.31073e+06,1.33803e+06,41
3,spsc_1024_cross-core_paced_itch,0,queue,1.33803e+06,1.36534e+06,52
3,spsc_1024_cross-core_paced_itch,0,queue,1.36534e+06,1.39265e+06,55
3,spsc_1024_cross-core_paced_itch,0,queue,1.39265e+06,1.41995e+06,40
3,spsc_1024_cross-core_paced_itch,0,queue,1.41995e+06,1.44726e+06,34
3,spsc_1024_cross-core_paced_itch,0,queue,1.44726e+06,1.47457e+06,28
3,spsc_1024_cross-core_paced_itch,0,queue,1.47457e+06,1.50187e+06,24
3,spsc_1024_cross-core_paced_itch,0,queue,1.50187e+06,1.52918e+06,44
3,spsc_1024_cross-core_paced_itch,0,queue,1.52918e+06,1.55649e+06,26
3,spsc_1024_cross-core_paced_itch,0,queue,1.55649e+06,1.58379e+06,33
3,spsc_1024_cross-core_paced_itch,0,queue,1.58379e+06,1.6111e+06,52
3,spsc_1024_cross-core_paced_itch,0,queue,1.6111e+06,1.63841e+06,106
3,spsc_1024_cross-core_paced_itch,0,queue,1.63841e+06,1.66571e+06,83
3,spsc_1024_cross-core_paced_itch,0,queue,1.66571e+06,1.69302e+06,203
3,spsc_1024_cross-core_paced_itch,0,queue,1.69302e+06,1.72033e+06,366
3,spsc_1024_cross-core_paced_itch,0,queue,1.72033e+06,1.74764e+06,345
3,spsc_1024_cross-core_paced_itch,0,queue,1.74764e+06,1.80225e+06,819
3,spsc_1024_cross-core_paced_itch,0,queue,1.80225e+06,1.85686e+06,475
3,spsc_1024_cross-core_paced_itch,0,queue,1.85686e+06,1.91148e+06,395
3,spsc_1024_cross-core_paced_itch,0,queue,1.91148e+06,1.96609e+06,330
3,spsc_1024_cross-core_paced_itch,0,book,18.3334,18.7501,4
3,spsc_1024_cross-core_paced_itch,0,book,19.1668,19.5834,19
3,spsc_1024_cross-core_paced_itch,0,book,20.0001,20.4168,443
3,spsc_1024_cross-core_paced_itch,0,book,20.8334,21.2501,1162
3,spsc_1024_cross-core_paced_itch,0,book,21.6668,22.0834,841
3,spsc_1024_cross-core_paced_itch,0,book,22.5001,22.9168,226
3,spsc_1024_cross-core_paced_itch,0,book,23.3334,23.7501,44
3,spsc_1024_cross-core_paced_itch,0,book,24.1668,24.5835,48
3,spsc_1024_cross-core_paced_itch,0,book,25.0001,25.4168,126
3,spsc_1024_cross-core_paced_itch,0,book,25.8335,26.2501,415
3,spsc_1024_cross-core_paced_itch,0,book,26.6668,27.5001,921
3,spsc_1024_cross-core_paced_itch,0,book,27.5001,28.3335,957
3,spsc_1024_cross-core_paced_itch,0,book,28.3335,29.1668,1496
3,spsc_1024_cross-core_paced_itch,0,book,29.1668,30.0001,1805
3,spsc_1024_cross-core_paced_itch,0,book,30.0001,30.8335,1610
3,spsc_1024_cross-core_paced_itch,0,book,30.8335,31.6668,1051
3,spsc_1024_cross-core_paced_itch,0,book,31.6668,32.5002,710
3,spsc_1024_cross-core_paced_itch,0,book,32.5002,33.3335,730
3,spsc_1024_cross-core_paced_itch,0,book,33.3335,34.1668,934
3,spsc_1024_cross-core_paced_itch,0,book,34.1668,35.0002,751
3,spsc_1024_cross-core_paced_itch,0,book,35.0002,35.8335,625
3,spsc_1024_cross-core_paced_itch,0,book,35.8335,36.6668,440
3,spsc_1024_cross-core_paced_itch,0,book,36.6668,37.5002,327
3,spsc_1024_cross-core_paced_itch,0,book,37.5002,38.3335,347
3,spsc_1024_cross-core_paced_itch,0,book,38.3335,39.1669,363
3,spsc_1024_cross-core_paced_itch,0,book,39.1669,40.0002,355
3,spsc_1024_cross-core_paced_itch,0,book,40.0002,40.8335,417
3,spsc_1024_cross-core_paced_itch,0,book,40.8335,41.6669,380
3,spsc_1024_cross-core_paced_itch,0,book,41.6669,42.5002,431
3,spsc_1024_cross-core_paced_itch,0,book,42.5002,43.3335,510
3,spsc_1024_cross-core_paced_itch,0,book,43.3335,44.1669,519
3,spsc_1024_cross-core_paced_itch,0,book,44.1669,45.0002,563
3,spsc_1024_cross-core_paced_itch,0,book,45.0002,45.8336,482
3,spsc_1024_cross-core_paced_itch,0,book,45.8336,46.6669,490
3,spsc_1024_cross-core_paced_itch,0,book,46.6669,47.5002,607
3,spsc_1024_cross-core_paced_itch,0,book,47.5002,48.3336,659
3,spsc_1024_cross-core_paced_itch,0,book,48.3336,49.1669,640
3,spsc_1024_cross-core_paced_itch,0,book,49.1669,50.0002,696
3,spsc_1024_cross-core_paced_itch,0,book,50.0002,50.8336,679
3,spsc_1024_cross-core_paced_itch,0,book,50.8336,51.6669,846
3,spsc_1024_cross-core_paced_itch,0,book,51.6669,52.5003,782
3,spsc_1024_cross-core_paced_itch,0,book,52.5003,53.3336,790
3,spsc_1024_cross-core_paced_itch,0,book,53.3336,55.0003,1519
3,spsc_1024_cross-core_paced_itch,0,book,55.0003,56.6669,1471
3,spsc_1024_cross-core_paced_itch,0,book,56.6669,58.3336,1567
3,spsc_1024_cross-core_paced_itch,0,book,58.3336,60.0003,1536
3,spsc_1024_cross-core_paced_itch,0,book,60.0003,61.667,1638
3,spsc_1024_cross-core_paced_itch,0,book,61.667,63.3336,1646
3,spsc_1024_cross-core_paced_itch,0,book,63.3336,65.0003,1485
3,spsc_1024_cross-core_paced_itch,0,book,65.0003,66.667,1406
3,spsc_1024_cross-core_paced_itch,0,book,66.667,68.3337,1445
3,spsc_1024_cross-core_paced_itch,0,book,68.3337,70.0003,1386
3,spsc_1024_cross-core_paced_itch,0,book,70.0003,71.667,1346
3,spsc_1024_cross-core_paced_itch,0,book,71.667,73.3337,1243
3,spsc_1024_cross-core_paced_itch,0,book,73.3337,75.0004,1244
3,spsc_1024_cross-core_paced_itch,0,book,75.0004,76.667,1128
3,spsc_1024_cross-core_paced_itch,0,book,76.667,78.3337,1017
3,spsc_1024_cross-core_paced_itch,0,book,78.3337,80.0004,867
3,spsc_1024_cross-core_paced_itch,0,book,80.0004,81.6671,884
3,spsc_1024_cross-core_paced_itch,0,book,81.6671,83.3337,828
3,spsc_1024_cross-core_paced_itch,0,book,83.3337,85.0004,684
3,spsc_1024_cross-core_paced_itch,0,book,85.0004,86.6671,669
3,spsc_1024_cross-core_paced_itch,0,book,86.6671,88.3338,608
3,spsc_1024_cross-core_paced_itch,0,book,88.3338,90.0004,601
3,spsc_1024_cross-core_paced_itch,0,book,90.0004,91.6671,519
3,spsc_1024_cross-core_paced_itch,0,book,91.6671,93.3338,482
3,spsc_1024_cross-core_paced_itch,0,book,93.3338,95.0005,465
3,spsc_1024_cross-core_paced_itch,0,book,95.0005,96.6671,485
3,spsc_1024_cross-core_paced_itch,0,book,96.6671,98.3338,503
3,spsc_1024_cross-core_paced_itch,0,book,98.3338,100,441
3,spsc_1024_cross-core_paced_itch,0,book,100,101.667,503
3,spsc_1024_cross-core_paced_itch,0,book,101.667,103.334,439
3,spsc_1024_cross-core_paced_itch,0,book,103.334,105.001,369
3,spsc_1024_cross-core_paced_itch,0,book,105.001,106.667,439
3,spsc_1024_cross-core_paced_itch,0,book,106.667,110.001,868
3,spsc_1024_cross-core_paced_itch,0,book,110.001,113.334,937
3,spsc_1024_cross-core_paced_itch,0,book,113.334,116.667,955
3,spsc_1024_cross-core_paced_itch,0,book,116.667,120.001,778
3,spsc_1024_cross-core_paced_itch,0,book,120.001,123.334,740
3,spsc_1024_cross-core_paced_itch,0,book,123.334,126.667,980
3,spsc_1024_cross-core_paced_itch,0,book,126.667,130.001,2342
3,spsc_1024_cross-core_paced_itch,0,book,130.001,133.334,3941
3,spsc_1024_cross-core_paced_itch,0,book,133.334,136.667,4532
3,spsc_1024_cross-core_paced_itch,0,book,136.667,140.001,4696
3,spsc_1024_cross-core_paced_itch,0,book,140.001,143.334,7720
3,spsc_1024_cross-core_paced_itch,0,book,143.334,146.667,9233
3,spsc_1024_cross-core_paced_itch,0,book,146.667,150.001,8915
3,spsc_1024_cross-core_paced_itch,0,book,150.001,153.334,7983
3,spsc_1024_cross-core_paced_itch,0,book,153.334,156.667,8461
3,spsc_1024_cross-core_paced_itch,0,book,156.667,160.001,7860
3,spsc_1024_cross-core_paced_itch,0,book,160.001,163.334,6964
3,spsc_1024_cross-core_paced_itch,0,book,163.334,166.667,5651
3,spsc_1024_cross-core_paced_itch,0,book,166.667,170.001,4981
3,spsc_1024_cross-core_paced_itch,0,book,170.001,173.334,4047
3,spsc_1024_cross-core_paced_itch,0,book,173.334,176.668,3801
3,spsc_1024_cross-core_paced_itch,0,book,176.668,180.001,3494
3,spsc_1024_cross-core_paced_itch,0,book,180.001,183.334,3520
3,spsc_1024_cross-core_paced_itch,0,book,183.334,186.668,3148
3,spsc_1024_cross-core_paced_itch,0,book,186.668,190.001,3052
3,spsc_1024_cross-core_paced_itch,0,book,190.001,193.334,3024
3,spsc_1024_cross-core_paced_itch,0,book,193.334,196.668,2707
3,spsc_1024_cross-core_paced_itch,0,book,196.668,200.001,2409
3,spsc_1024_cross-core_paced_itch,0,book,200.001,203.334,2396
3,spsc_1024_cross-core_paced_itch,0,book,203.334,206.668,2125
3,spsc_1024_cross-core_paced_itch,0,book,206.668,210.001,2054
3,spsc_1024_cross-core_paced_itch,0,book,210.001,213.334,2014
3,spsc_1024_cross-core_paced_itch,0,book,213.334,220.001,3526
3,spsc_1024_cross-core_paced_itch,0,book,220.001,226.668,3055
3,spsc_1024_cross-core_paced_itch,0,book,226.668,233.334,2713
3,spsc_1024_cross-core_paced_itch,0,book,233.334,240.001,2426
3,spsc_1024_cross-core_paced_itch,0,book,240.001,246.668,2265
3,spsc_1024_cross-core_paced_itch,0,book,246.668,253.335,2034
3,spsc_1024_cross-core_paced_itch,0,book,253.335,260.001,1803
3,spsc_1024_cross-core_paced_itch,0,book,260.001,266.668,1883
3,spsc_1024_cross-core_paced_itch,0,book,266.668,273.335,1835
3,spsc_1024_cross-core_paced_itch,0,book,273.335,280.001,1811
3,spsc_1024_cross-core_paced_itch,0,book,280.001,286.668,1969
3,spsc_1024_cross-core_paced_itch,0,book,286.668,293.335,1957
3,spsc_1024_cross-core_paced_itch,0,book,293.335,300.001,2027
3,spsc_1024_cross-core_paced_itch,0,book,300.001,306.668,2051
3,spsc_1024_cross-core_paced_itch,0,book,306.668,313.335,1909
3,spsc_1024_cross-core_paced_itch,0,book,313.335,320.002,1979
3,spsc_1024_cross-core_paced_itch,0,book,320.002,326.668,1888
3,spsc_1024_cross-core_paced_itch,0,book,326.668,333.335,1760
3,spsc_1024_cross-core_paced_itch,0,book,333.335,340.002,1681
3,spsc_1024_cross-core_paced_itch,0,book,340.002,346.668,1585
3,spsc_1024_cross-core_paced_itch,0,book,346.668,353.335,1574
3,spsc_1024_cross-core_paced_itch,0,book,353.335,360.002,1361
3,spsc_1024_cross-core_paced_itch,0,book,360.002,366.668,1427
3,spsc_1024_cross-core_paced_itch,0,book,366.668,373.335,1296
3,spsc_1024_cross-core_paced_itch,0,book,373.335,380.002,1270
3,spsc_1024_cross-core_paced_itch,0,book,380.002,386.669,1201
3,spsc_1024_cross-core_paced_itch,0,book,386.669,393.335,1186
3,spsc_1024_cross-core_paced_itch,0,book,393.335,400.002,1250
3,spsc_1024_cross-core_paced_itch,0,book,400.002,406.669,1168
3,spsc_1024_cross-core_paced_itch,0,book,406.669,413.335,1187
3,spsc_1024_cross-core_paced_itch,0,book,413.335,420.002,1086
3,spsc_1024_cross-core_paced_itch,0,book,420.002,426.669,1072
3,spsc_1024_cross-core_paced_itch,0,book,426.669,440.002,2121
3,spsc_1024_cross-core_paced_itch,0,book,440.002,453.336,1827
3,spsc_1024_cross-core_paced_itch,0,book,453.336,466.669,1565
3,spsc_1024_cross-core_paced_itch,0,book,466.669,480.002,1255
3,spsc_1024_cross-core_paced_itch,0,book,480.002,493.336,1108
3,spsc_1024_cross-core_paced_itch,0,book,493.336,506.669,1017
3,spsc_1024_cross-core_paced_itch,0,book,506.669,520.003,998
3,spsc_1024_cross-core_paced_itch,0,book,520.003,533.336,889
3,spsc_1024_cross-core_paced_itch,0,book,533.336,546.669,789
3,spsc_1024_cross-core_paced_itch,0,book,546.669,560.003,801
3,spsc_1024_cross-core_paced_itch,0,book,560.003,573.336,750
3,spsc_1024_cross-core_paced_itch,0,book,573.336,586.67,642
3,spsc_1024_cross-core_paced_itch,0,book,586.67,600.003,597
3,spsc_1024_cross-core_paced_itch,0,book,600.003,613.336,567
3,spsc_1024_cross-core_paced_itch,0,book,613.336,626.67,489
3,spsc_1024_cross-core_paced_itch,0,book,626.67,640.003,427
3,spsc_1024_cross-core_paced_itch,0,book,640.003,653.337,407
3,spsc_1024_cross-core_paced_itch,0,book,653.337,666.67,368
3,spsc_1024_cross-core_paced_itch,0,book,666.67,680.003,335
3,spsc_1024_cross-core_paced_itch,0,book,680.003,693.337,319
3,spsc_1024_cross-core_paced_itch,0,book,693.337,706.67,263
3,spsc_1024_cross-core_paced_itch,0,book,706.67,720.004,260
3,spsc_1024_cross-core_paced_itch,0,book,720.004,733.337,239
3,spsc_1024_cross-core_paced_itch,0,book,733.337,746.67,221
3,spsc_1024_cross-core_paced_itch,0,book,746.67,760.004,160
3,spsc_1024_cross-core_paced_itch,0,book,760.004,773.337,156
3,spsc_1024_cross-core_paced_itch,0,book,773.337,786.671,150
3,spsc_1024_cross-core_paced_itch,0,book,786.671,800.004,141
3,spsc_1024_cross-core_paced_itch,0,book,800.004,813.337,111
3,spsc_1024_cross-core_paced_itch,0,book,813.337,826.671,116
3,spsc_1024_cross-core_paced_itch,0,book,826.671,840.004,80
3,spsc_1024_cross-core_paced_itch,0,book,840.004,853.338,96
3,spsc_1024_cross-core_paced_itch,0,book,853.338,880.004,141
3,spsc_1024_cross-core_paced_itch,0,book,880.004,906.671,105
3,spsc_1024_cross-core_paced_itch,0,book,906.671,933.338,82
3,spsc_1024_cross-core_paced_itch,0,book,933.338,960.005,76
3,spsc_1024_cross-core_paced_itch,0,book,960.005,986.672,63
3,spsc_1024_cross-core_paced_itch,0,book,986.672,1013.34,56
3,spsc_1024_cross-core_paced_itch,0,book,1013.34,1040.01,39
3,spsc_1024_cross-core_paced_itch,0,book,1040.01,1066.67,34
3,spsc_1024_cross-core_paced_itch,0,book,1066.67,1093.34,27
3,spsc_1024_cross-core_paced_itch,0,book,1093.34,1120.01,29
3,spsc_1024_cross-core_paced_itch,0,book,1120.01,1146.67,27
3,spsc_1024_cross-core_paced_itch,0,book,1146.67,1173.34,25
3,spsc_1024_cross-core_paced_itch,0,book,1173.34,1200.01,13
3,spsc_1024_cross-core_paced_itch,0,book,1200.01,1226.67,9
3,spsc_1024_cross-core_paced_itch,0,book,1226.67,1253.34,10
3,spsc_1024_cross-core_paced_itch,0,book,1253.34,1280.01,8
3,spsc_1024_cross-core_paced_itch,0,book,1280.01,1306.67,5
3,spsc_1024_cross-core_paced_itch,0,book,1306.67,1333.34,2
3,spsc_1024_cross-core_paced_itch,0,book,1333.34,1360.01,8
3,spsc_1024_cross-core_paced_itch,0,book,1360.01,1386.67,9
3,spsc_1024_cross-core_paced_itch,0,book,1386.67,1413.34,3
3,spsc_1024_cross-core_paced_itch,0,book,1413.34,1440.01,5
3,spsc_1024_cross-core_paced_itch,0,book,1440.01,1466.67,4
3,spsc_1024_cross-core_paced_itch,0,book,1466.67,1493.34,4
3,spsc_1024_cross-core_paced_itch,0,book,1493.34,1520.01,7
3,spsc_1024_cross-core_paced_itch,0,book,1520.01,1546.67,6
3,spsc_1024_cross-core_paced_itch,0,book,1546.67,1573.34,5
3,spsc_1024_cross-core_paced_itch,0,book,1573.34,1600.01,8
3,spsc_1024_cross-core_paced_itch,0,book,1600.01,1626.67,7
3,spsc_1024_cross-core_paced_itch,0,book,1626.67,1653.34,6
3,spsc_1024_cross-core_paced_itch,0,book,1653.34,1680.01,6
3,spsc_1024_cross-core_paced_itch,0,book,1680.01,1706.68,7
3,spsc_1024_cross-core_paced_itch,0,book,1706.68,1760.01,15
3,spsc_1024_cross-core_paced_itch,0,book,1760.01,1813.34,10
3,spsc_1024_cross-core_paced_itch,0,book,1813.34,1866.68,15
3,spsc_1024_cross-core_paced_itch,0,book,1866.68,1920.01,10
3,spsc_1024_cross-core_paced_itch,0,book,1920.01,1973.34,9
3,spsc_1024_cross-core_paced_itch,0,book,1973.34,2026.68,10
3,spsc_1024_cross-core_paced_itch,0,book,2026.68,2080.01,9
3,spsc_1024_cross-core_paced_itch,0,book,2080.01,2133.34,10
3,spsc_1024_cross-core_paced_itch,0,book,2133.34,2186.68,6
3,spsc_1024_cross-core_paced_itch,0,book,2186.68,2240.01,11
3,spsc_1024_cross-core_paced_itch,0,book,2240.01,2293.34,3
3,spsc_1024_cross-core_paced_itch,0,book,2293.34,2346.68,2
3,spsc_1024_cross-core_paced_itch,0,book,2346.68,2400.01,2
3,spsc_1024_cross-core_paced_itch,0,book,2400.01,2453.35,4
3,spsc_1024_cross-core_paced_itch,0,book,2453.35,2506.68,5
3,spsc_1024_cross-core_paced_itch,0,book,2506.68,2560.01,2
3,spsc_1024_cross-core_paced_itch,0,book,2720.01,2773.35,2
3,spsc_1024_cross-core_paced_itch,0,book,2773.35,2826.68,1
3,spsc_1024_cross-core_paced_itch,0,book,2826.68,2880.01,1
3,spsc_1024_cross-core_paced_itch,0,book,2880.01,2933.35,3
3,spsc_1024_cross-core_paced_itch,0,book,2933.35,2986.68,1
3,spsc_1024_cross-core_paced_itch,0,book,3040.02,3093.35,1
3,spsc_1024_cross-core_paced_itch,0,book,3093.35,3146.68,3
3,spsc_1024_cross-core_paced_itch,0,book,3146.68,3200.02,3
3,spsc_1024_cross-core_paced_itch,0,book,3200.02,3253.35,2
3,spsc_1024_cross-core_paced_itch,0,book,3253.35,3306.68,1
3,spsc_1024_cross-core_paced_itch,0,book,3360.02,3413.35,5
3,spsc_1024_cross-core_paced_itch,0,book,3413.35,3520.02,8
3,spsc_1024_cross-core_paced_itch,0,book,3520.02,3626.68,1
3,spsc_1024_cross-core_paced_itch,0,book,3626.68,3733.35,1
3,spsc_1024_cross-core_paced_itch,0,book,3733.35,3840.02,1
3,spsc_1024_cross-core_paced_itch,0,book,3840.02,3946.69,1
3,spsc_1024_cross-core_paced_itch,0,book,4053.35,4160.02,1
3,spsc_1024_cross-core_paced_itch,0,book,4160.02,4266.69,2
3,spsc_1024_cross-core_paced_itch,0,book,4266.69,4373.36,3
3,spsc_1024_cross-core_paced_itch,0,book,4373.36,4480.02,1
3,spsc_1024_cross-core_paced_itch,0,book,4480.02,4586.69,2
3,spsc_1024_cross-core_paced_itch,0,book,4586.69,4693.36,1
3,spsc_1024_cross-core_paced_itch,0,book,4693.36,4800.02,1
3,spsc_1024_cross-core_paced_itch,0,book,4800.02,4906.69,3
3,spsc_1024_cross-core_paced_itch,0,book,5226.69,5333.36,4
3,spsc_1024_cross-core_paced_itch,0,book,5333.36,5440.03,7
3,spsc_1024_cross-core_paced_itch,0,book,5440.03,5546.69,5
3,spsc_1024_cross-core_paced_itch,0,book,5546.69,5653.36,2
3,spsc_1024_cross-core_paced_itch,0,book,5653.36,5760.03,2
3,spsc_1024_cross-core_paced_itch,0,book,5866.7,5973.36,3
3,spsc_1024_cross-core_paced_itch,0,book,6080.03,6186.7,1
3,spsc_1024_cross-core_paced_itch,0,book,6293.36,6400.03,2
3,spsc_1024_cross-core_paced_itch,0,book,6400.03,6506.7,2
3,spsc_1024_cross-core_paced_itch,0,book,6613.37,6720.03,2
3,spsc_1024_cross-core_paced_itch,0,book,6720.03,6826.7,2
3,spsc_1024_cross-core_paced_itch,0,book,6826.7,7040.03,3
3,spsc_1024_cross-core_paced_itch,0,book,7040.03,7253.37,2
3,spsc_1024_cross-core_paced_itch,0,book,7253.37,7466.7,2
3,spsc_1024_cross-core_paced_itch,0,book,7466.7,7680.04,2
3,spsc_1024_cross-core_paced_itch,0,book,7680.04,7893.37,2
3,spsc_1024_cross-core_paced_itch,0,book,8106.71,8320.04,4
3,spsc_1024_cross-core_paced_itch,0,book,8320.04,8533.38,12
3,spsc_1024_cross-core_paced_itch,0,book,8533.38,8746.71,14
3,spsc_1024_cross-core_paced_itch,0,book,8746.71,8960.04,3
3,spsc_1024_cross-core_paced_itch,0,book,8960.04,9173.38,9
3,spsc_1024_cross-core_paced_itch,0,book,9173.38,9386.71,5
3,spsc_1024_cross-core_paced_itch,0,book,9386.71,9600.05,4
3,spsc_1024_cross-core_paced_itch,0,book,9600.05,9813.38,6
3,spsc_1024_cross-core_paced_itch,0,book,9813.38,10026.7,4
3,spsc_1024_cross-core_paced_itch,0,book,10026.7,10240.1,4
3,spsc_1024_cross-core_paced_itch,0,book,10240.1,10453.4,2
3,spsc_1024_cross-core_paced_itch,0,book,10666.7,10880.1,1
3,spsc_1024_cross-core_paced_itch,0,book,10880.1,11093.4,1
3,spsc_1024_cross-core_paced_itch,0,book,11093.4,11306.7,1
3,spsc_1024_cross-core_paced_itch,0,book,11733.4,11946.7,1
3,spsc_1024_cross-core_paced_itch,0,book,11946.7,12160.1,1
3,spsc_1024_cross-core_paced_itch,0,book,12800.1,13013.4,1
3,spsc_1024_cross-core_paced_itch,0,book,17493.4,17920.1,1
