run,label,median,metric,bucket_lo_ns,bucket_hi_ns,count
1,mutex_65536_same-core_paced_itch,0,total,103.333,105,1
1,mutex_65536_same-core_paced_itch,0,total,105,106.667,1
1,mutex_65536_same-core_paced_itch,0,total,110,113.333,1
1,mutex_65536_same-core_paced_itch,0,total,113.333,116.667,1
1,mutex_65536_same-core_paced_itch,0,total,116.667,120,3
1,mutex_65536_same-core_paced_itch,0,total,120,123.333,1
1,mutex_65536_same-core_paced_itch,0,total,123.333,126.667,1
1,mutex_65536_same-core_paced_itch,0,total,126.667,130,6
1,mutex_65536_same-core_paced_itch,0,total,130,133.333,5
1,mutex_65536_same-core_paced_itch,0,total,133.333,136.667,4
1,mutex_65536_same-core_paced_itch,0,total,136.667,140,6
1,mutex_65536_same-core_paced_itch,0,total,140,143.333,11
1,mutex_65536_same-core_paced_itch,0,total,143.333,146.667,13
1,mutex_65536_same-core_paced_itch,0,total,146.667,150,18
1,mutex_65536_same-core_paced_itch,0,total,150,153.333,13
1,mutex_65536_same-core_paced_itch,0,total,153.333,156.667,18
1,mutex_65536_same-core_paced_itch,0,total,156.667,160,21
1,mutex_65536_same-core_paced_itch,0,total,160,163.333,21
1,mutex_65536_same-core_paced_itch,0,total,163.333,166.667,15
1,mutex_65536_same-core_paced_itch,0,total,166.667,170,23
1,mutex_65536_same-core_paced_itch,0,total,170,173.333,28
1,mutex_65536_same-core_paced_itch,0,total,173.333,176.667,28
1,mutex_65536_same-core_paced_itch,0,total,176.667,180,26
1,mutex_65536_same-core_paced_itch,0,total,180,183.333,35
1,mutex_65536_same-core_paced_itch,0,total,183.333,186.667,22
1,mutex_65536_same-core_paced_itch,0,total,186.667,190,26
1,mutex_65536_same-core_paced_itch,0,total,190,193.333,45
1,mutex_65536_same-core_paced_itch,0,total,193.333,196.667,41
1,mutex_65536_same-core_paced_itch,0,total,196.667,200,37
1,mutex_65536_same-core_paced_itch,0,total,200,203.333,20
1,mutex_65536_same-core_paced_itch,0,total,203.333,206.667,48
1,mutex_65536_same-core_paced_itch,0,total,206.667,210,41
1,mutex_65536_same-core_paced_itch,0,total,210,213.333,53
1,mutex_65536_same-core_paced_itch,0,total,213.333,220,75
1,mutex_65536_same-core_paced_itch,0,total,220,226.667,97
1,mutex_65536_same-core_paced_itch,0,total,226.667,233.333,108
1,mutex_65536_same-core_paced_itch,0,total,233.333,240,129
1,mutex_65536_same-core_paced_itch,0,total,240,246.666,117
1,mutex_65536_same-core_paced_itch,0,total,246.666,253.333,151
1,mutex_65536_same-core_paced_itch,0,total,253.333,260,164
1,mutex_65536_same-core_paced_itch,0,total,260,266.666,173
1,mutex_65536_same-core_paced_itch,0,total,266.666,273.333,186
1,mutex_65536_same-core_paced_itch,0,total,273.333,280,175
1,mutex_65536_same-core_paced_itch,0,total,280,286.666,196
1,mutex_65536_same-core_paced_itch,0,total,286.666,293.333,195
1,mutex_65536_same-core_paced_itch,0,total,293.333,300,197
1,mutex_65536_same-core_paced_itch,0,total,300,306.666,189
1,mutex_65536_same-core_paced_itch,0,total,306.666,313.333,202
1,mutex_65536_same-core_paced_itch,0,total,313.333,320,197
1,mutex_65536_same-core_paced_itch,0,total,320,326.666,210
1,mutex_65536_same-core_paced_itch,0,total,326.666,333.333,212
1,mutex_65536_same-core_paced_itch,0,total,333.333,340,194
1,mutex_65536_same-core_paced_itch,0,total,340,346.666,199
1,mutex_65536_same-core_paced_itch,0,total,346.666,353.333,225
1,mutex_65536_same-core_paced_itch,0,total,353.333,360,192
1,mutex_65536_same-core_paced_itch,0,total,360,366.666,223
1,mutex_65536_same-core_paced_itch,0,total,366.666,373.333,251
1,mutex_65536_same-core_paced_itch,0,total,373.333,380,222
1,mutex_65536_same-core_paced_itch,0,total,380,386.666,223
1,mutex_65536_same-core_paced_itch,0,total,386.666,393.333,224
1,mutex_65536_same-core_paced_itch,0,total,393.333,400,259
1,mutex_65536_same-core_paced_itch,0,total,400,406.666,253
1,mutex_65536_same-core_paced_itch,0,total,406.666,413.333,232
1,mutex_65536_same-core_paced_itch,0,total,413.333,420,217
1,mutex_65536_same-core_paced_itch,0,total,420,426.666,228
1,mutex_65536_same-core_paced_itch,0,total,426.666,440,488
1,mutex_65536_same-core_paced_itch,0,total,440,453.333,491
1,mutex_65536_same-core_paced_itch,0,total,453.333,466.666,569
1,mutex_65536_same-core_paced_itch,0,total,466.666,480,588
1,mutex_65536_same-core_paced_itch,0,total,480,493.333,619
1,mutex_65536_same-core_paced_itch,0,total,493.333,506.666,655
1,mutex_65536_same-core_paced_itch,0,total,506.666,520,611
1,mutex_65536_same-core_paced_itch,0,total,520,533.333,633
1,mutex_65536_same-core_paced_itch,0,total,533.333,546.666,653
1,mutex_65536_same-core_paced_itch,0,total,546.666,560,714
1,mutex_65536_same-core_paced_itch,0,total,560,573.333,723
1,mutex_65536_same-core_paced_itch,0,total,573.333,586.666,698
1,mutex_65536_same-core_paced_itch,0,total,586.666,600,698
1,mutex_65536_same-core_paced_itch,0,total,600,613.333,691
1,mutex_65536_same-core_paced_itch,0,total,613.333,626.666,628
1,mutex_65536_same-core_paced_itch,0,total,626.666,640,657
1,mutex_65536_same-core_paced_itch,0,total,640,653.333,691
1,mutex_65536_same-core_paced_itch,0,total,653.333,666.666,618
1,mutex_65536_same-core_paced_itch,0,total,666.666,680,605
1,mutex_65536_same-core_paced_itch,0,total,680,693.333,562
1,mutex_65536_same-core_paced_itch,0,total,693.333,706.666,547
1,mutex_65536_same-core_paced_itch,0,total,706.666,719.999,592
1,mutex_65536_same-core_paced_itch,0,total,719.999,733.333,582
1,mutex_65536_same-core_paced_itch,0,total,733.333,746.666,567
1,mutex_65536_same-core_paced_itch,0,total,746.666,759.999,545
1,mutex_65536_same-core_paced_itch,0,total,759.999,773.333,558
1,mutex_65536_same-core_paced_itch,0,total,773.333,786.666,554
1,mutex_65536_same-core_paced_itch,0,total,786.666,799.999,522
1,mutex_65536_same-core_paced_itch,0,total,799.999,813.333,513
1,mutex_65536_same-core_paced_itch,0,total,813.333,826.666,556
1,mutex_65536_same-core_paced_itch,0,total,826.666,839.999,490
1,mutex_65536_same-core_paced_itch,0,total,839.999,853.333,524
1,mutex_65536_same-core_paced_itch,0,total,853.333,879.999,1002
1,mutex_65536_same-core_paced_itch,0,total,879.999,906.666,989
1,mutex_65536_same-core_paced_itch,0,total,906.666,933.333,955
1,mutex_65536_same-core_paced_itch,0,total,933.333,959.999,999
1,mutex_65536_same-core_paced_itch,0,total,959.999,986.666,943
1,mutex_65536_same-core_paced_itch,0,total,986.666,1013.33,957
1,mutex_65536_same-core_paced_itch,0,total,1013.33,1040,902
1,mutex_65536_same-core_paced_itch,0,total,1040,1066.67,919
1,mutex_65536_same-core_paced_itch,0,total,1066.67,1093.33,944
1,mutex_65536_same-core_paced_itch,0,total,1093.33,1120,899
1,mutex_65536_same-core_paced_itch,0,total,1120,1146.67,909
1,mutex_65536_same-core_paced_itch,0,total,1146.67,1173.33,870
1,mutex_65536_same-core_paced_itch,0,total,1173.33,1200,888
1,mutex_65536_same-core_paced_itch,0,total,1200,1226.67,924
1,mutex_65536_same-core_paced_itch,0,total,1226.67,1253.33,892
1,mutex_65536_same-core_paced_itch,0,total,1253.33,1280,947
1,mutex_65536_same-core_paced_itch,0,total,1280,1306.67,977
1,mutex_65536_same-core_paced_itch,0,total,1306.67,1333.33,951
1,mutex_65536_same-core_paced_itch,0,total,1333.33,1360,923
1,mutex_65536_same-core_paced_itch,0,total,1360,1386.67,934
1,mutex_65536_same-core_paced_itch,0,total,1386.67,1413.33,1084
1,mutex_65536_same-core_paced_itch,0,total,1413.33,1440,1206
1,mutex_65536_same-core_paced_itch,0,total,1440,1466.67,1492
1,mutex_65536_same-core_paced_itch,0,total,1466.67,1493.33,1616
1,mutex_65536_same-core_paced_itch,0,total,1493.33,1520,1772
1,mutex_65536_same-core_paced_itch,0,total,1520,1546.67,2011
1,mutex_65536_same-core_paced_itch,0,total,1546.67,1573.33,2030
1,mutex_65536_same-core_paced_itch,0,total,1573.33,1600,1894
1,mutex_65536_same-core_paced_itch,0,total,1600,1626.67,1904
1,mutex_65536_same-core_paced_itch,0,total,1626.67,1653.33,1949
1,mutex_65536_same-core_paced_itch,0,total,1653.33,1680,2384
1,mutex_65536_same-core_paced_itch,0,total,1680,1706.67,3565
1,mutex_65536_same-core_paced_itch,0,total,1706.67,1760,11803
1,mutex_65536_same-core_paced_itch,0,total,1760,1813.33,16422
1,mutex_65536_same-core_paced_itch,0,total,1813.33,1866.67,16695
1,mutex_65536_same-core_paced_itch,0,total,1866.67,1920,12477
1,mutex_65536_same-core_paced_itch,0,total,1920,1973.33,9341
1,mutex_65536_same-core_paced_itch,0,total,1973.33,2026.67,6908
1,mutex_65536_same-core_paced_itch,0,total,2026.67,2080,5120
1,mutex_65536_same-core_paced_itch,0,total,2080,2133.33,3808
1,mutex_65536_same-core_paced_itch,0,total,2133.33,2186.67,2960
1,mutex_65536_same-core_paced_itch,0,total,2186.67,2240,2466
1,mutex_65536_same-core_paced_itch,0,total,2240,2293.33,2072
1,mutex_65536_same-core_paced_itch,0,total,2293.33,2346.66,2034
1,mutex_65536_same-core_paced_itch,0,total,2346.66,2400,1871
1,mutex_65536_same-core_paced_itch,0,total,2400,2453.33,1656
1,mutex_65536_same-core_paced_itch,0,total,2453.33,2506.66,1716
1,mutex_65536_same-core_paced_itch,0,total,2506.66,2560,1711
1,mutex_65536_same-core_paced_itch,0,total,2560,2613.33,1623
1,mutex_65536_same-core_paced_itch,0,total,2613.33,2666.66,1614
1,mutex_65536_same-core_paced_itch,0,total,2666.66,2720,1611
1,mutex_65536_same-core_paced_itch,0,total,2720,2773.33,1642
1,mutex_65536_same-core_paced_itch,0,total,2773.33,2826.66,1655
1,mutex_65536_same-core_paced_itch,0,total,2826.66,2880,1604
1,mutex_65536_same-core_paced_itch,0,total,2880,2933.33,1616
1,mutex_65536_same-core_paced_itch,0,total,2933.33,2986.66,1468
1,mutex_65536_same-core_paced_itch,0,total,2986.66,3040,1209
1,mutex_65536_same-core_paced_itch,0,total,3040,3093.33,1011
1,mutex_65536_same-core_paced_itch,0,total,3093.33,3146.66,943
1,mutex_65536_same-core_paced_itch,0,total,3146.66,3200,871
1,mutex_65536_same-core_paced_itch,0,total,3200,3253.33,725
1,mutex_65536_same-core_paced_itch,0,total,3253.33,3306.66,723
1,mutex_65536_same-core_paced_itch,0,total,3306.66,3360,693
1,mutex_65536_same-core_paced_itch,0,total,3360,3413.33,718
1,mutex_65536_same-core_paced_itch,0,total,3413.33,3520,1524
1,mutex_65536_same-core_paced_itch,0,total,3520,3626.66,1451
1,mutex_65536_same-core_paced_itch,0,total,3626.66,3733.33,1475
1,mutex_65536_same-core_paced_itch,0,total,3733.33,3840,1554
1,mutex_65536_same-core_paced_itch,0,total,3840,3946.66,1430
1,mutex_65536_same-core_paced_itch,0,total,3946.66,4053.33,1182
1,mutex_65536_same-core_paced_itch,0,total,4053.33,4160,1083
1,mutex_65536_same-core_paced_itch,0,total,4160,4266.66,953
1,mutex_65536_same-core_paced_itch,0,total,4266.66,4373.33,932
1,mutex_65536_same-core_paced_itch,0,total,4373.33,4480,891
1,mutex_65536_same-core_paced_itch,0,total,4480,4586.66,766
1,mutex_65536_same-core_paced_itch,0,total,4586.66,4693.33,776
1,mutex_65536_same-core_paced_itch,0,total,4693.33,4800,739
1,mutex_65536_same-core_paced_itch,0,total,4800,4906.66,708
1,mutex_65536_same-core_paced_itch,0,total,4906.66,5013.33,687
1,mutex_65536_same-core_paced_itch,0,total,5013.33,5120,620
1,mutex_65536_same-core_paced_itch,0,total,5120,5226.66,602
1,mutex_65536_same-core_paced_itch,0,total,5226.66,5333.33,574
1,mutex_65536_same-core_paced_itch,0,total,5333.33,5440,552
1,mutex_65536_same-core_paced_itch,0,total,5440,5546.66,540
1,mutex_65536_same-core_paced_itch,0,total,5546.66,5653.33,515
1,mutex_65536_same-core_paced_itch,0,total,5653.33,5760,445
1,mutex_65536_same-core_paced_itch,0,total,5760,5866.66,462
1,mutex_65536_same-core_paced_itch,0,total,5866.66,5973.33,450
1,mutex_65536_same-core_paced_itch,0,total,5973.33,6080,445
1,mutex_65536_same-core_paced_itch,0,total,6080,6186.66,415
1,mutex_65536_same-core_paced_itch,0,total,6186.66,6293.33,423
1,mutex_65536_same-core_paced_itch,0,total,6293.33,6400,389
1,mutex_65536_same-core_paced_itch,0,total,6400,6506.66,374
1,mutex_65536_same-core_paced_itch,0,total,6506.66,6613.33,389
1,mutex_65536_same-core_paced_itch,0,total,6613.33,6720,370
1,mutex_65536_same-core_paced_itch,0,total,6720,6826.66,343
1,mutex_65536_same-core_paced_itch,0,total,6826.66,7039.99,720
1,mutex_65536_same-core_paced_itch,0,total,7039.99,7253.33,641
1,mutex_65536_same-core_paced_itch,0,total,7253.33,7466.66,605
1,mutex_65536_same-core_paced_itch,0,total,7466.66,7679.99,572
1,mutex_65536_same-core_paced_itch,0,total,7679.99,7893.33,539
1,mutex_65536_same-core_paced_itch,0,total,7893.33,8106.66,518
1,mutex_65536_same-core_paced_itch,0,total,8106.66,8319.99,501
1,mutex_65536_same-core_paced_itch,0,total,8319.99,8533.33,499
1,mutex_65536_same-core_paced_itch,0,total,8533.33,8746.66,462
1,mutex_65536_same-core_paced_itch,0,total,8746.66,8959.99,460
1,mutex_65536_same-core_paced_itch,0,total,8959.99,9173.33,404
1,mutex_65536_same-core_paced_itch,0,total,9173.33,9386.66,403
1,mutex_65536_same-core_paced_itch,0,total,9386.66,9599.99,390
1,mutex_65536_same-core_paced_itch,0,total,9599.99,9813.33,367
1,mutex_65536_same-core_paced_itch,0,total,9813.33,10026.7,358
1,mutex_65536_same-core_paced_itch,0,total,10026.7,10240,373
1,mutex_65536_same-core_paced_itch,0,total,10240,10453.3,330
1,mutex_65536_same-core_paced_itch,0,total,10453.3,10666.7,357
1,mutex_65536_same-core_paced_itch,0,total,10666.7,10880,324
1,mutex_65536_same-core_paced_itch,0,total,10880,11093.3,312
1,mutex_65536_same-core_paced_itch,0,total,11093.3,11306.7,299
1,mutex_65536_same-core_paced_itch,0,total,11306.7,11520,304
1,mutex_65536_same-core_paced_itch,0,total,11520,11733.3,264
1,mutex_65536_same-core_paced_itch,0,total,11733.3,11946.7,252
1,mutex_65536_same-core_paced_itch,0,total,11946.7,12160,243
1,mutex_65536_same-core_paced_itch,0,total,12160,12373.3,274
1,mutex_65536_same-core_paced_itch,0,total,12373.3,12586.7,269
1,mutex_65536_same-core_paced_itch,0,total,12586.7,12800,258
1,mutex_65536_same-core_paced_itch,0,total,12800,13013.3,232
1,mutex_65536_same-core_paced_itch,0,total,13013.3,13226.7,233
1,mutex_65536_same-core_paced_itch,0,total,13226.7,13440,212
1,mutex_65536_same-core_paced_itch,0,total,13440,13653.3,227
1,mutex_65536_same-core_paced_itch,0,total,13653.3,14080,439
1,mutex_65536_same-core_paced_itch,0,total,14080,14506.7,418
1,mutex_65536_same-core_paced_itch,0,total,14506.7,14933.3,402
1,mutex_65536_same-core_paced_itch,0,total,14933.3,15360,385
1,mutex_65536_same-core_paced_itch,0,total,15360,15786.7,369
1,mutex_65536_same-core_paced_itch,0,total,15786.7,16213.3,343
1,mutex_65536_same-core_paced_itch,0,total,16213.3,16640,306
1,mutex_65536_same-core_paced_itch,0,total,16640,17066.7,252
1,mutex_65536_same-core_paced_itch,0,total,17066.7,17493.3,228
1,mutex_65536_same-core_paced_itch,0,total,17493.3,17920,216
1,mutex_65536_same-core_paced_itch,0,total,17920,18346.7,167
1,mutex_65536_same-core_paced_itch,0,total,18346.7,18773.3,100
1,mutex_65536_same-core_paced_itch,0,total,18773.3,19200,97
1,mutex_65536_same-core_paced_itch,0,total,19200,19626.7,63
1,mutex_65536_same-core_paced_itch,0,total,19626.7,20053.3,72
1,mutex_65536_same-core_paced_itch,0,total,20053.3,20480,40
1,mutex_65536_same-core_paced_itch,0,total,20480,20906.7,48
1,mutex_65536_same-core_paced_itch,0,total,20906.7,21333.3,33
1,mutex_65536_same-core_paced_itch,0,total,21333.3,21760,40
1,mutex_65536_same-core_paced_itch,0,total,21760,22186.7,26
1,mutex_65536_same-core_paced_itch,0,total,22186.7,22613.3,22
1,mutex_65536_same-core_paced_itch,0,total,22613.3,23040,23
1,mutex_65536_same-core_paced_itch,0,total,23040,23466.6,16
1,mutex_65536_same-core_paced_itch,0,total,23466.6,23893.3,16
1,mutex_65536_same-core_paced_itch,0,total,23893.3,24320,20
1,mutex_65536_same-core_paced_itch,0,total,24320,24746.6,19
1,mutex_65536_same-core_paced_itch,0,total,24746.6,25173.3,12
1,mutex_65536_same-core_paced_itch,0,total,25173.3,25600,11
1,mutex_65536_same-core_paced_itch,0,total,25600,26026.6,16
1,mutex_65536_same-core_paced_itch,0,total,26026.6,26453.3,27
1,mutex_65536_same-core_paced_itch,0,total,26453.3,26880,5
1,mutex_65536_same-core_paced_itch,0,total,26880,27306.6,9
1,mutex_65536_same-core_paced_itch,0,total,27306.6,28160,13
1,mutex_65536_same-core_paced_itch,0,total,28160,29013.3,13
1,mutex_65536_same-core_paced_itch,0,total,29013.3,29866.6,15
1,mutex_65536_same-core_paced_itch,0,total,29866.6,30720,8
1,mutex_65536_same-core_paced_itch,0,total,30720,31573.3,8
1,mutex_65536_same-core_paced_itch,0,total,31573.3,32426.6,11
1,mutex_65536_same-core_paced_itch,0,total,32426.6,33280,9
1,mutex_65536_same-core_paced_itch,0,total,33280,34133.3,13
1,mutex_65536_same-core_paced_itch,0,total,34133.3,34986.6,8
1,mutex_65536_same-core_paced_itch,0,total,34986.6,35840,15
1,mutex_65536_same-core_paced_itch,0,total,35840,36693.3,18
1,mutex_65536_same-core_paced_itch,0,total,36693.3,37546.6,8
1,mutex_65536_same-core_paced_itch,0,total,37546.6,38400,9
1,mutex_65536_same-core_paced_itch,0,total,38400,39253.3,9
1,mutex_65536_same-core_paced_itch,0,total,39253.3,40106.6,7
1,mutex_65536_same-core_paced_itch,0,total,40106.6,40960,5
1,mutex_65536_same-core_paced_itch,0,total,40960,41813.3,13
1,mutex_65536_same-core_paced_itch,0,total,41813.3,42666.6,11
1,mutex_65536_same-core_paced_itch,0,total,42666.6,43520,10
1,mutex_65536_same-core_paced_itch,0,total,43520,44373.3,7
1,mutex_65536_same-core_paced_itch,0,total,44373.3,45226.6,14
1,mutex_65536_same-core_paced_itch,0,total,45226.6,46080,7
1,mutex_65536_same-core_paced_itch,0,total,46080,46933.3,7
1,mutex_65536_same-core_paced_itch,0,total,46933.3,47786.6,8
1,mutex_65536_same-core_paced_itch,0,total,47786.6,48640,10
1,mutex_65536_same-core_paced_itch,0,total,48640,49493.3,12
1,mutex_65536_same-core_paced_itch,0,total,49493.3,50346.6,11
1,mutex_65536_same-core_paced_itch,0,total,50346.6,51200,18
1,mutex_65536_same-core_paced_itch,0,total,51200,52053.3,19
1,mutex_65536_same-core_paced_itch,0,total,52053.3,52906.6,7
1,mutex_65536_same-core_paced_itch,0,total,52906.6,53760,8
1,mutex_65536_same-core_paced_itch,0,total,53760,54613.3,18
1,mutex_65536_same-core_paced_itch,0,total,54613.3,56320,14
1,mutex_65536_same-core_paced_itch,0,total,56320,58026.6,9
1,mutex_65536_same-core_paced_itch,0,total,58026.6,59733.3,18
1,mutex_65536_same-core_paced_itch,0,total,59733.3,61440,25
1,mutex_65536_same-core_paced_itch,0,total,61440,63146.6,19
1,mutex_65536_same-core_paced_itch,0,total,63146.6,64853.3,18
1,mutex_65536_same-core_paced_itch,0,total,64853.3,66560,18
1,mutex_65536_same-core_paced_itch,0,total,66560,68266.6,21
1,mutex_65536_same-core_paced_itch,0,total,68266.6,69973.3,10
1,mutex_65536_same-core_paced_itch,0,total,69973.3,71679.9,18
1,mutex_65536_same-core_paced_itch,0,total,71679.9,73386.6,24
1,mutex_65536_same-core_paced_itch,0,total,73386.6,75093.3,37
1,mutex_65536_same-core_paced_itch,0,total,75093.3,76799.9,26
1,mutex_65536_same-core_paced_itch,0,total,76799.9,78506.6,24
1,mutex_65536_same-core_paced_itch,0,total,78506.6,80213.3,16
1,mutex_65536_same-core_paced_itch,0,total,80213.3,81919.9,24
1,mutex_65536_same-core_paced_itch,0,total,81919.9,83626.6,17
1,mutex_65536_same-core_paced_itch,0,total,83626.6,85333.3,16
1,mutex_65536_same-core_paced_itch,0,total,85333.3,87039.9,21
1,mutex_65536_same-core_paced_itch,0,total,87039.9,88746.6,24
1,mutex_65536_same-core_paced_itch,0,total,88746.6,90453.3,24
1,mutex_65536_same-core_paced_itch,0,total,90453.3,92159.9,23
1,mutex_65536_same-core_paced_itch,0,total,92159.9,93866.6,25
1,mutex_65536_same-core_paced_itch,0,total,93866.6,95573.3,15
1,mutex_65536_same-core_paced_itch,0,total,95573.3,97279.9,28
1,mutex_65536_same-core_paced_itch,0,total,97279.9,98986.6,21
1,mutex_65536_same-core_paced_itch,0,total,98986.6,100693,17
1,mutex_65536_same-core_paced_itch,0,total,100693,102400,18
1,mutex_65536_same-core_paced_itch,0,total,102400,104107,18
1,mutex_65536_same-core_paced_itch,0,total,104107,105813,5
1,mutex_65536_same-core_paced_itch,0,total,105813,107520,12
1,mutex_65536_same-core_paced_itch,0,total,107520,109227,6
1,mutex_65536_same-core_paced_itch,0,total,109227,112640,14
1,mutex_65536_same-core_paced_itch,0,total,112640,116053,17
1,mutex_65536_same-core_paced_itch,0,total,116053,119467,25
1,mutex_65536_same-core_paced_itch,0,total,119467,122880,22
1,mutex_65536_same-core_paced_itch,0,total,122880,126293,21
1,mutex_65536_same-core_paced_itch,0,total,126293,129707,23
1,mutex_65536_same-core_paced_itch,0,total,129707,133120,27
1,mutex_65536_same-core_paced_itch,0,total,133120,136533,13
1,mutex_65536_same-core_paced_itch,0,total,136533,139947,37
1,mutex_65536_same-core_paced_itch,0,total,139947,143360,20
1,mutex_65536_same-core_paced_itch,0,total,143360,146773,12
1,mutex_65536_same-core_paced_itch,0,total,146773,150187,11
1,mutex_65536_same-core_paced_itch,0,total,150187,153600,14
1,mutex_65536_same-core_paced_itch,0,total,153600,157013,20
1,mutex_65536_same-core_paced_itch,0,total,157013,160427,13
1,mutex_65536_same-core_paced_itch,0,total,160427,163840,11
1,mutex_65536_same-core_paced_itch,0,total,163840,167253,14
1,mutex_65536_same-core_paced_itch,0,total,167253,170667,13
1,mutex_65536_same-core_paced_itch,0,total,170667,174080,33
1,mutex_65536_same-core_paced_itch,0,total,174080,177493,20
1,mutex_65536_same-core_paced_itch,0,total,177493,180907,35
1,mutex_65536_same-core_paced_itch,0,total,180907,184320,46
1,mutex_65536_same-core_paced_itch,0,total,184320,187733,30
1,mutex_65536_same-core_paced_itch,0,total,187733,191147,13
1,mutex_65536_same-core_paced_itch,0,total,191147,194560,19
1,mutex_65536_same-core_paced_itch,0,total,194560,197973,29
1,mutex_65536_same-core_paced_itch,0,total,197973,201387,31
1,mutex_65536_same-core_paced_itch,0,total,201387,204800,28
1,mutex_65536_same-core_paced_itch,0,total,204800,208213,35
1,mutex_65536_same-core_paced_itch,0,total,208213,211627,13
1,mutex_65536_same-core_paced_itch,0,total,211627,215040,7
1,mutex_65536_same-core_paced_itch,0,total,215040,218453,17
1,mutex_65536_same-core_paced_itch,0,total,218453,225280,25
1,mutex_65536_same-core_paced_itch,0,total,225280,232107,49
1,mutex_65536_same-core_paced_itch,0,total,232107,238933,11
1,mutex_65536_same-core_paced_itch,0,total,238933,245760,16
1,mutex_65536_same-core_paced_itch,0,total,245760,252586,8
1,mutex_65536_same-core_paced_itch,0,total,252586,259413,10
1,mutex_65536_same-core_paced_itch,0,total,259413,266240,11
1,mutex_65536_same-core_paced_itch,0,total,266240,273066,15
1,mutex_65536_same-core_paced_itch,0,total,273066,279893,12
1,mutex_65536_same-core_paced_itch,0,total,279893,286720,14
1,mutex_65536_same-core_paced_itch,0,total,286720,293546,15
1,mutex_65536_same-core_paced_itch,0,total,293546,300373,11
1,mutex_65536_same-core_paced_itch,0,total,300373,307200,16
1,mutex_65536_same-core_paced_itch,0,total,307200,314026,15
1,mutex_65536_same-core_paced_itch,0,total,314026,320853,17
1,mutex_65536_same-core_paced_itch,0,total,320853,327680,17
1,mutex_65536_same-core_paced_itch,0,total,327680,334506,28
1,mutex_65536_same-core_paced_itch,0,total,334506,341333,5
1,mutex_65536_same-core_paced_itch,0,total,341333,348160,5
1,mutex_65536_same-core_paced_itch,0,total,348160,354986,3
1,mutex_65536_same-core_paced_itch,0,total,354986,361813,5
1,mutex_65536_same-core_paced_itch,0,total,361813,368640,4
1,mutex_65536_same-core_paced_itch,0,total,368640,375466,6
1,mutex_65536_same-core_paced_itch,0,total,375466,382293,6
1,mutex_65536_same-core_paced_itch,0,total,382293,389120,7
1,mutex_65536_same-core_paced_itch,0,total,389120,395946,1
1,mutex_65536_same-core_paced_itch,0,total,395946,402773,1
1,mutex_65536_same-core_paced_itch,0,total,402773,409600,6
1,mutex_65536_same-core_paced_itch,0,total,409600,416426,6
1,mutex_65536_same-core_paced_itch,0,total,416426,423253,3
1,mutex_65536_same-core_paced_itch,0,total,423253,430080,8
1,mutex_65536_same-core_paced_itch,0,total,430080,436906,9
1,mutex_65536_same-core_paced_itch,0,total,436906,450560,1
1,mutex_65536_same-core_paced_itch,0,total,450560,464213,2
1,mutex_65536_same-core_paced_itch,0,total,464213,477866,6
1,mutex_65536_same-core_paced_itch,0,total,477866,491520,16
1,mutex_65536_same-core_paced_itch,0,total,491520,505173,12
1,mutex_65536_same-core_paced_itch,0,total,505173,518826,8
1,mutex_65536_same-core_paced_itch,0,total,518826,532480,9
1,mutex_65536_same-core_paced_itch,0,total,532480,546133,10
1,mutex_65536_same-core_paced_itch,0,total,546133,559786,4
1,mutex_65536_same-core_paced_itch,0,total,559786,573440,8
1,mutex_65536_same-core_paced_itch,0,total,573440,587093,5
1,mutex_65536_same-core_paced_itch,0,total,587093,600746,3
1,mutex_65536_same-core_paced_itch,0,total,600746,614400,17
1,mutex_65536_same-core_paced_itch,0,total,614400,628053,7
1,mutex_65536_same-core_paced_itch,0,total,628053,641706,10
1,mutex_65536_same-core_paced_itch,0,total,641706,655360,6
1,mutex_65536_same-core_paced_itch,0,total,655360,669013,11
1,mutex_65536_same-core_paced_itch,0,total,669013,682666,10
1,mutex_65536_same-core_paced_itch,0,total,682666,696320,11
1,mutex_65536_same-core_paced_itch,0,total,696320,709973,11
1,mutex_65536_same-core_paced_itch,0,total,709973,723626,13
1,mutex_65536_same-core_paced_itch,0,total,723626,737279,8
1,mutex_65536_same-core_paced_itch,0,total,737279,750933,3
1,mutex_65536_same-core_paced_itch,0,total,750933,764586,9
1,mutex_65536_same-core_paced_itch,0,total,764586,778239,11
1,mutex_65536_same-core_paced_itch,0,total,778239,791893,11
1,mutex_65536_same-core_paced_itch,0,total,791893,805546,5
1,mutex_65536_same-core_paced_itch,0,total,805546,819199,6
1,mutex_65536_same-core_paced_itch,0,total,819199,832853,11
1,mutex_65536_same-core_paced_itch,0,total,832853,846506,10
1,mutex_65536_same-core_paced_itch,0,total,846506,860159,8
1,mutex_65536_same-core_paced_itch,0,total,860159,873813,12
1,mutex_65536_same-core_paced_itch,0,total,873813,901119,6
1,mutex_65536_same-core_paced_itch,0,total,901119,928426,7
1,mutex_65536_same-core_paced_itch,0,total,928426,955733,16
1,mutex_65536_same-core_paced_itch,0,total,955733,983039,10
1,mutex_65536_same-core_paced_itch,0,total,983039,1.01035e+06,18
1,mutex_65536_same-core_paced_itch,0,total,1.01035e+06,1.03765e+06,9
1,mutex_65536_same-core_paced_itch,0,total,1.03765e+06,1.06496e+06,13
1,mutex_65536_same-core_paced_itch,0,total,1.06496e+06,1.09227e+06,15
1,mutex_65536_same-core_paced_itch,0,total,1.09227e+06,1.11957e+06,14
1,mutex_65536_same-core_paced_itch,0,total,1.11957e+06,1.14688e+06,16
1,mutex_65536_same-core_paced_itch,0,total,1.14688e+06,1.17419e+06,26
1,mutex_65536_same-core_paced_itch,0,total,1.17419e+06,1.20149e+06,8
1,mutex_65536_same-core_paced_itch,0,total,1.20149e+06,1.2288e+06,15
1,mutex_65536_same-core_paced_itch,0,total,1.2288e+06,1.25611e+06,65
1,mutex_65536_same-core_paced_itch,0,total,1.25611e+06,1.28341e+06,148
1,mutex_65536_same-core_paced_itch,0,total,1.28341e+06,1.31072e+06,158
1,mutex_65536_same-core_paced_itch,0,total,1.31072e+06,1.33803e+06,97
1,mutex_65536_same-core_paced_itch,0,total,1.33803e+06,1.36533e+06,312
1,mutex_65536_same-core_paced_itch,0,total,1.36533e+06,1.39264e+06,185
1,mutex_65536_same-core_paced_itch,0,total,1.39264e+06,1.41995e+06,76
1,mutex_65536_same-core_paced_itch,0,total,1.41995e+06,1.44725e+06,78
1,mutex_65536_same-core_paced_itch,0,total,1.44725e+06,1.47456e+06,67
1,mutex_65536_same-core_paced_itch,0,total,1.47456e+06,1.50187e+06,53
1,mutex_65536_same-core_paced_itch,0,total,1.50187e+06,1.52917e+06,259
1,mutex_65536_same-core_paced_itch,0,total,1.52917e+06,1.55648e+06,213
1,mutex_65536_same-core_paced_itch,0,total,1.55648e+06,1.58379e+06,114
1,mutex_65536_same-core_paced_itch,0,total,1.58379e+06,1.61109e+06,109
1,mutex_65536_same-core_paced_itch,0,total,1.61109e+06,1.6384e+06,79
1,mutex_65536_same-core_paced_itch,0,total,1.6384e+06,1.66571e+06,81
1,mutex_65536_same-core_paced_itch,0,total,1.66571e+06,1.69301e+06,103
1,mutex_65536_same-core_paced_itch,0,total,1.69301e+06,1.72032e+06,45
1,mutex_65536_same-core_paced_itch,0,total,1.72032e+06,1.74763e+06,105
1,mutex_65536_same-core_paced_itch,0,total,1.74763e+06,1.80224e+06,385
1,mutex_65536_same-core_paced_itch,0,total,1.80224e+06,1.85685e+06,613
1,mutex_65536_same-core_paced_itch,0,total,1.85685e+06,1.91147e+06,533
1,mutex_65536_same-core_paced_itch,0,total,1.91147e+06,1.96608e+06,356
1,mutex_65536_same-core_paced_itch,0,total,1.96608e+06,2.02069e+06,607
1,mutex_65536_same-core_paced_itch,0,total,2.02069e+06,2.07531e+06,1336
1,mutex_65536_same-core_paced_itch,0,total,2.07531e+06,2.12992e+06,1286
1,mutex_65536_same-core_paced_itch,0,total,2.12992e+06,2.18453e+06,365
1,mutex_65536_same-core_paced_itch,0,total,2.18453e+06,2.23915e+06,656
1,mutex_65536_same-core_paced_itch,0,total,2.23915e+06,2.29376e+06,1085
1,mutex_65536_same-core_paced_itch,0,total,2.29376e+06,2.34837e+06,631
1,mutex_65536_same-core_paced_itch,0,total,2.34837e+06,2.40298e+06,651
1,mutex_65536_same-core_paced_itch,0,total,2.40298e+06,2.4576e+06,519
1,mutex_65536_same-core_paced_itch,0,total,2.4576e+06,2.51221e+06,706
1,mutex_65536_same-core_paced_itch,0,total,2.51221e+06,2.56682e+06,291
1,mutex_65536_same-core_paced_itch,0,total,2.56682e+06,2.62144e+06,289
1,mutex_65536_same-core_paced_itch,0,total,2.62144e+06,2.67605e+06,345
1,mutex_65536_same-core_paced_itch,0,total,2.67605e+06,2.73066e+06,337
1,mutex_65536_same-core_paced_itch,0,total,2.73066e+06,2.78528e+06,253
1,mutex_65536_same-core_paced_itch,0,total,2.78528e+06,2.83989e+06,290
1,mutex_65536_same-core_paced_itch,0,total,2.83989e+06,2.8945e+06,213
1,mutex_65536_same-core_paced_itch,0,total,2.8945e+06,2.94912e+06,317
1,mutex_65536_same-core_paced_itch,0,total,2.94912e+06,3.00373e+06,295
1,mutex_65536_same-core_paced_itch,0,total,3.00373e+06,3.05834e+06,385
1,mutex_65536_same-core_paced_itch,0,total,3.05834e+06,3.11296e+06,735
1,mutex_65536_same-core_paced_itch,0,total,3.11296e+06,3.16757e+06,369
1,mutex_65536_same-core_paced_itch,0,total,3.16757e+06,3.22218e+06,753
1,mutex_65536_same-core_paced_itch,0,total,3.22218e+06,3.2768e+06,576
1,mutex_65536_same-core_paced_itch,0,total,3.2768e+06,3.33141e+06,436
1,mutex_65536_same-core_paced_itch,0,total,3.33141e+06,3.38602e+06,789
1,mutex_65536_same-core_paced_itch,0,total,3.38602e+06,3.44064e+06,662
1,mutex_65536_same-core_paced_itch,0,total,3.44064e+06,3.49525e+06,428
1,mutex_65536_same-core_paced_itch,0,total,3.49525e+06,3.60448e+06,937
1,mutex_65536_same-core_paced_itch,0,total,3.60448e+06,3.7137e+06,596
1,mutex_65536_same-core_paced_itch,0,total,3.7137e+06,3.82293e+06,1135
1,mutex_65536_same-core_paced_itch,0,total,3.82293e+06,3.93216e+06,795
1,mutex_65536_same-core_paced_itch,0,total,3.93216e+06,4.04138e+06,124
1,mutex_65536_same-core_paced_itch,0,total,4.04138e+06,4.15061e+06,475
1,mutex_65536_same-core_paced_itch,0,total,4.15061e+06,4.25984e+06,122
1,mutex_65536_same-core_paced_itch,0,total,4.25984e+06,4.36906e+06,93
1,mutex_65536_same-core_paced_itch,0,total,4.36906e+06,4.47829e+06,123
1,mutex_65536_same-core_paced_itch,0,total,4.47829e+06,4.58752e+06,174
1,mutex_65536_same-core_paced_itch,0,total,4.58752e+06,4.69674e+06,163
1,mutex_65536_same-core_paced_itch,0,total,4.69674e+06,4.80597e+06,171
1,mutex_65536_same-core_paced_itch,0,total,4.80597e+06,4.9152e+06,142
1,mutex_65536_same-core_paced_itch,0,total,4.9152e+06,5.02442e+06,251
1,mutex_65536_same-core_paced_itch,0,total,5.02442e+06,5.13365e+06,170
1,mutex_65536_same-core_paced_itch,0,total,5.13365e+06,5.24288e+06,145
1,mutex_65536_same-core_paced_itch,0,total,5.24288e+06,5.3521e+06,169
1,mutex_65536_same-core_paced_itch,0,total,5.3521e+06,5.46133e+06,180
1,mutex_65536_same-core_paced_itch,0,total,5.46133e+06,5.57056e+06,95
1,mutex_65536_same-core_paced_itch,0,total,5.57056e+06,5.67978e+06,292
1,mutex_65536_same-core_paced_itch,0,total,5.67978e+06,5.78901e+06,149
1,mutex_65536_same-core_paced_itch,0,total,5.78901e+06,5.89824e+06,108
1,mutex_65536_same-core_paced_itch,0,total,5.89824e+06,6.00746e+06,167
1,mutex_65536_same-core_paced_itch,0,total,6.00746e+06,6.11669e+06,145
1,mutex_65536_same-core_paced_itch,0,total,6.11669e+06,6.22592e+06,262
1,mutex_65536_same-core_paced_itch,0,total,6.22592e+06,6.33514e+06,292
1,mutex_65536_same-core_paced_itch,0,total,6.33514e+06,6.44437e+06,169
1,mutex_65536_same-core_paced_itch,0,total,6.44437e+06,6.5536e+06,190
1,mutex_65536_same-core_paced_itch,0,total,6.5536e+06,6.66282e+06,101
1,mutex_65536_same-core_paced_itch,0,total,6.66282e+06,6.77205e+06,252
1,mutex_65536_same-core_paced_itch,0,total,6.77205e+06,6.88128e+06,237
1,mutex_65536_same-core_paced_itch,0,total,6.88128e+06,6.9905e+06,108
1,mutex_65536_same-core_paced_itch,0,total,6.9905e+06,7.20895e+06,258
1,mutex_65536_same-core_paced_itch,0,total,7.20895e+06,7.42741e+06,1543
1,mutex_65536_same-core_paced_itch,0,total,7.42741e+06,7.64586e+06,1156
1,mutex_65536_same-core_paced_itch,0,total,7.64586e+06,7.86431e+06,465
1,mutex_65536_same-core_paced_itch,0,queue,63.3333,65,1
1,mutex_65536_same-core_paced_itch,0,queue,68.3333,70,1
1,mutex_65536_same-core_paced_itch,0,queue,70,71.6666,2
1,mutex_65536_same-core_paced_itch,0,queue,71.6666,73.3333,1
1,mutex_65536_same-core_paced_itch,0,queue,74.9999,76.6666,3
1,mutex_65536_same-core_paced_itch,0,queue,76.6666,78.3333,9
1,mutex_65536_same-core_paced_itch,0,queue,78.3333,79.9999,6
1,mutex_65536_same-core_paced_itch,0,queue,79.9999,81.6666,4
1,mutex_65536_same-core_paced_itch,0,queue,81.6666,83.3333,6
1,mutex_65536_same-core_paced_itch,0,queue,83.3333,84.9999,19
1,mutex_65536_same-core_paced_itch,0,queue,84.9999,86.6666,16
1,mutex_65536_same-core_paced_itch,0,queue,86.6666,88.3333,15
1,mutex_65536_same-core_paced_itch,0,queue,88.3333,89.9999,13
1,mutex_65536_same-core_paced_itch,0,queue,89.9999,91.6666,25
1,mutex_65536_same-core_paced_itch,0,queue,91.6666,93.3333,17
1,mutex_65536_same-core_paced_itch,0,queue,93.3333,94.9999,27
1,mutex_65536_same-core_paced_itch,0,queue,94.9999,96.6666,17
1,mutex_65536_same-core_paced_itch,0,queue,96.6666,98.3333,25
1,mutex_65536_same-core_paced_itch,0,queue,98.3333,99.9999,46
1,mutex_65536_same-core_paced_itch,0,queue,99.9999,101.667,45
1,mutex_65536_same-core_paced_itch,0,queue,101.667,103.333,39
1,mutex_65536_same-core_paced_itch,0,queue,103.333,105,47
1,mutex_65536_same-core_paced_itch,0,queue,105,106.667,43
1,mutex_65536_same-core_paced_itch,0,queue,106.667,110,78
1,mutex_65536_same-core_paced_itch,0,queue,110,113.333,106
1,mutex_65536_same-core_paced_itch,0,queue,113.333,116.667,91
1,mutex_65536_same-core_paced_itch,0,queue,116.667,120,93
1,mutex_65536_same-core_paced_itch,0,queue,120,123.333,110
1,mutex_65536_same-core_paced_itch,0,queue,123.333,126.667,102
1,mutex_65536_same-core_paced_itch,0,queue,126.667,130,116
1,mutex_65536_same-core_paced_itch,0,queue,130,133.333,121
1,mutex_65536_same-core_paced_itch,0,queue,133.333,136.667,108
1,mutex_65536_same-core_paced_itch,0,queue,136.667,140,129
1,mutex_65536_same-core_paced_itch,0,queue,140,143.333,115
1,mutex_65536_same-core_paced_itch,0,queue,143.333,146.667,147
1,mutex_65536_same-core_paced_itch,0,queue,146.667,150,146
1,mutex_65536_same-core_paced_itch,0,queue,150,153.333,121
1,mutex_65536_same-core_paced_itch,0,queue,153.333,156.667,123
1,mutex_65536_same-core_paced_itch,0,queue,156.667,160,113
1,mutex_65536_same-core_paced_itch,0,queue,160,163.333,114
1,mutex_65536_same-core_paced_itch,0,queue,163.333,166.667,111
1,mutex_65536_same-core_paced_itch,0,queue,166.667,170,120
1,mutex_65536_same-core_paced_itch,0,queue,170,173.333,114
1,mutex_65536_same-core_paced_itch,0,queue,173.333,176.667,117
1,mutex_65536_same-core_paced_itch,0,queue,176.667,180,108
1,mutex_65536_same-core_paced_itch,0,queue,180,183.333,116
1,mutex_65536_same-core_paced_itch,0,queue,183.333,186.667,121
1,mutex_65536_same-core_paced_itch,0,queue,186.667,190,109
1,mutex_65536_same-core_paced_itch,0,queue,190,193.333,96
1,mutex_65536_same-core_paced_itch,0,queue,193.333,196.667,124
1,mutex_65536_same-core_paced_itch,0,queue,196.667,200,102
1,mutex_65536_same-core_paced_itch,0,queue,200,203.333,110
1,mutex_65536_same-core_paced_itch,0,queue,203.333,206.667,100
1,mutex_65536_same-core_paced_itch,0,queue,206.667,210,111
1,mutex_65536_same-core_paced_itch,0,queue,210,213.333,124
1,mutex_65536_same-core_paced_itch,0,queue,213.333,220,266
1,mutex_65536_same-core_paced_itch,0,queue,220,226.667,276
1,mutex_65536_same-core_paced_itch,0,queue,226.667,233.333,289
1,mutex_65536_same-core_paced_itch,0,queue,233.333,240,300
1,mutex_65536_same-core_paced_itch,0,queue,240,246.666,256
1,mutex_65536_same-core_paced_itch,0,queue,246.666,253.333,225
1,mutex_65536_same-core_paced_itch,0,queue,253.333,260,249
1,mutex_65536_same-core_paced_itch,0,queue,260,266.666,257
1,mutex_65536_same-core_paced_itch,0,queue,266.666,273.333,224
1,mutex_65536_same-core_paced_itch,0,queue,273.333,280,228
1,mutex_65536_same-core_paced_itch,0,queue,280,286.666,228
1,mutex_65536_same-core_paced_itch,0,queue,286.666,293.333,229
1,mutex_65536_same-core_paced_itch,0,queue,293.333,300,214
1,mutex_65536_same-core_paced_itch,0,queue,300,306.666,249
1,mutex_65536_same-core_paced_itch,0,queue,306.666,313.333,226
1,mutex_65536_same-core_paced_itch,0,queue,313.333,320,233
1,mutex_65536_same-core_paced_itch,0,queue,320,326.666,241
1,mutex_65536_same-core_paced_itch,0,queue,326.666,333.333,273
1,mutex_65536_same-core_paced_itch,0,queue,333.333,340,257
1,mutex_65536_same-core_paced_itch,0,queue,340,346.666,282
1,mutex_65536_same-core_paced_itch,0,queue,346.666,353.333,248
1,mutex_65536_same-core_paced_itch,0,queue,353.333,360,263
1,mutex_65536_same-core_paced_itch,0,queue,360,366.666,252
1,mutex_65536_same-core_paced_itch,0,queue,366.666,373.333,291
1,mutex_65536_same-core_paced_itch,0,queue,373.333,380,239
1,mutex_65536_same-core_paced_itch,0,queue,380,386.666,251
1,mutex_65536_same-core_paced_itch,0,queue,386.666,393.333,259
1,mutex_65536_same-core_paced_itch,0,queue,393.333,400,287
1,mutex_65536_same-core_paced_itch,0,queue,400,406.666,366
1,mutex_65536_same-core_paced_itch,0,queue,406.666,413.333,428
1,mutex_65536_same-core_paced_itch,0,queue,413.333,420,518
1,mutex_65536_same-core_paced_itch,0,queue,420,426.666,578
1,mutex_65536_same-core_paced_itch,0,queue,426.666,440,1104
1,mutex_65536_same-core_paced_itch,0,queue,440,453.333,903
1,mutex_65536_same-core_paced_itch,0,queue,453.333,466.666,829
1,mutex_65536_same-core_paced_itch,0,queue,466.666,480,792
1,mutex_65536_same-core_paced_itch,0,queue,480,493.333,675
1,mutex_65536_same-core_paced_itch,0,queue,493.333,506.666,637
1,mutex_65536_same-core_paced_itch,0,queue,506.666,520,535
1,mutex_65536_same-core_paced_itch,0,queue,520,533.333,551
1,mutex_65536_same-core_paced_itch,0,queue,533.333,546.666,520
1,mutex_65536_same-core_paced_itch,0,queue,546.666,560,560
1,mutex_65536_same-core_paced_itch,0,queue,560,573.333,531
1,mutex_65536_same-core_paced_itch,0,queue,573.333,586.666,577
1,mutex_65536_same-core_paced_itch,0,queue,586.666,600,526
1,mutex_65536_same-core_paced_itch,0,queue,600,613.333,500
1,mutex_65536_same-core_paced_itch,0,queue,613.333,626.666,554
1,mutex_65536_same-core_paced_itch,0,queue,626.666,640,531
1,mutex_65536_same-core_paced_itch,0,queue,640,653.333,556
1,mutex_65536_same-core_paced_itch,0,queue,653.333,666.666,528
1,mutex_65536_same-core_paced_itch,0,queue,666.666,680,518
1,mutex_65536_same-core_paced_itch,0,queue,680,693.333,497
1,mutex_65536_same-core_paced_itch,0,queue,693.333,706.666,525
1,mutex_65536_same-core_paced_itch,0,queue,706.666,719.999,504
1,mutex_65536_same-core_paced_itch,0,queue,719.999,733.333,529
1,mutex_65536_same-core_paced_itch,0,queue,733.333,746.666,488
1,mutex_65536_same-core_paced_itch,0,queue,746.666,759.999,488
1,mutex_65536_same-core_paced_itch,0,queue,759.999,773.333,446
1,mutex_65536_same-core_paced_itch,0,queue,773.333,786.666,447
1,mutex_65536_same-core_paced_itch,0,queue,786.666,799.999,474
1,mutex_65536_same-core_paced_itch,0,queue,799.999,813.333,519
1,mutex_65536_same-core_paced_itch,0,queue,813.333,826.666,511
1,mutex_65536_same-core_paced_itch,0,queue,826.666,839.999,491
1,mutex_65536_same-core_paced_itch,0,queue,839.999,853.333,491
1,mutex_65536_same-core_paced_itch,0,queue,853.333,879.999,950
1,mutex_65536_same-core_paced_itch,0,queue,879.999,906.666,924
1,mutex_65536_same-core_paced_itch,0,queue,906.666,933.333,917
1,mutex_65536_same-core_paced_itch,0,queue,933.333,959.999,862
1,mutex_65536_same-core_paced_itch,0,queue,959.999,986.666,906
1,mutex_65536_same-core_paced_itch,0,queue,986.666,1013.33,861
1,mutex_65536_same-core_paced_itch,0,queue,1013.33,1040,879
1,mutex_65536_same-core_paced_itch,0,queue,1040,1066.67,832
1,mutex_65536_same-core_paced_itch,0,queue,1066.67,1093.33,893
1,mutex_65536_same-core_paced_itch,0,queue,1093.33,1120,833
1,mutex_65536_same-core_paced_itch,0,queue,1120,1146.67,912
1,mutex_65536_same-core_paced_itch,0,queue,1146.67,1173.33,985
1,mutex_65536_same-core_paced_itch,0,queue,1173.33,1200,964
1,mutex_65536_same-core_paced_itch,0,queue,1200,1226.67,974
1,mutex_65536_same-core_paced_itch,0,queue,1226.67,1253.33,919
1,mutex_65536_same-core_paced_itch,0,queue,1253.33,1280,962
1,mutex_65536_same-core_paced_itch,0,queue,1280,1306.67,967
1,mutex_65536_same-core_paced_itch,0,queue,1306.67,1333.33,1115
1,mutex_65536_same-core_paced_itch,0,queue,1333.33,1360,1216
1,mutex_65536_same-core_paced_itch,0,queue,1360,1386.67,2109
1,mutex_65536_same-core_paced_itch,0,queue,1386.67,1413.33,2825
1,mutex_65536_same-core_paced_itch,0,queue,1413.33,1440,2361
1,mutex_65536_same-core_paced_itch,0,queue,1440,1466.67,2054
1,mutex_65536_same-core_paced_itch,0,queue,1466.67,1493.33,1935
1,mutex_65536_same-core_paced_itch,0,queue,1493.33,1520,1859
1,mutex_65536_same-core_paced_itch,0,queue,1520,1546.67,1743
1,mutex_65536_same-core_paced_itch,0,queue,1546.67,1573.33,1711
1,mutex_65536_same-core_paced_itch,0,queue,1573.33,1600,1826
1,mutex_65536_same-core_paced_itch,0,queue,1600,1626.67,3517
1,mutex_65536_same-core_paced_itch,0,queue,1626.67,1653.33,11238
1,mutex_65536_same-core_paced_itch,0,queue,1653.33,1680,15915
1,mutex_65536_same-core_paced_itch,0,queue,1680,1706.67,15628
1,mutex_65536_same-core_paced_itch,0,queue,1706.67,1760,14804
1,mutex_65536_same-core_paced_itch,0,queue,1760,1813.33,9336
1,mutex_65536_same-core_paced_itch,0,queue,1813.33,1866.67,6330
1,mutex_65536_same-core_paced_itch,0,queue,1866.67,1920,4158
1,mutex_65536_same-core_paced_itch,0,queue,1920,1973.33,3117
1,mutex_65536_same-core_paced_itch,0,queue,1973.33,2026.67,2295
1,mutex_65536_same-core_paced_itch,0,queue,2026.67,2080,2050
1,mutex_65536_same-core_paced_itch,0,queue,2080,2133.33,1914
1,mutex_65536_same-core_paced_itch,0,queue,2133.33,2186.67,1875
1,mutex_65536_same-core_paced_itch,0,queue,2186.67,2240,1806
1,mutex_65536_same-core_paced_itch,0,queue,2240,2293.33,1603
1,mutex_65536_same-core_paced_itch,0,queue,2293.33,2346.66,1606
1,mutex_65536_same-core_paced_itch,0,queue,2346.66,2400,1630
1,mutex_65536_same-core_paced_itch,0,queue,2400,2453.33,1562
1,mutex_65536_same-core_paced_itch,0,queue,2453.33,2506.66,1554
1,mutex_65536_same-core_paced_itch,0,queue,2506.66,2560,1565
1,mutex_65536_same-core_paced_itch,0,queue,2560,2613.33,1666
1,mutex_65536_same-core_paced_itch,0,queue,2613.33,2666.66,1616
1,mutex_65536_same-core_paced_itch,0,queue,2666.66,2720,1632
1,mutex_65536_same-core_paced_itch,0,queue,2720,2773.33,1743
1,mutex_65536_same-core_paced_itch,0,queue,2773.33,2826.66,1557
1,mutex_65536_same-core_paced_itch,0,queue,2826.66,2880,1320
1,mutex_65536_same-core_paced_itch,0,queue,2880,2933.33,1031
1,mutex_65536_same-core_paced_itch,0,queue,2933.33,2986.66,878
1,mutex_65536_same-core_paced_itch,0,queue,2986.66,3040,807
1,mutex_65536_same-core_paced_itch,0,queue,3040,3093.33,759
1,mutex_65536_same-core_paced_itch,0,queue,3093.33,3146.66,726
1,mutex_65536_same-core_paced_itch,0,queue,3146.66,3200,690
1,mutex_65536_same-core_paced_itch,0,queue,3200,3253.33,687
1,mutex_65536_same-core_paced_itch,0,queue,3253.33,3306.66,662
1,mutex_65536_same-core_paced_itch,0,queue,3306.66,3360,673
1,mutex_65536_same-core_paced_itch,0,queue,3360,3413.33,770
1,mutex_65536_same-core_paced_itch,0,queue,3413.33,3520,1536
1,mutex_65536_same-core_paced_itch,0,queue,3520,3626.66,1402
1,mutex_65536_same-core_paced_itch,0,queue,3626.66,3733.33,1684
1,mutex_65536_same-core_paced_itch,0,queue,3733.33,3840,1328
1,mutex_65536_same-core_paced_itch,0,queue,3840,3946.66,1086
1,mutex_65536_same-core_paced_itch,0,queue,3946.66,4053.33,1015
1,mutex_65536_same-core_paced_itch,0,queue,4053.33,4160,909
1,mutex_65536_same-core_paced_itch,0,queue,4160,4266.66,932
1,mutex_65536_same-core_paced_itch,0,queue,4266.66,4373.33,818
1,mutex_65536_same-core_paced_itch,0,queue,4373.33,4480,791
1,mutex_65536_same-core_paced_itch,0,queue,4480,4586.66,755
1,mutex_65536_same-core_paced_itch,0,queue,4586.66,4693.33,733
1,mutex_65536_same-core_paced_itch,0,queue,4693.33,4800,681
1,mutex_65536_same-core_paced_itch,0,queue,4800,4906.66,662
1,mutex_65536_same-core_paced_itch,0,queue,4906.66,5013.33,590
1,mutex_65536_same-core_paced_itch,0,queue,5013.33,5120,593
1,mutex_65536_same-core_paced_itch,0,queue,5120,5226.66,581
1,mutex_65536_same-core_paced_itch,0,queue,5226.66,5333.33,518
1,mutex_65536_same-core_paced_itch,0,queue,5333.33,5440,527
1,mutex_65536_same-core_paced_itch,0,queue,5440,5546.66,475
1,mutex_65536_same-core_paced_itch,0,queue,5546.66,5653.33,480
1,mutex_65536_same-core_paced_itch,0,queue,5653.33,5760,432
1,mutex_65536_same-core_paced_itch,0,queue,5760,5866.66,454
1,mutex_65536_same-core_paced_itch,0,queue,5866.66,5973.33,421
1,mutex_65536_same-core_paced_itch,0,queue,5973.33,6080,438
1,mutex_65536_same-core_paced_itch,0,queue,6080,6186.66,408
1,mutex_65536_same-core_paced_itch,0,queue,6186.66,6293.33,391
1,mutex_65536_same-core_paced_itch,0,queue,6293.33,6400,385
1,mutex_65536_same-core_paced_itch,0,queue,6400,6506.66,370
1,mutex_65536_same-core_paced_itch,0,queue,6506.66,6613.33,332
1,mutex_65536_same-core_paced_itch,0,queue,6613.33,6720,357
1,mutex_65536_same-core_paced_itch,0,queue,6720,6826.66,381
1,mutex_65536_same-core_paced_itch,0,queue,6826.66,7039.99,648
1,mutex_65536_same-core_paced_itch,0,queue,7039.99,7253.33,636
1,mutex_65536_same-core_paced_itch,0,queue,7253.33,7466.66,547
1,mutex_65536_same-core_paced_itch,0,queue,7466.66,7679.99,545
1,mutex_65536_same-core_paced_itch,0,queue,7679.99,7893.33,533
1,mutex_65536_same-core_paced_itch,0,queue,7893.33,8106.66,523
1,mutex_65536_same-core_paced_itch,0,queue,8106.66,8319.99,476
1,mutex_65536_same-core_paced_itch,0,queue,8319.99,8533.33,488
1,mutex_65536_same-core_paced_itch,0,queue,8533.33,8746.66,439
1,mutex_65536_same-core_paced_itch,0,queue,8746.66,8959.99,443
1,mutex_65536_same-core_paced_itch,0,queue,8959.99,9173.33,410
1,mutex_65536_same-core_paced_itch,0,queue,9173.33,9386.66,367
1,mutex_65536_same-core_paced_itch,0,queue,9386.66,9599.99,379
1,mutex_65536_same-core_paced_itch,0,queue,9599.99,9813.33,377
1,mutex_65536_same-core_paced_itch,0,queue,9813.33,10026.7,346
1,mutex_65536_same-core_paced_itch,0,queue,10026.7,10240,372
1,mutex_65536_same-core_paced_itch,0,queue,10240,10453.3,329
1,mutex_65536_same-core_paced_itch,0,queue,10453.3,10666.7,325
1,mutex_65536_same-core_paced_itch,0,queue,10666.7,10880,334
1,mutex_65536_same-core_paced_itch,0,queue,10880,11093.3,290
1,mutex_65536_same-core_paced_itch,0,queue,11093.3,11306.7,301
1,mutex_65536_same-core_paced_itch,0,queue,11306.7,11520,287
1,mutex_65536_same-core_paced_itch,0,queue,11520,11733.3,251
1,mutex_65536_same-core_paced_itch,0,queue,11733.3,11946.7,241
1,mutex_65536_same-core_paced_itch,0,queue,11946.7,12160,268
1,mutex_65536_same-core_paced_itch,0,queue,12160,12373.3,271
1,mutex_65536_same-core_paced_itch,0,queue,12373.3,12586.7,257
1,mutex_65536_same-core_paced_itch,0,queue,12586.7,12800,248
1,mutex_65536_same-core_paced_itch,0,queue,12800,13013.3,221
1,mutex_65536_same-core_paced_itch,0,queue,13013.3,13226.7,233
1,mutex_65536_same-core_paced_itch,0,queue,13226.7,13440,212
1,mutex_65536_same-core_paced_itch,0,queue,13440,13653.3,213
1,mutex_65536_same-core_paced_itch,0,queue,13653.3,14080,449
1,mutex_65536_same-core_paced_itch,0,queue,14080,14506.7,395
1,mutex_65536_same-core_paced_itch,0,queue,14506.7,14933.3,409
1,mutex_65536_same-core_paced_itch,0,queue,14933.3,15360,377
1,mutex_65536_same-core_paced_itch,0,queue,15360,15786.7,361
1,mutex_65536_same-core_paced_itch,0,queue,15786.7,16213.3,354
1,mutex_65536_same-core_paced_itch,0,queue,16213.3,16640,279
1,mutex_65536_same-core_paced_itch,0,queue,16640,17066.7,252
1,mutex_65536_same-core_paced_itch,0,queue,17066.7,17493.3,237
1,mutex_65536_same-core_paced_itch,0,queue,17493.3,17920,214
1,mutex_65536_same-core_paced_itch,0,queue,17920,18346.7,138
1,mutex_65536_same-core_paced_itch,0,queue,18346.7,18773.3,96
1,mutex_65536_same-core_paced_itch,0,queue,18773.3,19200,90
1,mutex_65536_same-core_paced_itch,0,queue,19200,19626.7,70
1,mutex_65536_same-core_paced_itch,0,queue,19626.7,20053.3,58
1,mutex_65536_same-core_paced_itch,0,queue,20053.3,20480,50
1,mutex_65536_same-core_paced_itch,0,queue,20480,20906.7,42
1,mutex_65536_same-core_paced_itch,0,queue,20906.7,21333.3,41
1,mutex_65536_same-core_paced_itch,0,queue,21333.3,21760,33
1,mutex_65536_same-core_paced_itch,0,queue,21760,22186.7,23
1,mutex_65536_same-core_paced_itch,0,queue,22186.7,22613.3,23
1,mutex_65536_same-core_paced_itch,0,queue,22613.3,23040,20
1,mutex_65536_same-core_paced_itch,0,queue,23040,23466.6,20
1,mutex_65536_same-core_paced_itch,0,queue,23466.6,23893.3,16
1,mutex_65536_same-core_paced_itch,0,queue,23893.3,24320,17
1,mutex_65536_same-core_paced_itch,0,queue,24320,24746.6,15
1,mutex_65536_same-core_paced_itch,0,queue,24746.6,25173.3,14
1,mutex_65536_same-core_paced_itch,0,queue,25173.3,25600,9
1,mutex_65536_same-core_paced_itch,0,queue,25600,26026.6,20
1,mutex_65536_same-core_paced_itch,0,queue,26026.6,26453.3,23
1,mutex_65536_same-core_paced_itch,0,queue,26453.3,26880,9
1,mutex_65536_same-core_paced_itch,0,queue,26880,27306.6,4
1,mutex_65536_same-core_paced_itch,0,queue,27306.6,28160,13
1,mutex_65536_same-core_paced_itch,0,queue,28160,29013.3,15
1,mutex_65536_same-core_paced_itch,0,queue,29013.3,29866.6,13
1,mutex_65536_same-core_paced_itch,0,queue,29866.6,30720,8
1,mutex_65536_same-core_paced_itch,0,queue,30720,31573.3,7
1,mutex_65536_same-core_paced_itch,0,queue,31573.3,32426.6,13
1,mutex_65536_same-core_paced_itch,0,queue,32426.6,33280,7
1,mutex_65536_same-core_paced_itch,0,queue,33280,34133.3,13
1,mutex_65536_same-core_paced_itch,0,queue,34133.3,34986.6,8
1,mutex_65536_same-core_paced_itch,0,queue,34986.6,35840,19
1,mutex_65536_same-core_paced_itch,0,queue,35840,36693.3,14
1,mutex_65536_same-core_paced_itch,0,queue,36693.3,37546.6,8
1,mutex_65536_same-core_paced_itch,0,queue,37546.6,38400,11
1,mutex_65536_same-core_paced_itch,0,queue,38400,39253.3,11
1,mutex_65536_same-core_paced_itch,0,queue,39253.3,40106.6,4
1,mutex_65536_same-core_paced_itch,0,queue,40106.6,40960,5
1,mutex_65536_same-core_paced_itch,0,queue,40960,41813.3,15
1,mutex_65536_same-core_paced_itch,0,queue,41813.3,42666.6,8
1,mutex_65536_same-core_paced_itch,0,queue,42666.6,43520,11
1,mutex_65536_same-core_paced_itch,0,queue,43520,44373.3,8
1,mutex_65536_same-core_paced_itch,0,queue,44373.3,45226.6,12
1,mutex_65536_same-core_paced_itch,0,queue,45226.6,46080,8
1,mutex_65536_same-core_paced_itch,0,queue,46080,46933.3,8
1,mutex_65536_same-core_paced_itch,0,queue,46933.3,47786.6,9
1,mutex_65536_same-core_paced_itch,0,queue,47786.6,48640,10
1,mutex_65536_same-core_paced_itch,0,queue,48640,49493.3,12
1,mutex_65536_same-core_paced_itch,0,queue,49493.3,50346.6,11
1,mutex_65536_same-core_paced_itch,0,queue,50346.6,51200,19
1,mutex_65536_same-core_paced_itch,0,queue,51200,52053.3,17
1,mutex_65536_same-core_paced_itch,0,queue,52053.3,52906.6,6
1,mutex_65536_same-core_paced_itch,0,queue,52906.6,53760,12
1,mutex_65536_same-core_paced_itch,0,queue,53760,54613.3,16
1,mutex_65536_same-core_paced_itch,0,queue,54613.3,56320,11
1,mutex_65536_same-core_paced_itch,0,queue,56320,58026.6,10
1,mutex_65536_same-core_paced_itch,0,queue,58026.6,59733.3,19
1,mutex_65536_same-core_paced_itch,0,queue,59733.3,61440,24
1,mutex_65536_same-core_paced_itch,0,queue,61440,63146.6,20
1,mutex_65536_same-core_paced_itch,0,queue,63146.6,64853.3,17
1,mutex_65536_same-core_paced_itch,0,queue,64853.3,66560,19
1,mutex_65536_same-core_paced_itch,0,queue,66560,68266.6,19
1,mutex_65536_same-core_paced_itch,0,queue,68266.6,69973.3,11
1,mutex_65536_same-core_paced_itch,0,queue,69973.3,71679.9,17
1,mutex_65536_same-core_paced_itch,0,queue,71679.9,73386.6,25
1,mutex_65536_same-core_paced_itch,0,queue,73386.6,75093.3,37
1,mutex_65536_same-core_paced_itch,0,queue,75093.3,76799.9,26
1,mutex_65536_same-core_paced_itch,0,queue,76799.9,78506.6,25
1,mutex_65536_same-core_paced_itch,0,queue,78506.6,80213.3,18
1,mutex_65536_same-core_paced_itch,0,queue,80213.3,81919.9,21
1,mutex_65536_same-core_paced_itch,0,queue,81919.9,83626.6,17
1,mutex_65536_same-core_paced_itch,0,queue,83626.6,85333.3,16
1,mutex_65536_same-core_paced_itch,0,queue,85333.3,87039.9,21
1,mutex_65536_same-core_paced_itch,0,queue,87039.9,88746.6,29
1,mutex_65536_same-core_paced_itch,0,queue,88746.6,90453.3,19
1,mutex_65536_same-core_paced_itch,0,queue,90453.3,92159.9,23
1,mutex_65536_same-core_paced_itch,0,queue,92159.9,93866.6,24
1,mutex_65536_same-core_paced_itch,0,queue,93866.6,95573.3,17
1,mutex_65536_same-core_paced_itch,0,queue,95573.3,97279.9,27
1,mutex_65536_same-core_paced_itch,0,queue,97279.9,98986.6,22
1,mutex_65536_same-core_paced_itch,0,queue,98986.6,100693,16
1,mutex_65536_same-core_paced_itch,0,queue,100693,102400,18
1,mutex_65536_same-core_paced_itch,0,queue,102400,104107,17
1,mutex_65536_same-core_paced_itch,0,queue,104107,105813,5
1,mutex_65536_same-core_paced_itch,0,queue,105813,107520,12
1,mutex_65536_same-core_paced_itch,0,queue,107520,109227,6
1,mutex_65536_same-core_paced_itch,0,queue,109227,112640,15
1,mutex_65536_same-core_paced_itch,0,queue,112640,116053,16
1,mutex_65536_same-core_paced_itch,0,queue,116053,119467,27
1,mutex_65536_same-core_paced_itch,0,queue,119467,122880,20
1,mutex_65536_same-core_paced_itch,0,queue,122880,126293,22
1,mutex_65536_same-core_paced_itch,0,queue,126293,129707,24
1,mutex_65536_same-core_paced_itch,0,queue,129707,133120,25
1,mutex_65536_same-core_paced_itch,0,queue,133120,136533,14
1,mutex_65536_same-core_paced_itch,0,queue,136533,139947,38
1,mutex_65536_same-core_paced_itch,0,queue,139947,143360,18
1,mutex_65536_same-core_paced_itch,0,queue,143360,146773,12
1,mutex_65536_same-core_paced_itch,0,queue,146773,150187,11
1,mutex_65536_same-core_paced_itch,0,queue,150187,153600,15
1,mutex_65536_same-core_paced_itch,0,queue,153600,157013,21
1,mutex_65536_same-core_paced_itch,0,queue,157013,160427,12
1,mutex_65536_same-core_paced_itch,0,queue,160427,163840,10
1,mutex_65536_same-core_paced_itch,0,queue,163840,167253,14
1,mutex_65536_same-core_paced_itch,0,queue,167253,170667,14
1,mutex_65536_same-core_paced_itch,0,queue,170667,174080,33
1,mutex_65536_same-core_paced_itch,0,queue,174080,177493,19
1,mutex_65536_same-core_paced_itch,0,queue,177493,180907,35
1,mutex_65536_same-core_paced_itch,0,queue,180907,184320,46
1,mutex_65536_same-core_paced_itch,0,queue,184320,187733,30
1,mutex_65536_same-core_paced_itch,0,queue,187733,191147,13
1,mutex_65536_same-core_paced_itch,0,queue,191147,194560,21
1,mutex_65536_same-core_paced_itch,0,queue,194560,197973,28
1,mutex_65536_same-core_paced_itch,0,queue,197973,201387,31
1,mutex_65536_same-core_paced_itch,0,queue,201387,204800,27
1,mutex_65536_same-core_paced_itch,0,queue,204800,208213,36
1,mutex_65536_same-core_paced_itch,0,queue,208213,211627,12
1,mutex_65536_same-core_paced_itch,0,queue,211627,215040,7
1,mutex_65536_same-core_paced_itch,0,queue,215040,218453,17
1,mutex_65536_same-core_paced_itch,0,queue,218453,225280,27
1,mutex_65536_same-core_paced_itch,0,queue,225280,232107,47
1,mutex_65536_same-core_paced_itch,0,queue,232107,238933,11
1,mutex_65536_same-core_paced_itch,0,queue,238933,245760,16
1,mutex_65536_same-core_paced_itch,0,queue,245760,252586,8
1,mutex_65536_same-core_paced_itch,0,queue,252586,259413,10
1,mutex_65536_same-core_paced_itch,0,queue,259413,266240,11
1,mutex_65536_same-core_paced_itch,0,queue,266240,273066,16
1,mutex_65536_same-core_paced_itch,0,queue,273066,279893,12
1,mutex_65536_same-core_paced_itch,0,queue,279893,286720,13
1,mutex_65536_same-core_paced_itch,0,queue,286720,293546,15
1,mutex_65536_same-core_paced_itch,0,queue,293546,300373,11
1,mutex_65536_same-core_paced_itch,0,queue,300373,307200,16
1,mutex_65536_same-core_paced_itch,0,queue,307200,314026,17
1,mutex_65536_same-core_paced_itch,0,queue,314026,320853,16
1,mutex_65536_same-core_paced_itch,0,queue,320853,327680,16
1,mutex_65536_same-core_paced_itch,0,queue,327680,334506,28
1,mutex_65536_same-core_paced_itch,0,queue,334506,341333,5
1,mutex_65536_same-core_paced_itch,0,queue,341333,348160,5
1,mutex_65536_same-core_paced_itch,0,queue,348160,354986,3
1,mutex_65536_same-core_paced_itch,0,queue,354986,361813,5
1,mutex_65536_same-core_paced_itch,0,queue,361813,368640,5
1,mutex_65536_same-core_paced_itch,0,queue,368640,375466,5
1,mutex_65536_same-core_paced_itch,0,queue,375466,382293,6
1,mutex_65536_same-core_paced_itch,0,queue,382293,389120,7
1,mutex_65536_same-core_paced_itch,0,queue,389120,395946,2
1,mutex_65536_same-core_paced_itch,0,queue,402773,409600,6
1,mutex_65536_same-core_paced_itch,0,queue,409600,416426,7
1,mutex_65536_same-core_paced_itch,0,queue,416426,423253,4
1,mutex_65536_same-core_paced_itch,0,queue,423253,430080,6
1,mutex_65536_same-core_paced_itch,0,queue,430080,436906,9
1,mutex_65536_same-core_paced_itch,0,queue,436906,450560,1
1,mutex_65536_same-core_paced_itch,0,queue,450560,464213,2
1,mutex_65536_same-core_paced_itch,0,queue,464213,477866,6
1,mutex_65536_same-core_paced_itch,0,queue,477866,491520,16
1,mutex_65536_same-core_paced_itch,0,queue,491520,505173,13
1,mutex_65536_same-core_paced_itch,0,queue,505173,518826,7
1,mutex_65536_same-core_paced_itch,0,queue,518826,532480,9
1,mutex_65536_same-core_paced_itch,0,queue,532480,546133,10
1,mutex_65536_same-core_paced_itch,0,queue,546133,559786,4
1,mutex_65536_same-core_paced_itch,0,queue,559786,573440,8
1,mutex_65536_same-core_paced_itch,0,queue,573440,587093,5
1,mutex_65536_same-core_paced_itch,0,queue,587093,600746,3
1,mutex_65536_same-core_paced_itch,0,queue,600746,614400,18
1,mutex_65536_same-core_paced_itch,0,queue,614400,628053,6
1,mutex_65536_same-core_paced_itch,0,queue,628053,641706,10
1,mutex_65536_same-core_paced_itch,0,queue,641706,655360,6
1,mutex_65536_same-core_paced_itch,0,queue,655360,669013,12
1,mutex_65536_same-core_paced_itch,0,queue,669013,682666,9
1,mutex_65536_same-core_paced_itch,0,queue,682666,696320,11
1,mutex_65536_same-core_paced_itch,0,queue,696320,709973,11
1,mutex_65536_same-core_paced_itch,0,queue,709973,723626,13
1,mutex_65536_same-core_paced_itch,0,queue,723626,737279,9
1,mutex_65536_same-core_paced_itch,0,queue,737279,750933,2
1,mutex_65536_same-core_paced_itch,0,queue,750933,764586,9
1,mutex_65536_same-core_paced_itch,0,queue,764586,778239,11
1,mutex_65536_same-core_paced_itch,0,queue,778239,791893,11
1,mutex_65536_same-core_paced_itch,0,queue,791893,805546,5
1,mutex_65536_same-core_paced_itch,0,queue,805546,819199,6
1,mutex_65536_same-core_paced_itch,0,queue,819199,832853,11
1,mutex_65536_same-core_paced_itch,0,queue,832853,846506,10
1,mutex_65536_same-core_paced_itch,0,queue,846506,860159,9
1,mutex_65536_same-core_paced_itch,0,queue,860159,873813,11
1,mutex_65536_same-core_paced_itch,0,queue,873813,901119,6
1,mutex_65536_same-core_paced_itch,0,queue,901119,928426,7
1,mutex_65536_same-core_paced_itch,0,queue,928426,955733,16
1,mutex_65536_same-core_paced_itch,0,queue,955733,983039,10
1,mutex_65536_same-core_paced_itch,0,queue,983039,1.01035e+06,18
1,mutex_65536_same-core_paced_itch,0,queue,1.01035e+06,1.03765e+06,9
1,mutex_65536_same-core_paced_itch,0,queue,1.03765e+06,1.06496e+06,13
1,mutex_65536_same-core_paced_itch,0,queue,1.06496e+06,1.09227e+06,15
1,mutex_65536_same-core_paced_itch,0,queue,1.09227e+06,1.11957e+06,15
1,mutex_65536_same-core_paced_itch,0,queue,1.11957e+06,1.14688e+06,15
1,mutex_65536_same-core_paced_itch,0,queue,1.14688e+06,1.17419e+06,26
1,mutex_65536_same-core_paced_itch,0,queue,1.17419e+06,1.20149e+06,8
1,mutex_65536_same-core_paced_itch,0,queue,1.20149e+06,1.2288e+06,15
1,mutex_65536_same-core_paced_itch,0,queue,1.2288e+06,1.25611e+06,65
1,mutex_65536_same-core_paced_itch,0,queue,1.25611e+06,1.28341e+06,148
1,mutex_65536_same-core_paced_itch,0,queue,1.28341e+06,1.31072e+06,158
1,mutex_65536_same-core_paced_itch,0,queue,1.31072e+06,1.33803e+06,98
1,mutex_65536_same-core_paced_itch,0,queue,1.33803e+06,1.36533e+06,314
1,mutex_65536_same-core_paced_itch,0,queue,1.36533e+06,1.39264e+06,183
1,mutex_65536_same-core_paced_itch,0,queue,1.39264e+06,1.41995e+06,75
1,mutex_65536_same-core_paced_itch,0,queue,1.41995e+06,1.44725e+06,78
1,mutex_65536_same-core_paced_itch,0,queue,1.44725e+06,1.47456e+06,68
1,mutex_65536_same-core_paced_itch,0,queue,1.47456e+06,1.50187e+06,52
1,mutex_65536_same-core_paced_itch,0,queue,1.50187e+06,1.52917e+06,259
1,mutex_65536_same-core_paced_itch,0,queue,1.52917e+06,1.55648e+06,213
1,mutex_65536_same-core_paced_itch,0,queue,1.55648e+06,1.58379e+06,114
1,mutex_65536_same-core_paced_itch,0,queue,1.58379e+06,1.61109e+06,110
1,mutex_65536_same-core_paced_itch,0,queue,1.61109e+06,1.6384e+06,79
1,mutex_65536_same-core_paced_itch,0,queue,1.6384e+06,1.66571e+06,80
1,mutex_65536_same-core_paced_itch,0,queue,1.66571e+06,1.69301e+06,103
1,mutex_65536_same-core_paced_itch,0,queue,1.69301e+06,1.72032e+06,45
1,mutex_65536_same-core_paced_itch,0,queue,1.72032e+06,1.74763e+06,105
1,mutex_65536_same-core_paced_itch,0,queue,1.74763e+06,1.80224e+06,385
1,mutex_65536_same-core_paced_itch,0,queue,1.80224e+06,1.85685e+06,614
1,mutex_65536_same-core_paced_itch,0,queue,1.85685e+06,1.91147e+06,534
1,mutex_65536_same-core_paced_itch,0,queue,1.91147e+06,1.96608e+06,354
1,mutex_65536_same-core_paced_itch,0,queue,1.96608e+06,2.02069e+06,608
1,mutex_65536_same-core_paced_itch,0,queue,2.02069e+06,2.07531e+06,1344
1,mutex_65536_same-core_paced_itch,0,queue,2.07531e+06,2.12992e+06,1278
1,mutex_65536_same-core_paced_itch,0,queue,2.12992e+06,2.18453e+06,366
1,mutex_65536_same-core_paced_itch,0,queue,2.18453e+06,2.23915e+06,655
1,mutex_65536_same-core_paced_itch,0,queue,2.23915e+06,2.29376e+06,1089
1,mutex_65536_same-core_paced_itch,0,queue,2.29376e+06,2.34837e+06,629
1,mutex_65536_same-core_paced_itch,0,queue,2.34837e+06,2.40298e+06,648
1,mutex_65536_same-core_paced_itch,0,queue,2.40298e+06,2.4576e+06,523
1,mutex_65536_same-core_paced_itch,0,queue,2.4576e+06,2.51221e+06,703
1,mutex_65536_same-core_paced_itch,0,queue,2.51221e+06,2.56682e+06,291
1,mutex_65536_same-core_paced_itch,0,queue,2.56682e+06,2.62144e+06,290
1,mutex_65536_same-core_paced_itch,0,queue,2.62144e+06,2.67605e+06,343
1,mutex_65536_same-core_paced_itch,0,queue,2.67605e+06,2.73066e+06,337
1,mutex_65536_same-core_paced_itch,0,queue,2.73066e+06,2.78528e+06,255
1,mutex_65536_same-core_paced_itch,0,queue,2.78528e+06,2.83989e+06,288
1,mutex_65536_same-core_paced_itch,0,queue,2.83989e+06,2.8945e+06,214
1,mutex_65536_same-core_paced_itch,0,queue,2.8945e+06,2.94912e+06,316
1,mutex_65536_same-core_paced_itch,0,queue,2.94912e+06,3.00373e+06,296
1,mutex_65536_same-core_paced_itch,0,queue,3.00373e+06,3.05834e+06,386
1,mutex_65536_same-core_paced_itch,0,queue,3.05834e+06,3.11296e+06,735
1,mutex_65536_same-core_paced_itch,0,queue,3.11296e+06,3.16757e+06,369
1,mutex_65536_same-core_paced_itch,0,queue,3.16757e+06,3.22218e+06,753
1,mutex_65536_same-core_paced_itch,0,queue,3.22218e+06,3.2768e+06,574
1,mutex_65536_same-core_paced_itch,0,queue,3.2768e+06,3.33141e+06,436
1,mutex_65536_same-core_paced_itch,0,queue,3.33141e+06,3.38602e+06,791
1,mutex_65536_same-core_paced_itch,0,queue,3.38602e+06,3.44064e+06,661
1,mutex_65536_same-core_paced_itch,0,queue,3.44064e+06,3.49525e+06,428
1,mutex_65536_same-core_paced_itch,0,queue,3.49525e+06,3.60448e+06,937
1,mutex_65536_same-core_paced_itch,0,queue,3.60448e+06,3.7137e+06,595
1,mutex_65536_same-core_paced_itch,0,queue,3.7137e+06,3.82293e+06,1135
1,mutex_65536_same-core_paced_itch,0,queue,3.82293e+06,3.93216e+06,795
1,mutex_65536_same-core_paced_itch,0,queue,3.93216e+06,4.04138e+06,124
1,mutex_65536_same-core_paced_itch,0,queue,4.04138e+06,4.15061e+06,475
1,mutex_65536_same-core_paced_itch,0,queue,4.15061e+06,4.25984e+06,122
1,mutex_65536_same-core_paced_itch,0,queue,4.25984e+06,4.36906e+06,93
1,mutex_65536_same-core_paced_itch,0,queue,4.36906e+06,4.47829e+06,123
1,mutex_65536_same-core_paced_itch,0,queue,4.47829e+06,4.58752e+06,174
1,mutex_65536_same-core_paced_itch,0,queue,4.58752e+06,4.69674e+06,163
1,mutex_65536_same-core_paced_itch,0,queue,4.69674e+06,4.80597e+06,173
1,mutex_65536_same-core_paced_itch,0,queue,4.80597e+06,4.9152e+06,140
1,mutex_65536_same-core_paced_itch,0,queue,4.9152e+06,5.02442e+06,251
1,mutex_65536_same-core_paced_itch,0,queue,5.02442e+06,5.13365e+06,170
1,mutex_65536_same-core_paced_itch,0,queue,5.13365e+06,5.24288e+06,145
1,mutex_65536_same-core_paced_itch,0,queue,5.24288e+06,5.3521e+06,169
1,mutex_65536_same-core_paced_itch,0,queue,5.3521e+06,5.46133e+06,180
1,mutex_65536_same-core_paced_itch,0,queue,5.46133e+06,5.57056e+06,95
1,mutex_65536_same-core_paced_itch,0,queue,5.57056e+06,5.67978e+06,293
1,mutex_65536_same-core_paced_itch,0,queue,5.67978e+06,5.78901e+06,148
1,mutex_65536_same-core_paced_itch,0,queue,5.78901e+06,5.89824e+06,108
1,mutex_65536_same-core_paced_itch,0,queue,5.89824e+06,6.00746e+06,167
1,mutex_65536_same-core_paced_itch,0,queue,6.00746e+06,6.11669e+06,145
1,mutex_65536_same-core_paced_itch,0,queue,6.11669e+06,6.22592e+06,262
1,mutex_65536_same-core_paced_itch,0,queue,6.22592e+06,6.33514e+06,292
1,mutex_65536_same-core_paced_itch,0,queue,6.33514e+06,6.44437e+06,169
1,mutex_65536_same-core_paced_itch,0,queue,6.44437e+06,6.5536e+06,190
1,mutex_65536_same-core_paced_itch,0,queue,6.5536e+06,6.66282e+06,101
1,mutex_65536_same-core_paced_itch,0,queue,6.66282e+06,6.77205e+06,253
1,mutex_65536_same-core_paced_itch,0,queue,6.77205e+06,6.88128e+06,236
1,mutex_65536_same-core_paced_itch,0,queue,6.88128e+06,6.9905e+06,108
1,mutex_65536_same-core_paced_itch,0,queue,6.9905e+06,7.20895e+06,258
1,mutex_65536_same-core_paced_itch,0,queue,7.20895e+06,7.42741e+06,1544
1,mutex_65536_same-core_paced_itch,0,queue,7.42741e+06,7.64586e+06,1155
1,mutex_65536_same-core_paced_itch,0,queue,7.64586e+06,7.86431e+06,465
1,mutex_65536_same-core_paced_itch,0,book,6.66666,7.08333,1
1,mutex_65536_same-core_paced_itch,0,book,7.49999,7.91666,3
1,mutex_65536_same-core_paced_itch,0,book,8.33333,8.74999,13
1,mutex_65536_same-core_paced_itch,0,book,9.16666,9.58333,46
1,mutex_65536_same-core_paced_itch,0,book,9.99999,10.4167,101
1,mutex_65536_same-core_paced_itch,0,book,10.8333,11.25,149
1,mutex_65536_same-core_paced_itch,0,book,11.6667,12.0833,160
1,mutex_65536_same-core_paced_itch,0,book,12.5,12.9167,158
1,mutex_65536_same-core_paced_itch,0,book,13.3333,13.75,196
1,mutex_65536_same-core_paced_itch,0,book,14.1667,14.5833,222
1,mutex_65536_same-core_paced_itch,0,book,15,15.4167,238
1,mutex_65536_same-core_paced_itch,0,book,15.8333,16.25,326
1,mutex_65536_same-core_paced_itch,0,book,16.6667,17.0833,363
1,mutex_65536_same-core_paced_itch,0,book,17.5,17.9167,423
1,mutex_65536_same-core_paced_itch,0,book,18.3333,18.75,781
1,mutex_65536_same-core_paced_itch,0,book,19.1667,19.5833,825
1,mutex_65536_same-core_paced_itch,0,book,20,20.4167,953
1,mutex_65536_same-core_paced_itch,0,book,20.8333,21.25,637
1,mutex_65536_same-core_paced_itch,0,book,21.6667,22.0833,561
1,mutex_65536_same-core_paced_itch,0,book,22.5,22.9167,619
1,mutex_65536_same-core_paced_itch,0,book,23.3333,23.75,565
1,mutex_65536_same-core_paced_itch,0,book,24.1666,24.5833,640
1,mutex_65536_same-core_paced_itch,0,book,25,25.4166,614
1,mutex_65536_same-core_paced_itch,0,book,25.8333,26.25,692
1,mutex_65536_same-core_paced_itch,0,book,26.6666,27.5,532
1,mutex_65536_same-core_paced_itch,0,book,27.5,28.3333,475
1,mutex_65536_same-core_paced_itch,0,book,28.3333,29.1666,449
1,mutex_65536_same-core_paced_itch,0,book,29.1666,30,379
1,mutex_65536_same-core_paced_itch,0,book,30,30.8333,358
1,mutex_65536_same-core_paced_itch,0,book,30.8333,31.6666,331
1,mutex_65536_same-core_paced_itch,0,book,31.6666,32.5,327
1,mutex_65536_same-core_paced_itch,0,book,32.5,33.3333,286
1,mutex_65536_same-core_paced_itch,0,book,33.3333,34.1666,314
1,mutex_65536_same-core_paced_itch,0,book,34.1666,35,326
1,mutex_65536_same-core_paced_itch,0,book,35,35.8333,302
1,mutex_65536_same-core_paced_itch,0,book,35.8333,36.6666,385
1,mutex_65536_same-core_paced_itch,0,book,36.6666,37.5,347
1,mutex_65536_same-core_paced_itch,0,book,37.5,38.3333,396
1,mutex_65536_same-core_paced_itch,0,book,38.3333,39.1666,436
1,mutex_65536_same-core_paced_itch,0,book,39.1666,40,441
1,mutex_65536_same-core_paced_itch,0,book,40,40.8333,530
1,mutex_65536_same-core_paced_itch,0,book,40.8333,41.6666,512
1,mutex_65536_same-core_paced_itch,0,book,41.6666,42.5,595
1,mutex_65536_same-core_paced_itch,0,book,42.5,43.3333,629
1,mutex_65536_same-core_paced_itch,0,book,43.3333,44.1666,671
1,mutex_65536_same-core_paced_itch,0,book,44.1666,45,753
1,mutex_65536_same-core_paced_itch,0,book,45,45.8333,676
1,mutex_65536_same-core_paced_itch,0,book,45.8333,46.6666,824
1,mutex_65536_same-core_paced_itch,0,book,46.6666,47.5,818
1,mutex_65536_same-core_paced_itch,0,book,47.5,48.3333,865
1,mutex_65536_same-core_paced_itch,0,book,48.3333,49.1666,915
1,mutex_65536_same-core_paced_itch,0,book,49.1666,50,879
1,mutex_65536_same-core_paced_itch,0,book,50,50.8333,1052
1,mutex_65536_same-core_paced_itch,0,book,50.8333,51.6666,910
1,mutex_65536_same-core_paced_itch,0,book,51.6666,52.5,1061
1,mutex_65536_same-core_paced_itch,0,book,52.5,53.3333,1143
1,mutex_65536_same-core_paced_itch,0,book,53.3333,55,2534
1,mutex_65536_same-core_paced_itch,0,book,55,56.6666,2616
1,mutex_65536_same-core_paced_itch,0,book,56.6666,58.3333,2679
1,mutex_65536_same-core_paced_itch,0,book,58.3333,60,2703
1,mutex_65536_same-core_paced_itch,0,book,60,61.6666,2717
1,mutex_65536_same-core_paced_itch,0,book,61.6666,63.3333,2708
1,mutex_65536_same-core_paced_itch,0,book,63.3333,65,2541
1,mutex_65536_same-core_paced_itch,0,book,65,66.6666,2672
1,mutex_65536_same-core_paced_itch,0,book,66.6666,68.3333,2622
1,mutex_65536_same-core_paced_itch,0,book,68.3333,70,2541
1,mutex_65536_same-core_paced_itch,0,book,70,71.6666,2625
1,mutex_65536_same-core_paced_itch,0,book,71.6666,73.3333,2556
1,mutex_65536_same-core_paced_itch,0,book,73.3333,74.9999,2328
1,mutex_65536_same-core_paced_itch,0,book,74.9999,76.6666,2129
1,mutex_65536_same-core_paced_itch,0,book,76.6666,78.3333,1938
1,mutex_65536_same-core_paced_itch,0,book,78.3333,79.9999,1777
1,mutex_65536_same-core_paced_itch,0,book,79.9999,81.6666,1804
1,mutex_65536_same-core_paced_itch,0,book,81.6666,83.3333,1751
1,mutex_65536_same-core_paced_itch,0,book,83.3333,84.9999,1666
1,mutex_65536_same-core_paced_itch,0,book,84.9999,86.6666,1548
1,mutex_65536_same-core_paced_itch,0,book,86.6666,88.3333,1583
1,mutex_65536_same-core_paced_itch,0,book,88.3333,89.9999,1458
1,mutex_65536_same-core_paced_itch,0,book,89.9999,91.6666,1448
1,mutex_65536_same-core_paced_itch,0,book,91.6666,93.3333,1466
1,mutex_65536_same-core_paced_itch,0,book,93.3333,94.9999,1480
1,mutex_65536_same-core_paced_itch,0,book,94.9999,96.6666,1363
1,mutex_65536_same-core_paced_itch,0,book,96.6666,98.3333,1349
1,mutex_65536_same-core_paced_itch,0,book,98.3333,99.9999,1343
1,mutex_65536_same-core_paced_itch,0,book,99.9999,101.667,1356
1,mutex_65536_same-core_paced_itch,0,book,101.667,103.333,1321
1,mutex_65536_same-core_paced_itch,0,book,103.333,105,1222
1,mutex_65536_same-core_paced_itch,0,book,105,106.667,1199
1,mutex_65536_same-core_paced_itch,0,book,106.667,110,2252
1,mutex_65536_same-core_paced_itch,0,book,110,113.333,2352
1,mutex_65536_same-core_paced_itch,0,book,113.333,116.667,2734
1,mutex_65536_same-core_paced_itch,0,book,116.667,120,3673
1,mutex_65536_same-core_paced_itch,0,book,120,123.333,4712
1,mutex_65536_same-core_paced_itch,0,book,123.333,126.667,5088
1,mutex_65536_same-core_paced_itch,0,book,126.667,130,5115
1,mutex_65536_same-core_paced_itch,0,book,130,133.333,6544
1,mutex_65536_same-core_paced_itch,0,book,133.333,136.667,7454
1,mutex_65536_same-core_paced_itch,0,book,136.667,140,7430
1,mutex_65536_same-core_paced_itch,0,book,140,143.333,7124
1,mutex_65536_same-core_paced_itch,0,book,143.333,146.667,6663
1,mutex_65536_same-core_paced_itch,0,book,146.667,150,6829
1,mutex_65536_same-core_paced_itch,0,book,150,153.333,7246
1,mutex_65536_same-core_paced_itch,0,book,153.333,156.667,6026
1,mutex_65536_same-core_paced_itch,0,book,156.667,160,4861
1,mutex_65536_same-core_paced_itch,0,book,160,163.333,4606
1,mutex_65536_same-core_paced_itch,0,book,163.333,166.667,3958
1,mutex_65536_same-core_paced_itch,0,book,166.667,170,3519
1,mutex_65536_same-core_paced_itch,0,book,170,173.333,3254
1,mutex_65536_same-core_paced_itch,0,book,173.333,176.667,3017
1,mutex_65536_same-core_paced_itch,0,book,176.667,180,2813
1,mutex_65536_same-core_paced_itch,0,book,180,183.333,2762
1,mutex_65536_same-core_paced_itch,0,book,183.333,186.667,2427
1,mutex_65536_same-core_paced_itch,0,book,186.667,190,2388
1,mutex_65536_same-core_paced_itch,0,book,190,193.333,2212
1,mutex_65536_same-core_paced_itch,0,book,193.333,196.667,1963
1,mutex_65536_same-core_paced_itch,0,book,196.667,200,1805
1,mutex_65536_same-core_paced_itch,0,book,200,203.333,1698
1,mutex_65536_same-core_paced_itch,0,book,203.333,206.667,1634
1,mutex_65536_same-core_paced_itch,0,book,206.667,210,1495
1,mutex_65536_same-core_paced_itch,0,book,210,213.333,1532
1,mutex_65536_same-core_paced_itch,0,book,213.333,220,2758
1,mutex_65536_same-core_paced_itch,0,book,220,226.667,2618
1,mutex_65536_same-core_paced_itch,0,book,226.667,233.333,2429
1,mutex_65536_same-core_paced_itch,0,book,233.333,240,2273
1,mutex_65536_same-core_paced_itch,0,book,240,246.666,2154
1,mutex_65536_same-core_paced_itch,0,book,246.666,253.333,1983
1,mutex_65536_same-core_paced_itch,0,book,253.333,260,1902
1,mutex_65536_same-core_paced_itch,0,book,260,266.666,1693
1,mutex_65536_same-core_paced_itch,0,book,266.666,273.333,1636
1,mutex_65536_same-core_paced_itch,0,book,273.333,280,1432
1,mutex_65536_same-core_paced_itch,0,book,280,286.666,1385
1,mutex_65536_same-core_paced_itch,0,book,286.666,293.333,1287
1,mutex_65536_same-core_paced_itch,0,book,293.333,300,1212
1,mutex_65536_same-core_paced_itch,0,book,300,306.666,1218
1,mutex_65536_same-core_paced_itch,0,book,306.666,313.333,1153
1,mutex_65536_same-core_paced_itch,0,book,313.333,320,1004
1,mutex_65536_same-core_paced_itch,0,book,320,326.666,1050
1,mutex_65536_same-core_paced_itch,0,book,326.666,333.333,913
1,mutex_65536_same-core_paced_itch,0,book,333.333,340,918
1,mutex_65536_same-core_paced_itch,0,book,340,346.666,851
1,mutex_65536_same-core_paced_itch,0,book,346.666,353.333,788
1,mutex_65536_same-core_paced_itch,0,book,353.333,360,778
1,mutex_65536_same-core_paced_itch,0,book,360,366.666,743
1,mutex_65536_same-core_paced_itch,0,book,366.666,373.333,680
1,mutex_65536_same-core_paced_itch,0,book,373.333,380,599
1,mutex_65536_same-core_paced_itch,0,book,380,386.666,588
1,mutex_65536_same-core_paced_itch,0,book,386.666,393.333,529
1,mutex_65536_same-core_paced_itch,0,book,393.333,400,501
1,mutex_65536_same-core_paced_itch,0,book,400,406.666,433
1,mutex_65536_same-core_paced_itch,0,book,406.666,413.333,383
1,mutex_65536_same-core_paced_itch,0,book,413.333,420,371
1,mutex_65536_same-core_paced_itch,0,book,420,426.666,344
1,mutex_65536_same-core_paced_itch,0,book,426.666,440,626
1,mutex_65536_same-core_paced_itch,0,book,440,453.333,486
1,mutex_65536_same-core_paced_itch,0,book,453.333,466.666,378
1,mutex_65536_same-core_paced_itch,0,book,466.666,480,301
1,mutex_65536_same-core_paced_itch,0,book,480,493.333,254
1,mutex_65536_same-core_paced_itch,0,book,493.333,506.666,211
1,mutex_65536_same-core_paced_itch,0,book,506.666,520,203
1,mutex_65536_same-core_paced_itch,0,book,520,533.333,145
1,mutex_65536_same-core_paced_itch,0,book,533.333,546.666,144
1,mutex_65536_same-core_paced_itch,0,book,546.666,560,113
1,mutex_65536_same-core_paced_itch,0,book,560,573.333,106
1,mutex_65536_same-core_paced_itch,0,book,573.333,586.666,93
1,mutex_65536_same-core_paced_itch,0,book,586.666,600,67
1,mutex_65536_same-core_paced_itch,0,book,600,613.333,63
1,mutex_65536_same-core_paced_itch,0,book,613.333,626.666,49
1,mutex_65536_same-core_paced_itch,0,book,626.666,640,42
1,mutex_65536_same-core_paced_itch,0,book,640,653.333,38
1,mutex_65536_same-core_paced_itch,0,book,653.333,666.666,31
1,mutex_65536_same-core_paced_itch,0,book,666.666,680,25
1,mutex_65536_same-core_paced_itch,0,book,680,693.333,11
1,mutex_65536_same-core_paced_itch,0,book,693.333,706.666,12
1,mutex_65536_same-core_paced_itch,0,book,706.666,719.999,19
1,mutex_65536_same-core_paced_itch,0,book,719.999,733.333,15
1,mutex_65536_same-core_paced_itch,0,book,733.333,746.666,16
1,mutex_65536_same-core_paced_itch,0,book,746.666,759.999,17
1,mutex_65536_same-core_paced_itch,0,book,759.999,773.333,11
1,mutex_65536_same-core_paced_itch,0,book,773.333,786.666,16
1,mutex_65536_same-core_paced_itch,0,book,786.666,799.999,13
1,mutex_65536_same-core_paced_itch,0,book,799.999,813.333,14
1,mutex_65536_same-core_paced_itch,0,book,813.333,826.666,16
1,mutex_65536_same-core_paced_itch,0,book,826.666,839.999,12
1,mutex_65536_same-core_paced_itch,0,book,839.999,853.333,6
1,mutex_65536_same-core_paced_itch,0,book,853.333,879.999,25
1,mutex_65536_same-core_paced_itch,0,book,879.999,906.666,36
1,mutex_65536_same-core_paced_itch,0,book,906.666,933.333,34
1,mutex_65536_same-core_paced_itch,0,book,933.333,959.999,26
1,mutex_65536_same-core_paced_itch,0,book,959.999,986.666,34
1,mutex_65536_same-core_paced_itch,0,book,986.666,1013.33,26
1,mutex_65536_same-core_paced_itch,0,book,1013.33,1040,22
1,mutex_65536_same-core_paced_itch,0,book,1040,1066.67,21
1,mutex_65536_same-core_paced_itch,0,book,1066.67,1093.33,12
1,mutex_65536_same-core_paced_itch,0,book,1093.33,1120,7
1,mutex_65536_same-core_paced_itch,0,book,1120,1146.67,9
1,mutex_65536_same-core_paced_itch,0,book,1146.67,1173.33,11
1,mutex_65536_same-core_paced_itch,0,book,1173.33,1200,3
1,mutex_65536_same-core_paced_itch,0,book,1200,1226.67,8
1,mutex_65536_same-core_paced_itch,0,book,1226.67,1253.33,3
1,mutex_65536_same-core_paced_itch,0,book,1253.33,1280,3
1,mutex_65536_same-core_paced_itch,0,book,1280,1306.67,1
1,mutex_65536_same-core_paced_itch,0,book,1306.67,1333.33,9
1,mutex_65536_same-core_paced_itch,0,book,1333.33,1360,3
1,mutex_65536_same-core_paced_itch,0,book,1360,1386.67,3
1,mutex_65536_same-core_paced_itch,0,book,1386.67,1413.33,1
1,mutex_65536_same-core_paced_itch,0,book,1413.33,1440,3
1,mutex_65536_same-core_paced_itch,0,book,1466.67,1493.33,6
1,mutex_65536_same-core_paced_itch,0,book,1493.33,1520,5
1,mutex_65536_same-core_paced_itch,0,book,1520,1546.67,5
1,mutex_65536_same-core_paced_itch,0,book,1546.67,1573.33,5
1,mutex_65536_same-core_paced_itch,0,book,1573.33,1600,7
1,mutex_65536_same-core_paced_itch,0,book,1600,1626.67,3
1,mutex_65536_same-core_paced_itch,0,book,1626.67,1653.33,6
1,mutex_65536_same-core_paced_itch,0,book,1653.33,1680,2
1,mutex_65536_same-core_paced_itch,0,book,1680,1706.67,7
1,mutex_65536_same-core_paced_itch,0,book,1706.67,1760,18
1,mutex_65536_same-core_paced_itch,0,book,1760,1813.33,9
1,mutex_65536_same-core_paced_itch,0,book,1813.33,1866.67,10
1,mutex_65536_same-core_paced_itch,0,book,1866.67,1920,8
1,mutex_65536_same-core_paced_itch,0,book,1920,1973.33,7
1,mutex_65536_same-core_paced_itch,0,book,1973.33,2026.67,11
1,mutex_65536_same-core_paced_itch,0,book,2026.67,2080,4
1,mutex_65536_same-core_paced_itch,0,book,2080,2133.33,6
1,mutex_65536_same-core_paced_itch,0,book,2133.33,2186.67,1
1,mutex_65536_same-core_paced_itch,0,book,2186.67,2240,1
1,mutex_65536_same-core_paced_itch,0,book,2240,2293.33,1
1,mutex_65536_same-core_paced_itch,0,book,2293.33,2346.66,2
1,mutex_65536_same-core_paced_itch,0,book,2346.66,2400,1
1,mutex_65536_same-core_paced_itch,0,book,2400,2453.33,3
1,mutex_65536_same-core_paced_itch,0,book,2453.33,2506.66,1
1,mutex_65536_same-core_paced_itch,0,book,2506.66,2560,2
1,mutex_65536_same-core_paced_itch,0,book,2666.66,2720,1
1,mutex_65536_same-core_paced_itch,0,book,2773.33,2826.66,1
1,mutex_65536_same-core_paced_itch,0,book,2933.33,2986.66,2
1,mutex_65536_same-core_paced_itch,0,book,3040,3093.33,1
1,mutex_65536_same-core_paced_itch,0,book,3146.66,3200,1
1,mutex_65536_same-core_paced_itch,0,book,3306.66,3360,3
1,mutex_65536_same-core_paced_itch,0,book,3360,3413.33,1
1,mutex_65536_same-core_paced_itch,0,book,3413.33,3520,2
1,mutex_65536_same-core_paced_itch,0,book,3626.66,3733.33,1
1,mutex_65536_same-core_paced_itch,0,book,3733.33,3840,2
1,mutex_65536_same-core_paced_itch,0,book,3840,3946.66,2
1,mutex_65536_same-core_paced_itch,0,book,4266.66,4373.33,1
1,mutex_65536_same-core_paced_itch,0,book,4480,4586.66,2
1,mutex_65536_same-core_paced_itch,0,book,4800,4906.66,1
1,mutex_65536_same-core_paced_itch,0,book,4906.66,5013.33,1
1,mutex_65536_same-core_paced_itch,0,book,5013.33,5120,2
1,mutex_65536_same-core_paced_itch,0,book,5226.66,5333.33,1
1,mutex_65536_same-core_paced_itch,0,book,5440,5546.66,1
1,mutex_65536_same-core_paced_itch,0,book,5546.66,5653.33,1
1,mutex_65536_same-core_paced_itch,0,book,5653.33,5760,1
1,mutex_65536_same-core_paced_itch,0,book,5973.33,6080,1
1,mutex_65536_same-core_paced_itch,0,book,6080,6186.66,1
1,mutex_65536_same-core_paced_itch,0,book,6186.66,6293.33,1
1,mutex_65536_same-core_paced_itch,0,book,6400,6506.66,1
1,mutex_65536_same-core_paced_itch,0,book,6613.33,6720,1
1,mutex_65536_same-core_paced_itch,0,book,6826.66,7039.99,1
2,mutex_65536_same-core_paced_itch,0,total,101.667,103.333,1
2,mutex_65536_same-core_paced_itch,0,total,106.667,110,1
2,mutex_65536_same-core_paced_itch,0,total,110,113.333,3
2,mutex_65536_same-core_paced_itch,0,total,116.667,120,3
2,mutex_65536_same-core_paced_itch,0,total,120,123.333,2
2,mutex_65536_same-core_paced_itch,0,total,123.333,126.667,3
2,mutex_65536_same-core_paced_itch,0,total,126.667,130,5
2,mutex_65536_same-core_paced_itch,0,total,130,133.333,3
2,mutex_65536_same-core_paced_itch,0,total,133.333,136.667,4
2,mutex_65536_same-core_paced_itch,0,total,136.667,140,9
2,mutex_65536_same-core_paced_itch,0,total,140,143.333,6
2,mutex_65536_same-core_paced_itch,0,total,143.333,146.667,7
2,mutex_65536_same-core_paced_itch,0,total,146.667,150,4
2,mutex_65536_same-core_paced_itch,0,total,150,153.333,10
2,mutex_65536_same-core_paced_itch,0,total,153.333,156.667,10
2,mutex_65536_same-core_paced_itch,0,total,156.667,160,17
2,mutex_65536_same-core_paced_itch,0,total,160,163.333,26
2,mutex_65536_same-core_paced_itch,0,total,163.333,166.667,13
2,mutex_65536_same-core_paced_itch,0,total,166.667,170,21
2,mutex_65536_same-core_paced_itch,0,total,170,173.333,28
2,mutex_65536_same-core_paced_itch,0,total,173.333,176.667,16
2,mutex_65536_same-core_paced_itch,0,total,176.667,180,30
2,mutex_65536_same-core_paced_itch,0,total,180,183.333,20
2,mutex_65536_same-core_paced_itch,0,total,183.333,186.667,25
2,mutex_65536_same-core_paced_itch,0,total,186.667,190,32
2,mutex_65536_same-core_paced_itch,0,total,190,193.333,33
2,mutex_65536_same-core_paced_itch,0,total,193.333,196.667,29
2,mutex_65536_same-core_paced_itch,0,total,196.667,200,32
2,mutex_65536_same-core_paced_itch,0,total,200,203.333,35
2,mutex_65536_same-core_paced_itch,0,total,203.333,206.667,39
2,mutex_65536_same-core_paced_itch,0,total,206.667,210,39
2,mutex_65536_same-core_paced_itch,0,total,210,213.333,40
2,mutex_65536_same-core_paced_itch,0,total,213.333,220,67
2,mutex_65536_same-core_paced_itch,0,total,220,226.667,101
2,mutex_65536_same-core_paced_itch,0,total,226.667,233.333,115
2,mutex_65536_same-core_paced_itch,0,total,233.333,240,127
2,mutex_65536_same-core_paced_itch,0,total,240,246.666,127
2,mutex_65536_same-core_paced_itch,0,total,246.666,253.333,156
2,mutex_65536_same-core_paced_itch,0,total,253.333,260,150
2,mutex_65536_same-core_paced_itch,0,total,260,266.666,144
2,mutex_65536_same-core_paced_itch,0,total,266.666,273.333,172
2,mutex_65536_same-core_paced_itch,0,total,273.333,280,177
2,mutex_65536_same-core_paced_itch,0,total,280,286.666,182
2,mutex_65536_same-core_paced_itch,0,total,286.666,293.333,190
2,mutex_65536_same-core_paced_itch,0,total,293.333,300,198
2,mutex_65536_same-core_paced_itch,0,total,300,306.666,212
2,mutex_65536_same-core_paced_itch,0,total,306.666,313.333,209
2,mutex_65536_same-core_paced_itch,0,total,313.333,320,202
2,mutex_65536_same-core_paced_itch,0,total,320,326.666,223
2,mutex_65536_same-core_paced_itch,0,total,326.666,333.333,206
2,mutex_65536_same-core_paced_itch,0,total,333.333,340,206
2,mutex_65536_same-core_paced_itch,0,total,340,346.666,205
2,mutex_65536_same-core_paced_itch,0,total,346.666,353.333,207
2,mutex_65536_same-core_paced_itch,0,total,353.333,360,206
2,mutex_65536_same-core_paced_itch,0,total,360,366.666,226
2,mutex_65536_same-core_paced_itch,0,total,366.666,373.333,229
2,mutex_65536_same-core_paced_itch,0,total,373.333,380,230
2,mutex_65536_same-core_paced_itch,0,total,380,386.666,221
2,mutex_65536_same-core_paced_itch,0,total,386.666,393.333,251
2,mutex_65536_same-core_paced_itch,0,total,393.333,400,227
2,mutex_65536_same-core_paced_itch,0,total,400,406.666,219
2,mutex_65536_same-core_paced_itch,0,total,406.666,413.333,214
2,mutex_65536_same-core_paced_itch,0,total,413.333,420,226
2,mutex_65536_same-core_paced_itch,0,total,420,426.666,215
2,mutex_65536_same-core_paced_itch,0,total,426.666,440,491
2,mutex_65536_same-core_paced_itch,0,total,440,453.333,489
2,mutex_65536_same-core_paced_itch,0,total,453.333,466.666,576
2,mutex_65536_same-core_paced_itch,0,total,466.666,480,556
2,mutex_65536_same-core_paced_itch,0,total,480,493.333,627
2,mutex_65536_same-core_paced_itch,0,total,493.333,506.666,612
2,mutex_65536_same-core_paced_itch,0,total,506.666,520,618
2,mutex_65536_same-core_paced_itch,0,total,520,533.333,646
2,mutex_65536_same-core_paced_itch,0,total,533.333,546.666,723
2,mutex_65536_same-core_paced_itch,0,total,546.666,560,701
2,mutex_65536_same-core_paced_itch,0,total,560,573.333,730
2,mutex_65536_same-core_paced_itch,0,total,573.333,586.666,674
2,mutex_65536_same-core_paced_itch,0,total,586.666,600,683
2,mutex_65536_same-core_paced_itch,0,total,600,613.333,696
2,mutex_65536_same-core_paced_itch,0,total,613.333,626.666,622
2,mutex_65536_same-core_paced_itch,0,total,626.666,640,669
2,mutex_65536_same-core_paced_itch,0,total,640,653.333,654
2,mutex_65536_same-core_paced_itch,0,total,653.333,666.666,615
2,mutex_65536_same-core_paced_itch,0,total,666.666,680,636
2,mutex_65536_same-core_paced_itch,0,total,680,693.333,579
2,mutex_65536_same-core_paced_itch,0,total,693.333,706.666,539
2,mutex_65536_same-core_paced_itch,0,total,706.666,719.999,583
2,mutex_65536_same-core_paced_itch,0,total,719.999,733.333,550
2,mutex_65536_same-core_paced_itch,0,total,733.333,746.666,586
2,mutex_65536_same-core_paced_itch,0,total,746.666,759.999,542
2,mutex_65536_same-core_paced_itch,0,total,759.999,773.333,540
2,mutex_65536_same-core_paced_itch,0,total,773.333,786.666,502
2,mutex_65536_same-core_paced_itch,0,total,786.666,799.999,500
2,mutex_65536_same-core_paced_itch,0,total,799.999,813.333,509
2,mutex_65536_same-core_paced_itch,0,total,813.333,826.666,539
2,mutex_65536_same-core_paced_itch,0,total,826.666,839.999,530
2,mutex_65536_same-core_paced_itch,0,total,839.999,853.333,499
2,mutex_65536_same-core_paced_itch,0,total,853.333,879.999,936
2,mutex_65536_same-core_paced_itch,0,total,879.999,906.666,1029
2,mutex_65536_same-core_paced_itch,0,total,906.666,933.333,993
2,mutex_65536_same-core_paced_itch,0,total,933.333,959.999,956
2,mutex_65536_same-core_paced_itch,0,total,959.999,986.666,929
2,mutex_65536_same-core_paced_itch,0,total,986.666,1013.33,901
2,mutex_65536_same-core_paced_itch,0,total,1013.33,1040,930
2,mutex_65536_same-core_paced_itch,0,total,1040,1066.67,920
2,mutex_65536_same-core_paced_itch,0,total,1066.67,1093.33,935
2,mutex_65536_same-core_paced_itch,0,total,1093.33,1120,879
2,mutex_65536_same-core_paced_itch,0,total,1120,1146.67,941
2,mutex_65536_same-core_paced_itch,0,total,1146.67,1173.33,841
2,mutex_65536_same-core_paced_itch,0,total,1173.33,1200,881
2,mutex_65536_same-core_paced_itch,0,total,1200,1226.67,924
2,mutex_65536_same-core_paced_itch,0,total,1226.67,1253.33,909
2,mutex_65536_same-core_paced_itch,0,total,1253.33,1280,944
2,mutex_65536_same-core_paced_itch,0,total,1280,1306.67,911
2,mutex_65536_same-core_paced_itch,0,total,1306.67,1333.33,977
2,mutex_65536_same-core_paced_itch,0,total,1333.33,1360,993
2,mutex_65536_same-core_paced_itch,0,total,1360,1386.67,1055
2,mutex_65536_same-core_paced_itch,0,total,1386.67,1413.33,1053
2,mutex_65536_same-core_paced_itch,0,total,1413.33,1440,1271
2,mutex_65536_same-core_paced_itch,0,total,1440,1466.67,1424
2,mutex_65536_same-core_paced_itch,0,total,1466.67,1493.33,1659
2,mutex_65536_same-core_paced_itch,0,total,1493.33,1520,1806
2,mutex_65536_same-core_paced_itch,0,total,1520,1546.67,1912
2,mutex_65536_same-core_paced_itch,0,total,1546.67,1573.33,2012
2,mutex_65536_same-core_paced_itch,0,total,1573.33,1600,1877
2,mutex_65536_same-core_paced_itch,0,total,1600,1626.67,1878
2,mutex_65536_same-core_paced_itch,0,total,1626.67,1653.33,1929
2,mutex_65536_same-core_paced_itch,0,total,1653.33,1680,2196
2,mutex_65536_same-core_paced_itch,0,total,1680,1706.67,3265
2,mutex_65536_same-core_paced_itch,0,total,1706.67,1760,11476
2,mutex_65536_same-core_paced_itch,0,total,1760,1813.33,15826
2,mutex_65536_same-core_paced_itch,0,total,1813.33,1866.67,17189
2,mutex_65536_same-core_paced_itch,0,total,1866.67,1920,12525
2,mutex_65536_same-core_paced_itch,0,total,1920,1973.33,9562
2,mutex_65536_same-core_paced_itch,0,total,1973.33,2026.67,7121
2,mutex_65536_same-core_paced_itch,0,total,2026.67,2080,5076
2,mutex_65536_same-core_paced_itch,0,total,2080,2133.33,3860
2,mutex_65536_same-core_paced_itch,0,total,2133.33,2186.67,3050
2,mutex_65536_same-core_paced_itch,0,total,2186.67,2240,2643
2,mutex_65536_same-core_paced_itch,0,total,2240,2293.33,2174
2,mutex_65536_same-core_paced_itch,0,total,2293.33,2346.66,2023
2,mutex_65536_same-core_paced_itch,0,total,2346.66,2400,1786
2,mutex_65536_same-core_paced_itch,0,total,2400,2453.33,1699
2,mutex_65536_same-core_paced_itch,0,total,2453.33,2506.66,1674
2,mutex_65536_same-core_paced_itch,0,total,2506.66,2560,1622
2,mutex_65536_same-core_paced_itch,0,total,2560,2613.33,1691
2,mutex_65536_same-core_paced_itch,0,total,2613.33,2666.66,1719
2,mutex_65536_same-core_paced_itch,0,total,2666.66,2720,1690
2,mutex_65536_same-core_paced_itch,0,total,2720,2773.33,1696
2,mutex_65536_same-core_paced_itch,0,total,2773.33,2826.66,1643
2,mutex_65536_same-core_paced_itch,0,total,2826.66,2880,1672
2,mutex_65536_same-core_paced_itch,0,total,2880,2933.33,1580
2,mutex_65536_same-core_paced_itch,0,total,2933.33,2986.66,1429
2,mutex_65536_same-core_paced_itch,0,total,2986.66,3040,1207
2,mutex_65536_same-core_paced_itch,0,total,3040,3093.33,1075
2,mutex_65536_same-core_paced_itch,0,total,3093.33,3146.66,945
2,mutex_65536_same-core_paced_itch,0,total,3146.66,3200,879
2,mutex_65536_same-core_paced_itch,0,total,3200,3253.33,740
2,mutex_65536_same-core_paced_itch,0,total,3253.33,3306.66,744
2,mutex_65536_same-core_paced_itch,0,total,3306.66,3360,713
2,mutex_65536_same-core_paced_itch,0,total,3360,3413.33,687
2,mutex_65536_same-core_paced_itch,0,total,3413.33,3520,1441
2,mutex_65536_same-core_paced_itch,0,total,3520,3626.66,1475
2,mutex_65536_same-core_paced_itch,0,total,3626.66,3733.33,1436
2,mutex_65536_same-core_paced_itch,0,total,3733.33,3840,1628
2,mutex_65536_same-core_paced_itch,0,total,3840,3946.66,1374
2,mutex_65536_same-core_paced_itch,0,total,3946.66,4053.33,1206
2,mutex_65536_same-core_paced_itch,0,total,4053.33,4160,1117
2,mutex_65536_same-core_paced_itch,0,total,4160,4266.66,990
2,mutex_65536_same-core_paced_itch,0,total,4266.66,4373.33,907
2,mutex_65536_same-core_paced_itch,0,total,4373.33,4480,844
2,mutex_65536_same-core_paced_itch,0,total,4480,4586.66,851
2,mutex_65536_same-core_paced_itch,0,total,4586.66,4693.33,798
2,mutex_65536_same-core_paced_itch,0,total,4693.33,4800,747
2,mutex_65536_same-core_paced_itch,0,total,4800,4906.66,685
2,mutex_65536_same-core_paced_itch,0,total,4906.66,5013.33,685
2,mutex_65536_same-core_paced_itch,0,total,5013.33,5120,640
2,mutex_65536_same-core_paced_itch,0,total,5120,5226.66,616
2,mutex_65536_same-core_paced_itch,0,total,5226.66,5333.33,579
2,mutex_65536_same-core_paced_itch,0,total,5333.33,5440,556
2,mutex_65536_same-core_paced_itch,0,total,5440,5546.66,530
2,mutex_65536_same-core_paced_itch,0,total,5546.66,5653.33,547
2,mutex_65536_same-core_paced_itch,0,total,5653.33,5760,459
2,mutex_65536_same-core_paced_itch,0,total,5760,5866.66,493
2,mutex_65536_same-core_paced_itch,0,total,5866.66,5973.33,463
2,mutex_65536_same-core_paced_itch,0,total,5973.33,6080,440
2,mutex_65536_same-core_paced_itch,0,total,6080,6186.66,434
2,mutex_65536_same-core_paced_itch,0,total,6186.66,6293.33,391
2,mutex_65536_same-core_paced_itch,0,total,6293.33,6400,423
2,mutex_65536_same-core_paced_itch,0,total,6400,6506.66,375
2,mutex_65536_same-core_paced_itch,0,total,6506.66,6613.33,385
2,mutex_65536_same-core_paced_itch,0,total,6613.33,6720,357
2,mutex_65536_same-core_paced_itch,0,total,6720,6826.66,383
2,mutex_65536_same-core_paced_itch,0,total,6826.66,7039.99,663
2,mutex_65536_same-core_paced_itch,0,total,7039.99,7253.33,619
2,mutex_65536_same-core_paced_itch,0,total,7253.33,7466.66,598
2,mutex_65536_same-core_paced_itch,0,total,7466.66,7679.99,554
2,mutex_65536_same-core_paced_itch,0,total,7679.99,7893.33,564
2,mutex_65536_same-core_paced_itch,0,total,7893.33,8106.66,524
2,mutex_65536_same-core_paced_itch,0,total,8106.66,8319.99,542
2,mutex_65536_same-core_paced_itch,0,total,8319.99,8533.33,475
2,mutex_65536_same-core_paced_itch,0,total,8533.33,8746.66,504
2,mutex_65536_same-core_paced_itch,0,total,8746.66,8959.99,455
2,mutex_65536_same-core_paced_itch,0,total,8959.99,9173.33,434
2,mutex_65536_same-core_paced_itch,0,total,9173.33,9386.66,403
2,mutex_65536_same-core_paced_itch,0,total,9386.66,9599.99,381
2,mutex_65536_same-core_paced_itch,0,total,9599.99,9813.33,351
2,mutex_65536_same-core_paced_itch,0,total,9813.33,10026.7,347
2,mutex_65536_same-core_paced_itch,0,total,10026.7,10240,350
2,mutex_65536_same-core_paced_itch,0,total,10240,10453.3,324
2,mutex_65536_same-core_paced_itch,0,total,10453.3,10666.7,340
2,mutex_65536_same-core_paced_itch,0,total,10666.7,10880,311
2,mutex_65536_same-core_paced_itch,0,total,10880,11093.3,337
2,mutex_65536_same-core_paced_itch,0,total,11093.3,11306.7,281
2,mutex_65536_same-core_paced_itch,0,total,11306.7,11520,275
2,mutex_65536_same-core_paced_itch,0,total,11520,11733.3,264
2,mutex_65536_same-core_paced_itch,0,total,11733.3,11946.7,253
2,mutex_65536_same-core_paced_itch,0,total,11946.7,12160,263
2,mutex_65536_same-core_paced_itch,0,total,12160,12373.3,257
2,mutex_65536_same-core_paced_itch,0,total,12373.3,12586.7,253
2,mutex_65536_same-core_paced_itch,0,total,12586.7,12800,234
2,mutex_65536_same-core_paced_itch,0,total,12800,13013.3,258
2,mutex_65536_same-core_paced_itch,0,total,13013.3,13226.7,238
2,mutex_65536_same-core_paced_itch,0,total,13226.7,13440,226
2,mutex_65536_same-core_paced_itch,0,total,13440,13653.3,214
2,mutex_65536_same-core_paced_itch,0,total,13653.3,14080,445
2,mutex_65536_same-core_paced_itch,0,total,14080,14506.7,446
2,mutex_65536_same-core_paced_itch,0,total,14506.7,14933.3,383
2,mutex_65536_same-core_paced_itch,0,total,14933.3,15360,368
2,mutex_65536_same-core_paced_itch,0,total,15360,15786.7,387
2,mutex_65536_same-core_paced_itch,0,total,15786.7,16213.3,349
2,mutex_65536_same-core_paced_itch,0,total,16213.3,16640,289
2,mutex_65536_same-core_paced_itch,0,total,16640,17066.7,257
2,mutex_65536_same-core_paced_itch,0,total,17066.7,17493.3,232
2,mutex_65536_same-core_paced_itch,0,total,17493.3,17920,180
2,mutex_65536_same-core_paced_itch,0,total,17920,18346.7,158
2,mutex_65536_same-core_paced_itch,0,total,18346.7,18773.3,115
2,mutex_65536_same-core_paced_itch,0,total,18773.3,19200,100
2,mutex_65536_same-core_paced_itch,0,total,19200,19626.7,80
2,mutex_65536_same-core_paced_itch,0,total,19626.7,20053.3,53
2,mutex_65536_same-core_paced_itch,0,total,20053.3,20480,35
2,mutex_65536_same-core_paced_itch,0,total,20480,20906.7,26
2,mutex_65536_same-core_paced_itch,0,total,20906.7,21333.3,37
2,mutex_65536_same-core_paced_itch,0,total,21333.3,21760,41
2,mutex_65536_same-core_paced_itch,0,total,21760,22186.7,28
2,mutex_65536_same-core_paced_itch,0,total,22186.7,22613.3,34
2,mutex_65536_same-core_paced_itch,0,total,22613.3,23040,31
2,mutex_65536_same-core_paced_itch,0,total,23040,23466.6,24
2,mutex_65536_same-core_paced_itch,0,total,23466.6,23893.3,27
2,mutex_65536_same-core_paced_itch,0,total,23893.3,24320,12
2,mutex_65536_same-core_paced_itch,0,total,24320,24746.6,24
2,mutex_65536_same-core_paced_itch,0,total,24746.6,25173.3,11
2,mutex_65536_same-core_paced_itch,0,total,25173.3,25600,10
2,mutex_65536_same-core_paced_itch,0,total,25600,26026.6,14
2,mutex_65536_same-core_paced_itch,0,total,26026.6,26453.3,10
2,mutex_65536_same-core_paced_itch,0,total,26453.3,26880,9
2,mutex_65536_same-core_paced_itch,0,total,26880,27306.6,6
2,mutex_65536_same-core_paced_itch,0,total,27306.6,28160,17
2,mutex_65536_same-core_paced_itch,0,total,28160,29013.3,12
2,mutex_65536_same-core_paced_itch,0,total,29013.3,29866.6,8
2,mutex_65536_same-core_paced_itch,0,total,29866.6,30720,14
2,mutex_65536_same-core_paced_itch,0,total,30720,31573.3,17
2,mutex_65536_same-core_paced_itch,0,total,31573.3,32426.6,13
2,mutex_65536_same-core_paced_itch,0,total,32426.6,33280,20
2,mutex_65536_same-core_paced_itch,0,total,33280,34133.3,7
2,mutex_65536_same-core_paced_itch,0,total,34133.3,34986.6,10
2,mutex_65536_same-core_paced_itch,0,total,34986.6,35840,10
2,mutex_65536_same-core_paced_itch,0,total,35840,36693.3,12
2,mutex_65536_same-core_paced_itch,0,total,36693.3,37546.6,16
2,mutex_65536_same-core_paced_itch,0,total,37546.6,38400,10
2,mutex_65536_same-core_paced_itch,0,total,38400,39253.3,22
2,mutex_65536_same-core_paced_itch,0,total,39253.3,40106.6,15
2,mutex_65536_same-core_paced_itch,0,total,40106.6,40960,15
2,mutex_65536_same-core_paced_itch,0,total,40960,41813.3,10
2,mutex_65536_same-core_paced_itch,0,total,41813.3,42666.6,12
2,mutex_65536_same-core_paced_itch,0,total,42666.6,43520,11
2,mutex_65536_same-core_paced_itch,0,total,43520,44373.3,7
2,mutex_65536_same-core_paced_itch,0,total,44373.3,45226.6,8
2,mutex_65536_same-core_paced_itch,0,total,45226.6,46080,6
2,mutex_65536_same-core_paced_itch,0,total,46080,46933.3,12
2,mutex_65536_same-core_paced_itch,0,total,46933.3,47786.6,5
2,mutex_65536_same-core_paced_itch,0,total,47786.6,48640,10
2,mutex_65536_same-core_paced_itch,0,total,48640,49493.3,12
2,mutex_65536_same-core_paced_itch,0,total,49493.3,50346.6,13
2,mutex_65536_same-core_paced_itch,0,total,50346.6,51200,10
2,mutex_65536_same-core_paced_itch,0,total,51200,52053.3,15
2,mutex_65536_same-core_paced_itch,0,total,52053.3,52906.6,6
2,mutex_65536_same-core_paced_itch,0,total,52906.6,53760,7
2,mutex_65536_same-core_paced_itch,0,total,53760,54613.3,13
2,mutex_65536_same-core_paced_itch,0,total,54613.3,56320,14
2,mutex_65536_same-core_paced_itch,0,total,56320,58026.6,18
2,mutex_65536_same-core_paced_itch,0,total,58026.6,59733.3,16
2,mutex_65536_same-core_paced_itch,0,total,59733.3,61440,24
2,mutex_65536_same-core_paced_itch,0,total,61440,63146.6,29
2,mutex_65536_same-core_paced_itch,0,total,63146.6,64853.3,19
2,mutex_65536_same-core_paced_itch,0,total,64853.3,66560,12
2,mutex_65536_same-core_paced_itch,0,total,66560,68266.6,23
2,mutex_65536_same-core_paced_itch,0,total,68266.6,69973.3,18
2,mutex_65536_same-core_paced_itch,0,total,69973.3,71679.9,29
2,mutex_65536_same-core_paced_itch,0,total,71679.9,73386.6,22
2,mutex_65536_same-core_paced_itch,0,total,73386.6,75093.3,30
2,mutex_65536_same-core_paced_itch,0,total,75093.3,76799.9,34
2,mutex_65536_same-core_paced_itch,0,total,76799.9,78506.6,17
2,mutex_65536_same-core_paced_itch,0,total,78506.6,80213.3,9
2,mutex_65536_same-core_paced_itch,0,total,80213.3,81919.9,11
2,mutex_65536_same-core_paced_itch,0,total,81919.9,83626.6,12
2,mutex_65536_same-core_paced_itch,0,total,83626.6,85333.3,19
2,mutex_65536_same-core_paced_itch,0,total,85333.3,87039.9,16
2,mutex_65536_same-core_paced_itch,0,total,87039.9,88746.6,21
2,mutex_65536_same-core_paced_itch,0,total,88746.6,90453.3,23
2,mutex_65536_same-core_paced_itch,0,total,90453.3,92159.9,20
2,mutex_65536_same-core_paced_itch,0,total,92159.9,93866.6,14
2,mutex_65536_same-core_paced_itch,0,total,93866.6,95573.3,26
2,mutex_65536_same-core_paced_itch,0,total,95573.3,97279.9,19
2,mutex_65536_same-core_paced_itch,0,total,97279.9,98986.6,25
2,mutex_65536_same-core_paced_itch,0,total,98986.6,100693,29
2,mutex_65536_same-core_paced_itch,0,total,100693,102400,19
2,mutex_65536_same-core_paced_itch,0,total,102400,104107,21
2,mutex_65536_same-core_paced_itch,0,total,104107,105813,13
2,mutex_65536_same-core_paced_itch,0,total,105813,107520,12
2,mutex_65536_same-core_paced_itch,0,total,107520,109227,6
2,mutex_65536_same-core_paced_itch,0,total,109227,112640,9
2,mutex_65536_same-core_paced_itch,0,total,112640,116053,22
2,mutex_65536_same-core_paced_itch,0,total,116053,119467,18
2,mutex_65536_same-core_paced_itch,0,total,119467,122880,16
2,mutex_65536_same-core_paced_itch,0,total,122880,126293,17
2,mutex_65536_same-core_paced_itch,0,total,126293,129707,33
2,mutex_65536_same-core_paced_itch,0,total,129707,133120,27
2,mutex_65536_same-core_paced_itch,0,total,133120,136533,15
2,mutex_65536_same-core_paced_itch,0,total,136533,139947,15
2,mutex_65536_same-core_paced_itch,0,total,139947,143360,17
2,mutex_65536_same-core_paced_itch,0,total,143360,146773,18
2,mutex_65536_same-core_paced_itch,0,total,146773,150187,19
2,mutex_65536_same-core_paced_itch,0,total,150187,153600,9
2,mutex_65536_same-core_paced_itch,0,total,153600,157013,18
2,mutex_65536_same-core_paced_itch,0,total,157013,160427,10
2,mutex_65536_same-core_paced_itch,0,total,160427,163840,12
2,mutex_65536_same-core_paced_itch,0,total,163840,167253,7
2,mutex_65536_same-core_paced_itch,0,total,167253,170667,14
2,mutex_65536_same-core_paced_itch,0,total,170667,174080,15
2,mutex_65536_same-core_paced_itch,0,total,174080,177493,26
2,mutex_65536_same-core_paced_itch,0,total,177493,180907,15
2,mutex_65536_same-core_paced_itch,0,total,180907,184320,26
2,mutex_65536_same-core_paced_itch,0,total,184320,187733,27
2,mutex_65536_same-core_paced_itch,0,total,187733,191147,30
2,mutex_65536_same-core_paced_itch,0,total,191147,194560,41
2,mutex_65536_same-core_paced_itch,0,total,194560,197973,41
2,mutex_65536_same-core_paced_itch,0,total,197973,201387,22
2,mutex_65536_same-core_paced_itch,0,total,201387,204800,17
2,mutex_65536_same-core_paced_itch,0,total,204800,208213,39
2,mutex_65536_same-core_paced_itch,0,total,208213,211627,22
2,mutex_65536_same-core_paced_itch,0,total,211627,215040,23
2,mutex_65536_same-core_paced_itch,0,total,215040,218453,26
2,mutex_65536_same-core_paced_itch,0,total,218453,225280,27
2,mutex_65536_same-core_paced_itch,0,total,225280,232107,35
2,mutex_65536_same-core_paced_itch,0,total,232107,238933,30
2,mutex_65536_same-core_paced_itch,0,total,238933,245760,43
2,mutex_65536_same-core_paced_itch,0,total,245760,252586,11
2,mutex_65536_same-core_paced_itch,0,total,252586,259413,13
2,mutex_65536_same-core_paced_itch,0,total,259413,266240,9
2,mutex_65536_same-core_paced_itch,0,total,266240,273066,9
2,mutex_65536_same-core_paced_itch,0,total,273066,279893,12
2,mutex_65536_same-core_paced_itch,0,total,279893,286720,7
2,mutex_65536_same-core_paced_itch,0,total,286720,293546,14
2,mutex_65536_same-core_paced_itch,0,total,293546,300373,13
2,mutex_65536_same-core_paced_itch,0,total,300373,307200,23
2,mutex_65536_same-core_paced_itch,0,total,307200,314026,17
2,mutex_65536_same-core_paced_itch,0,total,314026,320853,13
2,mutex_65536_same-core_paced_itch,0,total,320853,327680,28
2,mutex_65536_same-core_paced_itch,0,total,327680,334506,20
2,mutex_65536_same-core_paced_itch,0,total,334506,341333,6
2,mutex_65536_same-core_paced_itch,0,total,341333,348160,7
2,mutex_65536_same-core_paced_itch,0,total,348160,354986,4
2,mutex_65536_same-core_paced_itch,0,total,354986,361813,3
2,mutex_65536_same-core_paced_itch,0,total,361813,368640,6
2,mutex_65536_same-core_paced_itch,0,total,368640,375466,7
2,mutex_65536_same-core_paced_itch,0,total,375466,382293,8
2,mutex_65536_same-core_paced_itch,0,total,382293,389120,6
2,mutex_65536_same-core_paced_itch,0,total,389120,395946,4
2,mutex_65536_same-core_paced_itch,0,total,395946,402773,2
2,mutex_65536_same-core_paced_itch,0,total,402773,409600,8
2,mutex_65536_same-core_paced_itch,0,total,409600,416426,1
2,mutex_65536_same-core_paced_itch,0,total,416426,423253,12
2,mutex_65536_same-core_paced_itch,0,total,423253,430080,4
2,mutex_65536_same-core_paced_itch,0,total,430080,436906,2
2,mutex_65536_same-core_paced_itch,0,total,436906,450560,11
2,mutex_65536_same-core_paced_itch,0,total,450560,464213,6
2,mutex_65536_same-core_paced_itch,0,total,464213,477866,13
2,mutex_65536_same-core_paced_itch,0,total,477866,491520,10
2,mutex_65536_same-core_paced_itch,0,total,491520,505173,10
2,mutex_65536_same-core_paced_itch,0,total,505173,518826,9
2,mutex_65536_same-core_paced_itch,0,total,518826,532480,8
2,mutex_65536_same-core_paced_itch,0,total,532480,546133,7
2,mutex_65536_same-core_paced_itch,0,total,546133,559786,6
2,mutex_65536_same-core_paced_itch,0,total,559786,573440,12
2,mutex_65536_same-core_paced_itch,0,total,573440,587093,6
2,mutex_65536_same-core_paced_itch,0,total,587093,600746,6
2,mutex_65536_same-core_paced_itch,0,total,600746,614400,10
2,mutex_65536_same-core_paced_itch,0,total,614400,628053,17
2,mutex_65536_same-core_paced_itch,0,total,628053,641706,3
2,mutex_65536_same-core_paced_itch,0,total,641706,655360,6
2,mutex_65536_same-core_paced_itch,0,total,655360,669013,5
2,mutex_65536_same-core_paced_itch,0,total,669013,682666,11
2,mutex_65536_same-core_paced_itch,0,total,682666,696320,11
2,mutex_65536_same-core_paced_itch,0,total,696320,709973,3
2,mutex_65536_same-core_paced_itch,0,total,709973,723626,9
2,mutex_65536_same-core_paced_itch,0,total,723626,737279,9
2,mutex_65536_same-core_paced_itch,0,total,737279,750933,9
2,mutex_65536_same-core_paced_itch,0,total,750933,764586,4
2,mutex_65536_same-core_paced_itch,0,total,764586,778239,8
2,mutex_65536_same-core_paced_itch,0,total,778239,791893,10
2,mutex_65536_same-core_paced_itch,0,total,791893,805546,11
2,mutex_65536_same-core_paced_itch,0,total,805546,819199,7
2,mutex_65536_same-core_paced_itch,0,total,819199,832853,8
2,mutex_65536_same-core_paced_itch,0,total,832853,846506,9
2,mutex_65536_same-core_paced_itch,0,total,846506,860159,11
2,mutex_65536_same-core_paced_itch,0,total,860159,873813,10
2,mutex_65536_same-core_paced_itch,0,total,873813,901119,13
2,mutex_65536_same-core_paced_itch,0,total,901119,928426,9
2,mutex_65536_same-core_paced_itch,0,total,928426,955733,14
2,mutex_65536_same-core_paced_itch,0,total,955733,983039,14
2,mutex_65536_same-core_paced_itch,0,total,983039,1.01035e+06,17
2,mutex_65536_same-core_paced_itch,0,total,1.01035e+06,1.03765e+06,14
2,mutex_65536_same-core_paced_itch,0,total,1.03765e+06,1.06496e+06,17
2,mutex_65536_same-core_paced_itch,0,total,1.06496e+06,1.09227e+06,9
2,mutex_65536_same-core_paced_itch,0,total,1.09227e+06,1.11957e+06,18
2,mutex_65536_same-core_paced_itch,0,total,1.11957e+06,1.14688e+06,10
2,mutex_65536_same-core_paced_itch,0,total,1.14688e+06,1.17419e+06,19
2,mutex_65536_same-core_paced_itch,0,total,1.17419e+06,1.20149e+06,14
2,mutex_65536_same-core_paced_itch,0,total,1.20149e+06,1.2288e+06,14
2,mutex_65536_same-core_paced_itch,0,total,1.2288e+06,1.25611e+06,13
2,mutex_65536_same-core_paced_itch,0,total,1.25611e+06,1.28341e+06,24
2,mutex_65536_same-core_paced_itch,0,total,1.28341e+06,1.31072e+06,22
2,mutex_65536_same-core_paced_itch,0,total,1.31072e+06,1.33803e+06,32
2,mutex_65536_same-core_paced_itch,0,total,1.33803e+06,1.36533e+06,23
2,mutex_65536_same-core_paced_itch,0,total,1.36533e+06,1.39264e+06,33
2,mutex_65536_same-core_paced_itch,0,total,1.39264e+06,1.41995e+06,19
2,mutex_65536_same-core_paced_itch,0,total,1.41995e+06,1.44725e+06,14
2,mutex_65536_same-core_paced_itch,0,total,1.44725e+06,1.47456e+06,24
2,mutex_65536_same-core_paced_itch,0,total,1.47456e+06,1.50187e+06,13
2,mutex_65536_same-core_paced_itch,0,total,1.50187e+06,1.52917e+06,27
2,mutex_65536_same-core_paced_itch,0,total,1.52917e+06,1.55648e+06,13
2,mutex_65536_same-core_paced_itch,0,total,1.55648e+06,1.58379e+06,34
2,mutex_65536_same-core_paced_itch,0,total,1.58379e+06,1.61109e+06,32
2,mutex_65536_same-core_paced_itch,0,total,1.61109e+06,1.6384e+06,40
2,mutex_65536_same-core_paced_itch,0,total,1.6384e+06,1.66571e+06,53
2,mutex_65536_same-core_paced_itch,0,total,1.66571e+06,1.69301e+06,39
2,mutex_65536_same-core_paced_itch,0,total,1.69301e+06,1.72032e+06,32
2,mutex_65536_same-core_paced_itch,0,total,1.72032e+06,1.74763e+06,94
2,mutex_65536_same-core_paced_itch,0,total,1.74763e+06,1.80224e+06,516
2,mutex_65536_same-core_paced_itch,0,total,1.80224e+06,1.85685e+06,564
2,mutex_65536_same-core_paced_itch,0,total,1.85685e+06,1.91147e+06,308
2,mutex_65536_same-core_paced_itch,0,total,1.91147e+06,1.96608e+06,706
2,mutex_65536_same-core_paced_itch,0,total,1.96608e+06,2.02069e+06,219
2,mutex_65536_same-core_paced_itch,0,total,2.02069e+06,2.07531e+06,173
2,mutex_65536_same-core_paced_itch,0,total,2.07531e+06,2.12992e+06,279
2,mutex_65536_same-core_paced_itch,0,total,2.12992e+06,2.18453e+06,564
2,mutex_65536_same-core_paced_itch,0,total,2.18453e+06,2.23915e+06,595
2,mutex_65536_same-core_paced_itch,0,total,2.23915e+06,2.29376e+06,193
2,mutex_65536_same-core_paced_itch,0,total,2.29376e+06,2.34837e+06,987
2,mutex_65536_same-core_paced_itch,0,total,2.34837e+06,2.40298e+06,619
2,mutex_65536_same-core_paced_itch,0,total,2.40298e+06,2.4576e+06,170
2,mutex_65536_same-core_paced_itch,0,total,2.4576e+06,2.51221e+06,137
2,mutex_65536_same-core_paced_itch,0,total,2.51221e+06,2.56682e+06,124
2,mutex_65536_same-core_paced_itch,0,total,2.56682e+06,2.62144e+06,189
2,mutex_65536_same-core_paced_itch,0,total,2.62144e+06,2.67605e+06,278
2,mutex_65536_same-core_paced_itch,0,total,2.67605e+06,2.73066e+06,129
2,mutex_65536_same-core_paced_itch,0,total,2.73066e+06,2.78528e+06,225
2,mutex_65536_same-core_paced_itch,0,total,2.78528e+06,2.83989e+06,113
2,mutex_65536_same-core_paced_itch,0,total,2.83989e+06,2.8945e+06,352
2,mutex_65536_same-core_paced_itch,0,total,2.8945e+06,2.94912e+06,737
2,mutex_65536_same-core_paced_itch,0,total,2.94912e+06,3.00373e+06,416
2,mutex_65536_same-core_paced_itch,0,total,3.00373e+06,3.05834e+06,532
2,mutex_65536_same-core_paced_itch,0,total,3.05834e+06,3.11296e+06,453
2,mutex_65536_same-core_paced_itch,0,total,3.11296e+06,3.16757e+06,626
2,mutex_65536_same-core_paced_itch,0,total,3.16757e+06,3.22218e+06,736
2,mutex_65536_same-core_paced_itch,0,total,3.22218e+06,3.2768e+06,784
2,mutex_65536_same-core_paced_itch,0,total,3.2768e+06,3.33141e+06,678
2,mutex_65536_same-core_paced_itch,0,total,3.33141e+06,3.38602e+06,752
2,mutex_65536_same-core_paced_itch,0,total,3.38602e+06,3.44064e+06,496
2,mutex_65536_same-core_paced_itch,0,total,3.44064e+06,3.49525e+06,948
2,mutex_65536_same-core_paced_itch,0,total,3.49525e+06,3.60448e+06,1143
2,mutex_65536_same-core_paced_itch,0,total,3.60448e+06,3.7137e+06,311
2,mutex_65536_same-core_paced_itch,0,total,3.7137e+06,3.82293e+06,365
2,mutex_65536_same-core_paced_itch,0,total,3.82293e+06,3.93216e+06,346
2,mutex_65536_same-core_paced_itch,0,total,3.93216e+06,4.04138e+06,491
2,mutex_65536_same-core_paced_itch,0,total,4.04138e+06,4.15061e+06,548
2,mutex_65536_same-core_paced_itch,0,total,4.15061e+06,4.25984e+06,302
2,mutex_65536_same-core_paced_itch,0,total,4.25984e+06,4.36906e+06,305
2,mutex_65536_same-core_paced_itch,0,total,4.36906e+06,4.47829e+06,672
2,mutex_65536_same-core_paced_itch,0,total,4.47829e+06,4.58752e+06,707
2,mutex_65536_same-core_paced_itch,0,total,4.58752e+06,4.69674e+06,1230
2,mutex_65536_same-core_paced_itch,0,total,4.69674e+06,4.80597e+06,1462
2,mutex_65536_same-core_paced_itch,0,total,4.80597e+06,4.9152e+06,941
2,mutex_65536_same-core_paced_itch,0,total,4.9152e+06,5.02442e+06,169
2,mutex_65536_same-core_paced_itch,0,total,5.02442e+06,5.13365e+06,115
2,mutex_65536_same-core_paced_itch,0,total,5.13365e+06,5.24288e+06,163
2,mutex_65536_same-core_paced_itch,0,total,5.24288e+06,5.3521e+06,156
2,mutex_65536_same-core_paced_itch,0,total,5.3521e+06,5.46133e+06,136
2,mutex_65536_same-core_paced_itch,0,total,5.46133e+06,5.57056e+06,171
2,mutex_65536_same-core_paced_itch,0,total,5.57056e+06,5.67978e+06,108
2,mutex_65536_same-core_paced_itch,0,total,5.67978e+06,5.78901e+06,305
2,mutex_65536_same-core_paced_itch,0,total,5.78901e+06,5.89824e+06,188
2,mutex_65536_same-core_paced_itch,0,total,5.89824e+06,6.00746e+06,143
2,mutex_65536_same-core_paced_itch,0,total,6.00746e+06,6.11669e+06,127
2,mutex_65536_same-core_paced_itch,0,total,6.11669e+06,6.22592e+06,114
2,mutex_65536_same-core_paced_itch,0,total,6.22592e+06,6.33514e+06,122
2,mutex_65536_same-core_paced_itch,0,total,6.33514e+06,6.44437e+06,316
2,mutex_65536_same-core_paced_itch,0,total,6.44437e+06,6.5536e+06,129
2,mutex_65536_same-core_paced_itch,0,total,6.5536e+06,6.66282e+06,107
2,mutex_65536_same-core_paced_itch,0,total,6.66282e+06,6.77205e+06,141
2,mutex_65536_same-core_paced_itch,0,total,6.77205e+06,6.88128e+06,184
2,mutex_65536_same-core_paced_itch,0,total,6.88128e+06,6.9905e+06,370
2,mutex_65536_same-core_paced_itch,0,total,6.9905e+06,7.20895e+06,348
2,mutex_65536_same-core_paced_itch,0,total,7.20895e+06,7.42741e+06,313
2,mutex_65536_same-core_paced_itch,0,total,7.42741e+06,7.64586e+06,376
2,mutex_65536_same-core_paced_itch,0,total,7.64586e+06,7.86431e+06,305
2,mutex_65536_same-core_paced_itch,0,total,7.86431e+06,8.08277e+06,606
2,mutex_65536_same-core_paced_itch,0,total,8.08277e+06,8.30122e+06,1966
2,mutex_65536_same-core_paced_itch,0,total,8.30122e+06,8.51967e+06,702
2,mutex_65536_same-core_paced_itch,0,queue,65,66.6666,1
2,mutex_65536_same-core_paced_itch,0,queue,68.3333,70,1
2,mutex_65536_same-core_paced_itch,0,queue,70,71.6666,3
2,mutex_65536_same-core_paced_itch,0,queue,71.6666,73.3333,4
2,mutex_65536_same-core_paced_itch,0,queue,73.3333,74.9999,3
2,mutex_65536_same-core_paced_itch,0,queue,74.9999,76.6666,2
2,mutex_65536_same-core_paced_itch,0,queue,76.6666,78.3333,4
2,mutex_65536_same-core_paced_itch,0,queue,78.3333,79.9999,5
2,mutex_65536_same-core_paced_itch,0,queue,79.9999,81.6666,5
2,mutex_65536_same-core_paced_itch,0,queue,81.6666,83.3333,5
2,mutex_65536_same-core_paced_itch,0,queue,83.3333,84.9999,8
2,mutex_65536_same-core_paced_itch,0,queue,84.9999,86.6666,12
2,mutex_65536_same-core_paced_itch,0,queue,86.6666,88.3333,14
2,mutex_65536_same-core_paced_itch,0,queue,88.3333,89.9999,19
2,mutex_65536_same-core_paced_itch,0,queue,89.9999,91.6666,14
2,mutex_65536_same-core_paced_itch,0,queue,91.6666,93.3333,25
2,mutex_65536_same-core_paced_itch,0,queue,93.3333,94.9999,26
2,mutex_65536_same-core_paced_itch,0,queue,94.9999,96.6666,30
2,mutex_65536_same-core_paced_itch,0,queue,96.6666,98.3333,33
2,mutex_65536_same-core_paced_itch,0,queue,98.3333,99.9999,32
2,mutex_65536_same-core_paced_itch,0,queue,99.9999,101.667,38
2,mutex_65536_same-core_paced_itch,0,queue,101.667,103.333,41
2,mutex_65536_same-core_paced_itch,0,queue,103.333,105,41
2,mutex_65536_same-core_paced_itch,0,queue,105,106.667,31
2,mutex_65536_same-core_paced_itch,0,queue,106.667,110,85
2,mutex_65536_same-core_paced_itch,0,queue,110,113.333,92
2,mutex_65536_same-core_paced_itch,0,queue,113.333,116.667,106
2,mutex_65536_same-core_paced_itch,0,queue,116.667,120,71
2,mutex_65536_same-core_paced_itch,0,queue,120,123.333,105
2,mutex_65536_same-core_paced_itch,0,queue,123.333,126.667,88
2,mutex_65536_same-core_paced_itch,0,queue,126.667,130,96
2,mutex_65536_same-core_paced_itch,0,queue,130,133.333,125
2,mutex_65536_same-core_paced_itch,0,queue,133.333,136.667,134
2,mutex_65536_same-core_paced_itch,0,queue,136.667,140,114
2,mutex_65536_same-core_paced_itch,0,queue,140,143.333,126
2,mutex_65536_same-core_paced_itch,0,queue,143.333,146.667,113
2,mutex_65536_same-core_paced_itch,0,queue,146.667,150,135
2,mutex_65536_same-core_paced_itch,0,queue,150,153.333,130
2,mutex_65536_same-core_paced_itch,0,queue,153.333,156.667,119
2,mutex_65536_same-core_paced_itch,0,queue,156.667,160,117
2,mutex_65536_same-core_paced_itch,0,queue,160,163.333,120
2,mutex_65536_same-core_paced_itch,0,queue,163.333,166.667,119
2,mutex_65536_same-core_paced_itch,0,queue,166.667,170,108
2,mutex_65536_same-core_paced_itch,0,queue,170,173.333,114
2,mutex_65536_same-core_paced_itch,0,queue,173.333,176.667,106
2,mutex_65536_same-core_paced_itch,0,queue,176.667,180,105
2,mutex_65536_same-core_paced_itch,0,queue,180,183.333,100
2,mutex_65536_same-core_paced_itch,0,queue,183.333,186.667,98
2,mutex_65536_same-core_paced_itch,0,queue,186.667,190,102
2,mutex_65536_same-core_paced_itch,0,queue,190,193.333,113
2,mutex_65536_same-core_paced_itch,0,queue,193.333,196.667,130
2,mutex_65536_same-core_paced_itch,0,queue,196.667,200,109
2,mutex_65536_same-core_paced_itch,0,queue,200,203.333,91
2,mutex_65536_same-core_paced_itch,0,queue,203.333,206.667,129
2,mutex_65536_same-core_paced_itch,0,queue,206.667,210,97
2,mutex_65536_same-core_paced_itch,0,queue,210,213.333,109
2,mutex_65536_same-core_paced_itch,0,queue,213.333,220,263
2,mutex_65536_same-core_paced_itch,0,queue,220,226.667,295
2,mutex_65536_same-core_paced_itch,0,queue,226.667,233.333,269
2,mutex_65536_same-core_paced_itch,0,queue,233.333,240,300
2,mutex_65536_same-core_paced_itch,0,queue,240,246.666,255
2,mutex_65536_same-core_paced_itch,0,queue,246.666,253.333,255
2,mutex_65536_same-core_paced_itch,0,queue,253.333,260,225
2,mutex_65536_same-core_paced_itch,0,queue,260,266.666,229
2,mutex_65536_same-core_paced_itch,0,queue,266.666,273.333,220
2,mutex_65536_same-core_paced_itch,0,queue,273.333,280,224
2,mutex_65536_same-core_paced_itch,0,queue,280,286.666,243
2,mutex_65536_same-core_paced_itch,0,queue,286.666,293.333,239
2,mutex_65536_same-core_paced_itch,0,queue,293.333,300,254
2,mutex_65536_same-core_paced_itch,0,queue,300,306.666,226
2,mutex_65536_same-core_paced_itch,0,queue,306.666,313.333,243
2,mutex_65536_same-core_paced_itch,0,queue,313.333,320,269
2,mutex_65536_same-core_paced_itch,0,queue,320,326.666,240
2,mutex_65536_same-core_paced_itch,0,queue,326.666,333.333,253
2,mutex_65536_same-core_paced_itch,0,queue,333.333,340,262
2,mutex_65536_same-core_paced_itch,0,queue,340,346.666,259
2,mutex_65536_same-core_paced_itch,0,queue,346.666,353.333,251
2,mutex_65536_same-core_paced_itch,0,queue,353.333,360,256
2,mutex_65536_same-core_paced_itch,0,queue,360,366.666,260
2,mutex_65536_same-core_paced_itch,0,queue,366.666,373.333,242
2,mutex_65536_same-core_paced_itch,0,queue,373.333,380,252
2,mutex_65536_same-core_paced_itch,0,queue,380,386.666,237
2,mutex_65536_same-core_paced_itch,0,queue,386.666,393.333,263
2,mutex_65536_same-core_paced_itch,0,queue,393.333,400,286
2,mutex_65536_same-core_paced_itch,0,queue,400,406.666,361
2,mutex_65536_same-core_paced_itch,0,queue,406.666,413.333,465
2,mutex_65536_same-core_paced_itch,0,queue,413.333,420,507
2,mutex_65536_same-core_paced_itch,0,queue,420,426.666,561
2,mutex_65536_same-core_paced_itch,0,queue,426.666,440,1088
2,mutex_65536_same-core_paced_itch,0,queue,440,453.333,981
2,mutex_65536_same-core_paced_itch,0,queue,453.333,466.666,870
2,mutex_65536_same-core_paced_itch,0,queue,466.666,480,761
2,mutex_65536_same-core_paced_itch,0,queue,480,493.333,660
2,mutex_65536_same-core_paced_itch,0,queue,493.333,506.666,611
2,mutex_65536_same-core_paced_itch,0,queue,506.666,520,543
2,mutex_65536_same-core_paced_itch,0,queue,520,533.333,546
2,mutex_65536_same-core_paced_itch,0,queue,533.333,546.666,534
2,mutex_65536_same-core_paced_itch,0,queue,546.666,560,512
2,mutex_65536_same-core_paced_itch,0,queue,560,573.333,535
2,mutex_65536_same-core_paced_itch,0,queue,573.333,586.666,525
2,mutex_65536_same-core_paced_itch,0,queue,586.666,600,546
2,mutex_65536_same-core_paced_itch,0,queue,600,613.333,557
2,mutex_65536_same-core_paced_itch,0,queue,613.333,626.666,510
2,mutex_65536_same-core_paced_itch,0,queue,626.666,640,464
2,mutex_65536_same-core_paced_itch,0,queue,640,653.333,502
2,mutex_65536_same-core_paced_itch,0,queue,653.333,666.666,526
2,mutex_65536_same-core_paced_itch,0,queue,666.666,680,519
2,mutex_65536_same-core_paced_itch,0,queue,680,693.333,495
2,mutex_65536_same-core_paced_itch,0,queue,693.333,706.666,515
2,mutex_65536_same-core_paced_itch,0,queue,706.666,719.999,524
2,mutex_65536_same-core_paced_itch,0,queue,719.999,733.333,493
2,mutex_65536_same-core_paced_itch,0,queue,733.333,746.666,489
2,mutex_65536_same-core_paced_itch,0,queue,746.666,759.999,491
2,mutex_65536_same-core_paced_itch,0,queue,759.999,773.333,512
2,mutex_65536_same-core_paced_itch,0,queue,773.333,786.666,496
2,mutex_65536_same-core_paced_itch,0,queue,786.666,799.999,460
2,mutex_65536_same-core_paced_itch,0,queue,799.999,813.333,505
2,mutex_65536_same-core_paced_itch,0,queue,813.333,826.666,446
2,mutex_65536_same-core_paced_itch,0,queue,826.666,839.999,499
2,mutex_65536_same-core_paced_itch,0,queue,839.999,853.333,438
2,mutex_65536_same-core_paced_itch,0,queue,853.333,879.999,938
2,mutex_65536_same-core_paced_itch,0,queue,879.999,906.666,930
2,mutex_65536_same-core_paced_itch,0,queue,906.666,933.333,906
2,mutex_65536_same-core_paced_itch,0,queue,933.333,959.999,868
2,mutex_65536_same-core_paced_itch,0,queue,959.999,986.666,848
2,mutex_65536_same-core_paced_itch,0,queue,986.666,1013.33,839
2,mutex_65536_same-core_paced_itch,0,queue,1013.33,1040,921
2,mutex_65536_same-core_paced_itch,0,queue,1040,1066.67,881
2,mutex_65536_same-core_paced_itch,0,queue,1066.67,1093.33,898
2,mutex_65536_same-core_paced_itch,0,queue,1093.33,1120,885
2,mutex_65536_same-core_paced_itch,0,queue,1120,1146.67,936
2,mutex_65536_same-core_paced_itch,0,queue,1146.67,1173.33,968
2,mutex_65536_same-core_paced_itch,0,queue,1173.33,1200,931
2,mutex_65536_same-core_paced_itch,0,queue,1200,1226.67,985
2,mutex_65536_same-core_paced_itch,0,queue,1226.67,1253.33,967
2,mutex_65536_same-core_paced_itch,0,queue,1253.33,1280,979
2,mutex_65536_same-core_paced_itch,0,queue,1280,1306.67,998
2,mutex_65536_same-core_paced_itch,0,queue,1306.67,1333.33,1103
2,mutex_65536_same-core_paced_itch,0,queue,1333.33,1360,1202
2,mutex_65536_same-core_paced_itch,0,queue,1360,1386.67,2068
2,mutex_65536_same-core_paced_itch,0,queue,1386.67,1413.33,2947
2,mutex_65536_same-core_paced_itch,0,queue,1413.33,1440,2343
2,mutex_65536_same-core_paced_itch,0,queue,1440,1466.67,1997
2,mutex_65536_same-core_paced_itch,0,queue,1466.67,1493.33,1890
2,mutex_65536_same-core_paced_itch,0,queue,1493.33,1520,1841
2,mutex_65536_same-core_paced_itch,0,queue,1520,1546.67,1847
2,mutex_65536_same-core_paced_itch,0,queue,1546.67,1573.33,1724
2,mutex_65536_same-core_paced_itch,0,queue,1573.33,1600,1754
2,mutex_65536_same-core_paced_itch,0,queue,1600,1626.67,2809
2,mutex_65536_same-core_paced_itch,0,queue,1626.67,1653.33,9591
2,mutex_65536_same-core_paced_itch,0,queue,1653.33,1680,16052
2,mutex_65536_same-core_paced_itch,0,queue,1680,1706.67,15794
2,mutex_65536_same-core_paced_itch,0,queue,1706.67,1760,16493
2,mutex_65536_same-core_paced_itch,0,queue,1760,1813.33,9175
2,mutex_65536_same-core_paced_itch,0,queue,1813.33,1866.67,6583
2,mutex_65536_same-core_paced_itch,0,queue,1866.67,1920,4220
2,mutex_65536_same-core_paced_itch,0,queue,1920,1973.33,3053
2,mutex_65536_same-core_paced_itch,0,queue,1973.33,2026.67,2425
2,mutex_65536_same-core_paced_itch,0,queue,2026.67,2080,2093
2,mutex_65536_same-core_paced_itch,0,queue,2080,2133.33,1980
2,mutex_65536_same-core_paced_itch,0,queue,2133.33,2186.67,1932
2,mutex_65536_same-core_paced_itch,0,queue,2186.67,2240,1691
2,mutex_65536_same-core_paced_itch,0,queue,2240,2293.33,1643
2,mutex_65536_same-core_paced_itch,0,queue,2293.33,2346.66,1610
2,mutex_65536_same-core_paced_itch,0,queue,2346.66,2400,1544
2,mutex_65536_same-core_paced_itch,0,queue,2400,2453.33,1567
2,mutex_65536_same-core_paced_itch,0,queue,2453.33,2506.66,1624
2,mutex_65536_same-core_paced_itch,0,queue,2506.66,2560,1692
2,mutex_65536_same-core_paced_itch,0,queue,2560,2613.33,1641
2,mutex_65536_same-core_paced_itch,0,queue,2613.33,2666.66,1559
2,mutex_65536_same-core_paced_itch,0,queue,2666.66,2720,1684
2,mutex_65536_same-core_paced_itch,0,queue,2720,2773.33,1703
2,mutex_65536_same-core_paced_itch,0,queue,2773.33,2826.66,1616
2,mutex_65536_same-core_paced_itch,0,queue,2826.66,2880,1310
2,mutex_65536_same-core_paced_itch,0,queue,2880,2933.33,1049
2,mutex_65536_same-core_paced_itch,0,queue,2933.33,2986.66,850
2,mutex_65536_same-core_paced_itch,0,queue,2986.66,3040,797
2,mutex_65536_same-core_paced_itch,0,queue,3040,3093.33,732
2,mutex_65536_same-core_paced_itch,0,queue,3093.33,3146.66,750
2,mutex_65536_same-core_paced_itch,0,queue,3146.66,3200,689
2,mutex_65536_same-core_paced_itch,0,queue,3200,3253.33,646
2,mutex_65536_same-core_paced_itch,0,queue,3253.33,3306.66,669
2,mutex_65536_same-core_paced_itch,0,queue,3306.66,3360,652
2,mutex_65536_same-core_paced_itch,0,queue,3360,3413.33,788
2,mutex_65536_same-core_paced_itch,0,queue,3413.33,3520,1480
2,mutex_65536_same-core_paced_itch,0,queue,3520,3626.66,1356
2,mutex_65536_same-core_paced_itch,0,queue,3626.66,3733.33,1762
2,mutex_65536_same-core_paced_itch,0,queue,3733.33,3840,1317
2,mutex_65536_same-core_paced_itch,0,queue,3840,3946.66,1131
2,mutex_65536_same-core_paced_itch,0,queue,3946.66,4053.33,1060
2,mutex_65536_same-core_paced_itch,0,queue,4053.33,4160,939
2,mutex_65536_same-core_paced_itch,0,queue,4160,4266.66,866
2,mutex_65536_same-core_paced_itch,0,queue,4266.66,4373.33,802
2,mutex_65536_same-core_paced_itch,0,queue,4373.33,4480,795
2,mutex_65536_same-core_paced_itch,0,queue,4480,4586.66,776
2,mutex_65536_same-core_paced_itch,0,queue,4586.66,4693.33,768
2,mutex_65536_same-core_paced_itch,0,queue,4693.33,4800,716
2,mutex_65536_same-core_paced_itch,0,queue,4800,4906.66,653
2,mutex_65536_same-core_paced_itch,0,queue,4906.66,5013.33,629
2,mutex_65536_same-core_paced_itch,0,queue,5013.33,5120,603
2,mutex_65536_same-core_paced_itch,0,queue,5120,5226.66,552
2,mutex_65536_same-core_paced_itch,0,queue,5226.66,5333.33,513
2,mutex_65536_same-core_paced_itch,0,queue,5333.33,5440,551
2,mutex_65536_same-core_paced_itch,0,queue,5440,5546.66,492
2,mutex_65536_same-core_paced_itch,0,queue,5546.66,5653.33,498
2,mutex_65536_same-core_paced_itch,0,queue,5653.33,5760,451
2,mutex_65536_same-core_paced_itch,0,queue,5760,5866.66,457
2,mutex_65536_same-core_paced_itch,0,queue,5866.66,5973.33,437
2,mutex_65536_same-core_paced_itch,0,queue,5973.33,6080,449
2,mutex_65536_same-core_paced_itch,0,queue,6080,6186.66,398
2,mutex_65536_same-core_paced_itch,0,queue,6186.66,6293.33,386
2,mutex_65536_same-core_paced_itch,0,queue,6293.33,6400,353
2,mutex_65536_same-core_paced_itch,0,queue,6400,6506.66,389
2,mutex_65536_same-core_paced_itch,0,queue,6506.66,6613.33,355
2,mutex_65536_same-core_paced_itch,0,queue,6613.33,6720,357
2,mutex_65536_same-core_paced_itch,0,queue,6720,6826.66,339
2,mutex_65536_same-core_paced_itch,0,queue,6826.66,7039.99,653
2,mutex_65536_same-core_paced_itch,0,queue,7039.99,7253.33,609
2,mutex_65536_same-core_paced_itch,0,queue,7253.33,7466.66,567
2,mutex_65536_same-core_paced_itch,0,queue,7466.66,7679.99,519
2,mutex_65536_same-core_paced_itch,0,queue,7679.99,7893.33,562
2,mutex_65536_same-core_paced_itch,0,queue,7893.33,8106.66,527
2,mutex_65536_same-core_paced_itch,0,queue,8106.66,8319.99,495
2,mutex_65536_same-core_paced_itch,0,queue,8319.99,8533.33,493
2,mutex_65536_same-core_paced_itch,0,queue,8533.33,8746.66,457
2,mutex_65536_same-core_paced_itch,0,queue,8746.66,8959.99,444
2,mutex_65536_same-core_paced_itch,0,queue,8959.99,9173.33,412
2,mutex_65536_same-core_paced_itch,0,queue,9173.33,9386.66,395
2,mutex_65536_same-core_paced_itch,0,queue,9386.66,9599.99,361
2,mutex_65536_same-core_paced_itch,0,queue,9599.99,9813.33,345
2,mutex_65536_same-core_paced_itch,0,queue,9813.33,10026.7,334
2,mutex_65536_same-core_paced_itch,0,queue,10026.7,10240,344
2,mutex_65536_same-core_paced_itch,0,queue,10240,10453.3,350
2,mutex_65536_same-core_paced_itch,0,queue,10453.3,10666.7,318
2,mutex_65536_same-core_paced_itch,0,queue,10666.7,10880,314
2,mutex_65536_same-core_paced_itch,0,queue,10880,11093.3,287
2,mutex_65536_same-core_paced_itch,0,queue,11093.3,11306.7,298
2,mutex_65536_same-core_paced_itch,0,queue,11306.7,11520,262
2,mutex_65536_same-core_paced_itch,0,queue,11520,11733.3,248
2,mutex_65536_same-core_paced_itch,0,queue,11733.3,11946.7,276
2,mutex_65536_same-core_paced_itch,0,queue,11946.7,12160,242
2,mutex_65536_same-core_paced_itch,0,queue,12160,12373.3,266
2,mutex_65536_same-core_paced_itch,0,queue,12373.3,12586.7,249
2,mutex_65536_same-core_paced_itch,0,queue,12586.7,12800,229
2,mutex_65536_same-core_paced_itch,0,queue,12800,13013.3,255
2,mutex_65536_same-core_paced_itch,0,queue,13013.3,13226.7,220
2,mutex_65536_same-core_paced_itch,0,queue,13226.7,13440,220
2,mutex_65536_same-core_paced_itch,0,queue,13440,13653.3,237
2,mutex_65536_same-core_paced_itch,0,queue,13653.3,14080,432
2,mutex_65536_same-core_paced_itch,0,queue,14080,14506.7,431
2,mutex_65536_same-core_paced_itch,0,queue,14506.7,14933.3,379
2,mutex_65536_same-core_paced_itch,0,queue,14933.3,15360,367
2,mutex_65536_same-core_paced_itch,0,queue,15360,15786.7,378
2,mutex_65536_same-core_paced_itch,0,queue,15786.7,16213.3,343
2,mutex_65536_same-core_paced_itch,0,queue,16213.3,16640,284
2,mutex_65536_same-core_paced_itch,0,queue,16640,17066.7,245
2,mutex_65536_same-core_paced_itch,0,queue,17066.7,17493.3,230
2,mutex_65536_same-core_paced_itch,0,queue,17493.3,17920,173
2,mutex_65536_same-core_paced_itch,0,queue,17920,18346.7,156
2,mutex_65536_same-core_paced_itch,0,queue,18346.7,18773.3,112
2,mutex_65536_same-core_paced_itch,0,queue,18773.3,19200,86
2,mutex_65536_same-core_paced_itch,0,queue,19200,19626.7,79
2,mutex_65536_same-core_paced_itch,0,queue,19626.7,20053.3,55
2,mutex_65536_same-core_paced_itch,0,queue,20053.3,20480,31
2,mutex_65536_same-core_paced_itch,0,queue,20480,20906.7,23
2,mutex_65536_same-core_paced_itch,0,queue,20906.7,21333.3,42
2,mutex_65536_same-core_paced_itch,0,queue,21333.3,21760,36
2,mutex_65536_same-core_paced_itch,0,queue,21760,22186.7,31
2,mutex_65536_same-core_paced_itch,0,queue,22186.7,22613.3,29
2,mutex_65536_same-core_paced_itch,0,queue,22613.3,23040,34
2,mutex_65536_same-core_paced_itch,0,queue,23040,23466.6,25
2,mutex_65536_same-core_paced_itch,0,queue,23466.6,23893.3,24
2,mutex_65536_same-core_paced_itch,0,queue,23893.3,24320,10
2,mutex_65536_same-core_paced_itch,0,queue,24320,24746.6,24
2,mutex_65536_same-core_paced_itch,0,queue,24746.6,25173.3,9
2,mutex_65536_same-core_paced_itch,0,queue,25173.3,25600,12
2,mutex_65536_same-core_paced_itch,0,queue,25600,26026.6,14
2,mutex_65536_same-core_paced_itch,0,queue,26026.6,26453.3,7
2,mutex_65536_same-core_paced_itch,0,queue,26453.3,26880,10
2,mutex_65536_same-core_paced_itch,0,queue,26880,27306.6,4
2,mutex_65536_same-core_paced_itch,0,queue,27306.6,28160,17
2,mutex_65536_same-core_paced_itch,0,queue,28160,29013.3,13
2,mutex_65536_same-core_paced_itch,0,queue,29013.3,29866.6,12
2,mutex_65536_same-core_paced_itch,0,queue,29866.6,30720,11
2,mutex_65536_same-core_paced_itch,0,queue,30720,31573.3,15
2,mutex_65536_same-core_paced_itch,0,queue,31573.3,32426.6,16
2,mutex_65536_same-core_paced_itch,0,queue,32426.6,33280,17
2,mutex_65536_same-core_paced_itch,0,queue,33280,34133.3,7
2,mutex_65536_same-core_paced_itch,0,queue,34133.3,34986.6,9
2,mutex_65536_same-core_paced_itch,0,queue,34986.6,35840,13
2,mutex_65536_same-core_paced_itch,0,queue,35840,36693.3,11
2,mutex_65536_same-core_paced_itch,0,queue,36693.3,37546.6,16
2,mutex_65536_same-core_paced_itch,0,queue,37546.6,38400,12
2,mutex_65536_same-core_paced_itch,0,queue,38400,39253.3,22
2,mutex_65536_same-core_paced_itch,0,queue,39253.3,40106.6,12
2,mutex_65536_same-core_paced_itch,0,queue,40106.6,40960,14
2,mutex_65536_same-core_paced_itch,0,queue,40960,41813.3,13
2,mutex_65536_same-core_paced_itch,0,queue,41813.3,42666.6,11
2,mutex_65536_same-core_paced_itch,0,queue,42666.6,43520,9
2,mutex_65536_same-core_paced_itch,0,queue,43520,44373.3,9
2,mutex_65536_same-core_paced_itch,0,queue,44373.3,45226.6,7
2,mutex_65536_same-core_paced_itch,0,queue,45226.6,46080,7
2,mutex_65536_same-core_paced_itch,0,queue,46080,46933.3,10
2,mutex_65536_same-core_paced_itch,0,queue,46933.3,47786.6,6
2,mutex_65536_same-core_paced_itch,0,queue,47786.6,48640,10
2,mutex_65536_same-core_paced_itch,0,queue,48640,49493.3,11
2,mutex_65536_same-core_paced_itch,0,queue,49493.3,50346.6,14
2,mutex_65536_same-core_paced_itch,0,queue,50346.6,51200,11
2,mutex_65536_same-core_paced_itch,0,queue,51200,52053.3,13
2,mutex_65536_same-core_paced_itch,0,queue,52053.3,52906.6,6
2,mutex_65536_same-core_paced_itch,0,queue,52906.6,53760,8
2,mutex_65536_same-core_paced_itch,0,queue,53760,54613.3,13
2,mutex_65536_same-core_paced_itch,0,queue,54613.3,56320,17
2,mutex_65536_same-core_paced_itch,0,queue,56320,58026.6,14
2,mutex_65536_same-core_paced_itch,0,queue,58026.6,59733.3,18
2,mutex_65536_same-core_paced_itch,0,queue,59733.3,61440,26
2,mutex_65536_same-core_paced_itch,0,queue,61440,63146.6,27
2,mutex_65536_same-core_paced_itch,0,queue,63146.6,64853.3,19
2,mutex_65536_same-core_paced_itch,0,queue,64853.3,66560,12
2,mutex_65536_same-core_paced_itch,0,queue,66560,68266.6,23
2,mutex_65536_same-core_paced_itch,0,queue,68266.6,69973.3,20
2,mutex_65536_same-core_paced_itch,0,queue,69973.3,71679.9,27
2,mutex_65536_same-core_paced_itch,0,queue,71679.9,73386.6,23
2,mutex_65536_same-core_paced_itch,0,queue,73386.6,75093.3,31
2,mutex_65536_same-core_paced_itch,0,queue,75093.3,76799.9,31
2,mutex_65536_same-core_paced_itch,0,queue,76799.9,78506.6,18
2,mutex_65536_same-core_paced_itch,0,queue,78506.6,80213.3,8
2,mutex_65536_same-core_paced_itch,0,queue,80213.3,81919.9,11
2,mutex_65536_same-core_paced_itch,0,queue,81919.9,83626.6,11
2,mutex_65536_same-core_paced_itch,0,queue,83626.6,85333.3,19
2,mutex_65536_same-core_paced_itch,0,queue,85333.3,87039.9,20
2,mutex_65536_same-core_paced_itch,0,queue,87039.9,88746.6,21
2,mutex_65536_same-core_paced_itch,0,queue,88746.6,90453.3,21
2,mutex_65536_same-core_paced_itch,0,queue,90453.3,92159.9,18
2,mutex_65536_same-core_paced_itch,0,queue,92159.9,93866.6,15
2,mutex_65536_same-core_paced_itch,0,queue,93866.6,95573.3,26
2,mutex_65536_same-core_paced_itch,0,queue,95573.3,97279.9,20
2,mutex_65536_same-core_paced_itch,0,queue,97279.9,98986.6,27
2,mutex_65536_same-core_paced_itch,0,queue,98986.6,100693,27
2,mutex_65536_same-core_paced_itch,0,queue,100693,102400,19
2,mutex_65536_same-core_paced_itch,0,queue,102400,104107,19
2,mutex_65536_same-core_paced_itch,0,queue,104107,105813,14
2,mutex_65536_same-core_paced_itch,0,queue,105813,107520,11
2,mutex_65536_same-core_paced_itch,0,queue,107520,109227,6
2,mutex_65536_same-core_paced_itch,0,queue,109227,112640,9
2,mutex_65536_same-core_paced_itch,0,queue,112640,116053,22
2,mutex_65536_same-core_paced_itch,0,queue,116053,119467,19
2,mutex_65536_same-core_paced_itch,0,queue,119467,122880,16
2,mutex_65536_same-core_paced_itch,0,queue,122880,126293,17
2,mutex_65536_same-core_paced_itch,0,queue,126293,129707,35
2,mutex_65536_same-core_paced_itch,0,queue,129707,133120,24
2,mutex_65536_same-core_paced_itch,0,queue,133120,136533,16
2,mutex_65536_same-core_paced_itch,0,queue,136533,139947,15
2,mutex_65536_same-core_paced_itch,0,queue,139947,143360,16
2,mutex_65536_same-core_paced_itch,0,queue,143360,146773,19
2,mutex_65536_same-core_paced_itch,0,queue,146773,150187,18
2,mutex_65536_same-core_paced_itch,0,queue,150187,153600,11
2,mutex_65536_same-core_paced_itch,0,queue,153600,157013,16
2,mutex_65536_same-core_paced_itch,0,queue,157013,160427,11
2,mutex_65536_same-core_paced_itch,0,queue,160427,163840,11
2,mutex_65536_same-core_paced_itch,0,queue,163840,167253,8
2,mutex_65536_same-core_paced_itch,0,queue,167253,170667,14
2,mutex_65536_same-core_paced_itch,0,queue,170667,174080,16
2,mutex_65536_same-core_paced_itch,0,queue,174080,177493,26
2,mutex_65536_same-core_paced_itch,0,queue,177493,180907,15
2,mutex_65536_same-core_paced_itch,0,queue,180907,184320,24
2,mutex_65536_same-core_paced_itch,0,queue,184320,187733,27
2,mutex_65536_same-core_paced_itch,0,queue,187733,191147,31
2,mutex_65536_same-core_paced_itch,0,queue,191147,194560,41
2,mutex_65536_same-core_paced_itch,0,queue,194560,197973,41
2,mutex_65536_same-core_paced_itch,0,queue,197973,201387,22
2,mutex_65536_same-core_paced_itch,0,queue,201387,204800,18
2,mutex_65536_same-core_paced_itch,0,queue,204800,208213,39
2,mutex_65536_same-core_paced_itch,0,queue,208213,211627,21
2,mutex_65536_same-core_paced_itch,0,queue,211627,215040,22
2,mutex_65536_same-core_paced_itch,0,queue,215040,218453,27
2,mutex_65536_same-core_paced_itch,0,queue,218453,225280,26
2,mutex_65536_same-core_paced_itch,0,queue,225280,232107,35
2,mutex_65536_same-core_paced_itch,0,queue,232107,238933,31
2,mutex_65536_same-core_paced_itch,0,queue,238933,245760,43
2,mutex_65536_same-core_paced_itch,0,queue,245760,252586,10
2,mutex_65536_same-core_paced_itch,0,queue,252586,259413,13
2,mutex_65536_same-core_paced_itch,0,queue,259413,266240,9
2,mutex_65536_same-core_paced_itch,0,queue,266240,273066,10
2,mutex_65536_same-core_paced_itch,0,queue,273066,279893,11
2,mutex_65536_same-core_paced_itch,0,queue,279893,286720,8
2,mutex_65536_same-core_paced_itch,0,queue,286720,293546,14
2,mutex_65536_same-core_paced_itch,0,queue,293546,300373,13
2,mutex_65536_same-core_paced_itch,0,queue,300373,307200,22
2,mutex_65536_same-core_paced_itch,0,queue,307200,314026,18
2,mutex_65536_same-core_paced_itch,0,queue,314026,320853,12
2,mutex_65536_same-core_paced_itch,0,queue,320853,327680,29
2,mutex_65536_same-core_paced_itch,0,queue,327680,334506,19
2,mutex_65536_same-core_paced_itch,0,queue,334506,341333,6
2,mutex_65536_same-core_paced_itch,0,queue,341333,348160,7
2,mutex_65536_same-core_paced_itch,0,queue,348160,354986,4
2,mutex_65536_same-core_paced_itch,0,queue,354986,361813,3
2,mutex_65536_same-core_paced_itch,0,queue,361813,368640,6
2,mutex_65536_same-core_paced_itch,0,queue,368640,375466,7
2,mutex_65536_same-core_paced_itch,0,queue,375466,382293,8
2,mutex_65536_same-core_paced_itch,0,queue,382293,389120,6
2,mutex_65536_same-core_paced_itch,0,queue,389120,395946,4
2,mutex_65536_same-core_paced_itch,0,queue,395946,402773,3
2,mutex_65536_same-core_paced_itch,0,queue,402773,409600,7
2,mutex_65536_same-core_paced_itch,0,queue,409600,416426,2
2,mutex_65536_same-core_paced_itch,0,queue,416426,423253,11
2,mutex_65536_same-core_paced_itch,0,queue,423253,430080,4
2,mutex_65536_same-core_paced_itch,0,queue,430080,436906,2
2,mutex_65536_same-core_paced_itch,0,queue,436906,450560,11
2,mutex_65536_same-core_paced_itch,0,queue,450560,464213,7
2,mutex_65536_same-core_paced_itch,0,queue,464213,477866,13
2,mutex_65536_same-core_paced_itch,0,queue,477866,491520,9
2,mutex_65536_same-core_paced_itch,0,queue,491520,505173,10
2,mutex_65536_same-core_paced_itch,0,queue,505173,518826,9
2,mutex_65536_same-core_paced_itch,0,queue,518826,532480,8
2,mutex_65536_same-core_paced_itch,0,queue,532480,546133,8
2,mutex_65536_same-core_paced_itch,0,queue,546133,559786,7
2,mutex_65536_same-core_paced_itch,0,queue,559786,573440,10
2,mutex_65536_same-core_paced_itch,0,queue,573440,587093,7
2,mutex_65536_same-core_paced_itch,0,queue,587093,600746,5
2,mutex_65536_same-core_paced_itch,0,queue,600746,614400,11
2,mutex_65536_same-core_paced_itch,0,queue,614400,628053,16
2,mutex_65536_same-core_paced_itch,0,queue,628053,641706,3
2,mutex_65536_same-core_paced_itch,0,queue,641706,655360,7
2,mutex_65536_same-core_paced_itch,0,queue,655360,669013,4
2,mutex_65536_same-core_paced_itch,0,queue,669013,682666,12
2,mutex_65536_same-core_paced_itch,0,queue,682666,696320,10
2,mutex_65536_same-core_paced_itch,0,queue,696320,709973,3
2,mutex_65536_same-core_paced_itch,0,queue,709973,723626,9
2,mutex_65536_same-core_paced_itch,0,queue,723626,737279,10
2,mutex_65536_same-core_paced_itch,0,queue,737279,750933,8
2,mutex_65536_same-core_paced_itch,0,queue,750933,764586,4
2,mutex_65536_same-core_paced_itch,0,queue,764586,778239,8
2,mutex_65536_same-core_paced_itch,0,queue,778239,791893,10
2,mutex_65536_same-core_paced_itch,0,queue,791893,805546,12
2,mutex_65536_same-core_paced_itch,0,queue,805546,819199,6
2,mutex_65536_same-core_paced_itch,0,queue,819199,832853,8
2,mutex_65536_same-core_paced_itch,0,queue,832853,846506,9
2,mutex_65536_same-core_paced_itch,0,queue,846506,860159,11
2,mutex_65536_same-core_paced_itch,0,queue,860159,873813,10
2,mutex_65536_same-core_paced_itch,0,queue,873813,901119,13
2,mutex_65536_same-core_paced_itch,0,queue,901119,928426,9
2,mutex_65536_same-core_paced_itch,0,queue,928426,955733,14
2,mutex_65536_same-core_paced_itch,0,queue,955733,983039,14
2,mutex_65536_same-core_paced_itch,0,queue,983039,1.01035e+06,17
2,mutex_65536_same-core_paced_itch,0,queue,1.01035e+06,1.03765e+06,14
2,mutex_65536_same-core_paced_itch,0,queue,1.03765e+06,1.06496e+06,17
2,mutex_65536_same-core_paced_itch,0,queue,1.06496e+06,1.09227e+06,9
2,mutex_65536_same-core_paced_itch,0,queue,1.09227e+06,1.11957e+06,18
2,mutex_65536_same-core_paced_itch,0,queue,1.11957e+06,1.14688e+06,10
2,mutex_65536_same-core_paced_itch,0,queue,1.14688e+06,1.17419e+06,19
2,mutex_65536_same-core_paced_itch,0,queue,1.17419e+06,1.20149e+06,14
2,mutex_65536_same-core_paced_itch,0,queue,1.20149e+06,1.2288e+06,14
2,mutex_65536_same-core_paced_itch,0,queue,1.2288e+06,1.25611e+06,13
2,mutex_65536_same-core_paced_itch,0,queue,1.25611e+06,1.28341e+06,24
2,mutex_65536_same-core_paced_itch,0,queue,1.28341e+06,1.31072e+06,22
2,mutex_65536_same-core_paced_itch,0,queue,1.31072e+06,1.33803e+06,32
2,mutex_65536_same-core_paced_itch,0,queue,1.33803e+06,1.36533e+06,23
2,mutex_65536_same-core_paced_itch,0,queue,1.36533e+06,1.39264e+06,34
2,mutex_65536_same-core_paced_itch,0,queue,1.39264e+06,1.41995e+06,18
2,mutex_65536_same-core_paced_itch,0,queue,1.41995e+06,1.44725e+06,14
2,mutex_65536_same-core_paced_itch,0,queue,1.44725e+06,1.47456e+06,24
2,mutex_65536_same-core_paced_itch,0,queue,1.47456e+06,1.50187e+06,13
2,mutex_65536_same-core_paced_itch,0,queue,1.50187e+06,1.52917e+06,27
2,mutex_65536_same-core_paced_itch,0,queue,1.52917e+06,1.55648e+06,13
2,mutex_65536_same-core_paced_itch,0,queue,1.55648e+06,1.58379e+06,35
2,mutex_65536_same-core_paced_itch,0,queue,1.58379e+06,1.61109e+06,31
2,mutex_65536_same-core_paced_itch,0,queue,1.61109e+06,1.6384e+06,40
2,mutex_65536_same-core_paced_itch,0,queue,1.6384e+06,1.66571e+06,53
2,mutex_65536_same-core_paced_itch,0,queue,1.66571e+06,1.69301e+06,39
2,mutex_65536_same-core_paced_itch,0,queue,1.69301e+06,1.72032e+06,32
2,mutex_65536_same-core_paced_itch,0,queue,1.72032e+06,1.74763e+06,96
2,mutex_65536_same-core_paced_itch,0,queue,1.74763e+06,1.80224e+06,516
2,mutex_65536_same-core_paced_itch,0,queue,1.80224e+06,1.85685e+06,563
2,mutex_65536_same-core_paced_itch,0,queue,1.85685e+06,1.91147e+06,308
2,mutex_65536_same-core_paced_itch,0,queue,1.91147e+06,1.96608e+06,707
2,mutex_65536_same-core_paced_itch,0,queue,1.96608e+06,2.02069e+06,218
2,mutex_65536_same-core_paced_itch,0,queue,2.02069e+06,2.07531e+06,173
2,mutex_65536_same-core_paced_itch,0,queue,2.07531e+06,2.12992e+06,278
2,mutex_65536_same-core_paced_itch,0,queue,2.12992e+06,2.18453e+06,565
2,mutex_65536_same-core_paced_itch,0,queue,2.18453e+06,2.23915e+06,595
2,mutex_65536_same-core_paced_itch,0,queue,2.23915e+06,2.29376e+06,193
2,mutex_65536_same-core_paced_itch,0,queue,2.29376e+06,2.34837e+06,989
2,mutex_65536_same-core_paced_itch,0,queue,2.34837e+06,2.40298e+06,618
2,mutex_65536_same-core_paced_itch,0,queue,2.40298e+06,2.4576e+06,168
2,mutex_65536_same-core_paced_itch,0,queue,2.4576e+06,2.51221e+06,137
2,mutex_65536_same-core_paced_itch,0,queue,2.51221e+06,2.56682e+06,124
2,mutex_65536_same-core_paced_itch,0,queue,2.56682e+06,2.62144e+06,190
2,mutex_65536_same-core_paced_itch,0,queue,2.62144e+06,2.67605e+06,278
2,mutex_65536_same-core_paced_itch,0,queue,2.67605e+06,2.73066e+06,128
2,mutex_65536_same-core_paced_itch,0,queue,2.73066e+06,2.78528e+06,225
2,mutex_65536_same-core_paced_itch,0,queue,2.78528e+06,2.83989e+06,114
2,mutex_65536_same-core_paced_itch,0,queue,2.83989e+06,2.8945e+06,352
2,mutex_65536_same-core_paced_itch,0,queue,2.8945e+06,2.94912e+06,736
2,mutex_65536_same-core_paced_itch,0,queue,2.94912e+06,3.00373e+06,416
2,mutex_65536_same-core_paced_itch,0,queue,3.00373e+06,3.05834e+06,534
2,mutex_65536_same-core_paced_itch,0,queue,3.05834e+06,3.11296e+06,451
2,mutex_65536_same-core_paced_itch,0,queue,3.11296e+06,3.16757e+06,626
2,mutex_65536_same-core_paced_itch,0,queue,3.16757e+06,3.22218e+06,742
2,mutex_65536_same-core_paced_itch,0,queue,3.22218e+06,3.2768e+06,778
2,mutex_65536_same-core_paced_itch,0,queue,3.2768e+06,3.33141e+06,681
2,mutex_65536_same-core_paced_itch,0,queue,3.33141e+06,3.38602e+06,751
2,mutex_65536_same-core_paced_itch,0,queue,3.38602e+06,3.44064e+06,495
2,mutex_65536_same-core_paced_itch,0,queue,3.44064e+06,3.49525e+06,949
2,mutex_65536_same-core_paced_itch,0,queue,3.49525e+06,3.60448e+06,1142
2,mutex_65536_same-core_paced_itch,0,queue,3.60448e+06,3.7137e+06,312
2,mutex_65536_same-core_paced_itch,0,queue,3.7137e+06,3.82293e+06,363
2,mutex_65536_same-core_paced_itch,0,queue,3.82293e+06,3.93216e+06,346
2,mutex_65536_same-core_paced_itch,0,queue,3.93216e+06,4.04138e+06,493
2,mutex_65536_same-core_paced_itch,0,queue,4.04138e+06,4.15061e+06,546
2,mutex_65536_same-core_paced_itch,0,queue,4.15061e+06,4.25984e+06,302
2,mutex_65536_same-core_paced_itch,0,queue,4.25984e+06,4.36906e+06,305
2,mutex_65536_same-core_paced_itch,0,queue,4.36906e+06,4.47829e+06,672
2,mutex_65536_same-core_paced_itch,0,queue,4.47829e+06,4.58752e+06,708
2,mutex_65536_same-core_paced_itch,0,queue,4.58752e+06,4.69674e+06,1233
2,mutex_65536_same-core_paced_itch,0,queue,4.69674e+06,4.80597e+06,1464
2,mutex_65536_same-core_paced_itch,0,queue,4.80597e+06,4.9152e+06,936
2,mutex_65536_same-core_paced_itch,0,queue,4.9152e+06,5.02442e+06,168
2,mutex_65536_same-core_paced_itch,0,queue,5.02442e+06,5.13365e+06,116
2,mutex_65536_same-core_paced_itch,0,queue,5.13365e+06,5.24288e+06,162
2,mutex_65536_same-core_paced_itch,0,queue,5.24288e+06,5.3521e+06,157
2,mutex_65536_same-core_paced_itch,0,queue,5.3521e+06,5.46133e+06,135
2,mutex_65536_same-core_paced_itch,0,queue,5.46133e+06,5.57056e+06,171
2,mutex_65536_same-core_paced_itch,0,queue,5.57056e+06,5.67978e+06,108
2,mutex_65536_same-core_paced_itch,0,queue,5.67978e+06,5.78901e+06,305
2,mutex_65536_same-core_paced_itch,0,queue,5.78901e+06,5.89824e+06,188
2,mutex_65536_same-core_paced_itch,0,queue,5.89824e+06,6.00746e+06,143
2,mutex_65536_same-core_paced_itch,0,queue,6.00746e+06,6.11669e+06,127
2,mutex_65536_same-core_paced_itch,0,queue,6.11669e+06,6.22592e+06,114
2,mutex_65536_same-core_paced_itch,0,queue,6.22592e+06,6.33514e+06,122
2,mutex_65536_same-core_paced_itch,0,queue,6.33514e+06,6.44437e+06,316
2,mutex_65536_same-core_paced_itch,0,queue,6.44437e+06,6.5536e+06,129
2,mutex_65536_same-core_paced_itch,0,queue,6.5536e+06,6.66282e+06,108
2,mutex_65536_same-core_paced_itch,0,queue,6.66282e+06,6.77205e+06,140
2,mutex_65536_same-core_paced_itch,0,queue,6.77205e+06,6.88128e+06,185
2,mutex_65536_same-core_paced_itch,0,queue,6.88128e+06,6.9905e+06,369
2,mutex_65536_same-core_paced_itch,0,queue,6.9905e+06,7.20895e+06,348
2,mutex_65536_same-core_paced_itch,0,queue,7.20895e+06,7.42741e+06,313
2,mutex_65536_same-core_paced_itch,0,queue,7.42741e+06,7.64586e+06,376
2,mutex_65536_same-core_paced_itch,0,queue,7.64586e+06,7.86431e+06,305
2,mutex_65536_same-core_paced_itch,0,queue,7.86431e+06,8.08277e+06,607
2,mutex_65536_same-core_paced_itch,0,queue,8.08277e+06,8.30122e+06,1966
2,mutex_65536_same-core_paced_itch,0,queue,8.30122e+06,8.51967e+06,701
2,mutex_65536_same-core_paced_itch,0,book,7.49999,7.91666,5
2,mutex_65536_same-core_paced_itch,0,book,8.33333,8.74999,12
2,mutex_65536_same-core_paced_itch,0,book,9.16666,9.58333,49
2,mutex_65536_same-core_paced_itch,0,book,9.99999,10.4167,127
2,mutex_65536_same-core_paced_itch,0,book,10.8333,11.25,142
2,mutex_65536_same-core_paced_itch,0,book,11.6667,12.0833,146
2,mutex_65536_same-core_paced_itch,0,book,12.5,12.9167,141
2,mutex_65536_same-core_paced_itch,0,book,13.3333,13.75,178
2,mutex_65536_same-core_paced_itch,0,book,14.1667,14.5833,218
2,mutex_65536_same-core_paced_itch,0,book,15,15.4167,218
2,mutex_65536_same-core_paced_itch,0,book,15.8333,16.25,318
2,mutex_65536_same-core_paced_itch,0,book,16.6667,17.0833,331
2,mutex_65536_same-core_paced_itch,0,book,17.5,17.9167,494
2,mutex_65536_same-core_paced_itch,0,book,18.3333,18.75,767
2,mutex_65536_same-core_paced_itch,0,book,19.1667,19.5833,814
2,mutex_65536_same-core_paced_itch,0,book,20,20.4167,929
2,mutex_65536_same-core_paced_itch,0,book,20.8333,21.25,661
2,mutex_65536_same-core_paced_itch,0,book,21.6667,22.0833,581
2,mutex_65536_same-core_paced_itch,0,book,22.5,22.9167,614
2,mutex_65536_same-core_paced_itch,0,book,23.3333,23.75,579
2,mutex_65536_same-core_paced_itch,0,book,24.1666,24.5833,650
2,mutex_65536_same-core_paced_itch,0,book,25,25.4166,602
2,mutex_65536_same-core_paced_itch,0,book,25.8333,26.25,585
2,mutex_65536_same-core_paced_itch,0,book,26.6666,27.5,504
2,mutex_65536_same-core_paced_itch,0,book,27.5,28.3333,465
2,mutex_65536_same-core_paced_itch,0,book,28.3333,29.1666,389
2,mutex_65536_same-core_paced_itch,0,book,29.1666,30,377
2,mutex_65536_same-core_paced_itch,0,book,30,30.8333,367
2,mutex_65536_same-core_paced_itch,0,book,30.8333,31.6666,326
2,mutex_65536_same-core_paced_itch,0,book,31.6666,32.5,315
2,mutex_65536_same-core_paced_itch,0,book,32.5,33.3333,304
2,mutex_65536_same-core_paced_itch,0,book,33.3333,34.1666,320
2,mutex_65536_same-core_paced_itch,0,book,34.1666,35,344
2,mutex_65536_same-core_paced_itch,0,book,35,35.8333,334
2,mutex_65536_same-core_paced_itch,0,book,35.8333,36.6666,359
2,mutex_65536_same-core_paced_itch,0,book,36.6666,37.5,335
2,mutex_65536_same-core_paced_itch,0,book,37.5,38.3333,367
2,mutex_65536_same-core_paced_itch,0,book,38.3333,39.1666,432
2,mutex_65536_same-core_paced_itch,0,book,39.1666,40,429
2,mutex_65536_same-core_paced_itch,0,book,40,40.8333,532
2,mutex_65536_same-core_paced_itch,0,book,40.8333,41.6666,536
2,mutex_65536_same-core_paced_itch,0,book,41.6666,42.5,553
2,mutex_65536_same-core_paced_itch,0,book,42.5,43.3333,609
2,mutex_65536_same-core_paced_itch,0,book,43.3333,44.1666,633
2,mutex_65536_same-core_paced_itch,0,book,44.1666,45,724
2,mutex_65536_same-core_paced_itch,0,book,45,45.8333,705
2,mutex_65536_same-core_paced_itch,0,book,45.8333,46.6666,795
2,mutex_65536_same-core_paced_itch,0,book,46.6666,47.5,758
2,mutex_65536_same-core_paced_itch,0,book,47.5,48.3333,799
2,mutex_65536_same-core_paced_itch,0,book,48.3333,49.1666,911
2,mutex_65536_same-core_paced_itch,0,book,49.1666,50,904
2,mutex_65536_same-core_paced_itch,0,book,50,50.8333,979
2,mutex_65536_same-core_paced_itch,0,book,50.8333,51.6666,915
2,mutex_65536_same-core_paced_itch,0,book,51.6666,52.5,1040
2,mutex_65536_same-core_paced_itch,0,book,52.5,53.3333,1144
2,mutex_65536_same-core_paced_itch,0,book,53.3333,55,2400
2,mutex_65536_same-core_paced_itch,0,book,55,56.6666,2584
2,mutex_65536_same-core_paced_itch,0,book,56.6666,58.3333,2733
2,mutex_65536_same-core_paced_itch,0,book,58.3333,60,2583
2,mutex_65536_same-core_paced_itch,0,book,60,61.6666,2744
2,mutex_65536_same-core_paced_itch,0,book,61.6666,63.3333,2702
2,mutex_65536_same-core_paced_itch,0,book,63.3333,65,2534
2,mutex_65536_same-core_paced_itch,0,book,65,66.6666,2574
2,mutex_65536_same-core_paced_itch,0,book,66.6666,68.3333,2608
2,mutex_65536_same-core_paced_itch,0,book,68.3333,70,2581
2,mutex_65536_same-core_paced_itch,0,book,70,71.6666,2536
2,mutex_65536_same-core_paced_itch,0,book,71.6666,73.3333,2469
2,mutex_65536_same-core_paced_itch,0,book,73.3333,74.9999,2305
2,mutex_65536_same-core_paced_itch,0,book,74.9999,76.6666,2115
2,mutex_65536_same-core_paced_itch,0,book,76.6666,78.3333,1929
2,mutex_65536_same-core_paced_itch,0,book,78.3333,79.9999,1824
2,mutex_65536_same-core_paced_itch,0,book,79.9999,81.6666,1855
2,mutex_65536_same-core_paced_itch,0,book,81.6666,83.3333,1695
2,mutex_65536_same-core_paced_itch,0,book,83.3333,84.9999,1686
2,mutex_65536_same-core_paced_itch,0,book,84.9999,86.6666,1570
2,mutex_65536_same-core_paced_itch,0,book,86.6666,88.3333,1560
2,mutex_65536_same-core_paced_itch,0,book,88.3333,89.9999,1491
2,mutex_65536_same-core_paced_itch,0,book,89.9999,91.6666,1503
2,mutex_65536_same-core_paced_itch,0,book,91.6666,93.3333,1550
2,mutex_65536_same-core_paced_itch,0,book,93.3333,94.9999,1406
2,mutex_65536_same-core_paced_itch,0,book,94.9999,96.6666,1368
2,mutex_65536_same-core_paced_itch,0,book,96.6666,98.3333,1348
2,mutex_65536_same-core_paced_itch,0,book,98.3333,99.9999,1376
2,mutex_65536_same-core_paced_itch,0,book,99.9999,101.667,1307
2,mutex_65536_same-core_paced_itch,0,book,101.667,103.333,1285
2,mutex_65536_same-core_paced_itch,0,book,103.333,105,1226
2,mutex_65536_same-core_paced_itch,0,book,105,106.667,1209
2,mutex_65536_same-core_paced_itch,0,book,106.667,110,2254
2,mutex_65536_same-core_paced_itch,0,book,110,113.333,2303
2,mutex_65536_same-core_paced_itch,0,book,113.333,116.667,2764
2,mutex_65536_same-core_paced_itch,0,book,116.667,120,3704
2,mutex_65536_same-core_paced_itch,0,book,120,123.333,4722
2,mutex_65536_same-core_paced_itch,0,book,123.333,126.667,4967
2,mutex_65536_same-core_paced_itch,0,book,126.667,130,5005
2,mutex_65536_same-core_paced_itch,0,book,130,133.333,6385
2,mutex_65536_same-core_paced_itch,0,book,133.333,136.667,7593
2,mutex_65536_same-core_paced_itch,0,book,136.667,140,7523
2,mutex_65536_same-core_paced_itch,0,book,140,143.333,7137
2,mutex_65536_same-core_paced_itch,0,book,143.333,146.667,6509
2,mutex_65536_same-core_paced_itch,0,book,146.667,150,6959
2,mutex_65536_same-core_paced_itch,0,book,150,153.333,7335
2,mutex_65536_same-core_paced_itch,0,book,153.333,156.667,6106
2,mutex_65536_same-core_paced_itch,0,book,156.667,160,4785
2,mutex_65536_same-core_paced_itch,0,book,160,163.333,4368
2,mutex_65536_same-core_paced_itch,0,book,163.333,166.667,3970
2,mutex_65536_same-core_paced_itch,0,book,166.667,170,3610
2,mutex_65536_same-core_paced_itch,0,book,170,173.333,3321
2,mutex_65536_same-core_paced_itch,0,book,173.333,176.667,3069
2,mutex_65536_same-core_paced_itch,0,book,176.667,180,2923
2,mutex_65536_same-core_paced_itch,0,book,180,183.333,2677
2,mutex_65536_same-core_paced_itch,0,book,183.333,186.667,2499
2,mutex_65536_same-core_paced_itch,0,book,186.667,190,2323
2,mutex_65536_same-core_paced_itch,0,book,190,193.333,2153
2,mutex_65536_same-core_paced_itch,0,book,193.333,196.667,2060
2,mutex_65536_same-core_paced_itch,0,book,196.667,200,1894
2,mutex_65536_same-core_paced_itch,0,book,200,203.333,1853
2,mutex_65536_same-core_paced_itch,0,book,203.333,206.667,1668
2,mutex_65536_same-core_paced_itch,0,book,206.667,210,1556
2,mutex_65536_same-core_paced_itch,0,book,210,213.333,1508
2,mutex_65536_same-core_paced_itch,0,book,213.333,220,2765
2,mutex_65536_same-core_paced_itch,0,book,220,226.667,2660
2,mutex_65536_same-core_paced_itch,0,book,226.667,233.333,2436
2,mutex_65536_same-core_paced_itch,0,book,233.333,240,2371
2,mutex_65536_same-core_paced_itch,0,book,240,246.666,2125
2,mutex_65536_same-core_paced_itch,0,book,246.666,253.333,2018
2,mutex_65536_same-core_paced_itch,0,book,253.333,260,1797
2,mutex_65536_same-core_paced_itch,0,book,260,266.666,1711
2,mutex_65536_same-core_paced_itch,0,book,266.666,273.333,1574
2,mutex_65536_same-core_paced_itch,0,book,273.333,280,1526
2,mutex_65536_same-core_paced_itch,0,book,280,286.666,1413
2,mutex_65536_same-core_paced_itch,0,book,286.666,293.333,1322
2,mutex_65536_same-core_paced_itch,0,book,293.333,300,1241
2,mutex_65536_same-core_paced_itch,0,book,300,306.666,1174
2,mutex_65536_same-core_paced_itch,0,book,306.666,313.333,1114
2,mutex_65536_same-core_paced_itch,0,book,313.333,320,1078
2,mutex_65536_same-core_paced_itch,0,book,320,326.666,1023
2,mutex_65536_same-core_paced_itch,0,book,326.666,333.333,984
2,mutex_65536_same-core_paced_itch,0,book,333.333,340,970
2,mutex_65536_same-core_paced_itch,0,book,340,346.666,831
2,mutex_65536_same-core_paced_itch,0,book,346.666,353.333,848
2,mutex_65536_same-core_paced_itch,0,book,353.333,360,738
2,mutex_65536_same-core_paced_itch,0,book,360,366.666,752
2,mutex_65536_same-core_paced_itch,0,book,366.666,373.333,672
2,mutex_65536_same-core_paced_itch,0,book,373.333,380,621
2,mutex_65536_same-core_paced_itch,0,book,380,386.666,558
2,mutex_65536_same-core_paced_itch,0,book,386.666,393.333,553
2,mutex_65536_same-core_paced_itch,0,book,393.333,400,485
2,mutex_65536_same-core_paced_itch,0,book,400,406.666,438
2,mutex_65536_same-core_paced_itch,0,book,406.666,413.333,420
2,mutex_65536_same-core_paced_itch,0,book,413.333,420,390
2,mutex_65536_same-core_paced_itch,0,book,420,426.666,339
2,mutex_65536_same-core_paced_itch,0,book,426.666,440,604
2,mutex_65536_same-core_paced_itch,0,book,440,453.333,466
2,mutex_65536_same-core_paced_itch,0,book,453.333,466.666,360
2,mutex_65536_same-core_paced_itch,0,book,466.666,480,279
2,mutex_65536_same-core_paced_itch,0,book,480,493.333,275
2,mutex_65536_same-core_paced_itch,0,book,493.333,506.666,219
2,mutex_65536_same-core_paced_itch,0,book,506.666,520,198
2,mutex_65536_same-core_paced_itch,0,book,520,533.333,147
2,mutex_65536_same-core_paced_itch,0,book,533.333,546.666,122
2,mutex_65536_same-core_paced_itch,0,book,546.666,560,143
2,mutex_65536_same-core_paced_itch,0,book,560,573.333,85
2,mutex_65536_same-core_paced_itch,0,book,573.333,586.666,77
2,mutex_65536_same-core_paced_itch,0,book,586.666,600,69
2,mutex_65536_same-core_paced_itch,0,book,600,613.333,58
2,mutex_65536_same-core_paced_itch,0,book,613.333,626.666,41
2,mutex_65536_same-core_paced_itch,0,book,626.666,640,48
2,mutex_65536_same-core_paced_itch,0,book,640,653.333,37
2,mutex_65536_same-core_paced_itch,0,book,653.333,666.666,30
2,mutex_65536_same-core_paced_itch,0,book,666.666,680,23
2,mutex_65536_same-core_paced_itch,0,book,680,693.333,21
2,mutex_65536_same-core_paced_itch,0,book,693.333,706.666,26
2,mutex_65536_same-core_paced_itch,0,book,706.666,719.999,19
2,mutex_65536_same-core_paced_itch,0,book,719.999,733.333,22
2,mutex_65536_same-core_paced_itch,0,book,733.333,746.666,16
2,mutex_65536_same-core_paced_itch,0,book,746.666,759.999,17
2,mutex_65536_same-core_paced_itch,0,book,759.999,773.333,20
2,mutex_65536_same-core_paced_itch,0,book,773.333,786.666,24
2,mutex_65536_same-core_paced_itch,0,book,786.666,799.999,17
2,mutex_65536_same-core_paced_itch,0,book,799.999,813.333,18
2,mutex_65536_same-core_paced_itch,0,book,813.333,826.666,22
2,mutex_65536_same-core_paced_itch,0,book,826.666,839.999,16
2,mutex_65536_same-core_paced_itch,0,book,839.999,853.333,16
2,mutex_65536_same-core_paced_itch,0,book,853.333,879.999,64
2,mutex_65536_same-core_paced_itch,0,book,879.999,906.666,46
2,mutex_65536_same-core_paced_itch,0,book,906.666,933.333,54
2,mutex_65536_same-core_paced_itch,0,book,933.333,959.999,57
2,mutex_65536_same-core_paced_itch,0,book,959.999,986.666,50
2,mutex_65536_same-core_paced_itch,0,book,986.666,1013.33,39
2,mutex_65536_same-core_paced_itch,0,book,1013.33,1040,41
2,mutex_65536_same-core_paced_itch,0,book,1040,1066.67,26
2,mutex_65536_same-core_paced_itch,0,book,1066.67,1093.33,19
2,mutex_65536_same-core_paced_itch,0,book,1093.33,1120,16
2,mutex_65536_same-core_paced_itch,0,book,1120,1146.67,13
2,mutex_65536_same-core_paced_itch,0,book,1146.67,1173.33,19
2,mutex_65536_same-core_paced_itch,0,book,1173.33,1200,12
2,mutex_65536_same-core_paced_itch,0,book,1200,1226.67,15
2,mutex_65536_same-core_paced_itch,0,book,1226.67,1253.33,14
2,mutex_65536_same-core_paced_itch,0,book,1253.33,1280,20
2,mutex_65536_same-core_paced_itch,0,book,1280,1306.67,9
2,mutex_65536_same-core_paced_itch,0,book,1306.67,1333.33,10
2,mutex_65536_same-core_paced_itch,0,book,1333.33,1360,6
2,mutex_65536_same-core_paced_itch,0,book,1360,1386.67,8
2,mutex_65536_same-core_paced_itch,0,book,1386.67,1413.33,5
2,mutex_65536_same-core_paced_itch,0,book,1413.33,1440,5
2,mutex_65536_same-core_paced_itch,0,book,1440,1466.67,9
2,mutex_65536_same-core_paced_itch,0,book,1466.67,1493.33,9
2,mutex_65536_same-core_paced_itch,0,book,1493.33,1520,9
2,mutex_65536_same-core_paced_itch,0,book,1520,1546.67,7
2,mutex_65536_same-core_paced_itch,0,book,1546.67,1573.33,9
2,mutex_65536_same-core_paced_itch,0,book,1573.33,1600,6
2,mutex_65536_same-core_paced_itch,0,book,1600,1626.67,9
2,mutex_65536_same-core_paced_itch,0,book,1626.67,1653.33,8
2,mutex_65536_same-core_paced_itch,0,book,1653.33,1680,5
2,mutex_65536_same-core_paced_itch,0,book,1680,1706.67,3
2,mutex_65536_same-core_paced_itch,0,book,1706.67,1760,15
2,mutex_65536_same-core_paced_itch,0,book,1760,1813.33,14
2,mutex_65536_same-core_paced_itch,0,book,1813.33,1866.67,12
2,mutex_65536_same-core_paced_itch,0,book,1866.67,1920,7
2,mutex_65536_same-core_paced_itch,0,book,1920,1973.33,9
2,mutex_65536_same-core_paced_itch,0,book,1973.33,2026.67,6
2,mutex_65536_same-core_paced_itch,0,book,2026.67,2080,8
2,mutex_65536_same-core_paced_itch,0,book,2080,2133.33,5
2,mutex_65536_same-core_paced_itch,0,book,2133.33,2186.67,4
2,mutex_65536_same-core_paced_itch,0,book,2186.67,2240,4
2,mutex_65536_same-core_paced_itch,0,book,2240,2293.33,1
2,mutex_65536_same-core_paced_itch,0,book,2293.33,2346.66,3
2,mutex_65536_same-core_paced_itch,0,book,2346.66,2400,3
2,mutex_65536_same-core_paced_itch,0,book,2453.33,2506.66,1
2,mutex_65536_same-core_paced_itch,0,book,2560,2613.33,1
2,mutex_65536_same-core_paced_itch,0,book,2666.66,2720,1
2,mutex_65536_same-core_paced_itch,0,book,2720,2773.33,1
2,mutex_65536_same-core_paced_itch,0,book,2826.66,2880,1
2,mutex_65536_same-core_paced_itch,0,book,2880,2933.33,1
2,mutex_65536_same-core_paced_itch,0,book,2933.33,2986.66,1
2,mutex_65536_same-core_paced_itch,0,book,3200,3253.33,1
2,mutex_65536_same-core_paced_itch,0,book,3306.66,3360,3
2,mutex_65536_same-core_paced_itch,0,book,3360,3413.33,3
2,mutex_65536_same-core_paced_itch,0,book,3413.33,3520,3
2,mutex_65536_same-core_paced_itch,0,book,3520,3626.66,3
2,mutex_65536_same-core_paced_itch,0,book,3733.33,3840,1
2,mutex_65536_same-core_paced_itch,0,book,3840,3946.66,1
2,mutex_65536_same-core_paced_itch,0,book,4160,4266.66,1
2,mutex_65536_same-core_paced_itch,0,book,4373.33,4480,3
2,mutex_65536_same-core_paced_itch,0,book,4480,4586.66,1
2,mutex_65536_same-core_paced_itch,0,book,4586.66,4693.33,1
2,mutex_65536_same-core_paced_itch,0,book,4693.33,4800,1
2,mutex_65536_same-core_paced_itch,0,book,5546.66,5653.33,2
2,mutex_65536_same-core_paced_itch,0,book,5760,5866.66,1
2,mutex_65536_same-core_paced_itch,0,book,5973.33,6080,1
2,mutex_65536_same-core_paced_itch,0,book,6400,6506.66,1
2,mutex_65536_same-core_paced_itch,0,book,6826.66,7039.99,1
2,mutex_65536_same-core_paced_itch,0,book,7039.99,7253.33,1
2,mutex_65536_same-core_paced_itch,0,book,8959.99,9173.33,1
3,mutex_65536_same-core_paced_itch,1,total,84.9999,86.6666,1
3,mutex_65536_same-core_paced_itch,1,total,96.6666,98.3333,1
3,mutex_65536_same-core_paced_itch,1,total,99.9999,101.667,1
3,mutex_65536_same-core_paced_itch,1,total,103.333,105,1
3,mutex_65536_same-core_paced_itch,1,total,106.667,110,4
3,mutex_65536_same-core_paced_itch,1,total,110,113.333,2
3,mutex_65536_same-core_paced_itch,1,total,113.333,116.667,2
3,mutex_65536_same-core_paced_itch,1,total,116.667,120,1
3,mutex_65536_same-core_paced_itch,1,total,123.333,126.667,1
3,mutex_65536_same-core_paced_itch,1,total,126.667,130,5
3,mutex_65536_same-core_paced_itch,1,total,130,133.333,13
3,mutex_65536_same-core_paced_itch,1,total,133.333,136.667,5
3,mutex_65536_same-core_paced_itch,1,total,136.667,140,7
3,mutex_65536_same-core_paced_itch,1,total,140,143.333,4
3,mutex_65536_same-core_paced_itch,1,total,143.333,146.667,8
3,mutex_65536_same-core_paced_itch,1,total,146.667,150,9
3,mutex_65536_same-core_paced_itch,1,total,150,153.333,10
3,mutex_65536_same-core_paced_itch,1,total,153.333,156.667,13
3,mutex_65536_same-core_paced_itch,1,total,156.667,160,15
3,mutex_65536_same-core_paced_itch,1,total,160,163.333,18
3,mutex_65536_same-core_paced_itch,1,total,163.333,166.667,23
3,mutex_65536_same-core_paced_itch,1,total,166.667,170,25
3,mutex_65536_same-core_paced_itch,1,total,170,173.333,23
3,mutex_65536_same-core_paced_itch,1,total,173.333,176.667,18
3,mutex_65536_same-core_paced_itch,1,total,176.667,180,32
3,mutex_65536_same-core_paced_itch,1,total,180,183.333,31
3,mutex_65536_same-core_paced_itch,1,total,183.333,186.667,34
3,mutex_65536_same-core_paced_itch,1,total,186.667,190,28
3,mutex_65536_same-core_paced_itch,1,total,190,193.333,43
3,mutex_65536_same-core_paced_itch,1,total,193.333,196.667,34
3,mutex_65536_same-core_paced_itch,1,total,196.667,200,21
3,mutex_65536_same-core_paced_itch,1,total,200,203.333,42
3,mutex_65536_same-core_paced_itch,1,total,203.333,206.667,34
3,mutex_65536_same-core_paced_itch,1,total,206.667,210,33
3,mutex_65536_same-core_paced_itch,1,total,210,213.333,44
3,mutex_65536_same-core_paced_itch,1,total,213.333,220,103
3,mutex_65536_same-core_paced_itch,1,total,220,226.667,112
3,mutex_65536_same-core_paced_itch,1,total,226.667,233.333,112
3,mutex_65536_same-core_paced_itch,1,total,233.333,240,111
3,mutex_65536_same-core_paced_itch,1,total,240,246.666,131
3,mutex_65536_same-core_paced_itch,1,total,246.666,253.333,123
3,mutex_65536_same-core_paced_itch,1,total,253.333,260,156
3,mutex_65536_same-core_paced_itch,1,total,260,266.666,154
3,mutex_65536_same-core_paced_itch,1,total,266.666,273.333,176
3,mutex_65536_same-core_paced_itch,1,total,273.333,280,164
3,mutex_65536_same-core_paced_itch,1,total,280,286.666,195
3,mutex_65536_same-core_paced_itch,1,total,286.666,293.333,177
3,mutex_65536_same-core_paced_itch,1,total,293.333,300,216
3,mutex_65536_same-core_paced_itch,1,total,300,306.666,193
3,mutex_65536_same-core_paced_itch,1,total,306.666,313.333,207
3,mutex_65536_same-core_paced_itch,1,total,313.333,320,227
3,mutex_65536_same-core_paced_itch,1,total,320,326.666,210
3,mutex_65536_same-core_paced_itch,1,total,326.666,333.333,212
3,mutex_65536_same-core_paced_itch,1,total,333.333,340,212
3,mutex_65536_same-core_paced_itch,1,total,340,346.666,222
3,mutex_65536_same-core_paced_itch,1,total,346.666,353.333,217
3,mutex_65536_same-core_paced_itch,1,total,353.333,360,191
3,mutex_65536_same-core_paced_itch,1,total,360,366.666,226
3,mutex_65536_same-core_paced_itch,1,total,366.666,373.333,241
3,mutex_65536_same-core_paced_itch,1,total,373.333,380,266
3,mutex_65536_same-core_paced_itch,1,total,380,386.666,205
3,mutex_65536_same-core_paced_itch,1,total,386.666,393.333,249
3,mutex_65536_same-core_paced_itch,1,total,393.333,400,223
3,mutex_65536_same-core_paced_itch,1,total,400,406.666,230
3,mutex_65536_same-core_paced_itch,1,total,406.666,413.333,227
3,mutex_65536_same-core_paced_itch,1,total,413.333,420,227
3,mutex_65536_same-core_paced_itch,1,total,420,426.666,237
3,mutex_65536_same-core_paced_itch,1,total,426.666,440,449
3,mutex_65536_same-core_paced_itch,1,total,440,453.333,452
3,mutex_65536_same-core_paced_itch,1,total,453.333,466.666,492
3,mutex_65536_same-core_paced_itch,1,total,466.666,480,563
3,mutex_65536_same-core_paced_itch,1,total,480,493.333,593
3,mutex_65536_same-core_paced_itch,1,total,493.333,506.666,611
3,mutex_65536_same-core_paced_itch,1,total,506.666,520,577
3,mutex_65536_same-core_paced_itch,1,total,520,533.333,642
3,mutex_65536_same-core_paced_itch,1,total,533.333,546.666,701
3,mutex_65536_same-core_paced_itch,1,total,546.666,560,687
3,mutex_65536_same-core_paced_itch,1,total,560,573.333,765
3,mutex_65536_same-core_paced_itch,1,total,573.333,586.666,767
3,mutex_65536_same-core_paced_itch,1,total,586.666,600,703
3,mutex_65536_same-core_paced_itch,1,total,600,613.333,707
3,mutex_65536_same-core_paced_itch,1,total,613.333,626.666,692
3,mutex_65536_same-core_paced_itch,1,total,626.666,640,615
3,mutex_65536_same-core_paced_itch,1,total,640,653.333,630
3,mutex_65536_same-core_paced_itch,1,total,653.333,666.666,589
3,mutex_65536_same-core_paced_itch,1,total,666.666,680,624
3,mutex_65536_same-core_paced_itch,1,total,680,693.333,588
3,mutex_65536_same-core_paced_itch,1,total,693.333,706.666,579
3,mutex_65536_same-core_paced_itch,1,total,706.666,719.999,572
3,mutex_65536_same-core_paced_itch,1,total,719.999,733.333,563
3,mutex_65536_same-core_paced_itch,1,total,733.333,746.666,542
3,mutex_65536_same-core_paced_itch,1,total,746.666,759.999,503
3,mutex_65536_same-core_paced_itch,1,total,759.999,773.333,535
3,mutex_65536_same-core_paced_itch,1,total,773.333,786.666,540
3,mutex_65536_same-core_paced_itch,1,total,786.666,799.999,520
3,mutex_65536_same-core_paced_itch,1,total,799.999,813.333,538
3,mutex_65536_same-core_paced_itch,1,total,813.333,826.666,522
3,mutex_65536_same-core_paced_itch,1,total,826.666,839.999,524
3,mutex_65536_same-core_paced_itch,1,total,839.999,853.333,526
3,mutex_65536_same-core_paced_itch,1,total,853.333,879.999,996
3,mutex_65536_same-core_paced_itch,1,total,879.999,906.666,1017
3,mutex_65536_same-core_paced_itch,1,total,906.666,933.333,988
3,mutex_65536_same-core_paced_itch,1,total,933.333,959.999,977
3,mutex_65536_same-core_paced_itch,1,total,959.999,986.666,966
3,mutex_65536_same-core_paced_itch,1,total,986.666,1013.33,915
3,mutex_65536_same-core_paced_itch,1,total,1013.33,1040,1003
3,mutex_65536_same-core_paced_itch,1,total,1040,1066.67,867
3,mutex_65536_same-core_paced_itch,1,total,1066.67,1093.33,926
3,mutex_65536_same-core_paced_itch,1,total,1093.33,1120,930
3,mutex_65536_same-core_paced_itch,1,total,1120,1146.67,923
3,mutex_65536_same-core_paced_itch,1,total,1146.67,1173.33,862
3,mutex_65536_same-core_paced_itch,1,total,1173.33,1200,896
3,mutex_65536_same-core_paced_itch,1,total,1200,1226.67,869
3,mutex_65536_same-core_paced_itch,1,total,1226.67,1253.33,953
3,mutex_65536_same-core_paced_itch,1,total,1253.33,1280,929
3,mutex_65536_same-core_paced_itch,1,total,1280,1306.67,924
3,mutex_65536_same-core_paced_itch,1,total,1306.67,1333.33,948
3,mutex_65536_same-core_paced_itch,1,total,1333.33,1360,984
3,mutex_65536_same-core_paced_itch,1,total,1360,1386.67,995
3,mutex_65536_same-core_paced_itch,1,total,1386.67,1413.33,1107
3,mutex_65536_same-core_paced_itch,1,total,1413.33,1440,1310
3,mutex_65536_same-core_paced_itch,1,total,1440,1466.67,1459
3,mutex_65536_same-core_paced_itch,1,total,1466.67,1493.33,1658
3,mutex_65536_same-core_paced_itch,1,total,1493.33,1520,1790
3,mutex_65536_same-core_paced_itch,1,total,1520,1546.67,2019
3,mutex_65536_same-core_paced_itch,1,total,1546.67,1573.33,2064
3,mutex_65536_same-core_paced_itch,1,total,1573.33,1600,1930
3,mutex_65536_same-core_paced_itch,1,total,1600,1626.67,1869
3,mutex_65536_same-core_paced_itch,1,total,1626.67,1653.33,1924
3,mutex_65536_same-core_paced_itch,1,total,1653.33,1680,2382
3,mutex_65536_same-core_paced_itch,1,total,1680,1706.67,3737
3,mutex_65536_same-core_paced_itch,1,total,1706.67,1760,11975
3,mutex_65536_same-core_paced_itch,1,total,1760,1813.33,16051
3,mutex_65536_same-core_paced_itch,1,total,1813.33,1866.67,16877
3,mutex_65536_same-core_paced_itch,1,total,1866.67,1920,12149
3,mutex_65536_same-core_paced_itch,1,total,1920,1973.33,9139
3,mutex_65536_same-core_paced_itch,1,total,1973.33,2026.67,6804
3,mutex_65536_same-core_paced_itch,1,total,2026.67,2080,4962
3,mutex_65536_same-core_paced_itch,1,total,2080,2133.33,3828
3,mutex_65536_same-core_paced_itch,1,total,2133.33,2186.67,3079
3,mutex_65536_same-core_paced_itch,1,total,2186.67,2240,2610
3,mutex_65536_same-core_paced_itch,1,total,2240,2293.33,2209
3,mutex_65536_same-core_paced_itch,1,total,2293.33,2346.66,1967
3,mutex_65536_same-core_paced_itch,1,total,2346.66,2400,1873
3,mutex_65536_same-core_paced_itch,1,total,2400,2453.33,1734
3,mutex_65536_same-core_paced_itch,1,total,2453.33,2506.66,1715
3,mutex_65536_same-core_paced_itch,1,total,2506.66,2560,1755
3,mutex_65536_same-core_paced_itch,1,total,2560,2613.33,1735
3,mutex_65536_same-core_paced_itch,1,total,2613.33,2666.66,1688
3,mutex_65536_same-core_paced_itch,1,total,2666.66,2720,1706
3,mutex_65536_same-core_paced_itch,1,total,2720,2773.33,1658
3,mutex_65536_same-core_paced_itch,1,total,2773.33,2826.66,1690
3,mutex_65536_same-core_paced_itch,1,total,2826.66,2880,1632
3,mutex_65536_same-core_paced_itch,1,total,2880,2933.33,1546
3,mutex_65536_same-core_paced_itch,1,total,2933.33,2986.66,1433
3,mutex_65536_same-core_paced_itch,1,total,2986.66,3040,1215
3,mutex_65536_same-core_paced_itch,1,total,3040,3093.33,977
3,mutex_65536_same-core_paced_itch,1,total,3093.33,3146.66,920
3,mutex_65536_same-core_paced_itch,1,total,3146.66,3200,868
3,mutex_65536_same-core_paced_itch,1,total,3200,3253.33,783
3,mutex_65536_same-core_paced_itch,1,total,3253.33,3306.66,725
3,mutex_65536_same-core_paced_itch,1,total,3306.66,3360,709
3,mutex_65536_same-core_paced_itch,1,total,3360,3413.33,680
3,mutex_65536_same-core_paced_itch,1,total,3413.33,3520,1455
3,mutex_65536_same-core_paced_itch,1,total,3520,3626.66,1447
3,mutex_65536_same-core_paced_itch,1,total,3626.66,3733.33,1457
3,mutex_65536_same-core_paced_itch,1,total,3733.33,3840,1573
3,mutex_65536_same-core_paced_itch,1,total,3840,3946.66,1429
3,mutex_65536_same-core_paced_itch,1,total,3946.66,4053.33,1154
3,mutex_65536_same-core_paced_itch,1,total,4053.33,4160,1083
3,mutex_65536_same-core_paced_itch,1,total,4160,4266.66,922
3,mutex_65536_same-core_paced_itch,1,total,4266.66,4373.33,885
3,mutex_65536_same-core_paced_itch,1,total,4373.33,4480,905
3,mutex_65536_same-core_paced_itch,1,total,4480,4586.66,839
3,mutex_65536_same-core_paced_itch,1,total,4586.66,4693.33,772
3,mutex_65536_same-core_paced_itch,1,total,4693.33,4800,687
3,mutex_65536_same-core_paced_itch,1,total,4800,4906.66,670
3,mutex_65536_same-core_paced_itch,1,total,4906.66,5013.33,678
3,mutex_65536_same-core_paced_itch,1,total,5013.33,5120,650
3,mutex_65536_same-core_paced_itch,1,total,5120,5226.66,589
3,mutex_65536_same-core_paced_itch,1,total,5226.66,5333.33,578
3,mutex_65536_same-core_paced_itch,1,total,5333.33,5440,549
3,mutex_65536_same-core_paced_itch,1,total,5440,5546.66,541
3,mutex_65536_same-core_paced_itch,1,total,5546.66,5653.33,511
3,mutex_65536_same-core_paced_itch,1,total,5653.33,5760,515
3,mutex_65536_same-core_paced_itch,1,total,5760,5866.66,444
3,mutex_65536_same-core_paced_itch,1,total,5866.66,5973.33,445
3,mutex_65536_same-core_paced_itch,1,total,5973.33,6080,475
3,mutex_65536_same-core_paced_itch,1,total,6080,6186.66,450
3,mutex_65536_same-core_paced_itch,1,total,6186.66,6293.33,420
3,mutex_65536_same-core_paced_itch,1,total,6293.33,6400,398
3,mutex_65536_same-core_paced_itch,1,total,6400,6506.66,362
3,mutex_65536_same-core_paced_itch,1,total,6506.66,6613.33,388
3,mutex_65536_same-core_paced_itch,1,total,6613.33,6720,361
3,mutex_65536_same-core_paced_itch,1,total,6720,6826.66,359
3,mutex_65536_same-core_paced_itch,1,total,6826.66,7039.99,693
3,mutex_65536_same-core_paced_itch,1,total,7039.99,7253.33,615
3,mutex_65536_same-core_paced_itch,1,total,7253.33,7466.66,618
3,mutex_65536_same-core_paced_itch,1,total,7466.66,7679.99,563
3,mutex_65536_same-core_paced_itch,1,total,7679.99,7893.33,528
3,mutex_65536_same-core_paced_itch,1,total,7893.33,8106.66,520
3,mutex_65536_same-core_paced_itch,1,total,8106.66,8319.99,501
3,mutex_65536_same-core_paced_itch,1,total,8319.99,8533.33,514
3,mutex_65536_same-core_paced_itch,1,total,8533.33,8746.66,467
3,mutex_65536_same-core_paced_itch,1,total,8746.66,8959.99,430
3,mutex_65536_same-core_paced_itch,1,total,8959.99,9173.33,419
3,mutex_65536_same-core_paced_itch,1,total,9173.33,9386.66,387
3,mutex_65536_same-core_paced_itch,1,total,9386.66,9599.99,383
3,mutex_65536_same-core_paced_itch,1,total,9599.99,9813.33,346
3,mutex_65536_same-core_paced_itch,1,total,9813.33,10026.7,365
3,mutex_65536_same-core_paced_itch,1,total,10026.7,10240,354
3,mutex_65536_same-core_paced_itch,1,total,10240,10453.3,323
3,mutex_65536_same-core_paced_itch,1,total,10453.3,10666.7,343
3,mutex_65536_same-core_paced_itch,1,total,10666.7,10880,311
3,mutex_65536_same-core_paced_itch,1,total,10880,11093.3,300
3,mutex_65536_same-core_paced_itch,1,total,11093.3,11306.7,304
3,mutex_65536_same-core_paced_itch,1,total,11306.7,11520,256
3,mutex_65536_same-core_paced_itch,1,total,11520,11733.3,249
3,mutex_65536_same-core_paced_itch,1,total,11733.3,11946.7,256
3,mutex_65536_same-core_paced_itch,1,total,11946.7,12160,268
3,mutex_65536_same-core_paced_itch,1,total,12160,12373.3,265
3,mutex_65536_same-core_paced_itch,1,total,12373.3,12586.7,242
3,mutex_65536_same-core_paced_itch,1,total,12586.7,12800,259
3,mutex_65536_same-core_paced_itch,1,total,12800,13013.3,254
3,mutex_65536_same-core_paced_itch,1,total,13013.3,13226.7,231
3,mutex_65536_same-core_paced_itch,1,total,13226.7,13440,221
3,mutex_65536_same-core_paced_itch,1,total,13440,13653.3,248
3,mutex_65536_same-core_paced_itch,1,total,13653.3,14080,438
3,mutex_65536_same-core_paced_itch,1,total,14080,14506.7,422
3,mutex_65536_same-core_paced_itch,1,total,14506.7,14933.3,383
3,mutex_65536_same-core_paced_itch,1,total,14933.3,15360,401
3,mutex_65536_same-core_paced_itch,1,total,15360,15786.7,368
3,mutex_65536_same-core_paced_itch,1,total,15786.7,16213.3,327
3,mutex_65536_same-core_paced_itch,1,total,16213.3,16640,302
3,mutex_65536_same-core_paced_itch,1,total,16640,17066.7,258
3,mutex_65536_same-core_paced_itch,1,total,17066.7,17493.3,251
3,mutex_65536_same-core_paced_itch,1,total,17493.3,17920,183
3,mutex_65536_same-core_paced_itch,1,total,17920,18346.7,181
3,mutex_65536_same-core_paced_itch,1,total,18346.7,18773.3,123
3,mutex_65536_same-core_paced_itch,1,total,18773.3,19200,91
3,mutex_65536_same-core_paced_itch,1,total,19200,19626.7,73
3,mutex_65536_same-core_paced_itch,1,total,19626.7,20053.3,60
3,mutex_65536_same-core_paced_itch,1,total,20053.3,20480,38
3,mutex_65536_same-core_paced_itch,1,total,20480,20906.7,48
3,mutex_65536_same-core_paced_itch,1,total,20906.7,21333.3,33
3,mutex_65536_same-core_paced_itch,1,total,21333.3,21760,27
3,mutex_65536_same-core_paced_itch,1,total,21760,22186.7,21
3,mutex_65536_same-core_paced_itch,1,total,22186.7,22613.3,26
3,mutex_65536_same-core_paced_itch,1,total,22613.3,23040,35
3,mutex_65536_same-core_paced_itch,1,total,23040,23466.6,17
3,mutex_65536_same-core_paced_itch,1,total,23466.6,23893.3,27
3,mutex_65536_same-core_paced_itch,1,total,23893.3,24320,26
3,mutex_65536_same-core_paced_itch,1,total,24320,24746.6,21
3,mutex_65536_same-core_paced_itch,1,total,24746.6,25173.3,11
3,mutex_65536_same-core_paced_itch,1,total,25173.3,25600,18
3,mutex_65536_same-core_paced_itch,1,total,25600,26026.6,13
3,mutex_65536_same-core_paced_itch,1,total,26026.6,26453.3,19
3,mutex_65536_same-core_paced_itch,1,total,26453.3,26880,11
3,mutex_65536_same-core_paced_itch,1,total,26880,27306.6,14
3,mutex_65536_same-core_paced_itch,1,total,27306.6,28160,14
3,mutex_65536_same-core_paced_itch,1,total,28160,29013.3,13
3,mutex_65536_same-core_paced_itch,1,total,29013.3,29866.6,16
3,mutex_65536_same-core_paced_itch,1,total,29866.6,30720,15
3,mutex_65536_same-core_paced_itch,1,total,30720,31573.3,16
3,mutex_65536_same-core_paced_itch,1,total,31573.3,32426.6,10
3,mutex_65536_same-core_paced_itch,1,total,32426.6,33280,7
3,mutex_65536_same-core_paced_itch,1,total,33280,34133.3,6
3,mutex_65536_same-core_paced_itch,1,total,34133.3,34986.6,12
3,mutex_65536_same-core_paced_itch,1,total,34986.6,35840,9
3,mutex_65536_same-core_paced_itch,1,total,35840,36693.3,6
3,mutex_65536_same-core_paced_itch,1,total,36693.3,37546.6,7
3,mutex_65536_same-core_paced_itch,1,total,37546.6,38400,12
3,mutex_65536_same-core_paced_itch,1,total,38400,39253.3,8
3,mutex_65536_same-core_paced_itch,1,total,39253.3,40106.6,4
3,mutex_65536_same-core_paced_itch,1,total,40106.6,40960,4
3,mutex_65536_same-core_paced_itch,1,total,40960,41813.3,6
3,mutex_65536_same-core_paced_itch,1,total,41813.3,42666.6,7
3,mutex_65536_same-core_paced_itch,1,total,42666.6,43520,13
3,mutex_65536_same-core_paced_itch,1,total,43520,44373.3,9
3,mutex_65536_same-core_paced_itch,1,total,44373.3,45226.6,8
3,mutex_65536_same-core_paced_itch,1,total,45226.6,46080,11
3,mutex_65536_same-core_paced_itch,1,total,46080,46933.3,8
3,mutex_65536_same-core_paced_itch,1,total,46933.3,47786.6,6
3,mutex_65536_same-core_paced_itch,1,total,47786.6,48640,8
3,mutex_65536_same-core_paced_itch,1,total,48640,49493.3,7
3,mutex_65536_same-core_paced_itch,1,total,49493.3,50346.6,13
3,mutex_65536_same-core_paced_itch,1,total,50346.6,51200,15
3,mutex_65536_same-core_paced_itch,1,total,51200,52053.3,9
3,mutex_65536_same-core_paced_itch,1,total,52053.3,52906.6,14
3,mutex_65536_same-core_paced_itch,1,total,52906.6,53760,13
3,mutex_65536_same-core_paced_itch,1,total,53760,54613.3,3
3,mutex_65536_same-core_paced_itch,1,total,54613.3,56320,21
3,mutex_65536_same-core_paced_itch,1,total,56320,58026.6,32
3,mutex_65536_same-core_paced_itch,1,total,58026.6,59733.3,14
3,mutex_65536_same-core_paced_itch,1,total,59733.3,61440,9
3,mutex_65536_same-core_paced_itch,1,total,61440,63146.6,18
3,mutex_65536_same-core_paced_itch,1,total,63146.6,64853.3,20
3,mutex_65536_same-core_paced_itch,1,total,64853.3,66560,23
3,mutex_65536_same-core_paced_itch,1,total,66560,68266.6,12
3,mutex_65536_same-core_paced_itch,1,total,68266.6,69973.3,19
3,mutex_65536_same-core_paced_itch,1,total,69973.3,71679.9,29
3,mutex_65536_same-core_paced_itch,1,total,71679.9,73386.6,14
3,mutex_65536_same-core_paced_itch,1,total,73386.6,75093.3,17
3,mutex_65536_same-core_paced_itch,1,total,75093.3,76799.9,14
3,mutex_65536_same-core_paced_itch,1,total,76799.9,78506.6,18
3,mutex_65536_same-core_paced_itch,1,total,78506.6,80213.3,16
3,mutex_65536_same-core_paced_itch,1,total,80213.3,81919.9,26
3,mutex_65536_same-core_paced_itch,1,total,81919.9,83626.6,15
3,mutex_65536_same-core_paced_itch,1,total,83626.6,85333.3,20
3,mutex_65536_same-core_paced_itch,1,total,85333.3,87039.9,21
3,mutex_65536_same-core_paced_itch,1,total,87039.9,88746.6,15
3,mutex_65536_same-core_paced_itch,1,total,88746.6,90453.3,26
3,mutex_65536_same-core_paced_itch,1,total,90453.3,92159.9,21
3,mutex_65536_same-core_paced_itch,1,total,92159.9,93866.6,18
3,mutex_65536_same-core_paced_itch,1,total,93866.6,95573.3,13
3,mutex_65536_same-core_paced_itch,1,total,95573.3,97279.9,15
3,mutex_65536_same-core_paced_itch,1,total,97279.9,98986.6,18
3,mutex_65536_same-core_paced_itch,1,total,98986.6,100693,29
3,mutex_65536_same-core_paced_itch,1,total,100693,102400,23
3,mutex_65536_same-core_paced_itch,1,total,102400,104107,14
3,mutex_65536_same-core_paced_itch,1,total,104107,105813,14
3,mutex_65536_same-core_paced_itch,1,total,105813,107520,18
3,mutex_65536_same-core_paced_itch,1,total,107520,109227,14
3,mutex_65536_same-core_paced_itch,1,total,109227,112640,35
3,mutex_65536_same-core_paced_itch,1,total,112640,116053,45
3,mutex_65536_same-core_paced_itch,1,total,116053,119467,19
3,mutex_65536_same-core_paced_itch,1,total,119467,122880,15
3,mutex_65536_same-core_paced_itch,1,total,122880,126293,15
3,mutex_65536_same-core_paced_itch,1,total,126293,129707,32
3,mutex_65536_same-core_paced_itch,1,total,129707,133120,29
3,mutex_65536_same-core_paced_itch,1,total,133120,136533,10
3,mutex_65536_same-core_paced_itch,1,total,136533,139947,22
3,mutex_65536_same-core_paced_itch,1,total,139947,143360,24
3,mutex_65536_same-core_paced_itch,1,total,143360,146773,14
3,mutex_65536_same-core_paced_itch,1,total,146773,150187,21
3,mutex_65536_same-core_paced_itch,1,total,150187,153600,15
3,mutex_65536_same-core_paced_itch,1,total,153600,157013,17
3,mutex_65536_same-core_paced_itch,1,total,157013,160427,5
3,mutex_65536_same-core_paced_itch,1,total,160427,163840,10
3,mutex_65536_same-core_paced_itch,1,total,163840,167253,13
3,mutex_65536_same-core_paced_itch,1,total,167253,170667,22
3,mutex_65536_same-core_paced_itch,1,total,170667,174080,28
3,mutex_65536_same-core_paced_itch,1,total,174080,177493,14
3,mutex_65536_same-core_paced_itch,1,total,177493,180907,23
3,mutex_65536_same-core_paced_itch,1,total,180907,184320,12
3,mutex_65536_same-core_paced_itch,1,total,184320,187733,31
3,mutex_65536_same-core_paced_itch,1,total,187733,191147,47
3,mutex_65536_same-core_paced_itch,1,total,191147,194560,25
3,mutex_65536_same-core_paced_itch,1,total,194560,197973,24
3,mutex_65536_same-core_paced_itch,1,total,197973,201387,25
3,mutex_65536_same-core_paced_itch,1,total,201387,204800,16
3,mutex_65536_same-core_paced_itch,1,total,204800,208213,28
3,mutex_65536_same-core_paced_itch,1,total,208213,211627,25
3,mutex_65536_same-core_paced_itch,1,total,211627,215040,32
3,mutex_65536_same-core_paced_itch,1,total,215040,218453,15
3,mutex_65536_same-core_paced_itch,1,total,218453,225280,37
3,mutex_65536_same-core_paced_itch,1,total,225280,232107,26
3,mutex_65536_same-core_paced_itch,1,total,232107,238933,32
3,mutex_65536_same-core_paced_itch,1,total,238933,245760,36
3,mutex_65536_same-core_paced_itch,1,total,245760,252586,14
3,mutex_65536_same-core_paced_itch,1,total,252586,259413,7
3,mutex_65536_same-core_paced_itch,1,total,259413,266240,10
3,mutex_65536_same-core_paced_itch,1,total,266240,273066,11
3,mutex_65536_same-core_paced_itch,1,total,273066,279893,16
3,mutex_65536_same-core_paced_itch,1,total,279893,286720,22
3,mutex_65536_same-core_paced_itch,1,total,286720,293546,9
3,mutex_65536_same-core_paced_itch,1,total,293546,300373,11
3,mutex_65536_same-core_paced_itch,1,total,300373,307200,16
3,mutex_65536_same-core_paced_itch,1,total,307200,314026,17
3,mutex_65536_same-core_paced_itch,1,total,314026,320853,21
3,mutex_65536_same-core_paced_itch,1,total,320853,327680,29
3,mutex_65536_same-core_paced_itch,1,total,327680,334506,11
3,mutex_65536_same-core_paced_itch,1,total,334506,341333,5
3,mutex_65536_same-core_paced_itch,1,total,341333,348160,1
3,mutex_65536_same-core_paced_itch,1,total,348160,354986,7
3,mutex_65536_same-core_paced_itch,1,total,354986,361813,6
3,mutex_65536_same-core_paced_itch,1,total,361813,368640,2
3,mutex_65536_same-core_paced_itch,1,total,368640,375466,7
3,mutex_65536_same-core_paced_itch,1,total,375466,382293,2
3,mutex_65536_same-core_paced_itch,1,total,382293,389120,5
3,mutex_65536_same-core_paced_itch,1,total,389120,395946,9
3,mutex_65536_same-core_paced_itch,1,total,395946,402773,7
3,mutex_65536_same-core_paced_itch,1,total,402773,409600,4
3,mutex_65536_same-core_paced_itch,1,total,409600,416426,4
3,mutex_65536_same-core_paced_itch,1,total,416426,423253,8
3,mutex_65536_same-core_paced_itch,1,total,423253,430080,2
3,mutex_65536_same-core_paced_itch,1,total,430080,436906,3
3,mutex_65536_same-core_paced_itch,1,total,436906,450560,20
3,mutex_65536_same-core_paced_itch,1,total,450560,464213,5
3,mutex_65536_same-core_paced_itch,1,total,464213,477866,7
3,mutex_65536_same-core_paced_itch,1,total,477866,491520,8
3,mutex_65536_same-core_paced_itch,1,total,491520,505173,16
3,mutex_65536_same-core_paced_itch,1,total,505173,518826,8
3,mutex_65536_same-core_paced_itch,1,total,518826,532480,11
3,mutex_65536_same-core_paced_itch,1,total,532480,546133,9
3,mutex_65536_same-core_paced_itch,1,total,546133,559786,4
3,mutex_65536_same-core_paced_itch,1,total,559786,573440,5
3,mutex_65536_same-core_paced_itch,1,total,573440,587093,14
3,mutex_65536_same-core_paced_itch,1,total,587093,600746,10
3,mutex_65536_same-core_paced_itch,1,total,600746,614400,17
3,mutex_65536_same-core_paced_itch,1,total,614400,628053,5
3,mutex_65536_same-core_paced_itch,1,total,628053,641706,8
3,mutex_65536_same-core_paced_itch,1,total,641706,655360,13
3,mutex_65536_same-core_paced_itch,1,total,655360,669013,21
3,mutex_65536_same-core_paced_itch,1,total,669013,682666,16
3,mutex_65536_same-core_paced_itch,1,total,682666,696320,9
3,mutex_65536_same-core_paced_itch,1,total,696320,709973,3
3,mutex_65536_same-core_paced_itch,1,total,709973,723626,9
3,mutex_65536_same-core_paced_itch,1,total,723626,737279,6
3,mutex_65536_same-core_paced_itch,1,total,737279,750933,6
3,mutex_65536_same-core_paced_itch,1,total,750933,764586,8
3,mutex_65536_same-core_paced_itch,1,total,764586,778239,7
3,mutex_65536_same-core_paced_itch,1,total,778239,791893,6
3,mutex_65536_same-core_paced_itch,1,total,791893,805546,11
3,mutex_65536_same-core_paced_itch,1,total,805546,819199,11
3,mutex_65536_same-core_paced_itch,1,total,819199,832853,8
3,mutex_65536_same-core_paced_itch,1,total,832853,846506,8
3,mutex_65536_same-core_paced_itch,1,total,846506,860159,7
3,mutex_65536_same-core_paced_itch,1,total,860159,873813,8
3,mutex_65536_same-core_paced_itch,1,total,873813,901119,22
3,mutex_65536_same-core_paced_itch,1,total,901119,928426,14
3,mutex_65536_same-core_paced_itch,1,total,928426,955733,6
3,mutex_65536_same-core_paced_itch,1,total,955733,983039,16
3,mutex_65536_same-core_paced_itch,1,total,983039,1.01035e+06,18
3,mutex_65536_same-core_paced_itch,1,total,1.01035e+06,1.03765e+06,17
3,mutex_65536_same-core_paced_itch,1,total,1.03765e+06,1.06496e+06,11
3,mutex_65536_same-core_paced_itch,1,total,1.06496e+06,1.09227e+06,8
3,mutex_65536_same-core_paced_itch,1,total,1.09227e+06,1.11957e+06,19
3,mutex_65536_same-core_paced_itch,1,total,1.11957e+06,1.14688e+06,9
3,mutex_65536_same-core_paced_itch,1,total,1.14688e+06,1.17419e+06,20
3,mutex_65536_same-core_paced_itch,1,total,1.17419e+06,1.20149e+06,12
3,mutex_65536_same-core_paced_itch,1,total,1.20149e+06,1.2288e+06,17
3,mutex_65536_same-core_paced_itch,1,total,1.2288e+06,1.25611e+06,12
3,mutex_65536_same-core_paced_itch,1,total,1.25611e+06,1.28341e+06,17
3,mutex_65536_same-core_paced_itch,1,total,1.28341e+06,1.31072e+06,26
3,mutex_65536_same-core_paced_itch,1,total,1.31072e+06,1.33803e+06,64
3,mutex_65536_same-core_paced_itch,1,total,1.33803e+06,1.36533e+06,156
3,mutex_65536_same-core_paced_itch,1,total,1.36533e+06,1.39264e+06,226
3,mutex_65536_same-core_paced_itch,1,total,1.39264e+06,1.41995e+06,300
3,mutex_65536_same-core_paced_itch,1,total,1.41995e+06,1.44725e+06,161
3,mutex_65536_same-core_paced_itch,1,total,1.44725e+06,1.47456e+06,90
3,mutex_65536_same-core_paced_itch,1,total,1.47456e+06,1.50187e+06,57
3,mutex_65536_same-core_paced_itch,1,total,1.50187e+06,1.52917e+06,84
3,mutex_65536_same-core_paced_itch,1,total,1.52917e+06,1.55648e+06,98
3,mutex_65536_same-core_paced_itch,1,total,1.55648e+06,1.58379e+06,258
3,mutex_65536_same-core_paced_itch,1,total,1.58379e+06,1.61109e+06,202
3,mutex_65536_same-core_paced_itch,1,total,1.61109e+06,1.6384e+06,110
3,mutex_65536_same-core_paced_itch,1,total,1.6384e+06,1.66571e+06,84
3,mutex_65536_same-core_paced_itch,1,total,1.66571e+06,1.69301e+06,102
3,mutex_65536_same-core_paced_itch,1,total,1.69301e+06,1.72032e+06,68
3,mutex_65536_same-core_paced_itch,1,total,1.72032e+06,1.74763e+06,129
3,mutex_65536_same-core_paced_itch,1,total,1.74763e+06,1.80224e+06,317
3,mutex_65536_same-core_paced_itch,1,total,1.80224e+06,1.85685e+06,392
3,mutex_65536_same-core_paced_itch,1,total,1.85685e+06,1.91147e+06,653
3,mutex_65536_same-core_paced_itch,1,total,1.91147e+06,1.96608e+06,432
3,mutex_65536_same-core_paced_itch,1,total,1.96608e+06,2.02069e+06,148
3,mutex_65536_same-core_paced_itch,1,total,2.02069e+06,2.07531e+06,595
3,mutex_65536_same-core_paced_itch,1,total,2.07531e+06,2.12992e+06,1731
3,mutex_65536_same-core_paced_itch,1,total,2.12992e+06,2.18453e+06,671
3,mutex_65536_same-core_paced_itch,1,total,2.18453e+06,2.23915e+06,528
3,mutex_65536_same-core_paced_itch,1,total,2.23915e+06,2.29376e+06,512
3,mutex_65536_same-core_paced_itch,1,total,2.29376e+06,2.34837e+06,892
3,mutex_65536_same-core_paced_itch,1,total,2.34837e+06,2.40298e+06,872
3,mutex_65536_same-core_paced_itch,1,total,2.40298e+06,2.4576e+06,730
3,mutex_65536_same-core_paced_itch,1,total,2.4576e+06,2.51221e+06,811
3,mutex_65536_same-core_paced_itch,1,total,2.51221e+06,2.56682e+06,682
3,mutex_65536_same-core_paced_itch,1,total,2.56682e+06,2.62144e+06,210
3,mutex_65536_same-core_paced_itch,1,total,2.62144e+06,2.67605e+06,207
3,mutex_65536_same-core_paced_itch,1,total,2.67605e+06,2.73066e+06,304
3,mutex_65536_same-core_paced_itch,1,total,2.73066e+06,2.78528e+06,372
3,mutex_65536_same-core_paced_itch,1,total,2.78528e+06,2.83989e+06,318
3,mutex_65536_same-core_paced_itch,1,total,2.83989e+06,2.8945e+06,286
3,mutex_65536_same-core_paced_itch,1,total,2.8945e+06,2.94912e+06,206
3,mutex_65536_same-core_paced_itch,1,total,2.94912e+06,3.00373e+06,208
3,mutex_65536_same-core_paced_itch,1,total,3.00373e+06,3.05834e+06,414
3,mutex_65536_same-core_paced_itch,1,total,3.05834e+06,3.11296e+06,496
3,mutex_65536_same-core_paced_itch,1,total,3.11296e+06,3.16757e+06,718
3,mutex_65536_same-core_paced_itch,1,total,3.16757e+06,3.22218e+06,510
3,mutex_65536_same-core_paced_itch,1,total,3.22218e+06,3.2768e+06,692
3,mutex_65536_same-core_paced_itch,1,total,3.2768e+06,3.33141e+06,522
3,mutex_65536_same-core_paced_itch,1,total,3.33141e+06,3.38602e+06,826
3,mutex_65536_same-core_paced_itch,1,total,3.38602e+06,3.44064e+06,779
3,mutex_65536_same-core_paced_itch,1,total,3.44064e+06,3.49525e+06,355
3,mutex_65536_same-core_paced_itch,1,total,3.49525e+06,3.60448e+06,1086
3,mutex_65536_same-core_paced_itch,1,total,3.60448e+06,3.7137e+06,647
3,mutex_65536_same-core_paced_itch,1,total,3.7137e+06,3.82293e+06,792
3,mutex_65536_same-core_paced_itch,1,total,3.82293e+06,3.93216e+06,1080
3,mutex_65536_same-core_paced_itch,1,total,3.93216e+06,4.04138e+06,96
3,mutex_65536_same-core_paced_itch,1,total,4.04138e+06,4.15061e+06,98
3,mutex_65536_same-core_paced_itch,1,total,4.15061e+06,4.25984e+06,405
3,mutex_65536_same-core_paced_itch,1,total,4.25984e+06,4.36906e+06,152
3,mutex_65536_same-core_paced_itch,1,total,4.36906e+06,4.47829e+06,91
3,mutex_65536_same-core_paced_itch,1,total,4.47829e+06,4.58752e+06,99
3,mutex_65536_same-core_paced_itch,1,total,4.58752e+06,4.69674e+06,128
3,mutex_65536_same-core_paced_itch,1,total,4.69674e+06,4.80597e+06,197
3,mutex_65536_same-core_paced_itch,1,total,4.80597e+06,4.9152e+06,174
3,mutex_65536_same-core_paced_itch,1,total,4.9152e+06,5.02442e+06,134
3,mutex_65536_same-core_paced_itch,1,total,5.02442e+06,5.13365e+06,259
3,mutex_65536_same-core_paced_itch,1,total,5.13365e+06,5.24288e+06,140
3,mutex_65536_same-core_paced_itch,1,total,5.24288e+06,5.3521e+06,152
3,mutex_65536_same-core_paced_itch,1,total,5.3521e+06,5.46133e+06,135
3,mutex_65536_same-core_paced_itch,1,total,5.46133e+06,5.57056e+06,187
3,mutex_65536_same-core_paced_itch,1,total,5.57056e+06,5.67978e+06,156
3,mutex_65536_same-core_paced_itch,1,total,5.67978e+06,5.78901e+06,102
3,mutex_65536_same-core_paced_itch,1,total,5.78901e+06,5.89824e+06,317
3,mutex_65536_same-core_paced_itch,1,total,5.89824e+06,6.00746e+06,127
3,mutex_65536_same-core_paced_itch,1,total,6.00746e+06,6.11669e+06,121
3,mutex_65536_same-core_paced_itch,1,total,6.11669e+06,6.22592e+06,153
3,mutex_65536_same-core_paced_itch,1,total,6.22592e+06,6.33514e+06,145
3,mutex_65536_same-core_paced_itch,1,total,6.33514e+06,6.44437e+06,421
3,mutex_65536_same-core_paced_itch,1,total,6.44437e+06,6.5536e+06,176
3,mutex_65536_same-core_paced_itch,1,total,6.5536e+06,6.66282e+06,131
3,mutex_65536_same-core_paced_itch,1,total,6.66282e+06,6.77205e+06,188
3,mutex_65536_same-core_paced_itch,1,total,6.77205e+06,6.88128e+06,158
3,mutex_65536_same-core_paced_itch,1,total,6.88128e+06,6.9905e+06,235
3,mutex_65536_same-core_paced_itch,1,total,6.9905e+06,7.20895e+06,295
3,mutex_65536_same-core_paced_itch,1,total,7.20895e+06,7.42741e+06,429
3,mutex_65536_same-core_paced_itch,1,total,7.42741e+06,7.64586e+06,1953
3,mutex_65536_same-core_paced_itch,1,total,7.64586e+06,7.86431e+06,949
3,mutex_65536_same-core_paced_itch,1,total,7.86431e+06,8.08277e+06,64
3,mutex_65536_same-core_paced_itch,1,queue,63.3333,65,1
3,mutex_65536_same-core_paced_itch,1,queue,68.3333,70,1
3,mutex_65536_same-core_paced_itch,1,queue,70,71.6666,1
3,mutex_65536_same-core_paced_itch,1,queue,71.6666,73.3333,1
3,mutex_65536_same-core_paced_itch,1,queue,73.3333,74.9999,7
3,mutex_65536_same-core_paced_itch,1,queue,74.9999,76.6666,3
3,mutex_65536_same-core_paced_itch,1,queue,76.6666,78.3333,6
3,mutex_65536_same-core_paced_itch,1,queue,78.3333,79.9999,7
3,mutex_65536_same-core_paced_itch,1,queue,79.9999,81.6666,5
3,mutex_65536_same-core_paced_itch,1,queue,81.6666,83.3333,11
3,mutex_65536_same-core_paced_itch,1,queue,83.3333,84.9999,17
3,mutex_65536_same-core_paced_itch,1,queue,84.9999,86.6666,5
3,mutex_65536_same-core_paced_itch,1,queue,86.6666,88.3333,19
3,mutex_65536_same-core_paced_itch,1,queue,88.3333,89.9999,13
3,mutex_65536_same-core_paced_itch,1,queue,89.9999,91.6666,28
3,mutex_65536_same-core_paced_itch,1,queue,91.6666,93.3333,19
3,mutex_65536_same-core_paced_itch,1,queue,93.3333,94.9999,26
3,mutex_65536_same-core_paced_itch,1,queue,94.9999,96.6666,24
3,mutex_65536_same-core_paced_itch,1,queue,96.6666,98.3333,44
3,mutex_65536_same-core_paced_itch,1,queue,98.3333,99.9999,30
3,mutex_65536_same-core_paced_itch,1,queue,99.9999,101.667,32
3,mutex_65536_same-core_paced_itch,1,queue,101.667,103.333,38
3,mutex_65536_same-core_paced_itch,1,queue,103.333,105,27
3,mutex_65536_same-core_paced_itch,1,queue,105,106.667,38
3,mutex_65536_same-core_paced_itch,1,queue,106.667,110,90
3,mutex_65536_same-core_paced_itch,1,queue,110,113.333,85
3,mutex_65536_same-core_paced_itch,1,queue,113.333,116.667,86
3,mutex_65536_same-core_paced_itch,1,queue,116.667,120,112
3,mutex_65536_same-core_paced_itch,1,queue,120,123.333,104
3,mutex_65536_same-core_paced_itch,1,queue,123.333,126.667,118
3,mutex_65536_same-core_paced_itch,1,queue,126.667,130,123
3,mutex_65536_same-core_paced_itch,1,queue,130,133.333,115
3,mutex_65536_same-core_paced_itch,1,queue,133.333,136.667,125
3,mutex_65536_same-core_paced_itch,1,queue,136.667,140,96
3,mutex_65536_same-core_paced_itch,1,queue,140,143.333,110
3,mutex_65536_same-core_paced_itch,1,queue,143.333,146.667,128
3,mutex_65536_same-core_paced_itch,1,queue,146.667,150,110
3,mutex_65536_same-core_paced_itch,1,queue,150,153.333,140
3,mutex_65536_same-core_paced_itch,1,queue,153.333,156.667,126
3,mutex_65536_same-core_paced_itch,1,queue,156.667,160,100
3,mutex_65536_same-core_paced_itch,1,queue,160,163.333,127
3,mutex_65536_same-core_paced_itch,1,queue,163.333,166.667,124
3,mutex_65536_same-core_paced_itch,1,queue,166.667,170,114
3,mutex_65536_same-core_paced_itch,1,queue,170,173.333,109
3,mutex_65536_same-core_paced_itch,1,queue,173.333,176.667,128
3,mutex_65536_same-core_paced_itch,1,queue,176.667,180,101
3,mutex_65536_same-core_paced_itch,1,queue,180,183.333,119
3,mutex_65536_same-core_paced_itch,1,queue,183.333,186.667,122
3,mutex_65536_same-core_paced_itch,1,queue,186.667,190,125
3,mutex_65536_same-core_paced_itch,1,queue,190,193.333,111
3,mutex_65536_same-core_paced_itch,1,queue,193.333,196.667,106
3,mutex_65536_same-core_paced_itch,1,queue,196.667,200,118
3,mutex_65536_same-core_paced_itch,1,queue,200,203.333,95
3,mutex_65536_same-core_paced_itch,1,queue,203.333,206.667,121
3,mutex_65536_same-core_paced_itch,1,queue,206.667,210,104
3,mutex_65536_same-core_paced_itch,1,queue,210,213.333,129
3,mutex_65536_same-core_paced_itch,1,queue,213.333,220,240
3,mutex_65536_same-core_paced_itch,1,queue,220,226.667,295
3,mutex_65536_same-core_paced_itch,1,queue,226.667,233.333,270
3,mutex_65536_same-core_paced_itch,1,queue,233.333,240,298
3,mutex_65536_same-core_paced_itch,1,queue,240,246.666,238
3,mutex_65536_same-core_paced_itch,1,queue,246.666,253.333,264
3,mutex_65536_same-core_paced_itch,1,queue,253.333,260,260
3,mutex_65536_same-core_paced_itch,1,queue,260,266.666,249
3,mutex_65536_same-core_paced_itch,1,queue,266.666,273.333,251
3,mutex_65536_same-core_paced_itch,1,queue,273.333,280,214
3,mutex_65536_same-core_paced_itch,1,queue,280,286.666,211
3,mutex_65536_same-core_paced_itch,1,queue,286.666,293.333,231
3,mutex_65536_same-core_paced_itch,1,queue,293.333,300,231
3,mutex_65536_same-core_paced_itch,1,queue,300,306.666,212
3,mutex_65536_same-core_paced_itch,1,queue,306.666,313.333,222
3,mutex_65536_same-core_paced_itch,1,queue,313.333,320,230
3,mutex_65536_same-core_paced_itch,1,queue,320,326.666,242
3,mutex_65536_same-core_paced_itch,1,queue,326.666,333.333,223
3,mutex_65536_same-core_paced_itch,1,queue,333.333,340,241
3,mutex_65536_same-core_paced_itch,1,queue,340,346.666,234
3,mutex_65536_same-core_paced_itch,1,queue,346.666,353.333,263
3,mutex_65536_same-core_paced_itch,1,queue,353.333,360,239
3,mutex_65536_same-core_paced_itch,1,queue,360,366.666,254
3,mutex_65536_same-core_paced_itch,1,queue,366.666,373.333,230
3,mutex_65536_same-core_paced_itch,1,queue,373.333,380,239
3,mutex_65536_same-core_paced_itch,1,queue,380,386.666,258
3,mutex_65536_same-core_paced_itch,1,queue,386.666,393.333,268
3,mutex_65536_same-core_paced_itch,1,queue,393.333,400,275
3,mutex_65536_same-core_paced_itch,1,queue,400,406.666,338
3,mutex_65536_same-core_paced_itch,1,queue,406.666,413.333,411
3,mutex_65536_same-core_paced_itch,1,queue,413.333,420,561
3,mutex_65536_same-core_paced_itch,1,queue,420,426.666,600
3,mutex_65536_same-core_paced_itch,1,queue,426.666,440,1200
3,mutex_65536_same-core_paced_itch,1,queue,440,453.333,957
3,mutex_65536_same-core_paced_itch,1,queue,453.333,466.666,844
3,mutex_65536_same-core_paced_itch,1,queue,466.666,480,770
3,mutex_65536_same-core_paced_itch,1,queue,480,493.333,660
3,mutex_65536_same-core_paced_itch,1,queue,493.333,506.666,573
3,mutex_65536_same-core_paced_itch,1,queue,506.666,520,564
3,mutex_65536_same-core_paced_itch,1,queue,520,533.333,525
3,mutex_65536_same-core_paced_itch,1,queue,533.333,546.666,549
3,mutex_65536_same-core_paced_itch,1,queue,546.666,560,541
3,mutex_65536_same-core_paced_itch,1,queue,560,573.333,502
3,mutex_65536_same-core_paced_itch,1,queue,573.333,586.666,526
3,mutex_65536_same-core_paced_itch,1,queue,586.666,600,530
3,mutex_65536_same-core_paced_itch,1,queue,600,613.333,489
3,mutex_65536_same-core_paced_itch,1,queue,613.333,626.666,546
3,mutex_65536_same-core_paced_itch,1,queue,626.666,640,525
3,mutex_65536_same-core_paced_itch,1,queue,640,653.333,550
3,mutex_65536_same-core_paced_itch,1,queue,653.333,666.666,523
3,mutex_65536_same-core_paced_itch,1,queue,666.666,680,539
3,mutex_65536_same-core_paced_itch,1,queue,680,693.333,491
3,mutex_65536_same-core_paced_itch,1,queue,693.333,706.666,502
3,mutex_65536_same-core_paced_itch,1,queue,706.666,719.999,528
3,mutex_65536_same-core_paced_itch,1,queue,719.999,733.333,527
3,mutex_65536_same-core_paced_itch,1,queue,733.333,746.666,543
3,mutex_65536_same-core_paced_itch,1,queue,746.666,759.999,506
3,mutex_65536_same-core_paced_itch,1,queue,759.999,773.333,496
3,mutex_65536_same-core_paced_itch,1,queue,773.333,786.666,467
3,mutex_65536_same-core_paced_itch,1,queue,786.666,799.999,513
3,mutex_65536_same-core_paced_itch,1,queue,799.999,813.333,464
3,mutex_65536_same-core_paced_itch,1,queue,813.333,826.666,468
3,mutex_65536_same-core_paced_itch,1,queue,826.666,839.999,471
3,mutex_65536_same-core_paced_itch,1,queue,839.999,853.333,451
3,mutex_65536_same-core_paced_itch,1,queue,853.333,879.999,913
3,mutex_65536_same-core_paced_itch,1,queue,879.999,906.666,938
3,mutex_65536_same-core_paced_itch,1,queue,906.666,933.333,869
3,mutex_65536_same-core_paced_itch,1,queue,933.333,959.999,925
3,mutex_65536_same-core_paced_itch,1,queue,959.999,986.666,916
3,mutex_65536_same-core_paced_itch,1,queue,986.666,1013.33,833
3,mutex_65536_same-core_paced_itch,1,queue,1013.33,1040,911
3,mutex_65536_same-core_paced_itch,1,queue,1040,1066.67,920
3,mutex_65536_same-core_paced_itch,1,queue,1066.67,1093.33,904
3,mutex_65536_same-core_paced_itch,1,queue,1093.33,1120,912
3,mutex_65536_same-core_paced_itch,1,queue,1120,1146.67,879
3,mutex_65536_same-core_paced_itch,1,queue,1146.67,1173.33,966
3,mutex_65536_same-core_paced_itch,1,queue,1173.33,1200,968
3,mutex_65536_same-core_paced_itch,1,queue,1200,1226.67,1025
3,mutex_65536_same-core_paced_itch,1,queue,1226.67,1253.33,915
3,mutex_65536_same-core_paced_itch,1,queue,1253.33,1280,989
3,mutex_65536_same-core_paced_itch,1,queue,1280,1306.67,965
3,mutex_65536_same-core_paced_itch,1,queue,1306.67,1333.33,1071
3,mutex_65536_same-core_paced_itch,1,queue,1333.33,1360,1243
3,mutex_65536_same-core_paced_itch,1,queue,1360,1386.67,2159
3,mutex_65536_same-core_paced_itch,1,queue,1386.67,1413.33,2940
3,mutex_65536_same-core_paced_itch,1,queue,1413.33,1440,2376
3,mutex_65536_same-core_paced_itch,1,queue,1440,1466.67,2001
3,mutex_65536_same-core_paced_itch,1,queue,1466.67,1493.33,1845
3,mutex_65536_same-core_paced_itch,1,queue,1493.33,1520,1877
3,mutex_65536_same-core_paced_itch,1,queue,1520,1546.67,1833
3,mutex_65536_same-core_paced_itch,1,queue,1546.67,1573.33,1710
3,mutex_65536_same-core_paced_itch,1,queue,1573.33,1600,1784
3,mutex_65536_same-core_paced_itch,1,queue,1600,1626.67,3488
3,mutex_65536_same-core_paced_itch,1,queue,1626.67,1653.33,11575
3,mutex_65536_same-core_paced_itch,1,queue,1653.33,1680,16073
3,mutex_65536_same-core_paced_itch,1,queue,1680,1706.67,15344
3,mutex_65536_same-core_paced_itch,1,queue,1706.67,1760,14496
3,mutex_65536_same-core_paced_itch,1,queue,1760,1813.33,9040
3,mutex_65536_same-core_paced_itch,1,queue,1813.33,1866.67,6145
3,mutex_65536_same-core_paced_itch,1,queue,1866.67,1920,4090
3,mutex_65536_same-core_paced_itch,1,queue,1920,1973.33,3214
3,mutex_65536_same-core_paced_itch,1,queue,1973.33,2026.67,2330
3,mutex_65536_same-core_paced_itch,1,queue,2026.67,2080,2217
3,mutex_65536_same-core_paced_itch,1,queue,2080,2133.33,1999
3,mutex_65536_same-core_paced_itch,1,queue,2133.33,2186.67,1910
3,mutex_65536_same-core_paced_itch,1,queue,2186.67,2240,1732
3,mutex_65536_same-core_paced_itch,1,queue,2240,2293.33,1629
3,mutex_65536_same-core_paced_itch,1,queue,2293.33,2346.66,1706
3,mutex_65536_same-core_paced_itch,1,queue,2346.66,2400,1666
3,mutex_65536_same-core_paced_itch,1,queue,2400,2453.33,1656
3,mutex_65536_same-core_paced_itch,1,queue,2453.33,2506.66,1642
3,mutex_65536_same-core_paced_itch,1,queue,2506.66,2560,1656
3,mutex_65536_same-core_paced_itch,1,queue,2560,2613.33,1690
3,mutex_65536_same-core_paced_itch,1,queue,2613.33,2666.66,1630
3,mutex_65536_same-core_paced_itch,1,queue,2666.66,2720,1714
3,mutex_65536_same-core_paced_itch,1,queue,2720,2773.33,1663
3,mutex_65536_same-core_paced_itch,1,queue,2773.33,2826.66,1525
3,mutex_65536_same-core_paced_itch,1,queue,2826.66,2880,1342
3,mutex_65536_same-core_paced_itch,1,queue,2880,2933.33,1033
3,mutex_65536_same-core_paced_itch,1,queue,2933.33,2986.66,800
3,mutex_65536_same-core_paced_itch,1,queue,2986.66,3040,802
3,mutex_65536_same-core_paced_itch,1,queue,3040,3093.33,754
3,mutex_65536_same-core_paced_itch,1,queue,3093.33,3146.66,662
3,mutex_65536_same-core_paced_itch,1,queue,3146.66,3200,728
3,mutex_65536_same-core_paced_itch,1,queue,3200,3253.33,698
3,mutex_65536_same-core_paced_itch,1,queue,3253.33,3306.66,658
3,mutex_65536_same-core_paced_itch,1,queue,3306.66,3360,657
3,mutex_65536_same-core_paced_itch,1,queue,3360,3413.33,765
3,mutex_65536_same-core_paced_itch,1,queue,3413.33,3520,1508
3,mutex_65536_same-core_paced_itch,1,queue,3520,3626.66,1370
3,mutex_65536_same-core_paced_itch,1,queue,3626.66,3733.33,1719
3,mutex_65536_same-core_paced_itch,1,queue,3733.33,3840,1339
3,mutex_65536_same-core_paced_itch,1,queue,3840,3946.66,1061
3,mutex_65536_same-core_paced_itch,1,queue,3946.66,4053.33,992
3,mutex_65536_same-core_paced_itch,1,queue,4053.33,4160,894
3,mutex_65536_same-core_paced_itch,1,queue,4160,4266.66,875
3,mutex_65536_same-core_paced_itch,1,queue,4266.66,4373.33,883
3,mutex_65536_same-core_paced_itch,1,queue,4373.33,4480,807
3,mutex_65536_same-core_paced_itch,1,queue,4480,4586.66,770
3,mutex_65536_same-core_paced_itch,1,queue,4586.66,4693.33,664
3,mutex_65536_same-core_paced_itch,1,queue,4693.33,4800,678
3,mutex_65536_same-core_paced_itch,1,queue,4800,4906.66,610
3,mutex_65536_same-core_paced_itch,1,queue,4906.66,5013.33,654
3,mutex_65536_same-core_paced_itch,1,queue,5013.33,5120,585
3,mutex_65536_same-core_paced_itch,1,queue,5120,5226.66,570
3,mutex_65536_same-core_paced_itch,1,queue,5226.66,5333.33,513
3,mutex_65536_same-core_paced_itch,1,queue,5333.33,5440,520
3,mutex_65536_same-core_paced_itch,1,queue,5440,5546.66,521
3,mutex_65536_same-core_paced_itch,1,queue,5546.66,5653.33,483
3,mutex_65536_same-core_paced_itch,1,queue,5653.33,5760,480
3,mutex_65536_same-core_paced_itch,1,queue,5760,5866.66,427
3,mutex_65536_same-core_paced_itch,1,queue,5866.66,5973.33,455
3,mutex_65536_same-core_paced_itch,1,queue,5973.33,6080,436
3,mutex_65536_same-core_paced_itch,1,queue,6080,6186.66,404
3,mutex_65536_same-core_paced_itch,1,queue,6186.66,6293.33,392
3,mutex_65536_same-core_paced_itch,1,queue,6293.33,6400,396
3,mutex_65536_same-core_paced_itch,1,queue,6400,6506.66,358
3,mutex_65536_same-core_paced_itch,1,queue,6506.66,6613.33,363
3,mutex_65536_same-core_paced_itch,1,queue,6613.33,6720,348
3,mutex_65536_same-core_paced_itch,1,queue,6720,6826.66,337
3,mutex_65536_same-core_paced_itch,1,queue,6826.66,7039.99,645
3,mutex_65536_same-core_paced_itch,1,queue,7039.99,7253.33,580
3,mutex_65536_same-core_paced_itch,1,queue,7253.33,7466.66,613
3,mutex_65536_same-core_paced_itch,1,queue,7466.66,7679.99,540
3,mutex_65536_same-core_paced_itch,1,queue,7679.99,7893.33,518
3,mutex_65536_same-core_paced_itch,1,queue,7893.33,8106.66,507
3,mutex_65536_same-core_paced_itch,1,queue,8106.66,8319.99,502
3,mutex_65536_same-core_paced_itch,1,queue,8319.99,8533.33,474
3,mutex_65536_same-core_paced_itch,1,queue,8533.33,8746.66,461
3,mutex_65536_same-core_paced_itch,1,queue,8746.66,8959.99,405
3,mutex_65536_same-core_paced_itch,1,queue,8959.99,9173.33,393
3,mutex_65536_same-core_paced_itch,1,queue,9173.33,9386.66,374
3,mutex_65536_same-core_paced_itch,1,queue,9386.66,9599.99,387
3,mutex_65536_same-core_paced_itch,1,queue,9599.99,9813.33,369
3,mutex_65536_same-core_paced_itch,1,queue,9813.33,10026.7,320
3,mutex_65536_same-core_paced_itch,1,queue,10026.7,10240,368
3,mutex_65536_same-core_paced_itch,1,queue,10240,10453.3,312
3,mutex_65536_same-core_paced_itch,1,queue,10453.3,10666.7,336
3,mutex_65536_same-core_paced_itch,1,queue,10666.7,10880,309
3,mutex_65536_same-core_paced_itch,1,queue,10880,11093.3,263
3,mutex_65536_same-core_paced_itch,1,queue,11093.3,11306.7,296
3,mutex_65536_same-core_paced_itch,1,queue,11306.7,11520,255
3,mutex_65536_same-core_paced_itch,1,queue,11520,11733.3,250
3,mutex_65536_same-core_paced_itch,1,queue,11733.3,11946.7,250
3,mutex_65536_same-core_paced_itch,1,queue,11946.7,12160,287
3,mutex_65536_same-core_paced_itch,1,queue,12160,12373.3,227
3,mutex_65536_same-core_paced_itch,1,queue,12373.3,12586.7,264
3,mutex_65536_same-core_paced_itch,1,queue,12586.7,12800,264
3,mutex_65536_same-core_paced_itch,1,queue,12800,13013.3,231
3,mutex_65536_same-core_paced_itch,1,queue,13013.3,13226.7,221
3,mutex_65536_same-core_paced_itch,1,queue,13226.7,13440,240
3,mutex_65536_same-core_paced_itch,1,queue,13440,13653.3,221
3,mutex_65536_same-core_paced_itch,1,queue,13653.3,14080,444
3,mutex_65536_same-core_paced_itch,1,queue,14080,14506.7,414
3,mutex_65536_same-core_paced_itch,1,queue,14506.7,14933.3,378
3,mutex_65536_same-core_paced_itch,1,queue,14933.3,15360,408
3,mutex_65536_same-core_paced_itch,1,queue,15360,15786.7,341
3,mutex_65536_same-core_paced_itch,1,queue,15786.7,16213.3,322
3,mutex_65536_same-core_paced_itch,1,queue,16213.3,16640,302
3,mutex_65536_same-core_paced_itch,1,queue,16640,17066.7,256
3,mutex_65536_same-core_paced_itch,1,queue,17066.7,17493.3,245
3,mutex_65536_same-core_paced_itch,1,queue,17493.3,17920,177
3,mutex_65536_same-core_paced_itch,1,queue,17920,18346.7,176
3,mutex_65536_same-core_paced_itch,1,queue,18346.7,18773.3,117
3,mutex_65536_same-core_paced_itch,1,queue,18773.3,19200,89
3,mutex_65536_same-core_paced_itch,1,queue,19200,19626.7,67
3,mutex_65536_same-core_paced_itch,1,queue,19626.7,20053.3,52
3,mutex_65536_same-core_paced_itch,1,queue,20053.3,20480,40
3,mutex_65536_same-core_paced_itch,1,queue,20480,20906.7,45
3,mutex_65536_same-core_paced_itch,1,queue,20906.7,21333.3,35
3,mutex_65536_same-core_paced_itch,1,queue,21333.3,21760,24
3,mutex_65536_same-core_paced_itch,1,queue,21760,22186.7,21
3,mutex_65536_same-core_paced_itch,1,queue,22186.7,22613.3,28
3,mutex_65536_same-core_paced_itch,1,queue,22613.3,23040,31
3,mutex_65536_same-core_paced_itch,1,queue,23040,23466.6,22
3,mutex_65536_same-core_paced_itch,1,queue,23466.6,23893.3,21
3,mutex_65536_same-core_paced_itch,1,queue,23893.3,24320,23
3,mutex_65536_same-core_paced_itch,1,queue,24320,24746.6,21
3,mutex_65536_same-core_paced_itch,1,queue,24746.6,25173.3,13
3,mutex_65536_same-core_paced_itch,1,queue,25173.3,25600,17
3,mutex_65536_same-core_paced_itch,1,queue,25600,26026.6,14
3,mutex_65536_same-core_paced_itch,1,queue,26026.6,26453.3,17
3,mutex_65536_same-core_paced_itch,1,queue,26453.3,26880,13
3,mutex_65536_same-core_paced_itch,1,queue,26880,27306.6,11
3,mutex_65536_same-core_paced_itch,1,queue,27306.6,28160,15
3,mutex_65536_same-core_paced_itch,1,queue,28160,29013.3,13
3,mutex_65536_same-core_paced_itch,1,queue,29013.3,29866.6,13
3,mutex_65536_same-core_paced_itch,1,queue,29866.6,30720,19
3,mutex_65536_same-core_paced_itch,1,queue,30720,31573.3,13
3,mutex_65536_same-core_paced_itch,1,queue,31573.3,32426.6,10
3,mutex_65536_same-core_paced_itch,1,queue,32426.6,33280,7
3,mutex_65536_same-core_paced_itch,1,queue,33280,34133.3,7
3,mutex_65536_same-core_paced_itch,1,queue,34133.3,34986.6,13
3,mutex_65536_same-core_paced_itch,1,queue,34986.6,35840,7
3,mutex_65536_same-core_paced_itch,1,queue,35840,36693.3,6
3,mutex_65536_same-core_paced_itch,1,queue,36693.3,37546.6,10
3,mutex_65536_same-core_paced_itch,1,queue,37546.6,38400,9
3,mutex_65536_same-core_paced_itch,1,queue,38400,39253.3,7
3,mutex_65536_same-core_paced_itch,1,queue,39253.3,40106.6,4
3,mutex_65536_same-core_paced_itch,1,queue,40106.6,40960,4
3,mutex_65536_same-core_paced_itch,1,queue,40960,41813.3,9
3,mutex_65536_same-core_paced_itch,1,queue,41813.3,42666.6,6
3,mutex_65536_same-core_paced_itch,1,queue,42666.6,43520,14
3,mutex_65536_same-core_paced_itch,1,queue,43520,44373.3,7
3,mutex_65536_same-core_paced_itch,1,queue,44373.3,45226.6,7
3,mutex_65536_same-core_paced_itch,1,queue,45226.6,46080,12
3,mutex_65536_same-core_paced_itch,1,queue,46080,46933.3,8
3,mutex_65536_same-core_paced_itch,1,queue,46933.3,47786.6,5
3,mutex_65536_same-core_paced_itch,1,queue,47786.6,48640,10
3,mutex_65536_same-core_paced_itch,1,queue,48640,49493.3,7
3,mutex_65536_same-core_paced_itch,1,queue,49493.3,50346.6,13
3,mutex_65536_same-core_paced_itch,1,queue,50346.6,51200,17
3,mutex_65536_same-core_paced_itch,1,queue,51200,52053.3,7
3,mutex_65536_same-core_paced_itch,1,queue,52053.3,52906.6,13
3,mutex_65536_same-core_paced_itch,1,queue,52906.6,53760,13
3,mutex_65536_same-core_paced_itch,1,queue,53760,54613.3,3
3,mutex_65536_same-core_paced_itch,1,queue,54613.3,56320,21
3,mutex_65536_same-core_paced_itch,1,queue,56320,58026.6,33
3,mutex_65536_same-core_paced_itch,1,queue,58026.6,59733.3,12
3,mutex_65536_same-core_paced_itch,1,queue,59733.3,61440,10
3,mutex_65536_same-core_paced_itch,1,queue,61440,63146.6,20
3,mutex_65536_same-core_paced_itch,1,queue,63146.6,64853.3,18
3,mutex_65536_same-core_paced_itch,1,queue,64853.3,66560,24
3,mutex_65536_same-core_paced_itch,1,queue,66560,68266.6,12
3,mutex_65536_same-core_paced_itch,1,queue,68266.6,69973.3,20
3,mutex_65536_same-core_paced_itch,1,queue,69973.3,71679.9,28
3,mutex_65536_same-core_paced_itch,1,queue,71679.9,73386.6,13
3,mutex_65536_same-core_paced_itch,1,queue,73386.6,75093.3,17
3,mutex_65536_same-core_paced_itch,1,queue,75093.3,76799.9,15
3,mutex_65536_same-core_paced_itch,1,queue,76799.9,78506.6,19
3,mutex_65536_same-core_paced_itch,1,queue,78506.6,80213.3,15
3,mutex_65536_same-core_paced_itch,1,queue,80213.3,81919.9,25
3,mutex_65536_same-core_paced_itch,1,queue,81919.9,83626.6,18
3,mutex_65536_same-core_paced_itch,1,queue,83626.6,85333.3,19
3,mutex_65536_same-core_paced_itch,1,queue,85333.3,87039.9,19
3,mutex_65536_same-core_paced_itch,1,queue,87039.9,88746.6,17
3,mutex_65536_same-core_paced_itch,1,queue,88746.6,90453.3,23
3,mutex_65536_same-core_paced_itch,1,queue,90453.3,92159.9,23
3,mutex_65536_same-core_paced_itch,1,queue,92159.9,93866.6,17
3,mutex_65536_same-core_paced_itch,1,queue,93866.6,95573.3,12
3,mutex_65536_same-core_paced_itch,1,queue,95573.3,97279.9,16
3,mutex_65536_same-core_paced_itch,1,queue,97279.9,98986.6,19
3,mutex_65536_same-core_paced_itch,1,queue,98986.6,100693,30
3,mutex_65536_same-core_paced_itch,1,queue,100693,102400,24
3,mutex_65536_same-core_paced_itch,1,queue,102400,104107,11
3,mutex_65536_same-core_paced_itch,1,queue,104107,105813,15
3,mutex_65536_same-core_paced_itch,1,queue,105813,107520,18
3,mutex_65536_same-core_paced_itch,1,queue,107520,109227,13
3,mutex_65536_same-core_paced_itch,1,queue,109227,112640,35
3,mutex_65536_same-core_paced_itch,1,queue,112640,116053,44
3,mutex_65536_same-core_paced_itch,1,queue,116053,119467,21
3,mutex_65536_same-core_paced_itch,1,queue,119467,122880,14
3,mutex_65536_same-core_paced_itch,1,queue,122880,126293,14
3,mutex_65536_same-core_paced_itch,1,queue,126293,129707,35
3,mutex_65536_same-core_paced_itch,1,queue,129707,133120,26
3,mutex_65536_same-core_paced_itch,1,queue,133120,136533,11
3,mutex_65536_same-core_paced_itch,1,queue,136533,139947,21
3,mutex_65536_same-core_paced_itch,1,queue,139947,143360,24
3,mutex_65536_same-core_paced_itch,1,queue,143360,146773,14
3,mutex_65536_same-core_paced_itch,1,queue,146773,150187,22
3,mutex_65536_same-core_paced_itch,1,queue,150187,153600,20
3,mutex_65536_same-core_paced_itch,1,queue,153600,157013,11
3,mutex_65536_same-core_paced_itch,1,queue,157013,160427,5
3,mutex_65536_same-core_paced_itch,1,queue,160427,163840,12
3,mutex_65536_same-core_paced_itch,1,queue,163840,167253,11
3,mutex_65536_same-core_paced_itch,1,queue,167253,170667,24
3,mutex_65536_same-core_paced_itch,1,queue,170667,174080,26
3,mutex_65536_same-core_paced_itch,1,queue,174080,177493,16
3,mutex_65536_same-core_paced_itch,1,queue,177493,180907,22
3,mutex_65536_same-core_paced_itch,1,queue,180907,184320,12
3,mutex_65536_same-core_paced_itch,1,queue,184320,187733,30
3,mutex_65536_same-core_paced_itch,1,queue,187733,191147,50
3,mutex_65536_same-core_paced_itch,1,queue,191147,194560,22
3,mutex_65536_same-core_paced_itch,1,queue,194560,197973,24
3,mutex_65536_same-core_paced_itch,1,queue,197973,201387,27
3,mutex_65536_same-core_paced_itch,1,queue,201387,204800,15
3,mutex_65536_same-core_paced_itch,1,queue,204800,208213,27
3,mutex_65536_same-core_paced_itch,1,queue,208213,211627,27
3,mutex_65536_same-core_paced_itch,1,queue,211627,215040,34
3,mutex_65536_same-core_paced_itch,1,queue,215040,218453,11
3,mutex_65536_same-core_paced_itch,1,queue,218453,225280,38
3,mutex_65536_same-core_paced_itch,1,queue,225280,232107,27
3,mutex_65536_same-core_paced_itch,1,queue,232107,238933,34
3,mutex_65536_same-core_paced_itch,1,queue,238933,245760,32
3,mutex_65536_same-core_paced_itch,1,queue,245760,252586,15
3,mutex_65536_same-core_paced_itch,1,queue,252586,259413,6
3,mutex_65536_same-core_paced_itch,1,queue,259413,266240,11
3,mutex_65536_same-core_paced_itch,1,queue,266240,273066,10
3,mutex_65536_same-core_paced_itch,1,queue,273066,279893,16
3,mutex_65536_same-core_paced_itch,1,queue,279893,286720,22
3,mutex_65536_same-core_paced_itch,1,queue,286720,293546,9
3,mutex_65536_same-core_paced_itch,1,queue,293546,300373,11
3,mutex_65536_same-core_paced_itch,1,queue,300373,307200,17
3,mutex_65536_same-core_paced_itch,1,queue,307200,314026,16
3,mutex_65536_same-core_paced_itch,1,queue,314026,320853,21
3,mutex_65536_same-core_paced_itch,1,queue,320853,327680,30
3,mutex_65536_same-core_paced_itch,1,queue,327680,334506,11
3,mutex_65536_same-core_paced_itch,1,queue,334506,341333,4
3,mutex_65536_same-core_paced_itch,1,queue,341333,348160,1
3,mutex_65536_same-core_paced_itch,1,queue,348160,354986,7
3,mutex_65536_same-core_paced_itch,1,queue,354986,361813,6
3,mutex_65536_same-core_paced_itch,1,queue,361813,368640,3
3,mutex_65536_same-core_paced_itch,1,queue,368640,375466,6
3,mutex_65536_same-core_paced_itch,1,queue,375466,382293,2
3,mutex_65536_same-core_paced_itch,1,queue,382293,389120,5
3,mutex_65536_same-core_paced_itch,1,queue,389120,395946,9
3,mutex_65536_same-core_paced_itch,1,queue,395946,402773,7
3,mutex_65536_same-core_paced_itch,1,queue,402773,409600,4
3,mutex_65536_same-core_paced_itch,1,queue,409600,416426,4
3,mutex_65536_same-core_paced_itch,1,queue,416426,423253,8
3,mutex_65536_same-core_paced_itch,1,queue,423253,430080,2
3,mutex_65536_same-core_paced_itch,1,queue,430080,436906,5
3,mutex_65536_same-core_paced_itch,1,queue,436906,450560,18
3,mutex_65536_same-core_paced_itch,1,queue,450560,464213,6
3,mutex_65536_same-core_paced_itch,1,queue,464213,477866,6
3,mutex_65536_same-core_paced_itch,1,queue,477866,491520,10
3,mutex_65536_same-core_paced_itch,1,queue,491520,505173,15
3,mutex_65536_same-core_paced_itch,1,queue,505173,518826,7
3,mutex_65536_same-core_paced_itch,1,queue,518826,532480,11
3,mutex_65536_same-core_paced_itch,1,queue,532480,546133,9
3,mutex_65536_same-core_paced_itch,1,queue,546133,559786,4
3,mutex_65536_same-core_paced_itch,1,queue,559786,573440,5
3,mutex_65536_same-core_paced_itch,1,queue,573440,587093,14
3,mutex_65536_same-core_paced_itch,1,queue,587093,600746,11
3,mutex_65536_same-core_paced_itch,1,queue,600746,614400,16
3,mutex_65536_same-core_paced_itch,1,queue,614400,628053,5
3,mutex_65536_same-core_paced_itch,1,queue,628053,641706,8
3,mutex_65536_same-core_paced_itch,1,queue,641706,655360,13
3,mutex_65536_same-core_paced_itch,1,queue,655360,669013,25
3,mutex_65536_same-core_paced_itch,1,queue,669013,682666,12
3,mutex_65536_same-core_paced_itch,1,queue,682666,696320,9
3,mutex_65536_same-core_paced_itch,1,queue,696320,709973,4
3,mutex_65536_same-core_paced_itch,1,queue,709973,723626,8
3,mutex_65536_same-core_paced_itch,1,queue,723626,737279,6
3,mutex_65536_same-core_paced_itch,1,queue,737279,750933,6
3,mutex_65536_same-core_paced_itch,1,queue,750933,764586,8
3,mutex_65536_same-core_paced_itch,1,queue,764586,778239,7
3,mutex_65536_same-core_paced_itch,1,queue,778239,791893,6
3,mutex_65536_same-core_paced_itch,1,queue,791893,805546,11
3,mutex_65536_same-core_paced_itch,1,queue,805546,819199,12
3,mutex_65536_same-core_paced_itch,1,queue,819199,832853,7
3,mutex_65536_same-core_paced_itch,1,queue,832853,846506,8
3,mutex_65536_same-core_paced_itch,1,queue,846506,860159,7
3,mutex_65536_same-core_paced_itch,1,queue,860159,873813,8
3,mutex_65536_same-core_paced_itch,1,queue,873813,901119,22
3,mutex_65536_same-core_paced_itch,1,queue,901119,928426,14
3,mutex_65536_same-core_paced_itch,1,queue,928426,955733,6
3,mutex_65536_same-core_paced_itch,1,queue,955733,983039,16
3,mutex_65536_same-core_paced_itch,1,queue,983039,1.01035e+06,18
3,mutex_65536_same-core_paced_itch,1,queue,1.01035e+06,1.03765e+06,17
3,mutex_65536_same-core_paced_itch,1,queue,1.03765e+06,1.06496e+06,11
3,mutex_65536_same-core_paced_itch,1,queue,1.06496e+06,1.09227e+06,8
3,mutex_65536_same-core_paced_itch,1,queue,1.09227e+06,1.11957e+06,19
3,mutex_65536_same-core_paced_itch,1,queue,1.11957e+06,1.14688e+06,9
3,mutex_65536_same-core_paced_itch,1,queue,1.14688e+06,1.17419e+06,20
3,mutex_65536_same-core_paced_itch,1,queue,1.17419e+06,1.20149e+06,12
3,mutex_65536_same-core_paced_itch,1,queue,1.20149e+06,1.2288e+06,17
3,mutex_65536_same-core_paced_itch,1,queue,1.2288e+06,1.25611e+06,12
3,mutex_65536_same-core_paced_itch,1,queue,1.25611e+06,1.28341e+06,18
3,mutex_65536_same-core_paced_itch,1,queue,1.28341e+06,1.31072e+06,26
3,mutex_65536_same-core_paced_itch,1,queue,1.31072e+06,1.33803e+06,63
3,mutex_65536_same-core_paced_itch,1,queue,1.33803e+06,1.36533e+06,157
3,mutex_65536_same-core_paced_itch,1,queue,1.36533e+06,1.39264e+06,225
3,mutex_65536_same-core_paced_itch,1,queue,1.39264e+06,1.41995e+06,301
3,mutex_65536_same-core_paced_itch,1,queue,1.41995e+06,1.44725e+06,161
3,mutex_65536_same-core_paced_itch,1,queue,1.44725e+06,1.47456e+06,90
3,mutex_65536_same-core_paced_itch,1,queue,1.47456e+06,1.50187e+06,56
3,mutex_65536_same-core_paced_itch,1,queue,1.50187e+06,1.52917e+06,84
3,mutex_65536_same-core_paced_itch,1,queue,1.52917e+06,1.55648e+06,98
3,mutex_65536_same-core_paced_itch,1,queue,1.55648e+06,1.58379e+06,260
3,mutex_65536_same-core_paced_itch,1,queue,1.58379e+06,1.61109e+06,200
3,mutex_65536_same-core_paced_itch,1,queue,1.61109e+06,1.6384e+06,110
3,mutex_65536_same-core_paced_itch,1,queue,1.6384e+06,1.66571e+06,86
3,mutex_65536_same-core_paced_itch,1,queue,1.66571e+06,1.69301e+06,101
3,mutex_65536_same-core_paced_itch,1,queue,1.69301e+06,1.72032e+06,68
3,mutex_65536_same-core_paced_itch,1,queue,1.72032e+06,1.74763e+06,128
3,mutex_65536_same-core_paced_itch,1,queue,1.74763e+06,1.80224e+06,317
3,mutex_65536_same-core_paced_itch,1,queue,1.80224e+06,1.85685e+06,392
3,mutex_65536_same-core_paced_itch,1,queue,1.85685e+06,1.91147e+06,654
3,mutex_65536_same-core_paced_itch,1,queue,1.91147e+06,1.96608e+06,431
3,mutex_65536_same-core_paced_itch,1,queue,1.96608e+06,2.02069e+06,148
3,mutex_65536_same-core_paced_itch,1,queue,2.02069e+06,2.07531e+06,599
3,mutex_65536_same-core_paced_itch,1,queue,2.07531e+06,2.12992e+06,1730
3,mutex_65536_same-core_paced_itch,1,queue,2.12992e+06,2.18453e+06,674
3,mutex_65536_same-core_paced_itch,1,queue,2.18453e+06,2.23915e+06,522
3,mutex_65536_same-core_paced_itch,1,queue,2.23915e+06,2.29376e+06,512
3,mutex_65536_same-core_paced_itch,1,queue,2.29376e+06,2.34837e+06,895
3,mutex_65536_same-core_paced_itch,1,queue,2.34837e+06,2.40298e+06,871
3,mutex_65536_same-core_paced_itch,1,queue,2.40298e+06,2.4576e+06,730
3,mutex_65536_same-core_paced_itch,1,queue,2.4576e+06,2.51221e+06,812
3,mutex_65536_same-core_paced_itch,1,queue,2.51221e+06,2.56682e+06,680
3,mutex_65536_same-core_paced_itch,1,queue,2.56682e+06,2.62144e+06,209
3,mutex_65536_same-core_paced_itch,1,queue,2.62144e+06,2.67605e+06,209
3,mutex_65536_same-core_paced_itch,1,queue,2.67605e+06,2.73066e+06,304
3,mutex_65536_same-core_paced_itch,1,queue,2.73066e+06,2.78528e+06,374
3,mutex_65536_same-core_paced_itch,1,queue,2.78528e+06,2.83989e+06,315
3,mutex_65536_same-core_paced_itch,1,queue,2.83989e+06,2.8945e+06,285
3,mutex_65536_same-core_paced_itch,1,queue,2.8945e+06,2.94912e+06,208
3,mutex_65536_same-core_paced_itch,1,queue,2.94912e+06,3.00373e+06,206
3,mutex_65536_same-core_paced_itch,1,queue,3.00373e+06,3.05834e+06,414
3,mutex_65536_same-core_paced_itch,1,queue,3.05834e+06,3.11296e+06,498
3,mutex_65536_same-core_paced_itch,1,queue,3.11296e+06,3.16757e+06,716
3,mutex_65536_same-core_paced_itch,1,queue,3.16757e+06,3.22218e+06,512
3,mutex_65536_same-core_paced_itch,1,queue,3.22218e+06,3.2768e+06,696
3,mutex_65536_same-core_paced_itch,1,queue,3.2768e+06,3.33141e+06,524
3,mutex_65536_same-core_paced_itch,1,queue,3.33141e+06,3.38602e+06,818
3,mutex_65536_same-core_paced_itch,1,queue,3.38602e+06,3.44064e+06,780
3,mutex_65536_same-core_paced_itch,1,queue,3.44064e+06,3.49525e+06,356
3,mutex_65536_same-core_paced_itch,1,queue,3.49525e+06,3.60448e+06,1088
3,mutex_65536_same-core_paced_itch,1,queue,3.60448e+06,3.7137e+06,644
3,mutex_65536_same-core_paced_itch,1,queue,3.7137e+06,3.82293e+06,793
3,mutex_65536_same-core_paced_itch,1,queue,3.82293e+06,3.93216e+06,1078
3,mutex_65536_same-core_paced_itch,1,queue,3.93216e+06,4.04138e+06,96
3,mutex_65536_same-core_paced_itch,1,queue,4.04138e+06,4.15061e+06,98
3,mutex_65536_same-core_paced_itch,1,queue,4.15061e+06,4.25984e+06,407
3,mutex_65536_same-core_paced_itch,1,queue,4.25984e+06,4.36906e+06,150
3,mutex_65536_same-core_paced_itch,1,queue,4.36906e+06,4.47829e+06,91
3,mutex_65536_same-core_paced_itch,1,queue,4.47829e+06,4.58752e+06,99
3,mutex_65536_same-core_paced_itch,1,queue,4.58752e+06,4.69674e+06,128
3,mutex_65536_same-core_paced_itch,1,queue,4.69674e+06,4.80597e+06,197
3,mutex_65536_same-core_paced_itch,1,queue,4.80597e+06,4.9152e+06,174
3,mutex_65536_same-core_paced_itch,1,queue,4.9152e+06,5.02442e+06,134
3,mutex_65536_same-core_paced_itch,1,queue,5.02442e+06,5.13365e+06,260
3,mutex_65536_same-core_paced_itch,1,queue,5.13365e+06,5.24288e+06,140
3,mutex_65536_same-core_paced_itch,1,queue,5.24288e+06,5.3521e+06,152
3,mutex_65536_same-core_paced_itch,1,queue,5.3521e+06,5.46133e+06,134
3,mutex_65536_same-core_paced_itch,1,queue,5.46133e+06,5.57056e+06,187
3,mutex_65536_same-core_paced_itch,1,queue,5.57056e+06,5.67978e+06,156
3,mutex_65536_same-core_paced_itch,1,queue,5.67978e+06,5.78901e+06,102
3,mutex_65536_same-core_paced_itch,1,queue,5.78901e+06,5.89824e+06,317
3,mutex_65536_same-core_paced_itch,1,queue,5.89824e+06,6.00746e+06,127
3,mutex_65536_same-core_paced_itch,1,queue,6.00746e+06,6.11669e+06,121
3,mutex_65536_same-core_paced_itch,1,queue,6.11669e+06,6.22592e+06,153
3,mutex_65536_same-core_paced_itch,1,queue,6.22592e+06,6.33514e+06,146
3,mutex_65536_same-core_paced_itch,1,queue,6.33514e+06,6.44437e+06,420
3,mutex_65536_same-core_paced_itch,1,queue,6.44437e+06,6.5536e+06,177
3,mutex_65536_same-core_paced_itch,1,queue,6.5536e+06,6.66282e+06,130
3,mutex_65536_same-core_paced_itch,1,queue,6.66282e+06,6.77205e+06,188
3,mutex_65536_same-core_paced_itch,1,queue,6.77205e+06,6.88128e+06,158
3,mutex_65536_same-core_paced_itch,1,queue,6.88128e+06,6.9905e+06,235
3,mutex_65536_same-core_paced_itch,1,queue,6.9905e+06,7.20895e+06,295
3,mutex_65536_same-core_paced_itch,1,queue,7.20895e+06,7.42741e+06,429
3,mutex_65536_same-core_paced_itch,1,queue,7.42741e+06,7.64586e+06,1953
3,mutex_65536_same-core_paced_itch,1,queue,7.64586e+06,7.86431e+06,949
3,mutex_65536_same-core_paced_itch,1,queue,7.86431e+06,8.08277e+06,64
3,mutex_65536_same-core_paced_itch,1,book,6.66666,7.08333,1
3,mutex_65536_same-core_paced_itch,1,book,7.49999,7.91666,6
3,mutex_65536_same-core_paced_itch,1,book,8.33333,8.74999,18
3,mutex_65536_same-core_paced_itch,1,book,9.16666,9.58333,40
3,mutex_65536_same-core_paced_itch,1,book,9.99999,10.4167,129
3,mutex_65536_same-core_paced_itch,1,book,10.8333,11.25,131
3,mutex_65536_same-core_paced_itch,1,book,11.6667,12.0833,166
3,mutex_65536_same-core_paced_itch,1,book,12.5,12.9167,155
3,mutex_65536_same-core_paced_itch,1,book,13.3333,13.75,160
3,mutex_65536_same-core_paced_itch,1,book,14.1667,14.5833,204
3,mutex_65536_same-core_paced_itch,1,book,15,15.4167,219
3,mutex_65536_same-core_paced_itch,1,book,15.8333,16.25,334
3,mutex_65536_same-core_paced_itch,1,book,16.6667,17.0833,360
3,mutex_65536_same-core_paced_itch,1,book,17.5,17.9167,507
3,mutex_65536_same-core_paced_itch,1,book,18.3333,18.75,749
3,mutex_65536_same-core_paced_itch,1,book,19.1667,19.5833,844
3,mutex_65536_same-core_paced_itch,1,book,20,20.4167,881
3,mutex_65536_same-core_paced_itch,1,book,20.8333,21.25,652
3,mutex_65536_same-core_paced_itch,1,book,21.6667,22.0833,573
3,mutex_65536_same-core_paced_itch,1,book,22.5,22.9167,600
3,mutex_65536_same-core_paced_itch,1,book,23.3333,23.75,600
3,mutex_65536_same-core_paced_itch,1,book,24.1666,24.5833,628
3,mutex_65536_same-core_paced_itch,1,book,25,25.4166,647
3,mutex_65536_same-core_paced_itch,1,book,25.8333,26.25,649
3,mutex_65536_same-core_paced_itch,1,book,26.6666,27.5,500
3,mutex_65536_same-core_paced_itch,1,book,27.5,28.3333,421
3,mutex_65536_same-core_paced_itch,1,book,28.3333,29.1666,469
3,mutex_65536_same-core_paced_itch,1,book,29.1666,30,399
3,mutex_65536_same-core_paced_itch,1,book,30,30.8333,419
3,mutex_65536_same-core_paced_itch,1,book,30.8333,31.6666,332
3,mutex_65536_same-core_paced_itch,1,book,31.6666,32.5,332
3,mutex_65536_same-core_paced_itch,1,book,32.5,33.3333,280
3,mutex_65536_same-core_paced_itch,1,book,33.3333,34.1666,351
3,mutex_65536_same-core_paced_itch,1,book,34.1666,35,338
3,mutex_65536_same-core_paced_itch,1,book,35,35.8333,312
3,mutex_65536_same-core_paced_itch,1,book,35.8333,36.6666,363
3,mutex_65536_same-core_paced_itch,1,book,36.6666,37.5,352
3,mutex_65536_same-core_paced_itch,1,book,37.5,38.3333,410
3,mutex_65536_same-core_paced_itch,1,book,38.3333,39.1666,421
3,mutex_65536_same-core_paced_itch,1,book,39.1666,40,435
3,mutex_65536_same-core_paced_itch,1,book,40,40.8333,514
3,mutex_65536_same-core_paced_itch,1,book,40.8333,41.6666,524
3,mutex_65536_same-core_paced_itch,1,book,41.6666,42.5,579
3,mutex_65536_same-core_paced_itch,1,book,42.5,43.3333,624
3,mutex_65536_same-core_paced_itch,1,book,43.3333,44.1666,639
3,mutex_65536_same-core_paced_itch,1,book,44.1666,45,721
3,mutex_65536_same-core_paced_itch,1,book,45,45.8333,709
3,mutex_65536_same-core_paced_itch,1,book,45.8333,46.6666,796
3,mutex_65536_same-core_paced_itch,1,book,46.6666,47.5,783
3,mutex_65536_same-core_paced_itch,1,book,47.5,48.3333,797
3,mutex_65536_same-core_paced_itch,1,book,48.3333,49.1666,875
3,mutex_65536_same-core_paced_itch,1,book,49.1666,50,886
3,mutex_65536_same-core_paced_itch,1,book,50,50.8333,1013
3,mutex_65536_same-core_paced_itch,1,book,50.8333,51.6666,1019
3,mutex_65536_same-core_paced_itch,1,book,51.6666,52.5,1083
3,mutex_65536_same-core_paced_itch,1,book,52.5,53.3333,1164
3,mutex_65536_same-core_paced_itch,1,book,53.3333,55,2385
3,mutex_65536_same-core_paced_itch,1,book,55,56.6666,2665
3,mutex_65536_same-core_paced_itch,1,book,56.6666,58.3333,2692
3,mutex_65536_same-core_paced_itch,1,book,58.3333,60,2663
3,mutex_65536_same-core_paced_itch,1,book,60,61.6666,2705
3,mutex_65536_same-core_paced_itch,1,book,61.6666,63.3333,2664
3,mutex_65536_same-core_paced_itch,1,book,63.3333,65,2700
3,mutex_65536_same-core_paced_itch,1,book,65,66.6666,2628
3,mutex_65536_same-core_paced_itch,1,book,66.6666,68.3333,2582
3,mutex_65536_same-core_paced_itch,1,book,68.3333,70,2574
3,mutex_65536_same-core_paced_itch,1,book,70,71.6666,2625
3,mutex_65536_same-core_paced_itch,1,book,71.6666,73.3333,2449
3,mutex_65536_same-core_paced_itch,1,book,73.3333,74.9999,2359
3,mutex_65536_same-core_paced_itch,1,book,74.9999,76.6666,2091
3,mutex_65536_same-core_paced_itch,1,book,76.6666,78.3333,1943
3,mutex_65536_same-core_paced_itch,1,book,78.3333,79.9999,1757
3,mutex_65536_same-core_paced_itch,1,book,79.9999,81.6666,1750
3,mutex_65536_same-core_paced_itch,1,book,81.6666,83.3333,1608
3,mutex_65536_same-core_paced_itch,1,book,83.3333,84.9999,1633
3,mutex_65536_same-core_paced_itch,1,book,84.9999,86.6666,1566
3,mutex_65536_same-core_paced_itch,1,book,86.6666,88.3333,1489
3,mutex_65536_same-core_paced_itch,1,book,88.3333,89.9999,1514
3,mutex_65536_same-core_paced_itch,1,book,89.9999,91.6666,1598
3,mutex_65536_same-core_paced_itch,1,book,91.6666,93.3333,1468
3,mutex_65536_same-core_paced_itch,1,book,93.3333,94.9999,1445
3,mutex_65536_same-core_paced_itch,1,book,94.9999,96.6666,1414
3,mutex_65536_same-core_paced_itch,1,book,96.6666,98.3333,1347
3,mutex_65536_same-core_paced_itch,1,book,98.3333,99.9999,1331
3,mutex_65536_same-core_paced_itch,1,book,99.9999,101.667,1326
3,mutex_65536_same-core_paced_itch,1,book,101.667,103.333,1269
3,mutex_65536_same-core_paced_itch,1,book,103.333,105,1283
3,mutex_65536_same-core_paced_itch,1,book,105,106.667,1201
3,mutex_65536_same-core_paced_itch,1,book,106.667,110,2188
3,mutex_65536_same-core_paced_itch,1,book,110,113.333,2325
3,mutex_65536_same-core_paced_itch,1,book,113.333,116.667,2731
3,mutex_65536_same-core_paced_itch,1,book,116.667,120,3720
3,mutex_65536_same-core_paced_itch,1,book,120,123.333,4732
3,mutex_65536_same-core_paced_itch,1,book,123.333,126.667,4905
3,mutex_65536_same-core_paced_itch,1,book,126.667,130,5047
3,mutex_65536_same-core_paced_itch,1,book,130,133.333,6567
3,mutex_65536_same-core_paced_itch,1,book,133.333,136.667,7471
3,mutex_65536_same-core_paced_itch,1,book,136.667,140,7346
3,mutex_65536_same-core_paced_itch,1,book,140,143.333,7211
3,mutex_65536_same-core_paced_itch,1,book,143.333,146.667,6649
3,mutex_65536_same-core_paced_itch,1,book,146.667,150,6945
3,mutex_65536_same-core_paced_itch,1,book,150,153.333,7266
3,mutex_65536_same-core_paced_itch,1,book,153.333,156.667,6061
3,mutex_65536_same-core_paced_itch,1,book,156.667,160,4889
3,mutex_65536_same-core_paced_itch,1,book,160,163.333,4533
3,mutex_65536_same-core_paced_itch,1,book,163.333,166.667,4132
3,mutex_65536_same-core_paced_itch,1,book,166.667,170,3569
3,mutex_65536_same-core_paced_itch,1,book,170,173.333,3305
3,mutex_65536_same-core_paced_itch,1,book,173.333,176.667,3096
3,mutex_65536_same-core_paced_itch,1,book,176.667,180,2795
3,mutex_65536_same-core_paced_itch,1,book,180,183.333,2781
3,mutex_65536_same-core_paced_itch,1,book,183.333,186.667,2543
3,mutex_65536_same-core_paced_itch,1,book,186.667,190,2284
3,mutex_65536_same-core_paced_itch,1,book,190,193.333,2144
3,mutex_65536_same-core_paced_itch,1,book,193.333,196.667,2001
3,mutex_65536_same-core_paced_itch,1,book,196.667,200,1788
3,mutex_65536_same-core_paced_itch,1,book,200,203.333,1749
3,mutex_65536_same-core_paced_itch,1,book,203.333,206.667,1652
3,mutex_65536_same-core_paced_itch,1,book,206.667,210,1509
3,mutex_65536_same-core_paced_itch,1,book,210,213.333,1568
3,mutex_65536_same-core_paced_itch,1,book,213.333,220,2799
3,mutex_65536_same-core_paced_itch,1,book,220,226.667,2667
3,mutex_65536_same-core_paced_itch,1,book,226.667,233.333,2400
3,mutex_65536_same-core_paced_itch,1,book,233.333,240,2272
3,mutex_65536_same-core_paced_itch,1,book,240,246.666,2087
3,mutex_65536_same-core_paced_itch,1,book,246.666,253.333,2016
3,mutex_65536_same-core_paced_itch,1,book,253.333,260,1934
3,mutex_65536_same-core_paced_itch,1,book,260,266.666,1793
3,mutex_65536_same-core_paced_itch,1,book,266.666,273.333,1542
3,mutex_65536_same-core_paced_itch,1,book,273.333,280,1417
3,mutex_65536_same-core_paced_itch,1,book,280,286.666,1360
3,mutex_65536_same-core_paced_itch,1,book,286.666,293.333,1345
3,mutex_65536_same-core_paced_itch,1,book,293.333,300,1236
3,mutex_65536_same-core_paced_itch,1,book,300,306.666,1127
3,mutex_65536_same-core_paced_itch,1,book,306.666,313.333,1168
3,mutex_65536_same-core_paced_itch,1,book,313.333,320,1049
3,mutex_65536_same-core_paced_itch,1,book,320,326.666,1011
3,mutex_65536_same-core_paced_itch,1,book,326.666,333.333,931
3,mutex_65536_same-core_paced_itch,1,book,333.333,340,900
3,mutex_65536_same-core_paced_itch,1,book,340,346.666,864
3,mutex_65536_same-core_paced_itch,1,book,346.666,353.333,825
3,mutex_65536_same-core_paced_itch,1,book,353.333,360,781
3,mutex_65536_same-core_paced_itch,1,book,360,366.666,711
3,mutex_65536_same-core_paced_itch,1,book,366.666,373.333,677
3,mutex_65536_same-core_paced_itch,1,book,373.333,380,619
3,mutex_65536_same-core_paced_itch,1,book,380,386.666,553
3,mutex_65536_same-core_paced_itch,1,book,386.666,393.333,536
3,mutex_65536_same-core_paced_itch,1,book,393.333,400,468
3,mutex_65536_same-core_paced_itch,1,book,400,406.666,448
3,mutex_65536_same-core_paced_itch,1,book,406.666,413.333,383
3,mutex_65536_same-core_paced_itch,1,book,413.333,420,385
3,mutex_65536_same-core_paced_itch,1,book,420,426.666,374
3,mutex_65536_same-core_paced_itch,1,book,426.666,440,588
3,mutex_65536_same-core_paced_itch,1,book,440,453.333,469
3,mutex_65536_same-core_paced_itch,1,book,453.333,466.666,374
3,mutex_65536_same-core_paced_itch,1,book,466.666,480,304
3,mutex_65536_same-core_paced_itch,1,book,480,493.333,268
3,mutex_65536_same-core_paced_itch,1,book,493.333,506.666,231
3,mutex_65536_same-core_paced_itch,1,book,506.666,520,187
3,mutex_65536_same-core_paced_itch,1,book,520,533.333,161
3,mutex_65536_same-core_paced_itch,1,book,533.333,546.666,154
3,mutex_65536_same-core_paced_itch,1,book,546.666,560,106
3,mutex_65536_same-core_paced_itch,1,book,560,573.333,97
3,mutex_65536_same-core_paced_itch,1,book,573.333,586.666,100
3,mutex_65536_same-core_paced_itch,1,book,586.666,600,67
3,mutex_65536_same-core_paced_itch,1,book,600,613.333,52
3,mutex_65536_same-core_paced_itch,1,book,613.333,626.666,53
3,mutex_65536_same-core_paced_itch,1,book,626.666,640,32
3,mutex_65536_same-core_paced_itch,1,book,640,653.333,35
3,mutex_65536_same-core_paced_itch,1,book,653.333,666.666,28
3,mutex_65536_same-core_paced_itch,1,book,666.666,680,25
3,mutex_65536_same-core_paced_itch,1,book,680,693.333,23
3,mutex_65536_same-core_paced_itch,1,book,693.333,706.666,14
3,mutex_65536_same-core_paced_itch,1,book,706.666,719.999,12
3,mutex_65536_same-core_paced_itch,1,book,719.999,733.333,24
3,mutex_65536_same-core_paced_itch,1,book,733.333,746.666,12
3,mutex_65536_same-core_paced_itch,1,book,746.666,759.999,14
3,mutex_65536_same-core_paced_itch,1,book,759.999,773.333,8
3,mutex_65536_same-core_paced_itch,1,book,773.333,786.666,16
3,mutex_65536_same-core_paced_itch,1,book,786.666,799.999,7
3,mutex_65536_same-core_paced_itch,1,book,799.999,813.333,15
3,mutex_65536_same-core_paced_itch,1,book,813.333,826.666,10
3,mutex_65536_same-core_paced_itch,1,book,826.666,839.999,8
3,mutex_65536_same-core_paced_itch,1,book,839.999,853.333,14
3,mutex_65536_same-core_paced_itch,1,book,853.333,879.999,26
3,mutex_65536_same-core_paced_itch,1,book,879.999,906.666,29
3,mutex_65536_same-core_paced_itch,1,book,906.666,933.333,27
3,mutex_65536_same-core_paced_itch,1,book,933.333,959.999,29
3,mutex_65536_same-core_paced_itch,1,book,959.999,986.666,39
3,mutex_65536_same-core_paced_itch,1,book,986.666,1013.33,24
3,mutex_65536_same-core_paced_itch,1,book,1013.33,1040,18
3,mutex_65536_same-core_paced_itch,1,book,1040,1066.67,21
3,mutex_65536_same-core_paced_itch,1,book,1066.67,1093.33,17
3,mutex_65536_same-core_paced_itch,1,book,1093.33,1120,13
3,mutex_65536_same-core_paced_itch,1,book,1120,1146.67,10
3,mutex_65536_same-core_paced_itch,1,book,1146.67,1173.33,7
3,mutex_65536_same-core_paced_itch,1,book,1173.33,1200,13
3,mutex_65536_same-core_paced_itch,1,book,1200,1226.67,10
3,mutex_65536_same-core_paced_itch,1,book,1226.67,1253.33,11
3,mutex_65536_same-core_paced_itch,1,book,1253.33,1280,9
3,mutex_65536_same-core_paced_itch,1,book,1280,1306.67,13
3,mutex_65536_same-core_paced_itch,1,book,1306.67,1333.33,12
3,mutex_65536_same-core_paced_itch,1,book,1333.33,1360,12
3,mutex_65536_same-core_paced_itch,1,book,1360,1386.67,6
3,mutex_65536_same-core_paced_itch,1,book,1386.67,1413.33,9
3,mutex_65536_same-core_paced_itch,1,book,1413.33,1440,6
3,mutex_65536_same-core_paced_itch,1,book,1440,1466.67,9
3,mutex_65536_same-core_paced_itch,1,book,1466.67,1493.33,7
3,mutex_65536_same-core_paced_itch,1,book,1493.33,1520,8
3,mutex_65536_same-core_paced_itch,1,book,1520,1546.67,7
3,mutex_65536_same-core_paced_itch,1,book,1546.67,1573.33,9
3,mutex_65536_same-core_paced_itch,1,book,1573.33,1600,5
3,mutex_65536_same-core_paced_itch,1,book,1600,1626.67,3
3,mutex_65536_same-core_paced_itch,1,book,1626.67,1653.33,2
3,mutex_65536_same-core_paced_itch,1,book,1653.33,1680,8
3,mutex_65536_same-core_paced_itch,1,book,1680,1706.67,7
3,mutex_65536_same-core_paced_itch,1,book,1706.67,1760,13
3,mutex_65536_same-core_paced_itch,1,book,1760,1813.33,11
3,mutex_65536_same-core_paced_itch,1,book,1813.33,1866.67,8
3,mutex_65536_same-core_paced_itch,1,book,1866.67,1920,7
3,mutex_65536_same-core_paced_itch,1,book,1920,1973.33,7
3,mutex_65536_same-core_paced_itch,1,book,1973.33,2026.67,5
3,mutex_65536_same-core_paced_itch,1,book,2026.67,2080,3
3,mutex_65536_same-core_paced_itch,1,book,2080,2133.33,1
3,mutex_65536_same-core_paced_itch,1,book,2133.33,2186.67,5
3,mutex_65536_same-core_paced_itch,1,book,2186.67,2240,2
3,mutex_65536_same-core_paced_itch,1,book,2240,2293.33,1
3,mutex_65536_same-core_paced_itch,1,book,2293.33,2346.66,2
3,mutex_65536_same-core_paced_itch,1,book,2346.66,2400,2
3,mutex_65536_same-core_paced_itch,1,book,2400,2453.33,4
3,mutex_65536_same-core_paced_itch,1,book,2453.33,2506.66,1
3,mutex_65536_same-core_paced_itch,1,book,2506.66,2560,1
3,mutex_65536_same-core_paced_itch,1,book,2560,2613.33,1
3,mutex_65536_same-core_paced_itch,1,book,2613.33,2666.66,2
3,mutex_65536_same-core_paced_itch,1,book,2773.33,2826.66,1
3,mutex_65536_same-core_paced_itch,1,book,3200,3253.33,3
3,mutex_65536_same-core_paced_itch,1,book,3306.66,3360,2
3,mutex_65536_same-core_paced_itch,1,book,3360,3413.33,2
3,mutex_65536_same-core_paced_itch,1,book,3413.33,3520,1
3,mutex_65536_same-core_paced_itch,1,book,3520,3626.66,2
3,mutex_65536_same-core_paced_itch,1,book,3946.66,4053.33,1
3,mutex_65536_same-core_paced_itch,1,book,4053.33,4160,1
3,mutex_65536_same-core_paced_itch,1,book,4160,4266.66,1
3,mutex_65536_same-core_paced_itch,1,book,4266.66,4373.33,1
3,mutex_65536_same-core_paced_itch,1,book,4480,4586.66,1
3,mutex_65536_same-core_paced_itch,1,book,4586.66,4693.33,1
3,mutex_65536_same-core_paced_itch,1,book,4800,4906.66,1
3,mutex_65536_same-core_paced_itch,1,book,5013.33,5120,1
3,mutex_65536_same-core_paced_itch,1,book,5120,5226.66,2
3,mutex_65536_same-core_paced_itch,1,book,5440,5546.66,1
3,mutex_65536_same-core_paced_itch,1,book,5546.66,5653.33,1
3,mutex_65536_same-core_paced_itch,1,book,6506.66,6613.33,1
3,mutex_65536_same-core_paced_itch,1,book,6613.33,6720,1
3,mutex_65536_same-core_paced_itch,1,book,6826.66,7039.99,1
3,mutex_65536_same-core_paced_itch,1,book,7466.66,7679.99,1
3,mutex_65536_same-core_paced_itch,1,book,11733.3,11946.7,1
3,mutex_65536_same-core_paced_itch,1,book,17920,18346.7,1
