run,label,median,metric,bucket_lo_ns,bucket_hi_ns,count
1,rigtorp_65536_cross-core_unpaced,1,total,105,106.667,1
1,rigtorp_65536_cross-core_unpaced,1,total,116.667,120,1
1,rigtorp_65536_cross-core_unpaced,1,total,123.333,126.667,1
1,rigtorp_65536_cross-core_unpaced,1,total,140,143.333,1
1,rigtorp_65536_cross-core_unpaced,1,total,150,153.333,2
1,rigtorp_65536_cross-core_unpaced,1,total,153.333,156.667,1
1,rigtorp_65536_cross-core_unpaced,1,total,160,163.333,1
1,rigtorp_65536_cross-core_unpaced,1,total,170,173.333,1
1,rigtorp_65536_cross-core_unpaced,1,total,173.333,176.667,3
1,rigtorp_65536_cross-core_unpaced,1,total,176.667,180,1
1,rigtorp_65536_cross-core_unpaced,1,total,180,183.333,3
1,rigtorp_65536_cross-core_unpaced,1,total,186.667,190,3
1,rigtorp_65536_cross-core_unpaced,1,total,190,193.333,2
1,rigtorp_65536_cross-core_unpaced,1,total,193.333,196.667,1
1,rigtorp_65536_cross-core_unpaced,1,total,196.667,200,1
1,rigtorp_65536_cross-core_unpaced,1,total,203.333,206.667,4
1,rigtorp_65536_cross-core_unpaced,1,total,206.667,210,5
1,rigtorp_65536_cross-core_unpaced,1,total,210,213.333,1
1,rigtorp_65536_cross-core_unpaced,1,total,213.333,220,7
1,rigtorp_65536_cross-core_unpaced,1,total,220,226.667,12
1,rigtorp_65536_cross-core_unpaced,1,total,226.667,233.333,6
1,rigtorp_65536_cross-core_unpaced,1,total,233.333,240,7
1,rigtorp_65536_cross-core_unpaced,1,total,240,246.666,4
1,rigtorp_65536_cross-core_unpaced,1,total,246.666,253.333,8
1,rigtorp_65536_cross-core_unpaced,1,total,253.333,260,6
1,rigtorp_65536_cross-core_unpaced,1,total,260,266.666,11
1,rigtorp_65536_cross-core_unpaced,1,total,266.666,273.333,13
1,rigtorp_65536_cross-core_unpaced,1,total,273.333,280,6
1,rigtorp_65536_cross-core_unpaced,1,total,280,286.666,13
1,rigtorp_65536_cross-core_unpaced,1,total,286.666,293.333,8
1,rigtorp_65536_cross-core_unpaced,1,total,293.333,300,11
1,rigtorp_65536_cross-core_unpaced,1,total,300,306.666,14
1,rigtorp_65536_cross-core_unpaced,1,total,306.666,313.333,12
1,rigtorp_65536_cross-core_unpaced,1,total,313.333,320,10
1,rigtorp_65536_cross-core_unpaced,1,total,320,326.666,10
1,rigtorp_65536_cross-core_unpaced,1,total,326.666,333.333,20
1,rigtorp_65536_cross-core_unpaced,1,total,333.333,340,6
1,rigtorp_65536_cross-core_unpaced,1,total,340,346.666,8
1,rigtorp_65536_cross-core_unpaced,1,total,346.666,353.333,11
1,rigtorp_65536_cross-core_unpaced,1,total,353.333,360,15
1,rigtorp_65536_cross-core_unpaced,1,total,360,366.666,11
1,rigtorp_65536_cross-core_unpaced,1,total,366.666,373.333,11
1,rigtorp_65536_cross-core_unpaced,1,total,373.333,380,10
1,rigtorp_65536_cross-core_unpaced,1,total,380,386.666,8
1,rigtorp_65536_cross-core_unpaced,1,total,386.666,393.333,7
1,rigtorp_65536_cross-core_unpaced,1,total,393.333,400,12
1,rigtorp_65536_cross-core_unpaced,1,total,400,406.666,5
1,rigtorp_65536_cross-core_unpaced,1,total,406.666,413.333,8
1,rigtorp_65536_cross-core_unpaced,1,total,413.333,420,6
1,rigtorp_65536_cross-core_unpaced,1,total,420,426.666,13
1,rigtorp_65536_cross-core_unpaced,1,total,426.666,440,12
1,rigtorp_65536_cross-core_unpaced,1,total,440,453.333,19
1,rigtorp_65536_cross-core_unpaced,1,total,453.333,466.666,13
1,rigtorp_65536_cross-core_unpaced,1,total,466.666,480,6
1,rigtorp_65536_cross-core_unpaced,1,total,480,493.333,13
1,rigtorp_65536_cross-core_unpaced,1,total,493.333,506.666,18
1,rigtorp_65536_cross-core_unpaced,1,total,506.666,520,14
1,rigtorp_65536_cross-core_unpaced,1,total,520,533.333,12
1,rigtorp_65536_cross-core_unpaced,1,total,533.333,546.666,5
1,rigtorp_65536_cross-core_unpaced,1,total,546.666,560,4
1,rigtorp_65536_cross-core_unpaced,1,total,560,573.333,11
1,rigtorp_65536_cross-core_unpaced,1,total,573.333,586.666,8
1,rigtorp_65536_cross-core_unpaced,1,total,586.666,600,4
1,rigtorp_65536_cross-core_unpaced,1,total,600,613.333,6
1,rigtorp_65536_cross-core_unpaced,1,total,613.333,626.666,5
1,rigtorp_65536_cross-core_unpaced,1,total,626.666,640,1
1,rigtorp_65536_cross-core_unpaced,1,total,640,653.333,2
1,rigtorp_65536_cross-core_unpaced,1,total,653.333,666.666,3
1,rigtorp_65536_cross-core_unpaced,1,total,666.666,680,3
1,rigtorp_65536_cross-core_unpaced,1,total,680,693.333,4
1,rigtorp_65536_cross-core_unpaced,1,total,693.333,706.666,1
1,rigtorp_65536_cross-core_unpaced,1,total,706.666,719.999,1
1,rigtorp_65536_cross-core_unpaced,1,total,719.999,733.333,2
1,rigtorp_65536_cross-core_unpaced,1,total,733.333,746.666,3
1,rigtorp_65536_cross-core_unpaced,1,total,746.666,759.999,3
1,rigtorp_65536_cross-core_unpaced,1,total,759.999,773.333,1
1,rigtorp_65536_cross-core_unpaced,1,total,773.333,786.666,1
1,rigtorp_65536_cross-core_unpaced,1,total,826.666,839.999,3
1,rigtorp_65536_cross-core_unpaced,1,total,933.333,959.999,2
1,rigtorp_65536_cross-core_unpaced,1,total,1600,1626.67,1
1,rigtorp_65536_cross-core_unpaced,1,total,1680,1706.67,1
1,rigtorp_65536_cross-core_unpaced,1,total,1706.67,1760,1
1,rigtorp_65536_cross-core_unpaced,1,total,1760,1813.33,1
1,rigtorp_65536_cross-core_unpaced,1,total,13653.3,14080,1
1,rigtorp_65536_cross-core_unpaced,1,total,14080,14506.7,1
1,rigtorp_65536_cross-core_unpaced,1,total,14506.7,14933.3,1
1,rigtorp_65536_cross-core_unpaced,1,total,16213.3,16640,1
1,rigtorp_65536_cross-core_unpaced,1,total,17066.7,17493.3,1
1,rigtorp_65536_cross-core_unpaced,1,total,19626.7,20053.3,1
1,rigtorp_65536_cross-core_unpaced,1,total,20053.3,20480,1
1,rigtorp_65536_cross-core_unpaced,1,total,20906.7,21333.3,1
1,rigtorp_65536_cross-core_unpaced,1,total,23893.3,24320,1
1,rigtorp_65536_cross-core_unpaced,1,total,27306.6,28160,1
1,rigtorp_65536_cross-core_unpaced,1,total,28160,29013.3,1
1,rigtorp_65536_cross-core_unpaced,1,total,30720,31573.3,1
1,rigtorp_65536_cross-core_unpaced,1,total,34133.3,34986.6,1
1,rigtorp_65536_cross-core_unpaced,1,total,34986.6,35840,2
1,rigtorp_65536_cross-core_unpaced,1,total,35840,36693.3,1
1,rigtorp_65536_cross-core_unpaced,1,total,38400,39253.3,2
1,rigtorp_65536_cross-core_unpaced,1,total,39253.3,40106.6,1
1,rigtorp_65536_cross-core_unpaced,1,total,40960,41813.3,2
1,rigtorp_65536_cross-core_unpaced,1,total,41813.3,42666.6,1
1,rigtorp_65536_cross-core_unpaced,1,total,42666.6,43520,1
1,rigtorp_65536_cross-core_unpaced,1,total,46080,46933.3,1
1,rigtorp_65536_cross-core_unpaced,1,total,47786.6,48640,1
1,rigtorp_65536_cross-core_unpaced,1,total,51200,52053.3,1
1,rigtorp_65536_cross-core_unpaced,1,total,52053.3,52906.6,1
1,rigtorp_65536_cross-core_unpaced,1,total,53760,54613.3,2
1,rigtorp_65536_cross-core_unpaced,1,total,54613.3,56320,2
1,rigtorp_65536_cross-core_unpaced,1,total,56320,58026.6,2
1,rigtorp_65536_cross-core_unpaced,1,total,58026.6,59733.3,1
1,rigtorp_65536_cross-core_unpaced,1,total,59733.3,61440,1
1,rigtorp_65536_cross-core_unpaced,1,total,61440,63146.6,1
1,rigtorp_65536_cross-core_unpaced,1,total,63146.6,64853.3,1
1,rigtorp_65536_cross-core_unpaced,1,total,64853.3,66560,2
1,rigtorp_65536_cross-core_unpaced,1,total,66560,68266.6,2
1,rigtorp_65536_cross-core_unpaced,1,total,68266.6,69973.3,4
1,rigtorp_65536_cross-core_unpaced,1,total,69973.3,71679.9,2
1,rigtorp_65536_cross-core_unpaced,1,total,71679.9,73386.6,1
1,rigtorp_65536_cross-core_unpaced,1,total,73386.6,75093.3,2
1,rigtorp_65536_cross-core_unpaced,1,total,75093.3,76799.9,2
1,rigtorp_65536_cross-core_unpaced,1,total,76799.9,78506.6,1
1,rigtorp_65536_cross-core_unpaced,1,total,78506.6,80213.3,1
1,rigtorp_65536_cross-core_unpaced,1,total,80213.3,81919.9,2
1,rigtorp_65536_cross-core_unpaced,1,total,81919.9,83626.6,2
1,rigtorp_65536_cross-core_unpaced,1,total,83626.6,85333.3,2
1,rigtorp_65536_cross-core_unpaced,1,total,85333.3,87039.9,1
1,rigtorp_65536_cross-core_unpaced,1,total,88746.6,90453.3,1
1,rigtorp_65536_cross-core_unpaced,1,total,90453.3,92159.9,1
1,rigtorp_65536_cross-core_unpaced,1,total,92159.9,93866.6,5
1,rigtorp_65536_cross-core_unpaced,1,total,93866.6,95573.3,2
1,rigtorp_65536_cross-core_unpaced,1,total,95573.3,97279.9,5
1,rigtorp_65536_cross-core_unpaced,1,total,97279.9,98986.6,2
1,rigtorp_65536_cross-core_unpaced,1,total,98986.6,100693,1
1,rigtorp_65536_cross-core_unpaced,1,total,100693,102400,3
1,rigtorp_65536_cross-core_unpaced,1,total,102400,104107,1
1,rigtorp_65536_cross-core_unpaced,1,total,104107,105813,1
1,rigtorp_65536_cross-core_unpaced,1,total,105813,107520,2
1,rigtorp_65536_cross-core_unpaced,1,total,107520,109227,1
1,rigtorp_65536_cross-core_unpaced,1,total,109227,112640,1
1,rigtorp_65536_cross-core_unpaced,1,total,112640,116053,4
1,rigtorp_65536_cross-core_unpaced,1,total,116053,119467,2
1,rigtorp_65536_cross-core_unpaced,1,total,119467,122880,3
1,rigtorp_65536_cross-core_unpaced,1,total,122880,126293,2
1,rigtorp_65536_cross-core_unpaced,1,total,126293,129707,8
1,rigtorp_65536_cross-core_unpaced,1,total,129707,133120,9
1,rigtorp_65536_cross-core_unpaced,1,total,133120,136533,1
1,rigtorp_65536_cross-core_unpaced,1,total,136533,139947,5
1,rigtorp_65536_cross-core_unpaced,1,total,139947,143360,3
1,rigtorp_65536_cross-core_unpaced,1,total,143360,146773,3
1,rigtorp_65536_cross-core_unpaced,1,total,146773,150187,4
1,rigtorp_65536_cross-core_unpaced,1,total,150187,153600,8
1,rigtorp_65536_cross-core_unpaced,1,total,153600,157013,6
1,rigtorp_65536_cross-core_unpaced,1,total,157013,160427,4
1,rigtorp_65536_cross-core_unpaced,1,total,160427,163840,4
1,rigtorp_65536_cross-core_unpaced,1,total,163840,167253,3
1,rigtorp_65536_cross-core_unpaced,1,total,167253,170667,6
1,rigtorp_65536_cross-core_unpaced,1,total,170667,174080,4
1,rigtorp_65536_cross-core_unpaced,1,total,174080,177493,6
1,rigtorp_65536_cross-core_unpaced,1,total,177493,180907,7
1,rigtorp_65536_cross-core_unpaced,1,total,180907,184320,10
1,rigtorp_65536_cross-core_unpaced,1,total,184320,187733,12
1,rigtorp_65536_cross-core_unpaced,1,total,187733,191147,5
1,rigtorp_65536_cross-core_unpaced,1,total,191147,194560,8
1,rigtorp_65536_cross-core_unpaced,1,total,194560,197973,6
1,rigtorp_65536_cross-core_unpaced,1,total,197973,201387,3
1,rigtorp_65536_cross-core_unpaced,1,total,201387,204800,6
1,rigtorp_65536_cross-core_unpaced,1,total,204800,208213,7
1,rigtorp_65536_cross-core_unpaced,1,total,208213,211627,6
1,rigtorp_65536_cross-core_unpaced,1,total,211627,215040,7
1,rigtorp_65536_cross-core_unpaced,1,total,215040,218453,7
1,rigtorp_65536_cross-core_unpaced,1,total,218453,225280,18
1,rigtorp_65536_cross-core_unpaced,1,total,225280,232107,11
1,rigtorp_65536_cross-core_unpaced,1,total,232107,238933,11
1,rigtorp_65536_cross-core_unpaced,1,total,238933,245760,15
1,rigtorp_65536_cross-core_unpaced,1,total,245760,252586,14
1,rigtorp_65536_cross-core_unpaced,1,total,252586,259413,6
1,rigtorp_65536_cross-core_unpaced,1,total,259413,266240,9
1,rigtorp_65536_cross-core_unpaced,1,total,266240,273066,14
1,rigtorp_65536_cross-core_unpaced,1,total,273066,279893,8
1,rigtorp_65536_cross-core_unpaced,1,total,279893,286720,11
1,rigtorp_65536_cross-core_unpaced,1,total,286720,293546,11
1,rigtorp_65536_cross-core_unpaced,1,total,293546,300373,11
1,rigtorp_65536_cross-core_unpaced,1,total,300373,307200,7
1,rigtorp_65536_cross-core_unpaced,1,total,307200,314026,12
1,rigtorp_65536_cross-core_unpaced,1,total,314026,320853,13
1,rigtorp_65536_cross-core_unpaced,1,total,320853,327680,14
1,rigtorp_65536_cross-core_unpaced,1,total,327680,334506,14
1,rigtorp_65536_cross-core_unpaced,1,total,334506,341333,22
1,rigtorp_65536_cross-core_unpaced,1,total,341333,348160,23
1,rigtorp_65536_cross-core_unpaced,1,total,348160,354986,11
1,rigtorp_65536_cross-core_unpaced,1,total,354986,361813,18
1,rigtorp_65536_cross-core_unpaced,1,total,361813,368640,19
1,rigtorp_65536_cross-core_unpaced,1,total,368640,375466,20
1,rigtorp_65536_cross-core_unpaced,1,total,375466,382293,16
1,rigtorp_65536_cross-core_unpaced,1,total,382293,389120,14
1,rigtorp_65536_cross-core_unpaced,1,total,389120,395946,13
1,rigtorp_65536_cross-core_unpaced,1,total,395946,402773,16
1,rigtorp_65536_cross-core_unpaced,1,total,402773,409600,16
1,rigtorp_65536_cross-core_unpaced,1,total,409600,416426,14
1,rigtorp_65536_cross-core_unpaced,1,total,416426,423253,14
1,rigtorp_65536_cross-core_unpaced,1,total,423253,430080,9
1,rigtorp_65536_cross-core_unpaced,1,total,430080,436906,21
1,rigtorp_65536_cross-core_unpaced,1,total,436906,450560,47
1,rigtorp_65536_cross-core_unpaced,1,total,450560,464213,37
1,rigtorp_65536_cross-core_unpaced,1,total,464213,477866,48
1,rigtorp_65536_cross-core_unpaced,1,total,477866,491520,33
1,rigtorp_65536_cross-core_unpaced,1,total,491520,505173,36
1,rigtorp_65536_cross-core_unpaced,1,total,505173,518826,36
1,rigtorp_65536_cross-core_unpaced,1,total,518826,532480,29
1,rigtorp_65536_cross-core_unpaced,1,total,532480,546133,34
1,rigtorp_65536_cross-core_unpaced,1,total,546133,559786,41
1,rigtorp_65536_cross-core_unpaced,1,total,559786,573440,29
1,rigtorp_65536_cross-core_unpaced,1,total,573440,587093,39
1,rigtorp_65536_cross-core_unpaced,1,total,587093,600746,32
1,rigtorp_65536_cross-core_unpaced,1,total,600746,614400,40
1,rigtorp_65536_cross-core_unpaced,1,total,614400,628053,35
1,rigtorp_65536_cross-core_unpaced,1,total,628053,641706,51
1,rigtorp_65536_cross-core_unpaced,1,total,641706,655360,40
1,rigtorp_65536_cross-core_unpaced,1,total,655360,669013,34
1,rigtorp_65536_cross-core_unpaced,1,total,669013,682666,36
1,rigtorp_65536_cross-core_unpaced,1,total,682666,696320,39
1,rigtorp_65536_cross-core_unpaced,1,total,696320,709973,43
1,rigtorp_65536_cross-core_unpaced,1,total,709973,723626,28
1,rigtorp_65536_cross-core_unpaced,1,total,723626,737279,28
1,rigtorp_65536_cross-core_unpaced,1,total,737279,750933,35
1,rigtorp_65536_cross-core_unpaced,1,total,750933,764586,38
1,rigtorp_65536_cross-core_unpaced,1,total,764586,778239,38
1,rigtorp_65536_cross-core_unpaced,1,total,778239,791893,35
1,rigtorp_65536_cross-core_unpaced,1,total,791893,805546,52
1,rigtorp_65536_cross-core_unpaced,1,total,805546,819199,39
1,rigtorp_65536_cross-core_unpaced,1,total,819199,832853,44
1,rigtorp_65536_cross-core_unpaced,1,total,832853,846506,27
1,rigtorp_65536_cross-core_unpaced,1,total,846506,860159,24
1,rigtorp_65536_cross-core_unpaced,1,total,860159,873813,43
1,rigtorp_65536_cross-core_unpaced,1,total,873813,901119,57
1,rigtorp_65536_cross-core_unpaced,1,total,901119,928426,59
1,rigtorp_65536_cross-core_unpaced,1,total,928426,955733,80
1,rigtorp_65536_cross-core_unpaced,1,total,955733,983039,59
1,rigtorp_65536_cross-core_unpaced,1,total,983039,1.01035e+06,59
1,rigtorp_65536_cross-core_unpaced,1,total,1.01035e+06,1.03765e+06,69
1,rigtorp_65536_cross-core_unpaced,1,total,1.03765e+06,1.06496e+06,74
1,rigtorp_65536_cross-core_unpaced,1,total,1.06496e+06,1.09227e+06,63
1,rigtorp_65536_cross-core_unpaced,1,total,1.09227e+06,1.11957e+06,65
1,rigtorp_65536_cross-core_unpaced,1,total,1.11957e+06,1.14688e+06,67
1,rigtorp_65536_cross-core_unpaced,1,total,1.14688e+06,1.17419e+06,57
1,rigtorp_65536_cross-core_unpaced,1,total,1.17419e+06,1.20149e+06,30
1,rigtorp_65536_cross-core_unpaced,1,total,1.20149e+06,1.2288e+06,31
1,rigtorp_65536_cross-core_unpaced,1,total,1.2288e+06,1.25611e+06,26
1,rigtorp_65536_cross-core_unpaced,1,total,1.25611e+06,1.28341e+06,35
1,rigtorp_65536_cross-core_unpaced,1,total,1.28341e+06,1.31072e+06,33
1,rigtorp_65536_cross-core_unpaced,1,total,1.31072e+06,1.33803e+06,31
1,rigtorp_65536_cross-core_unpaced,1,total,1.33803e+06,1.36533e+06,30
1,rigtorp_65536_cross-core_unpaced,1,total,1.36533e+06,1.39264e+06,27
1,rigtorp_65536_cross-core_unpaced,1,total,1.39264e+06,1.41995e+06,40
1,rigtorp_65536_cross-core_unpaced,1,total,1.41995e+06,1.44725e+06,26
1,rigtorp_65536_cross-core_unpaced,1,total,1.44725e+06,1.47456e+06,27
1,rigtorp_65536_cross-core_unpaced,1,total,1.47456e+06,1.50187e+06,27
1,rigtorp_65536_cross-core_unpaced,1,total,1.50187e+06,1.52917e+06,32
1,rigtorp_65536_cross-core_unpaced,1,total,1.52917e+06,1.55648e+06,41
1,rigtorp_65536_cross-core_unpaced,1,total,1.55648e+06,1.58379e+06,39
1,rigtorp_65536_cross-core_unpaced,1,total,1.58379e+06,1.61109e+06,29
1,rigtorp_65536_cross-core_unpaced,1,total,1.61109e+06,1.6384e+06,33
1,rigtorp_65536_cross-core_unpaced,1,total,1.6384e+06,1.66571e+06,36
1,rigtorp_65536_cross-core_unpaced,1,total,1.66571e+06,1.69301e+06,27
1,rigtorp_65536_cross-core_unpaced,1,total,1.69301e+06,1.72032e+06,44
1,rigtorp_65536_cross-core_unpaced,1,total,1.72032e+06,1.74763e+06,36
1,rigtorp_65536_cross-core_unpaced,1,total,1.74763e+06,1.80224e+06,63
1,rigtorp_65536_cross-core_unpaced,1,total,1.80224e+06,1.85685e+06,53
1,rigtorp_65536_cross-core_unpaced,1,total,1.85685e+06,1.91147e+06,53
1,rigtorp_65536_cross-core_unpaced,1,total,1.91147e+06,1.96608e+06,71
1,rigtorp_65536_cross-core_unpaced,1,total,1.96608e+06,2.02069e+06,63
1,rigtorp_65536_cross-core_unpaced,1,total,2.02069e+06,2.07531e+06,56
1,rigtorp_65536_cross-core_unpaced,1,total,2.07531e+06,2.12992e+06,52
1,rigtorp_65536_cross-core_unpaced,1,total,2.12992e+06,2.18453e+06,55
1,rigtorp_65536_cross-core_unpaced,1,total,2.18453e+06,2.23915e+06,61
1,rigtorp_65536_cross-core_unpaced,1,total,2.23915e+06,2.29376e+06,47
1,rigtorp_65536_cross-core_unpaced,1,total,2.29376e+06,2.34837e+06,47
1,rigtorp_65536_cross-core_unpaced,1,total,2.34837e+06,2.40298e+06,48
1,rigtorp_65536_cross-core_unpaced,1,total,2.40298e+06,2.4576e+06,46
1,rigtorp_65536_cross-core_unpaced,1,total,2.4576e+06,2.51221e+06,50
1,rigtorp_65536_cross-core_unpaced,1,total,2.51221e+06,2.56682e+06,53
1,rigtorp_65536_cross-core_unpaced,1,total,2.56682e+06,2.62144e+06,52
1,rigtorp_65536_cross-core_unpaced,1,total,2.62144e+06,2.67605e+06,54
1,rigtorp_65536_cross-core_unpaced,1,total,2.67605e+06,2.73066e+06,46
1,rigtorp_65536_cross-core_unpaced,1,total,2.73066e+06,2.78528e+06,41
1,rigtorp_65536_cross-core_unpaced,1,total,2.78528e+06,2.83989e+06,43
1,rigtorp_65536_cross-core_unpaced,1,total,2.83989e+06,2.8945e+06,42
1,rigtorp_65536_cross-core_unpaced,1,total,2.8945e+06,2.94912e+06,54
1,rigtorp_65536_cross-core_unpaced,1,total,2.94912e+06,3.00373e+06,41
1,rigtorp_65536_cross-core_unpaced,1,total,3.00373e+06,3.05834e+06,53
1,rigtorp_65536_cross-core_unpaced,1,total,3.05834e+06,3.11296e+06,55
1,rigtorp_65536_cross-core_unpaced,1,total,3.11296e+06,3.16757e+06,47
1,rigtorp_65536_cross-core_unpaced,1,total,3.16757e+06,3.22218e+06,49
1,rigtorp_65536_cross-core_unpaced,1,total,3.22218e+06,3.2768e+06,53
1,rigtorp_65536_cross-core_unpaced,1,total,3.2768e+06,3.33141e+06,42
1,rigtorp_65536_cross-core_unpaced,1,total,3.33141e+06,3.38602e+06,61
1,rigtorp_65536_cross-core_unpaced,1,total,3.38602e+06,3.44064e+06,56
1,rigtorp_65536_cross-core_unpaced,1,total,3.44064e+06,3.49525e+06,40
1,rigtorp_65536_cross-core_unpaced,1,total,3.49525e+06,3.60448e+06,102
1,rigtorp_65536_cross-core_unpaced,1,total,3.60448e+06,3.7137e+06,91
1,rigtorp_65536_cross-core_unpaced,1,total,3.7137e+06,3.82293e+06,102
1,rigtorp_65536_cross-core_unpaced,1,total,3.82293e+06,3.93216e+06,94
1,rigtorp_65536_cross-core_unpaced,1,total,3.93216e+06,4.04138e+06,102
1,rigtorp_65536_cross-core_unpaced,1,total,4.04138e+06,4.15061e+06,88
1,rigtorp_65536_cross-core_unpaced,1,total,4.15061e+06,4.25984e+06,94
1,rigtorp_65536_cross-core_unpaced,1,total,4.25984e+06,4.36906e+06,86
1,rigtorp_65536_cross-core_unpaced,1,total,4.36906e+06,4.47829e+06,102
1,rigtorp_65536_cross-core_unpaced,1,total,4.47829e+06,4.58752e+06,107
1,rigtorp_65536_cross-core_unpaced,1,total,4.58752e+06,4.69674e+06,101
1,rigtorp_65536_cross-core_unpaced,1,total,4.69674e+06,4.80597e+06,100
1,rigtorp_65536_cross-core_unpaced,1,total,4.80597e+06,4.9152e+06,111
1,rigtorp_65536_cross-core_unpaced,1,total,4.9152e+06,5.02442e+06,104
1,rigtorp_65536_cross-core_unpaced,1,total,5.02442e+06,5.13365e+06,98
1,rigtorp_65536_cross-core_unpaced,1,total,5.13365e+06,5.24288e+06,106
1,rigtorp_65536_cross-core_unpaced,1,total,5.24288e+06,5.3521e+06,97
1,rigtorp_65536_cross-core_unpaced,1,total,5.3521e+06,5.46133e+06,426
1,rigtorp_65536_cross-core_unpaced,1,total,5.46133e+06,5.57056e+06,6791
1,rigtorp_65536_cross-core_unpaced,1,total,5.57056e+06,5.67978e+06,97279
1,rigtorp_65536_cross-core_unpaced,1,total,5.67978e+06,5.78901e+06,72818
1,rigtorp_65536_cross-core_unpaced,1,total,5.78901e+06,5.89824e+06,33316
1,rigtorp_65536_cross-core_unpaced,1,total,5.89824e+06,6.00746e+06,21081
1,rigtorp_65536_cross-core_unpaced,1,total,6.00746e+06,6.11669e+06,18360
1,rigtorp_65536_cross-core_unpaced,1,total,6.11669e+06,6.22592e+06,7034
1,rigtorp_65536_cross-core_unpaced,1,total,6.22592e+06,6.33514e+06,7448
1,rigtorp_65536_cross-core_unpaced,1,total,6.33514e+06,6.44437e+06,7627
1,rigtorp_65536_cross-core_unpaced,1,total,6.44437e+06,6.5536e+06,5719
1,rigtorp_65536_cross-core_unpaced,1,total,6.5536e+06,6.66282e+06,4118
1,rigtorp_65536_cross-core_unpaced,1,total,6.66282e+06,6.77205e+06,8296
1,rigtorp_65536_cross-core_unpaced,1,total,6.77205e+06,6.88128e+06,7630
1,rigtorp_65536_cross-core_unpaced,1,total,6.88128e+06,6.9905e+06,6375
1,rigtorp_65536_cross-core_unpaced,1,total,6.9905e+06,7.20895e+06,5490
1,rigtorp_65536_cross-core_unpaced,1,total,7.20895e+06,7.42741e+06,4249
1,rigtorp_65536_cross-core_unpaced,1,total,7.42741e+06,7.64586e+06,4998
1,rigtorp_65536_cross-core_unpaced,1,total,7.64586e+06,7.86431e+06,4600
1,rigtorp_65536_cross-core_unpaced,1,total,7.86431e+06,8.08277e+06,32095
1,rigtorp_65536_cross-core_unpaced,1,total,8.08277e+06,8.30122e+06,259916
1,rigtorp_65536_cross-core_unpaced,1,total,8.30122e+06,8.51967e+06,485225
1,rigtorp_65536_cross-core_unpaced,1,total,8.51967e+06,8.73813e+06,552656
1,rigtorp_65536_cross-core_unpaced,1,total,8.73813e+06,8.95658e+06,420796
1,rigtorp_65536_cross-core_unpaced,1,total,8.95658e+06,9.17503e+06,172253
1,rigtorp_65536_cross-core_unpaced,1,total,9.17503e+06,9.39349e+06,58593
1,rigtorp_65536_cross-core_unpaced,1,total,9.39349e+06,9.61194e+06,21721
1,rigtorp_65536_cross-core_unpaced,1,total,9.61194e+06,9.83039e+06,8495
1,rigtorp_65536_cross-core_unpaced,1,total,9.83039e+06,1.00488e+07,3571
1,rigtorp_65536_cross-core_unpaced,1,total,1.00488e+07,1.02673e+07,7823
1,rigtorp_65536_cross-core_unpaced,1,total,1.02673e+07,1.04858e+07,2839
1,rigtorp_65536_cross-core_unpaced,1,total,1.04858e+07,1.07042e+07,4058
1,rigtorp_65536_cross-core_unpaced,1,total,1.07042e+07,1.09227e+07,4035
1,rigtorp_65536_cross-core_unpaced,1,total,1.09227e+07,1.11411e+07,2382
1,rigtorp_65536_cross-core_unpaced,1,total,1.11411e+07,1.13596e+07,1911
1,rigtorp_65536_cross-core_unpaced,1,total,1.13596e+07,1.1578e+07,3324
1,rigtorp_65536_cross-core_unpaced,1,total,1.1578e+07,1.17965e+07,2188
1,rigtorp_65536_cross-core_unpaced,1,total,1.17965e+07,1.20149e+07,285
1,rigtorp_65536_cross-core_unpaced,1,total,1.20149e+07,1.22334e+07,286
1,rigtorp_65536_cross-core_unpaced,1,total,1.22334e+07,1.24518e+07,283
1,rigtorp_65536_cross-core_unpaced,1,total,1.24518e+07,1.26703e+07,290
1,rigtorp_65536_cross-core_unpaced,1,total,1.26703e+07,1.28887e+07,330
1,rigtorp_65536_cross-core_unpaced,1,total,1.28887e+07,1.31072e+07,323
1,rigtorp_65536_cross-core_unpaced,1,total,1.31072e+07,1.33256e+07,304
1,rigtorp_65536_cross-core_unpaced,1,total,1.33256e+07,1.35441e+07,309
1,rigtorp_65536_cross-core_unpaced,1,total,1.35441e+07,1.37626e+07,278
1,rigtorp_65536_cross-core_unpaced,1,total,1.37626e+07,1.3981e+07,318
1,rigtorp_65536_cross-core_unpaced,1,total,1.3981e+07,1.44179e+07,530
1,rigtorp_65536_cross-core_unpaced,1,total,1.44179e+07,1.48548e+07,971
1,rigtorp_65536_cross-core_unpaced,1,total,1.48548e+07,1.52917e+07,2557
1,rigtorp_65536_cross-core_unpaced,1,queue,98.3333,99.9999,1
1,rigtorp_65536_cross-core_unpaced,1,queue,110,113.333,1
1,rigtorp_65536_cross-core_unpaced,1,queue,116.667,120,1
1,rigtorp_65536_cross-core_unpaced,1,queue,133.333,136.667,1
1,rigtorp_65536_cross-core_unpaced,1,queue,143.333,146.667,2
1,rigtorp_65536_cross-core_unpaced,1,queue,146.667,150,1
1,rigtorp_65536_cross-core_unpaced,1,queue,153.333,156.667,1
1,rigtorp_65536_cross-core_unpaced,1,queue,163.333,166.667,1
1,rigtorp_65536_cross-core_unpaced,1,queue,166.667,170,3
1,rigtorp_65536_cross-core_unpaced,1,queue,170,173.333,1
1,rigtorp_65536_cross-core_unpaced,1,queue,173.333,176.667,3
1,rigtorp_65536_cross-core_unpaced,1,queue,180,183.333,3
1,rigtorp_65536_cross-core_unpaced,1,queue,183.333,186.667,2
1,rigtorp_65536_cross-core_unpaced,1,queue,186.667,190,1
1,rigtorp_65536_cross-core_unpaced,1,queue,190,193.333,1
1,rigtorp_65536_cross-core_unpaced,1,queue,196.667,200,5
1,rigtorp_65536_cross-core_unpaced,1,queue,200,203.333,4
1,rigtorp_65536_cross-core_unpaced,1,queue,203.333,206.667,1
1,rigtorp_65536_cross-core_unpaced,1,queue,206.667,210,5
1,rigtorp_65536_cross-core_unpaced,1,queue,210,213.333,2
1,rigtorp_65536_cross-core_unpaced,1,queue,213.333,220,13
1,rigtorp_65536_cross-core_unpaced,1,queue,220,226.667,6
1,rigtorp_65536_cross-core_unpaced,1,queue,226.667,233.333,7
1,rigtorp_65536_cross-core_unpaced,1,queue,233.333,240,4
1,rigtorp_65536_cross-core_unpaced,1,queue,240,246.666,8
1,rigtorp_65536_cross-core_unpaced,1,queue,246.666,253.333,6
1,rigtorp_65536_cross-core_unpaced,1,queue,253.333,260,12
1,rigtorp_65536_cross-core_unpaced,1,queue,260,266.666,11
1,rigtorp_65536_cross-core_unpaced,1,queue,266.666,273.333,7
1,rigtorp_65536_cross-core_unpaced,1,queue,273.333,280,13
1,rigtorp_65536_cross-core_unpaced,1,queue,280,286.666,9
1,rigtorp_65536_cross-core_unpaced,1,queue,286.666,293.333,12
1,rigtorp_65536_cross-core_unpaced,1,queue,293.333,300,14
1,rigtorp_65536_cross-core_unpaced,1,queue,300,306.666,13
1,rigtorp_65536_cross-core_unpaced,1,queue,306.666,313.333,8
1,rigtorp_65536_cross-core_unpaced,1,queue,313.333,320,11
1,rigtorp_65536_cross-core_unpaced,1,queue,320,326.666,19
1,rigtorp_65536_cross-core_unpaced,1,queue,326.666,333.333,7
1,rigtorp_65536_cross-core_unpaced,1,queue,333.333,340,8
1,rigtorp_65536_cross-core_unpaced,1,queue,340,346.666,11
1,rigtorp_65536_cross-core_unpaced,1,queue,346.666,353.333,14
1,rigtorp_65536_cross-core_unpaced,1,queue,353.333,360,10
1,rigtorp_65536_cross-core_unpaced,1,queue,360,366.666,10
1,rigtorp_65536_cross-core_unpaced,1,queue,366.666,373.333,10
1,rigtorp_65536_cross-core_unpaced,1,queue,373.333,380,8
1,rigtorp_65536_cross-core_unpaced,1,queue,380,386.666,7
1,rigtorp_65536_cross-core_unpaced,1,queue,386.666,393.333,12
1,rigtorp_65536_cross-core_unpaced,1,queue,393.333,400,6
1,rigtorp_65536_cross-core_unpaced,1,queue,400,406.666,8
1,rigtorp_65536_cross-core_unpaced,1,queue,406.666,413.333,8
1,rigtorp_65536_cross-core_unpaced,1,queue,413.333,420,11
1,rigtorp_65536_cross-core_unpaced,1,queue,420,426.666,5
1,rigtorp_65536_cross-core_unpaced,1,queue,426.666,440,18
1,rigtorp_65536_cross-core_unpaced,1,queue,440,453.333,15
1,rigtorp_65536_cross-core_unpaced,1,queue,453.333,466.666,12
1,rigtorp_65536_cross-core_unpaced,1,queue,466.666,480,9
1,rigtorp_65536_cross-core_unpaced,1,queue,480,493.333,14
1,rigtorp_65536_cross-core_unpaced,1,queue,493.333,506.666,16
1,rigtorp_65536_cross-core_unpaced,1,queue,506.666,520,12
1,rigtorp_65536_cross-core_unpaced,1,queue,520,533.333,10
1,rigtorp_65536_cross-core_unpaced,1,queue,533.333,546.666,2
1,rigtorp_65536_cross-core_unpaced,1,queue,546.666,560,7
1,rigtorp_65536_cross-core_unpaced,1,queue,560,573.333,12
1,rigtorp_65536_cross-core_unpaced,1,queue,573.333,586.666,5
1,rigtorp_65536_cross-core_unpaced,1,queue,586.666,600,6
1,rigtorp_65536_cross-core_unpaced,1,queue,600,613.333,3
1,rigtorp_65536_cross-core_unpaced,1,queue,613.333,626.666,4
1,rigtorp_65536_cross-core_unpaced,1,queue,626.666,640,3
1,rigtorp_65536_cross-core_unpaced,1,queue,640,653.333,2
1,rigtorp_65536_cross-core_unpaced,1,queue,653.333,666.666,3
1,rigtorp_65536_cross-core_unpaced,1,queue,666.666,680,5
1,rigtorp_65536_cross-core_unpaced,1,queue,680,693.333,1
1,rigtorp_65536_cross-core_unpaced,1,queue,693.333,706.666,1
1,rigtorp_65536_cross-core_unpaced,1,queue,719.999,733.333,3
1,rigtorp_65536_cross-core_unpaced,1,queue,733.333,746.666,4
1,rigtorp_65536_cross-core_unpaced,1,queue,746.666,759.999,2
1,rigtorp_65536_cross-core_unpaced,1,queue,759.999,773.333,1
1,rigtorp_65536_cross-core_unpaced,1,queue,826.666,839.999,3
1,rigtorp_65536_cross-core_unpaced,1,queue,906.666,933.333,1
1,rigtorp_65536_cross-core_unpaced,1,queue,933.333,959.999,1
1,rigtorp_65536_cross-core_unpaced,1,queue,1600,1626.67,1
1,rigtorp_65536_cross-core_unpaced,1,queue,1680,1706.67,1
1,rigtorp_65536_cross-core_unpaced,1,queue,1706.67,1760,1
1,rigtorp_65536_cross-core_unpaced,1,queue,1760,1813.33,1
1,rigtorp_65536_cross-core_unpaced,1,queue,14080,14506.7,1
1,rigtorp_65536_cross-core_unpaced,1,queue,14506.7,14933.3,1
1,rigtorp_65536_cross-core_unpaced,1,queue,16213.3,16640,1
1,rigtorp_65536_cross-core_unpaced,1,queue,16640,17066.7,1
1,rigtorp_65536_cross-core_unpaced,1,queue,19200,19626.7,1
1,rigtorp_65536_cross-core_unpaced,1,queue,20053.3,20480,1
1,rigtorp_65536_cross-core_unpaced,1,queue,20906.7,21333.3,1
1,rigtorp_65536_cross-core_unpaced,1,queue,23466.7,23893.3,1
1,rigtorp_65536_cross-core_unpaced,1,queue,27306.6,28160,1
1,rigtorp_65536_cross-core_unpaced,1,queue,28160,29013.3,1
1,rigtorp_65536_cross-core_unpaced,1,queue,30720,31573.3,1
1,rigtorp_65536_cross-core_unpaced,1,queue,34133.3,34986.6,1
1,rigtorp_65536_cross-core_unpaced,1,queue,34986.6,35840,2
1,rigtorp_65536_cross-core_unpaced,1,queue,35840,36693.3,1
1,rigtorp_65536_cross-core_unpaced,1,queue,37546.6,38400,1
1,rigtorp_65536_cross-core_unpaced,1,queue,38400,39253.3,1
1,rigtorp_65536_cross-core_unpaced,1,queue,39253.3,40106.6,1
1,rigtorp_65536_cross-core_unpaced,1,queue,40960,41813.3,3
1,rigtorp_65536_cross-core_unpaced,1,queue,42666.6,43520,1
1,rigtorp_65536_cross-core_unpaced,1,queue,45226.6,46080,1
1,rigtorp_65536_cross-core_unpaced,1,queue,46933.3,47786.6,1
1,rigtorp_65536_cross-core_unpaced,1,queue,51200,52053.3,1
1,rigtorp_65536_cross-core_unpaced,1,queue,52053.3,52906.6,1
1,rigtorp_65536_cross-core_unpaced,1,queue,53760,54613.3,2
1,rigtorp_65536_cross-core_unpaced,1,queue,54613.3,56320,2
1,rigtorp_65536_cross-core_unpaced,1,queue,56320,58026.6,2
1,rigtorp_65536_cross-core_unpaced,1,queue,58026.6,59733.3,1
1,rigtorp_65536_cross-core_unpaced,1,queue,59733.3,61440,1
1,rigtorp_65536_cross-core_unpaced,1,queue,61440,63146.6,2
1,rigtorp_65536_cross-core_unpaced,1,queue,64853.3,66560,2
1,rigtorp_65536_cross-core_unpaced,1,queue,66560,68266.6,3
1,rigtorp_65536_cross-core_unpaced,1,queue,68266.6,69973.3,3
1,rigtorp_65536_cross-core_unpaced,1,queue,69973.3,71679.9,3
1,rigtorp_65536_cross-core_unpaced,1,queue,73386.6,75093.3,3
1,rigtorp_65536_cross-core_unpaced,1,queue,75093.3,76799.9,1
1,rigtorp_65536_cross-core_unpaced,1,queue,76799.9,78506.6,1
1,rigtorp_65536_cross-core_unpaced,1,queue,78506.6,80213.3,1
1,rigtorp_65536_cross-core_unpaced,1,queue,80213.3,81919.9,2
1,rigtorp_65536_cross-core_unpaced,1,queue,81919.9,83626.6,2
1,rigtorp_65536_cross-core_unpaced,1,queue,83626.6,85333.3,2
1,rigtorp_65536_cross-core_unpaced,1,queue,85333.3,87039.9,1
1,rigtorp_65536_cross-core_unpaced,1,queue,88746.6,90453.3,1
1,rigtorp_65536_cross-core_unpaced,1,queue,90453.3,92159.9,1
1,rigtorp_65536_cross-core_unpaced,1,queue,92159.9,93866.6,5
1,rigtorp_65536_cross-core_unpaced,1,queue,93866.6,95573.3,2
1,rigtorp_65536_cross-core_unpaced,1,queue,95573.3,97279.9,5
1,rigtorp_65536_cross-core_unpaced,1,queue,97279.9,98986.6,2
1,rigtorp_65536_cross-core_unpaced,1,queue,98986.6,100693,1
1,rigtorp_65536_cross-core_unpaced,1,queue,100693,102400,3
1,rigtorp_65536_cross-core_unpaced,1,queue,102400,104107,1
1,rigtorp_65536_cross-core_unpaced,1,queue,104107,105813,1
1,rigtorp_65536_cross-core_unpaced,1,queue,105813,107520,2
1,rigtorp_65536_cross-core_unpaced,1,queue,107520,109227,1
1,rigtorp_65536_cross-core_unpaced,1,queue,109227,112640,1
1,rigtorp_65536_cross-core_unpaced,1,queue,112640,116053,4
1,rigtorp_65536_cross-core_unpaced,1,queue,116053,119467,2
1,rigtorp_65536_cross-core_unpaced,1,queue,119467,122880,3
1,rigtorp_65536_cross-core_unpaced,1,queue,122880,126293,2
1,rigtorp_65536_cross-core_unpaced,1,queue,126293,129707,9
1,rigtorp_65536_cross-core_unpaced,1,queue,129707,133120,8
1,rigtorp_65536_cross-core_unpaced,1,queue,133120,136533,1
1,rigtorp_65536_cross-core_unpaced,1,queue,136533,139947,5
1,rigtorp_65536_cross-core_unpaced,1,queue,139947,143360,3
1,rigtorp_65536_cross-core_unpaced,1,queue,143360,146773,3
1,rigtorp_65536_cross-core_unpaced,1,queue,146773,150187,4
1,rigtorp_65536_cross-core_unpaced,1,queue,150187,153600,9
1,rigtorp_65536_cross-core_unpaced,1,queue,153600,157013,5
1,rigtorp_65536_cross-core_unpaced,1,queue,157013,160427,4
1,rigtorp_65536_cross-core_unpaced,1,queue,160427,163840,4
1,rigtorp_65536_cross-core_unpaced,1,queue,163840,167253,3
1,rigtorp_65536_cross-core_unpaced,1,queue,167253,170667,6
1,rigtorp_65536_cross-core_unpaced,1,queue,170667,174080,4
1,rigtorp_65536_cross-core_unpaced,1,queue,174080,177493,6
1,rigtorp_65536_cross-core_unpaced,1,queue,177493,180907,7
1,rigtorp_65536_cross-core_unpaced,1,queue,180907,184320,11
1,rigtorp_65536_cross-core_unpaced,1,queue,184320,187733,12
1,rigtorp_65536_cross-core_unpaced,1,queue,187733,191147,4
1,rigtorp_65536_cross-core_unpaced,1,queue,191147,194560,8
1,rigtorp_65536_cross-core_unpaced,1,queue,194560,197973,7
1,rigtorp_65536_cross-core_unpaced,1,queue,197973,201387,3
1,rigtorp_65536_cross-core_unpaced,1,queue,201387,204800,5
1,rigtorp_65536_cross-core_unpaced,1,queue,204800,208213,7
1,rigtorp_65536_cross-core_unpaced,1,queue,208213,211627,6
1,rigtorp_65536_cross-core_unpaced,1,queue,211627,215040,7
1,rigtorp_65536_cross-core_unpaced,1,queue,215040,218453,7
1,rigtorp_65536_cross-core_unpaced,1,queue,218453,225280,18
1,rigtorp_65536_cross-core_unpaced,1,queue,225280,232107,11
1,rigtorp_65536_cross-core_unpaced,1,queue,232107,238933,11
1,rigtorp_65536_cross-core_unpaced,1,queue,238933,245760,15
1,rigtorp_65536_cross-core_unpaced,1,queue,245760,252586,14
1,rigtorp_65536_cross-core_unpaced,1,queue,252586,259413,6
1,rigtorp_65536_cross-core_unpaced,1,queue,259413,266240,9
1,rigtorp_65536_cross-core_unpaced,1,queue,266240,273066,14
1,rigtorp_65536_cross-core_unpaced,1,queue,273066,279893,9
1,rigtorp_65536_cross-core_unpaced,1,queue,279893,286720,10
1,rigtorp_65536_cross-core_unpaced,1,queue,286720,293546,11
1,rigtorp_65536_cross-core_unpaced,1,queue,293546,300373,11
1,rigtorp_65536_cross-core_unpaced,1,queue,300373,307200,7
1,rigtorp_65536_cross-core_unpaced,1,queue,307200,314026,12
1,rigtorp_65536_cross-core_unpaced,1,queue,314026,320853,13
1,rigtorp_65536_cross-core_unpaced,1,queue,320853,327680,14
1,rigtorp_65536_cross-core_unpaced,1,queue,327680,334506,14
1,rigtorp_65536_cross-core_unpaced,1,queue,334506,341333,22
1,rigtorp_65536_cross-core_unpaced,1,queue,341333,348160,23
1,rigtorp_65536_cross-core_unpaced,1,queue,348160,354986,11
1,rigtorp_65536_cross-core_unpaced,1,queue,354986,361813,19
1,rigtorp_65536_cross-core_unpaced,1,queue,361813,368640,18
1,rigtorp_65536_cross-core_unpaced,1,queue,368640,375466,20
1,rigtorp_65536_cross-core_unpaced,1,queue,375466,382293,16
1,rigtorp_65536_cross-core_unpaced,1,queue,382293,389120,14
1,rigtorp_65536_cross-core_unpaced,1,queue,389120,395946,13
1,rigtorp_65536_cross-core_unpaced,1,queue,395946,402773,16
1,rigtorp_65536_cross-core_unpaced,1,queue,402773,409600,16
1,rigtorp_65536_cross-core_unpaced,1,queue,409600,416426,14
1,rigtorp_65536_cross-core_unpaced,1,queue,416426,423253,14
1,rigtorp_65536_cross-core_unpaced,1,queue,423253,430080,9
1,rigtorp_65536_cross-core_unpaced,1,queue,430080,436906,22
1,rigtorp_65536_cross-core_unpaced,1,queue,436906,450560,46
1,rigtorp_65536_cross-core_unpaced,1,queue,450560,464213,37
1,rigtorp_65536_cross-core_unpaced,1,queue,464213,477866,49
1,rigtorp_65536_cross-core_unpaced,1,queue,477866,491520,32
1,rigtorp_65536_cross-core_unpaced,1,queue,491520,505173,36
1,rigtorp_65536_cross-core_unpaced,1,queue,505173,518826,36
1,rigtorp_65536_cross-core_unpaced,1,queue,518826,532480,29
1,rigtorp_65536_cross-core_unpaced,1,queue,532480,546133,35
1,rigtorp_65536_cross-core_unpaced,1,queue,546133,559786,40
1,rigtorp_65536_cross-core_unpaced,1,queue,559786,573440,29
1,rigtorp_65536_cross-core_unpaced,1,queue,573440,587093,40
1,rigtorp_65536_cross-core_unpaced,1,queue,587093,600746,31
1,rigtorp_65536_cross-core_unpaced,1,queue,600746,614400,41
1,rigtorp_65536_cross-core_unpaced,1,queue,614400,628053,34
1,rigtorp_65536_cross-core_unpaced,1,queue,628053,641706,52
1,rigtorp_65536_cross-core_unpaced,1,queue,641706,655360,39
1,rigtorp_65536_cross-core_unpaced,1,queue,655360,669013,34
1,rigtorp_65536_cross-core_unpaced,1,queue,669013,682666,36
1,rigtorp_65536_cross-core_unpaced,1,queue,682666,696320,39
1,rigtorp_65536_cross-core_unpaced,1,queue,696320,709973,43
1,rigtorp_65536_cross-core_unpaced,1,queue,709973,723626,28
1,rigtorp_65536_cross-core_unpaced,1,queue,723626,737279,28
1,rigtorp_65536_cross-core_unpaced,1,queue,737279,750933,35
1,rigtorp_65536_cross-core_unpaced,1,queue,750933,764586,38
1,rigtorp_65536_cross-core_unpaced,1,queue,764586,778239,38
1,rigtorp_65536_cross-core_unpaced,1,queue,778239,791893,36
1,rigtorp_65536_cross-core_unpaced,1,queue,791893,805546,51
1,rigtorp_65536_cross-core_unpaced,1,queue,805546,819199,40
1,rigtorp_65536_cross-core_unpaced,1,queue,819199,832853,43
1,rigtorp_65536_cross-core_unpaced,1,queue,832853,846506,27
1,rigtorp_65536_cross-core_unpaced,1,queue,846506,860159,24
1,rigtorp_65536_cross-core_unpaced,1,queue,860159,873813,43
1,rigtorp_65536_cross-core_unpaced,1,queue,873813,901119,57
1,rigtorp_65536_cross-core_unpaced,1,queue,901119,928426,59
1,rigtorp_65536_cross-core_unpaced,1,queue,928426,955733,80
1,rigtorp_65536_cross-core_unpaced,1,queue,955733,983039,59
1,rigtorp_65536_cross-core_unpaced,1,queue,983039,1.01035e+06,59
1,rigtorp_65536_cross-core_unpaced,1,queue,1.01035e+06,1.03765e+06,70
1,rigtorp_65536_cross-core_unpaced,1,queue,1.03765e+06,1.06496e+06,73
1,rigtorp_65536_cross-core_unpaced,1,queue,1.06496e+06,1.09227e+06,63
1,rigtorp_65536_cross-core_unpaced,1,queue,1.09227e+06,1.11957e+06,65
1,rigtorp_65536_cross-core_unpaced,1,queue,1.11957e+06,1.14688e+06,68
1,rigtorp_65536_cross-core_unpaced,1,queue,1.14688e+06,1.17419e+06,56
1,rigtorp_65536_cross-core_unpaced,1,queue,1.17419e+06,1.20149e+06,30
1,rigtorp_65536_cross-core_unpaced,1,queue,1.20149e+06,1.2288e+06,31
1,rigtorp_65536_cross-core_unpaced,1,queue,1.2288e+06,1.25611e+06,27
1,rigtorp_65536_cross-core_unpaced,1,queue,1.25611e+06,1.28341e+06,34
1,rigtorp_65536_cross-core_unpaced,1,queue,1.28341e+06,1.31072e+06,33
1,rigtorp_65536_cross-core_unpaced,1,queue,1.31072e+06,1.33803e+06,31
1,rigtorp_65536_cross-core_unpaced,1,queue,1.33803e+06,1.36533e+06,31
1,rigtorp_65536_cross-core_unpaced,1,queue,1.36533e+06,1.39264e+06,26
1,rigtorp_65536_cross-core_unpaced,1,queue,1.39264e+06,1.41995e+06,40
1,rigtorp_65536_cross-core_unpaced,1,queue,1.41995e+06,1.44725e+06,26
1,rigtorp_65536_cross-core_unpaced,1,queue,1.44725e+06,1.47456e+06,27
1,rigtorp_65536_cross-core_unpaced,1,queue,1.47456e+06,1.50187e+06,27
1,rigtorp_65536_cross-core_unpaced,1,queue,1.50187e+06,1.52917e+06,32
1,rigtorp_65536_cross-core_unpaced,1,queue,1.52917e+06,1.55648e+06,41
1,rigtorp_65536_cross-core_unpaced,1,queue,1.55648e+06,1.58379e+06,39
1,rigtorp_65536_cross-core_unpaced,1,queue,1.58379e+06,1.61109e+06,29
1,rigtorp_65536_cross-core_unpaced,1,queue,1.61109e+06,1.6384e+06,33
1,rigtorp_65536_cross-core_unpaced,1,queue,1.6384e+06,1.66571e+06,36
1,rigtorp_65536_cross-core_unpaced,1,queue,1.66571e+06,1.69301e+06,27
1,rigtorp_65536_cross-core_unpaced,1,queue,1.69301e+06,1.72032e+06,44
1,rigtorp_65536_cross-core_unpaced,1,queue,1.72032e+06,1.74763e+06,36
1,rigtorp_65536_cross-core_unpaced,1,queue,1.74763e+06,1.80224e+06,63
1,rigtorp_65536_cross-core_unpaced,1,queue,1.80224e+06,1.85685e+06,53
1,rigtorp_65536_cross-core_unpaced,1,queue,1.85685e+06,1.91147e+06,53
1,rigtorp_65536_cross-core_unpaced,1,queue,1.91147e+06,1.96608e+06,71
1,rigtorp_65536_cross-core_unpaced,1,queue,1.96608e+06,2.02069e+06,63
1,rigtorp_65536_cross-core_unpaced,1,queue,2.02069e+06,2.07531e+06,56
1,rigtorp_65536_cross-core_unpaced,1,queue,2.07531e+06,2.12992e+06,52
1,rigtorp_65536_cross-core_unpaced,1,queue,2.12992e+06,2.18453e+06,55
1,rigtorp_65536_cross-core_unpaced,1,queue,2.18453e+06,2.23915e+06,61
1,rigtorp_65536_cross-core_unpaced,1,queue,2.23915e+06,2.29376e+06,47
1,rigtorp_65536_cross-core_unpaced,1,queue,2.29376e+06,2.34837e+06,47
1,rigtorp_65536_cross-core_unpaced,1,queue,2.34837e+06,2.40298e+06,48
1,rigtorp_65536_cross-core_unpaced,1,queue,2.40298e+06,2.4576e+06,46
1,rigtorp_65536_cross-core_unpaced,1,queue,2.4576e+06,2.51221e+06,50
1,rigtorp_65536_cross-core_unpaced,1,queue,2.51221e+06,2.56682e+06,53
1,rigtorp_65536_cross-core_unpaced,1,queue,2.56682e+06,2.62144e+06,52
1,rigtorp_65536_cross-core_unpaced,1,queue,2.62144e+06,2.67605e+06,54
1,rigtorp_65536_cross-core_unpaced,1,queue,2.67605e+06,2.73066e+06,46
1,rigtorp_65536_cross-core_unpaced,1,queue,2.73066e+06,2.78528e+06,41
1,rigtorp_65536_cross-core_unpaced,1,queue,2.78528e+06,2.83989e+06,43
1,rigtorp_65536_cross-core_unpaced,1,queue,2.83989e+06,2.8945e+06,42
1,rigtorp_65536_cross-core_unpaced,1,queue,2.8945e+06,2.94912e+06,54
1,rigtorp_65536_cross-core_unpaced,1,queue,2.94912e+06,3.00373e+06,41
1,rigtorp_65536_cross-core_unpaced,1,queue,3.00373e+06,3.05834e+06,54
1,rigtorp_65536_cross-core_unpaced,1,queue,3.05834e+06,3.11296e+06,54
1,rigtorp_65536_cross-core_unpaced,1,queue,3.11296e+06,3.16757e+06,47
1,rigtorp_65536_cross-core_unpaced,1,queue,3.16757e+06,3.22218e+06,49
1,rigtorp_65536_cross-core_unpaced,1,queue,3.22218e+06,3.2768e+06,53
1,rigtorp_65536_cross-core_unpaced,1,queue,3.2768e+06,3.33141e+06,42
1,rigtorp_65536_cross-core_unpaced,1,queue,3.33141e+06,3.38602e+06,61
1,rigtorp_65536_cross-core_unpaced,1,queue,3.38602e+06,3.44064e+06,56
1,rigtorp_65536_cross-core_unpaced,1,queue,3.44064e+06,3.49525e+06,40
1,rigtorp_65536_cross-core_unpaced,1,queue,3.49525e+06,3.60448e+06,102
1,rigtorp_65536_cross-core_unpaced,1,queue,3.60448e+06,3.7137e+06,91
1,rigtorp_65536_cross-core_unpaced,1,queue,3.7137e+06,3.82293e+06,102
1,rigtorp_65536_cross-core_unpaced,1,queue,3.82293e+06,3.93216e+06,94
1,rigtorp_65536_cross-core_unpaced,1,queue,3.93216e+06,4.04138e+06,102
1,rigtorp_65536_cross-core_unpaced,1,queue,4.04138e+06,4.15061e+06,88
1,rigtorp_65536_cross-core_unpaced,1,queue,4.15061e+06,4.25984e+06,94
1,rigtorp_65536_cross-core_unpaced,1,queue,4.25984e+06,4.36906e+06,86
1,rigtorp_65536_cross-core_unpaced,1,queue,4.36906e+06,4.47829e+06,102
1,rigtorp_65536_cross-core_unpaced,1,queue,4.47829e+06,4.58752e+06,107
1,rigtorp_65536_cross-core_unpaced,1,queue,4.58752e+06,4.69674e+06,101
1,rigtorp_65536_cross-core_unpaced,1,queue,4.69674e+06,4.80597e+06,100
1,rigtorp_65536_cross-core_unpaced,1,queue,4.80597e+06,4.9152e+06,111
1,rigtorp_65536_cross-core_unpaced,1,queue,4.9152e+06,5.02442e+06,105
1,rigtorp_65536_cross-core_unpaced,1,queue,5.02442e+06,5.13365e+06,98
1,rigtorp_65536_cross-core_unpaced,1,queue,5.13365e+06,5.24288e+06,105
1,rigtorp_65536_cross-core_unpaced,1,queue,5.24288e+06,5.3521e+06,98
1,rigtorp_65536_cross-core_unpaced,1,queue,5.3521e+06,5.46133e+06,426
1,rigtorp_65536_cross-core_unpaced,1,queue,5.46133e+06,5.57056e+06,6809
1,rigtorp_65536_cross-core_unpaced,1,queue,5.57056e+06,5.67978e+06,97338
1,rigtorp_65536_cross-core_unpaced,1,queue,5.67978e+06,5.78901e+06,72800
1,rigtorp_65536_cross-core_unpaced,1,queue,5.78901e+06,5.89824e+06,33288
1,rigtorp_65536_cross-core_unpaced,1,queue,5.89824e+06,6.00746e+06,21066
1,rigtorp_65536_cross-core_unpaced,1,queue,6.00746e+06,6.11669e+06,18351
1,rigtorp_65536_cross-core_unpaced,1,queue,6.11669e+06,6.22592e+06,7034
1,rigtorp_65536_cross-core_unpaced,1,queue,6.22592e+06,6.33514e+06,7442
1,rigtorp_65536_cross-core_unpaced,1,queue,6.33514e+06,6.44437e+06,7638
1,rigtorp_65536_cross-core_unpaced,1,queue,6.44437e+06,6.5536e+06,5712
1,rigtorp_65536_cross-core_unpaced,1,queue,6.5536e+06,6.66282e+06,4115
1,rigtorp_65536_cross-core_unpaced,1,queue,6.66282e+06,6.77205e+06,8301
1,rigtorp_65536_cross-core_unpaced,1,queue,6.77205e+06,6.88128e+06,7625
1,rigtorp_65536_cross-core_unpaced,1,queue,6.88128e+06,6.9905e+06,6373
1,rigtorp_65536_cross-core_unpaced,1,queue,6.9905e+06,7.20895e+06,5489
1,rigtorp_65536_cross-core_unpaced,1,queue,7.20895e+06,7.42741e+06,4249
1,rigtorp_65536_cross-core_unpaced,1,queue,7.42741e+06,7.64586e+06,5000
1,rigtorp_65536_cross-core_unpaced,1,queue,7.64586e+06,7.86431e+06,4599
1,rigtorp_65536_cross-core_unpaced,1,queue,7.86431e+06,8.08277e+06,32178
1,rigtorp_65536_cross-core_unpaced,1,queue,8.08277e+06,8.30122e+06,259999
1,rigtorp_65536_cross-core_unpaced,1,queue,8.30122e+06,8.51967e+06,485361
1,rigtorp_65536_cross-core_unpaced,1,queue,8.51967e+06,8.73813e+06,552638
1,rigtorp_65536_cross-core_unpaced,1,queue,8.73813e+06,8.95658e+06,420666
1,rigtorp_65536_cross-core_unpaced,1,queue,8.95658e+06,9.17503e+06,172159
1,rigtorp_65536_cross-core_unpaced,1,queue,9.17503e+06,9.39349e+06,58540
1,rigtorp_65536_cross-core_unpaced,1,queue,9.39349e+06,9.61194e+06,21719
1,rigtorp_65536_cross-core_unpaced,1,queue,9.61194e+06,9.83039e+06,8494
1,rigtorp_65536_cross-core_unpaced,1,queue,9.83039e+06,1.00488e+07,3568
1,rigtorp_65536_cross-core_unpaced,1,queue,1.00488e+07,1.02673e+07,7823
1,rigtorp_65536_cross-core_unpaced,1,queue,1.02673e+07,1.04858e+07,2839
1,rigtorp_65536_cross-core_unpaced,1,queue,1.04858e+07,1.07042e+07,4059
1,rigtorp_65536_cross-core_unpaced,1,queue,1.07042e+07,1.09227e+07,4034
1,rigtorp_65536_cross-core_unpaced,1,queue,1.09227e+07,1.11411e+07,2381
1,rigtorp_65536_cross-core_unpaced,1,queue,1.11411e+07,1.13596e+07,1912
1,rigtorp_65536_cross-core_unpaced,1,queue,1.13596e+07,1.1578e+07,3322
1,rigtorp_65536_cross-core_unpaced,1,queue,1.1578e+07,1.17965e+07,2188
1,rigtorp_65536_cross-core_unpaced,1,queue,1.17965e+07,1.20149e+07,285
1,rigtorp_65536_cross-core_unpaced,1,queue,1.20149e+07,1.22334e+07,286
1,rigtorp_65536_cross-core_unpaced,1,queue,1.22334e+07,1.24518e+07,283
1,rigtorp_65536_cross-core_unpaced,1,queue,1.24518e+07,1.26703e+07,290
1,rigtorp_65536_cross-core_unpaced,1,queue,1.26703e+07,1.28887e+07,330
1,rigtorp_65536_cross-core_unpaced,1,queue,1.28887e+07,1.31072e+07,323
1,rigtorp_65536_cross-core_unpaced,1,queue,1.31072e+07,1.33256e+07,304
1,rigtorp_65536_cross-core_unpaced,1,queue,1.33256e+07,1.35441e+07,309
1,rigtorp_65536_cross-core_unpaced,1,queue,1.35441e+07,1.37626e+07,279
1,rigtorp_65536_cross-core_unpaced,1,queue,1.37626e+07,1.3981e+07,317
1,rigtorp_65536_cross-core_unpaced,1,queue,1.3981e+07,1.44179e+07,530
1,rigtorp_65536_cross-core_unpaced,1,queue,1.44179e+07,1.48548e+07,971
1,rigtorp_65536_cross-core_unpaced,1,queue,1.48548e+07,1.52917e+07,2557
1,rigtorp_65536_cross-core_unpaced,1,book,5.83333,6.25,7
1,rigtorp_65536_cross-core_unpaced,1,book,6.66666,7.08333,758
1,rigtorp_65536_cross-core_unpaced,1,book,7.49999,7.91666,5743
1,rigtorp_65536_cross-core_unpaced,1,book,8.33333,8.74999,10872
1,rigtorp_65536_cross-core_unpaced,1,book,9.16666,9.58333,11485
1,rigtorp_65536_cross-core_unpaced,1,book,9.99999,10.4167,30365
1,rigtorp_65536_cross-core_unpaced,1,book,10.8333,11.25,5278
1,rigtorp_65536_cross-core_unpaced,1,book,11.6667,12.0833,1383
1,rigtorp_65536_cross-core_unpaced,1,book,12.5,12.9167,931
1,rigtorp_65536_cross-core_unpaced,1,book,13.3333,13.75,984
1,rigtorp_65536_cross-core_unpaced,1,book,14.1667,14.5833,1459
1,rigtorp_65536_cross-core_unpaced,1,book,15,15.4167,1798
1,rigtorp_65536_cross-core_unpaced,1,book,15.8333,16.25,1864
1,rigtorp_65536_cross-core_unpaced,1,book,16.6667,17.0833,2245
1,rigtorp_65536_cross-core_unpaced,1,book,17.5,17.9167,4686
1,rigtorp_65536_cross-core_unpaced,1,book,18.3333,18.75,10572
1,rigtorp_65536_cross-core_unpaced,1,book,19.1667,19.5833,14259
1,rigtorp_65536_cross-core_unpaced,1,book,20,20.4167,21095
1,rigtorp_65536_cross-core_unpaced,1,book,20.8333,21.25,15037
1,rigtorp_65536_cross-core_unpaced,1,book,21.6667,22.0833,10031
1,rigtorp_65536_cross-core_unpaced,1,book,22.5,22.9167,6503
1,rigtorp_65536_cross-core_unpaced,1,book,23.3333,23.75,4446
1,rigtorp_65536_cross-core_unpaced,1,book,24.1666,24.5833,5548
1,rigtorp_65536_cross-core_unpaced,1,book,25,25.4166,5014
1,rigtorp_65536_cross-core_unpaced,1,book,25.8333,26.25,5275
1,rigtorp_65536_cross-core_unpaced,1,book,26.6666,27.5,5399
1,rigtorp_65536_cross-core_unpaced,1,book,27.5,28.3333,6773
1,rigtorp_65536_cross-core_unpaced,1,book,28.3333,29.1666,8483
1,rigtorp_65536_cross-core_unpaced,1,book,29.1666,30,7956
1,rigtorp_65536_cross-core_unpaced,1,book,30,30.8333,9138
1,rigtorp_65536_cross-core_unpaced,1,book,30.8333,31.6666,8250
1,rigtorp_65536_cross-core_unpaced,1,book,31.6666,32.5,9968
1,rigtorp_65536_cross-core_unpaced,1,book,32.5,33.3333,11364
1,rigtorp_65536_cross-core_unpaced,1,book,33.3333,34.1666,12034
1,rigtorp_65536_cross-core_unpaced,1,book,34.1666,35,13557
1,rigtorp_65536_cross-core_unpaced,1,book,35,35.8333,13116
1,rigtorp_65536_cross-core_unpaced,1,book,35.8333,36.6666,15753
1,rigtorp_65536_cross-core_unpaced,1,book,36.6666,37.5,15387
1,rigtorp_65536_cross-core_unpaced,1,book,37.5,38.3333,15039
1,rigtorp_65536_cross-core_unpaced,1,book,38.3333,39.1666,15269
1,rigtorp_65536_cross-core_unpaced,1,book,39.1666,40,13848
1,rigtorp_65536_cross-core_unpaced,1,book,40,40.8333,15425
1,rigtorp_65536_cross-core_unpaced,1,book,40.8333,41.6666,13708
1,rigtorp_65536_cross-core_unpaced,1,book,41.6666,42.5,14550
1,rigtorp_65536_cross-core_unpaced,1,book,42.5,43.3333,14136
1,rigtorp_65536_cross-core_unpaced,1,book,43.3333,44.1666,14045
1,rigtorp_65536_cross-core_unpaced,1,book,44.1666,45,15853
1,rigtorp_65536_cross-core_unpaced,1,book,45,45.8333,15205
1,rigtorp_65536_cross-core_unpaced,1,book,45.8333,46.6666,17619
1,rigtorp_65536_cross-core_unpaced,1,book,46.6666,47.5,16974
1,rigtorp_65536_cross-core_unpaced,1,book,47.5,48.3333,17578
1,rigtorp_65536_cross-core_unpaced,1,book,48.3333,49.1666,18551
1,rigtorp_65536_cross-core_unpaced,1,book,49.1666,50,16890
1,rigtorp_65536_cross-core_unpaced,1,book,50,50.8333,18290
1,rigtorp_65536_cross-core_unpaced,1,book,50.8333,51.6666,15606
1,rigtorp_65536_cross-core_unpaced,1,book,51.6666,52.5,16219
1,rigtorp_65536_cross-core_unpaced,1,book,52.5,53.3333,14664
1,rigtorp_65536_cross-core_unpaced,1,book,53.3333,55,28094
1,rigtorp_65536_cross-core_unpaced,1,book,55,56.6666,27410
1,rigtorp_65536_cross-core_unpaced,1,book,56.6666,58.3333,27235
1,rigtorp_65536_cross-core_unpaced,1,book,58.3333,60,29014
1,rigtorp_65536_cross-core_unpaced,1,book,60,61.6666,29772
1,rigtorp_65536_cross-core_unpaced,1,book,61.6666,63.3333,27955
1,rigtorp_65536_cross-core_unpaced,1,book,63.3333,65,25221
1,rigtorp_65536_cross-core_unpaced,1,book,65,66.6666,22289
1,rigtorp_65536_cross-core_unpaced,1,book,66.6666,68.3333,21235
1,rigtorp_65536_cross-core_unpaced,1,book,68.3333,70,21541
1,rigtorp_65536_cross-core_unpaced,1,book,70,71.6666,22372
1,rigtorp_65536_cross-core_unpaced,1,book,71.6666,73.3333,21417
1,rigtorp_65536_cross-core_unpaced,1,book,73.3333,74.9999,20914
1,rigtorp_65536_cross-core_unpaced,1,book,74.9999,76.6666,20703
1,rigtorp_65536_cross-core_unpaced,1,book,76.6666,78.3333,20318
1,rigtorp_65536_cross-core_unpaced,1,book,78.3333,79.9999,19105
1,rigtorp_65536_cross-core_unpaced,1,book,79.9999,81.6666,18401
1,rigtorp_65536_cross-core_unpaced,1,book,81.6666,83.3333,17646
1,rigtorp_65536_cross-core_unpaced,1,book,83.3333,84.9999,17256
1,rigtorp_65536_cross-core_unpaced,1,book,84.9999,86.6666,16693
1,rigtorp_65536_cross-core_unpaced,1,book,86.6666,88.3333,16179
1,rigtorp_65536_cross-core_unpaced,1,book,88.3333,89.9999,15571
1,rigtorp_65536_cross-core_unpaced,1,book,89.9999,91.6666,15243
1,rigtorp_65536_cross-core_unpaced,1,book,91.6666,93.3333,14362
1,rigtorp_65536_cross-core_unpaced,1,book,93.3333,94.9999,14091
1,rigtorp_65536_cross-core_unpaced,1,book,94.9999,96.6666,13491
1,rigtorp_65536_cross-core_unpaced,1,book,96.6666,98.3333,12439
1,rigtorp_65536_cross-core_unpaced,1,book,98.3333,99.9999,11996
1,rigtorp_65536_cross-core_unpaced,1,book,99.9999,101.667,11869
1,rigtorp_65536_cross-core_unpaced,1,book,101.667,103.333,11451
1,rigtorp_65536_cross-core_unpaced,1,book,103.333,105,11023
1,rigtorp_65536_cross-core_unpaced,1,book,105,106.667,10482
1,rigtorp_65536_cross-core_unpaced,1,book,106.667,110,19989
1,rigtorp_65536_cross-core_unpaced,1,book,110,113.333,24045
1,rigtorp_65536_cross-core_unpaced,1,book,113.333,116.667,36259
1,rigtorp_65536_cross-core_unpaced,1,book,116.667,120,38864
1,rigtorp_65536_cross-core_unpaced,1,book,120,123.333,34079
1,rigtorp_65536_cross-core_unpaced,1,book,123.333,126.667,49703
1,rigtorp_65536_cross-core_unpaced,1,book,126.667,130,67299
1,rigtorp_65536_cross-core_unpaced,1,book,130,133.333,62019
1,rigtorp_65536_cross-core_unpaced,1,book,133.333,136.667,51472
1,rigtorp_65536_cross-core_unpaced,1,book,136.667,140,59851
1,rigtorp_65536_cross-core_unpaced,1,book,140,143.333,62103
1,rigtorp_65536_cross-core_unpaced,1,book,143.333,146.667,46751
1,rigtorp_65536_cross-core_unpaced,1,book,146.667,150,37428
1,rigtorp_65536_cross-core_unpaced,1,book,150,153.333,39754
1,rigtorp_65536_cross-core_unpaced,1,book,153.333,156.667,31552
1,rigtorp_65536_cross-core_unpaced,1,book,156.667,160,25019
1,rigtorp_65536_cross-core_unpaced,1,book,160,163.333,22684
1,rigtorp_65536_cross-core_unpaced,1,book,163.333,166.667,20986
1,rigtorp_65536_cross-core_unpaced,1,book,166.667,170,19226
1,rigtorp_65536_cross-core_unpaced,1,book,170,173.333,17950
1,rigtorp_65536_cross-core_unpaced,1,book,173.333,176.667,16225
1,rigtorp_65536_cross-core_unpaced,1,book,176.667,180,15151
1,rigtorp_65536_cross-core_unpaced,1,book,180,183.333,14532
1,rigtorp_65536_cross-core_unpaced,1,book,183.333,186.667,13945
1,rigtorp_65536_cross-core_unpaced,1,book,186.667,190,12693
1,rigtorp_65536_cross-core_unpaced,1,book,190,193.333,13142
1,rigtorp_65536_cross-core_unpaced,1,book,193.333,196.667,13197
1,rigtorp_65536_cross-core_unpaced,1,book,196.667,200,12435
1,rigtorp_65536_cross-core_unpaced,1,book,200,203.333,12078
1,rigtorp_65536_cross-core_unpaced,1,book,203.333,206.667,11813
1,rigtorp_65536_cross-core_unpaced,1,book,206.667,210,11419
1,rigtorp_65536_cross-core_unpaced,1,book,210,213.333,10445
1,rigtorp_65536_cross-core_unpaced,1,book,213.333,220,18639
1,rigtorp_65536_cross-core_unpaced,1,book,220,226.667,16067
1,rigtorp_65536_cross-core_unpaced,1,book,226.667,233.333,14419
1,rigtorp_65536_cross-core_unpaced,1,book,233.333,240,12876
1,rigtorp_65536_cross-core_unpaced,1,book,240,246.666,11878
1,rigtorp_65536_cross-core_unpaced,1,book,246.666,253.333,11161
1,rigtorp_65536_cross-core_unpaced,1,book,253.333,260,10339
1,rigtorp_65536_cross-core_unpaced,1,book,260,266.666,9633
1,rigtorp_65536_cross-core_unpaced,1,book,266.666,273.333,8787
1,rigtorp_65536_cross-core_unpaced,1,book,273.333,280,8380
1,rigtorp_65536_cross-core_unpaced,1,book,280,286.666,8028
1,rigtorp_65536_cross-core_unpaced,1,book,286.666,293.333,7241
1,rigtorp_65536_cross-core_unpaced,1,book,293.333,300,6768
1,rigtorp_65536_cross-core_unpaced,1,book,300,306.666,6388
1,rigtorp_65536_cross-core_unpaced,1,book,306.666,313.333,5874
1,rigtorp_65536_cross-core_unpaced,1,book,313.333,320,5476
1,rigtorp_65536_cross-core_unpaced,1,book,320,326.666,5277
1,rigtorp_65536_cross-core_unpaced,1,book,326.666,333.333,4963
1,rigtorp_65536_cross-core_unpaced,1,book,333.333,340,4603
1,rigtorp_65536_cross-core_unpaced,1,book,340,346.666,4553
1,rigtorp_65536_cross-core_unpaced,1,book,346.666,353.333,4050
1,rigtorp_65536_cross-core_unpaced,1,book,353.333,360,3833
1,rigtorp_65536_cross-core_unpaced,1,book,360,366.666,3833
1,rigtorp_65536_cross-core_unpaced,1,book,366.666,373.333,3437
1,rigtorp_65536_cross-core_unpaced,1,book,373.333,380,3370
1,rigtorp_65536_cross-core_unpaced,1,book,380,386.666,2837
1,rigtorp_65536_cross-core_unpaced,1,book,386.666,393.333,2570
1,rigtorp_65536_cross-core_unpaced,1,book,393.333,400,2247
1,rigtorp_65536_cross-core_unpaced,1,book,400,406.666,2173
1,rigtorp_65536_cross-core_unpaced,1,book,406.666,413.333,2186
1,rigtorp_65536_cross-core_unpaced,1,book,413.333,420,1948
1,rigtorp_65536_cross-core_unpaced,1,book,420,426.666,1854
1,rigtorp_65536_cross-core_unpaced,1,book,426.666,440,2705
1,rigtorp_65536_cross-core_unpaced,1,book,440,453.333,2000
1,rigtorp_65536_cross-core_unpaced,1,book,453.333,466.666,1629
1,rigtorp_65536_cross-core_unpaced,1,book,466.666,480,1306
1,rigtorp_65536_cross-core_unpaced,1,book,480,493.333,1073
1,rigtorp_65536_cross-core_unpaced,1,book,493.333,506.666,879
1,rigtorp_65536_cross-core_unpaced,1,book,506.666,520,710
1,rigtorp_65536_cross-core_unpaced,1,book,520,533.333,609
1,rigtorp_65536_cross-core_unpaced,1,book,533.333,546.666,496
1,rigtorp_65536_cross-core_unpaced,1,book,546.666,560,389
1,rigtorp_65536_cross-core_unpaced,1,book,560,573.333,310
1,rigtorp_65536_cross-core_unpaced,1,book,573.333,586.666,289
1,rigtorp_65536_cross-core_unpaced,1,book,586.666,600,200
1,rigtorp_65536_cross-core_unpaced,1,book,600,613.333,182
1,rigtorp_65536_cross-core_unpaced,1,book,613.333,626.666,171
1,rigtorp_65536_cross-core_unpaced,1,book,626.666,640,127
1,rigtorp_65536_cross-core_unpaced,1,book,640,653.333,118
1,rigtorp_65536_cross-core_unpaced,1,book,653.333,666.666,92
1,rigtorp_65536_cross-core_unpaced,1,book,666.666,680,99
1,rigtorp_65536_cross-core_unpaced,1,book,680,693.333,95
1,rigtorp_65536_cross-core_unpaced,1,book,693.333,706.666,78
1,rigtorp_65536_cross-core_unpaced,1,book,706.666,719.999,68
1,rigtorp_65536_cross-core_unpaced,1,book,719.999,733.333,71
1,rigtorp_65536_cross-core_unpaced,1,book,733.333,746.666,64
1,rigtorp_65536_cross-core_unpaced,1,book,746.666,759.999,57
1,rigtorp_65536_cross-core_unpaced,1,book,759.999,773.333,52
1,rigtorp_65536_cross-core_unpaced,1,book,773.333,786.666,38
1,rigtorp_65536_cross-core_unpaced,1,book,786.666,799.999,53
1,rigtorp_65536_cross-core_unpaced,1,book,799.999,813.333,34
1,rigtorp_65536_cross-core_unpaced,1,book,813.333,826.666,44
1,rigtorp_65536_cross-core_unpaced,1,book,826.666,839.999,34
1,rigtorp_65536_cross-core_unpaced,1,book,839.999,853.333,33
1,rigtorp_65536_cross-core_unpaced,1,book,853.333,879.999,66
1,rigtorp_65536_cross-core_unpaced,1,book,879.999,906.666,37
1,rigtorp_65536_cross-core_unpaced,1,book,906.666,933.333,37
1,rigtorp_65536_cross-core_unpaced,1,book,933.333,959.999,26
1,rigtorp_65536_cross-core_unpaced,1,book,959.999,986.666,22
1,rigtorp_65536_cross-core_unpaced,1,book,986.666,1013.33,25
1,rigtorp_65536_cross-core_unpaced,1,book,1013.33,1040,15
1,rigtorp_65536_cross-core_unpaced,1,book,1040,1066.67,9
1,rigtorp_65536_cross-core_unpaced,1,book,1066.67,1093.33,10
1,rigtorp_65536_cross-core_unpaced,1,book,1093.33,1120,4
1,rigtorp_65536_cross-core_unpaced,1,book,1120,1146.67,6
1,rigtorp_65536_cross-core_unpaced,1,book,1146.67,1173.33,5
1,rigtorp_65536_cross-core_unpaced,1,book,1173.33,1200,6
1,rigtorp_65536_cross-core_unpaced,1,book,1200,1226.67,5
1,rigtorp_65536_cross-core_unpaced,1,book,1226.67,1253.33,8
1,rigtorp_65536_cross-core_unpaced,1,book,1253.33,1280,5
1,rigtorp_65536_cross-core_unpaced,1,book,1280,1306.67,3
1,rigtorp_65536_cross-core_unpaced,1,book,1306.67,1333.33,2
1,rigtorp_65536_cross-core_unpaced,1,book,1333.33,1360,4
1,rigtorp_65536_cross-core_unpaced,1,book,1360,1386.67,6
1,rigtorp_65536_cross-core_unpaced,1,book,1386.67,1413.33,6
1,rigtorp_65536_cross-core_unpaced,1,book,1413.33,1440,7
1,rigtorp_65536_cross-core_unpaced,1,book,1440,1466.67,9
1,rigtorp_65536_cross-core_unpaced,1,book,1466.67,1493.33,7
1,rigtorp_65536_cross-core_unpaced,1,book,1493.33,1520,8
1,rigtorp_65536_cross-core_unpaced,1,book,1520,1546.67,11
1,rigtorp_65536_cross-core_unpaced,1,book,1546.67,1573.33,4
1,rigtorp_65536_cross-core_unpaced,1,book,1573.33,1600,4
1,rigtorp_65536_cross-core_unpaced,1,book,1600,1626.67,5
1,rigtorp_65536_cross-core_unpaced,1,book,1626.67,1653.33,7
1,rigtorp_65536_cross-core_unpaced,1,book,1653.33,1680,7
1,rigtorp_65536_cross-core_unpaced,1,book,1680,1706.67,3
1,rigtorp_65536_cross-core_unpaced,1,book,1706.67,1760,7
1,rigtorp_65536_cross-core_unpaced,1,book,1760,1813.33,9
1,rigtorp_65536_cross-core_unpaced,1,book,1813.33,1866.67,5
1,rigtorp_65536_cross-core_unpaced,1,book,1866.67,1920,5
1,rigtorp_65536_cross-core_unpaced,1,book,1920,1973.33,13
1,rigtorp_65536_cross-core_unpaced,1,book,1973.33,2026.67,6
1,rigtorp_65536_cross-core_unpaced,1,book,2026.67,2080,9
1,rigtorp_65536_cross-core_unpaced,1,book,2080,2133.33,7
1,rigtorp_65536_cross-core_unpaced,1,book,2133.33,2186.67,12
1,rigtorp_65536_cross-core_unpaced,1,book,2186.67,2240,13
1,rigtorp_65536_cross-core_unpaced,1,book,2240,2293.33,22
1,rigtorp_65536_cross-core_unpaced,1,book,2293.33,2346.67,27
1,rigtorp_65536_cross-core_unpaced,1,book,2346.67,2400,22
1,rigtorp_65536_cross-core_unpaced,1,book,2400,2453.33,24
1,rigtorp_65536_cross-core_unpaced,1,book,2453.33,2506.66,29
1,rigtorp_65536_cross-core_unpaced,1,book,2506.66,2560,18
1,rigtorp_65536_cross-core_unpaced,1,book,2560,2613.33,18
1,rigtorp_65536_cross-core_unpaced,1,book,2613.33,2666.66,14
1,rigtorp_65536_cross-core_unpaced,1,book,2666.66,2720,12
1,rigtorp_65536_cross-core_unpaced,1,book,2720,2773.33,6
1,rigtorp_65536_cross-core_unpaced,1,book,2773.33,2826.66,11
1,rigtorp_65536_cross-core_unpaced,1,book,2826.66,2880,11
1,rigtorp_65536_cross-core_unpaced,1,book,2880,2933.33,8
1,rigtorp_65536_cross-core_unpaced,1,book,2933.33,2986.66,8
1,rigtorp_65536_cross-core_unpaced,1,book,2986.66,3040,3
1,rigtorp_65536_cross-core_unpaced,1,book,3040,3093.33,10
1,rigtorp_65536_cross-core_unpaced,1,book,3093.33,3146.66,1
1,rigtorp_65536_cross-core_unpaced,1,book,3146.66,3200,2
1,rigtorp_65536_cross-core_unpaced,1,book,3200,3253.33,1
1,rigtorp_65536_cross-core_unpaced,1,book,3253.33,3306.66,5
1,rigtorp_65536_cross-core_unpaced,1,book,3306.66,3360,4
1,rigtorp_65536_cross-core_unpaced,1,book,3360,3413.33,1
1,rigtorp_65536_cross-core_unpaced,1,book,3413.33,3520,3
1,rigtorp_65536_cross-core_unpaced,1,book,3520,3626.66,3
1,rigtorp_65536_cross-core_unpaced,1,book,3626.66,3733.33,5
1,rigtorp_65536_cross-core_unpaced,1,book,3733.33,3840,6
1,rigtorp_65536_cross-core_unpaced,1,book,3946.66,4053.33,2
1,rigtorp_65536_cross-core_unpaced,1,book,4053.33,4160,1
1,rigtorp_65536_cross-core_unpaced,1,book,4160,4266.66,1
1,rigtorp_65536_cross-core_unpaced,1,book,4480,4586.66,2
1,rigtorp_65536_cross-core_unpaced,1,book,4586.66,4693.33,1
1,rigtorp_65536_cross-core_unpaced,1,book,4693.33,4800,1
1,rigtorp_65536_cross-core_unpaced,1,book,5226.66,5333.33,2
1,rigtorp_65536_cross-core_unpaced,1,book,5653.33,5760,1
1,rigtorp_65536_cross-core_unpaced,1,book,6186.66,6293.33,1
1,rigtorp_65536_cross-core_unpaced,1,book,6400,6506.66,1
1,rigtorp_65536_cross-core_unpaced,1,book,6720,6826.66,2
1,rigtorp_65536_cross-core_unpaced,1,book,7466.66,7679.99,1
1,rigtorp_65536_cross-core_unpaced,1,book,10026.7,10240,1
1,rigtorp_65536_cross-core_unpaced,1,book,13013.3,13226.7,1
1,rigtorp_65536_cross-core_unpaced,1,book,13653.3,14080,2
1,rigtorp_65536_cross-core_unpaced,1,book,26880,27306.6,1
1,rigtorp_65536_cross-core_unpaced,1,book,46080,46933.3,1
1,rigtorp_65536_cross-core_unpaced,1,book,68266.6,69973.3,1
1,rigtorp_65536_cross-core_unpaced,1,book,98986.6,100693,1
1,rigtorp_65536_cross-core_unpaced,1,book,300373,307200,1
2,rigtorp_65536_cross-core_unpaced,0,total,113.333,116.667,1
2,rigtorp_65536_cross-core_unpaced,0,total,123.333,126.667,1
2,rigtorp_65536_cross-core_unpaced,0,total,136.667,140,1
2,rigtorp_65536_cross-core_unpaced,0,total,143.333,146.667,3
2,rigtorp_65536_cross-core_unpaced,0,total,146.667,150,1
2,rigtorp_65536_cross-core_unpaced,0,total,153.333,156.667,1
2,rigtorp_65536_cross-core_unpaced,0,total,156.667,160,1
2,rigtorp_65536_cross-core_unpaced,0,total,160,163.333,1
2,rigtorp_65536_cross-core_unpaced,0,total,163.333,166.667,1
2,rigtorp_65536_cross-core_unpaced,0,total,173.333,176.667,2
2,rigtorp_65536_cross-core_unpaced,0,total,176.667,180,3
2,rigtorp_65536_cross-core_unpaced,0,total,180,183.333,3
2,rigtorp_65536_cross-core_unpaced,0,total,183.333,186.667,3
2,rigtorp_65536_cross-core_unpaced,0,total,186.667,190,6
2,rigtorp_65536_cross-core_unpaced,0,total,190,193.333,4
2,rigtorp_65536_cross-core_unpaced,0,total,193.333,196.667,5
2,rigtorp_65536_cross-core_unpaced,0,total,196.667,200,4
2,rigtorp_65536_cross-core_unpaced,0,total,200,203.333,2
2,rigtorp_65536_cross-core_unpaced,0,total,203.333,206.667,4
2,rigtorp_65536_cross-core_unpaced,0,total,206.667,210,1
2,rigtorp_65536_cross-core_unpaced,0,total,210,213.333,5
2,rigtorp_65536_cross-core_unpaced,0,total,213.333,220,7
2,rigtorp_65536_cross-core_unpaced,0,total,220,226.667,7
2,rigtorp_65536_cross-core_unpaced,0,total,226.667,233.333,6
2,rigtorp_65536_cross-core_unpaced,0,total,233.333,240,8
2,rigtorp_65536_cross-core_unpaced,0,total,240,246.666,12
2,rigtorp_65536_cross-core_unpaced,0,total,246.666,253.333,7
2,rigtorp_65536_cross-core_unpaced,0,total,253.333,260,12
2,rigtorp_65536_cross-core_unpaced,0,total,260,266.666,10
2,rigtorp_65536_cross-core_unpaced,0,total,266.666,273.333,9
2,rigtorp_65536_cross-core_unpaced,0,total,273.333,280,10
2,rigtorp_65536_cross-core_unpaced,0,total,280,286.666,10
2,rigtorp_65536_cross-core_unpaced,0,total,286.666,293.333,14
2,rigtorp_65536_cross-core_unpaced,0,total,293.333,300,11
2,rigtorp_65536_cross-core_unpaced,0,total,300,306.666,13
2,rigtorp_65536_cross-core_unpaced,0,total,306.666,313.333,11
2,rigtorp_65536_cross-core_unpaced,0,total,313.333,320,10
2,rigtorp_65536_cross-core_unpaced,0,total,320,326.666,18
2,rigtorp_65536_cross-core_unpaced,0,total,326.666,333.333,13
2,rigtorp_65536_cross-core_unpaced,0,total,333.333,340,21
2,rigtorp_65536_cross-core_unpaced,0,total,340,346.666,11
2,rigtorp_65536_cross-core_unpaced,0,total,346.666,353.333,14
2,rigtorp_65536_cross-core_unpaced,0,total,353.333,360,13
2,rigtorp_65536_cross-core_unpaced,0,total,360,366.666,10
2,rigtorp_65536_cross-core_unpaced,0,total,366.666,373.333,10
2,rigtorp_65536_cross-core_unpaced,0,total,373.333,380,14
2,rigtorp_65536_cross-core_unpaced,0,total,380,386.666,10
2,rigtorp_65536_cross-core_unpaced,0,total,386.666,393.333,7
2,rigtorp_65536_cross-core_unpaced,0,total,393.333,400,5
2,rigtorp_65536_cross-core_unpaced,0,total,400,406.666,10
2,rigtorp_65536_cross-core_unpaced,0,total,406.666,413.333,7
2,rigtorp_65536_cross-core_unpaced,0,total,413.333,420,3
2,rigtorp_65536_cross-core_unpaced,0,total,420,426.666,5
2,rigtorp_65536_cross-core_unpaced,0,total,426.666,440,13
2,rigtorp_65536_cross-core_unpaced,0,total,440,453.333,18
2,rigtorp_65536_cross-core_unpaced,0,total,453.333,466.666,15
2,rigtorp_65536_cross-core_unpaced,0,total,466.666,480,13
2,rigtorp_65536_cross-core_unpaced,0,total,480,493.333,12
2,rigtorp_65536_cross-core_unpaced,0,total,493.333,506.666,8
2,rigtorp_65536_cross-core_unpaced,0,total,506.666,520,5
2,rigtorp_65536_cross-core_unpaced,0,total,520,533.333,7
2,rigtorp_65536_cross-core_unpaced,0,total,533.333,546.666,6
2,rigtorp_65536_cross-core_unpaced,0,total,546.666,560,4
2,rigtorp_65536_cross-core_unpaced,0,total,560,573.333,6
2,rigtorp_65536_cross-core_unpaced,0,total,573.333,586.666,7
2,rigtorp_65536_cross-core_unpaced,0,total,586.666,600,2
2,rigtorp_65536_cross-core_unpaced,0,total,600,613.333,2
2,rigtorp_65536_cross-core_unpaced,0,total,613.333,626.666,3
2,rigtorp_65536_cross-core_unpaced,0,total,626.666,640,3
2,rigtorp_65536_cross-core_unpaced,0,total,640,653.333,3
2,rigtorp_65536_cross-core_unpaced,0,total,653.333,666.666,1
2,rigtorp_65536_cross-core_unpaced,0,total,666.666,680,3
2,rigtorp_65536_cross-core_unpaced,0,total,680,693.333,1
2,rigtorp_65536_cross-core_unpaced,0,total,693.333,706.666,2
2,rigtorp_65536_cross-core_unpaced,0,total,706.666,719.999,1
2,rigtorp_65536_cross-core_unpaced,0,total,719.999,733.333,1
2,rigtorp_65536_cross-core_unpaced,0,total,733.333,746.666,1
2,rigtorp_65536_cross-core_unpaced,0,total,746.666,759.999,3
2,rigtorp_65536_cross-core_unpaced,0,total,773.333,786.666,1
2,rigtorp_65536_cross-core_unpaced,0,total,799.999,813.333,1
2,rigtorp_65536_cross-core_unpaced,0,total,853.333,879.999,3
2,rigtorp_65536_cross-core_unpaced,0,total,12800,13013.3,1
2,rigtorp_65536_cross-core_unpaced,0,total,13653.3,14080,2
2,rigtorp_65536_cross-core_unpaced,0,total,15360,15786.7,1
2,rigtorp_65536_cross-core_unpaced,0,total,15786.7,16213.3,1
2,rigtorp_65536_cross-core_unpaced,0,total,18346.7,18773.3,1
2,rigtorp_65536_cross-core_unpaced,0,total,18773.3,19200,1
2,rigtorp_65536_cross-core_unpaced,0,total,19626.7,20053.3,1
2,rigtorp_65536_cross-core_unpaced,0,total,22186.7,22613.3,1
2,rigtorp_65536_cross-core_unpaced,0,total,28160,29013.3,1
2,rigtorp_65536_cross-core_unpaced,0,total,29013.3,29866.6,1
2,rigtorp_65536_cross-core_unpaced,0,total,31573.3,32426.6,1
2,rigtorp_65536_cross-core_unpaced,0,total,34133.3,34986.6,1
2,rigtorp_65536_cross-core_unpaced,0,total,34986.6,35840,2
2,rigtorp_65536_cross-core_unpaced,0,total,35840,36693.3,1
2,rigtorp_65536_cross-core_unpaced,0,total,38400,39253.3,1
2,rigtorp_65536_cross-core_unpaced,0,total,39253.3,40106.6,1
2,rigtorp_65536_cross-core_unpaced,0,total,40106.6,40960,1
2,rigtorp_65536_cross-core_unpaced,0,total,40960,41813.3,2
2,rigtorp_65536_cross-core_unpaced,0,total,41813.3,42666.6,1
2,rigtorp_65536_cross-core_unpaced,0,total,43520,44373.3,1
2,rigtorp_65536_cross-core_unpaced,0,total,46933.3,47786.6,1
2,rigtorp_65536_cross-core_unpaced,0,total,48640,49493.3,1
2,rigtorp_65536_cross-core_unpaced,0,total,52053.3,52906.6,1
2,rigtorp_65536_cross-core_unpaced,0,total,52906.6,53760,1
2,rigtorp_65536_cross-core_unpaced,0,total,53760,54613.3,1
2,rigtorp_65536_cross-core_unpaced,0,total,54613.3,56320,2
2,rigtorp_65536_cross-core_unpaced,0,total,56320,58026.6,2
2,rigtorp_65536_cross-core_unpaced,0,total,58026.6,59733.3,2
2,rigtorp_65536_cross-core_unpaced,0,total,59733.3,61440,1
2,rigtorp_65536_cross-core_unpaced,0,total,61440,63146.6,1
2,rigtorp_65536_cross-core_unpaced,0,total,63146.6,64853.3,1
2,rigtorp_65536_cross-core_unpaced,0,total,64853.3,66560,1
2,rigtorp_65536_cross-core_unpaced,0,total,66560,68266.6,3
2,rigtorp_65536_cross-core_unpaced,0,total,69973.3,71679.9,3
2,rigtorp_65536_cross-core_unpaced,0,total,71679.9,73386.6,2
2,rigtorp_65536_cross-core_unpaced,0,total,73386.6,75093.3,2
2,rigtorp_65536_cross-core_unpaced,0,total,76799.9,78506.6,2
2,rigtorp_65536_cross-core_unpaced,0,total,78506.6,80213.3,2
2,rigtorp_65536_cross-core_unpaced,0,total,80213.3,81919.9,1
2,rigtorp_65536_cross-core_unpaced,0,total,81919.9,83626.6,1
2,rigtorp_65536_cross-core_unpaced,0,total,83626.6,85333.3,1
2,rigtorp_65536_cross-core_unpaced,0,total,85333.3,87039.9,1
2,rigtorp_65536_cross-core_unpaced,0,total,87039.9,88746.6,2
2,rigtorp_65536_cross-core_unpaced,0,total,88746.6,90453.3,2
2,rigtorp_65536_cross-core_unpaced,0,total,90453.3,92159.9,1
2,rigtorp_65536_cross-core_unpaced,0,total,92159.9,93866.6,1
2,rigtorp_65536_cross-core_unpaced,0,total,95573.3,97279.9,2
2,rigtorp_65536_cross-core_unpaced,0,total,97279.9,98986.6,3
2,rigtorp_65536_cross-core_unpaced,0,total,98986.6,100693,3
2,rigtorp_65536_cross-core_unpaced,0,total,100693,102400,3
2,rigtorp_65536_cross-core_unpaced,0,total,102400,104107,3
2,rigtorp_65536_cross-core_unpaced,0,total,104107,105813,2
2,rigtorp_65536_cross-core_unpaced,0,total,109227,112640,4
2,rigtorp_65536_cross-core_unpaced,0,total,112640,116053,2
2,rigtorp_65536_cross-core_unpaced,0,total,116053,119467,2
2,rigtorp_65536_cross-core_unpaced,0,total,119467,122880,3
2,rigtorp_65536_cross-core_unpaced,0,total,122880,126293,3
2,rigtorp_65536_cross-core_unpaced,0,total,126293,129707,1
2,rigtorp_65536_cross-core_unpaced,0,total,129707,133120,2
2,rigtorp_65536_cross-core_unpaced,0,total,133120,136533,3
2,rigtorp_65536_cross-core_unpaced,0,total,136533,139947,5
2,rigtorp_65536_cross-core_unpaced,0,total,139947,143360,4
2,rigtorp_65536_cross-core_unpaced,0,total,143360,146773,5
2,rigtorp_65536_cross-core_unpaced,0,total,146773,150187,4
2,rigtorp_65536_cross-core_unpaced,0,total,150187,153600,5
2,rigtorp_65536_cross-core_unpaced,0,total,153600,157013,2
2,rigtorp_65536_cross-core_unpaced,0,total,157013,160427,3
2,rigtorp_65536_cross-core_unpaced,0,total,160427,163840,1
2,rigtorp_65536_cross-core_unpaced,0,total,163840,167253,3
2,rigtorp_65536_cross-core_unpaced,0,total,167253,170667,3
2,rigtorp_65536_cross-core_unpaced,0,total,170667,174080,5
2,rigtorp_65536_cross-core_unpaced,0,total,174080,177493,5
2,rigtorp_65536_cross-core_unpaced,0,total,177493,180907,4
2,rigtorp_65536_cross-core_unpaced,0,total,180907,184320,2
2,rigtorp_65536_cross-core_unpaced,0,total,184320,187733,3
2,rigtorp_65536_cross-core_unpaced,0,total,187733,191147,3
2,rigtorp_65536_cross-core_unpaced,0,total,191147,194560,3
2,rigtorp_65536_cross-core_unpaced,0,total,194560,197973,5
2,rigtorp_65536_cross-core_unpaced,0,total,197973,201387,3
2,rigtorp_65536_cross-core_unpaced,0,total,201387,204800,6
2,rigtorp_65536_cross-core_unpaced,0,total,204800,208213,3
2,rigtorp_65536_cross-core_unpaced,0,total,208213,211627,6
2,rigtorp_65536_cross-core_unpaced,0,total,211627,215040,11
2,rigtorp_65536_cross-core_unpaced,0,total,215040,218453,7
2,rigtorp_65536_cross-core_unpaced,0,total,218453,225280,7
2,rigtorp_65536_cross-core_unpaced,0,total,225280,232107,15
2,rigtorp_65536_cross-core_unpaced,0,total,232107,238933,6
2,rigtorp_65536_cross-core_unpaced,0,total,238933,245760,8
2,rigtorp_65536_cross-core_unpaced,0,total,245760,252586,7
2,rigtorp_65536_cross-core_unpaced,0,total,252586,259413,10
2,rigtorp_65536_cross-core_unpaced,0,total,259413,266240,12
2,rigtorp_65536_cross-core_unpaced,0,total,266240,273066,10
2,rigtorp_65536_cross-core_unpaced,0,total,273066,279893,10
2,rigtorp_65536_cross-core_unpaced,0,total,279893,286720,5
2,rigtorp_65536_cross-core_unpaced,0,total,286720,293546,10
2,rigtorp_65536_cross-core_unpaced,0,total,293546,300373,7
2,rigtorp_65536_cross-core_unpaced,0,total,300373,307200,13
2,rigtorp_65536_cross-core_unpaced,0,total,307200,314026,8
2,rigtorp_65536_cross-core_unpaced,0,total,314026,320853,7
2,rigtorp_65536_cross-core_unpaced,0,total,320853,327680,9
2,rigtorp_65536_cross-core_unpaced,0,total,327680,334506,10
2,rigtorp_65536_cross-core_unpaced,0,total,334506,341333,7
2,rigtorp_65536_cross-core_unpaced,0,total,341333,348160,6
2,rigtorp_65536_cross-core_unpaced,0,total,348160,354986,6
2,rigtorp_65536_cross-core_unpaced,0,total,354986,361813,8
2,rigtorp_65536_cross-core_unpaced,0,total,361813,368640,10
2,rigtorp_65536_cross-core_unpaced,0,total,368640,375466,9
2,rigtorp_65536_cross-core_unpaced,0,total,375466,382293,4
2,rigtorp_65536_cross-core_unpaced,0,total,382293,389120,6
2,rigtorp_65536_cross-core_unpaced,0,total,389120,395946,9
2,rigtorp_65536_cross-core_unpaced,0,total,395946,402773,13
2,rigtorp_65536_cross-core_unpaced,0,total,402773,409600,9
2,rigtorp_65536_cross-core_unpaced,0,total,409600,416426,9
2,rigtorp_65536_cross-core_unpaced,0,total,416426,423253,10
2,rigtorp_65536_cross-core_unpaced,0,total,423253,430080,13
2,rigtorp_65536_cross-core_unpaced,0,total,430080,436906,11
2,rigtorp_65536_cross-core_unpaced,0,total,436906,450560,23
2,rigtorp_65536_cross-core_unpaced,0,total,450560,464213,26
2,rigtorp_65536_cross-core_unpaced,0,total,464213,477866,24
2,rigtorp_65536_cross-core_unpaced,0,total,477866,491520,28
2,rigtorp_65536_cross-core_unpaced,0,total,491520,505173,20
2,rigtorp_65536_cross-core_unpaced,0,total,505173,518826,25
2,rigtorp_65536_cross-core_unpaced,0,total,518826,532480,17
2,rigtorp_65536_cross-core_unpaced,0,total,532480,546133,25
2,rigtorp_65536_cross-core_unpaced,0,total,546133,559786,22
2,rigtorp_65536_cross-core_unpaced,0,total,559786,573440,33
2,rigtorp_65536_cross-core_unpaced,0,total,573440,587093,29
2,rigtorp_65536_cross-core_unpaced,0,total,587093,600746,24
2,rigtorp_65536_cross-core_unpaced,0,total,600746,614400,17
2,rigtorp_65536_cross-core_unpaced,0,total,614400,628053,28
2,rigtorp_65536_cross-core_unpaced,0,total,628053,641706,19
2,rigtorp_65536_cross-core_unpaced,0,total,641706,655360,22
2,rigtorp_65536_cross-core_unpaced,0,total,655360,669013,19
2,rigtorp_65536_cross-core_unpaced,0,total,669013,682666,21
2,rigtorp_65536_cross-core_unpaced,0,total,682666,696320,20
2,rigtorp_65536_cross-core_unpaced,0,total,696320,709973,23
2,rigtorp_65536_cross-core_unpaced,0,total,709973,723626,21
2,rigtorp_65536_cross-core_unpaced,0,total,723626,737279,21
2,rigtorp_65536_cross-core_unpaced,0,total,737279,750933,20
2,rigtorp_65536_cross-core_unpaced,0,total,750933,764586,31
2,rigtorp_65536_cross-core_unpaced,0,total,764586,778239,17
2,rigtorp_65536_cross-core_unpaced,0,total,778239,791893,23
2,rigtorp_65536_cross-core_unpaced,0,total,791893,805546,26
2,rigtorp_65536_cross-core_unpaced,0,total,805546,819199,21
2,rigtorp_65536_cross-core_unpaced,0,total,819199,832853,15
2,rigtorp_65536_cross-core_unpaced,0,total,832853,846506,24
2,rigtorp_65536_cross-core_unpaced,0,total,846506,860159,25
2,rigtorp_65536_cross-core_unpaced,0,total,860159,873813,25
2,rigtorp_65536_cross-core_unpaced,0,total,873813,901119,60
2,rigtorp_65536_cross-core_unpaced,0,total,901119,928426,48
2,rigtorp_65536_cross-core_unpaced,0,total,928426,955733,49
2,rigtorp_65536_cross-core_unpaced,0,total,955733,983039,49
2,rigtorp_65536_cross-core_unpaced,0,total,983039,1.01035e+06,45
2,rigtorp_65536_cross-core_unpaced,0,total,1.01035e+06,1.03765e+06,39
2,rigtorp_65536_cross-core_unpaced,0,total,1.03765e+06,1.06496e+06,37
2,rigtorp_65536_cross-core_unpaced,0,total,1.06496e+06,1.09227e+06,22
2,rigtorp_65536_cross-core_unpaced,0,total,1.09227e+06,1.11957e+06,23
2,rigtorp_65536_cross-core_unpaced,0,total,1.11957e+06,1.14688e+06,32
2,rigtorp_65536_cross-core_unpaced,0,total,1.14688e+06,1.17419e+06,28
2,rigtorp_65536_cross-core_unpaced,0,total,1.17419e+06,1.20149e+06,29
2,rigtorp_65536_cross-core_unpaced,0,total,1.20149e+06,1.2288e+06,28
2,rigtorp_65536_cross-core_unpaced,0,total,1.2288e+06,1.25611e+06,24
2,rigtorp_65536_cross-core_unpaced,0,total,1.25611e+06,1.28341e+06,30
2,rigtorp_65536_cross-core_unpaced,0,total,1.28341e+06,1.31072e+06,29
2,rigtorp_65536_cross-core_unpaced,0,total,1.31072e+06,1.33803e+06,22
2,rigtorp_65536_cross-core_unpaced,0,total,1.33803e+06,1.36533e+06,24
2,rigtorp_65536_cross-core_unpaced,0,total,1.36533e+06,1.39264e+06,18
2,rigtorp_65536_cross-core_unpaced,0,total,1.39264e+06,1.41995e+06,26
2,rigtorp_65536_cross-core_unpaced,0,total,1.41995e+06,1.44725e+06,22
2,rigtorp_65536_cross-core_unpaced,0,total,1.44725e+06,1.47456e+06,20
2,rigtorp_65536_cross-core_unpaced,0,total,1.47456e+06,1.50187e+06,31
2,rigtorp_65536_cross-core_unpaced,0,total,1.50187e+06,1.52917e+06,28
2,rigtorp_65536_cross-core_unpaced,0,total,1.52917e+06,1.55648e+06,24
2,rigtorp_65536_cross-core_unpaced,0,total,1.55648e+06,1.58379e+06,23
2,rigtorp_65536_cross-core_unpaced,0,total,1.58379e+06,1.61109e+06,28
2,rigtorp_65536_cross-core_unpaced,0,total,1.61109e+06,1.6384e+06,13
2,rigtorp_65536_cross-core_unpaced,0,total,1.6384e+06,1.66571e+06,29
2,rigtorp_65536_cross-core_unpaced,0,total,1.66571e+06,1.69301e+06,25
2,rigtorp_65536_cross-core_unpaced,0,total,1.69301e+06,1.72032e+06,22
2,rigtorp_65536_cross-core_unpaced,0,total,1.72032e+06,1.74763e+06,18
2,rigtorp_65536_cross-core_unpaced,0,total,1.74763e+06,1.80224e+06,51
2,rigtorp_65536_cross-core_unpaced,0,total,1.80224e+06,1.85685e+06,44
2,rigtorp_65536_cross-core_unpaced,0,total,1.85685e+06,1.91147e+06,51
2,rigtorp_65536_cross-core_unpaced,0,total,1.91147e+06,1.96608e+06,42
2,rigtorp_65536_cross-core_unpaced,0,total,1.96608e+06,2.02069e+06,42
2,rigtorp_65536_cross-core_unpaced,0,total,2.02069e+06,2.07531e+06,35
2,rigtorp_65536_cross-core_unpaced,0,total,2.07531e+06,2.12992e+06,54
2,rigtorp_65536_cross-core_unpaced,0,total,2.12992e+06,2.18453e+06,50
2,rigtorp_65536_cross-core_unpaced,0,total,2.18453e+06,2.23915e+06,46
2,rigtorp_65536_cross-core_unpaced,0,total,2.23915e+06,2.29376e+06,43
2,rigtorp_65536_cross-core_unpaced,0,total,2.29376e+06,2.34837e+06,57
2,rigtorp_65536_cross-core_unpaced,0,total,2.34837e+06,2.40298e+06,51
2,rigtorp_65536_cross-core_unpaced,0,total,2.40298e+06,2.4576e+06,56
2,rigtorp_65536_cross-core_unpaced,0,total,2.4576e+06,2.51221e+06,48
2,rigtorp_65536_cross-core_unpaced,0,total,2.51221e+06,2.56682e+06,62
2,rigtorp_65536_cross-core_unpaced,0,total,2.56682e+06,2.62144e+06,45
2,rigtorp_65536_cross-core_unpaced,0,total,2.62144e+06,2.67605e+06,48
2,rigtorp_65536_cross-core_unpaced,0,total,2.67605e+06,2.73066e+06,48
2,rigtorp_65536_cross-core_unpaced,0,total,2.73066e+06,2.78528e+06,47
2,rigtorp_65536_cross-core_unpaced,0,total,2.78528e+06,2.83989e+06,49
2,rigtorp_65536_cross-core_unpaced,0,total,2.83989e+06,2.8945e+06,60
2,rigtorp_65536_cross-core_unpaced,0,total,2.8945e+06,2.94912e+06,55
2,rigtorp_65536_cross-core_unpaced,0,total,2.94912e+06,3.00373e+06,63
2,rigtorp_65536_cross-core_unpaced,0,total,3.00373e+06,3.05834e+06,39
2,rigtorp_65536_cross-core_unpaced,0,total,3.05834e+06,3.11296e+06,50
2,rigtorp_65536_cross-core_unpaced,0,total,3.11296e+06,3.16757e+06,49
2,rigtorp_65536_cross-core_unpaced,0,total,3.16757e+06,3.22218e+06,57
2,rigtorp_65536_cross-core_unpaced,0,total,3.22218e+06,3.2768e+06,66
2,rigtorp_65536_cross-core_unpaced,0,total,3.2768e+06,3.33141e+06,55
2,rigtorp_65536_cross-core_unpaced,0,total,3.33141e+06,3.38602e+06,51
2,rigtorp_65536_cross-core_unpaced,0,total,3.38602e+06,3.44064e+06,46
2,rigtorp_65536_cross-core_unpaced,0,total,3.44064e+06,3.49525e+06,60
2,rigtorp_65536_cross-core_unpaced,0,total,3.49525e+06,3.60448e+06,95
2,rigtorp_65536_cross-core_unpaced,0,total,3.60448e+06,3.7137e+06,98
2,rigtorp_65536_cross-core_unpaced,0,total,3.7137e+06,3.82293e+06,91
2,rigtorp_65536_cross-core_unpaced,0,total,3.82293e+06,3.93216e+06,105
2,rigtorp_65536_cross-core_unpaced,0,total,3.93216e+06,4.04138e+06,100
2,rigtorp_65536_cross-core_unpaced,0,total,4.04138e+06,4.15061e+06,86
2,rigtorp_65536_cross-core_unpaced,0,total,4.15061e+06,4.25984e+06,103
2,rigtorp_65536_cross-core_unpaced,0,total,4.25984e+06,4.36906e+06,114
2,rigtorp_65536_cross-core_unpaced,0,total,4.36906e+06,4.47829e+06,89
2,rigtorp_65536_cross-core_unpaced,0,total,4.47829e+06,4.58752e+06,94
2,rigtorp_65536_cross-core_unpaced,0,total,4.58752e+06,4.69674e+06,109
2,rigtorp_65536_cross-core_unpaced,0,total,4.69674e+06,4.80597e+06,109
2,rigtorp_65536_cross-core_unpaced,0,total,4.80597e+06,4.9152e+06,100
2,rigtorp_65536_cross-core_unpaced,0,total,4.9152e+06,5.02442e+06,92
2,rigtorp_65536_cross-core_unpaced,0,total,5.02442e+06,5.13365e+06,92
2,rigtorp_65536_cross-core_unpaced,0,total,5.13365e+06,5.24288e+06,101
2,rigtorp_65536_cross-core_unpaced,0,total,5.24288e+06,5.3521e+06,88
2,rigtorp_65536_cross-core_unpaced,0,total,5.3521e+06,5.46133e+06,296
2,rigtorp_65536_cross-core_unpaced,0,total,5.46133e+06,5.57056e+06,28070
2,rigtorp_65536_cross-core_unpaced,0,total,5.57056e+06,5.67978e+06,85608
2,rigtorp_65536_cross-core_unpaced,0,total,5.67978e+06,5.78901e+06,78178
2,rigtorp_65536_cross-core_unpaced,0,total,5.78901e+06,5.89824e+06,29011
2,rigtorp_65536_cross-core_unpaced,0,total,5.89824e+06,6.00746e+06,16800
2,rigtorp_65536_cross-core_unpaced,0,total,6.00746e+06,6.11669e+06,14365
2,rigtorp_65536_cross-core_unpaced,0,total,6.11669e+06,6.22592e+06,7504
2,rigtorp_65536_cross-core_unpaced,0,total,6.22592e+06,6.33514e+06,7517
2,rigtorp_65536_cross-core_unpaced,0,total,6.33514e+06,6.44437e+06,4693
2,rigtorp_65536_cross-core_unpaced,0,total,6.44437e+06,6.5536e+06,6343
2,rigtorp_65536_cross-core_unpaced,0,total,6.5536e+06,6.66282e+06,4255
2,rigtorp_65536_cross-core_unpaced,0,total,6.66282e+06,6.77205e+06,8366
2,rigtorp_65536_cross-core_unpaced,0,total,6.77205e+06,6.88128e+06,6663
2,rigtorp_65536_cross-core_unpaced,0,total,6.88128e+06,6.9905e+06,7602
2,rigtorp_65536_cross-core_unpaced,0,total,6.9905e+06,7.20895e+06,5283
2,rigtorp_65536_cross-core_unpaced,0,total,7.20895e+06,7.42741e+06,4319
2,rigtorp_65536_cross-core_unpaced,0,total,7.42741e+06,7.64586e+06,5361
2,rigtorp_65536_cross-core_unpaced,0,total,7.64586e+06,7.86431e+06,2894
2,rigtorp_65536_cross-core_unpaced,0,total,7.86431e+06,8.08277e+06,29239
2,rigtorp_65536_cross-core_unpaced,0,total,8.08277e+06,8.30122e+06,241603
2,rigtorp_65536_cross-core_unpaced,0,total,8.30122e+06,8.51967e+06,474326
2,rigtorp_65536_cross-core_unpaced,0,total,8.51967e+06,8.73813e+06,536216
2,rigtorp_65536_cross-core_unpaced,0,total,8.73813e+06,8.95658e+06,439903
2,rigtorp_65536_cross-core_unpaced,0,total,8.95658e+06,9.17503e+06,186194
2,rigtorp_65536_cross-core_unpaced,0,total,9.17503e+06,9.39349e+06,73019
2,rigtorp_65536_cross-core_unpaced,0,total,9.39349e+06,9.61194e+06,22634
2,rigtorp_65536_cross-core_unpaced,0,total,9.61194e+06,9.83039e+06,9291
2,rigtorp_65536_cross-core_unpaced,0,total,9.83039e+06,1.00488e+07,4854
2,rigtorp_65536_cross-core_unpaced,0,total,1.00488e+07,1.02673e+07,7151
2,rigtorp_65536_cross-core_unpaced,0,total,1.02673e+07,1.04858e+07,2619
2,rigtorp_65536_cross-core_unpaced,0,total,1.04858e+07,1.07042e+07,4084
2,rigtorp_65536_cross-core_unpaced,0,total,1.07042e+07,1.09227e+07,3277
2,rigtorp_65536_cross-core_unpaced,0,total,1.09227e+07,1.11411e+07,2749
2,rigtorp_65536_cross-core_unpaced,0,total,1.11411e+07,1.13596e+07,2173
2,rigtorp_65536_cross-core_unpaced,0,total,1.13596e+07,1.1578e+07,2724
2,rigtorp_65536_cross-core_unpaced,0,total,1.1578e+07,1.17965e+07,1480
2,rigtorp_65536_cross-core_unpaced,0,total,1.17965e+07,1.20149e+07,888
2,rigtorp_65536_cross-core_unpaced,0,total,1.20149e+07,1.22334e+07,1270
2,rigtorp_65536_cross-core_unpaced,0,total,1.22334e+07,1.24518e+07,733
2,rigtorp_65536_cross-core_unpaced,0,total,1.24518e+07,1.26703e+07,274
2,rigtorp_65536_cross-core_unpaced,0,total,1.26703e+07,1.28887e+07,336
2,rigtorp_65536_cross-core_unpaced,0,total,1.28887e+07,1.31072e+07,312
2,rigtorp_65536_cross-core_unpaced,0,total,1.31072e+07,1.33256e+07,311
2,rigtorp_65536_cross-core_unpaced,0,total,1.33256e+07,1.35441e+07,311
2,rigtorp_65536_cross-core_unpaced,0,total,1.35441e+07,1.37626e+07,279
2,rigtorp_65536_cross-core_unpaced,0,total,1.37626e+07,1.3981e+07,302
2,rigtorp_65536_cross-core_unpaced,0,total,1.3981e+07,1.44179e+07,531
2,rigtorp_65536_cross-core_unpaced,0,total,1.44179e+07,1.48548e+07,941
2,rigtorp_65536_cross-core_unpaced,0,total,1.48548e+07,1.52917e+07,2612
2,rigtorp_65536_cross-core_unpaced,0,queue,106.667,110,1
2,rigtorp_65536_cross-core_unpaced,0,queue,116.667,120,1
2,rigtorp_65536_cross-core_unpaced,0,queue,130,133.333,1
2,rigtorp_65536_cross-core_unpaced,0,queue,136.667,140,3
2,rigtorp_65536_cross-core_unpaced,0,queue,140,143.333,1
2,rigtorp_65536_cross-core_unpaced,0,queue,146.667,150,2
2,rigtorp_65536_cross-core_unpaced,0,queue,150,153.333,1
2,rigtorp_65536_cross-core_unpaced,0,queue,153.333,156.667,1
2,rigtorp_65536_cross-core_unpaced,0,queue,156.667,160,1
2,rigtorp_65536_cross-core_unpaced,0,queue,166.667,170,2
2,rigtorp_65536_cross-core_unpaced,0,queue,170,173.333,3
2,rigtorp_65536_cross-core_unpaced,0,queue,173.333,176.667,3
2,rigtorp_65536_cross-core_unpaced,0,queue,176.667,180,3
2,rigtorp_65536_cross-core_unpaced,0,queue,180,183.333,7
2,rigtorp_65536_cross-core_unpaced,0,queue,183.333,186.667,4
2,rigtorp_65536_cross-core_unpaced,0,queue,186.667,190,4
2,rigtorp_65536_cross-core_unpaced,0,queue,190,193.333,4
2,rigtorp_65536_cross-core_unpaced,0,queue,193.333,196.667,2
2,rigtorp_65536_cross-core_unpaced,0,queue,196.667,200,4
2,rigtorp_65536_cross-core_unpaced,0,queue,200,203.333,2
2,rigtorp_65536_cross-core_unpaced,0,queue,203.333,206.667,4
2,rigtorp_65536_cross-core_unpaced,0,queue,206.667,210,1
2,rigtorp_65536_cross-core_unpaced,0,queue,210,213.333,7
2,rigtorp_65536_cross-core_unpaced,0,queue,213.333,220,8
2,rigtorp_65536_cross-core_unpaced,0,queue,220,226.667,5
2,rigtorp_65536_cross-core_unpaced,0,queue,226.667,233.333,9
2,rigtorp_65536_cross-core_unpaced,0,queue,233.333,240,11
2,rigtorp_65536_cross-core_unpaced,0,queue,240,246.666,9
2,rigtorp_65536_cross-core_unpaced,0,queue,246.666,253.333,11
2,rigtorp_65536_cross-core_unpaced,0,queue,253.333,260,10
2,rigtorp_65536_cross-core_unpaced,0,queue,260,266.666,10
2,rigtorp_65536_cross-core_unpaced,0,queue,266.666,273.333,10
2,rigtorp_65536_cross-core_unpaced,0,queue,273.333,280,8
2,rigtorp_65536_cross-core_unpaced,0,queue,280,286.666,15
2,rigtorp_65536_cross-core_unpaced,0,queue,286.666,293.333,11
2,rigtorp_65536_cross-core_unpaced,0,queue,293.333,300,12
2,rigtorp_65536_cross-core_unpaced,0,queue,300,306.666,10
2,rigtorp_65536_cross-core_unpaced,0,queue,306.666,313.333,11
2,rigtorp_65536_cross-core_unpaced,0,queue,313.333,320,16
2,rigtorp_65536_cross-core_unpaced,0,queue,320,326.666,14
2,rigtorp_65536_cross-core_unpaced,0,queue,326.666,333.333,22
2,rigtorp_65536_cross-core_unpaced,0,queue,333.333,340,9
2,rigtorp_65536_cross-core_unpaced,0,queue,340,346.666,14
2,rigtorp_65536_cross-core_unpaced,0,queue,346.666,353.333,14
2,rigtorp_65536_cross-core_unpaced,0,queue,353.333,360,10
2,rigtorp_65536_cross-core_unpaced,0,queue,360,366.666,10
2,rigtorp_65536_cross-core_unpaced,0,queue,366.666,373.333,14
2,rigtorp_65536_cross-core_unpaced,0,queue,373.333,380,10
2,rigtorp_65536_cross-core_unpaced,0,queue,380,386.666,7
2,rigtorp_65536_cross-core_unpaced,0,queue,386.666,393.333,5
2,rigtorp_65536_cross-core_unpaced,0,queue,393.333,400,10
2,rigtorp_65536_cross-core_unpaced,0,queue,400,406.666,7
2,rigtorp_65536_cross-core_unpaced,0,queue,406.666,413.333,5
2,rigtorp_65536_cross-core_unpaced,0,queue,413.333,420,3
2,rigtorp_65536_cross-core_unpaced,0,queue,420,426.666,8
2,rigtorp_65536_cross-core_unpaced,0,queue,426.666,440,13
2,rigtorp_65536_cross-core_unpaced,0,queue,440,453.333,20
2,rigtorp_65536_cross-core_unpaced,0,queue,453.333,466.666,10
2,rigtorp_65536_cross-core_unpaced,0,queue,466.666,480,16
2,rigtorp_65536_cross-core_unpaced,0,queue,480,493.333,8
2,rigtorp_65536_cross-core_unpaced,0,queue,493.333,506.666,5
2,rigtorp_65536_cross-core_unpaced,0,queue,506.666,520,8
2,rigtorp_65536_cross-core_unpaced,0,queue,520,533.333,6
2,rigtorp_65536_cross-core_unpaced,0,queue,533.333,546.666,6
2,rigtorp_65536_cross-core_unpaced,0,queue,546.666,560,5
2,rigtorp_65536_cross-core_unpaced,0,queue,560,573.333,4
2,rigtorp_65536_cross-core_unpaced,0,queue,573.333,586.666,5
2,rigtorp_65536_cross-core_unpaced,0,queue,586.666,600,4
2,rigtorp_65536_cross-core_unpaced,0,queue,600,613.333,1
2,rigtorp_65536_cross-core_unpaced,0,queue,613.333,626.666,4
2,rigtorp_65536_cross-core_unpaced,0,queue,626.666,640,2
2,rigtorp_65536_cross-core_unpaced,0,queue,640,653.333,3
2,rigtorp_65536_cross-core_unpaced,0,queue,653.333,666.666,1
2,rigtorp_65536_cross-core_unpaced,0,queue,666.666,680,3
2,rigtorp_65536_cross-core_unpaced,0,queue,680,693.333,1
2,rigtorp_65536_cross-core_unpaced,0,queue,693.333,706.666,1
2,rigtorp_65536_cross-core_unpaced,0,queue,706.666,719.999,2
2,rigtorp_65536_cross-core_unpaced,0,queue,719.999,733.333,1
2,rigtorp_65536_cross-core_unpaced,0,queue,733.333,746.666,2
2,rigtorp_65536_cross-core_unpaced,0,queue,746.666,759.999,1
2,rigtorp_65536_cross-core_unpaced,0,queue,773.333,786.666,1
2,rigtorp_65536_cross-core_unpaced,0,queue,799.999,813.333,1
2,rigtorp_65536_cross-core_unpaced,0,queue,839.999,853.333,1
2,rigtorp_65536_cross-core_unpaced,0,queue,853.333,879.999,2
2,rigtorp_65536_cross-core_unpaced,0,queue,13440,13653.3,1
2,rigtorp_65536_cross-core_unpaced,0,queue,13653.3,14080,1
2,rigtorp_65536_cross-core_unpaced,0,queue,15360,15786.7,1
2,rigtorp_65536_cross-core_unpaced,0,queue,15786.7,16213.3,1
2,rigtorp_65536_cross-core_unpaced,0,queue,18346.7,18773.3,1
2,rigtorp_65536_cross-core_unpaced,0,queue,18773.3,19200,1
2,rigtorp_65536_cross-core_unpaced,0,queue,19626.7,20053.3,1
2,rigtorp_65536_cross-core_unpaced,0,queue,21760,22186.7,1
2,rigtorp_65536_cross-core_unpaced,0,queue,28160,29013.3,2
2,rigtorp_65536_cross-core_unpaced,0,queue,31573.3,32426.6,1
2,rigtorp_65536_cross-core_unpaced,0,queue,34133.3,34986.6,1
2,rigtorp_65536_cross-core_unpaced,0,queue,34986.6,35840,2
2,rigtorp_65536_cross-core_unpaced,0,queue,35840,36693.3,1
2,rigtorp_65536_cross-core_unpaced,0,queue,38400,39253.3,1
2,rigtorp_65536_cross-core_unpaced,0,queue,39253.3,40106.6,1
2,rigtorp_65536_cross-core_unpaced,0,queue,40106.6,40960,1
2,rigtorp_65536_cross-core_unpaced,0,queue,40960,41813.3,2
2,rigtorp_65536_cross-core_unpaced,0,queue,41813.3,42666.6,1
2,rigtorp_65536_cross-core_unpaced,0,queue,43520,44373.3,1
2,rigtorp_65536_cross-core_unpaced,0,queue,46933.3,47786.6,1
2,rigtorp_65536_cross-core_unpaced,0,queue,48640,49493.3,1
2,rigtorp_65536_cross-core_unpaced,0,queue,52053.3,52906.6,2
2,rigtorp_65536_cross-core_unpaced,0,queue,53760,54613.3,1
2,rigtorp_65536_cross-core_unpaced,0,queue,54613.3,56320,2
2,rigtorp_65536_cross-core_unpaced,0,queue,56320,58026.6,2
2,rigtorp_65536_cross-core_unpaced,0,queue,58026.6,59733.3,2
2,rigtorp_65536_cross-core_unpaced,0,queue,59733.3,61440,1
2,rigtorp_65536_cross-core_unpaced,0,queue,61440,63146.6,1
2,rigtorp_65536_cross-core_unpaced,0,queue,63146.6,64853.3,1
2,rigtorp_65536_cross-core_unpaced,0,queue,64853.3,66560,2
2,rigtorp_65536_cross-core_unpaced,0,queue,66560,68266.6,2
2,rigtorp_65536_cross-core_unpaced,0,queue,69973.3,71679.9,3
2,rigtorp_65536_cross-core_unpaced,0,queue,71679.9,73386.6,2
2,rigtorp_65536_cross-core_unpaced,0,queue,73386.6,75093.3,2
2,rigtorp_65536_cross-core_unpaced,0,queue,76799.9,78506.6,3
2,rigtorp_65536_cross-core_unpaced,0,queue,78506.6,80213.3,1
2,rigtorp_65536_cross-core_unpaced,0,queue,80213.3,81919.9,1
2,rigtorp_65536_cross-core_unpaced,0,queue,81919.9,83626.6,1
2,rigtorp_65536_cross-core_unpaced,0,queue,83626.6,85333.3,1
2,rigtorp_65536_cross-core_unpaced,0,queue,85333.3,87039.9,1
2,rigtorp_65536_cross-core_unpaced,0,queue,87039.9,88746.6,2
2,rigtorp_65536_cross-core_unpaced,0,queue,88746.6,90453.3,2
2,rigtorp_65536_cross-core_unpaced,0,queue,90453.3,92159.9,1
2,rigtorp_65536_cross-core_unpaced,0,queue,92159.9,93866.6,1
2,rigtorp_65536_cross-core_unpaced,0,queue,95573.3,97279.9,2
2,rigtorp_65536_cross-core_unpaced,0,queue,97279.9,98986.6,4
2,rigtorp_65536_cross-core_unpaced,0,queue,98986.6,100693,2
2,rigtorp_65536_cross-core_unpaced,0,queue,100693,102400,3
2,rigtorp_65536_cross-core_unpaced,0,queue,102400,104107,3
2,rigtorp_65536_cross-core_unpaced,0,queue,104107,105813,2
2,rigtorp_65536_cross-core_unpaced,0,queue,109227,112640,4
2,rigtorp_65536_cross-core_unpaced,0,queue,112640,116053,2
2,rigtorp_65536_cross-core_unpaced,0,queue,116053,119467,2
2,rigtorp_65536_cross-core_unpaced,0,queue,119467,122880,3
2,rigtorp_65536_cross-core_unpaced,0,queue,122880,126293,4
2,rigtorp_65536_cross-core_unpaced,0,queue,129707,133120,3
2,rigtorp_65536_cross-core_unpaced,0,queue,133120,136533,2
2,rigtorp_65536_cross-core_unpaced,0,queue,136533,139947,5
2,rigtorp_65536_cross-core_unpaced,0,queue,139947,143360,4
2,rigtorp_65536_cross-core_unpaced,0,queue,143360,146773,5
2,rigtorp_65536_cross-core_unpaced,0,queue,146773,150187,5
2,rigtorp_65536_cross-core_unpaced,0,queue,150187,153600,4
2,rigtorp_65536_cross-core_unpaced,0,queue,153600,157013,2
2,rigtorp_65536_cross-core_unpaced,0,queue,157013,160427,3
2,rigtorp_65536_cross-core_unpaced,0,queue,160427,163840,1
2,rigtorp_65536_cross-core_unpaced,0,queue,163840,167253,3
2,rigtorp_65536_cross-core_unpaced,0,queue,167253,170667,3
2,rigtorp_65536_cross-core_unpaced,0,queue,170667,174080,5
2,rigtorp_65536_cross-core_unpaced,0,queue,174080,177493,5
2,rigtorp_65536_cross-core_unpaced,0,queue,177493,180907,4
2,rigtorp_65536_cross-core_unpaced,0,queue,180907,184320,2
2,rigtorp_65536_cross-core_unpaced,0,queue,184320,187733,3
2,rigtorp_65536_cross-core_unpaced,0,queue,187733,191147,3
2,rigtorp_65536_cross-core_unpaced,0,queue,191147,194560,3
2,rigtorp_65536_cross-core_unpaced,0,queue,194560,197973,5
2,rigtorp_65536_cross-core_unpaced,0,queue,197973,201387,3
2,rigtorp_65536_cross-core_unpaced,0,queue,201387,204800,6
2,rigtorp_65536_cross-core_unpaced,0,queue,204800,208213,3
2,rigtorp_65536_cross-core_unpaced,0,queue,208213,211627,6
2,rigtorp_65536_cross-core_unpaced,0,queue,211627,215040,11
2,rigtorp_65536_cross-core_unpaced,0,queue,215040,218453,8
2,rigtorp_65536_cross-core_unpaced,0,queue,218453,225280,7
2,rigtorp_65536_cross-core_unpaced,0,queue,225280,232107,14
2,rigtorp_65536_cross-core_unpaced,0,queue,232107,238933,6
2,rigtorp_65536_cross-core_unpaced,0,queue,238933,245760,8
2,rigtorp_65536_cross-core_unpaced,0,queue,245760,252586,7
2,rigtorp_65536_cross-core_unpaced,0,queue,252586,259413,10
2,rigtorp_65536_cross-core_unpaced,0,queue,259413,266240,12
2,rigtorp_65536_cross-core_unpaced,0,queue,266240,273066,10
2,rigtorp_65536_cross-core_unpaced,0,queue,273066,279893,10
2,rigtorp_65536_cross-core_unpaced,0,queue,279893,286720,5
2,rigtorp_65536_cross-core_unpaced,0,queue,286720,293546,10
2,rigtorp_65536_cross-core_unpaced,0,queue,293546,300373,7
2,rigtorp_65536_cross-core_unpaced,0,queue,300373,307200,13
2,rigtorp_65536_cross-core_unpaced,0,queue,307200,314026,8
2,rigtorp_65536_cross-core_unpaced,0,queue,314026,320853,7
2,rigtorp_65536_cross-core_unpaced,0,queue,320853,327680,9
2,rigtorp_65536_cross-core_unpaced,0,queue,327680,334506,10
2,rigtorp_65536_cross-core_unpaced,0,queue,334506,341333,7
2,rigtorp_65536_cross-core_unpaced,0,queue,341333,348160,6
2,rigtorp_65536_cross-core_unpaced,0,queue,348160,354986,7
2,rigtorp_65536_cross-core_unpaced,0,queue,354986,361813,7
2,rigtorp_65536_cross-core_unpaced,0,queue,361813,368640,10
2,rigtorp_65536_cross-core_unpaced,0,queue,368640,375466,9
2,rigtorp_65536_cross-core_unpaced,0,queue,375466,382293,4
2,rigtorp_65536_cross-core_unpaced,0,queue,382293,389120,6
2,rigtorp_65536_cross-core_unpaced,0,queue,389120,395946,9
2,rigtorp_65536_cross-core_unpaced,0,queue,395946,402773,13
2,rigtorp_65536_cross-core_unpaced,0,queue,402773,409600,10
2,rigtorp_65536_cross-core_unpaced,0,queue,409600,416426,8
2,rigtorp_65536_cross-core_unpaced,0,queue,416426,423253,10
2,rigtorp_65536_cross-core_unpaced,0,queue,423253,430080,13
2,rigtorp_65536_cross-core_unpaced,0,queue,430080,436906,11
2,rigtorp_65536_cross-core_unpaced,0,queue,436906,450560,23
2,rigtorp_65536_cross-core_unpaced,0,queue,450560,464213,26
2,rigtorp_65536_cross-core_unpaced,0,queue,464213,477866,25
2,rigtorp_65536_cross-core_unpaced,0,queue,477866,491520,27
2,rigtorp_65536_cross-core_unpaced,0,queue,491520,505173,20
2,rigtorp_65536_cross-core_unpaced,0,queue,505173,518826,25
2,rigtorp_65536_cross-core_unpaced,0,queue,518826,532480,17
2,rigtorp_65536_cross-core_unpaced,0,queue,532480,546133,25
2,rigtorp_65536_cross-core_unpaced,0,queue,546133,559786,22
2,rigtorp_65536_cross-core_unpaced,0,queue,559786,573440,33
2,rigtorp_65536_cross-core_unpaced,0,queue,573440,587093,29
2,rigtorp_65536_cross-core_unpaced,0,queue,587093,600746,24
2,rigtorp_65536_cross-core_unpaced,0,queue,600746,614400,17
2,rigtorp_65536_cross-core_unpaced,0,queue,614400,628053,28
2,rigtorp_65536_cross-core_unpaced,0,queue,628053,641706,19
2,rigtorp_65536_cross-core_unpaced,0,queue,641706,655360,22
2,rigtorp_65536_cross-core_unpaced,0,queue,655360,669013,19
2,rigtorp_65536_cross-core_unpaced,0,queue,669013,682666,21
2,rigtorp_65536_cross-core_unpaced,0,queue,682666,696320,20
2,rigtorp_65536_cross-core_unpaced,0,queue,696320,709973,23
2,rigtorp_65536_cross-core_unpaced,0,queue,709973,723626,21
2,rigtorp_65536_cross-core_unpaced,0,queue,723626,737279,21
2,rigtorp_65536_cross-core_unpaced,0,queue,737279,750933,20
2,rigtorp_65536_cross-core_unpaced,0,queue,750933,764586,31
2,rigtorp_65536_cross-core_unpaced,0,queue,764586,778239,17
2,rigtorp_65536_cross-core_unpaced,0,queue,778239,791893,23
2,rigtorp_65536_cross-core_unpaced,0,queue,791893,805546,26
2,rigtorp_65536_cross-core_unpaced,0,queue,805546,819199,21
2,rigtorp_65536_cross-core_unpaced,0,queue,819199,832853,15
2,rigtorp_65536_cross-core_unpaced,0,queue,832853,846506,24
2,rigtorp_65536_cross-core_unpaced,0,queue,846506,860159,25
2,rigtorp_65536_cross-core_unpaced,0,queue,860159,873813,25
2,rigtorp_65536_cross-core_unpaced,0,queue,873813,901119,60
2,rigtorp_65536_cross-core_unpaced,0,queue,901119,928426,48
2,rigtorp_65536_cross-core_unpaced,0,queue,928426,955733,49
2,rigtorp_65536_cross-core_unpaced,0,queue,955733,983039,49
2,rigtorp_65536_cross-core_unpaced,0,queue,983039,1.01035e+06,45
2,rigtorp_65536_cross-core_unpaced,0,queue,1.01035e+06,1.03765e+06,39
2,rigtorp_65536_cross-core_unpaced,0,queue,1.03765e+06,1.06496e+06,37
2,rigtorp_65536_cross-core_unpaced,0,queue,1.06496e+06,1.09227e+06,22
2,rigtorp_65536_cross-core_unpaced,0,queue,1.09227e+06,1.11957e+06,23
2,rigtorp_65536_cross-core_unpaced,0,queue,1.11957e+06,1.14688e+06,32
2,rigtorp_65536_cross-core_unpaced,0,queue,1.14688e+06,1.17419e+06,28
2,rigtorp_65536_cross-core_unpaced,0,queue,1.17419e+06,1.20149e+06,29
2,rigtorp_65536_cross-core_unpaced,0,queue,1.20149e+06,1.2288e+06,28
2,rigtorp_65536_cross-core_unpaced,0,queue,1.2288e+06,1.25611e+06,24
2,rigtorp_65536_cross-core_unpaced,0,queue,1.25611e+06,1.28341e+06,30
2,rigtorp_65536_cross-core_unpaced,0,queue,1.28341e+06,1.31072e+06,29
2,rigtorp_65536_cross-core_unpaced,0,queue,1.31072e+06,1.33803e+06,22
2,rigtorp_65536_cross-core_unpaced,0,queue,1.33803e+06,1.36533e+06,24
2,rigtorp_65536_cross-core_unpaced,0,queue,1.36533e+06,1.39264e+06,18
2,rigtorp_65536_cross-core_unpaced,0,queue,1.39264e+06,1.41995e+06,26
2,rigtorp_65536_cross-core_unpaced,0,queue,1.41995e+06,1.44725e+06,22
2,rigtorp_65536_cross-core_unpaced,0,queue,1.44725e+06,1.47456e+06,20
2,rigtorp_65536_cross-core_unpaced,0,queue,1.47456e+06,1.50187e+06,31
2,rigtorp_65536_cross-core_unpaced,0,queue,1.50187e+06,1.52917e+06,28
2,rigtorp_65536_cross-core_unpaced,0,queue,1.52917e+06,1.55648e+06,24
2,rigtorp_65536_cross-core_unpaced,0,queue,1.55648e+06,1.58379e+06,23
2,rigtorp_65536_cross-core_unpaced,0,queue,1.58379e+06,1.61109e+06,28
2,rigtorp_65536_cross-core_unpaced,0,queue,1.61109e+06,1.6384e+06,13
2,rigtorp_65536_cross-core_unpaced,0,queue,1.6384e+06,1.66571e+06,29
2,rigtorp_65536_cross-core_unpaced,0,queue,1.66571e+06,1.69301e+06,25
2,rigtorp_65536_cross-core_unpaced,0,queue,1.69301e+06,1.72032e+06,22
2,rigtorp_65536_cross-core_unpaced,0,queue,1.72032e+06,1.74763e+06,18
2,rigtorp_65536_cross-core_unpaced,0,queue,1.74763e+06,1.80224e+06,51
2,rigtorp_65536_cross-core_unpaced,0,queue,1.80224e+06,1.85685e+06,44
2,rigtorp_65536_cross-core_unpaced,0,queue,1.85685e+06,1.91147e+06,51
2,rigtorp_65536_cross-core_unpaced,0,queue,1.91147e+06,1.96608e+06,42
2,rigtorp_65536_cross-core_unpaced,0,queue,1.96608e+06,2.02069e+06,42
2,rigtorp_65536_cross-core_unpaced,0,queue,2.02069e+06,2.07531e+06,35
2,rigtorp_65536_cross-core_unpaced,0,queue,2.07531e+06,2.12992e+06,54
2,rigtorp_65536_cross-core_unpaced,0,queue,2.12992e+06,2.18453e+06,50
2,rigtorp_65536_cross-core_unpaced,0,queue,2.18453e+06,2.23915e+06,46
2,rigtorp_65536_cross-core_unpaced,0,queue,2.23915e+06,2.29376e+06,43
2,rigtorp_65536_cross-core_unpaced,0,queue,2.29376e+06,2.34837e+06,57
2,rigtorp_65536_cross-core_unpaced,0,queue,2.34837e+06,2.40298e+06,51
2,rigtorp_65536_cross-core_unpaced,0,queue,2.40298e+06,2.4576e+06,56
2,rigtorp_65536_cross-core_unpaced,0,queue,2.4576e+06,2.51221e+06,48
2,rigtorp_65536_cross-core_unpaced,0,queue,2.51221e+06,2.56682e+06,62
2,rigtorp_65536_cross-core_unpaced,0,queue,2.56682e+06,2.62144e+06,45
2,rigtorp_65536_cross-core_unpaced,0,queue,2.62144e+06,2.67605e+06,48
2,rigtorp_65536_cross-core_unpaced,0,queue,2.67605e+06,2.73066e+06,48
2,rigtorp_65536_cross-core_unpaced,0,queue,2.73066e+06,2.78528e+06,47
2,rigtorp_65536_cross-core_unpaced,0,queue,2.78528e+06,2.83989e+06,49
2,rigtorp_65536_cross-core_unpaced,0,queue,2.83989e+06,2.8945e+06,60
2,rigtorp_65536_cross-core_unpaced,0,queue,2.8945e+06,2.94912e+06,55
2,rigtorp_65536_cross-core_unpaced,0,queue,2.94912e+06,3.00373e+06,63
2,rigtorp_65536_cross-core_unpaced,0,queue,3.00373e+06,3.05834e+06,39
2,rigtorp_65536_cross-core_unpaced,0,queue,3.05834e+06,3.11296e+06,50
2,rigtorp_65536_cross-core_unpaced,0,queue,3.11296e+06,3.16757e+06,49
2,rigtorp_65536_cross-core_unpaced,0,queue,3.16757e+06,3.22218e+06,57
2,rigtorp_65536_cross-core_unpaced,0,queue,3.22218e+06,3.2768e+06,66
2,rigtorp_65536_cross-core_unpaced,0,queue,3.2768e+06,3.33141e+06,55
2,rigtorp_65536_cross-core_unpaced,0,queue,3.33141e+06,3.38602e+06,51
2,rigtorp_65536_cross-core_unpaced,0,queue,3.38602e+06,3.44064e+06,46
2,rigtorp_65536_cross-core_unpaced,0,queue,3.44064e+06,3.49525e+06,60
2,rigtorp_65536_cross-core_unpaced,0,queue,3.49525e+06,3.60448e+06,95
2,rigtorp_65536_cross-core_unpaced,0,queue,3.60448e+06,3.7137e+06,99
2,rigtorp_65536_cross-core_unpaced,0,queue,3.7137e+06,3.82293e+06,90
2,rigtorp_65536_cross-core_unpaced,0,queue,3.82293e+06,3.93216e+06,105
2,rigtorp_65536_cross-core_unpaced,0,queue,3.93216e+06,4.04138e+06,100
2,rigtorp_65536_cross-core_unpaced,0,queue,4.04138e+06,4.15061e+06,86
2,rigtorp_65536_cross-core_unpaced,0,queue,4.15061e+06,4.25984e+06,103
2,rigtorp_65536_cross-core_unpaced,0,queue,4.25984e+06,4.36906e+06,114
2,rigtorp_65536_cross-core_unpaced,0,queue,4.36906e+06,4.47829e+06,89
2,rigtorp_65536_cross-core_unpaced,0,queue,4.47829e+06,4.58752e+06,94
2,rigtorp_65536_cross-core_unpaced,0,queue,4.58752e+06,4.69674e+06,109
2,rigtorp_65536_cross-core_unpaced,0,queue,4.69674e+06,4.80597e+06,109
2,rigtorp_65536_cross-core_unpaced,0,queue,4.80597e+06,4.9152e+06,100
2,rigtorp_65536_cross-core_unpaced,0,queue,4.9152e+06,5.02442e+06,92
2,rigtorp_65536_cross-core_unpaced,0,queue,5.02442e+06,5.13365e+06,92
2,rigtorp_65536_cross-core_unpaced,0,queue,5.13365e+06,5.24288e+06,101
2,rigtorp_65536_cross-core_unpaced,0,queue,5.24288e+06,5.3521e+06,88
2,rigtorp_65536_cross-core_unpaced,0,queue,5.3521e+06,5.46133e+06,297
2,rigtorp_65536_cross-core_unpaced,0,queue,5.46133e+06,5.57056e+06,28153
2,rigtorp_65536_cross-core_unpaced,0,queue,5.57056e+06,5.67978e+06,85593
2,rigtorp_65536_cross-core_unpaced,0,queue,5.67978e+06,5.78901e+06,78153
2,rigtorp_65536_cross-core_unpaced,0,queue,5.78901e+06,5.89824e+06,28987
2,rigtorp_65536_cross-core_unpaced,0,queue,5.89824e+06,6.00746e+06,16787
2,rigtorp_65536_cross-core_unpaced,0,queue,6.00746e+06,6.11669e+06,14365
2,rigtorp_65536_cross-core_unpaced,0,queue,6.11669e+06,6.22592e+06,7516
2,rigtorp_65536_cross-core_unpaced,0,queue,6.22592e+06,6.33514e+06,7517
2,rigtorp_65536_cross-core_unpaced,0,queue,6.33514e+06,6.44437e+06,4677
2,rigtorp_65536_cross-core_unpaced,0,queue,6.44437e+06,6.5536e+06,6343
2,rigtorp_65536_cross-core_unpaced,0,queue,6.5536e+06,6.66282e+06,4257
2,rigtorp_65536_cross-core_unpaced,0,queue,6.66282e+06,6.77205e+06,8364
2,rigtorp_65536_cross-core_unpaced,0,queue,6.77205e+06,6.88128e+06,6671
2,rigtorp_65536_cross-core_unpaced,0,queue,6.88128e+06,6.9905e+06,7595
2,rigtorp_65536_cross-core_unpaced,0,queue,6.9905e+06,7.20895e+06,5281
2,rigtorp_65536_cross-core_unpaced,0,queue,7.20895e+06,7.42741e+06,4317
2,rigtorp_65536_cross-core_unpaced,0,queue,7.42741e+06,7.64586e+06,5369
2,rigtorp_65536_cross-core_unpaced,0,queue,7.64586e+06,7.86431e+06,2890
2,rigtorp_65536_cross-core_unpaced,0,queue,7.86431e+06,8.08277e+06,29278
2,rigtorp_65536_cross-core_unpaced,0,queue,8.08277e+06,8.30122e+06,241733
2,rigtorp_65536_cross-core_unpaced,0,queue,8.30122e+06,8.51967e+06,474454
2,rigtorp_65536_cross-core_unpaced,0,queue,8.51967e+06,8.73813e+06,536188
2,rigtorp_65536_cross-core_unpaced,0,queue,8.73813e+06,8.95658e+06,439752
2,rigtorp_65536_cross-core_unpaced,0,queue,8.95658e+06,9.17503e+06,186147
2,rigtorp_65536_cross-core_unpaced,0,queue,9.17503e+06,9.39349e+06,72958
2,rigtorp_65536_cross-core_unpaced,0,queue,9.39349e+06,9.61194e+06,22638
2,rigtorp_65536_cross-core_unpaced,0,queue,9.61194e+06,9.83039e+06,9275
2,rigtorp_65536_cross-core_unpaced,0,queue,9.83039e+06,1.00488e+07,4853
2,rigtorp_65536_cross-core_unpaced,0,queue,1.00488e+07,1.02673e+07,7150
2,rigtorp_65536_cross-core_unpaced,0,queue,1.02673e+07,1.04858e+07,2624
2,rigtorp_65536_cross-core_unpaced,0,queue,1.04858e+07,1.07042e+07,4080
2,rigtorp_65536_cross-core_unpaced,0,queue,1.07042e+07,1.09227e+07,3284
2,rigtorp_65536_cross-core_unpaced,0,queue,1.09227e+07,1.11411e+07,2744
2,rigtorp_65536_cross-core_unpaced,0,queue,1.11411e+07,1.13596e+07,2170
2,rigtorp_65536_cross-core_unpaced,0,queue,1.13596e+07,1.1578e+07,2725
2,rigtorp_65536_cross-core_unpaced,0,queue,1.1578e+07,1.17965e+07,1480
2,rigtorp_65536_cross-core_unpaced,0,queue,1.17965e+07,1.20149e+07,887
2,rigtorp_65536_cross-core_unpaced,0,queue,1.20149e+07,1.22334e+07,1271
2,rigtorp_65536_cross-core_unpaced,0,queue,1.22334e+07,1.24518e+07,733
2,rigtorp_65536_cross-core_unpaced,0,queue,1.24518e+07,1.26703e+07,273
2,rigtorp_65536_cross-core_unpaced,0,queue,1.26703e+07,1.28887e+07,336
2,rigtorp_65536_cross-core_unpaced,0,queue,1.28887e+07,1.31072e+07,312
2,rigtorp_65536_cross-core_unpaced,0,queue,1.31072e+07,1.33256e+07,311
2,rigtorp_65536_cross-core_unpaced,0,queue,1.33256e+07,1.35441e+07,312
2,rigtorp_65536_cross-core_unpaced,0,queue,1.35441e+07,1.37626e+07,279
2,rigtorp_65536_cross-core_unpaced,0,queue,1.37626e+07,1.3981e+07,301
2,rigtorp_65536_cross-core_unpaced,0,queue,1.3981e+07,1.44179e+07,531
2,rigtorp_65536_cross-core_unpaced,0,queue,1.44179e+07,1.48548e+07,941
2,rigtorp_65536_cross-core_unpaced,0,queue,1.48548e+07,1.52917e+07,2612
2,rigtorp_65536_cross-core_unpaced,0,book,5.83333,6.25,8
2,rigtorp_65536_cross-core_unpaced,0,book,6.66666,7.08333,843
2,rigtorp_65536_cross-core_unpaced,0,book,7.49999,7.91666,5565
2,rigtorp_65536_cross-core_unpaced,0,book,8.33333,8.74999,10956
2,rigtorp_65536_cross-core_unpaced,0,book,9.16666,9.58333,12057
2,rigtorp_65536_cross-core_unpaced,0,book,9.99999,10.4167,30499
2,rigtorp_65536_cross-core_unpaced,0,book,10.8333,11.25,5224
2,rigtorp_65536_cross-core_unpaced,0,book,11.6667,12.0833,1329
2,rigtorp_65536_cross-core_unpaced,0,book,12.5,12.9167,859
2,rigtorp_65536_cross-core_unpaced,0,book,13.3333,13.75,933
2,rigtorp_65536_cross-core_unpaced,0,book,14.1667,14.5833,1470
2,rigtorp_65536_cross-core_unpaced,0,book,15,15.4167,1642
2,rigtorp_65536_cross-core_unpaced,0,book,15.8333,16.25,1837
2,rigtorp_65536_cross-core_unpaced,0,book,16.6667,17.0833,2089
2,rigtorp_65536_cross-core_unpaced,0,book,17.5,17.9167,4321
2,rigtorp_65536_cross-core_unpaced,0,book,18.3333,18.75,10076
2,rigtorp_65536_cross-core_unpaced,0,book,19.1667,19.5833,13488
2,rigtorp_65536_cross-core_unpaced,0,book,20,20.4167,20447
2,rigtorp_65536_cross-core_unpaced,0,book,20.8333,21.25,15624
2,rigtorp_65536_cross-core_unpaced,0,book,21.6667,22.0833,11053
2,rigtorp_65536_cross-core_unpaced,0,book,22.5,22.9167,7395
2,rigtorp_65536_cross-core_unpaced,0,book,23.3333,23.75,4674
2,rigtorp_65536_cross-core_unpaced,0,book,24.1666,24.5833,5407
2,rigtorp_65536_cross-core_unpaced,0,book,25,25.4166,5008
2,rigtorp_65536_cross-core_unpaced,0,book,25.8333,26.25,5352
2,rigtorp_65536_cross-core_unpaced,0,book,26.6666,27.5,5582
2,rigtorp_65536_cross-core_unpaced,0,book,27.5,28.3333,6642
2,rigtorp_65536_cross-core_unpaced,0,book,28.3333,29.1666,8448
2,rigtorp_65536_cross-core_unpaced,0,book,29.1666,30,7637
2,rigtorp_65536_cross-core_unpaced,0,book,30,30.8333,9217
2,rigtorp_65536_cross-core_unpaced,0,book,30.8333,31.6666,8277
2,rigtorp_65536_cross-core_unpaced,0,book,31.6666,32.5,10016
2,rigtorp_65536_cross-core_unpaced,0,book,32.5,33.3333,11344
2,rigtorp_65536_cross-core_unpaced,0,book,33.3333,34.1666,11956
2,rigtorp_65536_cross-core_unpaced,0,book,34.1666,35,13687
2,rigtorp_65536_cross-core_unpaced,0,book,35,35.8333,13098
2,rigtorp_65536_cross-core_unpaced,0,book,35.8333,36.6666,16067
2,rigtorp_65536_cross-core_unpaced,0,book,36.6666,37.5,15370
2,rigtorp_65536_cross-core_unpaced,0,book,37.5,38.3333,15232
2,rigtorp_65536_cross-core_unpaced,0,book,38.3333,39.1666,15379
2,rigtorp_65536_cross-core_unpaced,0,book,39.1666,40,13858
2,rigtorp_65536_cross-core_unpaced,0,book,40,40.8333,15360
2,rigtorp_65536_cross-core_unpaced,0,book,40.8333,41.6666,13561
2,rigtorp_65536_cross-core_unpaced,0,book,41.6666,42.5,14696
2,rigtorp_65536_cross-core_unpaced,0,book,42.5,43.3333,14180
2,rigtorp_65536_cross-core_unpaced,0,book,43.3333,44.1666,13814
2,rigtorp_65536_cross-core_unpaced,0,book,44.1666,45,15836
2,rigtorp_65536_cross-core_unpaced,0,book,45,45.8333,15254
2,rigtorp_65536_cross-core_unpaced,0,book,45.8333,46.6666,17656
2,rigtorp_65536_cross-core_unpaced,0,book,46.6666,47.5,16973
2,rigtorp_65536_cross-core_unpaced,0,book,47.5,48.3333,17744
2,rigtorp_65536_cross-core_unpaced,0,book,48.3333,49.1666,18650
2,rigtorp_65536_cross-core_unpaced,0,book,49.1666,50,16696
2,rigtorp_65536_cross-core_unpaced,0,book,50,50.8333,18248
2,rigtorp_65536_cross-core_unpaced,0,book,50.8333,51.6666,15601
2,rigtorp_65536_cross-core_unpaced,0,book,51.6666,52.5,16177
2,rigtorp_65536_cross-core_unpaced,0,book,52.5,53.3333,14846
2,rigtorp_65536_cross-core_unpaced,0,book,53.3333,55,28737
2,rigtorp_65536_cross-core_unpaced,0,book,55,56.6666,27638
2,rigtorp_65536_cross-core_unpaced,0,book,56.6666,58.3333,27704
2,rigtorp_65536_cross-core_unpaced,0,book,58.3333,60,28819
2,rigtorp_65536_cross-core_unpaced,0,book,60,61.6666,29762
2,rigtorp_65536_cross-core_unpaced,0,book,61.6666,63.3333,28472
2,rigtorp_65536_cross-core_unpaced,0,book,63.3333,65,25415
2,rigtorp_65536_cross-core_unpaced,0,book,65,66.6666,22180
2,rigtorp_65536_cross-core_unpaced,0,book,66.6666,68.3333,21105
2,rigtorp_65536_cross-core_unpaced,0,book,68.3333,70,21563
2,rigtorp_65536_cross-core_unpaced,0,book,70,71.6666,22289
2,rigtorp_65536_cross-core_unpaced,0,book,71.6666,73.3333,21823
2,rigtorp_65536_cross-core_unpaced,0,book,73.3333,74.9999,21151
2,rigtorp_65536_cross-core_unpaced,0,book,74.9999,76.6666,20501
2,rigtorp_65536_cross-core_unpaced,0,book,76.6666,78.3333,20385
2,rigtorp_65536_cross-core_unpaced,0,book,78.3333,79.9999,19181
2,rigtorp_65536_cross-core_unpaced,0,book,79.9999,81.6666,18294
2,rigtorp_65536_cross-core_unpaced,0,book,81.6666,83.3333,17705
2,rigtorp_65536_cross-core_unpaced,0,book,83.3333,84.9999,16994
2,rigtorp_65536_cross-core_unpaced,0,book,84.9999,86.6666,16331
2,rigtorp_65536_cross-core_unpaced,0,book,86.6666,88.3333,16024
2,rigtorp_65536_cross-core_unpaced,0,book,88.3333,89.9999,15502
2,rigtorp_65536_cross-core_unpaced,0,book,89.9999,91.6666,15343
2,rigtorp_65536_cross-core_unpaced,0,book,91.6666,93.3333,14525
2,rigtorp_65536_cross-core_unpaced,0,book,93.3333,94.9999,14158
2,rigtorp_65536_cross-core_unpaced,0,book,94.9999,96.6666,13452
2,rigtorp_65536_cross-core_unpaced,0,book,96.6666,98.3333,12357
2,rigtorp_65536_cross-core_unpaced,0,book,98.3333,99.9999,12081
2,rigtorp_65536_cross-core_unpaced,0,book,99.9999,101.667,11919
2,rigtorp_65536_cross-core_unpaced,0,book,101.667,103.333,11548
2,rigtorp_65536_cross-core_unpaced,0,book,103.333,105,11009
2,rigtorp_65536_cross-core_unpaced,0,book,105,106.667,10433
2,rigtorp_65536_cross-core_unpaced,0,book,106.667,110,19804
2,rigtorp_65536_cross-core_unpaced,0,book,110,113.333,23943
2,rigtorp_65536_cross-core_unpaced,0,book,113.333,116.667,36040
2,rigtorp_65536_cross-core_unpaced,0,book,116.667,120,38794
2,rigtorp_65536_cross-core_unpaced,0,book,120,123.333,34302
2,rigtorp_65536_cross-core_unpaced,0,book,123.333,126.667,49833
2,rigtorp_65536_cross-core_unpaced,0,book,126.667,130,68034
2,rigtorp_65536_cross-core_unpaced,0,book,130,133.333,62732
2,rigtorp_65536_cross-core_unpaced,0,book,133.333,136.667,51316
2,rigtorp_65536_cross-core_unpaced,0,book,136.667,140,59518
2,rigtorp_65536_cross-core_unpaced,0,book,140,143.333,62504
2,rigtorp_65536_cross-core_unpaced,0,book,143.333,146.667,46497
2,rigtorp_65536_cross-core_unpaced,0,book,146.667,150,37959
2,rigtorp_65536_cross-core_unpaced,0,book,150,153.333,39710
2,rigtorp_65536_cross-core_unpaced,0,book,153.333,156.667,31573
2,rigtorp_65536_cross-core_unpaced,0,book,156.667,160,24369
2,rigtorp_65536_cross-core_unpaced,0,book,160,163.333,22112
2,rigtorp_65536_cross-core_unpaced,0,book,163.333,166.667,20512
2,rigtorp_65536_cross-core_unpaced,0,book,166.667,170,18998
2,rigtorp_65536_cross-core_unpaced,0,book,170,173.333,17861
2,rigtorp_65536_cross-core_unpaced,0,book,173.333,176.667,16085
2,rigtorp_65536_cross-core_unpaced,0,book,176.667,180,15251
2,rigtorp_65536_cross-core_unpaced,0,book,180,183.333,14790
2,rigtorp_65536_cross-core_unpaced,0,book,183.333,186.667,13613
2,rigtorp_65536_cross-core_unpaced,0,book,186.667,190,12674
2,rigtorp_65536_cross-core_unpaced,0,book,190,193.333,12902
2,rigtorp_65536_cross-core_unpaced,0,book,193.333,196.667,12908
2,rigtorp_65536_cross-core_unpaced,0,book,196.667,200,12281
2,rigtorp_65536_cross-core_unpaced,0,book,200,203.333,11990
2,rigtorp_65536_cross-core_unpaced,0,book,203.333,206.667,11486
2,rigtorp_65536_cross-core_unpaced,0,book,206.667,210,10972
2,rigtorp_65536_cross-core_unpaced,0,book,210,213.333,10488
2,rigtorp_65536_cross-core_unpaced,0,book,213.333,220,18317
2,rigtorp_65536_cross-core_unpaced,0,book,220,226.667,16326
2,rigtorp_65536_cross-core_unpaced,0,book,226.667,233.333,14397
2,rigtorp_65536_cross-core_unpaced,0,book,233.333,240,12853
2,rigtorp_65536_cross-core_unpaced,0,book,240,246.666,11819
2,rigtorp_65536_cross-core_unpaced,0,book,246.666,253.333,11183
2,rigtorp_65536_cross-core_unpaced,0,book,253.333,260,10353
2,rigtorp_65536_cross-core_unpaced,0,book,260,266.666,9724
2,rigtorp_65536_cross-core_unpaced,0,book,266.666,273.333,8805
2,rigtorp_65536_cross-core_unpaced,0,book,273.333,280,8440
2,rigtorp_65536_cross-core_unpaced,0,book,280,286.666,7750
2,rigtorp_65536_cross-core_unpaced,0,book,286.666,293.333,7238
2,rigtorp_65536_cross-core_unpaced,0,book,293.333,300,6789
2,rigtorp_65536_cross-core_unpaced,0,book,300,306.666,6271
2,rigtorp_65536_cross-core_unpaced,0,book,306.666,313.333,6014
2,rigtorp_65536_cross-core_unpaced,0,book,313.333,320,5452
2,rigtorp_65536_cross-core_unpaced,0,book,320,326.666,5427
2,rigtorp_65536_cross-core_unpaced,0,book,326.666,333.333,4936
2,rigtorp_65536_cross-core_unpaced,0,book,333.333,340,4627
2,rigtorp_65536_cross-core_unpaced,0,book,340,346.666,4414
2,rigtorp_65536_cross-core_unpaced,0,book,346.666,353.333,4040
2,rigtorp_65536_cross-core_unpaced,0,book,353.333,360,3747
2,rigtorp_65536_cross-core_unpaced,0,book,360,366.666,3747
2,rigtorp_65536_cross-core_unpaced,0,book,366.666,373.333,3426
2,rigtorp_65536_cross-core_unpaced,0,book,373.333,380,3290
2,rigtorp_65536_cross-core_unpaced,0,book,380,386.666,2780
2,rigtorp_65536_cross-core_unpaced,0,book,386.666,393.333,2519
2,rigtorp_65536_cross-core_unpaced,0,book,393.333,400,2364
2,rigtorp_65536_cross-core_unpaced,0,book,400,406.666,2114
2,rigtorp_65536_cross-core_unpaced,0,book,406.666,413.333,2180
2,rigtorp_65536_cross-core_unpaced,0,book,413.333,420,1989
2,rigtorp_65536_cross-core_unpaced,0,book,420,426.666,1882
2,rigtorp_65536_cross-core_unpaced,0,book,426.666,440,2710
2,rigtorp_65536_cross-core_unpaced,0,book,440,453.333,2019
2,rigtorp_65536_cross-core_unpaced,0,book,453.333,466.666,1696
2,rigtorp_65536_cross-core_unpaced,0,book,466.666,480,1338
2,rigtorp_65536_cross-core_unpaced,0,book,480,493.333,1142
2,rigtorp_65536_cross-core_unpaced,0,book,493.333,506.666,853
2,rigtorp_65536_cross-core_unpaced,0,book,506.666,520,739
2,rigtorp_65536_cross-core_unpaced,0,book,520,533.333,627
2,rigtorp_65536_cross-core_unpaced,0,book,533.333,546.666,501
2,rigtorp_65536_cross-core_unpaced,0,book,546.666,560,390
2,rigtorp_65536_cross-core_unpaced,0,book,560,573.333,331
2,rigtorp_65536_cross-core_unpaced,0,book,573.333,586.666,251
2,rigtorp_65536_cross-core_unpaced,0,book,586.666,600,220
2,rigtorp_65536_cross-core_unpaced,0,book,600,613.333,183
2,rigtorp_65536_cross-core_unpaced,0,book,613.333,626.666,166
2,rigtorp_65536_cross-core_unpaced,0,book,626.666,640,112
2,rigtorp_65536_cross-core_unpaced,0,book,640,653.333,107
2,rigtorp_65536_cross-core_unpaced,0,book,653.333,666.666,104
2,rigtorp_65536_cross-core_unpaced,0,book,666.666,680,71
2,rigtorp_65536_cross-core_unpaced,0,book,680,693.333,85
2,rigtorp_65536_cross-core_unpaced,0,book,693.333,706.666,71
2,rigtorp_65536_cross-core_unpaced,0,book,706.666,719.999,75
2,rigtorp_65536_cross-core_unpaced,0,book,719.999,733.333,80
2,rigtorp_65536_cross-core_unpaced,0,book,733.333,746.666,70
2,rigtorp_65536_cross-core_unpaced,0,book,746.666,759.999,67
2,rigtorp_65536_cross-core_unpaced,0,book,759.999,773.333,53
2,rigtorp_65536_cross-core_unpaced,0,book,773.333,786.666,47
2,rigtorp_65536_cross-core_unpaced,0,book,786.666,799.999,46
2,rigtorp_65536_cross-core_unpaced,0,book,799.999,813.333,50
2,rigtorp_65536_cross-core_unpaced,0,book,813.333,826.666,40
2,rigtorp_65536_cross-core_unpaced,0,book,826.666,839.999,37
2,rigtorp_65536_cross-core_unpaced,0,book,839.999,853.333,23
2,rigtorp_65536_cross-core_unpaced,0,book,853.333,879.999,54
2,rigtorp_65536_cross-core_unpaced,0,book,879.999,906.666,44
2,rigtorp_65536_cross-core_unpaced,0,book,906.666,933.333,37
2,rigtorp_65536_cross-core_unpaced,0,book,933.333,959.999,24
2,rigtorp_65536_cross-core_unpaced,0,book,959.999,986.666,21
2,rigtorp_65536_cross-core_unpaced,0,book,986.666,1013.33,14
2,rigtorp_65536_cross-core_unpaced,0,book,1013.33,1040,14
2,rigtorp_65536_cross-core_unpaced,0,book,1040,1066.67,6
2,rigtorp_65536_cross-core_unpaced,0,book,1066.67,1093.33,9
2,rigtorp_65536_cross-core_unpaced,0,book,1093.33,1120,8
2,rigtorp_65536_cross-core_unpaced,0,book,1120,1146.67,4
2,rigtorp_65536_cross-core_unpaced,0,book,1146.67,1173.33,4
2,rigtorp_65536_cross-core_unpaced,0,book,1173.33,1200,6
2,rigtorp_65536_cross-core_unpaced,0,book,1200,1226.67,7
2,rigtorp_65536_cross-core_unpaced,0,book,1226.67,1253.33,3
2,rigtorp_65536_cross-core_unpaced,0,book,1253.33,1280,2
2,rigtorp_65536_cross-core_unpaced,0,book,1280,1306.67,1
2,rigtorp_65536_cross-core_unpaced,0,book,1306.67,1333.33,5
2,rigtorp_65536_cross-core_unpaced,0,book,1333.33,1360,7
2,rigtorp_65536_cross-core_unpaced,0,book,1360,1386.67,6
2,rigtorp_65536_cross-core_unpaced,0,book,1386.67,1413.33,5
2,rigtorp_65536_cross-core_unpaced,0,book,1413.33,1440,8
2,rigtorp_65536_cross-core_unpaced,0,book,1440,1466.67,7
2,rigtorp_65536_cross-core_unpaced,0,book,1466.67,1493.33,15
2,rigtorp_65536_cross-core_unpaced,0,book,1493.33,1520,12
2,rigtorp_65536_cross-core_unpaced,0,book,1520,1546.67,10
2,rigtorp_65536_cross-core_unpaced,0,book,1546.67,1573.33,6
2,rigtorp_65536_cross-core_unpaced,0,book,1573.33,1600,7
2,rigtorp_65536_cross-core_unpaced,0,book,1600,1626.67,5
2,rigtorp_65536_cross-core_unpaced,0,book,1626.67,1653.33,11
2,rigtorp_65536_cross-core_unpaced,0,book,1653.33,1680,9
2,rigtorp_65536_cross-core_unpaced,0,book,1680,1706.67,13
2,rigtorp_65536_cross-core_unpaced,0,book,1706.67,1760,29
2,rigtorp_65536_cross-core_unpaced,0,book,1760,1813.33,26
2,rigtorp_65536_cross-core_unpaced,0,book,1813.33,1866.67,29
2,rigtorp_65536_cross-core_unpaced,0,book,1866.67,1920,25
2,rigtorp_65536_cross-core_unpaced,0,book,1920,1973.33,31
2,rigtorp_65536_cross-core_unpaced,0,book,1973.33,2026.67,30
2,rigtorp_65536_cross-core_unpaced,0,book,2026.67,2080,14
2,rigtorp_65536_cross-core_unpaced,0,book,2080,2133.33,12
2,rigtorp_65536_cross-core_unpaced,0,book,2133.33,2186.67,19
2,rigtorp_65536_cross-core_unpaced,0,book,2186.67,2240,18
2,rigtorp_65536_cross-core_unpaced,0,book,2240,2293.33,14
2,rigtorp_65536_cross-core_unpaced,0,book,2293.33,2346.67,6
2,rigtorp_65536_cross-core_unpaced,0,book,2346.67,2400,7
2,rigtorp_65536_cross-core_unpaced,0,book,2400,2453.33,3
2,rigtorp_65536_cross-core_unpaced,0,book,2453.33,2506.66,1
2,rigtorp_65536_cross-core_unpaced,0,book,2506.66,2560,2
2,rigtorp_65536_cross-core_unpaced,0,book,2560,2613.33,2
2,rigtorp_65536_cross-core_unpaced,0,book,2613.33,2666.66,3
2,rigtorp_65536_cross-core_unpaced,0,book,2720,2773.33,6
2,rigtorp_65536_cross-core_unpaced,0,book,2773.33,2826.66,1
2,rigtorp_65536_cross-core_unpaced,0,book,2880,2933.33,4
2,rigtorp_65536_cross-core_unpaced,0,book,2933.33,2986.66,5
2,rigtorp_65536_cross-core_unpaced,0,book,2986.66,3040,5
2,rigtorp_65536_cross-core_unpaced,0,book,3040,3093.33,3
2,rigtorp_65536_cross-core_unpaced,0,book,3093.33,3146.66,1
2,rigtorp_65536_cross-core_unpaced,0,book,3146.66,3200,2
2,rigtorp_65536_cross-core_unpaced,0,book,3200,3253.33,3
2,rigtorp_65536_cross-core_unpaced,0,book,3253.33,3306.66,2
2,rigtorp_65536_cross-core_unpaced,0,book,3360,3413.33,3
2,rigtorp_65536_cross-core_unpaced,0,book,3413.33,3520,1
2,rigtorp_65536_cross-core_unpaced,0,book,3520,3626.66,3
2,rigtorp_65536_cross-core_unpaced,0,book,3626.66,3733.33,2
2,rigtorp_65536_cross-core_unpaced,0,book,3733.33,3840,1
2,rigtorp_65536_cross-core_unpaced,0,book,4373.33,4480,1
2,rigtorp_65536_cross-core_unpaced,0,book,4693.33,4800,1
2,rigtorp_65536_cross-core_unpaced,0,book,5013.33,5120,1
2,rigtorp_65536_cross-core_unpaced,0,book,5333.33,5440,1
2,rigtorp_65536_cross-core_unpaced,0,book,5653.33,5760,1
2,rigtorp_65536_cross-core_unpaced,0,book,5760,5866.66,1
2,rigtorp_65536_cross-core_unpaced,0,book,5973.33,6080,1
2,rigtorp_65536_cross-core_unpaced,0,book,6080,6186.66,1
2,rigtorp_65536_cross-core_unpaced,0,book,7466.66,7679.99,1
2,rigtorp_65536_cross-core_unpaced,0,book,12373.3,12586.7,1
2,rigtorp_65536_cross-core_unpaced,0,book,15360,15786.7,1
2,rigtorp_65536_cross-core_unpaced,0,book,16640,17066.7,1
2,rigtorp_65536_cross-core_unpaced,0,book,41813.3,42666.6,1
2,rigtorp_65536_cross-core_unpaced,0,book,63146.6,64853.3,1
2,rigtorp_65536_cross-core_unpaced,0,book,78506.6,80213.3,1
3,rigtorp_65536_cross-core_unpaced,0,total,91.6666,93.3333,1
3,rigtorp_65536_cross-core_unpaced,0,total,116.667,120,1
3,rigtorp_65536_cross-core_unpaced,0,total,133.333,136.667,2
3,rigtorp_65536_cross-core_unpaced,0,total,140,143.333,1
3,rigtorp_65536_cross-core_unpaced,0,total,150,153.333,1
3,rigtorp_65536_cross-core_unpaced,0,total,156.667,160,1
3,rigtorp_65536_cross-core_unpaced,0,total,160,163.333,2
3,rigtorp_65536_cross-core_unpaced,0,total,176.667,180,5
3,rigtorp_65536_cross-core_unpaced,0,total,180,183.333,2
3,rigtorp_65536_cross-core_unpaced,0,total,183.333,186.667,5
3,rigtorp_65536_cross-core_unpaced,0,total,186.667,190,2
3,rigtorp_65536_cross-core_unpaced,0,total,190,193.333,3
3,rigtorp_65536_cross-core_unpaced,0,total,193.333,196.667,1
3,rigtorp_65536_cross-core_unpaced,0,total,196.667,200,2
3,rigtorp_65536_cross-core_unpaced,0,total,200,203.333,2
3,rigtorp_65536_cross-core_unpaced,0,total,203.333,206.667,3
3,rigtorp_65536_cross-core_unpaced,0,total,206.667,210,2
3,rigtorp_65536_cross-core_unpaced,0,total,213.333,220,5
3,rigtorp_65536_cross-core_unpaced,0,total,220,226.667,10
3,rigtorp_65536_cross-core_unpaced,0,total,226.667,233.333,11
3,rigtorp_65536_cross-core_unpaced,0,total,233.333,240,2
3,rigtorp_65536_cross-core_unpaced,0,total,240,246.666,7
3,rigtorp_65536_cross-core_unpaced,0,total,246.666,253.333,7
3,rigtorp_65536_cross-core_unpaced,0,total,253.333,260,8
3,rigtorp_65536_cross-core_unpaced,0,total,260,266.666,17
3,rigtorp_65536_cross-core_unpaced,0,total,266.666,273.333,16
3,rigtorp_65536_cross-core_unpaced,0,total,273.333,280,8
3,rigtorp_65536_cross-core_unpaced,0,total,280,286.666,14
3,rigtorp_65536_cross-core_unpaced,0,total,286.666,293.333,12
3,rigtorp_65536_cross-core_unpaced,0,total,293.333,300,8
3,rigtorp_65536_cross-core_unpaced,0,total,300,306.666,6
3,rigtorp_65536_cross-core_unpaced,0,total,306.666,313.333,13
3,rigtorp_65536_cross-core_unpaced,0,total,313.333,320,12
3,rigtorp_65536_cross-core_unpaced,0,total,320,326.666,19
3,rigtorp_65536_cross-core_unpaced,0,total,326.666,333.333,13
3,rigtorp_65536_cross-core_unpaced,0,total,333.333,340,9
3,rigtorp_65536_cross-core_unpaced,0,total,340,346.666,16
3,rigtorp_65536_cross-core_unpaced,0,total,346.666,353.333,13
3,rigtorp_65536_cross-core_unpaced,0,total,353.333,360,11
3,rigtorp_65536_cross-core_unpaced,0,total,360,366.666,20
3,rigtorp_65536_cross-core_unpaced,0,total,366.666,373.333,5
3,rigtorp_65536_cross-core_unpaced,0,total,373.333,380,12
3,rigtorp_65536_cross-core_unpaced,0,total,380,386.666,5
3,rigtorp_65536_cross-core_unpaced,0,total,386.666,393.333,7
3,rigtorp_65536_cross-core_unpaced,0,total,393.333,400,17
3,rigtorp_65536_cross-core_unpaced,0,total,400,406.666,8
3,rigtorp_65536_cross-core_unpaced,0,total,406.666,413.333,5
3,rigtorp_65536_cross-core_unpaced,0,total,413.333,420,8
3,rigtorp_65536_cross-core_unpaced,0,total,420,426.666,5
3,rigtorp_65536_cross-core_unpaced,0,total,426.666,440,12
3,rigtorp_65536_cross-core_unpaced,0,total,440,453.333,9
3,rigtorp_65536_cross-core_unpaced,0,total,453.333,466.666,18
3,rigtorp_65536_cross-core_unpaced,0,total,466.666,480,14
3,rigtorp_65536_cross-core_unpaced,0,total,480,493.333,12
3,rigtorp_65536_cross-core_unpaced,0,total,493.333,506.666,11
3,rigtorp_65536_cross-core_unpaced,0,total,506.666,520,16
3,rigtorp_65536_cross-core_unpaced,0,total,520,533.333,4
3,rigtorp_65536_cross-core_unpaced,0,total,533.333,546.666,3
3,rigtorp_65536_cross-core_unpaced,0,total,546.666,560,1
3,rigtorp_65536_cross-core_unpaced,0,total,560,573.333,3
3,rigtorp_65536_cross-core_unpaced,0,total,573.333,586.666,2
3,rigtorp_65536_cross-core_unpaced,0,total,586.666,600,4
3,rigtorp_65536_cross-core_unpaced,0,total,600,613.333,2
3,rigtorp_65536_cross-core_unpaced,0,total,613.333,626.666,5
3,rigtorp_65536_cross-core_unpaced,0,total,640,653.333,5
3,rigtorp_65536_cross-core_unpaced,0,total,666.666,680,4
3,rigtorp_65536_cross-core_unpaced,0,total,680,693.333,1
3,rigtorp_65536_cross-core_unpaced,0,total,693.333,706.666,1
3,rigtorp_65536_cross-core_unpaced,0,total,706.666,719.999,3
3,rigtorp_65536_cross-core_unpaced,0,total,733.333,746.666,1
3,rigtorp_65536_cross-core_unpaced,0,total,759.999,773.333,3
3,rigtorp_65536_cross-core_unpaced,0,total,813.333,826.666,1
3,rigtorp_65536_cross-core_unpaced,0,total,826.666,839.999,2
3,rigtorp_65536_cross-core_unpaced,0,total,879.999,906.666,1
3,rigtorp_65536_cross-core_unpaced,0,total,906.666,933.333,1
3,rigtorp_65536_cross-core_unpaced,0,total,959.999,986.666,1
3,rigtorp_65536_cross-core_unpaced,0,total,1013.33,1040,1
3,rigtorp_65536_cross-core_unpaced,0,total,1200,1226.67,2
3,rigtorp_65536_cross-core_unpaced,0,total,1573.33,1600,1
3,rigtorp_65536_cross-core_unpaced,0,total,1813.33,1866.67,1
3,rigtorp_65536_cross-core_unpaced,0,total,1866.67,1920,1
3,rigtorp_65536_cross-core_unpaced,0,total,2080,2133.33,1
3,rigtorp_65536_cross-core_unpaced,0,total,2240,2293.33,1
3,rigtorp_65536_cross-core_unpaced,0,total,2453.33,2506.66,1
3,rigtorp_65536_cross-core_unpaced,0,total,2613.33,2666.66,3
3,rigtorp_65536_cross-core_unpaced,0,total,2666.66,2720,3
3,rigtorp_65536_cross-core_unpaced,0,total,2720,2773.33,2
3,rigtorp_65536_cross-core_unpaced,0,total,2773.33,2826.66,2
3,rigtorp_65536_cross-core_unpaced,0,total,8106.66,8319.99,1
3,rigtorp_65536_cross-core_unpaced,0,total,8319.99,8533.33,1
3,rigtorp_65536_cross-core_unpaced,0,total,17493.3,17920,1
3,rigtorp_65536_cross-core_unpaced,0,total,18773.3,19200,2
3,rigtorp_65536_cross-core_unpaced,0,total,20906.7,21333.3,1
3,rigtorp_65536_cross-core_unpaced,0,total,21760,22186.7,1
3,rigtorp_65536_cross-core_unpaced,0,total,23893.3,24320,1
3,rigtorp_65536_cross-core_unpaced,0,total,24320,24746.6,1
3,rigtorp_65536_cross-core_unpaced,0,total,25173.3,25600,1
3,rigtorp_65536_cross-core_unpaced,0,total,27306.6,28160,1
3,rigtorp_65536_cross-core_unpaced,0,total,34133.3,34986.6,2
3,rigtorp_65536_cross-core_unpaced,0,total,37546.6,38400,1
3,rigtorp_65536_cross-core_unpaced,0,total,40106.6,40960,2
3,rigtorp_65536_cross-core_unpaced,0,total,40960,41813.3,1
3,rigtorp_65536_cross-core_unpaced,0,total,41813.3,42666.6,1
3,rigtorp_65536_cross-core_unpaced,0,total,44373.3,45226.6,1
3,rigtorp_65536_cross-core_unpaced,0,total,45226.6,46080,1
3,rigtorp_65536_cross-core_unpaced,0,total,46080,46933.3,1
3,rigtorp_65536_cross-core_unpaced,0,total,46933.3,47786.6,1
3,rigtorp_65536_cross-core_unpaced,0,total,47786.6,48640,2
3,rigtorp_65536_cross-core_unpaced,0,total,49493.3,50346.6,1
3,rigtorp_65536_cross-core_unpaced,0,total,52906.6,53760,1
3,rigtorp_65536_cross-core_unpaced,0,total,54613.3,56320,1
3,rigtorp_65536_cross-core_unpaced,0,total,56320,58026.6,1
3,rigtorp_65536_cross-core_unpaced,0,total,58026.6,59733.3,1
3,rigtorp_65536_cross-core_unpaced,0,total,59733.3,61440,2
3,rigtorp_65536_cross-core_unpaced,0,total,61440,63146.6,2
3,rigtorp_65536_cross-core_unpaced,0,total,63146.6,64853.3,2
3,rigtorp_65536_cross-core_unpaced,0,total,64853.3,66560,1
3,rigtorp_65536_cross-core_unpaced,0,total,66560,68266.6,3
3,rigtorp_65536_cross-core_unpaced,0,total,68266.6,69973.3,1
3,rigtorp_65536_cross-core_unpaced,0,total,69973.3,71679.9,2
3,rigtorp_65536_cross-core_unpaced,0,total,71679.9,73386.6,1
3,rigtorp_65536_cross-core_unpaced,0,total,73386.6,75093.3,3
3,rigtorp_65536_cross-core_unpaced,0,total,75093.3,76799.9,2
3,rigtorp_65536_cross-core_unpaced,0,total,76799.9,78506.6,2
3,rigtorp_65536_cross-core_unpaced,0,total,81919.9,83626.6,3
3,rigtorp_65536_cross-core_unpaced,0,total,83626.6,85333.3,1
3,rigtorp_65536_cross-core_unpaced,0,total,85333.3,87039.9,1
3,rigtorp_65536_cross-core_unpaced,0,total,87039.9,88746.6,1
3,rigtorp_65536_cross-core_unpaced,0,total,88746.6,90453.3,1
3,rigtorp_65536_cross-core_unpaced,0,total,90453.3,92159.9,2
3,rigtorp_65536_cross-core_unpaced,0,total,92159.9,93866.6,3
3,rigtorp_65536_cross-core_unpaced,0,total,93866.6,95573.3,1
3,rigtorp_65536_cross-core_unpaced,0,total,97279.9,98986.6,1
3,rigtorp_65536_cross-core_unpaced,0,total,98986.6,100693,2
3,rigtorp_65536_cross-core_unpaced,0,total,100693,102400,2
3,rigtorp_65536_cross-core_unpaced,0,total,102400,104107,3
3,rigtorp_65536_cross-core_unpaced,0,total,104107,105813,1
3,rigtorp_65536_cross-core_unpaced,0,total,105813,107520,3
3,rigtorp_65536_cross-core_unpaced,0,total,107520,109227,3
3,rigtorp_65536_cross-core_unpaced,0,total,109227,112640,2
3,rigtorp_65536_cross-core_unpaced,0,total,112640,116053,5
3,rigtorp_65536_cross-core_unpaced,0,total,116053,119467,2
3,rigtorp_65536_cross-core_unpaced,0,total,119467,122880,2
3,rigtorp_65536_cross-core_unpaced,0,total,122880,126293,3
3,rigtorp_65536_cross-core_unpaced,0,total,126293,129707,3
3,rigtorp_65536_cross-core_unpaced,0,total,133120,136533,3
3,rigtorp_65536_cross-core_unpaced,0,total,136533,139947,2
3,rigtorp_65536_cross-core_unpaced,0,total,139947,143360,8
3,rigtorp_65536_cross-core_unpaced,0,total,143360,146773,4
3,rigtorp_65536_cross-core_unpaced,0,total,146773,150187,6
3,rigtorp_65536_cross-core_unpaced,0,total,150187,153600,4
3,rigtorp_65536_cross-core_unpaced,0,total,153600,157013,3
3,rigtorp_65536_cross-core_unpaced,0,total,157013,160427,3
3,rigtorp_65536_cross-core_unpaced,0,total,160427,163840,2
3,rigtorp_65536_cross-core_unpaced,0,total,163840,167253,3
3,rigtorp_65536_cross-core_unpaced,0,total,167253,170667,3
3,rigtorp_65536_cross-core_unpaced,0,total,170667,174080,6
3,rigtorp_65536_cross-core_unpaced,0,total,174080,177493,7
3,rigtorp_65536_cross-core_unpaced,0,total,177493,180907,2
3,rigtorp_65536_cross-core_unpaced,0,total,180907,184320,3
3,rigtorp_65536_cross-core_unpaced,0,total,184320,187733,3
3,rigtorp_65536_cross-core_unpaced,0,total,187733,191147,3
3,rigtorp_65536_cross-core_unpaced,0,total,191147,194560,6
3,rigtorp_65536_cross-core_unpaced,0,total,194560,197973,2
3,rigtorp_65536_cross-core_unpaced,0,total,197973,201387,6
3,rigtorp_65536_cross-core_unpaced,0,total,201387,204800,3
3,rigtorp_65536_cross-core_unpaced,0,total,204800,208213,9
3,rigtorp_65536_cross-core_unpaced,0,total,208213,211627,8
3,rigtorp_65536_cross-core_unpaced,0,total,211627,215040,10
3,rigtorp_65536_cross-core_unpaced,0,total,215040,218453,4
3,rigtorp_65536_cross-core_unpaced,0,total,218453,225280,12
3,rigtorp_65536_cross-core_unpaced,0,total,225280,232107,7
3,rigtorp_65536_cross-core_unpaced,0,total,232107,238933,11
3,rigtorp_65536_cross-core_unpaced,0,total,238933,245760,6
3,rigtorp_65536_cross-core_unpaced,0,total,245760,252586,11
3,rigtorp_65536_cross-core_unpaced,0,total,252586,259413,15
3,rigtorp_65536_cross-core_unpaced,0,total,259413,266240,9
3,rigtorp_65536_cross-core_unpaced,0,total,266240,273066,8
3,rigtorp_65536_cross-core_unpaced,0,total,273066,279893,7
3,rigtorp_65536_cross-core_unpaced,0,total,279893,286720,11
3,rigtorp_65536_cross-core_unpaced,0,total,286720,293546,10
3,rigtorp_65536_cross-core_unpaced,0,total,293546,300373,12
3,rigtorp_65536_cross-core_unpaced,0,total,300373,307200,5
3,rigtorp_65536_cross-core_unpaced,0,total,307200,314026,9
3,rigtorp_65536_cross-core_unpaced,0,total,314026,320853,11
3,rigtorp_65536_cross-core_unpaced,0,total,320853,327680,6
3,rigtorp_65536_cross-core_unpaced,0,total,327680,334506,10
3,rigtorp_65536_cross-core_unpaced,0,total,334506,341333,7
3,rigtorp_65536_cross-core_unpaced,0,total,341333,348160,8
3,rigtorp_65536_cross-core_unpaced,0,total,348160,354986,9
3,rigtorp_65536_cross-core_unpaced,0,total,354986,361813,10
3,rigtorp_65536_cross-core_unpaced,0,total,361813,368640,5
3,rigtorp_65536_cross-core_unpaced,0,total,368640,375466,6
3,rigtorp_65536_cross-core_unpaced,0,total,375466,382293,9
3,rigtorp_65536_cross-core_unpaced,0,total,382293,389120,14
3,rigtorp_65536_cross-core_unpaced,0,total,389120,395946,9
3,rigtorp_65536_cross-core_unpaced,0,total,395946,402773,7
3,rigtorp_65536_cross-core_unpaced,0,total,402773,409600,12
3,rigtorp_65536_cross-core_unpaced,0,total,409600,416426,13
3,rigtorp_65536_cross-core_unpaced,0,total,416426,423253,14
3,rigtorp_65536_cross-core_unpaced,0,total,423253,430080,15
3,rigtorp_65536_cross-core_unpaced,0,total,430080,436906,7
3,rigtorp_65536_cross-core_unpaced,0,total,436906,450560,24
3,rigtorp_65536_cross-core_unpaced,0,total,450560,464213,27
3,rigtorp_65536_cross-core_unpaced,0,total,464213,477866,23
3,rigtorp_65536_cross-core_unpaced,0,total,477866,491520,19
3,rigtorp_65536_cross-core_unpaced,0,total,491520,505173,23
3,rigtorp_65536_cross-core_unpaced,0,total,505173,518826,17
3,rigtorp_65536_cross-core_unpaced,0,total,518826,532480,23
3,rigtorp_65536_cross-core_unpaced,0,total,532480,546133,14
3,rigtorp_65536_cross-core_unpaced,0,total,546133,559786,27
3,rigtorp_65536_cross-core_unpaced,0,total,559786,573440,29
3,rigtorp_65536_cross-core_unpaced,0,total,573440,587093,28
3,rigtorp_65536_cross-core_unpaced,0,total,587093,600746,19
3,rigtorp_65536_cross-core_unpaced,0,total,600746,614400,29
3,rigtorp_65536_cross-core_unpaced,0,total,614400,628053,23
3,rigtorp_65536_cross-core_unpaced,0,total,628053,641706,19
3,rigtorp_65536_cross-core_unpaced,0,total,641706,655360,26
3,rigtorp_65536_cross-core_unpaced,0,total,655360,669013,18
3,rigtorp_65536_cross-core_unpaced,0,total,669013,682666,19
3,rigtorp_65536_cross-core_unpaced,0,total,682666,696320,30
3,rigtorp_65536_cross-core_unpaced,0,total,696320,709973,21
3,rigtorp_65536_cross-core_unpaced,0,total,709973,723626,21
3,rigtorp_65536_cross-core_unpaced,0,total,723626,737279,19
3,rigtorp_65536_cross-core_unpaced,0,total,737279,750933,21
3,rigtorp_65536_cross-core_unpaced,0,total,750933,764586,22
3,rigtorp_65536_cross-core_unpaced,0,total,764586,778239,19
3,rigtorp_65536_cross-core_unpaced,0,total,778239,791893,26
3,rigtorp_65536_cross-core_unpaced,0,total,791893,805546,22
3,rigtorp_65536_cross-core_unpaced,0,total,805546,819199,23
3,rigtorp_65536_cross-core_unpaced,0,total,819199,832853,22
3,rigtorp_65536_cross-core_unpaced,0,total,832853,846506,23
3,rigtorp_65536_cross-core_unpaced,0,total,846506,860159,22
3,rigtorp_65536_cross-core_unpaced,0,total,860159,873813,27
3,rigtorp_65536_cross-core_unpaced,0,total,873813,901119,60
3,rigtorp_65536_cross-core_unpaced,0,total,901119,928426,46
3,rigtorp_65536_cross-core_unpaced,0,total,928426,955733,54
3,rigtorp_65536_cross-core_unpaced,0,total,955733,983039,49
3,rigtorp_65536_cross-core_unpaced,0,total,983039,1.01035e+06,44
3,rigtorp_65536_cross-core_unpaced,0,total,1.01035e+06,1.03765e+06,43
3,rigtorp_65536_cross-core_unpaced,0,total,1.03765e+06,1.06496e+06,37
3,rigtorp_65536_cross-core_unpaced,0,total,1.06496e+06,1.09227e+06,20
3,rigtorp_65536_cross-core_unpaced,0,total,1.09227e+06,1.11957e+06,32
3,rigtorp_65536_cross-core_unpaced,0,total,1.11957e+06,1.14688e+06,26
3,rigtorp_65536_cross-core_unpaced,0,total,1.14688e+06,1.17419e+06,32
3,rigtorp_65536_cross-core_unpaced,0,total,1.17419e+06,1.20149e+06,30
3,rigtorp_65536_cross-core_unpaced,0,total,1.20149e+06,1.2288e+06,29
3,rigtorp_65536_cross-core_unpaced,0,total,1.2288e+06,1.25611e+06,31
3,rigtorp_65536_cross-core_unpaced,0,total,1.25611e+06,1.28341e+06,28
3,rigtorp_65536_cross-core_unpaced,0,total,1.28341e+06,1.31072e+06,27
3,rigtorp_65536_cross-core_unpaced,0,total,1.31072e+06,1.33803e+06,19
3,rigtorp_65536_cross-core_unpaced,0,total,1.33803e+06,1.36533e+06,21
3,rigtorp_65536_cross-core_unpaced,0,total,1.36533e+06,1.39264e+06,29
3,rigtorp_65536_cross-core_unpaced,0,total,1.39264e+06,1.41995e+06,22
3,rigtorp_65536_cross-core_unpaced,0,total,1.41995e+06,1.44725e+06,26
3,rigtorp_65536_cross-core_unpaced,0,total,1.44725e+06,1.47456e+06,29
3,rigtorp_65536_cross-core_unpaced,0,total,1.47456e+06,1.50187e+06,22
3,rigtorp_65536_cross-core_unpaced,0,total,1.50187e+06,1.52917e+06,17
3,rigtorp_65536_cross-core_unpaced,0,total,1.52917e+06,1.55648e+06,26
3,rigtorp_65536_cross-core_unpaced,0,total,1.55648e+06,1.58379e+06,26
3,rigtorp_65536_cross-core_unpaced,0,total,1.58379e+06,1.61109e+06,12
3,rigtorp_65536_cross-core_unpaced,0,total,1.61109e+06,1.6384e+06,28
3,rigtorp_65536_cross-core_unpaced,0,total,1.6384e+06,1.66571e+06,25
3,rigtorp_65536_cross-core_unpaced,0,total,1.66571e+06,1.69301e+06,19
3,rigtorp_65536_cross-core_unpaced,0,total,1.69301e+06,1.72032e+06,17
3,rigtorp_65536_cross-core_unpaced,0,total,1.72032e+06,1.74763e+06,23
3,rigtorp_65536_cross-core_unpaced,0,total,1.74763e+06,1.80224e+06,47
3,rigtorp_65536_cross-core_unpaced,0,total,1.80224e+06,1.85685e+06,56
3,rigtorp_65536_cross-core_unpaced,0,total,1.85685e+06,1.91147e+06,49
3,rigtorp_65536_cross-core_unpaced,0,total,1.91147e+06,1.96608e+06,42
3,rigtorp_65536_cross-core_unpaced,0,total,1.96608e+06,2.02069e+06,40
3,rigtorp_65536_cross-core_unpaced,0,total,2.02069e+06,2.07531e+06,51
3,rigtorp_65536_cross-core_unpaced,0,total,2.07531e+06,2.12992e+06,56
3,rigtorp_65536_cross-core_unpaced,0,total,2.12992e+06,2.18453e+06,47
3,rigtorp_65536_cross-core_unpaced,0,total,2.18453e+06,2.23915e+06,43
3,rigtorp_65536_cross-core_unpaced,0,total,2.23915e+06,2.29376e+06,56
3,rigtorp_65536_cross-core_unpaced,0,total,2.29376e+06,2.34837e+06,43
3,rigtorp_65536_cross-core_unpaced,0,total,2.34837e+06,2.40298e+06,55
3,rigtorp_65536_cross-core_unpaced,0,total,2.40298e+06,2.4576e+06,53
3,rigtorp_65536_cross-core_unpaced,0,total,2.4576e+06,2.51221e+06,60
3,rigtorp_65536_cross-core_unpaced,0,total,2.51221e+06,2.56682e+06,50
3,rigtorp_65536_cross-core_unpaced,0,total,2.56682e+06,2.62144e+06,47
3,rigtorp_65536_cross-core_unpaced,0,total,2.62144e+06,2.67605e+06,55
3,rigtorp_65536_cross-core_unpaced,0,total,2.67605e+06,2.73066e+06,50
3,rigtorp_65536_cross-core_unpaced,0,total,2.73066e+06,2.78528e+06,52
3,rigtorp_65536_cross-core_unpaced,0,total,2.78528e+06,2.83989e+06,57
3,rigtorp_65536_cross-core_unpaced,0,total,2.83989e+06,2.8945e+06,64
3,rigtorp_65536_cross-core_unpaced,0,total,2.8945e+06,2.94912e+06,55
3,rigtorp_65536_cross-core_unpaced,0,total,2.94912e+06,3.00373e+06,35
3,rigtorp_65536_cross-core_unpaced,0,total,3.00373e+06,3.05834e+06,45
3,rigtorp_65536_cross-core_unpaced,0,total,3.05834e+06,3.11296e+06,49
3,rigtorp_65536_cross-core_unpaced,0,total,3.11296e+06,3.16757e+06,64
3,rigtorp_65536_cross-core_unpaced,0,total,3.16757e+06,3.22218e+06,67
3,rigtorp_65536_cross-core_unpaced,0,total,3.22218e+06,3.2768e+06,59
3,rigtorp_65536_cross-core_unpaced,0,total,3.2768e+06,3.33141e+06,52
3,rigtorp_65536_cross-core_unpaced,0,total,3.33141e+06,3.38602e+06,53
3,rigtorp_65536_cross-core_unpaced,0,total,3.38602e+06,3.44064e+06,64
3,rigtorp_65536_cross-core_unpaced,0,total,3.44064e+06,3.49525e+06,48
3,rigtorp_65536_cross-core_unpaced,0,total,3.49525e+06,3.60448e+06,86
3,rigtorp_65536_cross-core_unpaced,0,total,3.60448e+06,3.7137e+06,100
3,rigtorp_65536_cross-core_unpaced,0,total,3.7137e+06,3.82293e+06,104
3,rigtorp_65536_cross-core_unpaced,0,total,3.82293e+06,3.93216e+06,106
3,rigtorp_65536_cross-core_unpaced,0,total,3.93216e+06,4.04138e+06,91
3,rigtorp_65536_cross-core_unpaced,0,total,4.04138e+06,4.15061e+06,97
3,rigtorp_65536_cross-core_unpaced,0,total,4.15061e+06,4.25984e+06,91
3,rigtorp_65536_cross-core_unpaced,0,total,4.25984e+06,4.36906e+06,102
3,rigtorp_65536_cross-core_unpaced,0,total,4.36906e+06,4.47829e+06,106
3,rigtorp_65536_cross-core_unpaced,0,total,4.47829e+06,4.58752e+06,107
3,rigtorp_65536_cross-core_unpaced,0,total,4.58752e+06,4.69674e+06,114
3,rigtorp_65536_cross-core_unpaced,0,total,4.69674e+06,4.80597e+06,87
3,rigtorp_65536_cross-core_unpaced,0,total,4.80597e+06,4.9152e+06,85
3,rigtorp_65536_cross-core_unpaced,0,total,4.9152e+06,5.02442e+06,102
3,rigtorp_65536_cross-core_unpaced,0,total,5.02442e+06,5.13365e+06,96
3,rigtorp_65536_cross-core_unpaced,0,total,5.13365e+06,5.24288e+06,101
3,rigtorp_65536_cross-core_unpaced,0,total,5.24288e+06,5.3521e+06,279
3,rigtorp_65536_cross-core_unpaced,0,total,5.3521e+06,5.46133e+06,453
3,rigtorp_65536_cross-core_unpaced,0,total,5.46133e+06,5.57056e+06,24528
3,rigtorp_65536_cross-core_unpaced,0,total,5.57056e+06,5.67978e+06,101833
3,rigtorp_65536_cross-core_unpaced,0,total,5.67978e+06,5.78901e+06,68015
3,rigtorp_65536_cross-core_unpaced,0,total,5.78901e+06,5.89824e+06,19350
3,rigtorp_65536_cross-core_unpaced,0,total,5.89824e+06,6.00746e+06,22638
3,rigtorp_65536_cross-core_unpaced,0,total,6.00746e+06,6.11669e+06,13204
3,rigtorp_65536_cross-core_unpaced,0,total,6.11669e+06,6.22592e+06,8338
3,rigtorp_65536_cross-core_unpaced,0,total,6.22592e+06,6.33514e+06,8497
3,rigtorp_65536_cross-core_unpaced,0,total,6.33514e+06,6.44437e+06,7253
3,rigtorp_65536_cross-core_unpaced,0,total,6.44437e+06,6.5536e+06,5266
3,rigtorp_65536_cross-core_unpaced,0,total,6.5536e+06,6.66282e+06,4339
3,rigtorp_65536_cross-core_unpaced,0,total,6.66282e+06,6.77205e+06,7896
3,rigtorp_65536_cross-core_unpaced,0,total,6.77205e+06,6.88128e+06,6731
3,rigtorp_65536_cross-core_unpaced,0,total,6.88128e+06,6.9905e+06,7506
3,rigtorp_65536_cross-core_unpaced,0,total,6.9905e+06,7.20895e+06,4831
3,rigtorp_65536_cross-core_unpaced,0,total,7.20895e+06,7.42741e+06,4494
3,rigtorp_65536_cross-core_unpaced,0,total,7.42741e+06,7.64586e+06,5315
3,rigtorp_65536_cross-core_unpaced,0,total,7.64586e+06,7.86431e+06,2694
3,rigtorp_65536_cross-core_unpaced,0,total,7.86431e+06,8.08277e+06,33556
3,rigtorp_65536_cross-core_unpaced,0,total,8.08277e+06,8.30122e+06,268669
3,rigtorp_65536_cross-core_unpaced,0,total,8.30122e+06,8.51967e+06,478913
3,rigtorp_65536_cross-core_unpaced,0,total,8.51967e+06,8.73813e+06,535202
3,rigtorp_65536_cross-core_unpaced,0,total,8.73813e+06,8.95658e+06,445391
3,rigtorp_65536_cross-core_unpaced,0,total,8.95658e+06,9.17503e+06,176762
3,rigtorp_65536_cross-core_unpaced,0,total,9.17503e+06,9.39349e+06,58612
3,rigtorp_65536_cross-core_unpaced,0,total,9.39349e+06,9.61194e+06,18750
3,rigtorp_65536_cross-core_unpaced,0,total,9.61194e+06,9.83039e+06,7590
3,rigtorp_65536_cross-core_unpaced,0,total,9.83039e+06,1.00488e+07,2871
3,rigtorp_65536_cross-core_unpaced,0,total,1.00488e+07,1.02673e+07,2631
3,rigtorp_65536_cross-core_unpaced,0,total,1.02673e+07,1.04858e+07,4037
3,rigtorp_65536_cross-core_unpaced,0,total,1.04858e+07,1.07042e+07,4841
3,rigtorp_65536_cross-core_unpaced,0,total,1.07042e+07,1.09227e+07,2149
3,rigtorp_65536_cross-core_unpaced,0,total,1.09227e+07,1.11411e+07,1396
3,rigtorp_65536_cross-core_unpaced,0,total,1.11411e+07,1.13596e+07,1106
3,rigtorp_65536_cross-core_unpaced,0,total,1.13596e+07,1.1578e+07,1504
3,rigtorp_65536_cross-core_unpaced,0,total,1.1578e+07,1.17965e+07,1002
3,rigtorp_65536_cross-core_unpaced,0,total,1.17965e+07,1.20149e+07,531
3,rigtorp_65536_cross-core_unpaced,0,total,1.20149e+07,1.22334e+07,282
3,rigtorp_65536_cross-core_unpaced,0,total,1.22334e+07,1.24518e+07,292
3,rigtorp_65536_cross-core_unpaced,0,total,1.24518e+07,1.26703e+07,255
3,rigtorp_65536_cross-core_unpaced,0,total,1.26703e+07,1.28887e+07,174
3,rigtorp_65536_cross-core_unpaced,0,total,1.28887e+07,1.31072e+07,319
3,rigtorp_65536_cross-core_unpaced,0,total,1.31072e+07,1.33256e+07,295
3,rigtorp_65536_cross-core_unpaced,0,total,1.33256e+07,1.35441e+07,368
3,rigtorp_65536_cross-core_unpaced,0,total,1.35441e+07,1.37626e+07,256
3,rigtorp_65536_cross-core_unpaced,0,total,1.37626e+07,1.3981e+07,297
3,rigtorp_65536_cross-core_unpaced,0,total,1.3981e+07,1.44179e+07,558
3,rigtorp_65536_cross-core_unpaced,0,total,1.44179e+07,1.48548e+07,575
3,rigtorp_65536_cross-core_unpaced,0,total,1.48548e+07,1.52917e+07,2039
3,rigtorp_65536_cross-core_unpaced,0,total,1.52917e+07,1.57286e+07,1105
3,rigtorp_65536_cross-core_unpaced,0,queue,84.9999,86.6666,1
3,rigtorp_65536_cross-core_unpaced,0,queue,110,113.333,1
3,rigtorp_65536_cross-core_unpaced,0,queue,126.667,130,2
3,rigtorp_65536_cross-core_unpaced,0,queue,133.333,136.667,1
3,rigtorp_65536_cross-core_unpaced,0,queue,143.333,146.667,1
3,rigtorp_65536_cross-core_unpaced,0,queue,150,153.333,1
3,rigtorp_65536_cross-core_unpaced,0,queue,153.333,156.667,2
3,rigtorp_65536_cross-core_unpaced,0,queue,163.333,166.667,1
3,rigtorp_65536_cross-core_unpaced,0,queue,166.667,170,3
3,rigtorp_65536_cross-core_unpaced,0,queue,170,173.333,2
3,rigtorp_65536_cross-core_unpaced,0,queue,173.333,176.667,2
3,rigtorp_65536_cross-core_unpaced,0,queue,176.667,180,5
3,rigtorp_65536_cross-core_unpaced,0,queue,180,183.333,3
3,rigtorp_65536_cross-core_unpaced,0,queue,183.333,186.667,3
3,rigtorp_65536_cross-core_unpaced,0,queue,186.667,190,1
3,rigtorp_65536_cross-core_unpaced,0,queue,190,193.333,2
3,rigtorp_65536_cross-core_unpaced,0,queue,193.333,196.667,2
3,rigtorp_65536_cross-core_unpaced,0,queue,196.667,200,3
3,rigtorp_65536_cross-core_unpaced,0,queue,200,203.333,2
3,rigtorp_65536_cross-core_unpaced,0,queue,206.667,210,2
3,rigtorp_65536_cross-core_unpaced,0,queue,210,213.333,4
3,rigtorp_65536_cross-core_unpaced,0,queue,213.333,220,9
3,rigtorp_65536_cross-core_unpaced,0,queue,220,226.667,11
3,rigtorp_65536_cross-core_unpaced,0,queue,226.667,233.333,2
3,rigtorp_65536_cross-core_unpaced,0,queue,233.333,240,7
3,rigtorp_65536_cross-core_unpaced,0,queue,240,246.666,7
3,rigtorp_65536_cross-core_unpaced,0,queue,246.666,253.333,8
3,rigtorp_65536_cross-core_unpaced,0,queue,253.333,260,17
3,rigtorp_65536_cross-core_unpaced,0,queue,260,266.666,16
3,rigtorp_65536_cross-core_unpaced,0,queue,266.666,273.333,6
3,rigtorp_65536_cross-core_unpaced,0,queue,273.333,280,15
3,rigtorp_65536_cross-core_unpaced,0,queue,280,286.666,13
3,rigtorp_65536_cross-core_unpaced,0,queue,286.666,293.333,7
3,rigtorp_65536_cross-core_unpaced,0,queue,293.333,300,7
3,rigtorp_65536_cross-core_unpaced,0,queue,300,306.666,12
3,rigtorp_65536_cross-core_unpaced,0,queue,306.666,313.333,13
3,rigtorp_65536_cross-core_unpaced,0,queue,313.333,320,18
3,rigtorp_65536_cross-core_unpaced,0,queue,320,326.666,13
3,rigtorp_65536_cross-core_unpaced,0,queue,326.666,333.333,10
3,rigtorp_65536_cross-core_unpaced,0,queue,333.333,340,16
3,rigtorp_65536_cross-core_unpaced,0,queue,340,346.666,11
3,rigtorp_65536_cross-core_unpaced,0,queue,346.666,353.333,11
3,rigtorp_65536_cross-core_unpaced,0,queue,353.333,360,20
3,rigtorp_65536_cross-core_unpaced,0,queue,360,366.666,6
3,rigtorp_65536_cross-core_unpaced,0,queue,366.666,373.333,11
3,rigtorp_65536_cross-core_unpaced,0,queue,373.333,380,7
3,rigtorp_65536_cross-core_unpaced,0,queue,380,386.666,7
3,rigtorp_65536_cross-core_unpaced,0,queue,386.666,393.333,16
3,rigtorp_65536_cross-core_unpaced,0,queue,393.333,400,7
3,rigtorp_65536_cross-core_unpaced,0,queue,400,406.666,5
3,rigtorp_65536_cross-core_unpaced,0,queue,406.666,413.333,9
3,rigtorp_65536_cross-core_unpaced,0,queue,413.333,420,5
3,rigtorp_65536_cross-core_unpaced,0,queue,420,426.666,8
3,rigtorp_65536_cross-core_unpaced,0,queue,426.666,440,7
3,rigtorp_65536_cross-core_unpaced,0,queue,440,453.333,17
3,rigtorp_65536_cross-core_unpaced,0,queue,453.333,466.666,15
3,rigtorp_65536_cross-core_unpaced,0,queue,466.666,480,10
3,rigtorp_65536_cross-core_unpaced,0,queue,480,493.333,12
3,rigtorp_65536_cross-core_unpaced,0,queue,493.333,506.666,15
3,rigtorp_65536_cross-core_unpaced,0,queue,506.666,520,9
3,rigtorp_65536_cross-core_unpaced,0,queue,520,533.333,4
3,rigtorp_65536_cross-core_unpaced,0,queue,533.333,546.666,3
3,rigtorp_65536_cross-core_unpaced,0,queue,546.666,560,3
3,rigtorp_65536_cross-core_unpaced,0,queue,560,573.333,2
3,rigtorp_65536_cross-core_unpaced,0,queue,573.333,586.666,3
3,rigtorp_65536_cross-core_unpaced,0,queue,586.666,600,3
3,rigtorp_65536_cross-core_unpaced,0,queue,600,613.333,3
3,rigtorp_65536_cross-core_unpaced,0,queue,613.333,626.666,2
3,rigtorp_65536_cross-core_unpaced,0,queue,626.666,640,5
3,rigtorp_65536_cross-core_unpaced,0,queue,653.333,666.666,1
3,rigtorp_65536_cross-core_unpaced,0,queue,666.666,680,3
3,rigtorp_65536_cross-core_unpaced,0,queue,680,693.333,2
3,rigtorp_65536_cross-core_unpaced,0,queue,706.666,719.999,3
3,rigtorp_65536_cross-core_unpaced,0,queue,719.999,733.333,1
3,rigtorp_65536_cross-core_unpaced,0,queue,746.666,759.999,3
3,rigtorp_65536_cross-core_unpaced,0,queue,813.333,826.666,3
3,rigtorp_65536_cross-core_unpaced,0,queue,879.999,906.666,1
3,rigtorp_65536_cross-core_unpaced,0,queue,906.666,933.333,1
3,rigtorp_65536_cross-core_unpaced,0,queue,933.333,959.999,1
3,rigtorp_65536_cross-core_unpaced,0,queue,1013.33,1040,1
3,rigtorp_65536_cross-core_unpaced,0,queue,1173.33,1200,2
3,rigtorp_65536_cross-core_unpaced,0,queue,1573.33,1600,1
3,rigtorp_65536_cross-core_unpaced,0,queue,1813.33,1866.67,1
3,rigtorp_65536_cross-core_unpaced,0,queue,1866.67,1920,1
3,rigtorp_65536_cross-core_unpaced,0,queue,2080,2133.33,1
3,rigtorp_65536_cross-core_unpaced,0,queue,2240,2293.33,1
3,rigtorp_65536_cross-core_unpaced,0,queue,2453.33,2506.66,1
3,rigtorp_65536_cross-core_unpaced,0,queue,2613.33,2666.66,4
3,rigtorp_65536_cross-core_unpaced,0,queue,2666.66,2720,3
3,rigtorp_65536_cross-core_unpaced,0,queue,2720,2773.33,1
3,rigtorp_65536_cross-core_unpaced,0,queue,2773.33,2826.66,2
3,rigtorp_65536_cross-core_unpaced,0,queue,8106.66,8319.99,1
3,rigtorp_65536_cross-core_unpaced,0,queue,8319.99,8533.33,1
3,rigtorp_65536_cross-core_unpaced,0,queue,18346.7,18773.3,1
3,rigtorp_65536_cross-core_unpaced,0,queue,18773.3,19200,1
3,rigtorp_65536_cross-core_unpaced,0,queue,20906.7,21333.3,1
3,rigtorp_65536_cross-core_unpaced,0,queue,21333.3,21760,1
3,rigtorp_65536_cross-core_unpaced,0,queue,23893.3,24320,1
3,rigtorp_65536_cross-core_unpaced,0,queue,24320,24746.6,1
3,rigtorp_65536_cross-core_unpaced,0,queue,24746.6,25173.3,1
3,rigtorp_65536_cross-core_unpaced,0,queue,27306.6,28160,1
3,rigtorp_65536_cross-core_unpaced,0,queue,33280,34133.3,1
3,rigtorp_65536_cross-core_unpaced,0,queue,34133.3,34986.6,1
3,rigtorp_65536_cross-core_unpaced,0,queue,37546.6,38400,1
3,rigtorp_65536_cross-core_unpaced,0,queue,40106.6,40960,2
3,rigtorp_65536_cross-core_unpaced,0,queue,40960,41813.3,1
3,rigtorp_65536_cross-core_unpaced,0,queue,41813.3,42666.6,1
3,rigtorp_65536_cross-core_unpaced,0,queue,44373.3,45226.6,1
3,rigtorp_65536_cross-core_unpaced,0,queue,45226.6,46080,1
3,rigtorp_65536_cross-core_unpaced,0,queue,46080,46933.3,1
3,rigtorp_65536_cross-core_unpaced,0,queue,46933.3,47786.6,1
3,rigtorp_65536_cross-core_unpaced,0,queue,47786.6,48640,2
3,rigtorp_65536_cross-core_unpaced,0,queue,49493.3,50346.6,1
3,rigtorp_65536_cross-core_unpaced,0,queue,52906.6,53760,1
3,rigtorp_65536_cross-core_unpaced,0,queue,54613.3,56320,1
3,rigtorp_65536_cross-core_unpaced,0,queue,56320,58026.6,1
3,rigtorp_65536_cross-core_unpaced,0,queue,58026.6,59733.3,1
3,rigtorp_65536_cross-core_unpaced,0,queue,59733.3,61440,3
3,rigtorp_65536_cross-core_unpaced,0,queue,61440,63146.6,1
3,rigtorp_65536_cross-core_unpaced,0,queue,63146.6,64853.3,2
3,rigtorp_65536_cross-core_unpaced,0,queue,64853.3,66560,2
3,rigtorp_65536_cross-core_unpaced,0,queue,66560,68266.6,2
3,rigtorp_65536_cross-core_unpaced,0,queue,68266.6,69973.3,1
3,rigtorp_65536_cross-core_unpaced,0,queue,69973.3,71679.9,2
3,rigtorp_65536_cross-core_unpaced,0,queue,71679.9,73386.6,1
3,rigtorp_65536_cross-core_unpaced,0,queue,73386.6,75093.3,3
3,rigtorp_65536_cross-core_unpaced,0,queue,75093.3,76799.9,2
3,rigtorp_65536_cross-core_unpaced,0,queue,76799.9,78506.6,2
3,rigtorp_65536_cross-core_unpaced,0,queue,81919.9,83626.6,3
3,rigtorp_65536_cross-core_unpaced,0,queue,83626.6,85333.3,1
3,rigtorp_65536_cross-core_unpaced,0,queue,85333.3,87039.9,1
3,rigtorp_65536_cross-core_unpaced,0,queue,87039.9,88746.6,1
3,rigtorp_65536_cross-core_unpaced,0,queue,88746.6,90453.3,1
3,rigtorp_65536_cross-core_unpaced,0,queue,90453.3,92159.9,2
3,rigtorp_65536_cross-core_unpaced,0,queue,92159.9,93866.6,3
3,rigtorp_65536_cross-core_unpaced,0,queue,93866.6,95573.3,1
3,rigtorp_65536_cross-core_unpaced,0,queue,97279.9,98986.6,1
3,rigtorp_65536_cross-core_unpaced,0,queue,98986.6,100693,2
3,rigtorp_65536_cross-core_unpaced,0,queue,100693,102400,2
3,rigtorp_65536_cross-core_unpaced,0,queue,102400,104107,3
3,rigtorp_65536_cross-core_unpaced,0,queue,104107,105813,1
3,rigtorp_65536_cross-core_unpaced,0,queue,105813,107520,3
3,rigtorp_65536_cross-core_unpaced,0,queue,107520,109227,3
3,rigtorp_65536_cross-core_unpaced,0,queue,109227,112640,2
3,rigtorp_65536_cross-core_unpaced,0,queue,112640,116053,5
3,rigtorp_65536_cross-core_unpaced,0,queue,116053,119467,2
3,rigtorp_65536_cross-core_unpaced,0,queue,119467,122880,2
3,rigtorp_65536_cross-core_unpaced,0,queue,122880,126293,3
3,rigtorp_65536_cross-core_unpaced,0,queue,126293,129707,3
3,rigtorp_65536_cross-core_unpaced,0,queue,133120,136533,3
3,rigtorp_65536_cross-core_unpaced,0,queue,136533,139947,2
3,rigtorp_65536_cross-core_unpaced,0,queue,139947,143360,8
3,rigtorp_65536_cross-core_unpaced,0,queue,143360,146773,4
3,rigtorp_65536_cross-core_unpaced,0,queue,146773,150187,6
3,rigtorp_65536_cross-core_unpaced,0,queue,150187,153600,5
3,rigtorp_65536_cross-core_unpaced,0,queue,153600,157013,2
3,rigtorp_65536_cross-core_unpaced,0,queue,157013,160427,3
3,rigtorp_65536_cross-core_unpaced,0,queue,160427,163840,2
3,rigtorp_65536_cross-core_unpaced,0,queue,163840,167253,3
3,rigtorp_65536_cross-core_unpaced,0,queue,167253,170667,3
3,rigtorp_65536_cross-core_unpaced,0,queue,170667,174080,6
3,rigtorp_65536_cross-core_unpaced,0,queue,174080,177493,7
3,rigtorp_65536_cross-core_unpaced,0,queue,177493,180907,2
3,rigtorp_65536_cross-core_unpaced,0,queue,180907,184320,3
3,rigtorp_65536_cross-core_unpaced,0,queue,184320,187733,3
3,rigtorp_65536_cross-core_unpaced,0,queue,187733,191147,3
3,rigtorp_65536_cross-core_unpaced,0,queue,191147,194560,6
3,rigtorp_65536_cross-core_unpaced,0,queue,194560,197973,2
3,rigtorp_65536_cross-core_unpaced,0,queue,197973,201387,6
3,rigtorp_65536_cross-core_unpaced,0,queue,201387,204800,3
3,rigtorp_65536_cross-core_unpaced,0,queue,204800,208213,9
3,rigtorp_65536_cross-core_unpaced,0,queue,208213,211627,8
3,rigtorp_65536_cross-core_unpaced,0,queue,211627,215040,10
3,rigtorp_65536_cross-core_unpaced,0,queue,215040,218453,4
3,rigtorp_65536_cross-core_unpaced,0,queue,218453,225280,12
3,rigtorp_65536_cross-core_unpaced,0,queue,225280,232107,7
3,rigtorp_65536_cross-core_unpaced,0,queue,232107,238933,11
3,rigtorp_65536_cross-core_unpaced,0,queue,238933,245760,6
3,rigtorp_65536_cross-core_unpaced,0,queue,245760,252586,11
3,rigtorp_65536_cross-core_unpaced,0,queue,252586,259413,15
3,rigtorp_65536_cross-core_unpaced,0,queue,259413,266240,9
3,rigtorp_65536_cross-core_unpaced,0,queue,266240,273066,8
3,rigtorp_65536_cross-core_unpaced,0,queue,273066,279893,7
3,rigtorp_65536_cross-core_unpaced,0,queue,279893,286720,11
3,rigtorp_65536_cross-core_unpaced,0,queue,286720,293546,10
3,rigtorp_65536_cross-core_unpaced,0,queue,293546,300373,12
3,rigtorp_65536_cross-core_unpaced,0,queue,300373,307200,6
3,rigtorp_65536_cross-core_unpaced,0,queue,307200,314026,8
3,rigtorp_65536_cross-core_unpaced,0,queue,314026,320853,11
3,rigtorp_65536_cross-core_unpaced,0,queue,320853,327680,6
3,rigtorp_65536_cross-core_unpaced,0,queue,327680,334506,10
3,rigtorp_65536_cross-core_unpaced,0,queue,334506,341333,7
3,rigtorp_65536_cross-core_unpaced,0,queue,341333,348160,8
3,rigtorp_65536_cross-core_unpaced,0,queue,348160,354986,9
3,rigtorp_65536_cross-core_unpaced,0,queue,354986,361813,10
3,rigtorp_65536_cross-core_unpaced,0,queue,361813,368640,5
3,rigtorp_65536_cross-core_unpaced,0,queue,368640,375466,6
3,rigtorp_65536_cross-core_unpaced,0,queue,375466,382293,9
3,rigtorp_65536_cross-core_unpaced,0,queue,382293,389120,14
3,rigtorp_65536_cross-core_unpaced,0,queue,389120,395946,9
3,rigtorp_65536_cross-core_unpaced,0,queue,395946,402773,7
3,rigtorp_65536_cross-core_unpaced,0,queue,402773,409600,12
3,rigtorp_65536_cross-core_unpaced,0,queue,409600,416426,13
3,rigtorp_65536_cross-core_unpaced,0,queue,416426,423253,14
3,rigtorp_65536_cross-core_unpaced,0,queue,423253,430080,15
3,rigtorp_65536_cross-core_unpaced,0,queue,430080,436906,7
3,rigtorp_65536_cross-core_unpaced,0,queue,436906,450560,24
3,rigtorp_65536_cross-core_unpaced,0,queue,450560,464213,27
3,rigtorp_65536_cross-core_unpaced,0,queue,464213,477866,23
3,rigtorp_65536_cross-core_unpaced,0,queue,477866,491520,19
3,rigtorp_65536_cross-core_unpaced,0,queue,491520,505173,23
3,rigtorp_65536_cross-core_unpaced,0,queue,505173,518826,17
3,rigtorp_65536_cross-core_unpaced,0,queue,518826,532480,23
3,rigtorp_65536_cross-core_unpaced,0,queue,532480,546133,14
3,rigtorp_65536_cross-core_unpaced,0,queue,546133,559786,27
3,rigtorp_65536_cross-core_unpaced,0,queue,559786,573440,30
3,rigtorp_65536_cross-core_unpaced,0,queue,573440,587093,27
3,rigtorp_65536_cross-core_unpaced,0,queue,587093,600746,19
3,rigtorp_65536_cross-core_unpaced,0,queue,600746,614400,29
3,rigtorp_65536_cross-core_unpaced,0,queue,614400,628053,23
3,rigtorp_65536_cross-core_unpaced,0,queue,628053,641706,19
3,rigtorp_65536_cross-core_unpaced,0,queue,641706,655360,26
3,rigtorp_65536_cross-core_unpaced,0,queue,655360,669013,18
3,rigtorp_65536_cross-core_unpaced,0,queue,669013,682666,20
3,rigtorp_65536_cross-core_unpaced,0,queue,682666,696320,29
3,rigtorp_65536_cross-core_unpaced,0,queue,696320,709973,21
3,rigtorp_65536_cross-core_unpaced,0,queue,709973,723626,21
3,rigtorp_65536_cross-core_unpaced,0,queue,723626,737279,19
3,rigtorp_65536_cross-core_unpaced,0,queue,737279,750933,22
3,rigtorp_65536_cross-core_unpaced,0,queue,750933,764586,21
3,rigtorp_65536_cross-core_unpaced,0,queue,764586,778239,20
3,rigtorp_65536_cross-core_unpaced,0,queue,778239,791893,26
3,rigtorp_65536_cross-core_unpaced,0,queue,791893,805546,21
3,rigtorp_65536_cross-core_unpaced,0,queue,805546,819199,23
3,rigtorp_65536_cross-core_unpaced,0,queue,819199,832853,22
3,rigtorp_65536_cross-core_unpaced,0,queue,832853,846506,23
3,rigtorp_65536_cross-core_unpaced,0,queue,846506,860159,22
3,rigtorp_65536_cross-core_unpaced,0,queue,860159,873813,28
3,rigtorp_65536_cross-core_unpaced,0,queue,873813,901119,60
3,rigtorp_65536_cross-core_unpaced,0,queue,901119,928426,45
3,rigtorp_65536_cross-core_unpaced,0,queue,928426,955733,54
3,rigtorp_65536_cross-core_unpaced,0,queue,955733,983039,49
3,rigtorp_65536_cross-core_unpaced,0,queue,983039,1.01035e+06,44
3,rigtorp_65536_cross-core_unpaced,0,queue,1.01035e+06,1.03765e+06,43
3,rigtorp_65536_cross-core_unpaced,0,queue,1.03765e+06,1.06496e+06,37
3,rigtorp_65536_cross-core_unpaced,0,queue,1.06496e+06,1.09227e+06,20
3,rigtorp_65536_cross-core_unpaced,0,queue,1.09227e+06,1.11957e+06,32
3,rigtorp_65536_cross-core_unpaced,0,queue,1.11957e+06,1.14688e+06,26
3,rigtorp_65536_cross-core_unpaced,0,queue,1.14688e+06,1.17419e+06,32
3,rigtorp_65536_cross-core_unpaced,0,queue,1.17419e+06,1.20149e+06,30
3,rigtorp_65536_cross-core_unpaced,0,queue,1.20149e+06,1.2288e+06,29
3,rigtorp_65536_cross-core_unpaced,0,queue,1.2288e+06,1.25611e+06,31
3,rigtorp_65536_cross-core_unpaced,0,queue,1.25611e+06,1.28341e+06,29
3,rigtorp_65536_cross-core_unpaced,0,queue,1.28341e+06,1.31072e+06,26
3,rigtorp_65536_cross-core_unpaced,0,queue,1.31072e+06,1.33803e+06,19
3,rigtorp_65536_cross-core_unpaced,0,queue,1.33803e+06,1.36533e+06,21
3,rigtorp_65536_cross-core_unpaced,0,queue,1.36533e+06,1.39264e+06,29
3,rigtorp_65536_cross-core_unpaced,0,queue,1.39264e+06,1.41995e+06,22
3,rigtorp_65536_cross-core_unpaced,0,queue,1.41995e+06,1.44725e+06,26
3,rigtorp_65536_cross-core_unpaced,0,queue,1.44725e+06,1.47456e+06,29
3,rigtorp_65536_cross-core_unpaced,0,queue,1.47456e+06,1.50187e+06,22
3,rigtorp_65536_cross-core_unpaced,0,queue,1.50187e+06,1.52917e+06,17
3,rigtorp_65536_cross-core_unpaced,0,queue,1.52917e+06,1.55648e+06,26
3,rigtorp_65536_cross-core_unpaced,0,queue,1.55648e+06,1.58379e+06,26
3,rigtorp_65536_cross-core_unpaced,0,queue,1.58379e+06,1.61109e+06,12
3,rigtorp_65536_cross-core_unpaced,0,queue,1.61109e+06,1.6384e+06,28
3,rigtorp_65536_cross-core_unpaced,0,queue,1.6384e+06,1.66571e+06,25
3,rigtorp_65536_cross-core_unpaced,0,queue,1.66571e+06,1.69301e+06,19
3,rigtorp_65536_cross-core_unpaced,0,queue,1.69301e+06,1.72032e+06,17
3,rigtorp_65536_cross-core_unpaced,0,queue,1.72032e+06,1.74763e+06,23
3,rigtorp_65536_cross-core_unpaced,0,queue,1.74763e+06,1.80224e+06,47
3,rigtorp_65536_cross-core_unpaced,0,queue,1.80224e+06,1.85685e+06,56
3,rigtorp_65536_cross-core_unpaced,0,queue,1.85685e+06,1.91147e+06,49
3,rigtorp_65536_cross-core_unpaced,0,queue,1.91147e+06,1.96608e+06,42
3,rigtorp_65536_cross-core_unpaced,0,queue,1.96608e+06,2.02069e+06,40
3,rigtorp_65536_cross-core_unpaced,0,queue,2.02069e+06,2.07531e+06,51
3,rigtorp_65536_cross-core_unpaced,0,queue,2.07531e+06,2.12992e+06,56
3,rigtorp_65536_cross-core_unpaced,0,queue,2.12992e+06,2.18453e+06,47
3,rigtorp_65536_cross-core_unpaced,0,queue,2.18453e+06,2.23915e+06,43
3,rigtorp_65536_cross-core_unpaced,0,queue,2.23915e+06,2.29376e+06,56
3,rigtorp_65536_cross-core_unpaced,0,queue,2.29376e+06,2.34837e+06,43
3,rigtorp_65536_cross-core_unpaced,0,queue,2.34837e+06,2.40298e+06,55
3,rigtorp_65536_cross-core_unpaced,0,queue,2.40298e+06,2.4576e+06,53
3,rigtorp_65536_cross-core_unpaced,0,queue,2.4576e+06,2.51221e+06,60
3,rigtorp_65536_cross-core_unpaced,0,queue,2.51221e+06,2.56682e+06,51
3,rigtorp_65536_cross-core_unpaced,0,queue,2.56682e+06,2.62144e+06,46
3,rigtorp_65536_cross-core_unpaced,0,queue,2.62144e+06,2.67605e+06,55
3,rigtorp_65536_cross-core_unpaced,0,queue,2.67605e+06,2.73066e+06,50
3,rigtorp_65536_cross-core_unpaced,0,queue,2.73066e+06,2.78528e+06,53
3,rigtorp_65536_cross-core_unpaced,0,queue,2.78528e+06,2.83989e+06,56
3,rigtorp_65536_cross-core_unpaced,0,queue,2.83989e+06,2.8945e+06,64
3,rigtorp_65536_cross-core_unpaced,0,queue,2.8945e+06,2.94912e+06,55
3,rigtorp_65536_cross-core_unpaced,0,queue,2.94912e+06,3.00373e+06,35
3,rigtorp_65536_cross-core_unpaced,0,queue,3.00373e+06,3.05834e+06,45
3,rigtorp_65536_cross-core_unpaced,0,queue,3.05834e+06,3.11296e+06,49
3,rigtorp_65536_cross-core_unpaced,0,queue,3.11296e+06,3.16757e+06,64
3,rigtorp_65536_cross-core_unpaced,0,queue,3.16757e+06,3.22218e+06,67
3,rigtorp_65536_cross-core_unpaced,0,queue,3.22218e+06,3.2768e+06,59
3,rigtorp_65536_cross-core_unpaced,0,queue,3.2768e+06,3.33141e+06,52
3,rigtorp_65536_cross-core_unpaced,0,queue,3.33141e+06,3.38602e+06,53
3,rigtorp_65536_cross-core_unpaced,0,queue,3.38602e+06,3.44064e+06,64
3,rigtorp_65536_cross-core_unpaced,0,queue,3.44064e+06,3.49525e+06,48
3,rigtorp_65536_cross-core_unpaced,0,queue,3.49525e+06,3.60448e+06,86
3,rigtorp_65536_cross-core_unpaced,0,queue,3.60448e+06,3.7137e+06,100
3,rigtorp_65536_cross-core_unpaced,0,queue,3.7137e+06,3.82293e+06,104
3,rigtorp_65536_cross-core_unpaced,0,queue,3.82293e+06,3.93216e+06,106
3,rigtorp_65536_cross-core_unpaced,0,queue,3.93216e+06,4.04138e+06,91
3,rigtorp_65536_cross-core_unpaced,0,queue,4.04138e+06,4.15061e+06,97
3,rigtorp_65536_cross-core_unpaced,0,queue,4.15061e+06,4.25984e+06,91
3,rigtorp_65536_cross-core_unpaced,0,queue,4.25984e+06,4.36906e+06,102
3,rigtorp_65536_cross-core_unpaced,0,queue,4.36906e+06,4.47829e+06,106
3,rigtorp_65536_cross-core_unpaced,0,queue,4.47829e+06,4.58752e+06,107
3,rigtorp_65536_cross-core_unpaced,0,queue,4.58752e+06,4.69674e+06,114
3,rigtorp_65536_cross-core_unpaced,0,queue,4.69674e+06,4.80597e+06,87
3,rigtorp_65536_cross-core_unpaced,0,queue,4.80597e+06,4.9152e+06,85
3,rigtorp_65536_cross-core_unpaced,0,queue,4.9152e+06,5.02442e+06,102
3,rigtorp_65536_cross-core_unpaced,0,queue,5.02442e+06,5.13365e+06,96
3,rigtorp_65536_cross-core_unpaced,0,queue,5.13365e+06,5.24288e+06,101
3,rigtorp_65536_cross-core_unpaced,0,queue,5.24288e+06,5.3521e+06,279
3,rigtorp_65536_cross-core_unpaced,0,queue,5.3521e+06,5.46133e+06,453
3,rigtorp_65536_cross-core_unpaced,0,queue,5.46133e+06,5.57056e+06,24620
3,rigtorp_65536_cross-core_unpaced,0,queue,5.57056e+06,5.67978e+06,101818
3,rigtorp_65536_cross-core_unpaced,0,queue,5.67978e+06,5.78901e+06,67975
3,rigtorp_65536_cross-core_unpaced,0,queue,5.78901e+06,5.89824e+06,19322
3,rigtorp_65536_cross-core_unpaced,0,queue,5.89824e+06,6.00746e+06,22642
3,rigtorp_65536_cross-core_unpaced,0,queue,6.00746e+06,6.11669e+06,13202
3,rigtorp_65536_cross-core_unpaced,0,queue,6.11669e+06,6.22592e+06,8337
3,rigtorp_65536_cross-core_unpaced,0,queue,6.22592e+06,6.33514e+06,8493
3,rigtorp_65536_cross-core_unpaced,0,queue,6.33514e+06,6.44437e+06,7260
3,rigtorp_65536_cross-core_unpaced,0,queue,6.44437e+06,6.5536e+06,5256
3,rigtorp_65536_cross-core_unpaced,0,queue,6.5536e+06,6.66282e+06,4339
3,rigtorp_65536_cross-core_unpaced,0,queue,6.66282e+06,6.77205e+06,7898
3,rigtorp_65536_cross-core_unpaced,0,queue,6.77205e+06,6.88128e+06,6730
3,rigtorp_65536_cross-core_unpaced,0,queue,6.88128e+06,6.9905e+06,7505
3,rigtorp_65536_cross-core_unpaced,0,queue,6.9905e+06,7.20895e+06,4830
3,rigtorp_65536_cross-core_unpaced,0,queue,7.20895e+06,7.42741e+06,4493
3,rigtorp_65536_cross-core_unpaced,0,queue,7.42741e+06,7.64586e+06,5316
3,rigtorp_65536_cross-core_unpaced,0,queue,7.64586e+06,7.86431e+06,2693
3,rigtorp_65536_cross-core_unpaced,0,queue,7.86431e+06,8.08277e+06,33624
3,rigtorp_65536_cross-core_unpaced,0,queue,8.08277e+06,8.30122e+06,268801
3,rigtorp_65536_cross-core_unpaced,0,queue,8.30122e+06,8.51967e+06,478994
3,rigtorp_65536_cross-core_unpaced,0,queue,8.51967e+06,8.73813e+06,535216
3,rigtorp_65536_cross-core_unpaced,0,queue,8.73813e+06,8.95658e+06,445238
3,rigtorp_65536_cross-core_unpaced,0,queue,8.95658e+06,9.17503e+06,176673
3,rigtorp_65536_cross-core_unpaced,0,queue,9.17503e+06,9.39349e+06,58572
3,rigtorp_65536_cross-core_unpaced,0,queue,9.39349e+06,9.61194e+06,18741
3,rigtorp_65536_cross-core_unpaced,0,queue,9.61194e+06,9.83039e+06,7594
3,rigtorp_65536_cross-core_unpaced,0,queue,9.83039e+06,1.00488e+07,2865
3,rigtorp_65536_cross-core_unpaced,0,queue,1.00488e+07,1.02673e+07,2628
3,rigtorp_65536_cross-core_unpaced,0,queue,1.02673e+07,1.04858e+07,4057
3,rigtorp_65536_cross-core_unpaced,0,queue,1.04858e+07,1.07042e+07,4823
3,rigtorp_65536_cross-core_unpaced,0,queue,1.07042e+07,1.09227e+07,2148
3,rigtorp_65536_cross-core_unpaced,0,queue,1.09227e+07,1.11411e+07,1397
3,rigtorp_65536_cross-core_unpaced,0,queue,1.11411e+07,1.13596e+07,1105
3,rigtorp_65536_cross-core_unpaced,0,queue,1.13596e+07,1.1578e+07,1503
3,rigtorp_65536_cross-core_unpaced,0,queue,1.1578e+07,1.17965e+07,1003
3,rigtorp_65536_cross-core_unpaced,0,queue,1.17965e+07,1.20149e+07,530
3,rigtorp_65536_cross-core_unpaced,0,queue,1.20149e+07,1.22334e+07,282
3,rigtorp_65536_cross-core_unpaced,0,queue,1.22334e+07,1.24518e+07,292
3,rigtorp_65536_cross-core_unpaced,0,queue,1.24518e+07,1.26703e+07,255
3,rigtorp_65536_cross-core_unpaced,0,queue,1.26703e+07,1.28887e+07,174
3,rigtorp_65536_cross-core_unpaced,0,queue,1.28887e+07,1.31072e+07,320
3,rigtorp_65536_cross-core_unpaced,0,queue,1.31072e+07,1.33256e+07,294
3,rigtorp_65536_cross-core_unpaced,0,queue,1.33256e+07,1.35441e+07,368
3,rigtorp_65536_cross-core_unpaced,0,queue,1.35441e+07,1.37626e+07,256
3,rigtorp_65536_cross-core_unpaced,0,queue,1.37626e+07,1.3981e+07,298
3,rigtorp_65536_cross-core_unpaced,0,queue,1.3981e+07,1.44179e+07,558
3,rigtorp_65536_cross-core_unpaced,0,queue,1.44179e+07,1.48548e+07,574
3,rigtorp_65536_cross-core_unpaced,0,queue,1.48548e+07,1.52917e+07,2039
3,rigtorp_65536_cross-core_unpaced,0,queue,1.52917e+07,1.57286e+07,1105
3,rigtorp_65536_cross-core_unpaced,0,book,5.83333,6.25,5
3,rigtorp_65536_cross-core_unpaced,0,book,6.66666,7.08333,837
3,rigtorp_65536_cross-core_unpaced,0,book,7.49999,7.91666,5808
3,rigtorp_65536_cross-core_unpaced,0,book,8.33333,8.74999,11002
3,rigtorp_65536_cross-core_unpaced,0,book,9.16666,9.58333,11248
3,rigtorp_65536_cross-core_unpaced,0,book,9.99999,10.4167,30561
3,rigtorp_65536_cross-core_unpaced,0,book,10.8333,11.25,5438
3,rigtorp_65536_cross-core_unpaced,0,book,11.6667,12.0833,1390
3,rigtorp_65536_cross-core_unpaced,0,book,12.5,12.9167,927
3,rigtorp_65536_cross-core_unpaced,0,book,13.3333,13.75,916
3,rigtorp_65536_cross-core_unpaced,0,book,14.1667,14.5833,1455
3,rigtorp_65536_cross-core_unpaced,0,book,15,15.4167,1678
3,rigtorp_65536_cross-core_unpaced,0,book,15.8333,16.25,1875
3,rigtorp_65536_cross-core_unpaced,0,book,16.6667,17.0833,2177
3,rigtorp_65536_cross-core_unpaced,0,book,17.5,17.9167,4465
3,rigtorp_65536_cross-core_unpaced,0,book,18.3333,18.75,10305
3,rigtorp_65536_cross-core_unpaced,0,book,19.1667,19.5833,14317
3,rigtorp_65536_cross-core_unpaced,0,book,20,20.4167,21066
3,rigtorp_65536_cross-core_unpaced,0,book,20.8333,21.25,15013
3,rigtorp_65536_cross-core_unpaced,0,book,21.6667,22.0833,10188
3,rigtorp_65536_cross-core_unpaced,0,book,22.5,22.9167,6516
3,rigtorp_65536_cross-core_unpaced,0,book,23.3333,23.75,4475
3,rigtorp_65536_cross-core_unpaced,0,book,24.1666,24.5833,5461
3,rigtorp_65536_cross-core_unpaced,0,book,25,25.4166,4986
3,rigtorp_65536_cross-core_unpaced,0,book,25.8333,26.25,5306
3,rigtorp_65536_cross-core_unpaced,0,book,26.6666,27.5,5565
3,rigtorp_65536_cross-core_unpaced,0,book,27.5,28.3333,6826
3,rigtorp_65536_cross-core_unpaced,0,book,28.3333,29.1666,8598
3,rigtorp_65536_cross-core_unpaced,0,book,29.1666,30,7851
3,rigtorp_65536_cross-core_unpaced,0,book,30,30.8333,9232
3,rigtorp_65536_cross-core_unpaced,0,book,30.8333,31.6666,8240
3,rigtorp_65536_cross-core_unpaced,0,book,31.6666,32.5,9750
3,rigtorp_65536_cross-core_unpaced,0,book,32.5,33.3333,11314
3,rigtorp_65536_cross-core_unpaced,0,book,33.3333,34.1666,12040
3,rigtorp_65536_cross-core_unpaced,0,book,34.1666,35,13939
3,rigtorp_65536_cross-core_unpaced,0,book,35,35.8333,13125
3,rigtorp_65536_cross-core_unpaced,0,book,35.8333,36.6666,15640
3,rigtorp_65536_cross-core_unpaced,0,book,36.6666,37.5,15442
3,rigtorp_65536_cross-core_unpaced,0,book,37.5,38.3333,15178
3,rigtorp_65536_cross-core_unpaced,0,book,38.3333,39.1666,15185
3,rigtorp_65536_cross-core_unpaced,0,book,39.1666,40,13763
3,rigtorp_65536_cross-core_unpaced,0,book,40,40.8333,15434
3,rigtorp_65536_cross-core_unpaced,0,book,40.8333,41.6666,13730
3,rigtorp_65536_cross-core_unpaced,0,book,41.6666,42.5,14579
3,rigtorp_65536_cross-core_unpaced,0,book,42.5,43.3333,14258
3,rigtorp_65536_cross-core_unpaced,0,book,43.3333,44.1666,13843
3,rigtorp_65536_cross-core_unpaced,0,book,44.1666,45,15724
3,rigtorp_65536_cross-core_unpaced,0,book,45,45.8333,15475
3,rigtorp_65536_cross-core_unpaced,0,book,45.8333,46.6666,17752
3,rigtorp_65536_cross-core_unpaced,0,book,46.6666,47.5,16972
3,rigtorp_65536_cross-core_unpaced,0,book,47.5,48.3333,17664
3,rigtorp_65536_cross-core_unpaced,0,book,48.3333,49.1666,18482
3,rigtorp_65536_cross-core_unpaced,0,book,49.1666,50,16867
3,rigtorp_65536_cross-core_unpaced,0,book,50,50.8333,18543
3,rigtorp_65536_cross-core_unpaced,0,book,50.8333,51.6666,15713
3,rigtorp_65536_cross-core_unpaced,0,book,51.6666,52.5,15960
3,rigtorp_65536_cross-core_unpaced,0,book,52.5,53.3333,15018
3,rigtorp_65536_cross-core_unpaced,0,book,53.3333,55,28719
3,rigtorp_65536_cross-core_unpaced,0,book,55,56.6666,27074
3,rigtorp_65536_cross-core_unpaced,0,book,56.6666,58.3333,27579
3,rigtorp_65536_cross-core_unpaced,0,book,58.3333,60,28717
3,rigtorp_65536_cross-core_unpaced,0,book,60,61.6666,29584
3,rigtorp_65536_cross-core_unpaced,0,book,61.6666,63.3333,28134
3,rigtorp_65536_cross-core_unpaced,0,book,63.3333,65,25263
3,rigtorp_65536_cross-core_unpaced,0,book,65,66.6666,22108
3,rigtorp_65536_cross-core_unpaced,0,book,66.6666,68.3333,21009
3,rigtorp_65536_cross-core_unpaced,0,book,68.3333,70,21344
3,rigtorp_65536_cross-core_unpaced,0,book,70,71.6666,22530
3,rigtorp_65536_cross-core_unpaced,0,book,71.6666,73.3333,22176
3,rigtorp_65536_cross-core_unpaced,0,book,73.3333,74.9999,20989
3,rigtorp_65536_cross-core_unpaced,0,book,74.9999,76.6666,20897
3,rigtorp_65536_cross-core_unpaced,0,book,76.6666,78.3333,20256
3,rigtorp_65536_cross-core_unpaced,0,book,78.3333,79.9999,19443
3,rigtorp_65536_cross-core_unpaced,0,book,79.9999,81.6666,18583
3,rigtorp_65536_cross-core_unpaced,0,book,81.6666,83.3333,17503
3,rigtorp_65536_cross-core_unpaced,0,book,83.3333,84.9999,17000
3,rigtorp_65536_cross-core_unpaced,0,book,84.9999,86.6666,16523
3,rigtorp_65536_cross-core_unpaced,0,book,86.6666,88.3333,16296
3,rigtorp_65536_cross-core_unpaced,0,book,88.3333,89.9999,15613
3,rigtorp_65536_cross-core_unpaced,0,book,89.9999,91.6666,15375
3,rigtorp_65536_cross-core_unpaced,0,book,91.6666,93.3333,14542
3,rigtorp_65536_cross-core_unpaced,0,book,93.3333,94.9999,13886
3,rigtorp_65536_cross-core_unpaced,0,book,94.9999,96.6666,13301
3,rigtorp_65536_cross-core_unpaced,0,book,96.6666,98.3333,12282
3,rigtorp_65536_cross-core_unpaced,0,book,98.3333,99.9999,11920
3,rigtorp_65536_cross-core_unpaced,0,book,99.9999,101.667,11624
3,rigtorp_65536_cross-core_unpaced,0,book,101.667,103.333,11294
3,rigtorp_65536_cross-core_unpaced,0,book,103.333,105,10938
3,rigtorp_65536_cross-core_unpaced,0,book,105,106.667,10473
3,rigtorp_65536_cross-core_unpaced,0,book,106.667,110,19633
3,rigtorp_65536_cross-core_unpaced,0,book,110,113.333,24323
3,rigtorp_65536_cross-core_unpaced,0,book,113.333,116.667,35822
3,rigtorp_65536_cross-core_unpaced,0,book,116.667,120,39145
3,rigtorp_65536_cross-core_unpaced,0,book,120,123.333,34489
3,rigtorp_65536_cross-core_unpaced,0,book,123.333,126.667,49768
3,rigtorp_65536_cross-core_unpaced,0,book,126.667,130,67318
3,rigtorp_65536_cross-core_unpaced,0,book,130,133.333,62050
3,rigtorp_65536_cross-core_unpaced,0,book,133.333,136.667,51454
3,rigtorp_65536_cross-core_unpaced,0,book,136.667,140,59440
3,rigtorp_65536_cross-core_unpaced,0,book,140,143.333,62058
3,rigtorp_65536_cross-core_unpaced,0,book,143.333,146.667,46887
3,rigtorp_65536_cross-core_unpaced,0,book,146.667,150,38148
3,rigtorp_65536_cross-core_unpaced,0,book,150,153.333,39695
3,rigtorp_65536_cross-core_unpaced,0,book,153.333,156.667,31621
3,rigtorp_65536_cross-core_unpaced,0,book,156.667,160,25177
3,rigtorp_65536_cross-core_unpaced,0,book,160,163.333,22232
3,rigtorp_65536_cross-core_unpaced,0,book,163.333,166.667,20862
3,rigtorp_65536_cross-core_unpaced,0,book,166.667,170,19261
3,rigtorp_65536_cross-core_unpaced,0,book,170,173.333,18109
3,rigtorp_65536_cross-core_unpaced,0,book,173.333,176.667,16265
3,rigtorp_65536_cross-core_unpaced,0,book,176.667,180,15335
3,rigtorp_65536_cross-core_unpaced,0,book,180,183.333,14700
3,rigtorp_65536_cross-core_unpaced,0,book,183.333,186.667,13728
3,rigtorp_65536_cross-core_unpaced,0,book,186.667,190,12927
3,rigtorp_65536_cross-core_unpaced,0,book,190,193.333,12860
3,rigtorp_65536_cross-core_unpaced,0,book,193.333,196.667,13055
3,rigtorp_65536_cross-core_unpaced,0,book,196.667,200,12313
3,rigtorp_65536_cross-core_unpaced,0,book,200,203.333,11975
3,rigtorp_65536_cross-core_unpaced,0,book,203.333,206.667,11540
3,rigtorp_65536_cross-core_unpaced,0,book,206.667,210,11164
3,rigtorp_65536_cross-core_unpaced,0,book,210,213.333,10530
3,rigtorp_65536_cross-core_unpaced,0,book,213.333,220,18489
3,rigtorp_65536_cross-core_unpaced,0,book,220,226.667,16567
3,rigtorp_65536_cross-core_unpaced,0,book,226.667,233.333,14348
3,rigtorp_65536_cross-core_unpaced,0,book,233.333,240,12943
3,rigtorp_65536_cross-core_unpaced,0,book,240,246.666,11893
3,rigtorp_65536_cross-core_unpaced,0,book,246.666,253.333,11053
3,rigtorp_65536_cross-core_unpaced,0,book,253.333,260,10324
3,rigtorp_65536_cross-core_unpaced,0,book,260,266.666,9452
3,rigtorp_65536_cross-core_unpaced,0,book,266.666,273.333,8839
3,rigtorp_65536_cross-core_unpaced,0,book,273.333,280,8324
3,rigtorp_65536_cross-core_unpaced,0,book,280,286.666,7850
3,rigtorp_65536_cross-core_unpaced,0,book,286.666,293.333,7208
3,rigtorp_65536_cross-core_unpaced,0,book,293.333,300,6717
3,rigtorp_65536_cross-core_unpaced,0,book,300,306.666,6306
3,rigtorp_65536_cross-core_unpaced,0,book,306.666,313.333,5795
3,rigtorp_65536_cross-core_unpaced,0,book,313.333,320,5559
3,rigtorp_65536_cross-core_unpaced,0,book,320,326.666,5331
3,rigtorp_65536_cross-core_unpaced,0,book,326.666,333.333,4943
3,rigtorp_65536_cross-core_unpaced,0,book,333.333,340,4590
3,rigtorp_65536_cross-core_unpaced,0,book,340,346.666,4419
3,rigtorp_65536_cross-core_unpaced,0,book,346.666,353.333,4068
3,rigtorp_65536_cross-core_unpaced,0,book,353.333,360,3891
3,rigtorp_65536_cross-core_unpaced,0,book,360,366.666,3754
3,rigtorp_65536_cross-core_unpaced,0,book,366.666,373.333,3451
3,rigtorp_65536_cross-core_unpaced,0,book,373.333,380,3242
3,rigtorp_65536_cross-core_unpaced,0,book,380,386.666,2842
3,rigtorp_65536_cross-core_unpaced,0,book,386.666,393.333,2538
3,rigtorp_65536_cross-core_unpaced,0,book,393.333,400,2359
3,rigtorp_65536_cross-core_unpaced,0,book,400,406.666,2155
3,rigtorp_65536_cross-core_unpaced,0,book,406.666,413.333,2218
3,rigtorp_65536_cross-core_unpaced,0,book,413.333,420,2043
3,rigtorp_65536_cross-core_unpaced,0,book,420,426.666,1830
3,rigtorp_65536_cross-core_unpaced,0,book,426.666,440,2798
3,rigtorp_65536_cross-core_unpaced,0,book,440,453.333,2032
3,rigtorp_65536_cross-core_unpaced,0,book,453.333,466.666,1575
3,rigtorp_65536_cross-core_unpaced,0,book,466.666,480,1269
3,rigtorp_65536_cross-core_unpaced,0,book,480,493.333,1115
3,rigtorp_65536_cross-core_unpaced,0,book,493.333,506.666,944
3,rigtorp_65536_cross-core_unpaced,0,book,506.666,520,725
3,rigtorp_65536_cross-core_unpaced,0,book,520,533.333,631
3,rigtorp_65536_cross-core_unpaced,0,book,533.333,546.666,503
3,rigtorp_65536_cross-core_unpaced,0,book,546.666,560,432
3,rigtorp_65536_cross-core_unpaced,0,book,560,573.333,302
3,rigtorp_65536_cross-core_unpaced,0,book,573.333,586.666,243
3,rigtorp_65536_cross-core_unpaced,0,book,586.666,600,220
3,rigtorp_65536_cross-core_unpaced,0,book,600,613.333,169
3,rigtorp_65536_cross-core_unpaced,0,book,613.333,626.666,120
3,rigtorp_65536_cross-core_unpaced,0,book,626.666,640,114
3,rigtorp_65536_cross-core_unpaced,0,book,640,653.333,105
3,rigtorp_65536_cross-core_unpaced,0,book,653.333,666.666,88
3,rigtorp_65536_cross-core_unpaced,0,book,666.666,680,68
3,rigtorp_65536_cross-core_unpaced,0,book,680,693.333,62
3,rigtorp_65536_cross-core_unpaced,0,book,693.333,706.666,47
3,rigtorp_65536_cross-core_unpaced,0,book,706.666,719.999,47
3,rigtorp_65536_cross-core_unpaced,0,book,719.999,733.333,44
3,rigtorp_65536_cross-core_unpaced,0,book,733.333,746.666,33
3,rigtorp_65536_cross-core_unpaced,0,book,746.666,759.999,29
3,rigtorp_65536_cross-core_unpaced,0,book,759.999,773.333,27
3,rigtorp_65536_cross-core_unpaced,0,book,773.333,786.666,27
3,rigtorp_65536_cross-core_unpaced,0,book,786.666,799.999,26
3,rigtorp_65536_cross-core_unpaced,0,book,799.999,813.333,20
3,rigtorp_65536_cross-core_unpaced,0,book,813.333,826.666,19
3,rigtorp_65536_cross-core_unpaced,0,book,826.666,839.999,11
3,rigtorp_65536_cross-core_unpaced,0,book,839.999,853.333,14
3,rigtorp_65536_cross-core_unpaced,0,book,853.333,879.999,27
3,rigtorp_65536_cross-core_unpaced,0,book,879.999,906.666,24
3,rigtorp_65536_cross-core_unpaced,0,book,906.666,933.333,20
3,rigtorp_65536_cross-core_unpaced,0,book,933.333,959.999,11
3,rigtorp_65536_cross-core_unpaced,0,book,959.999,986.666,20
3,rigtorp_65536_cross-core_unpaced,0,book,986.666,1013.33,2
3,rigtorp_65536_cross-core_unpaced,0,book,1013.33,1040,9
3,rigtorp_65536_cross-core_unpaced,0,book,1040,1066.67,8
3,rigtorp_65536_cross-core_unpaced,0,book,1066.67,1093.33,1
3,rigtorp_65536_cross-core_unpaced,0,book,1093.33,1120,3
3,rigtorp_65536_cross-core_unpaced,0,book,1120,1146.67,2
3,rigtorp_65536_cross-core_unpaced,0,book,1173.33,1200,1
3,rigtorp_65536_cross-core_unpaced,0,book,1226.67,1253.33,1
3,rigtorp_65536_cross-core_unpaced,0,book,1253.33,1280,1
3,rigtorp_65536_cross-core_unpaced,0,book,1280,1306.67,1
3,rigtorp_65536_cross-core_unpaced,0,book,1306.67,1333.33,1
3,rigtorp_65536_cross-core_unpaced,0,book,1333.33,1360,5
3,rigtorp_65536_cross-core_unpaced,0,book,1360,1386.67,5
3,rigtorp_65536_cross-core_unpaced,0,book,1386.67,1413.33,9
3,rigtorp_65536_cross-core_unpaced,0,book,1413.33,1440,3
3,rigtorp_65536_cross-core_unpaced,0,book,1440,1466.67,6
3,rigtorp_65536_cross-core_unpaced,0,book,1466.67,1493.33,7
3,rigtorp_65536_cross-core_unpaced,0,book,1493.33,1520,4
3,rigtorp_65536_cross-core_unpaced,0,book,1520,1546.67,5
3,rigtorp_65536_cross-core_unpaced,0,book,1546.67,1573.33,4
3,rigtorp_65536_cross-core_unpaced,0,book,1573.33,1600,8
3,rigtorp_65536_cross-core_unpaced,0,book,1600,1626.67,9
3,rigtorp_65536_cross-core_unpaced,0,book,1626.67,1653.33,4
3,rigtorp_65536_cross-core_unpaced,0,book,1653.33,1680,6
3,rigtorp_65536_cross-core_unpaced,0,book,1680,1706.67,6
3,rigtorp_65536_cross-core_unpaced,0,book,1706.67,1760,6
3,rigtorp_65536_cross-core_unpaced,0,book,1760,1813.33,6
3,rigtorp_65536_cross-core_unpaced,0,book,1813.33,1866.67,7
3,rigtorp_65536_cross-core_unpaced,0,book,1866.67,1920,5
3,rigtorp_65536_cross-core_unpaced,0,book,1920,1973.33,5
3,rigtorp_65536_cross-core_unpaced,0,book,1973.33,2026.67,2
3,rigtorp_65536_cross-core_unpaced,0,book,2026.67,2080,5
3,rigtorp_65536_cross-core_unpaced,0,book,2080,2133.33,7
3,rigtorp_65536_cross-core_unpaced,0,book,2133.33,2186.67,3
3,rigtorp_65536_cross-core_unpaced,0,book,2186.67,2240,5
3,rigtorp_65536_cross-core_unpaced,0,book,2240,2293.33,8
3,rigtorp_65536_cross-core_unpaced,0,book,2293.33,2346.67,11
3,rigtorp_65536_cross-core_unpaced,0,book,2346.67,2400,18
3,rigtorp_65536_cross-core_unpaced,0,book,2400,2453.33,14
3,rigtorp_65536_cross-core_unpaced,0,book,2453.33,2506.66,20
3,rigtorp_65536_cross-core_unpaced,0,book,2506.66,2560,35
3,rigtorp_65536_cross-core_unpaced,0,book,2560,2613.33,20
3,rigtorp_65536_cross-core_unpaced,0,book,2613.33,2666.66,24
3,rigtorp_65536_cross-core_unpaced,0,book,2666.66,2720,23
3,rigtorp_65536_cross-core_unpaced,0,book,2720,2773.33,17
3,rigtorp_65536_cross-core_unpaced,0,book,2773.33,2826.66,18
3,rigtorp_65536_cross-core_unpaced,0,book,2826.66,2880,8
3,rigtorp_65536_cross-core_unpaced,0,book,2880,2933.33,10
3,rigtorp_65536_cross-core_unpaced,0,book,2933.33,2986.66,7
3,rigtorp_65536_cross-core_unpaced,0,book,2986.66,3040,7
3,rigtorp_65536_cross-core_unpaced,0,book,3040,3093.33,4
3,rigtorp_65536_cross-core_unpaced,0,book,3093.33,3146.66,5
3,rigtorp_65536_cross-core_unpaced,0,book,3146.66,3200,4
3,rigtorp_65536_cross-core_unpaced,0,book,3200,3253.33,8
3,rigtorp_65536_cross-core_unpaced,0,book,3253.33,3306.66,1
3,rigtorp_65536_cross-core_unpaced,0,book,3306.66,3360,4
3,rigtorp_65536_cross-core_unpaced,0,book,3360,3413.33,2
3,rigtorp_65536_cross-core_unpaced,0,book,3413.33,3520,8
3,rigtorp_65536_cross-core_unpaced,0,book,3520,3626.66,1
3,rigtorp_65536_cross-core_unpaced,0,book,3626.66,3733.33,4
3,rigtorp_65536_cross-core_unpaced,0,book,3733.33,3840,2
3,rigtorp_65536_cross-core_unpaced,0,book,3840,3946.66,1
3,rigtorp_65536_cross-core_unpaced,0,book,3946.66,4053.33,2
3,rigtorp_65536_cross-core_unpaced,0,book,4373.33,4480,1
3,rigtorp_65536_cross-core_unpaced,0,book,4586.66,4693.33,1
3,rigtorp_65536_cross-core_unpaced,0,book,4800,4906.66,1
3,rigtorp_65536_cross-core_unpaced,0,book,7253.33,7466.66,2
3,rigtorp_65536_cross-core_unpaced,0,book,8533.33,8746.66,1
3,rigtorp_65536_cross-core_unpaced,0,book,9173.33,9386.66,1
3,rigtorp_65536_cross-core_unpaced,0,book,13653.3,14080,1
3,rigtorp_65536_cross-core_unpaced,0,book,16640,17066.7,1
3,rigtorp_65536_cross-core_unpaced,0,book,45226.6,46080,2
3,rigtorp_65536_cross-core_unpaced,0,book,52906.6,53760,1
