run,label,median,metric,bucket_lo_ns,bucket_hi_ns,count
1,paced_2M_view,0,total,18,19,3
1,paced_2M_view,0,total,20,21,5
1,paced_2M_view,0,total,22,23,2
1,paced_2M_view,0,total,24,25,1
1,paced_2M_view,0,total,26,27,1
1,paced_2M_view,0,total,27,28,5
1,paced_2M_view,0,total,29,30,3
1,paced_2M_view,0,total,31,32,3
1,paced_2M_view,0,total,33,34,6
1,paced_2M_view,0,total,35,36,2
1,paced_2M_view,0,total,37,38,5
1,paced_2M_view,0,total,39,40,3
1,paced_2M_view,0,total,41,42,1878
1,paced_2M_view,0,total,42,43,1799
1,paced_2M_view,0,total,43,44,3618
1,paced_2M_view,0,total,44,45,1808
1,paced_2M_view,0,total,45,46,3571
1,paced_2M_view,0,total,46,47,1807
1,paced_2M_view,0,total,47,48,3616
1,paced_2M_view,0,total,48,49,1796
1,paced_2M_view,0,total,49,50,3740
1,paced_2M_view,0,total,50,51,1865
1,paced_2M_view,0,total,51,52,3622
1,paced_2M_view,0,total,52,53,1796
1,paced_2M_view,0,total,53,54,3703
1,paced_2M_view,0,total,54,55,1738
1,paced_2M_view,0,total,55,56,3624
1,paced_2M_view,0,total,56,57,1835
1,paced_2M_view,0,total,57,58,3591
1,paced_2M_view,0,total,58,59,1686
1,paced_2M_view,0,total,59,60,3747
1,paced_2M_view,0,total,60,61,2026
1,paced_2M_view,0,total,61,62,3820
1,paced_2M_view,0,total,62,63,1973
1,paced_2M_view,0,total,63,64,3956
1,paced_2M_view,0,total,64,66,5830
1,paced_2M_view,0,total,66,68,5824
1,paced_2M_view,0,total,68,70,7940
1,paced_2M_view,0,total,70,72,5751
1,paced_2M_view,0,total,72,74,5729
1,paced_2M_view,0,total,74,76,5757
1,paced_2M_view,0,total,76,78,5836
1,paced_2M_view,0,total,78,80,5495
1,paced_2M_view,0,total,80,82,5759
1,paced_2M_view,0,total,82,84,106115
1,paced_2M_view,0,total,84,86,309169
1,paced_2M_view,0,total,86,88,308937
1,paced_2M_view,0,total,88,90,309103
1,paced_2M_view,0,total,90,92,309104
1,paced_2M_view,0,total,92,94,308363
1,paced_2M_view,0,total,94,96,308477
1,paced_2M_view,0,total,96,98,308473
1,paced_2M_view,0,total,98,100,308125
1,paced_2M_view,0,total,100,102,307877
1,paced_2M_view,0,total,102,104,308994
1,paced_2M_view,0,total,104,106,309411
1,paced_2M_view,0,total,106,108,308043
1,paced_2M_view,0,total,108,110,309159
1,paced_2M_view,0,total,110,112,513451
1,paced_2M_view,0,total,112,114,309036
1,paced_2M_view,0,total,114,116,310748
1,paced_2M_view,0,total,116,118,308140
1,paced_2M_view,0,total,118,120,308966
1,paced_2M_view,0,total,120,122,308587
1,paced_2M_view,0,total,122,124,308827
1,paced_2M_view,0,total,124,126,259547
1,paced_2M_view,0,total,126,128,234228
1,paced_2M_view,0,total,128,132,470559
1,paced_2M_view,0,total,132,136,469592
1,paced_2M_view,0,total,136,140,471222
1,paced_2M_view,0,total,140,144,472442
1,paced_2M_view,0,total,144,148,472602
1,paced_2M_view,0,total,148,152,472670
1,paced_2M_view,0,total,152,156,551172
1,paced_2M_view,0,total,156,160,474599
1,paced_2M_view,0,total,160,164,473411
1,paced_2M_view,0,total,164,168,783842
1,paced_2M_view,0,total,168,172,1409312
1,paced_2M_view,0,total,172,176,1408296
1,paced_2M_view,0,total,176,180,1408992
1,paced_2M_view,0,total,180,184,1410408
1,paced_2M_view,0,total,184,188,1411524
1,paced_2M_view,0,total,188,192,1410138
1,paced_2M_view,0,total,192,196,1881619
1,paced_2M_view,0,total,196,200,1408363
1,paced_2M_view,0,total,200,204,1410538
1,paced_2M_view,0,total,204,208,1409140
1,paced_2M_view,0,total,208,212,550181
1,paced_2M_view,0,total,212,216,550134
1,paced_2M_view,0,total,216,220,549773
1,paced_2M_view,0,total,220,224,547879
1,paced_2M_view,0,total,224,228,546526
1,paced_2M_view,0,total,228,232,542891
1,paced_2M_view,0,total,232,236,545331
1,paced_2M_view,0,total,236,240,634751
1,paced_2M_view,0,total,240,244,545231
1,paced_2M_view,0,total,244,248,542435
1,paced_2M_view,0,total,248,252,355525
1,paced_2M_view,0,total,252,256,163212
1,paced_2M_view,0,total,256,264,325187
1,paced_2M_view,0,total,264,272,323800
1,paced_2M_view,0,total,272,280,376952
1,paced_2M_view,0,total,280,288,321584
1,paced_2M_view,0,total,288,296,276863
1,paced_2M_view,0,total,296,304,243703
1,paced_2M_view,0,total,304,312,242855
1,paced_2M_view,0,total,312,320,262579
1,paced_2M_view,0,total,320,328,242264
1,paced_2M_view,0,total,328,336,200816
1,paced_2M_view,0,total,336,344,116552
1,paced_2M_view,0,total,344,352,116497
1,paced_2M_view,0,total,352,360,116063
1,paced_2M_view,0,total,360,368,134940
1,paced_2M_view,0,total,368,376,106648
1,paced_2M_view,0,total,376,384,65668
1,paced_2M_view,0,total,384,392,65441
1,paced_2M_view,0,total,392,400,64892
1,paced_2M_view,0,total,400,408,70407
1,paced_2M_view,0,total,408,416,65074
1,paced_2M_view,0,total,416,424,44981
1,paced_2M_view,0,total,424,432,43296
1,paced_2M_view,0,total,432,440,43118
1,paced_2M_view,0,total,440,448,50124
1,paced_2M_view,0,total,448,456,42789
1,paced_2M_view,0,total,456,464,29984
1,paced_2M_view,0,total,464,472,25590
1,paced_2M_view,0,total,472,480,25477
1,paced_2M_view,0,total,480,488,27200
1,paced_2M_view,0,total,488,496,25648
1,paced_2M_view,0,total,496,504,21064
1,paced_2M_view,0,total,504,512,16922
1,paced_2M_view,0,total,512,528,35381
1,paced_2M_view,0,total,528,544,33236
1,paced_2M_view,0,total,544,560,22581
1,paced_2M_view,0,total,560,576,23177
1,paced_2M_view,0,total,576,592,18578
1,paced_2M_view,0,total,592,608,15281
1,paced_2M_view,0,total,608,624,16446
1,paced_2M_view,0,total,624,640,10539
1,paced_2M_view,0,total,640,656,10431
1,paced_2M_view,0,total,656,672,9308
1,paced_2M_view,0,total,672,688,7503
1,paced_2M_view,0,total,688,704,8150
1,paced_2M_view,0,total,704,720,6171
1,paced_2M_view,0,total,720,736,5836
1,paced_2M_view,0,total,736,752,5877
1,paced_2M_view,0,total,752,768,4684
1,paced_2M_view,0,total,768,784,4972
1,paced_2M_view,0,total,784,800,4116
1,paced_2M_view,0,total,800,816,3797
1,paced_2M_view,0,total,816,832,3966
1,paced_2M_view,0,total,832,848,3282
1,paced_2M_view,0,total,848,864,3420
1,paced_2M_view,0,total,864,880,2967
1,paced_2M_view,0,total,880,896,2766
1,paced_2M_view,0,total,896,912,2758
1,paced_2M_view,0,total,912,928,2532
1,paced_2M_view,0,total,928,944,2312
1,paced_2M_view,0,total,944,960,2489
1,paced_2M_view,0,total,960,976,2098
1,paced_2M_view,0,total,976,992,2106
1,paced_2M_view,0,total,992,1008,1942
1,paced_2M_view,0,total,1008,1024,1882
1,paced_2M_view,0,total,1024,1056,3608
1,paced_2M_view,0,total,1056,1088,3472
1,paced_2M_view,0,total,1088,1120,3411
1,paced_2M_view,0,total,1120,1152,3089
1,paced_2M_view,0,total,1152,1184,3047
1,paced_2M_view,0,total,1184,1216,2874
1,paced_2M_view,0,total,1216,1248,2788
1,paced_2M_view,0,total,1248,1280,2938
1,paced_2M_view,0,total,1280,1312,2625
1,paced_2M_view,0,total,1312,1344,2728
1,paced_2M_view,0,total,1344,1376,2676
1,paced_2M_view,0,total,1376,1408,2672
1,paced_2M_view,0,total,1408,1440,2452
1,paced_2M_view,0,total,1440,1472,2547
1,paced_2M_view,0,total,1472,1504,2430
1,paced_2M_view,0,total,1504,1536,2433
1,paced_2M_view,0,total,1536,1568,2323
1,paced_2M_view,0,total,1568,1600,2427
1,paced_2M_view,0,total,1600,1632,2427
1,paced_2M_view,0,total,1632,1664,2310
1,paced_2M_view,0,total,1664,1696,2437
1,paced_2M_view,0,total,1696,1728,2423
1,paced_2M_view,0,total,1728,1760,2294
1,paced_2M_view,0,total,1760,1792,2468
1,paced_2M_view,0,total,1792,1824,2307
1,paced_2M_view,0,total,1824,1856,2273
1,paced_2M_view,0,total,1856,1888,2362
1,paced_2M_view,0,total,1888,1920,2252
1,paced_2M_view,0,total,1920,1952,2287
1,paced_2M_view,0,total,1952,1984,2253
1,paced_2M_view,0,total,1984,2016,2172
1,paced_2M_view,0,total,2016,2048,2293
1,paced_2M_view,0,total,2048,2112,4707
1,paced_2M_view,0,total,2112,2176,4513
1,paced_2M_view,0,total,2176,2240,4603
1,paced_2M_view,0,total,2240,2304,4297
1,paced_2M_view,0,total,2304,2368,4384
1,paced_2M_view,0,total,2368,2432,4346
1,paced_2M_view,0,total,2432,2496,4659
1,paced_2M_view,0,total,2496,2560,4625
1,paced_2M_view,0,total,2560,2624,4533
1,paced_2M_view,0,total,2624,2688,4179
1,paced_2M_view,0,total,2688,2752,4191
1,paced_2M_view,0,total,2752,2816,4410
1,paced_2M_view,0,total,2816,2880,4428
1,paced_2M_view,0,total,2880,2944,4429
1,paced_2M_view,0,total,2944,3008,4192
1,paced_2M_view,0,total,3008,3072,3915
1,paced_2M_view,0,total,3072,3136,3769
1,paced_2M_view,0,total,3136,3200,3708
1,paced_2M_view,0,total,3200,3264,3520
1,paced_2M_view,0,total,3264,3328,3721
1,paced_2M_view,0,total,3328,3392,3568
1,paced_2M_view,0,total,3392,3456,3494
1,paced_2M_view,0,total,3456,3520,3498
1,paced_2M_view,0,total,3520,3584,3527
1,paced_2M_view,0,total,3584,3648,3348
1,paced_2M_view,0,total,3648,3712,3403
1,paced_2M_view,0,total,3712,3776,3266
1,paced_2M_view,0,total,3776,3840,3283
1,paced_2M_view,0,total,3840,3904,3279
1,paced_2M_view,0,total,3904,3968,3208
1,paced_2M_view,0,total,3968,4032,3067
1,paced_2M_view,0,total,4032,4096,3166
1,paced_2M_view,0,total,4096,4224,6051
1,paced_2M_view,0,total,4224,4352,5928
1,paced_2M_view,0,total,4352,4480,5861
1,paced_2M_view,0,total,4480,4608,5649
1,paced_2M_view,0,total,4608,4736,5433
1,paced_2M_view,0,total,4736,4864,5379
1,paced_2M_view,0,total,4864,4992,5025
1,paced_2M_view,0,total,4992,5120,4810
1,paced_2M_view,0,total,5120,5248,4755
1,paced_2M_view,0,total,5248,5376,4552
1,paced_2M_view,0,total,5376,5504,4296
1,paced_2M_view,0,total,5504,5632,4232
1,paced_2M_view,0,total,5632,5760,4086
1,paced_2M_view,0,total,5760,5888,3969
1,paced_2M_view,0,total,5888,6016,3960
1,paced_2M_view,0,total,6016,6144,3734
1,paced_2M_view,0,total,6144,6272,3744
1,paced_2M_view,0,total,6272,6400,3709
1,paced_2M_view,0,total,6400,6528,3646
1,paced_2M_view,0,total,6528,6656,3525
1,paced_2M_view,0,total,6656,6784,3479
1,paced_2M_view,0,total,6784,6912,3433
1,paced_2M_view,0,total,6912,7040,3307
1,paced_2M_view,0,total,7040,7168,3215
1,paced_2M_view,0,total,7168,7296,3352
1,paced_2M_view,0,total,7296,7424,3158
1,paced_2M_view,0,total,7424,7552,3111
1,paced_2M_view,0,total,7552,7680,3050
1,paced_2M_view,0,total,7680,7808,3023
1,paced_2M_view,0,total,7808,7936,3039
1,paced_2M_view,0,total,7936,8064,2844
1,paced_2M_view,0,total,8064,8192,2849
1,paced_2M_view,0,total,8192,8448,5220
1,paced_2M_view,0,total,8448,8704,4502
1,paced_2M_view,0,total,8704,8960,4049
1,paced_2M_view,0,total,8960,9216,3706
1,paced_2M_view,0,total,9216,9472,3373
1,paced_2M_view,0,total,9472,9728,3291
1,paced_2M_view,0,total,9728,9984,3147
1,paced_2M_view,0,total,9984,10240,3044
1,paced_2M_view,0,total,10240,10496,3034
1,paced_2M_view,0,total,10496,10752,2891
1,paced_2M_view,0,total,10752,11008,2915
1,paced_2M_view,0,total,11008,11264,2851
1,paced_2M_view,0,total,11264,11520,2804
1,paced_2M_view,0,total,11520,11776,2755
1,paced_2M_view,0,total,11776,12032,2831
1,paced_2M_view,0,total,12032,12288,2781
1,paced_2M_view,0,total,12288,12544,2728
1,paced_2M_view,0,total,12544,12800,2660
1,paced_2M_view,0,total,12800,13056,2695
1,paced_2M_view,0,total,13056,13312,2660
1,paced_2M_view,0,total,13312,13568,2654
1,paced_2M_view,0,total,13568,13824,2578
1,paced_2M_view,0,total,13824,14080,2459
1,paced_2M_view,0,total,14080,14336,2565
1,paced_2M_view,0,total,14336,14592,2459
1,paced_2M_view,0,total,14592,14848,2400
1,paced_2M_view,0,total,14848,15104,2520
1,paced_2M_view,0,total,15104,15360,2400
1,paced_2M_view,0,total,15360,15616,2386
1,paced_2M_view,0,total,15616,15872,2449
1,paced_2M_view,0,total,15872,16128,2354
1,paced_2M_view,0,total,16128,16384,2414
1,paced_2M_view,0,total,16384,16896,4551
1,paced_2M_view,0,total,16896,17408,4517
1,paced_2M_view,0,total,17408,17920,4372
1,paced_2M_view,0,total,17920,18432,4396
1,paced_2M_view,0,total,18432,18944,4290
1,paced_2M_view,0,total,18944,19456,4220
1,paced_2M_view,0,total,19456,19968,4160
1,paced_2M_view,0,total,19968,20480,4001
1,paced_2M_view,0,total,20480,20992,4011
1,paced_2M_view,0,total,20992,21504,3831
1,paced_2M_view,0,total,21504,22016,3780
1,paced_2M_view,0,total,22016,22528,3656
1,paced_2M_view,0,total,22528,23040,3523
1,paced_2M_view,0,total,23040,23552,3523
1,paced_2M_view,0,total,23552,24064,3486
1,paced_2M_view,0,total,24064,24576,3475
1,paced_2M_view,0,total,24576,25088,3398
1,paced_2M_view,0,total,25088,25600,3388
1,paced_2M_view,0,total,25600,26112,3279
1,paced_2M_view,0,total,26112,26624,3323
1,paced_2M_view,0,total,26624,27136,3165
1,paced_2M_view,0,total,27136,27648,3034
1,paced_2M_view,0,total,27648,28160,2868
1,paced_2M_view,0,total,28160,28672,2882
1,paced_2M_view,0,total,28672,29184,2818
1,paced_2M_view,0,total,29184,29696,2743
1,paced_2M_view,0,total,29696,30208,2655
1,paced_2M_view,0,total,30208,30720,2675
1,paced_2M_view,0,total,30720,31232,2649
1,paced_2M_view,0,total,31232,31744,2545
1,paced_2M_view,0,total,31744,32256,2530
1,paced_2M_view,0,total,32256,32768,2538
1,paced_2M_view,0,total,32768,33792,4982
1,paced_2M_view,0,total,33792,34816,4838
1,paced_2M_view,0,total,34816,35840,4844
1,paced_2M_view,0,total,35840,36864,4708
1,paced_2M_view,0,total,36864,37888,4533
1,paced_2M_view,0,total,37888,38912,4469
1,paced_2M_view,0,total,38912,39936,4354
1,paced_2M_view,0,total,39936,40960,4289
1,paced_2M_view,0,total,40960,41984,4068
1,paced_2M_view,0,total,41984,43008,3987
1,paced_2M_view,0,total,43008,44032,3976
1,paced_2M_view,0,total,44032,45056,3813
1,paced_2M_view,0,total,45056,46080,3743
1,paced_2M_view,0,total,46080,47104,3697
1,paced_2M_view,0,total,47104,48128,3421
1,paced_2M_view,0,total,48128,49152,3326
1,paced_2M_view,0,total,49152,50176,3207
1,paced_2M_view,0,total,50176,51200,3139
1,paced_2M_view,0,total,51200,52224,2841
1,paced_2M_view,0,total,52224,53248,2866
1,paced_2M_view,0,total,53248,54272,2674
1,paced_2M_view,0,total,54272,55296,2547
1,paced_2M_view,0,total,55296,56320,2409
1,paced_2M_view,0,total,56320,57344,2303
1,paced_2M_view,0,total,57344,58368,2153
1,paced_2M_view,0,total,58368,59392,2062
1,paced_2M_view,0,total,59392,60416,1962
1,paced_2M_view,0,total,60416,61440,1878
1,paced_2M_view,0,total,61440,62464,1713
1,paced_2M_view,0,total,62464,63488,1665
1,paced_2M_view,0,total,63488,64512,1540
1,paced_2M_view,0,total,64512,65536,1537
1,paced_2M_view,0,total,65536,67584,2641
1,paced_2M_view,0,total,67584,69632,2302
1,paced_2M_view,0,total,69632,71680,2068
1,paced_2M_view,0,total,71680,73728,1867
1,paced_2M_view,0,total,73728,75776,1541
1,paced_2M_view,0,total,75776,77824,1395
1,paced_2M_view,0,total,77824,79872,1337
1,paced_2M_view,0,total,79872,81920,1265
1,paced_2M_view,0,total,81920,83968,1242
1,paced_2M_view,0,total,83968,86016,1203
1,paced_2M_view,0,total,86016,88064,1140
1,paced_2M_view,0,total,88064,90112,1107
1,paced_2M_view,0,total,90112,92160,1130
1,paced_2M_view,0,total,92160,94208,1067
1,paced_2M_view,0,total,94208,96256,1021
1,paced_2M_view,0,total,96256,98304,1049
1,paced_2M_view,0,total,98304,100352,994
1,paced_2M_view,0,total,100352,102400,1011
1,paced_2M_view,0,total,102400,104448,963
1,paced_2M_view,0,total,104448,106496,984
1,paced_2M_view,0,total,106496,108544,975
1,paced_2M_view,0,total,108544,110592,963
1,paced_2M_view,0,total,110592,112640,899
1,paced_2M_view,0,total,112640,114688,817
1,paced_2M_view,0,total,114688,116736,775
1,paced_2M_view,0,total,116736,118784,734
1,paced_2M_view,0,total,118784,120832,748
1,paced_2M_view,0,total,120832,122880,734
1,paced_2M_view,0,total,122880,124928,728
1,paced_2M_view,0,total,124928,126976,695
1,paced_2M_view,0,total,126976,129024,626
1,paced_2M_view,0,total,129024,131072,640
1,paced_2M_view,0,total,131072,135168,1192
1,paced_2M_view,0,total,135168,139264,1155
1,paced_2M_view,0,total,139264,143360,1103
1,paced_2M_view,0,total,143360,147456,1051
1,paced_2M_view,0,total,147456,151552,1072
1,paced_2M_view,0,total,151552,155648,1043
1,paced_2M_view,0,total,155648,159744,951
1,paced_2M_view,0,total,159744,163840,977
1,paced_2M_view,0,total,163840,167936,964
1,paced_2M_view,0,total,167936,172032,934
1,paced_2M_view,0,total,172032,176128,948
1,paced_2M_view,0,total,176128,180224,913
1,paced_2M_view,0,total,180224,184320,870
1,paced_2M_view,0,total,184320,188416,871
1,paced_2M_view,0,total,188416,192512,853
1,paced_2M_view,0,total,192512,196608,852
1,paced_2M_view,0,total,196608,200704,841
1,paced_2M_view,0,total,200704,204800,815
1,paced_2M_view,0,total,204800,208896,765
1,paced_2M_view,0,total,208896,212992,785
1,paced_2M_view,0,total,212992,217088,781
1,paced_2M_view,0,total,217088,221184,779
1,paced_2M_view,0,total,221184,225280,761
1,paced_2M_view,0,total,225280,229376,761
1,paced_2M_view,0,total,229376,233472,757
1,paced_2M_view,0,total,233472,237568,742
1,paced_2M_view,0,total,237568,241664,794
1,paced_2M_view,0,total,241664,245760,751
1,paced_2M_view,0,total,245760,249856,648
1,paced_2M_view,0,total,249856,253952,622
1,paced_2M_view,0,total,253952,258048,584
1,paced_2M_view,0,total,258048,262144,571
1,paced_2M_view,0,total,262144,270336,1073
1,paced_2M_view,0,total,270336,278528,1060
1,paced_2M_view,0,total,278528,286720,901
1,paced_2M_view,0,total,286720,294912,909
1,paced_2M_view,0,total,294912,303104,931
1,paced_2M_view,0,total,303104,311296,930
1,paced_2M_view,0,total,311296,319488,955
1,paced_2M_view,0,total,319488,327680,879
1,paced_2M_view,0,total,327680,335872,852
1,paced_2M_view,0,total,335872,344064,901
1,paced_2M_view,0,total,344064,352256,858
1,paced_2M_view,0,total,352256,360448,783
1,paced_2M_view,0,total,360448,368640,717
1,paced_2M_view,0,total,368640,376832,713
1,paced_2M_view,0,total,376832,385024,661
1,paced_2M_view,0,total,385024,393216,684
1,paced_2M_view,0,total,393216,401408,705
1,paced_2M_view,0,total,401408,409600,701
1,paced_2M_view,0,total,409600,417792,713
1,paced_2M_view,0,total,417792,425984,691
1,paced_2M_view,0,total,425984,434176,621
1,paced_2M_view,0,total,434176,442368,585
1,paced_2M_view,0,total,442368,450560,545
1,paced_2M_view,0,total,450560,458752,548
1,paced_2M_view,0,total,458752,466944,529
1,paced_2M_view,0,total,466944,475136,558
1,paced_2M_view,0,total,475136,483328,515
1,paced_2M_view,0,total,483328,491520,556
1,paced_2M_view,0,total,491520,499712,534
1,paced_2M_view,0,total,499712,507904,518
1,paced_2M_view,0,total,507904,516096,511
1,paced_2M_view,0,total,516096,524288,503
1,paced_2M_view,0,total,524288,540672,1010
1,paced_2M_view,0,total,540672,557056,859
1,paced_2M_view,0,total,557056,573440,822
1,paced_2M_view,0,total,573440,589824,830
1,paced_2M_view,0,total,589824,606208,803
1,paced_2M_view,0,total,606208,622592,704
1,paced_2M_view,0,total,622592,638976,783
1,paced_2M_view,0,total,638976,655360,684
1,paced_2M_view,0,total,655360,671744,609
1,paced_2M_view,0,total,671744,688128,610
1,paced_2M_view,0,total,688128,704512,519
1,paced_2M_view,0,total,704512,720896,502
1,paced_2M_view,0,total,720896,737280,549
1,paced_2M_view,0,total,737280,753664,512
1,paced_2M_view,0,total,753664,770048,501
1,paced_2M_view,0,total,770048,786432,494
1,paced_2M_view,0,total,786432,802816,438
1,paced_2M_view,0,total,802816,819200,466
1,paced_2M_view,0,total,819200,835584,482
1,paced_2M_view,0,total,835584,851968,574
1,paced_2M_view,0,total,851968,868352,484
1,paced_2M_view,0,total,868352,884736,437
1,paced_2M_view,0,total,884736,901120,446
1,paced_2M_view,0,total,901120,917504,457
1,paced_2M_view,0,total,917504,933888,436
1,paced_2M_view,0,total,933888,950272,516
1,paced_2M_view,0,total,950272,966656,441
1,paced_2M_view,0,total,966656,983040,376
1,paced_2M_view,0,total,983040,999424,412
1,paced_2M_view,0,total,999424,1.01581e+06,335
1,paced_2M_view,0,total,1.01581e+06,1.03219e+06,352
1,paced_2M_view,0,total,1.03219e+06,1.04858e+06,340
1,paced_2M_view,0,total,1.04858e+06,1.08134e+06,599
1,paced_2M_view,0,total,1.08134e+06,1.11411e+06,564
1,paced_2M_view,0,total,1.11411e+06,1.14688e+06,563
1,paced_2M_view,0,total,1.14688e+06,1.17965e+06,731
1,paced_2M_view,0,total,1.17965e+06,1.21242e+06,474
1,paced_2M_view,0,total,1.21242e+06,1.24518e+06,479
1,paced_2M_view,0,total,1.24518e+06,1.27795e+06,536
1,paced_2M_view,0,total,1.27795e+06,1.31072e+06,517
1,paced_2M_view,0,total,1.31072e+06,1.34349e+06,419
1,paced_2M_view,0,total,1.34349e+06,1.37626e+06,280
1,paced_2M_view,0,total,1.37626e+06,1.40902e+06,264
1,paced_2M_view,0,total,1.40902e+06,1.44179e+06,315
1,paced_2M_view,0,total,1.44179e+06,1.47456e+06,310
1,paced_2M_view,0,total,1.47456e+06,1.50733e+06,331
1,paced_2M_view,0,total,1.50733e+06,1.5401e+06,463
1,paced_2M_view,0,total,1.5401e+06,1.57286e+06,543
1,paced_2M_view,0,total,1.57286e+06,1.60563e+06,453
1,paced_2M_view,0,total,1.60563e+06,1.6384e+06,402
1,paced_2M_view,0,total,1.6384e+06,1.67117e+06,215
1,paced_2M_view,0,total,1.67117e+06,1.70394e+06,299
1,paced_2M_view,0,total,1.70394e+06,1.7367e+06,292
1,paced_2M_view,0,total,1.7367e+06,1.76947e+06,210
1,paced_2M_view,0,total,1.76947e+06,1.80224e+06,276
1,paced_2M_view,0,total,1.80224e+06,1.83501e+06,280
1,paced_2M_view,0,total,1.83501e+06,1.86778e+06,283
1,paced_2M_view,0,total,1.86778e+06,1.90054e+06,189
1,paced_2M_view,0,total,1.90054e+06,1.93331e+06,193
1,paced_2M_view,0,total,1.93331e+06,1.96608e+06,244
1,paced_2M_view,0,total,1.96608e+06,1.99885e+06,212
1,paced_2M_view,0,total,1.99885e+06,2.03162e+06,196
1,paced_2M_view,0,total,2.03162e+06,2.06438e+06,187
1,paced_2M_view,0,total,2.06438e+06,2.09715e+06,194
1,paced_2M_view,0,total,2.09715e+06,2.16269e+06,366
1,paced_2M_view,0,total,2.16269e+06,2.22822e+06,397
1,paced_2M_view,0,total,2.22822e+06,2.29376e+06,412
1,paced_2M_view,0,total,2.29376e+06,2.3593e+06,227
1,paced_2M_view,0,total,2.3593e+06,2.42483e+06,203
1,paced_2M_view,0,total,2.42483e+06,2.49037e+06,192
1,paced_2M_view,0,total,2.49037e+06,2.5559e+06,229
1,paced_2M_view,0,total,2.5559e+06,2.62144e+06,226
1,paced_2M_view,0,total,2.62144e+06,2.68698e+06,211
1,paced_2M_view,0,total,2.68698e+06,2.75251e+06,361
1,paced_2M_view,0,total,2.75251e+06,2.81805e+06,561
1,paced_2M_view,0,total,2.81805e+06,2.88358e+06,18
1,paced_2M_view,0,queue,0,1,1
1,paced_2M_view,0,queue,18,19,696
1,paced_2M_view,0,queue,20,21,688
1,paced_2M_view,0,queue,22,23,699
1,paced_2M_view,0,queue,24,25,694
1,paced_2M_view,0,queue,26,27,700
1,paced_2M_view,0,queue,27,28,665
1,paced_2M_view,0,queue,29,30,691
1,paced_2M_view,0,queue,31,32,687
1,paced_2M_view,0,queue,33,34,633
1,paced_2M_view,0,queue,35,36,694
1,paced_2M_view,0,queue,37,38,659
1,paced_2M_view,0,queue,39,40,657
1,paced_2M_view,0,queue,41,42,399006
1,paced_2M_view,0,queue,42,43,399337
1,paced_2M_view,0,queue,43,44,798521
1,paced_2M_view,0,queue,44,45,399777
1,paced_2M_view,0,queue,45,46,797908
1,paced_2M_view,0,queue,46,47,399901
1,paced_2M_view,0,queue,47,48,799487
1,paced_2M_view,0,queue,48,49,399853
1,paced_2M_view,0,queue,49,50,798621
1,paced_2M_view,0,queue,50,51,399591
1,paced_2M_view,0,queue,51,52,798632
1,paced_2M_view,0,queue,52,53,399307
1,paced_2M_view,0,queue,53,54,798467
1,paced_2M_view,0,queue,54,55,398550
1,paced_2M_view,0,queue,55,56,799275
1,paced_2M_view,0,queue,56,57,398947
1,paced_2M_view,0,queue,57,58,798326
1,paced_2M_view,0,queue,58,59,399371
1,paced_2M_view,0,queue,59,60,798444
1,paced_2M_view,0,queue,60,61,398872
1,paced_2M_view,0,queue,61,62,799213
1,paced_2M_view,0,queue,62,63,397006
1,paced_2M_view,0,queue,63,64,798621
1,paced_2M_view,0,queue,64,66,1197593
1,paced_2M_view,0,queue,66,68,1197079
1,paced_2M_view,0,queue,68,70,1595597
1,paced_2M_view,0,queue,70,72,1195623
1,paced_2M_view,0,queue,72,74,1198890
1,paced_2M_view,0,queue,74,76,1196503
1,paced_2M_view,0,queue,76,78,1197655
1,paced_2M_view,0,queue,78,80,1196443
1,paced_2M_view,0,queue,80,82,1195931
1,paced_2M_view,0,queue,82,84,976438
1,paced_2M_view,0,queue,84,86,534365
1,paced_2M_view,0,queue,86,88,534466
1,paced_2M_view,0,queue,88,90,533642
1,paced_2M_view,0,queue,90,92,533818
1,paced_2M_view,0,queue,92,94,533794
1,paced_2M_view,0,queue,94,96,534803
1,paced_2M_view,0,queue,96,98,534805
1,paced_2M_view,0,queue,98,100,535087
1,paced_2M_view,0,queue,100,102,534617
1,paced_2M_view,0,queue,102,104,533784
1,paced_2M_view,0,queue,104,106,533745
1,paced_2M_view,0,queue,106,108,533070
1,paced_2M_view,0,queue,108,110,534295
1,paced_2M_view,0,queue,110,112,890725
1,paced_2M_view,0,queue,112,114,534318
1,paced_2M_view,0,queue,114,116,532944
1,paced_2M_view,0,queue,116,118,534199
1,paced_2M_view,0,queue,118,120,534012
1,paced_2M_view,0,queue,120,122,534224
1,paced_2M_view,0,queue,122,124,533668
1,paced_2M_view,0,queue,124,126,181132
1,paced_2M_view,0,queue,126,128,4796
1,paced_2M_view,0,queue,128,132,9324
1,paced_2M_view,0,queue,132,136,9541
1,paced_2M_view,0,queue,136,140,9604
1,paced_2M_view,0,queue,140,144,8547
1,paced_2M_view,0,queue,144,148,6837
1,paced_2M_view,0,queue,148,152,6866
1,paced_2M_view,0,queue,152,156,7995
1,paced_2M_view,0,queue,156,160,7070
1,paced_2M_view,0,queue,160,164,6777
1,paced_2M_view,0,queue,164,168,7313
1,paced_2M_view,0,queue,168,172,9177
1,paced_2M_view,0,queue,172,176,8351
1,paced_2M_view,0,queue,176,180,8656
1,paced_2M_view,0,queue,180,184,8967
1,paced_2M_view,0,queue,184,188,8557
1,paced_2M_view,0,queue,188,192,8739
1,paced_2M_view,0,queue,192,196,11389
1,paced_2M_view,0,queue,196,200,8544
1,paced_2M_view,0,queue,200,204,8456
1,paced_2M_view,0,queue,204,208,9223
1,paced_2M_view,0,queue,208,212,3735
1,paced_2M_view,0,queue,212,216,3668
1,paced_2M_view,0,queue,216,220,3675
1,paced_2M_view,0,queue,220,224,3586
1,paced_2M_view,0,queue,224,228,3756
1,paced_2M_view,0,queue,228,232,3596
1,paced_2M_view,0,queue,232,236,3748
1,paced_2M_view,0,queue,236,240,4106
1,paced_2M_view,0,queue,240,244,3761
1,paced_2M_view,0,queue,244,248,3622
1,paced_2M_view,0,queue,248,252,3268
1,paced_2M_view,0,queue,252,256,2716
1,paced_2M_view,0,queue,256,264,5446
1,paced_2M_view,0,queue,264,272,5492
1,paced_2M_view,0,queue,272,280,6195
1,paced_2M_view,0,queue,280,288,5327
1,paced_2M_view,0,queue,288,296,4009
1,paced_2M_view,0,queue,296,304,2698
1,paced_2M_view,0,queue,304,312,2679
1,paced_2M_view,0,queue,312,320,3095
1,paced_2M_view,0,queue,320,328,2628
1,paced_2M_view,0,queue,328,336,2483
1,paced_2M_view,0,queue,336,344,2156
1,paced_2M_view,0,queue,344,352,2037
1,paced_2M_view,0,queue,352,360,2104
1,paced_2M_view,0,queue,360,368,2335
1,paced_2M_view,0,queue,368,376,1930
1,paced_2M_view,0,queue,376,384,1693
1,paced_2M_view,0,queue,384,392,1645
1,paced_2M_view,0,queue,392,400,1631
1,paced_2M_view,0,queue,400,408,1689
1,paced_2M_view,0,queue,408,416,1642
1,paced_2M_view,0,queue,416,424,1384
1,paced_2M_view,0,queue,424,432,1460
1,paced_2M_view,0,queue,432,440,1365
1,paced_2M_view,0,queue,440,448,1563
1,paced_2M_view,0,queue,448,456,1297
1,paced_2M_view,0,queue,456,464,1266
1,paced_2M_view,0,queue,464,472,1218
1,paced_2M_view,0,queue,472,480,1178
1,paced_2M_view,0,queue,480,488,1288
1,paced_2M_view,0,queue,488,496,1202
1,paced_2M_view,0,queue,496,504,1117
1,paced_2M_view,0,queue,504,512,1009
1,paced_2M_view,0,queue,512,528,1954
1,paced_2M_view,0,queue,528,544,1947
1,paced_2M_view,0,queue,544,560,1588
1,paced_2M_view,0,queue,560,576,1637
1,paced_2M_view,0,queue,576,592,1731
1,paced_2M_view,0,queue,592,608,1849
1,paced_2M_view,0,queue,608,624,1984
1,paced_2M_view,0,queue,624,640,1767
1,paced_2M_view,0,queue,640,656,1869
1,paced_2M_view,0,queue,656,672,1657
1,paced_2M_view,0,queue,672,688,1546
1,paced_2M_view,0,queue,688,704,1649
1,paced_2M_view,0,queue,704,720,1496
1,paced_2M_view,0,queue,720,736,1497
1,paced_2M_view,0,queue,736,752,1476
1,paced_2M_view,0,queue,752,768,1385
1,paced_2M_view,0,queue,768,784,1510
1,paced_2M_view,0,queue,784,800,1420
1,paced_2M_view,0,queue,800,816,1405
1,paced_2M_view,0,queue,816,832,1504
1,paced_2M_view,0,queue,832,848,1408
1,paced_2M_view,0,queue,848,864,1473
1,paced_2M_view,0,queue,864,880,1319
1,paced_2M_view,0,queue,880,896,1319
1,paced_2M_view,0,queue,896,912,1389
1,paced_2M_view,0,queue,912,928,1352
1,paced_2M_view,0,queue,928,944,1303
1,paced_2M_view,0,queue,944,960,1379
1,paced_2M_view,0,queue,960,976,1233
1,paced_2M_view,0,queue,976,992,1289
1,paced_2M_view,0,queue,992,1008,1218
1,paced_2M_view,0,queue,1008,1024,1189
1,paced_2M_view,0,queue,1024,1056,2470
1,paced_2M_view,0,queue,1056,1088,2291
1,paced_2M_view,0,queue,1088,1120,2480
1,paced_2M_view,0,queue,1120,1152,2493
1,paced_2M_view,0,queue,1152,1184,2425
1,paced_2M_view,0,queue,1184,1216,2530
1,paced_2M_view,0,queue,1216,1248,2451
1,paced_2M_view,0,queue,1248,1280,2554
1,paced_2M_view,0,queue,1280,1312,2358
1,paced_2M_view,0,queue,1312,1344,2385
1,paced_2M_view,0,queue,1344,1376,2413
1,paced_2M_view,0,queue,1376,1408,2301
1,paced_2M_view,0,queue,1408,1440,2295
1,paced_2M_view,0,queue,1440,1472,2307
1,paced_2M_view,0,queue,1472,1504,2258
1,paced_2M_view,0,queue,1504,1536,2348
1,paced_2M_view,0,queue,1536,1568,2113
1,paced_2M_view,0,queue,1568,1600,2282
1,paced_2M_view,0,queue,1600,1632,2419
1,paced_2M_view,0,queue,1632,1664,2382
1,paced_2M_view,0,queue,1664,1696,2366
1,paced_2M_view,0,queue,1696,1728,2226
1,paced_2M_view,0,queue,1728,1760,2308
1,paced_2M_view,0,queue,1760,1792,2235
1,paced_2M_view,0,queue,1792,1824,2190
1,paced_2M_view,0,queue,1824,1856,2145
1,paced_2M_view,0,queue,1856,1888,2236
1,paced_2M_view,0,queue,1888,1920,2207
1,paced_2M_view,0,queue,1920,1952,2197
1,paced_2M_view,0,queue,1952,1984,2225
1,paced_2M_view,0,queue,1984,2016,2330
1,paced_2M_view,0,queue,2016,2048,2343
1,paced_2M_view,0,queue,2048,2112,4563
1,paced_2M_view,0,queue,2112,2176,4360
1,paced_2M_view,0,queue,2176,2240,4284
1,paced_2M_view,0,queue,2240,2304,4230
1,paced_2M_view,0,queue,2304,2368,4575
1,paced_2M_view,0,queue,2368,2432,4677
1,paced_2M_view,0,queue,2432,2496,4695
1,paced_2M_view,0,queue,2496,2560,4139
1,paced_2M_view,0,queue,2560,2624,4072
1,paced_2M_view,0,queue,2624,2688,3791
1,paced_2M_view,0,queue,2688,2752,3719
1,paced_2M_view,0,queue,2752,2816,3772
1,paced_2M_view,0,queue,2816,2880,3812
1,paced_2M_view,0,queue,2880,2944,3626
1,paced_2M_view,0,queue,2944,3008,3633
1,paced_2M_view,0,queue,3008,3072,3567
1,paced_2M_view,0,queue,3072,3136,3543
1,paced_2M_view,0,queue,3136,3200,3521
1,paced_2M_view,0,queue,3200,3264,3542
1,paced_2M_view,0,queue,3264,3328,3396
1,paced_2M_view,0,queue,3328,3392,3507
1,paced_2M_view,0,queue,3392,3456,3441
1,paced_2M_view,0,queue,3456,3520,3228
1,paced_2M_view,0,queue,3520,3584,3264
1,paced_2M_view,0,queue,3584,3648,3304
1,paced_2M_view,0,queue,3648,3712,3246
1,paced_2M_view,0,queue,3712,3776,3028
1,paced_2M_view,0,queue,3776,3840,3114
1,paced_2M_view,0,queue,3840,3904,3242
1,paced_2M_view,0,queue,3904,3968,3080
1,paced_2M_view,0,queue,3968,4032,3018
1,paced_2M_view,0,queue,4032,4096,2968
1,paced_2M_view,0,queue,4096,4224,5902
1,paced_2M_view,0,queue,4224,4352,5767
1,paced_2M_view,0,queue,4352,4480,5692
1,paced_2M_view,0,queue,4480,4608,5296
1,paced_2M_view,0,queue,4608,4736,5276
1,paced_2M_view,0,queue,4736,4864,5024
1,paced_2M_view,0,queue,4864,4992,4776
1,paced_2M_view,0,queue,4992,5120,4659
1,paced_2M_view,0,queue,5120,5248,4500
1,paced_2M_view,0,queue,5248,5376,4270
1,paced_2M_view,0,queue,5376,5504,4239
1,paced_2M_view,0,queue,5504,5632,3951
1,paced_2M_view,0,queue,5632,5760,3943
1,paced_2M_view,0,queue,5760,5888,3891
1,paced_2M_view,0,queue,5888,6016,3764
1,paced_2M_view,0,queue,6016,6144,3759
1,paced_2M_view,0,queue,6144,6272,3748
1,paced_2M_view,0,queue,6272,6400,3609
1,paced_2M_view,0,queue,6400,6528,3504
1,paced_2M_view,0,queue,6528,6656,3372
1,paced_2M_view,0,queue,6656,6784,3460
1,paced_2M_view,0,queue,6784,6912,3373
1,paced_2M_view,0,queue,6912,7040,3242
1,paced_2M_view,0,queue,7040,7168,3205
1,paced_2M_view,0,queue,7168,7296,3163
1,paced_2M_view,0,queue,7296,7424,3179
1,paced_2M_view,0,queue,7424,7552,3039
1,paced_2M_view,0,queue,7552,7680,2991
1,paced_2M_view,0,queue,7680,7808,3067
1,paced_2M_view,0,queue,7808,7936,2924
1,paced_2M_view,0,queue,7936,8064,2880
1,paced_2M_view,0,queue,8064,8192,2633
1,paced_2M_view,0,queue,8192,8448,4762
1,paced_2M_view,0,queue,8448,8704,4134
1,paced_2M_view,0,queue,8704,8960,3789
1,paced_2M_view,0,queue,8960,9216,3524
1,paced_2M_view,0,queue,9216,9472,3288
1,paced_2M_view,0,queue,9472,9728,3101
1,paced_2M_view,0,queue,9728,9984,3135
1,paced_2M_view,0,queue,9984,10240,2973
1,paced_2M_view,0,queue,10240,10496,2962
1,paced_2M_view,0,queue,10496,10752,2879
1,paced_2M_view,0,queue,10752,11008,2863
1,paced_2M_view,0,queue,11008,11264,2814
1,paced_2M_view,0,queue,11264,11520,2824
1,paced_2M_view,0,queue,11520,11776,2791
1,paced_2M_view,0,queue,11776,12032,2832
1,paced_2M_view,0,queue,12032,12288,2704
1,paced_2M_view,0,queue,12288,12544,2730
1,paced_2M_view,0,queue,12544,12800,2632
1,paced_2M_view,0,queue,12800,13056,2778
1,paced_2M_view,0,queue,13056,13312,2610
1,paced_2M_view,0,queue,13312,13568,2526
1,paced_2M_view,0,queue,13568,13824,2601
1,paced_2M_view,0,queue,13824,14080,2482
1,paced_2M_view,0,queue,14080,14336,2444
1,paced_2M_view,0,queue,14336,14592,2517
1,paced_2M_view,0,queue,14592,14848,2472
1,paced_2M_view,0,queue,14848,15104,2413
1,paced_2M_view,0,queue,15104,15360,2425
1,paced_2M_view,0,queue,15360,15616,2417
1,paced_2M_view,0,queue,15616,15872,2351
1,paced_2M_view,0,queue,15872,16128,2365
1,paced_2M_view,0,queue,16128,16384,2302
1,paced_2M_view,0,queue,16384,16896,4746
1,paced_2M_view,0,queue,16896,17408,4513
1,paced_2M_view,0,queue,17408,17920,4379
1,paced_2M_view,0,queue,17920,18432,4530
1,paced_2M_view,0,queue,18432,18944,4192
1,paced_2M_view,0,queue,18944,19456,4251
1,paced_2M_view,0,queue,19456,19968,4047
1,paced_2M_view,0,queue,19968,20480,4036
1,paced_2M_view,0,queue,20480,20992,3885
1,paced_2M_view,0,queue,20992,21504,3821
1,paced_2M_view,0,queue,21504,22016,3673
1,paced_2M_view,0,queue,22016,22528,3578
1,paced_2M_view,0,queue,22528,23040,3530
1,paced_2M_view,0,queue,23040,23552,3541
1,paced_2M_view,0,queue,23552,24064,3432
1,paced_2M_view,0,queue,24064,24576,3460
1,paced_2M_view,0,queue,24576,25088,3411
1,paced_2M_view,0,queue,25088,25600,3307
1,paced_2M_view,0,queue,25600,26112,3281
1,paced_2M_view,0,queue,26112,26624,3309
1,paced_2M_view,0,queue,26624,27136,3090
1,paced_2M_view,0,queue,27136,27648,2937
1,paced_2M_view,0,queue,27648,28160,2895
1,paced_2M_view,0,queue,28160,28672,2866
1,paced_2M_view,0,queue,28672,29184,2807
1,paced_2M_view,0,queue,29184,29696,2693
1,paced_2M_view,0,queue,29696,30208,2670
1,paced_2M_view,0,queue,30208,30720,2655
1,paced_2M_view,0,queue,30720,31232,2574
1,paced_2M_view,0,queue,31232,31744,2589
1,paced_2M_view,0,queue,31744,32256,2473
1,paced_2M_view,0,queue,32256,32768,2531
1,paced_2M_view,0,queue,32768,33792,4920
1,paced_2M_view,0,queue,33792,34816,4901
1,paced_2M_view,0,queue,34816,35840,4781
1,paced_2M_view,0,queue,35840,36864,4712
1,paced_2M_view,0,queue,36864,37888,4505
1,paced_2M_view,0,queue,37888,38912,4453
1,paced_2M_view,0,queue,38912,39936,4265
1,paced_2M_view,0,queue,39936,40960,4280
1,paced_2M_view,0,queue,40960,41984,4024
1,paced_2M_view,0,queue,41984,43008,3972
1,paced_2M_view,0,queue,43008,44032,3926
1,paced_2M_view,0,queue,44032,45056,3825
1,paced_2M_view,0,queue,45056,46080,3731
1,paced_2M_view,0,queue,46080,47104,3627
1,paced_2M_view,0,queue,47104,48128,3364
1,paced_2M_view,0,queue,48128,49152,3306
1,paced_2M_view,0,queue,49152,50176,3168
1,paced_2M_view,0,queue,50176,51200,3031
1,paced_2M_view,0,queue,51200,52224,2844
1,paced_2M_view,0,queue,52224,53248,2827
1,paced_2M_view,0,queue,53248,54272,2609
1,paced_2M_view,0,queue,54272,55296,2486
1,paced_2M_view,0,queue,55296,56320,2417
1,paced_2M_view,0,queue,56320,57344,2231
1,paced_2M_view,0,queue,57344,58368,2117
1,paced_2M_view,0,queue,58368,59392,2064
1,paced_2M_view,0,queue,59392,60416,1913
1,paced_2M_view,0,queue,60416,61440,1814
1,paced_2M_view,0,queue,61440,62464,1698
1,paced_2M_view,0,queue,62464,63488,1611
1,paced_2M_view,0,queue,63488,64512,1543
1,paced_2M_view,0,queue,64512,65536,1500
1,paced_2M_view,0,queue,65536,67584,2569
1,paced_2M_view,0,queue,67584,69632,2262
1,paced_2M_view,0,queue,69632,71680,2031
1,paced_2M_view,0,queue,71680,73728,1814
1,paced_2M_view,0,queue,73728,75776,1509
1,paced_2M_view,0,queue,75776,77824,1394
1,paced_2M_view,0,queue,77824,79872,1330
1,paced_2M_view,0,queue,79872,81920,1256
1,paced_2M_view,0,queue,81920,83968,1235
1,paced_2M_view,0,queue,83968,86016,1193
1,paced_2M_view,0,queue,86016,88064,1135
1,paced_2M_view,0,queue,88064,90112,1108
1,paced_2M_view,0,queue,90112,92160,1122
1,paced_2M_view,0,queue,92160,94208,1053
1,paced_2M_view,0,queue,94208,96256,1039
1,paced_2M_view,0,queue,96256,98304,1055
1,paced_2M_view,0,queue,98304,100352,992
1,paced_2M_view,0,queue,100352,102400,990
1,paced_2M_view,0,queue,102400,104448,975
1,paced_2M_view,0,queue,104448,106496,981
1,paced_2M_view,0,queue,106496,108544,982
1,paced_2M_view,0,queue,108544,110592,963
1,paced_2M_view,0,queue,110592,112640,881
1,paced_2M_view,0,queue,112640,114688,818
1,paced_2M_view,0,queue,114688,116736,762
1,paced_2M_view,0,queue,116736,118784,741
1,paced_2M_view,0,queue,118784,120832,758
1,paced_2M_view,0,queue,120832,122880,722
1,paced_2M_view,0,queue,122880,124928,725
1,paced_2M_view,0,queue,124928,126976,680
1,paced_2M_view,0,queue,126976,129024,636
1,paced_2M_view,0,queue,129024,131072,643
1,paced_2M_view,0,queue,131072,135168,1172
1,paced_2M_view,0,queue,135168,139264,1157
1,paced_2M_view,0,queue,139264,143360,1101
1,paced_2M_view,0,queue,143360,147456,1049
1,paced_2M_view,0,queue,147456,151552,1075
1,paced_2M_view,0,queue,151552,155648,1038
1,paced_2M_view,0,queue,155648,159744,952
1,paced_2M_view,0,queue,159744,163840,964
1,paced_2M_view,0,queue,163840,167936,968
1,paced_2M_view,0,queue,167936,172032,933
1,paced_2M_view,0,queue,172032,176128,946
1,paced_2M_view,0,queue,176128,180224,919
1,paced_2M_view,0,queue,180224,184320,870
1,paced_2M_view,0,queue,184320,188416,861
1,paced_2M_view,0,queue,188416,192512,860
1,paced_2M_view,0,queue,192512,196608,848
1,paced_2M_view,0,queue,196608,200704,839
1,paced_2M_view,0,queue,200704,204800,815
1,paced_2M_view,0,queue,204800,208896,765
1,paced_2M_view,0,queue,208896,212992,793
1,paced_2M_view,0,queue,212992,217088,774
1,paced_2M_view,0,queue,217088,221184,775
1,paced_2M_view,0,queue,221184,225280,762
1,paced_2M_view,0,queue,225280,229376,760
1,paced_2M_view,0,queue,229376,233472,754
1,paced_2M_view,0,queue,233472,237568,753
1,paced_2M_view,0,queue,237568,241664,793
1,paced_2M_view,0,queue,241664,245760,746
1,paced_2M_view,0,queue,245760,249856,649
1,paced_2M_view,0,queue,249856,253952,604
1,paced_2M_view,0,queue,253952,258048,584
1,paced_2M_view,0,queue,258048,262144,572
1,paced_2M_view,0,queue,262144,270336,1081
1,paced_2M_view,0,queue,270336,278528,1054
1,paced_2M_view,0,queue,278528,286720,895
1,paced_2M_view,0,queue,286720,294912,910
1,paced_2M_view,0,queue,294912,303104,930
1,paced_2M_view,0,queue,303104,311296,936
1,paced_2M_view,0,queue,311296,319488,959
1,paced_2M_view,0,queue,319488,327680,866
1,paced_2M_view,0,queue,327680,335872,863
1,paced_2M_view,0,queue,335872,344064,895
1,paced_2M_view,0,queue,344064,352256,857
1,paced_2M_view,0,queue,352256,360448,775
1,paced_2M_view,0,queue,360448,368640,717
1,paced_2M_view,0,queue,368640,376832,714
1,paced_2M_view,0,queue,376832,385024,658
1,paced_2M_view,0,queue,385024,393216,690
1,paced_2M_view,0,queue,393216,401408,702
1,paced_2M_view,0,queue,401408,409600,707
1,paced_2M_view,0,queue,409600,417792,707
1,paced_2M_view,0,queue,417792,425984,691
1,paced_2M_view,0,queue,425984,434176,617
1,paced_2M_view,0,queue,434176,442368,589
1,paced_2M_view,0,queue,442368,450560,546
1,paced_2M_view,0,queue,450560,458752,547
1,paced_2M_view,0,queue,458752,466944,523
1,paced_2M_view,0,queue,466944,475136,558
1,paced_2M_view,0,queue,475136,483328,519
1,paced_2M_view,0,queue,483328,491520,557
1,paced_2M_view,0,queue,491520,499712,531
1,paced_2M_view,0,queue,499712,507904,524
1,paced_2M_view,0,queue,507904,516096,504
1,paced_2M_view,0,queue,516096,524288,505
1,paced_2M_view,0,queue,524288,540672,1014
1,paced_2M_view,0,queue,540672,557056,850
1,paced_2M_view,0,queue,557056,573440,825
1,paced_2M_view,0,queue,573440,589824,827
1,paced_2M_view,0,queue,589824,606208,810
1,paced_2M_view,0,queue,606208,622592,702
1,paced_2M_view,0,queue,622592,638976,779
1,paced_2M_view,0,queue,638976,655360,684
1,paced_2M_view,0,queue,655360,671744,607
1,paced_2M_view,0,queue,671744,688128,610
1,paced_2M_view,0,queue,688128,704512,517
1,paced_2M_view,0,queue,704512,720896,505
1,paced_2M_view,0,queue,720896,737280,550
1,paced_2M_view,0,queue,737280,753664,508
1,paced_2M_view,0,queue,753664,770048,503
1,paced_2M_view,0,queue,770048,786432,494
1,paced_2M_view,0,queue,786432,802816,436
1,paced_2M_view,0,queue,802816,819200,466
1,paced_2M_view,0,queue,819200,835584,487
1,paced_2M_view,0,queue,835584,851968,573
1,paced_2M_view,0,queue,851968,868352,482
1,paced_2M_view,0,queue,868352,884736,435
1,paced_2M_view,0,queue,884736,901120,456
1,paced_2M_view,0,queue,901120,917504,446
1,paced_2M_view,0,queue,917504,933888,436
1,paced_2M_view,0,queue,933888,950272,519
1,paced_2M_view,0,queue,950272,966656,440
1,paced_2M_view,0,queue,966656,983040,378
1,paced_2M_view,0,queue,983040,999424,410
1,paced_2M_view,0,queue,999424,1.01581e+06,336
1,paced_2M_view,0,queue,1.01581e+06,1.03219e+06,347
1,paced_2M_view,0,queue,1.03219e+06,1.04858e+06,343
1,paced_2M_view,0,queue,1.04858e+06,1.08134e+06,597
1,paced_2M_view,0,queue,1.08134e+06,1.11411e+06,565
1,paced_2M_view,0,queue,1.11411e+06,1.14688e+06,566
1,paced_2M_view,0,queue,1.14688e+06,1.17965e+06,724
1,paced_2M_view,0,queue,1.17965e+06,1.21242e+06,476
1,paced_2M_view,0,queue,1.21242e+06,1.24518e+06,479
1,paced_2M_view,0,queue,1.24518e+06,1.27795e+06,535
1,paced_2M_view,0,queue,1.27795e+06,1.31072e+06,518
1,paced_2M_view,0,queue,1.31072e+06,1.34349e+06,419
1,paced_2M_view,0,queue,1.34349e+06,1.37626e+06,279
1,paced_2M_view,0,queue,1.37626e+06,1.40902e+06,264
1,paced_2M_view,0,queue,1.40902e+06,1.44179e+06,313
1,paced_2M_view,0,queue,1.44179e+06,1.47456e+06,311
1,paced_2M_view,0,queue,1.47456e+06,1.50733e+06,332
1,paced_2M_view,0,queue,1.50733e+06,1.5401e+06,463
1,paced_2M_view,0,queue,1.5401e+06,1.57286e+06,546
1,paced_2M_view,0,queue,1.57286e+06,1.60563e+06,449
1,paced_2M_view,0,queue,1.60563e+06,1.6384e+06,401
1,paced_2M_view,0,queue,1.6384e+06,1.67117e+06,218
1,paced_2M_view,0,queue,1.67117e+06,1.70394e+06,297
1,paced_2M_view,0,queue,1.70394e+06,1.7367e+06,293
1,paced_2M_view,0,queue,1.7367e+06,1.76947e+06,210
1,paced_2M_view,0,queue,1.76947e+06,1.80224e+06,275
1,paced_2M_view,0,queue,1.80224e+06,1.83501e+06,279
1,paced_2M_view,0,queue,1.83501e+06,1.86778e+06,283
1,paced_2M_view,0,queue,1.86778e+06,1.90054e+06,191
1,paced_2M_view,0,queue,1.90054e+06,1.93331e+06,192
1,paced_2M_view,0,queue,1.93331e+06,1.96608e+06,244
1,paced_2M_view,0,queue,1.96608e+06,1.99885e+06,211
1,paced_2M_view,0,queue,1.99885e+06,2.03162e+06,197
1,paced_2M_view,0,queue,2.03162e+06,2.06438e+06,186
1,paced_2M_view,0,queue,2.06438e+06,2.09715e+06,195
1,paced_2M_view,0,queue,2.09715e+06,2.16269e+06,367
1,paced_2M_view,0,queue,2.16269e+06,2.22822e+06,396
1,paced_2M_view,0,queue,2.22822e+06,2.29376e+06,412
1,paced_2M_view,0,queue,2.29376e+06,2.3593e+06,225
1,paced_2M_view,0,queue,2.3593e+06,2.42483e+06,203
1,paced_2M_view,0,queue,2.42483e+06,2.49037e+06,192
1,paced_2M_view,0,queue,2.49037e+06,2.5559e+06,229
1,paced_2M_view,0,queue,2.5559e+06,2.62144e+06,226
1,paced_2M_view,0,queue,2.62144e+06,2.68698e+06,211
1,paced_2M_view,0,queue,2.68698e+06,2.75251e+06,362
1,paced_2M_view,0,queue,2.75251e+06,2.81805e+06,561
1,paced_2M_view,0,queue,2.81805e+06,2.88358e+06,17
1,paced_2M_view,0,book,0,1,1172254
1,paced_2M_view,0,book,17,18,1944
1,paced_2M_view,0,book,18,19,2727
1,paced_2M_view,0,book,41,42,2602884
1,paced_2M_view,0,book,42,43,5332372
1,paced_2M_view,0,book,58,59,4156
1,paced_2M_view,0,book,59,60,7427
1,paced_2M_view,0,book,60,61,2241
1,paced_2M_view,0,book,82,84,4426794
1,paced_2M_view,0,book,84,86,2235346
1,paced_2M_view,0,book,100,102,30746
1,paced_2M_view,0,book,102,104,5069
1,paced_2M_view,0,book,124,126,14511742
1,paced_2M_view,0,book,140,144,42804
1,paced_2M_view,0,book,164,168,3711717
1,paced_2M_view,0,book,180,184,3275
1,paced_2M_view,0,book,184,188,12914
1,paced_2M_view,0,book,208,212,1466898
1,paced_2M_view,0,book,224,228,9769
1,paced_2M_view,0,book,248,252,1116296
1,paced_2M_view,0,book,264,272,7321
1,paced_2M_view,0,book,288,296,474039
1,paced_2M_view,0,book,304,312,3952
1,paced_2M_view,0,book,328,336,295376
1,paced_2M_view,0,book,344,352,2389
1,paced_2M_view,0,book,352,360,500
1,paced_2M_view,0,book,368,376,189462
1,paced_2M_view,0,book,392,400,1875
1,paced_2M_view,0,book,416,424,111040
1,paced_2M_view,0,book,432,440,1412
1,paced_2M_view,0,book,456,464,76761
1,paced_2M_view,0,book,472,480,1033
1,paced_2M_view,0,book,496,504,46620
1,paced_2M_view,0,book,512,528,688
1,paced_2M_view,0,book,528,544,31084
1,paced_2M_view,0,book,544,560,289
1,paced_2M_view,0,book,560,576,172
1,paced_2M_view,0,book,576,592,20180
1,paced_2M_view,0,book,592,608,355
1,paced_2M_view,0,book,624,640,14459
1,paced_2M_view,0,book,640,656,262
1,paced_2M_view,0,book,656,672,10232
1,paced_2M_view,0,book,672,688,214
1,paced_2M_view,0,book,704,720,7619
1,paced_2M_view,0,book,720,736,137
1,paced_2M_view,0,book,736,752,5846
1,paced_2M_view,0,book,752,768,75
1,paced_2M_view,0,book,768,784,83
1,paced_2M_view,0,book,784,800,4344
1,paced_2M_view,0,book,800,816,106
1,paced_2M_view,0,book,832,848,3224
1,paced_2M_view,0,book,848,864,69
1,paced_2M_view,0,book,864,880,2429
1,paced_2M_view,0,book,880,896,68
1,paced_2M_view,0,book,912,928,1855
1,paced_2M_view,0,book,928,944,58
1,paced_2M_view,0,book,944,960,1433
1,paced_2M_view,0,book,960,976,14
1,paced_2M_view,0,book,976,992,31
1,paced_2M_view,0,book,992,1008,1137
1,paced_2M_view,0,book,1008,1024,39
1,paced_2M_view,0,book,1024,1056,962
1,paced_2M_view,0,book,1056,1088,776
1,paced_2M_view,0,book,1088,1120,18
1,paced_2M_view,0,book,1120,1152,631
1,paced_2M_view,0,book,1152,1184,522
1,paced_2M_view,0,book,1184,1216,426
1,paced_2M_view,0,book,1216,1248,13
1,paced_2M_view,0,book,1248,1280,347
1,paced_2M_view,0,book,1280,1312,301
1,paced_2M_view,0,book,1312,1344,237
1,paced_2M_view,0,book,1344,1376,225
1,paced_2M_view,0,book,1376,1408,19
1,paced_2M_view,0,book,1408,1440,213
1,paced_2M_view,0,book,1440,1472,151
1,paced_2M_view,0,book,1472,1504,156
1,paced_2M_view,0,book,1504,1536,7
1,paced_2M_view,0,book,1536,1568,138
1,paced_2M_view,0,book,1568,1600,123
1,paced_2M_view,0,book,1600,1632,132
1,paced_2M_view,0,book,1632,1664,8
1,paced_2M_view,0,book,1664,1696,95
1,paced_2M_view,0,book,1696,1728,78
1,paced_2M_view,0,book,1728,1760,66
1,paced_2M_view,0,book,1760,1792,30
1,paced_2M_view,0,book,1792,1824,64
1,paced_2M_view,0,book,1824,1856,84
1,paced_2M_view,0,book,1856,1888,71
1,paced_2M_view,0,book,1888,1920,59
1,paced_2M_view,0,book,1920,1952,2
1,paced_2M_view,0,book,1952,1984,70
1,paced_2M_view,0,book,1984,2016,63
1,paced_2M_view,0,book,2016,2048,52
1,paced_2M_view,0,book,2048,2112,46
1,paced_2M_view,0,book,2112,2176,58
1,paced_2M_view,0,book,2176,2240,24
1,paced_2M_view,0,book,2240,2304,60
1,paced_2M_view,0,book,2304,2368,42
1,paced_2M_view,0,book,2368,2432,71
1,paced_2M_view,0,book,2432,2496,31
1,paced_2M_view,0,book,2496,2560,61
1,paced_2M_view,0,book,2560,2624,54
1,paced_2M_view,0,book,2624,2688,107
1,paced_2M_view,0,book,2688,2752,798
1,paced_2M_view,0,book,2752,2816,585
1,paced_2M_view,0,book,2816,2880,848
1,paced_2M_view,0,book,2880,2944,337
1,paced_2M_view,0,book,2944,3008,285
1,paced_2M_view,0,book,3008,3072,123
1,paced_2M_view,0,book,3072,3136,154
1,paced_2M_view,0,book,3136,3200,81
1,paced_2M_view,0,book,3200,3264,111
1,paced_2M_view,0,book,3264,3328,74
1,paced_2M_view,0,book,3328,3392,138
1,paced_2M_view,0,book,3392,3456,82
1,paced_2M_view,0,book,3456,3520,143
1,paced_2M_view,0,book,3520,3584,105
1,paced_2M_view,0,book,3584,3648,103
1,paced_2M_view,0,book,3648,3712,103
1,paced_2M_view,0,book,3712,3776,59
1,paced_2M_view,0,book,3776,3840,90
1,paced_2M_view,0,book,3840,3904,47
1,paced_2M_view,0,book,3904,3968,69
1,paced_2M_view,0,book,3968,4032,31
1,paced_2M_view,0,book,4032,4096,57
1,paced_2M_view,0,book,4096,4224,89
1,paced_2M_view,0,book,4224,4352,87
1,paced_2M_view,0,book,4352,4480,92
1,paced_2M_view,0,book,4480,4608,88
1,paced_2M_view,0,book,4608,4736,102
1,paced_2M_view,0,book,4736,4864,88
1,paced_2M_view,0,book,4864,4992,96
1,paced_2M_view,0,book,4992,5120,83
1,paced_2M_view,0,book,5120,5248,92
1,paced_2M_view,0,book,5248,5376,119
1,paced_2M_view,0,book,5376,5504,94
1,paced_2M_view,0,book,5504,5632,84
1,paced_2M_view,0,book,5632,5760,73
1,paced_2M_view,0,book,5760,5888,72
1,paced_2M_view,0,book,5888,6016,54
1,paced_2M_view,0,book,6016,6144,69
1,paced_2M_view,0,book,6144,6272,74
1,paced_2M_view,0,book,6272,6400,59
1,paced_2M_view,0,book,6400,6528,61
1,paced_2M_view,0,book,6528,6656,76
1,paced_2M_view,0,book,6656,6784,62
1,paced_2M_view,0,book,6784,6912,51
1,paced_2M_view,0,book,6912,7040,51
1,paced_2M_view,0,book,7040,7168,72
1,paced_2M_view,0,book,7168,7296,51
1,paced_2M_view,0,book,7296,7424,51
1,paced_2M_view,0,book,7424,7552,64
1,paced_2M_view,0,book,7552,7680,44
1,paced_2M_view,0,book,7680,7808,51
1,paced_2M_view,0,book,7808,7936,51
1,paced_2M_view,0,book,7936,8064,81
1,paced_2M_view,0,book,8064,8192,69
1,paced_2M_view,0,book,8192,8448,172
1,paced_2M_view,0,book,8448,8704,128
1,paced_2M_view,0,book,8704,8960,97
1,paced_2M_view,0,book,8960,9216,80
1,paced_2M_view,0,book,9216,9472,53
1,paced_2M_view,0,book,9472,9728,43
1,paced_2M_view,0,book,9728,9984,50
1,paced_2M_view,0,book,9984,10240,36
1,paced_2M_view,0,book,10240,10496,45
1,paced_2M_view,0,book,10496,10752,32
1,paced_2M_view,0,book,10752,11008,37
1,paced_2M_view,0,book,11008,11264,42
1,paced_2M_view,0,book,11264,11520,32
1,paced_2M_view,0,book,11520,11776,24
1,paced_2M_view,0,book,11776,12032,34
1,paced_2M_view,0,book,12032,12288,34
1,paced_2M_view,0,book,12288,12544,28
1,paced_2M_view,0,book,12544,12800,23
1,paced_2M_view,0,book,12800,13056,27
1,paced_2M_view,0,book,13056,13312,32
1,paced_2M_view,0,book,13312,13568,26
1,paced_2M_view,0,book,13568,13824,27
1,paced_2M_view,0,book,13824,14080,20
1,paced_2M_view,0,book,14080,14336,24
1,paced_2M_view,0,book,14336,14592,30
1,paced_2M_view,0,book,14592,14848,30
1,paced_2M_view,0,book,14848,15104,21
1,paced_2M_view,0,book,15104,15360,24
1,paced_2M_view,0,book,15360,15616,21
1,paced_2M_view,0,book,15616,15872,26
1,paced_2M_view,0,book,15872,16128,30
1,paced_2M_view,0,book,16128,16384,25
1,paced_2M_view,0,book,16384,16896,51
1,paced_2M_view,0,book,16896,17408,48
1,paced_2M_view,0,book,17408,17920,53
1,paced_2M_view,0,book,17920,18432,37
1,paced_2M_view,0,book,18432,18944,16
1,paced_2M_view,0,book,18944,19456,26
1,paced_2M_view,0,book,19456,19968,18
1,paced_2M_view,0,book,19968,20480,21
1,paced_2M_view,0,book,20480,20992,18
1,paced_2M_view,0,book,20992,21504,16
1,paced_2M_view,0,book,21504,22016,17
1,paced_2M_view,0,book,22016,22528,18
1,paced_2M_view,0,book,22528,23040,12
1,paced_2M_view,0,book,23040,23552,12
1,paced_2M_view,0,book,23552,24064,16
1,paced_2M_view,0,book,24064,24576,16
1,paced_2M_view,0,book,24576,25088,9
1,paced_2M_view,0,book,25088,25600,9
1,paced_2M_view,0,book,25600,26112,11
1,paced_2M_view,0,book,26112,26624,14
1,paced_2M_view,0,book,26624,27136,15
1,paced_2M_view,0,book,27136,27648,16
1,paced_2M_view,0,book,27648,28160,10
1,paced_2M_view,0,book,28160,28672,9
1,paced_2M_view,0,book,28672,29184,12
1,paced_2M_view,0,book,29184,29696,13
1,paced_2M_view,0,book,29696,30208,7
1,paced_2M_view,0,book,30208,30720,10
1,paced_2M_view,0,book,30720,31232,8
1,paced_2M_view,0,book,31232,31744,9
1,paced_2M_view,0,book,31744,32256,4
1,paced_2M_view,0,book,32256,32768,11
1,paced_2M_view,0,book,32768,33792,14
1,paced_2M_view,0,book,33792,34816,12
1,paced_2M_view,0,book,34816,35840,10
1,paced_2M_view,0,book,35840,36864,11
1,paced_2M_view,0,book,36864,37888,16
1,paced_2M_view,0,book,37888,38912,11
1,paced_2M_view,0,book,38912,39936,6
1,paced_2M_view,0,book,39936,40960,8
1,paced_2M_view,0,book,40960,41984,9
1,paced_2M_view,0,book,41984,43008,8
1,paced_2M_view,0,book,43008,44032,6
1,paced_2M_view,0,book,44032,45056,14
1,paced_2M_view,0,book,45056,46080,8
1,paced_2M_view,0,book,46080,47104,7
1,paced_2M_view,0,book,47104,48128,1
1,paced_2M_view,0,book,48128,49152,2
1,paced_2M_view,0,book,49152,50176,6
1,paced_2M_view,0,book,50176,51200,5
1,paced_2M_view,0,book,52224,53248,4
1,paced_2M_view,0,book,53248,54272,1
1,paced_2M_view,0,book,54272,55296,4
1,paced_2M_view,0,book,55296,56320,2
1,paced_2M_view,0,book,58368,59392,3
1,paced_2M_view,0,book,59392,60416,3
1,paced_2M_view,0,book,60416,61440,2
1,paced_2M_view,0,book,61440,62464,1
1,paced_2M_view,0,book,62464,63488,3
1,paced_2M_view,0,book,63488,64512,1
1,paced_2M_view,0,book,64512,65536,1
1,paced_2M_view,0,book,65536,67584,2
1,paced_2M_view,0,book,67584,69632,4
1,paced_2M_view,0,book,71680,73728,6
1,paced_2M_view,0,book,79872,81920,1
1,paced_2M_view,0,book,81920,83968,1
1,paced_2M_view,0,book,83968,86016,1
1,paced_2M_view,0,book,86016,88064,1
1,paced_2M_view,0,book,96256,98304,3
1,paced_2M_view,0,book,98304,100352,1
1,paced_2M_view,0,book,100352,102400,1
1,paced_2M_view,0,book,104448,106496,2
1,paced_2M_view,0,book,106496,108544,1
1,paced_2M_view,0,book,110592,112640,1
1,paced_2M_view,0,book,114688,116736,3
1,paced_2M_view,0,book,120832,122880,1
1,paced_2M_view,0,book,122880,124928,1
1,paced_2M_view,0,book,126976,129024,1
1,paced_2M_view,0,book,135168,139264,1
1,paced_2M_view,0,book,139264,143360,2
1,paced_2M_view,0,book,143360,147456,1
1,paced_2M_view,0,book,192512,196608,1
1,paced_2M_view,0,book,196608,200704,2
1,paced_2M_view,0,book,217088,221184,1
1,paced_2M_view,0,book,229376,233472,1
1,paced_2M_view,0,book,237568,241664,2
1,paced_2M_view,0,book,245760,249856,2
1,paced_2M_view,0,book,258048,262144,1
1,paced_2M_view,0,book,303104,311296,1
1,paced_2M_view,0,book,335872,344064,1
1,paced_2M_view,0,book,376832,385024,1
1,paced_2M_view,0,book,475136,483328,2
1,paced_2M_view,0,book,491520,499712,1
1,paced_2M_view,0,book,540672,557056,1
1,paced_2M_view,0,book,606208,622592,1
1,paced_2M_view,0,book,884736,901120,1
1,paced_2M_view,0,book,1.04858e+06,1.08134e+06,1
2,paced_2M_view,1,total,17,18,3
2,paced_2M_view,1,total,19,20,1
2,paced_2M_view,1,total,21,22,5
2,paced_2M_view,1,total,25,26,4
2,paced_2M_view,1,total,27,28,2
2,paced_2M_view,1,total,31,32,2
2,paced_2M_view,1,total,33,34,5
2,paced_2M_view,1,total,35,36,2
2,paced_2M_view,1,total,37,38,1
2,paced_2M_view,1,total,39,40,1
2,paced_2M_view,1,total,41,42,1215
2,paced_2M_view,1,total,42,43,1376
2,paced_2M_view,1,total,43,44,2663
2,paced_2M_view,1,total,44,45,4090
2,paced_2M_view,1,total,45,46,1243
2,paced_2M_view,1,total,46,47,2535
2,paced_2M_view,1,total,47,48,1268
2,paced_2M_view,1,total,48,49,2578
2,paced_2M_view,1,total,49,50,1272
2,paced_2M_view,1,total,50,51,2655
2,paced_2M_view,1,total,51,52,1323
2,paced_2M_view,1,total,52,53,2643
2,paced_2M_view,1,total,53,54,1304
2,paced_2M_view,1,total,54,55,2630
2,paced_2M_view,1,total,55,56,1155
2,paced_2M_view,1,total,56,57,2644
2,paced_2M_view,1,total,57,58,1323
2,paced_2M_view,1,total,58,59,2725
2,paced_2M_view,1,total,59,60,1572
2,paced_2M_view,1,total,60,61,2758
2,paced_2M_view,1,total,61,62,1487
2,paced_2M_view,1,total,62,63,2685
2,paced_2M_view,1,total,63,64,1442
2,paced_2M_view,1,total,64,66,4317
2,paced_2M_view,1,total,66,68,4263
2,paced_2M_view,1,total,68,70,4299
2,paced_2M_view,1,total,70,72,4141
2,paced_2M_view,1,total,72,74,4083
2,paced_2M_view,1,total,74,76,4331
2,paced_2M_view,1,total,76,78,4205
2,paced_2M_view,1,total,78,80,4078
2,paced_2M_view,1,total,80,82,4148
2,paced_2M_view,1,total,82,84,106317
2,paced_2M_view,1,total,84,86,415268
2,paced_2M_view,1,total,86,88,415920
2,paced_2M_view,1,total,88,90,311801
2,paced_2M_view,1,total,90,92,312076
2,paced_2M_view,1,total,92,94,312360
2,paced_2M_view,1,total,94,96,312224
2,paced_2M_view,1,total,96,98,312445
2,paced_2M_view,1,total,98,100,311778
2,paced_2M_view,1,total,100,102,310728
2,paced_2M_view,1,total,102,104,313409
2,paced_2M_view,1,total,104,106,312908
2,paced_2M_view,1,total,106,108,312250
2,paced_2M_view,1,total,108,110,312559
2,paced_2M_view,1,total,110,112,310682
2,paced_2M_view,1,total,112,114,311935
2,paced_2M_view,1,total,114,116,312838
2,paced_2M_view,1,total,116,118,311615
2,paced_2M_view,1,total,118,120,311286
2,paced_2M_view,1,total,120,122,311215
2,paced_2M_view,1,total,122,124,311128
2,paced_2M_view,1,total,124,126,253786
2,paced_2M_view,1,total,126,128,295873
2,paced_2M_view,1,total,128,132,444919
2,paced_2M_view,1,total,132,136,444396
2,paced_2M_view,1,total,136,140,444514
2,paced_2M_view,1,total,140,144,445967
2,paced_2M_view,1,total,144,148,445880
2,paced_2M_view,1,total,148,152,446104
2,paced_2M_view,1,total,152,156,445328
2,paced_2M_view,1,total,156,160,446842
2,paced_2M_view,1,total,160,164,446361
2,paced_2M_view,1,total,164,168,763501
2,paced_2M_view,1,total,168,172,1873734
2,paced_2M_view,1,total,172,176,1402038
2,paced_2M_view,1,total,176,180,1404612
2,paced_2M_view,1,total,180,184,1405264
2,paced_2M_view,1,total,184,188,1405780
2,paced_2M_view,1,total,188,192,1403561
2,paced_2M_view,1,total,192,196,1404653
2,paced_2M_view,1,total,196,200,1402872
2,paced_2M_view,1,total,200,204,1405957
2,paced_2M_view,1,total,204,208,1403677
2,paced_2M_view,1,total,208,212,639874
2,paced_2M_view,1,total,212,216,548104
2,paced_2M_view,1,total,216,220,546488
2,paced_2M_view,1,total,220,224,545786
2,paced_2M_view,1,total,224,228,542103
2,paced_2M_view,1,total,228,232,542189
2,paced_2M_view,1,total,232,236,544201
2,paced_2M_view,1,total,236,240,543343
2,paced_2M_view,1,total,240,244,541436
2,paced_2M_view,1,total,244,248,541527
2,paced_2M_view,1,total,248,252,352884
2,paced_2M_view,1,total,252,256,217203
2,paced_2M_view,1,total,256,264,324570
2,paced_2M_view,1,total,264,272,322226
2,paced_2M_view,1,total,272,280,322356
2,paced_2M_view,1,total,280,288,321360
2,paced_2M_view,1,total,288,296,299551
2,paced_2M_view,1,total,296,304,249936
2,paced_2M_view,1,total,304,312,249171
2,paced_2M_view,1,total,312,320,248901
2,paced_2M_view,1,total,320,328,249604
2,paced_2M_view,1,total,328,336,215201
2,paced_2M_view,1,total,336,344,129066
2,paced_2M_view,1,total,344,352,119056
2,paced_2M_view,1,total,352,360,117951
2,paced_2M_view,1,total,360,368,118220
2,paced_2M_view,1,total,368,376,109866
2,paced_2M_view,1,total,376,384,74115
2,paced_2M_view,1,total,384,392,68427
2,paced_2M_view,1,total,392,400,68041
2,paced_2M_view,1,total,400,408,67660
2,paced_2M_view,1,total,408,416,68439
2,paced_2M_view,1,total,416,424,55521
2,paced_2M_view,1,total,424,432,45892
2,paced_2M_view,1,total,432,440,45873
2,paced_2M_view,1,total,440,448,46141
2,paced_2M_view,1,total,448,456,45796
2,paced_2M_view,1,total,456,464,34441
2,paced_2M_view,1,total,464,472,27909
2,paced_2M_view,1,total,472,480,27592
2,paced_2M_view,1,total,480,488,27470
2,paced_2M_view,1,total,488,496,27567
2,paced_2M_view,1,total,496,504,26261
2,paced_2M_view,1,total,504,512,18537
2,paced_2M_view,1,total,512,528,37342
2,paced_2M_view,1,total,528,544,35651
2,paced_2M_view,1,total,544,560,26946
2,paced_2M_view,1,total,560,576,25707
2,paced_2M_view,1,total,576,592,22668
2,paced_2M_view,1,total,592,608,18325
2,paced_2M_view,1,total,608,624,17994
2,paced_2M_view,1,total,624,640,13069
2,paced_2M_view,1,total,640,656,12265
2,paced_2M_view,1,total,656,672,12142
2,paced_2M_view,1,total,672,688,9315
2,paced_2M_view,1,total,688,704,9349
2,paced_2M_view,1,total,704,720,8104
2,paced_2M_view,1,total,720,736,7311
2,paced_2M_view,1,total,736,752,7139
2,paced_2M_view,1,total,752,768,6485
2,paced_2M_view,1,total,768,784,5708
2,paced_2M_view,1,total,784,800,5499
2,paced_2M_view,1,total,800,816,4688
2,paced_2M_view,1,total,816,832,4746
2,paced_2M_view,1,total,832,848,4305
2,paced_2M_view,1,total,848,864,3920
2,paced_2M_view,1,total,864,880,3820
2,paced_2M_view,1,total,880,896,3341
2,paced_2M_view,1,total,896,912,3341
2,paced_2M_view,1,total,912,928,3343
2,paced_2M_view,1,total,928,944,2933
2,paced_2M_view,1,total,944,960,2886
2,paced_2M_view,1,total,960,976,2765
2,paced_2M_view,1,total,976,992,2697
2,paced_2M_view,1,total,992,1008,2605
2,paced_2M_view,1,total,1008,1024,2256
2,paced_2M_view,1,total,1024,1056,4531
2,paced_2M_view,1,total,1056,1088,4466
2,paced_2M_view,1,total,1088,1120,4237
2,paced_2M_view,1,total,1120,1152,3849
2,paced_2M_view,1,total,1152,1184,3799
2,paced_2M_view,1,total,1184,1216,3504
2,paced_2M_view,1,total,1216,1248,3438
2,paced_2M_view,1,total,1248,1280,3527
2,paced_2M_view,1,total,1280,1312,3281
2,paced_2M_view,1,total,1312,1344,3282
2,paced_2M_view,1,total,1344,1376,3176
2,paced_2M_view,1,total,1376,1408,3096
2,paced_2M_view,1,total,1408,1440,3086
2,paced_2M_view,1,total,1440,1472,3062
2,paced_2M_view,1,total,1472,1504,3081
2,paced_2M_view,1,total,1504,1536,2841
2,paced_2M_view,1,total,1536,1568,2917
2,paced_2M_view,1,total,1568,1600,2902
2,paced_2M_view,1,total,1600,1632,2760
2,paced_2M_view,1,total,1632,1664,2846
2,paced_2M_view,1,total,1664,1696,2840
2,paced_2M_view,1,total,1696,1728,2931
2,paced_2M_view,1,total,1728,1760,2863
2,paced_2M_view,1,total,1760,1792,2725
2,paced_2M_view,1,total,1792,1824,2765
2,paced_2M_view,1,total,1824,1856,2790
2,paced_2M_view,1,total,1856,1888,2818
2,paced_2M_view,1,total,1888,1920,2711
2,paced_2M_view,1,total,1920,1952,2668
2,paced_2M_view,1,total,1952,1984,2506
2,paced_2M_view,1,total,1984,2016,2685
2,paced_2M_view,1,total,2016,2048,2608
2,paced_2M_view,1,total,2048,2112,5574
2,paced_2M_view,1,total,2112,2176,5418
2,paced_2M_view,1,total,2176,2240,5366
2,paced_2M_view,1,total,2240,2304,5112
2,paced_2M_view,1,total,2304,2368,5075
2,paced_2M_view,1,total,2368,2432,5257
2,paced_2M_view,1,total,2432,2496,5263
2,paced_2M_view,1,total,2496,2560,5358
2,paced_2M_view,1,total,2560,2624,5404
2,paced_2M_view,1,total,2624,2688,5064
2,paced_2M_view,1,total,2688,2752,4821
2,paced_2M_view,1,total,2752,2816,5195
2,paced_2M_view,1,total,2816,2880,5123
2,paced_2M_view,1,total,2880,2944,5099
2,paced_2M_view,1,total,2944,3008,4848
2,paced_2M_view,1,total,3008,3072,4610
2,paced_2M_view,1,total,3072,3136,4515
2,paced_2M_view,1,total,3136,3200,4197
2,paced_2M_view,1,total,3200,3264,4274
2,paced_2M_view,1,total,3264,3328,4088
2,paced_2M_view,1,total,3328,3392,4199
2,paced_2M_view,1,total,3392,3456,4164
2,paced_2M_view,1,total,3456,3520,4155
2,paced_2M_view,1,total,3520,3584,4007
2,paced_2M_view,1,total,3584,3648,3997
2,paced_2M_view,1,total,3648,3712,3844
2,paced_2M_view,1,total,3712,3776,3710
2,paced_2M_view,1,total,3776,3840,3957
2,paced_2M_view,1,total,3840,3904,3750
2,paced_2M_view,1,total,3904,3968,3624
2,paced_2M_view,1,total,3968,4032,3699
2,paced_2M_view,1,total,4032,4096,3608
2,paced_2M_view,1,total,4096,4224,7081
2,paced_2M_view,1,total,4224,4352,7088
2,paced_2M_view,1,total,4352,4480,6858
2,paced_2M_view,1,total,4480,4608,6577
2,paced_2M_view,1,total,4608,4736,6498
2,paced_2M_view,1,total,4736,4864,6302
2,paced_2M_view,1,total,4864,4992,6000
2,paced_2M_view,1,total,4992,5120,5740
2,paced_2M_view,1,total,5120,5248,5726
2,paced_2M_view,1,total,5248,5376,5502
2,paced_2M_view,1,total,5376,5504,5250
2,paced_2M_view,1,total,5504,5632,5129
2,paced_2M_view,1,total,5632,5760,4896
2,paced_2M_view,1,total,5760,5888,4789
2,paced_2M_view,1,total,5888,6016,4876
2,paced_2M_view,1,total,6016,6144,4638
2,paced_2M_view,1,total,6144,6272,4513
2,paced_2M_view,1,total,6272,6400,4540
2,paced_2M_view,1,total,6400,6528,4388
2,paced_2M_view,1,total,6528,6656,4194
2,paced_2M_view,1,total,6656,6784,4260
2,paced_2M_view,1,total,6784,6912,4062
2,paced_2M_view,1,total,6912,7040,4005
2,paced_2M_view,1,total,7040,7168,4006
2,paced_2M_view,1,total,7168,7296,3814
2,paced_2M_view,1,total,7296,7424,3724
2,paced_2M_view,1,total,7424,7552,3768
2,paced_2M_view,1,total,7552,7680,3530
2,paced_2M_view,1,total,7680,7808,3487
2,paced_2M_view,1,total,7808,7936,3428
2,paced_2M_view,1,total,7936,8064,3433
2,paced_2M_view,1,total,8064,8192,3345
2,paced_2M_view,1,total,8192,8448,6075
2,paced_2M_view,1,total,8448,8704,5262
2,paced_2M_view,1,total,8704,8960,4732
2,paced_2M_view,1,total,8960,9216,4457
2,paced_2M_view,1,total,9216,9472,4093
2,paced_2M_view,1,total,9472,9728,3952
2,paced_2M_view,1,total,9728,9984,3805
2,paced_2M_view,1,total,9984,10240,3859
2,paced_2M_view,1,total,10240,10496,3622
2,paced_2M_view,1,total,10496,10752,3716
2,paced_2M_view,1,total,10752,11008,3552
2,paced_2M_view,1,total,11008,11264,3485
2,paced_2M_view,1,total,11264,11520,3377
2,paced_2M_view,1,total,11520,11776,3308
2,paced_2M_view,1,total,11776,12032,3317
2,paced_2M_view,1,total,12032,12288,3246
2,paced_2M_view,1,total,12288,12544,3175
2,paced_2M_view,1,total,12544,12800,3125
2,paced_2M_view,1,total,12800,13056,3135
2,paced_2M_view,1,total,13056,13312,3134
2,paced_2M_view,1,total,13312,13568,3030
2,paced_2M_view,1,total,13568,13824,3026
2,paced_2M_view,1,total,13824,14080,2986
2,paced_2M_view,1,total,14080,14336,2921
2,paced_2M_view,1,total,14336,14592,3023
2,paced_2M_view,1,total,14592,14848,2946
2,paced_2M_view,1,total,14848,15104,2843
2,paced_2M_view,1,total,15104,15360,2803
2,paced_2M_view,1,total,15360,15616,2757
2,paced_2M_view,1,total,15616,15872,2764
2,paced_2M_view,1,total,15872,16128,2755
2,paced_2M_view,1,total,16128,16384,2771
2,paced_2M_view,1,total,16384,16896,5502
2,paced_2M_view,1,total,16896,17408,5223
2,paced_2M_view,1,total,17408,17920,5101
2,paced_2M_view,1,total,17920,18432,5142
2,paced_2M_view,1,total,18432,18944,4981
2,paced_2M_view,1,total,18944,19456,4856
2,paced_2M_view,1,total,19456,19968,4784
2,paced_2M_view,1,total,19968,20480,4549
2,paced_2M_view,1,total,20480,20992,4373
2,paced_2M_view,1,total,20992,21504,4305
2,paced_2M_view,1,total,21504,22016,4291
2,paced_2M_view,1,total,22016,22528,4143
2,paced_2M_view,1,total,22528,23040,4071
2,paced_2M_view,1,total,23040,23552,3926
2,paced_2M_view,1,total,23552,24064,3822
2,paced_2M_view,1,total,24064,24576,3817
2,paced_2M_view,1,total,24576,25088,3718
2,paced_2M_view,1,total,25088,25600,3725
2,paced_2M_view,1,total,25600,26112,3764
2,paced_2M_view,1,total,26112,26624,3772
2,paced_2M_view,1,total,26624,27136,3539
2,paced_2M_view,1,total,27136,27648,3419
2,paced_2M_view,1,total,27648,28160,3299
2,paced_2M_view,1,total,28160,28672,3209
2,paced_2M_view,1,total,28672,29184,3268
2,paced_2M_view,1,total,29184,29696,3220
2,paced_2M_view,1,total,29696,30208,3091
2,paced_2M_view,1,total,30208,30720,3105
2,paced_2M_view,1,total,30720,31232,2999
2,paced_2M_view,1,total,31232,31744,3014
2,paced_2M_view,1,total,31744,32256,3007
2,paced_2M_view,1,total,32256,32768,2953
2,paced_2M_view,1,total,32768,33792,5931
2,paced_2M_view,1,total,33792,34816,5726
2,paced_2M_view,1,total,34816,35840,5452
2,paced_2M_view,1,total,35840,36864,5414
2,paced_2M_view,1,total,36864,37888,5218
2,paced_2M_view,1,total,37888,38912,5133
2,paced_2M_view,1,total,38912,39936,4921
2,paced_2M_view,1,total,39936,40960,4811
2,paced_2M_view,1,total,40960,41984,4611
2,paced_2M_view,1,total,41984,43008,4443
2,paced_2M_view,1,total,43008,44032,4079
2,paced_2M_view,1,total,44032,45056,4096
2,paced_2M_view,1,total,45056,46080,3874
2,paced_2M_view,1,total,46080,47104,3668
2,paced_2M_view,1,total,47104,48128,3484
2,paced_2M_view,1,total,48128,49152,3477
2,paced_2M_view,1,total,49152,50176,3360
2,paced_2M_view,1,total,50176,51200,3061
2,paced_2M_view,1,total,51200,52224,3016
2,paced_2M_view,1,total,52224,53248,2898
2,paced_2M_view,1,total,53248,54272,2802
2,paced_2M_view,1,total,54272,55296,2697
2,paced_2M_view,1,total,55296,56320,2560
2,paced_2M_view,1,total,56320,57344,2405
2,paced_2M_view,1,total,57344,58368,2233
2,paced_2M_view,1,total,58368,59392,2159
2,paced_2M_view,1,total,59392,60416,2069
2,paced_2M_view,1,total,60416,61440,1898
2,paced_2M_view,1,total,61440,62464,1807
2,paced_2M_view,1,total,62464,63488,1665
2,paced_2M_view,1,total,63488,64512,1620
2,paced_2M_view,1,total,64512,65536,1568
2,paced_2M_view,1,total,65536,67584,2912
2,paced_2M_view,1,total,67584,69632,2800
2,paced_2M_view,1,total,69632,71680,2415
2,paced_2M_view,1,total,71680,73728,2249
2,paced_2M_view,1,total,73728,75776,1856
2,paced_2M_view,1,total,75776,77824,1608
2,paced_2M_view,1,total,77824,79872,1450
2,paced_2M_view,1,total,79872,81920,1424
2,paced_2M_view,1,total,81920,83968,1308
2,paced_2M_view,1,total,83968,86016,1264
2,paced_2M_view,1,total,86016,88064,1328
2,paced_2M_view,1,total,88064,90112,1445
2,paced_2M_view,1,total,90112,92160,1201
2,paced_2M_view,1,total,92160,94208,1257
2,paced_2M_view,1,total,94208,96256,1097
2,paced_2M_view,1,total,96256,98304,1179
2,paced_2M_view,1,total,98304,100352,1098
2,paced_2M_view,1,total,100352,102400,1071
2,paced_2M_view,1,total,102400,104448,1115
2,paced_2M_view,1,total,104448,106496,1142
2,paced_2M_view,1,total,106496,108544,1082
2,paced_2M_view,1,total,108544,110592,1021
2,paced_2M_view,1,total,110592,112640,1009
2,paced_2M_view,1,total,112640,114688,1014
2,paced_2M_view,1,total,114688,116736,1043
2,paced_2M_view,1,total,116736,118784,1066
2,paced_2M_view,1,total,118784,120832,1083
2,paced_2M_view,1,total,120832,122880,1074
2,paced_2M_view,1,total,122880,124928,948
2,paced_2M_view,1,total,124928,126976,1057
2,paced_2M_view,1,total,126976,129024,1068
2,paced_2M_view,1,total,129024,131072,1073
2,paced_2M_view,1,total,131072,135168,2098
2,paced_2M_view,1,total,135168,139264,2233
2,paced_2M_view,1,total,139264,143360,2059
2,paced_2M_view,1,total,143360,147456,1883
2,paced_2M_view,1,total,147456,151552,1927
2,paced_2M_view,1,total,151552,155648,1879
2,paced_2M_view,1,total,155648,159744,1695
2,paced_2M_view,1,total,159744,163840,1531
2,paced_2M_view,1,total,163840,167936,1493
2,paced_2M_view,1,total,167936,172032,1510
2,paced_2M_view,1,total,172032,176128,1395
2,paced_2M_view,1,total,176128,180224,1215
2,paced_2M_view,1,total,180224,184320,1264
2,paced_2M_view,1,total,184320,188416,1141
2,paced_2M_view,1,total,188416,192512,1300
2,paced_2M_view,1,total,192512,196608,1404
2,paced_2M_view,1,total,196608,200704,1377
2,paced_2M_view,1,total,200704,204800,1416
2,paced_2M_view,1,total,204800,208896,1286
2,paced_2M_view,1,total,208896,212992,1282
2,paced_2M_view,1,total,212992,217088,1202
2,paced_2M_view,1,total,217088,221184,1243
2,paced_2M_view,1,total,221184,225280,982
2,paced_2M_view,1,total,225280,229376,943
2,paced_2M_view,1,total,229376,233472,853
2,paced_2M_view,1,total,233472,237568,873
2,paced_2M_view,1,total,237568,241664,920
2,paced_2M_view,1,total,241664,245760,886
2,paced_2M_view,1,total,245760,249856,835
2,paced_2M_view,1,total,249856,253952,795
2,paced_2M_view,1,total,253952,258048,793
2,paced_2M_view,1,total,258048,262144,749
2,paced_2M_view,1,total,262144,270336,1406
2,paced_2M_view,1,total,270336,278528,1473
2,paced_2M_view,1,total,278528,286720,1411
2,paced_2M_view,1,total,286720,294912,1241
2,paced_2M_view,1,total,294912,303104,1223
2,paced_2M_view,1,total,303104,311296,1321
2,paced_2M_view,1,total,311296,319488,1251
2,paced_2M_view,1,total,319488,327680,1251
2,paced_2M_view,1,total,327680,335872,1373
2,paced_2M_view,1,total,335872,344064,1051
2,paced_2M_view,1,total,344064,352256,1057
2,paced_2M_view,1,total,352256,360448,1040
2,paced_2M_view,1,total,360448,368640,1137
2,paced_2M_view,1,total,368640,376832,1095
2,paced_2M_view,1,total,376832,385024,1041
2,paced_2M_view,1,total,385024,393216,1202
2,paced_2M_view,1,total,393216,401408,1278
2,paced_2M_view,1,total,401408,409600,1366
2,paced_2M_view,1,total,409600,417792,1190
2,paced_2M_view,1,total,417792,425984,1002
2,paced_2M_view,1,total,425984,434176,991
2,paced_2M_view,1,total,434176,442368,1085
2,paced_2M_view,1,total,442368,450560,1049
2,paced_2M_view,1,total,450560,458752,921
2,paced_2M_view,1,total,458752,466944,844
2,paced_2M_view,1,total,466944,475136,789
2,paced_2M_view,1,total,475136,483328,715
2,paced_2M_view,1,total,483328,491520,715
2,paced_2M_view,1,total,491520,499712,700
2,paced_2M_view,1,total,499712,507904,714
2,paced_2M_view,1,total,507904,516096,622
2,paced_2M_view,1,total,516096,524288,696
2,paced_2M_view,1,total,524288,540672,1220
2,paced_2M_view,1,total,540672,557056,1267
2,paced_2M_view,1,total,557056,573440,1421
2,paced_2M_view,1,total,573440,589824,1503
2,paced_2M_view,1,total,589824,606208,1268
2,paced_2M_view,1,total,606208,622592,1189
2,paced_2M_view,1,total,622592,638976,954
2,paced_2M_view,1,total,638976,655360,1004
2,paced_2M_view,1,total,655360,671744,1225
2,paced_2M_view,1,total,671744,688128,1379
2,paced_2M_view,1,total,688128,704512,1361
2,paced_2M_view,1,total,704512,720896,1614
2,paced_2M_view,1,total,720896,737280,1769
2,paced_2M_view,1,total,737280,753664,1140
2,paced_2M_view,1,total,753664,770048,803
2,paced_2M_view,1,total,770048,786432,897
2,paced_2M_view,1,total,786432,802816,803
2,paced_2M_view,1,total,802816,819200,759
2,paced_2M_view,1,total,819200,835584,688
2,paced_2M_view,1,total,835584,851968,750
2,paced_2M_view,1,total,851968,868352,827
2,paced_2M_view,1,total,868352,884736,637
2,paced_2M_view,1,total,884736,901120,508
2,paced_2M_view,1,total,901120,917504,584
2,paced_2M_view,1,total,917504,933888,776
2,paced_2M_view,1,total,933888,950272,889
2,paced_2M_view,1,total,950272,966656,914
2,paced_2M_view,1,total,966656,983040,831
2,paced_2M_view,1,total,983040,999424,783
2,paced_2M_view,1,total,999424,1.01581e+06,424
2,paced_2M_view,1,total,1.01581e+06,1.03219e+06,478
2,paced_2M_view,1,total,1.03219e+06,1.04858e+06,235
2,paced_2M_view,1,total,1.04858e+06,1.08134e+06,478
2,paced_2M_view,1,total,1.08134e+06,1.11411e+06,517
2,paced_2M_view,1,total,1.11411e+06,1.14688e+06,671
2,paced_2M_view,1,total,1.14688e+06,1.17965e+06,609
2,paced_2M_view,1,total,1.17965e+06,1.21242e+06,667
2,paced_2M_view,1,total,1.21242e+06,1.24518e+06,1022
2,paced_2M_view,1,total,1.24518e+06,1.27795e+06,961
2,paced_2M_view,1,total,1.27795e+06,1.31072e+06,789
2,paced_2M_view,1,total,1.31072e+06,1.34349e+06,830
2,paced_2M_view,1,total,1.34349e+06,1.37626e+06,698
2,paced_2M_view,1,total,1.37626e+06,1.40902e+06,644
2,paced_2M_view,1,total,1.40902e+06,1.44179e+06,642
2,paced_2M_view,1,total,1.44179e+06,1.47456e+06,930
2,paced_2M_view,1,total,1.47456e+06,1.50733e+06,716
2,paced_2M_view,1,total,1.50733e+06,1.5401e+06,798
2,paced_2M_view,1,total,1.5401e+06,1.57286e+06,738
2,paced_2M_view,1,total,1.57286e+06,1.60563e+06,768
2,paced_2M_view,1,total,1.60563e+06,1.6384e+06,715
2,paced_2M_view,1,total,1.6384e+06,1.67117e+06,1267
2,paced_2M_view,1,total,1.67117e+06,1.70394e+06,783
2,paced_2M_view,1,total,1.70394e+06,1.7367e+06,869
2,paced_2M_view,1,total,1.7367e+06,1.76947e+06,671
2,paced_2M_view,1,total,1.76947e+06,1.80224e+06,553
2,paced_2M_view,1,total,1.80224e+06,1.83501e+06,609
2,paced_2M_view,1,total,1.83501e+06,1.86778e+06,778
2,paced_2M_view,1,total,1.86778e+06,1.90054e+06,769
2,paced_2M_view,1,total,1.90054e+06,1.93331e+06,779
2,paced_2M_view,1,total,1.93331e+06,1.96608e+06,752
2,paced_2M_view,1,total,1.96608e+06,1.99885e+06,1051
2,paced_2M_view,1,total,1.99885e+06,2.03162e+06,869
2,paced_2M_view,1,total,2.03162e+06,2.06438e+06,898
2,paced_2M_view,1,total,2.06438e+06,2.09715e+06,761
2,paced_2M_view,1,total,2.09715e+06,2.16269e+06,903
2,paced_2M_view,1,total,2.16269e+06,2.22822e+06,583
2,paced_2M_view,1,total,2.22822e+06,2.29376e+06,823
2,paced_2M_view,1,total,2.29376e+06,2.3593e+06,461
2,paced_2M_view,1,total,2.3593e+06,2.42483e+06,501
2,paced_2M_view,1,total,2.42483e+06,2.49037e+06,1472
2,paced_2M_view,1,total,2.49037e+06,2.5559e+06,490
2,paced_2M_view,1,total,2.5559e+06,2.62144e+06,195
2,paced_2M_view,1,total,2.62144e+06,2.68698e+06,201
2,paced_2M_view,1,total,2.68698e+06,2.75251e+06,228
2,paced_2M_view,1,total,2.75251e+06,2.81805e+06,210
2,paced_2M_view,1,total,2.81805e+06,2.88358e+06,191
2,paced_2M_view,1,total,2.88358e+06,2.94912e+06,207
2,paced_2M_view,1,total,2.94912e+06,3.01466e+06,618
2,paced_2M_view,1,total,3.01466e+06,3.08019e+06,1516
2,paced_2M_view,1,total,3.08019e+06,3.14573e+06,2121
2,paced_2M_view,1,total,3.14573e+06,3.21126e+06,1018
2,paced_2M_view,1,total,3.21126e+06,3.2768e+06,199
2,paced_2M_view,1,total,3.2768e+06,3.34234e+06,208
2,paced_2M_view,1,total,3.34234e+06,3.40787e+06,223
2,paced_2M_view,1,total,3.40787e+06,3.47341e+06,212
2,paced_2M_view,1,total,3.47341e+06,3.53894e+06,198
2,paced_2M_view,1,total,3.53894e+06,3.60448e+06,226
2,paced_2M_view,1,total,3.60448e+06,3.67002e+06,223
2,paced_2M_view,1,total,3.67002e+06,3.73555e+06,193
2,paced_2M_view,1,total,3.73555e+06,3.80109e+06,234
2,paced_2M_view,1,total,3.80109e+06,3.86662e+06,217
2,paced_2M_view,1,total,3.86662e+06,3.93216e+06,367
2,paced_2M_view,1,total,3.93216e+06,3.9977e+06,374
2,paced_2M_view,1,total,3.9977e+06,4.06323e+06,437
2,paced_2M_view,1,total,4.06323e+06,4.12877e+06,440
2,paced_2M_view,1,total,4.12877e+06,4.1943e+06,895
2,paced_2M_view,1,total,4.1943e+06,4.32538e+06,467
2,paced_2M_view,1,total,4.32538e+06,4.45645e+06,398
2,paced_2M_view,1,total,4.45645e+06,4.58752e+06,406
2,paced_2M_view,1,total,4.58752e+06,4.71859e+06,421
2,paced_2M_view,1,total,4.71859e+06,4.84966e+06,456
2,paced_2M_view,1,total,4.84966e+06,4.98074e+06,931
2,paced_2M_view,1,total,4.98074e+06,5.11181e+06,1848
2,paced_2M_view,1,total,5.11181e+06,5.24288e+06,1095
2,paced_2M_view,1,total,5.24288e+06,5.37395e+06,1959
2,paced_2M_view,1,total,5.37395e+06,5.50502e+06,1969
2,paced_2M_view,1,queue,11,12,1
2,paced_2M_view,1,queue,17,18,662
2,paced_2M_view,1,queue,19,20,674
2,paced_2M_view,1,queue,21,22,678
2,paced_2M_view,1,queue,23,24,657
2,paced_2M_view,1,queue,25,26,679
2,paced_2M_view,1,queue,27,28,674
2,paced_2M_view,1,queue,29,30,682
2,paced_2M_view,1,queue,31,32,683
2,paced_2M_view,1,queue,33,34,663
2,paced_2M_view,1,queue,35,36,673
2,paced_2M_view,1,queue,37,38,651
2,paced_2M_view,1,queue,39,40,650
2,paced_2M_view,1,queue,41,42,385958
2,paced_2M_view,1,queue,42,43,386168
2,paced_2M_view,1,queue,43,44,771721
2,paced_2M_view,1,queue,44,45,1159263
2,paced_2M_view,1,queue,45,46,385829
2,paced_2M_view,1,queue,46,47,772995
2,paced_2M_view,1,queue,47,48,386338
2,paced_2M_view,1,queue,48,49,770955
2,paced_2M_view,1,queue,49,50,386736
2,paced_2M_view,1,queue,50,51,772239
2,paced_2M_view,1,queue,51,52,386461
2,paced_2M_view,1,queue,52,53,772454
2,paced_2M_view,1,queue,53,54,386296
2,paced_2M_view,1,queue,54,55,772280
2,paced_2M_view,1,queue,55,56,386866
2,paced_2M_view,1,queue,56,57,773603
2,paced_2M_view,1,queue,57,58,384992
2,paced_2M_view,1,queue,58,59,771151
2,paced_2M_view,1,queue,59,60,386406
2,paced_2M_view,1,queue,60,61,772146
2,paced_2M_view,1,queue,61,62,385806
2,paced_2M_view,1,queue,62,63,772020
2,paced_2M_view,1,queue,63,64,384623
2,paced_2M_view,1,queue,64,66,1158701
2,paced_2M_view,1,queue,66,68,1157557
2,paced_2M_view,1,queue,68,70,1156216
2,paced_2M_view,1,queue,70,72,1155115
2,paced_2M_view,1,queue,72,74,1158589
2,paced_2M_view,1,queue,74,76,1157292
2,paced_2M_view,1,queue,76,78,1157323
2,paced_2M_view,1,queue,78,80,1156219
2,paced_2M_view,1,queue,80,82,1156127
2,paced_2M_view,1,queue,82,84,959316
2,paced_2M_view,1,queue,84,86,751043
2,paced_2M_view,1,queue,86,88,750123
2,paced_2M_view,1,queue,88,90,561867
2,paced_2M_view,1,queue,90,92,563072
2,paced_2M_view,1,queue,92,94,562288
2,paced_2M_view,1,queue,94,96,561705
2,paced_2M_view,1,queue,96,98,560324
2,paced_2M_view,1,queue,98,100,563018
2,paced_2M_view,1,queue,100,102,562253
2,paced_2M_view,1,queue,102,104,561946
2,paced_2M_view,1,queue,104,106,561786
2,paced_2M_view,1,queue,106,108,560362
2,paced_2M_view,1,queue,108,110,563324
2,paced_2M_view,1,queue,110,112,563305
2,paced_2M_view,1,queue,112,114,561722
2,paced_2M_view,1,queue,114,116,560171
2,paced_2M_view,1,queue,116,118,561636
2,paced_2M_view,1,queue,118,120,561887
2,paced_2M_view,1,queue,120,122,561715
2,paced_2M_view,1,queue,122,124,562203
2,paced_2M_view,1,queue,124,126,190468
2,paced_2M_view,1,queue,126,128,6985
2,paced_2M_view,1,queue,128,132,10691
2,paced_2M_view,1,queue,132,136,10629
2,paced_2M_view,1,queue,136,140,10712
2,paced_2M_view,1,queue,140,144,9553
2,paced_2M_view,1,queue,144,148,8144
2,paced_2M_view,1,queue,148,152,8105
2,paced_2M_view,1,queue,152,156,8103
2,paced_2M_view,1,queue,156,160,7887
2,paced_2M_view,1,queue,160,164,8175
2,paced_2M_view,1,queue,164,168,8255
2,paced_2M_view,1,queue,168,172,12580
2,paced_2M_view,1,queue,172,176,9383
2,paced_2M_view,1,queue,176,180,9500
2,paced_2M_view,1,queue,180,184,9748
2,paced_2M_view,1,queue,184,188,9693
2,paced_2M_view,1,queue,188,192,9271
2,paced_2M_view,1,queue,192,196,9197
2,paced_2M_view,1,queue,196,200,9296
2,paced_2M_view,1,queue,200,204,9822
2,paced_2M_view,1,queue,204,208,9792
2,paced_2M_view,1,queue,208,212,5531
2,paced_2M_view,1,queue,212,216,4737
2,paced_2M_view,1,queue,216,220,4667
2,paced_2M_view,1,queue,220,224,4772
2,paced_2M_view,1,queue,224,228,4937
2,paced_2M_view,1,queue,228,232,4951
2,paced_2M_view,1,queue,232,236,4688
2,paced_2M_view,1,queue,236,240,4616
2,paced_2M_view,1,queue,240,244,4785
2,paced_2M_view,1,queue,244,248,4805
2,paced_2M_view,1,queue,248,252,4167
2,paced_2M_view,1,queue,252,256,4934
2,paced_2M_view,1,queue,256,264,7229
2,paced_2M_view,1,queue,264,272,7561
2,paced_2M_view,1,queue,272,280,7068
2,paced_2M_view,1,queue,280,288,7369
2,paced_2M_view,1,queue,288,296,5677
2,paced_2M_view,1,queue,296,304,3713
2,paced_2M_view,1,queue,304,312,3667
2,paced_2M_view,1,queue,312,320,3660
2,paced_2M_view,1,queue,320,328,3579
2,paced_2M_view,1,queue,328,336,3499
2,paced_2M_view,1,queue,336,344,2964
2,paced_2M_view,1,queue,344,352,2572
2,paced_2M_view,1,queue,352,360,2652
2,paced_2M_view,1,queue,360,368,2729
2,paced_2M_view,1,queue,368,376,2560
2,paced_2M_view,1,queue,376,384,2381
2,paced_2M_view,1,queue,384,392,2099
2,paced_2M_view,1,queue,392,400,2079
2,paced_2M_view,1,queue,400,408,2048
2,paced_2M_view,1,queue,408,416,2050
2,paced_2M_view,1,queue,416,424,2155
2,paced_2M_view,1,queue,424,432,1820
2,paced_2M_view,1,queue,432,440,1892
2,paced_2M_view,1,queue,440,448,1845
2,paced_2M_view,1,queue,448,456,1792
2,paced_2M_view,1,queue,456,464,1783
2,paced_2M_view,1,queue,464,472,1530
2,paced_2M_view,1,queue,472,480,1550
2,paced_2M_view,1,queue,480,488,1519
2,paced_2M_view,1,queue,488,496,1521
2,paced_2M_view,1,queue,496,504,1626
2,paced_2M_view,1,queue,504,512,1260
2,paced_2M_view,1,queue,512,528,2690
2,paced_2M_view,1,queue,528,544,2543
2,paced_2M_view,1,queue,544,560,2009
2,paced_2M_view,1,queue,560,576,2137
2,paced_2M_view,1,queue,576,592,2405
2,paced_2M_view,1,queue,592,608,2329
2,paced_2M_view,1,queue,608,624,2391
2,paced_2M_view,1,queue,624,640,2335
2,paced_2M_view,1,queue,640,656,2251
2,paced_2M_view,1,queue,656,672,2293
2,paced_2M_view,1,queue,672,688,1940
2,paced_2M_view,1,queue,688,704,1877
2,paced_2M_view,1,queue,704,720,1922
2,paced_2M_view,1,queue,720,736,1871
2,paced_2M_view,1,queue,736,752,1801
2,paced_2M_view,1,queue,752,768,1906
2,paced_2M_view,1,queue,768,784,1772
2,paced_2M_view,1,queue,784,800,1753
2,paced_2M_view,1,queue,800,816,1712
2,paced_2M_view,1,queue,816,832,1772
2,paced_2M_view,1,queue,832,848,1847
2,paced_2M_view,1,queue,848,864,1737
2,paced_2M_view,1,queue,864,880,1644
2,paced_2M_view,1,queue,880,896,1585
2,paced_2M_view,1,queue,896,912,1593
2,paced_2M_view,1,queue,912,928,1774
2,paced_2M_view,1,queue,928,944,1584
2,paced_2M_view,1,queue,944,960,1546
2,paced_2M_view,1,queue,960,976,1568
2,paced_2M_view,1,queue,976,992,1512
2,paced_2M_view,1,queue,992,1008,1606
2,paced_2M_view,1,queue,1008,1024,1529
2,paced_2M_view,1,queue,1024,1056,2942
2,paced_2M_view,1,queue,1056,1088,2752
2,paced_2M_view,1,queue,1088,1120,2887
2,paced_2M_view,1,queue,1120,1152,2996
2,paced_2M_view,1,queue,1152,1184,2883
2,paced_2M_view,1,queue,1184,1216,3050
2,paced_2M_view,1,queue,1216,1248,2886
2,paced_2M_view,1,queue,1248,1280,2975
2,paced_2M_view,1,queue,1280,1312,2803
2,paced_2M_view,1,queue,1312,1344,2841
2,paced_2M_view,1,queue,1344,1376,2846
2,paced_2M_view,1,queue,1376,1408,2734
2,paced_2M_view,1,queue,1408,1440,2878
2,paced_2M_view,1,queue,1440,1472,2640
2,paced_2M_view,1,queue,1472,1504,2600
2,paced_2M_view,1,queue,1504,1536,2608
2,paced_2M_view,1,queue,1536,1568,2583
2,paced_2M_view,1,queue,1568,1600,2757
2,paced_2M_view,1,queue,1600,1632,2816
2,paced_2M_view,1,queue,1632,1664,2703
2,paced_2M_view,1,queue,1664,1696,2815
2,paced_2M_view,1,queue,1696,1728,2734
2,paced_2M_view,1,queue,1728,1760,2725
2,paced_2M_view,1,queue,1760,1792,2565
2,paced_2M_view,1,queue,1792,1824,2541
2,paced_2M_view,1,queue,1824,1856,2599
2,paced_2M_view,1,queue,1856,1888,2526
2,paced_2M_view,1,queue,1888,1920,2596
2,paced_2M_view,1,queue,1920,1952,2583
2,paced_2M_view,1,queue,1952,1984,2665
2,paced_2M_view,1,queue,1984,2016,2760
2,paced_2M_view,1,queue,2016,2048,2613
2,paced_2M_view,1,queue,2048,2112,5309
2,paced_2M_view,1,queue,2112,2176,5327
2,paced_2M_view,1,queue,2176,2240,4911
2,paced_2M_view,1,queue,2240,2304,5074
2,paced_2M_view,1,queue,2304,2368,5234
2,paced_2M_view,1,queue,2368,2432,5551
2,paced_2M_view,1,queue,2432,2496,5329
2,paced_2M_view,1,queue,2496,2560,4976
2,paced_2M_view,1,queue,2560,2624,4767
2,paced_2M_view,1,queue,2624,2688,4532
2,paced_2M_view,1,queue,2688,2752,4205
2,paced_2M_view,1,queue,2752,2816,4346
2,paced_2M_view,1,queue,2816,2880,4375
2,paced_2M_view,1,queue,2880,2944,4220
2,paced_2M_view,1,queue,2944,3008,4397
2,paced_2M_view,1,queue,3008,3072,4033
2,paced_2M_view,1,queue,3072,3136,4221
2,paced_2M_view,1,queue,3136,3200,3988
2,paced_2M_view,1,queue,3200,3264,4016
2,paced_2M_view,1,queue,3264,3328,3968
2,paced_2M_view,1,queue,3328,3392,4081
2,paced_2M_view,1,queue,3392,3456,3946
2,paced_2M_view,1,queue,3456,3520,3764
2,paced_2M_view,1,queue,3520,3584,3752
2,paced_2M_view,1,queue,3584,3648,3692
2,paced_2M_view,1,queue,3648,3712,3786
2,paced_2M_view,1,queue,3712,3776,3762
2,paced_2M_view,1,queue,3776,3840,3729
2,paced_2M_view,1,queue,3840,3904,3582
2,paced_2M_view,1,queue,3904,3968,3618
2,paced_2M_view,1,queue,3968,4032,3505
2,paced_2M_view,1,queue,4032,4096,3464
2,paced_2M_view,1,queue,4096,4224,7034
2,paced_2M_view,1,queue,4224,4352,6842
2,paced_2M_view,1,queue,4352,4480,6490
2,paced_2M_view,1,queue,4480,4608,6380
2,paced_2M_view,1,queue,4608,4736,6254
2,paced_2M_view,1,queue,4736,4864,5944
2,paced_2M_view,1,queue,4864,4992,5841
2,paced_2M_view,1,queue,4992,5120,5549
2,paced_2M_view,1,queue,5120,5248,5349
2,paced_2M_view,1,queue,5248,5376,5278
2,paced_2M_view,1,queue,5376,5504,5087
2,paced_2M_view,1,queue,5504,5632,4851
2,paced_2M_view,1,queue,5632,5760,4745
2,paced_2M_view,1,queue,5760,5888,4813
2,paced_2M_view,1,queue,5888,6016,4645
2,paced_2M_view,1,queue,6016,6144,4364
2,paced_2M_view,1,queue,6144,6272,4577
2,paced_2M_view,1,queue,6272,6400,4391
2,paced_2M_view,1,queue,6400,6528,4119
2,paced_2M_view,1,queue,6528,6656,4184
2,paced_2M_view,1,queue,6656,6784,4011
2,paced_2M_view,1,queue,6784,6912,3935
2,paced_2M_view,1,queue,6912,7040,3991
2,paced_2M_view,1,queue,7040,7168,3760
2,paced_2M_view,1,queue,7168,7296,3716
2,paced_2M_view,1,queue,7296,7424,3677
2,paced_2M_view,1,queue,7424,7552,3586
2,paced_2M_view,1,queue,7552,7680,3519
2,paced_2M_view,1,queue,7680,7808,3451
2,paced_2M_view,1,queue,7808,7936,3477
2,paced_2M_view,1,queue,7936,8064,3317
2,paced_2M_view,1,queue,8064,8192,3062
2,paced_2M_view,1,queue,8192,8448,5518
2,paced_2M_view,1,queue,8448,8704,4879
2,paced_2M_view,1,queue,8704,8960,4515
2,paced_2M_view,1,queue,8960,9216,4116
2,paced_2M_view,1,queue,9216,9472,4007
2,paced_2M_view,1,queue,9472,9728,3851
2,paced_2M_view,1,queue,9728,9984,3755
2,paced_2M_view,1,queue,9984,10240,3769
2,paced_2M_view,1,queue,10240,10496,3647
2,paced_2M_view,1,queue,10496,10752,3553
2,paced_2M_view,1,queue,10752,11008,3499
2,paced_2M_view,1,queue,11008,11264,3345
2,paced_2M_view,1,queue,11264,11520,3323
2,paced_2M_view,1,queue,11520,11776,3265
2,paced_2M_view,1,queue,11776,12032,3254
2,paced_2M_view,1,queue,12032,12288,3221
2,paced_2M_view,1,queue,12288,12544,3087
2,paced_2M_view,1,queue,12544,12800,3126
2,paced_2M_view,1,queue,12800,13056,3235
2,paced_2M_view,1,queue,13056,13312,3071
2,paced_2M_view,1,queue,13312,13568,2946
2,paced_2M_view,1,queue,13568,13824,3015
2,paced_2M_view,1,queue,13824,14080,2994
2,paced_2M_view,1,queue,14080,14336,2971
2,paced_2M_view,1,queue,14336,14592,2885
2,paced_2M_view,1,queue,14592,14848,2838
2,paced_2M_view,1,queue,14848,15104,2862
2,paced_2M_view,1,queue,15104,15360,2762
2,paced_2M_view,1,queue,15360,15616,2748
2,paced_2M_view,1,queue,15616,15872,2733
2,paced_2M_view,1,queue,15872,16128,2812
2,paced_2M_view,1,queue,16128,16384,2838
2,paced_2M_view,1,queue,16384,16896,5436
2,paced_2M_view,1,queue,16896,17408,5269
2,paced_2M_view,1,queue,17408,17920,5181
2,paced_2M_view,1,queue,17920,18432,5117
2,paced_2M_view,1,queue,18432,18944,4914
2,paced_2M_view,1,queue,18944,19456,4806
2,paced_2M_view,1,queue,19456,19968,4603
2,paced_2M_view,1,queue,19968,20480,4439
2,paced_2M_view,1,queue,20480,20992,4341
2,paced_2M_view,1,queue,20992,21504,4306
2,paced_2M_view,1,queue,21504,22016,4230
2,paced_2M_view,1,queue,22016,22528,4044
2,paced_2M_view,1,queue,22528,23040,3965
2,paced_2M_view,1,queue,23040,23552,3898
2,paced_2M_view,1,queue,23552,24064,3744
2,paced_2M_view,1,queue,24064,24576,3812
2,paced_2M_view,1,queue,24576,25088,3699
2,paced_2M_view,1,queue,25088,25600,3815
2,paced_2M_view,1,queue,25600,26112,3666
2,paced_2M_view,1,queue,26112,26624,3691
2,paced_2M_view,1,queue,26624,27136,3503
2,paced_2M_view,1,queue,27136,27648,3375
2,paced_2M_view,1,queue,27648,28160,3229
2,paced_2M_view,1,queue,28160,28672,3299
2,paced_2M_view,1,queue,28672,29184,3224
2,paced_2M_view,1,queue,29184,29696,3140
2,paced_2M_view,1,queue,29696,30208,3122
2,paced_2M_view,1,queue,30208,30720,3007
2,paced_2M_view,1,queue,30720,31232,3007
2,paced_2M_view,1,queue,31232,31744,3027
2,paced_2M_view,1,queue,31744,32256,2912
2,paced_2M_view,1,queue,32256,32768,3071
2,paced_2M_view,1,queue,32768,33792,5826
2,paced_2M_view,1,queue,33792,34816,5718
2,paced_2M_view,1,queue,34816,35840,5374
2,paced_2M_view,1,queue,35840,36864,5398
2,paced_2M_view,1,queue,36864,37888,5206
2,paced_2M_view,1,queue,37888,38912,4984
2,paced_2M_view,1,queue,38912,39936,4916
2,paced_2M_view,1,queue,39936,40960,4777
2,paced_2M_view,1,queue,40960,41984,4597
2,paced_2M_view,1,queue,41984,43008,4283
2,paced_2M_view,1,queue,43008,44032,4122
2,paced_2M_view,1,queue,44032,45056,4029
2,paced_2M_view,1,queue,45056,46080,3800
2,paced_2M_view,1,queue,46080,47104,3591
2,paced_2M_view,1,queue,47104,48128,3459
2,paced_2M_view,1,queue,48128,49152,3479
2,paced_2M_view,1,queue,49152,50176,3279
2,paced_2M_view,1,queue,50176,51200,3008
2,paced_2M_view,1,queue,51200,52224,2958
2,paced_2M_view,1,queue,52224,53248,2905
2,paced_2M_view,1,queue,53248,54272,2759
2,paced_2M_view,1,queue,54272,55296,2688
2,paced_2M_view,1,queue,55296,56320,2477
2,paced_2M_view,1,queue,56320,57344,2340
2,paced_2M_view,1,queue,57344,58368,2252
2,paced_2M_view,1,queue,58368,59392,2101
2,paced_2M_view,1,queue,59392,60416,1984
2,paced_2M_view,1,queue,60416,61440,1886
2,paced_2M_view,1,queue,61440,62464,1742
2,paced_2M_view,1,queue,62464,63488,1647
2,paced_2M_view,1,queue,63488,64512,1605
2,paced_2M_view,1,queue,64512,65536,1549
2,paced_2M_view,1,queue,65536,67584,2907
2,paced_2M_view,1,queue,67584,69632,2733
2,paced_2M_view,1,queue,69632,71680,2404
2,paced_2M_view,1,queue,71680,73728,2145
2,paced_2M_view,1,queue,73728,75776,1846
2,paced_2M_view,1,queue,75776,77824,1548
2,paced_2M_view,1,queue,77824,79872,1439
2,paced_2M_view,1,queue,79872,81920,1459
2,paced_2M_view,1,queue,81920,83968,1252
2,paced_2M_view,1,queue,83968,86016,1278
2,paced_2M_view,1,queue,86016,88064,1339
2,paced_2M_view,1,queue,88064,90112,1408
2,paced_2M_view,1,queue,90112,92160,1217
2,paced_2M_view,1,queue,92160,94208,1227
2,paced_2M_view,1,queue,94208,96256,1103
2,paced_2M_view,1,queue,96256,98304,1171
2,paced_2M_view,1,queue,98304,100352,1110
2,paced_2M_view,1,queue,100352,102400,1064
2,paced_2M_view,1,queue,102400,104448,1148
2,paced_2M_view,1,queue,104448,106496,1116
2,paced_2M_view,1,queue,106496,108544,1070
2,paced_2M_view,1,queue,108544,110592,1004
2,paced_2M_view,1,queue,110592,112640,1004
2,paced_2M_view,1,queue,112640,114688,1032
2,paced_2M_view,1,queue,114688,116736,1051
2,paced_2M_view,1,queue,116736,118784,1064
2,paced_2M_view,1,queue,118784,120832,1076
2,paced_2M_view,1,queue,120832,122880,1066
2,paced_2M_view,1,queue,122880,124928,969
2,paced_2M_view,1,queue,124928,126976,1048
2,paced_2M_view,1,queue,126976,129024,1092
2,paced_2M_view,1,queue,129024,131072,1058
2,paced_2M_view,1,queue,131072,135168,2110
2,paced_2M_view,1,queue,135168,139264,2242
2,paced_2M_view,1,queue,139264,143360,2018
2,paced_2M_view,1,queue,143360,147456,1890
2,paced_2M_view,1,queue,147456,151552,1923
2,paced_2M_view,1,queue,151552,155648,1851
2,paced_2M_view,1,queue,155648,159744,1689
2,paced_2M_view,1,queue,159744,163840,1529
2,paced_2M_view,1,queue,163840,167936,1506
2,paced_2M_view,1,queue,167936,172032,1495
2,paced_2M_view,1,queue,172032,176128,1369
2,paced_2M_view,1,queue,176128,180224,1210
2,paced_2M_view,1,queue,180224,184320,1261
2,paced_2M_view,1,queue,184320,188416,1144
2,paced_2M_view,1,queue,188416,192512,1343
2,paced_2M_view,1,queue,192512,196608,1380
2,paced_2M_view,1,queue,196608,200704,1385
2,paced_2M_view,1,queue,200704,204800,1402
2,paced_2M_view,1,queue,204800,208896,1276
2,paced_2M_view,1,queue,208896,212992,1297
2,paced_2M_view,1,queue,212992,217088,1174
2,paced_2M_view,1,queue,217088,221184,1250
2,paced_2M_view,1,queue,221184,225280,975
2,paced_2M_view,1,queue,225280,229376,940
2,paced_2M_view,1,queue,229376,233472,825
2,paced_2M_view,1,queue,233472,237568,903
2,paced_2M_view,1,queue,237568,241664,904
2,paced_2M_view,1,queue,241664,245760,870
2,paced_2M_view,1,queue,245760,249856,852
2,paced_2M_view,1,queue,249856,253952,785
2,paced_2M_view,1,queue,253952,258048,798
2,paced_2M_view,1,queue,258048,262144,733
2,paced_2M_view,1,queue,262144,270336,1412
2,paced_2M_view,1,queue,270336,278528,1472
2,paced_2M_view,1,queue,278528,286720,1404
2,paced_2M_view,1,queue,286720,294912,1237
2,paced_2M_view,1,queue,294912,303104,1233
2,paced_2M_view,1,queue,303104,311296,1312
2,paced_2M_view,1,queue,311296,319488,1259
2,paced_2M_view,1,queue,319488,327680,1245
2,paced_2M_view,1,queue,327680,335872,1362
2,paced_2M_view,1,queue,335872,344064,1053
2,paced_2M_view,1,queue,344064,352256,1060
2,paced_2M_view,1,queue,352256,360448,1043
2,paced_2M_view,1,queue,360448,368640,1139
2,paced_2M_view,1,queue,368640,376832,1093
2,paced_2M_view,1,queue,376832,385024,1053
2,paced_2M_view,1,queue,385024,393216,1195
2,paced_2M_view,1,queue,393216,401408,1278
2,paced_2M_view,1,queue,401408,409600,1374
2,paced_2M_view,1,queue,409600,417792,1173
2,paced_2M_view,1,queue,417792,425984,993
2,paced_2M_view,1,queue,425984,434176,1011
2,paced_2M_view,1,queue,434176,442368,1080
2,paced_2M_view,1,queue,442368,450560,1037
2,paced_2M_view,1,queue,450560,458752,921
2,paced_2M_view,1,queue,458752,466944,843
2,paced_2M_view,1,queue,466944,475136,789
2,paced_2M_view,1,queue,475136,483328,714
2,paced_2M_view,1,queue,483328,491520,705
2,paced_2M_view,1,queue,491520,499712,713
2,paced_2M_view,1,queue,499712,507904,695
2,paced_2M_view,1,queue,507904,516096,622
2,paced_2M_view,1,queue,516096,524288,710
2,paced_2M_view,1,queue,524288,540672,1203
2,paced_2M_view,1,queue,540672,557056,1268
2,paced_2M_view,1,queue,557056,573440,1428
2,paced_2M_view,1,queue,573440,589824,1502
2,paced_2M_view,1,queue,589824,606208,1280
2,paced_2M_view,1,queue,606208,622592,1169
2,paced_2M_view,1,queue,622592,638976,947
2,paced_2M_view,1,queue,638976,655360,1013
2,paced_2M_view,1,queue,655360,671744,1230
2,paced_2M_view,1,queue,671744,688128,1376
2,paced_2M_view,1,queue,688128,704512,1363
2,paced_2M_view,1,queue,704512,720896,1624
2,paced_2M_view,1,queue,720896,737280,1784
2,paced_2M_view,1,queue,737280,753664,1100
2,paced_2M_view,1,queue,753664,770048,805
2,paced_2M_view,1,queue,770048,786432,904
2,paced_2M_view,1,queue,786432,802816,806
2,paced_2M_view,1,queue,802816,819200,746
2,paced_2M_view,1,queue,819200,835584,687
2,paced_2M_view,1,queue,835584,851968,761
2,paced_2M_view,1,queue,851968,868352,818
2,paced_2M_view,1,queue,868352,884736,640
2,paced_2M_view,1,queue,884736,901120,501
2,paced_2M_view,1,queue,901120,917504,589
2,paced_2M_view,1,queue,917504,933888,782
2,paced_2M_view,1,queue,933888,950272,896
2,paced_2M_view,1,queue,950272,966656,899
2,paced_2M_view,1,queue,966656,983040,838
2,paced_2M_view,1,queue,983040,999424,772
2,paced_2M_view,1,queue,999424,1.01581e+06,427
2,paced_2M_view,1,queue,1.01581e+06,1.03219e+06,483
2,paced_2M_view,1,queue,1.03219e+06,1.04858e+06,218
2,paced_2M_view,1,queue,1.04858e+06,1.08134e+06,483
2,paced_2M_view,1,queue,1.08134e+06,1.11411e+06,517
2,paced_2M_view,1,queue,1.11411e+06,1.14688e+06,674
2,paced_2M_view,1,queue,1.14688e+06,1.17965e+06,608
2,paced_2M_view,1,queue,1.17965e+06,1.21242e+06,667
2,paced_2M_view,1,queue,1.21242e+06,1.24518e+06,1022
2,paced_2M_view,1,queue,1.24518e+06,1.27795e+06,971
2,paced_2M_view,1,queue,1.27795e+06,1.31072e+06,779
2,paced_2M_view,1,queue,1.31072e+06,1.34349e+06,828
2,paced_2M_view,1,queue,1.34349e+06,1.37626e+06,697
2,paced_2M_view,1,queue,1.37626e+06,1.40902e+06,645
2,paced_2M_view,1,queue,1.40902e+06,1.44179e+06,646
2,paced_2M_view,1,queue,1.44179e+06,1.47456e+06,927
2,paced_2M_view,1,queue,1.47456e+06,1.50733e+06,719
2,paced_2M_view,1,queue,1.50733e+06,1.5401e+06,793
2,paced_2M_view,1,queue,1.5401e+06,1.57286e+06,742
2,paced_2M_view,1,queue,1.57286e+06,1.60563e+06,764
2,paced_2M_view,1,queue,1.60563e+06,1.6384e+06,718
2,paced_2M_view,1,queue,1.6384e+06,1.67117e+06,1270
2,paced_2M_view,1,queue,1.67117e+06,1.70394e+06,783
2,paced_2M_view,1,queue,1.70394e+06,1.7367e+06,868
2,paced_2M_view,1,queue,1.7367e+06,1.76947e+06,668
2,paced_2M_view,1,queue,1.76947e+06,1.80224e+06,552
2,paced_2M_view,1,queue,1.80224e+06,1.83501e+06,610
2,paced_2M_view,1,queue,1.83501e+06,1.86778e+06,785
2,paced_2M_view,1,queue,1.86778e+06,1.90054e+06,766
2,paced_2M_view,1,queue,1.90054e+06,1.93331e+06,774
2,paced_2M_view,1,queue,1.93331e+06,1.96608e+06,760
2,paced_2M_view,1,queue,1.96608e+06,1.99885e+06,1051
2,paced_2M_view,1,queue,1.99885e+06,2.03162e+06,867
2,paced_2M_view,1,queue,2.03162e+06,2.06438e+06,897
2,paced_2M_view,1,queue,2.06438e+06,2.09715e+06,756
2,paced_2M_view,1,queue,2.09715e+06,2.16269e+06,902
2,paced_2M_view,1,queue,2.16269e+06,2.22822e+06,582
2,paced_2M_view,1,queue,2.22822e+06,2.29376e+06,824
2,paced_2M_view,1,queue,2.29376e+06,2.3593e+06,458
2,paced_2M_view,1,queue,2.3593e+06,2.42483e+06,502
2,paced_2M_view,1,queue,2.42483e+06,2.49037e+06,1476
2,paced_2M_view,1,queue,2.49037e+06,2.5559e+06,483
2,paced_2M_view,1,queue,2.5559e+06,2.62144e+06,195
2,paced_2M_view,1,queue,2.62144e+06,2.68698e+06,202
2,paced_2M_view,1,queue,2.68698e+06,2.75251e+06,228
2,paced_2M_view,1,queue,2.75251e+06,2.81805e+06,210
2,paced_2M_view,1,queue,2.81805e+06,2.88358e+06,190
2,paced_2M_view,1,queue,2.88358e+06,2.94912e+06,208
2,paced_2M_view,1,queue,2.94912e+06,3.01466e+06,623
2,paced_2M_view,1,queue,3.01466e+06,3.08019e+06,1516
2,paced_2M_view,1,queue,3.08019e+06,3.14573e+06,2124
2,paced_2M_view,1,queue,3.14573e+06,3.21126e+06,1010
2,paced_2M_view,1,queue,3.21126e+06,3.2768e+06,198
2,paced_2M_view,1,queue,3.2768e+06,3.34234e+06,209
2,paced_2M_view,1,queue,3.34234e+06,3.40787e+06,224
2,paced_2M_view,1,queue,3.40787e+06,3.47341e+06,210
2,paced_2M_view,1,queue,3.47341e+06,3.53894e+06,200
2,paced_2M_view,1,queue,3.53894e+06,3.60448e+06,225
2,paced_2M_view,1,queue,3.60448e+06,3.67002e+06,222
2,paced_2M_view,1,queue,3.67002e+06,3.73555e+06,193
2,paced_2M_view,1,queue,3.73555e+06,3.80109e+06,234
2,paced_2M_view,1,queue,3.80109e+06,3.86662e+06,218
2,paced_2M_view,1,queue,3.86662e+06,3.93216e+06,366
2,paced_2M_view,1,queue,3.93216e+06,3.9977e+06,378
2,paced_2M_view,1,queue,3.9977e+06,4.06323e+06,433
2,paced_2M_view,1,queue,4.06323e+06,4.12877e+06,442
2,paced_2M_view,1,queue,4.12877e+06,4.1943e+06,898
2,paced_2M_view,1,queue,4.1943e+06,4.32538e+06,462
2,paced_2M_view,1,queue,4.32538e+06,4.45645e+06,398
2,paced_2M_view,1,queue,4.45645e+06,4.58752e+06,406
2,paced_2M_view,1,queue,4.58752e+06,4.71859e+06,423
2,paced_2M_view,1,queue,4.71859e+06,4.84966e+06,455
2,paced_2M_view,1,queue,4.84966e+06,4.98074e+06,932
2,paced_2M_view,1,queue,4.98074e+06,5.11181e+06,1847
2,paced_2M_view,1,queue,5.11181e+06,5.24288e+06,1097
2,paced_2M_view,1,queue,5.24288e+06,5.37395e+06,1970
2,paced_2M_view,1,queue,5.37395e+06,5.50502e+06,1954
2,paced_2M_view,1,book,0,1,1246470
2,paced_2M_view,1,book,17,18,2074
2,paced_2M_view,1,book,18,19,2601
2,paced_2M_view,1,book,41,42,2600287
2,paced_2M_view,1,book,42,43,5330469
2,paced_2M_view,1,book,58,59,4026
2,paced_2M_view,1,book,59,60,7497
2,paced_2M_view,1,book,60,61,2154
2,paced_2M_view,1,book,82,84,4335321
2,paced_2M_view,1,book,84,86,2186445
2,paced_2M_view,1,book,100,102,30548
2,paced_2M_view,1,book,102,104,4863
2,paced_2M_view,1,book,124,126,14400868
2,paced_2M_view,1,book,140,144,42861
2,paced_2M_view,1,book,164,168,3661524
2,paced_2M_view,1,book,180,184,2872
2,paced_2M_view,1,book,184,188,13072
2,paced_2M_view,1,book,208,212,1509058
2,paced_2M_view,1,book,224,228,9878
2,paced_2M_view,1,book,248,252,1160115
2,paced_2M_view,1,book,264,272,7590
2,paced_2M_view,1,book,288,296,498342
2,paced_2M_view,1,book,304,312,4210
2,paced_2M_view,1,book,328,336,319022
2,paced_2M_view,1,book,344,352,2693
2,paced_2M_view,1,book,352,360,492
2,paced_2M_view,1,book,368,376,209235
2,paced_2M_view,1,book,392,400,2236
2,paced_2M_view,1,book,416,424,126020
2,paced_2M_view,1,book,432,440,1631
2,paced_2M_view,1,book,456,464,88260
2,paced_2M_view,1,book,472,480,1200
2,paced_2M_view,1,book,496,504,57087
2,paced_2M_view,1,book,512,528,891
2,paced_2M_view,1,book,528,544,38427
2,paced_2M_view,1,book,544,560,420
2,paced_2M_view,1,book,560,576,238
2,paced_2M_view,1,book,576,592,26206
2,paced_2M_view,1,book,592,608,473
2,paced_2M_view,1,book,624,640,18994
2,paced_2M_view,1,book,640,656,358
2,paced_2M_view,1,book,656,672,13905
2,paced_2M_view,1,book,672,688,272
2,paced_2M_view,1,book,704,720,10620
2,paced_2M_view,1,book,720,736,233
2,paced_2M_view,1,book,736,752,7811
2,paced_2M_view,1,book,752,768,80
2,paced_2M_view,1,book,768,784,88
2,paced_2M_view,1,book,784,800,5931
2,paced_2M_view,1,book,800,816,158
2,paced_2M_view,1,book,832,848,4637
2,paced_2M_view,1,book,848,864,127
2,paced_2M_view,1,book,864,880,3501
2,paced_2M_view,1,book,880,896,91
2,paced_2M_view,1,book,912,928,2687
2,paced_2M_view,1,book,928,944,73
2,paced_2M_view,1,book,944,960,2303
2,paced_2M_view,1,book,960,976,14
2,paced_2M_view,1,book,976,992,46
2,paced_2M_view,1,book,992,1008,1790
2,paced_2M_view,1,book,1008,1024,54
2,paced_2M_view,1,book,1024,1056,1469
2,paced_2M_view,1,book,1056,1088,1255
2,paced_2M_view,1,book,1088,1120,34
2,paced_2M_view,1,book,1120,1152,960
2,paced_2M_view,1,book,1152,1184,790
2,paced_2M_view,1,book,1184,1216,684
2,paced_2M_view,1,book,1216,1248,26
2,paced_2M_view,1,book,1248,1280,564
2,paced_2M_view,1,book,1280,1312,494
2,paced_2M_view,1,book,1312,1344,350
2,paced_2M_view,1,book,1344,1376,340
2,paced_2M_view,1,book,1376,1408,18
2,paced_2M_view,1,book,1408,1440,333
2,paced_2M_view,1,book,1440,1472,267
2,paced_2M_view,1,book,1472,1504,238
2,paced_2M_view,1,book,1504,1536,11
2,paced_2M_view,1,book,1536,1568,248
2,paced_2M_view,1,book,1568,1600,185
2,paced_2M_view,1,book,1600,1632,194
2,paced_2M_view,1,book,1632,1664,10
2,paced_2M_view,1,book,1664,1696,182
2,paced_2M_view,1,book,1696,1728,153
2,paced_2M_view,1,book,1728,1760,151
2,paced_2M_view,1,book,1760,1792,46
2,paced_2M_view,1,book,1792,1824,90
2,paced_2M_view,1,book,1824,1856,113
2,paced_2M_view,1,book,1856,1888,99
2,paced_2M_view,1,book,1888,1920,96
2,paced_2M_view,1,book,1920,1952,2
2,paced_2M_view,1,book,1952,1984,91
2,paced_2M_view,1,book,1984,2016,81
2,paced_2M_view,1,book,2016,2048,97
2,paced_2M_view,1,book,2048,2112,65
2,paced_2M_view,1,book,2112,2176,113
2,paced_2M_view,1,book,2176,2240,56
2,paced_2M_view,1,book,2240,2304,99
2,paced_2M_view,1,book,2304,2368,63
2,paced_2M_view,1,book,2368,2432,86
2,paced_2M_view,1,book,2432,2496,61
2,paced_2M_view,1,book,2496,2560,104
2,paced_2M_view,1,book,2560,2624,48
2,paced_2M_view,1,book,2624,2688,122
2,paced_2M_view,1,book,2688,2752,948
2,paced_2M_view,1,book,2752,2816,660
2,paced_2M_view,1,book,2816,2880,851
2,paced_2M_view,1,book,2880,2944,353
2,paced_2M_view,1,book,2944,3008,379
2,paced_2M_view,1,book,3008,3072,161
2,paced_2M_view,1,book,3072,3136,211
2,paced_2M_view,1,book,3136,3200,93
2,paced_2M_view,1,book,3200,3264,152
2,paced_2M_view,1,book,3264,3328,145
2,paced_2M_view,1,book,3328,3392,203
2,paced_2M_view,1,book,3392,3456,111
2,paced_2M_view,1,book,3456,3520,211
2,paced_2M_view,1,book,3520,3584,127
2,paced_2M_view,1,book,3584,3648,100
2,paced_2M_view,1,book,3648,3712,122
2,paced_2M_view,1,book,3712,3776,70
2,paced_2M_view,1,book,3776,3840,81
2,paced_2M_view,1,book,3840,3904,46
2,paced_2M_view,1,book,3904,3968,85
2,paced_2M_view,1,book,3968,4032,56
2,paced_2M_view,1,book,4032,4096,57
2,paced_2M_view,1,book,4096,4224,93
2,paced_2M_view,1,book,4224,4352,92
2,paced_2M_view,1,book,4352,4480,90
2,paced_2M_view,1,book,4480,4608,128
2,paced_2M_view,1,book,4608,4736,105
2,paced_2M_view,1,book,4736,4864,120
2,paced_2M_view,1,book,4864,4992,127
2,paced_2M_view,1,book,4992,5120,111
2,paced_2M_view,1,book,5120,5248,125
2,paced_2M_view,1,book,5248,5376,140
2,paced_2M_view,1,book,5376,5504,103
2,paced_2M_view,1,book,5504,5632,138
2,paced_2M_view,1,book,5632,5760,94
2,paced_2M_view,1,book,5760,5888,105
2,paced_2M_view,1,book,5888,6016,93
2,paced_2M_view,1,book,6016,6144,111
2,paced_2M_view,1,book,6144,6272,86
2,paced_2M_view,1,book,6272,6400,104
2,paced_2M_view,1,book,6400,6528,90
2,paced_2M_view,1,book,6528,6656,123
2,paced_2M_view,1,book,6656,6784,91
2,paced_2M_view,1,book,6784,6912,89
2,paced_2M_view,1,book,6912,7040,93
2,paced_2M_view,1,book,7040,7168,106
2,paced_2M_view,1,book,7168,7296,89
2,paced_2M_view,1,book,7296,7424,83
2,paced_2M_view,1,book,7424,7552,97
2,paced_2M_view,1,book,7552,7680,70
2,paced_2M_view,1,book,7680,7808,87
2,paced_2M_view,1,book,7808,7936,78
2,paced_2M_view,1,book,7936,8064,73
2,paced_2M_view,1,book,8064,8192,90
2,paced_2M_view,1,book,8192,8448,211
2,paced_2M_view,1,book,8448,8704,165
2,paced_2M_view,1,book,8704,8960,151
2,paced_2M_view,1,book,8960,9216,108
2,paced_2M_view,1,book,9216,9472,90
2,paced_2M_view,1,book,9472,9728,82
2,paced_2M_view,1,book,9728,9984,68
2,paced_2M_view,1,book,9984,10240,67
2,paced_2M_view,1,book,10240,10496,42
2,paced_2M_view,1,book,10496,10752,69
2,paced_2M_view,1,book,10752,11008,47
2,paced_2M_view,1,book,11008,11264,41
2,paced_2M_view,1,book,11264,11520,55
2,paced_2M_view,1,book,11520,11776,40
2,paced_2M_view,1,book,11776,12032,41
2,paced_2M_view,1,book,12032,12288,35
2,paced_2M_view,1,book,12288,12544,58
2,paced_2M_view,1,book,12544,12800,40
2,paced_2M_view,1,book,12800,13056,39
2,paced_2M_view,1,book,13056,13312,31
2,paced_2M_view,1,book,13312,13568,21
2,paced_2M_view,1,book,13568,13824,35
2,paced_2M_view,1,book,13824,14080,36
2,paced_2M_view,1,book,14080,14336,43
2,paced_2M_view,1,book,14336,14592,33
2,paced_2M_view,1,book,14592,14848,29
2,paced_2M_view,1,book,14848,15104,24
2,paced_2M_view,1,book,15104,15360,36
2,paced_2M_view,1,book,15360,15616,29
2,paced_2M_view,1,book,15616,15872,25
2,paced_2M_view,1,book,15872,16128,33
2,paced_2M_view,1,book,16128,16384,33
2,paced_2M_view,1,book,16384,16896,84
2,paced_2M_view,1,book,16896,17408,53
2,paced_2M_view,1,book,17408,17920,45
2,paced_2M_view,1,book,17920,18432,42
2,paced_2M_view,1,book,18432,18944,37
2,paced_2M_view,1,book,18944,19456,33
2,paced_2M_view,1,book,19456,19968,28
2,paced_2M_view,1,book,19968,20480,22
2,paced_2M_view,1,book,20480,20992,17
2,paced_2M_view,1,book,20992,21504,16
2,paced_2M_view,1,book,21504,22016,23
2,paced_2M_view,1,book,22016,22528,16
2,paced_2M_view,1,book,22528,23040,20
2,paced_2M_view,1,book,23040,23552,25
2,paced_2M_view,1,book,23552,24064,19
2,paced_2M_view,1,book,24064,24576,14
2,paced_2M_view,1,book,24576,25088,13
2,paced_2M_view,1,book,25088,25600,15
2,paced_2M_view,1,book,25600,26112,16
2,paced_2M_view,1,book,26112,26624,12
2,paced_2M_view,1,book,26624,27136,19
2,paced_2M_view,1,book,27136,27648,20
2,paced_2M_view,1,book,27648,28160,21
2,paced_2M_view,1,book,28160,28672,13
2,paced_2M_view,1,book,28672,29184,9
2,paced_2M_view,1,book,29184,29696,9
2,paced_2M_view,1,book,29696,30208,9
2,paced_2M_view,1,book,30208,30720,9
2,paced_2M_view,1,book,30720,31232,10
2,paced_2M_view,1,book,31232,31744,7
2,paced_2M_view,1,book,31744,32256,9
2,paced_2M_view,1,book,32256,32768,13
2,paced_2M_view,1,book,32768,33792,23
2,paced_2M_view,1,book,33792,34816,18
2,paced_2M_view,1,book,34816,35840,14
2,paced_2M_view,1,book,35840,36864,18
2,paced_2M_view,1,book,36864,37888,15
2,paced_2M_view,1,book,37888,38912,16
2,paced_2M_view,1,book,38912,39936,9
2,paced_2M_view,1,book,39936,40960,10
2,paced_2M_view,1,book,40960,41984,16
2,paced_2M_view,1,book,41984,43008,8
2,paced_2M_view,1,book,43008,44032,10
2,paced_2M_view,1,book,44032,45056,10
2,paced_2M_view,1,book,45056,46080,7
2,paced_2M_view,1,book,46080,47104,9
2,paced_2M_view,1,book,47104,48128,5
2,paced_2M_view,1,book,48128,49152,6
2,paced_2M_view,1,book,49152,50176,4
2,paced_2M_view,1,book,50176,51200,3
2,paced_2M_view,1,book,51200,52224,3
2,paced_2M_view,1,book,52224,53248,7
2,paced_2M_view,1,book,53248,54272,5
2,paced_2M_view,1,book,54272,55296,2
2,paced_2M_view,1,book,55296,56320,2
2,paced_2M_view,1,book,56320,57344,2
2,paced_2M_view,1,book,57344,58368,1
2,paced_2M_view,1,book,59392,60416,1
2,paced_2M_view,1,book,60416,61440,2
2,paced_2M_view,1,book,61440,62464,3
2,paced_2M_view,1,book,63488,64512,5
2,paced_2M_view,1,book,64512,65536,2
2,paced_2M_view,1,book,65536,67584,3
2,paced_2M_view,1,book,67584,69632,3
2,paced_2M_view,1,book,69632,71680,3
2,paced_2M_view,1,book,71680,73728,3
2,paced_2M_view,1,book,73728,75776,3
2,paced_2M_view,1,book,75776,77824,3
2,paced_2M_view,1,book,77824,79872,2
2,paced_2M_view,1,book,79872,81920,5
2,paced_2M_view,1,book,86016,88064,2
2,paced_2M_view,1,book,88064,90112,2
2,paced_2M_view,1,book,90112,92160,1
2,paced_2M_view,1,book,92160,94208,3
2,paced_2M_view,1,book,94208,96256,2
2,paced_2M_view,1,book,96256,98304,1
2,paced_2M_view,1,book,100352,102400,2
2,paced_2M_view,1,book,102400,104448,3
2,paced_2M_view,1,book,104448,106496,2
2,paced_2M_view,1,book,106496,108544,1
2,paced_2M_view,1,book,108544,110592,1
2,paced_2M_view,1,book,110592,112640,1
2,paced_2M_view,1,book,120832,122880,1
2,paced_2M_view,1,book,122880,124928,1
2,paced_2M_view,1,book,124928,126976,1
2,paced_2M_view,1,book,126976,129024,1
2,paced_2M_view,1,book,129024,131072,2
2,paced_2M_view,1,book,131072,135168,2
2,paced_2M_view,1,book,135168,139264,2
2,paced_2M_view,1,book,139264,143360,2
2,paced_2M_view,1,book,143360,147456,1
2,paced_2M_view,1,book,147456,151552,3
2,paced_2M_view,1,book,151552,155648,1
2,paced_2M_view,1,book,155648,159744,1
2,paced_2M_view,1,book,163840,167936,2
2,paced_2M_view,1,book,167936,172032,1
2,paced_2M_view,1,book,172032,176128,1
2,paced_2M_view,1,book,176128,180224,1
2,paced_2M_view,1,book,184320,188416,1
2,paced_2M_view,1,book,196608,200704,1
2,paced_2M_view,1,book,212992,217088,1
2,paced_2M_view,1,book,241664,245760,2
2,paced_2M_view,1,book,262144,270336,1
2,paced_2M_view,1,book,270336,278528,1
2,paced_2M_view,1,book,278528,286720,1
2,paced_2M_view,1,book,286720,294912,1
2,paced_2M_view,1,book,294912,303104,1
2,paced_2M_view,1,book,303104,311296,1
2,paced_2M_view,1,book,335872,344064,1
2,paced_2M_view,1,book,360448,368640,1
2,paced_2M_view,1,book,368640,376832,1
2,paced_2M_view,1,book,401408,409600,1
2,paced_2M_view,1,book,409600,417792,1
2,paced_2M_view,1,book,417792,425984,1
2,paced_2M_view,1,book,425984,434176,1
2,paced_2M_view,1,book,491520,499712,1
2,paced_2M_view,1,book,540672,557056,1
2,paced_2M_view,1,book,606208,622592,1
2,paced_2M_view,1,book,688128,704512,1
2,paced_2M_view,1,book,704512,720896,1
2,paced_2M_view,1,book,753664,770048,1
2,paced_2M_view,1,book,835584,851968,1
2,paced_2M_view,1,book,1.04858e+06,1.08134e+06,1
2,paced_2M_view,1,book,1.7367e+06,1.76947e+06,1
2,paced_2M_view,1,book,2.29376e+06,2.3593e+06,1
2,paced_2M_view,1,book,2.68698e+06,2.75251e+06,1
3,paced_2M_view,0,total,18,19,1
3,paced_2M_view,0,total,20,21,2
3,paced_2M_view,0,total,22,23,5
3,paced_2M_view,0,total,26,27,3
3,paced_2M_view,0,total,28,29,3
3,paced_2M_view,0,total,32,33,3
3,paced_2M_view,0,total,33,34,2
3,paced_2M_view,0,total,35,36,2
3,paced_2M_view,0,total,37,38,1
3,paced_2M_view,0,total,39,40,3
3,paced_2M_view,0,total,41,42,1446
3,paced_2M_view,0,total,42,43,1490
3,paced_2M_view,0,total,43,44,2868
3,paced_2M_view,0,total,44,45,1494
3,paced_2M_view,0,total,45,46,2988
3,paced_2M_view,0,total,46,47,1508
3,paced_2M_view,0,total,47,48,3025
3,paced_2M_view,0,total,48,49,1490
3,paced_2M_view,0,total,49,50,2950
3,paced_2M_view,0,total,50,51,1447
3,paced_2M_view,0,total,51,52,2947
3,paced_2M_view,0,total,52,53,1392
3,paced_2M_view,0,total,53,54,3092
3,paced_2M_view,0,total,54,55,1517
3,paced_2M_view,0,total,55,56,2982
3,paced_2M_view,0,total,56,57,1447
3,paced_2M_view,0,total,57,58,2937
3,paced_2M_view,0,total,58,59,1444
3,paced_2M_view,0,total,59,60,3082
3,paced_2M_view,0,total,60,61,1633
3,paced_2M_view,0,total,61,62,3208
3,paced_2M_view,0,total,62,63,1702
3,paced_2M_view,0,total,63,64,2927
3,paced_2M_view,0,total,64,66,4846
3,paced_2M_view,0,total,66,68,4830
3,paced_2M_view,0,total,68,70,4937
3,paced_2M_view,0,total,70,72,4796
3,paced_2M_view,0,total,72,74,4844
3,paced_2M_view,0,total,74,76,6404
3,paced_2M_view,0,total,76,78,4793
3,paced_2M_view,0,total,78,80,4588
3,paced_2M_view,0,total,80,82,4791
3,paced_2M_view,0,total,82,84,108022
3,paced_2M_view,0,total,84,86,315403
3,paced_2M_view,0,total,86,88,317357
3,paced_2M_view,0,total,88,90,316065
3,paced_2M_view,0,total,90,92,315942
3,paced_2M_view,0,total,92,94,317367
3,paced_2M_view,0,total,94,96,316361
3,paced_2M_view,0,total,96,98,315897
3,paced_2M_view,0,total,98,100,316731
3,paced_2M_view,0,total,100,102,315717
3,paced_2M_view,0,total,102,104,315468
3,paced_2M_view,0,total,104,106,317593
3,paced_2M_view,0,total,106,108,316003
3,paced_2M_view,0,total,108,110,316400
3,paced_2M_view,0,total,110,112,317212
3,paced_2M_view,0,total,112,114,316422
3,paced_2M_view,0,total,114,116,316449
3,paced_2M_view,0,total,116,118,528991
3,paced_2M_view,0,total,118,120,315716
3,paced_2M_view,0,total,120,122,316750
3,paced_2M_view,0,total,122,124,315814
3,paced_2M_view,0,total,124,126,257633
3,paced_2M_view,0,total,126,128,226584
3,paced_2M_view,0,total,128,132,453818
3,paced_2M_view,0,total,132,136,453753
3,paced_2M_view,0,total,136,140,454511
3,paced_2M_view,0,total,140,144,455391
3,paced_2M_view,0,total,144,148,456845
3,paced_2M_view,0,total,148,152,454002
3,paced_2M_view,0,total,152,156,455133
3,paced_2M_view,0,total,156,160,532427
3,paced_2M_view,0,total,160,164,456038
3,paced_2M_view,0,total,164,168,777325
3,paced_2M_view,0,total,168,172,1425115
3,paced_2M_view,0,total,172,176,1424057
3,paced_2M_view,0,total,176,180,1425176
3,paced_2M_view,0,total,180,184,1423954
3,paced_2M_view,0,total,184,188,1425903
3,paced_2M_view,0,total,188,192,1423242
3,paced_2M_view,0,total,192,196,1425097
3,paced_2M_view,0,total,196,200,1424107
3,paced_2M_view,0,total,200,204,1900467
3,paced_2M_view,0,total,204,208,1426939
3,paced_2M_view,0,total,208,212,544405
3,paced_2M_view,0,total,212,216,544850
3,paced_2M_view,0,total,216,220,544552
3,paced_2M_view,0,total,220,224,544553
3,paced_2M_view,0,total,224,228,541326
3,paced_2M_view,0,total,228,232,539233
3,paced_2M_view,0,total,232,236,540333
3,paced_2M_view,0,total,236,240,540107
3,paced_2M_view,0,total,240,244,630294
3,paced_2M_view,0,total,244,248,539149
3,paced_2M_view,0,total,248,252,350753
3,paced_2M_view,0,total,252,256,160802
3,paced_2M_view,0,total,256,264,321595
3,paced_2M_view,0,total,264,272,318004
3,paced_2M_view,0,total,272,280,318066
3,paced_2M_view,0,total,280,288,370522
3,paced_2M_view,0,total,288,296,273513
3,paced_2M_view,0,total,296,304,242310
3,paced_2M_view,0,total,304,312,242716
3,paced_2M_view,0,total,312,320,242758
3,paced_2M_view,0,total,320,328,261845
3,paced_2M_view,0,total,328,336,200041
3,paced_2M_view,0,total,336,344,116501
3,paced_2M_view,0,total,344,352,116956
3,paced_2M_view,0,total,352,360,115525
3,paced_2M_view,0,total,360,368,135150
3,paced_2M_view,0,total,368,376,107926
3,paced_2M_view,0,total,376,384,66308
3,paced_2M_view,0,total,384,392,66034
3,paced_2M_view,0,total,392,400,66218
3,paced_2M_view,0,total,400,408,66422
3,paced_2M_view,0,total,408,416,71439
3,paced_2M_view,0,total,416,424,46175
3,paced_2M_view,0,total,424,432,44135
3,paced_2M_view,0,total,432,440,43884
3,paced_2M_view,0,total,440,448,43895
3,paced_2M_view,0,total,448,456,51347
3,paced_2M_view,0,total,456,464,30633
3,paced_2M_view,0,total,464,472,26366
3,paced_2M_view,0,total,472,480,26238
3,paced_2M_view,0,total,480,488,26009
3,paced_2M_view,0,total,488,496,28480
3,paced_2M_view,0,total,496,504,21956
3,paced_2M_view,0,total,504,512,17719
3,paced_2M_view,0,total,512,528,35064
3,paced_2M_view,0,total,528,544,36394
3,paced_2M_view,0,total,544,560,23746
3,paced_2M_view,0,total,560,576,24353
3,paced_2M_view,0,total,576,592,19711
3,paced_2M_view,0,total,592,608,16135
3,paced_2M_view,0,total,608,624,17563
3,paced_2M_view,0,total,624,640,11229
3,paced_2M_view,0,total,640,656,10930
3,paced_2M_view,0,total,656,672,10399
3,paced_2M_view,0,total,672,688,7888
3,paced_2M_view,0,total,688,704,8450
3,paced_2M_view,0,total,704,720,6644
3,paced_2M_view,0,total,720,736,6261
3,paced_2M_view,0,total,736,752,6047
3,paced_2M_view,0,total,752,768,4831
3,paced_2M_view,0,total,768,784,4972
3,paced_2M_view,0,total,784,800,4459
3,paced_2M_view,0,total,800,816,3879
3,paced_2M_view,0,total,816,832,4032
3,paced_2M_view,0,total,832,848,3338
3,paced_2M_view,0,total,848,864,3202
3,paced_2M_view,0,total,864,880,3415
3,paced_2M_view,0,total,880,896,2762
3,paced_2M_view,0,total,896,912,2879
3,paced_2M_view,0,total,912,928,2563
3,paced_2M_view,0,total,928,944,2461
3,paced_2M_view,0,total,944,960,2571
3,paced_2M_view,0,total,960,976,2202
3,paced_2M_view,0,total,976,992,2155
3,paced_2M_view,0,total,992,1008,2161
3,paced_2M_view,0,total,1008,1024,1926
3,paced_2M_view,0,total,1024,1056,3826
3,paced_2M_view,0,total,1056,1088,3714
3,paced_2M_view,0,total,1088,1120,3582
3,paced_2M_view,0,total,1120,1152,3223
3,paced_2M_view,0,total,1152,1184,3235
3,paced_2M_view,0,total,1184,1216,3169
3,paced_2M_view,0,total,1216,1248,3146
3,paced_2M_view,0,total,1248,1280,2779
3,paced_2M_view,0,total,1280,1312,2868
3,paced_2M_view,0,total,1312,1344,2893
3,paced_2M_view,0,total,1344,1376,2875
3,paced_2M_view,0,total,1376,1408,2693
3,paced_2M_view,0,total,1408,1440,2584
3,paced_2M_view,0,total,1440,1472,2797
3,paced_2M_view,0,total,1472,1504,2651
3,paced_2M_view,0,total,1504,1536,2529
3,paced_2M_view,0,total,1536,1568,2384
3,paced_2M_view,0,total,1568,1600,2534
3,paced_2M_view,0,total,1600,1632,2497
3,paced_2M_view,0,total,1632,1664,2488
3,paced_2M_view,0,total,1664,1696,2399
3,paced_2M_view,0,total,1696,1728,2529
3,paced_2M_view,0,total,1728,1760,2499
3,paced_2M_view,0,total,1760,1792,2494
3,paced_2M_view,0,total,1792,1824,2358
3,paced_2M_view,0,total,1824,1856,2433
3,paced_2M_view,0,total,1856,1888,2416
3,paced_2M_view,0,total,1888,1920,2306
3,paced_2M_view,0,total,1920,1952,2314
3,paced_2M_view,0,total,1952,1984,2303
3,paced_2M_view,0,total,1984,2016,2296
3,paced_2M_view,0,total,2016,2048,2248
3,paced_2M_view,0,total,2048,2112,4727
3,paced_2M_view,0,total,2112,2176,4760
3,paced_2M_view,0,total,2176,2240,4678
3,paced_2M_view,0,total,2240,2304,4564
3,paced_2M_view,0,total,2304,2368,4470
3,paced_2M_view,0,total,2368,2432,4334
3,paced_2M_view,0,total,2432,2496,4800
3,paced_2M_view,0,total,2496,2560,4736
3,paced_2M_view,0,total,2560,2624,4727
3,paced_2M_view,0,total,2624,2688,4307
3,paced_2M_view,0,total,2688,2752,4178
3,paced_2M_view,0,total,2752,2816,4502
3,paced_2M_view,0,total,2816,2880,4494
3,paced_2M_view,0,total,2880,2944,4487
3,paced_2M_view,0,total,2944,3008,4244
3,paced_2M_view,0,total,3008,3072,3925
3,paced_2M_view,0,total,3072,3136,3901
3,paced_2M_view,0,total,3136,3200,3679
3,paced_2M_view,0,total,3200,3264,3575
3,paced_2M_view,0,total,3264,3328,3670
3,paced_2M_view,0,total,3328,3392,3583
3,paced_2M_view,0,total,3392,3456,3636
3,paced_2M_view,0,total,3456,3520,3480
3,paced_2M_view,0,total,3520,3584,3482
3,paced_2M_view,0,total,3584,3648,3378
3,paced_2M_view,0,total,3648,3712,3316
3,paced_2M_view,0,total,3712,3776,3270
3,paced_2M_view,0,total,3776,3840,3283
3,paced_2M_view,0,total,3840,3904,3371
3,paced_2M_view,0,total,3904,3968,3262
3,paced_2M_view,0,total,3968,4032,3048
3,paced_2M_view,0,total,4032,4096,3085
3,paced_2M_view,0,total,4096,4224,6187
3,paced_2M_view,0,total,4224,4352,6131
3,paced_2M_view,0,total,4352,4480,5792
3,paced_2M_view,0,total,4480,4608,5587
3,paced_2M_view,0,total,4608,4736,5710
3,paced_2M_view,0,total,4736,4864,5159
3,paced_2M_view,0,total,4864,4992,5016
3,paced_2M_view,0,total,4992,5120,5071
3,paced_2M_view,0,total,5120,5248,4642
3,paced_2M_view,0,total,5248,5376,4458
3,paced_2M_view,0,total,5376,5504,4318
3,paced_2M_view,0,total,5504,5632,4191
3,paced_2M_view,0,total,5632,5760,3992
3,paced_2M_view,0,total,5760,5888,3922
3,paced_2M_view,0,total,5888,6016,3834
3,paced_2M_view,0,total,6016,6144,3766
3,paced_2M_view,0,total,6144,6272,3657
3,paced_2M_view,0,total,6272,6400,3668
3,paced_2M_view,0,total,6400,6528,3569
3,paced_2M_view,0,total,6528,6656,3465
3,paced_2M_view,0,total,6656,6784,3480
3,paced_2M_view,0,total,6784,6912,3361
3,paced_2M_view,0,total,6912,7040,3365
3,paced_2M_view,0,total,7040,7168,3162
3,paced_2M_view,0,total,7168,7296,3204
3,paced_2M_view,0,total,7296,7424,3093
3,paced_2M_view,0,total,7424,7552,3032
3,paced_2M_view,0,total,7552,7680,2992
3,paced_2M_view,0,total,7680,7808,2958
3,paced_2M_view,0,total,7808,7936,2826
3,paced_2M_view,0,total,7936,8064,2868
3,paced_2M_view,0,total,8064,8192,2720
3,paced_2M_view,0,total,8192,8448,4905
3,paced_2M_view,0,total,8448,8704,4257
3,paced_2M_view,0,total,8704,8960,3760
3,paced_2M_view,0,total,8960,9216,3378
3,paced_2M_view,0,total,9216,9472,3155
3,paced_2M_view,0,total,9472,9728,2982
3,paced_2M_view,0,total,9728,9984,2944
3,paced_2M_view,0,total,9984,10240,2822
3,paced_2M_view,0,total,10240,10496,2750
3,paced_2M_view,0,total,10496,10752,2698
3,paced_2M_view,0,total,10752,11008,2658
3,paced_2M_view,0,total,11008,11264,2599
3,paced_2M_view,0,total,11264,11520,2593
3,paced_2M_view,0,total,11520,11776,2519
3,paced_2M_view,0,total,11776,12032,2577
3,paced_2M_view,0,total,12032,12288,2586
3,paced_2M_view,0,total,12288,12544,2518
3,paced_2M_view,0,total,12544,12800,2519
3,paced_2M_view,0,total,12800,13056,2515
3,paced_2M_view,0,total,13056,13312,2469
3,paced_2M_view,0,total,13312,13568,2465
3,paced_2M_view,0,total,13568,13824,2426
3,paced_2M_view,0,total,13824,14080,2348
3,paced_2M_view,0,total,14080,14336,2373
3,paced_2M_view,0,total,14336,14592,2255
3,paced_2M_view,0,total,14592,14848,2200
3,paced_2M_view,0,total,14848,15104,2253
3,paced_2M_view,0,total,15104,15360,2245
3,paced_2M_view,0,total,15360,15616,2155
3,paced_2M_view,0,total,15616,15872,2196
3,paced_2M_view,0,total,15872,16128,2228
3,paced_2M_view,0,total,16128,16384,2199
3,paced_2M_view,0,total,16384,16896,4435
3,paced_2M_view,0,total,16896,17408,4277
3,paced_2M_view,0,total,17408,17920,4186
3,paced_2M_view,0,total,17920,18432,4242
3,paced_2M_view,0,total,18432,18944,4125
3,paced_2M_view,0,total,18944,19456,4245
3,paced_2M_view,0,total,19456,19968,4115
3,paced_2M_view,0,total,19968,20480,3954
3,paced_2M_view,0,total,20480,20992,3741
3,paced_2M_view,0,total,20992,21504,3581
3,paced_2M_view,0,total,21504,22016,3534
3,paced_2M_view,0,total,22016,22528,3530
3,paced_2M_view,0,total,22528,23040,3457
3,paced_2M_view,0,total,23040,23552,3348
3,paced_2M_view,0,total,23552,24064,3312
3,paced_2M_view,0,total,24064,24576,3265
3,paced_2M_view,0,total,24576,25088,3250
3,paced_2M_view,0,total,25088,25600,3209
3,paced_2M_view,0,total,25600,26112,3158
3,paced_2M_view,0,total,26112,26624,3128
3,paced_2M_view,0,total,26624,27136,3053
3,paced_2M_view,0,total,27136,27648,2817
3,paced_2M_view,0,total,27648,28160,2776
3,paced_2M_view,0,total,28160,28672,2700
3,paced_2M_view,0,total,28672,29184,2596
3,paced_2M_view,0,total,29184,29696,2484
3,paced_2M_view,0,total,29696,30208,2572
3,paced_2M_view,0,total,30208,30720,2489
3,paced_2M_view,0,total,30720,31232,2460
3,paced_2M_view,0,total,31232,31744,2465
3,paced_2M_view,0,total,31744,32256,2599
3,paced_2M_view,0,total,32256,32768,2508
3,paced_2M_view,0,total,32768,33792,4821
3,paced_2M_view,0,total,33792,34816,4681
3,paced_2M_view,0,total,34816,35840,4420
3,paced_2M_view,0,total,35840,36864,4392
3,paced_2M_view,0,total,36864,37888,4034
3,paced_2M_view,0,total,37888,38912,3972
3,paced_2M_view,0,total,38912,39936,3810
3,paced_2M_view,0,total,39936,40960,3633
3,paced_2M_view,0,total,40960,41984,3540
3,paced_2M_view,0,total,41984,43008,3426
3,paced_2M_view,0,total,43008,44032,3378
3,paced_2M_view,0,total,44032,45056,3256
3,paced_2M_view,0,total,45056,46080,3131
3,paced_2M_view,0,total,46080,47104,2989
3,paced_2M_view,0,total,47104,48128,2810
3,paced_2M_view,0,total,48128,49152,2693
3,paced_2M_view,0,total,49152,50176,2579
3,paced_2M_view,0,total,50176,51200,2470
3,paced_2M_view,0,total,51200,52224,2326
3,paced_2M_view,0,total,52224,53248,2334
3,paced_2M_view,0,total,53248,54272,2131
3,paced_2M_view,0,total,54272,55296,2115
3,paced_2M_view,0,total,55296,56320,1899
3,paced_2M_view,0,total,56320,57344,1779
3,paced_2M_view,0,total,57344,58368,1720
3,paced_2M_view,0,total,58368,59392,1591
3,paced_2M_view,0,total,59392,60416,1509
3,paced_2M_view,0,total,60416,61440,1452
3,paced_2M_view,0,total,61440,62464,1372
3,paced_2M_view,0,total,62464,63488,1245
3,paced_2M_view,0,total,63488,64512,1216
3,paced_2M_view,0,total,64512,65536,1129
3,paced_2M_view,0,total,65536,67584,2027
3,paced_2M_view,0,total,67584,69632,1805
3,paced_2M_view,0,total,69632,71680,1590
3,paced_2M_view,0,total,71680,73728,1399
3,paced_2M_view,0,total,73728,75776,1122
3,paced_2M_view,0,total,75776,77824,983
3,paced_2M_view,0,total,77824,79872,948
3,paced_2M_view,0,total,79872,81920,902
3,paced_2M_view,0,total,81920,83968,819
3,paced_2M_view,0,total,83968,86016,787
3,paced_2M_view,0,total,86016,88064,799
3,paced_2M_view,0,total,88064,90112,788
3,paced_2M_view,0,total,90112,92160,854
3,paced_2M_view,0,total,92160,94208,802
3,paced_2M_view,0,total,94208,96256,782
3,paced_2M_view,0,total,96256,98304,798
3,paced_2M_view,0,total,98304,100352,727
3,paced_2M_view,0,total,100352,102400,737
3,paced_2M_view,0,total,102400,104448,738
3,paced_2M_view,0,total,104448,106496,691
3,paced_2M_view,0,total,106496,108544,691
3,paced_2M_view,0,total,108544,110592,664
3,paced_2M_view,0,total,110592,112640,576
3,paced_2M_view,0,total,112640,114688,620
3,paced_2M_view,0,total,114688,116736,641
3,paced_2M_view,0,total,116736,118784,627
3,paced_2M_view,0,total,118784,120832,606
3,paced_2M_view,0,total,120832,122880,600
3,paced_2M_view,0,total,122880,124928,555
3,paced_2M_view,0,total,124928,126976,533
3,paced_2M_view,0,total,126976,129024,517
3,paced_2M_view,0,total,129024,131072,519
3,paced_2M_view,0,total,131072,135168,1013
3,paced_2M_view,0,total,135168,139264,981
3,paced_2M_view,0,total,139264,143360,1040
3,paced_2M_view,0,total,143360,147456,986
3,paced_2M_view,0,total,147456,151552,908
3,paced_2M_view,0,total,151552,155648,867
3,paced_2M_view,0,total,155648,159744,856
3,paced_2M_view,0,total,159744,163840,811
3,paced_2M_view,0,total,163840,167936,848
3,paced_2M_view,0,total,167936,172032,925
3,paced_2M_view,0,total,172032,176128,830
3,paced_2M_view,0,total,176128,180224,756
3,paced_2M_view,0,total,180224,184320,680
3,paced_2M_view,0,total,184320,188416,695
3,paced_2M_view,0,total,188416,192512,638
3,paced_2M_view,0,total,192512,196608,709
3,paced_2M_view,0,total,196608,200704,672
3,paced_2M_view,0,total,200704,204800,624
3,paced_2M_view,0,total,204800,208896,597
3,paced_2M_view,0,total,208896,212992,610
3,paced_2M_view,0,total,212992,217088,543
3,paced_2M_view,0,total,217088,221184,516
3,paced_2M_view,0,total,221184,225280,502
3,paced_2M_view,0,total,225280,229376,437
3,paced_2M_view,0,total,229376,233472,499
3,paced_2M_view,0,total,233472,237568,475
3,paced_2M_view,0,total,237568,241664,398
3,paced_2M_view,0,total,241664,245760,363
3,paced_2M_view,0,total,245760,249856,364
3,paced_2M_view,0,total,249856,253952,422
3,paced_2M_view,0,total,253952,258048,434
3,paced_2M_view,0,total,258048,262144,343
3,paced_2M_view,0,total,262144,270336,648
3,paced_2M_view,0,total,270336,278528,664
3,paced_2M_view,0,total,278528,286720,672
3,paced_2M_view,0,total,286720,294912,691
3,paced_2M_view,0,total,294912,303104,727
3,paced_2M_view,0,total,303104,311296,774
3,paced_2M_view,0,total,311296,319488,707
3,paced_2M_view,0,total,319488,327680,652
3,paced_2M_view,0,total,327680,335872,571
3,paced_2M_view,0,total,335872,344064,494
3,paced_2M_view,0,total,344064,352256,445
3,paced_2M_view,0,total,352256,360448,480
3,paced_2M_view,0,total,360448,368640,436
3,paced_2M_view,0,total,368640,376832,384
3,paced_2M_view,0,total,376832,385024,332
3,paced_2M_view,0,total,385024,393216,357
3,paced_2M_view,0,total,393216,401408,364
3,paced_2M_view,0,total,401408,409600,420
3,paced_2M_view,0,total,409600,417792,413
3,paced_2M_view,0,total,417792,425984,392
3,paced_2M_view,0,total,425984,434176,357
3,paced_2M_view,0,total,434176,442368,363
3,paced_2M_view,0,total,442368,450560,406
3,paced_2M_view,0,total,450560,458752,418
3,paced_2M_view,0,total,458752,466944,417
3,paced_2M_view,0,total,466944,475136,303
3,paced_2M_view,0,total,475136,483328,278
3,paced_2M_view,0,total,483328,491520,277
3,paced_2M_view,0,total,491520,499712,294
3,paced_2M_view,0,total,499712,507904,233
3,paced_2M_view,0,total,507904,516096,188
3,paced_2M_view,0,total,516096,524288,189
3,paced_2M_view,0,total,524288,540672,376
3,paced_2M_view,0,total,540672,557056,371
3,paced_2M_view,0,total,557056,573440,283
3,paced_2M_view,0,total,573440,589824,264
3,paced_2M_view,0,total,589824,606208,226
3,paced_2M_view,0,total,606208,622592,293
3,paced_2M_view,0,total,622592,638976,231
3,paced_2M_view,0,total,638976,655360,207
3,paced_2M_view,0,total,655360,671744,200
3,paced_2M_view,0,total,671744,688128,215
3,paced_2M_view,0,total,688128,704512,238
3,paced_2M_view,0,total,704512,720896,228
3,paced_2M_view,0,total,720896,737280,102
3,paced_2M_view,0,total,737280,753664,136
3,paced_2M_view,0,total,753664,770048,73
3,paced_2M_view,0,total,770048,786432,78
3,paced_2M_view,0,total,786432,802816,96
3,paced_2M_view,0,total,802816,819200,115
3,paced_2M_view,0,total,819200,835584,181
3,paced_2M_view,0,total,835584,851968,87
3,paced_2M_view,0,total,851968,868352,77
3,paced_2M_view,0,total,868352,884736,71
3,paced_2M_view,0,total,884736,901120,96
3,paced_2M_view,0,total,901120,917504,86
3,paced_2M_view,0,total,917504,933888,54
3,paced_2M_view,0,queue,6,7,1
3,paced_2M_view,0,queue,18,19,678
3,paced_2M_view,0,queue,20,21,708
3,paced_2M_view,0,queue,22,23,673
3,paced_2M_view,0,queue,23,24,1
3,paced_2M_view,0,queue,24,25,690
3,paced_2M_view,0,queue,26,27,687
3,paced_2M_view,0,queue,28,29,680
3,paced_2M_view,0,queue,30,31,687
3,paced_2M_view,0,queue,32,33,707
3,paced_2M_view,0,queue,33,34,657
3,paced_2M_view,0,queue,35,36,656
3,paced_2M_view,0,queue,37,38,666
3,paced_2M_view,0,queue,39,40,676
3,paced_2M_view,0,queue,41,42,394517
3,paced_2M_view,0,queue,42,43,395409
3,paced_2M_view,0,queue,43,44,789090
3,paced_2M_view,0,queue,44,45,395147
3,paced_2M_view,0,queue,45,46,789697
3,paced_2M_view,0,queue,46,47,394307
3,paced_2M_view,0,queue,47,48,790620
3,paced_2M_view,0,queue,48,49,394632
3,paced_2M_view,0,queue,49,50,789346
3,paced_2M_view,0,queue,50,51,394854
3,paced_2M_view,0,queue,51,52,790885
3,paced_2M_view,0,queue,52,53,395224
3,paced_2M_view,0,queue,53,54,790838
3,paced_2M_view,0,queue,54,55,395616
3,paced_2M_view,0,queue,55,56,789494
3,paced_2M_view,0,queue,56,57,395675
3,paced_2M_view,0,queue,57,58,789856
3,paced_2M_view,0,queue,58,59,395872
3,paced_2M_view,0,queue,59,60,789294
3,paced_2M_view,0,queue,60,61,394273
3,paced_2M_view,0,queue,61,62,788882
3,paced_2M_view,0,queue,62,63,394658
3,paced_2M_view,0,queue,63,64,788656
3,paced_2M_view,0,queue,64,66,1182793
3,paced_2M_view,0,queue,66,68,1183186
3,paced_2M_view,0,queue,68,70,1182761
3,paced_2M_view,0,queue,70,72,1183987
3,paced_2M_view,0,queue,72,74,1183843
3,paced_2M_view,0,queue,74,76,1578839
3,paced_2M_view,0,queue,76,78,1185083
3,paced_2M_view,0,queue,78,80,1183956
3,paced_2M_view,0,queue,80,82,1184399
3,paced_2M_view,0,queue,82,84,974082
3,paced_2M_view,0,queue,84,86,551388
3,paced_2M_view,0,queue,86,88,551784
3,paced_2M_view,0,queue,88,90,552024
3,paced_2M_view,0,queue,90,92,551190
3,paced_2M_view,0,queue,92,94,551269
3,paced_2M_view,0,queue,94,96,549902
3,paced_2M_view,0,queue,96,98,551658
3,paced_2M_view,0,queue,98,100,550407
3,paced_2M_view,0,queue,100,102,551141
3,paced_2M_view,0,queue,102,104,550149
3,paced_2M_view,0,queue,104,106,552401
3,paced_2M_view,0,queue,106,108,551301
3,paced_2M_view,0,queue,108,110,550783
3,paced_2M_view,0,queue,110,112,551391
3,paced_2M_view,0,queue,112,114,551234
3,paced_2M_view,0,queue,114,116,551234
3,paced_2M_view,0,queue,116,118,918336
3,paced_2M_view,0,queue,118,120,549425
3,paced_2M_view,0,queue,120,122,551075
3,paced_2M_view,0,queue,122,124,550932
3,paced_2M_view,0,queue,124,126,186521
3,paced_2M_view,0,queue,126,128,5087
3,paced_2M_view,0,queue,128,132,9758
3,paced_2M_view,0,queue,132,136,9852
3,paced_2M_view,0,queue,136,140,9794
3,paced_2M_view,0,queue,140,144,8817
3,paced_2M_view,0,queue,144,148,7357
3,paced_2M_view,0,queue,148,152,7297
3,paced_2M_view,0,queue,152,156,7245
3,paced_2M_view,0,queue,156,160,8592
3,paced_2M_view,0,queue,160,164,7099
3,paced_2M_view,0,queue,164,168,7564
3,paced_2M_view,0,queue,168,172,7477
3,paced_2M_view,0,queue,172,176,7536
3,paced_2M_view,0,queue,176,180,7777
3,paced_2M_view,0,queue,180,184,7305
3,paced_2M_view,0,queue,184,188,7676
3,paced_2M_view,0,queue,188,192,7360
3,paced_2M_view,0,queue,192,196,7665
3,paced_2M_view,0,queue,196,200,7896
3,paced_2M_view,0,queue,200,204,9934
3,paced_2M_view,0,queue,204,208,7396
3,paced_2M_view,0,queue,208,212,3723
3,paced_2M_view,0,queue,212,216,3824
3,paced_2M_view,0,queue,216,220,3605
3,paced_2M_view,0,queue,220,224,3779
3,paced_2M_view,0,queue,224,228,3833
3,paced_2M_view,0,queue,228,232,3591
3,paced_2M_view,0,queue,232,236,3637
3,paced_2M_view,0,queue,236,240,3925
3,paced_2M_view,0,queue,240,244,4270
3,paced_2M_view,0,queue,244,248,3484
3,paced_2M_view,0,queue,248,252,3115
3,paced_2M_view,0,queue,252,256,2423
3,paced_2M_view,0,queue,256,264,4978
3,paced_2M_view,0,queue,264,272,4859
3,paced_2M_view,0,queue,272,280,4816
3,paced_2M_view,0,queue,280,288,5707
3,paced_2M_view,0,queue,288,296,3726
3,paced_2M_view,0,queue,296,304,2872
3,paced_2M_view,0,queue,304,312,2842
3,paced_2M_view,0,queue,312,320,2994
3,paced_2M_view,0,queue,320,328,3063
3,paced_2M_view,0,queue,328,336,2519
3,paced_2M_view,0,queue,336,344,2223
3,paced_2M_view,0,queue,344,352,2114
3,paced_2M_view,0,queue,352,360,2125
3,paced_2M_view,0,queue,360,368,2474
3,paced_2M_view,0,queue,368,376,2094
3,paced_2M_view,0,queue,376,384,1791
3,paced_2M_view,0,queue,384,392,1697
3,paced_2M_view,0,queue,392,400,1716
3,paced_2M_view,0,queue,400,408,1718
3,paced_2M_view,0,queue,408,416,1888
3,paced_2M_view,0,queue,416,424,1481
3,paced_2M_view,0,queue,424,432,1361
3,paced_2M_view,0,queue,432,440,1464
3,paced_2M_view,0,queue,440,448,1356
3,paced_2M_view,0,queue,448,456,1675
3,paced_2M_view,0,queue,456,464,1317
3,paced_2M_view,0,queue,464,472,1244
3,paced_2M_view,0,queue,472,480,1231
3,paced_2M_view,0,queue,480,488,1277
3,paced_2M_view,0,queue,488,496,1335
3,paced_2M_view,0,queue,496,504,1235
3,paced_2M_view,0,queue,504,512,1038
3,paced_2M_view,0,queue,512,528,2091
3,paced_2M_view,0,queue,528,544,2219
3,paced_2M_view,0,queue,544,560,1712
3,paced_2M_view,0,queue,560,576,1788
3,paced_2M_view,0,queue,576,592,1872
3,paced_2M_view,0,queue,592,608,1977
3,paced_2M_view,0,queue,608,624,2140
3,paced_2M_view,0,queue,624,640,1801
3,paced_2M_view,0,queue,640,656,1865
3,paced_2M_view,0,queue,656,672,1840
3,paced_2M_view,0,queue,672,688,1615
3,paced_2M_view,0,queue,688,704,1790
3,paced_2M_view,0,queue,704,720,1681
3,paced_2M_view,0,queue,720,736,1600
3,paced_2M_view,0,queue,736,752,1675
3,paced_2M_view,0,queue,752,768,1488
3,paced_2M_view,0,queue,768,784,1609
3,paced_2M_view,0,queue,784,800,1555
3,paced_2M_view,0,queue,800,816,1410
3,paced_2M_view,0,queue,816,832,1492
3,paced_2M_view,0,queue,832,848,1488
3,paced_2M_view,0,queue,848,864,1421
3,paced_2M_view,0,queue,864,880,1596
3,paced_2M_view,0,queue,880,896,1428
3,paced_2M_view,0,queue,896,912,1530
3,paced_2M_view,0,queue,912,928,1377
3,paced_2M_view,0,queue,928,944,1347
3,paced_2M_view,0,queue,944,960,1416
3,paced_2M_view,0,queue,960,976,1330
3,paced_2M_view,0,queue,976,992,1414
3,paced_2M_view,0,queue,992,1008,1398
3,paced_2M_view,0,queue,1008,1024,1330
3,paced_2M_view,0,queue,1024,1056,2548
3,paced_2M_view,0,queue,1056,1088,2433
3,paced_2M_view,0,queue,1088,1120,2603
3,paced_2M_view,0,queue,1120,1152,2626
3,paced_2M_view,0,queue,1152,1184,2462
3,paced_2M_view,0,queue,1184,1216,2584
3,paced_2M_view,0,queue,1216,1248,2531
3,paced_2M_view,0,queue,1248,1280,2610
3,paced_2M_view,0,queue,1280,1312,2476
3,paced_2M_view,0,queue,1312,1344,2479
3,paced_2M_view,0,queue,1344,1376,2514
3,paced_2M_view,0,queue,1376,1408,2342
3,paced_2M_view,0,queue,1408,1440,2402
3,paced_2M_view,0,queue,1440,1472,2365
3,paced_2M_view,0,queue,1472,1504,2316
3,paced_2M_view,0,queue,1504,1536,2335
3,paced_2M_view,0,queue,1536,1568,2184
3,paced_2M_view,0,queue,1568,1600,2372
3,paced_2M_view,0,queue,1600,1632,2514
3,paced_2M_view,0,queue,1632,1664,2393
3,paced_2M_view,0,queue,1664,1696,2382
3,paced_2M_view,0,queue,1696,1728,2367
3,paced_2M_view,0,queue,1728,1760,2364
3,paced_2M_view,0,queue,1760,1792,2369
3,paced_2M_view,0,queue,1792,1824,2231
3,paced_2M_view,0,queue,1824,1856,2205
3,paced_2M_view,0,queue,1856,1888,2273
3,paced_2M_view,0,queue,1888,1920,2165
3,paced_2M_view,0,queue,1920,1952,2273
3,paced_2M_view,0,queue,1952,1984,2270
3,paced_2M_view,0,queue,1984,2016,2321
3,paced_2M_view,0,queue,2016,2048,2470
3,paced_2M_view,0,queue,2048,2112,4656
3,paced_2M_view,0,queue,2112,2176,4570
3,paced_2M_view,0,queue,2176,2240,4297
3,paced_2M_view,0,queue,2240,2304,4331
3,paced_2M_view,0,queue,2304,2368,4628
3,paced_2M_view,0,queue,2368,2432,4813
3,paced_2M_view,0,queue,2432,2496,4880
3,paced_2M_view,0,queue,2496,2560,4196
3,paced_2M_view,0,queue,2560,2624,4144
3,paced_2M_view,0,queue,2624,2688,3893
3,paced_2M_view,0,queue,2688,2752,3719
3,paced_2M_view,0,queue,2752,2816,3709
3,paced_2M_view,0,queue,2816,2880,3824
3,paced_2M_view,0,queue,2880,2944,3625
3,paced_2M_view,0,queue,2944,3008,3716
3,paced_2M_view,0,queue,3008,3072,3497
3,paced_2M_view,0,queue,3072,3136,3583
3,paced_2M_view,0,queue,3136,3200,3428
3,paced_2M_view,0,queue,3200,3264,3514
3,paced_2M_view,0,queue,3264,3328,3441
3,paced_2M_view,0,queue,3328,3392,3495
3,paced_2M_view,0,queue,3392,3456,3491
3,paced_2M_view,0,queue,3456,3520,3244
3,paced_2M_view,0,queue,3520,3584,3214
3,paced_2M_view,0,queue,3584,3648,3229
3,paced_2M_view,0,queue,3648,3712,3205
3,paced_2M_view,0,queue,3712,3776,3271
3,paced_2M_view,0,queue,3776,3840,3248
3,paced_2M_view,0,queue,3840,3904,3141
3,paced_2M_view,0,queue,3904,3968,3003
3,paced_2M_view,0,queue,3968,4032,2967
3,paced_2M_view,0,queue,4032,4096,2933
3,paced_2M_view,0,queue,4096,4224,6168
3,paced_2M_view,0,queue,4224,4352,5808
3,paced_2M_view,0,queue,4352,4480,5548
3,paced_2M_view,0,queue,4480,4608,5514
3,paced_2M_view,0,queue,4608,4736,5135
3,paced_2M_view,0,queue,4736,4864,5051
3,paced_2M_view,0,queue,4864,4992,4825
3,paced_2M_view,0,queue,4992,5120,4610
3,paced_2M_view,0,queue,5120,5248,4380
3,paced_2M_view,0,queue,5248,5376,4308
3,paced_2M_view,0,queue,5376,5504,4093
3,paced_2M_view,0,queue,5504,5632,3977
3,paced_2M_view,0,queue,5632,5760,3908
3,paced_2M_view,0,queue,5760,5888,3808
3,paced_2M_view,0,queue,5888,6016,3708
3,paced_2M_view,0,queue,6016,6144,3701
3,paced_2M_view,0,queue,6144,6272,3691
3,paced_2M_view,0,queue,6272,6400,3586
3,paced_2M_view,0,queue,6400,6528,3442
3,paced_2M_view,0,queue,6528,6656,3384
3,paced_2M_view,0,queue,6656,6784,3356
3,paced_2M_view,0,queue,6784,6912,3276
3,paced_2M_view,0,queue,6912,7040,3188
3,paced_2M_view,0,queue,7040,7168,3183
3,paced_2M_view,0,queue,7168,7296,3162
3,paced_2M_view,0,queue,7296,7424,3029
3,paced_2M_view,0,queue,7424,7552,2982
3,paced_2M_view,0,queue,7552,7680,2998
3,paced_2M_view,0,queue,7680,7808,2897
3,paced_2M_view,0,queue,7808,7936,2777
3,paced_2M_view,0,queue,7936,8064,2786
3,paced_2M_view,0,queue,8064,8192,2511
3,paced_2M_view,0,queue,8192,8448,4419
3,paced_2M_view,0,queue,8448,8704,3843
3,paced_2M_view,0,queue,8704,8960,3477
3,paced_2M_view,0,queue,8960,9216,3232
3,paced_2M_view,0,queue,9216,9472,3026
3,paced_2M_view,0,queue,9472,9728,2874
3,paced_2M_view,0,queue,9728,9984,2815
3,paced_2M_view,0,queue,9984,10240,2768
3,paced_2M_view,0,queue,10240,10496,2743
3,paced_2M_view,0,queue,10496,10752,2641
3,paced_2M_view,0,queue,10752,11008,2620
3,paced_2M_view,0,queue,11008,11264,2526
3,paced_2M_view,0,queue,11264,11520,2650
3,paced_2M_view,0,queue,11520,11776,2569
3,paced_2M_view,0,queue,11776,12032,2574
3,paced_2M_view,0,queue,12032,12288,2557
3,paced_2M_view,0,queue,12288,12544,2557
3,paced_2M_view,0,queue,12544,12800,2454
3,paced_2M_view,0,queue,12800,13056,2555
3,paced_2M_view,0,queue,13056,13312,2462
3,paced_2M_view,0,queue,13312,13568,2396
3,paced_2M_view,0,queue,13568,13824,2382
3,paced_2M_view,0,queue,13824,14080,2314
3,paced_2M_view,0,queue,14080,14336,2262
3,paced_2M_view,0,queue,14336,14592,2282
3,paced_2M_view,0,queue,14592,14848,2222
3,paced_2M_view,0,queue,14848,15104,2198
3,paced_2M_view,0,queue,15104,15360,2224
3,paced_2M_view,0,queue,15360,15616,2203
3,paced_2M_view,0,queue,15616,15872,2213
3,paced_2M_view,0,queue,15872,16128,2260
3,paced_2M_view,0,queue,16128,16384,2261
3,paced_2M_view,0,queue,16384,16896,4465
3,paced_2M_view,0,queue,16896,17408,4255
3,paced_2M_view,0,queue,17408,17920,4302
3,paced_2M_view,0,queue,17920,18432,4255
3,paced_2M_view,0,queue,18432,18944,4275
3,paced_2M_view,0,queue,18944,19456,4137
3,paced_2M_view,0,queue,19456,19968,3980
3,paced_2M_view,0,queue,19968,20480,3834
3,paced_2M_view,0,queue,20480,20992,3691
3,paced_2M_view,0,queue,20992,21504,3507
3,paced_2M_view,0,queue,21504,22016,3539
3,paced_2M_view,0,queue,22016,22528,3472
3,paced_2M_view,0,queue,22528,23040,3396
3,paced_2M_view,0,queue,23040,23552,3324
3,paced_2M_view,0,queue,23552,24064,3227
3,paced_2M_view,0,queue,24064,24576,3342
3,paced_2M_view,0,queue,24576,25088,3223
3,paced_2M_view,0,queue,25088,25600,3183
3,paced_2M_view,0,queue,25600,26112,3060
3,paced_2M_view,0,queue,26112,26624,3165
3,paced_2M_view,0,queue,26624,27136,2920
3,paced_2M_view,0,queue,27136,27648,2816
3,paced_2M_view,0,queue,27648,28160,2724
3,paced_2M_view,0,queue,28160,28672,2644
3,paced_2M_view,0,queue,28672,29184,2544
3,paced_2M_view,0,queue,29184,29696,2545
3,paced_2M_view,0,queue,29696,30208,2507
3,paced_2M_view,0,queue,30208,30720,2494
3,paced_2M_view,0,queue,30720,31232,2464
3,paced_2M_view,0,queue,31232,31744,2572
3,paced_2M_view,0,queue,31744,32256,2500
3,paced_2M_view,0,queue,32256,32768,2444
3,paced_2M_view,0,queue,32768,33792,4793
3,paced_2M_view,0,queue,33792,34816,4620
3,paced_2M_view,0,queue,34816,35840,4355
3,paced_2M_view,0,queue,35840,36864,4339
3,paced_2M_view,0,queue,36864,37888,4034
3,paced_2M_view,0,queue,37888,38912,3941
3,paced_2M_view,0,queue,38912,39936,3766
3,paced_2M_view,0,queue,39936,40960,3557
3,paced_2M_view,0,queue,40960,41984,3544
3,paced_2M_view,0,queue,41984,43008,3418
3,paced_2M_view,0,queue,43008,44032,3313
3,paced_2M_view,0,queue,44032,45056,3282
3,paced_2M_view,0,queue,45056,46080,3045
3,paced_2M_view,0,queue,46080,47104,2945
3,paced_2M_view,0,queue,47104,48128,2745
3,paced_2M_view,0,queue,48128,49152,2675
3,paced_2M_view,0,queue,49152,50176,2544
3,paced_2M_view,0,queue,50176,51200,2406
3,paced_2M_view,0,queue,51200,52224,2313
3,paced_2M_view,0,queue,52224,53248,2271
3,paced_2M_view,0,queue,53248,54272,2142
3,paced_2M_view,0,queue,54272,55296,2051
3,paced_2M_view,0,queue,55296,56320,1832
3,paced_2M_view,0,queue,56320,57344,1768
3,paced_2M_view,0,queue,57344,58368,1676
3,paced_2M_view,0,queue,58368,59392,1566
3,paced_2M_view,0,queue,59392,60416,1493
3,paced_2M_view,0,queue,60416,61440,1456
3,paced_2M_view,0,queue,61440,62464,1295
3,paced_2M_view,0,queue,62464,63488,1228
3,paced_2M_view,0,queue,63488,64512,1183
3,paced_2M_view,0,queue,64512,65536,1118
3,paced_2M_view,0,queue,65536,67584,2003
3,paced_2M_view,0,queue,67584,69632,1759
3,paced_2M_view,0,queue,69632,71680,1561
3,paced_2M_view,0,queue,71680,73728,1359
3,paced_2M_view,0,queue,73728,75776,1087
3,paced_2M_view,0,queue,75776,77824,979
3,paced_2M_view,0,queue,77824,79872,931
3,paced_2M_view,0,queue,79872,81920,905
3,paced_2M_view,0,queue,81920,83968,804
3,paced_2M_view,0,queue,83968,86016,787
3,paced_2M_view,0,queue,86016,88064,810
3,paced_2M_view,0,queue,88064,90112,792
3,paced_2M_view,0,queue,90112,92160,837
3,paced_2M_view,0,queue,92160,94208,796
3,paced_2M_view,0,queue,94208,96256,808
3,paced_2M_view,0,queue,96256,98304,772
3,paced_2M_view,0,queue,98304,100352,716
3,paced_2M_view,0,queue,100352,102400,758
3,paced_2M_view,0,queue,102400,104448,732
3,paced_2M_view,0,queue,104448,106496,674
3,paced_2M_view,0,queue,106496,108544,692
3,paced_2M_view,0,queue,108544,110592,644
3,paced_2M_view,0,queue,110592,112640,598
3,paced_2M_view,0,queue,112640,114688,612
3,paced_2M_view,0,queue,114688,116736,641
3,paced_2M_view,0,queue,116736,118784,630
3,paced_2M_view,0,queue,118784,120832,593
3,paced_2M_view,0,queue,120832,122880,607
3,paced_2M_view,0,queue,122880,124928,545
3,paced_2M_view,0,queue,124928,126976,524
3,paced_2M_view,0,queue,126976,129024,529
3,paced_2M_view,0,queue,129024,131072,517
3,paced_2M_view,0,queue,131072,135168,986
3,paced_2M_view,0,queue,135168,139264,1011
3,paced_2M_view,0,queue,139264,143360,1031
3,paced_2M_view,0,queue,143360,147456,978
3,paced_2M_view,0,queue,147456,151552,900
3,paced_2M_view,0,queue,151552,155648,870
3,paced_2M_view,0,queue,155648,159744,855
3,paced_2M_view,0,queue,159744,163840,808
3,paced_2M_view,0,queue,163840,167936,865
3,paced_2M_view,0,queue,167936,172032,934
3,paced_2M_view,0,queue,172032,176128,811
3,paced_2M_view,0,queue,176128,180224,756
3,paced_2M_view,0,queue,180224,184320,676
3,paced_2M_view,0,queue,184320,188416,681
3,paced_2M_view,0,queue,188416,192512,643
3,paced_2M_view,0,queue,192512,196608,711
3,paced_2M_view,0,queue,196608,200704,675
3,paced_2M_view,0,queue,200704,204800,615
3,paced_2M_view,0,queue,204800,208896,590
3,paced_2M_view,0,queue,208896,212992,614
3,paced_2M_view,0,queue,212992,217088,545
3,paced_2M_view,0,queue,217088,221184,507
3,paced_2M_view,0,queue,221184,225280,502
3,paced_2M_view,0,queue,225280,229376,444
3,paced_2M_view,0,queue,229376,233472,494
3,paced_2M_view,0,queue,233472,237568,470
3,paced_2M_view,0,queue,237568,241664,392
3,paced_2M_view,0,queue,241664,245760,358
3,paced_2M_view,0,queue,245760,249856,373
3,paced_2M_view,0,queue,249856,253952,421
3,paced_2M_view,0,queue,253952,258048,432
3,paced_2M_view,0,queue,258048,262144,348
3,paced_2M_view,0,queue,262144,270336,635
3,paced_2M_view,0,queue,270336,278528,667
3,paced_2M_view,0,queue,278528,286720,671
3,paced_2M_view,0,queue,286720,294912,707
3,paced_2M_view,0,queue,294912,303104,719
3,paced_2M_view,0,queue,303104,311296,774
3,paced_2M_view,0,queue,311296,319488,714
3,paced_2M_view,0,queue,319488,327680,635
3,paced_2M_view,0,queue,327680,335872,575
3,paced_2M_view,0,queue,335872,344064,485
3,paced_2M_view,0,queue,344064,352256,454
3,paced_2M_view,0,queue,352256,360448,487
3,paced_2M_view,0,queue,360448,368640,422
3,paced_2M_view,0,queue,368640,376832,381
3,paced_2M_view,0,queue,376832,385024,330
3,paced_2M_view,0,queue,385024,393216,360
3,paced_2M_view,0,queue,393216,401408,368
3,paced_2M_view,0,queue,401408,409600,419
3,paced_2M_view,0,queue,409600,417792,409
3,paced_2M_view,0,queue,417792,425984,396
3,paced_2M_view,0,queue,425984,434176,354
3,paced_2M_view,0,queue,434176,442368,364
3,paced_2M_view,0,queue,442368,450560,405
3,paced_2M_view,0,queue,450560,458752,422
3,paced_2M_view,0,queue,458752,466944,413
3,paced_2M_view,0,queue,466944,475136,303
3,paced_2M_view,0,queue,475136,483328,274
3,paced_2M_view,0,queue,483328,491520,278
3,paced_2M_view,0,queue,491520,499712,295
3,paced_2M_view,0,queue,499712,507904,231
3,paced_2M_view,0,queue,507904,516096,188
3,paced_2M_view,0,queue,516096,524288,189
3,paced_2M_view,0,queue,524288,540672,373
3,paced_2M_view,0,queue,540672,557056,373
3,paced_2M_view,0,queue,557056,573440,281
3,paced_2M_view,0,queue,573440,589824,265
3,paced_2M_view,0,queue,589824,606208,229
3,paced_2M_view,0,queue,606208,622592,291
3,paced_2M_view,0,queue,622592,638976,233
3,paced_2M_view,0,queue,638976,655360,204
3,paced_2M_view,0,queue,655360,671744,198
3,paced_2M_view,0,queue,671744,688128,216
3,paced_2M_view,0,queue,688128,704512,246
3,paced_2M_view,0,queue,704512,720896,218
3,paced_2M_view,0,queue,720896,737280,102
3,paced_2M_view,0,queue,737280,753664,135
3,paced_2M_view,0,queue,753664,770048,76
3,paced_2M_view,0,queue,770048,786432,75
3,paced_2M_view,0,queue,786432,802816,96
3,paced_2M_view,0,queue,802816,819200,119
3,paced_2M_view,0,queue,819200,835584,177
3,paced_2M_view,0,queue,835584,851968,86
3,paced_2M_view,0,queue,851968,868352,78
3,paced_2M_view,0,queue,868352,884736,70
3,paced_2M_view,0,queue,884736,901120,96
3,paced_2M_view,0,queue,901120,917504,86
3,paced_2M_view,0,queue,917504,933888,53
3,paced_2M_view,0,book,0,1,1232477
3,paced_2M_view,0,book,17,18,1973
3,paced_2M_view,0,book,18,19,2706
3,paced_2M_view,0,book,41,42,2619549
3,paced_2M_view,0,book,42,43,5369152
3,paced_2M_view,0,book,58,59,4250
3,paced_2M_view,0,book,59,60,7347
3,paced_2M_view,0,book,60,61,2230
3,paced_2M_view,0,book,82,84,4391284
3,paced_2M_view,0,book,84,86,2214051
3,paced_2M_view,0,book,100,102,30598
3,paced_2M_view,0,book,102,104,5025
3,paced_2M_view,0,book,124,126,14495261
3,paced_2M_view,0,book,140,144,42886
3,paced_2M_view,0,book,164,168,3651052
3,paced_2M_view,0,book,180,184,3260
3,paced_2M_view,0,book,184,188,12409
3,paced_2M_view,0,book,208,212,1452162
3,paced_2M_view,0,book,224,228,9498
3,paced_2M_view,0,book,248,252,1116135
3,paced_2M_view,0,book,264,272,7226
3,paced_2M_view,0,book,288,296,479961
3,paced_2M_view,0,book,304,312,4024
3,paced_2M_view,0,book,328,336,302694
3,paced_2M_view,0,book,344,352,2579
3,paced_2M_view,0,book,352,360,502
3,paced_2M_view,0,book,368,376,195241
3,paced_2M_view,0,book,392,400,2001
3,paced_2M_view,0,book,416,424,115252
3,paced_2M_view,0,book,432,440,1378
3,paced_2M_view,0,book,456,464,80479
3,paced_2M_view,0,book,472,480,1022
3,paced_2M_view,0,book,496,504,49575
3,paced_2M_view,0,book,512,528,742
3,paced_2M_view,0,book,528,544,32976
3,paced_2M_view,0,book,544,560,319
3,paced_2M_view,0,book,560,576,167
3,paced_2M_view,0,book,576,592,21650
3,paced_2M_view,0,book,592,608,403
3,paced_2M_view,0,book,624,640,15023
3,paced_2M_view,0,book,640,656,289
3,paced_2M_view,0,book,656,672,10585
3,paced_2M_view,0,book,672,688,233
3,paced_2M_view,0,book,704,720,7645
3,paced_2M_view,0,book,720,736,196
3,paced_2M_view,0,book,736,752,5725
3,paced_2M_view,0,book,752,768,55
3,paced_2M_view,0,book,768,784,79
3,paced_2M_view,0,book,784,800,4378
3,paced_2M_view,0,book,800,816,92
3,paced_2M_view,0,book,832,848,3274
3,paced_2M_view,0,book,848,864,69
3,paced_2M_view,0,book,864,880,2526
3,paced_2M_view,0,book,880,896,75
3,paced_2M_view,0,book,912,928,1931
3,paced_2M_view,0,book,928,944,60
3,paced_2M_view,0,book,944,960,1508
3,paced_2M_view,0,book,960,976,7
3,paced_2M_view,0,book,976,992,43
3,paced_2M_view,0,book,992,1008,1161
3,paced_2M_view,0,book,1008,1024,36
3,paced_2M_view,0,book,1024,1056,1069
3,paced_2M_view,0,book,1056,1088,827
3,paced_2M_view,0,book,1088,1120,22
3,paced_2M_view,0,book,1120,1152,728
3,paced_2M_view,0,book,1152,1184,568
3,paced_2M_view,0,book,1184,1216,519
3,paced_2M_view,0,book,1216,1248,30
3,paced_2M_view,0,book,1248,1280,449
3,paced_2M_view,0,book,1280,1312,400
3,paced_2M_view,0,book,1312,1344,306
3,paced_2M_view,0,book,1344,1376,277
3,paced_2M_view,0,book,1376,1408,13
3,paced_2M_view,0,book,1408,1440,263
3,paced_2M_view,0,book,1440,1472,197
3,paced_2M_view,0,book,1472,1504,190
3,paced_2M_view,0,book,1504,1536,7
3,paced_2M_view,0,book,1536,1568,177
3,paced_2M_view,0,book,1568,1600,153
3,paced_2M_view,0,book,1600,1632,139
3,paced_2M_view,0,book,1632,1664,6
3,paced_2M_view,0,book,1664,1696,141
3,paced_2M_view,0,book,1696,1728,120
3,paced_2M_view,0,book,1728,1760,104
3,paced_2M_view,0,book,1760,1792,35
3,paced_2M_view,0,book,1792,1824,57
3,paced_2M_view,0,book,1824,1856,92
3,paced_2M_view,0,book,1856,1888,83
3,paced_2M_view,0,book,1888,1920,69
3,paced_2M_view,0,book,1920,1952,5
3,paced_2M_view,0,book,1952,1984,73
3,paced_2M_view,0,book,1984,2016,72
3,paced_2M_view,0,book,2016,2048,40
3,paced_2M_view,0,book,2048,2112,54
3,paced_2M_view,0,book,2112,2176,86
3,paced_2M_view,0,book,2176,2240,38
3,paced_2M_view,0,book,2240,2304,79
3,paced_2M_view,0,book,2304,2368,38
3,paced_2M_view,0,book,2368,2432,84
3,paced_2M_view,0,book,2432,2496,39
3,paced_2M_view,0,book,2496,2560,80
3,paced_2M_view,0,book,2560,2624,36
3,paced_2M_view,0,book,2624,2688,103
3,paced_2M_view,0,book,2688,2752,832
3,paced_2M_view,0,book,2752,2816,646
3,paced_2M_view,0,book,2816,2880,804
3,paced_2M_view,0,book,2880,2944,337
3,paced_2M_view,0,book,2944,3008,313
3,paced_2M_view,0,book,3008,3072,162
3,paced_2M_view,0,book,3072,3136,193
3,paced_2M_view,0,book,3136,3200,95
3,paced_2M_view,0,book,3200,3264,143
3,paced_2M_view,0,book,3264,3328,96
3,paced_2M_view,0,book,3328,3392,192
3,paced_2M_view,0,book,3392,3456,94
3,paced_2M_view,0,book,3456,3520,154
3,paced_2M_view,0,book,3520,3584,109
3,paced_2M_view,0,book,3584,3648,86
3,paced_2M_view,0,book,3648,3712,112
3,paced_2M_view,0,book,3712,3776,60
3,paced_2M_view,0,book,3776,3840,68
3,paced_2M_view,0,book,3840,3904,44
3,paced_2M_view,0,book,3904,3968,68
3,paced_2M_view,0,book,3968,4032,37
3,paced_2M_view,0,book,4032,4096,72
3,paced_2M_view,0,book,4096,4224,84
3,paced_2M_view,0,book,4224,4352,66
3,paced_2M_view,0,book,4352,4480,82
3,paced_2M_view,0,book,4480,4608,101
3,paced_2M_view,0,book,4608,4736,95
3,paced_2M_view,0,book,4736,4864,92
3,paced_2M_view,0,book,4864,4992,107
3,paced_2M_view,0,book,4992,5120,96
3,paced_2M_view,0,book,5120,5248,86
3,paced_2M_view,0,book,5248,5376,117
3,paced_2M_view,0,book,5376,5504,91
3,paced_2M_view,0,book,5504,5632,77
3,paced_2M_view,0,book,5632,5760,60
3,paced_2M_view,0,book,5760,5888,55
3,paced_2M_view,0,book,5888,6016,67
3,paced_2M_view,0,book,6016,6144,58
3,paced_2M_view,0,book,6144,6272,40
3,paced_2M_view,0,book,6272,6400,59
3,paced_2M_view,0,book,6400,6528,52
3,paced_2M_view,0,book,6528,6656,53
3,paced_2M_view,0,book,6656,6784,47
3,paced_2M_view,0,book,6784,6912,65
3,paced_2M_view,0,book,6912,7040,60
3,paced_2M_view,0,book,7040,7168,79
3,paced_2M_view,0,book,7168,7296,59
3,paced_2M_view,0,book,7296,7424,47
3,paced_2M_view,0,book,7424,7552,46
3,paced_2M_view,0,book,7552,7680,49
3,paced_2M_view,0,book,7680,7808,47
3,paced_2M_view,0,book,7808,7936,70
3,paced_2M_view,0,book,7936,8064,52
3,paced_2M_view,0,book,8064,8192,71
3,paced_2M_view,0,book,8192,8448,163
3,paced_2M_view,0,book,8448,8704,116
3,paced_2M_view,0,book,8704,8960,84
3,paced_2M_view,0,book,8960,9216,62
3,paced_2M_view,0,book,9216,9472,51
3,paced_2M_view,0,book,9472,9728,40
3,paced_2M_view,0,book,9728,9984,35
3,paced_2M_view,0,book,9984,10240,42
3,paced_2M_view,0,book,10240,10496,38
3,paced_2M_view,0,book,10496,10752,39
3,paced_2M_view,0,book,10752,11008,37
3,paced_2M_view,0,book,11008,11264,32
3,paced_2M_view,0,book,11264,11520,39
3,paced_2M_view,0,book,11520,11776,30
3,paced_2M_view,0,book,11776,12032,28
3,paced_2M_view,0,book,12032,12288,28
3,paced_2M_view,0,book,12288,12544,24
3,paced_2M_view,0,book,12544,12800,31
3,paced_2M_view,0,book,12800,13056,31
3,paced_2M_view,0,book,13056,13312,29
3,paced_2M_view,0,book,13312,13568,28
3,paced_2M_view,0,book,13568,13824,24
3,paced_2M_view,0,book,13824,14080,37
3,paced_2M_view,0,book,14080,14336,32
3,paced_2M_view,0,book,14336,14592,16
3,paced_2M_view,0,book,14592,14848,25
3,paced_2M_view,0,book,14848,15104,22
3,paced_2M_view,0,book,15104,15360,26
3,paced_2M_view,0,book,15360,15616,21
3,paced_2M_view,0,book,15616,15872,20
3,paced_2M_view,0,book,15872,16128,23
3,paced_2M_view,0,book,16128,16384,24
3,paced_2M_view,0,book,16384,16896,49
3,paced_2M_view,0,book,16896,17408,38
3,paced_2M_view,0,book,17408,17920,38
3,paced_2M_view,0,book,17920,18432,38
3,paced_2M_view,0,book,18432,18944,17
3,paced_2M_view,0,book,18944,19456,17
3,paced_2M_view,0,book,19456,19968,19
3,paced_2M_view,0,book,19968,20480,20
3,paced_2M_view,0,book,20480,20992,24
3,paced_2M_view,0,book,20992,21504,14
3,paced_2M_view,0,book,21504,22016,13
3,paced_2M_view,0,book,22016,22528,18
3,paced_2M_view,0,book,22528,23040,11
3,paced_2M_view,0,book,23040,23552,12
3,paced_2M_view,0,book,23552,24064,8
3,paced_2M_view,0,book,24064,24576,15
3,paced_2M_view,0,book,24576,25088,12
3,paced_2M_view,0,book,25088,25600,14
3,paced_2M_view,0,book,25600,26112,13
3,paced_2M_view,0,book,26112,26624,15
3,paced_2M_view,0,book,26624,27136,13
3,paced_2M_view,0,book,27136,27648,13
3,paced_2M_view,0,book,27648,28160,13
3,paced_2M_view,0,book,28160,28672,8
3,paced_2M_view,0,book,28672,29184,7
3,paced_2M_view,0,book,29184,29696,9
3,paced_2M_view,0,book,29696,30208,11
3,paced_2M_view,0,book,30208,30720,7
3,paced_2M_view,0,book,30720,31232,13
3,paced_2M_view,0,book,31232,31744,6
3,paced_2M_view,0,book,31744,32256,2
3,paced_2M_view,0,book,32256,32768,10
3,paced_2M_view,0,book,32768,33792,9
3,paced_2M_view,0,book,33792,34816,12
3,paced_2M_view,0,book,34816,35840,15
3,paced_2M_view,0,book,35840,36864,15
3,paced_2M_view,0,book,36864,37888,10
3,paced_2M_view,0,book,37888,38912,10
3,paced_2M_view,0,book,38912,39936,3
3,paced_2M_view,0,book,39936,40960,6
3,paced_2M_view,0,book,40960,41984,10
3,paced_2M_view,0,book,41984,43008,1
3,paced_2M_view,0,book,43008,44032,8
3,paced_2M_view,0,book,44032,45056,7
3,paced_2M_view,0,book,45056,46080,5
3,paced_2M_view,0,book,46080,47104,5
3,paced_2M_view,0,book,47104,48128,3
3,paced_2M_view,0,book,48128,49152,3
3,paced_2M_view,0,book,49152,50176,5
3,paced_2M_view,0,book,50176,51200,1
3,paced_2M_view,0,book,51200,52224,1
3,paced_2M_view,0,book,52224,53248,2
3,paced_2M_view,0,book,53248,54272,1
3,paced_2M_view,0,book,54272,55296,1
3,paced_2M_view,0,book,56320,57344,1
3,paced_2M_view,0,book,57344,58368,4
3,paced_2M_view,0,book,58368,59392,3
3,paced_2M_view,0,book,60416,61440,1
3,paced_2M_view,0,book,61440,62464,2
3,paced_2M_view,0,book,62464,63488,1
3,paced_2M_view,0,book,65536,67584,1
3,paced_2M_view,0,book,67584,69632,3
3,paced_2M_view,0,book,69632,71680,2
3,paced_2M_view,0,book,71680,73728,2
3,paced_2M_view,0,book,73728,75776,2
3,paced_2M_view,0,book,75776,77824,1
3,paced_2M_view,0,book,79872,81920,1
3,paced_2M_view,0,book,83968,86016,1
3,paced_2M_view,0,book,88064,90112,1
3,paced_2M_view,0,book,90112,92160,1
3,paced_2M_view,0,book,96256,98304,1
3,paced_2M_view,0,book,98304,100352,1
3,paced_2M_view,0,book,100352,102400,1
3,paced_2M_view,0,book,102400,104448,1
3,paced_2M_view,0,book,106496,108544,1
3,paced_2M_view,0,book,126976,129024,2
3,paced_2M_view,0,book,135168,139264,1
3,paced_2M_view,0,book,159744,163840,1
3,paced_2M_view,0,book,163840,167936,1
3,paced_2M_view,0,book,204800,208896,1
3,paced_2M_view,0,book,221184,225280,1
3,paced_2M_view,0,book,245760,249856,1
3,paced_2M_view,0,book,249856,253952,1
3,paced_2M_view,0,book,294912,303104,1
3,paced_2M_view,0,book,606208,622592,1
3,paced_2M_view,0,book,737280,753664,1
4,paced_2M_view,0,total,19,20,2
4,paced_2M_view,0,total,21,22,3
4,paced_2M_view,0,total,23,24,7
4,paced_2M_view,0,total,25,26,2
4,paced_2M_view,0,total,27,28,1
4,paced_2M_view,0,total,29,30,4
4,paced_2M_view,0,total,31,32,5
4,paced_2M_view,0,total,33,34,7
4,paced_2M_view,0,total,34,35,4
4,paced_2M_view,0,total,36,37,6
4,paced_2M_view,0,total,38,39,6
4,paced_2M_view,0,total,40,41,6
4,paced_2M_view,0,total,42,43,4512
4,paced_2M_view,0,total,43,44,2307
4,paced_2M_view,0,total,44,45,4756
4,paced_2M_view,0,total,45,46,2286
4,paced_2M_view,0,total,46,47,4661
4,paced_2M_view,0,total,47,48,2380
4,paced_2M_view,0,total,48,49,4695
4,paced_2M_view,0,total,49,50,2310
4,paced_2M_view,0,total,50,51,4561
4,paced_2M_view,0,total,51,52,2394
4,paced_2M_view,0,total,52,53,4534
4,paced_2M_view,0,total,53,54,2479
4,paced_2M_view,0,total,54,55,4635
4,paced_2M_view,0,total,55,56,2210
4,paced_2M_view,0,total,56,57,4507
4,paced_2M_view,0,total,57,58,2470
4,paced_2M_view,0,total,58,59,4591
4,paced_2M_view,0,total,59,60,2305
4,paced_2M_view,0,total,60,61,4774
4,paced_2M_view,0,total,61,62,2587
4,paced_2M_view,0,total,62,63,4856
4,paced_2M_view,0,total,63,64,2462
4,paced_2M_view,0,total,64,66,7428
4,paced_2M_view,0,total,66,68,7235
4,paced_2M_view,0,total,68,70,7354
4,paced_2M_view,0,total,70,72,7201
4,paced_2M_view,0,total,72,74,7287
4,paced_2M_view,0,total,74,76,7557
4,paced_2M_view,0,total,76,78,12011
4,paced_2M_view,0,total,78,80,7166
4,paced_2M_view,0,total,80,82,7358
4,paced_2M_view,0,total,82,84,110505
4,paced_2M_view,0,total,84,86,316113
4,paced_2M_view,0,total,86,88,316632
4,paced_2M_view,0,total,88,90,315242
4,paced_2M_view,0,total,90,92,317292
4,paced_2M_view,0,total,92,94,316873
4,paced_2M_view,0,total,94,96,315859
4,paced_2M_view,0,total,96,98,317102
4,paced_2M_view,0,total,98,100,315917
4,paced_2M_view,0,total,100,102,315449
4,paced_2M_view,0,total,102,104,317105
4,paced_2M_view,0,total,104,106,317741
4,paced_2M_view,0,total,106,108,316073
4,paced_2M_view,0,total,108,110,317063
4,paced_2M_view,0,total,110,112,316787
4,paced_2M_view,0,total,112,114,316484
4,paced_2M_view,0,total,114,116,317212
4,paced_2M_view,0,total,116,118,317214
4,paced_2M_view,0,total,118,120,420388
4,paced_2M_view,0,total,120,122,316474
4,paced_2M_view,0,total,122,124,316327
4,paced_2M_view,0,total,124,126,285294
4,paced_2M_view,0,total,126,128,222839
4,paced_2M_view,0,total,128,132,445637
4,paced_2M_view,0,total,132,136,446801
4,paced_2M_view,0,total,136,140,446664
4,paced_2M_view,0,total,140,144,447158
4,paced_2M_view,0,total,144,148,448031
4,paced_2M_view,0,total,148,152,447689
4,paced_2M_view,0,total,152,156,446475
4,paced_2M_view,0,total,156,160,524117
4,paced_2M_view,0,total,160,164,522989
4,paced_2M_view,0,total,164,168,756282
4,paced_2M_view,0,total,168,172,1374851
4,paced_2M_view,0,total,172,176,1375613
4,paced_2M_view,0,total,176,180,1374241
4,paced_2M_view,0,total,180,184,1375050
4,paced_2M_view,0,total,184,188,1376621
4,paced_2M_view,0,total,188,192,1375752
4,paced_2M_view,0,total,192,196,1374614
4,paced_2M_view,0,total,196,200,1372479
4,paced_2M_view,0,total,200,204,1605358
4,paced_2M_view,0,total,204,208,1376625
4,paced_2M_view,0,total,208,212,665446
4,paced_2M_view,0,total,212,216,522917
4,paced_2M_view,0,total,216,220,522370
4,paced_2M_view,0,total,220,224,522167
4,paced_2M_view,0,total,224,228,520053
4,paced_2M_view,0,total,228,232,517433
4,paced_2M_view,0,total,232,236,518595
4,paced_2M_view,0,total,236,240,519138
4,paced_2M_view,0,total,240,244,693054
4,paced_2M_view,0,total,244,248,518119
4,paced_2M_view,0,total,248,252,341520
4,paced_2M_view,0,total,252,256,162757
4,paced_2M_view,0,total,256,264,325300
4,paced_2M_view,0,total,264,272,322727
4,paced_2M_view,0,total,272,280,321821
4,paced_2M_view,0,total,280,288,349147
4,paced_2M_view,0,total,288,296,284954
4,paced_2M_view,0,total,296,304,248737
4,paced_2M_view,0,total,304,312,248119
4,paced_2M_view,0,total,312,320,247735
4,paced_2M_view,0,total,320,328,288872
4,paced_2M_view,0,total,328,336,205065
4,paced_2M_view,0,total,336,344,119841
4,paced_2M_view,0,total,344,352,119195
4,paced_2M_view,0,total,352,360,119273
4,paced_2M_view,0,total,360,368,118736
4,paced_2M_view,0,total,368,376,124805
4,paced_2M_view,0,total,376,384,71710
4,paced_2M_view,0,total,384,392,71834
4,paced_2M_view,0,total,392,400,71661
4,paced_2M_view,0,total,400,408,71320
4,paced_2M_view,0,total,408,416,83277
4,paced_2M_view,0,total,416,424,50090
4,paced_2M_view,0,total,424,432,48108
4,paced_2M_view,0,total,432,440,47958
4,paced_2M_view,0,total,440,448,47921
4,paced_2M_view,0,total,448,456,52170
4,paced_2M_view,0,total,456,464,35483
4,paced_2M_view,0,total,464,472,29332
4,paced_2M_view,0,total,472,480,29328
4,paced_2M_view,0,total,480,488,29066
4,paced_2M_view,0,total,488,496,34010
4,paced_2M_view,0,total,496,504,24539
4,paced_2M_view,0,total,504,512,19642
4,paced_2M_view,0,total,512,528,39294
4,paced_2M_view,0,total,528,544,39621
4,paced_2M_view,0,total,544,560,27187
4,paced_2M_view,0,total,560,576,26806
4,paced_2M_view,0,total,576,592,24935
4,paced_2M_view,0,total,592,608,19162
4,paced_2M_view,0,total,608,624,20040
4,paced_2M_view,0,total,624,640,13618
4,paced_2M_view,0,total,640,656,13097
4,paced_2M_view,0,total,656,672,13027
4,paced_2M_view,0,total,672,688,9738
4,paced_2M_view,0,total,688,704,10146
4,paced_2M_view,0,total,704,720,8119
4,paced_2M_view,0,total,720,736,7770
4,paced_2M_view,0,total,736,752,8251
4,paced_2M_view,0,total,752,768,6077
4,paced_2M_view,0,total,768,784,6125
4,paced_2M_view,0,total,784,800,5793
4,paced_2M_view,0,total,800,816,4977
4,paced_2M_view,0,total,816,832,5422
4,paced_2M_view,0,total,832,848,4226
4,paced_2M_view,0,total,848,864,4418
4,paced_2M_view,0,total,864,880,4313
4,paced_2M_view,0,total,880,896,3632
4,paced_2M_view,0,total,896,912,3918
4,paced_2M_view,0,total,912,928,3193
4,paced_2M_view,0,total,928,944,3269
4,paced_2M_view,0,total,944,960,3204
4,paced_2M_view,0,total,960,976,2834
4,paced_2M_view,0,total,976,992,2787
4,paced_2M_view,0,total,992,1008,2836
4,paced_2M_view,0,total,1008,1024,2403
4,paced_2M_view,0,total,1024,1056,4805
4,paced_2M_view,0,total,1056,1088,4843
4,paced_2M_view,0,total,1088,1120,4679
4,paced_2M_view,0,total,1120,1152,4119
4,paced_2M_view,0,total,1152,1184,4005
4,paced_2M_view,0,total,1184,1216,3921
4,paced_2M_view,0,total,1216,1248,3902
4,paced_2M_view,0,total,1248,1280,3600
4,paced_2M_view,0,total,1280,1312,3572
4,paced_2M_view,0,total,1312,1344,3585
4,paced_2M_view,0,total,1344,1376,3411
4,paced_2M_view,0,total,1376,1408,3303
4,paced_2M_view,0,total,1408,1440,3291
4,paced_2M_view,0,total,1440,1472,3153
4,paced_2M_view,0,total,1472,1504,3322
4,paced_2M_view,0,total,1504,1536,2946
4,paced_2M_view,0,total,1536,1568,3009
4,paced_2M_view,0,total,1568,1600,3106
4,paced_2M_view,0,total,1600,1632,3111
4,paced_2M_view,0,total,1632,1664,2991
4,paced_2M_view,0,total,1664,1696,2882
4,paced_2M_view,0,total,1696,1728,2978
4,paced_2M_view,0,total,1728,1760,3000
4,paced_2M_view,0,total,1760,1792,2898
4,paced_2M_view,0,total,1792,1824,2856
4,paced_2M_view,0,total,1824,1856,2974
4,paced_2M_view,0,total,1856,1888,2844
4,paced_2M_view,0,total,1888,1920,2929
4,paced_2M_view,0,total,1920,1952,2823
4,paced_2M_view,0,total,1952,1984,2705
4,paced_2M_view,0,total,1984,2016,2839
4,paced_2M_view,0,total,2016,2048,2745
4,paced_2M_view,0,total,2048,2112,5643
4,paced_2M_view,0,total,2112,2176,5649
4,paced_2M_view,0,total,2176,2240,5603
4,paced_2M_view,0,total,2240,2304,5443
4,paced_2M_view,0,total,2304,2368,5409
4,paced_2M_view,0,total,2368,2432,5500
4,paced_2M_view,0,total,2432,2496,5551
4,paced_2M_view,0,total,2496,2560,5554
4,paced_2M_view,0,total,2560,2624,5608
4,paced_2M_view,0,total,2624,2688,5348
4,paced_2M_view,0,total,2688,2752,5199
4,paced_2M_view,0,total,2752,2816,5380
4,paced_2M_view,0,total,2816,2880,5509
4,paced_2M_view,0,total,2880,2944,5359
4,paced_2M_view,0,total,2944,3008,5244
4,paced_2M_view,0,total,3008,3072,4871
4,paced_2M_view,0,total,3072,3136,4701
4,paced_2M_view,0,total,3136,3200,4473
4,paced_2M_view,0,total,3200,3264,4487
4,paced_2M_view,0,total,3264,3328,4409
4,paced_2M_view,0,total,3328,3392,4360
4,paced_2M_view,0,total,3392,3456,4345
4,paced_2M_view,0,total,3456,3520,4259
4,paced_2M_view,0,total,3520,3584,4218
4,paced_2M_view,0,total,3584,3648,4097
4,paced_2M_view,0,total,3648,3712,4174
4,paced_2M_view,0,total,3712,3776,4034
4,paced_2M_view,0,total,3776,3840,4002
4,paced_2M_view,0,total,3840,3904,3958
4,paced_2M_view,0,total,3904,3968,3990
4,paced_2M_view,0,total,3968,4032,3856
4,paced_2M_view,0,total,4032,4096,3831
4,paced_2M_view,0,total,4096,4224,7635
4,paced_2M_view,0,total,4224,4352,7519
4,paced_2M_view,0,total,4352,4480,7399
4,paced_2M_view,0,total,4480,4608,7101
4,paced_2M_view,0,total,4608,4736,7063
4,paced_2M_view,0,total,4736,4864,6907
4,paced_2M_view,0,total,4864,4992,6722
4,paced_2M_view,0,total,4992,5120,6485
4,paced_2M_view,0,total,5120,5248,6317
4,paced_2M_view,0,total,5248,5376,6141
4,paced_2M_view,0,total,5376,5504,5928
4,paced_2M_view,0,total,5504,5632,5680
4,paced_2M_view,0,total,5632,5760,5723
4,paced_2M_view,0,total,5760,5888,5561
4,paced_2M_view,0,total,5888,6016,5345
4,paced_2M_view,0,total,6016,6144,5281
4,paced_2M_view,0,total,6144,6272,5190
4,paced_2M_view,0,total,6272,6400,5126
4,paced_2M_view,0,total,6400,6528,4973
4,paced_2M_view,0,total,6528,6656,4886
4,paced_2M_view,0,total,6656,6784,4679
4,paced_2M_view,0,total,6784,6912,4683
4,paced_2M_view,0,total,6912,7040,4554
4,paced_2M_view,0,total,7040,7168,4495
4,paced_2M_view,0,total,7168,7296,4347
4,paced_2M_view,0,total,7296,7424,4405
4,paced_2M_view,0,total,7424,7552,4233
4,paced_2M_view,0,total,7552,7680,4134
4,paced_2M_view,0,total,7680,7808,4094
4,paced_2M_view,0,total,7808,7936,4107
4,paced_2M_view,0,total,7936,8064,3933
4,paced_2M_view,0,total,8064,8192,3947
4,paced_2M_view,0,total,8192,8448,7230
4,paced_2M_view,0,total,8448,8704,6593
4,paced_2M_view,0,total,8704,8960,6106
4,paced_2M_view,0,total,8960,9216,5535
4,paced_2M_view,0,total,9216,9472,5299
4,paced_2M_view,0,total,9472,9728,5079
4,paced_2M_view,0,total,9728,9984,4990
4,paced_2M_view,0,total,9984,10240,4931
4,paced_2M_view,0,total,10240,10496,4785
4,paced_2M_view,0,total,10496,10752,4669
4,paced_2M_view,0,total,10752,11008,4631
4,paced_2M_view,0,total,11008,11264,4541
4,paced_2M_view,0,total,11264,11520,4379
4,paced_2M_view,0,total,11520,11776,4206
4,paced_2M_view,0,total,11776,12032,4176
4,paced_2M_view,0,total,12032,12288,4109
4,paced_2M_view,0,total,12288,12544,4054
4,paced_2M_view,0,total,12544,12800,3973
4,paced_2M_view,0,total,12800,13056,3998
4,paced_2M_view,0,total,13056,13312,3927
4,paced_2M_view,0,total,13312,13568,3815
4,paced_2M_view,0,total,13568,13824,3747
4,paced_2M_view,0,total,13824,14080,3690
4,paced_2M_view,0,total,14080,14336,3580
4,paced_2M_view,0,total,14336,14592,3525
4,paced_2M_view,0,total,14592,14848,3480
4,paced_2M_view,0,total,14848,15104,3338
4,paced_2M_view,0,total,15104,15360,3377
4,paced_2M_view,0,total,15360,15616,3334
4,paced_2M_view,0,total,15616,15872,3210
4,paced_2M_view,0,total,15872,16128,3201
4,paced_2M_view,0,total,16128,16384,3238
4,paced_2M_view,0,total,16384,16896,6169
4,paced_2M_view,0,total,16896,17408,6059
4,paced_2M_view,0,total,17408,17920,5905
4,paced_2M_view,0,total,17920,18432,5947
4,paced_2M_view,0,total,18432,18944,5645
4,paced_2M_view,0,total,18944,19456,5561
4,paced_2M_view,0,total,19456,19968,5363
4,paced_2M_view,0,total,19968,20480,5275
4,paced_2M_view,0,total,20480,20992,4972
4,paced_2M_view,0,total,20992,21504,4917
4,paced_2M_view,0,total,21504,22016,4847
4,paced_2M_view,0,total,22016,22528,4669
4,paced_2M_view,0,total,22528,23040,4610
4,paced_2M_view,0,total,23040,23552,4422
4,paced_2M_view,0,total,23552,24064,4325
4,paced_2M_view,0,total,24064,24576,4334
4,paced_2M_view,0,total,24576,25088,4186
4,paced_2M_view,0,total,25088,25600,4092
4,paced_2M_view,0,total,25600,26112,3938
4,paced_2M_view,0,total,26112,26624,4000
4,paced_2M_view,0,total,26624,27136,3777
4,paced_2M_view,0,total,27136,27648,3596
4,paced_2M_view,0,total,27648,28160,3580
4,paced_2M_view,0,total,28160,28672,3637
4,paced_2M_view,0,total,28672,29184,3501
4,paced_2M_view,0,total,29184,29696,3333
4,paced_2M_view,0,total,29696,30208,3248
4,paced_2M_view,0,total,30208,30720,3303
4,paced_2M_view,0,total,30720,31232,3191
4,paced_2M_view,0,total,31232,31744,3152
4,paced_2M_view,0,total,31744,32256,3169
4,paced_2M_view,0,total,32256,32768,3235
4,paced_2M_view,0,total,32768,33792,6122
4,paced_2M_view,0,total,33792,34816,5929
4,paced_2M_view,0,total,34816,35840,5859
4,paced_2M_view,0,total,35840,36864,5478
4,paced_2M_view,0,total,36864,37888,5344
4,paced_2M_view,0,total,37888,38912,5261
4,paced_2M_view,0,total,38912,39936,5081
4,paced_2M_view,0,total,39936,40960,4803
4,paced_2M_view,0,total,40960,41984,4570
4,paced_2M_view,0,total,41984,43008,4415
4,paced_2M_view,0,total,43008,44032,4140
4,paced_2M_view,0,total,44032,45056,4105
4,paced_2M_view,0,total,45056,46080,3896
4,paced_2M_view,0,total,46080,47104,3607
4,paced_2M_view,0,total,47104,48128,3433
4,paced_2M_view,0,total,48128,49152,3381
4,paced_2M_view,0,total,49152,50176,3185
4,paced_2M_view,0,total,50176,51200,3143
4,paced_2M_view,0,total,51200,52224,3061
4,paced_2M_view,0,total,52224,53248,2951
4,paced_2M_view,0,total,53248,54272,2818
4,paced_2M_view,0,total,54272,55296,2627
4,paced_2M_view,0,total,55296,56320,2442
4,paced_2M_view,0,total,56320,57344,2321
4,paced_2M_view,0,total,57344,58368,2240
4,paced_2M_view,0,total,58368,59392,2197
4,paced_2M_view,0,total,59392,60416,2079
4,paced_2M_view,0,total,60416,61440,2004
4,paced_2M_view,0,total,61440,62464,1895
4,paced_2M_view,0,total,62464,63488,1769
4,paced_2M_view,0,total,63488,64512,1749
4,paced_2M_view,0,total,64512,65536,1638
4,paced_2M_view,0,total,65536,67584,2971
4,paced_2M_view,0,total,67584,69632,2718
4,paced_2M_view,0,total,69632,71680,2464
4,paced_2M_view,0,total,71680,73728,2167
4,paced_2M_view,0,total,73728,75776,1923
4,paced_2M_view,0,total,75776,77824,1802
4,paced_2M_view,0,total,77824,79872,1696
4,paced_2M_view,0,total,79872,81920,1633
4,paced_2M_view,0,total,81920,83968,1552
4,paced_2M_view,0,total,83968,86016,1465
4,paced_2M_view,0,total,86016,88064,1357
4,paced_2M_view,0,total,88064,90112,1236
4,paced_2M_view,0,total,90112,92160,1217
4,paced_2M_view,0,total,92160,94208,1188
4,paced_2M_view,0,total,94208,96256,1082
4,paced_2M_view,0,total,96256,98304,1069
4,paced_2M_view,0,total,98304,100352,989
4,paced_2M_view,0,total,100352,102400,1026
4,paced_2M_view,0,total,102400,104448,960
4,paced_2M_view,0,total,104448,106496,993
4,paced_2M_view,0,total,106496,108544,933
4,paced_2M_view,0,total,108544,110592,913
4,paced_2M_view,0,total,110592,112640,914
4,paced_2M_view,0,total,112640,114688,908
4,paced_2M_view,0,total,114688,116736,873
4,paced_2M_view,0,total,116736,118784,914
4,paced_2M_view,0,total,118784,120832,928
4,paced_2M_view,0,total,120832,122880,858
4,paced_2M_view,0,total,122880,124928,859
4,paced_2M_view,0,total,124928,126976,777
4,paced_2M_view,0,total,126976,129024,825
4,paced_2M_view,0,total,129024,131072,841
4,paced_2M_view,0,total,131072,135168,1648
4,paced_2M_view,0,total,135168,139264,1687
4,paced_2M_view,0,total,139264,143360,1684
4,paced_2M_view,0,total,143360,147456,1503
4,paced_2M_view,0,total,147456,151552,1322
4,paced_2M_view,0,total,151552,155648,1350
4,paced_2M_view,0,total,155648,159744,1337
4,paced_2M_view,0,total,159744,163840,1280
4,paced_2M_view,0,total,163840,167936,1327
4,paced_2M_view,0,total,167936,172032,1372
4,paced_2M_view,0,total,172032,176128,1334
4,paced_2M_view,0,total,176128,180224,1243
4,paced_2M_view,0,total,180224,184320,1203
4,paced_2M_view,0,total,184320,188416,1203
4,paced_2M_view,0,total,188416,192512,1114
4,paced_2M_view,0,total,192512,196608,1091
4,paced_2M_view,0,total,196608,200704,1176
4,paced_2M_view,0,total,200704,204800,1119
4,paced_2M_view,0,total,204800,208896,1084
4,paced_2M_view,0,total,208896,212992,1018
4,paced_2M_view,0,total,212992,217088,931
4,paced_2M_view,0,total,217088,221184,927
4,paced_2M_view,0,total,221184,225280,936
4,paced_2M_view,0,total,225280,229376,893
4,paced_2M_view,0,total,229376,233472,883
4,paced_2M_view,0,total,233472,237568,839
4,paced_2M_view,0,total,237568,241664,848
4,paced_2M_view,0,total,241664,245760,757
4,paced_2M_view,0,total,245760,249856,811
4,paced_2M_view,0,total,249856,253952,821
4,paced_2M_view,0,total,253952,258048,789
4,paced_2M_view,0,total,258048,262144,787
4,paced_2M_view,0,total,262144,270336,1581
4,paced_2M_view,0,total,270336,278528,1607
4,paced_2M_view,0,total,278528,286720,1392
4,paced_2M_view,0,total,286720,294912,1326
4,paced_2M_view,0,total,294912,303104,1254
4,paced_2M_view,0,total,303104,311296,1214
4,paced_2M_view,0,total,311296,319488,1331
4,paced_2M_view,0,total,319488,327680,1362
4,paced_2M_view,0,total,327680,335872,1429
4,paced_2M_view,0,total,335872,344064,1442
4,paced_2M_view,0,total,344064,352256,1462
4,paced_2M_view,0,total,352256,360448,1354
4,paced_2M_view,0,total,360448,368640,1343
4,paced_2M_view,0,total,368640,376832,1119
4,paced_2M_view,0,total,376832,385024,1118
4,paced_2M_view,0,total,385024,393216,1112
4,paced_2M_view,0,total,393216,401408,1299
4,paced_2M_view,0,total,401408,409600,1138
4,paced_2M_view,0,total,409600,417792,1186
4,paced_2M_view,0,total,417792,425984,1094
4,paced_2M_view,0,total,425984,434176,996
4,paced_2M_view,0,total,434176,442368,1068
4,paced_2M_view,0,total,442368,450560,1041
4,paced_2M_view,0,total,450560,458752,892
4,paced_2M_view,0,total,458752,466944,927
4,paced_2M_view,0,total,466944,475136,891
4,paced_2M_view,0,total,475136,483328,910
4,paced_2M_view,0,total,483328,491520,910
4,paced_2M_view,0,total,491520,499712,937
4,paced_2M_view,0,total,499712,507904,865
4,paced_2M_view,0,total,507904,516096,827
4,paced_2M_view,0,total,516096,524288,788
4,paced_2M_view,0,total,524288,540672,1498
4,paced_2M_view,0,total,540672,557056,1446
4,paced_2M_view,0,total,557056,573440,1554
4,paced_2M_view,0,total,573440,589824,1499
4,paced_2M_view,0,total,589824,606208,1226
4,paced_2M_view,0,total,606208,622592,1430
4,paced_2M_view,0,total,622592,638976,1229
4,paced_2M_view,0,total,638976,655360,1250
4,paced_2M_view,0,total,655360,671744,1232
4,paced_2M_view,0,total,671744,688128,1239
4,paced_2M_view,0,total,688128,704512,1431
4,paced_2M_view,0,total,704512,720896,1041
4,paced_2M_view,0,total,720896,737280,976
4,paced_2M_view,0,total,737280,753664,1166
4,paced_2M_view,0,total,753664,770048,1126
4,paced_2M_view,0,total,770048,786432,1065
4,paced_2M_view,0,total,786432,802816,1285
4,paced_2M_view,0,total,802816,819200,1329
4,paced_2M_view,0,total,819200,835584,1346
4,paced_2M_view,0,total,835584,851968,1157
4,paced_2M_view,0,total,851968,868352,1236
4,paced_2M_view,0,total,868352,884736,1472
4,paced_2M_view,0,total,884736,901120,1238
4,paced_2M_view,0,total,901120,917504,899
4,paced_2M_view,0,total,917504,933888,922
4,paced_2M_view,0,total,933888,950272,805
4,paced_2M_view,0,total,950272,966656,764
4,paced_2M_view,0,total,966656,983040,643
4,paced_2M_view,0,total,983040,999424,764
4,paced_2M_view,0,total,999424,1.01581e+06,734
4,paced_2M_view,0,total,1.01581e+06,1.03219e+06,744
4,paced_2M_view,0,total,1.03219e+06,1.04858e+06,766
4,paced_2M_view,0,total,1.04858e+06,1.08134e+06,1553
4,paced_2M_view,0,total,1.08134e+06,1.11411e+06,1457
4,paced_2M_view,0,total,1.11411e+06,1.14688e+06,1229
4,paced_2M_view,0,total,1.14688e+06,1.17965e+06,1541
4,paced_2M_view,0,total,1.17965e+06,1.21242e+06,1284
4,paced_2M_view,0,total,1.21242e+06,1.24518e+06,1234
4,paced_2M_view,0,total,1.24518e+06,1.27795e+06,1211
4,paced_2M_view,0,total,1.27795e+06,1.31072e+06,1169
4,paced_2M_view,0,total,1.31072e+06,1.34349e+06,1056
4,paced_2M_view,0,total,1.34349e+06,1.37626e+06,1030
4,paced_2M_view,0,total,1.37626e+06,1.40902e+06,1041
4,paced_2M_view,0,total,1.40902e+06,1.44179e+06,1015
4,paced_2M_view,0,total,1.44179e+06,1.47456e+06,1079
4,paced_2M_view,0,total,1.47456e+06,1.50733e+06,855
4,paced_2M_view,0,total,1.50733e+06,1.5401e+06,656
4,paced_2M_view,0,total,1.5401e+06,1.57286e+06,738
4,paced_2M_view,0,total,1.57286e+06,1.60563e+06,598
4,paced_2M_view,0,total,1.60563e+06,1.6384e+06,622
4,paced_2M_view,0,total,1.6384e+06,1.67117e+06,808
4,paced_2M_view,0,total,1.67117e+06,1.70394e+06,1201
4,paced_2M_view,0,total,1.70394e+06,1.7367e+06,1097
4,paced_2M_view,0,total,1.7367e+06,1.76947e+06,906
4,paced_2M_view,0,total,1.76947e+06,1.80224e+06,1042
4,paced_2M_view,0,total,1.80224e+06,1.83501e+06,715
4,paced_2M_view,0,total,1.83501e+06,1.86778e+06,1157
4,paced_2M_view,0,total,1.86778e+06,1.90054e+06,968
4,paced_2M_view,0,total,1.90054e+06,1.93331e+06,860
4,paced_2M_view,0,total,1.93331e+06,1.96608e+06,837
4,paced_2M_view,0,total,1.96608e+06,1.99885e+06,866
4,paced_2M_view,0,total,1.99885e+06,2.03162e+06,779
4,paced_2M_view,0,total,2.03162e+06,2.06438e+06,596
4,paced_2M_view,0,total,2.06438e+06,2.09715e+06,691
4,paced_2M_view,0,total,2.09715e+06,2.16269e+06,1251
4,paced_2M_view,0,total,2.16269e+06,2.22822e+06,1701
4,paced_2M_view,0,total,2.22822e+06,2.29376e+06,1044
4,paced_2M_view,0,total,2.29376e+06,2.3593e+06,900
4,paced_2M_view,0,total,2.3593e+06,2.42483e+06,1213
4,paced_2M_view,0,total,2.42483e+06,2.49037e+06,997
4,paced_2M_view,0,total,2.49037e+06,2.5559e+06,727
4,paced_2M_view,0,total,2.5559e+06,2.62144e+06,902
4,paced_2M_view,0,total,2.62144e+06,2.68698e+06,673
4,paced_2M_view,0,total,2.68698e+06,2.75251e+06,834
4,paced_2M_view,0,total,2.75251e+06,2.81805e+06,781
4,paced_2M_view,0,total,2.81805e+06,2.88358e+06,701
4,paced_2M_view,0,total,2.88358e+06,2.94912e+06,1102
4,paced_2M_view,0,total,2.94912e+06,3.01466e+06,1136
4,paced_2M_view,0,total,3.01466e+06,3.08019e+06,953
4,paced_2M_view,0,total,3.08019e+06,3.14573e+06,745
4,paced_2M_view,0,total,3.14573e+06,3.21126e+06,191
4,paced_2M_view,0,total,3.21126e+06,3.2768e+06,181
4,paced_2M_view,0,total,3.2768e+06,3.34234e+06,201
4,paced_2M_view,0,total,3.34234e+06,3.40787e+06,186
4,paced_2M_view,0,total,3.40787e+06,3.47341e+06,186
4,paced_2M_view,0,total,3.47341e+06,3.53894e+06,185
4,paced_2M_view,0,total,3.53894e+06,3.60448e+06,182
4,paced_2M_view,0,total,3.60448e+06,3.67002e+06,185
4,paced_2M_view,0,total,3.67002e+06,3.73555e+06,176
4,paced_2M_view,0,total,3.73555e+06,3.80109e+06,189
4,paced_2M_view,0,total,3.80109e+06,3.86662e+06,192
4,paced_2M_view,0,total,3.86662e+06,3.93216e+06,181
4,paced_2M_view,0,total,3.93216e+06,3.9977e+06,184
4,paced_2M_view,0,total,3.9977e+06,4.06323e+06,188
4,paced_2M_view,0,total,4.06323e+06,4.12877e+06,193
4,paced_2M_view,0,total,4.12877e+06,4.1943e+06,195
4,paced_2M_view,0,total,4.1943e+06,4.32538e+06,395
4,paced_2M_view,0,total,4.32538e+06,4.45645e+06,393
4,paced_2M_view,0,total,4.45645e+06,4.58752e+06,371
4,paced_2M_view,0,total,4.58752e+06,4.71859e+06,380
4,paced_2M_view,0,total,4.71859e+06,4.84966e+06,381
4,paced_2M_view,0,total,4.84966e+06,4.98074e+06,394
4,paced_2M_view,0,total,4.98074e+06,5.11181e+06,361
4,paced_2M_view,0,total,5.11181e+06,5.24288e+06,392
4,paced_2M_view,0,total,5.24288e+06,5.37395e+06,383
4,paced_2M_view,0,total,5.37395e+06,5.50502e+06,399
4,paced_2M_view,0,total,5.50502e+06,5.6361e+06,398
4,paced_2M_view,0,total,5.6361e+06,5.76717e+06,437
4,paced_2M_view,0,total,5.76717e+06,5.89824e+06,379
4,paced_2M_view,0,total,5.89824e+06,6.02931e+06,424
4,paced_2M_view,0,total,6.02931e+06,6.16038e+06,498
4,paced_2M_view,0,total,6.16038e+06,6.29146e+06,373
4,paced_2M_view,0,total,6.29146e+06,6.42253e+06,374
4,paced_2M_view,0,total,6.42253e+06,6.5536e+06,385
4,paced_2M_view,0,total,6.5536e+06,6.68467e+06,382
4,paced_2M_view,0,total,6.68467e+06,6.81574e+06,376
4,paced_2M_view,0,total,6.81574e+06,6.94682e+06,391
4,paced_2M_view,0,total,6.94682e+06,7.07789e+06,403
4,paced_2M_view,0,total,7.07789e+06,7.20896e+06,414
4,paced_2M_view,0,total,7.20896e+06,7.34003e+06,629
4,paced_2M_view,0,total,7.34003e+06,7.4711e+06,665
4,paced_2M_view,0,total,7.4711e+06,7.60218e+06,653
4,paced_2M_view,0,total,7.60218e+06,7.73325e+06,1792
4,paced_2M_view,0,total,7.73325e+06,7.86432e+06,1232
4,paced_2M_view,0,total,7.86432e+06,7.99539e+06,1519
4,paced_2M_view,0,total,7.99539e+06,8.12646e+06,1608
4,paced_2M_view,0,total,8.12646e+06,8.25754e+06,931
4,paced_2M_view,0,total,8.25754e+06,8.38861e+06,824
4,paced_2M_view,0,total,8.38861e+06,8.65075e+06,1807
4,paced_2M_view,0,total,8.65075e+06,8.9129e+06,1471
4,paced_2M_view,0,total,8.9129e+06,9.17504e+06,779
4,paced_2M_view,0,total,9.17504e+06,9.43718e+06,810
4,paced_2M_view,0,total,9.43718e+06,9.69933e+06,1250
4,paced_2M_view,0,total,9.69933e+06,9.96147e+06,1221
4,paced_2M_view,0,total,9.96147e+06,1.02236e+07,840
4,paced_2M_view,0,total,1.02236e+07,1.04858e+07,822
4,paced_2M_view,0,total,1.04858e+07,1.07479e+07,952
4,paced_2M_view,0,total,1.07479e+07,1.101e+07,1502
4,paced_2M_view,0,total,1.101e+07,1.12722e+07,2366
4,paced_2M_view,0,total,1.12722e+07,1.15343e+07,2630
4,paced_2M_view,0,total,1.15343e+07,1.17965e+07,3969
4,paced_2M_view,0,total,1.17965e+07,1.20586e+07,1712
4,paced_2M_view,0,total,1.20586e+07,1.23208e+07,1831
4,paced_2M_view,0,total,1.23208e+07,1.25829e+07,1995
4,paced_2M_view,0,total,1.25829e+07,1.28451e+07,2034
4,paced_2M_view,0,total,1.28451e+07,1.31072e+07,1709
4,paced_2M_view,0,total,1.31072e+07,1.33693e+07,1774
4,paced_2M_view,0,total,1.33693e+07,1.36315e+07,2019
4,paced_2M_view,0,total,1.36315e+07,1.38936e+07,1066
4,paced_2M_view,0,total,1.38936e+07,1.41558e+07,874
4,paced_2M_view,0,total,1.41558e+07,1.44179e+07,1002
4,paced_2M_view,0,total,1.44179e+07,1.46801e+07,894
4,paced_2M_view,0,total,1.46801e+07,1.49422e+07,932
4,paced_2M_view,0,total,1.49422e+07,1.52044e+07,893
4,paced_2M_view,0,total,1.52044e+07,1.54665e+07,1246
4,paced_2M_view,0,total,1.54665e+07,1.57286e+07,1014
4,paced_2M_view,0,total,1.57286e+07,1.59908e+07,2522
4,paced_2M_view,0,total,1.59908e+07,1.62529e+07,1820
4,paced_2M_view,0,total,1.62529e+07,1.65151e+07,1458
4,paced_2M_view,0,total,1.65151e+07,1.67772e+07,960
4,paced_2M_view,0,total,1.67772e+07,1.73015e+07,2631
4,paced_2M_view,0,total,1.73015e+07,1.78258e+07,2247
4,paced_2M_view,0,total,1.78258e+07,1.83501e+07,2998
4,paced_2M_view,0,total,1.83501e+07,1.88744e+07,2134
4,paced_2M_view,0,total,1.88744e+07,1.93987e+07,1801
4,paced_2M_view,0,total,1.93987e+07,1.99229e+07,1931
4,paced_2M_view,0,total,1.99229e+07,2.04472e+07,1635
4,paced_2M_view,0,total,2.04472e+07,2.09715e+07,3152
4,paced_2M_view,0,total,2.09715e+07,2.14958e+07,4993
4,paced_2M_view,0,total,2.14958e+07,2.20201e+07,2904
4,paced_2M_view,0,total,2.20201e+07,2.25444e+07,1702
4,paced_2M_view,0,total,2.25444e+07,2.30687e+07,1742
4,paced_2M_view,0,total,2.30687e+07,2.3593e+07,1891
4,paced_2M_view,0,total,2.3593e+07,2.41172e+07,1768
4,paced_2M_view,0,total,2.41172e+07,2.46415e+07,1646
4,paced_2M_view,0,total,2.46415e+07,2.51658e+07,1661
4,paced_2M_view,0,total,2.51658e+07,2.56901e+07,1675
4,paced_2M_view,0,total,2.56901e+07,2.62144e+07,1647
4,paced_2M_view,0,total,2.62144e+07,2.67387e+07,1626
4,paced_2M_view,0,total,2.67387e+07,2.7263e+07,1729
4,paced_2M_view,0,total,2.7263e+07,2.77873e+07,1624
4,paced_2M_view,0,total,2.77873e+07,2.83116e+07,1786
4,paced_2M_view,0,total,2.83116e+07,2.88358e+07,2498
4,paced_2M_view,0,total,2.88358e+07,2.93601e+07,4091
4,paced_2M_view,0,total,2.93601e+07,2.98844e+07,1690
4,paced_2M_view,0,total,2.98844e+07,3.04087e+07,1760
4,paced_2M_view,0,total,3.04087e+07,3.0933e+07,1673
4,paced_2M_view,0,total,3.0933e+07,3.14573e+07,2649
4,paced_2M_view,0,total,3.14573e+07,3.19816e+07,2034
4,paced_2M_view,0,total,3.19816e+07,3.25059e+07,1728
4,paced_2M_view,0,total,3.25059e+07,3.30301e+07,1590
4,paced_2M_view,0,total,3.30301e+07,3.35544e+07,1836
4,paced_2M_view,0,total,3.35544e+07,3.4603e+07,3434
4,paced_2M_view,0,total,3.4603e+07,3.56516e+07,3412
4,paced_2M_view,0,total,3.56516e+07,3.67002e+07,3376
4,paced_2M_view,0,total,3.67002e+07,3.77487e+07,3641
4,paced_2M_view,0,total,3.77487e+07,3.87973e+07,4309
4,paced_2M_view,0,total,3.87973e+07,3.98459e+07,3358
4,paced_2M_view,0,total,3.98459e+07,4.08945e+07,3722
4,paced_2M_view,0,total,4.08945e+07,4.1943e+07,3660
4,paced_2M_view,0,total,4.1943e+07,4.29916e+07,5433
4,paced_2M_view,0,total,4.29916e+07,4.40402e+07,5528
4,paced_2M_view,0,total,4.40402e+07,4.50888e+07,4704
4,paced_2M_view,0,total,4.50888e+07,4.61373e+07,6248
4,paced_2M_view,0,total,4.61373e+07,4.71859e+07,6693
4,paced_2M_view,0,total,4.71859e+07,4.82345e+07,10850
4,paced_2M_view,0,total,4.82345e+07,4.92831e+07,6299
4,paced_2M_view,0,total,4.92831e+07,5.03316e+07,11889
4,paced_2M_view,0,total,5.03316e+07,5.13802e+07,13854
4,paced_2M_view,0,total,5.13802e+07,5.24288e+07,14388
4,paced_2M_view,0,total,5.24288e+07,5.34774e+07,1663
4,paced_2M_view,0,queue,6,7,1
4,paced_2M_view,0,queue,17,18,1
4,paced_2M_view,0,queue,19,20,712
4,paced_2M_view,0,queue,21,22,697
4,paced_2M_view,0,queue,23,24,695
4,paced_2M_view,0,queue,25,26,693
4,paced_2M_view,0,queue,27,28,685
4,paced_2M_view,0,queue,29,30,706
4,paced_2M_view,0,queue,31,32,703
4,paced_2M_view,0,queue,33,34,709
4,paced_2M_view,0,queue,34,35,705
4,paced_2M_view,0,queue,36,37,711
4,paced_2M_view,0,queue,38,39,695
4,paced_2M_view,0,queue,40,41,698
4,paced_2M_view,0,queue,42,43,806227
4,paced_2M_view,0,queue,43,44,403186
4,paced_2M_view,0,queue,44,45,806016
4,paced_2M_view,0,queue,45,46,404063
4,paced_2M_view,0,queue,46,47,806537
4,paced_2M_view,0,queue,47,48,403281
4,paced_2M_view,0,queue,48,49,808194
4,paced_2M_view,0,queue,49,50,403542
4,paced_2M_view,0,queue,50,51,807077
4,paced_2M_view,0,queue,51,52,404321
4,paced_2M_view,0,queue,52,53,806519
4,paced_2M_view,0,queue,53,54,403495
4,paced_2M_view,0,queue,54,55,807566
4,paced_2M_view,0,queue,55,56,403988
4,paced_2M_view,0,queue,56,57,805716
4,paced_2M_view,0,queue,57,58,402879
4,paced_2M_view,0,queue,58,59,807805
4,paced_2M_view,0,queue,59,60,401921
4,paced_2M_view,0,queue,60,61,806002
4,paced_2M_view,0,queue,61,62,403346
4,paced_2M_view,0,queue,62,63,807066
4,paced_2M_view,0,queue,63,64,403147
4,paced_2M_view,0,queue,64,66,1208203
4,paced_2M_view,0,queue,66,68,1209284
4,paced_2M_view,0,queue,68,70,1208786
4,paced_2M_view,0,queue,70,72,1208019
4,paced_2M_view,0,queue,72,74,1208816
4,paced_2M_view,0,queue,74,76,1208162
4,paced_2M_view,0,queue,76,78,2016291
4,paced_2M_view,0,queue,78,80,1211432
4,paced_2M_view,0,queue,80,82,1209450
4,paced_2M_view,0,queue,82,84,971378
4,paced_2M_view,0,queue,84,86,495110
4,paced_2M_view,0,queue,86,88,495449
4,paced_2M_view,0,queue,88,90,495186
4,paced_2M_view,0,queue,90,92,494113
4,paced_2M_view,0,queue,92,94,494958
4,paced_2M_view,0,queue,94,96,494847
4,paced_2M_view,0,queue,96,98,495019
4,paced_2M_view,0,queue,98,100,494374
4,paced_2M_view,0,queue,100,102,495979
4,paced_2M_view,0,queue,102,104,493532
4,paced_2M_view,0,queue,104,106,496173
4,paced_2M_view,0,queue,106,108,494255
4,paced_2M_view,0,queue,108,110,495438
4,paced_2M_view,0,queue,110,112,495356
4,paced_2M_view,0,queue,112,114,494617
4,paced_2M_view,0,queue,114,116,495119
4,paced_2M_view,0,queue,116,118,493603
4,paced_2M_view,0,queue,118,120,660348
4,paced_2M_view,0,queue,120,122,493999
4,paced_2M_view,0,queue,122,124,495754
4,paced_2M_view,0,queue,124,126,332517
4,paced_2M_view,0,queue,126,128,5157
4,paced_2M_view,0,queue,128,132,10378
4,paced_2M_view,0,queue,132,136,10319
4,paced_2M_view,0,queue,136,140,10103
4,paced_2M_view,0,queue,140,144,10070
4,paced_2M_view,0,queue,144,148,7903
4,paced_2M_view,0,queue,148,152,8386
4,paced_2M_view,0,queue,152,156,8057
4,paced_2M_view,0,queue,156,160,9301
4,paced_2M_view,0,queue,160,164,9187
4,paced_2M_view,0,queue,164,168,8890
4,paced_2M_view,0,queue,168,172,9664
4,paced_2M_view,0,queue,172,176,10847
4,paced_2M_view,0,queue,176,180,10191
4,paced_2M_view,0,queue,180,184,9834
4,paced_2M_view,0,queue,184,188,10318
4,paced_2M_view,0,queue,188,192,9941
4,paced_2M_view,0,queue,192,196,10145
4,paced_2M_view,0,queue,196,200,10213
4,paced_2M_view,0,queue,200,204,11630
4,paced_2M_view,0,queue,204,208,10050
4,paced_2M_view,0,queue,208,212,4874
4,paced_2M_view,0,queue,212,216,3882
4,paced_2M_view,0,queue,216,220,3765
4,paced_2M_view,0,queue,220,224,3892
4,paced_2M_view,0,queue,224,228,3934
4,paced_2M_view,0,queue,228,232,3811
4,paced_2M_view,0,queue,232,236,3841
4,paced_2M_view,0,queue,236,240,3819
4,paced_2M_view,0,queue,240,244,4912
4,paced_2M_view,0,queue,244,248,3897
4,paced_2M_view,0,queue,248,252,3511
4,paced_2M_view,0,queue,252,256,3214
4,paced_2M_view,0,queue,256,264,6585
4,paced_2M_view,0,queue,264,272,6342
4,paced_2M_view,0,queue,272,280,6289
4,paced_2M_view,0,queue,280,288,6972
4,paced_2M_view,0,queue,288,296,4951
4,paced_2M_view,0,queue,296,304,3518
4,paced_2M_view,0,queue,304,312,3808
4,paced_2M_view,0,queue,312,320,3623
4,paced_2M_view,0,queue,320,328,4435
4,paced_2M_view,0,queue,328,336,3244
4,paced_2M_view,0,queue,336,344,2839
4,paced_2M_view,0,queue,344,352,2946
4,paced_2M_view,0,queue,352,360,2826
4,paced_2M_view,0,queue,360,368,2873
4,paced_2M_view,0,queue,368,376,2876
4,paced_2M_view,0,queue,376,384,2352
4,paced_2M_view,0,queue,384,392,2211
4,paced_2M_view,0,queue,392,400,2349
4,paced_2M_view,0,queue,400,408,2294
4,paced_2M_view,0,queue,408,416,2633
4,paced_2M_view,0,queue,416,424,1909
4,paced_2M_view,0,queue,424,432,1941
4,paced_2M_view,0,queue,432,440,1928
4,paced_2M_view,0,queue,440,448,1899
4,paced_2M_view,0,queue,448,456,2000
4,paced_2M_view,0,queue,456,464,1699
4,paced_2M_view,0,queue,464,472,1608
4,paced_2M_view,0,queue,472,480,1653
4,paced_2M_view,0,queue,480,488,1688
4,paced_2M_view,0,queue,488,496,1901
4,paced_2M_view,0,queue,496,504,1476
4,paced_2M_view,0,queue,504,512,1288
4,paced_2M_view,0,queue,512,528,2687
4,paced_2M_view,0,queue,528,544,2763
4,paced_2M_view,0,queue,544,560,2153
4,paced_2M_view,0,queue,560,576,2249
4,paced_2M_view,0,queue,576,592,2413
4,paced_2M_view,0,queue,592,608,2594
4,paced_2M_view,0,queue,608,624,2570
4,paced_2M_view,0,queue,624,640,2459
4,paced_2M_view,0,queue,640,656,2318
4,paced_2M_view,0,queue,656,672,2490
4,paced_2M_view,0,queue,672,688,2018
4,paced_2M_view,0,queue,688,704,2264
4,paced_2M_view,0,queue,704,720,1977
4,paced_2M_view,0,queue,720,736,2078
4,paced_2M_view,0,queue,736,752,2120
4,paced_2M_view,0,queue,752,768,1915
4,paced_2M_view,0,queue,768,784,1947
4,paced_2M_view,0,queue,784,800,1938
4,paced_2M_view,0,queue,800,816,1795
4,paced_2M_view,0,queue,816,832,1958
4,paced_2M_view,0,queue,832,848,1751
4,paced_2M_view,0,queue,848,864,1815
4,paced_2M_view,0,queue,864,880,1872
4,paced_2M_view,0,queue,880,896,1686
4,paced_2M_view,0,queue,896,912,1907
4,paced_2M_view,0,queue,912,928,1706
4,paced_2M_view,0,queue,928,944,1698
4,paced_2M_view,0,queue,944,960,1696
4,paced_2M_view,0,queue,960,976,1552
4,paced_2M_view,0,queue,976,992,1603
4,paced_2M_view,0,queue,992,1008,1696
4,paced_2M_view,0,queue,1008,1024,1579
4,paced_2M_view,0,queue,1024,1056,3031
4,paced_2M_view,0,queue,1056,1088,2971
4,paced_2M_view,0,queue,1088,1120,3121
4,paced_2M_view,0,queue,1120,1152,3130
4,paced_2M_view,0,queue,1152,1184,3101
4,paced_2M_view,0,queue,1184,1216,3095
4,paced_2M_view,0,queue,1216,1248,3093
4,paced_2M_view,0,queue,1248,1280,3041
4,paced_2M_view,0,queue,1280,1312,3038
4,paced_2M_view,0,queue,1312,1344,2979
4,paced_2M_view,0,queue,1344,1376,2933
4,paced_2M_view,0,queue,1376,1408,2816
4,paced_2M_view,0,queue,1408,1440,2971
4,paced_2M_view,0,queue,1440,1472,2838
4,paced_2M_view,0,queue,1472,1504,2890
4,paced_2M_view,0,queue,1504,1536,2744
4,paced_2M_view,0,queue,1536,1568,2657
4,paced_2M_view,0,queue,1568,1600,2819
4,paced_2M_view,0,queue,1600,1632,2826
4,paced_2M_view,0,queue,1632,1664,2946
4,paced_2M_view,0,queue,1664,1696,2747
4,paced_2M_view,0,queue,1696,1728,2874
4,paced_2M_view,0,queue,1728,1760,2880
4,paced_2M_view,0,queue,1760,1792,2873
4,paced_2M_view,0,queue,1792,1824,2715
4,paced_2M_view,0,queue,1824,1856,2685
4,paced_2M_view,0,queue,1856,1888,2754
4,paced_2M_view,0,queue,1888,1920,2847
4,paced_2M_view,0,queue,1920,1952,2667
4,paced_2M_view,0,queue,1952,1984,2655
4,paced_2M_view,0,queue,1984,2016,2801
4,paced_2M_view,0,queue,2016,2048,2767
4,paced_2M_view,0,queue,2048,2112,5571
4,paced_2M_view,0,queue,2112,2176,5519
4,paced_2M_view,0,queue,2176,2240,5249
4,paced_2M_view,0,queue,2240,2304,5416
4,paced_2M_view,0,queue,2304,2368,5523
4,paced_2M_view,0,queue,2368,2432,5812
4,paced_2M_view,0,queue,2432,2496,5626
4,paced_2M_view,0,queue,2496,2560,5251
4,paced_2M_view,0,queue,2560,2624,5119
4,paced_2M_view,0,queue,2624,2688,4753
4,paced_2M_view,0,queue,2688,2752,4691
4,paced_2M_view,0,queue,2752,2816,4581
4,paced_2M_view,0,queue,2816,2880,4683
4,paced_2M_view,0,queue,2880,2944,4578
4,paced_2M_view,0,queue,2944,3008,4437
4,paced_2M_view,0,queue,3008,3072,4252
4,paced_2M_view,0,queue,3072,3136,4337
4,paced_2M_view,0,queue,3136,3200,4319
4,paced_2M_view,0,queue,3200,3264,4293
4,paced_2M_view,0,queue,3264,3328,4236
4,paced_2M_view,0,queue,3328,3392,4105
4,paced_2M_view,0,queue,3392,3456,4156
4,paced_2M_view,0,queue,3456,3520,4071
4,paced_2M_view,0,queue,3520,3584,3940
4,paced_2M_view,0,queue,3584,3648,3929
4,paced_2M_view,0,queue,3648,3712,3976
4,paced_2M_view,0,queue,3712,3776,3990
4,paced_2M_view,0,queue,3776,3840,3880
4,paced_2M_view,0,queue,3840,3904,3862
4,paced_2M_view,0,queue,3904,3968,3860
4,paced_2M_view,0,queue,3968,4032,3848
4,paced_2M_view,0,queue,4032,4096,3637
4,paced_2M_view,0,queue,4096,4224,7650
4,paced_2M_view,0,queue,4224,4352,7383
4,paced_2M_view,0,queue,4352,4480,7092
4,paced_2M_view,0,queue,4480,4608,6953
4,paced_2M_view,0,queue,4608,4736,6769
4,paced_2M_view,0,queue,4736,4864,6569
4,paced_2M_view,0,queue,4864,4992,6450
4,paced_2M_view,0,queue,4992,5120,6212
4,paced_2M_view,0,queue,5120,5248,6131
4,paced_2M_view,0,queue,5248,5376,5990
4,paced_2M_view,0,queue,5376,5504,5690
4,paced_2M_view,0,queue,5504,5632,5538
4,paced_2M_view,0,queue,5632,5760,5466
4,paced_2M_view,0,queue,5760,5888,5365
4,paced_2M_view,0,queue,5888,6016,5317
4,paced_2M_view,0,queue,6016,6144,5021
4,paced_2M_view,0,queue,6144,6272,5163
4,paced_2M_view,0,queue,6272,6400,4930
4,paced_2M_view,0,queue,6400,6528,4837
4,paced_2M_view,0,queue,6528,6656,4632
4,paced_2M_view,0,queue,6656,6784,4628
4,paced_2M_view,0,queue,6784,6912,4610
4,paced_2M_view,0,queue,6912,7040,4375
4,paced_2M_view,0,queue,7040,7168,4396
4,paced_2M_view,0,queue,7168,7296,4273
4,paced_2M_view,0,queue,7296,7424,4239
4,paced_2M_view,0,queue,7424,7552,4168
4,paced_2M_view,0,queue,7552,7680,4056
4,paced_2M_view,0,queue,7680,7808,4124
4,paced_2M_view,0,queue,7808,7936,4012
4,paced_2M_view,0,queue,7936,8064,3968
4,paced_2M_view,0,queue,8064,8192,3647
4,paced_2M_view,0,queue,8192,8448,6733
4,paced_2M_view,0,queue,8448,8704,6023
4,paced_2M_view,0,queue,8704,8960,5821
4,paced_2M_view,0,queue,8960,9216,5315
4,paced_2M_view,0,queue,9216,9472,5104
4,paced_2M_view,0,queue,9472,9728,5057
4,paced_2M_view,0,queue,9728,9984,4867
4,paced_2M_view,0,queue,9984,10240,4769
4,paced_2M_view,0,queue,10240,10496,4787
4,paced_2M_view,0,queue,10496,10752,4632
4,paced_2M_view,0,queue,10752,11008,4458
4,paced_2M_view,0,queue,11008,11264,4383
4,paced_2M_view,0,queue,11264,11520,4166
4,paced_2M_view,0,queue,11520,11776,4113
4,paced_2M_view,0,queue,11776,12032,4171
4,paced_2M_view,0,queue,12032,12288,4098
4,paced_2M_view,0,queue,12288,12544,3971
4,paced_2M_view,0,queue,12544,12800,3985
4,paced_2M_view,0,queue,12800,13056,3991
4,paced_2M_view,0,queue,13056,13312,3810
4,paced_2M_view,0,queue,13312,13568,3776
4,paced_2M_view,0,queue,13568,13824,3576
4,paced_2M_view,0,queue,13824,14080,3709
4,paced_2M_view,0,queue,14080,14336,3468
4,paced_2M_view,0,queue,14336,14592,3385
4,paced_2M_view,0,queue,14592,14848,3433
4,paced_2M_view,0,queue,14848,15104,3396
4,paced_2M_view,0,queue,15104,15360,3250
4,paced_2M_view,0,queue,15360,15616,3225
4,paced_2M_view,0,queue,15616,15872,3194
4,paced_2M_view,0,queue,15872,16128,3201
4,paced_2M_view,0,queue,16128,16384,3197
4,paced_2M_view,0,queue,16384,16896,6216
4,paced_2M_view,0,queue,16896,17408,6059
4,paced_2M_view,0,queue,17408,17920,5904
4,paced_2M_view,0,queue,17920,18432,5900
4,paced_2M_view,0,queue,18432,18944,5577
4,paced_2M_view,0,queue,18944,19456,5397
4,paced_2M_view,0,queue,19456,19968,5367
4,paced_2M_view,0,queue,19968,20480,5029
4,paced_2M_view,0,queue,20480,20992,4906
4,paced_2M_view,0,queue,20992,21504,4944
4,paced_2M_view,0,queue,21504,22016,4730
4,paced_2M_view,0,queue,22016,22528,4621
4,paced_2M_view,0,queue,22528,23040,4482
4,paced_2M_view,0,queue,23040,23552,4376
4,paced_2M_view,0,queue,23552,24064,4290
4,paced_2M_view,0,queue,24064,24576,4279
4,paced_2M_view,0,queue,24576,25088,4126
4,paced_2M_view,0,queue,25088,25600,3977
4,paced_2M_view,0,queue,25600,26112,3892
4,paced_2M_view,0,queue,26112,26624,4014
4,paced_2M_view,0,queue,26624,27136,3650
4,paced_2M_view,0,queue,27136,27648,3586
4,paced_2M_view,0,queue,27648,28160,3645
4,paced_2M_view,0,queue,28160,28672,3528
4,paced_2M_view,0,queue,28672,29184,3409
4,paced_2M_view,0,queue,29184,29696,3280
4,paced_2M_view,0,queue,29696,30208,3289
4,paced_2M_view,0,queue,30208,30720,3279
4,paced_2M_view,0,queue,30720,31232,3113
4,paced_2M_view,0,queue,31232,31744,3218
4,paced_2M_view,0,queue,31744,32256,3191
4,paced_2M_view,0,queue,32256,32768,3175
4,paced_2M_view,0,queue,32768,33792,6086
4,paced_2M_view,0,queue,33792,34816,5957
4,paced_2M_view,0,queue,34816,35840,5632
4,paced_2M_view,0,queue,35840,36864,5493
4,paced_2M_view,0,queue,36864,37888,5353
4,paced_2M_view,0,queue,37888,38912,5207
4,paced_2M_view,0,queue,38912,39936,4969
4,paced_2M_view,0,queue,39936,40960,4726
4,paced_2M_view,0,queue,40960,41984,4482
4,paced_2M_view,0,queue,41984,43008,4385
4,paced_2M_view,0,queue,43008,44032,4130
4,paced_2M_view,0,queue,44032,45056,4034
4,paced_2M_view,0,queue,45056,46080,3787
4,paced_2M_view,0,queue,46080,47104,3597
4,paced_2M_view,0,queue,47104,48128,3387
4,paced_2M_view,0,queue,48128,49152,3331
4,paced_2M_view,0,queue,49152,50176,3161
4,paced_2M_view,0,queue,50176,51200,3107
4,paced_2M_view,0,queue,51200,52224,2994
4,paced_2M_view,0,queue,52224,53248,2964
4,paced_2M_view,0,queue,53248,54272,2713
4,paced_2M_view,0,queue,54272,55296,2583
4,paced_2M_view,0,queue,55296,56320,2409
4,paced_2M_view,0,queue,56320,57344,2259
4,paced_2M_view,0,queue,57344,58368,2232
4,paced_2M_view,0,queue,58368,59392,2177
4,paced_2M_view,0,queue,59392,60416,2058
4,paced_2M_view,0,queue,60416,61440,1966
4,paced_2M_view,0,queue,61440,62464,1846
4,paced_2M_view,0,queue,62464,63488,1765
4,paced_2M_view,0,queue,63488,64512,1703
4,paced_2M_view,0,queue,64512,65536,1600
4,paced_2M_view,0,queue,65536,67584,2924
4,paced_2M_view,0,queue,67584,69632,2671
4,paced_2M_view,0,queue,69632,71680,2439
4,paced_2M_view,0,queue,71680,73728,2112
4,paced_2M_view,0,queue,73728,75776,1915
4,paced_2M_view,0,queue,75776,77824,1787
4,paced_2M_view,0,queue,77824,79872,1663
4,paced_2M_view,0,queue,79872,81920,1641
4,paced_2M_view,0,queue,81920,83968,1529
4,paced_2M_view,0,queue,83968,86016,1439
4,paced_2M_view,0,queue,86016,88064,1339
4,paced_2M_view,0,queue,88064,90112,1222
4,paced_2M_view,0,queue,90112,92160,1220
4,paced_2M_view,0,queue,92160,94208,1160
4,paced_2M_view,0,queue,94208,96256,1105
4,paced_2M_view,0,queue,96256,98304,1036
4,paced_2M_view,0,queue,98304,100352,990
4,paced_2M_view,0,queue,100352,102400,1013
4,paced_2M_view,0,queue,102400,104448,978
4,paced_2M_view,0,queue,104448,106496,970
4,paced_2M_view,0,queue,106496,108544,928
4,paced_2M_view,0,queue,108544,110592,932
4,paced_2M_view,0,queue,110592,112640,897
4,paced_2M_view,0,queue,112640,114688,894
4,paced_2M_view,0,queue,114688,116736,902
4,paced_2M_view,0,queue,116736,118784,926
4,paced_2M_view,0,queue,118784,120832,911
4,paced_2M_view,0,queue,120832,122880,845
4,paced_2M_view,0,queue,122880,124928,854
4,paced_2M_view,0,queue,124928,126976,767
4,paced_2M_view,0,queue,126976,129024,829
4,paced_2M_view,0,queue,129024,131072,866
4,paced_2M_view,0,queue,131072,135168,1649
4,paced_2M_view,0,queue,135168,139264,1661
4,paced_2M_view,0,queue,139264,143360,1689
4,paced_2M_view,0,queue,143360,147456,1492
4,paced_2M_view,0,queue,147456,151552,1286
4,paced_2M_view,0,queue,151552,155648,1358
4,paced_2M_view,0,queue,155648,159744,1335
4,paced_2M_view,0,queue,159744,163840,1300
4,paced_2M_view,0,queue,163840,167936,1328
4,paced_2M_view,0,queue,167936,172032,1357
4,paced_2M_view,0,queue,172032,176128,1333
4,paced_2M_view,0,queue,176128,180224,1254
4,paced_2M_view,0,queue,180224,184320,1183
4,paced_2M_view,0,queue,184320,188416,1200
4,paced_2M_view,0,queue,188416,192512,1121
4,paced_2M_view,0,queue,192512,196608,1084
4,paced_2M_view,0,queue,196608,200704,1176
4,paced_2M_view,0,queue,200704,204800,1120
4,paced_2M_view,0,queue,204800,208896,1062
4,paced_2M_view,0,queue,208896,212992,1030
4,paced_2M_view,0,queue,212992,217088,923
4,paced_2M_view,0,queue,217088,221184,925
4,paced_2M_view,0,queue,221184,225280,934
4,paced_2M_view,0,queue,225280,229376,892
4,paced_2M_view,0,queue,229376,233472,881
4,paced_2M_view,0,queue,233472,237568,839
4,paced_2M_view,0,queue,237568,241664,840
4,paced_2M_view,0,queue,241664,245760,764
4,paced_2M_view,0,queue,245760,249856,810
4,paced_2M_view,0,queue,249856,253952,816
4,paced_2M_view,0,queue,253952,258048,788
4,paced_2M_view,0,queue,258048,262144,789
4,paced_2M_view,0,queue,262144,270336,1592
4,paced_2M_view,0,queue,270336,278528,1599
4,paced_2M_view,0,queue,278528,286720,1374
4,paced_2M_view,0,queue,286720,294912,1331
4,paced_2M_view,0,queue,294912,303104,1262
4,paced_2M_view,0,queue,303104,311296,1206
4,paced_2M_view,0,queue,311296,319488,1334
4,paced_2M_view,0,queue,319488,327680,1363
4,paced_2M_view,0,queue,327680,335872,1439
4,paced_2M_view,0,queue,335872,344064,1427
4,paced_2M_view,0,queue,344064,352256,1469
4,paced_2M_view,0,queue,352256,360448,1344
4,paced_2M_view,0,queue,360448,368640,1337
4,paced_2M_view,0,queue,368640,376832,1137
4,paced_2M_view,0,queue,376832,385024,1102
4,paced_2M_view,0,queue,385024,393216,1113
4,paced_2M_view,0,queue,393216,401408,1317
4,paced_2M_view,0,queue,401408,409600,1125
4,paced_2M_view,0,queue,409600,417792,1192
4,paced_2M_view,0,queue,417792,425984,1091
4,paced_2M_view,0,queue,425984,434176,988
4,paced_2M_view,0,queue,434176,442368,1070
4,paced_2M_view,0,queue,442368,450560,1030
4,paced_2M_view,0,queue,450560,458752,893
4,paced_2M_view,0,queue,458752,466944,920
4,paced_2M_view,0,queue,466944,475136,887
4,paced_2M_view,0,queue,475136,483328,921
4,paced_2M_view,0,queue,483328,491520,922
4,paced_2M_view,0,queue,491520,499712,929
4,paced_2M_view,0,queue,499712,507904,856
4,paced_2M_view,0,queue,507904,516096,832
4,paced_2M_view,0,queue,516096,524288,792
4,paced_2M_view,0,queue,524288,540672,1481
4,paced_2M_view,0,queue,540672,557056,1453
4,paced_2M_view,0,queue,557056,573440,1570
4,paced_2M_view,0,queue,573440,589824,1483
4,paced_2M_view,0,queue,589824,606208,1219
4,paced_2M_view,0,queue,606208,622592,1423
4,paced_2M_view,0,queue,622592,638976,1238
4,paced_2M_view,0,queue,638976,655360,1250
4,paced_2M_view,0,queue,655360,671744,1229
4,paced_2M_view,0,queue,671744,688128,1233
4,paced_2M_view,0,queue,688128,704512,1436
4,paced_2M_view,0,queue,704512,720896,1040
4,paced_2M_view,0,queue,720896,737280,978
4,paced_2M_view,0,queue,737280,753664,1168
4,paced_2M_view,0,queue,753664,770048,1123
4,paced_2M_view,0,queue,770048,786432,1068
4,paced_2M_view,0,queue,786432,802816,1288
4,paced_2M_view,0,queue,802816,819200,1325
4,paced_2M_view,0,queue,819200,835584,1355
4,paced_2M_view,0,queue,835584,851968,1149
4,paced_2M_view,0,queue,851968,868352,1239
4,paced_2M_view,0,queue,868352,884736,1480
4,paced_2M_view,0,queue,884736,901120,1220
4,paced_2M_view,0,queue,901120,917504,901
4,paced_2M_view,0,queue,917504,933888,914
4,paced_2M_view,0,queue,933888,950272,805
4,paced_2M_view,0,queue,950272,966656,762
4,paced_2M_view,0,queue,966656,983040,647
4,paced_2M_view,0,queue,983040,999424,768
4,paced_2M_view,0,queue,999424,1.01581e+06,734
4,paced_2M_view,0,queue,1.01581e+06,1.03219e+06,741
4,paced_2M_view,0,queue,1.03219e+06,1.04858e+06,764
4,paced_2M_view,0,queue,1.04858e+06,1.08134e+06,1558
4,paced_2M_view,0,queue,1.08134e+06,1.11411e+06,1450
4,paced_2M_view,0,queue,1.11411e+06,1.14688e+06,1230
4,paced_2M_view,0,queue,1.14688e+06,1.17965e+06,1540
4,paced_2M_view,0,queue,1.17965e+06,1.21242e+06,1287
4,paced_2M_view,0,queue,1.21242e+06,1.24518e+06,1244
4,paced_2M_view,0,queue,1.24518e+06,1.27795e+06,1199
4,paced_2M_view,0,queue,1.27795e+06,1.31072e+06,1162
4,paced_2M_view,0,queue,1.31072e+06,1.34349e+06,1056
4,paced_2M_view,0,queue,1.34349e+06,1.37626e+06,1033
4,paced_2M_view,0,queue,1.37626e+06,1.40902e+06,1042
4,paced_2M_view,0,queue,1.40902e+06,1.44179e+06,1017
4,paced_2M_view,0,queue,1.44179e+06,1.47456e+06,1081
4,paced_2M_view,0,queue,1.47456e+06,1.50733e+06,849
4,paced_2M_view,0,queue,1.50733e+06,1.5401e+06,657
4,paced_2M_view,0,queue,1.5401e+06,1.57286e+06,734
4,paced_2M_view,0,queue,1.57286e+06,1.60563e+06,596
4,paced_2M_view,0,queue,1.60563e+06,1.6384e+06,622
4,paced_2M_view,0,queue,1.6384e+06,1.67117e+06,814
4,paced_2M_view,0,queue,1.67117e+06,1.70394e+06,1201
4,paced_2M_view,0,queue,1.70394e+06,1.7367e+06,1098
4,paced_2M_view,0,queue,1.7367e+06,1.76947e+06,906
4,paced_2M_view,0,queue,1.76947e+06,1.80224e+06,1044
4,paced_2M_view,0,queue,1.80224e+06,1.83501e+06,712
4,paced_2M_view,0,queue,1.83501e+06,1.86778e+06,1157
4,paced_2M_view,0,queue,1.86778e+06,1.90054e+06,974
4,paced_2M_view,0,queue,1.90054e+06,1.93331e+06,855
4,paced_2M_view,0,queue,1.93331e+06,1.96608e+06,838
4,paced_2M_view,0,queue,1.96608e+06,1.99885e+06,862
4,paced_2M_view,0,queue,1.99885e+06,2.03162e+06,778
4,paced_2M_view,0,queue,2.03162e+06,2.06438e+06,598
4,paced_2M_view,0,queue,2.06438e+06,2.09715e+06,690
4,paced_2M_view,0,queue,2.09715e+06,2.16269e+06,1252
4,paced_2M_view,0,queue,2.16269e+06,2.22822e+06,1701
4,paced_2M_view,0,queue,2.22822e+06,2.29376e+06,1039
4,paced_2M_view,0,queue,2.29376e+06,2.3593e+06,901
4,paced_2M_view,0,queue,2.3593e+06,2.42483e+06,1217
4,paced_2M_view,0,queue,2.42483e+06,2.49037e+06,992
4,paced_2M_view,0,queue,2.49037e+06,2.5559e+06,727
4,paced_2M_view,0,queue,2.5559e+06,2.62144e+06,900
4,paced_2M_view,0,queue,2.62144e+06,2.68698e+06,674
4,paced_2M_view,0,queue,2.68698e+06,2.75251e+06,835
4,paced_2M_view,0,queue,2.75251e+06,2.81805e+06,781
4,paced_2M_view,0,queue,2.81805e+06,2.88358e+06,700
4,paced_2M_view,0,queue,2.88358e+06,2.94912e+06,1103
4,paced_2M_view,0,queue,2.94912e+06,3.01466e+06,1143
4,paced_2M_view,0,queue,3.01466e+06,3.08019e+06,948
4,paced_2M_view,0,queue,3.08019e+06,3.14573e+06,741
4,paced_2M_view,0,queue,3.14573e+06,3.21126e+06,190
4,paced_2M_view,0,queue,3.21126e+06,3.2768e+06,181
4,paced_2M_view,0,queue,3.2768e+06,3.34234e+06,202
4,paced_2M_view,0,queue,3.34234e+06,3.40787e+06,186
4,paced_2M_view,0,queue,3.40787e+06,3.47341e+06,186
4,paced_2M_view,0,queue,3.47341e+06,3.53894e+06,184
4,paced_2M_view,0,queue,3.53894e+06,3.60448e+06,182
4,paced_2M_view,0,queue,3.60448e+06,3.67002e+06,186
4,paced_2M_view,0,queue,3.67002e+06,3.73555e+06,176
4,paced_2M_view,0,queue,3.73555e+06,3.80109e+06,189
4,paced_2M_view,0,queue,3.80109e+06,3.86662e+06,191
4,paced_2M_view,0,queue,3.86662e+06,3.93216e+06,181
4,paced_2M_view,0,queue,3.93216e+06,3.9977e+06,185
4,paced_2M_view,0,queue,3.9977e+06,4.06323e+06,188
4,paced_2M_view,0,queue,4.06323e+06,4.12877e+06,192
4,paced_2M_view,0,queue,4.12877e+06,4.1943e+06,195
4,paced_2M_view,0,queue,4.1943e+06,4.32538e+06,395
4,paced_2M_view,0,queue,4.32538e+06,4.45645e+06,394
4,paced_2M_view,0,queue,4.45645e+06,4.58752e+06,370
4,paced_2M_view,0,queue,4.58752e+06,4.71859e+06,381
4,paced_2M_view,0,queue,4.71859e+06,4.84966e+06,380
4,paced_2M_view,0,queue,4.84966e+06,4.98074e+06,395
4,paced_2M_view,0,queue,4.98074e+06,5.11181e+06,360
4,paced_2M_view,0,queue,5.11181e+06,5.24288e+06,393
4,paced_2M_view,0,queue,5.24288e+06,5.37395e+06,382
4,paced_2M_view,0,queue,5.37395e+06,5.50502e+06,400
4,paced_2M_view,0,queue,5.50502e+06,5.6361e+06,397
4,paced_2M_view,0,queue,5.6361e+06,5.76717e+06,437
4,paced_2M_view,0,queue,5.76717e+06,5.89824e+06,379
4,paced_2M_view,0,queue,5.89824e+06,6.02931e+06,427
4,paced_2M_view,0,queue,6.02931e+06,6.16038e+06,496
4,paced_2M_view,0,queue,6.16038e+06,6.29146e+06,373
4,paced_2M_view,0,queue,6.29146e+06,6.42253e+06,373
4,paced_2M_view,0,queue,6.42253e+06,6.5536e+06,385
4,paced_2M_view,0,queue,6.5536e+06,6.68467e+06,382
4,paced_2M_view,0,queue,6.68467e+06,6.81574e+06,377
4,paced_2M_view,0,queue,6.81574e+06,6.94682e+06,391
4,paced_2M_view,0,queue,6.94682e+06,7.07789e+06,402
4,paced_2M_view,0,queue,7.07789e+06,7.20896e+06,415
4,paced_2M_view,0,queue,7.20896e+06,7.34003e+06,629
4,paced_2M_view,0,queue,7.34003e+06,7.4711e+06,664
4,paced_2M_view,0,queue,7.4711e+06,7.60218e+06,656
4,paced_2M_view,0,queue,7.60218e+06,7.73325e+06,1793
4,paced_2M_view,0,queue,7.73325e+06,7.86432e+06,1232
4,paced_2M_view,0,queue,7.86432e+06,7.99539e+06,1517
4,paced_2M_view,0,queue,7.99539e+06,8.12646e+06,1625
4,paced_2M_view,0,queue,8.12646e+06,8.25754e+06,913
4,paced_2M_view,0,queue,8.25754e+06,8.38861e+06,825
4,paced_2M_view,0,queue,8.38861e+06,8.65075e+06,1807
4,paced_2M_view,0,queue,8.65075e+06,8.9129e+06,1470
4,paced_2M_view,0,queue,8.9129e+06,9.17504e+06,779
4,paced_2M_view,0,queue,9.17504e+06,9.43718e+06,811
4,paced_2M_view,0,queue,9.43718e+06,9.69933e+06,1250
4,paced_2M_view,0,queue,9.69933e+06,9.96147e+06,1219
4,paced_2M_view,0,queue,9.96147e+06,1.02236e+07,840
4,paced_2M_view,0,queue,1.02236e+07,1.04858e+07,824
4,paced_2M_view,0,queue,1.04858e+07,1.07479e+07,951
4,paced_2M_view,0,queue,1.07479e+07,1.101e+07,1507
4,paced_2M_view,0,queue,1.101e+07,1.12722e+07,2368
4,paced_2M_view,0,queue,1.12722e+07,1.15343e+07,2631
4,paced_2M_view,0,queue,1.15343e+07,1.17965e+07,3963
4,paced_2M_view,0,queue,1.17965e+07,1.20586e+07,1712
4,paced_2M_view,0,queue,1.20586e+07,1.23208e+07,1831
4,paced_2M_view,0,queue,1.23208e+07,1.25829e+07,1996
4,paced_2M_view,0,queue,1.25829e+07,1.28451e+07,2033
4,paced_2M_view,0,queue,1.28451e+07,1.31072e+07,1709
4,paced_2M_view,0,queue,1.31072e+07,1.33693e+07,1775
4,paced_2M_view,0,queue,1.33693e+07,1.36315e+07,2015
4,paced_2M_view,0,queue,1.36315e+07,1.38936e+07,1068
4,paced_2M_view,0,queue,1.38936e+07,1.41558e+07,874
4,paced_2M_view,0,queue,1.41558e+07,1.44179e+07,1001
4,paced_2M_view,0,queue,1.44179e+07,1.46801e+07,894
4,paced_2M_view,0,queue,1.46801e+07,1.49422e+07,932
4,paced_2M_view,0,queue,1.49422e+07,1.52044e+07,893
4,paced_2M_view,0,queue,1.52044e+07,1.54665e+07,1245
4,paced_2M_view,0,queue,1.54665e+07,1.57286e+07,1015
4,paced_2M_view,0,queue,1.57286e+07,1.59908e+07,2528
4,paced_2M_view,0,queue,1.59908e+07,1.62529e+07,1814
4,paced_2M_view,0,queue,1.62529e+07,1.65151e+07,1459
4,paced_2M_view,0,queue,1.65151e+07,1.67772e+07,960
4,paced_2M_view,0,queue,1.67772e+07,1.73015e+07,2630
4,paced_2M_view,0,queue,1.73015e+07,1.78258e+07,2247
4,paced_2M_view,0,queue,1.78258e+07,1.83501e+07,2998
4,paced_2M_view,0,queue,1.83501e+07,1.88744e+07,2134
4,paced_2M_view,0,queue,1.88744e+07,1.93987e+07,1801
4,paced_2M_view,0,queue,1.93987e+07,1.99229e+07,1932
4,paced_2M_view,0,queue,1.99229e+07,2.04472e+07,1634
4,paced_2M_view,0,queue,2.04472e+07,2.09715e+07,3153
4,paced_2M_view,0,queue,2.09715e+07,2.14958e+07,4992
4,paced_2M_view,0,queue,2.14958e+07,2.20201e+07,2904
4,paced_2M_view,0,queue,2.20201e+07,2.25444e+07,1702
4,paced_2M_view,0,queue,2.25444e+07,2.30687e+07,1744
4,paced_2M_view,0,queue,2.30687e+07,2.3593e+07,1890
4,paced_2M_view,0,queue,2.3593e+07,2.41172e+07,1768
4,paced_2M_view,0,queue,2.41172e+07,2.46415e+07,1645
4,paced_2M_view,0,queue,2.46415e+07,2.51658e+07,1661
4,paced_2M_view,0,queue,2.51658e+07,2.56901e+07,1675
4,paced_2M_view,0,queue,2.56901e+07,2.62144e+07,1648
4,paced_2M_view,0,queue,2.62144e+07,2.67387e+07,1625
4,paced_2M_view,0,queue,2.67387e+07,2.7263e+07,1728
4,paced_2M_view,0,queue,2.7263e+07,2.77873e+07,1624
4,paced_2M_view,0,queue,2.77873e+07,2.83116e+07,1787
4,paced_2M_view,0,queue,2.83116e+07,2.88358e+07,2502
4,paced_2M_view,0,queue,2.88358e+07,2.93601e+07,4087
4,paced_2M_view,0,queue,2.93601e+07,2.98844e+07,1691
4,paced_2M_view,0,queue,2.98844e+07,3.04087e+07,1760
4,paced_2M_view,0,queue,3.04087e+07,3.0933e+07,1672
4,paced_2M_view,0,queue,3.0933e+07,3.14573e+07,2652
4,paced_2M_view,0,queue,3.14573e+07,3.19816e+07,2033
4,paced_2M_view,0,queue,3.19816e+07,3.25059e+07,1726
4,paced_2M_view,0,queue,3.25059e+07,3.30301e+07,1591
4,paced_2M_view,0,queue,3.30301e+07,3.35544e+07,1835
4,paced_2M_view,0,queue,3.35544e+07,3.4603e+07,3435
4,paced_2M_view,0,queue,3.4603e+07,3.56516e+07,3411
4,paced_2M_view,0,queue,3.56516e+07,3.67002e+07,3377
4,paced_2M_view,0,queue,3.67002e+07,3.77487e+07,3641
4,paced_2M_view,0,queue,3.77487e+07,3.87973e+07,4309
4,paced_2M_view,0,queue,3.87973e+07,3.98459e+07,3357
4,paced_2M_view,0,queue,3.98459e+07,4.08945e+07,3724
4,paced_2M_view,0,queue,4.08945e+07,4.1943e+07,3660
4,paced_2M_view,0,queue,4.1943e+07,4.29916e+07,5432
4,paced_2M_view,0,queue,4.29916e+07,4.40402e+07,5527
4,paced_2M_view,0,queue,4.40402e+07,4.50888e+07,4704
4,paced_2M_view,0,queue,4.50888e+07,4.61373e+07,6248
4,paced_2M_view,0,queue,4.61373e+07,4.71859e+07,6695
4,paced_2M_view,0,queue,4.71859e+07,4.82345e+07,10857
4,paced_2M_view,0,queue,4.82345e+07,4.92831e+07,6290
4,paced_2M_view,0,queue,4.92831e+07,5.03316e+07,11906
4,paced_2M_view,0,queue,5.03316e+07,5.13802e+07,13840
4,paced_2M_view,0,queue,5.13802e+07,5.24288e+07,14390
4,paced_2M_view,0,queue,5.24288e+07,5.34774e+07,1657
4,paced_2M_view,0,book,0,1,1186434
4,paced_2M_view,0,book,17,18,1898
4,paced_2M_view,0,book,18,19,2592
4,paced_2M_view,0,book,41,42,2668781
4,paced_2M_view,0,book,42,43,5193703
4,paced_2M_view,0,book,58,59,4242
4,paced_2M_view,0,book,59,60,7478
4,paced_2M_view,0,book,60,61,2220
4,paced_2M_view,0,book,82,84,4247646
4,paced_2M_view,0,book,84,86,2165077
4,paced_2M_view,0,book,100,102,30150
4,paced_2M_view,0,book,102,104,4678
4,paced_2M_view,0,book,124,126,14321354
4,paced_2M_view,0,book,140,144,42812
4,paced_2M_view,0,book,164,168,3750107
4,paced_2M_view,0,book,180,184,3206
4,paced_2M_view,0,book,184,188,13259
4,paced_2M_view,0,book,208,212,1560413
4,paced_2M_view,0,book,224,228,10363
4,paced_2M_view,0,book,248,252,1195914
4,paced_2M_view,0,book,264,272,7871
4,paced_2M_view,0,book,288,296,533466
4,paced_2M_view,0,book,304,312,4591
4,paced_2M_view,0,book,328,336,353093
4,paced_2M_view,0,book,344,352,2903
4,paced_2M_view,0,book,352,360,547
4,paced_2M_view,0,book,368,376,228818
4,paced_2M_view,0,book,392,400,2473
4,paced_2M_view,0,book,416,424,139222
4,paced_2M_view,0,book,432,440,1696
4,paced_2M_view,0,book,456,464,97451
4,paced_2M_view,0,book,472,480,1382
4,paced_2M_view,0,book,496,504,63172
4,paced_2M_view,0,book,512,528,943
4,paced_2M_view,0,book,528,544,43414
4,paced_2M_view,0,book,544,560,451
4,paced_2M_view,0,book,560,576,238
4,paced_2M_view,0,book,576,592,29375
4,paced_2M_view,0,book,592,608,479
4,paced_2M_view,0,book,624,640,21003
4,paced_2M_view,0,book,640,656,362
4,paced_2M_view,0,book,656,672,15705
4,paced_2M_view,0,book,672,688,340
4,paced_2M_view,0,book,704,720,11534
4,paced_2M_view,0,book,720,736,268
4,paced_2M_view,0,book,736,752,8687
4,paced_2M_view,0,book,752,768,86
4,paced_2M_view,0,book,768,784,112
4,paced_2M_view,0,book,784,800,6707
4,paced_2M_view,0,book,800,816,158
4,paced_2M_view,0,book,832,848,5127
4,paced_2M_view,0,book,848,864,143
4,paced_2M_view,0,book,864,880,3952
4,paced_2M_view,0,book,880,896,96
4,paced_2M_view,0,book,912,928,3121
4,paced_2M_view,0,book,928,944,89
4,paced_2M_view,0,book,944,960,2552
4,paced_2M_view,0,book,960,976,25
4,paced_2M_view,0,book,976,992,55
4,paced_2M_view,0,book,992,1008,2113
4,paced_2M_view,0,book,1008,1024,54
4,paced_2M_view,0,book,1024,1056,1806
4,paced_2M_view,0,book,1056,1088,1439
4,paced_2M_view,0,book,1088,1120,55
4,paced_2M_view,0,book,1120,1152,1210
4,paced_2M_view,0,book,1152,1184,1049
4,paced_2M_view,0,book,1184,1216,893
4,paced_2M_view,0,book,1216,1248,29
4,paced_2M_view,0,book,1248,1280,728
4,paced_2M_view,0,book,1280,1312,595
4,paced_2M_view,0,book,1312,1344,487
4,paced_2M_view,0,book,1344,1376,448
4,paced_2M_view,0,book,1376,1408,8
4,paced_2M_view,0,book,1408,1440,368
4,paced_2M_view,0,book,1440,1472,296
4,paced_2M_view,0,book,1472,1504,284
4,paced_2M_view,0,book,1504,1536,12
4,paced_2M_view,0,book,1536,1568,270
4,paced_2M_view,0,book,1568,1600,222
4,paced_2M_view,0,book,1600,1632,226
4,paced_2M_view,0,book,1632,1664,14
4,paced_2M_view,0,book,1664,1696,180
4,paced_2M_view,0,book,1696,1728,155
4,paced_2M_view,0,book,1728,1760,135
4,paced_2M_view,0,book,1760,1792,48
4,paced_2M_view,0,book,1792,1824,89
4,paced_2M_view,0,book,1824,1856,139
4,paced_2M_view,0,book,1856,1888,105
4,paced_2M_view,0,book,1888,1920,108
4,paced_2M_view,0,book,1920,1952,5
4,paced_2M_view,0,book,1952,1984,84
4,paced_2M_view,0,book,1984,2016,87
4,paced_2M_view,0,book,2016,2048,68
4,paced_2M_view,0,book,2048,2112,85
4,paced_2M_view,0,book,2112,2176,118
4,paced_2M_view,0,book,2176,2240,54
4,paced_2M_view,0,book,2240,2304,107
4,paced_2M_view,0,book,2304,2368,67
4,paced_2M_view,0,book,2368,2432,103
4,paced_2M_view,0,book,2432,2496,63
4,paced_2M_view,0,book,2496,2560,111
4,paced_2M_view,0,book,2560,2624,52
4,paced_2M_view,0,book,2624,2688,135
4,paced_2M_view,0,book,2688,2752,878
4,paced_2M_view,0,book,2752,2816,653
4,paced_2M_view,0,book,2816,2880,927
4,paced_2M_view,0,book,2880,2944,401
4,paced_2M_view,0,book,2944,3008,435
4,paced_2M_view,0,book,3008,3072,179
4,paced_2M_view,0,book,3072,3136,240
4,paced_2M_view,0,book,3136,3200,103
4,paced_2M_view,0,book,3200,3264,188
4,paced_2M_view,0,book,3264,3328,112
4,paced_2M_view,0,book,3328,3392,240
4,paced_2M_view,0,book,3392,3456,144
4,paced_2M_view,0,book,3456,3520,210
4,paced_2M_view,0,book,3520,3584,141
4,paced_2M_view,0,book,3584,3648,146
4,paced_2M_view,0,book,3648,3712,112
4,paced_2M_view,0,book,3712,3776,84
4,paced_2M_view,0,book,3776,3840,110
4,paced_2M_view,0,book,3840,3904,96
4,paced_2M_view,0,book,3904,3968,112
4,paced_2M_view,0,book,3968,4032,56
4,paced_2M_view,0,book,4032,4096,106
4,paced_2M_view,0,book,4096,4224,164
4,paced_2M_view,0,book,4224,4352,167
4,paced_2M_view,0,book,4352,4480,167
4,paced_2M_view,0,book,4480,4608,152
4,paced_2M_view,0,book,4608,4736,156
4,paced_2M_view,0,book,4736,4864,152
4,paced_2M_view,0,book,4864,4992,183
4,paced_2M_view,0,book,4992,5120,167
4,paced_2M_view,0,book,5120,5248,168
4,paced_2M_view,0,book,5248,5376,220
4,paced_2M_view,0,book,5376,5504,195
4,paced_2M_view,0,book,5504,5632,200
4,paced_2M_view,0,book,5632,5760,177
4,paced_2M_view,0,book,5760,5888,165
4,paced_2M_view,0,book,5888,6016,173
4,paced_2M_view,0,book,6016,6144,196
4,paced_2M_view,0,book,6144,6272,161
4,paced_2M_view,0,book,6272,6400,165
4,paced_2M_view,0,book,6400,6528,144
4,paced_2M_view,0,book,6528,6656,162
4,paced_2M_view,0,book,6656,6784,155
4,paced_2M_view,0,book,6784,6912,143
4,paced_2M_view,0,book,6912,7040,146
4,paced_2M_view,0,book,7040,7168,168
4,paced_2M_view,0,book,7168,7296,131
4,paced_2M_view,0,book,7296,7424,123
4,paced_2M_view,0,book,7424,7552,104
4,paced_2M_view,0,book,7552,7680,89
4,paced_2M_view,0,book,7680,7808,106
4,paced_2M_view,0,book,7808,7936,117
4,paced_2M_view,0,book,7936,8064,110
4,paced_2M_view,0,book,8064,8192,110
4,paced_2M_view,0,book,8192,8448,234
4,paced_2M_view,0,book,8448,8704,198
4,paced_2M_view,0,book,8704,8960,188
4,paced_2M_view,0,book,8960,9216,133
4,paced_2M_view,0,book,9216,9472,119
4,paced_2M_view,0,book,9472,9728,80
4,paced_2M_view,0,book,9728,9984,81
4,paced_2M_view,0,book,9984,10240,75
4,paced_2M_view,0,book,10240,10496,84
4,paced_2M_view,0,book,10496,10752,93
4,paced_2M_view,0,book,10752,11008,67
4,paced_2M_view,0,book,11008,11264,64
4,paced_2M_view,0,book,11264,11520,65
4,paced_2M_view,0,book,11520,11776,70
4,paced_2M_view,0,book,11776,12032,54
4,paced_2M_view,0,book,12032,12288,49
4,paced_2M_view,0,book,12288,12544,78
4,paced_2M_view,0,book,12544,12800,61
4,paced_2M_view,0,book,12800,13056,40
4,paced_2M_view,0,book,13056,13312,56
4,paced_2M_view,0,book,13312,13568,42
4,paced_2M_view,0,book,13568,13824,61
4,paced_2M_view,0,book,13824,14080,35
4,paced_2M_view,0,book,14080,14336,50
4,paced_2M_view,0,book,14336,14592,50
4,paced_2M_view,0,book,14592,14848,32
4,paced_2M_view,0,book,14848,15104,53
4,paced_2M_view,0,book,15104,15360,28
4,paced_2M_view,0,book,15360,15616,36
4,paced_2M_view,0,book,15616,15872,39
4,paced_2M_view,0,book,15872,16128,25
4,paced_2M_view,0,book,16128,16384,30
4,paced_2M_view,0,book,16384,16896,75
4,paced_2M_view,0,book,16896,17408,71
4,paced_2M_view,0,book,17408,17920,61
4,paced_2M_view,0,book,17920,18432,48
4,paced_2M_view,0,book,18432,18944,49
4,paced_2M_view,0,book,18944,19456,57
4,paced_2M_view,0,book,19456,19968,43
4,paced_2M_view,0,book,19968,20480,49
4,paced_2M_view,0,book,20480,20992,37
4,paced_2M_view,0,book,20992,21504,31
4,paced_2M_view,0,book,21504,22016,29
4,paced_2M_view,0,book,22016,22528,37
4,paced_2M_view,0,book,22528,23040,28
4,paced_2M_view,0,book,23040,23552,27
4,paced_2M_view,0,book,23552,24064,28
4,paced_2M_view,0,book,24064,24576,26
4,paced_2M_view,0,book,24576,25088,22
4,paced_2M_view,0,book,25088,25600,20
4,paced_2M_view,0,book,25600,26112,26
4,paced_2M_view,0,book,26112,26624,19
4,paced_2M_view,0,book,26624,27136,19
4,paced_2M_view,0,book,27136,27648,17
4,paced_2M_view,0,book,27648,28160,18
4,paced_2M_view,0,book,28160,28672,20
4,paced_2M_view,0,book,28672,29184,12
4,paced_2M_view,0,book,29184,29696,13
4,paced_2M_view,0,book,29696,30208,12
4,paced_2M_view,0,book,30208,30720,13
4,paced_2M_view,0,book,30720,31232,18
4,paced_2M_view,0,book,31232,31744,21
4,paced_2M_view,0,book,31744,32256,18
4,paced_2M_view,0,book,32256,32768,13
4,paced_2M_view,0,book,32768,33792,22
4,paced_2M_view,0,book,33792,34816,20
4,paced_2M_view,0,book,34816,35840,28
4,paced_2M_view,0,book,35840,36864,14
4,paced_2M_view,0,book,36864,37888,27
4,paced_2M_view,0,book,37888,38912,21
4,paced_2M_view,0,book,38912,39936,16
4,paced_2M_view,0,book,39936,40960,18
4,paced_2M_view,0,book,40960,41984,10
4,paced_2M_view,0,book,41984,43008,17
4,paced_2M_view,0,book,43008,44032,9
4,paced_2M_view,0,book,44032,45056,14
4,paced_2M_view,0,book,45056,46080,11
4,paced_2M_view,0,book,46080,47104,16
4,paced_2M_view,0,book,47104,48128,13
4,paced_2M_view,0,book,48128,49152,3
4,paced_2M_view,0,book,49152,50176,9
4,paced_2M_view,0,book,50176,51200,3
4,paced_2M_view,0,book,51200,52224,7
4,paced_2M_view,0,book,52224,53248,13
4,paced_2M_view,0,book,53248,54272,1
4,paced_2M_view,0,book,54272,55296,6
4,paced_2M_view,0,book,55296,56320,8
4,paced_2M_view,0,book,56320,57344,4
4,paced_2M_view,0,book,57344,58368,9
4,paced_2M_view,0,book,58368,59392,5
4,paced_2M_view,0,book,59392,60416,3
4,paced_2M_view,0,book,60416,61440,5
4,paced_2M_view,0,book,61440,62464,4
4,paced_2M_view,0,book,62464,63488,3
4,paced_2M_view,0,book,63488,64512,5
4,paced_2M_view,0,book,64512,65536,4
4,paced_2M_view,0,book,65536,67584,9
4,paced_2M_view,0,book,67584,69632,8
4,paced_2M_view,0,book,69632,71680,9
4,paced_2M_view,0,book,71680,73728,8
4,paced_2M_view,0,book,73728,75776,5
4,paced_2M_view,0,book,75776,77824,6
4,paced_2M_view,0,book,77824,79872,7
4,paced_2M_view,0,book,79872,81920,5
4,paced_2M_view,0,book,81920,83968,4
4,paced_2M_view,0,book,83968,86016,1
4,paced_2M_view,0,book,86016,88064,5
4,paced_2M_view,0,book,88064,90112,6
4,paced_2M_view,0,book,90112,92160,4
4,paced_2M_view,0,book,92160,94208,6
4,paced_2M_view,0,book,94208,96256,2
4,paced_2M_view,0,book,96256,98304,3
4,paced_2M_view,0,book,98304,100352,1
4,paced_2M_view,0,book,100352,102400,4
4,paced_2M_view,0,book,102400,104448,3
4,paced_2M_view,0,book,104448,106496,6
4,paced_2M_view,0,book,106496,108544,2
4,paced_2M_view,0,book,108544,110592,1
4,paced_2M_view,0,book,110592,112640,4
4,paced_2M_view,0,book,112640,114688,1
4,paced_2M_view,0,book,114688,116736,2
4,paced_2M_view,0,book,116736,118784,2
4,paced_2M_view,0,book,118784,120832,4
4,paced_2M_view,0,book,120832,122880,1
4,paced_2M_view,0,book,122880,124928,1
4,paced_2M_view,0,book,124928,126976,1
4,paced_2M_view,0,book,126976,129024,3
4,paced_2M_view,0,book,129024,131072,1
4,paced_2M_view,0,book,131072,135168,6
4,paced_2M_view,0,book,135168,139264,4
4,paced_2M_view,0,book,139264,143360,1
4,paced_2M_view,0,book,143360,147456,1
4,paced_2M_view,0,book,147456,151552,6
4,paced_2M_view,0,book,151552,155648,1
4,paced_2M_view,0,book,155648,159744,2
4,paced_2M_view,0,book,159744,163840,6
4,paced_2M_view,0,book,167936,172032,3
4,paced_2M_view,0,book,176128,180224,2
4,paced_2M_view,0,book,184320,188416,1
4,paced_2M_view,0,book,188416,192512,1
4,paced_2M_view,0,book,192512,196608,1
4,paced_2M_view,0,book,196608,200704,2
4,paced_2M_view,0,book,204800,208896,1
4,paced_2M_view,0,book,208896,212992,1
4,paced_2M_view,0,book,212992,217088,3
4,paced_2M_view,0,book,217088,221184,2
4,paced_2M_view,0,book,233472,237568,1
4,paced_2M_view,0,book,237568,241664,2
4,paced_2M_view,0,book,241664,245760,1
4,paced_2M_view,0,book,245760,249856,3
4,paced_2M_view,0,book,249856,253952,1
4,paced_2M_view,0,book,253952,258048,1
4,paced_2M_view,0,book,262144,270336,4
4,paced_2M_view,0,book,270336,278528,3
4,paced_2M_view,0,book,278528,286720,3
4,paced_2M_view,0,book,286720,294912,2
4,paced_2M_view,0,book,294912,303104,1
4,paced_2M_view,0,book,311296,319488,3
4,paced_2M_view,0,book,319488,327680,1
4,paced_2M_view,0,book,327680,335872,1
4,paced_2M_view,0,book,335872,344064,1
4,paced_2M_view,0,book,344064,352256,1
4,paced_2M_view,0,book,360448,368640,1
4,paced_2M_view,0,book,376832,385024,2
4,paced_2M_view,0,book,393216,401408,1
4,paced_2M_view,0,book,401408,409600,2
4,paced_2M_view,0,book,409600,417792,1
4,paced_2M_view,0,book,417792,425984,1
4,paced_2M_view,0,book,466944,475136,1
4,paced_2M_view,0,book,475136,483328,2
4,paced_2M_view,0,book,491520,499712,1
4,paced_2M_view,0,book,516096,524288,1
4,paced_2M_view,0,book,524288,540672,1
4,paced_2M_view,0,book,557056,573440,1
4,paced_2M_view,0,book,573440,589824,1
4,paced_2M_view,0,book,606208,622592,1
4,paced_2M_view,0,book,655360,671744,1
4,paced_2M_view,0,book,671744,688128,1
4,paced_2M_view,0,book,704512,720896,1
4,paced_2M_view,0,book,720896,737280,1
4,paced_2M_view,0,book,753664,770048,1
4,paced_2M_view,0,book,868352,884736,2
4,paced_2M_view,0,book,884736,901120,1
4,paced_2M_view,0,book,950272,966656,1
4,paced_2M_view,0,book,966656,983040,1
4,paced_2M_view,0,book,1.08134e+06,1.11411e+06,1
4,paced_2M_view,0,book,1.11411e+06,1.14688e+06,1
4,paced_2M_view,0,book,1.14688e+06,1.17965e+06,1
4,paced_2M_view,0,book,1.37626e+06,1.40902e+06,1
4,paced_2M_view,0,book,3.93216e+06,3.9977e+06,1
5,paced_2M_view,0,total,18,19,3
5,paced_2M_view,0,total,20,21,2
5,paced_2M_view,0,total,22,23,6
5,paced_2M_view,0,total,24,25,3
5,paced_2M_view,0,total,26,27,1
5,paced_2M_view,0,total,28,29,3
5,paced_2M_view,0,total,30,31,2
5,paced_2M_view,0,total,32,33,4
5,paced_2M_view,0,total,33,34,3
5,paced_2M_view,0,total,35,36,1
5,paced_2M_view,0,total,37,38,4
5,paced_2M_view,0,total,39,40,2
5,paced_2M_view,0,total,41,42,1656
5,paced_2M_view,0,total,42,43,1571
5,paced_2M_view,0,total,43,44,3198
5,paced_2M_view,0,total,44,45,1573
5,paced_2M_view,0,total,45,46,3221
5,paced_2M_view,0,total,46,47,1535
5,paced_2M_view,0,total,47,48,3141
5,paced_2M_view,0,total,48,49,1546
5,paced_2M_view,0,total,49,50,3126
5,paced_2M_view,0,total,50,51,1635
5,paced_2M_view,0,total,51,52,3321
5,paced_2M_view,0,total,52,53,1552
5,paced_2M_view,0,total,53,54,3244
5,paced_2M_view,0,total,54,55,1598
5,paced_2M_view,0,total,55,56,3144
5,paced_2M_view,0,total,56,57,1611
5,paced_2M_view,0,total,57,58,3195
5,paced_2M_view,0,total,58,59,1562
5,paced_2M_view,0,total,59,60,3325
5,paced_2M_view,0,total,60,61,1783
5,paced_2M_view,0,total,61,62,3305
5,paced_2M_view,0,total,62,63,1773
5,paced_2M_view,0,total,63,64,3308
5,paced_2M_view,0,total,64,66,5017
5,paced_2M_view,0,total,66,68,5104
5,paced_2M_view,0,total,68,70,5090
5,paced_2M_view,0,total,70,72,5163
5,paced_2M_view,0,total,72,74,5125
5,paced_2M_view,0,total,74,76,6870
5,paced_2M_view,0,total,76,78,5192
5,paced_2M_view,0,total,78,80,5208
5,paced_2M_view,0,total,80,82,5106
5,paced_2M_view,0,total,82,84,101668
5,paced_2M_view,0,total,84,86,295854
5,paced_2M_view,0,total,86,88,298158
5,paced_2M_view,0,total,88,90,295916
5,paced_2M_view,0,total,90,92,296760
5,paced_2M_view,0,total,92,94,297224
5,paced_2M_view,0,total,94,96,296387
5,paced_2M_view,0,total,96,98,296869
5,paced_2M_view,0,total,98,100,296998
5,paced_2M_view,0,total,100,102,295695
5,paced_2M_view,0,total,102,104,294950
5,paced_2M_view,0,total,104,106,296930
5,paced_2M_view,0,total,106,108,295255
5,paced_2M_view,0,total,108,110,295617
5,paced_2M_view,0,total,110,112,295901
5,paced_2M_view,0,total,112,114,295520
5,paced_2M_view,0,total,114,116,295825
5,paced_2M_view,0,total,116,118,494309
5,paced_2M_view,0,total,118,120,296246
5,paced_2M_view,0,total,120,122,296567
5,paced_2M_view,0,total,122,124,296830
5,paced_2M_view,0,total,124,126,234690
5,paced_2M_view,0,total,126,128,203067
5,paced_2M_view,0,total,128,132,407922
5,paced_2M_view,0,total,132,136,406255
5,paced_2M_view,0,total,136,140,406913
5,paced_2M_view,0,total,140,144,408907
5,paced_2M_view,0,total,144,148,409503
5,paced_2M_view,0,total,148,152,409245
5,paced_2M_view,0,total,152,156,408979
5,paced_2M_view,0,total,156,160,479487
5,paced_2M_view,0,total,160,164,409882
5,paced_2M_view,0,total,164,168,722088
5,paced_2M_view,0,total,168,172,1346239
5,paced_2M_view,0,total,172,176,1345629
5,paced_2M_view,0,total,176,180,1346943
5,paced_2M_view,0,total,180,184,1345760
5,paced_2M_view,0,total,184,188,1347442
5,paced_2M_view,0,total,188,192,1346317
5,paced_2M_view,0,total,192,196,1348609
5,paced_2M_view,0,total,196,200,1347324
5,paced_2M_view,0,total,200,204,1795938
5,paced_2M_view,0,total,204,208,1348324
5,paced_2M_view,0,total,208,212,564706
5,paced_2M_view,0,total,212,216,565305
5,paced_2M_view,0,total,216,220,564804
5,paced_2M_view,0,total,220,224,564356
5,paced_2M_view,0,total,224,228,562799
5,paced_2M_view,0,total,228,232,560037
5,paced_2M_view,0,total,232,236,561696
5,paced_2M_view,0,total,236,240,561861
5,paced_2M_view,0,total,240,244,652691
5,paced_2M_view,0,total,244,248,559672
5,paced_2M_view,0,total,248,252,367538
5,paced_2M_view,0,total,252,256,177978
5,paced_2M_view,0,total,256,264,357170
5,paced_2M_view,0,total,264,272,352755
5,paced_2M_view,0,total,272,280,350715
5,paced_2M_view,0,total,280,288,409824
5,paced_2M_view,0,total,288,296,303080
5,paced_2M_view,0,total,296,304,270020
5,paced_2M_view,0,total,304,312,269537
5,paced_2M_view,0,total,312,320,269210
5,paced_2M_view,0,total,320,328,291258
5,paced_2M_view,0,total,328,336,225120
5,paced_2M_view,0,total,336,344,137664
5,paced_2M_view,0,total,344,352,137424
5,paced_2M_view,0,total,352,360,137224
5,paced_2M_view,0,total,360,368,160631
5,paced_2M_view,0,total,368,376,129091
5,paced_2M_view,0,total,376,384,87131
5,paced_2M_view,0,total,384,392,86474
5,paced_2M_view,0,total,392,400,86546
5,paced_2M_view,0,total,400,408,86067
5,paced_2M_view,0,total,408,416,93665
5,paced_2M_view,0,total,416,424,60437
5,paced_2M_view,0,total,424,432,58147
5,paced_2M_view,0,total,432,440,58445
5,paced_2M_view,0,total,440,448,57658
5,paced_2M_view,0,total,448,456,67884
5,paced_2M_view,0,total,456,464,41380
5,paced_2M_view,0,total,464,472,35816
5,paced_2M_view,0,total,472,480,36032
5,paced_2M_view,0,total,480,488,35780
5,paced_2M_view,0,total,488,496,39013
5,paced_2M_view,0,total,496,504,29731
5,paced_2M_view,0,total,504,512,24533
5,paced_2M_view,0,total,512,528,48884
5,paced_2M_view,0,total,528,544,49832
5,paced_2M_view,0,total,544,560,34269
5,paced_2M_view,0,total,560,576,35409
5,paced_2M_view,0,total,576,592,28955
5,paced_2M_view,0,total,592,608,24698
5,paced_2M_view,0,total,608,624,26332
5,paced_2M_view,0,total,624,640,17162
5,paced_2M_view,0,total,640,656,16929
5,paced_2M_view,0,total,656,672,16244
5,paced_2M_view,0,total,672,688,12597
5,paced_2M_view,0,total,688,704,13790
5,paced_2M_view,0,total,704,720,10544
5,paced_2M_view,0,total,720,736,9945
5,paced_2M_view,0,total,736,752,10066
5,paced_2M_view,0,total,752,768,7895
5,paced_2M_view,0,total,768,784,8230
5,paced_2M_view,0,total,784,800,7490
5,paced_2M_view,0,total,800,816,6534
5,paced_2M_view,0,total,816,832,6685
5,paced_2M_view,0,total,832,848,5559
5,paced_2M_view,0,total,848,864,5561
5,paced_2M_view,0,total,864,880,5759
5,paced_2M_view,0,total,880,896,4779
5,paced_2M_view,0,total,896,912,4840
5,paced_2M_view,0,total,912,928,4229
5,paced_2M_view,0,total,928,944,4110
5,paced_2M_view,0,total,944,960,4398
5,paced_2M_view,0,total,960,976,3691
5,paced_2M_view,0,total,976,992,3568
5,paced_2M_view,0,total,992,1008,3607
5,paced_2M_view,0,total,1008,1024,3206
5,paced_2M_view,0,total,1024,1056,6460
5,paced_2M_view,0,total,1056,1088,6306
5,paced_2M_view,0,total,1088,1120,6123
5,paced_2M_view,0,total,1120,1152,5319
5,paced_2M_view,0,total,1152,1184,5428
5,paced_2M_view,0,total,1184,1216,5120
5,paced_2M_view,0,total,1216,1248,4846
5,paced_2M_view,0,total,1248,1280,4517
5,paced_2M_view,0,total,1280,1312,4793
5,paced_2M_view,0,total,1312,1344,4666
5,paced_2M_view,0,total,1344,1376,4590
5,paced_2M_view,0,total,1376,1408,4317
5,paced_2M_view,0,total,1408,1440,4426
5,paced_2M_view,0,total,1440,1472,4391
5,paced_2M_view,0,total,1472,1504,4226
5,paced_2M_view,0,total,1504,1536,4234
5,paced_2M_view,0,total,1536,1568,3880
5,paced_2M_view,0,total,1568,1600,3960
5,paced_2M_view,0,total,1600,1632,4181
5,paced_2M_view,0,total,1632,1664,3897
5,paced_2M_view,0,total,1664,1696,3795
5,paced_2M_view,0,total,1696,1728,4123
5,paced_2M_view,0,total,1728,1760,3984
5,paced_2M_view,0,total,1760,1792,4085
5,paced_2M_view,0,total,1792,1824,3841
5,paced_2M_view,0,total,1824,1856,3846
5,paced_2M_view,0,total,1856,1888,3970
5,paced_2M_view,0,total,1888,1920,3887
5,paced_2M_view,0,total,1920,1952,3971
5,paced_2M_view,0,total,1952,1984,3628
5,paced_2M_view,0,total,1984,2016,3660
5,paced_2M_view,0,total,2016,2048,3819
5,paced_2M_view,0,total,2048,2112,7481
5,paced_2M_view,0,total,2112,2176,7648
5,paced_2M_view,0,total,2176,2240,7580
5,paced_2M_view,0,total,2240,2304,7616
5,paced_2M_view,0,total,2304,2368,7211
5,paced_2M_view,0,total,2368,2432,7272
5,paced_2M_view,0,total,2432,2496,7655
5,paced_2M_view,0,total,2496,2560,7642
5,paced_2M_view,0,total,2560,2624,7621
5,paced_2M_view,0,total,2624,2688,7129
5,paced_2M_view,0,total,2688,2752,6864
5,paced_2M_view,0,total,2752,2816,7291
5,paced_2M_view,0,total,2816,2880,7466
5,paced_2M_view,0,total,2880,2944,7339
5,paced_2M_view,0,total,2944,3008,7034
5,paced_2M_view,0,total,3008,3072,6702
5,paced_2M_view,0,total,3072,3136,6550
5,paced_2M_view,0,total,3136,3200,6095
5,paced_2M_view,0,total,3200,3264,6095
5,paced_2M_view,0,total,3264,3328,5987
5,paced_2M_view,0,total,3328,3392,5930
5,paced_2M_view,0,total,3392,3456,5981
5,paced_2M_view,0,total,3456,3520,5837
5,paced_2M_view,0,total,3520,3584,5730
5,paced_2M_view,0,total,3584,3648,5710
5,paced_2M_view,0,total,3648,3712,5578
5,paced_2M_view,0,total,3712,3776,5448
5,paced_2M_view,0,total,3776,3840,5586
5,paced_2M_view,0,total,3840,3904,5484
5,paced_2M_view,0,total,3904,3968,5359
5,paced_2M_view,0,total,3968,4032,5246
5,paced_2M_view,0,total,4032,4096,5385
5,paced_2M_view,0,total,4096,4224,10366
5,paced_2M_view,0,total,4224,4352,10302
5,paced_2M_view,0,total,4352,4480,10187
5,paced_2M_view,0,total,4480,4608,9702
5,paced_2M_view,0,total,4608,4736,9658
5,paced_2M_view,0,total,4736,4864,9259
5,paced_2M_view,0,total,4864,4992,9052
5,paced_2M_view,0,total,4992,5120,8947
5,paced_2M_view,0,total,5120,5248,8344
5,paced_2M_view,0,total,5248,5376,8311
5,paced_2M_view,0,total,5376,5504,7920
5,paced_2M_view,0,total,5504,5632,7571
5,paced_2M_view,0,total,5632,5760,7476
5,paced_2M_view,0,total,5760,5888,7152
5,paced_2M_view,0,total,5888,6016,7001
5,paced_2M_view,0,total,6016,6144,6854
5,paced_2M_view,0,total,6144,6272,6580
5,paced_2M_view,0,total,6272,6400,6816
5,paced_2M_view,0,total,6400,6528,6339
5,paced_2M_view,0,total,6528,6656,6230
5,paced_2M_view,0,total,6656,6784,6090
5,paced_2M_view,0,total,6784,6912,5954
5,paced_2M_view,0,total,6912,7040,5855
5,paced_2M_view,0,total,7040,7168,5690
5,paced_2M_view,0,total,7168,7296,5682
5,paced_2M_view,0,total,7296,7424,5560
5,paced_2M_view,0,total,7424,7552,5372
5,paced_2M_view,0,total,7552,7680,5368
5,paced_2M_view,0,total,7680,7808,5339
5,paced_2M_view,0,total,7808,7936,5185
5,paced_2M_view,0,total,7936,8064,5171
5,paced_2M_view,0,total,8064,8192,4998
5,paced_2M_view,0,total,8192,8448,9763
5,paced_2M_view,0,total,8448,8704,9182
5,paced_2M_view,0,total,8704,8960,8836
5,paced_2M_view,0,total,8960,9216,8332
5,paced_2M_view,0,total,9216,9472,7876
5,paced_2M_view,0,total,9472,9728,7687
5,paced_2M_view,0,total,9728,9984,7346
5,paced_2M_view,0,total,9984,10240,7160
5,paced_2M_view,0,total,10240,10496,7149
5,paced_2M_view,0,total,10496,10752,6833
5,paced_2M_view,0,total,10752,11008,6660
5,paced_2M_view,0,total,11008,11264,6530
5,paced_2M_view,0,total,11264,11520,6354
5,paced_2M_view,0,total,11520,11776,6103
5,paced_2M_view,0,total,11776,12032,6066
5,paced_2M_view,0,total,12032,12288,6069
5,paced_2M_view,0,total,12288,12544,5920
5,paced_2M_view,0,total,12544,12800,5696
5,paced_2M_view,0,total,12800,13056,5742
5,paced_2M_view,0,total,13056,13312,5454
5,paced_2M_view,0,total,13312,13568,5278
5,paced_2M_view,0,total,13568,13824,5208
5,paced_2M_view,0,total,13824,14080,5176
5,paced_2M_view,0,total,14080,14336,5026
5,paced_2M_view,0,total,14336,14592,4881
5,paced_2M_view,0,total,14592,14848,4750
5,paced_2M_view,0,total,14848,15104,4685
5,paced_2M_view,0,total,15104,15360,4453
5,paced_2M_view,0,total,15360,15616,4338
5,paced_2M_view,0,total,15616,15872,4476
5,paced_2M_view,0,total,15872,16128,4354
5,paced_2M_view,0,total,16128,16384,4304
5,paced_2M_view,0,total,16384,16896,8268
5,paced_2M_view,0,total,16896,17408,7859
5,paced_2M_view,0,total,17408,17920,7663
5,paced_2M_view,0,total,17920,18432,7729
5,paced_2M_view,0,total,18432,18944,7278
5,paced_2M_view,0,total,18944,19456,7274
5,paced_2M_view,0,total,19456,19968,6960
5,paced_2M_view,0,total,19968,20480,6661
5,paced_2M_view,0,total,20480,20992,6364
5,paced_2M_view,0,total,20992,21504,6152
5,paced_2M_view,0,total,21504,22016,5956
5,paced_2M_view,0,total,22016,22528,5876
5,paced_2M_view,0,total,22528,23040,5611
5,paced_2M_view,0,total,23040,23552,5465
5,paced_2M_view,0,total,23552,24064,5254
5,paced_2M_view,0,total,24064,24576,5174
5,paced_2M_view,0,total,24576,25088,4906
5,paced_2M_view,0,total,25088,25600,4765
5,paced_2M_view,0,total,25600,26112,4673
5,paced_2M_view,0,total,26112,26624,4601
5,paced_2M_view,0,total,26624,27136,4276
5,paced_2M_view,0,total,27136,27648,4273
5,paced_2M_view,0,total,27648,28160,3985
5,paced_2M_view,0,total,28160,28672,3818
5,paced_2M_view,0,total,28672,29184,3684
5,paced_2M_view,0,total,29184,29696,3643
5,paced_2M_view,0,total,29696,30208,3424
5,paced_2M_view,0,total,30208,30720,3235
5,paced_2M_view,0,total,30720,31232,3090
5,paced_2M_view,0,total,31232,31744,2953
5,paced_2M_view,0,total,31744,32256,2883
5,paced_2M_view,0,total,32256,32768,2818
5,paced_2M_view,0,total,32768,33792,5333
5,paced_2M_view,0,total,33792,34816,5090
5,paced_2M_view,0,total,34816,35840,4762
5,paced_2M_view,0,total,35840,36864,4682
5,paced_2M_view,0,total,36864,37888,4472
5,paced_2M_view,0,total,37888,38912,4359
5,paced_2M_view,0,total,38912,39936,4129
5,paced_2M_view,0,total,39936,40960,3864
5,paced_2M_view,0,total,40960,41984,3713
5,paced_2M_view,0,total,41984,43008,3414
5,paced_2M_view,0,total,43008,44032,3214
5,paced_2M_view,0,total,44032,45056,3082
5,paced_2M_view,0,total,45056,46080,2980
5,paced_2M_view,0,total,46080,47104,2852
5,paced_2M_view,0,total,47104,48128,2682
5,paced_2M_view,0,total,48128,49152,2589
5,paced_2M_view,0,total,49152,50176,2446
5,paced_2M_view,0,total,50176,51200,2278
5,paced_2M_view,0,total,51200,52224,2215
5,paced_2M_view,0,total,52224,53248,2209
5,paced_2M_view,0,total,53248,54272,1981
5,paced_2M_view,0,total,54272,55296,1862
5,paced_2M_view,0,total,55296,56320,1790
5,paced_2M_view,0,total,56320,57344,1821
5,paced_2M_view,0,total,57344,58368,1634
5,paced_2M_view,0,total,58368,59392,1572
5,paced_2M_view,0,total,59392,60416,1503
5,paced_2M_view,0,total,60416,61440,1443
5,paced_2M_view,0,total,61440,62464,1460
5,paced_2M_view,0,total,62464,63488,1338
5,paced_2M_view,0,total,63488,64512,1318
5,paced_2M_view,0,total,64512,65536,1320
5,paced_2M_view,0,total,65536,67584,2545
5,paced_2M_view,0,total,67584,69632,2309
5,paced_2M_view,0,total,69632,71680,2193
5,paced_2M_view,0,total,71680,73728,2136
5,paced_2M_view,0,total,73728,75776,2132
5,paced_2M_view,0,total,75776,77824,1863
5,paced_2M_view,0,total,77824,79872,1744
5,paced_2M_view,0,total,79872,81920,1642
5,paced_2M_view,0,total,81920,83968,1586
5,paced_2M_view,0,total,83968,86016,1569
5,paced_2M_view,0,total,86016,88064,1467
5,paced_2M_view,0,total,88064,90112,1472
5,paced_2M_view,0,total,90112,92160,1304
5,paced_2M_view,0,total,92160,94208,1266
5,paced_2M_view,0,total,94208,96256,1225
5,paced_2M_view,0,total,96256,98304,1146
5,paced_2M_view,0,total,98304,100352,1204
5,paced_2M_view,0,total,100352,102400,1109
5,paced_2M_view,0,total,102400,104448,988
5,paced_2M_view,0,total,104448,106496,988
5,paced_2M_view,0,total,106496,108544,997
5,paced_2M_view,0,total,108544,110592,913
5,paced_2M_view,0,total,110592,112640,835
5,paced_2M_view,0,total,112640,114688,836
5,paced_2M_view,0,total,114688,116736,880
5,paced_2M_view,0,total,116736,118784,841
5,paced_2M_view,0,total,118784,120832,842
5,paced_2M_view,0,total,120832,122880,885
5,paced_2M_view,0,total,122880,124928,785
5,paced_2M_view,0,total,124928,126976,731
5,paced_2M_view,0,total,126976,129024,775
5,paced_2M_view,0,total,129024,131072,752
5,paced_2M_view,0,total,131072,135168,1324
5,paced_2M_view,0,total,135168,139264,1235
5,paced_2M_view,0,total,139264,143360,1407
5,paced_2M_view,0,total,143360,147456,1353
5,paced_2M_view,0,total,147456,151552,1310
5,paced_2M_view,0,total,151552,155648,1332
5,paced_2M_view,0,total,155648,159744,1408
5,paced_2M_view,0,total,159744,163840,1318
5,paced_2M_view,0,total,163840,167936,1410
5,paced_2M_view,0,total,167936,172032,1345
5,paced_2M_view,0,total,172032,176128,1358
5,paced_2M_view,0,total,176128,180224,1337
5,paced_2M_view,0,total,180224,184320,1289
5,paced_2M_view,0,total,184320,188416,1299
5,paced_2M_view,0,total,188416,192512,1214
5,paced_2M_view,0,total,192512,196608,1293
5,paced_2M_view,0,total,196608,200704,1181
5,paced_2M_view,0,total,200704,204800,1161
5,paced_2M_view,0,total,204800,208896,1268
5,paced_2M_view,0,total,208896,212992,1122
5,paced_2M_view,0,total,212992,217088,1106
5,paced_2M_view,0,total,217088,221184,1046
5,paced_2M_view,0,total,221184,225280,1033
5,paced_2M_view,0,total,225280,229376,1050
5,paced_2M_view,0,total,229376,233472,1114
5,paced_2M_view,0,total,233472,237568,1083
5,paced_2M_view,0,total,237568,241664,1159
5,paced_2M_view,0,total,241664,245760,1094
5,paced_2M_view,0,total,245760,249856,966
5,paced_2M_view,0,total,249856,253952,951
5,paced_2M_view,0,total,253952,258048,991
5,paced_2M_view,0,total,258048,262144,1028
5,paced_2M_view,0,total,262144,270336,1879
5,paced_2M_view,0,total,270336,278528,1894
5,paced_2M_view,0,total,278528,286720,2072
5,paced_2M_view,0,total,286720,294912,1981
5,paced_2M_view,0,total,294912,303104,2043
5,paced_2M_view,0,total,303104,311296,1918
5,paced_2M_view,0,total,311296,319488,1943
5,paced_2M_view,0,total,319488,327680,1865
5,paced_2M_view,0,total,327680,335872,2062
5,paced_2M_view,0,total,335872,344064,1773
5,paced_2M_view,0,total,344064,352256,1573
5,paced_2M_view,0,total,352256,360448,1629
5,paced_2M_view,0,total,360448,368640,1543
5,paced_2M_view,0,total,368640,376832,1533
5,paced_2M_view,0,total,376832,385024,1577
5,paced_2M_view,0,total,385024,393216,1490
5,paced_2M_view,0,total,393216,401408,1420
5,paced_2M_view,0,total,401408,409600,1331
5,paced_2M_view,0,total,409600,417792,1473
5,paced_2M_view,0,total,417792,425984,1473
5,paced_2M_view,0,total,425984,434176,1618
5,paced_2M_view,0,total,434176,442368,1693
5,paced_2M_view,0,total,442368,450560,1488
5,paced_2M_view,0,total,450560,458752,1498
5,paced_2M_view,0,total,458752,466944,1604
5,paced_2M_view,0,total,466944,475136,1537
5,paced_2M_view,0,total,475136,483328,1499
5,paced_2M_view,0,total,483328,491520,1495
5,paced_2M_view,0,total,491520,499712,1442
5,paced_2M_view,0,total,499712,507904,1381
5,paced_2M_view,0,total,507904,516096,1178
5,paced_2M_view,0,total,516096,524288,1232
5,paced_2M_view,0,total,524288,540672,2466
5,paced_2M_view,0,total,540672,557056,2435
5,paced_2M_view,0,total,557056,573440,2552
5,paced_2M_view,0,total,573440,589824,2094
5,paced_2M_view,0,total,589824,606208,1917
5,paced_2M_view,0,total,606208,622592,2009
5,paced_2M_view,0,total,622592,638976,1884
5,paced_2M_view,0,total,638976,655360,2043
5,paced_2M_view,0,total,655360,671744,2002
5,paced_2M_view,0,total,671744,688128,2387
5,paced_2M_view,0,total,688128,704512,2574
5,paced_2M_view,0,total,704512,720896,2065
5,paced_2M_view,0,total,720896,737280,2058
5,paced_2M_view,0,total,737280,753664,2072
5,paced_2M_view,0,total,753664,770048,1821
5,paced_2M_view,0,total,770048,786432,2291
5,paced_2M_view,0,total,786432,802816,2123
5,paced_2M_view,0,total,802816,819200,2449
5,paced_2M_view,0,total,819200,835584,2180
5,paced_2M_view,0,total,835584,851968,1896
5,paced_2M_view,0,total,851968,868352,2018
5,paced_2M_view,0,total,868352,884736,2074
5,paced_2M_view,0,total,884736,901120,1945
5,paced_2M_view,0,total,901120,917504,1682
5,paced_2M_view,0,total,917504,933888,1597
5,paced_2M_view,0,total,933888,950272,1651
5,paced_2M_view,0,total,950272,966656,1571
5,paced_2M_view,0,total,966656,983040,1828
5,paced_2M_view,0,total,983040,999424,1831
5,paced_2M_view,0,total,999424,1.01581e+06,1742
5,paced_2M_view,0,total,1.01581e+06,1.03219e+06,1801
5,paced_2M_view,0,total,1.03219e+06,1.04858e+06,1817
5,paced_2M_view,0,total,1.04858e+06,1.08134e+06,3775
5,paced_2M_view,0,total,1.08134e+06,1.11411e+06,3873
5,paced_2M_view,0,total,1.11411e+06,1.14688e+06,3551
5,paced_2M_view,0,total,1.14688e+06,1.17965e+06,3846
5,paced_2M_view,0,total,1.17965e+06,1.21242e+06,3974
5,paced_2M_view,0,total,1.21242e+06,1.24518e+06,4363
5,paced_2M_view,0,total,1.24518e+06,1.27795e+06,3646
5,paced_2M_view,0,total,1.27795e+06,1.31072e+06,3632
5,paced_2M_view,0,total,1.31072e+06,1.34349e+06,3937
5,paced_2M_view,0,total,1.34349e+06,1.37626e+06,3340
5,paced_2M_view,0,total,1.37626e+06,1.40902e+06,2502
5,paced_2M_view,0,total,1.40902e+06,1.44179e+06,3075
5,paced_2M_view,0,total,1.44179e+06,1.47456e+06,3505
5,paced_2M_view,0,total,1.47456e+06,1.50733e+06,3444
5,paced_2M_view,0,total,1.50733e+06,1.5401e+06,2752
5,paced_2M_view,0,total,1.5401e+06,1.57286e+06,2995
5,paced_2M_view,0,total,1.57286e+06,1.60563e+06,2874
5,paced_2M_view,0,total,1.60563e+06,1.6384e+06,2871
5,paced_2M_view,0,total,1.6384e+06,1.67117e+06,2970
5,paced_2M_view,0,total,1.67117e+06,1.70394e+06,2234
5,paced_2M_view,0,total,1.70394e+06,1.7367e+06,2560
5,paced_2M_view,0,total,1.7367e+06,1.76947e+06,2230
5,paced_2M_view,0,total,1.76947e+06,1.80224e+06,2530
5,paced_2M_view,0,total,1.80224e+06,1.83501e+06,2956
5,paced_2M_view,0,total,1.83501e+06,1.86778e+06,2730
5,paced_2M_view,0,total,1.86778e+06,1.90054e+06,2527
5,paced_2M_view,0,total,1.90054e+06,1.93331e+06,1887
5,paced_2M_view,0,total,1.93331e+06,1.96608e+06,1623
5,paced_2M_view,0,total,1.96608e+06,1.99885e+06,1675
5,paced_2M_view,0,total,1.99885e+06,2.03162e+06,1873
5,paced_2M_view,0,total,2.03162e+06,2.06438e+06,1756
5,paced_2M_view,0,total,2.06438e+06,2.09715e+06,2108
5,paced_2M_view,0,total,2.09715e+06,2.16269e+06,2557
5,paced_2M_view,0,total,2.16269e+06,2.22822e+06,1884
5,paced_2M_view,0,total,2.22822e+06,2.29376e+06,1878
5,paced_2M_view,0,total,2.29376e+06,2.3593e+06,1583
5,paced_2M_view,0,total,2.3593e+06,2.42483e+06,1486
5,paced_2M_view,0,total,2.42483e+06,2.49037e+06,1421
5,paced_2M_view,0,total,2.49037e+06,2.5559e+06,1546
5,paced_2M_view,0,total,2.5559e+06,2.62144e+06,1887
5,paced_2M_view,0,total,2.62144e+06,2.68698e+06,1459
5,paced_2M_view,0,total,2.68698e+06,2.75251e+06,1634
5,paced_2M_view,0,total,2.75251e+06,2.81805e+06,1950
5,paced_2M_view,0,total,2.81805e+06,2.88358e+06,2854
5,paced_2M_view,0,total,2.88358e+06,2.94912e+06,2230
5,paced_2M_view,0,total,2.94912e+06,3.01466e+06,2324
5,paced_2M_view,0,total,3.01466e+06,3.08019e+06,1512
5,paced_2M_view,0,total,3.08019e+06,3.14573e+06,1269
5,paced_2M_view,0,total,3.14573e+06,3.21126e+06,1378
5,paced_2M_view,0,total,3.21126e+06,3.2768e+06,961
5,paced_2M_view,0,total,3.2768e+06,3.34234e+06,986
5,paced_2M_view,0,total,3.34234e+06,3.40787e+06,905
5,paced_2M_view,0,total,3.40787e+06,3.47341e+06,989
5,paced_2M_view,0,total,3.47341e+06,3.53894e+06,1253
5,paced_2M_view,0,total,3.53894e+06,3.60448e+06,1347
5,paced_2M_view,0,total,3.60448e+06,3.67002e+06,823
5,paced_2M_view,0,total,3.67002e+06,3.73555e+06,1501
5,paced_2M_view,0,total,3.73555e+06,3.80109e+06,450
5,paced_2M_view,0,total,3.80109e+06,3.86662e+06,458
5,paced_2M_view,0,total,3.86662e+06,3.93216e+06,313
5,paced_2M_view,0,total,3.93216e+06,3.9977e+06,222
5,paced_2M_view,0,total,3.9977e+06,4.06323e+06,210
5,paced_2M_view,0,total,4.06323e+06,4.12877e+06,241
5,paced_2M_view,0,total,4.12877e+06,4.1943e+06,209
5,paced_2M_view,0,total,4.1943e+06,4.32538e+06,848
5,paced_2M_view,0,total,4.32538e+06,4.45645e+06,689
5,paced_2M_view,0,total,4.45645e+06,4.58752e+06,670
5,paced_2M_view,0,total,4.58752e+06,4.71859e+06,1536
5,paced_2M_view,0,total,4.71859e+06,4.84966e+06,2090
5,paced_2M_view,0,total,4.84966e+06,4.98074e+06,863
5,paced_2M_view,0,total,4.98074e+06,5.11181e+06,513
5,paced_2M_view,0,total,5.11181e+06,5.24288e+06,1291
5,paced_2M_view,0,total,5.24288e+06,5.37395e+06,620
5,paced_2M_view,0,total,5.37395e+06,5.50502e+06,2204
5,paced_2M_view,0,total,5.50502e+06,5.6361e+06,502
5,paced_2M_view,0,total,5.6361e+06,5.76717e+06,620
5,paced_2M_view,0,total,5.76717e+06,5.89824e+06,404
5,paced_2M_view,0,total,5.89824e+06,6.02931e+06,441
5,paced_2M_view,0,total,6.02931e+06,6.16038e+06,537
5,paced_2M_view,0,total,6.16038e+06,6.29146e+06,540
5,paced_2M_view,0,total,6.29146e+06,6.42253e+06,1071
5,paced_2M_view,0,total,6.42253e+06,6.5536e+06,629
5,paced_2M_view,0,queue,18,19,647
5,paced_2M_view,0,queue,20,21,650
5,paced_2M_view,0,queue,22,23,648
5,paced_2M_view,0,queue,24,25,688
5,paced_2M_view,0,queue,26,27,654
5,paced_2M_view,0,queue,28,29,657
5,paced_2M_view,0,queue,30,31,639
5,paced_2M_view,0,queue,32,33,669
5,paced_2M_view,0,queue,33,34,651
5,paced_2M_view,0,queue,35,36,656
5,paced_2M_view,0,queue,37,38,662
5,paced_2M_view,0,queue,39,40,676
5,paced_2M_view,0,queue,40,41,1
5,paced_2M_view,0,queue,41,42,381283
5,paced_2M_view,0,queue,42,43,382702
5,paced_2M_view,0,queue,43,44,762671
5,paced_2M_view,0,queue,44,45,381549
5,paced_2M_view,0,queue,45,46,764272
5,paced_2M_view,0,queue,46,47,381421
5,paced_2M_view,0,queue,47,48,764241
5,paced_2M_view,0,queue,48,49,382971
5,paced_2M_view,0,queue,49,50,764670
5,paced_2M_view,0,queue,50,51,381260
5,paced_2M_view,0,queue,51,52,764036
5,paced_2M_view,0,queue,52,53,382508
5,paced_2M_view,0,queue,53,54,764515
5,paced_2M_view,0,queue,54,55,381418
5,paced_2M_view,0,queue,55,56,764317
5,paced_2M_view,0,queue,56,57,382660
5,paced_2M_view,0,queue,57,58,765072
5,paced_2M_view,0,queue,58,59,382822
5,paced_2M_view,0,queue,59,60,762560
5,paced_2M_view,0,queue,60,61,381506
5,paced_2M_view,0,queue,61,62,763579
5,paced_2M_view,0,queue,62,63,381525
5,paced_2M_view,0,queue,63,64,764088
5,paced_2M_view,0,queue,64,66,1143145
5,paced_2M_view,0,queue,66,68,1146226
5,paced_2M_view,0,queue,68,70,1145406
5,paced_2M_view,0,queue,70,72,1144290
5,paced_2M_view,0,queue,72,74,1144427
5,paced_2M_view,0,queue,74,76,1528867
5,paced_2M_view,0,queue,76,78,1145379
5,paced_2M_view,0,queue,78,80,1146784
5,paced_2M_view,0,queue,80,82,1145248
5,paced_2M_view,0,queue,82,84,946513
5,paced_2M_view,0,queue,84,86,545947
5,paced_2M_view,0,queue,86,88,546151
5,paced_2M_view,0,queue,88,90,545294
5,paced_2M_view,0,queue,90,92,547143
5,paced_2M_view,0,queue,92,94,547219
5,paced_2M_view,0,queue,94,96,544984
5,paced_2M_view,0,queue,96,98,544791
5,paced_2M_view,0,queue,98,100,545086
5,paced_2M_view,0,queue,100,102,544743
5,paced_2M_view,0,queue,102,104,544391
5,paced_2M_view,0,queue,104,106,545000
5,paced_2M_view,0,queue,106,108,546341
5,paced_2M_view,0,queue,108,110,544790
5,paced_2M_view,0,queue,110,112,545224
5,paced_2M_view,0,queue,112,114,546049
5,paced_2M_view,0,queue,114,116,546073
5,paced_2M_view,0,queue,116,118,908634
5,paced_2M_view,0,queue,118,120,543565
5,paced_2M_view,0,queue,120,122,543897
5,paced_2M_view,0,queue,122,124,545150
5,paced_2M_view,0,queue,124,126,186012
5,paced_2M_view,0,queue,126,128,6992
5,paced_2M_view,0,queue,128,132,14039
5,paced_2M_view,0,queue,132,136,14144
5,paced_2M_view,0,queue,136,140,13769
5,paced_2M_view,0,queue,140,144,13037
5,paced_2M_view,0,queue,144,148,11477
5,paced_2M_view,0,queue,148,152,11209
5,paced_2M_view,0,queue,152,156,11350
5,paced_2M_view,0,queue,156,160,13147
5,paced_2M_view,0,queue,160,164,11200
5,paced_2M_view,0,queue,164,168,13054
5,paced_2M_view,0,queue,168,172,16251
5,paced_2M_view,0,queue,172,176,16220
5,paced_2M_view,0,queue,176,180,16147
5,paced_2M_view,0,queue,180,184,15541
5,paced_2M_view,0,queue,184,188,16611
5,paced_2M_view,0,queue,188,192,15700
5,paced_2M_view,0,queue,192,196,16236
5,paced_2M_view,0,queue,196,200,16154
5,paced_2M_view,0,queue,200,204,21539
5,paced_2M_view,0,queue,204,208,16406
5,paced_2M_view,0,queue,208,212,7376
5,paced_2M_view,0,queue,212,216,7452
5,paced_2M_view,0,queue,216,220,7269
5,paced_2M_view,0,queue,220,224,7180
5,paced_2M_view,0,queue,224,228,7360
5,paced_2M_view,0,queue,228,232,7197
5,paced_2M_view,0,queue,232,236,7620
5,paced_2M_view,0,queue,236,240,7049
5,paced_2M_view,0,queue,240,244,8780
5,paced_2M_view,0,queue,244,248,7220
5,paced_2M_view,0,queue,248,252,6368
5,paced_2M_view,0,queue,252,256,5080
5,paced_2M_view,0,queue,256,264,10045
5,paced_2M_view,0,queue,264,272,10048
5,paced_2M_view,0,queue,272,280,10008
5,paced_2M_view,0,queue,280,288,11922
5,paced_2M_view,0,queue,288,296,6898
5,paced_2M_view,0,queue,296,304,4671
5,paced_2M_view,0,queue,304,312,4907
5,paced_2M_view,0,queue,312,320,4721
5,paced_2M_view,0,queue,320,328,5197
5,paced_2M_view,0,queue,328,336,4313
5,paced_2M_view,0,queue,336,344,3727
5,paced_2M_view,0,queue,344,352,3716
5,paced_2M_view,0,queue,352,360,3688
5,paced_2M_view,0,queue,360,368,4217
5,paced_2M_view,0,queue,368,376,3525
5,paced_2M_view,0,queue,376,384,3065
5,paced_2M_view,0,queue,384,392,2829
5,paced_2M_view,0,queue,392,400,2981
5,paced_2M_view,0,queue,400,408,2992
5,paced_2M_view,0,queue,408,416,3118
5,paced_2M_view,0,queue,416,424,2542
5,paced_2M_view,0,queue,424,432,2563
5,paced_2M_view,0,queue,432,440,2456
5,paced_2M_view,0,queue,440,448,2440
5,paced_2M_view,0,queue,448,456,2996
5,paced_2M_view,0,queue,456,464,2184
5,paced_2M_view,0,queue,464,472,2149
5,paced_2M_view,0,queue,472,480,2203
5,paced_2M_view,0,queue,480,488,2112
5,paced_2M_view,0,queue,488,496,2241
5,paced_2M_view,0,queue,496,504,1951
5,paced_2M_view,0,queue,504,512,1813
5,paced_2M_view,0,queue,512,528,3563
5,paced_2M_view,0,queue,528,544,3857
5,paced_2M_view,0,queue,544,560,2836
5,paced_2M_view,0,queue,560,576,2963
5,paced_2M_view,0,queue,576,592,3106
5,paced_2M_view,0,queue,592,608,3205
5,paced_2M_view,0,queue,608,624,3619
5,paced_2M_view,0,queue,624,640,3211
5,paced_2M_view,0,queue,640,656,3205
5,paced_2M_view,0,queue,656,672,3127
5,paced_2M_view,0,queue,672,688,2728
5,paced_2M_view,0,queue,688,704,3001
5,paced_2M_view,0,queue,704,720,2671
5,paced_2M_view,0,queue,720,736,2613
5,paced_2M_view,0,queue,736,752,2718
5,paced_2M_view,0,queue,752,768,2472
5,paced_2M_view,0,queue,768,784,2556
5,paced_2M_view,0,queue,784,800,2616
5,paced_2M_view,0,queue,800,816,2436
5,paced_2M_view,0,queue,816,832,2438
5,paced_2M_view,0,queue,832,848,2370
5,paced_2M_view,0,queue,848,864,2261
5,paced_2M_view,0,queue,864,880,2515
5,paced_2M_view,0,queue,880,896,2258
5,paced_2M_view,0,queue,896,912,2417
5,paced_2M_view,0,queue,912,928,2195
5,paced_2M_view,0,queue,928,944,2199
5,paced_2M_view,0,queue,944,960,2354
5,paced_2M_view,0,queue,960,976,2183
5,paced_2M_view,0,queue,976,992,2161
5,paced_2M_view,0,queue,992,1008,2263
5,paced_2M_view,0,queue,1008,1024,2144
5,paced_2M_view,0,queue,1024,1056,4097
5,paced_2M_view,0,queue,1056,1088,3913
5,paced_2M_view,0,queue,1088,1120,4095
5,paced_2M_view,0,queue,1120,1152,3987
5,paced_2M_view,0,queue,1152,1184,4183
5,paced_2M_view,0,queue,1184,1216,4217
5,paced_2M_view,0,queue,1216,1248,4092
5,paced_2M_view,0,queue,1248,1280,4106
5,paced_2M_view,0,queue,1280,1312,4155
5,paced_2M_view,0,queue,1312,1344,3980
5,paced_2M_view,0,queue,1344,1376,4013
5,paced_2M_view,0,queue,1376,1408,3815
5,paced_2M_view,0,queue,1408,1440,4039
5,paced_2M_view,0,queue,1440,1472,3890
5,paced_2M_view,0,queue,1472,1504,3723
5,paced_2M_view,0,queue,1504,1536,3725
5,paced_2M_view,0,queue,1536,1568,3545
5,paced_2M_view,0,queue,1568,1600,3819
5,paced_2M_view,0,queue,1600,1632,4011
5,paced_2M_view,0,queue,1632,1664,3845
5,paced_2M_view,0,queue,1664,1696,3694
5,paced_2M_view,0,queue,1696,1728,3970
5,paced_2M_view,0,queue,1728,1760,3778
5,paced_2M_view,0,queue,1760,1792,3902
5,paced_2M_view,0,queue,1792,1824,3783
5,paced_2M_view,0,queue,1824,1856,3702
5,paced_2M_view,0,queue,1856,1888,3634
5,paced_2M_view,0,queue,1888,1920,3644
5,paced_2M_view,0,queue,1920,1952,3683
5,paced_2M_view,0,queue,1952,1984,3816
5,paced_2M_view,0,queue,1984,2016,3769
5,paced_2M_view,0,queue,2016,2048,3840
5,paced_2M_view,0,queue,2048,2112,7339
5,paced_2M_view,0,queue,2112,2176,7634
5,paced_2M_view,0,queue,2176,2240,7041
5,paced_2M_view,0,queue,2240,2304,7067
5,paced_2M_view,0,queue,2304,2368,7678
5,paced_2M_view,0,queue,2368,2432,7612
5,paced_2M_view,0,queue,2432,2496,7758
5,paced_2M_view,0,queue,2496,2560,7179
5,paced_2M_view,0,queue,2560,2624,6901
5,paced_2M_view,0,queue,2624,2688,6566
5,paced_2M_view,0,queue,2688,2752,6481
5,paced_2M_view,0,queue,2752,2816,6246
5,paced_2M_view,0,queue,2816,2880,6291
5,paced_2M_view,0,queue,2880,2944,6159
5,paced_2M_view,0,queue,2944,3008,6095
5,paced_2M_view,0,queue,3008,3072,5903
5,paced_2M_view,0,queue,3072,3136,6022
5,paced_2M_view,0,queue,3136,3200,5724
5,paced_2M_view,0,queue,3200,3264,5876
5,paced_2M_view,0,queue,3264,3328,5816
5,paced_2M_view,0,queue,3328,3392,5782
5,paced_2M_view,0,queue,3392,3456,5666
5,paced_2M_view,0,queue,3456,3520,5507
5,paced_2M_view,0,queue,3520,3584,5481
5,paced_2M_view,0,queue,3584,3648,5433
5,paced_2M_view,0,queue,3648,3712,5460
5,paced_2M_view,0,queue,3712,3776,5420
5,paced_2M_view,0,queue,3776,3840,5360
5,paced_2M_view,0,queue,3840,3904,5210
5,paced_2M_view,0,queue,3904,3968,5348
5,paced_2M_view,0,queue,3968,4032,5093
5,paced_2M_view,0,queue,4032,4096,5050
5,paced_2M_view,0,queue,4096,4224,10368
5,paced_2M_view,0,queue,4224,4352,10063
5,paced_2M_view,0,queue,4352,4480,9596
5,paced_2M_view,0,queue,4480,4608,9471
5,paced_2M_view,0,queue,4608,4736,9229
5,paced_2M_view,0,queue,4736,4864,9063
5,paced_2M_view,0,queue,4864,4992,8740
5,paced_2M_view,0,queue,4992,5120,8288
5,paced_2M_view,0,queue,5120,5248,8217
5,paced_2M_view,0,queue,5248,5376,7740
5,paced_2M_view,0,queue,5376,5504,7476
5,paced_2M_view,0,queue,5504,5632,7352
5,paced_2M_view,0,queue,5632,5760,6989
5,paced_2M_view,0,queue,5760,5888,7220
5,paced_2M_view,0,queue,5888,6016,6767
5,paced_2M_view,0,queue,6016,6144,6441
5,paced_2M_view,0,queue,6144,6272,6767
5,paced_2M_view,0,queue,6272,6400,6301
5,paced_2M_view,0,queue,6400,6528,6055
5,paced_2M_view,0,queue,6528,6656,6060
5,paced_2M_view,0,queue,6656,6784,5872
5,paced_2M_view,0,queue,6784,6912,5839
5,paced_2M_view,0,queue,6912,7040,5701
5,paced_2M_view,0,queue,7040,7168,5474
5,paced_2M_view,0,queue,7168,7296,5585
5,paced_2M_view,0,queue,7296,7424,5338
5,paced_2M_view,0,queue,7424,7552,5341
5,paced_2M_view,0,queue,7552,7680,5185
5,paced_2M_view,0,queue,7680,7808,5213
5,paced_2M_view,0,queue,7808,7936,5271
5,paced_2M_view,0,queue,7936,8064,5036
5,paced_2M_view,0,queue,8064,8192,4955
5,paced_2M_view,0,queue,8192,8448,9330
5,paced_2M_view,0,queue,8448,8704,8841
5,paced_2M_view,0,queue,8704,8960,8645
5,paced_2M_view,0,queue,8960,9216,7896
5,paced_2M_view,0,queue,9216,9472,7655
5,paced_2M_view,0,queue,9472,9728,7333
5,paced_2M_view,0,queue,9728,9984,7372
5,paced_2M_view,0,queue,9984,10240,6995
5,paced_2M_view,0,queue,10240,10496,6797
5,paced_2M_view,0,queue,10496,10752,6744
5,paced_2M_view,0,queue,10752,11008,6476
5,paced_2M_view,0,queue,11008,11264,6244
5,paced_2M_view,0,queue,11264,11520,6201
5,paced_2M_view,0,queue,11520,11776,6075
5,paced_2M_view,0,queue,11776,12032,5999
5,paced_2M_view,0,queue,12032,12288,5962
5,paced_2M_view,0,queue,12288,12544,5717
5,paced_2M_view,0,queue,12544,12800,5547
5,paced_2M_view,0,queue,12800,13056,5544
5,paced_2M_view,0,queue,13056,13312,5413
5,paced_2M_view,0,queue,13312,13568,5182
5,paced_2M_view,0,queue,13568,13824,5147
5,paced_2M_view,0,queue,13824,14080,4974
5,paced_2M_view,0,queue,14080,14336,4864
5,paced_2M_view,0,queue,14336,14592,4760
5,paced_2M_view,0,queue,14592,14848,4514
5,paced_2M_view,0,queue,14848,15104,4477
5,paced_2M_view,0,queue,15104,15360,4475
5,paced_2M_view,0,queue,15360,15616,4437
5,paced_2M_view,0,queue,15616,15872,4312
5,paced_2M_view,0,queue,15872,16128,4395
5,paced_2M_view,0,queue,16128,16384,4150
5,paced_2M_view,0,queue,16384,16896,8025
5,paced_2M_view,0,queue,16896,17408,7747
5,paced_2M_view,0,queue,17408,17920,7728
5,paced_2M_view,0,queue,17920,18432,7579
5,paced_2M_view,0,queue,18432,18944,7287
5,paced_2M_view,0,queue,18944,19456,7146
5,paced_2M_view,0,queue,19456,19968,6723
5,paced_2M_view,0,queue,19968,20480,6499
5,paced_2M_view,0,queue,20480,20992,6270
5,paced_2M_view,0,queue,20992,21504,6049
5,paced_2M_view,0,queue,21504,22016,5917
5,paced_2M_view,0,queue,22016,22528,5672
5,paced_2M_view,0,queue,22528,23040,5555
5,paced_2M_view,0,queue,23040,23552,5301
5,paced_2M_view,0,queue,23552,24064,5189
5,paced_2M_view,0,queue,24064,24576,5014
5,paced_2M_view,0,queue,24576,25088,4854
5,paced_2M_view,0,queue,25088,25600,4705
5,paced_2M_view,0,queue,25600,26112,4502
5,paced_2M_view,0,queue,26112,26624,4533
5,paced_2M_view,0,queue,26624,27136,4307
5,paced_2M_view,0,queue,27136,27648,4080
5,paced_2M_view,0,queue,27648,28160,3894
5,paced_2M_view,0,queue,28160,28672,3738
5,paced_2M_view,0,queue,28672,29184,3707
5,paced_2M_view,0,queue,29184,29696,3504
5,paced_2M_view,0,queue,29696,30208,3287
5,paced_2M_view,0,queue,30208,30720,3149
5,paced_2M_view,0,queue,30720,31232,3024
5,paced_2M_view,0,queue,31232,31744,2939
5,paced_2M_view,0,queue,31744,32256,2801
5,paced_2M_view,0,queue,32256,32768,2741
5,paced_2M_view,0,queue,32768,33792,5314
5,paced_2M_view,0,queue,33792,34816,4983
5,paced_2M_view,0,queue,34816,35840,4682
5,paced_2M_view,0,queue,35840,36864,4674
5,paced_2M_view,0,queue,36864,37888,4466
5,paced_2M_view,0,queue,37888,38912,4246
5,paced_2M_view,0,queue,38912,39936,4093
5,paced_2M_view,0,queue,39936,40960,3800
5,paced_2M_view,0,queue,40960,41984,3601
5,paced_2M_view,0,queue,41984,43008,3382
5,paced_2M_view,0,queue,43008,44032,3097
5,paced_2M_view,0,queue,44032,45056,3115
5,paced_2M_view,0,queue,45056,46080,2904
5,paced_2M_view,0,queue,46080,47104,2801
5,paced_2M_view,0,queue,47104,48128,2655
5,paced_2M_view,0,queue,48128,49152,2575
5,paced_2M_view,0,queue,49152,50176,2365
5,paced_2M_view,0,queue,50176,51200,2249
5,paced_2M_view,0,queue,51200,52224,2198
5,paced_2M_view,0,queue,52224,53248,2170
5,paced_2M_view,0,queue,53248,54272,1937
5,paced_2M_view,0,queue,54272,55296,1824
5,paced_2M_view,0,queue,55296,56320,1800
5,paced_2M_view,0,queue,56320,57344,1768
5,paced_2M_view,0,queue,57344,58368,1592
5,paced_2M_view,0,queue,58368,59392,1553
5,paced_2M_view,0,queue,59392,60416,1507
5,paced_2M_view,0,queue,60416,61440,1441
5,paced_2M_view,0,queue,61440,62464,1412
5,paced_2M_view,0,queue,62464,63488,1316
5,paced_2M_view,0,queue,63488,64512,1294
5,paced_2M_view,0,queue,64512,65536,1345
5,paced_2M_view,0,queue,65536,67584,2511
5,paced_2M_view,0,queue,67584,69632,2289
5,paced_2M_view,0,queue,69632,71680,2173
5,paced_2M_view,0,queue,71680,73728,2128
5,paced_2M_view,0,queue,73728,75776,2107
5,paced_2M_view,0,queue,75776,77824,1836
5,paced_2M_view,0,queue,77824,79872,1740
5,paced_2M_view,0,queue,79872,81920,1612
5,paced_2M_view,0,queue,81920,83968,1597
5,paced_2M_view,0,queue,83968,86016,1523
5,paced_2M_view,0,queue,86016,88064,1508
5,paced_2M_view,0,queue,88064,90112,1422
5,paced_2M_view,0,queue,90112,92160,1296
5,paced_2M_view,0,queue,92160,94208,1257
5,paced_2M_view,0,queue,94208,96256,1188
5,paced_2M_view,0,queue,96256,98304,1178
5,paced_2M_view,0,queue,98304,100352,1212
5,paced_2M_view,0,queue,100352,102400,1081
5,paced_2M_view,0,queue,102400,104448,980
5,paced_2M_view,0,queue,104448,106496,966
5,paced_2M_view,0,queue,106496,108544,995
5,paced_2M_view,0,queue,108544,110592,880
5,paced_2M_view,0,queue,110592,112640,837
5,paced_2M_view,0,queue,112640,114688,857
5,paced_2M_view,0,queue,114688,116736,859
5,paced_2M_view,0,queue,116736,118784,846
5,paced_2M_view,0,queue,118784,120832,862
5,paced_2M_view,0,queue,120832,122880,861
5,paced_2M_view,0,queue,122880,124928,786
5,paced_2M_view,0,queue,124928,126976,737
5,paced_2M_view,0,queue,126976,129024,770
5,paced_2M_view,0,queue,129024,131072,742
5,paced_2M_view,0,queue,131072,135168,1298
5,paced_2M_view,0,queue,135168,139264,1244
5,paced_2M_view,0,queue,139264,143360,1407
5,paced_2M_view,0,queue,143360,147456,1349
5,paced_2M_view,0,queue,147456,151552,1316
5,paced_2M_view,0,queue,151552,155648,1358
5,paced_2M_view,0,queue,155648,159744,1387
5,paced_2M_view,0,queue,159744,163840,1318
5,paced_2M_view,0,queue,163840,167936,1431
5,paced_2M_view,0,queue,167936,172032,1328
5,paced_2M_view,0,queue,172032,176128,1365
5,paced_2M_view,0,queue,176128,180224,1350
5,paced_2M_view,0,queue,180224,184320,1282
5,paced_2M_view,0,queue,184320,188416,1288
5,paced_2M_view,0,queue,188416,192512,1217
5,paced_2M_view,0,queue,192512,196608,1285
5,paced_2M_view,0,queue,196608,200704,1180
5,paced_2M_view,0,queue,200704,204800,1165
5,paced_2M_view,0,queue,204800,208896,1251
5,paced_2M_view,0,queue,208896,212992,1128
5,paced_2M_view,0,queue,212992,217088,1094
5,paced_2M_view,0,queue,217088,221184,1032
5,paced_2M_view,0,queue,221184,225280,1053
5,paced_2M_view,0,queue,225280,229376,1045
5,paced_2M_view,0,queue,229376,233472,1109
5,paced_2M_view,0,queue,233472,237568,1113
5,paced_2M_view,0,queue,237568,241664,1142
5,paced_2M_view,0,queue,241664,245760,1091
5,paced_2M_view,0,queue,245760,249856,951
5,paced_2M_view,0,queue,249856,253952,955
5,paced_2M_view,0,queue,253952,258048,983
5,paced_2M_view,0,queue,258048,262144,1045
5,paced_2M_view,0,queue,262144,270336,1857
5,paced_2M_view,0,queue,270336,278528,1915
5,paced_2M_view,0,queue,278528,286720,2055
5,paced_2M_view,0,queue,286720,294912,2005
5,paced_2M_view,0,queue,294912,303104,2026
5,paced_2M_view,0,queue,303104,311296,1916
5,paced_2M_view,0,queue,311296,319488,1948
5,paced_2M_view,0,queue,319488,327680,1862
5,paced_2M_view,0,queue,327680,335872,2060
5,paced_2M_view,0,queue,335872,344064,1761
5,paced_2M_view,0,queue,344064,352256,1577
5,paced_2M_view,0,queue,352256,360448,1620
5,paced_2M_view,0,queue,360448,368640,1535
5,paced_2M_view,0,queue,368640,376832,1547
5,paced_2M_view,0,queue,376832,385024,1560
5,paced_2M_view,0,queue,385024,393216,1503
5,paced_2M_view,0,queue,393216,401408,1416
5,paced_2M_view,0,queue,401408,409600,1323
5,paced_2M_view,0,queue,409600,417792,1477
5,paced_2M_view,0,queue,417792,425984,1473
5,paced_2M_view,0,queue,425984,434176,1637
5,paced_2M_view,0,queue,434176,442368,1677
5,paced_2M_view,0,queue,442368,450560,1493
5,paced_2M_view,0,queue,450560,458752,1499
5,paced_2M_view,0,queue,458752,466944,1601
5,paced_2M_view,0,queue,466944,475136,1548
5,paced_2M_view,0,queue,475136,483328,1479
5,paced_2M_view,0,queue,483328,491520,1501
5,paced_2M_view,0,queue,491520,499712,1449
5,paced_2M_view,0,queue,499712,507904,1366
5,paced_2M_view,0,queue,507904,516096,1162
5,paced_2M_view,0,queue,516096,524288,1241
5,paced_2M_view,0,queue,524288,540672,2466
5,paced_2M_view,0,queue,540672,557056,2436
5,paced_2M_view,0,queue,557056,573440,2555
5,paced_2M_view,0,queue,573440,589824,2083
5,paced_2M_view,0,queue,589824,606208,1913
5,paced_2M_view,0,queue,606208,622592,2012
5,paced_2M_view,0,queue,622592,638976,1879
5,paced_2M_view,0,queue,638976,655360,2043
5,paced_2M_view,0,queue,655360,671744,2007
5,paced_2M_view,0,queue,671744,688128,2422
5,paced_2M_view,0,queue,688128,704512,2545
5,paced_2M_view,0,queue,704512,720896,2058
5,paced_2M_view,0,queue,720896,737280,2056
5,paced_2M_view,0,queue,737280,753664,2087
5,paced_2M_view,0,queue,753664,770048,1808
5,paced_2M_view,0,queue,770048,786432,2304
5,paced_2M_view,0,queue,786432,802816,2126
5,paced_2M_view,0,queue,802816,819200,2454
5,paced_2M_view,0,queue,819200,835584,2162
5,paced_2M_view,0,queue,835584,851968,1908
5,paced_2M_view,0,queue,851968,868352,2005
5,paced_2M_view,0,queue,868352,884736,2078
5,paced_2M_view,0,queue,884736,901120,1936
5,paced_2M_view,0,queue,901120,917504,1687
5,paced_2M_view,0,queue,917504,933888,1592
5,paced_2M_view,0,queue,933888,950272,1640
5,paced_2M_view,0,queue,950272,966656,1584
5,paced_2M_view,0,queue,966656,983040,1827
5,paced_2M_view,0,queue,983040,999424,1823
5,paced_2M_view,0,queue,999424,1.01581e+06,1750
5,paced_2M_view,0,queue,1.01581e+06,1.03219e+06,1805
5,paced_2M_view,0,queue,1.03219e+06,1.04858e+06,1817
5,paced_2M_view,0,queue,1.04858e+06,1.08134e+06,3779
5,paced_2M_view,0,queue,1.08134e+06,1.11411e+06,3866
5,paced_2M_view,0,queue,1.11411e+06,1.14688e+06,3556
5,paced_2M_view,0,queue,1.14688e+06,1.17965e+06,3840
5,paced_2M_view,0,queue,1.17965e+06,1.21242e+06,3985
5,paced_2M_view,0,queue,1.21242e+06,1.24518e+06,4352
5,paced_2M_view,0,queue,1.24518e+06,1.27795e+06,3651
5,paced_2M_view,0,queue,1.27795e+06,1.31072e+06,3638
5,paced_2M_view,0,queue,1.31072e+06,1.34349e+06,3946
5,paced_2M_view,0,queue,1.34349e+06,1.37626e+06,3315
5,paced_2M_view,0,queue,1.37626e+06,1.40902e+06,2504
5,paced_2M_view,0,queue,1.40902e+06,1.44179e+06,3090
5,paced_2M_view,0,queue,1.44179e+06,1.47456e+06,3496
5,paced_2M_view,0,queue,1.47456e+06,1.50733e+06,3430
5,paced_2M_view,0,queue,1.50733e+06,1.5401e+06,2757
5,paced_2M_view,0,queue,1.5401e+06,1.57286e+06,2989
5,paced_2M_view,0,queue,1.57286e+06,1.60563e+06,2891
5,paced_2M_view,0,queue,1.60563e+06,1.6384e+06,2858
5,paced_2M_view,0,queue,1.6384e+06,1.67117e+06,2974
5,paced_2M_view,0,queue,1.67117e+06,1.70394e+06,2227
5,paced_2M_view,0,queue,1.70394e+06,1.7367e+06,2558
5,paced_2M_view,0,queue,1.7367e+06,1.76947e+06,2235
5,paced_2M_view,0,queue,1.76947e+06,1.80224e+06,2533
5,paced_2M_view,0,queue,1.80224e+06,1.83501e+06,2959
5,paced_2M_view,0,queue,1.83501e+06,1.86778e+06,2728
5,paced_2M_view,0,queue,1.86778e+06,1.90054e+06,2520
5,paced_2M_view,0,queue,1.90054e+06,1.93331e+06,1883
5,paced_2M_view,0,queue,1.93331e+06,1.96608e+06,1617
5,paced_2M_view,0,queue,1.96608e+06,1.99885e+06,1684
5,paced_2M_view,0,queue,1.99885e+06,2.03162e+06,1870
5,paced_2M_view,0,queue,2.03162e+06,2.06438e+06,1763
5,paced_2M_view,0,queue,2.06438e+06,2.09715e+06,2100
5,paced_2M_view,0,queue,2.09715e+06,2.16269e+06,2549
5,paced_2M_view,0,queue,2.16269e+06,2.22822e+06,1882
5,paced_2M_view,0,queue,2.22822e+06,2.29376e+06,1875
5,paced_2M_view,0,queue,2.29376e+06,2.3593e+06,1581
5,paced_2M_view,0,queue,2.3593e+06,2.42483e+06,1488
5,paced_2M_view,0,queue,2.42483e+06,2.49037e+06,1419
5,paced_2M_view,0,queue,2.49037e+06,2.5559e+06,1552
5,paced_2M_view,0,queue,2.5559e+06,2.62144e+06,1880
5,paced_2M_view,0,queue,2.62144e+06,2.68698e+06,1459
5,paced_2M_view,0,queue,2.68698e+06,2.75251e+06,1634
5,paced_2M_view,0,queue,2.75251e+06,2.81805e+06,1967
5,paced_2M_view,0,queue,2.81805e+06,2.88358e+06,2843
5,paced_2M_view,0,queue,2.88358e+06,2.94912e+06,2228
5,paced_2M_view,0,queue,2.94912e+06,3.01466e+06,2328
5,paced_2M_view,0,queue,3.01466e+06,3.08019e+06,1506
5,paced_2M_view,0,queue,3.08019e+06,3.14573e+06,1269
5,paced_2M_view,0,queue,3.14573e+06,3.21126e+06,1383
5,paced_2M_view,0,queue,3.21126e+06,3.2768e+06,955
5,paced_2M_view,0,queue,3.2768e+06,3.34234e+06,985
5,paced_2M_view,0,queue,3.34234e+06,3.40787e+06,906
5,paced_2M_view,0,queue,3.40787e+06,3.47341e+06,987
5,paced_2M_view,0,queue,3.47341e+06,3.53894e+06,1256
5,paced_2M_view,0,queue,3.53894e+06,3.60448e+06,1344
5,paced_2M_view,0,queue,3.60448e+06,3.67002e+06,825
5,paced_2M_view,0,queue,3.67002e+06,3.73555e+06,1496
5,paced_2M_view,0,queue,3.73555e+06,3.80109e+06,450
5,paced_2M_view,0,queue,3.80109e+06,3.86662e+06,457
5,paced_2M_view,0,queue,3.86662e+06,3.93216e+06,311
5,paced_2M_view,0,queue,3.93216e+06,3.9977e+06,222
5,paced_2M_view,0,queue,3.9977e+06,4.06323e+06,212
5,paced_2M_view,0,queue,4.06323e+06,4.12877e+06,239
5,paced_2M_view,0,queue,4.12877e+06,4.1943e+06,209
5,paced_2M_view,0,queue,4.1943e+06,4.32538e+06,849
5,paced_2M_view,0,queue,4.32538e+06,4.45645e+06,690
5,paced_2M_view,0,queue,4.45645e+06,4.58752e+06,670
5,paced_2M_view,0,queue,4.58752e+06,4.71859e+06,1542
5,paced_2M_view,0,queue,4.71859e+06,4.84966e+06,2090
5,paced_2M_view,0,queue,4.84966e+06,4.98074e+06,857
5,paced_2M_view,0,queue,4.98074e+06,5.11181e+06,513
5,paced_2M_view,0,queue,5.11181e+06,5.24288e+06,1290
5,paced_2M_view,0,queue,5.24288e+06,5.37395e+06,621
5,paced_2M_view,0,queue,5.37395e+06,5.50502e+06,2205
5,paced_2M_view,0,queue,5.50502e+06,5.6361e+06,500
5,paced_2M_view,0,queue,5.6361e+06,5.76717e+06,620
5,paced_2M_view,0,queue,5.76717e+06,5.89824e+06,405
5,paced_2M_view,0,queue,5.89824e+06,6.02931e+06,440
5,paced_2M_view,0,queue,6.02931e+06,6.16038e+06,538
5,paced_2M_view,0,queue,6.16038e+06,6.29146e+06,539
5,paced_2M_view,0,queue,6.29146e+06,6.42253e+06,1071
5,paced_2M_view,0,queue,6.42253e+06,6.5536e+06,628
5,paced_2M_view,0,book,0,1,1173474
5,paced_2M_view,0,book,17,18,1798
5,paced_2M_view,0,book,18,19,2549
5,paced_2M_view,0,book,41,42,2455604
5,paced_2M_view,0,book,42,43,5029803
5,paced_2M_view,0,book,58,59,4029
5,paced_2M_view,0,book,59,60,6830
5,paced_2M_view,0,book,60,61,2048
5,paced_2M_view,0,book,82,84,4078702
5,paced_2M_view,0,book,84,86,2054427
5,paced_2M_view,0,book,100,102,29485
5,paced_2M_view,0,book,102,104,4936
5,paced_2M_view,0,book,124,126,14310289
5,paced_2M_view,0,book,140,144,43450
5,paced_2M_view,0,book,164,168,3966693
5,paced_2M_view,0,book,180,184,3462
5,paced_2M_view,0,book,184,188,13939
5,paced_2M_view,0,book,208,212,1663140
5,paced_2M_view,0,book,224,228,11004
5,paced_2M_view,0,book,248,252,1284797
5,paced_2M_view,0,book,264,272,8667
5,paced_2M_view,0,book,288,296,600462
5,paced_2M_view,0,book,304,312,5320
5,paced_2M_view,0,book,328,336,414752
5,paced_2M_view,0,book,344,352,3397
5,paced_2M_view,0,book,352,360,657
5,paced_2M_view,0,book,368,376,267754
5,paced_2M_view,0,book,392,400,2845
5,paced_2M_view,0,book,416,424,166272
5,paced_2M_view,0,book,432,440,1976
5,paced_2M_view,0,book,456,464,117860
5,paced_2M_view,0,book,472,480,1561
5,paced_2M_view,0,book,496,504,77721
5,paced_2M_view,0,book,512,528,1138
5,paced_2M_view,0,book,528,544,53879
5,paced_2M_view,0,book,544,560,544
5,paced_2M_view,0,book,560,576,341
5,paced_2M_view,0,book,576,592,36340
5,paced_2M_view,0,book,592,608,638
5,paced_2M_view,0,book,624,640,25926
5,paced_2M_view,0,book,640,656,487
5,paced_2M_view,0,book,656,672,19041
5,paced_2M_view,0,book,672,688,386
5,paced_2M_view,0,book,704,720,14209
5,paced_2M_view,0,book,720,736,305
5,paced_2M_view,0,book,736,752,10668
5,paced_2M_view,0,book,752,768,111
5,paced_2M_view,0,book,768,784,137
5,paced_2M_view,0,book,784,800,8198
5,paced_2M_view,0,book,800,816,193
5,paced_2M_view,0,book,832,848,6389
5,paced_2M_view,0,book,848,864,184
5,paced_2M_view,0,book,864,880,4803
5,paced_2M_view,0,book,880,896,133
5,paced_2M_view,0,book,912,928,3803
5,paced_2M_view,0,book,928,944,84
5,paced_2M_view,0,book,944,960,3004
5,paced_2M_view,0,book,960,976,25
5,paced_2M_view,0,book,976,992,53
5,paced_2M_view,0,book,992,1008,2449
5,paced_2M_view,0,book,1008,1024,75
5,paced_2M_view,0,book,1024,1056,1997
5,paced_2M_view,0,book,1056,1088,1625
5,paced_2M_view,0,book,1088,1120,49
5,paced_2M_view,0,book,1120,1152,1378
5,paced_2M_view,0,book,1152,1184,1066
5,paced_2M_view,0,book,1184,1216,902
5,paced_2M_view,0,book,1216,1248,48
5,paced_2M_view,0,book,1248,1280,835
5,paced_2M_view,0,book,1280,1312,615
5,paced_2M_view,0,book,1312,1344,554
5,paced_2M_view,0,book,1344,1376,536
5,paced_2M_view,0,book,1376,1408,21
5,paced_2M_view,0,book,1408,1440,427
5,paced_2M_view,0,book,1440,1472,353
5,paced_2M_view,0,book,1472,1504,321
5,paced_2M_view,0,book,1504,1536,13
5,paced_2M_view,0,book,1536,1568,301
5,paced_2M_view,0,book,1568,1600,244
5,paced_2M_view,0,book,1600,1632,221
5,paced_2M_view,0,book,1632,1664,16
5,paced_2M_view,0,book,1664,1696,227
5,paced_2M_view,0,book,1696,1728,208
5,paced_2M_view,0,book,1728,1760,176
5,paced_2M_view,0,book,1760,1792,66
5,paced_2M_view,0,book,1792,1824,111
5,paced_2M_view,0,book,1824,1856,167
5,paced_2M_view,0,book,1856,1888,116
5,paced_2M_view,0,book,1888,1920,105
5,paced_2M_view,0,book,1920,1952,8
5,paced_2M_view,0,book,1952,1984,126
5,paced_2M_view,0,book,1984,2016,91
5,paced_2M_view,0,book,2016,2048,98
5,paced_2M_view,0,book,2048,2112,97
5,paced_2M_view,0,book,2112,2176,129
5,paced_2M_view,0,book,2176,2240,85
5,paced_2M_view,0,book,2240,2304,144
5,paced_2M_view,0,book,2304,2368,70
5,paced_2M_view,0,book,2368,2432,115
5,paced_2M_view,0,book,2432,2496,58
5,paced_2M_view,0,book,2496,2560,128
5,paced_2M_view,0,book,2560,2624,41
5,paced_2M_view,0,book,2624,2688,121
5,paced_2M_view,0,book,2688,2752,1031
5,paced_2M_view,0,book,2752,2816,833
5,paced_2M_view,0,book,2816,2880,1268
5,paced_2M_view,0,book,2880,2944,546
5,paced_2M_view,0,book,2944,3008,575
5,paced_2M_view,0,book,3008,3072,221
5,paced_2M_view,0,book,3072,3136,256
5,paced_2M_view,0,book,3136,3200,127
5,paced_2M_view,0,book,3200,3264,172
5,paced_2M_view,0,book,3264,3328,113
5,paced_2M_view,0,book,3328,3392,239
5,paced_2M_view,0,book,3392,3456,128
5,paced_2M_view,0,book,3456,3520,213
5,paced_2M_view,0,book,3520,3584,148
5,paced_2M_view,0,book,3584,3648,135
5,paced_2M_view,0,book,3648,3712,179
5,paced_2M_view,0,book,3712,3776,85
5,paced_2M_view,0,book,3776,3840,114
5,paced_2M_view,0,book,3840,3904,73
5,paced_2M_view,0,book,3904,3968,133
5,paced_2M_view,0,book,3968,4032,79
5,paced_2M_view,0,book,4032,4096,107
5,paced_2M_view,0,book,4096,4224,152
5,paced_2M_view,0,book,4224,4352,162
5,paced_2M_view,0,book,4352,4480,161
5,paced_2M_view,0,book,4480,4608,154
5,paced_2M_view,0,book,4608,4736,156
5,paced_2M_view,0,book,4736,4864,159
5,paced_2M_view,0,book,4864,4992,187
5,paced_2M_view,0,book,4992,5120,208
5,paced_2M_view,0,book,5120,5248,188
5,paced_2M_view,0,book,5248,5376,265
5,paced_2M_view,0,book,5376,5504,200
5,paced_2M_view,0,book,5504,5632,206
5,paced_2M_view,0,book,5632,5760,212
5,paced_2M_view,0,book,5760,5888,197
5,paced_2M_view,0,book,5888,6016,217
5,paced_2M_view,0,book,6016,6144,244
5,paced_2M_view,0,book,6144,6272,188
5,paced_2M_view,0,book,6272,6400,229
5,paced_2M_view,0,book,6400,6528,191
5,paced_2M_view,0,book,6528,6656,205
5,paced_2M_view,0,book,6656,6784,176
5,paced_2M_view,0,book,6784,6912,160
5,paced_2M_view,0,book,6912,7040,166
5,paced_2M_view,0,book,7040,7168,196
5,paced_2M_view,0,book,7168,7296,146
5,paced_2M_view,0,book,7296,7424,126
5,paced_2M_view,0,book,7424,7552,122
5,paced_2M_view,0,book,7552,7680,148
5,paced_2M_view,0,book,7680,7808,130
5,paced_2M_view,0,book,7808,7936,134
5,paced_2M_view,0,book,7936,8064,107
5,paced_2M_view,0,book,8064,8192,134
5,paced_2M_view,0,book,8192,8448,230
5,paced_2M_view,0,book,8448,8704,206
5,paced_2M_view,0,book,8704,8960,177
5,paced_2M_view,0,book,8960,9216,143
5,paced_2M_view,0,book,9216,9472,144
5,paced_2M_view,0,book,9472,9728,114
5,paced_2M_view,0,book,9728,9984,96
5,paced_2M_view,0,book,9984,10240,101
5,paced_2M_view,0,book,10240,10496,72
5,paced_2M_view,0,book,10496,10752,94
5,paced_2M_view,0,book,10752,11008,69
5,paced_2M_view,0,book,11008,11264,86
5,paced_2M_view,0,book,11264,11520,79
5,paced_2M_view,0,book,11520,11776,63
5,paced_2M_view,0,book,11776,12032,63
5,paced_2M_view,0,book,12032,12288,52
5,paced_2M_view,0,book,12288,12544,49
5,paced_2M_view,0,book,12544,12800,49
5,paced_2M_view,0,book,12800,13056,48
5,paced_2M_view,0,book,13056,13312,46
5,paced_2M_view,0,book,13312,13568,55
5,paced_2M_view,0,book,13568,13824,56
5,paced_2M_view,0,book,13824,14080,55
5,paced_2M_view,0,book,14080,14336,51
5,paced_2M_view,0,book,14336,14592,35
5,paced_2M_view,0,book,14592,14848,40
5,paced_2M_view,0,book,14848,15104,38
5,paced_2M_view,0,book,15104,15360,39
5,paced_2M_view,0,book,15360,15616,28
5,paced_2M_view,0,book,15616,15872,39
5,paced_2M_view,0,book,15872,16128,23
5,paced_2M_view,0,book,16128,16384,29
5,paced_2M_view,0,book,16384,16896,58
5,paced_2M_view,0,book,16896,17408,57
5,paced_2M_view,0,book,17408,17920,50
5,paced_2M_view,0,book,17920,18432,59
5,paced_2M_view,0,book,18432,18944,34
5,paced_2M_view,0,book,18944,19456,27
5,paced_2M_view,0,book,19456,19968,37
5,paced_2M_view,0,book,19968,20480,24
5,paced_2M_view,0,book,20480,20992,29
5,paced_2M_view,0,book,20992,21504,26
5,paced_2M_view,0,book,21504,22016,19
5,paced_2M_view,0,book,22016,22528,20
5,paced_2M_view,0,book,22528,23040,14
5,paced_2M_view,0,book,23040,23552,19
5,paced_2M_view,0,book,23552,24064,28
5,paced_2M_view,0,book,24064,24576,23
5,paced_2M_view,0,book,24576,25088,17
5,paced_2M_view,0,book,25088,25600,28
5,paced_2M_view,0,book,25600,26112,19
5,paced_2M_view,0,book,26112,26624,13
5,paced_2M_view,0,book,26624,27136,13
5,paced_2M_view,0,book,27136,27648,16
5,paced_2M_view,0,book,27648,28160,13
5,paced_2M_view,0,book,28160,28672,21
5,paced_2M_view,0,book,28672,29184,12
5,paced_2M_view,0,book,29184,29696,13
5,paced_2M_view,0,book,29696,30208,16
5,paced_2M_view,0,book,30208,30720,10
5,paced_2M_view,0,book,30720,31232,14
5,paced_2M_view,0,book,31232,31744,7
5,paced_2M_view,0,book,31744,32256,10
5,paced_2M_view,0,book,32256,32768,10
5,paced_2M_view,0,book,32768,33792,19
5,paced_2M_view,0,book,33792,34816,21
5,paced_2M_view,0,book,34816,35840,12
5,paced_2M_view,0,book,35840,36864,14
5,paced_2M_view,0,book,36864,37888,11
5,paced_2M_view,0,book,37888,38912,11
5,paced_2M_view,0,book,38912,39936,11
5,paced_2M_view,0,book,39936,40960,5
5,paced_2M_view,0,book,40960,41984,6
5,paced_2M_view,0,book,41984,43008,7
5,paced_2M_view,0,book,43008,44032,4
5,paced_2M_view,0,book,44032,45056,6
5,paced_2M_view,0,book,45056,46080,10
5,paced_2M_view,0,book,46080,47104,5
5,paced_2M_view,0,book,47104,48128,7
5,paced_2M_view,0,book,48128,49152,9
5,paced_2M_view,0,book,49152,50176,3
5,paced_2M_view,0,book,50176,51200,6
5,paced_2M_view,0,book,51200,52224,8
5,paced_2M_view,0,book,52224,53248,5
5,paced_2M_view,0,book,53248,54272,2
5,paced_2M_view,0,book,54272,55296,10
5,paced_2M_view,0,book,55296,56320,3
5,paced_2M_view,0,book,56320,57344,9
5,paced_2M_view,0,book,57344,58368,3
5,paced_2M_view,0,book,58368,59392,2
5,paced_2M_view,0,book,59392,60416,5
5,paced_2M_view,0,book,60416,61440,3
5,paced_2M_view,0,book,61440,62464,4
5,paced_2M_view,0,book,62464,63488,2
5,paced_2M_view,0,book,63488,64512,4
5,paced_2M_view,0,book,64512,65536,5
5,paced_2M_view,0,book,65536,67584,6
5,paced_2M_view,0,book,67584,69632,5
5,paced_2M_view,0,book,69632,71680,3
5,paced_2M_view,0,book,71680,73728,8
5,paced_2M_view,0,book,73728,75776,3
5,paced_2M_view,0,book,75776,77824,4
5,paced_2M_view,0,book,79872,81920,3
5,paced_2M_view,0,book,81920,83968,2
5,paced_2M_view,0,book,83968,86016,4
5,paced_2M_view,0,book,86016,88064,2
5,paced_2M_view,0,book,90112,92160,7
5,paced_2M_view,0,book,92160,94208,2
5,paced_2M_view,0,book,94208,96256,5
5,paced_2M_view,0,book,96256,98304,2
5,paced_2M_view,0,book,98304,100352,2
5,paced_2M_view,0,book,100352,102400,1
5,paced_2M_view,0,book,102400,104448,3
5,paced_2M_view,0,book,104448,106496,1
5,paced_2M_view,0,book,108544,110592,4
5,paced_2M_view,0,book,112640,114688,2
5,paced_2M_view,0,book,120832,122880,3
5,paced_2M_view,0,book,122880,124928,2
5,paced_2M_view,0,book,124928,126976,1
5,paced_2M_view,0,book,126976,129024,4
5,paced_2M_view,0,book,129024,131072,1
5,paced_2M_view,0,book,131072,135168,1
5,paced_2M_view,0,book,135168,139264,1
5,paced_2M_view,0,book,139264,143360,2
5,paced_2M_view,0,book,143360,147456,1
5,paced_2M_view,0,book,147456,151552,2
5,paced_2M_view,0,book,151552,155648,1
5,paced_2M_view,0,book,155648,159744,1
5,paced_2M_view,0,book,159744,163840,3
5,paced_2M_view,0,book,167936,172032,1
5,paced_2M_view,0,book,172032,176128,1
5,paced_2M_view,0,book,176128,180224,1
5,paced_2M_view,0,book,180224,184320,1
5,paced_2M_view,0,book,184320,188416,2
5,paced_2M_view,0,book,188416,192512,1
5,paced_2M_view,0,book,192512,196608,2
5,paced_2M_view,0,book,196608,200704,2
5,paced_2M_view,0,book,200704,204800,2
5,paced_2M_view,0,book,204800,208896,1
5,paced_2M_view,0,book,208896,212992,1
5,paced_2M_view,0,book,225280,229376,2
5,paced_2M_view,0,book,241664,245760,1
5,paced_2M_view,0,book,258048,262144,1
5,paced_2M_view,0,book,262144,270336,3
5,paced_2M_view,0,book,270336,278528,1
5,paced_2M_view,0,book,278528,286720,4
5,paced_2M_view,0,book,303104,311296,1
5,paced_2M_view,0,book,311296,319488,3
5,paced_2M_view,0,book,327680,335872,1
5,paced_2M_view,0,book,335872,344064,1
5,paced_2M_view,0,book,352256,360448,1
5,paced_2M_view,0,book,360448,368640,1
5,paced_2M_view,0,book,368640,376832,2
5,paced_2M_view,0,book,385024,393216,1
5,paced_2M_view,0,book,393216,401408,3
5,paced_2M_view,0,book,401408,409600,1
5,paced_2M_view,0,book,409600,417792,1
5,paced_2M_view,0,book,417792,425984,1
5,paced_2M_view,0,book,425984,434176,1
5,paced_2M_view,0,book,458752,466944,1
5,paced_2M_view,0,book,466944,475136,1
5,paced_2M_view,0,book,491520,499712,2
5,paced_2M_view,0,book,524288,540672,1
5,paced_2M_view,0,book,606208,622592,1
5,paced_2M_view,0,book,622592,638976,3
5,paced_2M_view,0,book,655360,671744,2
5,paced_2M_view,0,book,770048,786432,1
5,paced_2M_view,0,book,786432,802816,1
5,paced_2M_view,0,book,819200,835584,1
5,paced_2M_view,0,book,884736,901120,1
5,paced_2M_view,0,book,966656,983040,1
5,paced_2M_view,0,book,1.01581e+06,1.03219e+06,1
5,paced_2M_view,0,book,1.04858e+06,1.08134e+06,1
5,paced_2M_view,0,book,1.50733e+06,1.5401e+06,1
5,paced_2M_view,0,book,1.76947e+06,1.80224e+06,1
5,paced_2M_view,0,book,1.96608e+06,1.99885e+06,1
5,paced_2M_view,0,book,3.60448e+06,3.67002e+06,1
