run,label,median,metric,bucket_lo_ns,bucket_hi_ns,count
1,spsc_unaligned_65536_cross-core_paced_itch,0,total,220,226.667,1
1,spsc_unaligned_65536_cross-core_paced_itch,0,total,246.667,253.333,1
1,spsc_unaligned_65536_cross-core_paced_itch,0,total,253.333,260,2
1,spsc_unaligned_65536_cross-core_paced_itch,0,total,260,266.667,1
1,spsc_unaligned_65536_cross-core_paced_itch,0,total,266.667,273.333,4
1,spsc_unaligned_65536_cross-core_paced_itch,0,total,273.333,280,5
1,spsc_unaligned_65536_cross-core_paced_itch,0,total,280,286.667,2
1,spsc_unaligned_65536_cross-core_paced_itch,0,total,286.667,293.333,4
1,spsc_unaligned_65536_cross-core_paced_itch,0,total,293.333,300,8
1,spsc_unaligned_65536_cross-core_paced_itch,0,total,300,306.667,10
1,spsc_unaligned_65536_cross-core_paced_itch,0,total,306.667,313.333,11
1,spsc_unaligned_65536_cross-core_paced_itch,0,total,313.333,320,14
1,spsc_unaligned_65536_cross-core_paced_itch,0,total,320,326.667,12
1,spsc_unaligned_65536_cross-core_paced_itch,0,total,326.667,333.333,17
1,spsc_unaligned_65536_cross-core_paced_itch,0,total,333.333,340,20
1,spsc_unaligned_65536_cross-core_paced_itch,0,total,340,346.667,26
1,spsc_unaligned_65536_cross-core_paced_itch,0,total,346.667,353.333,42
1,spsc_unaligned_65536_cross-core_paced_itch,0,total,353.333,360,37
1,spsc_unaligned_65536_cross-core_paced_itch,0,total,360,366.667,73
1,spsc_unaligned_65536_cross-core_paced_itch,0,total,366.667,373.333,108
1,spsc_unaligned_65536_cross-core_paced_itch,0,total,373.333,380,164
1,spsc_unaligned_65536_cross-core_paced_itch,0,total,380,386.667,222
1,spsc_unaligned_65536_cross-core_paced_itch,0,total,386.667,393.333,286
1,spsc_unaligned_65536_cross-core_paced_itch,0,total,393.333,400,353
1,spsc_unaligned_65536_cross-core_paced_itch,0,total,400,406.667,503
1,spsc_unaligned_65536_cross-core_paced_itch,0,total,406.667,413.333,509
1,spsc_unaligned_65536_cross-core_paced_itch,0,total,413.333,420,626
1,spsc_unaligned_65536_cross-core_paced_itch,0,total,420,426.667,673
1,spsc_unaligned_65536_cross-core_paced_itch,0,total,426.667,440,1633
1,spsc_unaligned_65536_cross-core_paced_itch,0,total,440,453.333,2077
1,spsc_unaligned_65536_cross-core_paced_itch,0,total,453.333,466.667,2600
1,spsc_unaligned_65536_cross-core_paced_itch,0,total,466.667,480,4250
1,spsc_unaligned_65536_cross-core_paced_itch,0,total,480,493.333,5528
1,spsc_unaligned_65536_cross-core_paced_itch,0,total,493.333,506.667,6709
1,spsc_unaligned_65536_cross-core_paced_itch,0,total,506.667,520,7289
1,spsc_unaligned_65536_cross-core_paced_itch,0,total,520,533.333,7161
1,spsc_unaligned_65536_cross-core_paced_itch,0,total,533.333,546.667,7158
1,spsc_unaligned_65536_cross-core_paced_itch,0,total,546.667,560,7905
1,spsc_unaligned_65536_cross-core_paced_itch,0,total,560,573.333,8450
1,spsc_unaligned_65536_cross-core_paced_itch,0,total,573.333,586.667,8722
1,spsc_unaligned_65536_cross-core_paced_itch,0,total,586.667,600,8372
1,spsc_unaligned_65536_cross-core_paced_itch,0,total,600,613.333,7207
1,spsc_unaligned_65536_cross-core_paced_itch,0,total,613.333,626.667,6693
1,spsc_unaligned_65536_cross-core_paced_itch,0,total,626.667,640,6458
1,spsc_unaligned_65536_cross-core_paced_itch,0,total,640,653.333,6067
1,spsc_unaligned_65536_cross-core_paced_itch,0,total,653.333,666.667,5353
1,spsc_unaligned_65536_cross-core_paced_itch,0,total,666.667,680,4520
1,spsc_unaligned_65536_cross-core_paced_itch,0,total,680,693.333,3955
1,spsc_unaligned_65536_cross-core_paced_itch,0,total,693.333,706.667,3595
1,spsc_unaligned_65536_cross-core_paced_itch,0,total,706.667,720,3391
1,spsc_unaligned_65536_cross-core_paced_itch,0,total,720,733.333,3280
1,spsc_unaligned_65536_cross-core_paced_itch,0,total,733.333,746.667,3085
1,spsc_unaligned_65536_cross-core_paced_itch,0,total,746.667,760,2820
1,spsc_unaligned_65536_cross-core_paced_itch,0,total,760,773.333,2641
1,spsc_unaligned_65536_cross-core_paced_itch,0,total,773.333,786.667,2392
1,spsc_unaligned_65536_cross-core_paced_itch,0,total,786.667,800,2191
1,spsc_unaligned_65536_cross-core_paced_itch,0,total,800,813.333,2006
1,spsc_unaligned_65536_cross-core_paced_itch,0,total,813.333,826.667,1877
1,spsc_unaligned_65536_cross-core_paced_itch,0,total,826.667,840,1715
1,spsc_unaligned_65536_cross-core_paced_itch,0,total,840,853.333,1573
1,spsc_unaligned_65536_cross-core_paced_itch,0,total,853.333,880,2631
1,spsc_unaligned_65536_cross-core_paced_itch,0,total,880,906.667,2136
1,spsc_unaligned_65536_cross-core_paced_itch,0,total,906.667,933.333,1801
1,spsc_unaligned_65536_cross-core_paced_itch,0,total,933.333,960,1553
1,spsc_unaligned_65536_cross-core_paced_itch,0,total,960,986.666,1447
1,spsc_unaligned_65536_cross-core_paced_itch,0,total,986.666,1013.33,1309
1,spsc_unaligned_65536_cross-core_paced_itch,0,total,1013.33,1040,1062
1,spsc_unaligned_65536_cross-core_paced_itch,0,total,1040,1066.67,1072
1,spsc_unaligned_65536_cross-core_paced_itch,0,total,1066.67,1093.33,961
1,spsc_unaligned_65536_cross-core_paced_itch,0,total,1093.33,1120,927
1,spsc_unaligned_65536_cross-core_paced_itch,0,total,1120,1146.67,930
1,spsc_unaligned_65536_cross-core_paced_itch,0,total,1146.67,1173.33,825
1,spsc_unaligned_65536_cross-core_paced_itch,0,total,1173.33,1200,750
1,spsc_unaligned_65536_cross-core_paced_itch,0,total,1200,1226.67,764
1,spsc_unaligned_65536_cross-core_paced_itch,0,total,1226.67,1253.33,716
1,spsc_unaligned_65536_cross-core_paced_itch,0,total,1253.33,1280,658
1,spsc_unaligned_65536_cross-core_paced_itch,0,total,1280,1306.67,650
1,spsc_unaligned_65536_cross-core_paced_itch,0,total,1306.67,1333.33,637
1,spsc_unaligned_65536_cross-core_paced_itch,0,total,1333.33,1360,633
1,spsc_unaligned_65536_cross-core_paced_itch,0,total,1360,1386.67,629
1,spsc_unaligned_65536_cross-core_paced_itch,0,total,1386.67,1413.33,558
1,spsc_unaligned_65536_cross-core_paced_itch,0,total,1413.33,1440,547
1,spsc_unaligned_65536_cross-core_paced_itch,0,total,1440,1466.67,572
1,spsc_unaligned_65536_cross-core_paced_itch,0,total,1466.67,1493.33,503
1,spsc_unaligned_65536_cross-core_paced_itch,0,total,1493.33,1520,469
1,spsc_unaligned_65536_cross-core_paced_itch,0,total,1520,1546.67,488
1,spsc_unaligned_65536_cross-core_paced_itch,0,total,1546.67,1573.33,495
1,spsc_unaligned_65536_cross-core_paced_itch,0,total,1573.33,1600,443
1,spsc_unaligned_65536_cross-core_paced_itch,0,total,1600,1626.67,489
1,spsc_unaligned_65536_cross-core_paced_itch,0,total,1626.67,1653.33,431
1,spsc_unaligned_65536_cross-core_paced_itch,0,total,1653.33,1680,452
1,spsc_unaligned_65536_cross-core_paced_itch,0,total,1680,1706.67,457
1,spsc_unaligned_65536_cross-core_paced_itch,0,total,1706.67,1760,889
1,spsc_unaligned_65536_cross-core_paced_itch,0,total,1760,1813.33,826
1,spsc_unaligned_65536_cross-core_paced_itch,0,total,1813.33,1866.67,792
1,spsc_unaligned_65536_cross-core_paced_itch,0,total,1866.67,1920,746
1,spsc_unaligned_65536_cross-core_paced_itch,0,total,1920,1973.33,798
1,spsc_unaligned_65536_cross-core_paced_itch,0,total,1973.33,2026.67,736
1,spsc_unaligned_65536_cross-core_paced_itch,0,total,2026.67,2080,685
1,spsc_unaligned_65536_cross-core_paced_itch,0,total,2080,2133.33,706
1,spsc_unaligned_65536_cross-core_paced_itch,0,total,2133.33,2186.67,742
1,spsc_unaligned_65536_cross-core_paced_itch,0,total,2186.67,2240,657
1,spsc_unaligned_65536_cross-core_paced_itch,0,total,2240,2293.33,668
1,spsc_unaligned_65536_cross-core_paced_itch,0,total,2293.33,2346.67,653
1,spsc_unaligned_65536_cross-core_paced_itch,0,total,2346.67,2400,615
1,spsc_unaligned_65536_cross-core_paced_itch,0,total,2400,2453.33,579
1,spsc_unaligned_65536_cross-core_paced_itch,0,total,2453.33,2506.67,592
1,spsc_unaligned_65536_cross-core_paced_itch,0,total,2506.67,2560,579
1,spsc_unaligned_65536_cross-core_paced_itch,0,total,2560,2613.33,590
1,spsc_unaligned_65536_cross-core_paced_itch,0,total,2613.33,2666.67,561
1,spsc_unaligned_65536_cross-core_paced_itch,0,total,2666.67,2720,559
1,spsc_unaligned_65536_cross-core_paced_itch,0,total,2720,2773.33,578
1,spsc_unaligned_65536_cross-core_paced_itch,0,total,2773.33,2826.67,542
1,spsc_unaligned_65536_cross-core_paced_itch,0,total,2826.67,2880,536
1,spsc_unaligned_65536_cross-core_paced_itch,0,total,2880,2933.33,519
1,spsc_unaligned_65536_cross-core_paced_itch,0,total,2933.33,2986.67,546
1,spsc_unaligned_65536_cross-core_paced_itch,0,total,2986.67,3040,555
1,spsc_unaligned_65536_cross-core_paced_itch,0,total,3040,3093.33,505
1,spsc_unaligned_65536_cross-core_paced_itch,0,total,3093.33,3146.67,474
1,spsc_unaligned_65536_cross-core_paced_itch,0,total,3146.67,3200,525
1,spsc_unaligned_65536_cross-core_paced_itch,0,total,3200,3253.33,487
1,spsc_unaligned_65536_cross-core_paced_itch,0,total,3253.33,3306.67,484
1,spsc_unaligned_65536_cross-core_paced_itch,0,total,3306.67,3360,474
1,spsc_unaligned_65536_cross-core_paced_itch,0,total,3360,3413.33,459
1,spsc_unaligned_65536_cross-core_paced_itch,0,total,3413.33,3520,940
1,spsc_unaligned_65536_cross-core_paced_itch,0,total,3520,3626.67,949
1,spsc_unaligned_65536_cross-core_paced_itch,0,total,3626.67,3733.33,838
1,spsc_unaligned_65536_cross-core_paced_itch,0,total,3733.33,3840,855
1,spsc_unaligned_65536_cross-core_paced_itch,0,total,3840,3946.67,839
1,spsc_unaligned_65536_cross-core_paced_itch,0,total,3946.67,4053.33,811
1,spsc_unaligned_65536_cross-core_paced_itch,0,total,4053.33,4160,775
1,spsc_unaligned_65536_cross-core_paced_itch,0,total,4160,4266.67,784
1,spsc_unaligned_65536_cross-core_paced_itch,0,total,4266.67,4373.33,702
1,spsc_unaligned_65536_cross-core_paced_itch,0,total,4373.33,4480,710
1,spsc_unaligned_65536_cross-core_paced_itch,0,total,4480,4586.67,689
1,spsc_unaligned_65536_cross-core_paced_itch,0,total,4586.67,4693.33,689
1,spsc_unaligned_65536_cross-core_paced_itch,0,total,4693.33,4800,649
1,spsc_unaligned_65536_cross-core_paced_itch,0,total,4800,4906.67,659
1,spsc_unaligned_65536_cross-core_paced_itch,0,total,4906.67,5013.33,635
1,spsc_unaligned_65536_cross-core_paced_itch,0,total,5013.33,5120,608
1,spsc_unaligned_65536_cross-core_paced_itch,0,total,5120,5226.67,595
1,spsc_unaligned_65536_cross-core_paced_itch,0,total,5226.67,5333.33,546
1,spsc_unaligned_65536_cross-core_paced_itch,0,total,5333.33,5440,561
1,spsc_unaligned_65536_cross-core_paced_itch,0,total,5440,5546.67,534
1,spsc_unaligned_65536_cross-core_paced_itch,0,total,5546.67,5653.33,539
1,spsc_unaligned_65536_cross-core_paced_itch,0,total,5653.33,5760,513
1,spsc_unaligned_65536_cross-core_paced_itch,0,total,5760,5866.67,484
1,spsc_unaligned_65536_cross-core_paced_itch,0,total,5866.67,5973.33,461
1,spsc_unaligned_65536_cross-core_paced_itch,0,total,5973.33,6080,470
1,spsc_unaligned_65536_cross-core_paced_itch,0,total,6080,6186.67,443
1,spsc_unaligned_65536_cross-core_paced_itch,0,total,6186.67,6293.33,417
1,spsc_unaligned_65536_cross-core_paced_itch,0,total,6293.33,6400,398
1,spsc_unaligned_65536_cross-core_paced_itch,0,total,6400,6506.67,421
1,spsc_unaligned_65536_cross-core_paced_itch,0,total,6506.67,6613.33,427
1,spsc_unaligned_65536_cross-core_paced_itch,0,total,6613.33,6720,411
1,spsc_unaligned_65536_cross-core_paced_itch,0,total,6720,6826.67,380
1,spsc_unaligned_65536_cross-core_paced_itch,0,total,6826.67,7040,766
1,spsc_unaligned_65536_cross-core_paced_itch,0,total,7040,7253.33,702
1,spsc_unaligned_65536_cross-core_paced_itch,0,total,7253.33,7466.67,729
1,spsc_unaligned_65536_cross-core_paced_itch,0,total,7466.67,7680,666
1,spsc_unaligned_65536_cross-core_paced_itch,0,total,7680,7893.33,590
1,spsc_unaligned_65536_cross-core_paced_itch,0,total,7893.33,8106.67,597
1,spsc_unaligned_65536_cross-core_paced_itch,0,total,8106.67,8320,597
1,spsc_unaligned_65536_cross-core_paced_itch,0,total,8320,8533.33,539
1,spsc_unaligned_65536_cross-core_paced_itch,0,total,8533.33,8746.67,515
1,spsc_unaligned_65536_cross-core_paced_itch,0,total,8746.67,8960,476
1,spsc_unaligned_65536_cross-core_paced_itch,0,total,8960,9173.33,484
1,spsc_unaligned_65536_cross-core_paced_itch,0,total,9173.33,9386.67,444
1,spsc_unaligned_65536_cross-core_paced_itch,0,total,9386.67,9600,472
1,spsc_unaligned_65536_cross-core_paced_itch,0,total,9600,9813.33,458
1,spsc_unaligned_65536_cross-core_paced_itch,0,total,9813.33,10026.7,446
1,spsc_unaligned_65536_cross-core_paced_itch,0,total,10026.7,10240,396
1,spsc_unaligned_65536_cross-core_paced_itch,0,total,10240,10453.3,388
1,spsc_unaligned_65536_cross-core_paced_itch,0,total,10453.3,10666.7,401
1,spsc_unaligned_65536_cross-core_paced_itch,0,total,10666.7,10880,400
1,spsc_unaligned_65536_cross-core_paced_itch,0,total,10880,11093.3,388
1,spsc_unaligned_65536_cross-core_paced_itch,0,total,11093.3,11306.7,413
1,spsc_unaligned_65536_cross-core_paced_itch,0,total,11306.7,11520,378
1,spsc_unaligned_65536_cross-core_paced_itch,0,total,11520,11733.3,411
1,spsc_unaligned_65536_cross-core_paced_itch,0,total,11733.3,11946.7,370
1,spsc_unaligned_65536_cross-core_paced_itch,0,total,11946.7,12160,376
1,spsc_unaligned_65536_cross-core_paced_itch,0,total,12160,12373.3,374
1,spsc_unaligned_65536_cross-core_paced_itch,0,total,12373.3,12586.7,357
1,spsc_unaligned_65536_cross-core_paced_itch,0,total,12586.7,12800,331
1,spsc_unaligned_65536_cross-core_paced_itch,0,total,12800,13013.3,287
1,spsc_unaligned_65536_cross-core_paced_itch,0,total,13013.3,13226.7,313
1,spsc_unaligned_65536_cross-core_paced_itch,0,total,13226.7,13440,279
1,spsc_unaligned_65536_cross-core_paced_itch,0,total,13440,13653.3,273
1,spsc_unaligned_65536_cross-core_paced_itch,0,total,13653.3,14080,481
1,spsc_unaligned_65536_cross-core_paced_itch,0,total,14080,14506.7,461
1,spsc_unaligned_65536_cross-core_paced_itch,0,total,14506.7,14933.3,395
1,spsc_unaligned_65536_cross-core_paced_itch,0,total,14933.3,15360,326
1,spsc_unaligned_65536_cross-core_paced_itch,0,total,15360,15786.7,284
1,spsc_unaligned_65536_cross-core_paced_itch,0,total,15786.7,16213.3,230
1,spsc_unaligned_65536_cross-core_paced_itch,0,total,16213.3,16640,219
1,spsc_unaligned_65536_cross-core_paced_itch,0,total,16640,17066.7,193
1,spsc_unaligned_65536_cross-core_paced_itch,0,total,17066.7,17493.3,158
1,spsc_unaligned_65536_cross-core_paced_itch,0,total,17493.3,17920,149
1,spsc_unaligned_65536_cross-core_paced_itch,0,total,17920,18346.7,128
1,spsc_unaligned_65536_cross-core_paced_itch,0,total,18346.7,18773.3,121
1,spsc_unaligned_65536_cross-core_paced_itch,0,total,18773.3,19200,106
1,spsc_unaligned_65536_cross-core_paced_itch,0,total,19200,19626.7,122
1,spsc_unaligned_65536_cross-core_paced_itch,0,total,19626.7,20053.3,106
1,spsc_unaligned_65536_cross-core_paced_itch,0,total,20053.3,20480,117
1,spsc_unaligned_65536_cross-core_paced_itch,0,total,20480,20906.7,101
1,spsc_unaligned_65536_cross-core_paced_itch,0,total,20906.7,21333.3,101
1,spsc_unaligned_65536_cross-core_paced_itch,0,total,21333.3,21760,95
1,spsc_unaligned_65536_cross-core_paced_itch,0,total,21760,22186.7,97
1,spsc_unaligned_65536_cross-core_paced_itch,0,total,22186.7,22613.3,93
1,spsc_unaligned_65536_cross-core_paced_itch,0,total,22613.3,23040,75
1,spsc_unaligned_65536_cross-core_paced_itch,0,total,23040,23466.7,99
1,spsc_unaligned_65536_cross-core_paced_itch,0,total,23466.7,23893.3,103
1,spsc_unaligned_65536_cross-core_paced_itch,0,total,23893.3,24320,69
1,spsc_unaligned_65536_cross-core_paced_itch,0,total,24320,24746.7,86
1,spsc_unaligned_65536_cross-core_paced_itch,0,total,24746.7,25173.3,77
1,spsc_unaligned_65536_cross-core_paced_itch,0,total,25173.3,25600,67
1,spsc_unaligned_65536_cross-core_paced_itch,0,total,25600,26026.7,72
1,spsc_unaligned_65536_cross-core_paced_itch,0,total,26026.7,26453.3,89
1,spsc_unaligned_65536_cross-core_paced_itch,0,total,26453.3,26880,73
1,spsc_unaligned_65536_cross-core_paced_itch,0,total,26880,27306.7,87
1,spsc_unaligned_65536_cross-core_paced_itch,0,total,27306.7,28160,201
1,spsc_unaligned_65536_cross-core_paced_itch,0,total,28160,29013.3,170
1,spsc_unaligned_65536_cross-core_paced_itch,0,total,29013.3,29866.7,149
1,spsc_unaligned_65536_cross-core_paced_itch,0,total,29866.7,30720,147
1,spsc_unaligned_65536_cross-core_paced_itch,0,total,30720,31573.3,114
1,spsc_unaligned_65536_cross-core_paced_itch,0,total,31573.3,32426.7,135
1,spsc_unaligned_65536_cross-core_paced_itch,0,total,32426.7,33280,154
1,spsc_unaligned_65536_cross-core_paced_itch,0,total,33280,34133.3,125
1,spsc_unaligned_65536_cross-core_paced_itch,0,total,34133.3,34986.7,118
1,spsc_unaligned_65536_cross-core_paced_itch,0,total,34986.7,35840,111
1,spsc_unaligned_65536_cross-core_paced_itch,0,total,35840,36693.3,111
1,spsc_unaligned_65536_cross-core_paced_itch,0,total,36693.3,37546.7,106
1,spsc_unaligned_65536_cross-core_paced_itch,0,total,37546.7,38400,113
1,spsc_unaligned_65536_cross-core_paced_itch,0,total,38400,39253.3,108
1,spsc_unaligned_65536_cross-core_paced_itch,0,total,39253.3,40106.7,98
1,spsc_unaligned_65536_cross-core_paced_itch,0,total,40106.7,40960,84
1,spsc_unaligned_65536_cross-core_paced_itch,0,total,40960,41813.3,129
1,spsc_unaligned_65536_cross-core_paced_itch,0,total,41813.3,42666.7,124
1,spsc_unaligned_65536_cross-core_paced_itch,0,total,42666.7,43520,103
1,spsc_unaligned_65536_cross-core_paced_itch,0,total,43520,44373.3,93
1,spsc_unaligned_65536_cross-core_paced_itch,0,total,44373.3,45226.7,102
1,spsc_unaligned_65536_cross-core_paced_itch,0,total,45226.7,46080,96
1,spsc_unaligned_65536_cross-core_paced_itch,0,total,46080,46933.3,79
1,spsc_unaligned_65536_cross-core_paced_itch,0,total,46933.3,47786.7,86
1,spsc_unaligned_65536_cross-core_paced_itch,0,total,47786.7,48640,85
1,spsc_unaligned_65536_cross-core_paced_itch,0,total,48640,49493.3,64
1,spsc_unaligned_65536_cross-core_paced_itch,0,total,49493.3,50346.7,75
1,spsc_unaligned_65536_cross-core_paced_itch,0,total,50346.7,51200,51
1,spsc_unaligned_65536_cross-core_paced_itch,0,total,51200,52053.3,40
1,spsc_unaligned_65536_cross-core_paced_itch,0,total,52053.3,52906.7,51
1,spsc_unaligned_65536_cross-core_paced_itch,0,total,52906.7,53760,40
1,spsc_unaligned_65536_cross-core_paced_itch,0,total,53760,54613.3,39
1,spsc_unaligned_65536_cross-core_paced_itch,0,total,54613.3,56320,90
1,spsc_unaligned_65536_cross-core_paced_itch,0,total,56320,58026.7,97
1,spsc_unaligned_65536_cross-core_paced_itch,0,total,58026.7,59733.3,102
1,spsc_unaligned_65536_cross-core_paced_itch,0,total,59733.3,61440,85
1,spsc_unaligned_65536_cross-core_paced_itch,0,total,61440,63146.7,102
1,spsc_unaligned_65536_cross-core_paced_itch,0,total,63146.7,64853.3,80
1,spsc_unaligned_65536_cross-core_paced_itch,0,total,64853.3,66560,81
1,spsc_unaligned_65536_cross-core_paced_itch,0,total,66560,68266.7,89
1,spsc_unaligned_65536_cross-core_paced_itch,0,total,68266.7,69973.3,70
1,spsc_unaligned_65536_cross-core_paced_itch,0,total,69973.3,71680,66
1,spsc_unaligned_65536_cross-core_paced_itch,0,total,71680,73386.7,88
1,spsc_unaligned_65536_cross-core_paced_itch,0,total,73386.7,75093.3,88
1,spsc_unaligned_65536_cross-core_paced_itch,0,total,75093.3,76800,73
1,spsc_unaligned_65536_cross-core_paced_itch,0,total,76800,78506.7,69
1,spsc_unaligned_65536_cross-core_paced_itch,0,total,78506.7,80213.3,34
1,spsc_unaligned_65536_cross-core_paced_itch,0,total,80213.3,81920,40
1,spsc_unaligned_65536_cross-core_paced_itch,0,total,81920,83626.7,47
1,spsc_unaligned_65536_cross-core_paced_itch,0,total,83626.7,85333.3,41
1,spsc_unaligned_65536_cross-core_paced_itch,0,total,85333.3,87040,67
1,spsc_unaligned_65536_cross-core_paced_itch,0,total,87040,88746.7,74
1,spsc_unaligned_65536_cross-core_paced_itch,0,total,88746.7,90453.3,69
1,spsc_unaligned_65536_cross-core_paced_itch,0,total,90453.3,92160,47
1,spsc_unaligned_65536_cross-core_paced_itch,0,total,92160,93866.7,55
1,spsc_unaligned_65536_cross-core_paced_itch,0,total,93866.7,95573.3,57
1,spsc_unaligned_65536_cross-core_paced_itch,0,total,95573.3,97280,37
1,spsc_unaligned_65536_cross-core_paced_itch,0,total,97280,98986.6,26
1,spsc_unaligned_65536_cross-core_paced_itch,0,total,98986.6,100693,22
1,spsc_unaligned_65536_cross-core_paced_itch,0,total,100693,102400,46
1,spsc_unaligned_65536_cross-core_paced_itch,0,total,102400,104107,31
1,spsc_unaligned_65536_cross-core_paced_itch,0,total,104107,105813,24
1,spsc_unaligned_65536_cross-core_paced_itch,0,total,105813,107520,10
1,spsc_unaligned_65536_cross-core_paced_itch,0,total,107520,109227,18
1,spsc_unaligned_65536_cross-core_paced_itch,0,total,109227,112640,34
1,spsc_unaligned_65536_cross-core_paced_itch,0,total,112640,116053,56
1,spsc_unaligned_65536_cross-core_paced_itch,0,total,116053,119467,42
1,spsc_unaligned_65536_cross-core_paced_itch,0,total,119467,122880,50
1,spsc_unaligned_65536_cross-core_paced_itch,0,total,122880,126293,57
1,spsc_unaligned_65536_cross-core_paced_itch,0,total,126293,129707,41
1,spsc_unaligned_65536_cross-core_paced_itch,0,total,129707,133120,48
1,spsc_unaligned_65536_cross-core_paced_itch,0,total,133120,136533,23
1,spsc_unaligned_65536_cross-core_paced_itch,0,total,136533,139947,37
1,spsc_unaligned_65536_cross-core_paced_itch,0,total,139947,143360,33
1,spsc_unaligned_65536_cross-core_paced_itch,0,total,143360,146773,37
1,spsc_unaligned_65536_cross-core_paced_itch,0,total,146773,150187,37
1,spsc_unaligned_65536_cross-core_paced_itch,0,total,150187,153600,23
1,spsc_unaligned_65536_cross-core_paced_itch,0,total,153600,157013,39
1,spsc_unaligned_65536_cross-core_paced_itch,0,total,157013,160427,73
1,spsc_unaligned_65536_cross-core_paced_itch,0,total,160427,163840,37
1,spsc_unaligned_65536_cross-core_paced_itch,0,total,163840,167253,52
1,spsc_unaligned_65536_cross-core_paced_itch,0,total,167253,170667,29
1,spsc_unaligned_65536_cross-core_paced_itch,0,total,170667,174080,28
1,spsc_unaligned_65536_cross-core_paced_itch,0,total,174080,177493,21
1,spsc_unaligned_65536_cross-core_paced_itch,0,total,177493,180907,32
1,spsc_unaligned_65536_cross-core_paced_itch,0,total,180907,184320,36
1,spsc_unaligned_65536_cross-core_paced_itch,0,total,184320,187733,30
1,spsc_unaligned_65536_cross-core_paced_itch,0,total,187733,191147,36
1,spsc_unaligned_65536_cross-core_paced_itch,0,total,191147,194560,29
1,spsc_unaligned_65536_cross-core_paced_itch,0,total,194560,197973,14
1,spsc_unaligned_65536_cross-core_paced_itch,0,total,197973,201387,19
1,spsc_unaligned_65536_cross-core_paced_itch,0,total,201387,204800,16
1,spsc_unaligned_65536_cross-core_paced_itch,0,total,204800,208213,22
1,spsc_unaligned_65536_cross-core_paced_itch,0,total,208213,211627,38
1,spsc_unaligned_65536_cross-core_paced_itch,0,total,211627,215040,20
1,spsc_unaligned_65536_cross-core_paced_itch,0,total,215040,218453,16
1,spsc_unaligned_65536_cross-core_paced_itch,0,total,218453,225280,59
1,spsc_unaligned_65536_cross-core_paced_itch,0,total,225280,232107,52
1,spsc_unaligned_65536_cross-core_paced_itch,0,total,232107,238933,48
1,spsc_unaligned_65536_cross-core_paced_itch,0,total,238933,245760,48
1,spsc_unaligned_65536_cross-core_paced_itch,0,total,245760,252587,36
1,spsc_unaligned_65536_cross-core_paced_itch,0,total,252587,259413,27
1,spsc_unaligned_65536_cross-core_paced_itch,0,total,259413,266240,20
1,spsc_unaligned_65536_cross-core_paced_itch,0,total,266240,273067,37
1,spsc_unaligned_65536_cross-core_paced_itch,0,total,273067,279893,63
1,spsc_unaligned_65536_cross-core_paced_itch,0,total,279893,286720,28
1,spsc_unaligned_65536_cross-core_paced_itch,0,total,286720,293547,21
1,spsc_unaligned_65536_cross-core_paced_itch,0,total,293547,300373,15
1,spsc_unaligned_65536_cross-core_paced_itch,0,total,300373,307200,24
1,spsc_unaligned_65536_cross-core_paced_itch,0,total,307200,314027,43
1,spsc_unaligned_65536_cross-core_paced_itch,0,total,314027,320853,21
1,spsc_unaligned_65536_cross-core_paced_itch,0,total,320853,327680,16
1,spsc_unaligned_65536_cross-core_paced_itch,0,total,327680,334507,21
1,spsc_unaligned_65536_cross-core_paced_itch,0,total,334507,341333,23
1,spsc_unaligned_65536_cross-core_paced_itch,0,total,341333,348160,64
1,spsc_unaligned_65536_cross-core_paced_itch,0,total,348160,354987,34
1,spsc_unaligned_65536_cross-core_paced_itch,0,total,354987,361813,58
1,spsc_unaligned_65536_cross-core_paced_itch,0,total,361813,368640,88
1,spsc_unaligned_65536_cross-core_paced_itch,0,total,368640,375467,31
1,spsc_unaligned_65536_cross-core_paced_itch,0,total,375467,382293,25
1,spsc_unaligned_65536_cross-core_paced_itch,0,total,382293,389120,47
1,spsc_unaligned_65536_cross-core_paced_itch,0,total,389120,395947,33
1,spsc_unaligned_65536_cross-core_paced_itch,0,total,395947,402773,30
1,spsc_unaligned_65536_cross-core_paced_itch,0,total,402773,409600,20
1,spsc_unaligned_65536_cross-core_paced_itch,0,total,409600,416427,39
1,spsc_unaligned_65536_cross-core_paced_itch,0,total,416427,423253,36
1,spsc_unaligned_65536_cross-core_paced_itch,0,total,423253,430080,39
1,spsc_unaligned_65536_cross-core_paced_itch,0,total,430080,436907,30
1,spsc_unaligned_65536_cross-core_paced_itch,0,total,436907,450560,74
1,spsc_unaligned_65536_cross-core_paced_itch,0,total,450560,464213,41
1,spsc_unaligned_65536_cross-core_paced_itch,0,total,464213,477867,89
1,spsc_unaligned_65536_cross-core_paced_itch,0,total,477867,491520,46
1,spsc_unaligned_65536_cross-core_paced_itch,0,total,491520,505173,42
1,spsc_unaligned_65536_cross-core_paced_itch,0,total,505173,518827,36
1,spsc_unaligned_65536_cross-core_paced_itch,0,total,518827,532480,88
1,spsc_unaligned_65536_cross-core_paced_itch,0,total,532480,546133,138
1,spsc_unaligned_65536_cross-core_paced_itch,0,total,546133,559787,126
1,spsc_unaligned_65536_cross-core_paced_itch,0,total,559787,573440,161
1,spsc_unaligned_65536_cross-core_paced_itch,0,total,573440,587093,202
1,spsc_unaligned_65536_cross-core_paced_itch,0,total,587093,600747,178
1,spsc_unaligned_65536_cross-core_paced_itch,0,total,600747,614400,120
1,spsc_unaligned_65536_cross-core_paced_itch,0,total,614400,628053,268
1,spsc_unaligned_65536_cross-core_paced_itch,0,total,628053,641707,297
1,spsc_unaligned_65536_cross-core_paced_itch,0,total,641707,655360,384
1,spsc_unaligned_65536_cross-core_paced_itch,0,total,655360,669013,332
1,spsc_unaligned_65536_cross-core_paced_itch,0,total,669013,682667,213
1,spsc_unaligned_65536_cross-core_paced_itch,0,total,682667,696320,150
1,spsc_unaligned_65536_cross-core_paced_itch,0,total,696320,709973,63
1,spsc_unaligned_65536_cross-core_paced_itch,0,total,709973,723627,49
1,spsc_unaligned_65536_cross-core_paced_itch,0,total,723627,737280,35
1,spsc_unaligned_65536_cross-core_paced_itch,0,total,737280,750933,36
1,spsc_unaligned_65536_cross-core_paced_itch,0,total,750933,764587,47
1,spsc_unaligned_65536_cross-core_paced_itch,0,total,764587,778240,84
1,spsc_unaligned_65536_cross-core_paced_itch,0,total,778240,791893,151
1,spsc_unaligned_65536_cross-core_paced_itch,0,total,791893,805547,83
1,spsc_unaligned_65536_cross-core_paced_itch,0,total,805547,819200,117
1,spsc_unaligned_65536_cross-core_paced_itch,0,total,819200,832853,95
1,spsc_unaligned_65536_cross-core_paced_itch,0,total,832853,846507,98
1,spsc_unaligned_65536_cross-core_paced_itch,0,total,846507,860160,75
1,spsc_unaligned_65536_cross-core_paced_itch,0,total,860160,873813,20
1,spsc_unaligned_65536_cross-core_paced_itch,0,total,873813,901120,115
1,spsc_unaligned_65536_cross-core_paced_itch,0,total,901120,928427,192
1,spsc_unaligned_65536_cross-core_paced_itch,0,total,928427,955733,218
1,spsc_unaligned_65536_cross-core_paced_itch,0,total,955733,983040,120
1,spsc_unaligned_65536_cross-core_paced_itch,0,total,983040,1.01035e+06,108
1,spsc_unaligned_65536_cross-core_paced_itch,0,total,1.01035e+06,1.03765e+06,280
1,spsc_unaligned_65536_cross-core_paced_itch,0,total,1.03765e+06,1.06496e+06,163
1,spsc_unaligned_65536_cross-core_paced_itch,0,total,1.06496e+06,1.09227e+06,157
1,spsc_unaligned_65536_cross-core_paced_itch,0,total,1.09227e+06,1.11957e+06,193
1,spsc_unaligned_65536_cross-core_paced_itch,0,total,1.11957e+06,1.14688e+06,158
1,spsc_unaligned_65536_cross-core_paced_itch,0,total,1.14688e+06,1.17419e+06,189
1,spsc_unaligned_65536_cross-core_paced_itch,0,total,1.17419e+06,1.20149e+06,247
1,spsc_unaligned_65536_cross-core_paced_itch,0,total,1.20149e+06,1.2288e+06,481
1,spsc_unaligned_65536_cross-core_paced_itch,0,total,1.2288e+06,1.25611e+06,484
1,spsc_unaligned_65536_cross-core_paced_itch,0,total,1.25611e+06,1.28341e+06,150
1,spsc_unaligned_65536_cross-core_paced_itch,0,total,1.28341e+06,1.31072e+06,43
1,spsc_unaligned_65536_cross-core_paced_itch,0,total,1.31072e+06,1.33803e+06,41
1,spsc_unaligned_65536_cross-core_paced_itch,0,total,1.33803e+06,1.36533e+06,87
1,spsc_unaligned_65536_cross-core_paced_itch,0,total,1.36533e+06,1.39264e+06,74
1,spsc_unaligned_65536_cross-core_paced_itch,0,total,1.39264e+06,1.41995e+06,112
1,spsc_unaligned_65536_cross-core_paced_itch,0,total,1.41995e+06,1.44725e+06,132
1,spsc_unaligned_65536_cross-core_paced_itch,0,total,1.44725e+06,1.47456e+06,123
1,spsc_unaligned_65536_cross-core_paced_itch,0,total,1.47456e+06,1.50187e+06,116
1,spsc_unaligned_65536_cross-core_paced_itch,0,total,1.50187e+06,1.52917e+06,170
1,spsc_unaligned_65536_cross-core_paced_itch,0,total,1.52917e+06,1.55648e+06,117
1,spsc_unaligned_65536_cross-core_paced_itch,0,total,1.55648e+06,1.58379e+06,207
1,spsc_unaligned_65536_cross-core_paced_itch,0,total,1.58379e+06,1.61109e+06,158
1,spsc_unaligned_65536_cross-core_paced_itch,0,total,1.61109e+06,1.6384e+06,108
1,spsc_unaligned_65536_cross-core_paced_itch,0,total,1.6384e+06,1.66571e+06,208
1,spsc_unaligned_65536_cross-core_paced_itch,0,total,1.66571e+06,1.69301e+06,170
1,spsc_unaligned_65536_cross-core_paced_itch,0,total,1.69301e+06,1.72032e+06,167
1,spsc_unaligned_65536_cross-core_paced_itch,0,total,1.72032e+06,1.74763e+06,171
1,spsc_unaligned_65536_cross-core_paced_itch,0,total,1.74763e+06,1.80224e+06,618
1,spsc_unaligned_65536_cross-core_paced_itch,0,total,1.80224e+06,1.85685e+06,468
1,spsc_unaligned_65536_cross-core_paced_itch,0,total,1.85685e+06,1.91147e+06,769
1,spsc_unaligned_65536_cross-core_paced_itch,0,total,1.91147e+06,1.96608e+06,559
1,spsc_unaligned_65536_cross-core_paced_itch,0,total,1.96608e+06,2.02069e+06,234
1,spsc_unaligned_65536_cross-core_paced_itch,0,total,2.02069e+06,2.07531e+06,99
1,spsc_unaligned_65536_cross-core_paced_itch,0,total,2.07531e+06,2.12992e+06,38
1,spsc_unaligned_65536_cross-core_paced_itch,0,total,2.12992e+06,2.18453e+06,90
1,spsc_unaligned_65536_cross-core_paced_itch,0,total,2.18453e+06,2.23915e+06,304
1,spsc_unaligned_65536_cross-core_paced_itch,0,total,2.23915e+06,2.29376e+06,259
1,spsc_unaligned_65536_cross-core_paced_itch,0,total,2.29376e+06,2.34837e+06,139
1,spsc_unaligned_65536_cross-core_paced_itch,0,total,2.34837e+06,2.40299e+06,641
1,spsc_unaligned_65536_cross-core_paced_itch,0,total,2.40299e+06,2.4576e+06,497
1,spsc_unaligned_65536_cross-core_paced_itch,0,total,2.4576e+06,2.51221e+06,50
1,spsc_unaligned_65536_cross-core_paced_itch,0,queue,203.333,206.667,2
1,spsc_unaligned_65536_cross-core_paced_itch,0,queue,213.333,220,1
1,spsc_unaligned_65536_cross-core_paced_itch,0,queue,220,226.667,1
1,spsc_unaligned_65536_cross-core_paced_itch,0,queue,226.667,233.333,2
1,spsc_unaligned_65536_cross-core_paced_itch,0,queue,233.333,240,9
1,spsc_unaligned_65536_cross-core_paced_itch,0,queue,240,246.667,19
1,spsc_unaligned_65536_cross-core_paced_itch,0,queue,246.667,253.333,35
1,spsc_unaligned_65536_cross-core_paced_itch,0,queue,253.333,260,13
1,spsc_unaligned_65536_cross-core_paced_itch,0,queue,260,266.667,27
1,spsc_unaligned_65536_cross-core_paced_itch,0,queue,266.667,273.333,38
1,spsc_unaligned_65536_cross-core_paced_itch,0,queue,273.333,280,51
1,spsc_unaligned_65536_cross-core_paced_itch,0,queue,280,286.667,52
1,spsc_unaligned_65536_cross-core_paced_itch,0,queue,286.667,293.333,47
1,spsc_unaligned_65536_cross-core_paced_itch,0,queue,293.333,300,53
1,spsc_unaligned_65536_cross-core_paced_itch,0,queue,300,306.667,67
1,spsc_unaligned_65536_cross-core_paced_itch,0,queue,306.667,313.333,74
1,spsc_unaligned_65536_cross-core_paced_itch,0,queue,313.333,320,73
1,spsc_unaligned_65536_cross-core_paced_itch,0,queue,320,326.667,93
1,spsc_unaligned_65536_cross-core_paced_itch,0,queue,326.667,333.333,259
1,spsc_unaligned_65536_cross-core_paced_itch,0,queue,333.333,340,672
1,spsc_unaligned_65536_cross-core_paced_itch,0,queue,340,346.667,996
1,spsc_unaligned_65536_cross-core_paced_itch,0,queue,346.667,353.333,877
1,spsc_unaligned_65536_cross-core_paced_itch,0,queue,353.333,360,1004
1,spsc_unaligned_65536_cross-core_paced_itch,0,queue,360,366.667,1569
1,spsc_unaligned_65536_cross-core_paced_itch,0,queue,366.667,373.333,2122
1,spsc_unaligned_65536_cross-core_paced_itch,0,queue,373.333,380,2603
1,spsc_unaligned_65536_cross-core_paced_itch,0,queue,380,386.667,3187
1,spsc_unaligned_65536_cross-core_paced_itch,0,queue,386.667,393.333,2995
1,spsc_unaligned_65536_cross-core_paced_itch,0,queue,393.333,400,2152
1,spsc_unaligned_65536_cross-core_paced_itch,0,queue,400,406.667,1064
1,spsc_unaligned_65536_cross-core_paced_itch,0,queue,406.667,413.333,591
1,spsc_unaligned_65536_cross-core_paced_itch,0,queue,413.333,420,1045
1,spsc_unaligned_65536_cross-core_paced_itch,0,queue,420,426.667,3777
1,spsc_unaligned_65536_cross-core_paced_itch,0,queue,426.667,440,15251
1,spsc_unaligned_65536_cross-core_paced_itch,0,queue,440,453.333,16093
1,spsc_unaligned_65536_cross-core_paced_itch,0,queue,453.333,466.667,21131
1,spsc_unaligned_65536_cross-core_paced_itch,0,queue,466.667,480,9913
1,spsc_unaligned_65536_cross-core_paced_itch,0,queue,480,493.333,7244
1,spsc_unaligned_65536_cross-core_paced_itch,0,queue,493.333,506.667,12596
1,spsc_unaligned_65536_cross-core_paced_itch,0,queue,506.667,520,11370
1,spsc_unaligned_65536_cross-core_paced_itch,0,queue,520,533.333,4544
1,spsc_unaligned_65536_cross-core_paced_itch,0,queue,533.333,546.667,2509
1,spsc_unaligned_65536_cross-core_paced_itch,0,queue,546.667,560,2197
1,spsc_unaligned_65536_cross-core_paced_itch,0,queue,560,573.333,1950
1,spsc_unaligned_65536_cross-core_paced_itch,0,queue,573.333,586.667,1955
1,spsc_unaligned_65536_cross-core_paced_itch,0,queue,586.667,600,2825
1,spsc_unaligned_65536_cross-core_paced_itch,0,queue,600,613.333,3208
1,spsc_unaligned_65536_cross-core_paced_itch,0,queue,613.333,626.667,2957
1,spsc_unaligned_65536_cross-core_paced_itch,0,queue,626.667,640,2523
1,spsc_unaligned_65536_cross-core_paced_itch,0,queue,640,653.333,2160
1,spsc_unaligned_65536_cross-core_paced_itch,0,queue,653.333,666.667,1914
1,spsc_unaligned_65536_cross-core_paced_itch,0,queue,666.667,680,2020
1,spsc_unaligned_65536_cross-core_paced_itch,0,queue,680,693.333,1875
1,spsc_unaligned_65536_cross-core_paced_itch,0,queue,693.333,706.667,1702
1,spsc_unaligned_65536_cross-core_paced_itch,0,queue,706.667,720,1414
1,spsc_unaligned_65536_cross-core_paced_itch,0,queue,720,733.333,1162
1,spsc_unaligned_65536_cross-core_paced_itch,0,queue,733.333,746.667,987
1,spsc_unaligned_65536_cross-core_paced_itch,0,queue,746.667,760,919
1,spsc_unaligned_65536_cross-core_paced_itch,0,queue,760,773.333,788
1,spsc_unaligned_65536_cross-core_paced_itch,0,queue,773.333,786.667,793
1,spsc_unaligned_65536_cross-core_paced_itch,0,queue,786.667,800,712
1,spsc_unaligned_65536_cross-core_paced_itch,0,queue,800,813.333,656
1,spsc_unaligned_65536_cross-core_paced_itch,0,queue,813.333,826.667,712
1,spsc_unaligned_65536_cross-core_paced_itch,0,queue,826.667,840,617
1,spsc_unaligned_65536_cross-core_paced_itch,0,queue,840,853.333,622
1,spsc_unaligned_65536_cross-core_paced_itch,0,queue,853.333,880,1167
1,spsc_unaligned_65536_cross-core_paced_itch,0,queue,880,906.667,1066
1,spsc_unaligned_65536_cross-core_paced_itch,0,queue,906.667,933.333,1014
1,spsc_unaligned_65536_cross-core_paced_itch,0,queue,933.333,960,973
1,spsc_unaligned_65536_cross-core_paced_itch,0,queue,960,986.666,898
1,spsc_unaligned_65536_cross-core_paced_itch,0,queue,986.666,1013.33,854
1,spsc_unaligned_65536_cross-core_paced_itch,0,queue,1013.33,1040,793
1,spsc_unaligned_65536_cross-core_paced_itch,0,queue,1040,1066.67,670
1,spsc_unaligned_65536_cross-core_paced_itch,0,queue,1066.67,1093.33,707
1,spsc_unaligned_65536_cross-core_paced_itch,0,queue,1093.33,1120,628
1,spsc_unaligned_65536_cross-core_paced_itch,0,queue,1120,1146.67,590
1,spsc_unaligned_65536_cross-core_paced_itch,0,queue,1146.67,1173.33,599
1,spsc_unaligned_65536_cross-core_paced_itch,0,queue,1173.33,1200,560
1,spsc_unaligned_65536_cross-core_paced_itch,0,queue,1200,1226.67,569
1,spsc_unaligned_65536_cross-core_paced_itch,0,queue,1226.67,1253.33,603
1,spsc_unaligned_65536_cross-core_paced_itch,0,queue,1253.33,1280,510
1,spsc_unaligned_65536_cross-core_paced_itch,0,queue,1280,1306.67,551
1,spsc_unaligned_65536_cross-core_paced_itch,0,queue,1306.67,1333.33,508
1,spsc_unaligned_65536_cross-core_paced_itch,0,queue,1333.33,1360,500
1,spsc_unaligned_65536_cross-core_paced_itch,0,queue,1360,1386.67,531
1,spsc_unaligned_65536_cross-core_paced_itch,0,queue,1386.67,1413.33,509
1,spsc_unaligned_65536_cross-core_paced_itch,0,queue,1413.33,1440,488
1,spsc_unaligned_65536_cross-core_paced_itch,0,queue,1440,1466.67,418
1,spsc_unaligned_65536_cross-core_paced_itch,0,queue,1466.67,1493.33,474
1,spsc_unaligned_65536_cross-core_paced_itch,0,queue,1493.33,1520,463
1,spsc_unaligned_65536_cross-core_paced_itch,0,queue,1520,1546.67,417
1,spsc_unaligned_65536_cross-core_paced_itch,0,queue,1546.67,1573.33,451
1,spsc_unaligned_65536_cross-core_paced_itch,0,queue,1573.33,1600,420
1,spsc_unaligned_65536_cross-core_paced_itch,0,queue,1600,1626.67,440
1,spsc_unaligned_65536_cross-core_paced_itch,0,queue,1626.67,1653.33,406
1,spsc_unaligned_65536_cross-core_paced_itch,0,queue,1653.33,1680,413
1,spsc_unaligned_65536_cross-core_paced_itch,0,queue,1680,1706.67,403
1,spsc_unaligned_65536_cross-core_paced_itch,0,queue,1706.67,1760,774
1,spsc_unaligned_65536_cross-core_paced_itch,0,queue,1760,1813.33,772
1,spsc_unaligned_65536_cross-core_paced_itch,0,queue,1813.33,1866.67,738
1,spsc_unaligned_65536_cross-core_paced_itch,0,queue,1866.67,1920,732
1,spsc_unaligned_65536_cross-core_paced_itch,0,queue,1920,1973.33,682
1,spsc_unaligned_65536_cross-core_paced_itch,0,queue,1973.33,2026.67,682
1,spsc_unaligned_65536_cross-core_paced_itch,0,queue,2026.67,2080,690
1,spsc_unaligned_65536_cross-core_paced_itch,0,queue,2080,2133.33,678
1,spsc_unaligned_65536_cross-core_paced_itch,0,queue,2133.33,2186.67,644
1,spsc_unaligned_65536_cross-core_paced_itch,0,queue,2186.67,2240,663
1,spsc_unaligned_65536_cross-core_paced_itch,0,queue,2240,2293.33,590
1,spsc_unaligned_65536_cross-core_paced_itch,0,queue,2293.33,2346.67,627
1,spsc_unaligned_65536_cross-core_paced_itch,0,queue,2346.67,2400,578
1,spsc_unaligned_65536_cross-core_paced_itch,0,queue,2400,2453.33,588
1,spsc_unaligned_65536_cross-core_paced_itch,0,queue,2453.33,2506.67,522
1,spsc_unaligned_65536_cross-core_paced_itch,0,queue,2506.67,2560,551
1,spsc_unaligned_65536_cross-core_paced_itch,0,queue,2560,2613.33,578
1,spsc_unaligned_65536_cross-core_paced_itch,0,queue,2613.33,2666.67,586
1,spsc_unaligned_65536_cross-core_paced_itch,0,queue,2666.67,2720,552
1,spsc_unaligned_65536_cross-core_paced_itch,0,queue,2720,2773.33,528
1,spsc_unaligned_65536_cross-core_paced_itch,0,queue,2773.33,2826.67,552
1,spsc_unaligned_65536_cross-core_paced_itch,0,queue,2826.67,2880,536
1,spsc_unaligned_65536_cross-core_paced_itch,0,queue,2880,2933.33,498
1,spsc_unaligned_65536_cross-core_paced_itch,0,queue,2933.33,2986.67,538
1,spsc_unaligned_65536_cross-core_paced_itch,0,queue,2986.67,3040,481
1,spsc_unaligned_65536_cross-core_paced_itch,0,queue,3040,3093.33,476
1,spsc_unaligned_65536_cross-core_paced_itch,0,queue,3093.33,3146.67,516
1,spsc_unaligned_65536_cross-core_paced_itch,0,queue,3146.67,3200,459
1,spsc_unaligned_65536_cross-core_paced_itch,0,queue,3200,3253.33,486
1,spsc_unaligned_65536_cross-core_paced_itch,0,queue,3253.33,3306.67,486
1,spsc_unaligned_65536_cross-core_paced_itch,0,queue,3306.67,3360,439
1,spsc_unaligned_65536_cross-core_paced_itch,0,queue,3360,3413.33,460
1,spsc_unaligned_65536_cross-core_paced_itch,0,queue,3413.33,3520,865
1,spsc_unaligned_65536_cross-core_paced_itch,0,queue,3520,3626.67,924
1,spsc_unaligned_65536_cross-core_paced_itch,0,queue,3626.67,3733.33,828
1,spsc_unaligned_65536_cross-core_paced_itch,0,queue,3733.33,3840,838
1,spsc_unaligned_65536_cross-core_paced_itch,0,queue,3840,3946.67,794
1,spsc_unaligned_65536_cross-core_paced_itch,0,queue,3946.67,4053.33,773
1,spsc_unaligned_65536_cross-core_paced_itch,0,queue,4053.33,4160,748
1,spsc_unaligned_65536_cross-core_paced_itch,0,queue,4160,4266.67,738
1,spsc_unaligned_65536_cross-core_paced_itch,0,queue,4266.67,4373.33,697
1,spsc_unaligned_65536_cross-core_paced_itch,0,queue,4373.33,4480,673
1,spsc_unaligned_65536_cross-core_paced_itch,0,queue,4480,4586.67,691
1,spsc_unaligned_65536_cross-core_paced_itch,0,queue,4586.67,4693.33,682
1,spsc_unaligned_65536_cross-core_paced_itch,0,queue,4693.33,4800,604
1,spsc_unaligned_65536_cross-core_paced_itch,0,queue,4800,4906.67,621
1,spsc_unaligned_65536_cross-core_paced_itch,0,queue,4906.67,5013.33,598
1,spsc_unaligned_65536_cross-core_paced_itch,0,queue,5013.33,5120,568
1,spsc_unaligned_65536_cross-core_paced_itch,0,queue,5120,5226.67,593
1,spsc_unaligned_65536_cross-core_paced_itch,0,queue,5226.67,5333.33,537
1,spsc_unaligned_65536_cross-core_paced_itch,0,queue,5333.33,5440,543
1,spsc_unaligned_65536_cross-core_paced_itch,0,queue,5440,5546.67,537
1,spsc_unaligned_65536_cross-core_paced_itch,0,queue,5546.67,5653.33,505
1,spsc_unaligned_65536_cross-core_paced_itch,0,queue,5653.33,5760,478
1,spsc_unaligned_65536_cross-core_paced_itch,0,queue,5760,5866.67,450
1,spsc_unaligned_65536_cross-core_paced_itch,0,queue,5866.67,5973.33,466
1,spsc_unaligned_65536_cross-core_paced_itch,0,queue,5973.33,6080,447
1,spsc_unaligned_65536_cross-core_paced_itch,0,queue,6080,6186.67,406
1,spsc_unaligned_65536_cross-core_paced_itch,0,queue,6186.67,6293.33,426
1,spsc_unaligned_65536_cross-core_paced_itch,0,queue,6293.33,6400,383
1,spsc_unaligned_65536_cross-core_paced_itch,0,queue,6400,6506.67,420
1,spsc_unaligned_65536_cross-core_paced_itch,0,queue,6506.67,6613.33,434
1,spsc_unaligned_65536_cross-core_paced_itch,0,queue,6613.33,6720,383
1,spsc_unaligned_65536_cross-core_paced_itch,0,queue,6720,6826.67,385
1,spsc_unaligned_65536_cross-core_paced_itch,0,queue,6826.67,7040,706
1,spsc_unaligned_65536_cross-core_paced_itch,0,queue,7040,7253.33,763
1,spsc_unaligned_65536_cross-core_paced_itch,0,queue,7253.33,7466.67,655
1,spsc_unaligned_65536_cross-core_paced_itch,0,queue,7466.67,7680,640
1,spsc_unaligned_65536_cross-core_paced_itch,0,queue,7680,7893.33,587
1,spsc_unaligned_65536_cross-core_paced_itch,0,queue,7893.33,8106.67,588
1,spsc_unaligned_65536_cross-core_paced_itch,0,queue,8106.67,8320,577
1,spsc_unaligned_65536_cross-core_paced_itch,0,queue,8320,8533.33,510
1,spsc_unaligned_65536_cross-core_paced_itch,0,queue,8533.33,8746.67,484
1,spsc_unaligned_65536_cross-core_paced_itch,0,queue,8746.67,8960,474
1,spsc_unaligned_65536_cross-core_paced_itch,0,queue,8960,9173.33,465
1,spsc_unaligned_65536_cross-core_paced_itch,0,queue,9173.33,9386.67,459
1,spsc_unaligned_65536_cross-core_paced_itch,0,queue,9386.67,9600,456
1,spsc_unaligned_65536_cross-core_paced_itch,0,queue,9600,9813.33,466
1,spsc_unaligned_65536_cross-core_paced_itch,0,queue,9813.33,10026.7,423
1,spsc_unaligned_65536_cross-core_paced_itch,0,queue,10026.7,10240,367
1,spsc_unaligned_65536_cross-core_paced_itch,0,queue,10240,10453.3,407
1,spsc_unaligned_65536_cross-core_paced_itch,0,queue,10453.3,10666.7,392
1,spsc_unaligned_65536_cross-core_paced_itch,0,queue,10666.7,10880,407
1,spsc_unaligned_65536_cross-core_paced_itch,0,queue,10880,11093.3,386
1,spsc_unaligned_65536_cross-core_paced_itch,0,queue,11093.3,11306.7,410
1,spsc_unaligned_65536_cross-core_paced_itch,0,queue,11306.7,11520,372
1,spsc_unaligned_65536_cross-core_paced_itch,0,queue,11520,11733.3,397
1,spsc_unaligned_65536_cross-core_paced_itch,0,queue,11733.3,11946.7,388
1,spsc_unaligned_65536_cross-core_paced_itch,0,queue,11946.7,12160,358
1,spsc_unaligned_65536_cross-core_paced_itch,0,queue,12160,12373.3,359
1,spsc_unaligned_65536_cross-core_paced_itch,0,queue,12373.3,12586.7,377
1,spsc_unaligned_65536_cross-core_paced_itch,0,queue,12586.7,12800,283
1,spsc_unaligned_65536_cross-core_paced_itch,0,queue,12800,13013.3,312
1,spsc_unaligned_65536_cross-core_paced_itch,0,queue,13013.3,13226.7,294
1,spsc_unaligned_65536_cross-core_paced_itch,0,queue,13226.7,13440,263
1,spsc_unaligned_65536_cross-core_paced_itch,0,queue,13440,13653.3,274
1,spsc_unaligned_65536_cross-core_paced_itch,0,queue,13653.3,14080,490
1,spsc_unaligned_65536_cross-core_paced_itch,0,queue,14080,14506.7,458
1,spsc_unaligned_65536_cross-core_paced_itch,0,queue,14506.7,14933.3,379
1,spsc_unaligned_65536_cross-core_paced_itch,0,queue,14933.3,15360,316
1,spsc_unaligned_65536_cross-core_paced_itch,0,queue,15360,15786.7,264
1,spsc_unaligned_65536_cross-core_paced_itch,0,queue,15786.7,16213.3,243
1,spsc_unaligned_65536_cross-core_paced_itch,0,queue,16213.3,16640,210
1,spsc_unaligned_65536_cross-core_paced_itch,0,queue,16640,17066.7,181
1,spsc_unaligned_65536_cross-core_paced_itch,0,queue,17066.7,17493.3,152
1,spsc_unaligned_65536_cross-core_paced_itch,0,queue,17493.3,17920,149
1,spsc_unaligned_65536_cross-core_paced_itch,0,queue,17920,18346.7,129
1,spsc_unaligned_65536_cross-core_paced_itch,0,queue,18346.7,18773.3,108
1,spsc_unaligned_65536_cross-core_paced_itch,0,queue,18773.3,19200,110
1,spsc_unaligned_65536_cross-core_paced_itch,0,queue,19200,19626.7,118
1,spsc_unaligned_65536_cross-core_paced_itch,0,queue,19626.7,20053.3,116
1,spsc_unaligned_65536_cross-core_paced_itch,0,queue,20053.3,20480,122
1,spsc_unaligned_65536_cross-core_paced_itch,0,queue,20480,20906.7,94
1,spsc_unaligned_65536_cross-core_paced_itch,0,queue,20906.7,21333.3,94
1,spsc_unaligned_65536_cross-core_paced_itch,0,queue,21333.3,21760,104
1,spsc_unaligned_65536_cross-core_paced_itch,0,queue,21760,22186.7,92
1,spsc_unaligned_65536_cross-core_paced_itch,0,queue,22186.7,22613.3,83
1,spsc_unaligned_65536_cross-core_paced_itch,0,queue,22613.3,23040,82
1,spsc_unaligned_65536_cross-core_paced_itch,0,queue,23040,23466.7,104
1,spsc_unaligned_65536_cross-core_paced_itch,0,queue,23466.7,23893.3,92
1,spsc_unaligned_65536_cross-core_paced_itch,0,queue,23893.3,24320,76
1,spsc_unaligned_65536_cross-core_paced_itch,0,queue,24320,24746.7,77
1,spsc_unaligned_65536_cross-core_paced_itch,0,queue,24746.7,25173.3,75
1,spsc_unaligned_65536_cross-core_paced_itch,0,queue,25173.3,25600,73
1,spsc_unaligned_65536_cross-core_paced_itch,0,queue,25600,26026.7,77
1,spsc_unaligned_65536_cross-core_paced_itch,0,queue,26026.7,26453.3,88
1,spsc_unaligned_65536_cross-core_paced_itch,0,queue,26453.3,26880,63
1,spsc_unaligned_65536_cross-core_paced_itch,0,queue,26880,27306.7,100
1,spsc_unaligned_65536_cross-core_paced_itch,0,queue,27306.7,28160,193
1,spsc_unaligned_65536_cross-core_paced_itch,0,queue,28160,29013.3,169
1,spsc_unaligned_65536_cross-core_paced_itch,0,queue,29013.3,29866.7,141
1,spsc_unaligned_65536_cross-core_paced_itch,0,queue,29866.7,30720,148
1,spsc_unaligned_65536_cross-core_paced_itch,0,queue,30720,31573.3,126
1,spsc_unaligned_65536_cross-core_paced_itch,0,queue,31573.3,32426.7,124
1,spsc_unaligned_65536_cross-core_paced_itch,0,queue,32426.7,33280,159
1,spsc_unaligned_65536_cross-core_paced_itch,0,queue,33280,34133.3,122
1,spsc_unaligned_65536_cross-core_paced_itch,0,queue,34133.3,34986.7,114
1,spsc_unaligned_65536_cross-core_paced_itch,0,queue,34986.7,35840,111
1,spsc_unaligned_65536_cross-core_paced_itch,0,queue,35840,36693.3,112
1,spsc_unaligned_65536_cross-core_paced_itch,0,queue,36693.3,37546.7,114
1,spsc_unaligned_65536_cross-core_paced_itch,0,queue,37546.7,38400,110
1,spsc_unaligned_65536_cross-core_paced_itch,0,queue,38400,39253.3,102
1,spsc_unaligned_65536_cross-core_paced_itch,0,queue,39253.3,40106.7,99
1,spsc_unaligned_65536_cross-core_paced_itch,0,queue,40106.7,40960,85
1,spsc_unaligned_65536_cross-core_paced_itch,0,queue,40960,41813.3,132
1,spsc_unaligned_65536_cross-core_paced_itch,0,queue,41813.3,42666.7,122
1,spsc_unaligned_65536_cross-core_paced_itch,0,queue,42666.7,43520,98
1,spsc_unaligned_65536_cross-core_paced_itch,0,queue,43520,44373.3,95
1,spsc_unaligned_65536_cross-core_paced_itch,0,queue,44373.3,45226.7,105
1,spsc_unaligned_65536_cross-core_paced_itch,0,queue,45226.7,46080,93
1,spsc_unaligned_65536_cross-core_paced_itch,0,queue,46080,46933.3,78
1,spsc_unaligned_65536_cross-core_paced_itch,0,queue,46933.3,47786.7,90
1,spsc_unaligned_65536_cross-core_paced_itch,0,queue,47786.7,48640,77
1,spsc_unaligned_65536_cross-core_paced_itch,0,queue,48640,49493.3,71
1,spsc_unaligned_65536_cross-core_paced_itch,0,queue,49493.3,50346.7,66
1,spsc_unaligned_65536_cross-core_paced_itch,0,queue,50346.7,51200,50
1,spsc_unaligned_65536_cross-core_paced_itch,0,queue,51200,52053.3,41
1,spsc_unaligned_65536_cross-core_paced_itch,0,queue,52053.3,52906.7,55
1,spsc_unaligned_65536_cross-core_paced_itch,0,queue,52906.7,53760,38
1,spsc_unaligned_65536_cross-core_paced_itch,0,queue,53760,54613.3,35
1,spsc_unaligned_65536_cross-core_paced_itch,0,queue,54613.3,56320,95
1,spsc_unaligned_65536_cross-core_paced_itch,0,queue,56320,58026.7,98
1,spsc_unaligned_65536_cross-core_paced_itch,0,queue,58026.7,59733.3,99
1,spsc_unaligned_65536_cross-core_paced_itch,0,queue,59733.3,61440,81
1,spsc_unaligned_65536_cross-core_paced_itch,0,queue,61440,63146.7,102
1,spsc_unaligned_65536_cross-core_paced_itch,0,queue,63146.7,64853.3,83
1,spsc_unaligned_65536_cross-core_paced_itch,0,queue,64853.3,66560,82
1,spsc_unaligned_65536_cross-core_paced_itch,0,queue,66560,68266.7,89
1,spsc_unaligned_65536_cross-core_paced_itch,0,queue,68266.7,69973.3,69
1,spsc_unaligned_65536_cross-core_paced_itch,0,queue,69973.3,71680,66
1,spsc_unaligned_65536_cross-core_paced_itch,0,queue,71680,73386.7,89
1,spsc_unaligned_65536_cross-core_paced_itch,0,queue,73386.7,75093.3,82
1,spsc_unaligned_65536_cross-core_paced_itch,0,queue,75093.3,76800,77
1,spsc_unaligned_65536_cross-core_paced_itch,0,queue,76800,78506.7,67
1,spsc_unaligned_65536_cross-core_paced_itch,0,queue,78506.7,80213.3,34
1,spsc_unaligned_65536_cross-core_paced_itch,0,queue,80213.3,81920,40
1,spsc_unaligned_65536_cross-core_paced_itch,0,queue,81920,83626.7,45
1,spsc_unaligned_65536_cross-core_paced_itch,0,queue,83626.7,85333.3,44
1,spsc_unaligned_65536_cross-core_paced_itch,0,queue,85333.3,87040,69
1,spsc_unaligned_65536_cross-core_paced_itch,0,queue,87040,88746.7,70
1,spsc_unaligned_65536_cross-core_paced_itch,0,queue,88746.7,90453.3,70
1,spsc_unaligned_65536_cross-core_paced_itch,0,queue,90453.3,92160,48
1,spsc_unaligned_65536_cross-core_paced_itch,0,queue,92160,93866.7,56
1,spsc_unaligned_65536_cross-core_paced_itch,0,queue,93866.7,95573.3,56
1,spsc_unaligned_65536_cross-core_paced_itch,0,queue,95573.3,97280,34
1,spsc_unaligned_65536_cross-core_paced_itch,0,queue,97280,98986.6,30
1,spsc_unaligned_65536_cross-core_paced_itch,0,queue,98986.6,100693,20
1,spsc_unaligned_65536_cross-core_paced_itch,0,queue,100693,102400,45
1,spsc_unaligned_65536_cross-core_paced_itch,0,queue,102400,104107,30
1,spsc_unaligned_65536_cross-core_paced_itch,0,queue,104107,105813,24
1,spsc_unaligned_65536_cross-core_paced_itch,0,queue,105813,107520,12
1,spsc_unaligned_65536_cross-core_paced_itch,0,queue,107520,109227,16
1,spsc_unaligned_65536_cross-core_paced_itch,0,queue,109227,112640,37
1,spsc_unaligned_65536_cross-core_paced_itch,0,queue,112640,116053,55
1,spsc_unaligned_65536_cross-core_paced_itch,0,queue,116053,119467,41
1,spsc_unaligned_65536_cross-core_paced_itch,0,queue,119467,122880,50
1,spsc_unaligned_65536_cross-core_paced_itch,0,queue,122880,126293,59
1,spsc_unaligned_65536_cross-core_paced_itch,0,queue,126293,129707,39
1,spsc_unaligned_65536_cross-core_paced_itch,0,queue,129707,133120,46
1,spsc_unaligned_65536_cross-core_paced_itch,0,queue,133120,136533,23
1,spsc_unaligned_65536_cross-core_paced_itch,0,queue,136533,139947,38
1,spsc_unaligned_65536_cross-core_paced_itch,0,queue,139947,143360,34
1,spsc_unaligned_65536_cross-core_paced_itch,0,queue,143360,146773,36
1,spsc_unaligned_65536_cross-core_paced_itch,0,queue,146773,150187,37
1,spsc_unaligned_65536_cross-core_paced_itch,0,queue,150187,153600,22
1,spsc_unaligned_65536_cross-core_paced_itch,0,queue,153600,157013,42
1,spsc_unaligned_65536_cross-core_paced_itch,0,queue,157013,160427,71
1,spsc_unaligned_65536_cross-core_paced_itch,0,queue,160427,163840,37
1,spsc_unaligned_65536_cross-core_paced_itch,0,queue,163840,167253,53
1,spsc_unaligned_65536_cross-core_paced_itch,0,queue,167253,170667,28
1,spsc_unaligned_65536_cross-core_paced_itch,0,queue,170667,174080,28
1,spsc_unaligned_65536_cross-core_paced_itch,0,queue,174080,177493,22
1,spsc_unaligned_65536_cross-core_paced_itch,0,queue,177493,180907,30
1,spsc_unaligned_65536_cross-core_paced_itch,0,queue,180907,184320,36
1,spsc_unaligned_65536_cross-core_paced_itch,0,queue,184320,187733,31
1,spsc_unaligned_65536_cross-core_paced_itch,0,queue,187733,191147,37
1,spsc_unaligned_65536_cross-core_paced_itch,0,queue,191147,194560,28
1,spsc_unaligned_65536_cross-core_paced_itch,0,queue,194560,197973,13
1,spsc_unaligned_65536_cross-core_paced_itch,0,queue,197973,201387,20
1,spsc_unaligned_65536_cross-core_paced_itch,0,queue,201387,204800,17
1,spsc_unaligned_65536_cross-core_paced_itch,0,queue,204800,208213,21
1,spsc_unaligned_65536_cross-core_paced_itch,0,queue,208213,211627,37
1,spsc_unaligned_65536_cross-core_paced_itch,0,queue,211627,215040,23
1,spsc_unaligned_65536_cross-core_paced_itch,0,queue,215040,218453,13
1,spsc_unaligned_65536_cross-core_paced_itch,0,queue,218453,225280,62
1,spsc_unaligned_65536_cross-core_paced_itch,0,queue,225280,232107,52
1,spsc_unaligned_65536_cross-core_paced_itch,0,queue,232107,238933,45
1,spsc_unaligned_65536_cross-core_paced_itch,0,queue,238933,245760,50
1,spsc_unaligned_65536_cross-core_paced_itch,0,queue,245760,252587,35
1,spsc_unaligned_65536_cross-core_paced_itch,0,queue,252587,259413,26
1,spsc_unaligned_65536_cross-core_paced_itch,0,queue,259413,266240,22
1,spsc_unaligned_65536_cross-core_paced_itch,0,queue,266240,273067,35
1,spsc_unaligned_65536_cross-core_paced_itch,0,queue,273067,279893,64
1,spsc_unaligned_65536_cross-core_paced_itch,0,queue,279893,286720,27
1,spsc_unaligned_65536_cross-core_paced_itch,0,queue,286720,293547,21
1,spsc_unaligned_65536_cross-core_paced_itch,0,queue,293547,300373,15
1,spsc_unaligned_65536_cross-core_paced_itch,0,queue,300373,307200,25
1,spsc_unaligned_65536_cross-core_paced_itch,0,queue,307200,314027,42
1,spsc_unaligned_65536_cross-core_paced_itch,0,queue,314027,320853,21
1,spsc_unaligned_65536_cross-core_paced_itch,0,queue,320853,327680,18
1,spsc_unaligned_65536_cross-core_paced_itch,0,queue,327680,334507,19
1,spsc_unaligned_65536_cross-core_paced_itch,0,queue,334507,341333,24
1,spsc_unaligned_65536_cross-core_paced_itch,0,queue,341333,348160,65
1,spsc_unaligned_65536_cross-core_paced_itch,0,queue,348160,354987,34
1,spsc_unaligned_65536_cross-core_paced_itch,0,queue,354987,361813,56
1,spsc_unaligned_65536_cross-core_paced_itch,0,queue,361813,368640,89
1,spsc_unaligned_65536_cross-core_paced_itch,0,queue,368640,375467,33
1,spsc_unaligned_65536_cross-core_paced_itch,0,queue,375467,382293,22
1,spsc_unaligned_65536_cross-core_paced_itch,0,queue,382293,389120,48
1,spsc_unaligned_65536_cross-core_paced_itch,0,queue,389120,395947,32
1,spsc_unaligned_65536_cross-core_paced_itch,0,queue,395947,402773,31
1,spsc_unaligned_65536_cross-core_paced_itch,0,queue,402773,409600,19
1,spsc_unaligned_65536_cross-core_paced_itch,0,queue,409600,416427,39
1,spsc_unaligned_65536_cross-core_paced_itch,0,queue,416427,423253,36
1,spsc_unaligned_65536_cross-core_paced_itch,0,queue,423253,430080,40
1,spsc_unaligned_65536_cross-core_paced_itch,0,queue,430080,436907,30
1,spsc_unaligned_65536_cross-core_paced_itch,0,queue,436907,450560,73
1,spsc_unaligned_65536_cross-core_paced_itch,0,queue,450560,464213,41
1,spsc_unaligned_65536_cross-core_paced_itch,0,queue,464213,477867,89
1,spsc_unaligned_65536_cross-core_paced_itch,0,queue,477867,491520,47
1,spsc_unaligned_65536_cross-core_paced_itch,0,queue,491520,505173,41
1,spsc_unaligned_65536_cross-core_paced_itch,0,queue,505173,518827,36
1,spsc_unaligned_65536_cross-core_paced_itch,0,queue,518827,532480,90
1,spsc_unaligned_65536_cross-core_paced_itch,0,queue,532480,546133,137
1,spsc_unaligned_65536_cross-core_paced_itch,0,queue,546133,559787,125
1,spsc_unaligned_65536_cross-core_paced_itch,0,queue,559787,573440,164
1,spsc_unaligned_65536_cross-core_paced_itch,0,queue,573440,587093,204
1,spsc_unaligned_65536_cross-core_paced_itch,0,queue,587093,600747,173
1,spsc_unaligned_65536_cross-core_paced_itch,0,queue,600747,614400,121
1,spsc_unaligned_65536_cross-core_paced_itch,0,queue,614400,628053,269
1,spsc_unaligned_65536_cross-core_paced_itch,0,queue,628053,641707,297
1,spsc_unaligned_65536_cross-core_paced_itch,0,queue,641707,655360,384
1,spsc_unaligned_65536_cross-core_paced_itch,0,queue,655360,669013,330
1,spsc_unaligned_65536_cross-core_paced_itch,0,queue,669013,682667,214
1,spsc_unaligned_65536_cross-core_paced_itch,0,queue,682667,696320,151
1,spsc_unaligned_65536_cross-core_paced_itch,0,queue,696320,709973,61
1,spsc_unaligned_65536_cross-core_paced_itch,0,queue,709973,723627,49
1,spsc_unaligned_65536_cross-core_paced_itch,0,queue,723627,737280,36
1,spsc_unaligned_65536_cross-core_paced_itch,0,queue,737280,750933,35
1,spsc_unaligned_65536_cross-core_paced_itch,0,queue,750933,764587,47
1,spsc_unaligned_65536_cross-core_paced_itch,0,queue,764587,778240,85
1,spsc_unaligned_65536_cross-core_paced_itch,0,queue,778240,791893,150
1,spsc_unaligned_65536_cross-core_paced_itch,0,queue,791893,805547,83
1,spsc_unaligned_65536_cross-core_paced_itch,0,queue,805547,819200,118
1,spsc_unaligned_65536_cross-core_paced_itch,0,queue,819200,832853,94
1,spsc_unaligned_65536_cross-core_paced_itch,0,queue,832853,846507,98
1,spsc_unaligned_65536_cross-core_paced_itch,0,queue,846507,860160,76
1,spsc_unaligned_65536_cross-core_paced_itch,0,queue,860160,873813,21
1,spsc_unaligned_65536_cross-core_paced_itch,0,queue,873813,901120,113
1,spsc_unaligned_65536_cross-core_paced_itch,0,queue,901120,928427,192
1,spsc_unaligned_65536_cross-core_paced_itch,0,queue,928427,955733,218
1,spsc_unaligned_65536_cross-core_paced_itch,0,queue,955733,983040,120
1,spsc_unaligned_65536_cross-core_paced_itch,0,queue,983040,1.01035e+06,108
1,spsc_unaligned_65536_cross-core_paced_itch,0,queue,1.01035e+06,1.03765e+06,280
1,spsc_unaligned_65536_cross-core_paced_itch,0,queue,1.03765e+06,1.06496e+06,164
1,spsc_unaligned_65536_cross-core_paced_itch,0,queue,1.06496e+06,1.09227e+06,157
1,spsc_unaligned_65536_cross-core_paced_itch,0,queue,1.09227e+06,1.11957e+06,192
1,spsc_unaligned_65536_cross-core_paced_itch,0,queue,1.11957e+06,1.14688e+06,160
1,spsc_unaligned_65536_cross-core_paced_itch,0,queue,1.14688e+06,1.17419e+06,187
1,spsc_unaligned_65536_cross-core_paced_itch,0,queue,1.17419e+06,1.20149e+06,252
1,spsc_unaligned_65536_cross-core_paced_itch,0,queue,1.20149e+06,1.2288e+06,481
1,spsc_unaligned_65536_cross-core_paced_itch,0,queue,1.2288e+06,1.25611e+06,482
1,spsc_unaligned_65536_cross-core_paced_itch,0,queue,1.25611e+06,1.28341e+06,147
1,spsc_unaligned_65536_cross-core_paced_itch,0,queue,1.28341e+06,1.31072e+06,43
1,spsc_unaligned_65536_cross-core_paced_itch,0,queue,1.31072e+06,1.33803e+06,41
1,spsc_unaligned_65536_cross-core_paced_itch,0,queue,1.33803e+06,1.36533e+06,87
1,spsc_unaligned_65536_cross-core_paced_itch,0,queue,1.36533e+06,1.39264e+06,75
1,spsc_unaligned_65536_cross-core_paced_itch,0,queue,1.39264e+06,1.41995e+06,111
1,spsc_unaligned_65536_cross-core_paced_itch,0,queue,1.41995e+06,1.44725e+06,132
1,spsc_unaligned_65536_cross-core_paced_itch,0,queue,1.44725e+06,1.47456e+06,124
1,spsc_unaligned_65536_cross-core_paced_itch,0,queue,1.47456e+06,1.50187e+06,115
1,spsc_unaligned_65536_cross-core_paced_itch,0,queue,1.50187e+06,1.52917e+06,171
1,spsc_unaligned_65536_cross-core_paced_itch,0,queue,1.52917e+06,1.55648e+06,116
1,spsc_unaligned_65536_cross-core_paced_itch,0,queue,1.55648e+06,1.58379e+06,208
1,spsc_unaligned_65536_cross-core_paced_itch,0,queue,1.58379e+06,1.61109e+06,157
1,spsc_unaligned_65536_cross-core_paced_itch,0,queue,1.61109e+06,1.6384e+06,109
1,spsc_unaligned_65536_cross-core_paced_itch,0,queue,1.6384e+06,1.66571e+06,207
1,spsc_unaligned_65536_cross-core_paced_itch,0,queue,1.66571e+06,1.69301e+06,170
1,spsc_unaligned_65536_cross-core_paced_itch,0,queue,1.69301e+06,1.72032e+06,167
1,spsc_unaligned_65536_cross-core_paced_itch,0,queue,1.72032e+06,1.74763e+06,175
1,spsc_unaligned_65536_cross-core_paced_itch,0,queue,1.74763e+06,1.80224e+06,616
1,spsc_unaligned_65536_cross-core_paced_itch,0,queue,1.80224e+06,1.85685e+06,467
1,spsc_unaligned_65536_cross-core_paced_itch,0,queue,1.85685e+06,1.91147e+06,770
1,spsc_unaligned_65536_cross-core_paced_itch,0,queue,1.91147e+06,1.96608e+06,561
1,spsc_unaligned_65536_cross-core_paced_itch,0,queue,1.96608e+06,2.02069e+06,230
1,spsc_unaligned_65536_cross-core_paced_itch,0,queue,2.02069e+06,2.07531e+06,99
1,spsc_unaligned_65536_cross-core_paced_itch,0,queue,2.07531e+06,2.12992e+06,38
1,spsc_unaligned_65536_cross-core_paced_itch,0,queue,2.12992e+06,2.18453e+06,90
1,spsc_unaligned_65536_cross-core_paced_itch,0,queue,2.18453e+06,2.23915e+06,305
1,spsc_unaligned_65536_cross-core_paced_itch,0,queue,2.23915e+06,2.29376e+06,258
1,spsc_unaligned_65536_cross-core_paced_itch,0,queue,2.29376e+06,2.34837e+06,140
1,spsc_unaligned_65536_cross-core_paced_itch,0,queue,2.34837e+06,2.40299e+06,641
1,spsc_unaligned_65536_cross-core_paced_itch,0,queue,2.40299e+06,2.4576e+06,497
1,spsc_unaligned_65536_cross-core_paced_itch,0,queue,2.4576e+06,2.51221e+06,49
1,spsc_unaligned_65536_cross-core_paced_itch,0,book,6.66667,7.08333,15
1,spsc_unaligned_65536_cross-core_paced_itch,0,book,7.5,7.91667,255
1,spsc_unaligned_65536_cross-core_paced_itch,0,book,8.33333,8.75,404
1,spsc_unaligned_65536_cross-core_paced_itch,0,book,9.16667,9.58333,418
1,spsc_unaligned_65536_cross-core_paced_itch,0,book,10,10.4167,1262
1,spsc_unaligned_65536_cross-core_paced_itch,0,book,10.8333,11.25,337
1,spsc_unaligned_65536_cross-core_paced_itch,0,book,11.6667,12.0833,213
1,spsc_unaligned_65536_cross-core_paced_itch,0,book,12.5,12.9167,387
1,spsc_unaligned_65536_cross-core_paced_itch,0,book,13.3333,13.75,550
1,spsc_unaligned_65536_cross-core_paced_itch,0,book,14.1667,14.5833,1375
1,spsc_unaligned_65536_cross-core_paced_itch,0,book,15,15.4167,1544
1,spsc_unaligned_65536_cross-core_paced_itch,0,book,15.8333,16.25,1700
1,spsc_unaligned_65536_cross-core_paced_itch,0,book,16.6667,17.0833,1184
1,spsc_unaligned_65536_cross-core_paced_itch,0,book,17.5,17.9167,855
1,spsc_unaligned_65536_cross-core_paced_itch,0,book,18.3333,18.75,808
1,spsc_unaligned_65536_cross-core_paced_itch,0,book,19.1667,19.5833,731
1,spsc_unaligned_65536_cross-core_paced_itch,0,book,20,20.4167,1123
1,spsc_unaligned_65536_cross-core_paced_itch,0,book,20.8333,21.25,980
1,spsc_unaligned_65536_cross-core_paced_itch,0,book,21.6667,22.0833,840
1,spsc_unaligned_65536_cross-core_paced_itch,0,book,22.5,22.9167,582
1,spsc_unaligned_65536_cross-core_paced_itch,0,book,23.3333,23.75,476
1,spsc_unaligned_65536_cross-core_paced_itch,0,book,24.1667,24.5833,501
1,spsc_unaligned_65536_cross-core_paced_itch,0,book,25,25.4167,456
1,spsc_unaligned_65536_cross-core_paced_itch,0,book,25.8333,26.25,541
1,spsc_unaligned_65536_cross-core_paced_itch,0,book,26.6667,27.5,496
1,spsc_unaligned_65536_cross-core_paced_itch,0,book,27.5,28.3333,635
1,spsc_unaligned_65536_cross-core_paced_itch,0,book,28.3333,29.1667,719
1,spsc_unaligned_65536_cross-core_paced_itch,0,book,29.1667,30,682
1,spsc_unaligned_65536_cross-core_paced_itch,0,book,30,30.8333,797
1,spsc_unaligned_65536_cross-core_paced_itch,0,book,30.8333,31.6667,671
1,spsc_unaligned_65536_cross-core_paced_itch,0,book,31.6667,32.5,840
1,spsc_unaligned_65536_cross-core_paced_itch,0,book,32.5,33.3333,906
1,spsc_unaligned_65536_cross-core_paced_itch,0,book,33.3333,34.1667,996
1,spsc_unaligned_65536_cross-core_paced_itch,0,book,34.1667,35,1140
1,spsc_unaligned_65536_cross-core_paced_itch,0,book,35,35.8333,1054
1,spsc_unaligned_65536_cross-core_paced_itch,0,book,35.8333,36.6667,1276
1,spsc_unaligned_65536_cross-core_paced_itch,0,book,36.6667,37.5,1338
1,spsc_unaligned_65536_cross-core_paced_itch,0,book,37.5,38.3333,1341
1,spsc_unaligned_65536_cross-core_paced_itch,0,book,38.3333,39.1667,1379
1,spsc_unaligned_65536_cross-core_paced_itch,0,book,39.1667,40,1297
1,spsc_unaligned_65536_cross-core_paced_itch,0,book,40,40.8333,1494
1,spsc_unaligned_65536_cross-core_paced_itch,0,book,40.8333,41.6667,1304
1,spsc_unaligned_65536_cross-core_paced_itch,0,book,41.6667,42.5,1415
1,spsc_unaligned_65536_cross-core_paced_itch,0,book,42.5,43.3333,1418
1,spsc_unaligned_65536_cross-core_paced_itch,0,book,43.3333,44.1667,1313
1,spsc_unaligned_65536_cross-core_paced_itch,0,book,44.1667,45,1572
1,spsc_unaligned_65536_cross-core_paced_itch,0,book,45,45.8333,1409
1,spsc_unaligned_65536_cross-core_paced_itch,0,book,45.8333,46.6667,1585
1,spsc_unaligned_65536_cross-core_paced_itch,0,book,46.6667,47.5,1560
1,spsc_unaligned_65536_cross-core_paced_itch,0,book,47.5,48.3333,1749
1,spsc_unaligned_65536_cross-core_paced_itch,0,book,48.3333,49.1667,1736
1,spsc_unaligned_65536_cross-core_paced_itch,0,book,49.1667,50,1742
1,spsc_unaligned_65536_cross-core_paced_itch,0,book,50,50.8333,1895
1,spsc_unaligned_65536_cross-core_paced_itch,0,book,50.8333,51.6667,1747
1,spsc_unaligned_65536_cross-core_paced_itch,0,book,51.6667,52.5,1807
1,spsc_unaligned_65536_cross-core_paced_itch,0,book,52.5,53.3333,1786
1,spsc_unaligned_65536_cross-core_paced_itch,0,book,53.3333,55,3347
1,spsc_unaligned_65536_cross-core_paced_itch,0,book,55,56.6667,3053
1,spsc_unaligned_65536_cross-core_paced_itch,0,book,56.6667,58.3333,2800
1,spsc_unaligned_65536_cross-core_paced_itch,0,book,58.3333,60,2799
1,spsc_unaligned_65536_cross-core_paced_itch,0,book,60,61.6667,2838
1,spsc_unaligned_65536_cross-core_paced_itch,0,book,61.6667,63.3333,2754
1,spsc_unaligned_65536_cross-core_paced_itch,0,book,63.3333,65,2848
1,spsc_unaligned_65536_cross-core_paced_itch,0,book,65,66.6667,2526
1,spsc_unaligned_65536_cross-core_paced_itch,0,book,66.6667,68.3333,2240
1,spsc_unaligned_65536_cross-core_paced_itch,0,book,68.3333,70,2135
1,spsc_unaligned_65536_cross-core_paced_itch,0,book,70,71.6667,1943
1,spsc_unaligned_65536_cross-core_paced_itch,0,book,71.6667,73.3333,1885
1,spsc_unaligned_65536_cross-core_paced_itch,0,book,73.3333,75,1788
1,spsc_unaligned_65536_cross-core_paced_itch,0,book,75,76.6667,1644
1,spsc_unaligned_65536_cross-core_paced_itch,0,book,76.6667,78.3333,1610
1,spsc_unaligned_65536_cross-core_paced_itch,0,book,78.3333,80,1590
1,spsc_unaligned_65536_cross-core_paced_itch,0,book,80,81.6667,1519
1,spsc_unaligned_65536_cross-core_paced_itch,0,book,81.6667,83.3333,1506
1,spsc_unaligned_65536_cross-core_paced_itch,0,book,83.3333,85,1520
1,spsc_unaligned_65536_cross-core_paced_itch,0,book,85,86.6667,1459
1,spsc_unaligned_65536_cross-core_paced_itch,0,book,86.6667,88.3333,1403
1,spsc_unaligned_65536_cross-core_paced_itch,0,book,88.3333,90,1342
1,spsc_unaligned_65536_cross-core_paced_itch,0,book,90,91.6667,1348
1,spsc_unaligned_65536_cross-core_paced_itch,0,book,91.6667,93.3333,1310
1,spsc_unaligned_65536_cross-core_paced_itch,0,book,93.3333,95,1302
1,spsc_unaligned_65536_cross-core_paced_itch,0,book,95,96.6666,1212
1,spsc_unaligned_65536_cross-core_paced_itch,0,book,96.6666,98.3333,1187
1,spsc_unaligned_65536_cross-core_paced_itch,0,book,98.3333,100,1169
1,spsc_unaligned_65536_cross-core_paced_itch,0,book,100,101.667,1277
1,spsc_unaligned_65536_cross-core_paced_itch,0,book,101.667,103.333,1202
1,spsc_unaligned_65536_cross-core_paced_itch,0,book,103.333,105,1123
1,spsc_unaligned_65536_cross-core_paced_itch,0,book,105,106.667,1086
1,spsc_unaligned_65536_cross-core_paced_itch,0,book,106.667,110,2136
1,spsc_unaligned_65536_cross-core_paced_itch,0,book,110,113.333,2707
1,spsc_unaligned_65536_cross-core_paced_itch,0,book,113.333,116.667,4229
1,spsc_unaligned_65536_cross-core_paced_itch,0,book,116.667,120,5764
1,spsc_unaligned_65536_cross-core_paced_itch,0,book,120,123.333,5482
1,spsc_unaligned_65536_cross-core_paced_itch,0,book,123.333,126.667,5993
1,spsc_unaligned_65536_cross-core_paced_itch,0,book,126.667,130,8619
1,spsc_unaligned_65536_cross-core_paced_itch,0,book,130,133.333,10290
1,spsc_unaligned_65536_cross-core_paced_itch,0,book,133.333,136.667,8298
1,spsc_unaligned_65536_cross-core_paced_itch,0,book,136.667,140,6926
1,spsc_unaligned_65536_cross-core_paced_itch,0,book,140,143.333,7424
1,spsc_unaligned_65536_cross-core_paced_itch,0,book,143.333,146.667,6932
1,spsc_unaligned_65536_cross-core_paced_itch,0,book,146.667,150,5255
1,spsc_unaligned_65536_cross-core_paced_itch,0,book,150,153.333,4221
1,spsc_unaligned_65536_cross-core_paced_itch,0,book,153.333,156.667,3375
1,spsc_unaligned_65536_cross-core_paced_itch,0,book,156.667,160,2696
1,spsc_unaligned_65536_cross-core_paced_itch,0,book,160,163.333,2350
1,spsc_unaligned_65536_cross-core_paced_itch,0,book,163.333,166.667,2315
1,spsc_unaligned_65536_cross-core_paced_itch,0,book,166.667,170,2201
1,spsc_unaligned_65536_cross-core_paced_itch,0,book,170,173.333,2055
1,spsc_unaligned_65536_cross-core_paced_itch,0,book,173.333,176.667,1824
1,spsc_unaligned_65536_cross-core_paced_itch,0,book,176.667,180,1700
1,spsc_unaligned_65536_cross-core_paced_itch,0,book,180,183.333,1642
1,spsc_unaligned_65536_cross-core_paced_itch,0,book,183.333,186.667,1448
1,spsc_unaligned_65536_cross-core_paced_itch,0,book,186.667,190,1420
1,spsc_unaligned_65536_cross-core_paced_itch,0,book,190,193.333,1391
1,spsc_unaligned_65536_cross-core_paced_itch,0,book,193.333,196.667,1327
1,spsc_unaligned_65536_cross-core_paced_itch,0,book,196.667,200,1182
1,spsc_unaligned_65536_cross-core_paced_itch,0,book,200,203.333,1245
1,spsc_unaligned_65536_cross-core_paced_itch,0,book,203.333,206.667,1220
1,spsc_unaligned_65536_cross-core_paced_itch,0,book,206.667,210,1082
1,spsc_unaligned_65536_cross-core_paced_itch,0,book,210,213.333,1082
1,spsc_unaligned_65536_cross-core_paced_itch,0,book,213.333,220,2104
1,spsc_unaligned_65536_cross-core_paced_itch,0,book,220,226.667,1918
1,spsc_unaligned_65536_cross-core_paced_itch,0,book,226.667,233.333,1678
1,spsc_unaligned_65536_cross-core_paced_itch,0,book,233.333,240,1543
1,spsc_unaligned_65536_cross-core_paced_itch,0,book,240,246.667,1439
1,spsc_unaligned_65536_cross-core_paced_itch,0,book,246.667,253.333,1271
1,spsc_unaligned_65536_cross-core_paced_itch,0,book,253.333,260,1143
1,spsc_unaligned_65536_cross-core_paced_itch,0,book,260,266.667,1112
1,spsc_unaligned_65536_cross-core_paced_itch,0,book,266.667,273.333,1002
1,spsc_unaligned_65536_cross-core_paced_itch,0,book,273.333,280,939
1,spsc_unaligned_65536_cross-core_paced_itch,0,book,280,286.667,870
1,spsc_unaligned_65536_cross-core_paced_itch,0,book,286.667,293.333,854
1,spsc_unaligned_65536_cross-core_paced_itch,0,book,293.333,300,759
1,spsc_unaligned_65536_cross-core_paced_itch,0,book,300,306.667,725
1,spsc_unaligned_65536_cross-core_paced_itch,0,book,306.667,313.333,665
1,spsc_unaligned_65536_cross-core_paced_itch,0,book,313.333,320,615
1,spsc_unaligned_65536_cross-core_paced_itch,0,book,320,326.667,636
1,spsc_unaligned_65536_cross-core_paced_itch,0,book,326.667,333.333,601
1,spsc_unaligned_65536_cross-core_paced_itch,0,book,333.333,340,544
1,spsc_unaligned_65536_cross-core_paced_itch,0,book,340,346.667,566
1,spsc_unaligned_65536_cross-core_paced_itch,0,book,346.667,353.333,490
1,spsc_unaligned_65536_cross-core_paced_itch,0,book,353.333,360,476
1,spsc_unaligned_65536_cross-core_paced_itch,0,book,360,366.667,454
1,spsc_unaligned_65536_cross-core_paced_itch,0,book,366.667,373.333,447
1,spsc_unaligned_65536_cross-core_paced_itch,0,book,373.333,380,434
1,spsc_unaligned_65536_cross-core_paced_itch,0,book,380,386.667,350
1,spsc_unaligned_65536_cross-core_paced_itch,0,book,386.667,393.333,309
1,spsc_unaligned_65536_cross-core_paced_itch,0,book,393.333,400,273
1,spsc_unaligned_65536_cross-core_paced_itch,0,book,400,406.667,258
1,spsc_unaligned_65536_cross-core_paced_itch,0,book,406.667,413.333,273
1,spsc_unaligned_65536_cross-core_paced_itch,0,book,413.333,420,214
1,spsc_unaligned_65536_cross-core_paced_itch,0,book,420,426.667,225
1,spsc_unaligned_65536_cross-core_paced_itch,0,book,426.667,440,290
1,spsc_unaligned_65536_cross-core_paced_itch,0,book,440,453.333,198
1,spsc_unaligned_65536_cross-core_paced_itch,0,book,453.333,466.667,172
1,spsc_unaligned_65536_cross-core_paced_itch,0,book,466.667,480,134
1,spsc_unaligned_65536_cross-core_paced_itch,0,book,480,493.333,111
1,spsc_unaligned_65536_cross-core_paced_itch,0,book,493.333,506.667,98
1,spsc_unaligned_65536_cross-core_paced_itch,0,book,506.667,520,80
1,spsc_unaligned_65536_cross-core_paced_itch,0,book,520,533.333,73
1,spsc_unaligned_65536_cross-core_paced_itch,0,book,533.333,546.667,44
1,spsc_unaligned_65536_cross-core_paced_itch,0,book,546.667,560,42
1,spsc_unaligned_65536_cross-core_paced_itch,0,book,560,573.333,30
1,spsc_unaligned_65536_cross-core_paced_itch,0,book,573.333,586.667,28
1,spsc_unaligned_65536_cross-core_paced_itch,0,book,586.667,600,22
1,spsc_unaligned_65536_cross-core_paced_itch,0,book,600,613.333,22
1,spsc_unaligned_65536_cross-core_paced_itch,0,book,613.333,626.667,26
1,spsc_unaligned_65536_cross-core_paced_itch,0,book,626.667,640,25
1,spsc_unaligned_65536_cross-core_paced_itch,0,book,640,653.333,31
1,spsc_unaligned_65536_cross-core_paced_itch,0,book,653.333,666.667,31
1,spsc_unaligned_65536_cross-core_paced_itch,0,book,666.667,680,37
1,spsc_unaligned_65536_cross-core_paced_itch,0,book,680,693.333,53
1,spsc_unaligned_65536_cross-core_paced_itch,0,book,693.333,706.667,50
1,spsc_unaligned_65536_cross-core_paced_itch,0,book,706.667,720,63
1,spsc_unaligned_65536_cross-core_paced_itch,0,book,720,733.333,63
1,spsc_unaligned_65536_cross-core_paced_itch,0,book,733.333,746.667,62
1,spsc_unaligned_65536_cross-core_paced_itch,0,book,746.667,760,56
1,spsc_unaligned_65536_cross-core_paced_itch,0,book,760,773.333,68
1,spsc_unaligned_65536_cross-core_paced_itch,0,book,773.333,786.667,52
1,spsc_unaligned_65536_cross-core_paced_itch,0,book,786.667,800,48
1,spsc_unaligned_65536_cross-core_paced_itch,0,book,800,813.333,42
1,spsc_unaligned_65536_cross-core_paced_itch,0,book,813.333,826.667,39
1,spsc_unaligned_65536_cross-core_paced_itch,0,book,826.667,840,34
1,spsc_unaligned_65536_cross-core_paced_itch,0,book,840,853.333,24
1,spsc_unaligned_65536_cross-core_paced_itch,0,book,853.333,880,53
1,spsc_unaligned_65536_cross-core_paced_itch,0,book,880,906.667,37
1,spsc_unaligned_65536_cross-core_paced_itch,0,book,906.667,933.333,32
1,spsc_unaligned_65536_cross-core_paced_itch,0,book,933.333,960,34
1,spsc_unaligned_65536_cross-core_paced_itch,0,book,960,986.666,23
1,spsc_unaligned_65536_cross-core_paced_itch,0,book,986.666,1013.33,5
1,spsc_unaligned_65536_cross-core_paced_itch,0,book,1013.33,1040,9
1,spsc_unaligned_65536_cross-core_paced_itch,0,book,1040,1066.67,9
1,spsc_unaligned_65536_cross-core_paced_itch,0,book,1066.67,1093.33,6
1,spsc_unaligned_65536_cross-core_paced_itch,0,book,1093.33,1120,3
1,spsc_unaligned_65536_cross-core_paced_itch,0,book,1120,1146.67,2
1,spsc_unaligned_65536_cross-core_paced_itch,0,book,1146.67,1173.33,3
1,spsc_unaligned_65536_cross-core_paced_itch,0,book,1173.33,1200,4
1,spsc_unaligned_65536_cross-core_paced_itch,0,book,1200,1226.67,2
1,spsc_unaligned_65536_cross-core_paced_itch,0,book,1226.67,1253.33,3
1,spsc_unaligned_65536_cross-core_paced_itch,0,book,1253.33,1280,1
1,spsc_unaligned_65536_cross-core_paced_itch,0,book,1280,1306.67,1
1,spsc_unaligned_65536_cross-core_paced_itch,0,book,1306.67,1333.33,10
1,spsc_unaligned_65536_cross-core_paced_itch,0,book,1360,1386.67,5
1,spsc_unaligned_65536_cross-core_paced_itch,0,book,1386.67,1413.33,7
1,spsc_unaligned_65536_cross-core_paced_itch,0,book,1413.33,1440,9
1,spsc_unaligned_65536_cross-core_paced_itch,0,book,1440,1466.67,4
1,spsc_unaligned_65536_cross-core_paced_itch,0,book,1466.67,1493.33,8
1,spsc_unaligned_65536_cross-core_paced_itch,0,book,1493.33,1520,6
1,spsc_unaligned_65536_cross-core_paced_itch,0,book,1520,1546.67,3
1,spsc_unaligned_65536_cross-core_paced_itch,0,book,1546.67,1573.33,2
1,spsc_unaligned_65536_cross-core_paced_itch,0,book,1573.33,1600,1
1,spsc_unaligned_65536_cross-core_paced_itch,0,book,1600,1626.67,2
1,spsc_unaligned_65536_cross-core_paced_itch,0,book,1626.67,1653.33,2
1,spsc_unaligned_65536_cross-core_paced_itch,0,book,1653.33,1680,2
1,spsc_unaligned_65536_cross-core_paced_itch,0,book,1680,1706.67,2
1,spsc_unaligned_65536_cross-core_paced_itch,0,book,1706.67,1760,7
1,spsc_unaligned_65536_cross-core_paced_itch,0,book,1760,1813.33,4
1,spsc_unaligned_65536_cross-core_paced_itch,0,book,1813.33,1866.67,2
1,spsc_unaligned_65536_cross-core_paced_itch,0,book,1866.67,1920,2
1,spsc_unaligned_65536_cross-core_paced_itch,0,book,1920,1973.33,10
1,spsc_unaligned_65536_cross-core_paced_itch,0,book,1973.33,2026.67,13
1,spsc_unaligned_65536_cross-core_paced_itch,0,book,2026.67,2080,13
1,spsc_unaligned_65536_cross-core_paced_itch,0,book,2080,2133.33,8
1,spsc_unaligned_65536_cross-core_paced_itch,0,book,2133.33,2186.67,22
1,spsc_unaligned_65536_cross-core_paced_itch,0,book,2186.67,2240,13
1,spsc_unaligned_65536_cross-core_paced_itch,0,book,2240,2293.33,17
1,spsc_unaligned_65536_cross-core_paced_itch,0,book,2293.33,2346.67,14
1,spsc_unaligned_65536_cross-core_paced_itch,0,book,2346.67,2400,10
1,spsc_unaligned_65536_cross-core_paced_itch,0,book,2400,2453.33,8
1,spsc_unaligned_65536_cross-core_paced_itch,0,book,2453.33,2506.67,5
1,spsc_unaligned_65536_cross-core_paced_itch,0,book,2506.67,2560,4
1,spsc_unaligned_65536_cross-core_paced_itch,0,book,2560,2613.33,5
1,spsc_unaligned_65536_cross-core_paced_itch,0,book,2613.33,2666.67,2
1,spsc_unaligned_65536_cross-core_paced_itch,0,book,2666.67,2720,4
1,spsc_unaligned_65536_cross-core_paced_itch,0,book,2720,2773.33,1
1,spsc_unaligned_65536_cross-core_paced_itch,0,book,2773.33,2826.67,1
1,spsc_unaligned_65536_cross-core_paced_itch,0,book,2826.67,2880,2
1,spsc_unaligned_65536_cross-core_paced_itch,0,book,2880,2933.33,1
1,spsc_unaligned_65536_cross-core_paced_itch,0,book,2986.67,3040,1
1,spsc_unaligned_65536_cross-core_paced_itch,0,book,3200,3253.33,1
1,spsc_unaligned_65536_cross-core_paced_itch,0,book,3360,3413.33,1
1,spsc_unaligned_65536_cross-core_paced_itch,0,book,3520,3626.67,3
1,spsc_unaligned_65536_cross-core_paced_itch,0,book,3626.67,3733.33,1
1,spsc_unaligned_65536_cross-core_paced_itch,0,book,3733.33,3840,4
1,spsc_unaligned_65536_cross-core_paced_itch,0,book,3840,3946.67,2
1,spsc_unaligned_65536_cross-core_paced_itch,0,book,3946.67,4053.33,1
1,spsc_unaligned_65536_cross-core_paced_itch,0,book,4053.33,4160,1
1,spsc_unaligned_65536_cross-core_paced_itch,0,book,4160,4266.67,1
1,spsc_unaligned_65536_cross-core_paced_itch,0,book,4373.33,4480,2
1,spsc_unaligned_65536_cross-core_paced_itch,0,book,4480,4586.67,1
1,spsc_unaligned_65536_cross-core_paced_itch,0,book,4586.67,4693.33,1
1,spsc_unaligned_65536_cross-core_paced_itch,0,book,4693.33,4800,1
1,spsc_unaligned_65536_cross-core_paced_itch,0,book,4800,4906.67,1
1,spsc_unaligned_65536_cross-core_paced_itch,0,book,5013.33,5120,1
1,spsc_unaligned_65536_cross-core_paced_itch,0,book,5226.67,5333.33,1
1,spsc_unaligned_65536_cross-core_paced_itch,0,book,5440,5546.67,2
1,spsc_unaligned_65536_cross-core_paced_itch,0,book,5760,5866.67,1
1,spsc_unaligned_65536_cross-core_paced_itch,0,book,5973.33,6080,1
1,spsc_unaligned_65536_cross-core_paced_itch,0,book,6186.67,6293.33,1
1,spsc_unaligned_65536_cross-core_paced_itch,0,book,7680,7893.33,1
1,spsc_unaligned_65536_cross-core_paced_itch,0,book,10026.7,10240,1
2,spsc_unaligned_65536_cross-core_paced_itch,1,total,246.667,253.333,1
2,spsc_unaligned_65536_cross-core_paced_itch,1,total,266.667,273.333,1
2,spsc_unaligned_65536_cross-core_paced_itch,1,total,273.333,280,3
2,spsc_unaligned_65536_cross-core_paced_itch,1,total,280,286.667,4
2,spsc_unaligned_65536_cross-core_paced_itch,1,total,286.667,293.333,3
2,spsc_unaligned_65536_cross-core_paced_itch,1,total,293.333,300,10
2,spsc_unaligned_65536_cross-core_paced_itch,1,total,300,306.667,8
2,spsc_unaligned_65536_cross-core_paced_itch,1,total,306.667,313.333,10
2,spsc_unaligned_65536_cross-core_paced_itch,1,total,313.333,320,16
2,spsc_unaligned_65536_cross-core_paced_itch,1,total,320,326.667,12
2,spsc_unaligned_65536_cross-core_paced_itch,1,total,326.667,333.333,21
2,spsc_unaligned_65536_cross-core_paced_itch,1,total,333.333,340,12
2,spsc_unaligned_65536_cross-core_paced_itch,1,total,340,346.667,25
2,spsc_unaligned_65536_cross-core_paced_itch,1,total,346.667,353.333,38
2,spsc_unaligned_65536_cross-core_paced_itch,1,total,353.333,360,52
2,spsc_unaligned_65536_cross-core_paced_itch,1,total,360,366.667,88
2,spsc_unaligned_65536_cross-core_paced_itch,1,total,366.667,373.333,111
2,spsc_unaligned_65536_cross-core_paced_itch,1,total,373.333,380,138
2,spsc_unaligned_65536_cross-core_paced_itch,1,total,380,386.667,246
2,spsc_unaligned_65536_cross-core_paced_itch,1,total,386.667,393.333,256
2,spsc_unaligned_65536_cross-core_paced_itch,1,total,393.333,400,364
2,spsc_unaligned_65536_cross-core_paced_itch,1,total,400,406.667,421
2,spsc_unaligned_65536_cross-core_paced_itch,1,total,406.667,413.333,490
2,spsc_unaligned_65536_cross-core_paced_itch,1,total,413.333,420,625
2,spsc_unaligned_65536_cross-core_paced_itch,1,total,420,426.667,714
2,spsc_unaligned_65536_cross-core_paced_itch,1,total,426.667,440,1628
2,spsc_unaligned_65536_cross-core_paced_itch,1,total,440,453.333,2040
2,spsc_unaligned_65536_cross-core_paced_itch,1,total,453.333,466.667,2582
2,spsc_unaligned_65536_cross-core_paced_itch,1,total,466.667,480,4094
2,spsc_unaligned_65536_cross-core_paced_itch,1,total,480,493.333,5616
2,spsc_unaligned_65536_cross-core_paced_itch,1,total,493.333,506.667,6709
2,spsc_unaligned_65536_cross-core_paced_itch,1,total,506.667,520,7135
2,spsc_unaligned_65536_cross-core_paced_itch,1,total,520,533.333,7156
2,spsc_unaligned_65536_cross-core_paced_itch,1,total,533.333,546.667,7204
2,spsc_unaligned_65536_cross-core_paced_itch,1,total,546.667,560,7994
2,spsc_unaligned_65536_cross-core_paced_itch,1,total,560,573.333,8548
2,spsc_unaligned_65536_cross-core_paced_itch,1,total,573.333,586.667,8625
2,spsc_unaligned_65536_cross-core_paced_itch,1,total,586.667,600,8458
2,spsc_unaligned_65536_cross-core_paced_itch,1,total,600,613.333,7210
2,spsc_unaligned_65536_cross-core_paced_itch,1,total,613.333,626.667,6534
2,spsc_unaligned_65536_cross-core_paced_itch,1,total,626.667,640,6511
2,spsc_unaligned_65536_cross-core_paced_itch,1,total,640,653.333,6120
2,spsc_unaligned_65536_cross-core_paced_itch,1,total,653.333,666.667,5354
2,spsc_unaligned_65536_cross-core_paced_itch,1,total,666.667,680,4538
2,spsc_unaligned_65536_cross-core_paced_itch,1,total,680,693.333,4050
2,spsc_unaligned_65536_cross-core_paced_itch,1,total,693.333,706.667,3618
2,spsc_unaligned_65536_cross-core_paced_itch,1,total,706.667,720,3432
2,spsc_unaligned_65536_cross-core_paced_itch,1,total,720,733.333,3251
2,spsc_unaligned_65536_cross-core_paced_itch,1,total,733.333,746.667,3104
2,spsc_unaligned_65536_cross-core_paced_itch,1,total,746.667,760,2921
2,spsc_unaligned_65536_cross-core_paced_itch,1,total,760,773.333,2666
2,spsc_unaligned_65536_cross-core_paced_itch,1,total,773.333,786.667,2461
2,spsc_unaligned_65536_cross-core_paced_itch,1,total,786.667,800,2099
2,spsc_unaligned_65536_cross-core_paced_itch,1,total,800,813.333,2100
2,spsc_unaligned_65536_cross-core_paced_itch,1,total,813.333,826.667,1797
2,spsc_unaligned_65536_cross-core_paced_itch,1,total,826.667,840,1683
2,spsc_unaligned_65536_cross-core_paced_itch,1,total,840,853.333,1508
2,spsc_unaligned_65536_cross-core_paced_itch,1,total,853.333,880,2684
2,spsc_unaligned_65536_cross-core_paced_itch,1,total,880,906.667,2225
2,spsc_unaligned_65536_cross-core_paced_itch,1,total,906.667,933.333,1856
2,spsc_unaligned_65536_cross-core_paced_itch,1,total,933.333,960,1602
2,spsc_unaligned_65536_cross-core_paced_itch,1,total,960,986.666,1381
2,spsc_unaligned_65536_cross-core_paced_itch,1,total,986.666,1013.33,1265
2,spsc_unaligned_65536_cross-core_paced_itch,1,total,1013.33,1040,1131
2,spsc_unaligned_65536_cross-core_paced_itch,1,total,1040,1066.67,1034
2,spsc_unaligned_65536_cross-core_paced_itch,1,total,1066.67,1093.33,974
2,spsc_unaligned_65536_cross-core_paced_itch,1,total,1093.33,1120,899
2,spsc_unaligned_65536_cross-core_paced_itch,1,total,1120,1146.67,910
2,spsc_unaligned_65536_cross-core_paced_itch,1,total,1146.67,1173.33,865
2,spsc_unaligned_65536_cross-core_paced_itch,1,total,1173.33,1200,827
2,spsc_unaligned_65536_cross-core_paced_itch,1,total,1200,1226.67,762
2,spsc_unaligned_65536_cross-core_paced_itch,1,total,1226.67,1253.33,702
2,spsc_unaligned_65536_cross-core_paced_itch,1,total,1253.33,1280,670
2,spsc_unaligned_65536_cross-core_paced_itch,1,total,1280,1306.67,660
2,spsc_unaligned_65536_cross-core_paced_itch,1,total,1306.67,1333.33,672
2,spsc_unaligned_65536_cross-core_paced_itch,1,total,1333.33,1360,618
2,spsc_unaligned_65536_cross-core_paced_itch,1,total,1360,1386.67,603
2,spsc_unaligned_65536_cross-core_paced_itch,1,total,1386.67,1413.33,589
2,spsc_unaligned_65536_cross-core_paced_itch,1,total,1413.33,1440,563
2,spsc_unaligned_65536_cross-core_paced_itch,1,total,1440,1466.67,519
2,spsc_unaligned_65536_cross-core_paced_itch,1,total,1466.67,1493.33,533
2,spsc_unaligned_65536_cross-core_paced_itch,1,total,1493.33,1520,523
2,spsc_unaligned_65536_cross-core_paced_itch,1,total,1520,1546.67,488
2,spsc_unaligned_65536_cross-core_paced_itch,1,total,1546.67,1573.33,491
2,spsc_unaligned_65536_cross-core_paced_itch,1,total,1573.33,1600,484
2,spsc_unaligned_65536_cross-core_paced_itch,1,total,1600,1626.67,490
2,spsc_unaligned_65536_cross-core_paced_itch,1,total,1626.67,1653.33,428
2,spsc_unaligned_65536_cross-core_paced_itch,1,total,1653.33,1680,469
2,spsc_unaligned_65536_cross-core_paced_itch,1,total,1680,1706.67,441
2,spsc_unaligned_65536_cross-core_paced_itch,1,total,1706.67,1760,850
2,spsc_unaligned_65536_cross-core_paced_itch,1,total,1760,1813.33,855
2,spsc_unaligned_65536_cross-core_paced_itch,1,total,1813.33,1866.67,808
2,spsc_unaligned_65536_cross-core_paced_itch,1,total,1866.67,1920,795
2,spsc_unaligned_65536_cross-core_paced_itch,1,total,1920,1973.33,819
2,spsc_unaligned_65536_cross-core_paced_itch,1,total,1973.33,2026.67,757
2,spsc_unaligned_65536_cross-core_paced_itch,1,total,2026.67,2080,722
2,spsc_unaligned_65536_cross-core_paced_itch,1,total,2080,2133.33,720
2,spsc_unaligned_65536_cross-core_paced_itch,1,total,2133.33,2186.67,692
2,spsc_unaligned_65536_cross-core_paced_itch,1,total,2186.67,2240,625
2,spsc_unaligned_65536_cross-core_paced_itch,1,total,2240,2293.33,638
2,spsc_unaligned_65536_cross-core_paced_itch,1,total,2293.33,2346.67,642
2,spsc_unaligned_65536_cross-core_paced_itch,1,total,2346.67,2400,641
2,spsc_unaligned_65536_cross-core_paced_itch,1,total,2400,2453.33,611
2,spsc_unaligned_65536_cross-core_paced_itch,1,total,2453.33,2506.67,597
2,spsc_unaligned_65536_cross-core_paced_itch,1,total,2506.67,2560,638
2,spsc_unaligned_65536_cross-core_paced_itch,1,total,2560,2613.33,549
2,spsc_unaligned_65536_cross-core_paced_itch,1,total,2613.33,2666.67,572
2,spsc_unaligned_65536_cross-core_paced_itch,1,total,2666.67,2720,544
2,spsc_unaligned_65536_cross-core_paced_itch,1,total,2720,2773.33,569
2,spsc_unaligned_65536_cross-core_paced_itch,1,total,2773.33,2826.67,558
2,spsc_unaligned_65536_cross-core_paced_itch,1,total,2826.67,2880,534
2,spsc_unaligned_65536_cross-core_paced_itch,1,total,2880,2933.33,482
2,spsc_unaligned_65536_cross-core_paced_itch,1,total,2933.33,2986.67,536
2,spsc_unaligned_65536_cross-core_paced_itch,1,total,2986.67,3040,549
2,spsc_unaligned_65536_cross-core_paced_itch,1,total,3040,3093.33,529
2,spsc_unaligned_65536_cross-core_paced_itch,1,total,3093.33,3146.67,509
2,spsc_unaligned_65536_cross-core_paced_itch,1,total,3146.67,3200,521
2,spsc_unaligned_65536_cross-core_paced_itch,1,total,3200,3253.33,496
2,spsc_unaligned_65536_cross-core_paced_itch,1,total,3253.33,3306.67,491
2,spsc_unaligned_65536_cross-core_paced_itch,1,total,3306.67,3360,498
2,spsc_unaligned_65536_cross-core_paced_itch,1,total,3360,3413.33,449
2,spsc_unaligned_65536_cross-core_paced_itch,1,total,3413.33,3520,933
2,spsc_unaligned_65536_cross-core_paced_itch,1,total,3520,3626.67,884
2,spsc_unaligned_65536_cross-core_paced_itch,1,total,3626.67,3733.33,918
2,spsc_unaligned_65536_cross-core_paced_itch,1,total,3733.33,3840,860
2,spsc_unaligned_65536_cross-core_paced_itch,1,total,3840,3946.67,843
2,spsc_unaligned_65536_cross-core_paced_itch,1,total,3946.67,4053.33,767
2,spsc_unaligned_65536_cross-core_paced_itch,1,total,4053.33,4160,722
2,spsc_unaligned_65536_cross-core_paced_itch,1,total,4160,4266.67,758
2,spsc_unaligned_65536_cross-core_paced_itch,1,total,4266.67,4373.33,738
2,spsc_unaligned_65536_cross-core_paced_itch,1,total,4373.33,4480,755
2,spsc_unaligned_65536_cross-core_paced_itch,1,total,4480,4586.67,670
2,spsc_unaligned_65536_cross-core_paced_itch,1,total,4586.67,4693.33,713
2,spsc_unaligned_65536_cross-core_paced_itch,1,total,4693.33,4800,678
2,spsc_unaligned_65536_cross-core_paced_itch,1,total,4800,4906.67,650
2,spsc_unaligned_65536_cross-core_paced_itch,1,total,4906.67,5013.33,669
2,spsc_unaligned_65536_cross-core_paced_itch,1,total,5013.33,5120,610
2,spsc_unaligned_65536_cross-core_paced_itch,1,total,5120,5226.67,552
2,spsc_unaligned_65536_cross-core_paced_itch,1,total,5226.67,5333.33,555
2,spsc_unaligned_65536_cross-core_paced_itch,1,total,5333.33,5440,547
2,spsc_unaligned_65536_cross-core_paced_itch,1,total,5440,5546.67,502
2,spsc_unaligned_65536_cross-core_paced_itch,1,total,5546.67,5653.33,506
2,spsc_unaligned_65536_cross-core_paced_itch,1,total,5653.33,5760,524
2,spsc_unaligned_65536_cross-core_paced_itch,1,total,5760,5866.67,500
2,spsc_unaligned_65536_cross-core_paced_itch,1,total,5866.67,5973.33,506
2,spsc_unaligned_65536_cross-core_paced_itch,1,total,5973.33,6080,482
2,spsc_unaligned_65536_cross-core_paced_itch,1,total,6080,6186.67,449
2,spsc_unaligned_65536_cross-core_paced_itch,1,total,6186.67,6293.33,378
2,spsc_unaligned_65536_cross-core_paced_itch,1,total,6293.33,6400,407
2,spsc_unaligned_65536_cross-core_paced_itch,1,total,6400,6506.67,398
2,spsc_unaligned_65536_cross-core_paced_itch,1,total,6506.67,6613.33,397
2,spsc_unaligned_65536_cross-core_paced_itch,1,total,6613.33,6720,384
2,spsc_unaligned_65536_cross-core_paced_itch,1,total,6720,6826.67,402
2,spsc_unaligned_65536_cross-core_paced_itch,1,total,6826.67,7040,705
2,spsc_unaligned_65536_cross-core_paced_itch,1,total,7040,7253.33,709
2,spsc_unaligned_65536_cross-core_paced_itch,1,total,7253.33,7466.67,664
2,spsc_unaligned_65536_cross-core_paced_itch,1,total,7466.67,7680,633
2,spsc_unaligned_65536_cross-core_paced_itch,1,total,7680,7893.33,617
2,spsc_unaligned_65536_cross-core_paced_itch,1,total,7893.33,8106.67,587
2,spsc_unaligned_65536_cross-core_paced_itch,1,total,8106.67,8320,526
2,spsc_unaligned_65536_cross-core_paced_itch,1,total,8320,8533.33,555
2,spsc_unaligned_65536_cross-core_paced_itch,1,total,8533.33,8746.67,500
2,spsc_unaligned_65536_cross-core_paced_itch,1,total,8746.67,8960,526
2,spsc_unaligned_65536_cross-core_paced_itch,1,total,8960,9173.33,477
2,spsc_unaligned_65536_cross-core_paced_itch,1,total,9173.33,9386.67,470
2,spsc_unaligned_65536_cross-core_paced_itch,1,total,9386.67,9600,460
2,spsc_unaligned_65536_cross-core_paced_itch,1,total,9600,9813.33,483
2,spsc_unaligned_65536_cross-core_paced_itch,1,total,9813.33,10026.7,448
2,spsc_unaligned_65536_cross-core_paced_itch,1,total,10026.7,10240,451
2,spsc_unaligned_65536_cross-core_paced_itch,1,total,10240,10453.3,382
2,spsc_unaligned_65536_cross-core_paced_itch,1,total,10453.3,10666.7,458
2,spsc_unaligned_65536_cross-core_paced_itch,1,total,10666.7,10880,426
2,spsc_unaligned_65536_cross-core_paced_itch,1,total,10880,11093.3,402
2,spsc_unaligned_65536_cross-core_paced_itch,1,total,11093.3,11306.7,361
2,spsc_unaligned_65536_cross-core_paced_itch,1,total,11306.7,11520,408
2,spsc_unaligned_65536_cross-core_paced_itch,1,total,11520,11733.3,355
2,spsc_unaligned_65536_cross-core_paced_itch,1,total,11733.3,11946.7,370
2,spsc_unaligned_65536_cross-core_paced_itch,1,total,11946.7,12160,337
2,spsc_unaligned_65536_cross-core_paced_itch,1,total,12160,12373.3,320
2,spsc_unaligned_65536_cross-core_paced_itch,1,total,12373.3,12586.7,352
2,spsc_unaligned_65536_cross-core_paced_itch,1,total,12586.7,12800,303
2,spsc_unaligned_65536_cross-core_paced_itch,1,total,12800,13013.3,352
2,spsc_unaligned_65536_cross-core_paced_itch,1,total,13013.3,13226.7,299
2,spsc_unaligned_65536_cross-core_paced_itch,1,total,13226.7,13440,303
2,spsc_unaligned_65536_cross-core_paced_itch,1,total,13440,13653.3,293
2,spsc_unaligned_65536_cross-core_paced_itch,1,total,13653.3,14080,548
2,spsc_unaligned_65536_cross-core_paced_itch,1,total,14080,14506.7,475
2,spsc_unaligned_65536_cross-core_paced_itch,1,total,14506.7,14933.3,406
2,spsc_unaligned_65536_cross-core_paced_itch,1,total,14933.3,15360,354
2,spsc_unaligned_65536_cross-core_paced_itch,1,total,15360,15786.7,276
2,spsc_unaligned_65536_cross-core_paced_itch,1,total,15786.7,16213.3,261
2,spsc_unaligned_65536_cross-core_paced_itch,1,total,16213.3,16640,191
2,spsc_unaligned_65536_cross-core_paced_itch,1,total,16640,17066.7,185
2,spsc_unaligned_65536_cross-core_paced_itch,1,total,17066.7,17493.3,168
2,spsc_unaligned_65536_cross-core_paced_itch,1,total,17493.3,17920,192
2,spsc_unaligned_65536_cross-core_paced_itch,1,total,17920,18346.7,155
2,spsc_unaligned_65536_cross-core_paced_itch,1,total,18346.7,18773.3,119
2,spsc_unaligned_65536_cross-core_paced_itch,1,total,18773.3,19200,129
2,spsc_unaligned_65536_cross-core_paced_itch,1,total,19200,19626.7,104
2,spsc_unaligned_65536_cross-core_paced_itch,1,total,19626.7,20053.3,112
2,spsc_unaligned_65536_cross-core_paced_itch,1,total,20053.3,20480,129
2,spsc_unaligned_65536_cross-core_paced_itch,1,total,20480,20906.7,112
2,spsc_unaligned_65536_cross-core_paced_itch,1,total,20906.7,21333.3,105
2,spsc_unaligned_65536_cross-core_paced_itch,1,total,21333.3,21760,88
2,spsc_unaligned_65536_cross-core_paced_itch,1,total,21760,22186.7,88
2,spsc_unaligned_65536_cross-core_paced_itch,1,total,22186.7,22613.3,85
2,spsc_unaligned_65536_cross-core_paced_itch,1,total,22613.3,23040,109
2,spsc_unaligned_65536_cross-core_paced_itch,1,total,23040,23466.7,108
2,spsc_unaligned_65536_cross-core_paced_itch,1,total,23466.7,23893.3,99
2,spsc_unaligned_65536_cross-core_paced_itch,1,total,23893.3,24320,101
2,spsc_unaligned_65536_cross-core_paced_itch,1,total,24320,24746.7,110
2,spsc_unaligned_65536_cross-core_paced_itch,1,total,24746.7,25173.3,99
2,spsc_unaligned_65536_cross-core_paced_itch,1,total,25173.3,25600,88
2,spsc_unaligned_65536_cross-core_paced_itch,1,total,25600,26026.7,68
2,spsc_unaligned_65536_cross-core_paced_itch,1,total,26026.7,26453.3,81
2,spsc_unaligned_65536_cross-core_paced_itch,1,total,26453.3,26880,67
2,spsc_unaligned_65536_cross-core_paced_itch,1,total,26880,27306.7,66
2,spsc_unaligned_65536_cross-core_paced_itch,1,total,27306.7,28160,130
2,spsc_unaligned_65536_cross-core_paced_itch,1,total,28160,29013.3,137
2,spsc_unaligned_65536_cross-core_paced_itch,1,total,29013.3,29866.7,129
2,spsc_unaligned_65536_cross-core_paced_itch,1,total,29866.7,30720,102
2,spsc_unaligned_65536_cross-core_paced_itch,1,total,30720,31573.3,144
2,spsc_unaligned_65536_cross-core_paced_itch,1,total,31573.3,32426.7,153
2,spsc_unaligned_65536_cross-core_paced_itch,1,total,32426.7,33280,115
2,spsc_unaligned_65536_cross-core_paced_itch,1,total,33280,34133.3,124
2,spsc_unaligned_65536_cross-core_paced_itch,1,total,34133.3,34986.7,100
2,spsc_unaligned_65536_cross-core_paced_itch,1,total,34986.7,35840,105
2,spsc_unaligned_65536_cross-core_paced_itch,1,total,35840,36693.3,110
2,spsc_unaligned_65536_cross-core_paced_itch,1,total,36693.3,37546.7,102
2,spsc_unaligned_65536_cross-core_paced_itch,1,total,37546.7,38400,92
2,spsc_unaligned_65536_cross-core_paced_itch,1,total,38400,39253.3,73
2,spsc_unaligned_65536_cross-core_paced_itch,1,total,39253.3,40106.7,78
2,spsc_unaligned_65536_cross-core_paced_itch,1,total,40106.7,40960,95
2,spsc_unaligned_65536_cross-core_paced_itch,1,total,40960,41813.3,66
2,spsc_unaligned_65536_cross-core_paced_itch,1,total,41813.3,42666.7,56
2,spsc_unaligned_65536_cross-core_paced_itch,1,total,42666.7,43520,53
2,spsc_unaligned_65536_cross-core_paced_itch,1,total,43520,44373.3,78
2,spsc_unaligned_65536_cross-core_paced_itch,1,total,44373.3,45226.7,59
2,spsc_unaligned_65536_cross-core_paced_itch,1,total,45226.7,46080,51
2,spsc_unaligned_65536_cross-core_paced_itch,1,total,46080,46933.3,56
2,spsc_unaligned_65536_cross-core_paced_itch,1,total,46933.3,47786.7,67
2,spsc_unaligned_65536_cross-core_paced_itch,1,total,47786.7,48640,67
2,spsc_unaligned_65536_cross-core_paced_itch,1,total,48640,49493.3,64
2,spsc_unaligned_65536_cross-core_paced_itch,1,total,49493.3,50346.7,67
2,spsc_unaligned_65536_cross-core_paced_itch,1,total,50346.7,51200,50
2,spsc_unaligned_65536_cross-core_paced_itch,1,total,51200,52053.3,48
2,spsc_unaligned_65536_cross-core_paced_itch,1,total,52053.3,52906.7,48
2,spsc_unaligned_65536_cross-core_paced_itch,1,total,52906.7,53760,37
2,spsc_unaligned_65536_cross-core_paced_itch,1,total,53760,54613.3,37
2,spsc_unaligned_65536_cross-core_paced_itch,1,total,54613.3,56320,103
2,spsc_unaligned_65536_cross-core_paced_itch,1,total,56320,58026.7,88
2,spsc_unaligned_65536_cross-core_paced_itch,1,total,58026.7,59733.3,114
2,spsc_unaligned_65536_cross-core_paced_itch,1,total,59733.3,61440,98
2,spsc_unaligned_65536_cross-core_paced_itch,1,total,61440,63146.7,86
2,spsc_unaligned_65536_cross-core_paced_itch,1,total,63146.7,64853.3,68
2,spsc_unaligned_65536_cross-core_paced_itch,1,total,64853.3,66560,79
2,spsc_unaligned_65536_cross-core_paced_itch,1,total,66560,68266.7,85
2,spsc_unaligned_65536_cross-core_paced_itch,1,total,68266.7,69973.3,90
2,spsc_unaligned_65536_cross-core_paced_itch,1,total,69973.3,71680,68
2,spsc_unaligned_65536_cross-core_paced_itch,1,total,71680,73386.7,110
2,spsc_unaligned_65536_cross-core_paced_itch,1,total,73386.7,75093.3,98
2,spsc_unaligned_65536_cross-core_paced_itch,1,total,75093.3,76800,88
2,spsc_unaligned_65536_cross-core_paced_itch,1,total,76800,78506.7,59
2,spsc_unaligned_65536_cross-core_paced_itch,1,total,78506.7,80213.3,69
2,spsc_unaligned_65536_cross-core_paced_itch,1,total,80213.3,81920,67
2,spsc_unaligned_65536_cross-core_paced_itch,1,total,81920,83626.7,55
2,spsc_unaligned_65536_cross-core_paced_itch,1,total,83626.7,85333.3,43
2,spsc_unaligned_65536_cross-core_paced_itch,1,total,85333.3,87040,43
2,spsc_unaligned_65536_cross-core_paced_itch,1,total,87040,88746.7,25
2,spsc_unaligned_65536_cross-core_paced_itch,1,total,88746.7,90453.3,36
2,spsc_unaligned_65536_cross-core_paced_itch,1,total,90453.3,92160,29
2,spsc_unaligned_65536_cross-core_paced_itch,1,total,92160,93866.7,48
2,spsc_unaligned_65536_cross-core_paced_itch,1,total,93866.7,95573.3,47
2,spsc_unaligned_65536_cross-core_paced_itch,1,total,95573.3,97280,35
2,spsc_unaligned_65536_cross-core_paced_itch,1,total,97280,98986.6,55
2,spsc_unaligned_65536_cross-core_paced_itch,1,total,98986.6,100693,54
2,spsc_unaligned_65536_cross-core_paced_itch,1,total,100693,102400,27
2,spsc_unaligned_65536_cross-core_paced_itch,1,total,102400,104107,39
2,spsc_unaligned_65536_cross-core_paced_itch,1,total,104107,105813,41
2,spsc_unaligned_65536_cross-core_paced_itch,1,total,105813,107520,28
2,spsc_unaligned_65536_cross-core_paced_itch,1,total,107520,109227,36
2,spsc_unaligned_65536_cross-core_paced_itch,1,total,109227,112640,73
2,spsc_unaligned_65536_cross-core_paced_itch,1,total,112640,116053,43
2,spsc_unaligned_65536_cross-core_paced_itch,1,total,116053,119467,49
2,spsc_unaligned_65536_cross-core_paced_itch,1,total,119467,122880,37
2,spsc_unaligned_65536_cross-core_paced_itch,1,total,122880,126293,48
2,spsc_unaligned_65536_cross-core_paced_itch,1,total,126293,129707,42
2,spsc_unaligned_65536_cross-core_paced_itch,1,total,129707,133120,73
2,spsc_unaligned_65536_cross-core_paced_itch,1,total,133120,136533,40
2,spsc_unaligned_65536_cross-core_paced_itch,1,total,136533,139947,26
2,spsc_unaligned_65536_cross-core_paced_itch,1,total,139947,143360,34
2,spsc_unaligned_65536_cross-core_paced_itch,1,total,143360,146773,36
2,spsc_unaligned_65536_cross-core_paced_itch,1,total,146773,150187,43
2,spsc_unaligned_65536_cross-core_paced_itch,1,total,150187,153600,59
2,spsc_unaligned_65536_cross-core_paced_itch,1,total,153600,157013,52
2,spsc_unaligned_65536_cross-core_paced_itch,1,total,157013,160427,39
2,spsc_unaligned_65536_cross-core_paced_itch,1,total,160427,163840,45
2,spsc_unaligned_65536_cross-core_paced_itch,1,total,163840,167253,44
2,spsc_unaligned_65536_cross-core_paced_itch,1,total,167253,170667,27
2,spsc_unaligned_65536_cross-core_paced_itch,1,total,170667,174080,29
2,spsc_unaligned_65536_cross-core_paced_itch,1,total,174080,177493,35
2,spsc_unaligned_65536_cross-core_paced_itch,1,total,177493,180907,21
2,spsc_unaligned_65536_cross-core_paced_itch,1,total,180907,184320,40
2,spsc_unaligned_65536_cross-core_paced_itch,1,total,184320,187733,37
2,spsc_unaligned_65536_cross-core_paced_itch,1,total,187733,191147,31
2,spsc_unaligned_65536_cross-core_paced_itch,1,total,191147,194560,21
2,spsc_unaligned_65536_cross-core_paced_itch,1,total,194560,197973,24
2,spsc_unaligned_65536_cross-core_paced_itch,1,total,197973,201387,27
2,spsc_unaligned_65536_cross-core_paced_itch,1,total,201387,204800,19
2,spsc_unaligned_65536_cross-core_paced_itch,1,total,204800,208213,22
2,spsc_unaligned_65536_cross-core_paced_itch,1,total,208213,211627,15
2,spsc_unaligned_65536_cross-core_paced_itch,1,total,211627,215040,19
2,spsc_unaligned_65536_cross-core_paced_itch,1,total,215040,218453,20
2,spsc_unaligned_65536_cross-core_paced_itch,1,total,218453,225280,53
2,spsc_unaligned_65536_cross-core_paced_itch,1,total,225280,232107,68
2,spsc_unaligned_65536_cross-core_paced_itch,1,total,232107,238933,90
2,spsc_unaligned_65536_cross-core_paced_itch,1,total,238933,245760,87
2,spsc_unaligned_65536_cross-core_paced_itch,1,total,245760,252587,147
2,spsc_unaligned_65536_cross-core_paced_itch,1,total,252587,259413,198
2,spsc_unaligned_65536_cross-core_paced_itch,1,total,259413,266240,149
2,spsc_unaligned_65536_cross-core_paced_itch,1,total,266240,273067,99
2,spsc_unaligned_65536_cross-core_paced_itch,1,total,273067,279893,115
2,spsc_unaligned_65536_cross-core_paced_itch,1,total,279893,286720,96
2,spsc_unaligned_65536_cross-core_paced_itch,1,total,286720,293547,61
2,spsc_unaligned_65536_cross-core_paced_itch,1,total,293547,300373,55
2,spsc_unaligned_65536_cross-core_paced_itch,1,total,300373,307200,40
2,spsc_unaligned_65536_cross-core_paced_itch,1,total,307200,314027,22
2,spsc_unaligned_65536_cross-core_paced_itch,1,total,314027,320853,29
2,spsc_unaligned_65536_cross-core_paced_itch,1,total,320853,327680,18
2,spsc_unaligned_65536_cross-core_paced_itch,1,total,327680,334507,24
2,spsc_unaligned_65536_cross-core_paced_itch,1,total,334507,341333,23
2,spsc_unaligned_65536_cross-core_paced_itch,1,total,341333,348160,30
2,spsc_unaligned_65536_cross-core_paced_itch,1,total,348160,354987,21
2,spsc_unaligned_65536_cross-core_paced_itch,1,total,354987,361813,22
2,spsc_unaligned_65536_cross-core_paced_itch,1,total,361813,368640,18
2,spsc_unaligned_65536_cross-core_paced_itch,1,total,368640,375467,35
2,spsc_unaligned_65536_cross-core_paced_itch,1,total,375467,382293,37
2,spsc_unaligned_65536_cross-core_paced_itch,1,total,382293,389120,36
2,spsc_unaligned_65536_cross-core_paced_itch,1,total,389120,395947,15
2,spsc_unaligned_65536_cross-core_paced_itch,1,total,395947,402773,18
2,spsc_unaligned_65536_cross-core_paced_itch,1,total,402773,409600,25
2,spsc_unaligned_65536_cross-core_paced_itch,1,total,409600,416427,12
2,spsc_unaligned_65536_cross-core_paced_itch,1,total,416427,423253,58
2,spsc_unaligned_65536_cross-core_paced_itch,1,total,423253,430080,84
2,spsc_unaligned_65536_cross-core_paced_itch,1,total,430080,436907,52
2,spsc_unaligned_65536_cross-core_paced_itch,1,total,436907,450560,212
2,spsc_unaligned_65536_cross-core_paced_itch,1,total,450560,464213,186
2,spsc_unaligned_65536_cross-core_paced_itch,1,total,464213,477867,93
2,spsc_unaligned_65536_cross-core_paced_itch,1,total,477867,491520,188
2,spsc_unaligned_65536_cross-core_paced_itch,1,total,491520,505173,136
2,spsc_unaligned_65536_cross-core_paced_itch,1,total,505173,518827,195
2,spsc_unaligned_65536_cross-core_paced_itch,1,total,518827,532480,276
2,spsc_unaligned_65536_cross-core_paced_itch,1,total,532480,546133,362
2,spsc_unaligned_65536_cross-core_paced_itch,1,total,546133,559787,255
2,spsc_unaligned_65536_cross-core_paced_itch,1,total,559787,573440,201
2,spsc_unaligned_65536_cross-core_paced_itch,1,total,573440,587093,191
2,spsc_unaligned_65536_cross-core_paced_itch,1,total,587093,600747,91
2,spsc_unaligned_65536_cross-core_paced_itch,1,total,600747,614400,49
2,spsc_unaligned_65536_cross-core_paced_itch,1,total,614400,628053,36
2,spsc_unaligned_65536_cross-core_paced_itch,1,total,628053,641707,49
2,spsc_unaligned_65536_cross-core_paced_itch,1,total,641707,655360,61
2,spsc_unaligned_65536_cross-core_paced_itch,1,total,655360,669013,103
2,spsc_unaligned_65536_cross-core_paced_itch,1,total,669013,682667,48
2,spsc_unaligned_65536_cross-core_paced_itch,1,total,682667,696320,26
2,spsc_unaligned_65536_cross-core_paced_itch,1,total,696320,709973,53
2,spsc_unaligned_65536_cross-core_paced_itch,1,total,709973,723627,68
2,spsc_unaligned_65536_cross-core_paced_itch,1,total,723627,737280,38
2,spsc_unaligned_65536_cross-core_paced_itch,1,total,737280,750933,53
2,spsc_unaligned_65536_cross-core_paced_itch,1,total,750933,764587,116
2,spsc_unaligned_65536_cross-core_paced_itch,1,total,764587,778240,158
2,spsc_unaligned_65536_cross-core_paced_itch,1,total,778240,791893,69
2,spsc_unaligned_65536_cross-core_paced_itch,1,total,791893,805547,108
2,spsc_unaligned_65536_cross-core_paced_itch,1,total,805547,819200,70
2,spsc_unaligned_65536_cross-core_paced_itch,1,total,819200,832853,20
2,spsc_unaligned_65536_cross-core_paced_itch,1,total,832853,846507,95
2,spsc_unaligned_65536_cross-core_paced_itch,1,total,846507,860160,42
2,spsc_unaligned_65536_cross-core_paced_itch,1,total,860160,873813,73
2,spsc_unaligned_65536_cross-core_paced_itch,1,total,873813,901120,261
2,spsc_unaligned_65536_cross-core_paced_itch,1,total,901120,928427,107
2,spsc_unaligned_65536_cross-core_paced_itch,1,total,928427,955733,196
2,spsc_unaligned_65536_cross-core_paced_itch,1,total,955733,983040,108
2,spsc_unaligned_65536_cross-core_paced_itch,1,total,983040,1.01035e+06,161
2,spsc_unaligned_65536_cross-core_paced_itch,1,total,1.01035e+06,1.03765e+06,161
2,spsc_unaligned_65536_cross-core_paced_itch,1,total,1.03765e+06,1.06496e+06,135
2,spsc_unaligned_65536_cross-core_paced_itch,1,total,1.06496e+06,1.09227e+06,171
2,spsc_unaligned_65536_cross-core_paced_itch,1,total,1.09227e+06,1.11957e+06,182
2,spsc_unaligned_65536_cross-core_paced_itch,1,total,1.11957e+06,1.14688e+06,166
2,spsc_unaligned_65536_cross-core_paced_itch,1,total,1.14688e+06,1.17419e+06,235
2,spsc_unaligned_65536_cross-core_paced_itch,1,total,1.17419e+06,1.20149e+06,380
2,spsc_unaligned_65536_cross-core_paced_itch,1,total,1.20149e+06,1.2288e+06,694
2,spsc_unaligned_65536_cross-core_paced_itch,1,total,1.2288e+06,1.25611e+06,239
2,spsc_unaligned_65536_cross-core_paced_itch,1,total,1.25611e+06,1.28341e+06,49
2,spsc_unaligned_65536_cross-core_paced_itch,1,total,1.28341e+06,1.31072e+06,37
2,spsc_unaligned_65536_cross-core_paced_itch,1,total,1.31072e+06,1.33803e+06,34
2,spsc_unaligned_65536_cross-core_paced_itch,1,total,1.33803e+06,1.36533e+06,39
2,spsc_unaligned_65536_cross-core_paced_itch,1,total,1.36533e+06,1.39264e+06,62
2,spsc_unaligned_65536_cross-core_paced_itch,1,total,1.39264e+06,1.41995e+06,122
2,spsc_unaligned_65536_cross-core_paced_itch,1,total,1.41995e+06,1.44725e+06,142
2,spsc_unaligned_65536_cross-core_paced_itch,1,total,1.44725e+06,1.47456e+06,192
2,spsc_unaligned_65536_cross-core_paced_itch,1,total,1.47456e+06,1.50187e+06,368
2,spsc_unaligned_65536_cross-core_paced_itch,1,total,1.50187e+06,1.52917e+06,58
2,spsc_unaligned_65536_cross-core_paced_itch,1,total,1.52917e+06,1.55648e+06,132
2,spsc_unaligned_65536_cross-core_paced_itch,1,total,1.55648e+06,1.58379e+06,120
2,spsc_unaligned_65536_cross-core_paced_itch,1,total,1.58379e+06,1.61109e+06,189
2,spsc_unaligned_65536_cross-core_paced_itch,1,total,1.61109e+06,1.6384e+06,26
2,spsc_unaligned_65536_cross-core_paced_itch,1,total,1.6384e+06,1.66571e+06,63
2,spsc_unaligned_65536_cross-core_paced_itch,1,total,1.66571e+06,1.69301e+06,160
2,spsc_unaligned_65536_cross-core_paced_itch,1,total,1.69301e+06,1.72032e+06,232
2,spsc_unaligned_65536_cross-core_paced_itch,1,total,1.72032e+06,1.74763e+06,358
2,spsc_unaligned_65536_cross-core_paced_itch,1,total,1.74763e+06,1.80224e+06,578
2,spsc_unaligned_65536_cross-core_paced_itch,1,total,1.80224e+06,1.85685e+06,676
2,spsc_unaligned_65536_cross-core_paced_itch,1,total,1.85685e+06,1.91147e+06,488
2,spsc_unaligned_65536_cross-core_paced_itch,1,total,1.91147e+06,1.96608e+06,242
2,spsc_unaligned_65536_cross-core_paced_itch,1,total,1.96608e+06,2.02069e+06,98
2,spsc_unaligned_65536_cross-core_paced_itch,1,total,2.02069e+06,2.07531e+06,295
2,spsc_unaligned_65536_cross-core_paced_itch,1,total,2.07531e+06,2.12992e+06,322
2,spsc_unaligned_65536_cross-core_paced_itch,1,total,2.12992e+06,2.18453e+06,162
2,spsc_unaligned_65536_cross-core_paced_itch,1,total,2.18453e+06,2.23915e+06,503
2,spsc_unaligned_65536_cross-core_paced_itch,1,total,2.23915e+06,2.29376e+06,581
2,spsc_unaligned_65536_cross-core_paced_itch,1,total,2.29376e+06,2.34837e+06,64
2,spsc_unaligned_65536_cross-core_paced_itch,1,queue,186.667,190,2
2,spsc_unaligned_65536_cross-core_paced_itch,1,queue,213.333,220,1
2,spsc_unaligned_65536_cross-core_paced_itch,1,queue,226.667,233.333,1
2,spsc_unaligned_65536_cross-core_paced_itch,1,queue,233.333,240,4
2,spsc_unaligned_65536_cross-core_paced_itch,1,queue,240,246.667,19
2,spsc_unaligned_65536_cross-core_paced_itch,1,queue,246.667,253.333,32
2,spsc_unaligned_65536_cross-core_paced_itch,1,queue,253.333,260,20
2,spsc_unaligned_65536_cross-core_paced_itch,1,queue,260,266.667,33
2,spsc_unaligned_65536_cross-core_paced_itch,1,queue,266.667,273.333,28
2,spsc_unaligned_65536_cross-core_paced_itch,1,queue,273.333,280,52
2,spsc_unaligned_65536_cross-core_paced_itch,1,queue,280,286.667,54
2,spsc_unaligned_65536_cross-core_paced_itch,1,queue,286.667,293.333,39
2,spsc_unaligned_65536_cross-core_paced_itch,1,queue,293.333,300,49
2,spsc_unaligned_65536_cross-core_paced_itch,1,queue,300,306.667,56
2,spsc_unaligned_65536_cross-core_paced_itch,1,queue,306.667,313.333,63
2,spsc_unaligned_65536_cross-core_paced_itch,1,queue,313.333,320,50
2,spsc_unaligned_65536_cross-core_paced_itch,1,queue,320,326.667,91
2,spsc_unaligned_65536_cross-core_paced_itch,1,queue,326.667,333.333,276
2,spsc_unaligned_65536_cross-core_paced_itch,1,queue,333.333,340,717
2,spsc_unaligned_65536_cross-core_paced_itch,1,queue,340,346.667,1010
2,spsc_unaligned_65536_cross-core_paced_itch,1,queue,346.667,353.333,888
2,spsc_unaligned_65536_cross-core_paced_itch,1,queue,353.333,360,984
2,spsc_unaligned_65536_cross-core_paced_itch,1,queue,360,366.667,1544
2,spsc_unaligned_65536_cross-core_paced_itch,1,queue,366.667,373.333,2060
2,spsc_unaligned_65536_cross-core_paced_itch,1,queue,373.333,380,2617
2,spsc_unaligned_65536_cross-core_paced_itch,1,queue,380,386.667,3076
2,spsc_unaligned_65536_cross-core_paced_itch,1,queue,386.667,393.333,2889
2,spsc_unaligned_65536_cross-core_paced_itch,1,queue,393.333,400,1998
2,spsc_unaligned_65536_cross-core_paced_itch,1,queue,400,406.667,1054
2,spsc_unaligned_65536_cross-core_paced_itch,1,queue,406.667,413.333,610
2,spsc_unaligned_65536_cross-core_paced_itch,1,queue,413.333,420,997
2,spsc_unaligned_65536_cross-core_paced_itch,1,queue,420,426.667,3746
2,spsc_unaligned_65536_cross-core_paced_itch,1,queue,426.667,440,15326
2,spsc_unaligned_65536_cross-core_paced_itch,1,queue,440,453.333,16315
2,spsc_unaligned_65536_cross-core_paced_itch,1,queue,453.333,466.667,21399
2,spsc_unaligned_65536_cross-core_paced_itch,1,queue,466.667,480,9802
2,spsc_unaligned_65536_cross-core_paced_itch,1,queue,480,493.333,7367
2,spsc_unaligned_65536_cross-core_paced_itch,1,queue,493.333,506.667,12585
2,spsc_unaligned_65536_cross-core_paced_itch,1,queue,506.667,520,11691
2,spsc_unaligned_65536_cross-core_paced_itch,1,queue,520,533.333,4506
2,spsc_unaligned_65536_cross-core_paced_itch,1,queue,533.333,546.667,2313
2,spsc_unaligned_65536_cross-core_paced_itch,1,queue,546.667,560,2271
2,spsc_unaligned_65536_cross-core_paced_itch,1,queue,560,573.333,1982
2,spsc_unaligned_65536_cross-core_paced_itch,1,queue,573.333,586.667,2053
2,spsc_unaligned_65536_cross-core_paced_itch,1,queue,586.667,600,2911
2,spsc_unaligned_65536_cross-core_paced_itch,1,queue,600,613.333,3253
2,spsc_unaligned_65536_cross-core_paced_itch,1,queue,613.333,626.667,2946
2,spsc_unaligned_65536_cross-core_paced_itch,1,queue,626.667,640,2524
2,spsc_unaligned_65536_cross-core_paced_itch,1,queue,640,653.333,2126
2,spsc_unaligned_65536_cross-core_paced_itch,1,queue,653.333,666.667,1997
2,spsc_unaligned_65536_cross-core_paced_itch,1,queue,666.667,680,1993
2,spsc_unaligned_65536_cross-core_paced_itch,1,queue,680,693.333,1901
2,spsc_unaligned_65536_cross-core_paced_itch,1,queue,693.333,706.667,1684
2,spsc_unaligned_65536_cross-core_paced_itch,1,queue,706.667,720,1370
2,spsc_unaligned_65536_cross-core_paced_itch,1,queue,720,733.333,1114
2,spsc_unaligned_65536_cross-core_paced_itch,1,queue,733.333,746.667,984
2,spsc_unaligned_65536_cross-core_paced_itch,1,queue,746.667,760,903
2,spsc_unaligned_65536_cross-core_paced_itch,1,queue,760,773.333,799
2,spsc_unaligned_65536_cross-core_paced_itch,1,queue,773.333,786.667,731
2,spsc_unaligned_65536_cross-core_paced_itch,1,queue,786.667,800,733
2,spsc_unaligned_65536_cross-core_paced_itch,1,queue,800,813.333,673
2,spsc_unaligned_65536_cross-core_paced_itch,1,queue,813.333,826.667,698
2,spsc_unaligned_65536_cross-core_paced_itch,1,queue,826.667,840,639
2,spsc_unaligned_65536_cross-core_paced_itch,1,queue,840,853.333,632
2,spsc_unaligned_65536_cross-core_paced_itch,1,queue,853.333,880,1208
2,spsc_unaligned_65536_cross-core_paced_itch,1,queue,880,906.667,1068
2,spsc_unaligned_65536_cross-core_paced_itch,1,queue,906.667,933.333,1021
2,spsc_unaligned_65536_cross-core_paced_itch,1,queue,933.333,960,980
2,spsc_unaligned_65536_cross-core_paced_itch,1,queue,960,986.666,905
2,spsc_unaligned_65536_cross-core_paced_itch,1,queue,986.666,1013.33,830
2,spsc_unaligned_65536_cross-core_paced_itch,1,queue,1013.33,1040,769
2,spsc_unaligned_65536_cross-core_paced_itch,1,queue,1040,1066.67,691
2,spsc_unaligned_65536_cross-core_paced_itch,1,queue,1066.67,1093.33,674
2,spsc_unaligned_65536_cross-core_paced_itch,1,queue,1093.33,1120,581
2,spsc_unaligned_65536_cross-core_paced_itch,1,queue,1120,1146.67,631
2,spsc_unaligned_65536_cross-core_paced_itch,1,queue,1146.67,1173.33,592
2,spsc_unaligned_65536_cross-core_paced_itch,1,queue,1173.33,1200,600
2,spsc_unaligned_65536_cross-core_paced_itch,1,queue,1200,1226.67,575
2,spsc_unaligned_65536_cross-core_paced_itch,1,queue,1226.67,1253.33,559
2,spsc_unaligned_65536_cross-core_paced_itch,1,queue,1253.33,1280,528
2,spsc_unaligned_65536_cross-core_paced_itch,1,queue,1280,1306.67,539
2,spsc_unaligned_65536_cross-core_paced_itch,1,queue,1306.67,1333.33,540
2,spsc_unaligned_65536_cross-core_paced_itch,1,queue,1333.33,1360,481
2,spsc_unaligned_65536_cross-core_paced_itch,1,queue,1360,1386.67,495
2,spsc_unaligned_65536_cross-core_paced_itch,1,queue,1386.67,1413.33,436
2,spsc_unaligned_65536_cross-core_paced_itch,1,queue,1413.33,1440,489
2,spsc_unaligned_65536_cross-core_paced_itch,1,queue,1440,1466.67,486
2,spsc_unaligned_65536_cross-core_paced_itch,1,queue,1466.67,1493.33,488
2,spsc_unaligned_65536_cross-core_paced_itch,1,queue,1493.33,1520,441
2,spsc_unaligned_65536_cross-core_paced_itch,1,queue,1520,1546.67,490
2,spsc_unaligned_65536_cross-core_paced_itch,1,queue,1546.67,1573.33,449
2,spsc_unaligned_65536_cross-core_paced_itch,1,queue,1573.33,1600,430
2,spsc_unaligned_65536_cross-core_paced_itch,1,queue,1600,1626.67,382
2,spsc_unaligned_65536_cross-core_paced_itch,1,queue,1626.67,1653.33,393
2,spsc_unaligned_65536_cross-core_paced_itch,1,queue,1653.33,1680,427
2,spsc_unaligned_65536_cross-core_paced_itch,1,queue,1680,1706.67,425
2,spsc_unaligned_65536_cross-core_paced_itch,1,queue,1706.67,1760,806
2,spsc_unaligned_65536_cross-core_paced_itch,1,queue,1760,1813.33,777
2,spsc_unaligned_65536_cross-core_paced_itch,1,queue,1813.33,1866.67,813
2,spsc_unaligned_65536_cross-core_paced_itch,1,queue,1866.67,1920,724
2,spsc_unaligned_65536_cross-core_paced_itch,1,queue,1920,1973.33,680
2,spsc_unaligned_65536_cross-core_paced_itch,1,queue,1973.33,2026.67,712
2,spsc_unaligned_65536_cross-core_paced_itch,1,queue,2026.67,2080,655
2,spsc_unaligned_65536_cross-core_paced_itch,1,queue,2080,2133.33,663
2,spsc_unaligned_65536_cross-core_paced_itch,1,queue,2133.33,2186.67,587
2,spsc_unaligned_65536_cross-core_paced_itch,1,queue,2186.67,2240,626
2,spsc_unaligned_65536_cross-core_paced_itch,1,queue,2240,2293.33,674
2,spsc_unaligned_65536_cross-core_paced_itch,1,queue,2293.33,2346.67,603
2,spsc_unaligned_65536_cross-core_paced_itch,1,queue,2346.67,2400,596
2,spsc_unaligned_65536_cross-core_paced_itch,1,queue,2400,2453.33,576
2,spsc_unaligned_65536_cross-core_paced_itch,1,queue,2453.33,2506.67,570
2,spsc_unaligned_65536_cross-core_paced_itch,1,queue,2506.67,2560,567
2,spsc_unaligned_65536_cross-core_paced_itch,1,queue,2560,2613.33,578
2,spsc_unaligned_65536_cross-core_paced_itch,1,queue,2613.33,2666.67,530
2,spsc_unaligned_65536_cross-core_paced_itch,1,queue,2666.67,2720,538
2,spsc_unaligned_65536_cross-core_paced_itch,1,queue,2720,2773.33,520
2,spsc_unaligned_65536_cross-core_paced_itch,1,queue,2773.33,2826.67,522
2,spsc_unaligned_65536_cross-core_paced_itch,1,queue,2826.67,2880,510
2,spsc_unaligned_65536_cross-core_paced_itch,1,queue,2880,2933.33,526
2,spsc_unaligned_65536_cross-core_paced_itch,1,queue,2933.33,2986.67,531
2,spsc_unaligned_65536_cross-core_paced_itch,1,queue,2986.67,3040,519
2,spsc_unaligned_65536_cross-core_paced_itch,1,queue,3040,3093.33,530
2,spsc_unaligned_65536_cross-core_paced_itch,1,queue,3093.33,3146.67,490
2,spsc_unaligned_65536_cross-core_paced_itch,1,queue,3146.67,3200,512
2,spsc_unaligned_65536_cross-core_paced_itch,1,queue,3200,3253.33,457
2,spsc_unaligned_65536_cross-core_paced_itch,1,queue,3253.33,3306.67,432
2,spsc_unaligned_65536_cross-core_paced_itch,1,queue,3306.67,3360,450
2,spsc_unaligned_65536_cross-core_paced_itch,1,queue,3360,3413.33,463
2,spsc_unaligned_65536_cross-core_paced_itch,1,queue,3413.33,3520,911
2,spsc_unaligned_65536_cross-core_paced_itch,1,queue,3520,3626.67,885
2,spsc_unaligned_65536_cross-core_paced_itch,1,queue,3626.67,3733.33,861
2,spsc_unaligned_65536_cross-core_paced_itch,1,queue,3733.33,3840,826
2,spsc_unaligned_65536_cross-core_paced_itch,1,queue,3840,3946.67,744
2,spsc_unaligned_65536_cross-core_paced_itch,1,queue,3946.67,4053.33,747
2,spsc_unaligned_65536_cross-core_paced_itch,1,queue,4053.33,4160,759
2,spsc_unaligned_65536_cross-core_paced_itch,1,queue,4160,4266.67,716
2,spsc_unaligned_65536_cross-core_paced_itch,1,queue,4266.67,4373.33,732
2,spsc_unaligned_65536_cross-core_paced_itch,1,queue,4373.33,4480,704
2,spsc_unaligned_65536_cross-core_paced_itch,1,queue,4480,4586.67,696
2,spsc_unaligned_65536_cross-core_paced_itch,1,queue,4586.67,4693.33,699
2,spsc_unaligned_65536_cross-core_paced_itch,1,queue,4693.33,4800,624
2,spsc_unaligned_65536_cross-core_paced_itch,1,queue,4800,4906.67,649
2,spsc_unaligned_65536_cross-core_paced_itch,1,queue,4906.67,5013.33,635
2,spsc_unaligned_65536_cross-core_paced_itch,1,queue,5013.33,5120,512
2,spsc_unaligned_65536_cross-core_paced_itch,1,queue,5120,5226.67,575
2,spsc_unaligned_65536_cross-core_paced_itch,1,queue,5226.67,5333.33,527
2,spsc_unaligned_65536_cross-core_paced_itch,1,queue,5333.33,5440,517
2,spsc_unaligned_65536_cross-core_paced_itch,1,queue,5440,5546.67,496
2,spsc_unaligned_65536_cross-core_paced_itch,1,queue,5546.67,5653.33,518
2,spsc_unaligned_65536_cross-core_paced_itch,1,queue,5653.33,5760,525
2,spsc_unaligned_65536_cross-core_paced_itch,1,queue,5760,5866.67,484
2,spsc_unaligned_65536_cross-core_paced_itch,1,queue,5866.67,5973.33,461
2,spsc_unaligned_65536_cross-core_paced_itch,1,queue,5973.33,6080,449
2,spsc_unaligned_65536_cross-core_paced_itch,1,queue,6080,6186.67,418
2,spsc_unaligned_65536_cross-core_paced_itch,1,queue,6186.67,6293.33,373
2,spsc_unaligned_65536_cross-core_paced_itch,1,queue,6293.33,6400,401
2,spsc_unaligned_65536_cross-core_paced_itch,1,queue,6400,6506.67,387
2,spsc_unaligned_65536_cross-core_paced_itch,1,queue,6506.67,6613.33,400
2,spsc_unaligned_65536_cross-core_paced_itch,1,queue,6613.33,6720,381
2,spsc_unaligned_65536_cross-core_paced_itch,1,queue,6720,6826.67,386
2,spsc_unaligned_65536_cross-core_paced_itch,1,queue,6826.67,7040,670
2,spsc_unaligned_65536_cross-core_paced_itch,1,queue,7040,7253.33,683
2,spsc_unaligned_65536_cross-core_paced_itch,1,queue,7253.33,7466.67,674
2,spsc_unaligned_65536_cross-core_paced_itch,1,queue,7466.67,7680,581
2,spsc_unaligned_65536_cross-core_paced_itch,1,queue,7680,7893.33,602
2,spsc_unaligned_65536_cross-core_paced_itch,1,queue,7893.33,8106.67,568
2,spsc_unaligned_65536_cross-core_paced_itch,1,queue,8106.67,8320,537
2,spsc_unaligned_65536_cross-core_paced_itch,1,queue,8320,8533.33,538
2,spsc_unaligned_65536_cross-core_paced_itch,1,queue,8533.33,8746.67,504
2,spsc_unaligned_65536_cross-core_paced_itch,1,queue,8746.67,8960,491
2,spsc_unaligned_65536_cross-core_paced_itch,1,queue,8960,9173.33,457
2,spsc_unaligned_65536_cross-core_paced_itch,1,queue,9173.33,9386.67,469
2,spsc_unaligned_65536_cross-core_paced_itch,1,queue,9386.67,9600,492
2,spsc_unaligned_65536_cross-core_paced_itch,1,queue,9600,9813.33,463
2,spsc_unaligned_65536_cross-core_paced_itch,1,queue,9813.33,10026.7,452
2,spsc_unaligned_65536_cross-core_paced_itch,1,queue,10026.7,10240,408
2,spsc_unaligned_65536_cross-core_paced_itch,1,queue,10240,10453.3,428
2,spsc_unaligned_65536_cross-core_paced_itch,1,queue,10453.3,10666.7,420
2,spsc_unaligned_65536_cross-core_paced_itch,1,queue,10666.7,10880,427
2,spsc_unaligned_65536_cross-core_paced_itch,1,queue,10880,11093.3,349
2,spsc_unaligned_65536_cross-core_paced_itch,1,queue,11093.3,11306.7,390
2,spsc_unaligned_65536_cross-core_paced_itch,1,queue,11306.7,11520,389
2,spsc_unaligned_65536_cross-core_paced_itch,1,queue,11520,11733.3,356
2,spsc_unaligned_65536_cross-core_paced_itch,1,queue,11733.3,11946.7,352
2,spsc_unaligned_65536_cross-core_paced_itch,1,queue,11946.7,12160,340
2,spsc_unaligned_65536_cross-core_paced_itch,1,queue,12160,12373.3,327
2,spsc_unaligned_65536_cross-core_paced_itch,1,queue,12373.3,12586.7,354
2,spsc_unaligned_65536_cross-core_paced_itch,1,queue,12586.7,12800,315
2,spsc_unaligned_65536_cross-core_paced_itch,1,queue,12800,13013.3,325
2,spsc_unaligned_65536_cross-core_paced_itch,1,queue,13013.3,13226.7,294
2,spsc_unaligned_65536_cross-core_paced_itch,1,queue,13226.7,13440,313
2,spsc_unaligned_65536_cross-core_paced_itch,1,queue,13440,13653.3,281
2,spsc_unaligned_65536_cross-core_paced_itch,1,queue,13653.3,14080,527
2,spsc_unaligned_65536_cross-core_paced_itch,1,queue,14080,14506.7,467
2,spsc_unaligned_65536_cross-core_paced_itch,1,queue,14506.7,14933.3,396
2,spsc_unaligned_65536_cross-core_paced_itch,1,queue,14933.3,15360,346
2,spsc_unaligned_65536_cross-core_paced_itch,1,queue,15360,15786.7,286
2,spsc_unaligned_65536_cross-core_paced_itch,1,queue,15786.7,16213.3,247
2,spsc_unaligned_65536_cross-core_paced_itch,1,queue,16213.3,16640,173
2,spsc_unaligned_65536_cross-core_paced_itch,1,queue,16640,17066.7,198
2,spsc_unaligned_65536_cross-core_paced_itch,1,queue,17066.7,17493.3,173
2,spsc_unaligned_65536_cross-core_paced_itch,1,queue,17493.3,17920,174
2,spsc_unaligned_65536_cross-core_paced_itch,1,queue,17920,18346.7,150
2,spsc_unaligned_65536_cross-core_paced_itch,1,queue,18346.7,18773.3,119
2,spsc_unaligned_65536_cross-core_paced_itch,1,queue,18773.3,19200,122
2,spsc_unaligned_65536_cross-core_paced_itch,1,queue,19200,19626.7,96
2,spsc_unaligned_65536_cross-core_paced_itch,1,queue,19626.7,20053.3,126
2,spsc_unaligned_65536_cross-core_paced_itch,1,queue,20053.3,20480,126
2,spsc_unaligned_65536_cross-core_paced_itch,1,queue,20480,20906.7,114
2,spsc_unaligned_65536_cross-core_paced_itch,1,queue,20906.7,21333.3,101
2,spsc_unaligned_65536_cross-core_paced_itch,1,queue,21333.3,21760,90
2,spsc_unaligned_65536_cross-core_paced_itch,1,queue,21760,22186.7,82
2,spsc_unaligned_65536_cross-core_paced_itch,1,queue,22186.7,22613.3,93
2,spsc_unaligned_65536_cross-core_paced_itch,1,queue,22613.3,23040,115
2,spsc_unaligned_65536_cross-core_paced_itch,1,queue,23040,23466.7,103
2,spsc_unaligned_65536_cross-core_paced_itch,1,queue,23466.7,23893.3,89
2,spsc_unaligned_65536_cross-core_paced_itch,1,queue,23893.3,24320,117
2,spsc_unaligned_65536_cross-core_paced_itch,1,queue,24320,24746.7,94
2,spsc_unaligned_65536_cross-core_paced_itch,1,queue,24746.7,25173.3,100
2,spsc_unaligned_65536_cross-core_paced_itch,1,queue,25173.3,25600,86
2,spsc_unaligned_65536_cross-core_paced_itch,1,queue,25600,26026.7,69
2,spsc_unaligned_65536_cross-core_paced_itch,1,queue,26026.7,26453.3,70
2,spsc_unaligned_65536_cross-core_paced_itch,1,queue,26453.3,26880,76
2,spsc_unaligned_65536_cross-core_paced_itch,1,queue,26880,27306.7,57
2,spsc_unaligned_65536_cross-core_paced_itch,1,queue,27306.7,28160,140
2,spsc_unaligned_65536_cross-core_paced_itch,1,queue,28160,29013.3,137
2,spsc_unaligned_65536_cross-core_paced_itch,1,queue,29013.3,29866.7,115
2,spsc_unaligned_65536_cross-core_paced_itch,1,queue,29866.7,30720,118
2,spsc_unaligned_65536_cross-core_paced_itch,1,queue,30720,31573.3,141
2,spsc_unaligned_65536_cross-core_paced_itch,1,queue,31573.3,32426.7,146
2,spsc_unaligned_65536_cross-core_paced_itch,1,queue,32426.7,33280,128
2,spsc_unaligned_65536_cross-core_paced_itch,1,queue,33280,34133.3,110
2,spsc_unaligned_65536_cross-core_paced_itch,1,queue,34133.3,34986.7,99
2,spsc_unaligned_65536_cross-core_paced_itch,1,queue,34986.7,35840,113
2,spsc_unaligned_65536_cross-core_paced_itch,1,queue,35840,36693.3,105
2,spsc_unaligned_65536_cross-core_paced_itch,1,queue,36693.3,37546.7,97
2,spsc_unaligned_65536_cross-core_paced_itch,1,queue,37546.7,38400,93
2,spsc_unaligned_65536_cross-core_paced_itch,1,queue,38400,39253.3,73
2,spsc_unaligned_65536_cross-core_paced_itch,1,queue,39253.3,40106.7,81
2,spsc_unaligned_65536_cross-core_paced_itch,1,queue,40106.7,40960,93
2,spsc_unaligned_65536_cross-core_paced_itch,1,queue,40960,41813.3,68
2,spsc_unaligned_65536_cross-core_paced_itch,1,queue,41813.3,42666.7,45
2,spsc_unaligned_65536_cross-core_paced_itch,1,queue,42666.7,43520,63
2,spsc_unaligned_65536_cross-core_paced_itch,1,queue,43520,44373.3,78
2,spsc_unaligned_65536_cross-core_paced_itch,1,queue,44373.3,45226.7,53
2,spsc_unaligned_65536_cross-core_paced_itch,1,queue,45226.7,46080,53
2,spsc_unaligned_65536_cross-core_paced_itch,1,queue,46080,46933.3,55
2,spsc_unaligned_65536_cross-core_paced_itch,1,queue,46933.3,47786.7,68
2,spsc_unaligned_65536_cross-core_paced_itch,1,queue,47786.7,48640,65
2,spsc_unaligned_65536_cross-core_paced_itch,1,queue,48640,49493.3,67
2,spsc_unaligned_65536_cross-core_paced_itch,1,queue,49493.3,50346.7,65
2,spsc_unaligned_65536_cross-core_paced_itch,1,queue,50346.7,51200,48
2,spsc_unaligned_65536_cross-core_paced_itch,1,queue,51200,52053.3,47
2,spsc_unaligned_65536_cross-core_paced_itch,1,queue,52053.3,52906.7,45
2,spsc_unaligned_65536_cross-core_paced_itch,1,queue,52906.7,53760,38
2,spsc_unaligned_65536_cross-core_paced_itch,1,queue,53760,54613.3,40
2,spsc_unaligned_65536_cross-core_paced_itch,1,queue,54613.3,56320,100
2,spsc_unaligned_65536_cross-core_paced_itch,1,queue,56320,58026.7,95
2,spsc_unaligned_65536_cross-core_paced_itch,1,queue,58026.7,59733.3,108
2,spsc_unaligned_65536_cross-core_paced_itch,1,queue,59733.3,61440,97
2,spsc_unaligned_65536_cross-core_paced_itch,1,queue,61440,63146.7,90
2,spsc_unaligned_65536_cross-core_paced_itch,1,queue,63146.7,64853.3,65
2,spsc_unaligned_65536_cross-core_paced_itch,1,queue,64853.3,66560,76
2,spsc_unaligned_65536_cross-core_paced_itch,1,queue,66560,68266.7,91
2,spsc_unaligned_65536_cross-core_paced_itch,1,queue,68266.7,69973.3,88
2,spsc_unaligned_65536_cross-core_paced_itch,1,queue,69973.3,71680,66
2,spsc_unaligned_65536_cross-core_paced_itch,1,queue,71680,73386.7,113
2,spsc_unaligned_65536_cross-core_paced_itch,1,queue,73386.7,75093.3,98
2,spsc_unaligned_65536_cross-core_paced_itch,1,queue,75093.3,76800,84
2,spsc_unaligned_65536_cross-core_paced_itch,1,queue,76800,78506.7,59
2,spsc_unaligned_65536_cross-core_paced_itch,1,queue,78506.7,80213.3,74
2,spsc_unaligned_65536_cross-core_paced_itch,1,queue,80213.3,81920,61
2,spsc_unaligned_65536_cross-core_paced_itch,1,queue,81920,83626.7,55
2,spsc_unaligned_65536_cross-core_paced_itch,1,queue,83626.7,85333.3,47
2,spsc_unaligned_65536_cross-core_paced_itch,1,queue,85333.3,87040,37
2,spsc_unaligned_65536_cross-core_paced_itch,1,queue,87040,88746.7,24
2,spsc_unaligned_65536_cross-core_paced_itch,1,queue,88746.7,90453.3,38
2,spsc_unaligned_65536_cross-core_paced_itch,1,queue,90453.3,92160,32
2,spsc_unaligned_65536_cross-core_paced_itch,1,queue,92160,93866.7,48
2,spsc_unaligned_65536_cross-core_paced_itch,1,queue,93866.7,95573.3,45
2,spsc_unaligned_65536_cross-core_paced_itch,1,queue,95573.3,97280,39
2,spsc_unaligned_65536_cross-core_paced_itch,1,queue,97280,98986.6,57
2,spsc_unaligned_65536_cross-core_paced_itch,1,queue,98986.6,100693,50
2,spsc_unaligned_65536_cross-core_paced_itch,1,queue,100693,102400,22
2,spsc_unaligned_65536_cross-core_paced_itch,1,queue,102400,104107,40
2,spsc_unaligned_65536_cross-core_paced_itch,1,queue,104107,105813,42
2,spsc_unaligned_65536_cross-core_paced_itch,1,queue,105813,107520,26
2,spsc_unaligned_65536_cross-core_paced_itch,1,queue,107520,109227,40
2,spsc_unaligned_65536_cross-core_paced_itch,1,queue,109227,112640,69
2,spsc_unaligned_65536_cross-core_paced_itch,1,queue,112640,116053,47
2,spsc_unaligned_65536_cross-core_paced_itch,1,queue,116053,119467,45
2,spsc_unaligned_65536_cross-core_paced_itch,1,queue,119467,122880,40
2,spsc_unaligned_65536_cross-core_paced_itch,1,queue,122880,126293,48
2,spsc_unaligned_65536_cross-core_paced_itch,1,queue,126293,129707,42
2,spsc_unaligned_65536_cross-core_paced_itch,1,queue,129707,133120,72
2,spsc_unaligned_65536_cross-core_paced_itch,1,queue,133120,136533,41
2,spsc_unaligned_65536_cross-core_paced_itch,1,queue,136533,139947,24
2,spsc_unaligned_65536_cross-core_paced_itch,1,queue,139947,143360,33
2,spsc_unaligned_65536_cross-core_paced_itch,1,queue,143360,146773,39
2,spsc_unaligned_65536_cross-core_paced_itch,1,queue,146773,150187,44
2,spsc_unaligned_65536_cross-core_paced_itch,1,queue,150187,153600,61
2,spsc_unaligned_65536_cross-core_paced_itch,1,queue,153600,157013,48
2,spsc_unaligned_65536_cross-core_paced_itch,1,queue,157013,160427,39
2,spsc_unaligned_65536_cross-core_paced_itch,1,queue,160427,163840,44
2,spsc_unaligned_65536_cross-core_paced_itch,1,queue,163840,167253,45
2,spsc_unaligned_65536_cross-core_paced_itch,1,queue,167253,170667,26
2,spsc_unaligned_65536_cross-core_paced_itch,1,queue,170667,174080,29
2,spsc_unaligned_65536_cross-core_paced_itch,1,queue,174080,177493,35
2,spsc_unaligned_65536_cross-core_paced_itch,1,queue,177493,180907,20
2,spsc_unaligned_65536_cross-core_paced_itch,1,queue,180907,184320,41
2,spsc_unaligned_65536_cross-core_paced_itch,1,queue,184320,187733,38
2,spsc_unaligned_65536_cross-core_paced_itch,1,queue,187733,191147,30
2,spsc_unaligned_65536_cross-core_paced_itch,1,queue,191147,194560,20
2,spsc_unaligned_65536_cross-core_paced_itch,1,queue,194560,197973,25
2,spsc_unaligned_65536_cross-core_paced_itch,1,queue,197973,201387,26
2,spsc_unaligned_65536_cross-core_paced_itch,1,queue,201387,204800,20
2,spsc_unaligned_65536_cross-core_paced_itch,1,queue,204800,208213,21
2,spsc_unaligned_65536_cross-core_paced_itch,1,queue,208213,211627,17
2,spsc_unaligned_65536_cross-core_paced_itch,1,queue,211627,215040,18
2,spsc_unaligned_65536_cross-core_paced_itch,1,queue,215040,218453,19
2,spsc_unaligned_65536_cross-core_paced_itch,1,queue,218453,225280,55
2,spsc_unaligned_65536_cross-core_paced_itch,1,queue,225280,232107,67
2,spsc_unaligned_65536_cross-core_paced_itch,1,queue,232107,238933,91
2,spsc_unaligned_65536_cross-core_paced_itch,1,queue,238933,245760,88
2,spsc_unaligned_65536_cross-core_paced_itch,1,queue,245760,252587,150
2,spsc_unaligned_65536_cross-core_paced_itch,1,queue,252587,259413,199
2,spsc_unaligned_65536_cross-core_paced_itch,1,queue,259413,266240,146
2,spsc_unaligned_65536_cross-core_paced_itch,1,queue,266240,273067,97
2,spsc_unaligned_65536_cross-core_paced_itch,1,queue,273067,279893,114
2,spsc_unaligned_65536_cross-core_paced_itch,1,queue,279893,286720,95
2,spsc_unaligned_65536_cross-core_paced_itch,1,queue,286720,293547,64
2,spsc_unaligned_65536_cross-core_paced_itch,1,queue,293547,300373,54
2,spsc_unaligned_65536_cross-core_paced_itch,1,queue,300373,307200,38
2,spsc_unaligned_65536_cross-core_paced_itch,1,queue,307200,314027,22
2,spsc_unaligned_65536_cross-core_paced_itch,1,queue,314027,320853,31
2,spsc_unaligned_65536_cross-core_paced_itch,1,queue,320853,327680,16
2,spsc_unaligned_65536_cross-core_paced_itch,1,queue,327680,334507,25
2,spsc_unaligned_65536_cross-core_paced_itch,1,queue,334507,341333,23
2,spsc_unaligned_65536_cross-core_paced_itch,1,queue,341333,348160,29
2,spsc_unaligned_65536_cross-core_paced_itch,1,queue,348160,354987,22
2,spsc_unaligned_65536_cross-core_paced_itch,1,queue,354987,361813,22
2,spsc_unaligned_65536_cross-core_paced_itch,1,queue,361813,368640,18
2,spsc_unaligned_65536_cross-core_paced_itch,1,queue,368640,375467,36
2,spsc_unaligned_65536_cross-core_paced_itch,1,queue,375467,382293,35
2,spsc_unaligned_65536_cross-core_paced_itch,1,queue,382293,389120,36
2,spsc_unaligned_65536_cross-core_paced_itch,1,queue,389120,395947,15
2,spsc_unaligned_65536_cross-core_paced_itch,1,queue,395947,402773,20
2,spsc_unaligned_65536_cross-core_paced_itch,1,queue,402773,409600,23
2,spsc_unaligned_65536_cross-core_paced_itch,1,queue,409600,416427,12
2,spsc_unaligned_65536_cross-core_paced_itch,1,queue,416427,423253,59
2,spsc_unaligned_65536_cross-core_paced_itch,1,queue,423253,430080,85
2,spsc_unaligned_65536_cross-core_paced_itch,1,queue,430080,436907,52
2,spsc_unaligned_65536_cross-core_paced_itch,1,queue,436907,450560,211
2,spsc_unaligned_65536_cross-core_paced_itch,1,queue,450560,464213,187
2,spsc_unaligned_65536_cross-core_paced_itch,1,queue,464213,477867,93
2,spsc_unaligned_65536_cross-core_paced_itch,1,queue,477867,491520,187
2,spsc_unaligned_65536_cross-core_paced_itch,1,queue,491520,505173,135
2,spsc_unaligned_65536_cross-core_paced_itch,1,queue,505173,518827,198
2,spsc_unaligned_65536_cross-core_paced_itch,1,queue,518827,532480,274
2,spsc_unaligned_65536_cross-core_paced_itch,1,queue,532480,546133,367
2,spsc_unaligned_65536_cross-core_paced_itch,1,queue,546133,559787,251
2,spsc_unaligned_65536_cross-core_paced_itch,1,queue,559787,573440,201
2,spsc_unaligned_65536_cross-core_paced_itch,1,queue,573440,587093,190
2,spsc_unaligned_65536_cross-core_paced_itch,1,queue,587093,600747,90
2,spsc_unaligned_65536_cross-core_paced_itch,1,queue,600747,614400,50
2,spsc_unaligned_65536_cross-core_paced_itch,1,queue,614400,628053,36
2,spsc_unaligned_65536_cross-core_paced_itch,1,queue,628053,641707,48
2,spsc_unaligned_65536_cross-core_paced_itch,1,queue,641707,655360,61
2,spsc_unaligned_65536_cross-core_paced_itch,1,queue,655360,669013,103
2,spsc_unaligned_65536_cross-core_paced_itch,1,queue,669013,682667,48
2,spsc_unaligned_65536_cross-core_paced_itch,1,queue,682667,696320,27
2,spsc_unaligned_65536_cross-core_paced_itch,1,queue,696320,709973,53
2,spsc_unaligned_65536_cross-core_paced_itch,1,queue,709973,723627,67
2,spsc_unaligned_65536_cross-core_paced_itch,1,queue,723627,737280,38
2,spsc_unaligned_65536_cross-core_paced_itch,1,queue,737280,750933,53
2,spsc_unaligned_65536_cross-core_paced_itch,1,queue,750933,764587,116
2,spsc_unaligned_65536_cross-core_paced_itch,1,queue,764587,778240,158
2,spsc_unaligned_65536_cross-core_paced_itch,1,queue,778240,791893,69
2,spsc_unaligned_65536_cross-core_paced_itch,1,queue,791893,805547,109
2,spsc_unaligned_65536_cross-core_paced_itch,1,queue,805547,819200,69
2,spsc_unaligned_65536_cross-core_paced_itch,1,queue,819200,832853,20
2,spsc_unaligned_65536_cross-core_paced_itch,1,queue,832853,846507,97
2,spsc_unaligned_65536_cross-core_paced_itch,1,queue,846507,860160,40
2,spsc_unaligned_65536_cross-core_paced_itch,1,queue,860160,873813,76
2,spsc_unaligned_65536_cross-core_paced_itch,1,queue,873813,901120,258
2,spsc_unaligned_65536_cross-core_paced_itch,1,queue,901120,928427,107
2,spsc_unaligned_65536_cross-core_paced_itch,1,queue,928427,955733,196
2,spsc_unaligned_65536_cross-core_paced_itch,1,queue,955733,983040,108
2,spsc_unaligned_65536_cross-core_paced_itch,1,queue,983040,1.01035e+06,161
2,spsc_unaligned_65536_cross-core_paced_itch,1,queue,1.01035e+06,1.03765e+06,161
2,spsc_unaligned_65536_cross-core_paced_itch,1,queue,1.03765e+06,1.06496e+06,135
2,spsc_unaligned_65536_cross-core_paced_itch,1,queue,1.06496e+06,1.09227e+06,172
2,spsc_unaligned_65536_cross-core_paced_itch,1,queue,1.09227e+06,1.11957e+06,182
2,spsc_unaligned_65536_cross-core_paced_itch,1,queue,1.11957e+06,1.14688e+06,166
2,spsc_unaligned_65536_cross-core_paced_itch,1,queue,1.14688e+06,1.17419e+06,238
2,spsc_unaligned_65536_cross-core_paced_itch,1,queue,1.17419e+06,1.20149e+06,382
2,spsc_unaligned_65536_cross-core_paced_itch,1,queue,1.20149e+06,1.2288e+06,690
2,spsc_unaligned_65536_cross-core_paced_itch,1,queue,1.2288e+06,1.25611e+06,237
2,spsc_unaligned_65536_cross-core_paced_itch,1,queue,1.25611e+06,1.28341e+06,49
2,spsc_unaligned_65536_cross-core_paced_itch,1,queue,1.28341e+06,1.31072e+06,37
2,spsc_unaligned_65536_cross-core_paced_itch,1,queue,1.31072e+06,1.33803e+06,34
2,spsc_unaligned_65536_cross-core_paced_itch,1,queue,1.33803e+06,1.36533e+06,39
2,spsc_unaligned_65536_cross-core_paced_itch,1,queue,1.36533e+06,1.39264e+06,63
2,spsc_unaligned_65536_cross-core_paced_itch,1,queue,1.39264e+06,1.41995e+06,122
2,spsc_unaligned_65536_cross-core_paced_itch,1,queue,1.41995e+06,1.44725e+06,142
2,spsc_unaligned_65536_cross-core_paced_itch,1,queue,1.44725e+06,1.47456e+06,191
2,spsc_unaligned_65536_cross-core_paced_itch,1,queue,1.47456e+06,1.50187e+06,368
2,spsc_unaligned_65536_cross-core_paced_itch,1,queue,1.50187e+06,1.52917e+06,59
2,spsc_unaligned_65536_cross-core_paced_itch,1,queue,1.52917e+06,1.55648e+06,133
2,spsc_unaligned_65536_cross-core_paced_itch,1,queue,1.55648e+06,1.58379e+06,118
2,spsc_unaligned_65536_cross-core_paced_itch,1,queue,1.58379e+06,1.61109e+06,189
2,spsc_unaligned_65536_cross-core_paced_itch,1,queue,1.61109e+06,1.6384e+06,26
2,spsc_unaligned_65536_cross-core_paced_itch,1,queue,1.6384e+06,1.66571e+06,64
2,spsc_unaligned_65536_cross-core_paced_itch,1,queue,1.66571e+06,1.69301e+06,159
2,spsc_unaligned_65536_cross-core_paced_itch,1,queue,1.69301e+06,1.72032e+06,234
2,spsc_unaligned_65536_cross-core_paced_itch,1,queue,1.72032e+06,1.74763e+06,356
2,spsc_unaligned_65536_cross-core_paced_itch,1,queue,1.74763e+06,1.80224e+06,580
2,spsc_unaligned_65536_cross-core_paced_itch,1,queue,1.80224e+06,1.85685e+06,677
2,spsc_unaligned_65536_cross-core_paced_itch,1,queue,1.85685e+06,1.91147e+06,485
2,spsc_unaligned_65536_cross-core_paced_itch,1,queue,1.91147e+06,1.96608e+06,242
2,spsc_unaligned_65536_cross-core_paced_itch,1,queue,1.96608e+06,2.02069e+06,98
2,spsc_unaligned_65536_cross-core_paced_itch,1,queue,2.02069e+06,2.07531e+06,295
2,spsc_unaligned_65536_cross-core_paced_itch,1,queue,2.07531e+06,2.12992e+06,322
2,spsc_unaligned_65536_cross-core_paced_itch,1,queue,2.12992e+06,2.18453e+06,162
2,spsc_unaligned_65536_cross-core_paced_itch,1,queue,2.18453e+06,2.23915e+06,507
2,spsc_unaligned_65536_cross-core_paced_itch,1,queue,2.23915e+06,2.29376e+06,577
2,spsc_unaligned_65536_cross-core_paced_itch,1,queue,2.29376e+06,2.34837e+06,64
2,spsc_unaligned_65536_cross-core_paced_itch,1,book,6.66667,7.08333,24
2,spsc_unaligned_65536_cross-core_paced_itch,1,book,7.5,7.91667,265
2,spsc_unaligned_65536_cross-core_paced_itch,1,book,8.33333,8.75,378
2,spsc_unaligned_65536_cross-core_paced_itch,1,book,9.16667,9.58333,391
2,spsc_unaligned_65536_cross-core_paced_itch,1,book,10,10.4167,1255
2,spsc_unaligned_65536_cross-core_paced_itch,1,book,10.8333,11.25,371
2,spsc_unaligned_65536_cross-core_paced_itch,1,book,11.6667,12.0833,208
2,spsc_unaligned_65536_cross-core_paced_itch,1,book,12.5,12.9167,399
2,spsc_unaligned_65536_cross-core_paced_itch,1,book,13.3333,13.75,571
2,spsc_unaligned_65536_cross-core_paced_itch,1,book,14.1667,14.5833,1331
2,spsc_unaligned_65536_cross-core_paced_itch,1,book,15,15.4167,1512
2,spsc_unaligned_65536_cross-core_paced_itch,1,book,15.8333,16.25,1794
2,spsc_unaligned_65536_cross-core_paced_itch,1,book,16.6667,17.0833,1199
2,spsc_unaligned_65536_cross-core_paced_itch,1,book,17.5,17.9167,839
2,spsc_unaligned_65536_cross-core_paced_itch,1,book,18.3333,18.75,737
2,spsc_unaligned_65536_cross-core_paced_itch,1,book,19.1667,19.5833,723
2,spsc_unaligned_65536_cross-core_paced_itch,1,book,20,20.4167,1024
2,spsc_unaligned_65536_cross-core_paced_itch,1,book,20.8333,21.25,977
2,spsc_unaligned_65536_cross-core_paced_itch,1,book,21.6667,22.0833,888
2,spsc_unaligned_65536_cross-core_paced_itch,1,book,22.5,22.9167,638
2,spsc_unaligned_65536_cross-core_paced_itch,1,book,23.3333,23.75,446
2,spsc_unaligned_65536_cross-core_paced_itch,1,book,24.1667,24.5833,413
2,spsc_unaligned_65536_cross-core_paced_itch,1,book,25,25.4167,480
2,spsc_unaligned_65536_cross-core_paced_itch,1,book,25.8333,26.25,497
2,spsc_unaligned_65536_cross-core_paced_itch,1,book,26.6667,27.5,475
2,spsc_unaligned_65536_cross-core_paced_itch,1,book,27.5,28.3333,592
2,spsc_unaligned_65536_cross-core_paced_itch,1,book,28.3333,29.1667,656
2,spsc_unaligned_65536_cross-core_paced_itch,1,book,29.1667,30,699
2,spsc_unaligned_65536_cross-core_paced_itch,1,book,30,30.8333,804
2,spsc_unaligned_65536_cross-core_paced_itch,1,book,30.8333,31.6667,707
2,spsc_unaligned_65536_cross-core_paced_itch,1,book,31.6667,32.5,814
2,spsc_unaligned_65536_cross-core_paced_itch,1,book,32.5,33.3333,926
2,spsc_unaligned_65536_cross-core_paced_itch,1,book,33.3333,34.1667,939
2,spsc_unaligned_65536_cross-core_paced_itch,1,book,34.1667,35,1127
2,spsc_unaligned_65536_cross-core_paced_itch,1,book,35,35.8333,1066
2,spsc_unaligned_65536_cross-core_paced_itch,1,book,35.8333,36.6667,1367
2,spsc_unaligned_65536_cross-core_paced_itch,1,book,36.6667,37.5,1348
2,spsc_unaligned_65536_cross-core_paced_itch,1,book,37.5,38.3333,1354
2,spsc_unaligned_65536_cross-core_paced_itch,1,book,38.3333,39.1667,1380
2,spsc_unaligned_65536_cross-core_paced_itch,1,book,39.1667,40,1344
2,spsc_unaligned_65536_cross-core_paced_itch,1,book,40,40.8333,1438
2,spsc_unaligned_65536_cross-core_paced_itch,1,book,40.8333,41.6667,1384
2,spsc_unaligned_65536_cross-core_paced_itch,1,book,41.6667,42.5,1423
2,spsc_unaligned_65536_cross-core_paced_itch,1,book,42.5,43.3333,1417
2,spsc_unaligned_65536_cross-core_paced_itch,1,book,43.3333,44.1667,1376
2,spsc_unaligned_65536_cross-core_paced_itch,1,book,44.1667,45,1592
2,spsc_unaligned_65536_cross-core_paced_itch,1,book,45,45.8333,1417
2,spsc_unaligned_65536_cross-core_paced_itch,1,book,45.8333,46.6667,1591
2,spsc_unaligned_65536_cross-core_paced_itch,1,book,46.6667,47.5,1533
2,spsc_unaligned_65536_cross-core_paced_itch,1,book,47.5,48.3333,1582
2,spsc_unaligned_65536_cross-core_paced_itch,1,book,48.3333,49.1667,1788
2,spsc_unaligned_65536_cross-core_paced_itch,1,book,49.1667,50,1683
2,spsc_unaligned_65536_cross-core_paced_itch,1,book,50,50.8333,2046
2,spsc_unaligned_65536_cross-core_paced_itch,1,book,50.8333,51.6667,1750
2,spsc_unaligned_65536_cross-core_paced_itch,1,book,51.6667,52.5,1823
2,spsc_unaligned_65536_cross-core_paced_itch,1,book,52.5,53.3333,1698
2,spsc_unaligned_65536_cross-core_paced_itch,1,book,53.3333,55,3313
2,spsc_unaligned_65536_cross-core_paced_itch,1,book,55,56.6667,3071
2,spsc_unaligned_65536_cross-core_paced_itch,1,book,56.6667,58.3333,2854
2,spsc_unaligned_65536_cross-core_paced_itch,1,book,58.3333,60,2662
2,spsc_unaligned_65536_cross-core_paced_itch,1,book,60,61.6667,2934
2,spsc_unaligned_65536_cross-core_paced_itch,1,book,61.6667,63.3333,2865
2,spsc_unaligned_65536_cross-core_paced_itch,1,book,63.3333,65,2735
2,spsc_unaligned_65536_cross-core_paced_itch,1,book,65,66.6667,2490
2,spsc_unaligned_65536_cross-core_paced_itch,1,book,66.6667,68.3333,2243
2,spsc_unaligned_65536_cross-core_paced_itch,1,book,68.3333,70,2157
2,spsc_unaligned_65536_cross-core_paced_itch,1,book,70,71.6667,1985
2,spsc_unaligned_65536_cross-core_paced_itch,1,book,71.6667,73.3333,1860
2,spsc_unaligned_65536_cross-core_paced_itch,1,book,73.3333,75,1748
2,spsc_unaligned_65536_cross-core_paced_itch,1,book,75,76.6667,1645
2,spsc_unaligned_65536_cross-core_paced_itch,1,book,76.6667,78.3333,1555
2,spsc_unaligned_65536_cross-core_paced_itch,1,book,78.3333,80,1529
2,spsc_unaligned_65536_cross-core_paced_itch,1,book,80,81.6667,1580
2,spsc_unaligned_65536_cross-core_paced_itch,1,book,81.6667,83.3333,1578
2,spsc_unaligned_65536_cross-core_paced_itch,1,book,83.3333,85,1489
2,spsc_unaligned_65536_cross-core_paced_itch,1,book,85,86.6667,1424
2,spsc_unaligned_65536_cross-core_paced_itch,1,book,86.6667,88.3333,1413
2,spsc_unaligned_65536_cross-core_paced_itch,1,book,88.3333,90,1412
2,spsc_unaligned_65536_cross-core_paced_itch,1,book,90,91.6667,1346
2,spsc_unaligned_65536_cross-core_paced_itch,1,book,91.6667,93.3333,1380
2,spsc_unaligned_65536_cross-core_paced_itch,1,book,93.3333,95,1322
2,spsc_unaligned_65536_cross-core_paced_itch,1,book,95,96.6666,1268
2,spsc_unaligned_65536_cross-core_paced_itch,1,book,96.6666,98.3333,1283
2,spsc_unaligned_65536_cross-core_paced_itch,1,book,98.3333,100,1139
2,spsc_unaligned_65536_cross-core_paced_itch,1,book,100,101.667,1232
2,spsc_unaligned_65536_cross-core_paced_itch,1,book,101.667,103.333,1146
2,spsc_unaligned_65536_cross-core_paced_itch,1,book,103.333,105,1094
2,spsc_unaligned_65536_cross-core_paced_itch,1,book,105,106.667,1051
2,spsc_unaligned_65536_cross-core_paced_itch,1,book,106.667,110,2135
2,spsc_unaligned_65536_cross-core_paced_itch,1,book,110,113.333,2751
2,spsc_unaligned_65536_cross-core_paced_itch,1,book,113.333,116.667,4325
2,spsc_unaligned_65536_cross-core_paced_itch,1,book,116.667,120,5727
2,spsc_unaligned_65536_cross-core_paced_itch,1,book,120,123.333,5460
2,spsc_unaligned_65536_cross-core_paced_itch,1,book,123.333,126.667,5889
2,spsc_unaligned_65536_cross-core_paced_itch,1,book,126.667,130,8884
2,spsc_unaligned_65536_cross-core_paced_itch,1,book,130,133.333,10063
2,spsc_unaligned_65536_cross-core_paced_itch,1,book,133.333,136.667,8269
2,spsc_unaligned_65536_cross-core_paced_itch,1,book,136.667,140,6967
2,spsc_unaligned_65536_cross-core_paced_itch,1,book,140,143.333,7429
2,spsc_unaligned_65536_cross-core_paced_itch,1,book,143.333,146.667,6971
2,spsc_unaligned_65536_cross-core_paced_itch,1,book,146.667,150,5022
2,spsc_unaligned_65536_cross-core_paced_itch,1,book,150,153.333,4247
2,spsc_unaligned_65536_cross-core_paced_itch,1,book,153.333,156.667,3302
2,spsc_unaligned_65536_cross-core_paced_itch,1,book,156.667,160,2638
2,spsc_unaligned_65536_cross-core_paced_itch,1,book,160,163.333,2336
2,spsc_unaligned_65536_cross-core_paced_itch,1,book,163.333,166.667,2232
2,spsc_unaligned_65536_cross-core_paced_itch,1,book,166.667,170,2072
2,spsc_unaligned_65536_cross-core_paced_itch,1,book,170,173.333,2072
2,spsc_unaligned_65536_cross-core_paced_itch,1,book,173.333,176.667,1811
2,spsc_unaligned_65536_cross-core_paced_itch,1,book,176.667,180,1736
2,spsc_unaligned_65536_cross-core_paced_itch,1,book,180,183.333,1663
2,spsc_unaligned_65536_cross-core_paced_itch,1,book,183.333,186.667,1434
2,spsc_unaligned_65536_cross-core_paced_itch,1,book,186.667,190,1347
2,spsc_unaligned_65536_cross-core_paced_itch,1,book,190,193.333,1427
2,spsc_unaligned_65536_cross-core_paced_itch,1,book,193.333,196.667,1317
2,spsc_unaligned_65536_cross-core_paced_itch,1,book,196.667,200,1228
2,spsc_unaligned_65536_cross-core_paced_itch,1,book,200,203.333,1189
2,spsc_unaligned_65536_cross-core_paced_itch,1,book,203.333,206.667,1162
2,spsc_unaligned_65536_cross-core_paced_itch,1,book,206.667,210,1147
2,spsc_unaligned_65536_cross-core_paced_itch,1,book,210,213.333,1114
2,spsc_unaligned_65536_cross-core_paced_itch,1,book,213.333,220,2087
2,spsc_unaligned_65536_cross-core_paced_itch,1,book,220,226.667,1943
2,spsc_unaligned_65536_cross-core_paced_itch,1,book,226.667,233.333,1693
2,spsc_unaligned_65536_cross-core_paced_itch,1,book,233.333,240,1481
2,spsc_unaligned_65536_cross-core_paced_itch,1,book,240,246.667,1400
2,spsc_unaligned_65536_cross-core_paced_itch,1,book,246.667,253.333,1272
2,spsc_unaligned_65536_cross-core_paced_itch,1,book,253.333,260,1157
2,spsc_unaligned_65536_cross-core_paced_itch,1,book,260,266.667,1107
2,spsc_unaligned_65536_cross-core_paced_itch,1,book,266.667,273.333,1014
2,spsc_unaligned_65536_cross-core_paced_itch,1,book,273.333,280,943
2,spsc_unaligned_65536_cross-core_paced_itch,1,book,280,286.667,892
2,spsc_unaligned_65536_cross-core_paced_itch,1,book,286.667,293.333,863
2,spsc_unaligned_65536_cross-core_paced_itch,1,book,293.333,300,795
2,spsc_unaligned_65536_cross-core_paced_itch,1,book,300,306.667,748
2,spsc_unaligned_65536_cross-core_paced_itch,1,book,306.667,313.333,650
2,spsc_unaligned_65536_cross-core_paced_itch,1,book,313.333,320,734
2,spsc_unaligned_65536_cross-core_paced_itch,1,book,320,326.667,661
2,spsc_unaligned_65536_cross-core_paced_itch,1,book,326.667,333.333,615
2,spsc_unaligned_65536_cross-core_paced_itch,1,book,333.333,340,582
2,spsc_unaligned_65536_cross-core_paced_itch,1,book,340,346.667,523
2,spsc_unaligned_65536_cross-core_paced_itch,1,book,346.667,353.333,536
2,spsc_unaligned_65536_cross-core_paced_itch,1,book,353.333,360,475
2,spsc_unaligned_65536_cross-core_paced_itch,1,book,360,366.667,464
2,spsc_unaligned_65536_cross-core_paced_itch,1,book,366.667,373.333,429
2,spsc_unaligned_65536_cross-core_paced_itch,1,book,373.333,380,410
2,spsc_unaligned_65536_cross-core_paced_itch,1,book,380,386.667,344
2,spsc_unaligned_65536_cross-core_paced_itch,1,book,386.667,393.333,310
2,spsc_unaligned_65536_cross-core_paced_itch,1,book,393.333,400,261
2,spsc_unaligned_65536_cross-core_paced_itch,1,book,400,406.667,266
2,spsc_unaligned_65536_cross-core_paced_itch,1,book,406.667,413.333,311
2,spsc_unaligned_65536_cross-core_paced_itch,1,book,413.333,420,227
2,spsc_unaligned_65536_cross-core_paced_itch,1,book,420,426.667,224
2,spsc_unaligned_65536_cross-core_paced_itch,1,book,426.667,440,305
2,spsc_unaligned_65536_cross-core_paced_itch,1,book,440,453.333,222
2,spsc_unaligned_65536_cross-core_paced_itch,1,book,453.333,466.667,161
2,spsc_unaligned_65536_cross-core_paced_itch,1,book,466.667,480,136
2,spsc_unaligned_65536_cross-core_paced_itch,1,book,480,493.333,123
2,spsc_unaligned_65536_cross-core_paced_itch,1,book,493.333,506.667,82
2,spsc_unaligned_65536_cross-core_paced_itch,1,book,506.667,520,84
2,spsc_unaligned_65536_cross-core_paced_itch,1,book,520,533.333,74
2,spsc_unaligned_65536_cross-core_paced_itch,1,book,533.333,546.667,47
2,spsc_unaligned_65536_cross-core_paced_itch,1,book,546.667,560,63
2,spsc_unaligned_65536_cross-core_paced_itch,1,book,560,573.333,29
2,spsc_unaligned_65536_cross-core_paced_itch,1,book,573.333,586.667,44
2,spsc_unaligned_65536_cross-core_paced_itch,1,book,586.667,600,30
2,spsc_unaligned_65536_cross-core_paced_itch,1,book,600,613.333,16
2,spsc_unaligned_65536_cross-core_paced_itch,1,book,613.333,626.667,33
2,spsc_unaligned_65536_cross-core_paced_itch,1,book,626.667,640,30
2,spsc_unaligned_65536_cross-core_paced_itch,1,book,640,653.333,42
2,spsc_unaligned_65536_cross-core_paced_itch,1,book,653.333,666.667,43
2,spsc_unaligned_65536_cross-core_paced_itch,1,book,666.667,680,48
2,spsc_unaligned_65536_cross-core_paced_itch,1,book,680,693.333,59
2,spsc_unaligned_65536_cross-core_paced_itch,1,book,693.333,706.667,64
2,spsc_unaligned_65536_cross-core_paced_itch,1,book,706.667,720,71
2,spsc_unaligned_65536_cross-core_paced_itch,1,book,720,733.333,72
2,spsc_unaligned_65536_cross-core_paced_itch,1,book,733.333,746.667,61
2,spsc_unaligned_65536_cross-core_paced_itch,1,book,746.667,760,57
2,spsc_unaligned_65536_cross-core_paced_itch,1,book,760,773.333,59
2,spsc_unaligned_65536_cross-core_paced_itch,1,book,773.333,786.667,62
2,spsc_unaligned_65536_cross-core_paced_itch,1,book,786.667,800,70
2,spsc_unaligned_65536_cross-core_paced_itch,1,book,800,813.333,54
2,spsc_unaligned_65536_cross-core_paced_itch,1,book,813.333,826.667,44
2,spsc_unaligned_65536_cross-core_paced_itch,1,book,826.667,840,55
2,spsc_unaligned_65536_cross-core_paced_itch,1,book,840,853.333,41
2,spsc_unaligned_65536_cross-core_paced_itch,1,book,853.333,880,58
2,spsc_unaligned_65536_cross-core_paced_itch,1,book,880,906.667,47
2,spsc_unaligned_65536_cross-core_paced_itch,1,book,906.667,933.333,38
2,spsc_unaligned_65536_cross-core_paced_itch,1,book,933.333,960,33
2,spsc_unaligned_65536_cross-core_paced_itch,1,book,960,986.666,41
2,spsc_unaligned_65536_cross-core_paced_itch,1,book,986.666,1013.33,27
2,spsc_unaligned_65536_cross-core_paced_itch,1,book,1013.33,1040,29
2,spsc_unaligned_65536_cross-core_paced_itch,1,book,1040,1066.67,23
2,spsc_unaligned_65536_cross-core_paced_itch,1,book,1066.67,1093.33,19
2,spsc_unaligned_65536_cross-core_paced_itch,1,book,1093.33,1120,15
2,spsc_unaligned_65536_cross-core_paced_itch,1,book,1120,1146.67,10
2,spsc_unaligned_65536_cross-core_paced_itch,1,book,1146.67,1173.33,5
2,spsc_unaligned_65536_cross-core_paced_itch,1,book,1173.33,1200,12
2,spsc_unaligned_65536_cross-core_paced_itch,1,book,1200,1226.67,11
2,spsc_unaligned_65536_cross-core_paced_itch,1,book,1226.67,1253.33,3
2,spsc_unaligned_65536_cross-core_paced_itch,1,book,1253.33,1280,9
2,spsc_unaligned_65536_cross-core_paced_itch,1,book,1280,1306.67,6
2,spsc_unaligned_65536_cross-core_paced_itch,1,book,1306.67,1333.33,5
2,spsc_unaligned_65536_cross-core_paced_itch,1,book,1333.33,1360,17
2,spsc_unaligned_65536_cross-core_paced_itch,1,book,1360,1386.67,6
2,spsc_unaligned_65536_cross-core_paced_itch,1,book,1386.67,1413.33,13
2,spsc_unaligned_65536_cross-core_paced_itch,1,book,1413.33,1440,6
2,spsc_unaligned_65536_cross-core_paced_itch,1,book,1440,1466.67,8
2,spsc_unaligned_65536_cross-core_paced_itch,1,book,1466.67,1493.33,13
2,spsc_unaligned_65536_cross-core_paced_itch,1,book,1493.33,1520,12
2,spsc_unaligned_65536_cross-core_paced_itch,1,book,1520,1546.67,3
2,spsc_unaligned_65536_cross-core_paced_itch,1,book,1546.67,1573.33,8
2,spsc_unaligned_65536_cross-core_paced_itch,1,book,1573.33,1600,6
2,spsc_unaligned_65536_cross-core_paced_itch,1,book,1600,1626.67,8
2,spsc_unaligned_65536_cross-core_paced_itch,1,book,1626.67,1653.33,9
2,spsc_unaligned_65536_cross-core_paced_itch,1,book,1653.33,1680,4
2,spsc_unaligned_65536_cross-core_paced_itch,1,book,1680,1706.67,6
2,spsc_unaligned_65536_cross-core_paced_itch,1,book,1706.67,1760,6
2,spsc_unaligned_65536_cross-core_paced_itch,1,book,1760,1813.33,5
2,spsc_unaligned_65536_cross-core_paced_itch,1,book,1813.33,1866.67,6
2,spsc_unaligned_65536_cross-core_paced_itch,1,book,1866.67,1920,6
2,spsc_unaligned_65536_cross-core_paced_itch,1,book,1920,1973.33,6
2,spsc_unaligned_65536_cross-core_paced_itch,1,book,1973.33,2026.67,5
2,spsc_unaligned_65536_cross-core_paced_itch,1,book,2026.67,2080,3
2,spsc_unaligned_65536_cross-core_paced_itch,1,book,2080,2133.33,4
2,spsc_unaligned_65536_cross-core_paced_itch,1,book,2133.33,2186.67,1
2,spsc_unaligned_65536_cross-core_paced_itch,1,book,2186.67,2240,3
2,spsc_unaligned_65536_cross-core_paced_itch,1,book,2240,2293.33,3
2,spsc_unaligned_65536_cross-core_paced_itch,1,book,2293.33,2346.67,1
2,spsc_unaligned_65536_cross-core_paced_itch,1,book,2346.67,2400,1
2,spsc_unaligned_65536_cross-core_paced_itch,1,book,2453.33,2506.67,1
2,spsc_unaligned_65536_cross-core_paced_itch,1,book,2506.67,2560,1
2,spsc_unaligned_65536_cross-core_paced_itch,1,book,2560,2613.33,1
2,spsc_unaligned_65536_cross-core_paced_itch,1,book,2613.33,2666.67,1
2,spsc_unaligned_65536_cross-core_paced_itch,1,book,2666.67,2720,1
2,spsc_unaligned_65536_cross-core_paced_itch,1,book,2773.33,2826.67,1
2,spsc_unaligned_65536_cross-core_paced_itch,1,book,2880,2933.33,2
2,spsc_unaligned_65536_cross-core_paced_itch,1,book,2986.67,3040,4
2,spsc_unaligned_65536_cross-core_paced_itch,1,book,3040,3093.33,1
2,spsc_unaligned_65536_cross-core_paced_itch,1,book,3093.33,3146.67,1
2,spsc_unaligned_65536_cross-core_paced_itch,1,book,3146.67,3200,1
2,spsc_unaligned_65536_cross-core_paced_itch,1,book,3253.33,3306.67,1
2,spsc_unaligned_65536_cross-core_paced_itch,1,book,3306.67,3360,1
2,spsc_unaligned_65536_cross-core_paced_itch,1,book,3360,3413.33,2
2,spsc_unaligned_65536_cross-core_paced_itch,1,book,3520,3626.67,1
2,spsc_unaligned_65536_cross-core_paced_itch,1,book,4373.33,4480,1
2,spsc_unaligned_65536_cross-core_paced_itch,1,book,4480,4586.67,1
2,spsc_unaligned_65536_cross-core_paced_itch,1,book,4586.67,4693.33,1
2,spsc_unaligned_65536_cross-core_paced_itch,1,book,4693.33,4800,1
2,spsc_unaligned_65536_cross-core_paced_itch,1,book,4800,4906.67,1
2,spsc_unaligned_65536_cross-core_paced_itch,1,book,5333.33,5440,1
2,spsc_unaligned_65536_cross-core_paced_itch,1,book,5440,5546.67,1
2,spsc_unaligned_65536_cross-core_paced_itch,1,book,6400,6506.67,1
2,spsc_unaligned_65536_cross-core_paced_itch,1,book,6720,6826.67,1
2,spsc_unaligned_65536_cross-core_paced_itch,1,book,7466.67,7680,1
3,spsc_unaligned_65536_cross-core_paced_itch,0,total,280,286.667,2
3,spsc_unaligned_65536_cross-core_paced_itch,0,total,286.667,293.333,5
3,spsc_unaligned_65536_cross-core_paced_itch,0,total,293.333,300,9
3,spsc_unaligned_65536_cross-core_paced_itch,0,total,300,306.667,8
3,spsc_unaligned_65536_cross-core_paced_itch,0,total,306.667,313.333,12
3,spsc_unaligned_65536_cross-core_paced_itch,0,total,313.333,320,8
3,spsc_unaligned_65536_cross-core_paced_itch,0,total,320,326.667,13
3,spsc_unaligned_65536_cross-core_paced_itch,0,total,326.667,333.333,17
3,spsc_unaligned_65536_cross-core_paced_itch,0,total,333.333,340,16
3,spsc_unaligned_65536_cross-core_paced_itch,0,total,340,346.667,32
3,spsc_unaligned_65536_cross-core_paced_itch,0,total,346.667,353.333,41
3,spsc_unaligned_65536_cross-core_paced_itch,0,total,353.333,360,49
3,spsc_unaligned_65536_cross-core_paced_itch,0,total,360,366.667,86
3,spsc_unaligned_65536_cross-core_paced_itch,0,total,366.667,373.333,122
3,spsc_unaligned_65536_cross-core_paced_itch,0,total,373.333,380,150
3,spsc_unaligned_65536_cross-core_paced_itch,0,total,380,386.667,219
3,spsc_unaligned_65536_cross-core_paced_itch,0,total,386.667,393.333,290
3,spsc_unaligned_65536_cross-core_paced_itch,0,total,393.333,400,345
3,spsc_unaligned_65536_cross-core_paced_itch,0,total,400,406.667,424
3,spsc_unaligned_65536_cross-core_paced_itch,0,total,406.667,413.333,556
3,spsc_unaligned_65536_cross-core_paced_itch,0,total,413.333,420,635
3,spsc_unaligned_65536_cross-core_paced_itch,0,total,420,426.667,760
3,spsc_unaligned_65536_cross-core_paced_itch,0,total,426.667,440,1669
3,spsc_unaligned_65536_cross-core_paced_itch,0,total,440,453.333,1910
3,spsc_unaligned_65536_cross-core_paced_itch,0,total,453.333,466.667,2656
3,spsc_unaligned_65536_cross-core_paced_itch,0,total,466.667,480,3979
3,spsc_unaligned_65536_cross-core_paced_itch,0,total,480,493.333,5603
3,spsc_unaligned_65536_cross-core_paced_itch,0,total,493.333,506.667,6759
3,spsc_unaligned_65536_cross-core_paced_itch,0,total,506.667,520,7128
3,spsc_unaligned_65536_cross-core_paced_itch,0,total,520,533.333,7259
3,spsc_unaligned_65536_cross-core_paced_itch,0,total,533.333,546.667,6942
3,spsc_unaligned_65536_cross-core_paced_itch,0,total,546.667,560,7923
3,spsc_unaligned_65536_cross-core_paced_itch,0,total,560,573.333,8373
3,spsc_unaligned_65536_cross-core_paced_itch,0,total,573.333,586.667,8875
3,spsc_unaligned_65536_cross-core_paced_itch,0,total,586.667,600,8452
3,spsc_unaligned_65536_cross-core_paced_itch,0,total,600,613.333,7274
3,spsc_unaligned_65536_cross-core_paced_itch,0,total,613.333,626.667,6481
3,spsc_unaligned_65536_cross-core_paced_itch,0,total,626.667,640,6627
3,spsc_unaligned_65536_cross-core_paced_itch,0,total,640,653.333,6126
3,spsc_unaligned_65536_cross-core_paced_itch,0,total,653.333,666.667,5280
3,spsc_unaligned_65536_cross-core_paced_itch,0,total,666.667,680,4568
3,spsc_unaligned_65536_cross-core_paced_itch,0,total,680,693.333,4131
3,spsc_unaligned_65536_cross-core_paced_itch,0,total,693.333,706.667,3734
3,spsc_unaligned_65536_cross-core_paced_itch,0,total,706.667,720,3397
3,spsc_unaligned_65536_cross-core_paced_itch,0,total,720,733.333,3274
3,spsc_unaligned_65536_cross-core_paced_itch,0,total,733.333,746.667,3075
3,spsc_unaligned_65536_cross-core_paced_itch,0,total,746.667,760,3014
3,spsc_unaligned_65536_cross-core_paced_itch,0,total,760,773.333,2645
3,spsc_unaligned_65536_cross-core_paced_itch,0,total,773.333,786.667,2406
3,spsc_unaligned_65536_cross-core_paced_itch,0,total,786.667,800,2219
3,spsc_unaligned_65536_cross-core_paced_itch,0,total,800,813.333,2046
3,spsc_unaligned_65536_cross-core_paced_itch,0,total,813.333,826.667,1855
3,spsc_unaligned_65536_cross-core_paced_itch,0,total,826.667,840,1718
3,spsc_unaligned_65536_cross-core_paced_itch,0,total,840,853.333,1541
3,spsc_unaligned_65536_cross-core_paced_itch,0,total,853.333,880,2659
3,spsc_unaligned_65536_cross-core_paced_itch,0,total,880,906.667,2170
3,spsc_unaligned_65536_cross-core_paced_itch,0,total,906.667,933.333,1876
3,spsc_unaligned_65536_cross-core_paced_itch,0,total,933.333,960,1490
3,spsc_unaligned_65536_cross-core_paced_itch,0,total,960,986.666,1448
3,spsc_unaligned_65536_cross-core_paced_itch,0,total,986.666,1013.33,1266
3,spsc_unaligned_65536_cross-core_paced_itch,0,total,1013.33,1040,1098
3,spsc_unaligned_65536_cross-core_paced_itch,0,total,1040,1066.67,1112
3,spsc_unaligned_65536_cross-core_paced_itch,0,total,1066.67,1093.33,971
3,spsc_unaligned_65536_cross-core_paced_itch,0,total,1093.33,1120,940
3,spsc_unaligned_65536_cross-core_paced_itch,0,total,1120,1146.67,907
3,spsc_unaligned_65536_cross-core_paced_itch,0,total,1146.67,1173.33,811
3,spsc_unaligned_65536_cross-core_paced_itch,0,total,1173.33,1200,795
3,spsc_unaligned_65536_cross-core_paced_itch,0,total,1200,1226.67,746
3,spsc_unaligned_65536_cross-core_paced_itch,0,total,1226.67,1253.33,758
3,spsc_unaligned_65536_cross-core_paced_itch,0,total,1253.33,1280,660
3,spsc_unaligned_65536_cross-core_paced_itch,0,total,1280,1306.67,664
3,spsc_unaligned_65536_cross-core_paced_itch,0,total,1306.67,1333.33,627
3,spsc_unaligned_65536_cross-core_paced_itch,0,total,1333.33,1360,583
3,spsc_unaligned_65536_cross-core_paced_itch,0,total,1360,1386.67,583
3,spsc_unaligned_65536_cross-core_paced_itch,0,total,1386.67,1413.33,589
3,spsc_unaligned_65536_cross-core_paced_itch,0,total,1413.33,1440,536
3,spsc_unaligned_65536_cross-core_paced_itch,0,total,1440,1466.67,554
3,spsc_unaligned_65536_cross-core_paced_itch,0,total,1466.67,1493.33,489
3,spsc_unaligned_65536_cross-core_paced_itch,0,total,1493.33,1520,515
3,spsc_unaligned_65536_cross-core_paced_itch,0,total,1520,1546.67,456
3,spsc_unaligned_65536_cross-core_paced_itch,0,total,1546.67,1573.33,469
3,spsc_unaligned_65536_cross-core_paced_itch,0,total,1573.33,1600,504
3,spsc_unaligned_65536_cross-core_paced_itch,0,total,1600,1626.67,464
3,spsc_unaligned_65536_cross-core_paced_itch,0,total,1626.67,1653.33,475
3,spsc_unaligned_65536_cross-core_paced_itch,0,total,1653.33,1680,436
3,spsc_unaligned_65536_cross-core_paced_itch,0,total,1680,1706.67,437
3,spsc_unaligned_65536_cross-core_paced_itch,0,total,1706.67,1760,863
3,spsc_unaligned_65536_cross-core_paced_itch,0,total,1760,1813.33,822
3,spsc_unaligned_65536_cross-core_paced_itch,0,total,1813.33,1866.67,832
3,spsc_unaligned_65536_cross-core_paced_itch,0,total,1866.67,1920,790
3,spsc_unaligned_65536_cross-core_paced_itch,0,total,1920,1973.33,760
3,spsc_unaligned_65536_cross-core_paced_itch,0,total,1973.33,2026.67,762
3,spsc_unaligned_65536_cross-core_paced_itch,0,total,2026.67,2080,741
3,spsc_unaligned_65536_cross-core_paced_itch,0,total,2080,2133.33,662
3,spsc_unaligned_65536_cross-core_paced_itch,0,total,2133.33,2186.67,704
3,spsc_unaligned_65536_cross-core_paced_itch,0,total,2186.67,2240,689
3,spsc_unaligned_65536_cross-core_paced_itch,0,total,2240,2293.33,620
3,spsc_unaligned_65536_cross-core_paced_itch,0,total,2293.33,2346.67,620
3,spsc_unaligned_65536_cross-core_paced_itch,0,total,2346.67,2400,643
3,spsc_unaligned_65536_cross-core_paced_itch,0,total,2400,2453.33,605
3,spsc_unaligned_65536_cross-core_paced_itch,0,total,2453.33,2506.67,641
3,spsc_unaligned_65536_cross-core_paced_itch,0,total,2506.67,2560,641
3,spsc_unaligned_65536_cross-core_paced_itch,0,total,2560,2613.33,598
3,spsc_unaligned_65536_cross-core_paced_itch,0,total,2613.33,2666.67,563
3,spsc_unaligned_65536_cross-core_paced_itch,0,total,2666.67,2720,575
3,spsc_unaligned_65536_cross-core_paced_itch,0,total,2720,2773.33,556
3,spsc_unaligned_65536_cross-core_paced_itch,0,total,2773.33,2826.67,566
3,spsc_unaligned_65536_cross-core_paced_itch,0,total,2826.67,2880,568
3,spsc_unaligned_65536_cross-core_paced_itch,0,total,2880,2933.33,562
3,spsc_unaligned_65536_cross-core_paced_itch,0,total,2933.33,2986.67,579
3,spsc_unaligned_65536_cross-core_paced_itch,0,total,2986.67,3040,520
3,spsc_unaligned_65536_cross-core_paced_itch,0,total,3040,3093.33,521
3,spsc_unaligned_65536_cross-core_paced_itch,0,total,3093.33,3146.67,494
3,spsc_unaligned_65536_cross-core_paced_itch,0,total,3146.67,3200,504
3,spsc_unaligned_65536_cross-core_paced_itch,0,total,3200,3253.33,469
3,spsc_unaligned_65536_cross-core_paced_itch,0,total,3253.33,3306.67,468
3,spsc_unaligned_65536_cross-core_paced_itch,0,total,3306.67,3360,471
3,spsc_unaligned_65536_cross-core_paced_itch,0,total,3360,3413.33,479
3,spsc_unaligned_65536_cross-core_paced_itch,0,total,3413.33,3520,941
3,spsc_unaligned_65536_cross-core_paced_itch,0,total,3520,3626.67,891
3,spsc_unaligned_65536_cross-core_paced_itch,0,total,3626.67,3733.33,894
3,spsc_unaligned_65536_cross-core_paced_itch,0,total,3733.33,3840,861
3,spsc_unaligned_65536_cross-core_paced_itch,0,total,3840,3946.67,843
3,spsc_unaligned_65536_cross-core_paced_itch,0,total,3946.67,4053.33,834
3,spsc_unaligned_65536_cross-core_paced_itch,0,total,4053.33,4160,749
3,spsc_unaligned_65536_cross-core_paced_itch,0,total,4160,4266.67,723
3,spsc_unaligned_65536_cross-core_paced_itch,0,total,4266.67,4373.33,730
3,spsc_unaligned_65536_cross-core_paced_itch,0,total,4373.33,4480,747
3,spsc_unaligned_65536_cross-core_paced_itch,0,total,4480,4586.67,741
3,spsc_unaligned_65536_cross-core_paced_itch,0,total,4586.67,4693.33,692
3,spsc_unaligned_65536_cross-core_paced_itch,0,total,4693.33,4800,655
3,spsc_unaligned_65536_cross-core_paced_itch,0,total,4800,4906.67,630
3,spsc_unaligned_65536_cross-core_paced_itch,0,total,4906.67,5013.33,601
3,spsc_unaligned_65536_cross-core_paced_itch,0,total,5013.33,5120,548
3,spsc_unaligned_65536_cross-core_paced_itch,0,total,5120,5226.67,582
3,spsc_unaligned_65536_cross-core_paced_itch,0,total,5226.67,5333.33,542
3,spsc_unaligned_65536_cross-core_paced_itch,0,total,5333.33,5440,540
3,spsc_unaligned_65536_cross-core_paced_itch,0,total,5440,5546.67,539
3,spsc_unaligned_65536_cross-core_paced_itch,0,total,5546.67,5653.33,511
3,spsc_unaligned_65536_cross-core_paced_itch,0,total,5653.33,5760,485
3,spsc_unaligned_65536_cross-core_paced_itch,0,total,5760,5866.67,501
3,spsc_unaligned_65536_cross-core_paced_itch,0,total,5866.67,5973.33,467
3,spsc_unaligned_65536_cross-core_paced_itch,0,total,5973.33,6080,505
3,spsc_unaligned_65536_cross-core_paced_itch,0,total,6080,6186.67,431
3,spsc_unaligned_65536_cross-core_paced_itch,0,total,6186.67,6293.33,423
3,spsc_unaligned_65536_cross-core_paced_itch,0,total,6293.33,6400,428
3,spsc_unaligned_65536_cross-core_paced_itch,0,total,6400,6506.67,413
3,spsc_unaligned_65536_cross-core_paced_itch,0,total,6506.67,6613.33,412
3,spsc_unaligned_65536_cross-core_paced_itch,0,total,6613.33,6720,377
3,spsc_unaligned_65536_cross-core_paced_itch,0,total,6720,6826.67,403
3,spsc_unaligned_65536_cross-core_paced_itch,0,total,6826.67,7040,718
3,spsc_unaligned_65536_cross-core_paced_itch,0,total,7040,7253.33,745
3,spsc_unaligned_65536_cross-core_paced_itch,0,total,7253.33,7466.67,650
3,spsc_unaligned_65536_cross-core_paced_itch,0,total,7466.67,7680,640
3,spsc_unaligned_65536_cross-core_paced_itch,0,total,7680,7893.33,657
3,spsc_unaligned_65536_cross-core_paced_itch,0,total,7893.33,8106.67,554
3,spsc_unaligned_65536_cross-core_paced_itch,0,total,8106.67,8320,549
3,spsc_unaligned_65536_cross-core_paced_itch,0,total,8320,8533.33,568
3,spsc_unaligned_65536_cross-core_paced_itch,0,total,8533.33,8746.67,510
3,spsc_unaligned_65536_cross-core_paced_itch,0,total,8746.67,8960,496
3,spsc_unaligned_65536_cross-core_paced_itch,0,total,8960,9173.33,496
3,spsc_unaligned_65536_cross-core_paced_itch,0,total,9173.33,9386.67,447
3,spsc_unaligned_65536_cross-core_paced_itch,0,total,9386.67,9600,464
3,spsc_unaligned_65536_cross-core_paced_itch,0,total,9600,9813.33,442
3,spsc_unaligned_65536_cross-core_paced_itch,0,total,9813.33,10026.7,448
3,spsc_unaligned_65536_cross-core_paced_itch,0,total,10026.7,10240,446
3,spsc_unaligned_65536_cross-core_paced_itch,0,total,10240,10453.3,403
3,spsc_unaligned_65536_cross-core_paced_itch,0,total,10453.3,10666.7,412
3,spsc_unaligned_65536_cross-core_paced_itch,0,total,10666.7,10880,408
3,spsc_unaligned_65536_cross-core_paced_itch,0,total,10880,11093.3,443
3,spsc_unaligned_65536_cross-core_paced_itch,0,total,11093.3,11306.7,411
3,spsc_unaligned_65536_cross-core_paced_itch,0,total,11306.7,11520,394
3,spsc_unaligned_65536_cross-core_paced_itch,0,total,11520,11733.3,374
3,spsc_unaligned_65536_cross-core_paced_itch,0,total,11733.3,11946.7,375
3,spsc_unaligned_65536_cross-core_paced_itch,0,total,11946.7,12160,340
3,spsc_unaligned_65536_cross-core_paced_itch,0,total,12160,12373.3,335
3,spsc_unaligned_65536_cross-core_paced_itch,0,total,12373.3,12586.7,323
3,spsc_unaligned_65536_cross-core_paced_itch,0,total,12586.7,12800,323
3,spsc_unaligned_65536_cross-core_paced_itch,0,total,12800,13013.3,311
3,spsc_unaligned_65536_cross-core_paced_itch,0,total,13013.3,13226.7,334
3,spsc_unaligned_65536_cross-core_paced_itch,0,total,13226.7,13440,266
3,spsc_unaligned_65536_cross-core_paced_itch,0,total,13440,13653.3,272
3,spsc_unaligned_65536_cross-core_paced_itch,0,total,13653.3,14080,498
3,spsc_unaligned_65536_cross-core_paced_itch,0,total,14080,14506.7,434
3,spsc_unaligned_65536_cross-core_paced_itch,0,total,14506.7,14933.3,430
3,spsc_unaligned_65536_cross-core_paced_itch,0,total,14933.3,15360,368
3,spsc_unaligned_65536_cross-core_paced_itch,0,total,15360,15786.7,322
3,spsc_unaligned_65536_cross-core_paced_itch,0,total,15786.7,16213.3,269
3,spsc_unaligned_65536_cross-core_paced_itch,0,total,16213.3,16640,214
3,spsc_unaligned_65536_cross-core_paced_itch,0,total,16640,17066.7,192
3,spsc_unaligned_65536_cross-core_paced_itch,0,total,17066.7,17493.3,168
3,spsc_unaligned_65536_cross-core_paced_itch,0,total,17493.3,17920,144
3,spsc_unaligned_65536_cross-core_paced_itch,0,total,17920,18346.7,135
3,spsc_unaligned_65536_cross-core_paced_itch,0,total,18346.7,18773.3,140
3,spsc_unaligned_65536_cross-core_paced_itch,0,total,18773.3,19200,137
3,spsc_unaligned_65536_cross-core_paced_itch,0,total,19200,19626.7,117
3,spsc_unaligned_65536_cross-core_paced_itch,0,total,19626.7,20053.3,129
3,spsc_unaligned_65536_cross-core_paced_itch,0,total,20053.3,20480,98
3,spsc_unaligned_65536_cross-core_paced_itch,0,total,20480,20906.7,107
3,spsc_unaligned_65536_cross-core_paced_itch,0,total,20906.7,21333.3,117
3,spsc_unaligned_65536_cross-core_paced_itch,0,total,21333.3,21760,126
3,spsc_unaligned_65536_cross-core_paced_itch,0,total,21760,22186.7,95
3,spsc_unaligned_65536_cross-core_paced_itch,0,total,22186.7,22613.3,89
3,spsc_unaligned_65536_cross-core_paced_itch,0,total,22613.3,23040,96
3,spsc_unaligned_65536_cross-core_paced_itch,0,total,23040,23466.7,88
3,spsc_unaligned_65536_cross-core_paced_itch,0,total,23466.7,23893.3,105
3,spsc_unaligned_65536_cross-core_paced_itch,0,total,23893.3,24320,91
3,spsc_unaligned_65536_cross-core_paced_itch,0,total,24320,24746.7,85
3,spsc_unaligned_65536_cross-core_paced_itch,0,total,24746.7,25173.3,87
3,spsc_unaligned_65536_cross-core_paced_itch,0,total,25173.3,25600,93
3,spsc_unaligned_65536_cross-core_paced_itch,0,total,25600,26026.7,81
3,spsc_unaligned_65536_cross-core_paced_itch,0,total,26026.7,26453.3,73
3,spsc_unaligned_65536_cross-core_paced_itch,0,total,26453.3,26880,87
3,spsc_unaligned_65536_cross-core_paced_itch,0,total,26880,27306.7,88
3,spsc_unaligned_65536_cross-core_paced_itch,0,total,27306.7,28160,184
3,spsc_unaligned_65536_cross-core_paced_itch,0,total,28160,29013.3,164
3,spsc_unaligned_65536_cross-core_paced_itch,0,total,29013.3,29866.7,153
3,spsc_unaligned_65536_cross-core_paced_itch,0,total,29866.7,30720,159
3,spsc_unaligned_65536_cross-core_paced_itch,0,total,30720,31573.3,131
3,spsc_unaligned_65536_cross-core_paced_itch,0,total,31573.3,32426.7,136
3,spsc_unaligned_65536_cross-core_paced_itch,0,total,32426.7,33280,145
3,spsc_unaligned_65536_cross-core_paced_itch,0,total,33280,34133.3,139
3,spsc_unaligned_65536_cross-core_paced_itch,0,total,34133.3,34986.7,132
3,spsc_unaligned_65536_cross-core_paced_itch,0,total,34986.7,35840,142
3,spsc_unaligned_65536_cross-core_paced_itch,0,total,35840,36693.3,127
3,spsc_unaligned_65536_cross-core_paced_itch,0,total,36693.3,37546.7,80
3,spsc_unaligned_65536_cross-core_paced_itch,0,total,37546.7,38400,114
3,spsc_unaligned_65536_cross-core_paced_itch,0,total,38400,39253.3,112
3,spsc_unaligned_65536_cross-core_paced_itch,0,total,39253.3,40106.7,84
3,spsc_unaligned_65536_cross-core_paced_itch,0,total,40106.7,40960,88
3,spsc_unaligned_65536_cross-core_paced_itch,0,total,40960,41813.3,63
3,spsc_unaligned_65536_cross-core_paced_itch,0,total,41813.3,42666.7,83
3,spsc_unaligned_65536_cross-core_paced_itch,0,total,42666.7,43520,91
3,spsc_unaligned_65536_cross-core_paced_itch,0,total,43520,44373.3,45
3,spsc_unaligned_65536_cross-core_paced_itch,0,total,44373.3,45226.7,67
3,spsc_unaligned_65536_cross-core_paced_itch,0,total,45226.7,46080,60
3,spsc_unaligned_65536_cross-core_paced_itch,0,total,46080,46933.3,63
3,spsc_unaligned_65536_cross-core_paced_itch,0,total,46933.3,47786.7,62
3,spsc_unaligned_65536_cross-core_paced_itch,0,total,47786.7,48640,71
3,spsc_unaligned_65536_cross-core_paced_itch,0,total,48640,49493.3,54
3,spsc_unaligned_65536_cross-core_paced_itch,0,total,49493.3,50346.7,72
3,spsc_unaligned_65536_cross-core_paced_itch,0,total,50346.7,51200,52
3,spsc_unaligned_65536_cross-core_paced_itch,0,total,51200,52053.3,40
3,spsc_unaligned_65536_cross-core_paced_itch,0,total,52053.3,52906.7,42
3,spsc_unaligned_65536_cross-core_paced_itch,0,total,52906.7,53760,50
3,spsc_unaligned_65536_cross-core_paced_itch,0,total,53760,54613.3,43
3,spsc_unaligned_65536_cross-core_paced_itch,0,total,54613.3,56320,73
3,spsc_unaligned_65536_cross-core_paced_itch,0,total,56320,58026.7,98
3,spsc_unaligned_65536_cross-core_paced_itch,0,total,58026.7,59733.3,79
3,spsc_unaligned_65536_cross-core_paced_itch,0,total,59733.3,61440,106
3,spsc_unaligned_65536_cross-core_paced_itch,0,total,61440,63146.7,95
3,spsc_unaligned_65536_cross-core_paced_itch,0,total,63146.7,64853.3,90
3,spsc_unaligned_65536_cross-core_paced_itch,0,total,64853.3,66560,94
3,spsc_unaligned_65536_cross-core_paced_itch,0,total,66560,68266.7,106
3,spsc_unaligned_65536_cross-core_paced_itch,0,total,68266.7,69973.3,86
3,spsc_unaligned_65536_cross-core_paced_itch,0,total,69973.3,71680,86
3,spsc_unaligned_65536_cross-core_paced_itch,0,total,71680,73386.7,47
3,spsc_unaligned_65536_cross-core_paced_itch,0,total,73386.7,75093.3,59
3,spsc_unaligned_65536_cross-core_paced_itch,0,total,75093.3,76800,46
3,spsc_unaligned_65536_cross-core_paced_itch,0,total,76800,78506.7,35
3,spsc_unaligned_65536_cross-core_paced_itch,0,total,78506.7,80213.3,43
3,spsc_unaligned_65536_cross-core_paced_itch,0,total,80213.3,81920,41
3,spsc_unaligned_65536_cross-core_paced_itch,0,total,81920,83626.7,31
3,spsc_unaligned_65536_cross-core_paced_itch,0,total,83626.7,85333.3,33
3,spsc_unaligned_65536_cross-core_paced_itch,0,total,85333.3,87040,48
3,spsc_unaligned_65536_cross-core_paced_itch,0,total,87040,88746.7,73
3,spsc_unaligned_65536_cross-core_paced_itch,0,total,88746.7,90453.3,76
3,spsc_unaligned_65536_cross-core_paced_itch,0,total,90453.3,92160,38
3,spsc_unaligned_65536_cross-core_paced_itch,0,total,92160,93866.7,38
3,spsc_unaligned_65536_cross-core_paced_itch,0,total,93866.7,95573.3,53
3,spsc_unaligned_65536_cross-core_paced_itch,0,total,95573.3,97280,26
3,spsc_unaligned_65536_cross-core_paced_itch,0,total,97280,98986.6,16
3,spsc_unaligned_65536_cross-core_paced_itch,0,total,98986.6,100693,23
3,spsc_unaligned_65536_cross-core_paced_itch,0,total,100693,102400,28
3,spsc_unaligned_65536_cross-core_paced_itch,0,total,102400,104107,20
3,spsc_unaligned_65536_cross-core_paced_itch,0,total,104107,105813,34
3,spsc_unaligned_65536_cross-core_paced_itch,0,total,105813,107520,55
3,spsc_unaligned_65536_cross-core_paced_itch,0,total,107520,109227,42
3,spsc_unaligned_65536_cross-core_paced_itch,0,total,109227,112640,36
3,spsc_unaligned_65536_cross-core_paced_itch,0,total,112640,116053,26
3,spsc_unaligned_65536_cross-core_paced_itch,0,total,116053,119467,23
3,spsc_unaligned_65536_cross-core_paced_itch,0,total,119467,122880,18
3,spsc_unaligned_65536_cross-core_paced_itch,0,total,122880,126293,17
3,spsc_unaligned_65536_cross-core_paced_itch,0,total,126293,129707,31
3,spsc_unaligned_65536_cross-core_paced_itch,0,total,129707,133120,24
3,spsc_unaligned_65536_cross-core_paced_itch,0,total,133120,136533,23
3,spsc_unaligned_65536_cross-core_paced_itch,0,total,136533,139947,20
3,spsc_unaligned_65536_cross-core_paced_itch,0,total,139947,143360,31
3,spsc_unaligned_65536_cross-core_paced_itch,0,total,143360,146773,19
3,spsc_unaligned_65536_cross-core_paced_itch,0,total,146773,150187,19
3,spsc_unaligned_65536_cross-core_paced_itch,0,total,150187,153600,31
3,spsc_unaligned_65536_cross-core_paced_itch,0,total,153600,157013,22
3,spsc_unaligned_65536_cross-core_paced_itch,0,total,157013,160427,22
3,spsc_unaligned_65536_cross-core_paced_itch,0,total,160427,163840,26
3,spsc_unaligned_65536_cross-core_paced_itch,0,total,163840,167253,24
3,spsc_unaligned_65536_cross-core_paced_itch,0,total,167253,170667,43
3,spsc_unaligned_65536_cross-core_paced_itch,0,total,170667,174080,34
3,spsc_unaligned_65536_cross-core_paced_itch,0,total,174080,177493,20
3,spsc_unaligned_65536_cross-core_paced_itch,0,total,177493,180907,19
3,spsc_unaligned_65536_cross-core_paced_itch,0,total,180907,184320,26
3,spsc_unaligned_65536_cross-core_paced_itch,0,total,184320,187733,19
3,spsc_unaligned_65536_cross-core_paced_itch,0,total,187733,191147,19
3,spsc_unaligned_65536_cross-core_paced_itch,0,total,191147,194560,26
3,spsc_unaligned_65536_cross-core_paced_itch,0,total,194560,197973,37
3,spsc_unaligned_65536_cross-core_paced_itch,0,total,197973,201387,35
3,spsc_unaligned_65536_cross-core_paced_itch,0,total,201387,204800,35
3,spsc_unaligned_65536_cross-core_paced_itch,0,total,204800,208213,27
3,spsc_unaligned_65536_cross-core_paced_itch,0,total,208213,211627,24
3,spsc_unaligned_65536_cross-core_paced_itch,0,total,211627,215040,42
3,spsc_unaligned_65536_cross-core_paced_itch,0,total,215040,218453,54
3,spsc_unaligned_65536_cross-core_paced_itch,0,total,218453,225280,70
3,spsc_unaligned_65536_cross-core_paced_itch,0,total,225280,232107,39
3,spsc_unaligned_65536_cross-core_paced_itch,0,total,232107,238933,43
3,spsc_unaligned_65536_cross-core_paced_itch,0,total,238933,245760,39
3,spsc_unaligned_65536_cross-core_paced_itch,0,total,245760,252587,58
3,spsc_unaligned_65536_cross-core_paced_itch,0,total,252587,259413,38
3,spsc_unaligned_65536_cross-core_paced_itch,0,total,259413,266240,25
3,spsc_unaligned_65536_cross-core_paced_itch,0,total,266240,273067,51
3,spsc_unaligned_65536_cross-core_paced_itch,0,total,273067,279893,47
3,spsc_unaligned_65536_cross-core_paced_itch,0,total,279893,286720,31
3,spsc_unaligned_65536_cross-core_paced_itch,0,total,286720,293547,44
3,spsc_unaligned_65536_cross-core_paced_itch,0,total,293547,300373,42
3,spsc_unaligned_65536_cross-core_paced_itch,0,total,300373,307200,57
3,spsc_unaligned_65536_cross-core_paced_itch,0,total,307200,314027,34
3,spsc_unaligned_65536_cross-core_paced_itch,0,total,314027,320853,45
3,spsc_unaligned_65536_cross-core_paced_itch,0,total,320853,327680,40
3,spsc_unaligned_65536_cross-core_paced_itch,0,total,327680,334507,43
3,spsc_unaligned_65536_cross-core_paced_itch,0,total,334507,341333,76
3,spsc_unaligned_65536_cross-core_paced_itch,0,total,341333,348160,61
3,spsc_unaligned_65536_cross-core_paced_itch,0,total,348160,354987,41
3,spsc_unaligned_65536_cross-core_paced_itch,0,total,354987,361813,57
3,spsc_unaligned_65536_cross-core_paced_itch,0,total,361813,368640,25
3,spsc_unaligned_65536_cross-core_paced_itch,0,total,368640,375467,53
3,spsc_unaligned_65536_cross-core_paced_itch,0,total,375467,382293,49
3,spsc_unaligned_65536_cross-core_paced_itch,0,total,382293,389120,56
3,spsc_unaligned_65536_cross-core_paced_itch,0,total,389120,395947,86
3,spsc_unaligned_65536_cross-core_paced_itch,0,total,395947,402773,73
3,spsc_unaligned_65536_cross-core_paced_itch,0,total,402773,409600,110
3,spsc_unaligned_65536_cross-core_paced_itch,0,total,409600,416427,88
3,spsc_unaligned_65536_cross-core_paced_itch,0,total,416427,423253,189
3,spsc_unaligned_65536_cross-core_paced_itch,0,total,423253,430080,295
3,spsc_unaligned_65536_cross-core_paced_itch,0,total,430080,436907,182
3,spsc_unaligned_65536_cross-core_paced_itch,0,total,436907,450560,216
3,spsc_unaligned_65536_cross-core_paced_itch,0,total,450560,464213,107
3,spsc_unaligned_65536_cross-core_paced_itch,0,total,464213,477867,115
3,spsc_unaligned_65536_cross-core_paced_itch,0,total,477867,491520,123
3,spsc_unaligned_65536_cross-core_paced_itch,0,total,491520,505173,158
3,spsc_unaligned_65536_cross-core_paced_itch,0,total,505173,518827,125
3,spsc_unaligned_65536_cross-core_paced_itch,0,total,518827,532480,215
3,spsc_unaligned_65536_cross-core_paced_itch,0,total,532480,546133,382
3,spsc_unaligned_65536_cross-core_paced_itch,0,total,546133,559787,306
3,spsc_unaligned_65536_cross-core_paced_itch,0,total,559787,573440,173
3,spsc_unaligned_65536_cross-core_paced_itch,0,total,573440,587093,71
3,spsc_unaligned_65536_cross-core_paced_itch,0,total,587093,600747,32
3,spsc_unaligned_65536_cross-core_paced_itch,0,total,600747,614400,30
3,spsc_unaligned_65536_cross-core_paced_itch,0,total,614400,628053,39
3,spsc_unaligned_65536_cross-core_paced_itch,0,total,628053,641707,65
3,spsc_unaligned_65536_cross-core_paced_itch,0,total,641707,655360,45
3,spsc_unaligned_65536_cross-core_paced_itch,0,total,655360,669013,122
3,spsc_unaligned_65536_cross-core_paced_itch,0,total,669013,682667,74
3,spsc_unaligned_65536_cross-core_paced_itch,0,total,682667,696320,26
3,spsc_unaligned_65536_cross-core_paced_itch,0,total,696320,709973,35
3,spsc_unaligned_65536_cross-core_paced_itch,0,total,709973,723627,50
3,spsc_unaligned_65536_cross-core_paced_itch,0,total,723627,737280,44
3,spsc_unaligned_65536_cross-core_paced_itch,0,total,737280,750933,166
3,spsc_unaligned_65536_cross-core_paced_itch,0,total,750933,764587,123
3,spsc_unaligned_65536_cross-core_paced_itch,0,total,764587,778240,77
3,spsc_unaligned_65536_cross-core_paced_itch,0,total,778240,791893,131
3,spsc_unaligned_65536_cross-core_paced_itch,0,total,791893,805547,110
3,spsc_unaligned_65536_cross-core_paced_itch,0,total,805547,819200,63
3,spsc_unaligned_65536_cross-core_paced_itch,0,total,819200,832853,105
3,spsc_unaligned_65536_cross-core_paced_itch,0,total,832853,846507,38
3,spsc_unaligned_65536_cross-core_paced_itch,0,total,846507,860160,65
3,spsc_unaligned_65536_cross-core_paced_itch,0,total,860160,873813,45
3,spsc_unaligned_65536_cross-core_paced_itch,0,total,873813,901120,117
3,spsc_unaligned_65536_cross-core_paced_itch,0,total,901120,928427,210
3,spsc_unaligned_65536_cross-core_paced_itch,0,total,928427,955733,199
3,spsc_unaligned_65536_cross-core_paced_itch,0,total,955733,983040,101
3,spsc_unaligned_65536_cross-core_paced_itch,0,total,983040,1.01035e+06,137
3,spsc_unaligned_65536_cross-core_paced_itch,0,total,1.01035e+06,1.03765e+06,261
3,spsc_unaligned_65536_cross-core_paced_itch,0,total,1.03765e+06,1.06496e+06,163
3,spsc_unaligned_65536_cross-core_paced_itch,0,total,1.06496e+06,1.09227e+06,249
3,spsc_unaligned_65536_cross-core_paced_itch,0,total,1.09227e+06,1.11957e+06,283
3,spsc_unaligned_65536_cross-core_paced_itch,0,total,1.11957e+06,1.14688e+06,313
3,spsc_unaligned_65536_cross-core_paced_itch,0,total,1.14688e+06,1.17419e+06,398
3,spsc_unaligned_65536_cross-core_paced_itch,0,total,1.17419e+06,1.20149e+06,227
3,spsc_unaligned_65536_cross-core_paced_itch,0,total,1.20149e+06,1.2288e+06,167
3,spsc_unaligned_65536_cross-core_paced_itch,0,total,1.2288e+06,1.25611e+06,428
3,spsc_unaligned_65536_cross-core_paced_itch,0,total,1.25611e+06,1.28341e+06,118
3,spsc_unaligned_65536_cross-core_paced_itch,0,total,1.28341e+06,1.31072e+06,229
3,spsc_unaligned_65536_cross-core_paced_itch,0,total,1.31072e+06,1.33803e+06,158
3,spsc_unaligned_65536_cross-core_paced_itch,0,total,1.33803e+06,1.36533e+06,79
3,spsc_unaligned_65536_cross-core_paced_itch,0,total,1.36533e+06,1.39264e+06,106
3,spsc_unaligned_65536_cross-core_paced_itch,0,total,1.39264e+06,1.41995e+06,153
3,spsc_unaligned_65536_cross-core_paced_itch,0,total,1.41995e+06,1.44725e+06,230
3,spsc_unaligned_65536_cross-core_paced_itch,0,total,1.44725e+06,1.47456e+06,144
3,spsc_unaligned_65536_cross-core_paced_itch,0,total,1.47456e+06,1.50187e+06,146
3,spsc_unaligned_65536_cross-core_paced_itch,0,total,1.50187e+06,1.52917e+06,93
3,spsc_unaligned_65536_cross-core_paced_itch,0,total,1.52917e+06,1.55648e+06,114
3,spsc_unaligned_65536_cross-core_paced_itch,0,total,1.55648e+06,1.58379e+06,70
3,spsc_unaligned_65536_cross-core_paced_itch,0,total,1.58379e+06,1.61109e+06,64
3,spsc_unaligned_65536_cross-core_paced_itch,0,total,1.61109e+06,1.6384e+06,207
3,spsc_unaligned_65536_cross-core_paced_itch,0,total,1.6384e+06,1.66571e+06,208
3,spsc_unaligned_65536_cross-core_paced_itch,0,total,1.66571e+06,1.69301e+06,540
3,spsc_unaligned_65536_cross-core_paced_itch,0,total,1.69301e+06,1.72032e+06,230
3,spsc_unaligned_65536_cross-core_paced_itch,0,total,1.72032e+06,1.74763e+06,374
3,spsc_unaligned_65536_cross-core_paced_itch,0,total,1.74763e+06,1.80224e+06,680
3,spsc_unaligned_65536_cross-core_paced_itch,0,total,1.80224e+06,1.85685e+06,284
3,spsc_unaligned_65536_cross-core_paced_itch,0,total,1.85685e+06,1.91147e+06,66
3,spsc_unaligned_65536_cross-core_paced_itch,0,total,1.91147e+06,1.96608e+06,446
3,spsc_unaligned_65536_cross-core_paced_itch,0,total,1.96608e+06,2.02069e+06,198
3,spsc_unaligned_65536_cross-core_paced_itch,0,total,2.02069e+06,2.07531e+06,286
3,spsc_unaligned_65536_cross-core_paced_itch,0,total,2.07531e+06,2.12992e+06,665
3,spsc_unaligned_65536_cross-core_paced_itch,0,total,2.12992e+06,2.18453e+06,304
3,spsc_unaligned_65536_cross-core_paced_itch,0,queue,173.333,176.667,1
3,spsc_unaligned_65536_cross-core_paced_itch,0,queue,180,183.333,1
3,spsc_unaligned_65536_cross-core_paced_itch,0,queue,200,203.333,1
3,spsc_unaligned_65536_cross-core_paced_itch,0,queue,233.333,240,4
3,spsc_unaligned_65536_cross-core_paced_itch,0,queue,240,246.667,14
3,spsc_unaligned_65536_cross-core_paced_itch,0,queue,246.667,253.333,29
3,spsc_unaligned_65536_cross-core_paced_itch,0,queue,253.333,260,19
3,spsc_unaligned_65536_cross-core_paced_itch,0,queue,260,266.667,21
3,spsc_unaligned_65536_cross-core_paced_itch,0,queue,266.667,273.333,44
3,spsc_unaligned_65536_cross-core_paced_itch,0,queue,273.333,280,57
3,spsc_unaligned_65536_cross-core_paced_itch,0,queue,280,286.667,44
3,spsc_unaligned_65536_cross-core_paced_itch,0,queue,286.667,293.333,48
3,spsc_unaligned_65536_cross-core_paced_itch,0,queue,293.333,300,47
3,spsc_unaligned_65536_cross-core_paced_itch,0,queue,300,306.667,35
3,spsc_unaligned_65536_cross-core_paced_itch,0,queue,306.667,313.333,63
3,spsc_unaligned_65536_cross-core_paced_itch,0,queue,313.333,320,66
3,spsc_unaligned_65536_cross-core_paced_itch,0,queue,320,326.667,107
3,spsc_unaligned_65536_cross-core_paced_itch,0,queue,326.667,333.333,265
3,spsc_unaligned_65536_cross-core_paced_itch,0,queue,333.333,340,723
3,spsc_unaligned_65536_cross-core_paced_itch,0,queue,340,346.667,1049
3,spsc_unaligned_65536_cross-core_paced_itch,0,queue,346.667,353.333,859
3,spsc_unaligned_65536_cross-core_paced_itch,0,queue,353.333,360,1016
3,spsc_unaligned_65536_cross-core_paced_itch,0,queue,360,366.667,1599
3,spsc_unaligned_65536_cross-core_paced_itch,0,queue,366.667,373.333,2101
3,spsc_unaligned_65536_cross-core_paced_itch,0,queue,373.333,380,2553
3,spsc_unaligned_65536_cross-core_paced_itch,0,queue,380,386.667,3087
3,spsc_unaligned_65536_cross-core_paced_itch,0,queue,386.667,393.333,3012
3,spsc_unaligned_65536_cross-core_paced_itch,0,queue,393.333,400,2048
3,spsc_unaligned_65536_cross-core_paced_itch,0,queue,400,406.667,1022
3,spsc_unaligned_65536_cross-core_paced_itch,0,queue,406.667,413.333,646
3,spsc_unaligned_65536_cross-core_paced_itch,0,queue,413.333,420,959
3,spsc_unaligned_65536_cross-core_paced_itch,0,queue,420,426.667,3649
3,spsc_unaligned_65536_cross-core_paced_itch,0,queue,426.667,440,15814
3,spsc_unaligned_65536_cross-core_paced_itch,0,queue,440,453.333,16271
3,spsc_unaligned_65536_cross-core_paced_itch,0,queue,453.333,466.667,20863
3,spsc_unaligned_65536_cross-core_paced_itch,0,queue,466.667,480,9632
3,spsc_unaligned_65536_cross-core_paced_itch,0,queue,480,493.333,7303
3,spsc_unaligned_65536_cross-core_paced_itch,0,queue,493.333,506.667,12708
3,spsc_unaligned_65536_cross-core_paced_itch,0,queue,506.667,520,11594
3,spsc_unaligned_65536_cross-core_paced_itch,0,queue,520,533.333,4657
3,spsc_unaligned_65536_cross-core_paced_itch,0,queue,533.333,546.667,2336
3,spsc_unaligned_65536_cross-core_paced_itch,0,queue,546.667,560,2289
3,spsc_unaligned_65536_cross-core_paced_itch,0,queue,560,573.333,1952
3,spsc_unaligned_65536_cross-core_paced_itch,0,queue,573.333,586.667,1967
3,spsc_unaligned_65536_cross-core_paced_itch,0,queue,586.667,600,2988
3,spsc_unaligned_65536_cross-core_paced_itch,0,queue,600,613.333,3348
3,spsc_unaligned_65536_cross-core_paced_itch,0,queue,613.333,626.667,2905
3,spsc_unaligned_65536_cross-core_paced_itch,0,queue,626.667,640,2485
3,spsc_unaligned_65536_cross-core_paced_itch,0,queue,640,653.333,2116
3,spsc_unaligned_65536_cross-core_paced_itch,0,queue,653.333,666.667,1858
3,spsc_unaligned_65536_cross-core_paced_itch,0,queue,666.667,680,1975
3,spsc_unaligned_65536_cross-core_paced_itch,0,queue,680,693.333,1905
3,spsc_unaligned_65536_cross-core_paced_itch,0,queue,693.333,706.667,1737
3,spsc_unaligned_65536_cross-core_paced_itch,0,queue,706.667,720,1376
3,spsc_unaligned_65536_cross-core_paced_itch,0,queue,720,733.333,1072
3,spsc_unaligned_65536_cross-core_paced_itch,0,queue,733.333,746.667,1035
3,spsc_unaligned_65536_cross-core_paced_itch,0,queue,746.667,760,924
3,spsc_unaligned_65536_cross-core_paced_itch,0,queue,760,773.333,805
3,spsc_unaligned_65536_cross-core_paced_itch,0,queue,773.333,786.667,769
3,spsc_unaligned_65536_cross-core_paced_itch,0,queue,786.667,800,785
3,spsc_unaligned_65536_cross-core_paced_itch,0,queue,800,813.333,746
3,spsc_unaligned_65536_cross-core_paced_itch,0,queue,813.333,826.667,662
3,spsc_unaligned_65536_cross-core_paced_itch,0,queue,826.667,840,661
3,spsc_unaligned_65536_cross-core_paced_itch,0,queue,840,853.333,652
3,spsc_unaligned_65536_cross-core_paced_itch,0,queue,853.333,880,1121
3,spsc_unaligned_65536_cross-core_paced_itch,0,queue,880,906.667,979
3,spsc_unaligned_65536_cross-core_paced_itch,0,queue,906.667,933.333,1019
3,spsc_unaligned_65536_cross-core_paced_itch,0,queue,933.333,960,1012
3,spsc_unaligned_65536_cross-core_paced_itch,0,queue,960,986.666,946
3,spsc_unaligned_65536_cross-core_paced_itch,0,queue,986.666,1013.33,817
3,spsc_unaligned_65536_cross-core_paced_itch,0,queue,1013.33,1040,795
3,spsc_unaligned_65536_cross-core_paced_itch,0,queue,1040,1066.67,735
3,spsc_unaligned_65536_cross-core_paced_itch,0,queue,1066.67,1093.33,675
3,spsc_unaligned_65536_cross-core_paced_itch,0,queue,1093.33,1120,634
3,spsc_unaligned_65536_cross-core_paced_itch,0,queue,1120,1146.67,602
3,spsc_unaligned_65536_cross-core_paced_itch,0,queue,1146.67,1173.33,627
3,spsc_unaligned_65536_cross-core_paced_itch,0,queue,1173.33,1200,569
3,spsc_unaligned_65536_cross-core_paced_itch,0,queue,1200,1226.67,579
3,spsc_unaligned_65536_cross-core_paced_itch,0,queue,1226.67,1253.33,562
3,spsc_unaligned_65536_cross-core_paced_itch,0,queue,1253.33,1280,519
3,spsc_unaligned_65536_cross-core_paced_itch,0,queue,1280,1306.67,540
3,spsc_unaligned_65536_cross-core_paced_itch,0,queue,1306.67,1333.33,524
3,spsc_unaligned_65536_cross-core_paced_itch,0,queue,1333.33,1360,503
3,spsc_unaligned_65536_cross-core_paced_itch,0,queue,1360,1386.67,484
3,spsc_unaligned_65536_cross-core_paced_itch,0,queue,1386.67,1413.33,488
3,spsc_unaligned_65536_cross-core_paced_itch,0,queue,1413.33,1440,478
3,spsc_unaligned_65536_cross-core_paced_itch,0,queue,1440,1466.67,478
3,spsc_unaligned_65536_cross-core_paced_itch,0,queue,1466.67,1493.33,435
3,spsc_unaligned_65536_cross-core_paced_itch,0,queue,1493.33,1520,426
3,spsc_unaligned_65536_cross-core_paced_itch,0,queue,1520,1546.67,413
3,spsc_unaligned_65536_cross-core_paced_itch,0,queue,1546.67,1573.33,479
3,spsc_unaligned_65536_cross-core_paced_itch,0,queue,1573.33,1600,445
3,spsc_unaligned_65536_cross-core_paced_itch,0,queue,1600,1626.67,390
3,spsc_unaligned_65536_cross-core_paced_itch,0,queue,1626.67,1653.33,423
3,spsc_unaligned_65536_cross-core_paced_itch,0,queue,1653.33,1680,401
3,spsc_unaligned_65536_cross-core_paced_itch,0,queue,1680,1706.67,436
3,spsc_unaligned_65536_cross-core_paced_itch,0,queue,1706.67,1760,762
3,spsc_unaligned_65536_cross-core_paced_itch,0,queue,1760,1813.33,778
3,spsc_unaligned_65536_cross-core_paced_itch,0,queue,1813.33,1866.67,779
3,spsc_unaligned_65536_cross-core_paced_itch,0,queue,1866.67,1920,740
3,spsc_unaligned_65536_cross-core_paced_itch,0,queue,1920,1973.33,723
3,spsc_unaligned_65536_cross-core_paced_itch,0,queue,1973.33,2026.67,670
3,spsc_unaligned_65536_cross-core_paced_itch,0,queue,2026.67,2080,670
3,spsc_unaligned_65536_cross-core_paced_itch,0,queue,2080,2133.33,675
3,spsc_unaligned_65536_cross-core_paced_itch,0,queue,2133.33,2186.67,604
3,spsc_unaligned_65536_cross-core_paced_itch,0,queue,2186.67,2240,628
3,spsc_unaligned_65536_cross-core_paced_itch,0,queue,2240,2293.33,608
3,spsc_unaligned_65536_cross-core_paced_itch,0,queue,2293.33,2346.67,589
3,spsc_unaligned_65536_cross-core_paced_itch,0,queue,2346.67,2400,645
3,spsc_unaligned_65536_cross-core_paced_itch,0,queue,2400,2453.33,643
3,spsc_unaligned_65536_cross-core_paced_itch,0,queue,2453.33,2506.67,592
3,spsc_unaligned_65536_cross-core_paced_itch,0,queue,2506.67,2560,561
3,spsc_unaligned_65536_cross-core_paced_itch,0,queue,2560,2613.33,579
3,spsc_unaligned_65536_cross-core_paced_itch,0,queue,2613.33,2666.67,544
3,spsc_unaligned_65536_cross-core_paced_itch,0,queue,2666.67,2720,540
3,spsc_unaligned_65536_cross-core_paced_itch,0,queue,2720,2773.33,569
3,spsc_unaligned_65536_cross-core_paced_itch,0,queue,2773.33,2826.67,545
3,spsc_unaligned_65536_cross-core_paced_itch,0,queue,2826.67,2880,564
3,spsc_unaligned_65536_cross-core_paced_itch,0,queue,2880,2933.33,556
3,spsc_unaligned_65536_cross-core_paced_itch,0,queue,2933.33,2986.67,548
3,spsc_unaligned_65536_cross-core_paced_itch,0,queue,2986.67,3040,510
3,spsc_unaligned_65536_cross-core_paced_itch,0,queue,3040,3093.33,479
3,spsc_unaligned_65536_cross-core_paced_itch,0,queue,3093.33,3146.67,437
3,spsc_unaligned_65536_cross-core_paced_itch,0,queue,3146.67,3200,442
3,spsc_unaligned_65536_cross-core_paced_itch,0,queue,3200,3253.33,480
3,spsc_unaligned_65536_cross-core_paced_itch,0,queue,3253.33,3306.67,456
3,spsc_unaligned_65536_cross-core_paced_itch,0,queue,3306.67,3360,487
3,spsc_unaligned_65536_cross-core_paced_itch,0,queue,3360,3413.33,446
3,spsc_unaligned_65536_cross-core_paced_itch,0,queue,3413.33,3520,881
3,spsc_unaligned_65536_cross-core_paced_itch,0,queue,3520,3626.67,889
3,spsc_unaligned_65536_cross-core_paced_itch,0,queue,3626.67,3733.33,863
3,spsc_unaligned_65536_cross-core_paced_itch,0,queue,3733.33,3840,862
3,spsc_unaligned_65536_cross-core_paced_itch,0,queue,3840,3946.67,778
3,spsc_unaligned_65536_cross-core_paced_itch,0,queue,3946.67,4053.33,782
3,spsc_unaligned_65536_cross-core_paced_itch,0,queue,4053.33,4160,760
3,spsc_unaligned_65536_cross-core_paced_itch,0,queue,4160,4266.67,730
3,spsc_unaligned_65536_cross-core_paced_itch,0,queue,4266.67,4373.33,712
3,spsc_unaligned_65536_cross-core_paced_itch,0,queue,4373.33,4480,712
3,spsc_unaligned_65536_cross-core_paced_itch,0,queue,4480,4586.67,683
3,spsc_unaligned_65536_cross-core_paced_itch,0,queue,4586.67,4693.33,652
3,spsc_unaligned_65536_cross-core_paced_itch,0,queue,4693.33,4800,627
3,spsc_unaligned_65536_cross-core_paced_itch,0,queue,4800,4906.67,631
3,spsc_unaligned_65536_cross-core_paced_itch,0,queue,4906.67,5013.33,558
3,spsc_unaligned_65536_cross-core_paced_itch,0,queue,5013.33,5120,561
3,spsc_unaligned_65536_cross-core_paced_itch,0,queue,5120,5226.67,554
3,spsc_unaligned_65536_cross-core_paced_itch,0,queue,5226.67,5333.33,502
3,spsc_unaligned_65536_cross-core_paced_itch,0,queue,5333.33,5440,524
3,spsc_unaligned_65536_cross-core_paced_itch,0,queue,5440,5546.67,527
3,spsc_unaligned_65536_cross-core_paced_itch,0,queue,5546.67,5653.33,507
3,spsc_unaligned_65536_cross-core_paced_itch,0,queue,5653.33,5760,478
3,spsc_unaligned_65536_cross-core_paced_itch,0,queue,5760,5866.67,467
3,spsc_unaligned_65536_cross-core_paced_itch,0,queue,5866.67,5973.33,444
3,spsc_unaligned_65536_cross-core_paced_itch,0,queue,5973.33,6080,453
3,spsc_unaligned_65536_cross-core_paced_itch,0,queue,6080,6186.67,453
3,spsc_unaligned_65536_cross-core_paced_itch,0,queue,6186.67,6293.33,409
3,spsc_unaligned_65536_cross-core_paced_itch,0,queue,6293.33,6400,421
3,spsc_unaligned_65536_cross-core_paced_itch,0,queue,6400,6506.67,406
3,spsc_unaligned_65536_cross-core_paced_itch,0,queue,6506.67,6613.33,379
3,spsc_unaligned_65536_cross-core_paced_itch,0,queue,6613.33,6720,395
3,spsc_unaligned_65536_cross-core_paced_itch,0,queue,6720,6826.67,362
3,spsc_unaligned_65536_cross-core_paced_itch,0,queue,6826.67,7040,753
3,spsc_unaligned_65536_cross-core_paced_itch,0,queue,7040,7253.33,660
3,spsc_unaligned_65536_cross-core_paced_itch,0,queue,7253.33,7466.67,658
3,spsc_unaligned_65536_cross-core_paced_itch,0,queue,7466.67,7680,644
3,spsc_unaligned_65536_cross-core_paced_itch,0,queue,7680,7893.33,592
3,spsc_unaligned_65536_cross-core_paced_itch,0,queue,7893.33,8106.67,554
3,spsc_unaligned_65536_cross-core_paced_itch,0,queue,8106.67,8320,560
3,spsc_unaligned_65536_cross-core_paced_itch,0,queue,8320,8533.33,532
3,spsc_unaligned_65536_cross-core_paced_itch,0,queue,8533.33,8746.67,496
3,spsc_unaligned_65536_cross-core_paced_itch,0,queue,8746.67,8960,486
3,spsc_unaligned_65536_cross-core_paced_itch,0,queue,8960,9173.33,492
3,spsc_unaligned_65536_cross-core_paced_itch,0,queue,9173.33,9386.67,462
3,spsc_unaligned_65536_cross-core_paced_itch,0,queue,9386.67,9600,443
3,spsc_unaligned_65536_cross-core_paced_itch,0,queue,9600,9813.33,428
3,spsc_unaligned_65536_cross-core_paced_itch,0,queue,9813.33,10026.7,443
3,spsc_unaligned_65536_cross-core_paced_itch,0,queue,10026.7,10240,438
3,spsc_unaligned_65536_cross-core_paced_itch,0,queue,10240,10453.3,406
3,spsc_unaligned_65536_cross-core_paced_itch,0,queue,10453.3,10666.7,381
3,spsc_unaligned_65536_cross-core_paced_itch,0,queue,10666.7,10880,434
3,spsc_unaligned_65536_cross-core_paced_itch,0,queue,10880,11093.3,407
3,spsc_unaligned_65536_cross-core_paced_itch,0,queue,11093.3,11306.7,441
3,spsc_unaligned_65536_cross-core_paced_itch,0,queue,11306.7,11520,383
3,spsc_unaligned_65536_cross-core_paced_itch,0,queue,11520,11733.3,353
3,spsc_unaligned_65536_cross-core_paced_itch,0,queue,11733.3,11946.7,367
3,spsc_unaligned_65536_cross-core_paced_itch,0,queue,11946.7,12160,325
3,spsc_unaligned_65536_cross-core_paced_itch,0,queue,12160,12373.3,330
3,spsc_unaligned_65536_cross-core_paced_itch,0,queue,12373.3,12586.7,333
3,spsc_unaligned_65536_cross-core_paced_itch,0,queue,12586.7,12800,321
3,spsc_unaligned_65536_cross-core_paced_itch,0,queue,12800,13013.3,324
3,spsc_unaligned_65536_cross-core_paced_itch,0,queue,13013.3,13226.7,305
3,spsc_unaligned_65536_cross-core_paced_itch,0,queue,13226.7,13440,272
3,spsc_unaligned_65536_cross-core_paced_itch,0,queue,13440,13653.3,239
3,spsc_unaligned_65536_cross-core_paced_itch,0,queue,13653.3,14080,508
3,spsc_unaligned_65536_cross-core_paced_itch,0,queue,14080,14506.7,446
3,spsc_unaligned_65536_cross-core_paced_itch,0,queue,14506.7,14933.3,410
3,spsc_unaligned_65536_cross-core_paced_itch,0,queue,14933.3,15360,384
3,spsc_unaligned_65536_cross-core_paced_itch,0,queue,15360,15786.7,275
3,spsc_unaligned_65536_cross-core_paced_itch,0,queue,15786.7,16213.3,289
3,spsc_unaligned_65536_cross-core_paced_itch,0,queue,16213.3,16640,194
3,spsc_unaligned_65536_cross-core_paced_itch,0,queue,16640,17066.7,186
3,spsc_unaligned_65536_cross-core_paced_itch,0,queue,17066.7,17493.3,159
3,spsc_unaligned_65536_cross-core_paced_itch,0,queue,17493.3,17920,148
3,spsc_unaligned_65536_cross-core_paced_itch,0,queue,17920,18346.7,143
3,spsc_unaligned_65536_cross-core_paced_itch,0,queue,18346.7,18773.3,130
3,spsc_unaligned_65536_cross-core_paced_itch,0,queue,18773.3,19200,133
3,spsc_unaligned_65536_cross-core_paced_itch,0,queue,19200,19626.7,123
3,spsc_unaligned_65536_cross-core_paced_itch,0,queue,19626.7,20053.3,122
3,spsc_unaligned_65536_cross-core_paced_itch,0,queue,20053.3,20480,96
3,spsc_unaligned_65536_cross-core_paced_itch,0,queue,20480,20906.7,117
3,spsc_unaligned_65536_cross-core_paced_itch,0,queue,20906.7,21333.3,114
3,spsc_unaligned_65536_cross-core_paced_itch,0,queue,21333.3,21760,120
3,spsc_unaligned_65536_cross-core_paced_itch,0,queue,21760,22186.7,91
3,spsc_unaligned_65536_cross-core_paced_itch,0,queue,22186.7,22613.3,88
3,spsc_unaligned_65536_cross-core_paced_itch,0,queue,22613.3,23040,100
3,spsc_unaligned_65536_cross-core_paced_itch,0,queue,23040,23466.7,83
3,spsc_unaligned_65536_cross-core_paced_itch,0,queue,23466.7,23893.3,113
3,spsc_unaligned_65536_cross-core_paced_itch,0,queue,23893.3,24320,77
3,spsc_unaligned_65536_cross-core_paced_itch,0,queue,24320,24746.7,95
3,spsc_unaligned_65536_cross-core_paced_itch,0,queue,24746.7,25173.3,81
3,spsc_unaligned_65536_cross-core_paced_itch,0,queue,25173.3,25600,99
3,spsc_unaligned_65536_cross-core_paced_itch,0,queue,25600,26026.7,75
3,spsc_unaligned_65536_cross-core_paced_itch,0,queue,26026.7,26453.3,77
3,spsc_unaligned_65536_cross-core_paced_itch,0,queue,26453.3,26880,86
3,spsc_unaligned_65536_cross-core_paced_itch,0,queue,26880,27306.7,89
3,spsc_unaligned_65536_cross-core_paced_itch,0,queue,27306.7,28160,192
3,spsc_unaligned_65536_cross-core_paced_itch,0,queue,28160,29013.3,146
3,spsc_unaligned_65536_cross-core_paced_itch,0,queue,29013.3,29866.7,161
3,spsc_unaligned_65536_cross-core_paced_itch,0,queue,29866.7,30720,151
3,spsc_unaligned_65536_cross-core_paced_itch,0,queue,30720,31573.3,137
3,spsc_unaligned_65536_cross-core_paced_itch,0,queue,31573.3,32426.7,134
3,spsc_unaligned_65536_cross-core_paced_itch,0,queue,32426.7,33280,143
3,spsc_unaligned_65536_cross-core_paced_itch,0,queue,33280,34133.3,144
3,spsc_unaligned_65536_cross-core_paced_itch,0,queue,34133.3,34986.7,126
3,spsc_unaligned_65536_cross-core_paced_itch,0,queue,34986.7,35840,147
3,spsc_unaligned_65536_cross-core_paced_itch,0,queue,35840,36693.3,119
3,spsc_unaligned_65536_cross-core_paced_itch,0,queue,36693.3,37546.7,81
3,spsc_unaligned_65536_cross-core_paced_itch,0,queue,37546.7,38400,114
3,spsc_unaligned_65536_cross-core_paced_itch,0,queue,38400,39253.3,103
3,spsc_unaligned_65536_cross-core_paced_itch,0,queue,39253.3,40106.7,93
3,spsc_unaligned_65536_cross-core_paced_itch,0,queue,40106.7,40960,81
3,spsc_unaligned_65536_cross-core_paced_itch,0,queue,40960,41813.3,64
3,spsc_unaligned_65536_cross-core_paced_itch,0,queue,41813.3,42666.7,84
3,spsc_unaligned_65536_cross-core_paced_itch,0,queue,42666.7,43520,86
3,spsc_unaligned_65536_cross-core_paced_itch,0,queue,43520,44373.3,49
3,spsc_unaligned_65536_cross-core_paced_itch,0,queue,44373.3,45226.7,66
3,spsc_unaligned_65536_cross-core_paced_itch,0,queue,45226.7,46080,62
3,spsc_unaligned_65536_cross-core_paced_itch,0,queue,46080,46933.3,63
3,spsc_unaligned_65536_cross-core_paced_itch,0,queue,46933.3,47786.7,68
3,spsc_unaligned_65536_cross-core_paced_itch,0,queue,47786.7,48640,62
3,spsc_unaligned_65536_cross-core_paced_itch,0,queue,48640,49493.3,57
3,spsc_unaligned_65536_cross-core_paced_itch,0,queue,49493.3,50346.7,70
3,spsc_unaligned_65536_cross-core_paced_itch,0,queue,50346.7,51200,46
3,spsc_unaligned_65536_cross-core_paced_itch,0,queue,51200,52053.3,42
3,spsc_unaligned_65536_cross-core_paced_itch,0,queue,52053.3,52906.7,43
3,spsc_unaligned_65536_cross-core_paced_itch,0,queue,52906.7,53760,51
3,spsc_unaligned_65536_cross-core_paced_itch,0,queue,53760,54613.3,41
3,spsc_unaligned_65536_cross-core_paced_itch,0,queue,54613.3,56320,79
3,spsc_unaligned_65536_cross-core_paced_itch,0,queue,56320,58026.7,95
3,spsc_unaligned_65536_cross-core_paced_itch,0,queue,58026.7,59733.3,75
3,spsc_unaligned_65536_cross-core_paced_itch,0,queue,59733.3,61440,107
3,spsc_unaligned_65536_cross-core_paced_itch,0,queue,61440,63146.7,98
3,spsc_unaligned_65536_cross-core_paced_itch,0,queue,63146.7,64853.3,90
3,spsc_unaligned_65536_cross-core_paced_itch,0,queue,64853.3,66560,97
3,spsc_unaligned_65536_cross-core_paced_itch,0,queue,66560,68266.7,100
3,spsc_unaligned_65536_cross-core_paced_itch,0,queue,68266.7,69973.3,89
3,spsc_unaligned_65536_cross-core_paced_itch,0,queue,69973.3,71680,79
3,spsc_unaligned_65536_cross-core_paced_itch,0,queue,71680,73386.7,47
3,spsc_unaligned_65536_cross-core_paced_itch,0,queue,73386.7,75093.3,68
3,spsc_unaligned_65536_cross-core_paced_itch,0,queue,75093.3,76800,37
3,spsc_unaligned_65536_cross-core_paced_itch,0,queue,76800,78506.7,40
3,spsc_unaligned_65536_cross-core_paced_itch,0,queue,78506.7,80213.3,43
3,spsc_unaligned_65536_cross-core_paced_itch,0,queue,80213.3,81920,37
3,spsc_unaligned_65536_cross-core_paced_itch,0,queue,81920,83626.7,31
3,spsc_unaligned_65536_cross-core_paced_itch,0,queue,83626.7,85333.3,32
3,spsc_unaligned_65536_cross-core_paced_itch,0,queue,85333.3,87040,55
3,spsc_unaligned_65536_cross-core_paced_itch,0,queue,87040,88746.7,70
3,spsc_unaligned_65536_cross-core_paced_itch,0,queue,88746.7,90453.3,76
3,spsc_unaligned_65536_cross-core_paced_itch,0,queue,90453.3,92160,33
3,spsc_unaligned_65536_cross-core_paced_itch,0,queue,92160,93866.7,41
3,spsc_unaligned_65536_cross-core_paced_itch,0,queue,93866.7,95573.3,53
3,spsc_unaligned_65536_cross-core_paced_itch,0,queue,95573.3,97280,25
3,spsc_unaligned_65536_cross-core_paced_itch,0,queue,97280,98986.6,16
3,spsc_unaligned_65536_cross-core_paced_itch,0,queue,98986.6,100693,22
3,spsc_unaligned_65536_cross-core_paced_itch,0,queue,100693,102400,28
3,spsc_unaligned_65536_cross-core_paced_itch,0,queue,102400,104107,21
3,spsc_unaligned_65536_cross-core_paced_itch,0,queue,104107,105813,35
3,spsc_unaligned_65536_cross-core_paced_itch,0,queue,105813,107520,54
3,spsc_unaligned_65536_cross-core_paced_itch,0,queue,107520,109227,44
3,spsc_unaligned_65536_cross-core_paced_itch,0,queue,109227,112640,32
3,spsc_unaligned_65536_cross-core_paced_itch,0,queue,112640,116053,26
3,spsc_unaligned_65536_cross-core_paced_itch,0,queue,116053,119467,25
3,spsc_unaligned_65536_cross-core_paced_itch,0,queue,119467,122880,16
3,spsc_unaligned_65536_cross-core_paced_itch,0,queue,122880,126293,19
3,spsc_unaligned_65536_cross-core_paced_itch,0,queue,126293,129707,29
3,spsc_unaligned_65536_cross-core_paced_itch,0,queue,129707,133120,25
3,spsc_unaligned_65536_cross-core_paced_itch,0,queue,133120,136533,22
3,spsc_unaligned_65536_cross-core_paced_itch,0,queue,136533,139947,20
3,spsc_unaligned_65536_cross-core_paced_itch,0,queue,139947,143360,31
3,spsc_unaligned_65536_cross-core_paced_itch,0,queue,143360,146773,20
3,spsc_unaligned_65536_cross-core_paced_itch,0,queue,146773,150187,18
3,spsc_unaligned_65536_cross-core_paced_itch,0,queue,150187,153600,31
3,spsc_unaligned_65536_cross-core_paced_itch,0,queue,153600,157013,22
3,spsc_unaligned_65536_cross-core_paced_itch,0,queue,157013,160427,22
3,spsc_unaligned_65536_cross-core_paced_itch,0,queue,160427,163840,27
3,spsc_unaligned_65536_cross-core_paced_itch,0,queue,163840,167253,28
3,spsc_unaligned_65536_cross-core_paced_itch,0,queue,167253,170667,39
3,spsc_unaligned_65536_cross-core_paced_itch,0,queue,170667,174080,34
3,spsc_unaligned_65536_cross-core_paced_itch,0,queue,174080,177493,19
3,spsc_unaligned_65536_cross-core_paced_itch,0,queue,177493,180907,20
3,spsc_unaligned_65536_cross-core_paced_itch,0,queue,180907,184320,25
3,spsc_unaligned_65536_cross-core_paced_itch,0,queue,184320,187733,22
3,spsc_unaligned_65536_cross-core_paced_itch,0,queue,187733,191147,17
3,spsc_unaligned_65536_cross-core_paced_itch,0,queue,191147,194560,25
3,spsc_unaligned_65536_cross-core_paced_itch,0,queue,194560,197973,40
3,spsc_unaligned_65536_cross-core_paced_itch,0,queue,197973,201387,32
3,spsc_unaligned_65536_cross-core_paced_itch,0,queue,201387,204800,36
3,spsc_unaligned_65536_cross-core_paced_itch,0,queue,204800,208213,27
3,spsc_unaligned_65536_cross-core_paced_itch,0,queue,208213,211627,23
3,spsc_unaligned_65536_cross-core_paced_itch,0,queue,211627,215040,43
3,spsc_unaligned_65536_cross-core_paced_itch,0,queue,215040,218453,55
3,spsc_unaligned_65536_cross-core_paced_itch,0,queue,218453,225280,68
3,spsc_unaligned_65536_cross-core_paced_itch,0,queue,225280,232107,40
3,spsc_unaligned_65536_cross-core_paced_itch,0,queue,232107,238933,43
3,spsc_unaligned_65536_cross-core_paced_itch,0,queue,238933,245760,39
3,spsc_unaligned_65536_cross-core_paced_itch,0,queue,245760,252587,58
3,spsc_unaligned_65536_cross-core_paced_itch,0,queue,252587,259413,37
3,spsc_unaligned_65536_cross-core_paced_itch,0,queue,259413,266240,26
3,spsc_unaligned_65536_cross-core_paced_itch,0,queue,266240,273067,52
3,spsc_unaligned_65536_cross-core_paced_itch,0,queue,273067,279893,45
3,spsc_unaligned_65536_cross-core_paced_itch,0,queue,279893,286720,32
3,spsc_unaligned_65536_cross-core_paced_itch,0,queue,286720,293547,43
3,spsc_unaligned_65536_cross-core_paced_itch,0,queue,293547,300373,42
3,spsc_unaligned_65536_cross-core_paced_itch,0,queue,300373,307200,57
3,spsc_unaligned_65536_cross-core_paced_itch,0,queue,307200,314027,34
3,spsc_unaligned_65536_cross-core_paced_itch,0,queue,314027,320853,46
3,spsc_unaligned_65536_cross-core_paced_itch,0,queue,320853,327680,39
3,spsc_unaligned_65536_cross-core_paced_itch,0,queue,327680,334507,45
3,spsc_unaligned_65536_cross-core_paced_itch,0,queue,334507,341333,76
3,spsc_unaligned_65536_cross-core_paced_itch,0,queue,341333,348160,59
3,spsc_unaligned_65536_cross-core_paced_itch,0,queue,348160,354987,42
3,spsc_unaligned_65536_cross-core_paced_itch,0,queue,354987,361813,56
3,spsc_unaligned_65536_cross-core_paced_itch,0,queue,361813,368640,27
3,spsc_unaligned_65536_cross-core_paced_itch,0,queue,368640,375467,51
3,spsc_unaligned_65536_cross-core_paced_itch,0,queue,375467,382293,49
3,spsc_unaligned_65536_cross-core_paced_itch,0,queue,382293,389120,60
3,spsc_unaligned_65536_cross-core_paced_itch,0,queue,389120,395947,85
3,spsc_unaligned_65536_cross-core_paced_itch,0,queue,395947,402773,71
3,spsc_unaligned_65536_cross-core_paced_itch,0,queue,402773,409600,112
3,spsc_unaligned_65536_cross-core_paced_itch,0,queue,409600,416427,89
3,spsc_unaligned_65536_cross-core_paced_itch,0,queue,416427,423253,189
3,spsc_unaligned_65536_cross-core_paced_itch,0,queue,423253,430080,295
3,spsc_unaligned_65536_cross-core_paced_itch,0,queue,430080,436907,180
3,spsc_unaligned_65536_cross-core_paced_itch,0,queue,436907,450560,215
3,spsc_unaligned_65536_cross-core_paced_itch,0,queue,450560,464213,106
3,spsc_unaligned_65536_cross-core_paced_itch,0,queue,464213,477867,118
3,spsc_unaligned_65536_cross-core_paced_itch,0,queue,477867,491520,121
3,spsc_unaligned_65536_cross-core_paced_itch,0,queue,491520,505173,162
3,spsc_unaligned_65536_cross-core_paced_itch,0,queue,505173,518827,121
3,spsc_unaligned_65536_cross-core_paced_itch,0,queue,518827,532480,217
3,spsc_unaligned_65536_cross-core_paced_itch,0,queue,532480,546133,385
3,spsc_unaligned_65536_cross-core_paced_itch,0,queue,546133,559787,300
3,spsc_unaligned_65536_cross-core_paced_itch,0,queue,559787,573440,174
3,spsc_unaligned_65536_cross-core_paced_itch,0,queue,573440,587093,70
3,spsc_unaligned_65536_cross-core_paced_itch,0,queue,587093,600747,32
3,spsc_unaligned_65536_cross-core_paced_itch,0,queue,600747,614400,30
3,spsc_unaligned_65536_cross-core_paced_itch,0,queue,614400,628053,39
3,spsc_unaligned_65536_cross-core_paced_itch,0,queue,628053,641707,65
3,spsc_unaligned_65536_cross-core_paced_itch,0,queue,641707,655360,45
3,spsc_unaligned_65536_cross-core_paced_itch,0,queue,655360,669013,122
3,spsc_unaligned_65536_cross-core_paced_itch,0,queue,669013,682667,74
3,spsc_unaligned_65536_cross-core_paced_itch,0,queue,682667,696320,26
3,spsc_unaligned_65536_cross-core_paced_itch,0,queue,696320,709973,35
3,spsc_unaligned_65536_cross-core_paced_itch,0,queue,709973,723627,50
3,spsc_unaligned_65536_cross-core_paced_itch,0,queue,723627,737280,47
3,spsc_unaligned_65536_cross-core_paced_itch,0,queue,737280,750933,163
3,spsc_unaligned_65536_cross-core_paced_itch,0,queue,750933,764587,123
3,spsc_unaligned_65536_cross-core_paced_itch,0,queue,764587,778240,79
3,spsc_unaligned_65536_cross-core_paced_itch,0,queue,778240,791893,130
3,spsc_unaligned_65536_cross-core_paced_itch,0,queue,791893,805547,109
3,spsc_unaligned_65536_cross-core_paced_itch,0,queue,805547,819200,64
3,spsc_unaligned_65536_cross-core_paced_itch,0,queue,819200,832853,104
3,spsc_unaligned_65536_cross-core_paced_itch,0,queue,832853,846507,38
3,spsc_unaligned_65536_cross-core_paced_itch,0,queue,846507,860160,65
3,spsc_unaligned_65536_cross-core_paced_itch,0,queue,860160,873813,45
3,spsc_unaligned_65536_cross-core_paced_itch,0,queue,873813,901120,119
3,spsc_unaligned_65536_cross-core_paced_itch,0,queue,901120,928427,211
3,spsc_unaligned_65536_cross-core_paced_itch,0,queue,928427,955733,196
3,spsc_unaligned_65536_cross-core_paced_itch,0,queue,955733,983040,101
3,spsc_unaligned_65536_cross-core_paced_itch,0,queue,983040,1.01035e+06,137
3,spsc_unaligned_65536_cross-core_paced_itch,0,queue,1.01035e+06,1.03765e+06,262
3,spsc_unaligned_65536_cross-core_paced_itch,0,queue,1.03765e+06,1.06496e+06,162
3,spsc_unaligned_65536_cross-core_paced_itch,0,queue,1.06496e+06,1.09227e+06,249
3,spsc_unaligned_65536_cross-core_paced_itch,0,queue,1.09227e+06,1.11957e+06,283
3,spsc_unaligned_65536_cross-core_paced_itch,0,queue,1.11957e+06,1.14688e+06,313
3,spsc_unaligned_65536_cross-core_paced_itch,0,queue,1.14688e+06,1.17419e+06,403
3,spsc_unaligned_65536_cross-core_paced_itch,0,queue,1.17419e+06,1.20149e+06,225
3,spsc_unaligned_65536_cross-core_paced_itch,0,queue,1.20149e+06,1.2288e+06,164
3,spsc_unaligned_65536_cross-core_paced_itch,0,queue,1.2288e+06,1.25611e+06,429
3,spsc_unaligned_65536_cross-core_paced_itch,0,queue,1.25611e+06,1.28341e+06,117
3,spsc_unaligned_65536_cross-core_paced_itch,0,queue,1.28341e+06,1.31072e+06,229
3,spsc_unaligned_65536_cross-core_paced_itch,0,queue,1.31072e+06,1.33803e+06,158
3,spsc_unaligned_65536_cross-core_paced_itch,0,queue,1.33803e+06,1.36533e+06,79
3,spsc_unaligned_65536_cross-core_paced_itch,0,queue,1.36533e+06,1.39264e+06,108
3,spsc_unaligned_65536_cross-core_paced_itch,0,queue,1.39264e+06,1.41995e+06,154
3,spsc_unaligned_65536_cross-core_paced_itch,0,queue,1.41995e+06,1.44725e+06,227
3,spsc_unaligned_65536_cross-core_paced_itch,0,queue,1.44725e+06,1.47456e+06,145
3,spsc_unaligned_65536_cross-core_paced_itch,0,queue,1.47456e+06,1.50187e+06,145
3,spsc_unaligned_65536_cross-core_paced_itch,0,queue,1.50187e+06,1.52917e+06,93
3,spsc_unaligned_65536_cross-core_paced_itch,0,queue,1.52917e+06,1.55648e+06,114
3,spsc_unaligned_65536_cross-core_paced_itch,0,queue,1.55648e+06,1.58379e+06,71
3,spsc_unaligned_65536_cross-core_paced_itch,0,queue,1.58379e+06,1.61109e+06,63
3,spsc_unaligned_65536_cross-core_paced_itch,0,queue,1.61109e+06,1.6384e+06,207
3,spsc_unaligned_65536_cross-core_paced_itch,0,queue,1.6384e+06,1.66571e+06,212
3,spsc_unaligned_65536_cross-core_paced_itch,0,queue,1.66571e+06,1.69301e+06,538
3,spsc_unaligned_65536_cross-core_paced_itch,0,queue,1.69301e+06,1.72032e+06,230
3,spsc_unaligned_65536_cross-core_paced_itch,0,queue,1.72032e+06,1.74763e+06,372
3,spsc_unaligned_65536_cross-core_paced_itch,0,queue,1.74763e+06,1.80224e+06,680
3,spsc_unaligned_65536_cross-core_paced_itch,0,queue,1.80224e+06,1.85685e+06,286
3,spsc_unaligned_65536_cross-core_paced_itch,0,queue,1.85685e+06,1.91147e+06,64
3,spsc_unaligned_65536_cross-core_paced_itch,0,queue,1.91147e+06,1.96608e+06,446
3,spsc_unaligned_65536_cross-core_paced_itch,0,queue,1.96608e+06,2.02069e+06,198
3,spsc_unaligned_65536_cross-core_paced_itch,0,queue,2.02069e+06,2.07531e+06,286
3,spsc_unaligned_65536_cross-core_paced_itch,0,queue,2.07531e+06,2.12992e+06,666
3,spsc_unaligned_65536_cross-core_paced_itch,0,queue,2.12992e+06,2.18453e+06,303
3,spsc_unaligned_65536_cross-core_paced_itch,0,book,6.66667,7.08333,20
3,spsc_unaligned_65536_cross-core_paced_itch,0,book,7.5,7.91667,266
3,spsc_unaligned_65536_cross-core_paced_itch,0,book,8.33333,8.75,358
3,spsc_unaligned_65536_cross-core_paced_itch,0,book,9.16667,9.58333,406
3,spsc_unaligned_65536_cross-core_paced_itch,0,book,10,10.4167,1276
3,spsc_unaligned_65536_cross-core_paced_itch,0,book,10.8333,11.25,325
3,spsc_unaligned_65536_cross-core_paced_itch,0,book,11.6667,12.0833,193
3,spsc_unaligned_65536_cross-core_paced_itch,0,book,12.5,12.9167,346
3,spsc_unaligned_65536_cross-core_paced_itch,0,book,13.3333,13.75,588
3,spsc_unaligned_65536_cross-core_paced_itch,0,book,14.1667,14.5833,1267
3,spsc_unaligned_65536_cross-core_paced_itch,0,book,15,15.4167,1587
3,spsc_unaligned_65536_cross-core_paced_itch,0,book,15.8333,16.25,1744
3,spsc_unaligned_65536_cross-core_paced_itch,0,book,16.6667,17.0833,1182
3,spsc_unaligned_65536_cross-core_paced_itch,0,book,17.5,17.9167,854
3,spsc_unaligned_65536_cross-core_paced_itch,0,book,18.3333,18.75,752
3,spsc_unaligned_65536_cross-core_paced_itch,0,book,19.1667,19.5833,763
3,spsc_unaligned_65536_cross-core_paced_itch,0,book,20,20.4167,1112
3,spsc_unaligned_65536_cross-core_paced_itch,0,book,20.8333,21.25,975
3,spsc_unaligned_65536_cross-core_paced_itch,0,book,21.6667,22.0833,868
3,spsc_unaligned_65536_cross-core_paced_itch,0,book,22.5,22.9167,593
3,spsc_unaligned_65536_cross-core_paced_itch,0,book,23.3333,23.75,445
3,spsc_unaligned_65536_cross-core_paced_itch,0,book,24.1667,24.5833,465
3,spsc_unaligned_65536_cross-core_paced_itch,0,book,25,25.4167,416
3,spsc_unaligned_65536_cross-core_paced_itch,0,book,25.8333,26.25,511
3,spsc_unaligned_65536_cross-core_paced_itch,0,book,26.6667,27.5,471
3,spsc_unaligned_65536_cross-core_paced_itch,0,book,27.5,28.3333,568
3,spsc_unaligned_65536_cross-core_paced_itch,0,book,28.3333,29.1667,700
3,spsc_unaligned_65536_cross-core_paced_itch,0,book,29.1667,30,680
3,spsc_unaligned_65536_cross-core_paced_itch,0,book,30,30.8333,838
3,spsc_unaligned_65536_cross-core_paced_itch,0,book,30.8333,31.6667,730
3,spsc_unaligned_65536_cross-core_paced_itch,0,book,31.6667,32.5,822
3,spsc_unaligned_65536_cross-core_paced_itch,0,book,32.5,33.3333,961
3,spsc_unaligned_65536_cross-core_paced_itch,0,book,33.3333,34.1667,990
3,spsc_unaligned_65536_cross-core_paced_itch,0,book,34.1667,35,1114
3,spsc_unaligned_65536_cross-core_paced_itch,0,book,35,35.8333,1076
3,spsc_unaligned_65536_cross-core_paced_itch,0,book,35.8333,36.6667,1216
3,spsc_unaligned_65536_cross-core_paced_itch,0,book,36.6667,37.5,1324
3,spsc_unaligned_65536_cross-core_paced_itch,0,book,37.5,38.3333,1338
3,spsc_unaligned_65536_cross-core_paced_itch,0,book,38.3333,39.1667,1399
3,spsc_unaligned_65536_cross-core_paced_itch,0,book,39.1667,40,1284
3,spsc_unaligned_65536_cross-core_paced_itch,0,book,40,40.8333,1468
3,spsc_unaligned_65536_cross-core_paced_itch,0,book,40.8333,41.6667,1272
3,spsc_unaligned_65536_cross-core_paced_itch,0,book,41.6667,42.5,1434
3,spsc_unaligned_65536_cross-core_paced_itch,0,book,42.5,43.3333,1392
3,spsc_unaligned_65536_cross-core_paced_itch,0,book,43.3333,44.1667,1381
3,spsc_unaligned_65536_cross-core_paced_itch,0,book,44.1667,45,1452
3,spsc_unaligned_65536_cross-core_paced_itch,0,book,45,45.8333,1415
3,spsc_unaligned_65536_cross-core_paced_itch,0,book,45.8333,46.6667,1707
3,spsc_unaligned_65536_cross-core_paced_itch,0,book,46.6667,47.5,1576
3,spsc_unaligned_65536_cross-core_paced_itch,0,book,47.5,48.3333,1609
3,spsc_unaligned_65536_cross-core_paced_itch,0,book,48.3333,49.1667,1801
3,spsc_unaligned_65536_cross-core_paced_itch,0,book,49.1667,50,1722
3,spsc_unaligned_65536_cross-core_paced_itch,0,book,50,50.8333,1960
3,spsc_unaligned_65536_cross-core_paced_itch,0,book,50.8333,51.6667,1743
3,spsc_unaligned_65536_cross-core_paced_itch,0,book,51.6667,52.5,1825
3,spsc_unaligned_65536_cross-core_paced_itch,0,book,52.5,53.3333,1697
3,spsc_unaligned_65536_cross-core_paced_itch,0,book,53.3333,55,3303
3,spsc_unaligned_65536_cross-core_paced_itch,0,book,55,56.6667,3146
3,spsc_unaligned_65536_cross-core_paced_itch,0,book,56.6667,58.3333,2822
3,spsc_unaligned_65536_cross-core_paced_itch,0,book,58.3333,60,2757
3,spsc_unaligned_65536_cross-core_paced_itch,0,book,60,61.6667,2809
3,spsc_unaligned_65536_cross-core_paced_itch,0,book,61.6667,63.3333,2926
3,spsc_unaligned_65536_cross-core_paced_itch,0,book,63.3333,65,2660
3,spsc_unaligned_65536_cross-core_paced_itch,0,book,65,66.6667,2605
3,spsc_unaligned_65536_cross-core_paced_itch,0,book,66.6667,68.3333,2170
3,spsc_unaligned_65536_cross-core_paced_itch,0,book,68.3333,70,2207
3,spsc_unaligned_65536_cross-core_paced_itch,0,book,70,71.6667,1985
3,spsc_unaligned_65536_cross-core_paced_itch,0,book,71.6667,73.3333,1912
3,spsc_unaligned_65536_cross-core_paced_itch,0,book,73.3333,75,1736
3,spsc_unaligned_65536_cross-core_paced_itch,0,book,75,76.6667,1628
3,spsc_unaligned_65536_cross-core_paced_itch,0,book,76.6667,78.3333,1591
3,spsc_unaligned_65536_cross-core_paced_itch,0,book,78.3333,80,1512
3,spsc_unaligned_65536_cross-core_paced_itch,0,book,80,81.6667,1555
3,spsc_unaligned_65536_cross-core_paced_itch,0,book,81.6667,83.3333,1574
3,spsc_unaligned_65536_cross-core_paced_itch,0,book,83.3333,85,1482
3,spsc_unaligned_65536_cross-core_paced_itch,0,book,85,86.6667,1455
3,spsc_unaligned_65536_cross-core_paced_itch,0,book,86.6667,88.3333,1386
3,spsc_unaligned_65536_cross-core_paced_itch,0,book,88.3333,90,1325
3,spsc_unaligned_65536_cross-core_paced_itch,0,book,90,91.6667,1346
3,spsc_unaligned_65536_cross-core_paced_itch,0,book,91.6667,93.3333,1357
3,spsc_unaligned_65536_cross-core_paced_itch,0,book,93.3333,95,1285
3,spsc_unaligned_65536_cross-core_paced_itch,0,book,95,96.6666,1299
3,spsc_unaligned_65536_cross-core_paced_itch,0,book,96.6666,98.3333,1214
3,spsc_unaligned_65536_cross-core_paced_itch,0,book,98.3333,100,1156
3,spsc_unaligned_65536_cross-core_paced_itch,0,book,100,101.667,1174
3,spsc_unaligned_65536_cross-core_paced_itch,0,book,101.667,103.333,1151
3,spsc_unaligned_65536_cross-core_paced_itch,0,book,103.333,105,1098
3,spsc_unaligned_65536_cross-core_paced_itch,0,book,105,106.667,1111
3,spsc_unaligned_65536_cross-core_paced_itch,0,book,106.667,110,2171
3,spsc_unaligned_65536_cross-core_paced_itch,0,book,110,113.333,2787
3,spsc_unaligned_65536_cross-core_paced_itch,0,book,113.333,116.667,4356
3,spsc_unaligned_65536_cross-core_paced_itch,0,book,116.667,120,5855
3,spsc_unaligned_65536_cross-core_paced_itch,0,book,120,123.333,5341
3,spsc_unaligned_65536_cross-core_paced_itch,0,book,123.333,126.667,5865
3,spsc_unaligned_65536_cross-core_paced_itch,0,book,126.667,130,8769
3,spsc_unaligned_65536_cross-core_paced_itch,0,book,130,133.333,10445
3,spsc_unaligned_65536_cross-core_paced_itch,0,book,133.333,136.667,8213
3,spsc_unaligned_65536_cross-core_paced_itch,0,book,136.667,140,6792
3,spsc_unaligned_65536_cross-core_paced_itch,0,book,140,143.333,7407
3,spsc_unaligned_65536_cross-core_paced_itch,0,book,143.333,146.667,6956
3,spsc_unaligned_65536_cross-core_paced_itch,0,book,146.667,150,5152
3,spsc_unaligned_65536_cross-core_paced_itch,0,book,150,153.333,4396
3,spsc_unaligned_65536_cross-core_paced_itch,0,book,153.333,156.667,3251
3,spsc_unaligned_65536_cross-core_paced_itch,0,book,156.667,160,2564
3,spsc_unaligned_65536_cross-core_paced_itch,0,book,160,163.333,2402
3,spsc_unaligned_65536_cross-core_paced_itch,0,book,163.333,166.667,2321
3,spsc_unaligned_65536_cross-core_paced_itch,0,book,166.667,170,2121
3,spsc_unaligned_65536_cross-core_paced_itch,0,book,170,173.333,2047
3,spsc_unaligned_65536_cross-core_paced_itch,0,book,173.333,176.667,1846
3,spsc_unaligned_65536_cross-core_paced_itch,0,book,176.667,180,1699
3,spsc_unaligned_65536_cross-core_paced_itch,0,book,180,183.333,1600
3,spsc_unaligned_65536_cross-core_paced_itch,0,book,183.333,186.667,1571
3,spsc_unaligned_65536_cross-core_paced_itch,0,book,186.667,190,1400
3,spsc_unaligned_65536_cross-core_paced_itch,0,book,190,193.333,1363
3,spsc_unaligned_65536_cross-core_paced_itch,0,book,193.333,196.667,1256
3,spsc_unaligned_65536_cross-core_paced_itch,0,book,196.667,200,1212
3,spsc_unaligned_65536_cross-core_paced_itch,0,book,200,203.333,1260
3,spsc_unaligned_65536_cross-core_paced_itch,0,book,203.333,206.667,1144
3,spsc_unaligned_65536_cross-core_paced_itch,0,book,206.667,210,1101
3,spsc_unaligned_65536_cross-core_paced_itch,0,book,210,213.333,1072
3,spsc_unaligned_65536_cross-core_paced_itch,0,book,213.333,220,2066
3,spsc_unaligned_65536_cross-core_paced_itch,0,book,220,226.667,1984
3,spsc_unaligned_65536_cross-core_paced_itch,0,book,226.667,233.333,1724
3,spsc_unaligned_65536_cross-core_paced_itch,0,book,233.333,240,1596
3,spsc_unaligned_65536_cross-core_paced_itch,0,book,240,246.667,1414
3,spsc_unaligned_65536_cross-core_paced_itch,0,book,246.667,253.333,1292
3,spsc_unaligned_65536_cross-core_paced_itch,0,book,253.333,260,1194
3,spsc_unaligned_65536_cross-core_paced_itch,0,book,260,266.667,1101
3,spsc_unaligned_65536_cross-core_paced_itch,0,book,266.667,273.333,1036
3,spsc_unaligned_65536_cross-core_paced_itch,0,book,273.333,280,937
3,spsc_unaligned_65536_cross-core_paced_itch,0,book,280,286.667,876
3,spsc_unaligned_65536_cross-core_paced_itch,0,book,286.667,293.333,818
3,spsc_unaligned_65536_cross-core_paced_itch,0,book,293.333,300,760
3,spsc_unaligned_65536_cross-core_paced_itch,0,book,300,306.667,744
3,spsc_unaligned_65536_cross-core_paced_itch,0,book,306.667,313.333,715
3,spsc_unaligned_65536_cross-core_paced_itch,0,book,313.333,320,665
3,spsc_unaligned_65536_cross-core_paced_itch,0,book,320,326.667,637
3,spsc_unaligned_65536_cross-core_paced_itch,0,book,326.667,333.333,610
3,spsc_unaligned_65536_cross-core_paced_itch,0,book,333.333,340,611
3,spsc_unaligned_65536_cross-core_paced_itch,0,book,340,346.667,545
3,spsc_unaligned_65536_cross-core_paced_itch,0,book,346.667,353.333,540
3,spsc_unaligned_65536_cross-core_paced_itch,0,book,353.333,360,488
3,spsc_unaligned_65536_cross-core_paced_itch,0,book,360,366.667,493
3,spsc_unaligned_65536_cross-core_paced_itch,0,book,366.667,373.333,440
3,spsc_unaligned_65536_cross-core_paced_itch,0,book,373.333,380,412
3,spsc_unaligned_65536_cross-core_paced_itch,0,book,380,386.667,356
3,spsc_unaligned_65536_cross-core_paced_itch,0,book,386.667,393.333,272
3,spsc_unaligned_65536_cross-core_paced_itch,0,book,393.333,400,299
3,spsc_unaligned_65536_cross-core_paced_itch,0,book,400,406.667,290
3,spsc_unaligned_65536_cross-core_paced_itch,0,book,406.667,413.333,273
3,spsc_unaligned_65536_cross-core_paced_itch,0,book,413.333,420,239
3,spsc_unaligned_65536_cross-core_paced_itch,0,book,420,426.667,224
3,spsc_unaligned_65536_cross-core_paced_itch,0,book,426.667,440,266
3,spsc_unaligned_65536_cross-core_paced_itch,0,book,440,453.333,250
3,spsc_unaligned_65536_cross-core_paced_itch,0,book,453.333,466.667,166
3,spsc_unaligned_65536_cross-core_paced_itch,0,book,466.667,480,161
3,spsc_unaligned_65536_cross-core_paced_itch,0,book,480,493.333,119
3,spsc_unaligned_65536_cross-core_paced_itch,0,book,493.333,506.667,107
3,spsc_unaligned_65536_cross-core_paced_itch,0,book,506.667,520,88
3,spsc_unaligned_65536_cross-core_paced_itch,0,book,520,533.333,78
3,spsc_unaligned_65536_cross-core_paced_itch,0,book,533.333,546.667,68
3,spsc_unaligned_65536_cross-core_paced_itch,0,book,546.667,560,55
3,spsc_unaligned_65536_cross-core_paced_itch,0,book,560,573.333,37
3,spsc_unaligned_65536_cross-core_paced_itch,0,book,573.333,586.667,42
3,spsc_unaligned_65536_cross-core_paced_itch,0,book,586.667,600,40
3,spsc_unaligned_65536_cross-core_paced_itch,0,book,600,613.333,29
3,spsc_unaligned_65536_cross-core_paced_itch,0,book,613.333,626.667,17
3,spsc_unaligned_65536_cross-core_paced_itch,0,book,626.667,640,28
3,spsc_unaligned_65536_cross-core_paced_itch,0,book,640,653.333,34
3,spsc_unaligned_65536_cross-core_paced_itch,0,book,653.333,666.667,30
3,spsc_unaligned_65536_cross-core_paced_itch,0,book,666.667,680,61
3,spsc_unaligned_65536_cross-core_paced_itch,0,book,680,693.333,40
3,spsc_unaligned_65536_cross-core_paced_itch,0,book,693.333,706.667,51
3,spsc_unaligned_65536_cross-core_paced_itch,0,book,706.667,720,52
3,spsc_unaligned_65536_cross-core_paced_itch,0,book,720,733.333,46
3,spsc_unaligned_65536_cross-core_paced_itch,0,book,733.333,746.667,44
3,spsc_unaligned_65536_cross-core_paced_itch,0,book,746.667,760,59
3,spsc_unaligned_65536_cross-core_paced_itch,0,book,760,773.333,48
3,spsc_unaligned_65536_cross-core_paced_itch,0,book,773.333,786.667,39
3,spsc_unaligned_65536_cross-core_paced_itch,0,book,786.667,800,46
3,spsc_unaligned_65536_cross-core_paced_itch,0,book,800,813.333,54
3,spsc_unaligned_65536_cross-core_paced_itch,0,book,813.333,826.667,28
3,spsc_unaligned_65536_cross-core_paced_itch,0,book,826.667,840,45
3,spsc_unaligned_65536_cross-core_paced_itch,0,book,840,853.333,22
3,spsc_unaligned_65536_cross-core_paced_itch,0,book,853.333,880,44
3,spsc_unaligned_65536_cross-core_paced_itch,0,book,880,906.667,46
3,spsc_unaligned_65536_cross-core_paced_itch,0,book,906.667,933.333,30
3,spsc_unaligned_65536_cross-core_paced_itch,0,book,933.333,960,21
3,spsc_unaligned_65536_cross-core_paced_itch,0,book,960,986.666,22
3,spsc_unaligned_65536_cross-core_paced_itch,0,book,986.666,1013.33,16
3,spsc_unaligned_65536_cross-core_paced_itch,0,book,1013.33,1040,9
3,spsc_unaligned_65536_cross-core_paced_itch,0,book,1040,1066.67,6
3,spsc_unaligned_65536_cross-core_paced_itch,0,book,1066.67,1093.33,11
3,spsc_unaligned_65536_cross-core_paced_itch,0,book,1093.33,1120,7
3,spsc_unaligned_65536_cross-core_paced_itch,0,book,1120,1146.67,4
3,spsc_unaligned_65536_cross-core_paced_itch,0,book,1146.67,1173.33,2
3,spsc_unaligned_65536_cross-core_paced_itch,0,book,1173.33,1200,5
3,spsc_unaligned_65536_cross-core_paced_itch,0,book,1200,1226.67,2
3,spsc_unaligned_65536_cross-core_paced_itch,0,book,1226.67,1253.33,3
3,spsc_unaligned_65536_cross-core_paced_itch,0,book,1253.33,1280,3
3,spsc_unaligned_65536_cross-core_paced_itch,0,book,1280,1306.67,3
3,spsc_unaligned_65536_cross-core_paced_itch,0,book,1306.67,1333.33,1
3,spsc_unaligned_65536_cross-core_paced_itch,0,book,1333.33,1360,4
3,spsc_unaligned_65536_cross-core_paced_itch,0,book,1360,1386.67,2
3,spsc_unaligned_65536_cross-core_paced_itch,0,book,1386.67,1413.33,6
3,spsc_unaligned_65536_cross-core_paced_itch,0,book,1413.33,1440,6
3,spsc_unaligned_65536_cross-core_paced_itch,0,book,1440,1466.67,6
3,spsc_unaligned_65536_cross-core_paced_itch,0,book,1466.67,1493.33,9
3,spsc_unaligned_65536_cross-core_paced_itch,0,book,1493.33,1520,10
3,spsc_unaligned_65536_cross-core_paced_itch,0,book,1520,1546.67,2
3,spsc_unaligned_65536_cross-core_paced_itch,0,book,1546.67,1573.33,8
3,spsc_unaligned_65536_cross-core_paced_itch,0,book,1573.33,1600,10
3,spsc_unaligned_65536_cross-core_paced_itch,0,book,1600,1626.67,8
3,spsc_unaligned_65536_cross-core_paced_itch,0,book,1626.67,1653.33,6
3,spsc_unaligned_65536_cross-core_paced_itch,0,book,1653.33,1680,3
3,spsc_unaligned_65536_cross-core_paced_itch,0,book,1680,1706.67,6
3,spsc_unaligned_65536_cross-core_paced_itch,0,book,1706.67,1760,17
3,spsc_unaligned_65536_cross-core_paced_itch,0,book,1760,1813.33,7
3,spsc_unaligned_65536_cross-core_paced_itch,0,book,1813.33,1866.67,8
3,spsc_unaligned_65536_cross-core_paced_itch,0,book,1866.67,1920,3
3,spsc_unaligned_65536_cross-core_paced_itch,0,book,1920,1973.33,5
3,spsc_unaligned_65536_cross-core_paced_itch,0,book,1973.33,2026.67,5
3,spsc_unaligned_65536_cross-core_paced_itch,0,book,2026.67,2080,2
3,spsc_unaligned_65536_cross-core_paced_itch,0,book,2080,2133.33,4
3,spsc_unaligned_65536_cross-core_paced_itch,0,book,2133.33,2186.67,2
3,spsc_unaligned_65536_cross-core_paced_itch,0,book,2186.67,2240,1
3,spsc_unaligned_65536_cross-core_paced_itch,0,book,2240,2293.33,1
3,spsc_unaligned_65536_cross-core_paced_itch,0,book,2293.33,2346.67,1
3,spsc_unaligned_65536_cross-core_paced_itch,0,book,2346.67,2400,1
3,spsc_unaligned_65536_cross-core_paced_itch,0,book,2400,2453.33,3
3,spsc_unaligned_65536_cross-core_paced_itch,0,book,2773.33,2826.67,2
3,spsc_unaligned_65536_cross-core_paced_itch,0,book,2880,2933.33,2
3,spsc_unaligned_65536_cross-core_paced_itch,0,book,2933.33,2986.67,1
3,spsc_unaligned_65536_cross-core_paced_itch,0,book,2986.67,3040,1
3,spsc_unaligned_65536_cross-core_paced_itch,0,book,3040,3093.33,1
3,spsc_unaligned_65536_cross-core_paced_itch,0,book,3093.33,3146.67,2
3,spsc_unaligned_65536_cross-core_paced_itch,0,book,3146.67,3200,1
3,spsc_unaligned_65536_cross-core_paced_itch,0,book,3306.67,3360,1
3,spsc_unaligned_65536_cross-core_paced_itch,0,book,3360,3413.33,2
3,spsc_unaligned_65536_cross-core_paced_itch,0,book,3520,3626.67,2
3,spsc_unaligned_65536_cross-core_paced_itch,0,book,3626.67,3733.33,1
3,spsc_unaligned_65536_cross-core_paced_itch,0,book,3946.67,4053.33,1
3,spsc_unaligned_65536_cross-core_paced_itch,0,book,4373.33,4480,1
3,spsc_unaligned_65536_cross-core_paced_itch,0,book,4586.67,4693.33,3
3,spsc_unaligned_65536_cross-core_paced_itch,0,book,4800,4906.67,1
3,spsc_unaligned_65536_cross-core_paced_itch,0,book,5013.33,5120,1
3,spsc_unaligned_65536_cross-core_paced_itch,0,book,5226.67,5333.33,1
3,spsc_unaligned_65536_cross-core_paced_itch,0,book,8960,9173.33,1
